time_ms,displacement_mm,velocity_m_s,acceleration_m_s2,contact_force_N,plastic_tip_offset_mm
0.0,0.0,3.0,-0.0,0.0,0.0
0.025162595006523104,0.07548701670493847,2.999916725589565,-7.354297081915965,11.031445622873948,0.0
0.05032519001304621,0.15096937701487162,2.9996484021751133,-14.708140516122763,22.062210774184145,0.0
0.0754877850195693,0.22644242482202254,2.9991950463080985,-22.061076682894367,33.09161502434155,0.0
0.10065038002609242,0.30190150459305337,2.9985566859536474,-29.412652018469263,44.118978027703896,0.0
0.12581297503261551,0.37734196165624057,2.997733360488836,-36.76241304302844,55.143619564542654,0.0
0.1509755700391386,0.452759142488597,2.9967251207002588,-44.10990638866813,66.1648595830022,0.0
0.1761381650456617,0.528148395002923,2.9955320287808993,-51.45467882736568,77.18201824104852,0.0
0.20130076005218484,0.6035050688347694,2.9941541583262903,-58.796277298936815,88.19441594840522,0.0
0.22646335505870793,0.678824515629294,2.9925915943299763,-66.13424893898255,99.20137340847383,0.0
0.25162595006523103,0.7541020893279932,2.99084443317827,-73.4681411068239,110.20221166023583,0.0
0.27678854507175416,0.8293331464552934,2.9889127826443076,-80.79750141342298,121.19625212013446,0.0
0.3019511400782772,0.9045130464049826,2.986796761881397,-88.12187774928846,132.1828166239327,0.0
0.32711373508480035,0.9796371517264647,2.984496501415675,-95.44081831236383,143.16122746854575,0.0
0.3522763300913234,1.0547008284108188,2.9820121431380473,-102.75387163589669,154.13080745384502,0.0
0.37743892509784654,1.129699446176648,2.9793438402954444,-110.06058661628725,165.09087992443088,0.0
0.40260152010436967,1.2046283787556953,2.976491757481363,-117.36051254091471,176.04076881137206,0.0
0.42776411511089274,1.279483004178215,2.973456070625714,-124.65319911593912,186.97979867390868,0.0
0.45292671011741586,1.3542593319443055,2.970308359660966,-125.21532691315122,187.82299036972682,0.06900645609163752
0.47808930512393893,1.428956378859306,2.9671560010517677,-125.35801974731207,188.0370296209681,0.14223885502791264
0.5032519001304621,1.5035740545763758,2.9640000536370543,-125.50056095966654,188.25084143949982,0.21539343906425568
0.5284144951369851,1.5781122688446736,2.960840521233976,-125.6429503778096,188.4644255667144,0.28847011971944947
0.5535770901435083,1.6525709315094659,2.9576774076640198,-125.78518782951978,188.67778174427968,0.36146880860650066
0.5787396851500313,1.7269499525122396,2.9545107167530045,-125.92727314275943,188.89090971413916,0.43438941743274967
0.6039022801565544,1.8012492418908093,2.9513404523310753,-126.06920614567493,189.1038092185124,0.5072318579999746
0.6290648751630775,1.875468709779424,2.9481666182326975,-126.21098666659684,189.31647999989525,0.5799960422044989
0.6542274701696007,1.949608266408879,2.9449892182966573,-126.35261453404017,189.52892180106025,0.6526818820372978
0.6793900651761238,2.023667822106623,2.941808256366052,-126.49408957670455,189.74113436505684,0.7252892895841059
0.7045526601826468,2.0976472872968657,2.9386237362882883,-126.63541162347452,189.9531174352118,0.7978181770255205
0.7297152551891699,2.171546572500688,2.9354356619150748,-126.7765805034196,190.16487075512939,0.8702684566371105
0.7548778501956931,2.2453655883361487,2.93224403710242,-126.91759604579454,190.3763940686918,0.9426400407895236
0.7800404452022162,2.3191042455183934,2.929048865710628,-127.05845808003966,190.58768712005948,1.0149328419485866
0.8052030402087393,2.392762454859763,2.92585015160429,-127.19916643578085,190.79874965367128,1.0871467726754198
0.8303656352152623,2.4663401272698997,2.922647898652284,-127.33972094282996,191.00958141424493,1.1592817456265336
0.8555282302217855,2.5398371737558567,2.919442110727767,-127.48012143118484,191.22018214677726,1.2313376735539425
0.8806908252283085,2.6132535054222057,2.916232791708174,-127.62036773102965,191.43055159654446,1.3033144693052654
0.9058534202348317,2.686589033471143,2.913019945475208,-127.76045967273511,191.64068950910266,1.3752120458238313
0.9310160152413547,2.7598436692025965,2.90980357591484,-127.90039708685855,191.8505956302878,1.4470303161487859
0.9561786102478779,2.8330173240143366,2.9065836869173003,-128.04017980414423,192.06026970621633,1.518769193415198
0.981341205254401,2.9061099094020797,2.9033602823770783,-128.17980765552355,192.2697114832853,1.5904285908541613
1.0065038002609241,2.979121336959596,2.900133366192915,-128.31928047211514,192.47892070817272,1.6620084217929028
1.0316663952674472,3.052051518378818,2.8969029422677988,-128.4585980852253,192.68789712783794,1.7335085996548854
1.0568289902739703,3.124900365449945,2.8936690145089603,-128.59776032634784,192.89664048952176,1.804929037959912
1.0819915852804933,3.197667790061553,2.890431586827867,-128.73676702716472,193.10515054074708,1.8762696503242333
1.1071541802870166,3.2703537042006965,2.887190663140223,-128.87561801954584,193.31342702931875,1.9475303504606485
1.1323167752935397,3.3429580199530218,2.8839462473659565,-129.0143131355495,193.52146970332424,2.0187110521786145
1.1574793703000625,3.4154806495028645,2.8806983434292226,-129.1528522074226,193.7292783111339,2.0898116693843427
1.1826419653065858,3.487921505133363,2.8774469552583946,-129.29123506760064,193.93685260140097,2.1608321160809103
1.207804560313109,3.5602804992265633,2.874192086786058,-129.42946154870822,194.14419232306233,2.2317723063683608
1.2329671553196322,3.6325575442635194,2.8709337419490115,-129.56753148355892,194.35129722533839,2.3026321544438084
1.258129750326155,3.7047525528244094,2.867671924688256,-129.7054447051558,194.5581670577337,2.3734115746015436
1.283292345332678,3.7768654375886315,2.8644066389489926,-129.84320104669138,194.76480157003706,2.444110481233134
1.3084549403392014,3.8488961113349154,2.861137888680617,-129.98080034154796,194.97120051232193,2.51472878882753
1.3336175353457245,3.9208444869414225,2.8578656778367173,-130.11824242329774,195.17736363494663,2.585266411971164
1.3587801303522475,3.992710477385858,2.854590010375066,-130.25552712570325,195.38329068855487,2.6557232653480622
1.3839427253587706,4.064493995745573,2.8513108902576154,-130.39265428271707,195.58898142407563,2.726099263739939
1.4091053203652937,4.136194955197666,2.8480283214504953,-130.52962372848265,195.79443559272397,2.7963943220263046
1.434267915371817,4.207813269019097,2.8447423079240064,-130.66643529733398,195.99965294600096,2.8666083551845696
1.4594305103783398,4.279348850586779,2.841452853652616,-130.80308882379603,196.20463323569405,2.9367412782901416
1.484593105384863,4.3508016133776986,2.838159962614952,-130.93958414258503,196.40937621387755,3.006793006516533
1.5097557003913862,4.422171470969007,2.834863638793799,-131.07592108860845,196.61388163291267,3.0767634551354632
1.5349182953979092,4.493458337038133,2.8315638861760957,-131.2120994969654,196.8181492454481,3.1466525395169587
1.5600808904044323,4.564662125362881,2.828260708752926,-131.34811920294666,197.02217880442,3.216460175129457
1.5852434854109554,4.635782749821543,2.824954110519517,-131.48398004203503,197.22597006305256,3.28618627753991
1.6104060804174787,4.706820124392997,2.821644095475233,-131.61968184990545,197.42952277485819,3.3558307624138846
1.6355686754240017,4.777774163156814,2.8183306676235715,-131.75522446242516,197.63283669363776,3.425393545515665
1.6607312704305246,4.848644780293354,2.8150138309721573,-131.89060771565403,197.83591157348104,3.494874542708351
1.685893865437048,4.9194318900838825,2.811693589532737,-132.0258314458446,198.03874716876692,3.5642736699539683
1.711056460443571,4.990135406910669,2.8083699473211774,-132.16089548944237,198.24134323416357,3.6335908433135624
1.736219055450094,5.060755245257084,2.8050429083574575,-132.29579968308605,198.44369952462907,3.702825978947304
1.761381650456617,5.131291319707714,2.801712476665665,-132.4305438636076,198.64581579541138,3.7719789931145873
1.7865442454631402,5.201743544948453,2.798378656273992,-132.56512786803256,198.84769180204884,3.841049802174135
1.8117068404696635,5.272111835766617,2.7950414512147272,-132.6995515335802,199.0493273003703,3.9100383225840996
1.8368694354761865,5.342396107051037,2.7917008655242546,-132.8338146976637,199.25072204649558,3.9789444709021593
1.8620320304827094,5.41259627379217,2.788356903243047,-132.96791719789047,199.4518757968357,4.047768163785622
1.8871946254892327,5.482712251082196,2.7850095684156604,-133.1018588720621,199.65278830809316,4.116509317991531
1.9123572204957557,5.552743954115124,2.7816588650907312,-133.23563955817477,199.85345933726217,4.185167850376755
1.937519815502279,5.6226912981868935,2.778304797320969,-133.3692590944194,200.05388864162907,4.253743677898097
1.962682410508802,5.692554198695476,2.7749473691631525,-133.50271731918176,200.25407597877265,4.322236717612394
1.987845005515325,5.7623325711409805,2.771586584678127,-133.6360140710428,200.4540211065642,4.390646886676613
2.0130076005218482,5.83202633112575,2.768222447930794,-133.7691491887787,200.65372378316803,4.458974102347955
2.0381701955283713,5.901635394354471,2.764854962990112,-133.90212251136117,200.85318376704177,4.527218281983957
2.0633327905348944,5.971159676634268,2.761484133929088,-134.03493387795768,201.0524008169365,4.595379343042581
2.0884953855414174,6.040599093874813,2.758109964824774,-134.16758312793144,201.25137469189715,4.663457203082332
2.1136579805479405,6.109953562088419,2.754732459758263,-134.3000701008419,201.45010515126285,4.731451779762338
2.1388205755544636,6.179222997390151,2.7513516228146817,-134.43239463644466,201.64859195466698,4.799362990842467
2.1639831705609867,6.248407315997917,2.747967458083187,-134.56455657469186,201.8468348620378,4.867190754183414
2.18914576556751,6.317506434232575,2.74457996965696,-134.6965557557323,202.04483363359844,4.934934987746804
2.2143083605740332,6.386520268518036,2.741189161633203,-134.8283920199116,202.2425880298674,5.0025956095952955
2.239470955580556,6.455448735381366,2.737795038113133,-134.96006520777246,202.4400978116587,5.070172537892677
2.2646335505870794,6.524291751452873,2.734397603201977,-135.09157516005482,202.6373627400822,5.137665690903958
2.2897961455936024,6.593049233466229,2.7309968610089665,-135.22292171769604,202.83438257654404,5.205074986995484
2.314958740600125,6.661721098258557,2.727592815647335,-135.35410472183108,203.03115708274663,5.272400344635021
2.3401213356066486,6.730307262770532,2.72418547123431,-135.48512401379284,203.22768602068925,5.33964168239186
2.3652839306131717,6.798807644046488,2.7207748318911094,-135.61597943511205,203.4239691526681,5.406798918936915
2.3904465256196947,6.867222159234514,2.7173609017429365,-135.74667082751782,203.62000624127674,5.473871973042823
2.415609120626218,6.9355507255865545,2.7139436849189744,-135.87719803293754,203.8157970494063,5.540860763584039
2.440771715632741,7.003793260458512,2.7105231855523817,-136.0075608934972,204.01134134024582,5.607765209536938
2.4659343106392644,7.071949681310339,2.707099407780288,-136.13775925152166,204.20663887728247,5.674585229979906
2.491096905645787,7.14001990570615,2.7036723557437874,-136.2677929495346,204.40168942430188,5.741320744093446
2.51625950065231,7.208003851314313,2.700242033587934,-136.39766183025893,204.5964927453884,5.8079716711602725
2.5414220956588336,7.275901435907551,2.6968084454617367,-136.52736573661699,204.79104860492546,5.874537930565408
2.566584690665356,7.343712577363038,2.693371595518157,-136.6569045117305,204.98535676759573,5.941019441796277
2.5917472856718797,7.411437193662509,2.689931487914099,-136.786277998921,205.17941699838153,6.007416124442818
2.616909880678403,7.479075202892348,2.686488126810408,-136.91548604171,205.373229062565,6.0737278981975615
2.6420724756849254,7.54662652324369,2.683041516371865,-137.04452848381897,205.56679272572845,6.139954682855741
2.667235070691449,7.614091073012523,2.67959166076718,-137.1734051691698,205.76010775375468,6.20609639831538
2.692397665697972,7.681468770599782,2.67613856416899,-137.3021159418848,205.9531739128272,6.2721529645773995
2.717560260704495,7.748759534511458,2.6726822307538494,-137.43066064628698,206.14599096943047,6.338124301745709
2.742722855711018,7.8159632833586805,2.6692226647022284,-137.55903912690025,206.33855869035037,6.404010330027299
2.767885450717541,7.883079935857828,2.665759870198508,-137.68725122844947,206.5308768426742,6.469810969732346
2.7930480457240647,7.950109410830627,2.6622938514309737,-137.8152967958608,206.7229451937912,6.535526141274305
2.8182106407305874,8.01705162720424,2.6588246125918107,-137.94317567426182,206.91476351139275,6.601155765170004
2.8433732357371104,8.08390650401137,2.6553521578770987,-138.07088770898176,207.10633156347262,6.666699762039741
2.868535830743634,8.150673960390368,2.6518764914868074,-138.19843274555157,207.29764911832734,6.732158052607384
2.8936984257501566,8.2173539155853,2.64839761762479,-138.3258106297042,207.48871594455628,6.797530557700455
2.9188610207566796,8.283946288946085,2.644915540498782,-138.4530212073748,207.67953181106222,6.862817198250244
2.944023615763203,8.350450999928569,2.641430264320389,-138.58006432470097,207.87009648705146,6.928017895291896
2.969186210769726,8.416867968094623,2.637941793305089,-138.70693982802266,208.06040974203398,6.993132569964498
2.9943488057762493,8.483197113112247,2.6344501316722235,-138.8336475638827,208.25047134582405,7.058161143511188
3.0195114007827724,8.549438354755655,2.630955283644992,-138.9601873790268,208.44028106854017,7.123103537279236
3.0446739957892954,8.615591612905392,2.6274572534504506,-139.08655912040368,208.6298386806055,7.187959672720154
3.0698365907958185,8.681656807548416,2.6239560453195017,-139.2127626351655,208.81914395274822,7.252729471389786
3.0949991858023416,8.747633858778201,2.620451663486893,-139.33879777066778,209.00819665600167,7.317412854948397
3.1201617808088646,8.813522686794832,2.6169441121912094,-139.46466437446978,209.19699656170468,7.382009745160781
3.1453243758153877,8.87932321190509,2.6134333956748703,-139.59036229433454,209.3855434415018,7.446520063896329
3.1704869708219108,8.94503535452257,2.6099195181841224,-139.7158913782291,209.57383706734365,7.510943733129152
3.1956495658284343,9.010659035167762,2.6064024839690374,-139.8412514743248,209.7618772114872,7.575280674938163
3.2208121608349574,9.076194174468158,2.602882297283504,-139.9664424309973,209.94966364649594,7.639530811507179
3.24597475584148,9.141640693158335,2.5993589623852245,-140.09146409682685,210.13719614524027,7.703694065125
3.2711373508480035,9.20699851208006,2.595832483535707,-140.2163163205985,210.32447448089775,7.767770358185515
3.2962999458545266,9.272267552182381,2.5923028650002657,-140.34099895130217,210.51149842695327,7.831759613187789
3.321462540861049,9.33744773452173,2.588770111048009,-140.46551183813298,210.6982677571995,7.895661752736172
3.3466251358675727,9.402538980262007,2.5852342259518384,-140.5898548304913,210.88478224573694,7.959476699540365
3.371787730874096,9.467541210674684,2.5816952139884437,-140.71402777798298,211.07104166697448,8.023204376415539
3.396950325880619,9.532454347138902,2.578153079438296,-140.83803053041964,211.25704579562947,8.086844706282418
3.422112920887142,9.597278311141556,2.574607826585643,-140.96186293781864,211.44279440672796,8.150397612167373
3.447275515893665,9.662013024277398,2.571059459718505,-141.0855248504034,211.6282872756051,8.213863017202513
3.472438110900188,9.726658408249135,2.567507983128668,-141.20901611860359,211.81352417790538,8.277240844625783
3.497600705906711,9.791214384867516,2.5639534011116782,-141.3323365930553,211.99850488958293,8.340531017781059
3.522763300913234,9.855680876051421,2.5603957179668395,-141.4554861246011,212.18322918690163,8.403733460118222
3.5479258959197577,9.920057803827977,2.556834937997206,-141.57846456429039,212.36769684643556,8.466848095193276
3.5730884909262803,9.984345090332623,2.5532710655095783,-141.70127176337948,212.5519076450692,8.529874846668418
3.598251085932804,10.048542657809234,2.5497041048144955,-141.82390757333187,212.73586135999778,8.592813638312156
3.623413680939327,10.112650428610197,2.5461340602262332,-141.94637184581816,212.91955776872726,8.655664393999373
3.6485762759458495,10.176668325196509,2.5425609360627974,-142.06866443271673,213.1029966490751,8.718427037711445
3.673738870952373,10.24059627013786,2.5389847366459177,-142.19078518611332,213.28617777916998,8.7811014935363
3.698901465958896,10.304434186112758,2.5354054663010444,-142.31273395830166,213.4691009374525,8.843687685668552
3.7240640609654188,10.368181995908587,2.5318231293573414,-142.4345106017835,213.65176590267527,8.906185538409561
3.7492266559719423,10.431839622421718,2.5282377301476813,-142.55611496926872,213.83417245390308,8.968594976167532
3.7743892509784653,10.495406988657605,2.5246492730086407,-142.67754691367557,214.01632037051337,9.030915923457616
3.799551845984989,10.558884017730861,2.5210577622804955,-142.79880628813092,214.1982094321964,9.093148304901986
3.8247144409915115,10.622270632865378,2.5174632023072157,-142.91989294597028,214.3798394189554,9.155292045229944
3.8498770359980345,10.685566757394394,2.5138655974364585,-143.04080674073813,214.5612101111072,9.217347069277999
3.875039631004558,10.748772314760599,2.510264952019562,-143.16154752618795,214.7423212892819,9.279313301989964
3.9002022260110807,10.811887228516223,2.506661270411545,-143.28211515628257,214.92317273442384,9.341190668417047
3.925364821017604,10.87491142232314,2.5030545569710974,-143.40250948519417,215.10376422779126,9.402979093717946
3.9505274160241273,10.937844819952938,2.499444816060575,-143.52273036730466,215.28409555095698,9.464678503158924
3.97569001103065,11.000687345287027,2.4958320520459973,-143.64277765720553,215.4641664858083,9.526288822113912
4.000852606037173,11.063438922316736,2.4922162692970384,-143.76265120969848,215.6439768145477,9.58780997606461
4.0260152010436965,11.126099475143388,2.4885974721870254,-143.88235087979515,215.82352631969272,9.64924189060054
4.0511777960502195,11.188668927978403,2.48497566509293,-144.00187652271757,216.00281478407635,9.710584491419185
4.076340391056743,11.251147205143392,2.4813508523953636,-144.12122799389826,216.18184199084737,9.771837704326035
4.101502986063266,11.313534231070237,2.4777230384785756,-144.24040514898041,216.36060772347062,9.833001455234708
4.126665581069789,11.375829930301196,2.4740922277304445,-144.35940784381805,216.53911176572706,9.89407567016702
4.151828176076312,11.438034227488979,2.470458424542472,-144.47823593447615,216.7173539017142,9.955060275253082
4.176990771082835,11.500147047396853,2.4668216333097814,-144.59688927723093,216.8953339158464,10.01595519673139
4.202153366089358,11.562168314898729,2.4631818584311076,-144.71536772857,217.073051592855,10.076760360948917
4.227315961095881,11.624097954979247,2.4595391043087966,-144.83367114519243,217.25050671778865,10.137475694361187
4.252478556102404,11.685935892733879,2.455893375348795,-144.95179938400904,217.42769907601354,10.198101123532396
4.277641151108927,11.747682053369006,2.4522446759606504,-145.0697523021425,217.60462845321373,10.258636575135462
4.30280374611545,11.809336362202012,2.4485930105575027,-145.18752975692757,217.78129463539136,10.319081975952134
4.327966341121973,11.870898744661382,2.444938383556077,-145.3051316059112,217.9576974088668,10.379437252873085
4.353128936128496,11.93236912628679,2.4412807993766834,-145.42255770685279,218.13383656027918,10.439702332897994
4.37829153113502,11.993747432729174,2.437620262443206,-145.53980791772423,218.30971187658633,10.499877143135626
4.4034541261415425,12.055033589750852,2.433956777183102,-145.6568820967102,218.4853231450653,10.559961610803938
4.4286167211480665,12.116227523225586,2.4302903480273956,-145.7737801022083,218.66067015331242,10.619955663230149
4.4537793161545896,12.177329159138687,2.4266209794106692,-145.89050179282916,218.83575268924372,10.679859227850836
4.478941911161112,12.238338423587102,2.4229486757710617,-146.00704702739668,219.01057054109503,10.739672232212028
4.504104506167636,12.299255242779502,2.419273441550262,-146.1234156649483,219.18512349742247,10.799394603969281
4.529267101174159,12.360079543036374,2.415595281193504,-146.23960756473494,219.3594113471024,10.859026270887783
4.554429696180681,12.420811250790106,2.4119141991495594,-146.35562258622124,219.53343387933185,10.918567160842423
4.579592291187205,12.481450292585073,2.4082301998707347,-146.47146058908592,219.70719088362887,10.978017201817881
4.604754886193728,12.541996595077737,2.404543287812866,-146.58712143322168,219.88068214983252,11.037376321908727
4.62991748120025,12.602450085036722,2.40085346743531,-146.7026049787356,220.05390746810338,11.096644449319497
4.655080076206774,12.662810689342919,2.3971607432009425,-146.81791108594908,220.2268666289236,11.15582151236479
4.680242671213297,12.723078334989555,2.3934651195761503,-146.93303961539826,220.3995594230974,11.214907439469334
4.70540526621982,12.7832529490823,2.3897666010308285,-147.04799042783398,220.57198564175098,11.273902159168102
4.730567861226343,12.84333445883934,2.386065192038373,-147.16276338422207,220.74414507633313,11.33280560010638
4.755730456232866,12.903322791591481,2.3823608970756767,-147.27735834574347,220.9160375186152,11.39161769103985
4.7808930512393895,12.963217874782217,2.3786537206231206,-147.3917751737944,221.08766276069161,11.450338360834687
4.8060556462459125,13.023019635967831,2.3749436671645734,-147.50601372998656,221.25902059497983,11.508967538467642
4.831218241252436,13.08272800281748,2.3712307411873828,-147.6200738761472,221.43011081422077,11.567505153026124
4.856380836258959,13.142342903113288,2.367514947182371,-147.73395547431937,221.60093321147906,11.625951133708288
4.881543431265482,13.201864264750427,2.3637962896438287,-147.84765838676222,221.77148758014334,11.684305409823128
4.906706026272005,13.261292015737197,2.3600747730695093,-147.9611824759509,221.94177371392632,11.742567910790552
4.931868621278529,13.320626084195125,2.3563504019606265,-148.0745276045768,222.11179140686517,11.800738566141462
4.957031216285051,13.379866398359049,2.3526231808218445,-148.18769363554784,222.28154045332175,11.858817305517858
4.982193811291574,13.439012886577206,2.348893114161275,-148.30068043198858,222.4510206479829,11.916804058672913
5.007356406298098,13.498065477311311,2.3451602064904726,-148.41348785724034,222.6202317858605,11.974698755471055
5.03251900130462,13.557024099136655,2.3414244623244267,-148.52611577486135,222.78917366229203,12.03250132588806
5.057681596311143,13.615888680742177,2.337685886181558,-148.63856404862702,222.95784607294053,12.090211700011121
5.082844191317667,13.67465915093057,2.333944482583713,-148.75083254253002,223.12624881379503,12.147829808038955
5.108006786324189,13.733335438618342,2.330200256056157,-148.86292112078038,223.2943816811706,12.20535558028187
5.133169381330712,13.79191747283593,2.326453211127571,-148.97482964780596,223.46224447170894,12.262788947161857
5.158331976337236,13.850405182727762,2.3227033523300427,-149.0865579882521,223.62983698237818,12.320129839212672
5.1834945713437595,13.908798497552354,2.3189506841990672,-149.19810600698236,223.79715901047354,12.37737818707992
5.208657166350282,13.967097346682399,2.3151952112735326,-149.30947356907816,223.96421035361726,12.434533921521142
5.233819761356806,14.02530165960484,2.311436938095723,-149.42066053983942,224.1309908097591,12.491596973405887
5.258982356363329,14.083411365920965,2.3076758692113084,-149.53166678478425,224.29750017717637,12.548567273715813
5.284144951369851,14.14142639534649,2.3039120091693395,-149.6424921696495,224.46373825447426,12.60544475354476
5.309307546376375,14.199346677711647,2.300145362522244,-149.75313656039077,224.62970484058616,12.662229344098835
5.334470141382898,14.257172142961258,2.296375933825818,-149.86359982318248,224.79539973477372,12.718920976696493
5.35963273638942,14.314902721154837,2.2926037276392264,-149.9738818244182,224.96082273662734,12.775519582768629
5.384795331395944,14.372538342466653,2.2888287485249896,-150.08398243071076,225.12597364606614,12.832025093858645
5.409957926402467,14.43007893718584,2.285051001048983,-150.19390150889234,225.2908522633385,12.888437441622553
5.43512052140899,14.487524435716455,2.281270489780431,-150.30363892601466,225.45545838902197,12.94475655782904
5.460283116415513,14.544874768577582,2.2774872192919022,-150.41319454934919,225.6197918240238,13.000982374359557
5.485445711422036,14.602129866403406,2.2737011941592997,-150.5225682463873,225.78385236958096,13.057114823208403
5.510608306428559,14.659289659943303,2.269912418961859,-150.63175988484042,225.94763982726062,13.11315383648281
5.535770901435082,14.716354080061917,2.266120898282143,-150.7407693326401,226.11115399896013,13.169099346403021
5.5609334964416055,14.773323057739251,2.2623266367060357,-150.8495964579383,226.27439468690744,13.224951285302367
5.5860960914481295,14.830196524070738,2.258529638822734,-150.9582411291075,226.43736169366124,13.280709585627356
5.611258686454652,14.886974410267346,2.254729909224747,-151.0667032147409,226.60005482211133,13.336374179937755
5.636421281461175,14.943656647655633,2.250927452507885,-151.17498258365245,226.76247387547866,13.391945000906667
5.661583876467699,15.000243167677862,2.247122273271259,-151.28307910487715,226.92461865731573,13.447421981320616
5.686746471474221,15.05673390189206,2.2433143761172727,-151.3909926476712,227.08648897150678,13.502805054079632
5.711909066480744,15.113128781972096,2.239503765651616,-151.49872308151203,227.24808462226804,13.558094152197315
5.737071661487268,15.169427739707793,2.2356904464832605,-151.60627027609857,227.40940541414787,13.61328920880094
5.76223425649379,15.225630707004983,2.2318744232244563,-151.7136341013514,227.57045115202712,13.668390157131517
5.787396851500313,15.281737615885605,2.2280557004907218,-151.8208144274129,227.73122164111936,13.723396930543892
5.812559446506837,15.337748398487781,2.224234282900841,-151.92781112464735,227.89171668697102,13.77830946250681
5.837722041513359,15.393662987065897,2.2204101750768572,-152.03462406364116,228.05193609546174,13.833127686603003
5.862884636519882,15.449481313990681,2.2165833816440683,-152.14125311520297,228.21187967280446,13.887851536529261
5.888047231526406,15.505203311749302,2.21275390723102,-152.24769815036385,228.37154722554578,13.942480946096536
5.9132098265329285,15.560828912945428,2.208921756469501,-152.35395904037748,228.5309385605662,13.997015849229994
5.938372421539452,15.616358050299326,2.2050869339945365,-152.46003565672018,228.69005348508026,14.05145617996911
5.9635350165459755,15.671790656647943,2.2012494444443838,-152.5659278710912,228.8488918066368,14.105801872467753
5.988697611552499,15.727126664944976,2.1974092924605255,-152.67163555541288,229.00745333311932,14.160052860994254
6.013860206559022,15.782366008260944,2.193566482687664,-152.77715858183063,229.16573787274595,14.214209079931479
6.039022801565545,15.837508619783312,2.189721019773719,-152.8824968227133,229.32374523406997,14.268270463776938
6.064185396572068,15.892554432816523,2.185872908369815,-152.98765015065325,229.48147522597986,14.32223694714283
6.089347991578591,15.947503380782095,2.182022153130284,-153.0926184384664,229.63892765769958,14.376108464756136
6.114510586585114,16.002355397218718,2.178168758712652,-153.1974015591925,229.79610233878876,14.429884951458709
6.139673181591637,16.057110415782326,2.1743127297776406,-153.3019993860954,229.95299907914307,14.483566342207341
6.16483577659816,16.111768370246153,2.1704540709891553,-153.40641179266285,230.1096176889943,14.53715257207384
6.189998371604683,16.166329194500857,2.1665927870142836,-153.51063865260707,230.26595797891062,14.59064357624512
6.215160966611206,16.22079282255455,2.162728882523287,-153.61467983986455,230.42201975979683,14.64403929002325
6.240323561617729,16.275159188532918,2.158862362189598,-153.7185352285964,230.5778028428946,14.697339648825574
6.265486156624252,16.3294282266793,2.154993230689813,-153.82220469318852,230.7333070397828,14.75054458818477
6.290648751630775,16.383599871354726,2.1511214927036875,-153.9256881082516,230.8885321623774,14.803654043748914
6.3158113466372985,16.43767405703804,2.1472471529141264,-154.0289853486214,231.0434780229321,14.856667951281572
6.3409739416438216,16.491650718325964,2.1433702160071832,-154.13209628935883,231.19814443403826,14.909586246661892
6.366136536650345,16.545529789933177,2.1394906866720524,-154.2350208057502,231.3525312086253,14.96240886588465
6.391299131656869,16.599311206692384,2.135608569601065,-154.3377587733072,231.5066381599608,15.015135745060341
6.416461726663391,16.65299490355441,2.131723869489681,-154.44031006776723,231.66046510165086,15.067766820415272
6.441624321669915,16.706580815588293,2.127836591036486,-154.54267456509348,231.81401184764022,15.120302028291624
6.466786916676438,16.760068877981308,2.1239467389431814,-154.644852141475,231.9672782122125,15.172741305147522
6.49194951168296,16.813459026039098,2.120054317914584,-154.746842673327,232.1202640099905,15.225084587557118
6.517112106689484,16.86675119518574,2.116159332658617,-154.84864603729088,232.2729690559363,15.27733181221069
6.542274701696007,16.919945320963798,2.112261787886304,-154.9502621102344,232.4253931653516,15.32948291591467
6.567437296702529,16.97304133903445,2.1083616883117666,-155.0516907692519,232.57753615387787,15.381537835591775
6.592599891709053,17.026039185177506,2.1044590386522133,-155.1529318916644,232.7293978374966,15.43349650828105
6.617762486715576,17.07893879529154,2.10055384362794,-155.25398535501972,232.88097803252958,15.485358871137944
6.642925081722098,17.131740105393927,2.0966461079623198,-155.35485103709266,233.032276555639,15.537124861434402
6.668087676728622,17.184443051620946,2.0927358363817987,-155.45552881588515,233.18329322382772,15.58879441655893
6.693250271735145,17.237047570227833,2.0888230336158906,-155.55601856962633,233.3340278544395,15.640367474016662
6.718412866741668,17.289553597588892,2.0849077043971707,-155.6563201767729,233.48448026515936,15.691843971429465
6.743575461748192,17.34196107019755,2.0809898534612685,-155.75643351600903,233.63465027401352,15.743223846535995
6.768738056754715,17.394269924666432,2.077069485546865,-155.85635846624655,233.78453769936982,15.79450703719176
6.793900651761238,17.44648009772744,2.0731466053956864,-155.95609490662528,233.9341423599379,15.845693481369219
6.819063246767761,17.498591526231845,2.069221217752496,-156.05564271651295,234.0834640747694,15.89678311715785
6.844225841774284,17.550604147150334,2.0652933273650893,-156.15500177550544,234.23250266325815,15.947775882764214
6.869388436780807,17.602517897573108,2.0613629389842902,-156.25417196342698,234.38125794514048,15.99867171651203
6.89455103178733,17.654332714709955,2.0574300573639444,-156.3531531603302,234.52972974049533,16.049470556842273
6.919713626793853,17.706048535890332,2.053494687260912,-156.45194524649636,234.67791786974453,16.10017234231323
6.944876221800376,17.757665298563424,2.0495568334350636,-156.55054810243539,234.8258221536531,16.150777011600578
6.970038816806899,17.809182940298218,2.045616500649273,-156.64896160888614,234.97344241332922,16.20128450349743
6.995201411813422,17.860601398783608,2.0416736936694138,-156.74718564681646,235.1207784702247,16.25169475691448
7.020364006819946,17.911920611828442,2.0377284172643506,-156.84522009742338,235.26783014613508,16.30200771088001
7.045526601826468,17.96314051736161,2.033780676205936,-156.94306484213323,235.41459726319985,16.352223304539972
7.0706891968329915,18.014261053432108,2.029830475269003,-157.0407197626018,235.56107964390273,16.402341477158114
7.095851791839515,18.065282158209133,2.0258778192313596,-157.13818474071448,235.7072771110717,16.45236216811598
7.121014386846038,18.116203769982118,2.0219227128737844,-157.23545965858628,235.85318948787943,16.50228531691302
7.146176981852561,18.167025827160867,2.0179651609800193,-157.33254439856236,235.99881659784353,16.552110863166696
7.171339576859085,18.217748268275585,2.014005168336763,-157.42943884321758,236.1441582648264,16.601838746612497
7.196502171865608,18.268371031976958,2.010042739733667,-157.52614287535724,236.28921431303584,16.65146890710404
7.22166476687213,18.318894057036232,2.0060778799633296,-157.62265637801673,236.4339845670251,16.70100128461313
7.246827361878654,18.3693172823453,2.002110593821289,-157.71897923446204,236.57846885169306,16.750435819229864
7.271989956885177,18.419640646916744,1.9981408861060186,-157.81511132818966,236.7226669922845,16.799772451162653
7.297152551891699,18.469864089883945,1.9941687616189203,-157.91105254292685,236.8665788143903,16.849011120738343
7.322315146898223,18.51998755050114,1.9901942251643192,-158.00680276263176,237.01020414394765,16.898151768402258
7.347477741904746,18.570010968143485,1.9862172815494576,-158.10236187149346,237.1535428072402,16.947194334718283
7.372640336911268,18.61993428230715,1.98223793558449,-158.19772975393226,237.2965946308984,16.996138760368932
7.397802931917792,18.669757432609373,1.978256192082475,-158.29290629459976,237.43935944189965,17.044984986155427
7.422965526924315,18.719480358788545,1.9742720558593736,-158.38789137837892,237.5818370675684,17.093732952997755
7.4481281219308375,18.769103000704277,1.970285531734038,-158.48268489038432,237.72402733557647,17.14238260193474
7.4732907169373615,18.81862529833748,1.9662966245282107,-158.57728671596223,237.86593007394333,17.190933874124156
7.4984533119438845,18.868047191790428,1.9623053390665157,-158.6716967406908,238.00754511103622,17.239386710842734
7.523615906950408,18.917368621286826,1.9583116801764529,-158.7659148503801,238.14887227557017,17.287741053486265
7.548778501956931,18.966589527171916,1.9543156526883942,-158.85994093107243,238.28991139660866,17.335996843569685
7.573941096963454,19.0157098499125,1.9503172614355753,-158.95377486904223,238.43066230356337,17.38415402272712
7.599103691969978,19.06472953009705,1.9463165112540914,-159.04741655079644,238.57112482619465,17.432212532711976
7.6242662869765,19.113648508435762,1.9423134069828907,-159.14086586307442,238.71129879461165,17.480172315396985
7.649428881983023,19.162466725760627,1.9383079534637688,-159.23412269284833,238.85118403927248,17.528033312774305
7.674591476989547,19.211184123025507,1.9343001555413628,-159.32718692732305,238.99078039098458,17.57579546695556
7.699754071996069,19.259800641306228,1.9302900180631448,-159.42005845393643,239.13008768090464,17.62345872017195
7.724916667002592,19.3083162218006,1.9262775458794175,-159.51273716035942,239.26910574053915,17.671023014774278
7.750079262009116,19.356730805828537,1.9222627438433066,-159.60522293449623,239.40783440174434,17.71848829323304
7.775241857015638,19.405044334832116,1.9182456168107564,-159.6975156644843,239.54627349672646,17.76585449813851
7.800404452022161,19.45325675037561,1.914226169640524,-159.78961523869464,239.68442285804196,17.813121572200757
7.825567047028685,19.501367994145614,1.910204407194171,-159.88152154573189,239.82228231859784,17.860289458249785
7.850729642035208,19.549378007951102,1.9061803343360604,-159.97323447443443,239.95985171165165,17.90735809923555
7.875892237041731,19.597286733723454,1.9021539559333491,-160.06475391387454,240.0971308708118,17.954327438228056
7.9010548320482545,19.64509411351659,1.8981252768559835,-160.1560797533585,240.23411963003775,18.0011974184174
7.926217427054778,19.69280008950699,1.8940943019766914,-160.24721188242683,240.37081782364024,18.047967983113875
7.9513800220613,19.74040460399378,1.8900610361709784,-160.33815019085424,240.50722528628134,18.09463907574799
7.976542617067824,19.787907599398824,1.886025484317121,-160.4288945686499,240.64334185297483,18.14121063987058
8.001705212074347,19.835309018266763,1.8819876512961602,-160.51944490605757,240.77916735908636,18.187682619152866
8.026867807080869,19.88260880326509,1.8779475419918967,-160.60980109355572,240.9147016403336,18.234054957386522
8.052030402087393,19.92980689718423,1.873905161290884,-160.6999630218576,241.0499445327864,18.280327598483716
8.077192997093917,19.97690324293761,1.869860514082422,-160.78993058191145,241.18489587286717,18.326500486477226
8.102355592100439,20.02389778356173,1.8658136052585534,-160.87970366490057,241.31955549735085,18.37257356552048
8.127518187106961,20.07079046221619,1.861764439714056,-160.9692821622435,241.45392324336524,18.418546779887603
8.152680782113485,20.117581222183833,1.8577130223464366,-161.05866596559412,241.58799894839117,18.464420073973525
8.177843377120007,20.164270006870755,1.8536593580559262,-161.14785496684183,241.72178245026276,18.51019339229404
8.203005972126531,20.210856759806383,1.8496034517454731,-161.2368490581116,241.8552735871674,18.55586667948583
8.228168567133055,20.257341424643574,1.8455453083207374,-161.3256481317642,241.9884721976463,18.601439880306607
8.253331162139578,20.303723945158655,1.8414849326900848,-161.4142520803962,242.12137812059433,18.64691293963512
8.278493757146101,20.350004265251478,1.8374223297645818,-161.50266079684027,242.2539911952604,18.69228580247122
8.303656352152624,20.396182328945528,1.833357504457987,-161.59087417416512,242.38631126124767,18.737558413935975
8.328818947159146,20.442258080387965,1.8292904616867496,-161.67889210567577,242.51833815851364,18.782730719271694
8.35398154216567,20.488231463849694,1.8252212063699984,-161.7667144849136,242.6500717273704,18.827802663842018
8.379144137172194,20.534102423725443,1.82114974342954,-161.85434120565662,242.78151180848494,18.872774193131967
8.404306732178716,20.57987090453382,1.8170760777898496,-161.9417721619194,242.9126582428791,18.91764525274802
8.42946932718524,20.625536850917378,1.8130002143780684,-162.0290072479533,243.04351087192995,18.962415788418177
8.454631922191762,20.67110020764268,1.8089221581239943,-162.11604635824656,243.17406953736983,19.007085745992004
8.479794517198284,20.71656091960039,1.804841913960078,-162.20288938752452,243.30433408128678,19.051655071440738
8.504957112204808,20.761918931805308,1.8007594868214167,-162.28953623074963,243.43430434612443,19.096123710857324
8.530119707211332,20.807174189396452,1.7966748816457472,-162.37598678312165,243.56398017468246,19.140491610456483
8.555282302217854,20.852326637637127,1.7925881033734423,-162.46224094007772,243.69336141011658,19.184758716574795
8.580444897224378,20.89737622191499,1.788499156947501,-162.54829859729264,243.82244789593895,19.228924975670736
8.6056074922309,20.94232288774209,1.7844080473135464,-162.6341596506787,243.95123947601806,19.27299033432476
8.630770087237423,20.987166580754998,1.7803147794198178,-162.71982399638614,244.0797359945792,19.31695473923937
8.655932682243947,21.031907246714805,1.7762193582171637,-162.80529153080303,244.20793729620453,19.360818137239185
8.68109527725047,21.076544831507213,1.772121788659038,-162.89056215055555,244.33584322583332,19.404580475270954
8.706257872256993,21.121079281142606,1.768022075701493,-162.97563575250794,244.46345362876193,19.448241700403695
8.731420467263517,21.16551054175612,1.7639202243031749,-163.06051223376292,244.59076835064437,19.49180175982871
8.75658306227004,21.20983855960768,1.759816239425313,-163.1451914916614,244.7177872374921,19.535260600859647
8.781745657276563,21.254063281082093,1.7557101260317194,-163.22967342378305,244.84451013567457,19.578618170932604
8.806908252283085,21.298184652689113,1.7516018890887808,-163.313957927946,244.97093689191902,19.62187441760615
8.832070847289609,21.342202621063496,1.7474915335654508,-163.3980449022074,245.0970673533111,19.66502928856143
8.857233442296133,21.38611713296505,1.7433790644332479,-163.48193424486314,245.2229013672947,19.70808273160217
8.882396037302655,21.42992813527873,1.7392644866662443,-163.56562585444817,245.34843878167226,19.751034694654795
8.907558632309179,21.47363557501468,1.7351478052410647,-163.64911962973667,245.473679444605,19.793885125768472
8.932721227315701,21.5172393993083,1.7310290251368767,-163.73241546974208,245.59862320461312,19.836633973115156
8.957883822322223,21.56073955542032,1.7269081513353872,-163.81551327371722,245.72326991057582,19.87928118498969
8.983046417328747,21.60413599073685,1.7227851888208352,-163.8984129411544,245.84761941173159,19.921826709809814
9.008209012335271,21.64742865276947,1.7186601425799861,-163.98111437178568,245.97167155767852,19.964270496116306
9.033371607341794,21.69061748915527,1.7145330176021252,-164.0636174655828,246.0954261983742,20.006612492572973
9.058534202348318,21.73370244765689,1.7104038188790527,-164.14592212275747,246.21888318413622,20.04885264796672
9.083696797354841,21.77668347616264,1.7062725514050767,-164.22802824376137,246.34204236564204,20.090990911207648
9.108859392361362,21.819560522686537,1.7021392201770074,-164.30993572928625,246.46490359392936,20.13302723132912
9.134021987367886,21.86233353536834,1.6980038301941507,-164.39164448026415,246.5874667203962,20.174961557487748
9.15918458237441,21.905002462473668,1.693866386458304,-164.47315439786757,246.70973159680136,20.216793838963557
9.184347177380932,21.947567252394002,1.6897268939737464,-164.55446538350944,246.83169807526414,20.258524025159968
9.209509772387456,21.990027853646797,1.6855853577472375,-164.63557733884323,246.95336600826485,20.300152065603882
9.23467236739398,22.032384214875528,1.6814417827880077,-164.71649016576322,247.07473524864483,20.341677909945776
9.2598349624005,22.074636284849745,1.6772961741077526,-164.79720376640455,247.19580564960683,20.38310150795971
9.284997557407024,22.116784012465132,1.6731485367206287,-164.87771804314323,247.31657706471486,20.424422809543426
9.310160152413548,22.158827346743582,1.6689988756432457,-164.95803289859654,247.4370493478948,20.465641764718374
9.33532274742007,22.20076623683325,1.664847195894661,-165.03814823562269,247.55722235343404,20.506758323629818
9.360485342426594,22.242600632008624,1.6606935024963738,-165.11806395732148,247.6770959359822,20.54777243654685
9.385647937433118,22.284330481670565,1.656537800472319,-165.19777996703394,247.7966699505509,20.58868405386248
9.41081053243964,22.32595573534641,1.6523800948488605,-165.27729616834282,247.9159442525142,20.6294931260937
9.435973127446163,22.367476342689983,1.6482203906547852,-165.35661246507237,248.03491869760856,20.670199603881514
9.461135722452687,22.40889225348168,1.6440586929212988,-165.4357287612888,248.15359314193321,20.710803437991025
9.486298317459209,22.450203417628536,1.6398950066820166,-165.51464496130015,248.2719674419502,20.751304579311473
9.511460912465733,22.49140978516428,1.63572933697296,-165.59336096965637,248.39004145448456,20.791702978856314
9.536623507472257,22.53251130624938,1.6315616888325488,-165.67187669114972,248.5078150367246,20.831998587763277
9.561786102478779,22.573507931171136,1.627392067301596,-165.75019203081467,248.625288046222,20.87219135729441
9.586948697485301,22.614399610343703,1.6232204774233019,-165.82830689392793,248.74246034089188,20.912281238836144
9.612111292491825,22.655186294308184,1.6190469242432468,-165.90622118600882,248.85933177901322,20.952268183899356
9.637273887498347,22.695867933732664,1.614871412809386,-165.98393481281917,248.97590221922877,20.992152144119437
9.662436482504871,22.736444479412288,1.6106939481720435,-166.0614476803636,249.0921715205454,21.031933071256326
9.687599077511395,22.7769158822693,1.606514535383905,-166.13875969488947,249.2081395423342,21.071610917194572
9.712761672517917,22.817282093353132,1.6023331795000133,-166.21587076288716,249.32380614433075,21.11118563394343
9.73792426752444,22.857543063840442,1.598149885577761,-166.29278079109,249.43917118663498,21.150657173636866
9.763086862530963,22.897698745035168,1.5939646586768845,-166.36948968647448,249.55423452971172,21.190025488533657
9.788249457537486,22.937749088368598,1.5897775038594593,-166.44599735626048,249.66899603439072,21.229290531017412
9.81341205254401,22.977694045399446,1.5855884261898914,-166.5223037079112,249.7834555618668,21.268452253596674
9.838574647550534,23.017533567813867,1.581397430734913,-166.59840864913326,249.8976129736999,21.30751060890493
9.863737242557058,23.057267607425562,1.5772045225635762,-166.674312087877,250.01146813181552,21.34646554970071
9.88889983756358,23.096896116175788,1.5730097067472464,-166.75001393233643,250.12502089850466,21.3853170288676
9.914062432570102,23.136419046133472,1.5688129883595963,-166.82551409094938,250.2382711364241,21.424064999414348
9.939225027576626,23.175836349495228,1.5646143724765993,-166.9008124723977,250.35121870859652,21.46270941447489
9.964387622583148,23.215147978585417,1.5604138641765244,-166.97590898560713,250.4638634784107,21.50125022730841
9.989550217589672,23.254353885856226,1.5562114685399295,-167.05080353974776,250.57620530962163,21.539687391299402
10.014712812596196,23.29345402388771,1.5520071906496549,-167.12549604423378,250.68824406635068,21.578020859957718
10.039875407602718,23.332448345387846,1.5478010355908174,-167.1999864087239,250.79997961308587,21.616250586918635
10.06503800260924,23.3713368031926,1.543593008450805,-167.27427454312124,250.91141181468186,21.654376525942908
10.090200597615764,23.410119350266,1.539383114319269,-167.3483603575735,251.02254053636028,21.692398630916827
10.115363192622286,23.448795939700155,1.5351713582881203,-167.4222437624733,251.13336564370994,21.730316855852273
10.14052578762881,23.487366524715327,1.5309577454515202,-167.49592466845766,251.2438870026865,21.768131154886753
10.165688382635334,23.525831058660003,1.5267422809058766,-167.56940298640896,251.35410447961343,21.805841482283498
10.190850977641857,23.56418949501094,1.522524969749837,-167.64267862745433,251.4640179411815,21.843447792431476
10.216013572648379,23.60244178737321,1.5183058170842822,-167.71575150296619,251.57362725444926,21.880950039845462
10.241176167654903,23.640587889480273,1.5140848280123211,-167.78862152456205,251.68293228684308,21.918348179166113
10.266338762661425,23.67862775519403,1.5098620076392821,-167.86128860410497,251.79193290615746,21.955642165159993
10.291501357667949,23.716561338504878,1.5056373610727107,-167.93375265370338,251.90062898055507,21.992831952719648
10.316663952674473,23.754388593531765,1.5014108934223593,-168.00601358571123,252.00902037856685,22.029917496863654
10.341826547680995,23.792109474522224,1.497182609800184,-168.07807131272818,252.11710696909228,22.066898752736655
10.366989142687519,23.829723935852485,1.4929525153203373,-168.1499257475997,252.22488862139954,22.10377567560946
10.392151737694041,23.867231932027455,1.4887206150991616,-168.2215768034171,252.33236520512563,22.140548220879037
10.417314332700563,23.90463341768084,1.4844869142551835,-168.29302439351767,252.4395365902765,22.177216344068633
10.442476927707087,23.941928347575153,1.480251417909107,-168.36426843148487,252.54640264722732,22.21378000082776
10.467639522713611,23.979116676601794,1.4760141311838089,-168.43530883114826,252.65296324672238,22.250239146932312
10.492802117720133,24.016198359781107,1.4717750592043302,-168.5061455065838,252.75921825987572,22.28659373828458
10.517964712726657,24.053173352262416,1.4675342070978719,-168.5767783721138,252.8651675581707,22.322843730913313
10.54312730773318,24.09004160932408,1.4632915799937876,-168.64720734230704,252.97081101346058,22.358989080973767
10.568289902739702,24.126803086373574,1.4590471830235794,-168.71743233197898,253.0761484979685,22.39502974474778
10.593452497746226,24.16345773894751,1.4548010213208877,-168.7874532561918,253.18117988428773,22.430965678643798
10.61861509275275,24.20000552271172,1.450553100021489,-168.85727003025448,253.28590504538172,22.466796839196945
10.643777687759272,24.236446393461282,1.4463034242632877,-168.9268825697229,253.39032385458432,22.502523183069062
10.668940282765796,24.272780307120588,1.4420519991863099,-168.99629079039997,253.49443618559994,22.538144667048773
10.69410287777232,24.309007219743393,1.4377988299326974,-169.06549460833577,253.59824191250365,22.573661248051526
10.71926547277884,24.34512708751289,1.4335439216467023,-169.13449393982754,253.7017409097413,22.609072883119662
10.744428067785364,24.38113986674172,1.429287279474679,-169.2032887014199,253.80493305212983,22.644379529422434
10.769590662791888,24.417045513872065,1.42502890856508,-169.27187880990488,253.90781821485731,22.679581144256105
10.79475325779841,24.452843985475667,1.4207688140684491,-169.34026418232204,254.01039627348305,22.714677685043952
10.819915852804934,24.488535238253913,1.4165070011374135,-169.40844473595857,254.11266710393784,22.74966910933635
10.845078447811458,24.52411922903787,1.4122434749266797,-169.4764203883494,254.2146305825241,22.784555374810814
10.87024104281798,24.559595914788336,1.4079782405930263,-169.54419105727732,254.31628658591598,22.81933643927206
10.895403637824502,24.594965252595895,1.4037113032952975,-169.61175666077295,254.41763499115942,22.854012260652016
10.920566232831026,24.630227199680974,1.3994426681943983,-169.67911711711503,254.51867567567254,22.88858279700994
10.94572882783755,24.665381713393888,1.3951723404532859,-169.74627234483043,254.61940851724563,22.923048006532404
10.970891422844073,24.700428751214897,1.390900325236965,-169.81322226269415,254.71983339404122,22.95740784753339
10.996054017850597,24.735368270754247,1.3866266277124824,-169.8799667897296,254.8199501845944,22.99166227845432
11.021216612857119,24.77020022975222,1.3823512530489186,-169.94650584520863,254.91975876781297,23.025811257864103
11.046379207863641,24.804924586079228,1.378074206417383,-170.01283934865157,255.01925902297734,23.059854744459205
11.071541802870165,24.839541297735792,1.3737954929910074,-170.07896721982732,255.11845082974096,23.09379269706368
11.096704397876689,24.87405032285265,1.3695151179449396,-170.1448893787536,255.21733406813038,23.127625074629226
11.121866992883211,24.908451619690783,1.3652330864563362,-170.2106057456968,255.3159086185452,23.16135183623524
11.147029587889735,24.94274514664147,1.3609494037043584,-170.2761162411724,255.4141743617586,23.194972941088857
11.172192182896259,24.976930862226332,1.3566640748701644,-170.34142078594473,255.5121311789171,23.228488348524994
11.19735477790278,25.011008725097415,1.3523771051369038,-170.4065193010273,255.60977895154093,23.26189801800645
11.222517372909303,25.04497869403718,1.3480884996897093,-170.47141170768276,255.70711756152414,23.295201909123865
11.247679967915827,25.078840727958603,1.3437982637156938,-170.5360979274231,255.80414689113465,23.32839998159585
11.27284256292235,25.112594785905216,1.3395064024039411,-170.60057788200967,255.90086682301452,23.361492195269
11.298005157928873,25.146240827051138,1.3352129209455013,-170.6648514934533,255.99727724017998,23.394478510117942
11.323167752935397,25.179778810701126,1.3309178245333844,-170.7289186840145,256.09337802602175,23.427358886245383
11.348330347941918,25.213208696290668,1.3266211183625531,-170.79277937620319,256.1891690643048,23.460133283882186
11.373492942948442,25.246530443385964,1.322322807629918,-170.8564334927793,256.28465023916897,23.492801663387375
11.398655537954966,25.27974401168402,1.3180228975343296,-170.91988095675256,256.37982143512886,23.52536398524822
11.423818132961488,25.312849361012688,1.3137213932765728,-170.9831216913825,256.47468253707376,23.557820210080244
11.448980727968012,25.345846451330704,1.309418300059361,-171.04615562017887,256.5692334302683,23.590170298627317
11.474143322974536,25.378735242727753,1.3051136230873301,-171.10898266690148,256.6634740003522,23.622414211761683
11.499305917981058,25.411515695424512,1.3008073675670302,-171.17160275556037,256.7574041333406,23.654551910483992
11.52446851298758,25.444187769772682,1.2964995387069218,-171.23401581041594,256.8510237156239,23.68658335592338
11.549631107994104,25.47675142625505,1.2921901417173678,-171.2962217559789,256.9443326339684,23.718508509337465
11.574793703000626,25.50920662548555,1.2878791818106277,-171.35822051701064,257.03733077551595,23.750327332112462
11.59995629800715,25.54155332820929,1.2835666642008516,-171.42001201852284,257.1300180277843,23.78203978576319
11.625118893013674,25.573791495302594,1.2792525941040738,-171.48159618577822,257.2223942786673,23.813645831933094
11.650281488020196,25.60592108777307,1.2749369767382062,-171.54297294429,257.314459416435,23.845145432394343
11.675444083026719,25.637942066759646,1.270619817323032,-171.60414221982242,257.40621332973365,23.87653854904785
11.700606678033243,25.669854393532624,1.2663011210802004,-171.66510393839056,257.49765590758585,23.907825143923322
11.725769273039765,25.701658029493725,1.2619808932332177,-171.72585802626062,257.5887870393909,23.939005179179304
11.750931868046289,25.733352936176114,1.2576591390074434,-171.78640440994994,257.6796066149249,23.970078617103212
11.776094463052813,25.764939075244477,1.253335863630084,-171.846743016227,257.7701145243405,24.001045420111414
11.801257058059335,25.796416408495062,1.2490110723301853,-171.90687377211168,257.8603106581675,24.03190555074924
11.826419653065857,25.827784897855718,1.2446847703386266,-171.96679660487519,257.9501949073128,24.06265897169106
11.851582248072381,25.85904450538593,1.2403569628881141,-172.0265114420403,258.03976716306045,24.093305645740287
11.876744843078905,25.890195193276885,1.236027655213176,-172.08601821138123,258.12902731707186,24.12384553582946
11.901907438085427,25.921236923851495,1.231696852550153,-172.14531684092398,258.21797526138596,24.15427860502025
11.927070033091951,25.952169659564483,1.2273645601371956,-172.2044072589462,258.3066108884193,24.184604816503576
11.952232628098475,25.982993363002393,1.2230307832142562,-172.2632893939775,258.3949340909662,24.21482413359956
11.977395223104997,26.01370799688363,1.2186955270230817,-172.3219631747993,258.48294476219894,24.244936519757637
12.00255781811152,26.044313524058538,1.2143587968072094,-172.38042853044507,258.5706427956676,24.27494193855657
12.027720413118043,26.074809907509415,1.2100205978119585,-172.43868539020036,258.65802808530054,24.30484035370449
12.052883008124565,26.105197110350574,1.2056809352844247,-172.4967336836029,258.7451005254044,24.334631729038957
12.07804560313109,26.135475095828387,1.2013398144734748,-172.55457334044272,258.83186001066406,24.364316028527007
12.103208198137613,26.16564382732131,1.1969972406297384,-172.6122042907621,258.91830643614315,24.39389321626517
12.128370793144136,26.195703268339958,1.192653219005603,-172.66962646485584,259.0044396972838,24.42336325647953
12.153533388150658,26.22565338252713,1.1883077548552068,-172.72683979327124,259.0902596899069,24.452726113525777
12.178695983157182,26.255494133657862,1.183960853434434,-172.78384420680823,259.17576631021234,24.48198175188924
12.203858578163704,26.285225485639458,1.1796125200009058,-172.8406396365193,259.26095945477897,24.51113013618492
12.229021173170228,26.314847402511543,1.1752627598139755,-172.8972260137099,259.3458390205649,24.540171231157554
12.254183768176752,26.344359848446103,1.1709115781347235,-172.95360326993818,259.4304049049073,24.56910500168163
12.279346363183274,26.373762787747538,1.1665589802259477,-173.00977133701522,259.51465700552285,24.597931412761472
12.304508958189796,26.40305618485269,1.1622049713521607,-173.0657301470053,259.59859522050795,24.626650429531228
12.32967155319632,26.4322400043309,1.15784955677958,-173.12147963222552,259.6822194483383,24.655262017254962
12.354834148202842,26.461314210884037,1.153492741776124,-173.17701972524642,259.76552958786965,24.683766141326664
12.379996743209366,26.490278769346546,1.1491345316114054,-173.23235035889164,259.84852553833747,24.712162767270303
12.40515933821589,26.5191336446855,1.144774931556723,-173.28747146623823,259.93120719935735,24.740451860739864
12.430321933222412,26.547878802000632,1.1404139468850594,-173.34238298061658,260.0135744709249,24.768633387519408
12.455484528228936,26.576514206524383,1.1360515828710682,-173.39708483561074,260.0956272534161,24.796707313523083
12.480647123235459,26.605039823621944,1.1316878447910745,-173.45157696505825,260.17736544758736,24.824673604795198
12.50580971824198,26.63345561879128,1.1273227379230641,-173.50585930305033,260.2587889545755,24.85253222751024
12.530972313248505,26.6617615576632,1.1229562675466778,-173.5599317839318,260.3398976758977,24.880283147972907
12.556134908255029,26.689957606001386,1.1185884389432064,-173.61379434230165,260.4206915134525,24.90792633261818
12.58129750326155,26.718043729702412,1.1142192573955825,-173.66744691301236,260.50117036951855,24.935461748011345
12.606460098268075,26.746019894795843,1.1098487281883769,-173.72088943117078,260.58133414675615,24.962889360848045
12.631622693274597,26.773886067444213,1.105476856607789,-173.77412183213755,260.66118274820633,24.990209137954288
12.65678528828112,26.801642213943108,1.1011036479416425,-173.8271440515275,260.74071607729127,25.01742104628654
12.681947883287643,26.829288300721174,1.0967291074793772,-173.8799560252098,260.8199340378147,25.044525052931704
12.707110478294167,26.85682429434019,1.0923532405120453,-173.93255768930774,260.8988365339616,25.071521125107207
12.73227307330069,26.884250161495096,1.087976052332302,-173.98494898019916,260.97742347029873,25.09840923016104
12.757435668307213,26.911565869014026,1.0835975482344022,-174.0371298345162,261.0556947517743,25.125189335571754
12.782598263313737,26.938771383858345,1.0792177335141904,-174.0891001891456,261.1336502837184,25.151861408948538
12.807760858320258,26.96586667312271,1.0748366134690972,-174.14085998122866,261.211289971843,25.17842541803125
12.832923453326782,26.99285170403509,1.0704541933981326,-174.19240914816143,261.28861372224213,25.20488133069044
12.858086048333305,27.01972644395681,1.0660704786018784,-174.24374762759462,261.3656214413919,25.231229114927423
12.88324864333983,27.0464908603826,1.0616854743824822,-174.29487535743382,261.4423130361507,25.257468738874277
12.908411238346352,27.07314492094063,1.0572991860436518,-174.34579227583959,261.5186884137594,25.283600170793918
12.933573833352876,27.09968859339254,1.0529116188906475,-174.3964983212273,261.59474748184095,25.3096233790801
12.958736428359398,27.126121845633488,1.0485227782302768,-174.4469934322675,261.67049014840126,25.335538332257496
12.98389902336592,27.152444645692174,1.044132669370887,-174.49727754788583,261.74591632182876,25.3613449989817
13.009061618372444,27.178656961730915,1.03974129762236,-174.5473506072632,261.82102591089483,25.38704334803929
13.034224213378968,27.20475876204564,1.0353486682961044,-174.5972125498357,261.8958188247535,25.41263334834784
13.05938680838549,27.230750015065954,1.0309547867050508,-174.64686331529472,261.9702949729421,25.438114968955993
13.084549403392014,27.25663068935517,1.0265596581636438,-174.69630284358723,262.04445426538086,25.463488179043463
13.109711998398536,27.282400753610354,1.0221632879878357,-174.74553107491565,262.11829661237346,25.488752947921093
13.134874593405058,27.308060176662348,1.0177656814950817,-174.79454794973785,262.19182192460676,25.513909245030888
13.160037188411582,27.33360892747582,1.013366844004332,-174.84335340876746,262.26503011315117,25.53895703994606
13.185199783418106,27.359046975149287,1.0089667808360254,-174.89194739297378,262.3379210894607,25.563896302371028
13.210362378424628,27.384374288915176,1.004565497312083,-174.9403298435819,262.41049476537285,25.588727002141507
13.235524973431152,27.409590838139838,1.0001629987559022,-174.98850070207268,262.48275105310904,25.61344910922451
13.260687568437676,27.434696592323608,0.9957592904923501,-175.03645991018308,262.5546898652746,25.638062593718402
13.285850163444197,27.459691521100808,0.9913543778477569,-175.08420740990587,262.6263111148588,25.662567425852913
13.31101275845072,27.484575594239825,0.9869482661499097,-175.13174314348998,262.697614715235,25.6869635759892
13.336175353457245,27.509348781643116,0.9825409607280454,-175.17906705344046,262.7686005801607,25.71125101461988
13.361337948463767,27.534011053347243,0.9781324669128448,-175.22617908251857,262.83926862377785,25.735429712369026
13.38650054347029,27.558562379522957,0.9737227900364265,-175.27307917374176,262.90961876061266,25.759499639992274
13.411663138476815,27.58300273047517,0.9693119354323397,-175.319767270384,262.979650905576,25.783460768376795
13.436825733483335,27.60733207664303,0.9648999084355583,-175.36624331597554,263.0493649739633,25.807313068541365
13.46198832848986,27.631550388599933,0.9604867143824736,-175.41250725430302,263.11876088145453,25.83105651163637
13.487150923496383,27.655657637053604,0.9560723586108892,-175.45855902940988,263.1878385441148,25.85469106894389
13.512313518502905,27.67965379284606,0.9516568464600137,-175.5043985855959,263.25659787839385,25.87821671187767
13.53747611350943,27.703538826953718,0.9472401832704541,-175.55002586741773,263.3250388011266,25.901633411983216
13.562638708515953,27.72731271048737,0.9428223743842095,-175.59544081968872,263.39316122953306,25.924941140937776
13.587801303522475,27.75097541469228,0.938403425144665,-175.640643387479,263.4609650812185,25.94813987055043
13.612963898528998,27.774526910948154,0.9339833408965849,-175.6856335161156,263.5284502741734,25.971229572762077
13.638126493535522,27.79796717076922,0.9295621269861064,-175.73041115118247,263.5956167267737,25.994210219645467
13.663289088542044,27.82129616580424,0.9251397887607327,-175.77497623852068,263.662464357781,26.017081783405295
13.688451683548568,27.844513867836568,0.920716331569327,-175.81932872422826,263.72899308634237,26.039844236378165
13.713614278555092,27.867620248784146,0.9162917607621063,-175.86346855466036,263.79520283199054,26.062497551032653
13.738776873561614,27.890615280699564,0.911866081690634,-175.9073956764295,263.86109351464427,26.085041699969338
13.763939468568136,27.9134989357701,0.9074392997078143,-175.95111003640534,263.926665054608,26.10747665592084
13.78910206357466,27.936271186317736,0.9030114201678854,-175.99461158171493,263.9919173725724,26.12980239175186
13.814264658581182,27.958932004799216,0.8985824484264126,-176.03790025974266,264.056850389614,26.152018880459195
13.839427253587706,27.981481363806047,0.8941523898402827,-176.08097601813049,264.1214640271957,26.174126095171772
13.86458984859423,28.00391923606454,0.8897212497676967,-176.12383880477782,264.1857582071667,26.196124009150687
13.889752443600752,28.026245594435863,0.8852890335681639,-176.16648856784164,264.2497328517625,26.21801259578924
13.914915038607274,28.04846041191605,0.8808557466024949,-176.20892525573672,264.31338788360506,26.239791828612955
13.940077633613798,28.070563661636058,0.8764213942327959,-176.25114881713534,264.376723225703,26.261461681279627
13.965240228620322,28.09255531686178,0.8719859818224611,-176.29315920096772,264.4397388014516,26.283022127579358
13.990402823626845,28.114435350994086,0.8675495147361674,-176.334956356422,264.502434534633,26.304473141434553
14.015565418633368,28.13620373756884,0.8631119983398671,-176.37654023294382,264.5648103494157,26.325814696900004
14.040728013639892,28.15786045025698,0.8586734380007814,-176.41791078023724,264.62686617035587,26.347046768162883
14.065890608646415,28.179405462864477,0.8542338390873948,-176.45906794826416,264.68860192239623,26.36816932954278
14.091053203652937,28.200838749332416,0.8497932069694474,-176.5000116872445,264.7500175308667,26.38918235549174
14.11621579865946,28.222160283737015,0.8453515470179289,-176.54074194765644,264.81111292148466,26.410085820594293
14.141378393665983,28.243370040289665,0.8409088646050729,-176.58125868023626,264.8718880203544,26.430879699567477
14.166540988672507,28.264467993336943,0.8364651651043488,-176.6215618359786,264.93234275396793,26.45156396726089
14.19170358367903,28.285454117360672,0.8320204538904565,-176.66165136613643,264.99247704920464,26.4721385986567
14.216866178685553,28.30632838697791,0.82757473633932,-176.70152722222096,265.0522908333314,26.492603568869676
14.242028773692075,28.327090776941017,0.8231280178280798,-176.74118935600197,265.11178403400294,26.512958853147232
14.2671913686986,28.34774126213767,0.8186803037350877,-176.78063771950767,265.1709565792615,26.533204426869442
14.292353963705121,28.3682798175909,0.8142315994398993,-176.81987226502494,265.2298083975374,26.553340265549082
14.317516558711645,28.388706418459115,0.8097819103232674,-176.85889294509914,265.28833941764873,26.573366344831644
14.34267915371817,28.40902104003612,0.805331241767137,-176.89769971253438,265.34654956880155,26.593282640495374
14.367841748724691,28.42922365775118,0.8008795991546372,-176.93629252039344,265.40443878059017,26.613089128451314
14.393004343731215,28.449314247169024,0.7964269878700754,-176.97467132199793,265.4620069829969,26.632785784743323
14.418166938737738,28.469292783989875,0.79197341329893,-177.01283607092833,265.5192541063925,26.652372585548076
14.44332953374426,28.489159244049496,0.7875188808278452,-177.05078672102402,265.57618008153605,26.671849507175153
14.468492128750784,28.50891360331919,0.7830633958446235,-177.08852322638322,265.6327848395748,26.691216526067013
14.493654723757308,28.528555837905866,0.7786069637382196,-177.1260455413633,265.689068312045,26.71047361879905
14.51881731876383,28.54808592405204,0.7741495898987338,-177.16335362058058,265.7450304308709,26.72962076207961
14.543979913770354,28.56750383813587,0.7696912797174054,-177.2004474189106,265.80067112836593,26.74865793275003
14.569142508776876,28.58680955667119,0.7652320385866057,-177.23732689148804,265.8559903372321,26.767585107784658
14.594305103783398,28.60600305630754,0.7607718718998328,-177.27399199370677,265.91098799056016,26.786402264290885
14.619467698789922,28.62508431383018,0.7563107850517037,-177.31044268122,265.96566402183,26.805109379509158
14.644630293796446,28.644053306160128,0.7518487834379487,-177.34667890994015,266.02001836491024,26.82370643081303
14.669792888802968,28.66291001035421,0.7473858724554042,-177.38270063603932,266.074050954059,26.842193395709188
14.694955483809492,28.681654403605044,0.7429220575020067,-177.41850781594871,266.1277617239231,26.86057025183746
14.720118078816014,28.700286463241092,0.7384573439767862,-177.45410040635923,266.18115060953886,26.878836976970838
14.745280673822537,28.71880616672669,0.7339917372798592,-177.4894783642213,266.23421754633193,26.89699354901554
14.77044326882906,28.73721349166207,0.7295252428124227,-177.52464164674487,266.2869624701173,26.915039946011014
14.795605863835585,28.75550841578338,0.7250578659767474,-177.5595902113996,266.3393853170994,26.932976146129942
14.820768458842107,28.773690916962718,0.7205896121761712,-177.5943240159149,266.39148602387235,26.950802127678315
14.84593105384863,28.79176097320817,0.7161204868150929,-177.62884301827978,266.4432645274197,26.96851786909542
14.871093648855155,28.809718562663807,0.7116504952989652,-177.66314717674322,266.49472076511483,26.986123348953893
14.896256243861675,28.827563663609755,0.7071796430342885,-177.69723644981397,266.54585467472094,27.00361854595972
14.921418838868199,28.84529625446217,0.7027079354286043,-177.7311107962607,266.59666619439105,27.021003438952285
14.946581433874723,28.86291631377332,0.6982353778904887,-177.76477017511203,266.64715526266804,27.03827800690439
14.971744028881247,28.880423820231545,0.6937619758295457,-177.79821454565663,266.69732181848497,27.055442228922264
14.996906623887769,28.897818752661344,0.6892877346564011,-177.83144386744323,266.74716580116484,27.072496084245593
15.022069218894293,28.915101090023374,0.6848126597826949,-177.86445810028053,266.7966871504208,27.089439552247583
15.047231813900815,28.932270811414458,0.6803367566210762,-177.8972572042375,266.84588580635625,27.10627261243492
15.072394408907337,28.949327896067654,0.6758600305851955,-177.92984113964337,266.89476170946506,27.122995244447857
15.097557003913861,28.96627232335224,0.6713824870896989,-177.96220986708747,266.9433148006312,27.1396074280602
15.122719598920385,28.98310407277376,0.6669041315502209,-177.9943633474195,266.99154502112924,27.156109143179336
15.147882193926907,28.999823123974032,0.6624249693833782,-178.02630154174946,267.0394523126242,27.172500369846272
15.173044788933431,29.016429456731203,0.6579450060067636,-178.05802441144786,267.0870366171718,27.18878108823565
15.198207383939955,29.03292305095974,0.6534642468389384,-178.08953191814552,267.1342978772183,27.204951278655788
15.223369978946476,29.04930388671048,0.6489826972994264,-178.12082402373377,267.18123603560065,27.221010921548668
15.248532573953,29.065571944170614,0.6445003628087077,-178.1519006903645,267.22785103554673,27.23695999748998
15.273695168959524,29.081727203663778,0.6400172487882115,-178.18276188045022,267.2741428206753,27.25279848718916
15.298857763966046,29.09776964565001,0.6355333606603105,-178.2134075566639,267.32011133499583,27.268526371489386
15.32402035897257,29.113699250725833,0.6310487038483129,-178.24383768193934,267.365756522909,27.28414363136764
15.349182953979094,29.129515999624203,0.6265632837764571,-178.27405221947103,267.41107832920653,27.299650247934675
15.374345548985614,29.145219873214618,0.6220771058699045,-178.30405113271414,267.4560766990712,27.315046202435077
15.399508143992138,29.16081085250307,0.6175901755547333,-178.33383438538465,267.500751578077,27.330331476247284
15.424670738998662,29.176288918632107,0.6131024982579312,-178.36340194145944,267.5451029121892,27.345506050883596
15.449833334005184,29.191654052880857,0.60861407940739,-178.39275376517625,267.58913064776436,27.360569907990214
15.474995929011708,29.206906236665038,0.604124924431898,-178.42188982103377,267.63283473155064,27.375523029347256
15.500158524018232,29.22204545153697,0.5996350387611342,-178.45081007379164,267.67621511068745,27.390365396868756
15.525321119024753,29.23707167918562,0.5951444278256613,-178.47951448847047,267.7192717327057,27.40509699260273
15.550483714031277,29.251984901436618,0.5906530970569192,-178.508003030352,267.762004545528,27.419717798731156
15.5756463090378,29.266785100252257,0.5861610518872181,-178.53627566497906,267.8044134974686,27.43422779757002
15.600808904044323,29.281472257731554,0.5816682977497326,-178.5643323581556,267.8464985372334,27.44862697156933
15.625971499050848,29.296046356110242,0.5771748400784947,-178.5921730759468,267.8882596139202,27.46291530331314
15.65113409405737,29.310507377760793,0.5726806843083877,-178.61979778467892,267.9296966770184,27.477092775519566
15.676296689063893,29.324855305192468,0.5681858358751388,-178.6472064509397,267.97080967640954,27.491159371040816
15.701459284070417,29.33909012105129,0.5636903002153132,-178.67439904157808,268.0115985623671,27.505115072863187
15.726621879076939,29.353211808120104,0.5591940827663068,-178.70137552370423,268.05206328555636,27.51895986410712
15.751784474083461,29.367220349318583,0.554697188966341,-178.72813586468996,268.0922037970349,27.5326937280272
15.776947069089987,29.38111572770326,0.5501996242544547,-178.75468003216827,268.1320200482524,27.54631664801218
15.802109664096509,29.394897926467536,0.5457013940704983,-178.78100799403373,268.1715119910506,27.559828607584997
15.827272259103031,29.408566928941692,0.5412025038551274,-178.80711971844244,268.21067957766365,27.573229590402796
15.852434854109555,29.422122718592927,0.5367029590497957,-178.83301517381196,268.2495227607179,27.58651958025695
15.877597449116077,29.435565279025386,0.5322027650967482,-178.85869432882154,268.2880414932323,27.599698561073087
15.9027600441226,29.44889459398015,0.5277019274390161,-178.88415715241192,268.32623572861786,27.61276651691109
15.927922639129125,29.46211064733528,0.5232004515204084,-178.90940361378554,268.3641054206783,27.625723431965138
15.953085234135647,29.47521342310581,0.5186983427855059,-178.93443368240654,268.4016505236098,27.6385692905637
15.97824782914217,29.488202905443817,0.5141956066796556,-178.95924732800088,268.43887099200134,27.651304077169588
16.003410424148694,29.50107907863838,0.5096922486489627,-178.98384452055618,268.47576678083425,27.663927776379943
16.028573019155218,29.51384192711563,0.5051882741402846,-179.0082252303218,268.5123378454827,27.67644037292627
16.053735614161738,29.52649143543879,0.5006836886012245,-179.0323894278091,268.54858414171366,27.68884185167446
16.078898209168266,29.53902758830813,0.4961784974801247,-179.0563370837912,268.5845056256868,27.701132197624798
16.104060804174786,29.55145037056105,0.49167270622605996,-179.0800681693032,268.62010225395477,27.713311395911973
16.129223399181306,29.563759767172076,0.4871663202888309,-179.10358265564204,268.65537398346305,27.725379431805138
16.154385994187834,29.575955763252868,0.4826593451189575,-179.1268805143668,268.6903207715502,27.737336290707873
16.179548589194354,29.588038344052237,0.478151786167672,-179.14996171729842,268.72494257594764,27.749181958158236
16.204711184200878,29.60000749495617,0.4736436488869131,-179.17282623651997,268.75923935477994,27.76091641982876
16.229873779207402,29.611863201487875,0.4691349387293191,-179.1954740443766,268.7932110665649,27.772539661526505
16.255036374213923,29.623605449307746,0.46462566114822096,-179.2179051134755,268.82685767021326,27.784051669193044
16.280198969220447,29.635234224213413,0.460115821597636,-179.2401194166861,268.86017912502916,27.795452428904486
16.30536156422697,29.64674951213975,0.4556054255322612,-179.26211692714003,268.89317539071004,27.806741926871485
16.330524159233494,29.65815129915891,0.4510944784074667,-179.28389761823095,268.9258464273464,27.81792014943929
16.355686754240015,29.6694395714803,0.4465829856792892,-179.305461463615,268.9581921954225,27.82898708308771
16.380849349246542,29.680614315450647,0.44207095280442543,-179.32680843721042,268.99021265581564,27.839942714431185
16.406011944253063,29.69167551755399,0.43755838524022506,-179.34793851319785,269.02190776979677,27.85078703021878
16.431174539259583,29.702623164411687,0.4330452884446849,-179.36885166602028,269.0532774990304,27.861520017334165
16.45633713426611,29.713457242782447,0.4285316678764414,-179.389547870383,269.0843218055745,27.872141662795695
16.48149972927263,29.72417773956233,0.424017528994765,-179.41002710125372,269.1150406518806,27.882651953756362
16.506662324279155,29.7347846417848,0.41950287725955265,-179.43028933386265,269.14543400079395,27.893050877503885
16.53182491928568,29.745277936620695,0.4149877181313219,-179.45033454370238,269.17550181555356,27.903338421460646
16.556987514292203,29.75565761137826,0.4104720570712038,-179.470162706528,269.205244059792,27.91351457318375
16.582150109298723,29.765923653503197,0.40595589954093664,-179.48977379835722,269.23466069753584,27.923579320365057
16.607312704305247,29.776076050578602,0.40143925100285893,-179.50916779547018,269.2637516932053,27.933532650831143
16.63247529931177,29.786114790325055,0.3969221169199034,-179.52834467440962,269.29251701161445,27.94337455254335
16.65763789431829,29.796039860600587,0.39240450275558997,-179.547304411981,269.3209566179715,27.953105013597796
16.68280048932482,29.80585124940074,0.3878864139740189,-179.5660469852522,269.3490704778783,27.962724022225395
16.70796308433134,29.81554894485853,0.38336785603986506,-179.58457237155395,269.37685855733093,27.97223156679186
16.73312567933786,29.825132935244504,0.3788488344183703,-179.60288054847965,269.40432082271946,27.98162763579771
16.758288274344388,29.83460320896671,0.37432935457533756,-179.62097149388526,269.4314572408279,27.990912217878304
16.783450869350908,29.843959754570765,0.36980942197712385,-179.63884518588964,269.45826777883445,28.00008530180385
16.808613464357432,29.853202560739827,0.3652890420906338,-179.6565016028744,269.4847524043116,28.009146876479406
16.833776059363956,29.86233161629464,0.36076822038331324,-179.67394072348398,269.510911085226,28.018096930944903
16.85893865437048,29.87134691019351,0.35624696232314207,-179.69116252662548,269.5367437899382,28.02693545437517
16.884101249377,29.880248431532337,0.35172527337862824,-179.70816699146903,269.5622504872035,28.0356624360799
16.909263844383524,29.889036169544656,0.3472031590188007,-179.7249540974475,269.58743114617124,28.044277865503744
16.934426439390048,29.8977101136016,0.342680624713203,-179.74152382425675,269.6122857363851,28.05278173222624
16.95958903439657,29.906270253211954,0.33815767593188667,-179.7578761518555,269.63681422778325,28.06117402596188
16.984751629403096,29.914716578022126,0.33363431814540445,-179.77401106046545,269.6610165906982,28.069454736560086
17.009914224409616,29.923049077816213,0.3291105568248038,-179.7899285305713,269.68489279585697,28.077623854005267
17.03507681941614,29.931267742515963,0.3245863974416204,-179.80562854292063,269.70844281438093,28.08568136841679
17.060239414422664,29.93937256218082,0.32006184546787114,-179.82111107852415,269.73166661778623,28.093627270049005
17.085402009429185,29.947363527007926,0.3155369063760479,-179.83637611865564,269.75456417798347,28.101461549291265
17.11056460443571,29.95524062733212,0.3110115856391108,-179.85142364485174,269.7771354672776,28.10918419666793
17.135727199442233,29.96300385362597,0.30648588873048155,-179.86625363891244,269.79938045836866,28.116795202838368
17.160889794448757,29.970653196499782,0.3019598211240367,-179.88086608290067,269.821299124351,28.124294558597008
17.186052389455277,29.97818864670159,0.29743338829410143,-179.89526095914255,269.8428914387138,28.131682254873287
17.2112149844618,29.985610195117193,0.29290659571544253,-179.90943825022728,269.86415737534094,28.13895828273172
17.236377579468325,29.992917832770154,0.2883794488632617,-179.92339793900734,269.885096908511,28.146122633371878
17.261540174474845,30.000111550821806,0.2838519532131896,-179.93714000859828,269.90571001289743,28.153175298128403
17.286702769481373,30.007191340571275,0.2793241142412784,-179.95066444237895,269.9259966635684,28.16011626847102
17.311865364487893,30.014157193455482,0.27479593742399566,-179.96397122399142,269.94595683598715,28.16694553600455
17.337027959494417,30.021009101049156,0.2702674282382174,-179.97706033734104,269.96559050601155,28.17366309246894
17.36219055450094,30.02774705506485,0.26573859216122186,-179.98993176659633,269.9848976498945,28.180268929739228
17.38735314950746,30.034371047352938,0.2612094346706826,-180.00258549618914,270.0038782442837,28.186763039825593
17.412515744513986,30.040881069901634,0.25667996124466186,-180.01502151081476,270.02253226622213,28.19314541487333
17.43767833952051,30.047277114836994,0.25215017736160406,-180.0272397954316,270.0408596931474,28.1994160471629
17.462840934527033,30.053559174422947,0.24762008850032913,-180.03924033526164,270.05886050289246,28.205574929109915
17.488003529533554,30.059727241061264,0.24308970014002587,-180.05102311578995,270.07653467368493,28.211622053265124
17.51316612454008,30.065781307291616,0.2385590177602453,-180.06258812276528,270.0938821841479,28.217557412314488
17.5383287195466,30.071721365791536,0.234028046840894,-180.07393534219952,270.11090301329926,28.22338099907912
17.563491314553126,30.07754740937648,0.2294967928622277,-180.08506476036817,270.12759714055227,28.229092806515336
17.58865390955965,30.083259430999767,0.22496526130484445,-180.09597636381002,270.14396454571505,28.23469282771464
17.61381650456617,30.088857423752668,0.22043345764967787,-180.10667013932743,270.16000520899115,28.240181055903758
17.638979099572698,30.094341380864346,0.21590138737799083,-180.1171460739862,270.1757191109793,28.245557484444618
17.664141694579218,30.0997112957019,0.2113690559713687,-180.1274041551155,270.19110623267323,28.250822106834377
17.689304289585742,30.104967161770364,0.20683646891171267,-180.1374443703081,270.2061665554621,28.25597491670542
17.714466884592266,30.110108972712702,0.20230363168123308,-180.14726670742024,270.22090006113035,28.26101590782536
17.739629479598786,30.115136722309863,0.19777054976244288,-180.15687115457172,270.2353067318576,28.265945074097083
17.76479207460531,30.120050404480715,0.19323722863815102,-180.16625770014593,270.2493865502189,28.270762409558703
17.789954669611834,30.124850013282114,0.18870367379145575,-180.1754263327897,270.26313949918455,28.275467908383604
17.815117264618358,30.12953554290889,0.18416989070573797,-180.18437704141343,270.27656556212014,28.280061564880448
17.84027985962488,30.13410698769384,0.17963588486465468,-180.19310981519118,270.28966472278677,28.28454337349314
17.865442454631403,30.138564342107763,0.17510166175213235,-180.20162464356056,270.30243696534086,28.288913328800906
17.890605049637927,30.142907600759433,0.17056722685236012,-180.2099215162228,270.3148822743342,28.29317142551823
17.915767644644447,30.14713675839563,0.16603258564978335,-180.2180004231428,270.3270006347142,28.297317658494894
17.940930239650974,30.151251809901158,0.161497743629097,-180.2258613545489,270.33879203182335,28.301352022716
17.966092834657495,30.155252750298818,0.1569627062752388,-180.2335043009334,270.35025645140007,28.305274513301942
17.99125542966402,30.159139574749425,0.15242747907338283,-180.24092925305195,270.3613938795779,28.309085125508417
18.016418024670543,30.162912278551833,0.14789206750893266,-180.2481362019241,270.37220430288613,28.312783854726465
18.041580619677063,30.16657085714291,0.14335647706751503,-180.25512513883288,270.3826877082493,28.316370696482426
18.066743214683587,30.170115306097575,0.1388207132349729,-180.2618960553251,270.39284408298766,28.31984564643798
18.09190580969011,30.173545621128774,0.13428478149735898,-180.26844894321133,270.402673414817,28.323208700390133
18.117068404696635,30.17686179808751,0.12974868734092915,-180.2747837945658,270.4121756918487,28.32645985427125
18.142230999703155,30.18006383296284,0.12521243625213554,-180.28090060172633,270.4213509025895,28.329599104149022
18.167393594709683,30.183151721881853,0.12067603371762034,-180.28679935729465,270.430199035942,28.332626446226485
18.192556189716203,30.186125461109725,0.11613948522420875,-180.29248005413618,270.4387200812043,28.33554187684205
18.217718784722724,30.188985047049695,0.11160279625890254,-180.29794268537998,270.44691402806995,28.33834539246947
18.24288137972925,30.19173047624306,0.10706597230887341,-180.30318724441906,270.4547808666286,28.341036989717868
18.26804397473577,30.194361745369186,0.10252901886145624,-180.30821372490996,270.46232058736496,28.343616665331716
18.293206569742296,30.196878851245536,0.09799194140414265,-180.31302212077318,270.46953318115976,28.34608441619088
18.31836916474882,30.19928179082764,0.0934547454245742,-180.31761242619282,270.47641863928925,28.348440239310595
18.34353175975534,30.20157056120912,0.08891743641053582,-180.32198463561699,270.48297695342546,28.350684131841454
18.368694354761864,30.20374515962169,0.08438001984994913,-180.32613874375735,270.489208115636,28.352816091069467
18.393856949768388,30.205805583435147,0.07984250123086586,-180.3300747455895,270.49511211838427,28.354836114415992
18.419019544774912,30.20775183015738,0.07530488604146113,-180.3337926363528,270.5006889545292,28.356744199437788
18.444182139781432,30.209583897434392,0.07076717977002692,-180.33729241155046,270.5059386173257,28.358540343827016
18.46934473478796,30.21130178305028,0.06622938790496538,-180.34057406694942,270.5108611004241,28.36022454541122
18.49450732979448,30.21290548492724,0.06169151593478212,-180.3436375985805,270.51545639787076,28.36179680215334
18.519669924801,30.21439500112558,0.05715356934807969,-180.34648300273832,270.5197245041075,28.36325711215171
18.544832519807528,30.215770329843718,0.05261555363355088,-180.34911027598136,270.523665413972,28.36460547364008
18.56999511481405,30.217031469418174,0.04807747427997209,-180.3515194151319,270.52727912269785,28.365841884987585
18.595157709820572,30.218178418323582,0.04353933677619668,-180.353710417276,270.530565625914,28.36696634469877
18.620320304827096,30.219211175172703,0.03900114661114835,-180.35568327976372,270.5335249196456,28.367978851413593
18.64548289983362,30.22012973871641,0.0344629092738145,-180.35743800020876,270.53615700031315,28.368879403907425
18.67064549484014,30.220934107843682,0.02992463025323959,-180.35897457648886,270.5384618647333,28.36966800109103
18.695808089846665,30.221624281581636,0.025386315038518476,-180.36029300674545,270.5404395101182,28.37034464201059
18.72097068485319,30.222200259095498,0.020847969118789816,-180.36139328938393,270.5420899340759,28.370909325847705
18.74613327985971,30.22266203968861,0.016309597983229385,-180.36227542307347,270.5434131346102,28.371362051919387
18.771295874866237,30.223009622802447,0.011771207121043464,-180.36293940674707,270.5444091101206,28.37170281967805
18.796458469872757,30.223243008016606,0.007232802021462198,-180.3633852396017,270.54507785940257,28.371931628711536
18.82162106487928,30.223362195048804,0.0026943881737329523,-180.36361292109817,270.54541938164726,28.372048478743103
18.846783659885805,30.223367183766115,-0.0018440260149209372,-180.36249725057027,270.5437458758554,28.372064919083712
18.871946254892325,30.223257975410156,-0.0063823171091606,-180.351857663412,270.527786495118,28.372064919083712
18.89710884989885,30.223034576740712,-0.010920214511997327,-180.330093123568,270.495139685352,28.372064919083712
18.922271444905373,30.222697001538084,-0.01545743830452952,-180.29720497357866,270.445807460368,28.372064919083712
18.947434039911897,30.22224527062548,-0.01999370860940705,-180.2531952421389,270.37979286320837,28.372064919083712
18.972596634918418,30.2216794118678,-0.024528745608095398,-180.19806664397709,270.29709996596563,28.372064919083712
18.99775922992494,30.220999460169875,-0.029062269558136154,-180.131822579684,270.197733869526,28.372064919083712
19.022921824931466,30.220205457474332,-0.033594000810402896,-180.0544671355062,270.0817007032593,28.372064919083712
19.048084419937986,30.219297452759008,-0.03812365982635126,-179.9660050830927,269.9490076246391,28.372064919083712
19.073247014944513,30.218275502033904,-0.042650967195262186,-179.86644187919944,269.79966281879916,28.372064919083712
19.098409609951034,30.21713966833776,-0.04717564365147729,-179.75578366535407,269.6336754980311,28.372064919083712
19.123572204957558,30.215890021734154,-0.05169741009162525,-179.63403726747686,269.4510559012153,28.372064919083712
19.148734799964082,30.214526639307177,-0.05621598759183829,-179.5012101954594,269.2518152931891,28.372064919083712
19.173897394970602,30.213049605156684,-0.06073109742495748,-179.35731064270146,269.0359659640522,28.372064919083712
19.199059989977126,30.2114590103931,-0.06524246107772588,-179.20234748560563,268.80352122840844,28.372064919083712
19.22422258498365,30.209754953131814,-0.06974980026796873,-179.0363302830307,268.5544954245461,28.372064919083712
19.249385179990174,30.207937538487112,-0.07425283696175895,-178.8592692757001,268.28890391355014,28.372064919083712
19.274547774996694,30.206006878565695,-0.07875129339056787,-178.67117538557133,268.006763078357,28.372064919083712
19.29971037000322,30.203963092459762,-0.08324489206839905,-178.47206021516152,267.7080903227423,28.372064919083712
19.324872965009742,30.20180630623967,-0.087733355808905,-178.2619360468328,267.3929040702492,28.372064919083712
19.350035560016263,30.199536652946176,-0.09221640774248548,-178.0408158420358,267.0612237630537,28.372064919083712
19.37519815502279,30.19715427258218,-0.09669377133336593,-177.80871324050588,266.7130698607588,28.372064919083712
19.40036075002931,30.19465931210413,-0.10116517039665561,-177.56564255942519,266.34846383913776,28.372064919083712
19.425523345035835,30.19205192541295,-0.10563032911538398,-177.31161879253952,265.96742818880927,28.372064919083712
19.45068594004236,30.189332273344547,-0.11008897205751426,-177.04665760923197,265.56998641384797,28.372064919083712
19.47584853504888,30.18650052365988,-0.11454082419293361,-176.77077535355798,265.156163030337,28.372064919083712
19.501011130055403,30.18355685103461,-0.1189856109104181,-176.48398904323415,264.7259835648512,28.372064919083712
19.526173725061927,30.180501437048346,-0.12342305803457206,-176.1863163685932,264.2794745528898,28.372064919083712
19.55133632006845,30.17733447017342,-0.12785289184274057,-175.87777569148832,263.8166635372325,28.372064919083712
19.57649891507497,30.174056145763288,-0.13227483908189394,-175.5583860441632,263.3375790662448,28.372064919083712
19.6016615100815,30.17066666604044,-0.1366886269854832,-175.22816712807614,262.8422506921142,28.372064919083712
19.62682410508802,30.16716624008396,-0.14109398329026562,-174.88713931268614,262.3307089690292,28.372064919083712
19.651986700094543,30.163555083816636,-0.14549063625309933,-174.5353236341974,261.8029854512961,28.372064919083712
19.677149295101067,30.1598334199916,-0.1498783146677055,-174.17274179425917,261.25911269138874,28.372064919083712
19.702311890107588,30.15600147817862,-0.15425674788139793,-173.79941615862788,260.6991242379418,28.372064919083712
19.727474485114115,30.152059494749924,-0.15862566581177776,-173.4153697557883,260.12305463368244,28.372064919083712
19.752637080120635,30.148007712865628,-0.16298479896339368,-173.02062627553258,259.5309394132989,28.372064919083712
19.77779967512716,30.143846382458744,-0.1673338784443658,-172.61521006749956,258.92281510124934,28.372064919083712
19.802962270133683,30.139575760219746,-0.17167263598297194,-172.19914613967225,258.29871920950836,28.372064919083712
19.828124865140204,30.13519610958075,-0.176000803944196,-171.77246015683522,257.65869023525283,28.372064919083712
19.853287460146728,30.130707700699237,-0.18031811534623693,-171.3351784389899,257.00276765848486,28.372064919083712
19.87845005515325,30.12611081044143,-0.18462430387697737,-170.88732795973397,256.33099193960095,28.372064919083712
19.903612650159776,30.121405722365186,-0.18891910391041108,-170.42893634459685,255.6434045168953,28.372064919083712
19.928775245166296,30.116592726702518,-0.1932022505230282,-169.9600318693335,254.94004780400027,28.372064919083712
19.95393784017282,30.111672120341687,-0.19747347951015656,-169.48064345818236,254.22096518727355,28.372064919083712
19.979100435179344,30.106644206808884,-0.2017325274022594,-168.99080068208022,253.48620102312032,28.372064919083712
20.004263030185864,30.101509296249517,-0.20597913148118735,-168.49053375683837,252.73580063525756,28.372064919083712
20.029425625192392,30.09626770540907,-0.2102130297963841,-167.97987354127855,251.96981031191783,28.372064919083712
20.054588220198912,30.090919757613573,-0.21443396118104463,-167.4588515353305,251.18827730299574,28.372064919083712
20.079750815205436,30.085465782749655,-0.2186416652682255,-166.92749987808676,250.39124981713016,28.372064919083712
20.10491341021196,30.0799061172442,-0.22283588250690511,-166.38585134582306,249.57877701873457,28.372064919083712
20.13007600521848,30.07424110404358,-0.2270163541779944,-165.83393934997375,248.7509090249606,28.372064919083712
20.155238600225005,30.06847109259251,-0.2311828224102957,-165.27179793507187,247.9076969026078,28.372064919083712
20.18040119523153,30.062596438812495,-0.2353350301964094,-164.69946177664994,247.0491926649749,28.372064919083712
20.205563790238052,30.05661750507986,-0.23947272140858739,-164.1169661790991,246.17544926864866,28.372064919083712
20.230726385244573,30.05053466020343,-0.2435956408145323,-163.52434707349366,245.2865206102405,28.372064919083712
20.2558889802511,30.044348279401746,-0.24770353409314147,-162.92164101537438,244.38246152306158,28.372064919083712
20.28105157525762,30.038058744279933,-0.2517961478501945,-162.30888518249031,243.46332777373547,28.372064919083712
20.30621417026414,30.031666442806177,-0.2558732296339839,-161.6861173725114,242.52917605876712,28.372064919083712
20.33137676527067,30.02517176928775,-0.2599345279508877,-161.05337600069024,241.58006400103537,28.372064919083712
20.35653936027719,30.018575124346732,-0.2639797922808824,-160.4107000974979,240.61605014624686,28.372064919083712
20.381701955283713,30.011876914895282,-0.26800877309299626,-159.75812930621302,239.63719395931955,28.372064919083712
20.406864550290237,30.00507755411052,-0.27202122186070193,-159.09570388047763,238.64355582071644,28.372064919083712
20.432027145296757,29.998177461409075,-0.27601689107724636,-158.4234646818147,237.63519702272205,28.372064919083712
20.45718974030328,29.99117706242119,-0.2799955342709182,-157.7414531771068,236.6121797656602,28.372064919083712
20.482352335309805,29.984076788964476,-0.2839569060202517,-157.0497114360385,235.57456715405775,28.372064919083712
20.50751493031633,29.976877079017257,-0.287900761969165,-156.3482821285003,234.52242319275044,28.372064919083712
20.53267752532285,29.96957837669158,-0.2918268588420336,-155.6372085219581,233.45581278293713,28.372064919083712
20.557840120329377,29.962181132205814,-0.29573495445869613,-154.91653447878397,232.37480171817595,28.372064919083712
20.583002715335898,29.95468580185687,-0.29962480774939404,-154.18630445355046,231.2794566803257,28.372064919083712
20.608165310342418,29.947092847992042,-0.3034961787696409,-153.44656349028693,230.1698452354304,28.372064919083712
20.633327905348946,29.939402738980522,-0.3073488287150243,-152.6973572197027,229.04603582955406,28.372064919083712
20.658490500355466,29.931615949184486,-0.3111825199359357,-151.93873185637264,227.90809778455898,28.372064919083712
20.68365309536199,29.923732958929826,-0.3149970159522303,-151.17073419588453,226.7561012938268,28.372064919083712
20.708815690368514,29.915754254476536,-0.3187920814678136,-150.3934116119539,225.59011741793086,28.372064919083712
20.733978285375038,29.907680327988718,-0.3225674823851564,-149.6068120535019,224.41021808025286,28.372064919083712
20.75914088038156,29.899511677504215,-0.32632298581973435,-148.81098404169708,223.21647606254564,28.372064919083712
20.784303475388082,29.891248806903903,-0.33005836011439377,-148.0059766669633,222.00896500044496,28.372064919083712
20.809466070394606,29.882892225880568,-0.3337733748536411,-147.19183958594812,220.78775937892217,28.372064919083712
20.834628665401127,29.874442449907534,-0.3374678008778561,-146.36862301846546,219.55293452769817,28.372064919083712
20.859791260407654,29.8659000002068,-0.3411414102974276,-145.5363777443931,218.30456661658965,28.372064919083712
20.884953855414174,29.85726540371694,-0.3447939765068108,-144.69515510054268,217.042732650814,28.372064919083712
20.9101164504207,29.84853919306055,-0.3484252741985052,-143.84500697749112,215.7675104662367,28.372064919083712
20.935279045427222,29.839721906511443,-0.3520350793769526,-142.9859858163822,214.4789787245733,28.372064919083712
20.960441640433743,29.830814087961425,-0.3556231693723545,-142.11814460569158,213.17721690853736,28.372064919083712
20.985604235440267,29.82181628688672,-0.35918932285440713,-141.2415368779547,211.86230531693207,28.372064919083712
21.01076683044679,29.812729058314112,-0.3627333198459544,-140.35621670646782,210.53432505970173,28.372064919083712
21.035929425453315,29.803552962786696,-0.36625494173655704,-139.46223870195305,209.19335805292957,28.372064919083712
21.061092020459835,29.794288566329296,-0.3697539712959771,-138.55965800918722,207.83948701378083,28.372064919083712
21.08625461546636,29.784936440413546,-0.37323019268757845,-137.64853030360138,206.47279545540206,28.372064919083712
21.111417210472883,29.775497161922665,-0.37668339148164026,-136.72891178784735,205.09336768177104,28.372064919083712
21.136579805479403,29.76597131311584,-0.3801133546685838,-135.80085918833046,203.7012887824957,28.372064919083712
21.16174240048593,29.756359481592323,-0.38351987067211235,-134.86442975170868,202.29664462756304,28.372064919083712
21.18690499549245,29.746662260255196,-0.3869027293622619,-133.91968124136423,200.87952186204635,28.372064919083712
21.212067590498975,29.736880247274776,-0.390261722068363,-132.96667193383848,199.45000790075773,28.372064919083712
21.2372301855055,29.727014046051732,-0.39359664159191265,-132.00546061523707,198.0081909228556,28.372064919083712
21.26239278051202,29.717064265179857,-0.3969072822193551,-131.03610657760518,196.55415986640776,28.372064919083712
21.287555375518544,29.707031518408545,-0.40019343973477156,-130.05866961526917,195.08800442290374,28.372064919083712
21.312717970525068,29.69691642460489,-0.40345491143247686,-129.0732100211473,193.60981503172096,28.372064919083712
21.33788056553159,29.686719607715567,-0.4066914961295234,-128.0797885830329,192.11968287454934,28.372064919083712
21.363043160538112,29.6764416967283,-0.40990299417811116,-127.07846657984283,190.61769986976424,28.372064919083712
21.38820575554464,29.666083325633096,-0.41308920747790273,-126.06930577783851,189.10395866675776,28.372064919083712
21.41336835055116,29.6556451333831,-0.4162499394882433,-125.0523684268146,187.5785526402219,28.372064919083712
21.43853094555768,29.645127763855218,-0.41938499524028405,-124.02771725626071,186.04157588439108,28.372064919083712
21.463693540564208,29.634531865810366,-0.42249418134900885,-122.99541547148984,184.49312320723476,28.372064919083712
21.488856135570728,29.623858092853485,-0.4255773060251632,-121.95552674974236,182.93329012461353,28.372064919083712
21.514018730577252,29.61310710339321,-0.42863417908708434,-120.90811523625712,181.36217285438568,28.372064919083712
21.539181325583776,29.60227956060124,-0.43166461197243305,-119.85324554031259,179.77986831046888,28.372064919083712
21.564343920590296,29.591376132371455,-0.4346684177498246,-118.79098273124379,178.18647409686568,28.372064919083712
21.58950651559682,29.580397491278692,-0.43764541113036015,-117.72139233442779,176.5820885016417,28.372064919083712
21.614669110603344,29.56934431453729,-0.44059540847905543,-116.6445403272417,174.96681049086254,28.372064919083712
21.63983170560987,29.558217283959294,-0.44351822782616895,-115.5604931349941,173.34073970249116,28.372064919083712
21.664994300616392,29.547017085912394,-0.4464136888784265,-114.46931762682466,171.703976440237,28.372064919083712
21.690156895622916,29.535744411277598,-0.4492816130301422,-113.3710811115824,170.0566216673736,28.372064919083712
21.715319490629437,29.52439995540662,-0.45212182337423634,-112.26585133367263,168.39877700050894,28.372064919083712
21.74048208563596,29.51298441807896,-0.4549341447131472,-111.15369646887704,166.73054470331556,28.372064919083712
21.765644680642485,29.50149850345878,-0.4577184035696384,-110.0346851201506,165.0520276802259,28.372064919083712
21.790807275649005,29.489942920051423,-0.46047442819749995,-108.90888631338703,163.36332947008054,28.372064919083712
21.815969870655533,29.478318380659747,-0.463202048592142,-107.77636949316377,161.66455423974566,28.372064919083712
21.841132465662053,29.466625602340137,-0.46590109650108164,-106.63720451845656,159.95580677768484,28.372064919083712
21.866295060668577,29.454865306358265,-0.4685714054343218,-105.49146165833001,158.237192487495,28.372064919083712
21.8914576556751,29.44303821814463,-0.4712128106746205,-104.33921158760465,156.50881738140697,28.372064919083712
21.91662025068162,29.43114506724978,-0.4738251492876523,-103.1805253824967,154.77078807374505,28.372064919083712
21.941782845688145,29.41918658729932,-0.4764082601320578,-102.01547451623169,153.02321177434754,28.372064919083712
21.96694544069467,29.40716351594866,-0.4789619838693844,-100.8441308546398,151.2661962819597,28.372064919083712
21.992108035701193,29.395076594837516,-0.4814861629739149,-99.66656665171884,149.49984997757826,28.372064919083712
22.017270630707714,29.382926569544153,-0.48398064174238414,-98.48285454517963,147.72428181776945,28.372064919083712
22.042433225714237,29.3707141895394,-0.48644526630358365,-97.2930675519633,145.93960132794496,28.372064919083712
22.06759582072076,29.35844020814042,-0.4888798846278533,-96.09727906374106,144.1459185956116,28.372064919083712
22.092758415727282,29.34610538246423,-0.49128434653645914,-94.89556284238209,142.34334426357313,28.372064919083712
22.11792101073381,29.33371047338104,-0.4936585037108569,-93.68799301540842,140.53198952311263,28.372064919083712
22.14308360574033,29.32125624546725,-0.4960022097018413,-92.47464407141858,138.71196610712786,28.372064919083712
22.168246200746854,29.308743466958358,-0.49831531993857947,-91.25559085549537,136.88338628324306,28.372064919083712
22.193408795753378,29.296172909701507,-0.5005976917375291,-90.03090856458594,135.0463628468789,28.372064919083712
22.218571390759898,29.283545349107925,-0.5028491843112395,-88.80067274286706,133.2010091143006,28.372064919083712
22.243733985766422,29.270861564105076,-0.5050696587770359,-87.56495927708397,131.34743891562596,28.372064919083712
22.268896580772946,29.2581223370886,-0.507258978165587,-86.32384439186681,129.4857665878002,28.372064919083712
22.29405917577947,29.24532845387407,-0.509417007429353,-85.07740464503236,127.61610696754855,28.372064919083712
22.31922177078599,29.232480703648516,-0.5115436134509174,-83.82571692286008,125.73857538429013,28.372064919083712
22.344384365792518,29.219579878921714,-0.5136386650511963,-82.56885843534701,123.85328765302052,28.372064919083712
22.36954696079904,29.20662677547735,-0.5157020329975321,-81.30690671145,121.96036006717499,28.372064919083712
22.39470955580556,29.193622192323904,-0.5177335900116642,-80.03993959429982,120.05990939144974,28.372064919083712
22.419872150812086,29.18056693164535,-0.5197332107775796,-78.76803523639946,118.15205285459918,28.372064919083712
22.445034745818607,29.167461798751727,-0.5217007719492442,-77.49127209480599,116.23690814220899,28.372064919083712
22.47019734082513,29.15430760202938,-0.5236361521582107,-76.20972892628707,114.31459338943061,28.372064919083712
22.495359935831654,29.141105152891182,-0.5255392320211054,-74.92348478246664,112.38522717369996,28.372064919083712
22.520522530838175,29.12785526572642,-0.5274098941469917,-73.63261900494615,110.44892850741923,28.372064919083712
22.5456851258447,29.114558757850588,-0.5292480231446122,-72.33721122041085,108.50581683061628,28.372064919083712
22.570847720851223,29.10121644945497,-0.5310535056295063,-71.03734133571989,106.55601200357984,28.372064919083712
22.596010315857747,29.087829163556034,-0.5328262302310037,-69.733089532974,104.59963429946102,28.372064919083712
22.621172910864267,29.074397725944678,-0.5345660875990957,-68.42453626457257,102.63680439685885,28.372064919083712
22.646335505870795,29.060922965135283,-0.5362729704111783,-67.11176224824878,100.66764337237318,28.372064919083712
22.671498100877315,29.047405712314614,-0.5379467733786744,-65.79484846209226,98.69227269313839,28.372064919083712
22.696660695883836,29.033846801290544,-0.5395873932535271,-64.47387613955284,96.71081420932927,28.372064919083712
22.721823290890363,29.020247068440607,-0.5411947288345694,-63.148926764429625,94.72339014664443,28.372064919083712
22.746985885896883,29.00660735266043,-0.5427686809737664,-61.820082065845384,92.73012309876808,28.372064919083712
22.772148480903407,28.992928495311983,-0.5443091525823313,-60.48742401320492,90.73113601980738,28.372064919083712
22.79731107590993,28.97921134017165,-0.5458160486367137,-59.15103481113766,88.7265522167065,28.372064919083712
22.822473670916455,28.96545673337822,-0.5472892761844624,-57.81099689442925,86.71649534164388,28.372064919083712
22.847636265922976,28.95166552338068,-0.548728744349958,-56.4673929229352,84.70108938440279,28.372064919083712
22.8727988609295,28.937838560885865,-0.550134364340019,-55.12030577648127,82.6804586647219,28.372064919083712
22.897961455936024,28.923976698806012,-0.5515060494493789,-53.769818549753495,80.65472782463024,28.372064919083712
22.923124050942544,28.910080792206085,-0.5528437150660347,-52.41601454716752,78.62402182075128,28.372064919083712
22.94828664594907,28.896151698251117,-0.5541472786764656,-51.05897727773695,76.58846591660543,28.372064919083712
22.973449240955592,28.88219027615328,-0.5554166598707239,-49.69879044991663,74.54818567487494,28.372064919083712
22.998611835962116,28.8681973871189,-0.5566517803473944,-48.33553796644161,72.50330694966242,28.372064919083712
23.02377443096864,28.85417389429532,-0.5578525639184241,-46.96930391915055,70.45395587872582,28.372064919083712
23.04893702597516,28.840120662717684,-0.5590189365138221,-45.60017258379923,68.40025887569884,28.372064919083712
23.074099620981684,28.826038559255558,-0.560150826186229,-44.228228414862706,66.34234262229405,28.372064919083712
23.099262215988208,28.811928452559464,-0.5612481631153546,-42.85355604032416,64.28033406048624,28.372064919083712
23.124424810994732,28.797791213007283,-0.5623108796122848,-41.4762402564544,62.214360384681605,28.372064919083712
23.149587406001253,28.7836277126506,-0.5633389101236567,-40.09636602258414,60.14454903387621,28.372064919083712
23.174750001007776,28.769438825160865,-0.5643321912357026,-38.714018455859474,58.07102768378921,28.372064919083712
23.1999125960143,28.75522542577555,-0.5652906616781617,-37.32928282599462,55.99392423899192,28.372064919083712
23.22507519102082,28.740988391244116,-0.5662142623280593,-35.942244550009754,53.91336682501463,28.372064919083712
23.25023778602735,28.726728599773974,-0.5671029362133538,-34.55298918696486,51.82948378044728,28.372064919083712
23.27540038103387,28.712446930976263,-0.5679566285164515,-33.161602432677945,49.74240364901692,28.372064919083712
23.300562976040393,28.698144265811635,-0.5687752865775866,-31.76817011444234,47.65225517166351,28.372064919083712
23.325725571046917,28.683821486535898,-0.5695588598980715,-30.37277818573207,45.5591672785981,28.372064919083712
23.350888166053437,28.669479476645584,-0.57030730014341,-28.975512720898482,43.463269081347725,28.372064919083712
23.37605076105996,28.655119120823468,-0.5710205611462801,-27.57645990986117,41.36468986479176,28.372064919083712
23.401213356066485,28.64074130488399,-0.5716985989093809,-26.175706052792393,39.26355907918859,28.372064919083712
23.42637595107301,28.626346915718603,-0.5723413716081472,-24.77333755479309,37.16000633218964,28.372064919083712
23.45153854607953,28.611936841241082,-0.5729488395933295,-23.369440920561818,35.05416138084273,28.372064919083712
23.476701141086057,28.597511970332743,-0.5735209653934391,-21.96410274906059,32.94615412359089,28.372064919083712
23.501863736092577,28.58307319278762,-0.5740577137170596,-20.557409728171972,30.836114592257957,28.372064919083712
23.527026331099098,28.568621399257566,-0.5745590514550247,-19.149448629352094,28.72417294402814,28.372064919083712
23.552188926105625,28.55415748119733,-0.5750249476824593,-17.740306302277954,26.61045945341693,28.372064919083712
23.577351521112146,28.53968233080955,-0.5754553736606881,-16.33006966949061,24.495104504235915,28.372064919083712
23.60251411611867,28.525196840989736,-0.5758503028390083,-14.91882572103268,22.37823858154902,28.372064919083712
23.627676711125194,28.510701905271173,-0.5762097108563262,-13.506661509082761,20.25999226362414,28.372064919083712
23.652839306131714,28.496198417769833,-0.5765335755426613,-12.09366414258683,18.140496213880244,28.372064919083712
23.678001901138238,28.481687273129175,-0.5768218769205133,-10.679920781881513,16.01988117282227,28.372064919083712
23.703164496144762,28.467169366465004,-0.5770745972060942,-9.265518633321777,13.898277949982665,28.372064919083712
23.728327091151286,28.45264559331024,-0.5772917208104256,-7.850544943899123,11.775817415848683,28.372064919083712
23.75348968615781,28.438116849559666,-0.5774732343403,-6.435086995860136,9.652630493790204,28.372064919083712
23.778652281164334,28.423584031414673,-0.5776191265991073,-5.019232101322675,7.528848151984013,28.372064919083712
23.803814876170854,28.409048035327995,-0.5777293885875254,-3.6030675968906967,5.404601395336045,28.372064919083712
23.828977471177378,28.394509757948388,-0.5778040135040751,-2.1866808382660428,3.280021257399064,28.372064919083712
23.854140066183902,28.379970096065318,-0.5778429967455398,-0.7701591948598892,1.1552387922898337,28.372064919083712
