ISO-10303-21;
HEADER;
/* Generated by software containing ST-Developer
 * from STEP Tools, Inc. (www.steptools.com) 
 */

FILE_DESCRIPTION(
/* description */ (''),
/* implementation_level */ '2;1');

FILE_NAME(
/* name */ 'ESP32_Mini_BattleBot_Master.step',
/* time_stamp */ '2026-09-23T21:18:25+07:00',
/* author */ (''),
/* organization */ (''),
/* preprocessor_version */ 'ST-DEVELOPER v20.2',
/* originating_system */ 'Autodesk Translation Framework v15.15.0.0',
/* authorisation */ '');

FILE_SCHEMA (('AUTOMOTIVE_DESIGN { 1 0 10303 214 3 1 1 }'));
ENDSEC;

DATA;
#10=MECHANICAL_DESIGN_GEOMETRIC_PRESENTATION_REPRESENTATION('',(#379,#380,
#381,#382,#383,#384,#385,#386,#387,#388,#389,#390,#391,#392,#393,#394,#395,
#396,#397,#398,#399,#400,#401,#402,#403,#404,#405,#406,#407,#408,#409,#410,
#411,#412,#413,#414,#415,#416,#417,#418,#419,#420,#421,#422,#423,#424,#425,
#426,#427,#428,#429,#430,#431,#432,#433,#434,#435,#436,#437),#19933);
#11=ITEM_DEFINED_TRANSFORMATION($,$,#11948,#12243);
#12=ITEM_DEFINED_TRANSFORMATION($,$,#12081,#12244);
#13=ITEM_DEFINED_TRANSFORMATION($,$,#12098,#12245);
#14=ITEM_DEFINED_TRANSFORMATION($,$,#12115,#12246);
#15=ITEM_DEFINED_TRANSFORMATION($,$,#12144,#12247);
#16=ITEM_DEFINED_TRANSFORMATION($,$,#12164,#12248);
#17=ITEM_DEFINED_TRANSFORMATION($,$,#12184,#12249);
#18=ITEM_DEFINED_TRANSFORMATION($,$,#12251,#12429);
#19=ITEM_DEFINED_TRANSFORMATION($,$,#12257,#12430);
#20=ITEM_DEFINED_TRANSFORMATION($,$,#12263,#12431);
#21=ITEM_DEFINED_TRANSFORMATION($,$,#12276,#12432);
#22=ITEM_DEFINED_TRANSFORMATION($,$,#12282,#12433);
#23=ITEM_DEFINED_TRANSFORMATION($,$,#12295,#12434);
#24=ITEM_DEFINED_TRANSFORMATION($,$,#12301,#12435);
#25=ITEM_DEFINED_TRANSFORMATION($,$,#12352,#12436);
#26=ITEM_DEFINED_TRANSFORMATION($,$,#12365,#12437);
#27=ITEM_DEFINED_TRANSFORMATION($,$,#12416,#12438);
#28=ITEM_DEFINED_TRANSFORMATION($,$,#12440,#12540);
#29=ITEM_DEFINED_TRANSFORMATION($,$,#12446,#12541);
#30=ITEM_DEFINED_TRANSFORMATION($,$,#12455,#12542);
#31=ITEM_DEFINED_TRANSFORMATION($,$,#12464,#12543);
#32=ITEM_DEFINED_TRANSFORMATION($,$,#12470,#12544);
#33=ITEM_DEFINED_TRANSFORMATION($,$,#12484,#12545);
#34=ITEM_DEFINED_TRANSFORMATION($,$,#12515,#12546);
#35=ITEM_DEFINED_TRANSFORMATION($,$,#12524,#12547);
#36=ITEM_DEFINED_TRANSFORMATION($,$,#12533,#12548);
#37=ITEM_DEFINED_TRANSFORMATION($,$,#12550,#12586);
#38=ITEM_DEFINED_TRANSFORMATION($,$,#12567,#12587);
#39=ITEM_DEFINED_TRANSFORMATION($,$,#12574,#12588);
#40=ITEM_DEFINED_TRANSFORMATION($,$,#12590,#12675);
#41=ITEM_DEFINED_TRANSFORMATION($,$,#12597,#12676);
#42=ITEM_DEFINED_TRANSFORMATION($,$,#12604,#12677);
#43=ITEM_DEFINED_TRANSFORMATION($,$,#12611,#12678);
#44=ITEM_DEFINED_TRANSFORMATION($,$,#12618,#12679);
#45=ITEM_DEFINED_TRANSFORMATION($,$,#12625,#12680);
#46=ITEM_DEFINED_TRANSFORMATION($,$,#12662,#12681);
#47=ITEM_DEFINED_TRANSFORMATION($,$,#12685,#12704);
#48=ITEM_DEFINED_TRANSFORMATION($,$,#12683,#13007);
#49=ITEM_DEFINED_TRANSFORMATION($,$,#12684,#13008);
#50=ITEM_DEFINED_TRANSFORMATION($,$,#12705,#13009);
#51=ITEM_DEFINED_TRANSFORMATION($,$,#12706,#13010);
#52=ITEM_DEFINED_TRANSFORMATION($,$,#12745,#13011);
#53=ITEM_DEFINED_TRANSFORMATION($,$,#12759,#13012);
#54=ITEM_DEFINED_TRANSFORMATION($,$,#12773,#13013);
#55=ITEM_DEFINED_TRANSFORMATION($,$,#12787,#13014);
#56=ITEM_DEFINED_TRANSFORMATION($,$,#12801,#13015);
#57=ITEM_DEFINED_TRANSFORMATION($,$,#12815,#13016);
#58=ITEM_DEFINED_TRANSFORMATION($,$,#12829,#13017);
#59=ITEM_DEFINED_TRANSFORMATION($,$,#12851,#13018);
#60=ITEM_DEFINED_TRANSFORMATION($,$,#12873,#13019);
#61=ITEM_DEFINED_TRANSFORMATION($,$,#12895,#13020);
#62=ITEM_DEFINED_TRANSFORMATION($,$,#12917,#13021);
#63=ITEM_DEFINED_TRANSFORMATION($,$,#12939,#13022);
#64=ITEM_DEFINED_TRANSFORMATION($,$,#12988,#13023);
#65=ITEM_DEFINED_TRANSFORMATION($,$,#11947,#13024);
#66=ITEM_DEFINED_TRANSFORMATION($,$,#12250,#13025);
#67=ITEM_DEFINED_TRANSFORMATION($,$,#12439,#13026);
#68=ITEM_DEFINED_TRANSFORMATION($,$,#12549,#13027);
#69=ITEM_DEFINED_TRANSFORMATION($,$,#12589,#13028);
#70=ITEM_DEFINED_TRANSFORMATION($,$,#12682,#13029);
#71=(
REPRESENTATION_RELATIONSHIP($,$,#20122,#20121)
REPRESENTATION_RELATIONSHIP_WITH_TRANSFORMATION(#11)
SHAPE_REPRESENTATION_RELATIONSHIP()
);
#72=(
REPRESENTATION_RELATIONSHIP($,$,#20123,#20121)
REPRESENTATION_RELATIONSHIP_WITH_TRANSFORMATION(#12)
SHAPE_REPRESENTATION_RELATIONSHIP()
);
#73=(
REPRESENTATION_RELATIONSHIP($,$,#20124,#20121)
REPRESENTATION_RELATIONSHIP_WITH_TRANSFORMATION(#13)
SHAPE_REPRESENTATION_RELATIONSHIP()
);
#74=(
REPRESENTATION_RELATIONSHIP($,$,#20125,#20121)
REPRESENTATION_RELATIONSHIP_WITH_TRANSFORMATION(#14)
SHAPE_REPRESENTATION_RELATIONSHIP()
);
#75=(
REPRESENTATION_RELATIONSHIP($,$,#20126,#20121)
REPRESENTATION_RELATIONSHIP_WITH_TRANSFORMATION(#15)
SHAPE_REPRESENTATION_RELATIONSHIP()
);
#76=(
REPRESENTATION_RELATIONSHIP($,$,#20127,#20121)
REPRESENTATION_RELATIONSHIP_WITH_TRANSFORMATION(#16)
SHAPE_REPRESENTATION_RELATIONSHIP()
);
#77=(
REPRESENTATION_RELATIONSHIP($,$,#20128,#20121)
REPRESENTATION_RELATIONSHIP_WITH_TRANSFORMATION(#17)
SHAPE_REPRESENTATION_RELATIONSHIP()
);
#78=(
REPRESENTATION_RELATIONSHIP($,$,#20130,#20129)
REPRESENTATION_RELATIONSHIP_WITH_TRANSFORMATION(#18)
SHAPE_REPRESENTATION_RELATIONSHIP()
);
#79=(
REPRESENTATION_RELATIONSHIP($,$,#20131,#20129)
REPRESENTATION_RELATIONSHIP_WITH_TRANSFORMATION(#19)
SHAPE_REPRESENTATION_RELATIONSHIP()
);
#80=(
REPRESENTATION_RELATIONSHIP($,$,#20132,#20129)
REPRESENTATION_RELATIONSHIP_WITH_TRANSFORMATION(#20)
SHAPE_REPRESENTATION_RELATIONSHIP()
);
#81=(
REPRESENTATION_RELATIONSHIP($,$,#20133,#20129)
REPRESENTATION_RELATIONSHIP_WITH_TRANSFORMATION(#21)
SHAPE_REPRESENTATION_RELATIONSHIP()
);
#82=(
REPRESENTATION_RELATIONSHIP($,$,#20134,#20129)
REPRESENTATION_RELATIONSHIP_WITH_TRANSFORMATION(#22)
SHAPE_REPRESENTATION_RELATIONSHIP()
);
#83=(
REPRESENTATION_RELATIONSHIP($,$,#20135,#20129)
REPRESENTATION_RELATIONSHIP_WITH_TRANSFORMATION(#23)
SHAPE_REPRESENTATION_RELATIONSHIP()
);
#84=(
REPRESENTATION_RELATIONSHIP($,$,#20136,#20129)
REPRESENTATION_RELATIONSHIP_WITH_TRANSFORMATION(#24)
SHAPE_REPRESENTATION_RELATIONSHIP()
);
#85=(
REPRESENTATION_RELATIONSHIP($,$,#20137,#20129)
REPRESENTATION_RELATIONSHIP_WITH_TRANSFORMATION(#25)
SHAPE_REPRESENTATION_RELATIONSHIP()
);
#86=(
REPRESENTATION_RELATIONSHIP($,$,#20138,#20129)
REPRESENTATION_RELATIONSHIP_WITH_TRANSFORMATION(#26)
SHAPE_REPRESENTATION_RELATIONSHIP()
);
#87=(
REPRESENTATION_RELATIONSHIP($,$,#20139,#20129)
REPRESENTATION_RELATIONSHIP_WITH_TRANSFORMATION(#27)
SHAPE_REPRESENTATION_RELATIONSHIP()
);
#88=(
REPRESENTATION_RELATIONSHIP($,$,#20141,#20140)
REPRESENTATION_RELATIONSHIP_WITH_TRANSFORMATION(#28)
SHAPE_REPRESENTATION_RELATIONSHIP()
);
#89=(
REPRESENTATION_RELATIONSHIP($,$,#20142,#20140)
REPRESENTATION_RELATIONSHIP_WITH_TRANSFORMATION(#29)
SHAPE_REPRESENTATION_RELATIONSHIP()
);
#90=(
REPRESENTATION_RELATIONSHIP($,$,#20143,#20140)
REPRESENTATION_RELATIONSHIP_WITH_TRANSFORMATION(#30)
SHAPE_REPRESENTATION_RELATIONSHIP()
);
#91=(
REPRESENTATION_RELATIONSHIP($,$,#20144,#20140)
REPRESENTATION_RELATIONSHIP_WITH_TRANSFORMATION(#31)
SHAPE_REPRESENTATION_RELATIONSHIP()
);
#92=(
REPRESENTATION_RELATIONSHIP($,$,#20145,#20140)
REPRESENTATION_RELATIONSHIP_WITH_TRANSFORMATION(#32)
SHAPE_REPRESENTATION_RELATIONSHIP()
);
#93=(
REPRESENTATION_RELATIONSHIP($,$,#20146,#20140)
REPRESENTATION_RELATIONSHIP_WITH_TRANSFORMATION(#33)
SHAPE_REPRESENTATION_RELATIONSHIP()
);
#94=(
REPRESENTATION_RELATIONSHIP($,$,#20147,#20140)
REPRESENTATION_RELATIONSHIP_WITH_TRANSFORMATION(#34)
SHAPE_REPRESENTATION_RELATIONSHIP()
);
#95=(
REPRESENTATION_RELATIONSHIP($,$,#20148,#20140)
REPRESENTATION_RELATIONSHIP_WITH_TRANSFORMATION(#35)
SHAPE_REPRESENTATION_RELATIONSHIP()
);
#96=(
REPRESENTATION_RELATIONSHIP($,$,#20149,#20140)
REPRESENTATION_RELATIONSHIP_WITH_TRANSFORMATION(#36)
SHAPE_REPRESENTATION_RELATIONSHIP()
);
#97=(
REPRESENTATION_RELATIONSHIP($,$,#20151,#20150)
REPRESENTATION_RELATIONSHIP_WITH_TRANSFORMATION(#37)
SHAPE_REPRESENTATION_RELATIONSHIP()
);
#98=(
REPRESENTATION_RELATIONSHIP($,$,#20152,#20150)
REPRESENTATION_RELATIONSHIP_WITH_TRANSFORMATION(#38)
SHAPE_REPRESENTATION_RELATIONSHIP()
);
#99=(
REPRESENTATION_RELATIONSHIP($,$,#20153,#20150)
REPRESENTATION_RELATIONSHIP_WITH_TRANSFORMATION(#39)
SHAPE_REPRESENTATION_RELATIONSHIP()
);
#100=(
REPRESENTATION_RELATIONSHIP($,$,#20155,#20154)
REPRESENTATION_RELATIONSHIP_WITH_TRANSFORMATION(#40)
SHAPE_REPRESENTATION_RELATIONSHIP()
);
#101=(
REPRESENTATION_RELATIONSHIP($,$,#20156,#20154)
REPRESENTATION_RELATIONSHIP_WITH_TRANSFORMATION(#41)
SHAPE_REPRESENTATION_RELATIONSHIP()
);
#102=(
REPRESENTATION_RELATIONSHIP($,$,#20157,#20154)
REPRESENTATION_RELATIONSHIP_WITH_TRANSFORMATION(#42)
SHAPE_REPRESENTATION_RELATIONSHIP()
);
#103=(
REPRESENTATION_RELATIONSHIP($,$,#20158,#20154)
REPRESENTATION_RELATIONSHIP_WITH_TRANSFORMATION(#43)
SHAPE_REPRESENTATION_RELATIONSHIP()
);
#104=(
REPRESENTATION_RELATIONSHIP($,$,#20159,#20154)
REPRESENTATION_RELATIONSHIP_WITH_TRANSFORMATION(#44)
SHAPE_REPRESENTATION_RELATIONSHIP()
);
#105=(
REPRESENTATION_RELATIONSHIP($,$,#20160,#20154)
REPRESENTATION_RELATIONSHIP_WITH_TRANSFORMATION(#45)
SHAPE_REPRESENTATION_RELATIONSHIP()
);
#106=(
REPRESENTATION_RELATIONSHIP($,$,#20161,#20154)
REPRESENTATION_RELATIONSHIP_WITH_TRANSFORMATION(#46)
SHAPE_REPRESENTATION_RELATIONSHIP()
);
#107=(
REPRESENTATION_RELATIONSHIP($,$,#20165,#20164)
REPRESENTATION_RELATIONSHIP_WITH_TRANSFORMATION(#47)
SHAPE_REPRESENTATION_RELATIONSHIP()
);
#108=(
REPRESENTATION_RELATIONSHIP($,$,#20163,#20162)
REPRESENTATION_RELATIONSHIP_WITH_TRANSFORMATION(#48)
SHAPE_REPRESENTATION_RELATIONSHIP()
);
#109=(
REPRESENTATION_RELATIONSHIP($,$,#20164,#20162)
REPRESENTATION_RELATIONSHIP_WITH_TRANSFORMATION(#49)
SHAPE_REPRESENTATION_RELATIONSHIP()
);
#110=(
REPRESENTATION_RELATIONSHIP($,$,#20166,#20162)
REPRESENTATION_RELATIONSHIP_WITH_TRANSFORMATION(#50)
SHAPE_REPRESENTATION_RELATIONSHIP()
);
#111=(
REPRESENTATION_RELATIONSHIP($,$,#20167,#20162)
REPRESENTATION_RELATIONSHIP_WITH_TRANSFORMATION(#51)
SHAPE_REPRESENTATION_RELATIONSHIP()
);
#112=(
REPRESENTATION_RELATIONSHIP($,$,#20168,#20162)
REPRESENTATION_RELATIONSHIP_WITH_TRANSFORMATION(#52)
SHAPE_REPRESENTATION_RELATIONSHIP()
);
#113=(
REPRESENTATION_RELATIONSHIP($,$,#20169,#20162)
REPRESENTATION_RELATIONSHIP_WITH_TRANSFORMATION(#53)
SHAPE_REPRESENTATION_RELATIONSHIP()
);
#114=(
REPRESENTATION_RELATIONSHIP($,$,#20170,#20162)
REPRESENTATION_RELATIONSHIP_WITH_TRANSFORMATION(#54)
SHAPE_REPRESENTATION_RELATIONSHIP()
);
#115=(
REPRESENTATION_RELATIONSHIP($,$,#20171,#20162)
REPRESENTATION_RELATIONSHIP_WITH_TRANSFORMATION(#55)
SHAPE_REPRESENTATION_RELATIONSHIP()
);
#116=(
REPRESENTATION_RELATIONSHIP($,$,#20172,#20162)
REPRESENTATION_RELATIONSHIP_WITH_TRANSFORMATION(#56)
SHAPE_REPRESENTATION_RELATIONSHIP()
);
#117=(
REPRESENTATION_RELATIONSHIP($,$,#20173,#20162)
REPRESENTATION_RELATIONSHIP_WITH_TRANSFORMATION(#57)
SHAPE_REPRESENTATION_RELATIONSHIP()
);
#118=(
REPRESENTATION_RELATIONSHIP($,$,#20174,#20162)
REPRESENTATION_RELATIONSHIP_WITH_TRANSFORMATION(#58)
SHAPE_REPRESENTATION_RELATIONSHIP()
);
#119=(
REPRESENTATION_RELATIONSHIP($,$,#20175,#20162)
REPRESENTATION_RELATIONSHIP_WITH_TRANSFORMATION(#59)
SHAPE_REPRESENTATION_RELATIONSHIP()
);
#120=(
REPRESENTATION_RELATIONSHIP($,$,#20176,#20162)
REPRESENTATION_RELATIONSHIP_WITH_TRANSFORMATION(#60)
SHAPE_REPRESENTATION_RELATIONSHIP()
);
#121=(
REPRESENTATION_RELATIONSHIP($,$,#20177,#20162)
REPRESENTATION_RELATIONSHIP_WITH_TRANSFORMATION(#61)
SHAPE_REPRESENTATION_RELATIONSHIP()
);
#122=(
REPRESENTATION_RELATIONSHIP($,$,#20178,#20162)
REPRESENTATION_RELATIONSHIP_WITH_TRANSFORMATION(#62)
SHAPE_REPRESENTATION_RELATIONSHIP()
);
#123=(
REPRESENTATION_RELATIONSHIP($,$,#20179,#20162)
REPRESENTATION_RELATIONSHIP_WITH_TRANSFORMATION(#63)
SHAPE_REPRESENTATION_RELATIONSHIP()
);
#124=(
REPRESENTATION_RELATIONSHIP($,$,#20180,#20162)
REPRESENTATION_RELATIONSHIP_WITH_TRANSFORMATION(#64)
SHAPE_REPRESENTATION_RELATIONSHIP()
);
#125=(
REPRESENTATION_RELATIONSHIP($,$,#20121,#20120)
REPRESENTATION_RELATIONSHIP_WITH_TRANSFORMATION(#65)
SHAPE_REPRESENTATION_RELATIONSHIP()
);
#126=(
REPRESENTATION_RELATIONSHIP($,$,#20129,#20120)
REPRESENTATION_RELATIONSHIP_WITH_TRANSFORMATION(#66)
SHAPE_REPRESENTATION_RELATIONSHIP()
);
#127=(
REPRESENTATION_RELATIONSHIP($,$,#20140,#20120)
REPRESENTATION_RELATIONSHIP_WITH_TRANSFORMATION(#67)
SHAPE_REPRESENTATION_RELATIONSHIP()
);
#128=(
REPRESENTATION_RELATIONSHIP($,$,#20150,#20120)
REPRESENTATION_RELATIONSHIP_WITH_TRANSFORMATION(#68)
SHAPE_REPRESENTATION_RELATIONSHIP()
);
#129=(
REPRESENTATION_RELATIONSHIP($,$,#20154,#20120)
REPRESENTATION_RELATIONSHIP_WITH_TRANSFORMATION(#69)
SHAPE_REPRESENTATION_RELATIONSHIP()
);
#130=(
REPRESENTATION_RELATIONSHIP($,$,#20162,#20120)
REPRESENTATION_RELATIONSHIP_WITH_TRANSFORMATION(#70)
SHAPE_REPRESENTATION_RELATIONSHIP()
);
#131=CONTEXT_DEPENDENT_SHAPE_REPRESENTATION(#71,#20008);
#132=CONTEXT_DEPENDENT_SHAPE_REPRESENTATION(#72,#20009);
#133=CONTEXT_DEPENDENT_SHAPE_REPRESENTATION(#73,#20010);
#134=CONTEXT_DEPENDENT_SHAPE_REPRESENTATION(#74,#20011);
#135=CONTEXT_DEPENDENT_SHAPE_REPRESENTATION(#75,#20012);
#136=CONTEXT_DEPENDENT_SHAPE_REPRESENTATION(#76,#20013);
#137=CONTEXT_DEPENDENT_SHAPE_REPRESENTATION(#77,#20014);
#138=CONTEXT_DEPENDENT_SHAPE_REPRESENTATION(#78,#20026);
#139=CONTEXT_DEPENDENT_SHAPE_REPRESENTATION(#79,#20027);
#140=CONTEXT_DEPENDENT_SHAPE_REPRESENTATION(#80,#20028);
#141=CONTEXT_DEPENDENT_SHAPE_REPRESENTATION(#81,#20029);
#142=CONTEXT_DEPENDENT_SHAPE_REPRESENTATION(#82,#20030);
#143=CONTEXT_DEPENDENT_SHAPE_REPRESENTATION(#83,#20031);
#144=CONTEXT_DEPENDENT_SHAPE_REPRESENTATION(#84,#20032);
#145=CONTEXT_DEPENDENT_SHAPE_REPRESENTATION(#85,#20033);
#146=CONTEXT_DEPENDENT_SHAPE_REPRESENTATION(#86,#20034);
#147=CONTEXT_DEPENDENT_SHAPE_REPRESENTATION(#87,#20035);
#148=CONTEXT_DEPENDENT_SHAPE_REPRESENTATION(#88,#20046);
#149=CONTEXT_DEPENDENT_SHAPE_REPRESENTATION(#89,#20047);
#150=CONTEXT_DEPENDENT_SHAPE_REPRESENTATION(#90,#20048);
#151=CONTEXT_DEPENDENT_SHAPE_REPRESENTATION(#91,#20049);
#152=CONTEXT_DEPENDENT_SHAPE_REPRESENTATION(#92,#20050);
#153=CONTEXT_DEPENDENT_SHAPE_REPRESENTATION(#93,#20051);
#154=CONTEXT_DEPENDENT_SHAPE_REPRESENTATION(#94,#20052);
#155=CONTEXT_DEPENDENT_SHAPE_REPRESENTATION(#95,#20053);
#156=CONTEXT_DEPENDENT_SHAPE_REPRESENTATION(#96,#20054);
#157=CONTEXT_DEPENDENT_SHAPE_REPRESENTATION(#97,#20059);
#158=CONTEXT_DEPENDENT_SHAPE_REPRESENTATION(#98,#20060);
#159=CONTEXT_DEPENDENT_SHAPE_REPRESENTATION(#99,#20061);
#160=CONTEXT_DEPENDENT_SHAPE_REPRESENTATION(#100,#20070);
#161=CONTEXT_DEPENDENT_SHAPE_REPRESENTATION(#101,#20071);
#162=CONTEXT_DEPENDENT_SHAPE_REPRESENTATION(#102,#20072);
#163=CONTEXT_DEPENDENT_SHAPE_REPRESENTATION(#103,#20073);
#164=CONTEXT_DEPENDENT_SHAPE_REPRESENTATION(#104,#20074);
#165=CONTEXT_DEPENDENT_SHAPE_REPRESENTATION(#105,#20075);
#166=CONTEXT_DEPENDENT_SHAPE_REPRESENTATION(#106,#20076);
#167=CONTEXT_DEPENDENT_SHAPE_REPRESENTATION(#107,#20081);
#168=CONTEXT_DEPENDENT_SHAPE_REPRESENTATION(#108,#20097);
#169=CONTEXT_DEPENDENT_SHAPE_REPRESENTATION(#109,#20098);
#170=CONTEXT_DEPENDENT_SHAPE_REPRESENTATION(#110,#20099);
#171=CONTEXT_DEPENDENT_SHAPE_REPRESENTATION(#111,#20100);
#172=CONTEXT_DEPENDENT_SHAPE_REPRESENTATION(#112,#20101);
#173=CONTEXT_DEPENDENT_SHAPE_REPRESENTATION(#113,#20102);
#174=CONTEXT_DEPENDENT_SHAPE_REPRESENTATION(#114,#20103);
#175=CONTEXT_DEPENDENT_SHAPE_REPRESENTATION(#115,#20104);
#176=CONTEXT_DEPENDENT_SHAPE_REPRESENTATION(#116,#20105);
#177=CONTEXT_DEPENDENT_SHAPE_REPRESENTATION(#117,#20106);
#178=CONTEXT_DEPENDENT_SHAPE_REPRESENTATION(#118,#20107);
#179=CONTEXT_DEPENDENT_SHAPE_REPRESENTATION(#119,#20108);
#180=CONTEXT_DEPENDENT_SHAPE_REPRESENTATION(#120,#20109);
#181=CONTEXT_DEPENDENT_SHAPE_REPRESENTATION(#121,#20110);
#182=CONTEXT_DEPENDENT_SHAPE_REPRESENTATION(#122,#20111);
#183=CONTEXT_DEPENDENT_SHAPE_REPRESENTATION(#123,#20112);
#184=CONTEXT_DEPENDENT_SHAPE_REPRESENTATION(#124,#20113);
#185=CONTEXT_DEPENDENT_SHAPE_REPRESENTATION(#125,#20114);
#186=CONTEXT_DEPENDENT_SHAPE_REPRESENTATION(#126,#20115);
#187=CONTEXT_DEPENDENT_SHAPE_REPRESENTATION(#127,#20116);
#188=CONTEXT_DEPENDENT_SHAPE_REPRESENTATION(#128,#20117);
#189=CONTEXT_DEPENDENT_SHAPE_REPRESENTATION(#129,#20118);
#190=CONTEXT_DEPENDENT_SHAPE_REPRESENTATION(#130,#20119);
#191=NEXT_ASSEMBLY_USAGE_OCCURRENCE('Base_Plate_Al:1','Base_Plate_Al:1',
'Base_Plate_Al:1',#20183,#20184,'Base_Plate_Al:1');
#192=NEXT_ASSEMBLY_USAGE_OCCURRENCE('Left_Side_Plate_Al:1',
'Left_Side_Plate_Al:1','Left_Side_Plate_Al:1',#20183,#20185,
'Left_Side_Plate_Al:1');
#193=NEXT_ASSEMBLY_USAGE_OCCURRENCE('Right_Side_Plate_Al:1',
'Right_Side_Plate_Al:1','Right_Side_Plate_Al:1',#20183,#20186,
'Right_Side_Plate_Al:1');
#194=NEXT_ASSEMBLY_USAGE_OCCURRENCE('Top_Cover:1','Top_Cover:1',
'Top_Cover:1',#20183,#20187,'Top_Cover:1');
#195=NEXT_ASSEMBLY_USAGE_OCCURRENCE('Front_Wedge_L:1','Front_Wedge_L:1',
'Front_Wedge_L:1',#20183,#20188,'Front_Wedge_L:1');
#196=NEXT_ASSEMBLY_USAGE_OCCURRENCE('Front_Wedge_R:1','Front_Wedge_R:1',
'Front_Wedge_R:1',#20183,#20189,'Front_Wedge_R:1');
#197=NEXT_ASSEMBLY_USAGE_OCCURRENCE('Standoffs_Fasteners:1',
'Standoffs_Fasteners:1','Standoffs_Fasteners:1',#20183,#20190,
'Standoffs_Fasteners:1');
#198=NEXT_ASSEMBLY_USAGE_OCCURRENCE('Left_Wheel:1','Left_Wheel:1',
'Left_Wheel:1',#20191,#20192,'Left_Wheel:1');
#199=NEXT_ASSEMBLY_USAGE_OCCURRENCE('Right_Wheel:1','Right_Wheel:1',
'Right_Wheel:1',#20191,#20193,'Right_Wheel:1');
#200=NEXT_ASSEMBLY_USAGE_OCCURRENCE('TT_Gearbox_L:1','TT_Gearbox_L:1',
'TT_Gearbox_L:1',#20191,#20194,'TT_Gearbox_L:1');
#201=NEXT_ASSEMBLY_USAGE_OCCURRENCE('TT_Motor_Can_L:1',
'TT_Motor_Can_L:1','TT_Motor_Can_L:1',#20191,#20195,'TT_Motor_Can_L:1');
#202=NEXT_ASSEMBLY_USAGE_OCCURRENCE('TT_Gearbox_R:1','TT_Gearbox_R:1',
'TT_Gearbox_R:1',#20191,#20196,'TT_Gearbox_R:1');
#203=NEXT_ASSEMBLY_USAGE_OCCURRENCE('TT_Motor_Can_R:1',
'TT_Motor_Can_R:1','TT_Motor_Can_R:1',#20191,#20197,'TT_Motor_Can_R:1');
#204=NEXT_ASSEMBLY_USAGE_OCCURRENCE('TT_Motor_Mount_L:1',
'TT_Motor_Mount_L:1','TT_Motor_Mount_L:1',#20191,#20198,
'TT_Motor_Mount_L:1');
#205=NEXT_ASSEMBLY_USAGE_OCCURRENCE('TT_Motor_Clamp_L:1',
'TT_Motor_Clamp_L:1','TT_Motor_Clamp_L:1',#20191,#20199,
'TT_Motor_Clamp_L:1');
#206=NEXT_ASSEMBLY_USAGE_OCCURRENCE('TT_Motor_Mount_R:1',
'TT_Motor_Mount_R:1','TT_Motor_Mount_R:1',#20191,#20200,
'TT_Motor_Mount_R:1');
#207=NEXT_ASSEMBLY_USAGE_OCCURRENCE('TT_Motor_Clamp_R:1',
'TT_Motor_Clamp_R:1','TT_Motor_Clamp_R:1',#20191,#20201,
'TT_Motor_Clamp_R:1');
#208=NEXT_ASSEMBLY_USAGE_OCCURRENCE('Spinner_Shaft:1','Spinner_Shaft:1',
'Spinner_Shaft:1',#20202,#20203,'Spinner_Shaft:1');
#209=NEXT_ASSEMBLY_USAGE_OCCURRENCE('Left_Support:1','Left_Support:1',
'Left_Support:1',#20202,#20204,'Left_Support:1');
#210=NEXT_ASSEMBLY_USAGE_OCCURRENCE('Right_Support:1','Right_Support:1',
'Right_Support:1',#20202,#20205,'Right_Support:1');
#211=NEXT_ASSEMBLY_USAGE_OCCURRENCE('Spinner_Motor:1','Spinner_Motor:1',
'Spinner_Motor:1',#20202,#20206,'Spinner_Motor:1');
#212=NEXT_ASSEMBLY_USAGE_OCCURRENCE('Spinner_Bar:1','Spinner_Bar:1',
'Spinner_Bar:1',#20202,#20207,'Spinner_Bar:1');
#213=NEXT_ASSEMBLY_USAGE_OCCURRENCE('Spinner_Motor_Cradle:1',
'Spinner_Motor_Cradle:1','Spinner_Motor_Cradle:1',#20202,#20208,
'Spinner_Motor_Cradle:1');
#214=NEXT_ASSEMBLY_USAGE_OCCURRENCE('Weapon_Pulley:1','Weapon_Pulley:1',
'Weapon_Pulley:1',#20202,#20209,'Weapon_Pulley:1');
#215=NEXT_ASSEMBLY_USAGE_OCCURRENCE('Motor_Pulley:1','Motor_Pulley:1',
'Motor_Pulley:1',#20202,#20210,'Motor_Pulley:1');
#216=NEXT_ASSEMBLY_USAGE_OCCURRENCE('ESC_Tekko32:1','ESC_Tekko32:1',
'ESC_Tekko32:1',#20202,#20211,'ESC_Tekko32:1');
#217=NEXT_ASSEMBLY_USAGE_OCCURRENCE('Hammer_Servo:1','Hammer_Servo:1',
'Hammer_Servo:1',#20212,#20213,'Hammer_Servo:1');
#218=NEXT_ASSEMBLY_USAGE_OCCURRENCE('Hammer_Arm:1','Hammer_Arm:1',
'Hammer_Arm:1',#20212,#20214,'Hammer_Arm:1');
#219=NEXT_ASSEMBLY_USAGE_OCCURRENCE('Hammer_Head:1','Hammer_Head:1',
'Hammer_Head:1',#20212,#20215,'Hammer_Head:1');
#220=NEXT_ASSEMBLY_USAGE_OCCURRENCE('Battery_and_Tray:1',
'Battery_and_Tray:1','Battery_and_Tray:1',#20216,#20217,
'Battery_and_Tray:1');
#221=NEXT_ASSEMBLY_USAGE_OCCURRENCE('Rx_ER6:1','Rx_ER6:1','Rx_ER6:1',#20216,
#20218,'Rx_ER6:1');
#222=NEXT_ASSEMBLY_USAGE_OCCURRENCE('UBEC_5A:1','UBEC_5A:1','UBEC_5A:1',
#20216,#20219,'UBEC_5A:1');
#223=NEXT_ASSEMBLY_USAGE_OCCURRENCE('DRV8874_A:1','DRV8874_A:1',
'DRV8874_A:1',#20216,#20220,'DRV8874_A:1');
#224=NEXT_ASSEMBLY_USAGE_OCCURRENCE('DRV8874_B:1','DRV8874_B:1',
'DRV8874_B:1',#20216,#20221,'DRV8874_B:1');
#225=NEXT_ASSEMBLY_USAGE_OCCURRENCE('ESP32_DevKit:1','ESP32_DevKit:1',
'ESP32_DevKit:1',#20216,#20222,'ESP32_DevKit:1');
#226=NEXT_ASSEMBLY_USAGE_OCCURRENCE('FingerTech_Mini_Switch_Envelope:1',
'FingerTech_Mini_Switch_Envelope:1','FingerTech_Mini_Switch_Envelope:1',
#20216,#20223,'FingerTech_Mini_Switch_Envelope:1');
#227=NEXT_ASSEMBLY_USAGE_OCCURRENCE('Rear_Panel:1','Rear_Panel:1',
'Rear_Panel:1',#20226,#20227,'Rear_Panel:1');
#228=NEXT_ASSEMBLY_USAGE_OCCURRENCE('Wire_Clips:1','Wire_Clips:1',
'Wire_Clips:1',#20224,#20225,'Wire_Clips:1');
#229=NEXT_ASSEMBLY_USAGE_OCCURRENCE('Non_Structural_Covers:1',
'Non_Structural_Covers:1','Non_Structural_Covers:1',#20224,#20226,
'Non_Structural_Covers:1');
#230=NEXT_ASSEMBLY_USAGE_OCCURRENCE('TPU_Bumpers:1','TPU_Bumpers:1',
'TPU_Bumpers:1',#20224,#20228,'TPU_Bumpers:1');
#231=NEXT_ASSEMBLY_USAGE_OCCURRENCE('Battery_Holder:1',
'Battery_Holder:1','Battery_Holder:1',#20224,#20229,'Battery_Holder:1');
#232=NEXT_ASSEMBLY_USAGE_OCCURRENCE('Batt_Post_1:1','Batt_Post_1:1',
'Batt_Post_1:1',#20224,#20230,'Batt_Post_1:1');
#233=NEXT_ASSEMBLY_USAGE_OCCURRENCE('Batt_Post_2:1','Batt_Post_2:1',
'Batt_Post_2:1',#20224,#20231,'Batt_Post_2:1');
#234=NEXT_ASSEMBLY_USAGE_OCCURRENCE('Batt_Post_3:1','Batt_Post_3:1',
'Batt_Post_3:1',#20224,#20232,'Batt_Post_3:1');
#235=NEXT_ASSEMBLY_USAGE_OCCURRENCE('Batt_Post_4:1','Batt_Post_4:1',
'Batt_Post_4:1',#20224,#20233,'Batt_Post_4:1');
#236=NEXT_ASSEMBLY_USAGE_OCCURRENCE('Disconnect_Post_1:1',
'Disconnect_Post_1:1','Disconnect_Post_1:1',#20224,#20234,
'Disconnect_Post_1:1');
#237=NEXT_ASSEMBLY_USAGE_OCCURRENCE('Disconnect_Post_2:1',
'Disconnect_Post_2:1','Disconnect_Post_2:1',#20224,#20235,
'Disconnect_Post_2:1');
#238=NEXT_ASSEMBLY_USAGE_OCCURRENCE('Holder_ESC_Tekko32:1',
'Holder_ESC_Tekko32:1','Holder_ESC_Tekko32:1',#20224,#20236,
'Holder_ESC_Tekko32:1');
#239=NEXT_ASSEMBLY_USAGE_OCCURRENCE('Holder_Rx_ER6:1','Holder_Rx_ER6:1',
'Holder_Rx_ER6:1',#20224,#20237,'Holder_Rx_ER6:1');
#240=NEXT_ASSEMBLY_USAGE_OCCURRENCE('Holder_UBEC_5A:1',
'Holder_UBEC_5A:1','Holder_UBEC_5A:1',#20224,#20238,'Holder_UBEC_5A:1');
#241=NEXT_ASSEMBLY_USAGE_OCCURRENCE('Holder_DRV8874_A:1',
'Holder_DRV8874_A:1','Holder_DRV8874_A:1',#20224,#20239,
'Holder_DRV8874_A:1');
#242=NEXT_ASSEMBLY_USAGE_OCCURRENCE('Holder_DRV8874_B:1',
'Holder_DRV8874_B:1','Holder_DRV8874_B:1',#20224,#20240,
'Holder_DRV8874_B:1');
#243=NEXT_ASSEMBLY_USAGE_OCCURRENCE('Holder_ESP32:1','Holder_ESP32:1',
'Holder_ESP32:1',#20224,#20241,'Holder_ESP32:1');
#244=NEXT_ASSEMBLY_USAGE_OCCURRENCE('FingerTech_Switch_Adapter:1',
'FingerTech_Switch_Adapter:1','FingerTech_Switch_Adapter:1',#20224,#20242,
'FingerTech_Switch_Adapter:1');
#245=NEXT_ASSEMBLY_USAGE_OCCURRENCE('01_Chassis:1','01_Chassis:1',
'01_Chassis:1',#20182,#20183,'01_Chassis:1');
#246=NEXT_ASSEMBLY_USAGE_OCCURRENCE('02_Drivetrain:1','02_Drivetrain:1',
'02_Drivetrain:1',#20182,#20191,'02_Drivetrain:1');
#247=NEXT_ASSEMBLY_USAGE_OCCURRENCE('03_Front_Spinner:1',
'03_Front_Spinner:1','03_Front_Spinner:1',#20182,#20202,
'03_Front_Spinner:1');
#248=NEXT_ASSEMBLY_USAGE_OCCURRENCE('04_Top_Hammer:1','04_Top_Hammer:1',
'04_Top_Hammer:1',#20182,#20212,'04_Top_Hammer:1');
#249=NEXT_ASSEMBLY_USAGE_OCCURRENCE('05_Electronics:1',
'05_Electronics:1','05_Electronics:1',#20182,#20216,'05_Electronics:1');
#250=NEXT_ASSEMBLY_USAGE_OCCURRENCE('06_3D_Printed:1','06_3D_Printed:1',
'06_3D_Printed:1',#20182,#20224,'06_3D_Printed:1');
#251=B_SPLINE_CURVE_WITH_KNOTS('',3,(#16984,#16985,#16986,#16987,#16988,
#16989,#16990,#16991,#16992,#16993),.UNSPECIFIED.,.F.,.F.,(4,2,2,2,4),(0.,
0.0477540428324852,0.0955080856649705,0.143204422624823,0.190900759584675),
 .UNSPECIFIED.);
#252=B_SPLINE_CURVE_WITH_KNOTS('',3,(#16995,#16996,#16997,#16998,#16999,
#17000,#17001,#17002,#17003,#17004),.UNSPECIFIED.,.F.,.F.,(4,2,2,2,4),(0.572702278754025,
0.620398615713877,0.66809495267373,0.715848995506215,0.7636030383387),
 .UNSPECIFIED.);
#253=B_SPLINE_CURVE_WITH_KNOTS('',3,(#17005,#17006,#17007,#17008,#17009,
#17010,#17011,#17012,#17013,#17014,#17015,#17016,#17017,#17018,#17019,#17020,
#17021,#17022),.UNSPECIFIED.,.F.,.F.,(4,2,2,2,2,2,2,2,4),(0.190900759584675,
0.238597096544527,0.286293433504379,0.334047476336865,0.38180151916935,
0.429555562001835,0.47730960483432,0.525005941794173,0.572702278754025),
 .UNSPECIFIED.);
#254=B_SPLINE_CURVE_WITH_KNOTS('',3,(#17026,#17027,#17028,#17029,#17030,
#17031,#17032,#17033,#17034,#17035,#17036,#17037,#17038,#17039,#17040,#17041,
#17042,#17043,#17044,#17045,#17046,#17047,#17048,#17049,#17050,#17051),
 .UNSPECIFIED.,.F.,.F.,(4,2,2,2,2,2,2,2,2,2,2,2,4),(0.,0.0477540428324852,
0.0955080856649705,0.143204422624823,0.190900759584675,0.238597096544527,
0.28629343350438,0.334047476336865,0.38180151916935,0.429555562001835,0.477309604834321,
0.525005941794173,0.572702278754025),.UNSPECIFIED.);
#255=B_SPLINE_CURVE_WITH_KNOTS('',3,(#17052,#17053,#17054,#17055,#17056,
#17057,#17058,#17059,#17060,#17061),.UNSPECIFIED.,.F.,.F.,(4,2,2,2,4),(0.572702278754025,
0.620398615713877,0.66809495267373,0.715848995506215,0.7636030383387),
 .UNSPECIFIED.);
#256=B_SPLINE_CURVE_WITH_KNOTS('',3,(#17087,#17088,#17089,#17090,#17091,
#17092,#17093,#17094,#17095,#17096,#17097,#17098,#17099,#17100,#17101,#17102,
#17103,#17104,#17105,#17106,#17107,#17108,#17109,#17110,#17111,#17112,#17113,
#17114,#17115,#17116,#17117,#17118,#17119,#17120),.UNSPECIFIED.,.T.,.F.,
(4,2,2,2,2,2,2,2,2,2,2,2,2,2,2,2,4),(0.,0.0477540428324855,0.095508085664971,
0.143204422624824,0.190900759584677,0.238597096544529,0.286293433504382,
0.334047476336867,0.381801519169353,0.429555562001838,0.477309604834323,
0.525005941794176,0.572702278754028,0.62039861571388,0.668094952673732,
0.715848995506217,0.763603038338702),.UNSPECIFIED.);
#257=B_SPLINE_CURVE_WITH_KNOTS('',3,(#17123,#17124,#17125,#17126,#17127,
#17128,#17129,#17130,#17131,#17132,#17133,#17134,#17135,#17136,#17137,#17138,
#17139,#17140,#17141,#17142,#17143,#17144,#17145,#17146,#17147,#17148,#17149,
#17150,#17151,#17152,#17153,#17154,#17155,#17156),.UNSPECIFIED.,.T.,.F.,
(4,2,2,2,2,2,2,2,2,2,2,2,2,2,2,2,4),(0.,0.0477540428324852,0.0955080856649704,
0.143204422624823,0.190900759584675,0.238597096544527,0.286293433504379,
0.334047476336864,0.381801519169349,0.429555562001835,0.47730960483432,
0.525005941794173,0.572702278754026,0.620398615713879,0.668094952673731,
0.715848995506217,0.763603038338702),.UNSPECIFIED.);
#258=B_SPLINE_CURVE_WITH_KNOTS('',3,(#17159,#17160,#17161,#17162,#17163,
#17164,#17165,#17166,#17167,#17168,#17169,#17170,#17171,#17172,#17173,#17174,
#17175,#17176,#17177,#17178,#17179,#17180,#17181,#17182,#17183,#17184,#17185,
#17186,#17187,#17188,#17189,#17190,#17191,#17192),.UNSPECIFIED.,.T.,.F.,
(4,2,2,2,2,2,2,2,2,2,2,2,2,2,2,2,4),(0.,0.0477540428324852,0.0955080856649705,
0.143204422624823,0.190900759584675,0.238597096544527,0.28629343350438,
0.334047476336865,0.38180151916935,0.429555562001836,0.477309604834321,
0.525005941794173,0.572702278754026,0.620398615713878,0.66809495267373,
0.715848995506216,0.763603038338701),.UNSPECIFIED.);
#259=B_SPLINE_CURVE_WITH_KNOTS('',3,(#17195,#17196,#17197,#17198,#17199,
#17200,#17201,#17202,#17203,#17204,#17205,#17206,#17207,#17208,#17209,#17210,
#17211,#17212,#17213,#17214,#17215,#17216,#17217,#17218,#17219,#17220,#17221,
#17222,#17223,#17224,#17225,#17226,#17227,#17228),.UNSPECIFIED.,.T.,.F.,
(4,2,2,2,2,2,2,2,2,2,2,2,2,2,2,2,4),(0.,0.0477540428324855,0.0955080856649709,
0.143204422624823,0.190900759584675,0.238597096544528,0.28629343350438,
0.334047476336865,0.381801519169351,0.429555562001836,0.477309604834321,
0.525005941794173,0.572702278754026,0.620398615713878,0.66809495267373,
0.715848995506216,0.763603038338701),.UNSPECIFIED.);
#260=B_SPLINE_CURVE_WITH_KNOTS('',3,(#17232,#17233,#17234,#17235,#17236,
#17237,#17238,#17239,#17240,#17241),.UNSPECIFIED.,.F.,.F.,(4,2,2,2,4),(0.,
0.047754042832485,0.09550808566497,0.143204422624823,0.190900759584675),
 .UNSPECIFIED.);
#261=B_SPLINE_CURVE_WITH_KNOTS('',3,(#17243,#17244,#17245,#17246,#17247,
#17248,#17249,#17250,#17251,#17252),.UNSPECIFIED.,.F.,.F.,(4,2,2,2,4),(0.572702278754026,
0.620398615713879,0.668094952673732,0.715848995506217,0.763603038338702),
 .UNSPECIFIED.);
#262=B_SPLINE_CURVE_WITH_KNOTS('',3,(#17253,#17254,#17255,#17256,#17257,
#17258,#17259,#17260,#17261,#17262,#17263,#17264,#17265,#17266,#17267,#17268,
#17269,#17270),.UNSPECIFIED.,.F.,.F.,(4,2,2,2,2,2,2,2,4),(0.190900759584675,
0.238597096544528,0.286293433504381,0.334047476336866,0.381801519169351,
0.429555562001836,0.477309604834321,0.525005941794173,0.572702278754026),
 .UNSPECIFIED.);
#263=B_SPLINE_CURVE_WITH_KNOTS('',3,(#17274,#17275,#17276,#17277,#17278,
#17279,#17280,#17281,#17282,#17283,#17284,#17285,#17286,#17287,#17288,#17289,
#17290,#17291,#17292,#17293,#17294,#17295,#17296,#17297,#17298,#17299),
 .UNSPECIFIED.,.F.,.F.,(4,2,2,2,2,2,2,2,2,2,2,2,4),(0.,0.047754042832485,
0.09550808566497,0.143204422624823,0.190900759584675,0.238597096544528,
0.286293433504381,0.334047476336866,0.381801519169351,0.429555562001836,
0.477309604834321,0.525005941794173,0.572702278754026),.UNSPECIFIED.);
#264=B_SPLINE_CURVE_WITH_KNOTS('',3,(#17300,#17301,#17302,#17303,#17304,
#17305,#17306,#17307,#17308,#17309),.UNSPECIFIED.,.F.,.F.,(4,2,2,2,4),(0.572702278754026,
0.620398615713879,0.668094952673732,0.715848995506217,0.763603038338702),
 .UNSPECIFIED.);
#265=B_SPLINE_CURVE_WITH_KNOTS('',3,(#17336,#17337,#17338,#17339,#17340,
#17341,#17342,#17343,#17344,#17345),.UNSPECIFIED.,.F.,.F.,(4,2,2,2,4),(0.,
0.047754042832485,0.09550808566497,0.143204422624823,0.190900759584675),
 .UNSPECIFIED.);
#266=B_SPLINE_CURVE_WITH_KNOTS('',3,(#17347,#17348,#17349,#17350,#17351,
#17352,#17353,#17354,#17355,#17356),.UNSPECIFIED.,.F.,.F.,(4,2,2,2,4),(0.572702278754026,
0.620398615713879,0.668094952673732,0.715848995506217,0.763603038338702),
 .UNSPECIFIED.);
#267=B_SPLINE_CURVE_WITH_KNOTS('',3,(#17357,#17358,#17359,#17360,#17361,
#17362,#17363,#17364,#17365,#17366,#17367,#17368,#17369,#17370,#17371,#17372,
#17373,#17374),.UNSPECIFIED.,.F.,.F.,(4,2,2,2,2,2,2,2,4),(0.190900759584675,
0.238597096544528,0.286293433504381,0.334047476336866,0.381801519169351,
0.429555562001836,0.477309604834321,0.525005941794173,0.572702278754026),
 .UNSPECIFIED.);
#268=B_SPLINE_CURVE_WITH_KNOTS('',3,(#17378,#17379,#17380,#17381,#17382,
#17383,#17384,#17385,#17386,#17387,#17388,#17389,#17390,#17391,#17392,#17393,
#17394,#17395,#17396,#17397,#17398,#17399,#17400,#17401,#17402,#17403),
 .UNSPECIFIED.,.F.,.F.,(4,2,2,2,2,2,2,2,2,2,2,2,4),(0.,0.047754042832485,
0.09550808566497,0.143204422624823,0.190900759584675,0.238597096544528,
0.286293433504381,0.334047476336866,0.381801519169351,0.429555562001836,
0.477309604834321,0.525005941794173,0.572702278754026),.UNSPECIFIED.);
#269=B_SPLINE_CURVE_WITH_KNOTS('',3,(#17404,#17405,#17406,#17407,#17408,
#17409,#17410,#17411,#17412,#17413),.UNSPECIFIED.,.F.,.F.,(4,2,2,2,4),(0.572702278754026,
0.620398615713879,0.668094952673732,0.715848995506217,0.763603038338702),
 .UNSPECIFIED.);
#270=B_SPLINE_CURVE_WITH_KNOTS('',3,(#17440,#17441,#17442,#17443,#17444,
#17445,#17446,#17447,#17448,#17449),.UNSPECIFIED.,.F.,.F.,(4,2,2,2,4),(0.,
0.0477540428324852,0.0955080856649705,0.143204422624823,0.190900759584675),
 .UNSPECIFIED.);
#271=B_SPLINE_CURVE_WITH_KNOTS('',3,(#17451,#17452,#17453,#17454,#17455,
#17456,#17457,#17458,#17459,#17460),.UNSPECIFIED.,.F.,.F.,(4,2,2,2,4),(0.572702278754025,
0.620398615713877,0.66809495267373,0.715848995506215,0.7636030383387),
 .UNSPECIFIED.);
#272=B_SPLINE_CURVE_WITH_KNOTS('',3,(#17461,#17462,#17463,#17464,#17465,
#17466,#17467,#17468,#17469,#17470,#17471,#17472,#17473,#17474,#17475,#17476,
#17477,#17478),.UNSPECIFIED.,.F.,.F.,(4,2,2,2,2,2,2,2,4),(0.190900759584675,
0.238597096544527,0.286293433504379,0.334047476336865,0.38180151916935,
0.429555562001835,0.47730960483432,0.525005941794173,0.572702278754025),
 .UNSPECIFIED.);
#273=B_SPLINE_CURVE_WITH_KNOTS('',3,(#17482,#17483,#17484,#17485,#17486,
#17487,#17488,#17489,#17490,#17491,#17492,#17493,#17494,#17495,#17496,#17497,
#17498,#17499,#17500,#17501,#17502,#17503,#17504,#17505,#17506,#17507),
 .UNSPECIFIED.,.F.,.F.,(4,2,2,2,2,2,2,2,2,2,2,2,4),(0.,0.0477540428324852,
0.0955080856649705,0.143204422624823,0.190900759584675,0.238597096544527,
0.28629343350438,0.334047476336865,0.38180151916935,0.429555562001835,0.477309604834321,
0.525005941794173,0.572702278754025),.UNSPECIFIED.);
#274=B_SPLINE_CURVE_WITH_KNOTS('',3,(#17508,#17509,#17510,#17511,#17512,
#17513,#17514,#17515,#17516,#17517),.UNSPECIFIED.,.F.,.F.,(4,2,2,2,4),(0.572702278754025,
0.620398615713877,0.66809495267373,0.715848995506215,0.7636030383387),
 .UNSPECIFIED.);
#275=ELLIPSE('',#12148,2.31624696438009,1.25);
#276=ELLIPSE('',#12168,2.31624696438009,1.25);
#277=SHAPE_REPRESENTATION_RELATIONSHIP('SRR','None',#20122,#328);
#278=SHAPE_REPRESENTATION_RELATIONSHIP('SRR','None',#20123,#329);
#279=SHAPE_REPRESENTATION_RELATIONSHIP('SRR','None',#20124,#330);
#280=SHAPE_REPRESENTATION_RELATIONSHIP('SRR','None',#20125,#331);
#281=SHAPE_REPRESENTATION_RELATIONSHIP('SRR','None',#20126,#332);
#282=SHAPE_REPRESENTATION_RELATIONSHIP('SRR','None',#20127,#333);
#283=SHAPE_REPRESENTATION_RELATIONSHIP('SRR','None',#20128,#334);
#284=SHAPE_REPRESENTATION_RELATIONSHIP('SRR','None',#20130,#335);
#285=SHAPE_REPRESENTATION_RELATIONSHIP('SRR','None',#20131,#336);
#286=SHAPE_REPRESENTATION_RELATIONSHIP('SRR','None',#20132,#337);
#287=SHAPE_REPRESENTATION_RELATIONSHIP('SRR','None',#20133,#338);
#288=SHAPE_REPRESENTATION_RELATIONSHIP('SRR','None',#20134,#339);
#289=SHAPE_REPRESENTATION_RELATIONSHIP('SRR','None',#20135,#340);
#290=SHAPE_REPRESENTATION_RELATIONSHIP('SRR','None',#20136,#341);
#291=SHAPE_REPRESENTATION_RELATIONSHIP('SRR','None',#20137,#342);
#292=SHAPE_REPRESENTATION_RELATIONSHIP('SRR','None',#20138,#343);
#293=SHAPE_REPRESENTATION_RELATIONSHIP('SRR','None',#20139,#344);
#294=SHAPE_REPRESENTATION_RELATIONSHIP('SRR','None',#20141,#345);
#295=SHAPE_REPRESENTATION_RELATIONSHIP('SRR','None',#20142,#346);
#296=SHAPE_REPRESENTATION_RELATIONSHIP('SRR','None',#20143,#347);
#297=SHAPE_REPRESENTATION_RELATIONSHIP('SRR','None',#20144,#348);
#298=SHAPE_REPRESENTATION_RELATIONSHIP('SRR','None',#20145,#349);
#299=SHAPE_REPRESENTATION_RELATIONSHIP('SRR','None',#20146,#350);
#300=SHAPE_REPRESENTATION_RELATIONSHIP('SRR','None',#20147,#351);
#301=SHAPE_REPRESENTATION_RELATIONSHIP('SRR','None',#20148,#352);
#302=SHAPE_REPRESENTATION_RELATIONSHIP('SRR','None',#20149,#353);
#303=SHAPE_REPRESENTATION_RELATIONSHIP('SRR','None',#20151,#354);
#304=SHAPE_REPRESENTATION_RELATIONSHIP('SRR','None',#20152,#355);
#305=SHAPE_REPRESENTATION_RELATIONSHIP('SRR','None',#20153,#356);
#306=SHAPE_REPRESENTATION_RELATIONSHIP('SRR','None',#20155,#357);
#307=SHAPE_REPRESENTATION_RELATIONSHIP('SRR','None',#20156,#358);
#308=SHAPE_REPRESENTATION_RELATIONSHIP('SRR','None',#20157,#359);
#309=SHAPE_REPRESENTATION_RELATIONSHIP('SRR','None',#20158,#360);
#310=SHAPE_REPRESENTATION_RELATIONSHIP('SRR','None',#20159,#361);
#311=SHAPE_REPRESENTATION_RELATIONSHIP('SRR','None',#20160,#362);
#312=SHAPE_REPRESENTATION_RELATIONSHIP('SRR','None',#20161,#363);
#313=SHAPE_REPRESENTATION_RELATIONSHIP('SRR','None',#20165,#364);
#314=SHAPE_REPRESENTATION_RELATIONSHIP('SRR','None',#20167,#365);
#315=SHAPE_REPRESENTATION_RELATIONSHIP('SRR','None',#20168,#366);
#316=SHAPE_REPRESENTATION_RELATIONSHIP('SRR','None',#20169,#367);
#317=SHAPE_REPRESENTATION_RELATIONSHIP('SRR','None',#20170,#368);
#318=SHAPE_REPRESENTATION_RELATIONSHIP('SRR','None',#20171,#369);
#319=SHAPE_REPRESENTATION_RELATIONSHIP('SRR','None',#20172,#370);
#320=SHAPE_REPRESENTATION_RELATIONSHIP('SRR','None',#20173,#371);
#321=SHAPE_REPRESENTATION_RELATIONSHIP('SRR','None',#20174,#372);
#322=SHAPE_REPRESENTATION_RELATIONSHIP('SRR','None',#20175,#373);
#323=SHAPE_REPRESENTATION_RELATIONSHIP('SRR','None',#20176,#374);
#324=SHAPE_REPRESENTATION_RELATIONSHIP('SRR','None',#20177,#375);
#325=SHAPE_REPRESENTATION_RELATIONSHIP('SRR','None',#20178,#376);
#326=SHAPE_REPRESENTATION_RELATIONSHIP('SRR','None',#20179,#377);
#327=SHAPE_REPRESENTATION_RELATIONSHIP('SRR','None',#20180,#378);
#328=ADVANCED_BREP_SHAPE_REPRESENTATION('',(#438),#19874);
#329=ADVANCED_BREP_SHAPE_REPRESENTATION('',(#439),#19875);
#330=ADVANCED_BREP_SHAPE_REPRESENTATION('',(#440),#19876);
#331=ADVANCED_BREP_SHAPE_REPRESENTATION('',(#441),#19877);
#332=ADVANCED_BREP_SHAPE_REPRESENTATION('',(#442),#19878);
#333=ADVANCED_BREP_SHAPE_REPRESENTATION('',(#443),#19879);
#334=ADVANCED_BREP_SHAPE_REPRESENTATION('',(#444,#445,#446,#447),#19880);
#335=ADVANCED_BREP_SHAPE_REPRESENTATION('',(#448),#19882);
#336=ADVANCED_BREP_SHAPE_REPRESENTATION('',(#449),#19883);
#337=ADVANCED_BREP_SHAPE_REPRESENTATION('',(#450),#19884);
#338=ADVANCED_BREP_SHAPE_REPRESENTATION('',(#451),#19885);
#339=ADVANCED_BREP_SHAPE_REPRESENTATION('',(#452),#19886);
#340=ADVANCED_BREP_SHAPE_REPRESENTATION('',(#453),#19887);
#341=ADVANCED_BREP_SHAPE_REPRESENTATION('',(#454),#19888);
#342=ADVANCED_BREP_SHAPE_REPRESENTATION('',(#455),#19889);
#343=ADVANCED_BREP_SHAPE_REPRESENTATION('',(#456),#19890);
#344=ADVANCED_BREP_SHAPE_REPRESENTATION('',(#457),#19891);
#345=ADVANCED_BREP_SHAPE_REPRESENTATION('',(#458),#19893);
#346=ADVANCED_BREP_SHAPE_REPRESENTATION('',(#459),#19894);
#347=ADVANCED_BREP_SHAPE_REPRESENTATION('',(#460),#19895);
#348=ADVANCED_BREP_SHAPE_REPRESENTATION('',(#461),#19896);
#349=ADVANCED_BREP_SHAPE_REPRESENTATION('',(#462),#19897);
#350=ADVANCED_BREP_SHAPE_REPRESENTATION('',(#463),#19898);
#351=ADVANCED_BREP_SHAPE_REPRESENTATION('',(#464),#19899);
#352=ADVANCED_BREP_SHAPE_REPRESENTATION('',(#465),#19900);
#353=ADVANCED_BREP_SHAPE_REPRESENTATION('',(#466),#19901);
#354=ADVANCED_BREP_SHAPE_REPRESENTATION('',(#467),#19903);
#355=ADVANCED_BREP_SHAPE_REPRESENTATION('',(#468),#19904);
#356=ADVANCED_BREP_SHAPE_REPRESENTATION('',(#469),#19905);
#357=ADVANCED_BREP_SHAPE_REPRESENTATION('',(#470),#19907);
#358=ADVANCED_BREP_SHAPE_REPRESENTATION('',(#471),#19908);
#359=ADVANCED_BREP_SHAPE_REPRESENTATION('',(#472),#19909);
#360=ADVANCED_BREP_SHAPE_REPRESENTATION('',(#473),#19910);
#361=ADVANCED_BREP_SHAPE_REPRESENTATION('',(#474),#19911);
#362=ADVANCED_BREP_SHAPE_REPRESENTATION('',(#475,#476,#477,#478),#19912);
#363=ADVANCED_BREP_SHAPE_REPRESENTATION('',(#479),#19913);
#364=ADVANCED_BREP_SHAPE_REPRESENTATION('',(#480),#19917);
#365=ADVANCED_BREP_SHAPE_REPRESENTATION('',(#481,#482,#483),#19919);
#366=ADVANCED_BREP_SHAPE_REPRESENTATION('',(#484),#19920);
#367=ADVANCED_BREP_SHAPE_REPRESENTATION('',(#485),#19921);
#368=ADVANCED_BREP_SHAPE_REPRESENTATION('',(#486),#19922);
#369=ADVANCED_BREP_SHAPE_REPRESENTATION('',(#487),#19923);
#370=ADVANCED_BREP_SHAPE_REPRESENTATION('',(#488),#19924);
#371=ADVANCED_BREP_SHAPE_REPRESENTATION('',(#489),#19925);
#372=ADVANCED_BREP_SHAPE_REPRESENTATION('',(#490),#19926);
#373=ADVANCED_BREP_SHAPE_REPRESENTATION('',(#491),#19927);
#374=ADVANCED_BREP_SHAPE_REPRESENTATION('',(#492),#19928);
#375=ADVANCED_BREP_SHAPE_REPRESENTATION('',(#493),#19929);
#376=ADVANCED_BREP_SHAPE_REPRESENTATION('',(#494),#19930);
#377=ADVANCED_BREP_SHAPE_REPRESENTATION('',(#495),#19931);
#378=ADVANCED_BREP_SHAPE_REPRESENTATION('',(#496),#19932);
#379=STYLED_ITEM('',(#20430),#438);
#380=STYLED_ITEM('',(#20430),#439);
#381=STYLED_ITEM('',(#20430),#440);
#382=STYLED_ITEM('',(#20431),#441);
#383=STYLED_ITEM('',(#20430),#442);
#384=STYLED_ITEM('',(#20430),#443);
#385=STYLED_ITEM('',(#20430),#444);
#386=STYLED_ITEM('',(#20430),#445);
#387=STYLED_ITEM('',(#20430),#446);
#388=STYLED_ITEM('',(#20430),#447);
#389=STYLED_ITEM('',(#20432),#448);
#390=STYLED_ITEM('',(#20432),#449);
#391=STYLED_ITEM('',(#20431),#450);
#392=STYLED_ITEM('',(#20429),#451);
#393=STYLED_ITEM('',(#20431),#452);
#394=STYLED_ITEM('',(#20429),#453);
#395=STYLED_ITEM('',(#20430),#454);
#396=STYLED_ITEM('',(#20430),#455);
#397=STYLED_ITEM('',(#20430),#456);
#398=STYLED_ITEM('',(#20430),#457);
#399=STYLED_ITEM('',(#20429),#458);
#400=STYLED_ITEM('',(#20430),#459);
#401=STYLED_ITEM('',(#20430),#460);
#402=STYLED_ITEM('',(#20430),#461);
#403=STYLED_ITEM('',(#20430),#462);
#404=STYLED_ITEM('',(#20430),#463);
#405=STYLED_ITEM('',(#20430),#464);
#406=STYLED_ITEM('',(#20430),#465);
#407=STYLED_ITEM('',(#20432),#466);
#408=STYLED_ITEM('',(#20432),#467);
#409=STYLED_ITEM('',(#20430),#468);
#410=STYLED_ITEM('',(#20430),#469);
#411=STYLED_ITEM('',(#20432),#470);
#412=STYLED_ITEM('',(#20432),#471);
#413=STYLED_ITEM('',(#20432),#472);
#414=STYLED_ITEM('',(#20432),#473);
#415=STYLED_ITEM('',(#20432),#474);
#416=STYLED_ITEM('',(#20432),#475);
#417=STYLED_ITEM('',(#20432),#476);
#418=STYLED_ITEM('',(#20432),#477);
#419=STYLED_ITEM('',(#20432),#478);
#420=STYLED_ITEM('',(#20431),#479);
#421=STYLED_ITEM('',(#20431),#480);
#422=STYLED_ITEM('',(#20431),#481);
#423=STYLED_ITEM('',(#20431),#482);
#424=STYLED_ITEM('',(#20431),#483);
#425=STYLED_ITEM('',(#20431),#484);
#426=STYLED_ITEM('',(#20431),#485);
#427=STYLED_ITEM('',(#20431),#486);
#428=STYLED_ITEM('',(#20431),#487);
#429=STYLED_ITEM('',(#20430),#488);
#430=STYLED_ITEM('',(#20430),#489);
#431=STYLED_ITEM('',(#20431),#490);
#432=STYLED_ITEM('',(#20431),#491);
#433=STYLED_ITEM('',(#20431),#492);
#434=STYLED_ITEM('',(#20431),#493);
#435=STYLED_ITEM('',(#20431),#494);
#436=STYLED_ITEM('',(#20431),#495);
#437=STYLED_ITEM('',(#20431),#496);
#438=MANIFOLD_SOLID_BREP('Base_Plate_Al',#11303);
#439=MANIFOLD_SOLID_BREP('Left_Side_Plate_Al',#11304);
#440=MANIFOLD_SOLID_BREP('Right_Side_Plate_Al',#11305);
#441=MANIFOLD_SOLID_BREP('Top_Cover',#11306);
#442=MANIFOLD_SOLID_BREP('Front_Wedge_L',#11307);
#443=MANIFOLD_SOLID_BREP('Front_Wedge_R',#11308);
#444=MANIFOLD_SOLID_BREP('Standoff_1',#11309);
#445=MANIFOLD_SOLID_BREP('Standoff_2',#11310);
#446=MANIFOLD_SOLID_BREP('Standoff_3',#11311);
#447=MANIFOLD_SOLID_BREP('Standoff_4',#11312);
#448=MANIFOLD_SOLID_BREP('Left_Wheel',#11313);
#449=MANIFOLD_SOLID_BREP('Right_Wheel',#11314);
#450=MANIFOLD_SOLID_BREP('TT_Gearbox_L',#11315);
#451=MANIFOLD_SOLID_BREP('TT_Motor_Can_L',#11316);
#452=MANIFOLD_SOLID_BREP('TT_Gearbox_R',#11317);
#453=MANIFOLD_SOLID_BREP('TT_Motor_Can_R',#11318);
#454=MANIFOLD_SOLID_BREP('TT_Motor_Mount_L',#11319);
#455=MANIFOLD_SOLID_BREP('TT_Motor_Clamp_L',#11320);
#456=MANIFOLD_SOLID_BREP('TT_Motor_Mount_R',#11321);
#457=MANIFOLD_SOLID_BREP('TT_Motor_Clamp_R',#11322);
#458=MANIFOLD_SOLID_BREP('Spinner_Shaft',#11323);
#459=MANIFOLD_SOLID_BREP('Left_Support',#11324);
#460=MANIFOLD_SOLID_BREP('Right_Support',#11325);
#461=MANIFOLD_SOLID_BREP('Spinner_Motor',#11326);
#462=MANIFOLD_SOLID_BREP('Spinner_Bar',#11327);
#463=MANIFOLD_SOLID_BREP('Spinner_Motor_Cradle',#11328);
#464=MANIFOLD_SOLID_BREP('Weapon_Pulley',#11329);
#465=MANIFOLD_SOLID_BREP('Motor_Pulley',#11330);
#466=MANIFOLD_SOLID_BREP('ESC_Tekko32',#11331);
#467=MANIFOLD_SOLID_BREP('Hammer_Servo',#11332);
#468=MANIFOLD_SOLID_BREP('Hammer_Arm',#11333);
#469=MANIFOLD_SOLID_BREP('Hammer_Head',#11334);
#470=MANIFOLD_SOLID_BREP('Battery_and_Tray',#11335);
#471=MANIFOLD_SOLID_BREP('Rx_ER6',#11336);
#472=MANIFOLD_SOLID_BREP('UBEC_5A',#11337);
#473=MANIFOLD_SOLID_BREP('DRV8874_A',#11338);
#474=MANIFOLD_SOLID_BREP('DRV8874_B',#11339);
#475=MANIFOLD_SOLID_BREP('ESP32_DevKit',#11340);
#476=MANIFOLD_SOLID_BREP('ESP32_Module',#11341);
#477=MANIFOLD_SOLID_BREP('ESP32_Dupont_Keepout_A',#11342);
#478=MANIFOLD_SOLID_BREP('ESP32_Dupont_Keepout_B',#11343);
#479=MANIFOLD_SOLID_BREP('FingerTech_Mini_Switch_Envelope',#11344);
#480=MANIFOLD_SOLID_BREP('Rear_Panel',#11345);
#481=MANIFOLD_SOLID_BREP('Battery_Holder',#11346);
#482=MANIFOLD_SOLID_BREP('Battery_Holder',#11347);
#483=MANIFOLD_SOLID_BREP('Battery_Holder',#11348);
#484=MANIFOLD_SOLID_BREP('Batt_Post_1',#11349);
#485=MANIFOLD_SOLID_BREP('Batt_Post_2',#11350);
#486=MANIFOLD_SOLID_BREP('Batt_Post_3',#11351);
#487=MANIFOLD_SOLID_BREP('Batt_Post_4',#11352);
#488=MANIFOLD_SOLID_BREP('Disconnect_Post_1',#11353);
#489=MANIFOLD_SOLID_BREP('Disconnect_Post_2',#11354);
#490=MANIFOLD_SOLID_BREP('Holder_ESC_Tekko32',#11355);
#491=MANIFOLD_SOLID_BREP('Holder_Rx_ER6',#11356);
#492=MANIFOLD_SOLID_BREP('Holder_UBEC_5A',#11357);
#493=MANIFOLD_SOLID_BREP('Holder_DRV8874_A',#11358);
#494=MANIFOLD_SOLID_BREP('Holder_DRV8874_B',#11359);
#495=MANIFOLD_SOLID_BREP('Holder_ESP32',#11360);
#496=MANIFOLD_SOLID_BREP('FingerTech_Switch_Adapter',#11361);
#497=FACE_BOUND('',#1949,.T.);
#498=FACE_BOUND('',#1950,.T.);
#499=FACE_BOUND('',#1951,.T.);
#500=FACE_BOUND('',#1952,.T.);
#501=FACE_BOUND('',#1953,.T.);
#502=FACE_BOUND('',#1954,.T.);
#503=FACE_BOUND('',#1955,.T.);
#504=FACE_BOUND('',#1956,.T.);
#505=FACE_BOUND('',#1957,.T.);
#506=FACE_BOUND('',#1958,.T.);
#507=FACE_BOUND('',#1959,.T.);
#508=FACE_BOUND('',#1960,.T.);
#509=FACE_BOUND('',#1961,.T.);
#510=FACE_BOUND('',#1962,.T.);
#511=FACE_BOUND('',#1963,.T.);
#512=FACE_BOUND('',#1964,.T.);
#513=FACE_BOUND('',#1965,.T.);
#514=FACE_BOUND('',#1966,.T.);
#515=FACE_BOUND('',#1967,.T.);
#516=FACE_BOUND('',#1968,.T.);
#517=FACE_BOUND('',#1969,.T.);
#518=FACE_BOUND('',#1970,.T.);
#519=FACE_BOUND('',#1971,.T.);
#520=FACE_BOUND('',#1972,.T.);
#521=FACE_BOUND('',#1973,.T.);
#522=FACE_BOUND('',#1974,.T.);
#523=FACE_BOUND('',#1975,.T.);
#524=FACE_BOUND('',#1976,.T.);
#525=FACE_BOUND('',#1977,.T.);
#526=FACE_BOUND('',#1978,.T.);
#527=FACE_BOUND('',#1979,.T.);
#528=FACE_BOUND('',#1980,.T.);
#529=FACE_BOUND('',#1981,.T.);
#530=FACE_BOUND('',#1982,.T.);
#531=FACE_BOUND('',#1983,.T.);
#532=FACE_BOUND('',#1984,.T.);
#533=FACE_BOUND('',#1985,.T.);
#534=FACE_BOUND('',#1986,.T.);
#535=FACE_BOUND('',#1992,.T.);
#536=FACE_BOUND('',#1993,.T.);
#537=FACE_BOUND('',#1994,.T.);
#538=FACE_BOUND('',#1995,.T.);
#539=FACE_BOUND('',#1996,.T.);
#540=FACE_BOUND('',#1997,.T.);
#541=FACE_BOUND('',#1998,.T.);
#542=FACE_BOUND('',#1999,.T.);
#543=FACE_BOUND('',#2000,.T.);
#544=FACE_BOUND('',#2001,.T.);
#545=FACE_BOUND('',#2002,.T.);
#546=FACE_BOUND('',#2003,.T.);
#547=FACE_BOUND('',#2004,.T.);
#548=FACE_BOUND('',#2005,.T.);
#549=FACE_BOUND('',#2006,.T.);
#550=FACE_BOUND('',#2007,.T.);
#551=FACE_BOUND('',#2008,.T.);
#552=FACE_BOUND('',#2009,.T.);
#553=FACE_BOUND('',#2010,.T.);
#554=FACE_BOUND('',#2011,.T.);
#555=FACE_BOUND('',#2012,.T.);
#556=FACE_BOUND('',#2013,.T.);
#557=FACE_BOUND('',#2014,.T.);
#558=FACE_BOUND('',#2015,.T.);
#559=FACE_BOUND('',#2016,.T.);
#560=FACE_BOUND('',#2017,.T.);
#561=FACE_BOUND('',#2018,.T.);
#562=FACE_BOUND('',#2019,.T.);
#563=FACE_BOUND('',#2020,.T.);
#564=FACE_BOUND('',#2021,.T.);
#565=FACE_BOUND('',#2022,.T.);
#566=FACE_BOUND('',#2023,.T.);
#567=FACE_BOUND('',#2024,.T.);
#568=FACE_BOUND('',#2025,.T.);
#569=FACE_BOUND('',#2026,.T.);
#570=FACE_BOUND('',#2027,.T.);
#571=FACE_BOUND('',#2028,.T.);
#572=FACE_BOUND('',#2029,.T.);
#573=FACE_BOUND('',#2041,.T.);
#574=FACE_BOUND('',#2042,.T.);
#575=FACE_BOUND('',#2049,.T.);
#576=FACE_BOUND('',#2050,.T.);
#577=FACE_BOUND('',#2057,.T.);
#578=FACE_BOUND('',#2058,.T.);
#579=FACE_BOUND('',#2065,.T.);
#580=FACE_BOUND('',#2066,.T.);
#581=FACE_BOUND('',#2082,.T.);
#582=FACE_BOUND('',#2083,.T.);
#583=FACE_BOUND('',#2084,.T.);
#584=FACE_BOUND('',#2085,.T.);
#585=FACE_BOUND('',#2086,.T.);
#586=FACE_BOUND('',#2087,.T.);
#587=FACE_BOUND('',#2088,.T.);
#588=FACE_BOUND('',#2090,.T.);
#589=FACE_BOUND('',#2091,.T.);
#590=FACE_BOUND('',#2092,.T.);
#591=FACE_BOUND('',#2093,.T.);
#592=FACE_BOUND('',#2094,.T.);
#593=FACE_BOUND('',#2095,.T.);
#594=FACE_BOUND('',#2096,.T.);
#595=FACE_BOUND('',#2100,.T.);
#596=FACE_BOUND('',#2101,.T.);
#597=FACE_BOUND('',#2103,.T.);
#598=FACE_BOUND('',#2110,.T.);
#599=FACE_BOUND('',#2111,.T.);
#600=FACE_BOUND('',#2114,.T.);
#601=FACE_BOUND('',#2119,.T.);
#602=FACE_BOUND('',#2121,.T.);
#603=FACE_BOUND('',#2122,.T.);
#604=FACE_BOUND('',#2128,.T.);
#605=FACE_BOUND('',#2129,.T.);
#606=FACE_BOUND('',#2134,.T.);
#607=FACE_BOUND('',#2141,.T.);
#608=FACE_BOUND('',#2143,.T.);
#609=FACE_BOUND('',#2145,.T.);
#610=FACE_BOUND('',#2154,.T.);
#611=FACE_BOUND('',#2155,.T.);
#612=FACE_BOUND('',#2156,.T.);
#613=FACE_BOUND('',#2157,.T.);
#614=FACE_BOUND('',#2158,.T.);
#615=FACE_BOUND('',#2160,.T.);
#616=FACE_BOUND('',#2162,.T.);
#617=FACE_BOUND('',#2169,.T.);
#618=FACE_BOUND('',#2171,.T.);
#619=FACE_BOUND('',#2173,.T.);
#620=FACE_BOUND('',#2180,.T.);
#621=FACE_BOUND('',#2182,.T.);
#622=FACE_BOUND('',#2184,.T.);
#623=FACE_BOUND('',#2198,.T.);
#624=FACE_BOUND('',#2199,.T.);
#625=FACE_BOUND('',#2201,.T.);
#626=FACE_BOUND('',#2202,.T.);
#627=FACE_BOUND('',#2213,.T.);
#628=FACE_BOUND('',#2214,.T.);
#629=FACE_BOUND('',#2216,.T.);
#630=FACE_BOUND('',#2217,.T.);
#631=FACE_BOUND('',#2250,.T.);
#632=FACE_BOUND('',#2251,.T.);
#633=FACE_BOUND('',#2254,.T.);
#634=FACE_BOUND('',#2255,.T.);
#635=FACE_BOUND('',#2258,.T.);
#636=FACE_BOUND('',#2260,.T.);
#637=FACE_BOUND('',#2261,.T.);
#638=FACE_BOUND('',#2263,.T.);
#639=FACE_BOUND('',#2264,.T.);
#640=FACE_BOUND('',#2267,.T.);
#641=FACE_BOUND('',#2269,.T.);
#642=FACE_BOUND('',#2270,.T.);
#643=FACE_BOUND('',#2271,.T.);
#644=FACE_BOUND('',#2272,.T.);
#645=FACE_BOUND('',#2280,.T.);
#646=FACE_BOUND('',#2281,.T.);
#647=FACE_BOUND('',#2283,.T.);
#648=FACE_BOUND('',#2284,.T.);
#649=FACE_BOUND('',#2314,.T.);
#650=FACE_BOUND('',#2315,.T.);
#651=FACE_BOUND('',#2318,.T.);
#652=FACE_BOUND('',#2319,.T.);
#653=FACE_BOUND('',#2322,.T.);
#654=FACE_BOUND('',#2324,.T.);
#655=FACE_BOUND('',#2325,.T.);
#656=FACE_BOUND('',#2327,.T.);
#657=FACE_BOUND('',#2328,.T.);
#658=FACE_BOUND('',#2331,.T.);
#659=FACE_BOUND('',#2333,.T.);
#660=FACE_BOUND('',#2334,.T.);
#661=FACE_BOUND('',#2335,.T.);
#662=FACE_BOUND('',#2336,.T.);
#663=FACE_BOUND('',#2344,.T.);
#664=FACE_BOUND('',#2345,.T.);
#665=FACE_BOUND('',#2347,.T.);
#666=FACE_BOUND('',#2348,.T.);
#667=FACE_BOUND('',#2355,.T.);
#668=FACE_BOUND('',#2357,.T.);
#669=FACE_BOUND('',#2361,.T.);
#670=FACE_BOUND('',#2363,.T.);
#671=FACE_BOUND('',#2374,.T.);
#672=FACE_BOUND('',#2376,.T.);
#673=FACE_BOUND('',#2378,.T.);
#674=FACE_BOUND('',#2395,.T.);
#675=FACE_BOUND('',#2397,.T.);
#676=FACE_BOUND('',#2401,.T.);
#677=FACE_BOUND('',#2402,.T.);
#678=FACE_BOUND('',#2403,.T.);
#679=FACE_BOUND('',#2404,.T.);
#680=FACE_BOUND('',#2408,.T.);
#681=FACE_BOUND('',#2410,.T.);
#682=FACE_BOUND('',#2414,.T.);
#683=FACE_BOUND('',#2416,.T.);
#684=FACE_BOUND('',#2426,.T.);
#685=FACE_BOUND('',#2430,.T.);
#686=FACE_BOUND('',#2431,.T.);
#687=FACE_BOUND('',#2433,.T.);
#688=FACE_BOUND('',#2451,.T.);
#689=FACE_BOUND('',#2496,.T.);
#690=FACE_BOUND('',#2497,.T.);
#691=FACE_BOUND('',#2498,.T.);
#692=FACE_BOUND('',#2499,.T.);
#693=FACE_BOUND('',#2501,.T.);
#694=FACE_BOUND('',#2502,.T.);
#695=FACE_BOUND('',#2503,.T.);
#696=FACE_BOUND('',#2504,.T.);
#697=FACE_BOUND('',#2530,.T.);
#698=FACE_BOUND('',#2531,.T.);
#699=FACE_BOUND('',#2533,.T.);
#700=FACE_BOUND('',#2534,.T.);
#701=FACE_BOUND('',#2540,.T.);
#702=FACE_BOUND('',#2541,.T.);
#703=FACE_BOUND('',#2542,.T.);
#704=FACE_BOUND('',#2543,.T.);
#705=FACE_BOUND('',#2546,.T.);
#706=FACE_BOUND('',#2547,.T.);
#707=FACE_BOUND('',#2548,.T.);
#708=FACE_BOUND('',#2549,.T.);
#709=FACE_BOUND('',#2570,.T.);
#710=FACE_BOUND('',#2571,.T.);
#711=FACE_BOUND('',#2572,.T.);
#712=FACE_BOUND('',#2573,.T.);
#713=FACE_BOUND('',#2574,.T.);
#714=FACE_BOUND('',#2575,.T.);
#715=FACE_BOUND('',#2577,.T.);
#716=FACE_BOUND('',#2578,.T.);
#717=FACE_BOUND('',#2579,.T.);
#718=FACE_BOUND('',#2580,.T.);
#719=FACE_BOUND('',#2581,.T.);
#720=FACE_BOUND('',#2582,.T.);
#721=FACE_BOUND('',#2601,.T.);
#722=FACE_BOUND('',#2603,.T.);
#723=FACE_BOUND('',#2610,.T.);
#724=FACE_BOUND('',#2612,.T.);
#725=FACE_BOUND('',#2619,.T.);
#726=FACE_BOUND('',#2621,.T.);
#727=FACE_BOUND('',#2628,.T.);
#728=FACE_BOUND('',#2630,.T.);
#729=FACE_BOUND('',#2637,.T.);
#730=FACE_BOUND('',#2639,.T.);
#731=FACE_BOUND('',#2646,.T.);
#732=FACE_BOUND('',#2648,.T.);
#733=FACE_BOUND('',#2656,.T.);
#734=FACE_BOUND('',#2662,.T.);
#735=FACE_BOUND('',#2663,.T.);
#736=FACE_BOUND('',#2668,.T.);
#737=FACE_BOUND('',#2670,.T.);
#738=FACE_BOUND('',#2678,.T.);
#739=FACE_BOUND('',#2680,.T.);
#740=FACE_BOUND('',#2686,.T.);
#741=FACE_BOUND('',#2687,.T.);
#742=FACE_BOUND('',#2692,.T.);
#743=FACE_BOUND('',#2700,.T.);
#744=FACE_BOUND('',#2702,.T.);
#745=FACE_BOUND('',#2708,.T.);
#746=FACE_BOUND('',#2709,.T.);
#747=FACE_BOUND('',#2714,.T.);
#748=FACE_BOUND('',#2722,.T.);
#749=FACE_BOUND('',#2728,.T.);
#750=FACE_BOUND('',#2729,.T.);
#751=FACE_BOUND('',#2734,.T.);
#752=FACE_BOUND('',#2736,.T.);
#753=FACE_BOUND('',#2744,.T.);
#754=FACE_BOUND('',#2746,.T.);
#755=FACE_BOUND('',#2752,.T.);
#756=FACE_BOUND('',#2753,.T.);
#757=FACE_BOUND('',#2758,.T.);
#758=FACE_BOUND('',#2775,.T.);
#759=FACE_BOUND('',#2778,.T.);
#760=FACE_BOUND('',#2781,.T.);
#761=FACE_BOUND('',#2784,.T.);
#762=FACE_BOUND('',#2790,.T.);
#763=FACE_BOUND('',#2791,.T.);
#764=FACE_BOUND('',#2792,.T.);
#765=FACE_BOUND('',#2793,.T.);
#766=FACE_BOUND('',#2794,.T.);
#767=FACE_BOUND('',#2795,.T.);
#768=FACE_BOUND('',#2796,.T.);
#769=FACE_BOUND('',#2798,.T.);
#770=FACE_BOUND('',#2799,.T.);
#771=FACE_BOUND('',#2800,.T.);
#772=FACE_BOUND('',#2810,.T.);
#773=FACE_BOUND('',#2811,.T.);
#774=FACE_BOUND('',#2812,.T.);
#775=FACE_BOUND('',#2813,.T.);
#776=FACE_BOUND('',#2815,.T.);
#777=FACE_BOUND('',#2816,.T.);
#778=FACE_BOUND('',#2817,.T.);
#779=FACE_BOUND('',#2818,.T.);
#780=PLANE('',#11985);
#781=PLANE('',#11986);
#782=PLANE('',#11987);
#783=PLANE('',#11988);
#784=PLANE('',#11989);
#785=PLANE('',#11990);
#786=PLANE('',#11991);
#787=PLANE('',#11992);
#788=PLANE('',#11993);
#789=PLANE('',#11994);
#790=PLANE('',#11995);
#791=PLANE('',#11996);
#792=PLANE('',#11997);
#793=PLANE('',#11998);
#794=PLANE('',#11999);
#795=PLANE('',#12000);
#796=PLANE('',#12067);
#797=PLANE('',#12068);
#798=PLANE('',#12069);
#799=PLANE('',#12070);
#800=PLANE('',#12071);
#801=PLANE('',#12072);
#802=PLANE('',#12073);
#803=PLANE('',#12074);
#804=PLANE('',#12075);
#805=PLANE('',#12076);
#806=PLANE('',#12077);
#807=PLANE('',#12078);
#808=PLANE('',#12079);
#809=PLANE('',#12080);
#810=PLANE('',#12088);
#811=PLANE('',#12089);
#812=PLANE('',#12090);
#813=PLANE('',#12091);
#814=PLANE('',#12092);
#815=PLANE('',#12093);
#816=PLANE('',#12094);
#817=PLANE('',#12095);
#818=PLANE('',#12096);
#819=PLANE('',#12097);
#820=PLANE('',#12105);
#821=PLANE('',#12106);
#822=PLANE('',#12107);
#823=PLANE('',#12108);
#824=PLANE('',#12109);
#825=PLANE('',#12110);
#826=PLANE('',#12111);
#827=PLANE('',#12112);
#828=PLANE('',#12113);
#829=PLANE('',#12114);
#830=PLANE('',#12116);
#831=PLANE('',#12117);
#832=PLANE('',#12118);
#833=PLANE('',#12119);
#834=PLANE('',#12138);
#835=PLANE('',#12139);
#836=PLANE('',#12140);
#837=PLANE('',#12141);
#838=PLANE('',#12142);
#839=PLANE('',#12143);
#840=PLANE('',#12145);
#841=PLANE('',#12149);
#842=PLANE('',#12152);
#843=PLANE('',#12153);
#844=PLANE('',#12154);
#845=PLANE('',#12159);
#846=PLANE('',#12160);
#847=PLANE('',#12161);
#848=PLANE('',#12162);
#849=PLANE('',#12163);
#850=PLANE('',#12165);
#851=PLANE('',#12169);
#852=PLANE('',#12170);
#853=PLANE('',#12173);
#854=PLANE('',#12174);
#855=PLANE('',#12179);
#856=PLANE('',#12180);
#857=PLANE('',#12181);
#858=PLANE('',#12182);
#859=PLANE('',#12183);
#860=PLANE('',#12189);
#861=PLANE('',#12193);
#862=PLANE('',#12197);
#863=PLANE('',#12198);
#864=PLANE('',#12205);
#865=PLANE('',#12209);
#866=PLANE('',#12213);
#867=PLANE('',#12214);
#868=PLANE('',#12219);
#869=PLANE('',#12223);
#870=PLANE('',#12227);
#871=PLANE('',#12228);
#872=PLANE('',#12233);
#873=PLANE('',#12237);
#874=PLANE('',#12241);
#875=PLANE('',#12242);
#876=PLANE('',#12255);
#877=PLANE('',#12256);
#878=PLANE('',#12261);
#879=PLANE('',#12262);
#880=PLANE('',#12270);
#881=PLANE('',#12271);
#882=PLANE('',#12272);
#883=PLANE('',#12273);
#884=PLANE('',#12274);
#885=PLANE('',#12275);
#886=PLANE('',#12280);
#887=PLANE('',#12281);
#888=PLANE('',#12289);
#889=PLANE('',#12290);
#890=PLANE('',#12291);
#891=PLANE('',#12292);
#892=PLANE('',#12293);
#893=PLANE('',#12294);
#894=PLANE('',#12299);
#895=PLANE('',#12300);
#896=PLANE('',#12302);
#897=PLANE('',#12303);
#898=PLANE('',#12304);
#899=PLANE('',#12305);
#900=PLANE('',#12306);
#901=PLANE('',#12307);
#902=PLANE('',#12308);
#903=PLANE('',#12309);
#904=PLANE('',#12310);
#905=PLANE('',#12311);
#906=PLANE('',#12312);
#907=PLANE('',#12313);
#908=PLANE('',#12314);
#909=PLANE('',#12315);
#910=PLANE('',#12316);
#911=PLANE('',#12317);
#912=PLANE('',#12321);
#913=PLANE('',#12325);
#914=PLANE('',#12329);
#915=PLANE('',#12333);
#916=PLANE('',#12337);
#917=PLANE('',#12341);
#918=PLANE('',#12342);
#919=PLANE('',#12343);
#920=PLANE('',#12344);
#921=PLANE('',#12345);
#922=PLANE('',#12346);
#923=PLANE('',#12347);
#924=PLANE('',#12348);
#925=PLANE('',#12349);
#926=PLANE('',#12350);
#927=PLANE('',#12351);
#928=PLANE('',#12359);
#929=PLANE('',#12360);
#930=PLANE('',#12361);
#931=PLANE('',#12362);
#932=PLANE('',#12363);
#933=PLANE('',#12364);
#934=PLANE('',#12366);
#935=PLANE('',#12367);
#936=PLANE('',#12368);
#937=PLANE('',#12369);
#938=PLANE('',#12370);
#939=PLANE('',#12371);
#940=PLANE('',#12372);
#941=PLANE('',#12373);
#942=PLANE('',#12374);
#943=PLANE('',#12375);
#944=PLANE('',#12376);
#945=PLANE('',#12377);
#946=PLANE('',#12378);
#947=PLANE('',#12379);
#948=PLANE('',#12380);
#949=PLANE('',#12381);
#950=PLANE('',#12385);
#951=PLANE('',#12389);
#952=PLANE('',#12393);
#953=PLANE('',#12397);
#954=PLANE('',#12401);
#955=PLANE('',#12405);
#956=PLANE('',#12406);
#957=PLANE('',#12407);
#958=PLANE('',#12408);
#959=PLANE('',#12409);
#960=PLANE('',#12410);
#961=PLANE('',#12411);
#962=PLANE('',#12412);
#963=PLANE('',#12413);
#964=PLANE('',#12414);
#965=PLANE('',#12415);
#966=PLANE('',#12423);
#967=PLANE('',#12424);
#968=PLANE('',#12425);
#969=PLANE('',#12426);
#970=PLANE('',#12427);
#971=PLANE('',#12428);
#972=PLANE('',#12444);
#973=PLANE('',#12445);
#974=PLANE('',#12453);
#975=PLANE('',#12454);
#976=PLANE('',#12462);
#977=PLANE('',#12463);
#978=PLANE('',#12468);
#979=PLANE('',#12469);
#980=PLANE('',#12477);
#981=PLANE('',#12478);
#982=PLANE('',#12479);
#983=PLANE('',#12480);
#984=PLANE('',#12481);
#985=PLANE('',#12482);
#986=PLANE('',#12483);
#987=PLANE('',#12485);
#988=PLANE('',#12486);
#989=PLANE('',#12487);
#990=PLANE('',#12488);
#991=PLANE('',#12492);
#992=PLANE('',#12496);
#993=PLANE('',#12500);
#994=PLANE('',#12504);
#995=PLANE('',#12508);
#996=PLANE('',#12509);
#997=PLANE('',#12510);
#998=PLANE('',#12511);
#999=PLANE('',#12512);
#1000=PLANE('',#12513);
#1001=PLANE('',#12514);
#1002=PLANE('',#12522);
#1003=PLANE('',#12523);
#1004=PLANE('',#12531);
#1005=PLANE('',#12532);
#1006=PLANE('',#12534);
#1007=PLANE('',#12535);
#1008=PLANE('',#12536);
#1009=PLANE('',#12537);
#1010=PLANE('',#12538);
#1011=PLANE('',#12539);
#1012=PLANE('',#12557);
#1013=PLANE('',#12558);
#1014=PLANE('',#12559);
#1015=PLANE('',#12560);
#1016=PLANE('',#12561);
#1017=PLANE('',#12562);
#1018=PLANE('',#12563);
#1019=PLANE('',#12564);
#1020=PLANE('',#12565);
#1021=PLANE('',#12566);
#1022=PLANE('',#12568);
#1023=PLANE('',#12569);
#1024=PLANE('',#12570);
#1025=PLANE('',#12571);
#1026=PLANE('',#12572);
#1027=PLANE('',#12573);
#1028=PLANE('',#12575);
#1029=PLANE('',#12576);
#1030=PLANE('',#12577);
#1031=PLANE('',#12578);
#1032=PLANE('',#12579);
#1033=PLANE('',#12580);
#1034=PLANE('',#12581);
#1035=PLANE('',#12582);
#1036=PLANE('',#12583);
#1037=PLANE('',#12584);
#1038=PLANE('',#12585);
#1039=PLANE('',#12591);
#1040=PLANE('',#12592);
#1041=PLANE('',#12593);
#1042=PLANE('',#12594);
#1043=PLANE('',#12595);
#1044=PLANE('',#12596);
#1045=PLANE('',#12598);
#1046=PLANE('',#12599);
#1047=PLANE('',#12600);
#1048=PLANE('',#12601);
#1049=PLANE('',#12602);
#1050=PLANE('',#12603);
#1051=PLANE('',#12605);
#1052=PLANE('',#12606);
#1053=PLANE('',#12607);
#1054=PLANE('',#12608);
#1055=PLANE('',#12609);
#1056=PLANE('',#12610);
#1057=PLANE('',#12612);
#1058=PLANE('',#12613);
#1059=PLANE('',#12614);
#1060=PLANE('',#12615);
#1061=PLANE('',#12616);
#1062=PLANE('',#12617);
#1063=PLANE('',#12619);
#1064=PLANE('',#12620);
#1065=PLANE('',#12621);
#1066=PLANE('',#12622);
#1067=PLANE('',#12623);
#1068=PLANE('',#12624);
#1069=PLANE('',#12638);
#1070=PLANE('',#12639);
#1071=PLANE('',#12640);
#1072=PLANE('',#12641);
#1073=PLANE('',#12642);
#1074=PLANE('',#12643);
#1075=PLANE('',#12644);
#1076=PLANE('',#12645);
#1077=PLANE('',#12646);
#1078=PLANE('',#12647);
#1079=PLANE('',#12648);
#1080=PLANE('',#12649);
#1081=PLANE('',#12650);
#1082=PLANE('',#12651);
#1083=PLANE('',#12652);
#1084=PLANE('',#12653);
#1085=PLANE('',#12654);
#1086=PLANE('',#12655);
#1087=PLANE('',#12656);
#1088=PLANE('',#12657);
#1089=PLANE('',#12658);
#1090=PLANE('',#12659);
#1091=PLANE('',#12660);
#1092=PLANE('',#12661);
#1093=PLANE('',#12669);
#1094=PLANE('',#12670);
#1095=PLANE('',#12671);
#1096=PLANE('',#12672);
#1097=PLANE('',#12673);
#1098=PLANE('',#12674);
#1099=PLANE('',#12698);
#1100=PLANE('',#12699);
#1101=PLANE('',#12700);
#1102=PLANE('',#12701);
#1103=PLANE('',#12702);
#1104=PLANE('',#12703);
#1105=PLANE('',#12719);
#1106=PLANE('',#12720);
#1107=PLANE('',#12721);
#1108=PLANE('',#12722);
#1109=PLANE('',#12723);
#1110=PLANE('',#12724);
#1111=PLANE('',#12725);
#1112=PLANE('',#12726);
#1113=PLANE('',#12727);
#1114=PLANE('',#12728);
#1115=PLANE('',#12729);
#1116=PLANE('',#12730);
#1117=PLANE('',#12731);
#1118=PLANE('',#12732);
#1119=PLANE('',#12733);
#1120=PLANE('',#12734);
#1121=PLANE('',#12735);
#1122=PLANE('',#12736);
#1123=PLANE('',#12737);
#1124=PLANE('',#12738);
#1125=PLANE('',#12739);
#1126=PLANE('',#12740);
#1127=PLANE('',#12741);
#1128=PLANE('',#12742);
#1129=PLANE('',#12743);
#1130=PLANE('',#12744);
#1131=PLANE('',#12749);
#1132=PLANE('',#12753);
#1133=PLANE('',#12757);
#1134=PLANE('',#12758);
#1135=PLANE('',#12763);
#1136=PLANE('',#12767);
#1137=PLANE('',#12771);
#1138=PLANE('',#12772);
#1139=PLANE('',#12777);
#1140=PLANE('',#12781);
#1141=PLANE('',#12785);
#1142=PLANE('',#12786);
#1143=PLANE('',#12791);
#1144=PLANE('',#12795);
#1145=PLANE('',#12799);
#1146=PLANE('',#12800);
#1147=PLANE('',#12805);
#1148=PLANE('',#12809);
#1149=PLANE('',#12813);
#1150=PLANE('',#12814);
#1151=PLANE('',#12819);
#1152=PLANE('',#12823);
#1153=PLANE('',#12827);
#1154=PLANE('',#12828);
#1155=PLANE('',#12836);
#1156=PLANE('',#12837);
#1157=PLANE('',#12838);
#1158=PLANE('',#12839);
#1159=PLANE('',#12840);
#1160=PLANE('',#12841);
#1161=PLANE('',#12842);
#1162=PLANE('',#12843);
#1163=PLANE('',#12844);
#1164=PLANE('',#12845);
#1165=PLANE('',#12846);
#1166=PLANE('',#12847);
#1167=PLANE('',#12848);
#1168=PLANE('',#12849);
#1169=PLANE('',#12850);
#1170=PLANE('',#12858);
#1171=PLANE('',#12859);
#1172=PLANE('',#12860);
#1173=PLANE('',#12861);
#1174=PLANE('',#12862);
#1175=PLANE('',#12863);
#1176=PLANE('',#12864);
#1177=PLANE('',#12865);
#1178=PLANE('',#12866);
#1179=PLANE('',#12867);
#1180=PLANE('',#12868);
#1181=PLANE('',#12869);
#1182=PLANE('',#12870);
#1183=PLANE('',#12871);
#1184=PLANE('',#12872);
#1185=PLANE('',#12880);
#1186=PLANE('',#12881);
#1187=PLANE('',#12882);
#1188=PLANE('',#12883);
#1189=PLANE('',#12884);
#1190=PLANE('',#12885);
#1191=PLANE('',#12886);
#1192=PLANE('',#12887);
#1193=PLANE('',#12888);
#1194=PLANE('',#12889);
#1195=PLANE('',#12890);
#1196=PLANE('',#12891);
#1197=PLANE('',#12892);
#1198=PLANE('',#12893);
#1199=PLANE('',#12894);
#1200=PLANE('',#12902);
#1201=PLANE('',#12903);
#1202=PLANE('',#12904);
#1203=PLANE('',#12905);
#1204=PLANE('',#12906);
#1205=PLANE('',#12907);
#1206=PLANE('',#12908);
#1207=PLANE('',#12909);
#1208=PLANE('',#12910);
#1209=PLANE('',#12911);
#1210=PLANE('',#12912);
#1211=PLANE('',#12913);
#1212=PLANE('',#12914);
#1213=PLANE('',#12915);
#1214=PLANE('',#12916);
#1215=PLANE('',#12924);
#1216=PLANE('',#12925);
#1217=PLANE('',#12926);
#1218=PLANE('',#12927);
#1219=PLANE('',#12928);
#1220=PLANE('',#12929);
#1221=PLANE('',#12930);
#1222=PLANE('',#12931);
#1223=PLANE('',#12932);
#1224=PLANE('',#12933);
#1225=PLANE('',#12934);
#1226=PLANE('',#12935);
#1227=PLANE('',#12936);
#1228=PLANE('',#12937);
#1229=PLANE('',#12938);
#1230=PLANE('',#12949);
#1231=PLANE('',#12953);
#1232=PLANE('',#12957);
#1233=PLANE('',#12961);
#1234=PLANE('',#12962);
#1235=PLANE('',#12963);
#1236=PLANE('',#12964);
#1237=PLANE('',#12965);
#1238=PLANE('',#12969);
#1239=PLANE('',#12973);
#1240=PLANE('',#12977);
#1241=PLANE('',#12981);
#1242=PLANE('',#12982);
#1243=PLANE('',#12983);
#1244=PLANE('',#12984);
#1245=PLANE('',#12985);
#1246=PLANE('',#12986);
#1247=PLANE('',#12987);
#1248=PLANE('',#13001);
#1249=PLANE('',#13002);
#1250=PLANE('',#13003);
#1251=PLANE('',#13004);
#1252=PLANE('',#13005);
#1253=PLANE('',#13006);
#1254=FACE_OUTER_BOUND('',#1895,.T.);
#1255=FACE_OUTER_BOUND('',#1896,.T.);
#1256=FACE_OUTER_BOUND('',#1897,.T.);
#1257=FACE_OUTER_BOUND('',#1898,.T.);
#1258=FACE_OUTER_BOUND('',#1899,.T.);
#1259=FACE_OUTER_BOUND('',#1900,.T.);
#1260=FACE_OUTER_BOUND('',#1901,.T.);
#1261=FACE_OUTER_BOUND('',#1902,.T.);
#1262=FACE_OUTER_BOUND('',#1903,.T.);
#1263=FACE_OUTER_BOUND('',#1904,.T.);
#1264=FACE_OUTER_BOUND('',#1905,.T.);
#1265=FACE_OUTER_BOUND('',#1906,.T.);
#1266=FACE_OUTER_BOUND('',#1907,.T.);
#1267=FACE_OUTER_BOUND('',#1908,.T.);
#1268=FACE_OUTER_BOUND('',#1909,.T.);
#1269=FACE_OUTER_BOUND('',#1910,.T.);
#1270=FACE_OUTER_BOUND('',#1911,.T.);
#1271=FACE_OUTER_BOUND('',#1912,.T.);
#1272=FACE_OUTER_BOUND('',#1913,.T.);
#1273=FACE_OUTER_BOUND('',#1914,.T.);
#1274=FACE_OUTER_BOUND('',#1915,.T.);
#1275=FACE_OUTER_BOUND('',#1916,.T.);
#1276=FACE_OUTER_BOUND('',#1917,.T.);
#1277=FACE_OUTER_BOUND('',#1918,.T.);
#1278=FACE_OUTER_BOUND('',#1919,.T.);
#1279=FACE_OUTER_BOUND('',#1920,.T.);
#1280=FACE_OUTER_BOUND('',#1921,.T.);
#1281=FACE_OUTER_BOUND('',#1922,.T.);
#1282=FACE_OUTER_BOUND('',#1923,.T.);
#1283=FACE_OUTER_BOUND('',#1924,.T.);
#1284=FACE_OUTER_BOUND('',#1925,.T.);
#1285=FACE_OUTER_BOUND('',#1926,.T.);
#1286=FACE_OUTER_BOUND('',#1927,.T.);
#1287=FACE_OUTER_BOUND('',#1928,.T.);
#1288=FACE_OUTER_BOUND('',#1929,.T.);
#1289=FACE_OUTER_BOUND('',#1930,.T.);
#1290=FACE_OUTER_BOUND('',#1931,.T.);
#1291=FACE_OUTER_BOUND('',#1932,.T.);
#1292=FACE_OUTER_BOUND('',#1933,.T.);
#1293=FACE_OUTER_BOUND('',#1934,.T.);
#1294=FACE_OUTER_BOUND('',#1935,.T.);
#1295=FACE_OUTER_BOUND('',#1936,.T.);
#1296=FACE_OUTER_BOUND('',#1937,.T.);
#1297=FACE_OUTER_BOUND('',#1938,.T.);
#1298=FACE_OUTER_BOUND('',#1939,.T.);
#1299=FACE_OUTER_BOUND('',#1940,.T.);
#1300=FACE_OUTER_BOUND('',#1941,.T.);
#1301=FACE_OUTER_BOUND('',#1942,.T.);
#1302=FACE_OUTER_BOUND('',#1943,.T.);
#1303=FACE_OUTER_BOUND('',#1944,.T.);
#1304=FACE_OUTER_BOUND('',#1945,.T.);
#1305=FACE_OUTER_BOUND('',#1946,.T.);
#1306=FACE_OUTER_BOUND('',#1947,.T.);
#1307=FACE_OUTER_BOUND('',#1948,.T.);
#1308=FACE_OUTER_BOUND('',#1987,.T.);
#1309=FACE_OUTER_BOUND('',#1988,.T.);
#1310=FACE_OUTER_BOUND('',#1989,.T.);
#1311=FACE_OUTER_BOUND('',#1990,.T.);
#1312=FACE_OUTER_BOUND('',#1991,.T.);
#1313=FACE_OUTER_BOUND('',#2030,.T.);
#1314=FACE_OUTER_BOUND('',#2031,.T.);
#1315=FACE_OUTER_BOUND('',#2032,.T.);
#1316=FACE_OUTER_BOUND('',#2033,.T.);
#1317=FACE_OUTER_BOUND('',#2034,.T.);
#1318=FACE_OUTER_BOUND('',#2035,.T.);
#1319=FACE_OUTER_BOUND('',#2036,.T.);
#1320=FACE_OUTER_BOUND('',#2037,.T.);
#1321=FACE_OUTER_BOUND('',#2038,.T.);
#1322=FACE_OUTER_BOUND('',#2039,.T.);
#1323=FACE_OUTER_BOUND('',#2040,.T.);
#1324=FACE_OUTER_BOUND('',#2043,.T.);
#1325=FACE_OUTER_BOUND('',#2044,.T.);
#1326=FACE_OUTER_BOUND('',#2045,.T.);
#1327=FACE_OUTER_BOUND('',#2046,.T.);
#1328=FACE_OUTER_BOUND('',#2047,.T.);
#1329=FACE_OUTER_BOUND('',#2048,.T.);
#1330=FACE_OUTER_BOUND('',#2051,.T.);
#1331=FACE_OUTER_BOUND('',#2052,.T.);
#1332=FACE_OUTER_BOUND('',#2053,.T.);
#1333=FACE_OUTER_BOUND('',#2054,.T.);
#1334=FACE_OUTER_BOUND('',#2055,.T.);
#1335=FACE_OUTER_BOUND('',#2056,.T.);
#1336=FACE_OUTER_BOUND('',#2059,.T.);
#1337=FACE_OUTER_BOUND('',#2060,.T.);
#1338=FACE_OUTER_BOUND('',#2061,.T.);
#1339=FACE_OUTER_BOUND('',#2062,.T.);
#1340=FACE_OUTER_BOUND('',#2063,.T.);
#1341=FACE_OUTER_BOUND('',#2064,.T.);
#1342=FACE_OUTER_BOUND('',#2067,.T.);
#1343=FACE_OUTER_BOUND('',#2068,.T.);
#1344=FACE_OUTER_BOUND('',#2069,.T.);
#1345=FACE_OUTER_BOUND('',#2070,.T.);
#1346=FACE_OUTER_BOUND('',#2071,.T.);
#1347=FACE_OUTER_BOUND('',#2072,.T.);
#1348=FACE_OUTER_BOUND('',#2073,.T.);
#1349=FACE_OUTER_BOUND('',#2074,.T.);
#1350=FACE_OUTER_BOUND('',#2075,.T.);
#1351=FACE_OUTER_BOUND('',#2076,.T.);
#1352=FACE_OUTER_BOUND('',#2077,.T.);
#1353=FACE_OUTER_BOUND('',#2078,.T.);
#1354=FACE_OUTER_BOUND('',#2079,.T.);
#1355=FACE_OUTER_BOUND('',#2080,.T.);
#1356=FACE_OUTER_BOUND('',#2081,.T.);
#1357=FACE_OUTER_BOUND('',#2089,.T.);
#1358=FACE_OUTER_BOUND('',#2097,.T.);
#1359=FACE_OUTER_BOUND('',#2098,.T.);
#1360=FACE_OUTER_BOUND('',#2099,.T.);
#1361=FACE_OUTER_BOUND('',#2102,.T.);
#1362=FACE_OUTER_BOUND('',#2104,.T.);
#1363=FACE_OUTER_BOUND('',#2105,.T.);
#1364=FACE_OUTER_BOUND('',#2106,.T.);
#1365=FACE_OUTER_BOUND('',#2107,.T.);
#1366=FACE_OUTER_BOUND('',#2108,.T.);
#1367=FACE_OUTER_BOUND('',#2109,.T.);
#1368=FACE_OUTER_BOUND('',#2112,.T.);
#1369=FACE_OUTER_BOUND('',#2113,.T.);
#1370=FACE_OUTER_BOUND('',#2115,.T.);
#1371=FACE_OUTER_BOUND('',#2116,.T.);
#1372=FACE_OUTER_BOUND('',#2117,.T.);
#1373=FACE_OUTER_BOUND('',#2118,.T.);
#1374=FACE_OUTER_BOUND('',#2120,.T.);
#1375=FACE_OUTER_BOUND('',#2123,.T.);
#1376=FACE_OUTER_BOUND('',#2124,.T.);
#1377=FACE_OUTER_BOUND('',#2125,.T.);
#1378=FACE_OUTER_BOUND('',#2126,.T.);
#1379=FACE_OUTER_BOUND('',#2127,.T.);
#1380=FACE_OUTER_BOUND('',#2130,.T.);
#1381=FACE_OUTER_BOUND('',#2131,.T.);
#1382=FACE_OUTER_BOUND('',#2132,.T.);
#1383=FACE_OUTER_BOUND('',#2133,.T.);
#1384=FACE_OUTER_BOUND('',#2135,.T.);
#1385=FACE_OUTER_BOUND('',#2136,.T.);
#1386=FACE_OUTER_BOUND('',#2137,.T.);
#1387=FACE_OUTER_BOUND('',#2138,.T.);
#1388=FACE_OUTER_BOUND('',#2139,.T.);
#1389=FACE_OUTER_BOUND('',#2140,.T.);
#1390=FACE_OUTER_BOUND('',#2142,.T.);
#1391=FACE_OUTER_BOUND('',#2144,.T.);
#1392=FACE_OUTER_BOUND('',#2146,.T.);
#1393=FACE_OUTER_BOUND('',#2147,.T.);
#1394=FACE_OUTER_BOUND('',#2148,.T.);
#1395=FACE_OUTER_BOUND('',#2149,.T.);
#1396=FACE_OUTER_BOUND('',#2150,.T.);
#1397=FACE_OUTER_BOUND('',#2151,.T.);
#1398=FACE_OUTER_BOUND('',#2152,.T.);
#1399=FACE_OUTER_BOUND('',#2153,.T.);
#1400=FACE_OUTER_BOUND('',#2159,.T.);
#1401=FACE_OUTER_BOUND('',#2161,.T.);
#1402=FACE_OUTER_BOUND('',#2163,.T.);
#1403=FACE_OUTER_BOUND('',#2164,.T.);
#1404=FACE_OUTER_BOUND('',#2165,.T.);
#1405=FACE_OUTER_BOUND('',#2166,.T.);
#1406=FACE_OUTER_BOUND('',#2167,.T.);
#1407=FACE_OUTER_BOUND('',#2168,.T.);
#1408=FACE_OUTER_BOUND('',#2170,.T.);
#1409=FACE_OUTER_BOUND('',#2172,.T.);
#1410=FACE_OUTER_BOUND('',#2174,.T.);
#1411=FACE_OUTER_BOUND('',#2175,.T.);
#1412=FACE_OUTER_BOUND('',#2176,.T.);
#1413=FACE_OUTER_BOUND('',#2177,.T.);
#1414=FACE_OUTER_BOUND('',#2178,.T.);
#1415=FACE_OUTER_BOUND('',#2179,.T.);
#1416=FACE_OUTER_BOUND('',#2181,.T.);
#1417=FACE_OUTER_BOUND('',#2183,.T.);
#1418=FACE_OUTER_BOUND('',#2185,.T.);
#1419=FACE_OUTER_BOUND('',#2186,.T.);
#1420=FACE_OUTER_BOUND('',#2187,.T.);
#1421=FACE_OUTER_BOUND('',#2188,.T.);
#1422=FACE_OUTER_BOUND('',#2189,.T.);
#1423=FACE_OUTER_BOUND('',#2190,.T.);
#1424=FACE_OUTER_BOUND('',#2191,.T.);
#1425=FACE_OUTER_BOUND('',#2192,.T.);
#1426=FACE_OUTER_BOUND('',#2193,.T.);
#1427=FACE_OUTER_BOUND('',#2194,.T.);
#1428=FACE_OUTER_BOUND('',#2195,.T.);
#1429=FACE_OUTER_BOUND('',#2196,.T.);
#1430=FACE_OUTER_BOUND('',#2197,.T.);
#1431=FACE_OUTER_BOUND('',#2200,.T.);
#1432=FACE_OUTER_BOUND('',#2203,.T.);
#1433=FACE_OUTER_BOUND('',#2204,.T.);
#1434=FACE_OUTER_BOUND('',#2205,.T.);
#1435=FACE_OUTER_BOUND('',#2206,.T.);
#1436=FACE_OUTER_BOUND('',#2207,.T.);
#1437=FACE_OUTER_BOUND('',#2208,.T.);
#1438=FACE_OUTER_BOUND('',#2209,.T.);
#1439=FACE_OUTER_BOUND('',#2210,.T.);
#1440=FACE_OUTER_BOUND('',#2211,.T.);
#1441=FACE_OUTER_BOUND('',#2212,.T.);
#1442=FACE_OUTER_BOUND('',#2215,.T.);
#1443=FACE_OUTER_BOUND('',#2218,.T.);
#1444=FACE_OUTER_BOUND('',#2219,.T.);
#1445=FACE_OUTER_BOUND('',#2220,.T.);
#1446=FACE_OUTER_BOUND('',#2221,.T.);
#1447=FACE_OUTER_BOUND('',#2222,.T.);
#1448=FACE_OUTER_BOUND('',#2223,.T.);
#1449=FACE_OUTER_BOUND('',#2224,.T.);
#1450=FACE_OUTER_BOUND('',#2225,.T.);
#1451=FACE_OUTER_BOUND('',#2226,.T.);
#1452=FACE_OUTER_BOUND('',#2227,.T.);
#1453=FACE_OUTER_BOUND('',#2228,.T.);
#1454=FACE_OUTER_BOUND('',#2229,.T.);
#1455=FACE_OUTER_BOUND('',#2230,.T.);
#1456=FACE_OUTER_BOUND('',#2231,.T.);
#1457=FACE_OUTER_BOUND('',#2232,.T.);
#1458=FACE_OUTER_BOUND('',#2233,.T.);
#1459=FACE_OUTER_BOUND('',#2234,.T.);
#1460=FACE_OUTER_BOUND('',#2235,.T.);
#1461=FACE_OUTER_BOUND('',#2236,.T.);
#1462=FACE_OUTER_BOUND('',#2237,.T.);
#1463=FACE_OUTER_BOUND('',#2238,.T.);
#1464=FACE_OUTER_BOUND('',#2239,.T.);
#1465=FACE_OUTER_BOUND('',#2240,.T.);
#1466=FACE_OUTER_BOUND('',#2241,.T.);
#1467=FACE_OUTER_BOUND('',#2242,.T.);
#1468=FACE_OUTER_BOUND('',#2243,.T.);
#1469=FACE_OUTER_BOUND('',#2244,.T.);
#1470=FACE_OUTER_BOUND('',#2245,.T.);
#1471=FACE_OUTER_BOUND('',#2246,.T.);
#1472=FACE_OUTER_BOUND('',#2247,.T.);
#1473=FACE_OUTER_BOUND('',#2248,.T.);
#1474=FACE_OUTER_BOUND('',#2249,.T.);
#1475=FACE_OUTER_BOUND('',#2252,.T.);
#1476=FACE_OUTER_BOUND('',#2253,.T.);
#1477=FACE_OUTER_BOUND('',#2256,.T.);
#1478=FACE_OUTER_BOUND('',#2257,.T.);
#1479=FACE_OUTER_BOUND('',#2259,.T.);
#1480=FACE_OUTER_BOUND('',#2262,.T.);
#1481=FACE_OUTER_BOUND('',#2265,.T.);
#1482=FACE_OUTER_BOUND('',#2266,.T.);
#1483=FACE_OUTER_BOUND('',#2268,.T.);
#1484=FACE_OUTER_BOUND('',#2273,.T.);
#1485=FACE_OUTER_BOUND('',#2274,.T.);
#1486=FACE_OUTER_BOUND('',#2275,.T.);
#1487=FACE_OUTER_BOUND('',#2276,.T.);
#1488=FACE_OUTER_BOUND('',#2277,.T.);
#1489=FACE_OUTER_BOUND('',#2278,.T.);
#1490=FACE_OUTER_BOUND('',#2279,.T.);
#1491=FACE_OUTER_BOUND('',#2282,.T.);
#1492=FACE_OUTER_BOUND('',#2285,.T.);
#1493=FACE_OUTER_BOUND('',#2286,.T.);
#1494=FACE_OUTER_BOUND('',#2287,.T.);
#1495=FACE_OUTER_BOUND('',#2288,.T.);
#1496=FACE_OUTER_BOUND('',#2289,.T.);
#1497=FACE_OUTER_BOUND('',#2290,.T.);
#1498=FACE_OUTER_BOUND('',#2291,.T.);
#1499=FACE_OUTER_BOUND('',#2292,.T.);
#1500=FACE_OUTER_BOUND('',#2293,.T.);
#1501=FACE_OUTER_BOUND('',#2294,.T.);
#1502=FACE_OUTER_BOUND('',#2295,.T.);
#1503=FACE_OUTER_BOUND('',#2296,.T.);
#1504=FACE_OUTER_BOUND('',#2297,.T.);
#1505=FACE_OUTER_BOUND('',#2298,.T.);
#1506=FACE_OUTER_BOUND('',#2299,.T.);
#1507=FACE_OUTER_BOUND('',#2300,.T.);
#1508=FACE_OUTER_BOUND('',#2301,.T.);
#1509=FACE_OUTER_BOUND('',#2302,.T.);
#1510=FACE_OUTER_BOUND('',#2303,.T.);
#1511=FACE_OUTER_BOUND('',#2304,.T.);
#1512=FACE_OUTER_BOUND('',#2305,.T.);
#1513=FACE_OUTER_BOUND('',#2306,.T.);
#1514=FACE_OUTER_BOUND('',#2307,.T.);
#1515=FACE_OUTER_BOUND('',#2308,.T.);
#1516=FACE_OUTER_BOUND('',#2309,.T.);
#1517=FACE_OUTER_BOUND('',#2310,.T.);
#1518=FACE_OUTER_BOUND('',#2311,.T.);
#1519=FACE_OUTER_BOUND('',#2312,.T.);
#1520=FACE_OUTER_BOUND('',#2313,.T.);
#1521=FACE_OUTER_BOUND('',#2316,.T.);
#1522=FACE_OUTER_BOUND('',#2317,.T.);
#1523=FACE_OUTER_BOUND('',#2320,.T.);
#1524=FACE_OUTER_BOUND('',#2321,.T.);
#1525=FACE_OUTER_BOUND('',#2323,.T.);
#1526=FACE_OUTER_BOUND('',#2326,.T.);
#1527=FACE_OUTER_BOUND('',#2329,.T.);
#1528=FACE_OUTER_BOUND('',#2330,.T.);
#1529=FACE_OUTER_BOUND('',#2332,.T.);
#1530=FACE_OUTER_BOUND('',#2337,.T.);
#1531=FACE_OUTER_BOUND('',#2338,.T.);
#1532=FACE_OUTER_BOUND('',#2339,.T.);
#1533=FACE_OUTER_BOUND('',#2340,.T.);
#1534=FACE_OUTER_BOUND('',#2341,.T.);
#1535=FACE_OUTER_BOUND('',#2342,.T.);
#1536=FACE_OUTER_BOUND('',#2343,.T.);
#1537=FACE_OUTER_BOUND('',#2346,.T.);
#1538=FACE_OUTER_BOUND('',#2349,.T.);
#1539=FACE_OUTER_BOUND('',#2350,.T.);
#1540=FACE_OUTER_BOUND('',#2351,.T.);
#1541=FACE_OUTER_BOUND('',#2352,.T.);
#1542=FACE_OUTER_BOUND('',#2353,.T.);
#1543=FACE_OUTER_BOUND('',#2354,.T.);
#1544=FACE_OUTER_BOUND('',#2356,.T.);
#1545=FACE_OUTER_BOUND('',#2358,.T.);
#1546=FACE_OUTER_BOUND('',#2359,.T.);
#1547=FACE_OUTER_BOUND('',#2360,.T.);
#1548=FACE_OUTER_BOUND('',#2362,.T.);
#1549=FACE_OUTER_BOUND('',#2364,.T.);
#1550=FACE_OUTER_BOUND('',#2365,.T.);
#1551=FACE_OUTER_BOUND('',#2366,.T.);
#1552=FACE_OUTER_BOUND('',#2367,.T.);
#1553=FACE_OUTER_BOUND('',#2368,.T.);
#1554=FACE_OUTER_BOUND('',#2369,.T.);
#1555=FACE_OUTER_BOUND('',#2370,.T.);
#1556=FACE_OUTER_BOUND('',#2371,.T.);
#1557=FACE_OUTER_BOUND('',#2372,.T.);
#1558=FACE_OUTER_BOUND('',#2373,.T.);
#1559=FACE_OUTER_BOUND('',#2375,.T.);
#1560=FACE_OUTER_BOUND('',#2377,.T.);
#1561=FACE_OUTER_BOUND('',#2379,.T.);
#1562=FACE_OUTER_BOUND('',#2380,.T.);
#1563=FACE_OUTER_BOUND('',#2381,.T.);
#1564=FACE_OUTER_BOUND('',#2382,.T.);
#1565=FACE_OUTER_BOUND('',#2383,.T.);
#1566=FACE_OUTER_BOUND('',#2384,.T.);
#1567=FACE_OUTER_BOUND('',#2385,.T.);
#1568=FACE_OUTER_BOUND('',#2386,.T.);
#1569=FACE_OUTER_BOUND('',#2387,.T.);
#1570=FACE_OUTER_BOUND('',#2388,.T.);
#1571=FACE_OUTER_BOUND('',#2389,.T.);
#1572=FACE_OUTER_BOUND('',#2390,.T.);
#1573=FACE_OUTER_BOUND('',#2391,.T.);
#1574=FACE_OUTER_BOUND('',#2392,.T.);
#1575=FACE_OUTER_BOUND('',#2393,.T.);
#1576=FACE_OUTER_BOUND('',#2394,.T.);
#1577=FACE_OUTER_BOUND('',#2396,.T.);
#1578=FACE_OUTER_BOUND('',#2398,.T.);
#1579=FACE_OUTER_BOUND('',#2399,.T.);
#1580=FACE_OUTER_BOUND('',#2400,.T.);
#1581=FACE_OUTER_BOUND('',#2405,.T.);
#1582=FACE_OUTER_BOUND('',#2406,.T.);
#1583=FACE_OUTER_BOUND('',#2407,.T.);
#1584=FACE_OUTER_BOUND('',#2409,.T.);
#1585=FACE_OUTER_BOUND('',#2411,.T.);
#1586=FACE_OUTER_BOUND('',#2412,.T.);
#1587=FACE_OUTER_BOUND('',#2413,.T.);
#1588=FACE_OUTER_BOUND('',#2415,.T.);
#1589=FACE_OUTER_BOUND('',#2417,.T.);
#1590=FACE_OUTER_BOUND('',#2418,.T.);
#1591=FACE_OUTER_BOUND('',#2419,.T.);
#1592=FACE_OUTER_BOUND('',#2420,.T.);
#1593=FACE_OUTER_BOUND('',#2421,.T.);
#1594=FACE_OUTER_BOUND('',#2422,.T.);
#1595=FACE_OUTER_BOUND('',#2423,.T.);
#1596=FACE_OUTER_BOUND('',#2424,.T.);
#1597=FACE_OUTER_BOUND('',#2425,.T.);
#1598=FACE_OUTER_BOUND('',#2427,.T.);
#1599=FACE_OUTER_BOUND('',#2428,.T.);
#1600=FACE_OUTER_BOUND('',#2429,.T.);
#1601=FACE_OUTER_BOUND('',#2432,.T.);
#1602=FACE_OUTER_BOUND('',#2434,.T.);
#1603=FACE_OUTER_BOUND('',#2435,.T.);
#1604=FACE_OUTER_BOUND('',#2436,.T.);
#1605=FACE_OUTER_BOUND('',#2437,.T.);
#1606=FACE_OUTER_BOUND('',#2438,.T.);
#1607=FACE_OUTER_BOUND('',#2439,.T.);
#1608=FACE_OUTER_BOUND('',#2440,.T.);
#1609=FACE_OUTER_BOUND('',#2441,.T.);
#1610=FACE_OUTER_BOUND('',#2442,.T.);
#1611=FACE_OUTER_BOUND('',#2443,.T.);
#1612=FACE_OUTER_BOUND('',#2444,.T.);
#1613=FACE_OUTER_BOUND('',#2445,.T.);
#1614=FACE_OUTER_BOUND('',#2446,.T.);
#1615=FACE_OUTER_BOUND('',#2447,.T.);
#1616=FACE_OUTER_BOUND('',#2448,.T.);
#1617=FACE_OUTER_BOUND('',#2449,.T.);
#1618=FACE_OUTER_BOUND('',#2450,.T.);
#1619=FACE_OUTER_BOUND('',#2452,.T.);
#1620=FACE_OUTER_BOUND('',#2453,.T.);
#1621=FACE_OUTER_BOUND('',#2454,.T.);
#1622=FACE_OUTER_BOUND('',#2455,.T.);
#1623=FACE_OUTER_BOUND('',#2456,.T.);
#1624=FACE_OUTER_BOUND('',#2457,.T.);
#1625=FACE_OUTER_BOUND('',#2458,.T.);
#1626=FACE_OUTER_BOUND('',#2459,.T.);
#1627=FACE_OUTER_BOUND('',#2460,.T.);
#1628=FACE_OUTER_BOUND('',#2461,.T.);
#1629=FACE_OUTER_BOUND('',#2462,.T.);
#1630=FACE_OUTER_BOUND('',#2463,.T.);
#1631=FACE_OUTER_BOUND('',#2464,.T.);
#1632=FACE_OUTER_BOUND('',#2465,.T.);
#1633=FACE_OUTER_BOUND('',#2466,.T.);
#1634=FACE_OUTER_BOUND('',#2467,.T.);
#1635=FACE_OUTER_BOUND('',#2468,.T.);
#1636=FACE_OUTER_BOUND('',#2469,.T.);
#1637=FACE_OUTER_BOUND('',#2470,.T.);
#1638=FACE_OUTER_BOUND('',#2471,.T.);
#1639=FACE_OUTER_BOUND('',#2472,.T.);
#1640=FACE_OUTER_BOUND('',#2473,.T.);
#1641=FACE_OUTER_BOUND('',#2474,.T.);
#1642=FACE_OUTER_BOUND('',#2475,.T.);
#1643=FACE_OUTER_BOUND('',#2476,.T.);
#1644=FACE_OUTER_BOUND('',#2477,.T.);
#1645=FACE_OUTER_BOUND('',#2478,.T.);
#1646=FACE_OUTER_BOUND('',#2479,.T.);
#1647=FACE_OUTER_BOUND('',#2480,.T.);
#1648=FACE_OUTER_BOUND('',#2481,.T.);
#1649=FACE_OUTER_BOUND('',#2482,.T.);
#1650=FACE_OUTER_BOUND('',#2483,.T.);
#1651=FACE_OUTER_BOUND('',#2484,.T.);
#1652=FACE_OUTER_BOUND('',#2485,.T.);
#1653=FACE_OUTER_BOUND('',#2486,.T.);
#1654=FACE_OUTER_BOUND('',#2487,.T.);
#1655=FACE_OUTER_BOUND('',#2488,.T.);
#1656=FACE_OUTER_BOUND('',#2489,.T.);
#1657=FACE_OUTER_BOUND('',#2490,.T.);
#1658=FACE_OUTER_BOUND('',#2491,.T.);
#1659=FACE_OUTER_BOUND('',#2492,.T.);
#1660=FACE_OUTER_BOUND('',#2493,.T.);
#1661=FACE_OUTER_BOUND('',#2494,.T.);
#1662=FACE_OUTER_BOUND('',#2495,.T.);
#1663=FACE_OUTER_BOUND('',#2500,.T.);
#1664=FACE_OUTER_BOUND('',#2505,.T.);
#1665=FACE_OUTER_BOUND('',#2506,.T.);
#1666=FACE_OUTER_BOUND('',#2507,.T.);
#1667=FACE_OUTER_BOUND('',#2508,.T.);
#1668=FACE_OUTER_BOUND('',#2509,.T.);
#1669=FACE_OUTER_BOUND('',#2510,.T.);
#1670=FACE_OUTER_BOUND('',#2511,.T.);
#1671=FACE_OUTER_BOUND('',#2512,.T.);
#1672=FACE_OUTER_BOUND('',#2513,.T.);
#1673=FACE_OUTER_BOUND('',#2514,.T.);
#1674=FACE_OUTER_BOUND('',#2515,.T.);
#1675=FACE_OUTER_BOUND('',#2516,.T.);
#1676=FACE_OUTER_BOUND('',#2517,.T.);
#1677=FACE_OUTER_BOUND('',#2518,.T.);
#1678=FACE_OUTER_BOUND('',#2519,.T.);
#1679=FACE_OUTER_BOUND('',#2520,.T.);
#1680=FACE_OUTER_BOUND('',#2521,.T.);
#1681=FACE_OUTER_BOUND('',#2522,.T.);
#1682=FACE_OUTER_BOUND('',#2523,.T.);
#1683=FACE_OUTER_BOUND('',#2524,.T.);
#1684=FACE_OUTER_BOUND('',#2525,.T.);
#1685=FACE_OUTER_BOUND('',#2526,.T.);
#1686=FACE_OUTER_BOUND('',#2527,.T.);
#1687=FACE_OUTER_BOUND('',#2528,.T.);
#1688=FACE_OUTER_BOUND('',#2529,.T.);
#1689=FACE_OUTER_BOUND('',#2532,.T.);
#1690=FACE_OUTER_BOUND('',#2535,.T.);
#1691=FACE_OUTER_BOUND('',#2536,.T.);
#1692=FACE_OUTER_BOUND('',#2537,.T.);
#1693=FACE_OUTER_BOUND('',#2538,.T.);
#1694=FACE_OUTER_BOUND('',#2539,.T.);
#1695=FACE_OUTER_BOUND('',#2544,.T.);
#1696=FACE_OUTER_BOUND('',#2545,.T.);
#1697=FACE_OUTER_BOUND('',#2550,.T.);
#1698=FACE_OUTER_BOUND('',#2551,.T.);
#1699=FACE_OUTER_BOUND('',#2552,.T.);
#1700=FACE_OUTER_BOUND('',#2553,.T.);
#1701=FACE_OUTER_BOUND('',#2554,.T.);
#1702=FACE_OUTER_BOUND('',#2555,.T.);
#1703=FACE_OUTER_BOUND('',#2556,.T.);
#1704=FACE_OUTER_BOUND('',#2557,.T.);
#1705=FACE_OUTER_BOUND('',#2558,.T.);
#1706=FACE_OUTER_BOUND('',#2559,.T.);
#1707=FACE_OUTER_BOUND('',#2560,.T.);
#1708=FACE_OUTER_BOUND('',#2561,.T.);
#1709=FACE_OUTER_BOUND('',#2562,.T.);
#1710=FACE_OUTER_BOUND('',#2563,.T.);
#1711=FACE_OUTER_BOUND('',#2564,.T.);
#1712=FACE_OUTER_BOUND('',#2565,.T.);
#1713=FACE_OUTER_BOUND('',#2566,.T.);
#1714=FACE_OUTER_BOUND('',#2567,.T.);
#1715=FACE_OUTER_BOUND('',#2568,.T.);
#1716=FACE_OUTER_BOUND('',#2569,.T.);
#1717=FACE_OUTER_BOUND('',#2576,.T.);
#1718=FACE_OUTER_BOUND('',#2583,.T.);
#1719=FACE_OUTER_BOUND('',#2584,.T.);
#1720=FACE_OUTER_BOUND('',#2585,.T.);
#1721=FACE_OUTER_BOUND('',#2586,.T.);
#1722=FACE_OUTER_BOUND('',#2587,.T.);
#1723=FACE_OUTER_BOUND('',#2588,.T.);
#1724=FACE_OUTER_BOUND('',#2589,.T.);
#1725=FACE_OUTER_BOUND('',#2590,.T.);
#1726=FACE_OUTER_BOUND('',#2591,.T.);
#1727=FACE_OUTER_BOUND('',#2592,.T.);
#1728=FACE_OUTER_BOUND('',#2593,.T.);
#1729=FACE_OUTER_BOUND('',#2594,.T.);
#1730=FACE_OUTER_BOUND('',#2595,.T.);
#1731=FACE_OUTER_BOUND('',#2596,.T.);
#1732=FACE_OUTER_BOUND('',#2597,.T.);
#1733=FACE_OUTER_BOUND('',#2598,.T.);
#1734=FACE_OUTER_BOUND('',#2599,.T.);
#1735=FACE_OUTER_BOUND('',#2600,.T.);
#1736=FACE_OUTER_BOUND('',#2602,.T.);
#1737=FACE_OUTER_BOUND('',#2604,.T.);
#1738=FACE_OUTER_BOUND('',#2605,.T.);
#1739=FACE_OUTER_BOUND('',#2606,.T.);
#1740=FACE_OUTER_BOUND('',#2607,.T.);
#1741=FACE_OUTER_BOUND('',#2608,.T.);
#1742=FACE_OUTER_BOUND('',#2609,.T.);
#1743=FACE_OUTER_BOUND('',#2611,.T.);
#1744=FACE_OUTER_BOUND('',#2613,.T.);
#1745=FACE_OUTER_BOUND('',#2614,.T.);
#1746=FACE_OUTER_BOUND('',#2615,.T.);
#1747=FACE_OUTER_BOUND('',#2616,.T.);
#1748=FACE_OUTER_BOUND('',#2617,.T.);
#1749=FACE_OUTER_BOUND('',#2618,.T.);
#1750=FACE_OUTER_BOUND('',#2620,.T.);
#1751=FACE_OUTER_BOUND('',#2622,.T.);
#1752=FACE_OUTER_BOUND('',#2623,.T.);
#1753=FACE_OUTER_BOUND('',#2624,.T.);
#1754=FACE_OUTER_BOUND('',#2625,.T.);
#1755=FACE_OUTER_BOUND('',#2626,.T.);
#1756=FACE_OUTER_BOUND('',#2627,.T.);
#1757=FACE_OUTER_BOUND('',#2629,.T.);
#1758=FACE_OUTER_BOUND('',#2631,.T.);
#1759=FACE_OUTER_BOUND('',#2632,.T.);
#1760=FACE_OUTER_BOUND('',#2633,.T.);
#1761=FACE_OUTER_BOUND('',#2634,.T.);
#1762=FACE_OUTER_BOUND('',#2635,.T.);
#1763=FACE_OUTER_BOUND('',#2636,.T.);
#1764=FACE_OUTER_BOUND('',#2638,.T.);
#1765=FACE_OUTER_BOUND('',#2640,.T.);
#1766=FACE_OUTER_BOUND('',#2641,.T.);
#1767=FACE_OUTER_BOUND('',#2642,.T.);
#1768=FACE_OUTER_BOUND('',#2643,.T.);
#1769=FACE_OUTER_BOUND('',#2644,.T.);
#1770=FACE_OUTER_BOUND('',#2645,.T.);
#1771=FACE_OUTER_BOUND('',#2647,.T.);
#1772=FACE_OUTER_BOUND('',#2649,.T.);
#1773=FACE_OUTER_BOUND('',#2650,.T.);
#1774=FACE_OUTER_BOUND('',#2651,.T.);
#1775=FACE_OUTER_BOUND('',#2652,.T.);
#1776=FACE_OUTER_BOUND('',#2653,.T.);
#1777=FACE_OUTER_BOUND('',#2654,.T.);
#1778=FACE_OUTER_BOUND('',#2655,.T.);
#1779=FACE_OUTER_BOUND('',#2657,.T.);
#1780=FACE_OUTER_BOUND('',#2658,.T.);
#1781=FACE_OUTER_BOUND('',#2659,.T.);
#1782=FACE_OUTER_BOUND('',#2660,.T.);
#1783=FACE_OUTER_BOUND('',#2661,.T.);
#1784=FACE_OUTER_BOUND('',#2664,.T.);
#1785=FACE_OUTER_BOUND('',#2665,.T.);
#1786=FACE_OUTER_BOUND('',#2666,.T.);
#1787=FACE_OUTER_BOUND('',#2667,.T.);
#1788=FACE_OUTER_BOUND('',#2669,.T.);
#1789=FACE_OUTER_BOUND('',#2671,.T.);
#1790=FACE_OUTER_BOUND('',#2672,.T.);
#1791=FACE_OUTER_BOUND('',#2673,.T.);
#1792=FACE_OUTER_BOUND('',#2674,.T.);
#1793=FACE_OUTER_BOUND('',#2675,.T.);
#1794=FACE_OUTER_BOUND('',#2676,.T.);
#1795=FACE_OUTER_BOUND('',#2677,.T.);
#1796=FACE_OUTER_BOUND('',#2679,.T.);
#1797=FACE_OUTER_BOUND('',#2681,.T.);
#1798=FACE_OUTER_BOUND('',#2682,.T.);
#1799=FACE_OUTER_BOUND('',#2683,.T.);
#1800=FACE_OUTER_BOUND('',#2684,.T.);
#1801=FACE_OUTER_BOUND('',#2685,.T.);
#1802=FACE_OUTER_BOUND('',#2688,.T.);
#1803=FACE_OUTER_BOUND('',#2689,.T.);
#1804=FACE_OUTER_BOUND('',#2690,.T.);
#1805=FACE_OUTER_BOUND('',#2691,.T.);
#1806=FACE_OUTER_BOUND('',#2693,.T.);
#1807=FACE_OUTER_BOUND('',#2694,.T.);
#1808=FACE_OUTER_BOUND('',#2695,.T.);
#1809=FACE_OUTER_BOUND('',#2696,.T.);
#1810=FACE_OUTER_BOUND('',#2697,.T.);
#1811=FACE_OUTER_BOUND('',#2698,.T.);
#1812=FACE_OUTER_BOUND('',#2699,.T.);
#1813=FACE_OUTER_BOUND('',#2701,.T.);
#1814=FACE_OUTER_BOUND('',#2703,.T.);
#1815=FACE_OUTER_BOUND('',#2704,.T.);
#1816=FACE_OUTER_BOUND('',#2705,.T.);
#1817=FACE_OUTER_BOUND('',#2706,.T.);
#1818=FACE_OUTER_BOUND('',#2707,.T.);
#1819=FACE_OUTER_BOUND('',#2710,.T.);
#1820=FACE_OUTER_BOUND('',#2711,.T.);
#1821=FACE_OUTER_BOUND('',#2712,.T.);
#1822=FACE_OUTER_BOUND('',#2713,.T.);
#1823=FACE_OUTER_BOUND('',#2715,.T.);
#1824=FACE_OUTER_BOUND('',#2716,.T.);
#1825=FACE_OUTER_BOUND('',#2717,.T.);
#1826=FACE_OUTER_BOUND('',#2718,.T.);
#1827=FACE_OUTER_BOUND('',#2719,.T.);
#1828=FACE_OUTER_BOUND('',#2720,.T.);
#1829=FACE_OUTER_BOUND('',#2721,.T.);
#1830=FACE_OUTER_BOUND('',#2723,.T.);
#1831=FACE_OUTER_BOUND('',#2724,.T.);
#1832=FACE_OUTER_BOUND('',#2725,.T.);
#1833=FACE_OUTER_BOUND('',#2726,.T.);
#1834=FACE_OUTER_BOUND('',#2727,.T.);
#1835=FACE_OUTER_BOUND('',#2730,.T.);
#1836=FACE_OUTER_BOUND('',#2731,.T.);
#1837=FACE_OUTER_BOUND('',#2732,.T.);
#1838=FACE_OUTER_BOUND('',#2733,.T.);
#1839=FACE_OUTER_BOUND('',#2735,.T.);
#1840=FACE_OUTER_BOUND('',#2737,.T.);
#1841=FACE_OUTER_BOUND('',#2738,.T.);
#1842=FACE_OUTER_BOUND('',#2739,.T.);
#1843=FACE_OUTER_BOUND('',#2740,.T.);
#1844=FACE_OUTER_BOUND('',#2741,.T.);
#1845=FACE_OUTER_BOUND('',#2742,.T.);
#1846=FACE_OUTER_BOUND('',#2743,.T.);
#1847=FACE_OUTER_BOUND('',#2745,.T.);
#1848=FACE_OUTER_BOUND('',#2747,.T.);
#1849=FACE_OUTER_BOUND('',#2748,.T.);
#1850=FACE_OUTER_BOUND('',#2749,.T.);
#1851=FACE_OUTER_BOUND('',#2750,.T.);
#1852=FACE_OUTER_BOUND('',#2751,.T.);
#1853=FACE_OUTER_BOUND('',#2754,.T.);
#1854=FACE_OUTER_BOUND('',#2755,.T.);
#1855=FACE_OUTER_BOUND('',#2756,.T.);
#1856=FACE_OUTER_BOUND('',#2757,.T.);
#1857=FACE_OUTER_BOUND('',#2759,.T.);
#1858=FACE_OUTER_BOUND('',#2760,.T.);
#1859=FACE_OUTER_BOUND('',#2761,.T.);
#1860=FACE_OUTER_BOUND('',#2762,.T.);
#1861=FACE_OUTER_BOUND('',#2763,.T.);
#1862=FACE_OUTER_BOUND('',#2764,.T.);
#1863=FACE_OUTER_BOUND('',#2765,.T.);
#1864=FACE_OUTER_BOUND('',#2766,.T.);
#1865=FACE_OUTER_BOUND('',#2767,.T.);
#1866=FACE_OUTER_BOUND('',#2768,.T.);
#1867=FACE_OUTER_BOUND('',#2769,.T.);
#1868=FACE_OUTER_BOUND('',#2770,.T.);
#1869=FACE_OUTER_BOUND('',#2771,.T.);
#1870=FACE_OUTER_BOUND('',#2772,.T.);
#1871=FACE_OUTER_BOUND('',#2773,.T.);
#1872=FACE_OUTER_BOUND('',#2774,.T.);
#1873=FACE_OUTER_BOUND('',#2776,.T.);
#1874=FACE_OUTER_BOUND('',#2777,.T.);
#1875=FACE_OUTER_BOUND('',#2779,.T.);
#1876=FACE_OUTER_BOUND('',#2780,.T.);
#1877=FACE_OUTER_BOUND('',#2782,.T.);
#1878=FACE_OUTER_BOUND('',#2783,.T.);
#1879=FACE_OUTER_BOUND('',#2785,.T.);
#1880=FACE_OUTER_BOUND('',#2786,.T.);
#1881=FACE_OUTER_BOUND('',#2787,.T.);
#1882=FACE_OUTER_BOUND('',#2788,.T.);
#1883=FACE_OUTER_BOUND('',#2789,.T.);
#1884=FACE_OUTER_BOUND('',#2797,.T.);
#1885=FACE_OUTER_BOUND('',#2801,.T.);
#1886=FACE_OUTER_BOUND('',#2802,.T.);
#1887=FACE_OUTER_BOUND('',#2803,.T.);
#1888=FACE_OUTER_BOUND('',#2804,.T.);
#1889=FACE_OUTER_BOUND('',#2805,.T.);
#1890=FACE_OUTER_BOUND('',#2806,.T.);
#1891=FACE_OUTER_BOUND('',#2807,.T.);
#1892=FACE_OUTER_BOUND('',#2808,.T.);
#1893=FACE_OUTER_BOUND('',#2809,.T.);
#1894=FACE_OUTER_BOUND('',#2814,.T.);
#1895=EDGE_LOOP('',(#7655,#7656,#7657,#7658));
#1896=EDGE_LOOP('',(#7659,#7660,#7661,#7662));
#1897=EDGE_LOOP('',(#7663,#7664,#7665,#7666));
#1898=EDGE_LOOP('',(#7667,#7668,#7669,#7670));
#1899=EDGE_LOOP('',(#7671,#7672,#7673,#7674));
#1900=EDGE_LOOP('',(#7675,#7676,#7677,#7678));
#1901=EDGE_LOOP('',(#7679,#7680,#7681,#7682));
#1902=EDGE_LOOP('',(#7683,#7684,#7685,#7686));
#1903=EDGE_LOOP('',(#7687,#7688,#7689,#7690));
#1904=EDGE_LOOP('',(#7691,#7692,#7693,#7694));
#1905=EDGE_LOOP('',(#7695,#7696,#7697,#7698));
#1906=EDGE_LOOP('',(#7699,#7700,#7701,#7702));
#1907=EDGE_LOOP('',(#7703,#7704,#7705,#7706));
#1908=EDGE_LOOP('',(#7707,#7708,#7709,#7710));
#1909=EDGE_LOOP('',(#7711,#7712,#7713,#7714));
#1910=EDGE_LOOP('',(#7715,#7716,#7717,#7718));
#1911=EDGE_LOOP('',(#7719,#7720,#7721,#7722));
#1912=EDGE_LOOP('',(#7723,#7724,#7725,#7726));
#1913=EDGE_LOOP('',(#7727,#7728,#7729,#7730));
#1914=EDGE_LOOP('',(#7731,#7732,#7733,#7734));
#1915=EDGE_LOOP('',(#7735,#7736,#7737,#7738));
#1916=EDGE_LOOP('',(#7739,#7740,#7741,#7742));
#1917=EDGE_LOOP('',(#7743,#7744,#7745,#7746));
#1918=EDGE_LOOP('',(#7747,#7748,#7749,#7750));
#1919=EDGE_LOOP('',(#7751,#7752,#7753,#7754));
#1920=EDGE_LOOP('',(#7755,#7756,#7757,#7758));
#1921=EDGE_LOOP('',(#7759,#7760,#7761,#7762));
#1922=EDGE_LOOP('',(#7763,#7764,#7765,#7766));
#1923=EDGE_LOOP('',(#7767,#7768,#7769,#7770));
#1924=EDGE_LOOP('',(#7771,#7772,#7773,#7774));
#1925=EDGE_LOOP('',(#7775,#7776,#7777,#7778));
#1926=EDGE_LOOP('',(#7779,#7780,#7781,#7782));
#1927=EDGE_LOOP('',(#7783,#7784,#7785,#7786));
#1928=EDGE_LOOP('',(#7787,#7788,#7789,#7790));
#1929=EDGE_LOOP('',(#7791,#7792,#7793,#7794));
#1930=EDGE_LOOP('',(#7795,#7796,#7797,#7798));
#1931=EDGE_LOOP('',(#7799,#7800,#7801,#7802));
#1932=EDGE_LOOP('',(#7803,#7804,#7805,#7806));
#1933=EDGE_LOOP('',(#7807,#7808,#7809,#7810));
#1934=EDGE_LOOP('',(#7811,#7812,#7813,#7814));
#1935=EDGE_LOOP('',(#7815,#7816,#7817,#7818));
#1936=EDGE_LOOP('',(#7819,#7820,#7821,#7822));
#1937=EDGE_LOOP('',(#7823,#7824,#7825,#7826));
#1938=EDGE_LOOP('',(#7827,#7828,#7829,#7830));
#1939=EDGE_LOOP('',(#7831,#7832,#7833,#7834));
#1940=EDGE_LOOP('',(#7835,#7836,#7837,#7838));
#1941=EDGE_LOOP('',(#7839,#7840,#7841,#7842));
#1942=EDGE_LOOP('',(#7843,#7844,#7845,#7846));
#1943=EDGE_LOOP('',(#7847,#7848,#7849,#7850));
#1944=EDGE_LOOP('',(#7851,#7852,#7853,#7854));
#1945=EDGE_LOOP('',(#7855,#7856,#7857,#7858));
#1946=EDGE_LOOP('',(#7859,#7860,#7861,#7862));
#1947=EDGE_LOOP('',(#7863,#7864,#7865,#7866));
#1948=EDGE_LOOP('',(#7867,#7868,#7869,#7870,#7871,#7872,#7873,#7874,#7875,
#7876,#7877,#7878));
#1949=EDGE_LOOP('',(#7879));
#1950=EDGE_LOOP('',(#7880));
#1951=EDGE_LOOP('',(#7881));
#1952=EDGE_LOOP('',(#7882));
#1953=EDGE_LOOP('',(#7883));
#1954=EDGE_LOOP('',(#7884));
#1955=EDGE_LOOP('',(#7885,#7886,#7887,#7888));
#1956=EDGE_LOOP('',(#7889,#7890,#7891,#7892));
#1957=EDGE_LOOP('',(#7893));
#1958=EDGE_LOOP('',(#7894));
#1959=EDGE_LOOP('',(#7895));
#1960=EDGE_LOOP('',(#7896));
#1961=EDGE_LOOP('',(#7897));
#1962=EDGE_LOOP('',(#7898));
#1963=EDGE_LOOP('',(#7899));
#1964=EDGE_LOOP('',(#7900));
#1965=EDGE_LOOP('',(#7901));
#1966=EDGE_LOOP('',(#7902));
#1967=EDGE_LOOP('',(#7903));
#1968=EDGE_LOOP('',(#7904));
#1969=EDGE_LOOP('',(#7905));
#1970=EDGE_LOOP('',(#7906));
#1971=EDGE_LOOP('',(#7907));
#1972=EDGE_LOOP('',(#7908));
#1973=EDGE_LOOP('',(#7909));
#1974=EDGE_LOOP('',(#7910));
#1975=EDGE_LOOP('',(#7911));
#1976=EDGE_LOOP('',(#7912));
#1977=EDGE_LOOP('',(#7913));
#1978=EDGE_LOOP('',(#7914));
#1979=EDGE_LOOP('',(#7915,#7916,#7917,#7918));
#1980=EDGE_LOOP('',(#7919,#7920,#7921,#7922));
#1981=EDGE_LOOP('',(#7923));
#1982=EDGE_LOOP('',(#7924));
#1983=EDGE_LOOP('',(#7925));
#1984=EDGE_LOOP('',(#7926));
#1985=EDGE_LOOP('',(#7927));
#1986=EDGE_LOOP('',(#7928));
#1987=EDGE_LOOP('',(#7929,#7930,#7931,#7932));
#1988=EDGE_LOOP('',(#7933,#7934,#7935,#7936));
#1989=EDGE_LOOP('',(#7937,#7938,#7939,#7940));
#1990=EDGE_LOOP('',(#7941,#7942,#7943,#7944));
#1991=EDGE_LOOP('',(#7945,#7946,#7947,#7948,#7949,#7950,#7951,#7952,#7953,
#7954,#7955,#7956));
#1992=EDGE_LOOP('',(#7957));
#1993=EDGE_LOOP('',(#7958));
#1994=EDGE_LOOP('',(#7959));
#1995=EDGE_LOOP('',(#7960));
#1996=EDGE_LOOP('',(#7961));
#1997=EDGE_LOOP('',(#7962));
#1998=EDGE_LOOP('',(#7963,#7964,#7965,#7966));
#1999=EDGE_LOOP('',(#7967,#7968,#7969,#7970));
#2000=EDGE_LOOP('',(#7971));
#2001=EDGE_LOOP('',(#7972));
#2002=EDGE_LOOP('',(#7973));
#2003=EDGE_LOOP('',(#7974));
#2004=EDGE_LOOP('',(#7975));
#2005=EDGE_LOOP('',(#7976));
#2006=EDGE_LOOP('',(#7977));
#2007=EDGE_LOOP('',(#7978));
#2008=EDGE_LOOP('',(#7979));
#2009=EDGE_LOOP('',(#7980));
#2010=EDGE_LOOP('',(#7981));
#2011=EDGE_LOOP('',(#7982));
#2012=EDGE_LOOP('',(#7983));
#2013=EDGE_LOOP('',(#7984));
#2014=EDGE_LOOP('',(#7985));
#2015=EDGE_LOOP('',(#7986));
#2016=EDGE_LOOP('',(#7987));
#2017=EDGE_LOOP('',(#7988));
#2018=EDGE_LOOP('',(#7989));
#2019=EDGE_LOOP('',(#7990));
#2020=EDGE_LOOP('',(#7991));
#2021=EDGE_LOOP('',(#7992));
#2022=EDGE_LOOP('',(#7993,#7994,#7995,#7996));
#2023=EDGE_LOOP('',(#7997,#7998,#7999,#8000));
#2024=EDGE_LOOP('',(#8001));
#2025=EDGE_LOOP('',(#8002));
#2026=EDGE_LOOP('',(#8003));
#2027=EDGE_LOOP('',(#8004));
#2028=EDGE_LOOP('',(#8005));
#2029=EDGE_LOOP('',(#8006));
#2030=EDGE_LOOP('',(#8007,#8008,#8009,#8010));
#2031=EDGE_LOOP('',(#8011,#8012,#8013,#8014));
#2032=EDGE_LOOP('',(#8015,#8016,#8017,#8018));
#2033=EDGE_LOOP('',(#8019,#8020,#8021,#8022));
#2034=EDGE_LOOP('',(#8023,#8024,#8025,#8026));
#2035=EDGE_LOOP('',(#8027,#8028,#8029,#8030));
#2036=EDGE_LOOP('',(#8031,#8032,#8033,#8034));
#2037=EDGE_LOOP('',(#8035,#8036,#8037,#8038));
#2038=EDGE_LOOP('',(#8039,#8040,#8041,#8042));
#2039=EDGE_LOOP('',(#8043,#8044,#8045,#8046));
#2040=EDGE_LOOP('',(#8047,#8048,#8049,#8050,#8051,#8052,#8053,#8054));
#2041=EDGE_LOOP('',(#8055));
#2042=EDGE_LOOP('',(#8056));
#2043=EDGE_LOOP('',(#8057,#8058,#8059,#8060));
#2044=EDGE_LOOP('',(#8061,#8062,#8063,#8064));
#2045=EDGE_LOOP('',(#8065,#8066,#8067,#8068));
#2046=EDGE_LOOP('',(#8069,#8070,#8071,#8072));
#2047=EDGE_LOOP('',(#8073,#8074,#8075,#8076));
#2048=EDGE_LOOP('',(#8077,#8078,#8079,#8080,#8081,#8082,#8083,#8084));
#2049=EDGE_LOOP('',(#8085));
#2050=EDGE_LOOP('',(#8086));
#2051=EDGE_LOOP('',(#8087,#8088,#8089,#8090));
#2052=EDGE_LOOP('',(#8091,#8092,#8093,#8094));
#2053=EDGE_LOOP('',(#8095,#8096,#8097,#8098));
#2054=EDGE_LOOP('',(#8099,#8100,#8101,#8102));
#2055=EDGE_LOOP('',(#8103,#8104,#8105,#8106));
#2056=EDGE_LOOP('',(#8107,#8108,#8109,#8110,#8111,#8112,#8113,#8114));
#2057=EDGE_LOOP('',(#8115));
#2058=EDGE_LOOP('',(#8116));
#2059=EDGE_LOOP('',(#8117,#8118,#8119,#8120));
#2060=EDGE_LOOP('',(#8121,#8122,#8123,#8124));
#2061=EDGE_LOOP('',(#8125,#8126,#8127,#8128));
#2062=EDGE_LOOP('',(#8129,#8130,#8131,#8132));
#2063=EDGE_LOOP('',(#8133,#8134,#8135,#8136));
#2064=EDGE_LOOP('',(#8137,#8138,#8139,#8140,#8141,#8142,#8143,#8144));
#2065=EDGE_LOOP('',(#8145));
#2066=EDGE_LOOP('',(#8146));
#2067=EDGE_LOOP('',(#8147,#8148,#8149,#8150));
#2068=EDGE_LOOP('',(#8151,#8152,#8153,#8154));
#2069=EDGE_LOOP('',(#8155,#8156,#8157,#8158));
#2070=EDGE_LOOP('',(#8159,#8160,#8161,#8162));
#2071=EDGE_LOOP('',(#8163,#8164,#8165,#8166));
#2072=EDGE_LOOP('',(#8167,#8168,#8169,#8170));
#2073=EDGE_LOOP('',(#8171,#8172,#8173,#8174));
#2074=EDGE_LOOP('',(#8175,#8176,#8177,#8178));
#2075=EDGE_LOOP('',(#8179,#8180,#8181,#8182));
#2076=EDGE_LOOP('',(#8183,#8184,#8185,#8186));
#2077=EDGE_LOOP('',(#8187,#8188,#8189,#8190));
#2078=EDGE_LOOP('',(#8191,#8192,#8193,#8194));
#2079=EDGE_LOOP('',(#8195,#8196,#8197,#8198));
#2080=EDGE_LOOP('',(#8199,#8200,#8201,#8202));
#2081=EDGE_LOOP('',(#8203,#8204,#8205,#8206));
#2082=EDGE_LOOP('',(#8207,#8208,#8209,#8210));
#2083=EDGE_LOOP('',(#8211));
#2084=EDGE_LOOP('',(#8212));
#2085=EDGE_LOOP('',(#8213));
#2086=EDGE_LOOP('',(#8214));
#2087=EDGE_LOOP('',(#8215));
#2088=EDGE_LOOP('',(#8216));
#2089=EDGE_LOOP('',(#8217,#8218,#8219,#8220));
#2090=EDGE_LOOP('',(#8221,#8222,#8223,#8224));
#2091=EDGE_LOOP('',(#8225));
#2092=EDGE_LOOP('',(#8226));
#2093=EDGE_LOOP('',(#8227));
#2094=EDGE_LOOP('',(#8228));
#2095=EDGE_LOOP('',(#8229));
#2096=EDGE_LOOP('',(#8230));
#2097=EDGE_LOOP('',(#8231,#8232));
#2098=EDGE_LOOP('',(#8233,#8234));
#2099=EDGE_LOOP('',(#8235,#8236,#8237,#8238));
#2100=EDGE_LOOP('',(#8239));
#2101=EDGE_LOOP('',(#8240));
#2102=EDGE_LOOP('',(#8241,#8242,#8243,#8244));
#2103=EDGE_LOOP('',(#8245,#8246));
#2104=EDGE_LOOP('',(#8247,#8248,#8249,#8250));
#2105=EDGE_LOOP('',(#8251,#8252,#8253));
#2106=EDGE_LOOP('',(#8254,#8255,#8256,#8257));
#2107=EDGE_LOOP('',(#8258,#8259,#8260,#8261));
#2108=EDGE_LOOP('',(#8262,#8263,#8264,#8265));
#2109=EDGE_LOOP('',(#8266,#8267,#8268,#8269));
#2110=EDGE_LOOP('',(#8270));
#2111=EDGE_LOOP('',(#8271));
#2112=EDGE_LOOP('',(#8272,#8273,#8274,#8275));
#2113=EDGE_LOOP('',(#8276,#8277,#8278));
#2114=EDGE_LOOP('',(#8279,#8280,#8281));
#2115=EDGE_LOOP('',(#8282,#8283,#8284));
#2116=EDGE_LOOP('',(#8285,#8286));
#2117=EDGE_LOOP('',(#8287,#8288));
#2118=EDGE_LOOP('',(#8289,#8290,#8291,#8292));
#2119=EDGE_LOOP('',(#8293,#8294));
#2120=EDGE_LOOP('',(#8295,#8296,#8297,#8298));
#2121=EDGE_LOOP('',(#8299));
#2122=EDGE_LOOP('',(#8300));
#2123=EDGE_LOOP('',(#8301,#8302,#8303,#8304));
#2124=EDGE_LOOP('',(#8305,#8306,#8307));
#2125=EDGE_LOOP('',(#8308,#8309,#8310,#8311));
#2126=EDGE_LOOP('',(#8312,#8313,#8314,#8315));
#2127=EDGE_LOOP('',(#8316,#8317,#8318,#8319));
#2128=EDGE_LOOP('',(#8320));
#2129=EDGE_LOOP('',(#8321));
#2130=EDGE_LOOP('',(#8322,#8323,#8324,#8325));
#2131=EDGE_LOOP('',(#8326,#8327,#8328,#8329));
#2132=EDGE_LOOP('',(#8330,#8331,#8332));
#2133=EDGE_LOOP('',(#8333,#8334,#8335));
#2134=EDGE_LOOP('',(#8336,#8337,#8338));
#2135=EDGE_LOOP('',(#8339,#8340,#8341,#8342,#8343,#8344,#8345));
#2136=EDGE_LOOP('',(#8346,#8347,#8348,#8349));
#2137=EDGE_LOOP('',(#8350));
#2138=EDGE_LOOP('',(#8351,#8352,#8353,#8354));
#2139=EDGE_LOOP('',(#8355));
#2140=EDGE_LOOP('',(#8356,#8357,#8358,#8359,#8360,#8361,#8362,#8363,#8364));
#2141=EDGE_LOOP('',(#8365,#8366));
#2142=EDGE_LOOP('',(#8367));
#2143=EDGE_LOOP('',(#8368));
#2144=EDGE_LOOP('',(#8369));
#2145=EDGE_LOOP('',(#8370));
#2146=EDGE_LOOP('',(#8371,#8372,#8373,#8374));
#2147=EDGE_LOOP('',(#8375,#8376,#8377,#8378));
#2148=EDGE_LOOP('',(#8379,#8380,#8381,#8382,#8383,#8384,#8385));
#2149=EDGE_LOOP('',(#8386,#8387,#8388,#8389));
#2150=EDGE_LOOP('',(#8390));
#2151=EDGE_LOOP('',(#8391,#8392,#8393,#8394));
#2152=EDGE_LOOP('',(#8395));
#2153=EDGE_LOOP('',(#8396,#8397,#8398,#8399,#8400,#8401,#8402,#8403,#8404));
#2154=EDGE_LOOP('',(#8405));
#2155=EDGE_LOOP('',(#8406));
#2156=EDGE_LOOP('',(#8407));
#2157=EDGE_LOOP('',(#8408));
#2158=EDGE_LOOP('',(#8409,#8410));
#2159=EDGE_LOOP('',(#8411));
#2160=EDGE_LOOP('',(#8412));
#2161=EDGE_LOOP('',(#8413));
#2162=EDGE_LOOP('',(#8414));
#2163=EDGE_LOOP('',(#8415,#8416,#8417,#8418,#8419,#8420,#8421));
#2164=EDGE_LOOP('',(#8422,#8423,#8424,#8425));
#2165=EDGE_LOOP('',(#8426));
#2166=EDGE_LOOP('',(#8427,#8428,#8429,#8430));
#2167=EDGE_LOOP('',(#8431));
#2168=EDGE_LOOP('',(#8432,#8433,#8434,#8435,#8436,#8437,#8438,#8439,#8440));
#2169=EDGE_LOOP('',(#8441,#8442));
#2170=EDGE_LOOP('',(#8443));
#2171=EDGE_LOOP('',(#8444));
#2172=EDGE_LOOP('',(#8445));
#2173=EDGE_LOOP('',(#8446));
#2174=EDGE_LOOP('',(#8447,#8448,#8449,#8450,#8451,#8452,#8453));
#2175=EDGE_LOOP('',(#8454,#8455,#8456,#8457));
#2176=EDGE_LOOP('',(#8458));
#2177=EDGE_LOOP('',(#8459,#8460,#8461,#8462));
#2178=EDGE_LOOP('',(#8463));
#2179=EDGE_LOOP('',(#8464,#8465,#8466,#8467,#8468,#8469,#8470,#8471,#8472));
#2180=EDGE_LOOP('',(#8473,#8474));
#2181=EDGE_LOOP('',(#8475));
#2182=EDGE_LOOP('',(#8476));
#2183=EDGE_LOOP('',(#8477));
#2184=EDGE_LOOP('',(#8478));
#2185=EDGE_LOOP('',(#8479,#8480,#8481,#8482));
#2186=EDGE_LOOP('',(#8483));
#2187=EDGE_LOOP('',(#8484));
#2188=EDGE_LOOP('',(#8485,#8486,#8487,#8488));
#2189=EDGE_LOOP('',(#8489));
#2190=EDGE_LOOP('',(#8490));
#2191=EDGE_LOOP('',(#8491,#8492,#8493,#8494));
#2192=EDGE_LOOP('',(#8495,#8496,#8497,#8498));
#2193=EDGE_LOOP('',(#8499,#8500,#8501,#8502));
#2194=EDGE_LOOP('',(#8503,#8504,#8505,#8506));
#2195=EDGE_LOOP('',(#8507,#8508,#8509,#8510));
#2196=EDGE_LOOP('',(#8511,#8512,#8513,#8514));
#2197=EDGE_LOOP('',(#8515,#8516,#8517,#8518));
#2198=EDGE_LOOP('',(#8519));
#2199=EDGE_LOOP('',(#8520));
#2200=EDGE_LOOP('',(#8521,#8522,#8523,#8524));
#2201=EDGE_LOOP('',(#8525));
#2202=EDGE_LOOP('',(#8526));
#2203=EDGE_LOOP('',(#8527,#8528,#8529,#8530));
#2204=EDGE_LOOP('',(#8531));
#2205=EDGE_LOOP('',(#8532));
#2206=EDGE_LOOP('',(#8533,#8534,#8535,#8536));
#2207=EDGE_LOOP('',(#8537,#8538,#8539,#8540));
#2208=EDGE_LOOP('',(#8541,#8542,#8543,#8544));
#2209=EDGE_LOOP('',(#8545,#8546,#8547,#8548));
#2210=EDGE_LOOP('',(#8549,#8550,#8551,#8552));
#2211=EDGE_LOOP('',(#8553,#8554,#8555,#8556));
#2212=EDGE_LOOP('',(#8557,#8558,#8559,#8560));
#2213=EDGE_LOOP('',(#8561));
#2214=EDGE_LOOP('',(#8562));
#2215=EDGE_LOOP('',(#8563,#8564,#8565,#8566));
#2216=EDGE_LOOP('',(#8567));
#2217=EDGE_LOOP('',(#8568));
#2218=EDGE_LOOP('',(#8569,#8570,#8571,#8572));
#2219=EDGE_LOOP('',(#8573));
#2220=EDGE_LOOP('',(#8574));
#2221=EDGE_LOOP('',(#8575,#8576,#8577,#8578));
#2222=EDGE_LOOP('',(#8579,#8580,#8581,#8582));
#2223=EDGE_LOOP('',(#8583,#8584,#8585,#8586));
#2224=EDGE_LOOP('',(#8587,#8588,#8589,#8590));
#2225=EDGE_LOOP('',(#8591,#8592,#8593,#8594));
#2226=EDGE_LOOP('',(#8595,#8596,#8597,#8598));
#2227=EDGE_LOOP('',(#8599,#8600,#8601,#8602));
#2228=EDGE_LOOP('',(#8603,#8604,#8605,#8606));
#2229=EDGE_LOOP('',(#8607,#8608,#8609,#8610));
#2230=EDGE_LOOP('',(#8611,#8612,#8613,#8614));
#2231=EDGE_LOOP('',(#8615,#8616,#8617,#8618));
#2232=EDGE_LOOP('',(#8619,#8620,#8621,#8622));
#2233=EDGE_LOOP('',(#8623,#8624,#8625,#8626));
#2234=EDGE_LOOP('',(#8627,#8628,#8629,#8630));
#2235=EDGE_LOOP('',(#8631,#8632,#8633,#8634));
#2236=EDGE_LOOP('',(#8635,#8636,#8637,#8638));
#2237=EDGE_LOOP('',(#8639,#8640,#8641,#8642));
#2238=EDGE_LOOP('',(#8643));
#2239=EDGE_LOOP('',(#8644,#8645,#8646,#8647));
#2240=EDGE_LOOP('',(#8648));
#2241=EDGE_LOOP('',(#8649,#8650,#8651,#8652));
#2242=EDGE_LOOP('',(#8653));
#2243=EDGE_LOOP('',(#8654,#8655,#8656,#8657));
#2244=EDGE_LOOP('',(#8658));
#2245=EDGE_LOOP('',(#8659,#8660,#8661,#8662));
#2246=EDGE_LOOP('',(#8663));
#2247=EDGE_LOOP('',(#8664,#8665,#8666,#8667));
#2248=EDGE_LOOP('',(#8668));
#2249=EDGE_LOOP('',(#8669,#8670,#8671,#8672));
#2250=EDGE_LOOP('',(#8673,#8674,#8675,#8676));
#2251=EDGE_LOOP('',(#8677,#8678,#8679,#8680));
#2252=EDGE_LOOP('',(#8681,#8682,#8683,#8684));
#2253=EDGE_LOOP('',(#8685,#8686,#8687,#8688));
#2254=EDGE_LOOP('',(#8689,#8690,#8691,#8692));
#2255=EDGE_LOOP('',(#8693,#8694,#8695,#8696));
#2256=EDGE_LOOP('',(#8697,#8698,#8699,#8700,#8701,#8702,#8703,#8704));
#2257=EDGE_LOOP('',(#8705,#8706,#8707,#8708));
#2258=EDGE_LOOP('',(#8709));
#2259=EDGE_LOOP('',(#8710,#8711,#8712,#8713));
#2260=EDGE_LOOP('',(#8714,#8715,#8716,#8717));
#2261=EDGE_LOOP('',(#8718,#8719,#8720,#8721));
#2262=EDGE_LOOP('',(#8722,#8723,#8724,#8725));
#2263=EDGE_LOOP('',(#8726,#8727,#8728,#8729));
#2264=EDGE_LOOP('',(#8730,#8731,#8732,#8733));
#2265=EDGE_LOOP('',(#8734,#8735,#8736,#8737,#8738,#8739,#8740,#8741));
#2266=EDGE_LOOP('',(#8742,#8743,#8744,#8745));
#2267=EDGE_LOOP('',(#8746));
#2268=EDGE_LOOP('',(#8747,#8748,#8749,#8750));
#2269=EDGE_LOOP('',(#8751));
#2270=EDGE_LOOP('',(#8752));
#2271=EDGE_LOOP('',(#8753));
#2272=EDGE_LOOP('',(#8754));
#2273=EDGE_LOOP('',(#8755,#8756,#8757,#8758));
#2274=EDGE_LOOP('',(#8759,#8760,#8761,#8762));
#2275=EDGE_LOOP('',(#8763,#8764,#8765,#8766));
#2276=EDGE_LOOP('',(#8767,#8768,#8769,#8770));
#2277=EDGE_LOOP('',(#8771,#8772,#8773,#8774));
#2278=EDGE_LOOP('',(#8775,#8776,#8777,#8778));
#2279=EDGE_LOOP('',(#8779,#8780,#8781,#8782));
#2280=EDGE_LOOP('',(#8783));
#2281=EDGE_LOOP('',(#8784));
#2282=EDGE_LOOP('',(#8785,#8786,#8787,#8788));
#2283=EDGE_LOOP('',(#8789));
#2284=EDGE_LOOP('',(#8790));
#2285=EDGE_LOOP('',(#8791,#8792,#8793,#8794));
#2286=EDGE_LOOP('',(#8795,#8796,#8797,#8798));
#2287=EDGE_LOOP('',(#8799,#8800,#8801,#8802));
#2288=EDGE_LOOP('',(#8803,#8804,#8805,#8806));
#2289=EDGE_LOOP('',(#8807,#8808,#8809,#8810));
#2290=EDGE_LOOP('',(#8811,#8812,#8813,#8814));
#2291=EDGE_LOOP('',(#8815,#8816,#8817,#8818));
#2292=EDGE_LOOP('',(#8819,#8820,#8821,#8822));
#2293=EDGE_LOOP('',(#8823,#8824,#8825,#8826));
#2294=EDGE_LOOP('',(#8827,#8828,#8829,#8830));
#2295=EDGE_LOOP('',(#8831,#8832,#8833,#8834));
#2296=EDGE_LOOP('',(#8835,#8836,#8837,#8838));
#2297=EDGE_LOOP('',(#8839,#8840,#8841,#8842));
#2298=EDGE_LOOP('',(#8843,#8844,#8845,#8846));
#2299=EDGE_LOOP('',(#8847,#8848,#8849,#8850));
#2300=EDGE_LOOP('',(#8851,#8852,#8853,#8854));
#2301=EDGE_LOOP('',(#8855,#8856,#8857,#8858));
#2302=EDGE_LOOP('',(#8859));
#2303=EDGE_LOOP('',(#8860,#8861,#8862,#8863));
#2304=EDGE_LOOP('',(#8864));
#2305=EDGE_LOOP('',(#8865,#8866,#8867,#8868));
#2306=EDGE_LOOP('',(#8869));
#2307=EDGE_LOOP('',(#8870,#8871,#8872,#8873));
#2308=EDGE_LOOP('',(#8874));
#2309=EDGE_LOOP('',(#8875,#8876,#8877,#8878));
#2310=EDGE_LOOP('',(#8879));
#2311=EDGE_LOOP('',(#8880,#8881,#8882,#8883));
#2312=EDGE_LOOP('',(#8884));
#2313=EDGE_LOOP('',(#8885,#8886,#8887,#8888));
#2314=EDGE_LOOP('',(#8889,#8890,#8891,#8892));
#2315=EDGE_LOOP('',(#8893,#8894,#8895,#8896));
#2316=EDGE_LOOP('',(#8897,#8898,#8899,#8900));
#2317=EDGE_LOOP('',(#8901,#8902,#8903,#8904));
#2318=EDGE_LOOP('',(#8905,#8906,#8907,#8908));
#2319=EDGE_LOOP('',(#8909,#8910,#8911,#8912));
#2320=EDGE_LOOP('',(#8913,#8914,#8915,#8916,#8917,#8918,#8919,#8920));
#2321=EDGE_LOOP('',(#8921,#8922,#8923,#8924));
#2322=EDGE_LOOP('',(#8925));
#2323=EDGE_LOOP('',(#8926,#8927,#8928,#8929));
#2324=EDGE_LOOP('',(#8930,#8931,#8932,#8933));
#2325=EDGE_LOOP('',(#8934,#8935,#8936,#8937));
#2326=EDGE_LOOP('',(#8938,#8939,#8940,#8941));
#2327=EDGE_LOOP('',(#8942,#8943,#8944,#8945));
#2328=EDGE_LOOP('',(#8946,#8947,#8948,#8949));
#2329=EDGE_LOOP('',(#8950,#8951,#8952,#8953,#8954,#8955,#8956,#8957));
#2330=EDGE_LOOP('',(#8958,#8959,#8960,#8961));
#2331=EDGE_LOOP('',(#8962));
#2332=EDGE_LOOP('',(#8963,#8964,#8965,#8966));
#2333=EDGE_LOOP('',(#8967));
#2334=EDGE_LOOP('',(#8968));
#2335=EDGE_LOOP('',(#8969));
#2336=EDGE_LOOP('',(#8970));
#2337=EDGE_LOOP('',(#8971,#8972,#8973,#8974));
#2338=EDGE_LOOP('',(#8975,#8976,#8977,#8978));
#2339=EDGE_LOOP('',(#8979,#8980,#8981,#8982));
#2340=EDGE_LOOP('',(#8983,#8984,#8985,#8986));
#2341=EDGE_LOOP('',(#8987,#8988,#8989,#8990));
#2342=EDGE_LOOP('',(#8991,#8992,#8993,#8994));
#2343=EDGE_LOOP('',(#8995,#8996,#8997,#8998));
#2344=EDGE_LOOP('',(#8999));
#2345=EDGE_LOOP('',(#9000));
#2346=EDGE_LOOP('',(#9001,#9002,#9003,#9004));
#2347=EDGE_LOOP('',(#9005));
#2348=EDGE_LOOP('',(#9006));
#2349=EDGE_LOOP('',(#9007,#9008,#9009,#9010));
#2350=EDGE_LOOP('',(#9011));
#2351=EDGE_LOOP('',(#9012));
#2352=EDGE_LOOP('',(#9013,#9014,#9015,#9016));
#2353=EDGE_LOOP('',(#9017,#9018,#9019,#9020));
#2354=EDGE_LOOP('',(#9021));
#2355=EDGE_LOOP('',(#9022));
#2356=EDGE_LOOP('',(#9023));
#2357=EDGE_LOOP('',(#9024));
#2358=EDGE_LOOP('',(#9025,#9026,#9027,#9028));
#2359=EDGE_LOOP('',(#9029,#9030,#9031,#9032));
#2360=EDGE_LOOP('',(#9033));
#2361=EDGE_LOOP('',(#9034));
#2362=EDGE_LOOP('',(#9035));
#2363=EDGE_LOOP('',(#9036));
#2364=EDGE_LOOP('',(#9037,#9038,#9039,#9040));
#2365=EDGE_LOOP('',(#9041));
#2366=EDGE_LOOP('',(#9042));
#2367=EDGE_LOOP('',(#9043,#9044,#9045,#9046));
#2368=EDGE_LOOP('',(#9047,#9048,#9049,#9050));
#2369=EDGE_LOOP('',(#9051));
#2370=EDGE_LOOP('',(#9052,#9053,#9054,#9055));
#2371=EDGE_LOOP('',(#9056,#9057,#9058,#9059));
#2372=EDGE_LOOP('',(#9060,#9061,#9062,#9063));
#2373=EDGE_LOOP('',(#9064,#9065,#9066,#9067));
#2374=EDGE_LOOP('',(#9068));
#2375=EDGE_LOOP('',(#9069,#9070,#9071,#9072));
#2376=EDGE_LOOP('',(#9073));
#2377=EDGE_LOOP('',(#9074,#9075,#9076,#9077));
#2378=EDGE_LOOP('',(#9078));
#2379=EDGE_LOOP('',(#9079,#9080,#9081,#9082));
#2380=EDGE_LOOP('',(#9083,#9084,#9085,#9086));
#2381=EDGE_LOOP('',(#9087,#9088,#9089,#9090));
#2382=EDGE_LOOP('',(#9091,#9092,#9093,#9094));
#2383=EDGE_LOOP('',(#9095,#9096,#9097,#9098));
#2384=EDGE_LOOP('',(#9099));
#2385=EDGE_LOOP('',(#9100,#9101,#9102,#9103));
#2386=EDGE_LOOP('',(#9104));
#2387=EDGE_LOOP('',(#9105,#9106,#9107,#9108));
#2388=EDGE_LOOP('',(#9109));
#2389=EDGE_LOOP('',(#9110,#9111,#9112,#9113));
#2390=EDGE_LOOP('',(#9114));
#2391=EDGE_LOOP('',(#9115,#9116,#9117,#9118));
#2392=EDGE_LOOP('',(#9119,#9120,#9121,#9122,#9123,#9124));
#2393=EDGE_LOOP('',(#9125,#9126,#9127,#9128));
#2394=EDGE_LOOP('',(#9129,#9130,#9131,#9132));
#2395=EDGE_LOOP('',(#9133,#9134,#9135,#9136));
#2396=EDGE_LOOP('',(#9137,#9138,#9139,#9140));
#2397=EDGE_LOOP('',(#9141,#9142,#9143,#9144));
#2398=EDGE_LOOP('',(#9145,#9146,#9147,#9148,#9149,#9150));
#2399=EDGE_LOOP('',(#9151,#9152,#9153,#9154));
#2400=EDGE_LOOP('',(#9155,#9156,#9157,#9158));
#2401=EDGE_LOOP('',(#9159));
#2402=EDGE_LOOP('',(#9160));
#2403=EDGE_LOOP('',(#9161));
#2404=EDGE_LOOP('',(#9162));
#2405=EDGE_LOOP('',(#9163,#9164,#9165,#9166));
#2406=EDGE_LOOP('',(#9167,#9168,#9169,#9170));
#2407=EDGE_LOOP('',(#9171));
#2408=EDGE_LOOP('',(#9172));
#2409=EDGE_LOOP('',(#9173));
#2410=EDGE_LOOP('',(#9174));
#2411=EDGE_LOOP('',(#9175,#9176,#9177,#9178));
#2412=EDGE_LOOP('',(#9179,#9180,#9181,#9182));
#2413=EDGE_LOOP('',(#9183));
#2414=EDGE_LOOP('',(#9184));
#2415=EDGE_LOOP('',(#9185));
#2416=EDGE_LOOP('',(#9186));
#2417=EDGE_LOOP('',(#9187,#9188,#9189,#9190));
#2418=EDGE_LOOP('',(#9191,#9192,#9193,#9194));
#2419=EDGE_LOOP('',(#9195,#9196,#9197,#9198));
#2420=EDGE_LOOP('',(#9199,#9200,#9201,#9202));
#2421=EDGE_LOOP('',(#9203,#9204,#9205,#9206));
#2422=EDGE_LOOP('',(#9207,#9208,#9209,#9210));
#2423=EDGE_LOOP('',(#9211,#9212,#9213,#9214));
#2424=EDGE_LOOP('',(#9215,#9216,#9217,#9218));
#2425=EDGE_LOOP('',(#9219,#9220,#9221,#9222));
#2426=EDGE_LOOP('',(#9223));
#2427=EDGE_LOOP('',(#9224,#9225,#9226,#9227));
#2428=EDGE_LOOP('',(#9228,#9229,#9230,#9231,#9232,#9233,#9234,#9235));
#2429=EDGE_LOOP('',(#9236,#9237,#9238,#9239));
#2430=EDGE_LOOP('',(#9240));
#2431=EDGE_LOOP('',(#9241));
#2432=EDGE_LOOP('',(#9242,#9243,#9244,#9245));
#2433=EDGE_LOOP('',(#9246));
#2434=EDGE_LOOP('',(#9247,#9248,#9249,#9250));
#2435=EDGE_LOOP('',(#9251,#9252,#9253,#9254));
#2436=EDGE_LOOP('',(#9255,#9256,#9257,#9258,#9259,#9260,#9261,#9262));
#2437=EDGE_LOOP('',(#9263,#9264,#9265,#9266));
#2438=EDGE_LOOP('',(#9267,#9268,#9269,#9270));
#2439=EDGE_LOOP('',(#9271,#9272,#9273,#9274));
#2440=EDGE_LOOP('',(#9275,#9276,#9277,#9278));
#2441=EDGE_LOOP('',(#9279,#9280,#9281,#9282));
#2442=EDGE_LOOP('',(#9283,#9284,#9285,#9286));
#2443=EDGE_LOOP('',(#9287,#9288,#9289,#9290));
#2444=EDGE_LOOP('',(#9291,#9292,#9293,#9294));
#2445=EDGE_LOOP('',(#9295,#9296,#9297,#9298));
#2446=EDGE_LOOP('',(#9299,#9300,#9301,#9302));
#2447=EDGE_LOOP('',(#9303,#9304,#9305,#9306));
#2448=EDGE_LOOP('',(#9307,#9308,#9309,#9310));
#2449=EDGE_LOOP('',(#9311,#9312,#9313,#9314));
#2450=EDGE_LOOP('',(#9315,#9316,#9317,#9318));
#2451=EDGE_LOOP('',(#9319,#9320,#9321,#9322));
#2452=EDGE_LOOP('',(#9323,#9324,#9325,#9326));
#2453=EDGE_LOOP('',(#9327,#9328,#9329,#9330));
#2454=EDGE_LOOP('',(#9331,#9332,#9333,#9334));
#2455=EDGE_LOOP('',(#9335,#9336,#9337,#9338));
#2456=EDGE_LOOP('',(#9339,#9340,#9341,#9342));
#2457=EDGE_LOOP('',(#9343,#9344,#9345,#9346));
#2458=EDGE_LOOP('',(#9347,#9348,#9349,#9350));
#2459=EDGE_LOOP('',(#9351,#9352,#9353,#9354));
#2460=EDGE_LOOP('',(#9355,#9356,#9357,#9358));
#2461=EDGE_LOOP('',(#9359,#9360,#9361,#9362));
#2462=EDGE_LOOP('',(#9363,#9364,#9365,#9366));
#2463=EDGE_LOOP('',(#9367,#9368,#9369,#9370));
#2464=EDGE_LOOP('',(#9371,#9372,#9373,#9374));
#2465=EDGE_LOOP('',(#9375,#9376,#9377,#9378));
#2466=EDGE_LOOP('',(#9379,#9380,#9381,#9382));
#2467=EDGE_LOOP('',(#9383,#9384,#9385,#9386));
#2468=EDGE_LOOP('',(#9387,#9388,#9389,#9390));
#2469=EDGE_LOOP('',(#9391,#9392,#9393,#9394));
#2470=EDGE_LOOP('',(#9395,#9396,#9397,#9398));
#2471=EDGE_LOOP('',(#9399,#9400,#9401,#9402));
#2472=EDGE_LOOP('',(#9403,#9404,#9405,#9406));
#2473=EDGE_LOOP('',(#9407,#9408,#9409,#9410));
#2474=EDGE_LOOP('',(#9411,#9412,#9413,#9414));
#2475=EDGE_LOOP('',(#9415,#9416,#9417,#9418));
#2476=EDGE_LOOP('',(#9419,#9420,#9421,#9422));
#2477=EDGE_LOOP('',(#9423,#9424,#9425,#9426));
#2478=EDGE_LOOP('',(#9427,#9428,#9429,#9430));
#2479=EDGE_LOOP('',(#9431,#9432,#9433,#9434));
#2480=EDGE_LOOP('',(#9435,#9436,#9437,#9438));
#2481=EDGE_LOOP('',(#9439,#9440,#9441,#9442));
#2482=EDGE_LOOP('',(#9443,#9444,#9445,#9446));
#2483=EDGE_LOOP('',(#9447,#9448,#9449,#9450));
#2484=EDGE_LOOP('',(#9451,#9452,#9453,#9454));
#2485=EDGE_LOOP('',(#9455,#9456,#9457,#9458));
#2486=EDGE_LOOP('',(#9459,#9460,#9461,#9462));
#2487=EDGE_LOOP('',(#9463,#9464,#9465,#9466));
#2488=EDGE_LOOP('',(#9467,#9468,#9469,#9470));
#2489=EDGE_LOOP('',(#9471,#9472,#9473,#9474));
#2490=EDGE_LOOP('',(#9475,#9476,#9477,#9478));
#2491=EDGE_LOOP('',(#9479,#9480,#9481,#9482));
#2492=EDGE_LOOP('',(#9483,#9484,#9485,#9486));
#2493=EDGE_LOOP('',(#9487,#9488,#9489,#9490));
#2494=EDGE_LOOP('',(#9491,#9492,#9493,#9494));
#2495=EDGE_LOOP('',(#9495,#9496,#9497,#9498));
#2496=EDGE_LOOP('',(#9499));
#2497=EDGE_LOOP('',(#9500));
#2498=EDGE_LOOP('',(#9501));
#2499=EDGE_LOOP('',(#9502));
#2500=EDGE_LOOP('',(#9503,#9504,#9505,#9506));
#2501=EDGE_LOOP('',(#9507));
#2502=EDGE_LOOP('',(#9508));
#2503=EDGE_LOOP('',(#9509));
#2504=EDGE_LOOP('',(#9510));
#2505=EDGE_LOOP('',(#9511,#9512,#9513,#9514));
#2506=EDGE_LOOP('',(#9515,#9516,#9517,#9518));
#2507=EDGE_LOOP('',(#9519,#9520,#9521,#9522));
#2508=EDGE_LOOP('',(#9523,#9524,#9525,#9526));
#2509=EDGE_LOOP('',(#9527,#9528,#9529,#9530));
#2510=EDGE_LOOP('',(#9531,#9532,#9533,#9534));
#2511=EDGE_LOOP('',(#9535,#9536,#9537,#9538));
#2512=EDGE_LOOP('',(#9539,#9540,#9541,#9542));
#2513=EDGE_LOOP('',(#9543,#9544,#9545,#9546));
#2514=EDGE_LOOP('',(#9547,#9548,#9549,#9550));
#2515=EDGE_LOOP('',(#9551,#9552,#9553,#9554));
#2516=EDGE_LOOP('',(#9555,#9556,#9557,#9558));
#2517=EDGE_LOOP('',(#9559,#9560,#9561,#9562));
#2518=EDGE_LOOP('',(#9563,#9564,#9565,#9566));
#2519=EDGE_LOOP('',(#9567,#9568,#9569,#9570));
#2520=EDGE_LOOP('',(#9571,#9572,#9573,#9574));
#2521=EDGE_LOOP('',(#9575,#9576,#9577,#9578));
#2522=EDGE_LOOP('',(#9579,#9580,#9581,#9582));
#2523=EDGE_LOOP('',(#9583,#9584,#9585,#9586));
#2524=EDGE_LOOP('',(#9587,#9588,#9589,#9590));
#2525=EDGE_LOOP('',(#9591,#9592,#9593,#9594));
#2526=EDGE_LOOP('',(#9595,#9596,#9597,#9598));
#2527=EDGE_LOOP('',(#9599,#9600,#9601,#9602));
#2528=EDGE_LOOP('',(#9603,#9604,#9605,#9606));
#2529=EDGE_LOOP('',(#9607,#9608,#9609,#9610));
#2530=EDGE_LOOP('',(#9611));
#2531=EDGE_LOOP('',(#9612));
#2532=EDGE_LOOP('',(#9613,#9614,#9615,#9616));
#2533=EDGE_LOOP('',(#9617));
#2534=EDGE_LOOP('',(#9618));
#2535=EDGE_LOOP('',(#9619,#9620,#9621,#9622));
#2536=EDGE_LOOP('',(#9623,#9624,#9625,#9626));
#2537=EDGE_LOOP('',(#9627,#9628,#9629,#9630));
#2538=EDGE_LOOP('',(#9631,#9632,#9633,#9634));
#2539=EDGE_LOOP('',(#9635,#9636,#9637,#9638));
#2540=EDGE_LOOP('',(#9639));
#2541=EDGE_LOOP('',(#9640));
#2542=EDGE_LOOP('',(#9641));
#2543=EDGE_LOOP('',(#9642));
#2544=EDGE_LOOP('',(#9643,#9644,#9645,#9646));
#2545=EDGE_LOOP('',(#9647,#9648,#9649,#9650));
#2546=EDGE_LOOP('',(#9651));
#2547=EDGE_LOOP('',(#9652));
#2548=EDGE_LOOP('',(#9653));
#2549=EDGE_LOOP('',(#9654));
#2550=EDGE_LOOP('',(#9655,#9656,#9657,#9658));
#2551=EDGE_LOOP('',(#9659,#9660,#9661,#9662));
#2552=EDGE_LOOP('',(#9663,#9664,#9665,#9666));
#2553=EDGE_LOOP('',(#9667,#9668,#9669,#9670));
#2554=EDGE_LOOP('',(#9671,#9672,#9673,#9674));
#2555=EDGE_LOOP('',(#9675,#9676,#9677,#9678));
#2556=EDGE_LOOP('',(#9679,#9680,#9681,#9682));
#2557=EDGE_LOOP('',(#9683,#9684,#9685,#9686));
#2558=EDGE_LOOP('',(#9687,#9688,#9689,#9690));
#2559=EDGE_LOOP('',(#9691,#9692,#9693,#9694));
#2560=EDGE_LOOP('',(#9695,#9696,#9697,#9698));
#2561=EDGE_LOOP('',(#9699,#9700,#9701,#9702));
#2562=EDGE_LOOP('',(#9703,#9704,#9705,#9706));
#2563=EDGE_LOOP('',(#9707,#9708,#9709,#9710));
#2564=EDGE_LOOP('',(#9711,#9712,#9713,#9714));
#2565=EDGE_LOOP('',(#9715,#9716,#9717,#9718));
#2566=EDGE_LOOP('',(#9719,#9720,#9721,#9722));
#2567=EDGE_LOOP('',(#9723,#9724,#9725,#9726));
#2568=EDGE_LOOP('',(#9727,#9728,#9729,#9730));
#2569=EDGE_LOOP('',(#9731,#9732,#9733,#9734));
#2570=EDGE_LOOP('',(#9735,#9736,#9737,#9738));
#2571=EDGE_LOOP('',(#9739,#9740,#9741,#9742));
#2572=EDGE_LOOP('',(#9743));
#2573=EDGE_LOOP('',(#9744));
#2574=EDGE_LOOP('',(#9745));
#2575=EDGE_LOOP('',(#9746));
#2576=EDGE_LOOP('',(#9747,#9748,#9749,#9750));
#2577=EDGE_LOOP('',(#9751,#9752,#9753,#9754));
#2578=EDGE_LOOP('',(#9755,#9756,#9757,#9758));
#2579=EDGE_LOOP('',(#9759));
#2580=EDGE_LOOP('',(#9760));
#2581=EDGE_LOOP('',(#9761));
#2582=EDGE_LOOP('',(#9762));
#2583=EDGE_LOOP('',(#9763,#9764,#9765,#9766));
#2584=EDGE_LOOP('',(#9767,#9768,#9769,#9770));
#2585=EDGE_LOOP('',(#9771,#9772,#9773,#9774));
#2586=EDGE_LOOP('',(#9775,#9776,#9777,#9778));
#2587=EDGE_LOOP('',(#9779,#9780,#9781,#9782));
#2588=EDGE_LOOP('',(#9783,#9784,#9785,#9786));
#2589=EDGE_LOOP('',(#9787,#9788,#9789,#9790));
#2590=EDGE_LOOP('',(#9791,#9792,#9793,#9794));
#2591=EDGE_LOOP('',(#9795,#9796,#9797,#9798));
#2592=EDGE_LOOP('',(#9799,#9800,#9801,#9802));
#2593=EDGE_LOOP('',(#9803,#9804,#9805,#9806));
#2594=EDGE_LOOP('',(#9807,#9808,#9809,#9810));
#2595=EDGE_LOOP('',(#9811,#9812,#9813,#9814));
#2596=EDGE_LOOP('',(#9815));
#2597=EDGE_LOOP('',(#9816,#9817,#9818,#9819));
#2598=EDGE_LOOP('',(#9820));
#2599=EDGE_LOOP('',(#9821,#9822,#9823,#9824));
#2600=EDGE_LOOP('',(#9825));
#2601=EDGE_LOOP('',(#9826));
#2602=EDGE_LOOP('',(#9827));
#2603=EDGE_LOOP('',(#9828));
#2604=EDGE_LOOP('',(#9829,#9830,#9831,#9832));
#2605=EDGE_LOOP('',(#9833));
#2606=EDGE_LOOP('',(#9834,#9835,#9836,#9837));
#2607=EDGE_LOOP('',(#9838));
#2608=EDGE_LOOP('',(#9839,#9840,#9841,#9842));
#2609=EDGE_LOOP('',(#9843));
#2610=EDGE_LOOP('',(#9844));
#2611=EDGE_LOOP('',(#9845));
#2612=EDGE_LOOP('',(#9846));
#2613=EDGE_LOOP('',(#9847,#9848,#9849,#9850));
#2614=EDGE_LOOP('',(#9851));
#2615=EDGE_LOOP('',(#9852,#9853,#9854,#9855));
#2616=EDGE_LOOP('',(#9856));
#2617=EDGE_LOOP('',(#9857,#9858,#9859,#9860));
#2618=EDGE_LOOP('',(#9861));
#2619=EDGE_LOOP('',(#9862));
#2620=EDGE_LOOP('',(#9863));
#2621=EDGE_LOOP('',(#9864));
#2622=EDGE_LOOP('',(#9865,#9866,#9867,#9868));
#2623=EDGE_LOOP('',(#9869));
#2624=EDGE_LOOP('',(#9870,#9871,#9872,#9873));
#2625=EDGE_LOOP('',(#9874));
#2626=EDGE_LOOP('',(#9875,#9876,#9877,#9878));
#2627=EDGE_LOOP('',(#9879));
#2628=EDGE_LOOP('',(#9880));
#2629=EDGE_LOOP('',(#9881));
#2630=EDGE_LOOP('',(#9882));
#2631=EDGE_LOOP('',(#9883,#9884,#9885,#9886));
#2632=EDGE_LOOP('',(#9887));
#2633=EDGE_LOOP('',(#9888,#9889,#9890,#9891));
#2634=EDGE_LOOP('',(#9892));
#2635=EDGE_LOOP('',(#9893,#9894,#9895,#9896));
#2636=EDGE_LOOP('',(#9897));
#2637=EDGE_LOOP('',(#9898));
#2638=EDGE_LOOP('',(#9899));
#2639=EDGE_LOOP('',(#9900));
#2640=EDGE_LOOP('',(#9901,#9902,#9903,#9904));
#2641=EDGE_LOOP('',(#9905));
#2642=EDGE_LOOP('',(#9906,#9907,#9908,#9909));
#2643=EDGE_LOOP('',(#9910));
#2644=EDGE_LOOP('',(#9911,#9912,#9913,#9914));
#2645=EDGE_LOOP('',(#9915));
#2646=EDGE_LOOP('',(#9916));
#2647=EDGE_LOOP('',(#9917));
#2648=EDGE_LOOP('',(#9918));
#2649=EDGE_LOOP('',(#9919,#9920,#9921,#9922));
#2650=EDGE_LOOP('',(#9923,#9924,#9925,#9926));
#2651=EDGE_LOOP('',(#9927,#9928,#9929,#9930));
#2652=EDGE_LOOP('',(#9931,#9932,#9933,#9934));
#2653=EDGE_LOOP('',(#9935,#9936,#9937,#9938));
#2654=EDGE_LOOP('',(#9939,#9940,#9941,#9942,#9943,#9944,#9945,#9946));
#2655=EDGE_LOOP('',(#9947,#9948,#9949,#9950));
#2656=EDGE_LOOP('',(#9951));
#2657=EDGE_LOOP('',(#9952,#9953,#9954,#9955));
#2658=EDGE_LOOP('',(#9956,#9957,#9958,#9959));
#2659=EDGE_LOOP('',(#9960,#9961,#9962,#9963));
#2660=EDGE_LOOP('',(#9964,#9965,#9966,#9967));
#2661=EDGE_LOOP('',(#9968,#9969,#9970,#9971));
#2662=EDGE_LOOP('',(#9972));
#2663=EDGE_LOOP('',(#9973));
#2664=EDGE_LOOP('',(#9974,#9975,#9976,#9977));
#2665=EDGE_LOOP('',(#9978,#9979,#9980,#9981,#9982,#9983,#9984,#9985));
#2666=EDGE_LOOP('',(#9986,#9987,#9988,#9989));
#2667=EDGE_LOOP('',(#9990,#9991,#9992,#9993));
#2668=EDGE_LOOP('',(#9994,#9995,#9996,#9997));
#2669=EDGE_LOOP('',(#9998,#9999,#10000,#10001));
#2670=EDGE_LOOP('',(#10002));
#2671=EDGE_LOOP('',(#10003,#10004,#10005,#10006));
#2672=EDGE_LOOP('',(#10007,#10008,#10009,#10010));
#2673=EDGE_LOOP('',(#10011,#10012,#10013,#10014));
#2674=EDGE_LOOP('',(#10015,#10016,#10017,#10018));
#2675=EDGE_LOOP('',(#10019,#10020,#10021,#10022));
#2676=EDGE_LOOP('',(#10023,#10024,#10025,#10026,#10027,#10028,#10029,#10030));
#2677=EDGE_LOOP('',(#10031,#10032,#10033,#10034));
#2678=EDGE_LOOP('',(#10035));
#2679=EDGE_LOOP('',(#10036,#10037,#10038,#10039));
#2680=EDGE_LOOP('',(#10040));
#2681=EDGE_LOOP('',(#10041,#10042,#10043,#10044));
#2682=EDGE_LOOP('',(#10045,#10046,#10047,#10048));
#2683=EDGE_LOOP('',(#10049,#10050,#10051,#10052));
#2684=EDGE_LOOP('',(#10053,#10054,#10055,#10056));
#2685=EDGE_LOOP('',(#10057,#10058,#10059,#10060));
#2686=EDGE_LOOP('',(#10061));
#2687=EDGE_LOOP('',(#10062));
#2688=EDGE_LOOP('',(#10063,#10064,#10065,#10066));
#2689=EDGE_LOOP('',(#10067,#10068,#10069,#10070,#10071,#10072,#10073,#10074));
#2690=EDGE_LOOP('',(#10075,#10076,#10077,#10078));
#2691=EDGE_LOOP('',(#10079,#10080,#10081,#10082));
#2692=EDGE_LOOP('',(#10083,#10084,#10085,#10086));
#2693=EDGE_LOOP('',(#10087,#10088,#10089,#10090));
#2694=EDGE_LOOP('',(#10091,#10092,#10093,#10094));
#2695=EDGE_LOOP('',(#10095,#10096,#10097,#10098));
#2696=EDGE_LOOP('',(#10099,#10100,#10101,#10102));
#2697=EDGE_LOOP('',(#10103,#10104,#10105,#10106));
#2698=EDGE_LOOP('',(#10107,#10108,#10109,#10110,#10111,#10112,#10113,#10114));
#2699=EDGE_LOOP('',(#10115,#10116,#10117,#10118));
#2700=EDGE_LOOP('',(#10119));
#2701=EDGE_LOOP('',(#10120,#10121,#10122,#10123));
#2702=EDGE_LOOP('',(#10124));
#2703=EDGE_LOOP('',(#10125,#10126,#10127,#10128));
#2704=EDGE_LOOP('',(#10129,#10130,#10131,#10132));
#2705=EDGE_LOOP('',(#10133,#10134,#10135,#10136));
#2706=EDGE_LOOP('',(#10137,#10138,#10139,#10140));
#2707=EDGE_LOOP('',(#10141,#10142,#10143,#10144));
#2708=EDGE_LOOP('',(#10145));
#2709=EDGE_LOOP('',(#10146));
#2710=EDGE_LOOP('',(#10147,#10148,#10149,#10150));
#2711=EDGE_LOOP('',(#10151,#10152,#10153,#10154,#10155,#10156,#10157,#10158));
#2712=EDGE_LOOP('',(#10159,#10160,#10161,#10162));
#2713=EDGE_LOOP('',(#10163,#10164,#10165,#10166));
#2714=EDGE_LOOP('',(#10167,#10168,#10169,#10170));
#2715=EDGE_LOOP('',(#10171,#10172,#10173,#10174));
#2716=EDGE_LOOP('',(#10175,#10176,#10177,#10178));
#2717=EDGE_LOOP('',(#10179,#10180,#10181,#10182));
#2718=EDGE_LOOP('',(#10183,#10184,#10185,#10186));
#2719=EDGE_LOOP('',(#10187,#10188,#10189,#10190));
#2720=EDGE_LOOP('',(#10191,#10192,#10193,#10194,#10195,#10196,#10197,#10198));
#2721=EDGE_LOOP('',(#10199,#10200,#10201,#10202));
#2722=EDGE_LOOP('',(#10203));
#2723=EDGE_LOOP('',(#10204,#10205,#10206,#10207));
#2724=EDGE_LOOP('',(#10208,#10209,#10210,#10211));
#2725=EDGE_LOOP('',(#10212,#10213,#10214,#10215));
#2726=EDGE_LOOP('',(#10216,#10217,#10218,#10219));
#2727=EDGE_LOOP('',(#10220,#10221,#10222,#10223));
#2728=EDGE_LOOP('',(#10224));
#2729=EDGE_LOOP('',(#10225));
#2730=EDGE_LOOP('',(#10226,#10227,#10228,#10229));
#2731=EDGE_LOOP('',(#10230,#10231,#10232,#10233,#10234,#10235,#10236,#10237));
#2732=EDGE_LOOP('',(#10238,#10239,#10240,#10241));
#2733=EDGE_LOOP('',(#10242,#10243,#10244,#10245));
#2734=EDGE_LOOP('',(#10246,#10247,#10248,#10249));
#2735=EDGE_LOOP('',(#10250,#10251,#10252,#10253));
#2736=EDGE_LOOP('',(#10254));
#2737=EDGE_LOOP('',(#10255,#10256,#10257,#10258));
#2738=EDGE_LOOP('',(#10259,#10260,#10261,#10262));
#2739=EDGE_LOOP('',(#10263,#10264,#10265,#10266));
#2740=EDGE_LOOP('',(#10267,#10268,#10269,#10270));
#2741=EDGE_LOOP('',(#10271,#10272,#10273,#10274));
#2742=EDGE_LOOP('',(#10275,#10276,#10277,#10278,#10279,#10280,#10281,#10282));
#2743=EDGE_LOOP('',(#10283,#10284,#10285,#10286));
#2744=EDGE_LOOP('',(#10287));
#2745=EDGE_LOOP('',(#10288,#10289,#10290,#10291));
#2746=EDGE_LOOP('',(#10292));
#2747=EDGE_LOOP('',(#10293,#10294,#10295,#10296));
#2748=EDGE_LOOP('',(#10297,#10298,#10299,#10300));
#2749=EDGE_LOOP('',(#10301,#10302,#10303,#10304));
#2750=EDGE_LOOP('',(#10305,#10306,#10307,#10308));
#2751=EDGE_LOOP('',(#10309,#10310,#10311,#10312));
#2752=EDGE_LOOP('',(#10313));
#2753=EDGE_LOOP('',(#10314));
#2754=EDGE_LOOP('',(#10315,#10316,#10317,#10318));
#2755=EDGE_LOOP('',(#10319,#10320,#10321,#10322,#10323,#10324,#10325,#10326));
#2756=EDGE_LOOP('',(#10327,#10328,#10329,#10330));
#2757=EDGE_LOOP('',(#10331,#10332,#10333,#10334));
#2758=EDGE_LOOP('',(#10335,#10336,#10337,#10338));
#2759=EDGE_LOOP('',(#10339,#10340,#10341,#10342));
#2760=EDGE_LOOP('',(#10343,#10344,#10345,#10346));
#2761=EDGE_LOOP('',(#10347,#10348,#10349,#10350));
#2762=EDGE_LOOP('',(#10351));
#2763=EDGE_LOOP('',(#10352,#10353,#10354,#10355));
#2764=EDGE_LOOP('',(#10356));
#2765=EDGE_LOOP('',(#10357,#10358,#10359,#10360));
#2766=EDGE_LOOP('',(#10361));
#2767=EDGE_LOOP('',(#10362,#10363,#10364,#10365));
#2768=EDGE_LOOP('',(#10366));
#2769=EDGE_LOOP('',(#10367,#10368,#10369,#10370));
#2770=EDGE_LOOP('',(#10371,#10372,#10373,#10374));
#2771=EDGE_LOOP('',(#10375,#10376,#10377,#10378));
#2772=EDGE_LOOP('',(#10379,#10380,#10381,#10382));
#2773=EDGE_LOOP('',(#10383,#10384,#10385,#10386));
#2774=EDGE_LOOP('',(#10387));
#2775=EDGE_LOOP('',(#10388));
#2776=EDGE_LOOP('',(#10389,#10390,#10391,#10392));
#2777=EDGE_LOOP('',(#10393));
#2778=EDGE_LOOP('',(#10394));
#2779=EDGE_LOOP('',(#10395,#10396,#10397,#10398));
#2780=EDGE_LOOP('',(#10399));
#2781=EDGE_LOOP('',(#10400));
#2782=EDGE_LOOP('',(#10401,#10402,#10403,#10404));
#2783=EDGE_LOOP('',(#10405));
#2784=EDGE_LOOP('',(#10406));
#2785=EDGE_LOOP('',(#10407,#10408,#10409,#10410));
#2786=EDGE_LOOP('',(#10411,#10412,#10413,#10414));
#2787=EDGE_LOOP('',(#10415,#10416,#10417,#10418));
#2788=EDGE_LOOP('',(#10419,#10420,#10421,#10422));
#2789=EDGE_LOOP('',(#10423,#10424,#10425,#10426));
#2790=EDGE_LOOP('',(#10427));
#2791=EDGE_LOOP('',(#10428));
#2792=EDGE_LOOP('',(#10429));
#2793=EDGE_LOOP('',(#10430));
#2794=EDGE_LOOP('',(#10431,#10432,#10433,#10434));
#2795=EDGE_LOOP('',(#10435));
#2796=EDGE_LOOP('',(#10436));
#2797=EDGE_LOOP('',(#10437,#10438,#10439,#10440));
#2798=EDGE_LOOP('',(#10441));
#2799=EDGE_LOOP('',(#10442));
#2800=EDGE_LOOP('',(#10443,#10444,#10445,#10446));
#2801=EDGE_LOOP('',(#10447,#10448,#10449,#10450));
#2802=EDGE_LOOP('',(#10451,#10452,#10453,#10454));
#2803=EDGE_LOOP('',(#10455,#10456,#10457,#10458));
#2804=EDGE_LOOP('',(#10459,#10460,#10461,#10462));
#2805=EDGE_LOOP('',(#10463,#10464,#10465,#10466));
#2806=EDGE_LOOP('',(#10467,#10468,#10469,#10470));
#2807=EDGE_LOOP('',(#10471,#10472,#10473,#10474));
#2808=EDGE_LOOP('',(#10475,#10476,#10477,#10478));
#2809=EDGE_LOOP('',(#10479,#10480,#10481,#10482));
#2810=EDGE_LOOP('',(#10483));
#2811=EDGE_LOOP('',(#10484));
#2812=EDGE_LOOP('',(#10485));
#2813=EDGE_LOOP('',(#10486));
#2814=EDGE_LOOP('',(#10487,#10488,#10489,#10490));
#2815=EDGE_LOOP('',(#10491));
#2816=EDGE_LOOP('',(#10492));
#2817=EDGE_LOOP('',(#10493));
#2818=EDGE_LOOP('',(#10494));
#2819=LINE('',#16279,#3893);
#2820=LINE('',#16285,#3894);
#2821=LINE('',#16291,#3895);
#2822=LINE('',#16297,#3896);
#2823=LINE('',#16303,#3897);
#2824=LINE('',#16309,#3898);
#2825=LINE('',#16315,#3899);
#2826=LINE('',#16321,#3900);
#2827=LINE('',#16327,#3901);
#2828=LINE('',#16333,#3902);
#2829=LINE('',#16339,#3903);
#2830=LINE('',#16345,#3904);
#2831=LINE('',#16350,#3905);
#2832=LINE('',#16352,#3906);
#2833=LINE('',#16354,#3907);
#2834=LINE('',#16355,#3908);
#2835=LINE('',#16359,#3909);
#2836=LINE('',#16361,#3910);
#2837=LINE('',#16363,#3911);
#2838=LINE('',#16364,#3912);
#2839=LINE('',#16366,#3913);
#2840=LINE('',#16367,#3914);
#2841=LINE('',#16369,#3915);
#2842=LINE('',#16370,#3916);
#2843=LINE('',#16374,#3917);
#2844=LINE('',#16376,#3918);
#2845=LINE('',#16378,#3919);
#2846=LINE('',#16379,#3920);
#2847=LINE('',#16383,#3921);
#2848=LINE('',#16385,#3922);
#2849=LINE('',#16387,#3923);
#2850=LINE('',#16388,#3924);
#2851=LINE('',#16390,#3925);
#2852=LINE('',#16391,#3926);
#2853=LINE('',#16393,#3927);
#2854=LINE('',#16394,#3928);
#2855=LINE('',#16398,#3929);
#2856=LINE('',#16400,#3930);
#2857=LINE('',#16402,#3931);
#2858=LINE('',#16403,#3932);
#2859=LINE('',#16407,#3933);
#2860=LINE('',#16409,#3934);
#2861=LINE('',#16411,#3935);
#2862=LINE('',#16412,#3936);
#2863=LINE('',#16414,#3937);
#2864=LINE('',#16415,#3938);
#2865=LINE('',#16417,#3939);
#2866=LINE('',#16418,#3940);
#2867=LINE('',#16422,#3941);
#2868=LINE('',#16424,#3942);
#2869=LINE('',#16426,#3943);
#2870=LINE('',#16427,#3944);
#2871=LINE('',#16431,#3945);
#2872=LINE('',#16433,#3946);
#2873=LINE('',#16435,#3947);
#2874=LINE('',#16436,#3948);
#2875=LINE('',#16438,#3949);
#2876=LINE('',#16439,#3950);
#2877=LINE('',#16441,#3951);
#2878=LINE('',#16442,#3952);
#2879=LINE('',#16447,#3953);
#2880=LINE('',#16453,#3954);
#2881=LINE('',#16459,#3955);
#2882=LINE('',#16465,#3956);
#2883=LINE('',#16471,#3957);
#2884=LINE('',#16477,#3958);
#2885=LINE('',#16483,#3959);
#2886=LINE('',#16489,#3960);
#2887=LINE('',#16495,#3961);
#2888=LINE('',#16501,#3962);
#2889=LINE('',#16507,#3963);
#2890=LINE('',#16513,#3964);
#2891=LINE('',#16519,#3965);
#2892=LINE('',#16525,#3966);
#2893=LINE('',#16531,#3967);
#2894=LINE('',#16537,#3968);
#2895=LINE('',#16543,#3969);
#2896=LINE('',#16549,#3970);
#2897=LINE('',#16555,#3971);
#2898=LINE('',#16561,#3972);
#2899=LINE('',#16567,#3973);
#2900=LINE('',#16573,#3974);
#2901=LINE('',#16578,#3975);
#2902=LINE('',#16580,#3976);
#2903=LINE('',#16582,#3977);
#2904=LINE('',#16583,#3978);
#2905=LINE('',#16586,#3979);
#2906=LINE('',#16588,#3980);
#2907=LINE('',#16589,#3981);
#2908=LINE('',#16592,#3982);
#2909=LINE('',#16594,#3983);
#2910=LINE('',#16595,#3984);
#2911=LINE('',#16598,#3985);
#2912=LINE('',#16600,#3986);
#2913=LINE('',#16602,#3987);
#2914=LINE('',#16604,#3988);
#2915=LINE('',#16606,#3989);
#2916=LINE('',#16608,#3990);
#2917=LINE('',#16610,#3991);
#2918=LINE('',#16612,#3992);
#2919=LINE('',#16613,#3993);
#2920=LINE('',#16616,#3994);
#2921=LINE('',#16617,#3995);
#2922=LINE('',#16620,#3996);
#2923=LINE('',#16622,#3997);
#2924=LINE('',#16623,#3998);
#2925=LINE('',#16626,#3999);
#2926=LINE('',#16627,#4000);
#2927=LINE('',#16630,#4001);
#2928=LINE('',#16631,#4002);
#2929=LINE('',#16634,#4003);
#2930=LINE('',#16636,#4004);
#2931=LINE('',#16637,#4005);
#2932=LINE('',#16639,#4006);
#2933=LINE('',#16640,#4007);
#2934=LINE('',#16642,#4008);
#2935=LINE('',#16644,#4009);
#2936=LINE('',#16646,#4010);
#2937=LINE('',#16654,#4011);
#2938=LINE('',#16660,#4012);
#2939=LINE('',#16665,#4013);
#2940=LINE('',#16667,#4014);
#2941=LINE('',#16669,#4015);
#2942=LINE('',#16670,#4016);
#2943=LINE('',#16673,#4017);
#2944=LINE('',#16675,#4018);
#2945=LINE('',#16676,#4019);
#2946=LINE('',#16679,#4020);
#2947=LINE('',#16681,#4021);
#2948=LINE('',#16682,#4022);
#2949=LINE('',#16685,#4023);
#2950=LINE('',#16687,#4024);
#2951=LINE('',#16689,#4025);
#2952=LINE('',#16691,#4026);
#2953=LINE('',#16692,#4027);
#2954=LINE('',#16695,#4028);
#2955=LINE('',#16696,#4029);
#2956=LINE('',#16699,#4030);
#2957=LINE('',#16700,#4031);
#2958=LINE('',#16703,#4032);
#2959=LINE('',#16704,#4033);
#2960=LINE('',#16707,#4034);
#2961=LINE('',#16708,#4035);
#2962=LINE('',#16710,#4036);
#2963=LINE('',#16717,#4037);
#2964=LINE('',#16723,#4038);
#2965=LINE('',#16728,#4039);
#2966=LINE('',#16730,#4040);
#2967=LINE('',#16732,#4041);
#2968=LINE('',#16733,#4042);
#2969=LINE('',#16737,#4043);
#2970=LINE('',#16739,#4044);
#2971=LINE('',#16741,#4045);
#2972=LINE('',#16742,#4046);
#2973=LINE('',#16744,#4047);
#2974=LINE('',#16745,#4048);
#2975=LINE('',#16748,#4049);
#2976=LINE('',#16750,#4050);
#2977=LINE('',#16752,#4051);
#2978=LINE('',#16754,#4052);
#2979=LINE('',#16755,#4053);
#2980=LINE('',#16758,#4054);
#2981=LINE('',#16759,#4055);
#2982=LINE('',#16762,#4056);
#2983=LINE('',#16763,#4057);
#2984=LINE('',#16766,#4058);
#2985=LINE('',#16767,#4059);
#2986=LINE('',#16770,#4060);
#2987=LINE('',#16771,#4061);
#2988=LINE('',#16773,#4062);
#2989=LINE('',#16779,#4063);
#2990=LINE('',#16781,#4064);
#2991=LINE('',#16783,#4065);
#2992=LINE('',#16784,#4066);
#2993=LINE('',#16787,#4067);
#2994=LINE('',#16789,#4068);
#2995=LINE('',#16790,#4069);
#2996=LINE('',#16793,#4070);
#2997=LINE('',#16795,#4071);
#2998=LINE('',#16796,#4072);
#2999=LINE('',#16798,#4073);
#3000=LINE('',#16799,#4074);
#3001=LINE('',#16804,#4075);
#3002=LINE('',#16810,#4076);
#3003=LINE('',#16816,#4077);
#3004=LINE('',#16822,#4078);
#3005=LINE('',#16828,#4079);
#3006=LINE('',#16834,#4080);
#3007=LINE('',#16839,#4081);
#3008=LINE('',#16841,#4082);
#3009=LINE('',#16843,#4083);
#3010=LINE('',#16844,#4084);
#3011=LINE('',#16847,#4085);
#3012=LINE('',#16849,#4086);
#3013=LINE('',#16850,#4087);
#3014=LINE('',#16853,#4088);
#3015=LINE('',#16855,#4089);
#3016=LINE('',#16856,#4090);
#3017=LINE('',#16858,#4091);
#3018=LINE('',#16859,#4092);
#3019=LINE('',#16866,#4093);
#3020=LINE('',#16873,#4094);
#3021=LINE('',#16875,#4095);
#3022=LINE('',#16877,#4096);
#3023=LINE('',#16878,#4097);
#3024=LINE('',#16885,#4098);
#3025=LINE('',#16887,#4099);
#3026=LINE('',#16888,#4100);
#3027=LINE('',#16890,#4101);
#3028=LINE('',#16891,#4102);
#3029=LINE('',#16896,#4103);
#3030=LINE('',#16900,#4104);
#3031=LINE('',#16904,#4105);
#3032=LINE('',#16906,#4106);
#3033=LINE('',#16908,#4107);
#3034=LINE('',#16909,#4108);
#3035=LINE('',#16912,#4109);
#3036=LINE('',#16914,#4110);
#3037=LINE('',#16915,#4111);
#3038=LINE('',#16917,#4112);
#3039=LINE('',#16918,#4113);
#3040=LINE('',#16925,#4114);
#3041=LINE('',#16932,#4115);
#3042=LINE('',#16934,#4116);
#3043=LINE('',#16936,#4117);
#3044=LINE('',#16937,#4118);
#3045=LINE('',#16940,#4119);
#3046=LINE('',#16942,#4120);
#3047=LINE('',#16943,#4121);
#3048=LINE('',#16949,#4122);
#3049=LINE('',#16950,#4123);
#3050=LINE('',#16955,#4124);
#3051=LINE('',#16959,#4125);
#3052=LINE('',#16963,#4126);
#3053=LINE('',#16965,#4127);
#3054=LINE('',#16967,#4128);
#3055=LINE('',#16968,#4129);
#3056=LINE('',#16971,#4130);
#3057=LINE('',#16973,#4131);
#3058=LINE('',#16974,#4132);
#3059=LINE('',#16976,#4133);
#3060=LINE('',#16977,#4134);
#3061=LINE('',#17024,#4135);
#3062=LINE('',#17066,#4136);
#3063=LINE('',#17073,#4137);
#3064=LINE('',#17079,#4138);
#3065=LINE('',#17081,#4139);
#3066=LINE('',#17122,#4140);
#3067=LINE('',#17194,#4141);
#3068=LINE('',#17272,#4142);
#3069=LINE('',#17314,#4143);
#3070=LINE('',#17321,#4144);
#3071=LINE('',#17327,#4145);
#3072=LINE('',#17329,#4146);
#3073=LINE('',#17376,#4147);
#3074=LINE('',#17418,#4148);
#3075=LINE('',#17425,#4149);
#3076=LINE('',#17431,#4150);
#3077=LINE('',#17433,#4151);
#3078=LINE('',#17480,#4152);
#3079=LINE('',#17522,#4153);
#3080=LINE('',#17529,#4154);
#3081=LINE('',#17535,#4155);
#3082=LINE('',#17537,#4156);
#3083=LINE('',#17554,#4157);
#3084=LINE('',#17563,#4158);
#3085=LINE('',#17572,#4159);
#3086=LINE('',#17578,#4160);
#3087=LINE('',#17583,#4161);
#3088=LINE('',#17585,#4162);
#3089=LINE('',#17587,#4163);
#3090=LINE('',#17588,#4164);
#3091=LINE('',#17591,#4165);
#3092=LINE('',#17593,#4166);
#3093=LINE('',#17594,#4167);
#3094=LINE('',#17597,#4168);
#3095=LINE('',#17599,#4169);
#3096=LINE('',#17600,#4170);
#3097=LINE('',#17602,#4171);
#3098=LINE('',#17603,#4172);
#3099=LINE('',#17611,#4173);
#3100=LINE('',#17620,#4174);
#3101=LINE('',#17626,#4175);
#3102=LINE('',#17631,#4176);
#3103=LINE('',#17633,#4177);
#3104=LINE('',#17635,#4178);
#3105=LINE('',#17636,#4179);
#3106=LINE('',#17639,#4180);
#3107=LINE('',#17641,#4181);
#3108=LINE('',#17642,#4182);
#3109=LINE('',#17645,#4183);
#3110=LINE('',#17647,#4184);
#3111=LINE('',#17648,#4185);
#3112=LINE('',#17650,#4186);
#3113=LINE('',#17651,#4187);
#3114=LINE('',#17659,#4188);
#3115=LINE('',#17667,#4189);
#3116=LINE('',#17669,#4190);
#3117=LINE('',#17671,#4191);
#3118=LINE('',#17672,#4192);
#3119=LINE('',#17676,#4193);
#3120=LINE('',#17678,#4194);
#3121=LINE('',#17680,#4195);
#3122=LINE('',#17681,#4196);
#3123=LINE('',#17684,#4197);
#3124=LINE('',#17686,#4198);
#3125=LINE('',#17687,#4199);
#3126=LINE('',#17690,#4200);
#3127=LINE('',#17692,#4201);
#3128=LINE('',#17693,#4202);
#3129=LINE('',#17696,#4203);
#3130=LINE('',#17698,#4204);
#3131=LINE('',#17699,#4205);
#3132=LINE('',#17701,#4206);
#3133=LINE('',#17702,#4207);
#3134=LINE('',#17705,#4208);
#3135=LINE('',#17707,#4209);
#3136=LINE('',#17708,#4210);
#3137=LINE('',#17710,#4211);
#3138=LINE('',#17711,#4212);
#3139=LINE('',#17715,#4213);
#3140=LINE('',#17717,#4214);
#3141=LINE('',#17719,#4215);
#3142=LINE('',#17720,#4216);
#3143=LINE('',#17724,#4217);
#3144=LINE('',#17726,#4218);
#3145=LINE('',#17728,#4219);
#3146=LINE('',#17729,#4220);
#3147=LINE('',#17732,#4221);
#3148=LINE('',#17734,#4222);
#3149=LINE('',#17735,#4223);
#3150=LINE('',#17738,#4224);
#3151=LINE('',#17740,#4225);
#3152=LINE('',#17741,#4226);
#3153=LINE('',#17744,#4227);
#3154=LINE('',#17746,#4228);
#3155=LINE('',#17747,#4229);
#3156=LINE('',#17749,#4230);
#3157=LINE('',#17750,#4231);
#3158=LINE('',#17753,#4232);
#3159=LINE('',#17755,#4233);
#3160=LINE('',#17756,#4234);
#3161=LINE('',#17758,#4235);
#3162=LINE('',#17759,#4236);
#3163=LINE('',#17764,#4237);
#3164=LINE('',#17771,#4238);
#3165=LINE('',#17778,#4239);
#3166=LINE('',#17785,#4240);
#3167=LINE('',#17792,#4241);
#3168=LINE('',#17799,#4242);
#3169=LINE('',#17805,#4243);
#3170=LINE('',#17807,#4244);
#3171=LINE('',#17809,#4245);
#3172=LINE('',#17810,#4246);
#3173=LINE('',#17813,#4247);
#3174=LINE('',#17815,#4248);
#3175=LINE('',#17816,#4249);
#3176=LINE('',#17819,#4250);
#3177=LINE('',#17821,#4251);
#3178=LINE('',#17822,#4252);
#3179=LINE('',#17825,#4253);
#3180=LINE('',#17827,#4254);
#3181=LINE('',#17829,#4255);
#3182=LINE('',#17831,#4256);
#3183=LINE('',#17832,#4257);
#3184=LINE('',#17835,#4258);
#3185=LINE('',#17836,#4259);
#3186=LINE('',#17839,#4260);
#3187=LINE('',#17841,#4261);
#3188=LINE('',#17842,#4262);
#3189=LINE('',#17845,#4263);
#3190=LINE('',#17846,#4264);
#3191=LINE('',#17848,#4265);
#3192=LINE('',#17849,#4266);
#3193=LINE('',#17857,#4267);
#3194=LINE('',#17863,#4268);
#3195=LINE('',#17868,#4269);
#3196=LINE('',#17870,#4270);
#3197=LINE('',#17872,#4271);
#3198=LINE('',#17873,#4272);
#3199=LINE('',#17876,#4273);
#3200=LINE('',#17878,#4274);
#3201=LINE('',#17879,#4275);
#3202=LINE('',#17882,#4276);
#3203=LINE('',#17884,#4277);
#3204=LINE('',#17885,#4278);
#3205=LINE('',#17887,#4279);
#3206=LINE('',#17888,#4280);
#3207=LINE('',#17895,#4281);
#3208=LINE('',#17897,#4282);
#3209=LINE('',#17899,#4283);
#3210=LINE('',#17900,#4284);
#3211=LINE('',#17904,#4285);
#3212=LINE('',#17906,#4286);
#3213=LINE('',#17908,#4287);
#3214=LINE('',#17909,#4288);
#3215=LINE('',#17912,#4289);
#3216=LINE('',#17914,#4290);
#3217=LINE('',#17915,#4291);
#3218=LINE('',#17918,#4292);
#3219=LINE('',#17920,#4293);
#3220=LINE('',#17921,#4294);
#3221=LINE('',#17924,#4295);
#3222=LINE('',#17926,#4296);
#3223=LINE('',#17927,#4297);
#3224=LINE('',#17929,#4298);
#3225=LINE('',#17930,#4299);
#3226=LINE('',#17933,#4300);
#3227=LINE('',#17935,#4301);
#3228=LINE('',#17936,#4302);
#3229=LINE('',#17938,#4303);
#3230=LINE('',#17939,#4304);
#3231=LINE('',#17943,#4305);
#3232=LINE('',#17945,#4306);
#3233=LINE('',#17947,#4307);
#3234=LINE('',#17948,#4308);
#3235=LINE('',#17952,#4309);
#3236=LINE('',#17954,#4310);
#3237=LINE('',#17956,#4311);
#3238=LINE('',#17957,#4312);
#3239=LINE('',#17960,#4313);
#3240=LINE('',#17962,#4314);
#3241=LINE('',#17963,#4315);
#3242=LINE('',#17966,#4316);
#3243=LINE('',#17968,#4317);
#3244=LINE('',#17969,#4318);
#3245=LINE('',#17972,#4319);
#3246=LINE('',#17974,#4320);
#3247=LINE('',#17975,#4321);
#3248=LINE('',#17977,#4322);
#3249=LINE('',#17978,#4323);
#3250=LINE('',#17981,#4324);
#3251=LINE('',#17983,#4325);
#3252=LINE('',#17984,#4326);
#3253=LINE('',#17986,#4327);
#3254=LINE('',#17987,#4328);
#3255=LINE('',#17992,#4329);
#3256=LINE('',#17999,#4330);
#3257=LINE('',#18006,#4331);
#3258=LINE('',#18013,#4332);
#3259=LINE('',#18020,#4333);
#3260=LINE('',#18027,#4334);
#3261=LINE('',#18033,#4335);
#3262=LINE('',#18035,#4336);
#3263=LINE('',#18037,#4337);
#3264=LINE('',#18038,#4338);
#3265=LINE('',#18041,#4339);
#3266=LINE('',#18043,#4340);
#3267=LINE('',#18044,#4341);
#3268=LINE('',#18047,#4342);
#3269=LINE('',#18049,#4343);
#3270=LINE('',#18050,#4344);
#3271=LINE('',#18053,#4345);
#3272=LINE('',#18055,#4346);
#3273=LINE('',#18057,#4347);
#3274=LINE('',#18059,#4348);
#3275=LINE('',#18060,#4349);
#3276=LINE('',#18063,#4350);
#3277=LINE('',#18064,#4351);
#3278=LINE('',#18067,#4352);
#3279=LINE('',#18069,#4353);
#3280=LINE('',#18070,#4354);
#3281=LINE('',#18073,#4355);
#3282=LINE('',#18074,#4356);
#3283=LINE('',#18076,#4357);
#3284=LINE('',#18077,#4358);
#3285=LINE('',#18085,#4359);
#3286=LINE('',#18091,#4360);
#3287=LINE('',#18096,#4361);
#3288=LINE('',#18098,#4362);
#3289=LINE('',#18100,#4363);
#3290=LINE('',#18101,#4364);
#3291=LINE('',#18104,#4365);
#3292=LINE('',#18106,#4366);
#3293=LINE('',#18107,#4367);
#3294=LINE('',#18110,#4368);
#3295=LINE('',#18112,#4369);
#3296=LINE('',#18113,#4370);
#3297=LINE('',#18115,#4371);
#3298=LINE('',#18116,#4372);
#3299=LINE('',#18135,#4373);
#3300=LINE('',#18144,#4374);
#3301=LINE('',#18150,#4375);
#3302=LINE('',#18159,#4376);
#3303=LINE('',#18165,#4377);
#3304=LINE('',#18174,#4378);
#3305=LINE('',#18183,#4379);
#3306=LINE('',#18189,#4380);
#3307=LINE('',#18195,#4381);
#3308=LINE('',#18197,#4382);
#3309=LINE('',#18199,#4383);
#3310=LINE('',#18200,#4384);
#3311=LINE('',#18203,#4385);
#3312=LINE('',#18205,#4386);
#3313=LINE('',#18206,#4387);
#3314=LINE('',#18209,#4388);
#3315=LINE('',#18211,#4389);
#3316=LINE('',#18212,#4390);
#3317=LINE('',#18214,#4391);
#3318=LINE('',#18215,#4392);
#3319=LINE('',#18222,#4393);
#3320=LINE('',#18224,#4394);
#3321=LINE('',#18226,#4395);
#3322=LINE('',#18227,#4396);
#3323=LINE('',#18230,#4397);
#3324=LINE('',#18232,#4398);
#3325=LINE('',#18233,#4399);
#3326=LINE('',#18236,#4400);
#3327=LINE('',#18238,#4401);
#3328=LINE('',#18239,#4402);
#3329=LINE('',#18241,#4403);
#3330=LINE('',#18242,#4404);
#3331=LINE('',#18247,#4405);
#3332=LINE('',#18254,#4406);
#3333=LINE('',#18261,#4407);
#3334=LINE('',#18268,#4408);
#3335=LINE('',#18276,#4409);
#3336=LINE('',#18279,#4410);
#3337=LINE('',#18282,#4411);
#3338=LINE('',#18284,#4412);
#3339=LINE('',#18286,#4413);
#3340=LINE('',#18288,#4414);
#3341=LINE('',#18289,#4415);
#3342=LINE('',#18292,#4416);
#3343=LINE('',#18293,#4417);
#3344=LINE('',#18296,#4418);
#3345=LINE('',#18298,#4419);
#3346=LINE('',#18299,#4420);
#3347=LINE('',#18302,#4421);
#3348=LINE('',#18303,#4422);
#3349=LINE('',#18305,#4423);
#3350=LINE('',#18306,#4424);
#3351=LINE('',#18314,#4425);
#3352=LINE('',#18320,#4426);
#3353=LINE('',#18329,#4427);
#3354=LINE('',#18335,#4428);
#3355=LINE('',#18343,#4429);
#3356=LINE('',#18345,#4430);
#3357=LINE('',#18347,#4431);
#3358=LINE('',#18348,#4432);
#3359=LINE('',#18351,#4433);
#3360=LINE('',#18353,#4434);
#3361=LINE('',#18354,#4435);
#3362=LINE('',#18357,#4436);
#3363=LINE('',#18359,#4437);
#3364=LINE('',#18360,#4438);
#3365=LINE('',#18362,#4439);
#3366=LINE('',#18363,#4440);
#3367=LINE('',#18381,#4441);
#3368=LINE('',#18387,#4442);
#3369=LINE('',#18392,#4443);
#3370=LINE('',#18394,#4444);
#3371=LINE('',#18396,#4445);
#3372=LINE('',#18397,#4446);
#3373=LINE('',#18401,#4447);
#3374=LINE('',#18402,#4448);
#3375=LINE('',#18403,#4449);
#3376=LINE('',#18406,#4450);
#3377=LINE('',#18408,#4451);
#3378=LINE('',#18410,#4452);
#3379=LINE('',#18412,#4453);
#3380=LINE('',#18414,#4454);
#3381=LINE('',#18415,#4455);
#3382=LINE('',#18418,#4456);
#3383=LINE('',#18419,#4457);
#3384=LINE('',#18422,#4458);
#3385=LINE('',#18424,#4459);
#3386=LINE('',#18425,#4460);
#3387=LINE('',#18427,#4461);
#3388=LINE('',#18430,#4462);
#3389=LINE('',#18431,#4463);
#3390=LINE('',#18434,#4464);
#3391=LINE('',#18435,#4465);
#3392=LINE('',#18437,#4466);
#3393=LINE('',#18443,#4467);
#3394=LINE('',#18445,#4468);
#3395=LINE('',#18447,#4469);
#3396=LINE('',#18448,#4470);
#3397=LINE('',#18451,#4471);
#3398=LINE('',#18453,#4472);
#3399=LINE('',#18454,#4473);
#3400=LINE('',#18457,#4474);
#3401=LINE('',#18459,#4475);
#3402=LINE('',#18460,#4476);
#3403=LINE('',#18462,#4477);
#3404=LINE('',#18463,#4478);
#3405=LINE('',#18470,#4479);
#3406=LINE('',#18472,#4480);
#3407=LINE('',#18474,#4481);
#3408=LINE('',#18475,#4482);
#3409=LINE('',#18478,#4483);
#3410=LINE('',#18480,#4484);
#3411=LINE('',#18481,#4485);
#3412=LINE('',#18484,#4486);
#3413=LINE('',#18486,#4487);
#3414=LINE('',#18487,#4488);
#3415=LINE('',#18489,#4489);
#3416=LINE('',#18490,#4490);
#3417=LINE('',#18495,#4491);
#3418=LINE('',#18497,#4492);
#3419=LINE('',#18499,#4493);
#3420=LINE('',#18500,#4494);
#3421=LINE('',#18503,#4495);
#3422=LINE('',#18505,#4496);
#3423=LINE('',#18506,#4497);
#3424=LINE('',#18509,#4498);
#3425=LINE('',#18511,#4499);
#3426=LINE('',#18512,#4500);
#3427=LINE('',#18514,#4501);
#3428=LINE('',#18515,#4502);
#3429=LINE('',#18526,#4503);
#3430=LINE('',#18528,#4504);
#3431=LINE('',#18530,#4505);
#3432=LINE('',#18531,#4506);
#3433=LINE('',#18534,#4507);
#3434=LINE('',#18536,#4508);
#3435=LINE('',#18537,#4509);
#3436=LINE('',#18540,#4510);
#3437=LINE('',#18542,#4511);
#3438=LINE('',#18543,#4512);
#3439=LINE('',#18545,#4513);
#3440=LINE('',#18546,#4514);
#3441=LINE('',#18553,#4515);
#3442=LINE('',#18555,#4516);
#3443=LINE('',#18557,#4517);
#3444=LINE('',#18558,#4518);
#3445=LINE('',#18561,#4519);
#3446=LINE('',#18563,#4520);
#3447=LINE('',#18564,#4521);
#3448=LINE('',#18567,#4522);
#3449=LINE('',#18569,#4523);
#3450=LINE('',#18570,#4524);
#3451=LINE('',#18572,#4525);
#3452=LINE('',#18573,#4526);
#3453=LINE('',#18580,#4527);
#3454=LINE('',#18582,#4528);
#3455=LINE('',#18584,#4529);
#3456=LINE('',#18585,#4530);
#3457=LINE('',#18588,#4531);
#3458=LINE('',#18590,#4532);
#3459=LINE('',#18591,#4533);
#3460=LINE('',#18594,#4534);
#3461=LINE('',#18596,#4535);
#3462=LINE('',#18597,#4536);
#3463=LINE('',#18599,#4537);
#3464=LINE('',#18600,#4538);
#3465=LINE('',#18607,#4539);
#3466=LINE('',#18609,#4540);
#3467=LINE('',#18611,#4541);
#3468=LINE('',#18612,#4542);
#3469=LINE('',#18615,#4543);
#3470=LINE('',#18617,#4544);
#3471=LINE('',#18618,#4545);
#3472=LINE('',#18621,#4546);
#3473=LINE('',#18623,#4547);
#3474=LINE('',#18624,#4548);
#3475=LINE('',#18626,#4549);
#3476=LINE('',#18627,#4550);
#3477=LINE('',#18634,#4551);
#3478=LINE('',#18636,#4552);
#3479=LINE('',#18638,#4553);
#3480=LINE('',#18639,#4554);
#3481=LINE('',#18642,#4555);
#3482=LINE('',#18644,#4556);
#3483=LINE('',#18645,#4557);
#3484=LINE('',#18648,#4558);
#3485=LINE('',#18650,#4559);
#3486=LINE('',#18651,#4560);
#3487=LINE('',#18653,#4561);
#3488=LINE('',#18654,#4562);
#3489=LINE('',#18662,#4563);
#3490=LINE('',#18668,#4564);
#3491=LINE('',#18674,#4565);
#3492=LINE('',#18680,#4566);
#3493=LINE('',#18685,#4567);
#3494=LINE('',#18687,#4568);
#3495=LINE('',#18689,#4569);
#3496=LINE('',#18690,#4570);
#3497=LINE('',#18693,#4571);
#3498=LINE('',#18695,#4572);
#3499=LINE('',#18696,#4573);
#3500=LINE('',#18699,#4574);
#3501=LINE('',#18701,#4575);
#3502=LINE('',#18702,#4576);
#3503=LINE('',#18704,#4577);
#3504=LINE('',#18705,#4578);
#3505=LINE('',#18711,#4579);
#3506=LINE('',#18713,#4580);
#3507=LINE('',#18715,#4581);
#3508=LINE('',#18716,#4582);
#3509=LINE('',#18719,#4583);
#3510=LINE('',#18721,#4584);
#3511=LINE('',#18722,#4585);
#3512=LINE('',#18725,#4586);
#3513=LINE('',#18727,#4587);
#3514=LINE('',#18728,#4588);
#3515=LINE('',#18730,#4589);
#3516=LINE('',#18731,#4590);
#3517=LINE('',#18737,#4591);
#3518=LINE('',#18739,#4592);
#3519=LINE('',#18741,#4593);
#3520=LINE('',#18742,#4594);
#3521=LINE('',#18745,#4595);
#3522=LINE('',#18747,#4596);
#3523=LINE('',#18748,#4597);
#3524=LINE('',#18751,#4598);
#3525=LINE('',#18753,#4599);
#3526=LINE('',#18754,#4600);
#3527=LINE('',#18756,#4601);
#3528=LINE('',#18757,#4602);
#3529=LINE('',#18763,#4603);
#3530=LINE('',#18765,#4604);
#3531=LINE('',#18767,#4605);
#3532=LINE('',#18768,#4606);
#3533=LINE('',#18771,#4607);
#3534=LINE('',#18773,#4608);
#3535=LINE('',#18774,#4609);
#3536=LINE('',#18777,#4610);
#3537=LINE('',#18779,#4611);
#3538=LINE('',#18780,#4612);
#3539=LINE('',#18782,#4613);
#3540=LINE('',#18783,#4614);
#3541=LINE('',#18791,#4615);
#3542=LINE('',#18797,#4616);
#3543=LINE('',#18802,#4617);
#3544=LINE('',#18804,#4618);
#3545=LINE('',#18806,#4619);
#3546=LINE('',#18807,#4620);
#3547=LINE('',#18810,#4621);
#3548=LINE('',#18812,#4622);
#3549=LINE('',#18813,#4623);
#3550=LINE('',#18816,#4624);
#3551=LINE('',#18818,#4625);
#3552=LINE('',#18819,#4626);
#3553=LINE('',#18821,#4627);
#3554=LINE('',#18822,#4628);
#3555=LINE('',#18840,#4629);
#3556=LINE('',#18846,#4630);
#3557=LINE('',#18852,#4631);
#3558=LINE('',#18858,#4632);
#3559=LINE('',#18863,#4633);
#3560=LINE('',#18865,#4634);
#3561=LINE('',#18867,#4635);
#3562=LINE('',#18868,#4636);
#3563=LINE('',#18871,#4637);
#3564=LINE('',#18873,#4638);
#3565=LINE('',#18874,#4639);
#3566=LINE('',#18877,#4640);
#3567=LINE('',#18879,#4641);
#3568=LINE('',#18880,#4642);
#3569=LINE('',#18882,#4643);
#3570=LINE('',#18883,#4644);
#3571=LINE('',#18893,#4645);
#3572=LINE('',#18899,#4646);
#3573=LINE('',#18905,#4647);
#3574=LINE('',#18911,#4648);
#3575=LINE('',#18916,#4649);
#3576=LINE('',#18918,#4650);
#3577=LINE('',#18920,#4651);
#3578=LINE('',#18921,#4652);
#3579=LINE('',#18924,#4653);
#3580=LINE('',#18926,#4654);
#3581=LINE('',#18927,#4655);
#3582=LINE('',#18930,#4656);
#3583=LINE('',#18932,#4657);
#3584=LINE('',#18933,#4658);
#3585=LINE('',#18935,#4659);
#3586=LINE('',#18936,#4660);
#3587=LINE('',#18940,#4661);
#3588=LINE('',#18942,#4662);
#3589=LINE('',#18944,#4663);
#3590=LINE('',#18945,#4664);
#3591=LINE('',#18948,#4665);
#3592=LINE('',#18950,#4666);
#3593=LINE('',#18951,#4667);
#3594=LINE('',#18954,#4668);
#3595=LINE('',#18956,#4669);
#3596=LINE('',#18957,#4670);
#3597=LINE('',#18959,#4671);
#3598=LINE('',#18960,#4672);
#3599=LINE('',#18964,#4673);
#3600=LINE('',#18966,#4674);
#3601=LINE('',#18968,#4675);
#3602=LINE('',#18969,#4676);
#3603=LINE('',#18972,#4677);
#3604=LINE('',#18974,#4678);
#3605=LINE('',#18975,#4679);
#3606=LINE('',#18978,#4680);
#3607=LINE('',#18980,#4681);
#3608=LINE('',#18981,#4682);
#3609=LINE('',#18983,#4683);
#3610=LINE('',#18984,#4684);
#3611=LINE('',#18990,#4685);
#3612=LINE('',#18992,#4686);
#3613=LINE('',#18994,#4687);
#3614=LINE('',#18995,#4688);
#3615=LINE('',#18998,#4689);
#3616=LINE('',#19000,#4690);
#3617=LINE('',#19001,#4691);
#3618=LINE('',#19004,#4692);
#3619=LINE('',#19006,#4693);
#3620=LINE('',#19007,#4694);
#3621=LINE('',#19009,#4695);
#3622=LINE('',#19010,#4696);
#3623=LINE('',#19016,#4697);
#3624=LINE('',#19018,#4698);
#3625=LINE('',#19020,#4699);
#3626=LINE('',#19021,#4700);
#3627=LINE('',#19025,#4701);
#3628=LINE('',#19027,#4702);
#3629=LINE('',#19029,#4703);
#3630=LINE('',#19030,#4704);
#3631=LINE('',#19032,#4705);
#3632=LINE('',#19033,#4706);
#3633=LINE('',#19035,#4707);
#3634=LINE('',#19037,#4708);
#3635=LINE('',#19044,#4709);
#3636=LINE('',#19051,#4710);
#3637=LINE('',#19058,#4711);
#3638=LINE('',#19067,#4712);
#3639=LINE('',#19074,#4713);
#3640=LINE('',#19081,#4714);
#3641=LINE('',#19090,#4715);
#3642=LINE('',#19097,#4716);
#3643=LINE('',#19104,#4717);
#3644=LINE('',#19113,#4718);
#3645=LINE('',#19120,#4719);
#3646=LINE('',#19127,#4720);
#3647=LINE('',#19136,#4721);
#3648=LINE('',#19143,#4722);
#3649=LINE('',#19150,#4723);
#3650=LINE('',#19159,#4724);
#3651=LINE('',#19166,#4725);
#3652=LINE('',#19173,#4726);
#3653=LINE('',#19182,#4727);
#3654=LINE('',#19188,#4728);
#3655=LINE('',#19193,#4729);
#3656=LINE('',#19195,#4730);
#3657=LINE('',#19197,#4731);
#3658=LINE('',#19198,#4732);
#3659=LINE('',#19201,#4733);
#3660=LINE('',#19203,#4734);
#3661=LINE('',#19204,#4735);
#3662=LINE('',#19207,#4736);
#3663=LINE('',#19209,#4737);
#3664=LINE('',#19210,#4738);
#3665=LINE('',#19213,#4739);
#3666=LINE('',#19215,#4740);
#3667=LINE('',#19217,#4741);
#3668=LINE('',#19219,#4742);
#3669=LINE('',#19220,#4743);
#3670=LINE('',#19223,#4744);
#3671=LINE('',#19224,#4745);
#3672=LINE('',#19228,#4746);
#3673=LINE('',#19230,#4747);
#3674=LINE('',#19232,#4748);
#3675=LINE('',#19233,#4749);
#3676=LINE('',#19236,#4750);
#3677=LINE('',#19238,#4751);
#3678=LINE('',#19239,#4752);
#3679=LINE('',#19242,#4753);
#3680=LINE('',#19244,#4754);
#3681=LINE('',#19245,#4755);
#3682=LINE('',#19247,#4756);
#3683=LINE('',#19248,#4757);
#3684=LINE('',#19252,#4758);
#3685=LINE('',#19254,#4759);
#3686=LINE('',#19255,#4760);
#3687=LINE('',#19257,#4761);
#3688=LINE('',#19259,#4762);
#3689=LINE('',#19260,#4763);
#3690=LINE('',#19262,#4764);
#3691=LINE('',#19270,#4765);
#3692=LINE('',#19276,#4766);
#3693=LINE('',#19281,#4767);
#3694=LINE('',#19283,#4768);
#3695=LINE('',#19285,#4769);
#3696=LINE('',#19286,#4770);
#3697=LINE('',#19290,#4771);
#3698=LINE('',#19292,#4772);
#3699=LINE('',#19294,#4773);
#3700=LINE('',#19295,#4774);
#3701=LINE('',#19297,#4775);
#3702=LINE('',#19298,#4776);
#3703=LINE('',#19301,#4777);
#3704=LINE('',#19303,#4778);
#3705=LINE('',#19305,#4779);
#3706=LINE('',#19307,#4780);
#3707=LINE('',#19308,#4781);
#3708=LINE('',#19311,#4782);
#3709=LINE('',#19312,#4783);
#3710=LINE('',#19315,#4784);
#3711=LINE('',#19316,#4785);
#3712=LINE('',#19320,#4786);
#3713=LINE('',#19322,#4787);
#3714=LINE('',#19324,#4788);
#3715=LINE('',#19325,#4789);
#3716=LINE('',#19328,#4790);
#3717=LINE('',#19330,#4791);
#3718=LINE('',#19331,#4792);
#3719=LINE('',#19334,#4793);
#3720=LINE('',#19336,#4794);
#3721=LINE('',#19337,#4795);
#3722=LINE('',#19339,#4796);
#3723=LINE('',#19340,#4797);
#3724=LINE('',#19344,#4798);
#3725=LINE('',#19345,#4799);
#3726=LINE('',#19348,#4800);
#3727=LINE('',#19349,#4801);
#3728=LINE('',#19351,#4802);
#3729=LINE('',#19358,#4803);
#3730=LINE('',#19364,#4804);
#3731=LINE('',#19369,#4805);
#3732=LINE('',#19371,#4806);
#3733=LINE('',#19373,#4807);
#3734=LINE('',#19374,#4808);
#3735=LINE('',#19378,#4809);
#3736=LINE('',#19380,#4810);
#3737=LINE('',#19382,#4811);
#3738=LINE('',#19383,#4812);
#3739=LINE('',#19385,#4813);
#3740=LINE('',#19386,#4814);
#3741=LINE('',#19389,#4815);
#3742=LINE('',#19391,#4816);
#3743=LINE('',#19393,#4817);
#3744=LINE('',#19395,#4818);
#3745=LINE('',#19396,#4819);
#3746=LINE('',#19399,#4820);
#3747=LINE('',#19400,#4821);
#3748=LINE('',#19403,#4822);
#3749=LINE('',#19404,#4823);
#3750=LINE('',#19408,#4824);
#3751=LINE('',#19410,#4825);
#3752=LINE('',#19412,#4826);
#3753=LINE('',#19413,#4827);
#3754=LINE('',#19416,#4828);
#3755=LINE('',#19418,#4829);
#3756=LINE('',#19419,#4830);
#3757=LINE('',#19422,#4831);
#3758=LINE('',#19424,#4832);
#3759=LINE('',#19425,#4833);
#3760=LINE('',#19427,#4834);
#3761=LINE('',#19428,#4835);
#3762=LINE('',#19432,#4836);
#3763=LINE('',#19433,#4837);
#3764=LINE('',#19436,#4838);
#3765=LINE('',#19437,#4839);
#3766=LINE('',#19439,#4840);
#3767=LINE('',#19446,#4841);
#3768=LINE('',#19452,#4842);
#3769=LINE('',#19457,#4843);
#3770=LINE('',#19459,#4844);
#3771=LINE('',#19461,#4845);
#3772=LINE('',#19462,#4846);
#3773=LINE('',#19465,#4847);
#3774=LINE('',#19467,#4848);
#3775=LINE('',#19468,#4849);
#3776=LINE('',#19471,#4850);
#3777=LINE('',#19473,#4851);
#3778=LINE('',#19474,#4852);
#3779=LINE('',#19477,#4853);
#3780=LINE('',#19479,#4854);
#3781=LINE('',#19481,#4855);
#3782=LINE('',#19483,#4856);
#3783=LINE('',#19484,#4857);
#3784=LINE('',#19487,#4858);
#3785=LINE('',#19488,#4859);
#3786=LINE('',#19492,#4860);
#3787=LINE('',#19494,#4861);
#3788=LINE('',#19496,#4862);
#3789=LINE('',#19497,#4863);
#3790=LINE('',#19500,#4864);
#3791=LINE('',#19502,#4865);
#3792=LINE('',#19503,#4866);
#3793=LINE('',#19506,#4867);
#3794=LINE('',#19508,#4868);
#3795=LINE('',#19509,#4869);
#3796=LINE('',#19511,#4870);
#3797=LINE('',#19512,#4871);
#3798=LINE('',#19516,#4872);
#3799=LINE('',#19518,#4873);
#3800=LINE('',#19519,#4874);
#3801=LINE('',#19521,#4875);
#3802=LINE('',#19523,#4876);
#3803=LINE('',#19524,#4877);
#3804=LINE('',#19526,#4878);
#3805=LINE('',#19534,#4879);
#3806=LINE('',#19540,#4880);
#3807=LINE('',#19545,#4881);
#3808=LINE('',#19547,#4882);
#3809=LINE('',#19549,#4883);
#3810=LINE('',#19550,#4884);
#3811=LINE('',#19554,#4885);
#3812=LINE('',#19556,#4886);
#3813=LINE('',#19558,#4887);
#3814=LINE('',#19559,#4888);
#3815=LINE('',#19561,#4889);
#3816=LINE('',#19562,#4890);
#3817=LINE('',#19565,#4891);
#3818=LINE('',#19567,#4892);
#3819=LINE('',#19569,#4893);
#3820=LINE('',#19571,#4894);
#3821=LINE('',#19572,#4895);
#3822=LINE('',#19575,#4896);
#3823=LINE('',#19576,#4897);
#3824=LINE('',#19579,#4898);
#3825=LINE('',#19580,#4899);
#3826=LINE('',#19584,#4900);
#3827=LINE('',#19586,#4901);
#3828=LINE('',#19588,#4902);
#3829=LINE('',#19589,#4903);
#3830=LINE('',#19592,#4904);
#3831=LINE('',#19594,#4905);
#3832=LINE('',#19595,#4906);
#3833=LINE('',#19598,#4907);
#3834=LINE('',#19600,#4908);
#3835=LINE('',#19601,#4909);
#3836=LINE('',#19603,#4910);
#3837=LINE('',#19604,#4911);
#3838=LINE('',#19608,#4912);
#3839=LINE('',#19609,#4913);
#3840=LINE('',#19612,#4914);
#3841=LINE('',#19613,#4915);
#3842=LINE('',#19615,#4916);
#3843=LINE('',#19622,#4917);
#3844=LINE('',#19628,#4918);
#3845=LINE('',#19634,#4919);
#3846=LINE('',#19641,#4920);
#3847=LINE('',#19648,#4921);
#3848=LINE('',#19655,#4922);
#3849=LINE('',#19661,#4923);
#3850=LINE('',#19663,#4924);
#3851=LINE('',#19665,#4925);
#3852=LINE('',#19666,#4926);
#3853=LINE('',#19669,#4927);
#3854=LINE('',#19671,#4928);
#3855=LINE('',#19672,#4929);
#3856=LINE('',#19675,#4930);
#3857=LINE('',#19677,#4931);
#3858=LINE('',#19678,#4932);
#3859=LINE('',#19680,#4933);
#3860=LINE('',#19681,#4934);
#3861=LINE('',#19686,#4935);
#3862=LINE('',#19693,#4936);
#3863=LINE('',#19700,#4937);
#3864=LINE('',#19707,#4938);
#3865=LINE('',#19713,#4939);
#3866=LINE('',#19715,#4940);
#3867=LINE('',#19717,#4941);
#3868=LINE('',#19718,#4942);
#3869=LINE('',#19721,#4943);
#3870=LINE('',#19723,#4944);
#3871=LINE('',#19724,#4945);
#3872=LINE('',#19727,#4946);
#3873=LINE('',#19729,#4947);
#3874=LINE('',#19730,#4948);
#3875=LINE('',#19732,#4949);
#3876=LINE('',#19733,#4950);
#3877=LINE('',#19741,#4951);
#3878=LINE('',#19747,#4952);
#3879=LINE('',#19753,#4953);
#3880=LINE('',#19759,#4954);
#3881=LINE('',#19764,#4955);
#3882=LINE('',#19766,#4956);
#3883=LINE('',#19768,#4957);
#3884=LINE('',#19769,#4958);
#3885=LINE('',#19772,#4959);
#3886=LINE('',#19774,#4960);
#3887=LINE('',#19775,#4961);
#3888=LINE('',#19778,#4962);
#3889=LINE('',#19780,#4963);
#3890=LINE('',#19781,#4964);
#3891=LINE('',#19783,#4965);
#3892=LINE('',#19784,#4966);
#3893=VECTOR('',#13040,1.25);
#3894=VECTOR('',#13047,1.25);
#3895=VECTOR('',#13054,1.25);
#3896=VECTOR('',#13061,1.25);
#3897=VECTOR('',#13068,1.25);
#3898=VECTOR('',#13075,1.25);
#3899=VECTOR('',#13082,1.25);
#3900=VECTOR('',#13089,1.25);
#3901=VECTOR('',#13096,1.25);
#3902=VECTOR('',#13103,1.25);
#3903=VECTOR('',#13110,1.25);
#3904=VECTOR('',#13117,1.25);
#3905=VECTOR('',#13122,10.);
#3906=VECTOR('',#13123,10.);
#3907=VECTOR('',#13124,10.);
#3908=VECTOR('',#13125,10.);
#3909=VECTOR('',#13128,10.);
#3910=VECTOR('',#13129,10.);
#3911=VECTOR('',#13130,10.);
#3912=VECTOR('',#13131,10.);
#3913=VECTOR('',#13134,10.);
#3914=VECTOR('',#13135,10.);
#3915=VECTOR('',#13138,10.);
#3916=VECTOR('',#13139,10.);
#3917=VECTOR('',#13142,10.);
#3918=VECTOR('',#13143,10.);
#3919=VECTOR('',#13144,10.);
#3920=VECTOR('',#13145,10.);
#3921=VECTOR('',#13148,10.);
#3922=VECTOR('',#13149,10.);
#3923=VECTOR('',#13150,10.);
#3924=VECTOR('',#13151,10.);
#3925=VECTOR('',#13154,10.);
#3926=VECTOR('',#13155,10.);
#3927=VECTOR('',#13158,10.);
#3928=VECTOR('',#13159,10.);
#3929=VECTOR('',#13162,10.);
#3930=VECTOR('',#13163,10.);
#3931=VECTOR('',#13164,10.);
#3932=VECTOR('',#13165,10.);
#3933=VECTOR('',#13168,10.);
#3934=VECTOR('',#13169,10.);
#3935=VECTOR('',#13170,10.);
#3936=VECTOR('',#13171,10.);
#3937=VECTOR('',#13174,10.);
#3938=VECTOR('',#13175,10.);
#3939=VECTOR('',#13178,10.);
#3940=VECTOR('',#13179,10.);
#3941=VECTOR('',#13182,10.);
#3942=VECTOR('',#13183,10.);
#3943=VECTOR('',#13184,10.);
#3944=VECTOR('',#13185,10.);
#3945=VECTOR('',#13188,10.);
#3946=VECTOR('',#13189,10.);
#3947=VECTOR('',#13190,10.);
#3948=VECTOR('',#13191,10.);
#3949=VECTOR('',#13194,10.);
#3950=VECTOR('',#13195,10.);
#3951=VECTOR('',#13198,10.);
#3952=VECTOR('',#13199,10.);
#3953=VECTOR('',#13204,1.45);
#3954=VECTOR('',#13211,1.45);
#3955=VECTOR('',#13218,1.45);
#3956=VECTOR('',#13225,1.45);
#3957=VECTOR('',#13232,1.45);
#3958=VECTOR('',#13239,1.45);
#3959=VECTOR('',#13246,1.7);
#3960=VECTOR('',#13253,1.7);
#3961=VECTOR('',#13260,1.7);
#3962=VECTOR('',#13267,1.7);
#3963=VECTOR('',#13274,1.7);
#3964=VECTOR('',#13281,1.7);
#3965=VECTOR('',#13288,1.7);
#3966=VECTOR('',#13295,1.7);
#3967=VECTOR('',#13302,1.7);
#3968=VECTOR('',#13309,1.7);
#3969=VECTOR('',#13316,1.7);
#3970=VECTOR('',#13323,1.7);
#3971=VECTOR('',#13330,1.7);
#3972=VECTOR('',#13337,1.7);
#3973=VECTOR('',#13344,1.7);
#3974=VECTOR('',#13351,1.7);
#3975=VECTOR('',#13356,10.);
#3976=VECTOR('',#13357,10.);
#3977=VECTOR('',#13358,10.);
#3978=VECTOR('',#13359,10.);
#3979=VECTOR('',#13362,10.);
#3980=VECTOR('',#13363,10.);
#3981=VECTOR('',#13364,10.);
#3982=VECTOR('',#13367,10.);
#3983=VECTOR('',#13368,10.);
#3984=VECTOR('',#13369,10.);
#3985=VECTOR('',#13372,10.);
#3986=VECTOR('',#13373,10.);
#3987=VECTOR('',#13374,10.);
#3988=VECTOR('',#13375,10.);
#3989=VECTOR('',#13376,10.);
#3990=VECTOR('',#13377,10.);
#3991=VECTOR('',#13378,10.);
#3992=VECTOR('',#13379,10.);
#3993=VECTOR('',#13380,10.);
#3994=VECTOR('',#13383,10.);
#3995=VECTOR('',#13384,10.);
#3996=VECTOR('',#13387,10.);
#3997=VECTOR('',#13388,10.);
#3998=VECTOR('',#13389,10.);
#3999=VECTOR('',#13392,10.);
#4000=VECTOR('',#13393,10.);
#4001=VECTOR('',#13396,10.);
#4002=VECTOR('',#13397,10.);
#4003=VECTOR('',#13400,10.);
#4004=VECTOR('',#13401,10.);
#4005=VECTOR('',#13402,10.);
#4006=VECTOR('',#13403,10.);
#4007=VECTOR('',#13404,10.);
#4008=VECTOR('',#13407,10.);
#4009=VECTOR('',#13410,10.);
#4010=VECTOR('',#13413,10.);
#4011=VECTOR('',#13424,1.7);
#4012=VECTOR('',#13431,1.7);
#4013=VECTOR('',#13436,10.);
#4014=VECTOR('',#13437,10.);
#4015=VECTOR('',#13438,10.);
#4016=VECTOR('',#13439,10.);
#4017=VECTOR('',#13442,10.);
#4018=VECTOR('',#13443,10.);
#4019=VECTOR('',#13444,10.);
#4020=VECTOR('',#13447,10.);
#4021=VECTOR('',#13448,10.);
#4022=VECTOR('',#13449,10.);
#4023=VECTOR('',#13452,10.);
#4024=VECTOR('',#13453,10.);
#4025=VECTOR('',#13454,10.);
#4026=VECTOR('',#13455,10.);
#4027=VECTOR('',#13456,10.);
#4028=VECTOR('',#13459,10.);
#4029=VECTOR('',#13460,10.);
#4030=VECTOR('',#13463,10.);
#4031=VECTOR('',#13464,10.);
#4032=VECTOR('',#13467,10.);
#4033=VECTOR('',#13468,10.);
#4034=VECTOR('',#13471,10.);
#4035=VECTOR('',#13472,10.);
#4036=VECTOR('',#13475,10.);
#4037=VECTOR('',#13484,1.7);
#4038=VECTOR('',#13491,1.7);
#4039=VECTOR('',#13496,10.);
#4040=VECTOR('',#13497,10.);
#4041=VECTOR('',#13498,10.);
#4042=VECTOR('',#13499,10.);
#4043=VECTOR('',#13502,10.);
#4044=VECTOR('',#13503,10.);
#4045=VECTOR('',#13504,10.);
#4046=VECTOR('',#13505,10.);
#4047=VECTOR('',#13508,10.);
#4048=VECTOR('',#13509,10.);
#4049=VECTOR('',#13512,10.);
#4050=VECTOR('',#13513,10.);
#4051=VECTOR('',#13514,10.);
#4052=VECTOR('',#13515,10.);
#4053=VECTOR('',#13516,10.);
#4054=VECTOR('',#13519,10.);
#4055=VECTOR('',#13520,10.);
#4056=VECTOR('',#13523,10.);
#4057=VECTOR('',#13524,10.);
#4058=VECTOR('',#13527,10.);
#4059=VECTOR('',#13528,10.);
#4060=VECTOR('',#13531,10.);
#4061=VECTOR('',#13532,10.);
#4062=VECTOR('',#13535,10.);
#4063=VECTOR('',#13542,10.);
#4064=VECTOR('',#13543,10.);
#4065=VECTOR('',#13544,10.);
#4066=VECTOR('',#13545,10.);
#4067=VECTOR('',#13548,10.);
#4068=VECTOR('',#13549,10.);
#4069=VECTOR('',#13550,10.);
#4070=VECTOR('',#13553,10.);
#4071=VECTOR('',#13554,10.);
#4072=VECTOR('',#13555,10.);
#4073=VECTOR('',#13558,10.);
#4074=VECTOR('',#13559,10.);
#4075=VECTOR('',#13564,1.7);
#4076=VECTOR('',#13571,1.7);
#4077=VECTOR('',#13578,1.7);
#4078=VECTOR('',#13585,1.7);
#4079=VECTOR('',#13592,1.7);
#4080=VECTOR('',#13599,1.7);
#4081=VECTOR('',#13604,10.);
#4082=VECTOR('',#13605,10.);
#4083=VECTOR('',#13606,10.);
#4084=VECTOR('',#13607,10.);
#4085=VECTOR('',#13610,10.);
#4086=VECTOR('',#13611,10.);
#4087=VECTOR('',#13612,10.);
#4088=VECTOR('',#13615,10.);
#4089=VECTOR('',#13616,10.);
#4090=VECTOR('',#13617,10.);
#4091=VECTOR('',#13620,10.);
#4092=VECTOR('',#13621,10.);
#4093=VECTOR('',#13630,10.);
#4094=VECTOR('',#13639,10.);
#4095=VECTOR('',#13640,10.);
#4096=VECTOR('',#13641,10.);
#4097=VECTOR('',#13642,10.);
#4098=VECTOR('',#13649,10.);
#4099=VECTOR('',#13650,10.);
#4100=VECTOR('',#13651,10.);
#4101=VECTOR('',#13654,10.);
#4102=VECTOR('',#13655,10.);
#4103=VECTOR('',#13662,1.7);
#4104=VECTOR('',#13667,1.7);
#4105=VECTOR('',#13670,10.);
#4106=VECTOR('',#13671,10.);
#4107=VECTOR('',#13672,10.);
#4108=VECTOR('',#13673,10.);
#4109=VECTOR('',#13676,10.);
#4110=VECTOR('',#13677,10.);
#4111=VECTOR('',#13678,10.);
#4112=VECTOR('',#13681,10.);
#4113=VECTOR('',#13682,10.);
#4114=VECTOR('',#13691,10.);
#4115=VECTOR('',#13700,10.);
#4116=VECTOR('',#13701,10.);
#4117=VECTOR('',#13702,10.);
#4118=VECTOR('',#13703,10.);
#4119=VECTOR('',#13706,10.);
#4120=VECTOR('',#13707,10.);
#4121=VECTOR('',#13708,10.);
#4122=VECTOR('',#13715,10.);
#4123=VECTOR('',#13716,10.);
#4124=VECTOR('',#13723,1.7);
#4125=VECTOR('',#13728,1.7);
#4126=VECTOR('',#13731,10.);
#4127=VECTOR('',#13732,10.);
#4128=VECTOR('',#13733,10.);
#4129=VECTOR('',#13734,10.);
#4130=VECTOR('',#13737,10.);
#4131=VECTOR('',#13738,10.);
#4132=VECTOR('',#13739,10.);
#4133=VECTOR('',#13742,10.);
#4134=VECTOR('',#13743,10.);
#4135=VECTOR('',#13752,1.25);
#4136=VECTOR('',#13757,1.25);
#4137=VECTOR('',#13766,1.25);
#4138=VECTOR('',#13775,3.);
#4139=VECTOR('',#13776,3.);
#4140=VECTOR('',#13785,1.25);
#4141=VECTOR('',#13788,1.25);
#4142=VECTOR('',#13791,1.25);
#4143=VECTOR('',#13796,1.25);
#4144=VECTOR('',#13805,1.25);
#4145=VECTOR('',#13814,3.);
#4146=VECTOR('',#13815,3.);
#4147=VECTOR('',#13824,1.25);
#4148=VECTOR('',#13829,1.25);
#4149=VECTOR('',#13838,1.25);
#4150=VECTOR('',#13847,3.);
#4151=VECTOR('',#13848,3.);
#4152=VECTOR('',#13857,1.25);
#4153=VECTOR('',#13862,1.25);
#4154=VECTOR('',#13871,1.25);
#4155=VECTOR('',#13880,3.);
#4156=VECTOR('',#13881,3.);
#4157=VECTOR('',#13910,21.);
#4158=VECTOR('',#13923,21.);
#4159=VECTOR('',#13936,1.7);
#4160=VECTOR('',#13943,1.7);
#4161=VECTOR('',#13948,10.);
#4162=VECTOR('',#13949,10.);
#4163=VECTOR('',#13950,10.);
#4164=VECTOR('',#13951,10.);
#4165=VECTOR('',#13954,10.);
#4166=VECTOR('',#13955,10.);
#4167=VECTOR('',#13956,10.);
#4168=VECTOR('',#13959,10.);
#4169=VECTOR('',#13960,10.);
#4170=VECTOR('',#13961,10.);
#4171=VECTOR('',#13964,10.);
#4172=VECTOR('',#13965,10.);
#4173=VECTOR('',#13976,10.);
#4174=VECTOR('',#13989,1.7);
#4175=VECTOR('',#13996,1.7);
#4176=VECTOR('',#14001,10.);
#4177=VECTOR('',#14002,10.);
#4178=VECTOR('',#14003,10.);
#4179=VECTOR('',#14004,10.);
#4180=VECTOR('',#14007,10.);
#4181=VECTOR('',#14008,10.);
#4182=VECTOR('',#14009,10.);
#4183=VECTOR('',#14012,10.);
#4184=VECTOR('',#14013,10.);
#4185=VECTOR('',#14014,10.);
#4186=VECTOR('',#14017,10.);
#4187=VECTOR('',#14018,10.);
#4188=VECTOR('',#14029,10.);
#4189=VECTOR('',#14040,10.);
#4190=VECTOR('',#14041,10.);
#4191=VECTOR('',#14042,10.);
#4192=VECTOR('',#14043,10.);
#4193=VECTOR('',#14046,10.);
#4194=VECTOR('',#14047,10.);
#4195=VECTOR('',#14048,10.);
#4196=VECTOR('',#14049,10.);
#4197=VECTOR('',#14052,10.);
#4198=VECTOR('',#14053,10.);
#4199=VECTOR('',#14054,10.);
#4200=VECTOR('',#14057,10.);
#4201=VECTOR('',#14058,10.);
#4202=VECTOR('',#14059,10.);
#4203=VECTOR('',#14062,10.);
#4204=VECTOR('',#14063,10.);
#4205=VECTOR('',#14064,10.);
#4206=VECTOR('',#14067,10.);
#4207=VECTOR('',#14068,10.);
#4208=VECTOR('',#14071,10.);
#4209=VECTOR('',#14072,10.);
#4210=VECTOR('',#14073,10.);
#4211=VECTOR('',#14076,10.);
#4212=VECTOR('',#14077,10.);
#4213=VECTOR('',#14080,10.);
#4214=VECTOR('',#14081,10.);
#4215=VECTOR('',#14082,10.);
#4216=VECTOR('',#14083,10.);
#4217=VECTOR('',#14086,10.);
#4218=VECTOR('',#14087,10.);
#4219=VECTOR('',#14088,10.);
#4220=VECTOR('',#14089,10.);
#4221=VECTOR('',#14092,10.);
#4222=VECTOR('',#14093,10.);
#4223=VECTOR('',#14094,10.);
#4224=VECTOR('',#14097,10.);
#4225=VECTOR('',#14098,10.);
#4226=VECTOR('',#14099,10.);
#4227=VECTOR('',#14102,10.);
#4228=VECTOR('',#14103,10.);
#4229=VECTOR('',#14104,10.);
#4230=VECTOR('',#14107,10.);
#4231=VECTOR('',#14108,10.);
#4232=VECTOR('',#14111,10.);
#4233=VECTOR('',#14112,10.);
#4234=VECTOR('',#14113,10.);
#4235=VECTOR('',#14116,10.);
#4236=VECTOR('',#14117,10.);
#4237=VECTOR('',#14122,1.25);
#4238=VECTOR('',#14131,1.25);
#4239=VECTOR('',#14140,1.25);
#4240=VECTOR('',#14149,1.25);
#4241=VECTOR('',#14158,1.25);
#4242=VECTOR('',#14167,1.25);
#4243=VECTOR('',#14174,10.);
#4244=VECTOR('',#14175,10.);
#4245=VECTOR('',#14176,10.);
#4246=VECTOR('',#14177,10.);
#4247=VECTOR('',#14180,10.);
#4248=VECTOR('',#14181,10.);
#4249=VECTOR('',#14182,10.);
#4250=VECTOR('',#14185,10.);
#4251=VECTOR('',#14186,10.);
#4252=VECTOR('',#14187,10.);
#4253=VECTOR('',#14190,10.);
#4254=VECTOR('',#14191,10.);
#4255=VECTOR('',#14192,10.);
#4256=VECTOR('',#14193,10.);
#4257=VECTOR('',#14194,10.);
#4258=VECTOR('',#14197,10.);
#4259=VECTOR('',#14198,10.);
#4260=VECTOR('',#14201,10.);
#4261=VECTOR('',#14202,10.);
#4262=VECTOR('',#14203,10.);
#4263=VECTOR('',#14206,10.);
#4264=VECTOR('',#14207,10.);
#4265=VECTOR('',#14210,10.);
#4266=VECTOR('',#14211,10.);
#4267=VECTOR('',#14222,1.7);
#4268=VECTOR('',#14229,1.7);
#4269=VECTOR('',#14234,10.);
#4270=VECTOR('',#14235,10.);
#4271=VECTOR('',#14236,10.);
#4272=VECTOR('',#14237,10.);
#4273=VECTOR('',#14240,10.);
#4274=VECTOR('',#14241,10.);
#4275=VECTOR('',#14242,10.);
#4276=VECTOR('',#14245,10.);
#4277=VECTOR('',#14246,10.);
#4278=VECTOR('',#14247,10.);
#4279=VECTOR('',#14250,10.);
#4280=VECTOR('',#14251,10.);
#4281=VECTOR('',#14260,10.);
#4282=VECTOR('',#14261,10.);
#4283=VECTOR('',#14262,10.);
#4284=VECTOR('',#14263,10.);
#4285=VECTOR('',#14266,10.);
#4286=VECTOR('',#14267,10.);
#4287=VECTOR('',#14268,10.);
#4288=VECTOR('',#14269,10.);
#4289=VECTOR('',#14272,10.);
#4290=VECTOR('',#14273,10.);
#4291=VECTOR('',#14274,10.);
#4292=VECTOR('',#14277,10.);
#4293=VECTOR('',#14278,10.);
#4294=VECTOR('',#14279,10.);
#4295=VECTOR('',#14282,10.);
#4296=VECTOR('',#14283,10.);
#4297=VECTOR('',#14284,10.);
#4298=VECTOR('',#14287,10.);
#4299=VECTOR('',#14288,10.);
#4300=VECTOR('',#14291,10.);
#4301=VECTOR('',#14292,10.);
#4302=VECTOR('',#14293,10.);
#4303=VECTOR('',#14296,10.);
#4304=VECTOR('',#14297,10.);
#4305=VECTOR('',#14300,10.);
#4306=VECTOR('',#14301,10.);
#4307=VECTOR('',#14302,10.);
#4308=VECTOR('',#14303,10.);
#4309=VECTOR('',#14306,10.);
#4310=VECTOR('',#14307,10.);
#4311=VECTOR('',#14308,10.);
#4312=VECTOR('',#14309,10.);
#4313=VECTOR('',#14312,10.);
#4314=VECTOR('',#14313,10.);
#4315=VECTOR('',#14314,10.);
#4316=VECTOR('',#14317,10.);
#4317=VECTOR('',#14318,10.);
#4318=VECTOR('',#14319,10.);
#4319=VECTOR('',#14322,10.);
#4320=VECTOR('',#14323,10.);
#4321=VECTOR('',#14324,10.);
#4322=VECTOR('',#14327,10.);
#4323=VECTOR('',#14328,10.);
#4324=VECTOR('',#14331,10.);
#4325=VECTOR('',#14332,10.);
#4326=VECTOR('',#14333,10.);
#4327=VECTOR('',#14336,10.);
#4328=VECTOR('',#14337,10.);
#4329=VECTOR('',#14342,1.25);
#4330=VECTOR('',#14351,1.25);
#4331=VECTOR('',#14360,1.25);
#4332=VECTOR('',#14369,1.25);
#4333=VECTOR('',#14378,1.25);
#4334=VECTOR('',#14387,1.25);
#4335=VECTOR('',#14394,10.);
#4336=VECTOR('',#14395,10.);
#4337=VECTOR('',#14396,10.);
#4338=VECTOR('',#14397,10.);
#4339=VECTOR('',#14400,10.);
#4340=VECTOR('',#14401,10.);
#4341=VECTOR('',#14402,10.);
#4342=VECTOR('',#14405,10.);
#4343=VECTOR('',#14406,10.);
#4344=VECTOR('',#14407,10.);
#4345=VECTOR('',#14410,10.);
#4346=VECTOR('',#14411,10.);
#4347=VECTOR('',#14412,10.);
#4348=VECTOR('',#14413,10.);
#4349=VECTOR('',#14414,10.);
#4350=VECTOR('',#14417,10.);
#4351=VECTOR('',#14418,10.);
#4352=VECTOR('',#14421,10.);
#4353=VECTOR('',#14422,10.);
#4354=VECTOR('',#14423,10.);
#4355=VECTOR('',#14426,10.);
#4356=VECTOR('',#14427,10.);
#4357=VECTOR('',#14430,10.);
#4358=VECTOR('',#14431,10.);
#4359=VECTOR('',#14442,1.7);
#4360=VECTOR('',#14449,1.7);
#4361=VECTOR('',#14454,10.);
#4362=VECTOR('',#14455,10.);
#4363=VECTOR('',#14456,10.);
#4364=VECTOR('',#14457,10.);
#4365=VECTOR('',#14460,10.);
#4366=VECTOR('',#14461,10.);
#4367=VECTOR('',#14462,10.);
#4368=VECTOR('',#14465,10.);
#4369=VECTOR('',#14466,10.);
#4370=VECTOR('',#14467,10.);
#4371=VECTOR('',#14470,10.);
#4372=VECTOR('',#14471,10.);
#4373=VECTOR('',#14504,2.);
#4374=VECTOR('',#14517,2.);
#4375=VECTOR('',#14524,6.5);
#4376=VECTOR('',#14537,2.);
#4377=VECTOR('',#14544,6.5);
#4378=VECTOR('',#14557,13.75);
#4379=VECTOR('',#14570,2.);
#4380=VECTOR('',#14577,1.);
#4381=VECTOR('',#14584,10.);
#4382=VECTOR('',#14585,10.);
#4383=VECTOR('',#14586,10.);
#4384=VECTOR('',#14587,10.);
#4385=VECTOR('',#14590,10.);
#4386=VECTOR('',#14591,10.);
#4387=VECTOR('',#14592,10.);
#4388=VECTOR('',#14595,10.);
#4389=VECTOR('',#14596,10.);
#4390=VECTOR('',#14597,10.);
#4391=VECTOR('',#14600,10.);
#4392=VECTOR('',#14601,10.);
#4393=VECTOR('',#14610,10.);
#4394=VECTOR('',#14611,10.);
#4395=VECTOR('',#14612,10.);
#4396=VECTOR('',#14613,10.);
#4397=VECTOR('',#14616,10.);
#4398=VECTOR('',#14617,10.);
#4399=VECTOR('',#14618,10.);
#4400=VECTOR('',#14621,10.);
#4401=VECTOR('',#14622,10.);
#4402=VECTOR('',#14623,10.);
#4403=VECTOR('',#14626,10.);
#4404=VECTOR('',#14627,10.);
#4405=VECTOR('',#14632,1.25);
#4406=VECTOR('',#14641,1.25);
#4407=VECTOR('',#14650,1.25);
#4408=VECTOR('',#14659,1.25);
#4409=VECTOR('',#14668,10.);
#4410=VECTOR('',#14671,10.);
#4411=VECTOR('',#14674,10.);
#4412=VECTOR('',#14675,10.);
#4413=VECTOR('',#14676,10.);
#4414=VECTOR('',#14677,10.);
#4415=VECTOR('',#14678,10.);
#4416=VECTOR('',#14681,10.);
#4417=VECTOR('',#14682,10.);
#4418=VECTOR('',#14685,10.);
#4419=VECTOR('',#14686,10.);
#4420=VECTOR('',#14687,10.);
#4421=VECTOR('',#14690,10.);
#4422=VECTOR('',#14691,10.);
#4423=VECTOR('',#14694,10.);
#4424=VECTOR('',#14695,10.);
#4425=VECTOR('',#14706,2.);
#4426=VECTOR('',#14713,10.);
#4427=VECTOR('',#14726,1.585);
#4428=VECTOR('',#14733,10.);
#4429=VECTOR('',#14744,10.);
#4430=VECTOR('',#14745,10.);
#4431=VECTOR('',#14746,10.);
#4432=VECTOR('',#14747,10.);
#4433=VECTOR('',#14750,10.);
#4434=VECTOR('',#14751,10.);
#4435=VECTOR('',#14752,10.);
#4436=VECTOR('',#14755,10.);
#4437=VECTOR('',#14756,10.);
#4438=VECTOR('',#14757,10.);
#4439=VECTOR('',#14760,10.);
#4440=VECTOR('',#14761,10.);
#4441=VECTOR('',#14792,1.7);
#4442=VECTOR('',#14799,1.7);
#4443=VECTOR('',#14804,10.);
#4444=VECTOR('',#14805,10.);
#4445=VECTOR('',#14806,10.);
#4446=VECTOR('',#14807,10.);
#4447=VECTOR('',#14810,10.);
#4448=VECTOR('',#14811,10.);
#4449=VECTOR('',#14812,10.);
#4450=VECTOR('',#14815,10.);
#4451=VECTOR('',#14816,10.);
#4452=VECTOR('',#14817,10.);
#4453=VECTOR('',#14818,10.);
#4454=VECTOR('',#14819,10.);
#4455=VECTOR('',#14820,10.);
#4456=VECTOR('',#14823,10.);
#4457=VECTOR('',#14824,10.);
#4458=VECTOR('',#14827,10.);
#4459=VECTOR('',#14828,10.);
#4460=VECTOR('',#14829,10.);
#4461=VECTOR('',#14832,10.);
#4462=VECTOR('',#14835,10.);
#4463=VECTOR('',#14836,10.);
#4464=VECTOR('',#14839,10.);
#4465=VECTOR('',#14840,10.);
#4466=VECTOR('',#14843,10.);
#4467=VECTOR('',#14850,10.);
#4468=VECTOR('',#14851,10.);
#4469=VECTOR('',#14852,10.);
#4470=VECTOR('',#14853,10.);
#4471=VECTOR('',#14856,10.);
#4472=VECTOR('',#14857,10.);
#4473=VECTOR('',#14858,10.);
#4474=VECTOR('',#14861,10.);
#4475=VECTOR('',#14862,10.);
#4476=VECTOR('',#14863,10.);
#4477=VECTOR('',#14866,10.);
#4478=VECTOR('',#14867,10.);
#4479=VECTOR('',#14876,10.);
#4480=VECTOR('',#14877,10.);
#4481=VECTOR('',#14878,10.);
#4482=VECTOR('',#14879,10.);
#4483=VECTOR('',#14882,10.);
#4484=VECTOR('',#14883,10.);
#4485=VECTOR('',#14884,10.);
#4486=VECTOR('',#14887,10.);
#4487=VECTOR('',#14888,10.);
#4488=VECTOR('',#14889,10.);
#4489=VECTOR('',#14892,10.);
#4490=VECTOR('',#14893,10.);
#4491=VECTOR('',#14898,10.);
#4492=VECTOR('',#14899,10.);
#4493=VECTOR('',#14900,10.);
#4494=VECTOR('',#14901,10.);
#4495=VECTOR('',#14904,10.);
#4496=VECTOR('',#14905,10.);
#4497=VECTOR('',#14906,10.);
#4498=VECTOR('',#14909,10.);
#4499=VECTOR('',#14910,10.);
#4500=VECTOR('',#14911,10.);
#4501=VECTOR('',#14914,10.);
#4502=VECTOR('',#14915,10.);
#4503=VECTOR('',#14932,10.);
#4504=VECTOR('',#14933,10.);
#4505=VECTOR('',#14934,10.);
#4506=VECTOR('',#14935,10.);
#4507=VECTOR('',#14938,10.);
#4508=VECTOR('',#14939,10.);
#4509=VECTOR('',#14940,10.);
#4510=VECTOR('',#14943,10.);
#4511=VECTOR('',#14944,10.);
#4512=VECTOR('',#14945,10.);
#4513=VECTOR('',#14948,10.);
#4514=VECTOR('',#14949,10.);
#4515=VECTOR('',#14958,10.);
#4516=VECTOR('',#14959,10.);
#4517=VECTOR('',#14960,10.);
#4518=VECTOR('',#14961,10.);
#4519=VECTOR('',#14964,10.);
#4520=VECTOR('',#14965,10.);
#4521=VECTOR('',#14966,10.);
#4522=VECTOR('',#14969,10.);
#4523=VECTOR('',#14970,10.);
#4524=VECTOR('',#14971,10.);
#4525=VECTOR('',#14974,10.);
#4526=VECTOR('',#14975,10.);
#4527=VECTOR('',#14984,10.);
#4528=VECTOR('',#14985,10.);
#4529=VECTOR('',#14986,10.);
#4530=VECTOR('',#14987,10.);
#4531=VECTOR('',#14990,10.);
#4532=VECTOR('',#14991,10.);
#4533=VECTOR('',#14992,10.);
#4534=VECTOR('',#14995,10.);
#4535=VECTOR('',#14996,10.);
#4536=VECTOR('',#14997,10.);
#4537=VECTOR('',#15000,10.);
#4538=VECTOR('',#15001,10.);
#4539=VECTOR('',#15010,10.);
#4540=VECTOR('',#15011,10.);
#4541=VECTOR('',#15012,10.);
#4542=VECTOR('',#15013,10.);
#4543=VECTOR('',#15016,10.);
#4544=VECTOR('',#15017,10.);
#4545=VECTOR('',#15018,10.);
#4546=VECTOR('',#15021,10.);
#4547=VECTOR('',#15022,10.);
#4548=VECTOR('',#15023,10.);
#4549=VECTOR('',#15026,10.);
#4550=VECTOR('',#15027,10.);
#4551=VECTOR('',#15036,10.);
#4552=VECTOR('',#15037,10.);
#4553=VECTOR('',#15038,10.);
#4554=VECTOR('',#15039,10.);
#4555=VECTOR('',#15042,10.);
#4556=VECTOR('',#15043,10.);
#4557=VECTOR('',#15044,10.);
#4558=VECTOR('',#15047,10.);
#4559=VECTOR('',#15048,10.);
#4560=VECTOR('',#15049,10.);
#4561=VECTOR('',#15052,10.);
#4562=VECTOR('',#15053,10.);
#4563=VECTOR('',#15064,1.3);
#4564=VECTOR('',#15071,1.3);
#4565=VECTOR('',#15078,1.3);
#4566=VECTOR('',#15085,1.3);
#4567=VECTOR('',#15090,10.);
#4568=VECTOR('',#15091,10.);
#4569=VECTOR('',#15092,10.);
#4570=VECTOR('',#15093,10.);
#4571=VECTOR('',#15096,10.);
#4572=VECTOR('',#15097,10.);
#4573=VECTOR('',#15098,10.);
#4574=VECTOR('',#15101,10.);
#4575=VECTOR('',#15102,10.);
#4576=VECTOR('',#15103,10.);
#4577=VECTOR('',#15106,10.);
#4578=VECTOR('',#15107,10.);
#4579=VECTOR('',#15114,10.);
#4580=VECTOR('',#15115,10.);
#4581=VECTOR('',#15116,10.);
#4582=VECTOR('',#15117,10.);
#4583=VECTOR('',#15120,10.);
#4584=VECTOR('',#15121,10.);
#4585=VECTOR('',#15122,10.);
#4586=VECTOR('',#15125,10.);
#4587=VECTOR('',#15126,10.);
#4588=VECTOR('',#15127,10.);
#4589=VECTOR('',#15130,10.);
#4590=VECTOR('',#15131,10.);
#4591=VECTOR('',#15138,10.);
#4592=VECTOR('',#15139,10.);
#4593=VECTOR('',#15140,10.);
#4594=VECTOR('',#15141,10.);
#4595=VECTOR('',#15144,10.);
#4596=VECTOR('',#15145,10.);
#4597=VECTOR('',#15146,10.);
#4598=VECTOR('',#15149,10.);
#4599=VECTOR('',#15150,10.);
#4600=VECTOR('',#15151,10.);
#4601=VECTOR('',#15154,10.);
#4602=VECTOR('',#15155,10.);
#4603=VECTOR('',#15162,10.);
#4604=VECTOR('',#15163,10.);
#4605=VECTOR('',#15164,10.);
#4606=VECTOR('',#15165,10.);
#4607=VECTOR('',#15168,10.);
#4608=VECTOR('',#15169,10.);
#4609=VECTOR('',#15170,10.);
#4610=VECTOR('',#15173,10.);
#4611=VECTOR('',#15174,10.);
#4612=VECTOR('',#15175,10.);
#4613=VECTOR('',#15178,10.);
#4614=VECTOR('',#15179,10.);
#4615=VECTOR('',#15190,1.);
#4616=VECTOR('',#15197,0.999999999999997);
#4617=VECTOR('',#15202,10.);
#4618=VECTOR('',#15203,10.);
#4619=VECTOR('',#15204,10.);
#4620=VECTOR('',#15205,10.);
#4621=VECTOR('',#15208,10.);
#4622=VECTOR('',#15209,10.);
#4623=VECTOR('',#15210,10.);
#4624=VECTOR('',#15213,10.);
#4625=VECTOR('',#15214,10.);
#4626=VECTOR('',#15215,10.);
#4627=VECTOR('',#15218,10.);
#4628=VECTOR('',#15219,10.);
#4629=VECTOR('',#15250,1.7);
#4630=VECTOR('',#15257,1.7);
#4631=VECTOR('',#15264,1.7);
#4632=VECTOR('',#15271,1.7);
#4633=VECTOR('',#15276,10.);
#4634=VECTOR('',#15277,10.);
#4635=VECTOR('',#15278,10.);
#4636=VECTOR('',#15279,10.);
#4637=VECTOR('',#15282,10.);
#4638=VECTOR('',#15283,10.);
#4639=VECTOR('',#15284,10.);
#4640=VECTOR('',#15287,10.);
#4641=VECTOR('',#15288,10.);
#4642=VECTOR('',#15289,10.);
#4643=VECTOR('',#15292,10.);
#4644=VECTOR('',#15293,10.);
#4645=VECTOR('',#15308,1.45);
#4646=VECTOR('',#15315,1.45);
#4647=VECTOR('',#15322,1.45);
#4648=VECTOR('',#15329,1.45);
#4649=VECTOR('',#15334,10.);
#4650=VECTOR('',#15335,10.);
#4651=VECTOR('',#15336,10.);
#4652=VECTOR('',#15337,10.);
#4653=VECTOR('',#15340,10.);
#4654=VECTOR('',#15341,10.);
#4655=VECTOR('',#15342,10.);
#4656=VECTOR('',#15345,10.);
#4657=VECTOR('',#15346,10.);
#4658=VECTOR('',#15347,10.);
#4659=VECTOR('',#15350,10.);
#4660=VECTOR('',#15351,10.);
#4661=VECTOR('',#15354,10.);
#4662=VECTOR('',#15355,10.);
#4663=VECTOR('',#15356,10.);
#4664=VECTOR('',#15357,10.);
#4665=VECTOR('',#15360,10.);
#4666=VECTOR('',#15361,10.);
#4667=VECTOR('',#15362,10.);
#4668=VECTOR('',#15365,10.);
#4669=VECTOR('',#15366,10.);
#4670=VECTOR('',#15367,10.);
#4671=VECTOR('',#15370,10.);
#4672=VECTOR('',#15371,10.);
#4673=VECTOR('',#15374,10.);
#4674=VECTOR('',#15375,10.);
#4675=VECTOR('',#15376,10.);
#4676=VECTOR('',#15377,10.);
#4677=VECTOR('',#15380,10.);
#4678=VECTOR('',#15381,10.);
#4679=VECTOR('',#15382,10.);
#4680=VECTOR('',#15385,10.);
#4681=VECTOR('',#15386,10.);
#4682=VECTOR('',#15387,10.);
#4683=VECTOR('',#15390,10.);
#4684=VECTOR('',#15391,10.);
#4685=VECTOR('',#15398,10.);
#4686=VECTOR('',#15399,10.);
#4687=VECTOR('',#15400,10.);
#4688=VECTOR('',#15401,10.);
#4689=VECTOR('',#15404,10.);
#4690=VECTOR('',#15405,10.);
#4691=VECTOR('',#15406,10.);
#4692=VECTOR('',#15409,10.);
#4693=VECTOR('',#15410,10.);
#4694=VECTOR('',#15411,10.);
#4695=VECTOR('',#15414,10.);
#4696=VECTOR('',#15415,10.);
#4697=VECTOR('',#15422,10.);
#4698=VECTOR('',#15423,10.);
#4699=VECTOR('',#15424,10.);
#4700=VECTOR('',#15425,10.);
#4701=VECTOR('',#15428,10.);
#4702=VECTOR('',#15429,10.);
#4703=VECTOR('',#15430,10.);
#4704=VECTOR('',#15431,10.);
#4705=VECTOR('',#15434,10.);
#4706=VECTOR('',#15435,10.);
#4707=VECTOR('',#15438,10.);
#4708=VECTOR('',#15441,10.);
#4709=VECTOR('',#15450,1.05);
#4710=VECTOR('',#15459,1.05);
#4711=VECTOR('',#15468,2.5);
#4712=VECTOR('',#15481,1.05);
#4713=VECTOR('',#15490,1.05);
#4714=VECTOR('',#15499,2.5);
#4715=VECTOR('',#15512,1.05);
#4716=VECTOR('',#15521,1.05);
#4717=VECTOR('',#15530,2.5);
#4718=VECTOR('',#15543,1.05);
#4719=VECTOR('',#15552,1.05);
#4720=VECTOR('',#15561,2.5);
#4721=VECTOR('',#15574,1.05);
#4722=VECTOR('',#15583,1.05);
#4723=VECTOR('',#15592,3.);
#4724=VECTOR('',#15605,1.05);
#4725=VECTOR('',#15614,1.05);
#4726=VECTOR('',#15623,3.);
#4727=VECTOR('',#15636,1.7);
#4728=VECTOR('',#15643,1.7);
#4729=VECTOR('',#15648,10.);
#4730=VECTOR('',#15649,10.);
#4731=VECTOR('',#15650,10.);
#4732=VECTOR('',#15651,10.);
#4733=VECTOR('',#15654,10.);
#4734=VECTOR('',#15655,10.);
#4735=VECTOR('',#15656,10.);
#4736=VECTOR('',#15659,10.);
#4737=VECTOR('',#15660,10.);
#4738=VECTOR('',#15661,10.);
#4739=VECTOR('',#15664,10.);
#4740=VECTOR('',#15665,10.);
#4741=VECTOR('',#15666,10.);
#4742=VECTOR('',#15667,10.);
#4743=VECTOR('',#15668,10.);
#4744=VECTOR('',#15671,10.);
#4745=VECTOR('',#15672,10.);
#4746=VECTOR('',#15675,10.);
#4747=VECTOR('',#15676,10.);
#4748=VECTOR('',#15677,10.);
#4749=VECTOR('',#15678,10.);
#4750=VECTOR('',#15681,10.);
#4751=VECTOR('',#15682,10.);
#4752=VECTOR('',#15683,10.);
#4753=VECTOR('',#15686,10.);
#4754=VECTOR('',#15687,10.);
#4755=VECTOR('',#15688,10.);
#4756=VECTOR('',#15691,10.);
#4757=VECTOR('',#15692,10.);
#4758=VECTOR('',#15697,10.);
#4759=VECTOR('',#15698,10.);
#4760=VECTOR('',#15699,10.);
#4761=VECTOR('',#15702,10.);
#4762=VECTOR('',#15703,10.);
#4763=VECTOR('',#15704,10.);
#4764=VECTOR('',#15707,10.);
#4765=VECTOR('',#15718,1.7);
#4766=VECTOR('',#15725,1.7);
#4767=VECTOR('',#15730,10.);
#4768=VECTOR('',#15731,10.);
#4769=VECTOR('',#15732,10.);
#4770=VECTOR('',#15733,10.);
#4771=VECTOR('',#15736,10.);
#4772=VECTOR('',#15737,10.);
#4773=VECTOR('',#15738,10.);
#4774=VECTOR('',#15739,10.);
#4775=VECTOR('',#15742,10.);
#4776=VECTOR('',#15743,10.);
#4777=VECTOR('',#15746,10.);
#4778=VECTOR('',#15747,10.);
#4779=VECTOR('',#15748,10.);
#4780=VECTOR('',#15749,10.);
#4781=VECTOR('',#15750,10.);
#4782=VECTOR('',#15753,10.);
#4783=VECTOR('',#15754,10.);
#4784=VECTOR('',#15757,10.);
#4785=VECTOR('',#15758,10.);
#4786=VECTOR('',#15761,10.);
#4787=VECTOR('',#15762,10.);
#4788=VECTOR('',#15763,10.);
#4789=VECTOR('',#15764,10.);
#4790=VECTOR('',#15767,10.);
#4791=VECTOR('',#15768,10.);
#4792=VECTOR('',#15769,10.);
#4793=VECTOR('',#15772,10.);
#4794=VECTOR('',#15773,10.);
#4795=VECTOR('',#15774,10.);
#4796=VECTOR('',#15777,10.);
#4797=VECTOR('',#15778,10.);
#4798=VECTOR('',#15783,10.);
#4799=VECTOR('',#15784,10.);
#4800=VECTOR('',#15787,10.);
#4801=VECTOR('',#15788,10.);
#4802=VECTOR('',#15791,10.);
#4803=VECTOR('',#15800,1.7);
#4804=VECTOR('',#15807,1.7);
#4805=VECTOR('',#15812,10.);
#4806=VECTOR('',#15813,10.);
#4807=VECTOR('',#15814,10.);
#4808=VECTOR('',#15815,10.);
#4809=VECTOR('',#15818,10.);
#4810=VECTOR('',#15819,10.);
#4811=VECTOR('',#15820,10.);
#4812=VECTOR('',#15821,10.);
#4813=VECTOR('',#15824,10.);
#4814=VECTOR('',#15825,10.);
#4815=VECTOR('',#15828,10.);
#4816=VECTOR('',#15829,10.);
#4817=VECTOR('',#15830,10.);
#4818=VECTOR('',#15831,10.);
#4819=VECTOR('',#15832,10.);
#4820=VECTOR('',#15835,10.);
#4821=VECTOR('',#15836,10.);
#4822=VECTOR('',#15839,10.);
#4823=VECTOR('',#15840,10.);
#4824=VECTOR('',#15843,10.);
#4825=VECTOR('',#15844,10.);
#4826=VECTOR('',#15845,10.);
#4827=VECTOR('',#15846,10.);
#4828=VECTOR('',#15849,10.);
#4829=VECTOR('',#15850,10.);
#4830=VECTOR('',#15851,10.);
#4831=VECTOR('',#15854,10.);
#4832=VECTOR('',#15855,10.);
#4833=VECTOR('',#15856,10.);
#4834=VECTOR('',#15859,10.);
#4835=VECTOR('',#15860,10.);
#4836=VECTOR('',#15865,10.);
#4837=VECTOR('',#15866,10.);
#4838=VECTOR('',#15869,10.);
#4839=VECTOR('',#15870,10.);
#4840=VECTOR('',#15873,10.);
#4841=VECTOR('',#15882,1.7);
#4842=VECTOR('',#15889,1.7);
#4843=VECTOR('',#15894,10.);
#4844=VECTOR('',#15895,10.);
#4845=VECTOR('',#15896,10.);
#4846=VECTOR('',#15897,10.);
#4847=VECTOR('',#15900,10.);
#4848=VECTOR('',#15901,10.);
#4849=VECTOR('',#15902,10.);
#4850=VECTOR('',#15905,10.);
#4851=VECTOR('',#15906,10.);
#4852=VECTOR('',#15907,10.);
#4853=VECTOR('',#15910,10.);
#4854=VECTOR('',#15911,10.);
#4855=VECTOR('',#15912,10.);
#4856=VECTOR('',#15913,10.);
#4857=VECTOR('',#15914,10.);
#4858=VECTOR('',#15917,10.);
#4859=VECTOR('',#15918,10.);
#4860=VECTOR('',#15921,10.);
#4861=VECTOR('',#15922,10.);
#4862=VECTOR('',#15923,10.);
#4863=VECTOR('',#15924,10.);
#4864=VECTOR('',#15927,10.);
#4865=VECTOR('',#15928,10.);
#4866=VECTOR('',#15929,10.);
#4867=VECTOR('',#15932,10.);
#4868=VECTOR('',#15933,10.);
#4869=VECTOR('',#15934,10.);
#4870=VECTOR('',#15937,10.);
#4871=VECTOR('',#15938,10.);
#4872=VECTOR('',#15943,10.);
#4873=VECTOR('',#15944,10.);
#4874=VECTOR('',#15945,10.);
#4875=VECTOR('',#15948,10.);
#4876=VECTOR('',#15949,10.);
#4877=VECTOR('',#15950,10.);
#4878=VECTOR('',#15953,10.);
#4879=VECTOR('',#15964,1.7);
#4880=VECTOR('',#15971,1.7);
#4881=VECTOR('',#15976,10.);
#4882=VECTOR('',#15977,10.);
#4883=VECTOR('',#15978,10.);
#4884=VECTOR('',#15979,10.);
#4885=VECTOR('',#15982,10.);
#4886=VECTOR('',#15983,10.);
#4887=VECTOR('',#15984,10.);
#4888=VECTOR('',#15985,10.);
#4889=VECTOR('',#15988,10.);
#4890=VECTOR('',#15989,10.);
#4891=VECTOR('',#15992,10.);
#4892=VECTOR('',#15993,10.);
#4893=VECTOR('',#15994,10.);
#4894=VECTOR('',#15995,10.);
#4895=VECTOR('',#15996,10.);
#4896=VECTOR('',#15999,10.);
#4897=VECTOR('',#16000,10.);
#4898=VECTOR('',#16003,10.);
#4899=VECTOR('',#16004,10.);
#4900=VECTOR('',#16007,10.);
#4901=VECTOR('',#16008,10.);
#4902=VECTOR('',#16009,10.);
#4903=VECTOR('',#16010,10.);
#4904=VECTOR('',#16013,10.);
#4905=VECTOR('',#16014,10.);
#4906=VECTOR('',#16015,10.);
#4907=VECTOR('',#16018,10.);
#4908=VECTOR('',#16019,10.);
#4909=VECTOR('',#16020,10.);
#4910=VECTOR('',#16023,10.);
#4911=VECTOR('',#16024,10.);
#4912=VECTOR('',#16029,10.);
#4913=VECTOR('',#16030,10.);
#4914=VECTOR('',#16033,10.);
#4915=VECTOR('',#16034,10.);
#4916=VECTOR('',#16037,10.);
#4917=VECTOR('',#16046,1.7);
#4918=VECTOR('',#16053,1.7);
#4919=VECTOR('',#16060,0.800000000000001);
#4920=VECTOR('',#16069,0.800000000000001);
#4921=VECTOR('',#16078,0.800000000000001);
#4922=VECTOR('',#16087,0.800000000000001);
#4923=VECTOR('',#16094,10.);
#4924=VECTOR('',#16095,10.);
#4925=VECTOR('',#16096,10.);
#4926=VECTOR('',#16097,10.);
#4927=VECTOR('',#16100,10.);
#4928=VECTOR('',#16101,10.);
#4929=VECTOR('',#16102,10.);
#4930=VECTOR('',#16105,10.);
#4931=VECTOR('',#16106,10.);
#4932=VECTOR('',#16107,10.);
#4933=VECTOR('',#16110,10.);
#4934=VECTOR('',#16111,10.);
#4935=VECTOR('',#16116,2.25);
#4936=VECTOR('',#16125,2.25);
#4937=VECTOR('',#16134,2.25);
#4938=VECTOR('',#16143,2.25);
#4939=VECTOR('',#16150,10.);
#4940=VECTOR('',#16151,10.);
#4941=VECTOR('',#16152,10.);
#4942=VECTOR('',#16153,10.);
#4943=VECTOR('',#16156,10.);
#4944=VECTOR('',#16157,10.);
#4945=VECTOR('',#16158,10.);
#4946=VECTOR('',#16161,10.);
#4947=VECTOR('',#16162,10.);
#4948=VECTOR('',#16163,10.);
#4949=VECTOR('',#16166,10.);
#4950=VECTOR('',#16167,10.);
#4951=VECTOR('',#16178,1.1);
#4952=VECTOR('',#16185,1.1);
#4953=VECTOR('',#16192,1.7);
#4954=VECTOR('',#16199,1.7);
#4955=VECTOR('',#16204,10.);
#4956=VECTOR('',#16205,10.);
#4957=VECTOR('',#16206,10.);
#4958=VECTOR('',#16207,10.);
#4959=VECTOR('',#16210,10.);
#4960=VECTOR('',#16211,10.);
#4961=VECTOR('',#16212,10.);
#4962=VECTOR('',#16215,10.);
#4963=VECTOR('',#16216,10.);
#4964=VECTOR('',#16217,10.);
#4965=VECTOR('',#16220,10.);
#4966=VECTOR('',#16221,10.);
#4967=CIRCLE('',#11950,1.25);
#4968=CIRCLE('',#11951,1.25);
#4969=CIRCLE('',#11953,1.25);
#4970=CIRCLE('',#11954,1.25);
#4971=CIRCLE('',#11956,1.25);
#4972=CIRCLE('',#11957,1.25);
#4973=CIRCLE('',#11959,1.25);
#4974=CIRCLE('',#11960,1.25);
#4975=CIRCLE('',#11962,1.25);
#4976=CIRCLE('',#11963,1.25);
#4977=CIRCLE('',#11965,1.25);
#4978=CIRCLE('',#11966,1.25);
#4979=CIRCLE('',#11968,1.25);
#4980=CIRCLE('',#11969,1.25);
#4981=CIRCLE('',#11971,1.25);
#4982=CIRCLE('',#11972,1.25);
#4983=CIRCLE('',#11974,1.25);
#4984=CIRCLE('',#11975,1.25);
#4985=CIRCLE('',#11977,1.25);
#4986=CIRCLE('',#11978,1.25);
#4987=CIRCLE('',#11980,1.25);
#4988=CIRCLE('',#11981,1.25);
#4989=CIRCLE('',#11983,1.25);
#4990=CIRCLE('',#11984,1.25);
#4991=CIRCLE('',#12002,1.45);
#4992=CIRCLE('',#12003,1.45);
#4993=CIRCLE('',#12005,1.45);
#4994=CIRCLE('',#12006,1.45);
#4995=CIRCLE('',#12008,1.45);
#4996=CIRCLE('',#12009,1.45);
#4997=CIRCLE('',#12011,1.45);
#4998=CIRCLE('',#12012,1.45);
#4999=CIRCLE('',#12014,1.45);
#5000=CIRCLE('',#12015,1.45);
#5001=CIRCLE('',#12017,1.45);
#5002=CIRCLE('',#12018,1.45);
#5003=CIRCLE('',#12020,1.7);
#5004=CIRCLE('',#12021,1.7);
#5005=CIRCLE('',#12023,1.7);
#5006=CIRCLE('',#12024,1.7);
#5007=CIRCLE('',#12026,1.7);
#5008=CIRCLE('',#12027,1.7);
#5009=CIRCLE('',#12029,1.7);
#5010=CIRCLE('',#12030,1.7);
#5011=CIRCLE('',#12032,1.7);
#5012=CIRCLE('',#12033,1.7);
#5013=CIRCLE('',#12035,1.7);
#5014=CIRCLE('',#12036,1.7);
#5015=CIRCLE('',#12038,1.7);
#5016=CIRCLE('',#12039,1.7);
#5017=CIRCLE('',#12041,1.7);
#5018=CIRCLE('',#12042,1.7);
#5019=CIRCLE('',#12044,1.7);
#5020=CIRCLE('',#12045,1.7);
#5021=CIRCLE('',#12047,1.7);
#5022=CIRCLE('',#12048,1.7);
#5023=CIRCLE('',#12050,1.7);
#5024=CIRCLE('',#12051,1.7);
#5025=CIRCLE('',#12053,1.7);
#5026=CIRCLE('',#12054,1.7);
#5027=CIRCLE('',#12056,1.7);
#5028=CIRCLE('',#12057,1.7);
#5029=CIRCLE('',#12059,1.7);
#5030=CIRCLE('',#12060,1.7);
#5031=CIRCLE('',#12062,1.7);
#5032=CIRCLE('',#12063,1.7);
#5033=CIRCLE('',#12065,1.7);
#5034=CIRCLE('',#12066,1.7);
#5035=CIRCLE('',#12083,1.7);
#5036=CIRCLE('',#12084,1.7);
#5037=CIRCLE('',#12086,1.7);
#5038=CIRCLE('',#12087,1.7);
#5039=CIRCLE('',#12100,1.7);
#5040=CIRCLE('',#12101,1.7);
#5041=CIRCLE('',#12103,1.7);
#5042=CIRCLE('',#12104,1.7);
#5043=CIRCLE('',#12121,1.7);
#5044=CIRCLE('',#12122,1.7);
#5045=CIRCLE('',#12124,1.7);
#5046=CIRCLE('',#12125,1.7);
#5047=CIRCLE('',#12127,1.7);
#5048=CIRCLE('',#12128,1.7);
#5049=CIRCLE('',#12130,1.7);
#5050=CIRCLE('',#12131,1.7);
#5051=CIRCLE('',#12133,1.7);
#5052=CIRCLE('',#12134,1.7);
#5053=CIRCLE('',#12136,1.7);
#5054=CIRCLE('',#12137,1.7);
#5055=CIRCLE('',#12146,1.25);
#5056=CIRCLE('',#12150,1.7);
#5057=CIRCLE('',#12151,1.7);
#5058=CIRCLE('',#12156,1.7);
#5059=CIRCLE('',#12158,1.7);
#5060=CIRCLE('',#12166,1.25);
#5061=CIRCLE('',#12171,1.7);
#5062=CIRCLE('',#12172,1.7);
#5063=CIRCLE('',#12176,1.7);
#5064=CIRCLE('',#12178,1.7);
#5065=CIRCLE('',#12187,1.25);
#5066=CIRCLE('',#12188,1.25);
#5067=CIRCLE('',#12191,1.25);
#5068=CIRCLE('',#12192,1.25);
#5069=CIRCLE('',#12195,3.);
#5070=CIRCLE('',#12196,3.);
#5071=CIRCLE('',#12203,1.25);
#5072=CIRCLE('',#12204,1.25);
#5073=CIRCLE('',#12207,1.25);
#5074=CIRCLE('',#12208,1.25);
#5075=CIRCLE('',#12211,3.);
#5076=CIRCLE('',#12212,3.);
#5077=CIRCLE('',#12217,1.25);
#5078=CIRCLE('',#12218,1.25);
#5079=CIRCLE('',#12221,1.25);
#5080=CIRCLE('',#12222,1.25);
#5081=CIRCLE('',#12225,3.);
#5082=CIRCLE('',#12226,3.);
#5083=CIRCLE('',#12231,1.25);
#5084=CIRCLE('',#12232,1.25);
#5085=CIRCLE('',#12235,1.25);
#5086=CIRCLE('',#12236,1.25);
#5087=CIRCLE('',#12239,3.);
#5088=CIRCLE('',#12240,3.);
#5089=CIRCLE('',#12253,21.);
#5090=CIRCLE('',#12254,21.);
#5091=CIRCLE('',#12259,21.);
#5092=CIRCLE('',#12260,21.);
#5093=CIRCLE('',#12265,1.7);
#5094=CIRCLE('',#12266,1.7);
#5095=CIRCLE('',#12268,1.7);
#5096=CIRCLE('',#12269,1.7);
#5097=CIRCLE('',#12278,10.);
#5098=CIRCLE('',#12279,10.);
#5099=CIRCLE('',#12284,1.7);
#5100=CIRCLE('',#12285,1.7);
#5101=CIRCLE('',#12287,1.7);
#5102=CIRCLE('',#12288,1.7);
#5103=CIRCLE('',#12297,10.);
#5104=CIRCLE('',#12298,10.);
#5105=CIRCLE('',#12319,1.25);
#5106=CIRCLE('',#12320,1.25);
#5107=CIRCLE('',#12323,1.25);
#5108=CIRCLE('',#12324,1.25);
#5109=CIRCLE('',#12327,1.25);
#5110=CIRCLE('',#12328,1.25);
#5111=CIRCLE('',#12331,1.25);
#5112=CIRCLE('',#12332,1.25);
#5113=CIRCLE('',#12335,1.25);
#5114=CIRCLE('',#12336,1.25);
#5115=CIRCLE('',#12339,1.25);
#5116=CIRCLE('',#12340,1.25);
#5117=CIRCLE('',#12354,1.7);
#5118=CIRCLE('',#12355,1.7);
#5119=CIRCLE('',#12357,1.7);
#5120=CIRCLE('',#12358,1.7);
#5121=CIRCLE('',#12383,1.25);
#5122=CIRCLE('',#12384,1.25);
#5123=CIRCLE('',#12387,1.25);
#5124=CIRCLE('',#12388,1.25);
#5125=CIRCLE('',#12391,1.25);
#5126=CIRCLE('',#12392,1.25);
#5127=CIRCLE('',#12395,1.25);
#5128=CIRCLE('',#12396,1.25);
#5129=CIRCLE('',#12399,1.25);
#5130=CIRCLE('',#12400,1.25);
#5131=CIRCLE('',#12403,1.25);
#5132=CIRCLE('',#12404,1.25);
#5133=CIRCLE('',#12418,1.7);
#5134=CIRCLE('',#12419,1.7);
#5135=CIRCLE('',#12421,1.7);
#5136=CIRCLE('',#12422,1.7);
#5137=CIRCLE('',#12442,2.);
#5138=CIRCLE('',#12443,2.);
#5139=CIRCLE('',#12448,2.);
#5140=CIRCLE('',#12449,2.);
#5141=CIRCLE('',#12451,6.5);
#5142=CIRCLE('',#12452,6.5);
#5143=CIRCLE('',#12457,2.);
#5144=CIRCLE('',#12458,2.);
#5145=CIRCLE('',#12460,6.5);
#5146=CIRCLE('',#12461,6.5);
#5147=CIRCLE('',#12466,13.75);
#5148=CIRCLE('',#12467,13.75);
#5149=CIRCLE('',#12472,2.);
#5150=CIRCLE('',#12473,2.);
#5151=CIRCLE('',#12475,1.);
#5152=CIRCLE('',#12476,1.);
#5153=CIRCLE('',#12490,1.25);
#5154=CIRCLE('',#12491,1.25);
#5155=CIRCLE('',#12494,1.25);
#5156=CIRCLE('',#12495,1.25);
#5157=CIRCLE('',#12498,1.25);
#5158=CIRCLE('',#12499,1.25);
#5159=CIRCLE('',#12502,1.25);
#5160=CIRCLE('',#12503,1.25);
#5161=CIRCLE('',#12506,14.15);
#5162=CIRCLE('',#12507,14.15);
#5163=CIRCLE('',#12517,2.);
#5164=CIRCLE('',#12518,2.);
#5165=CIRCLE('',#12520,10.);
#5166=CIRCLE('',#12521,10.);
#5167=CIRCLE('',#12526,1.585);
#5168=CIRCLE('',#12527,1.585);
#5169=CIRCLE('',#12529,10.);
#5170=CIRCLE('',#12530,10.);
#5171=CIRCLE('',#12552,1.7);
#5172=CIRCLE('',#12553,1.7);
#5173=CIRCLE('',#12555,1.7);
#5174=CIRCLE('',#12556,1.7);
#5175=CIRCLE('',#12627,1.3);
#5176=CIRCLE('',#12628,1.3);
#5177=CIRCLE('',#12630,1.3);
#5178=CIRCLE('',#12631,1.3);
#5179=CIRCLE('',#12633,1.3);
#5180=CIRCLE('',#12634,1.3);
#5181=CIRCLE('',#12636,1.3);
#5182=CIRCLE('',#12637,1.3);
#5183=CIRCLE('',#12664,1.);
#5184=CIRCLE('',#12665,1.);
#5185=CIRCLE('',#12667,0.999999999999996);
#5186=CIRCLE('',#12668,0.999999999999996);
#5187=CIRCLE('',#12687,1.7);
#5188=CIRCLE('',#12688,1.7);
#5189=CIRCLE('',#12690,1.7);
#5190=CIRCLE('',#12691,1.7);
#5191=CIRCLE('',#12693,1.7);
#5192=CIRCLE('',#12694,1.7);
#5193=CIRCLE('',#12696,1.7);
#5194=CIRCLE('',#12697,1.7);
#5195=CIRCLE('',#12708,1.45);
#5196=CIRCLE('',#12709,1.45);
#5197=CIRCLE('',#12711,1.45);
#5198=CIRCLE('',#12712,1.45);
#5199=CIRCLE('',#12714,1.45);
#5200=CIRCLE('',#12715,1.45);
#5201=CIRCLE('',#12717,1.45);
#5202=CIRCLE('',#12718,1.45);
#5203=CIRCLE('',#12747,1.05);
#5204=CIRCLE('',#12748,1.05);
#5205=CIRCLE('',#12751,1.05);
#5206=CIRCLE('',#12752,1.05);
#5207=CIRCLE('',#12755,2.5);
#5208=CIRCLE('',#12756,2.5);
#5209=CIRCLE('',#12761,1.05);
#5210=CIRCLE('',#12762,1.05);
#5211=CIRCLE('',#12765,1.05);
#5212=CIRCLE('',#12766,1.05);
#5213=CIRCLE('',#12769,2.5);
#5214=CIRCLE('',#12770,2.5);
#5215=CIRCLE('',#12775,1.05);
#5216=CIRCLE('',#12776,1.05);
#5217=CIRCLE('',#12779,1.05);
#5218=CIRCLE('',#12780,1.05);
#5219=CIRCLE('',#12783,2.5);
#5220=CIRCLE('',#12784,2.5);
#5221=CIRCLE('',#12789,1.05);
#5222=CIRCLE('',#12790,1.05);
#5223=CIRCLE('',#12793,1.05);
#5224=CIRCLE('',#12794,1.05);
#5225=CIRCLE('',#12797,2.5);
#5226=CIRCLE('',#12798,2.5);
#5227=CIRCLE('',#12803,1.05);
#5228=CIRCLE('',#12804,1.05);
#5229=CIRCLE('',#12807,1.05);
#5230=CIRCLE('',#12808,1.05);
#5231=CIRCLE('',#12811,3.);
#5232=CIRCLE('',#12812,3.);
#5233=CIRCLE('',#12817,1.05);
#5234=CIRCLE('',#12818,1.05);
#5235=CIRCLE('',#12821,1.05);
#5236=CIRCLE('',#12822,1.05);
#5237=CIRCLE('',#12825,3.);
#5238=CIRCLE('',#12826,3.);
#5239=CIRCLE('',#12831,1.7);
#5240=CIRCLE('',#12832,1.7);
#5241=CIRCLE('',#12834,1.7);
#5242=CIRCLE('',#12835,1.7);
#5243=CIRCLE('',#12853,1.7);
#5244=CIRCLE('',#12854,1.7);
#5245=CIRCLE('',#12856,1.7);
#5246=CIRCLE('',#12857,1.7);
#5247=CIRCLE('',#12875,1.7);
#5248=CIRCLE('',#12876,1.7);
#5249=CIRCLE('',#12878,1.7);
#5250=CIRCLE('',#12879,1.7);
#5251=CIRCLE('',#12897,1.7);
#5252=CIRCLE('',#12898,1.7);
#5253=CIRCLE('',#12900,1.7);
#5254=CIRCLE('',#12901,1.7);
#5255=CIRCLE('',#12919,1.7);
#5256=CIRCLE('',#12920,1.7);
#5257=CIRCLE('',#12922,1.7);
#5258=CIRCLE('',#12923,1.7);
#5259=CIRCLE('',#12941,1.7);
#5260=CIRCLE('',#12942,1.7);
#5261=CIRCLE('',#12944,1.7);
#5262=CIRCLE('',#12945,1.7);
#5263=CIRCLE('',#12947,0.800000000000001);
#5264=CIRCLE('',#12948,0.800000000000001);
#5265=CIRCLE('',#12951,0.800000000000001);
#5266=CIRCLE('',#12952,0.800000000000001);
#5267=CIRCLE('',#12955,0.800000000000001);
#5268=CIRCLE('',#12956,0.800000000000001);
#5269=CIRCLE('',#12959,0.800000000000001);
#5270=CIRCLE('',#12960,0.800000000000001);
#5271=CIRCLE('',#12967,2.25);
#5272=CIRCLE('',#12968,2.25);
#5273=CIRCLE('',#12971,2.25);
#5274=CIRCLE('',#12972,2.25);
#5275=CIRCLE('',#12975,2.25);
#5276=CIRCLE('',#12976,2.25);
#5277=CIRCLE('',#12979,2.25);
#5278=CIRCLE('',#12980,2.25);
#5279=CIRCLE('',#12990,1.1);
#5280=CIRCLE('',#12991,1.1);
#5281=CIRCLE('',#12993,1.1);
#5282=CIRCLE('',#12994,1.1);
#5283=CIRCLE('',#12996,1.7);
#5284=CIRCLE('',#12997,1.7);
#5285=CIRCLE('',#12999,1.7);
#5286=CIRCLE('',#13000,1.7);
#5287=VERTEX_POINT('',#16276);
#5288=VERTEX_POINT('',#16278);
#5289=VERTEX_POINT('',#16282);
#5290=VERTEX_POINT('',#16284);
#5291=VERTEX_POINT('',#16288);
#5292=VERTEX_POINT('',#16290);
#5293=VERTEX_POINT('',#16294);
#5294=VERTEX_POINT('',#16296);
#5295=VERTEX_POINT('',#16300);
#5296=VERTEX_POINT('',#16302);
#5297=VERTEX_POINT('',#16306);
#5298=VERTEX_POINT('',#16308);
#5299=VERTEX_POINT('',#16312);
#5300=VERTEX_POINT('',#16314);
#5301=VERTEX_POINT('',#16318);
#5302=VERTEX_POINT('',#16320);
#5303=VERTEX_POINT('',#16324);
#5304=VERTEX_POINT('',#16326);
#5305=VERTEX_POINT('',#16330);
#5306=VERTEX_POINT('',#16332);
#5307=VERTEX_POINT('',#16336);
#5308=VERTEX_POINT('',#16338);
#5309=VERTEX_POINT('',#16342);
#5310=VERTEX_POINT('',#16344);
#5311=VERTEX_POINT('',#16348);
#5312=VERTEX_POINT('',#16349);
#5313=VERTEX_POINT('',#16351);
#5314=VERTEX_POINT('',#16353);
#5315=VERTEX_POINT('',#16357);
#5316=VERTEX_POINT('',#16358);
#5317=VERTEX_POINT('',#16360);
#5318=VERTEX_POINT('',#16362);
#5319=VERTEX_POINT('',#16372);
#5320=VERTEX_POINT('',#16373);
#5321=VERTEX_POINT('',#16375);
#5322=VERTEX_POINT('',#16377);
#5323=VERTEX_POINT('',#16381);
#5324=VERTEX_POINT('',#16382);
#5325=VERTEX_POINT('',#16384);
#5326=VERTEX_POINT('',#16386);
#5327=VERTEX_POINT('',#16396);
#5328=VERTEX_POINT('',#16397);
#5329=VERTEX_POINT('',#16399);
#5330=VERTEX_POINT('',#16401);
#5331=VERTEX_POINT('',#16405);
#5332=VERTEX_POINT('',#16406);
#5333=VERTEX_POINT('',#16408);
#5334=VERTEX_POINT('',#16410);
#5335=VERTEX_POINT('',#16420);
#5336=VERTEX_POINT('',#16421);
#5337=VERTEX_POINT('',#16423);
#5338=VERTEX_POINT('',#16425);
#5339=VERTEX_POINT('',#16429);
#5340=VERTEX_POINT('',#16430);
#5341=VERTEX_POINT('',#16432);
#5342=VERTEX_POINT('',#16434);
#5343=VERTEX_POINT('',#16444);
#5344=VERTEX_POINT('',#16446);
#5345=VERTEX_POINT('',#16450);
#5346=VERTEX_POINT('',#16452);
#5347=VERTEX_POINT('',#16456);
#5348=VERTEX_POINT('',#16458);
#5349=VERTEX_POINT('',#16462);
#5350=VERTEX_POINT('',#16464);
#5351=VERTEX_POINT('',#16468);
#5352=VERTEX_POINT('',#16470);
#5353=VERTEX_POINT('',#16474);
#5354=VERTEX_POINT('',#16476);
#5355=VERTEX_POINT('',#16480);
#5356=VERTEX_POINT('',#16482);
#5357=VERTEX_POINT('',#16486);
#5358=VERTEX_POINT('',#16488);
#5359=VERTEX_POINT('',#16492);
#5360=VERTEX_POINT('',#16494);
#5361=VERTEX_POINT('',#16498);
#5362=VERTEX_POINT('',#16500);
#5363=VERTEX_POINT('',#16504);
#5364=VERTEX_POINT('',#16506);
#5365=VERTEX_POINT('',#16510);
#5366=VERTEX_POINT('',#16512);
#5367=VERTEX_POINT('',#16516);
#5368=VERTEX_POINT('',#16518);
#5369=VERTEX_POINT('',#16522);
#5370=VERTEX_POINT('',#16524);
#5371=VERTEX_POINT('',#16528);
#5372=VERTEX_POINT('',#16530);
#5373=VERTEX_POINT('',#16534);
#5374=VERTEX_POINT('',#16536);
#5375=VERTEX_POINT('',#16540);
#5376=VERTEX_POINT('',#16542);
#5377=VERTEX_POINT('',#16546);
#5378=VERTEX_POINT('',#16548);
#5379=VERTEX_POINT('',#16552);
#5380=VERTEX_POINT('',#16554);
#5381=VERTEX_POINT('',#16558);
#5382=VERTEX_POINT('',#16560);
#5383=VERTEX_POINT('',#16564);
#5384=VERTEX_POINT('',#16566);
#5385=VERTEX_POINT('',#16570);
#5386=VERTEX_POINT('',#16572);
#5387=VERTEX_POINT('',#16576);
#5388=VERTEX_POINT('',#16577);
#5389=VERTEX_POINT('',#16579);
#5390=VERTEX_POINT('',#16581);
#5391=VERTEX_POINT('',#16585);
#5392=VERTEX_POINT('',#16587);
#5393=VERTEX_POINT('',#16591);
#5394=VERTEX_POINT('',#16593);
#5395=VERTEX_POINT('',#16597);
#5396=VERTEX_POINT('',#16599);
#5397=VERTEX_POINT('',#16601);
#5398=VERTEX_POINT('',#16603);
#5399=VERTEX_POINT('',#16605);
#5400=VERTEX_POINT('',#16607);
#5401=VERTEX_POINT('',#16609);
#5402=VERTEX_POINT('',#16611);
#5403=VERTEX_POINT('',#16615);
#5404=VERTEX_POINT('',#16619);
#5405=VERTEX_POINT('',#16621);
#5406=VERTEX_POINT('',#16625);
#5407=VERTEX_POINT('',#16629);
#5408=VERTEX_POINT('',#16633);
#5409=VERTEX_POINT('',#16635);
#5410=VERTEX_POINT('',#16638);
#5411=VERTEX_POINT('',#16651);
#5412=VERTEX_POINT('',#16653);
#5413=VERTEX_POINT('',#16657);
#5414=VERTEX_POINT('',#16659);
#5415=VERTEX_POINT('',#16663);
#5416=VERTEX_POINT('',#16664);
#5417=VERTEX_POINT('',#16666);
#5418=VERTEX_POINT('',#16668);
#5419=VERTEX_POINT('',#16672);
#5420=VERTEX_POINT('',#16674);
#5421=VERTEX_POINT('',#16678);
#5422=VERTEX_POINT('',#16680);
#5423=VERTEX_POINT('',#16684);
#5424=VERTEX_POINT('',#16686);
#5425=VERTEX_POINT('',#16688);
#5426=VERTEX_POINT('',#16690);
#5427=VERTEX_POINT('',#16694);
#5428=VERTEX_POINT('',#16698);
#5429=VERTEX_POINT('',#16702);
#5430=VERTEX_POINT('',#16706);
#5431=VERTEX_POINT('',#16714);
#5432=VERTEX_POINT('',#16716);
#5433=VERTEX_POINT('',#16720);
#5434=VERTEX_POINT('',#16722);
#5435=VERTEX_POINT('',#16726);
#5436=VERTEX_POINT('',#16727);
#5437=VERTEX_POINT('',#16729);
#5438=VERTEX_POINT('',#16731);
#5439=VERTEX_POINT('',#16735);
#5440=VERTEX_POINT('',#16736);
#5441=VERTEX_POINT('',#16738);
#5442=VERTEX_POINT('',#16740);
#5443=VERTEX_POINT('',#16747);
#5444=VERTEX_POINT('',#16749);
#5445=VERTEX_POINT('',#16751);
#5446=VERTEX_POINT('',#16753);
#5447=VERTEX_POINT('',#16757);
#5448=VERTEX_POINT('',#16761);
#5449=VERTEX_POINT('',#16765);
#5450=VERTEX_POINT('',#16769);
#5451=VERTEX_POINT('',#16777);
#5452=VERTEX_POINT('',#16778);
#5453=VERTEX_POINT('',#16780);
#5454=VERTEX_POINT('',#16782);
#5455=VERTEX_POINT('',#16786);
#5456=VERTEX_POINT('',#16788);
#5457=VERTEX_POINT('',#16792);
#5458=VERTEX_POINT('',#16794);
#5459=VERTEX_POINT('',#16801);
#5460=VERTEX_POINT('',#16803);
#5461=VERTEX_POINT('',#16807);
#5462=VERTEX_POINT('',#16809);
#5463=VERTEX_POINT('',#16813);
#5464=VERTEX_POINT('',#16815);
#5465=VERTEX_POINT('',#16819);
#5466=VERTEX_POINT('',#16821);
#5467=VERTEX_POINT('',#16825);
#5468=VERTEX_POINT('',#16827);
#5469=VERTEX_POINT('',#16831);
#5470=VERTEX_POINT('',#16833);
#5471=VERTEX_POINT('',#16837);
#5472=VERTEX_POINT('',#16838);
#5473=VERTEX_POINT('',#16840);
#5474=VERTEX_POINT('',#16842);
#5475=VERTEX_POINT('',#16846);
#5476=VERTEX_POINT('',#16848);
#5477=VERTEX_POINT('',#16852);
#5478=VERTEX_POINT('',#16854);
#5479=VERTEX_POINT('',#16864);
#5480=VERTEX_POINT('',#16865);
#5481=VERTEX_POINT('',#16871);
#5482=VERTEX_POINT('',#16872);
#5483=VERTEX_POINT('',#16874);
#5484=VERTEX_POINT('',#16876);
#5485=VERTEX_POINT('',#16879);
#5486=VERTEX_POINT('',#16881);
#5487=VERTEX_POINT('',#16884);
#5488=VERTEX_POINT('',#16886);
#5489=VERTEX_POINT('',#16894);
#5490=VERTEX_POINT('',#16898);
#5491=VERTEX_POINT('',#16902);
#5492=VERTEX_POINT('',#16903);
#5493=VERTEX_POINT('',#16905);
#5494=VERTEX_POINT('',#16907);
#5495=VERTEX_POINT('',#16911);
#5496=VERTEX_POINT('',#16913);
#5497=VERTEX_POINT('',#16923);
#5498=VERTEX_POINT('',#16924);
#5499=VERTEX_POINT('',#16930);
#5500=VERTEX_POINT('',#16931);
#5501=VERTEX_POINT('',#16933);
#5502=VERTEX_POINT('',#16935);
#5503=VERTEX_POINT('',#16939);
#5504=VERTEX_POINT('',#16941);
#5505=VERTEX_POINT('',#16944);
#5506=VERTEX_POINT('',#16946);
#5507=VERTEX_POINT('',#16953);
#5508=VERTEX_POINT('',#16957);
#5509=VERTEX_POINT('',#16961);
#5510=VERTEX_POINT('',#16962);
#5511=VERTEX_POINT('',#16964);
#5512=VERTEX_POINT('',#16966);
#5513=VERTEX_POINT('',#16970);
#5514=VERTEX_POINT('',#16972);
#5515=VERTEX_POINT('',#16982);
#5516=VERTEX_POINT('',#16983);
#5517=VERTEX_POINT('',#16994);
#5518=VERTEX_POINT('',#17023);
#5519=VERTEX_POINT('',#17025);
#5520=VERTEX_POINT('',#17063);
#5521=VERTEX_POINT('',#17065);
#5522=VERTEX_POINT('',#17070);
#5523=VERTEX_POINT('',#17072);
#5524=VERTEX_POINT('',#17077);
#5525=VERTEX_POINT('',#17080);
#5526=VERTEX_POINT('',#17086);
#5527=VERTEX_POINT('',#17121);
#5528=VERTEX_POINT('',#17158);
#5529=VERTEX_POINT('',#17193);
#5530=VERTEX_POINT('',#17230);
#5531=VERTEX_POINT('',#17231);
#5532=VERTEX_POINT('',#17242);
#5533=VERTEX_POINT('',#17271);
#5534=VERTEX_POINT('',#17273);
#5535=VERTEX_POINT('',#17311);
#5536=VERTEX_POINT('',#17313);
#5537=VERTEX_POINT('',#17318);
#5538=VERTEX_POINT('',#17320);
#5539=VERTEX_POINT('',#17325);
#5540=VERTEX_POINT('',#17328);
#5541=VERTEX_POINT('',#17334);
#5542=VERTEX_POINT('',#17335);
#5543=VERTEX_POINT('',#17346);
#5544=VERTEX_POINT('',#17375);
#5545=VERTEX_POINT('',#17377);
#5546=VERTEX_POINT('',#17415);
#5547=VERTEX_POINT('',#17417);
#5548=VERTEX_POINT('',#17422);
#5549=VERTEX_POINT('',#17424);
#5550=VERTEX_POINT('',#17429);
#5551=VERTEX_POINT('',#17432);
#5552=VERTEX_POINT('',#17438);
#5553=VERTEX_POINT('',#17439);
#5554=VERTEX_POINT('',#17450);
#5555=VERTEX_POINT('',#17479);
#5556=VERTEX_POINT('',#17481);
#5557=VERTEX_POINT('',#17519);
#5558=VERTEX_POINT('',#17521);
#5559=VERTEX_POINT('',#17526);
#5560=VERTEX_POINT('',#17528);
#5561=VERTEX_POINT('',#17533);
#5562=VERTEX_POINT('',#17536);
#5563=VERTEX_POINT('',#17551);
#5564=VERTEX_POINT('',#17553);
#5565=VERTEX_POINT('',#17560);
#5566=VERTEX_POINT('',#17562);
#5567=VERTEX_POINT('',#17569);
#5568=VERTEX_POINT('',#17571);
#5569=VERTEX_POINT('',#17575);
#5570=VERTEX_POINT('',#17577);
#5571=VERTEX_POINT('',#17581);
#5572=VERTEX_POINT('',#17582);
#5573=VERTEX_POINT('',#17584);
#5574=VERTEX_POINT('',#17586);
#5575=VERTEX_POINT('',#17590);
#5576=VERTEX_POINT('',#17592);
#5577=VERTEX_POINT('',#17596);
#5578=VERTEX_POINT('',#17598);
#5579=VERTEX_POINT('',#17608);
#5580=VERTEX_POINT('',#17610);
#5581=VERTEX_POINT('',#17617);
#5582=VERTEX_POINT('',#17619);
#5583=VERTEX_POINT('',#17623);
#5584=VERTEX_POINT('',#17625);
#5585=VERTEX_POINT('',#17629);
#5586=VERTEX_POINT('',#17630);
#5587=VERTEX_POINT('',#17632);
#5588=VERTEX_POINT('',#17634);
#5589=VERTEX_POINT('',#17638);
#5590=VERTEX_POINT('',#17640);
#5591=VERTEX_POINT('',#17644);
#5592=VERTEX_POINT('',#17646);
#5593=VERTEX_POINT('',#17656);
#5594=VERTEX_POINT('',#17658);
#5595=VERTEX_POINT('',#17665);
#5596=VERTEX_POINT('',#17666);
#5597=VERTEX_POINT('',#17668);
#5598=VERTEX_POINT('',#17670);
#5599=VERTEX_POINT('',#17674);
#5600=VERTEX_POINT('',#17675);
#5601=VERTEX_POINT('',#17677);
#5602=VERTEX_POINT('',#17679);
#5603=VERTEX_POINT('',#17683);
#5604=VERTEX_POINT('',#17685);
#5605=VERTEX_POINT('',#17689);
#5606=VERTEX_POINT('',#17691);
#5607=VERTEX_POINT('',#17695);
#5608=VERTEX_POINT('',#17697);
#5609=VERTEX_POINT('',#17704);
#5610=VERTEX_POINT('',#17706);
#5611=VERTEX_POINT('',#17713);
#5612=VERTEX_POINT('',#17714);
#5613=VERTEX_POINT('',#17716);
#5614=VERTEX_POINT('',#17718);
#5615=VERTEX_POINT('',#17722);
#5616=VERTEX_POINT('',#17723);
#5617=VERTEX_POINT('',#17725);
#5618=VERTEX_POINT('',#17727);
#5619=VERTEX_POINT('',#17731);
#5620=VERTEX_POINT('',#17733);
#5621=VERTEX_POINT('',#17737);
#5622=VERTEX_POINT('',#17739);
#5623=VERTEX_POINT('',#17743);
#5624=VERTEX_POINT('',#17745);
#5625=VERTEX_POINT('',#17752);
#5626=VERTEX_POINT('',#17754);
#5627=VERTEX_POINT('',#17761);
#5628=VERTEX_POINT('',#17763);
#5629=VERTEX_POINT('',#17768);
#5630=VERTEX_POINT('',#17770);
#5631=VERTEX_POINT('',#17775);
#5632=VERTEX_POINT('',#17777);
#5633=VERTEX_POINT('',#17782);
#5634=VERTEX_POINT('',#17784);
#5635=VERTEX_POINT('',#17789);
#5636=VERTEX_POINT('',#17791);
#5637=VERTEX_POINT('',#17796);
#5638=VERTEX_POINT('',#17798);
#5639=VERTEX_POINT('',#17803);
#5640=VERTEX_POINT('',#17804);
#5641=VERTEX_POINT('',#17806);
#5642=VERTEX_POINT('',#17808);
#5643=VERTEX_POINT('',#17812);
#5644=VERTEX_POINT('',#17814);
#5645=VERTEX_POINT('',#17818);
#5646=VERTEX_POINT('',#17820);
#5647=VERTEX_POINT('',#17824);
#5648=VERTEX_POINT('',#17826);
#5649=VERTEX_POINT('',#17828);
#5650=VERTEX_POINT('',#17830);
#5651=VERTEX_POINT('',#17834);
#5652=VERTEX_POINT('',#17838);
#5653=VERTEX_POINT('',#17840);
#5654=VERTEX_POINT('',#17844);
#5655=VERTEX_POINT('',#17854);
#5656=VERTEX_POINT('',#17856);
#5657=VERTEX_POINT('',#17860);
#5658=VERTEX_POINT('',#17862);
#5659=VERTEX_POINT('',#17866);
#5660=VERTEX_POINT('',#17867);
#5661=VERTEX_POINT('',#17869);
#5662=VERTEX_POINT('',#17871);
#5663=VERTEX_POINT('',#17875);
#5664=VERTEX_POINT('',#17877);
#5665=VERTEX_POINT('',#17881);
#5666=VERTEX_POINT('',#17883);
#5667=VERTEX_POINT('',#17893);
#5668=VERTEX_POINT('',#17894);
#5669=VERTEX_POINT('',#17896);
#5670=VERTEX_POINT('',#17898);
#5671=VERTEX_POINT('',#17902);
#5672=VERTEX_POINT('',#17903);
#5673=VERTEX_POINT('',#17905);
#5674=VERTEX_POINT('',#17907);
#5675=VERTEX_POINT('',#17911);
#5676=VERTEX_POINT('',#17913);
#5677=VERTEX_POINT('',#17917);
#5678=VERTEX_POINT('',#17919);
#5679=VERTEX_POINT('',#17923);
#5680=VERTEX_POINT('',#17925);
#5681=VERTEX_POINT('',#17932);
#5682=VERTEX_POINT('',#17934);
#5683=VERTEX_POINT('',#17941);
#5684=VERTEX_POINT('',#17942);
#5685=VERTEX_POINT('',#17944);
#5686=VERTEX_POINT('',#17946);
#5687=VERTEX_POINT('',#17950);
#5688=VERTEX_POINT('',#17951);
#5689=VERTEX_POINT('',#17953);
#5690=VERTEX_POINT('',#17955);
#5691=VERTEX_POINT('',#17959);
#5692=VERTEX_POINT('',#17961);
#5693=VERTEX_POINT('',#17965);
#5694=VERTEX_POINT('',#17967);
#5695=VERTEX_POINT('',#17971);
#5696=VERTEX_POINT('',#17973);
#5697=VERTEX_POINT('',#17980);
#5698=VERTEX_POINT('',#17982);
#5699=VERTEX_POINT('',#17989);
#5700=VERTEX_POINT('',#17991);
#5701=VERTEX_POINT('',#17996);
#5702=VERTEX_POINT('',#17998);
#5703=VERTEX_POINT('',#18003);
#5704=VERTEX_POINT('',#18005);
#5705=VERTEX_POINT('',#18010);
#5706=VERTEX_POINT('',#18012);
#5707=VERTEX_POINT('',#18017);
#5708=VERTEX_POINT('',#18019);
#5709=VERTEX_POINT('',#18024);
#5710=VERTEX_POINT('',#18026);
#5711=VERTEX_POINT('',#18031);
#5712=VERTEX_POINT('',#18032);
#5713=VERTEX_POINT('',#18034);
#5714=VERTEX_POINT('',#18036);
#5715=VERTEX_POINT('',#18040);
#5716=VERTEX_POINT('',#18042);
#5717=VERTEX_POINT('',#18046);
#5718=VERTEX_POINT('',#18048);
#5719=VERTEX_POINT('',#18052);
#5720=VERTEX_POINT('',#18054);
#5721=VERTEX_POINT('',#18056);
#5722=VERTEX_POINT('',#18058);
#5723=VERTEX_POINT('',#18062);
#5724=VERTEX_POINT('',#18066);
#5725=VERTEX_POINT('',#18068);
#5726=VERTEX_POINT('',#18072);
#5727=VERTEX_POINT('',#18082);
#5728=VERTEX_POINT('',#18084);
#5729=VERTEX_POINT('',#18088);
#5730=VERTEX_POINT('',#18090);
#5731=VERTEX_POINT('',#18094);
#5732=VERTEX_POINT('',#18095);
#5733=VERTEX_POINT('',#18097);
#5734=VERTEX_POINT('',#18099);
#5735=VERTEX_POINT('',#18103);
#5736=VERTEX_POINT('',#18105);
#5737=VERTEX_POINT('',#18109);
#5738=VERTEX_POINT('',#18111);
#5739=VERTEX_POINT('',#18132);
#5740=VERTEX_POINT('',#18134);
#5741=VERTEX_POINT('',#18141);
#5742=VERTEX_POINT('',#18143);
#5743=VERTEX_POINT('',#18147);
#5744=VERTEX_POINT('',#18149);
#5745=VERTEX_POINT('',#18156);
#5746=VERTEX_POINT('',#18158);
#5747=VERTEX_POINT('',#18162);
#5748=VERTEX_POINT('',#18164);
#5749=VERTEX_POINT('',#18171);
#5750=VERTEX_POINT('',#18173);
#5751=VERTEX_POINT('',#18180);
#5752=VERTEX_POINT('',#18182);
#5753=VERTEX_POINT('',#18186);
#5754=VERTEX_POINT('',#18188);
#5755=VERTEX_POINT('',#18193);
#5756=VERTEX_POINT('',#18194);
#5757=VERTEX_POINT('',#18196);
#5758=VERTEX_POINT('',#18198);
#5759=VERTEX_POINT('',#18202);
#5760=VERTEX_POINT('',#18204);
#5761=VERTEX_POINT('',#18208);
#5762=VERTEX_POINT('',#18210);
#5763=VERTEX_POINT('',#18220);
#5764=VERTEX_POINT('',#18221);
#5765=VERTEX_POINT('',#18223);
#5766=VERTEX_POINT('',#18225);
#5767=VERTEX_POINT('',#18229);
#5768=VERTEX_POINT('',#18231);
#5769=VERTEX_POINT('',#18235);
#5770=VERTEX_POINT('',#18237);
#5771=VERTEX_POINT('',#18244);
#5772=VERTEX_POINT('',#18246);
#5773=VERTEX_POINT('',#18251);
#5774=VERTEX_POINT('',#18253);
#5775=VERTEX_POINT('',#18258);
#5776=VERTEX_POINT('',#18260);
#5777=VERTEX_POINT('',#18265);
#5778=VERTEX_POINT('',#18267);
#5779=VERTEX_POINT('',#18272);
#5780=VERTEX_POINT('',#18273);
#5781=VERTEX_POINT('',#18275);
#5782=VERTEX_POINT('',#18277);
#5783=VERTEX_POINT('',#18281);
#5784=VERTEX_POINT('',#18283);
#5785=VERTEX_POINT('',#18285);
#5786=VERTEX_POINT('',#18287);
#5787=VERTEX_POINT('',#18291);
#5788=VERTEX_POINT('',#18295);
#5789=VERTEX_POINT('',#18297);
#5790=VERTEX_POINT('',#18301);
#5791=VERTEX_POINT('',#18311);
#5792=VERTEX_POINT('',#18313);
#5793=VERTEX_POINT('',#18317);
#5794=VERTEX_POINT('',#18319);
#5795=VERTEX_POINT('',#18326);
#5796=VERTEX_POINT('',#18328);
#5797=VERTEX_POINT('',#18332);
#5798=VERTEX_POINT('',#18334);
#5799=VERTEX_POINT('',#18341);
#5800=VERTEX_POINT('',#18342);
#5801=VERTEX_POINT('',#18344);
#5802=VERTEX_POINT('',#18346);
#5803=VERTEX_POINT('',#18350);
#5804=VERTEX_POINT('',#18352);
#5805=VERTEX_POINT('',#18356);
#5806=VERTEX_POINT('',#18358);
#5807=VERTEX_POINT('',#18378);
#5808=VERTEX_POINT('',#18380);
#5809=VERTEX_POINT('',#18384);
#5810=VERTEX_POINT('',#18386);
#5811=VERTEX_POINT('',#18390);
#5812=VERTEX_POINT('',#18391);
#5813=VERTEX_POINT('',#18393);
#5814=VERTEX_POINT('',#18395);
#5815=VERTEX_POINT('',#18399);
#5816=VERTEX_POINT('',#18400);
#5817=VERTEX_POINT('',#18405);
#5818=VERTEX_POINT('',#18407);
#5819=VERTEX_POINT('',#18409);
#5820=VERTEX_POINT('',#18411);
#5821=VERTEX_POINT('',#18413);
#5822=VERTEX_POINT('',#18417);
#5823=VERTEX_POINT('',#18421);
#5824=VERTEX_POINT('',#18423);
#5825=VERTEX_POINT('',#18429);
#5826=VERTEX_POINT('',#18433);
#5827=VERTEX_POINT('',#18441);
#5828=VERTEX_POINT('',#18442);
#5829=VERTEX_POINT('',#18444);
#5830=VERTEX_POINT('',#18446);
#5831=VERTEX_POINT('',#18450);
#5832=VERTEX_POINT('',#18452);
#5833=VERTEX_POINT('',#18456);
#5834=VERTEX_POINT('',#18458);
#5835=VERTEX_POINT('',#18468);
#5836=VERTEX_POINT('',#18469);
#5837=VERTEX_POINT('',#18471);
#5838=VERTEX_POINT('',#18473);
#5839=VERTEX_POINT('',#18477);
#5840=VERTEX_POINT('',#18479);
#5841=VERTEX_POINT('',#18483);
#5842=VERTEX_POINT('',#18485);
#5843=VERTEX_POINT('',#18493);
#5844=VERTEX_POINT('',#18494);
#5845=VERTEX_POINT('',#18496);
#5846=VERTEX_POINT('',#18498);
#5847=VERTEX_POINT('',#18502);
#5848=VERTEX_POINT('',#18504);
#5849=VERTEX_POINT('',#18508);
#5850=VERTEX_POINT('',#18510);
#5851=VERTEX_POINT('',#18524);
#5852=VERTEX_POINT('',#18525);
#5853=VERTEX_POINT('',#18527);
#5854=VERTEX_POINT('',#18529);
#5855=VERTEX_POINT('',#18533);
#5856=VERTEX_POINT('',#18535);
#5857=VERTEX_POINT('',#18539);
#5858=VERTEX_POINT('',#18541);
#5859=VERTEX_POINT('',#18551);
#5860=VERTEX_POINT('',#18552);
#5861=VERTEX_POINT('',#18554);
#5862=VERTEX_POINT('',#18556);
#5863=VERTEX_POINT('',#18560);
#5864=VERTEX_POINT('',#18562);
#5865=VERTEX_POINT('',#18566);
#5866=VERTEX_POINT('',#18568);
#5867=VERTEX_POINT('',#18578);
#5868=VERTEX_POINT('',#18579);
#5869=VERTEX_POINT('',#18581);
#5870=VERTEX_POINT('',#18583);
#5871=VERTEX_POINT('',#18587);
#5872=VERTEX_POINT('',#18589);
#5873=VERTEX_POINT('',#18593);
#5874=VERTEX_POINT('',#18595);
#5875=VERTEX_POINT('',#18605);
#5876=VERTEX_POINT('',#18606);
#5877=VERTEX_POINT('',#18608);
#5878=VERTEX_POINT('',#18610);
#5879=VERTEX_POINT('',#18614);
#5880=VERTEX_POINT('',#18616);
#5881=VERTEX_POINT('',#18620);
#5882=VERTEX_POINT('',#18622);
#5883=VERTEX_POINT('',#18632);
#5884=VERTEX_POINT('',#18633);
#5885=VERTEX_POINT('',#18635);
#5886=VERTEX_POINT('',#18637);
#5887=VERTEX_POINT('',#18641);
#5888=VERTEX_POINT('',#18643);
#5889=VERTEX_POINT('',#18647);
#5890=VERTEX_POINT('',#18649);
#5891=VERTEX_POINT('',#18659);
#5892=VERTEX_POINT('',#18661);
#5893=VERTEX_POINT('',#18665);
#5894=VERTEX_POINT('',#18667);
#5895=VERTEX_POINT('',#18671);
#5896=VERTEX_POINT('',#18673);
#5897=VERTEX_POINT('',#18677);
#5898=VERTEX_POINT('',#18679);
#5899=VERTEX_POINT('',#18683);
#5900=VERTEX_POINT('',#18684);
#5901=VERTEX_POINT('',#18686);
#5902=VERTEX_POINT('',#18688);
#5903=VERTEX_POINT('',#18692);
#5904=VERTEX_POINT('',#18694);
#5905=VERTEX_POINT('',#18698);
#5906=VERTEX_POINT('',#18700);
#5907=VERTEX_POINT('',#18709);
#5908=VERTEX_POINT('',#18710);
#5909=VERTEX_POINT('',#18712);
#5910=VERTEX_POINT('',#18714);
#5911=VERTEX_POINT('',#18718);
#5912=VERTEX_POINT('',#18720);
#5913=VERTEX_POINT('',#18724);
#5914=VERTEX_POINT('',#18726);
#5915=VERTEX_POINT('',#18735);
#5916=VERTEX_POINT('',#18736);
#5917=VERTEX_POINT('',#18738);
#5918=VERTEX_POINT('',#18740);
#5919=VERTEX_POINT('',#18744);
#5920=VERTEX_POINT('',#18746);
#5921=VERTEX_POINT('',#18750);
#5922=VERTEX_POINT('',#18752);
#5923=VERTEX_POINT('',#18761);
#5924=VERTEX_POINT('',#18762);
#5925=VERTEX_POINT('',#18764);
#5926=VERTEX_POINT('',#18766);
#5927=VERTEX_POINT('',#18770);
#5928=VERTEX_POINT('',#18772);
#5929=VERTEX_POINT('',#18776);
#5930=VERTEX_POINT('',#18778);
#5931=VERTEX_POINT('',#18788);
#5932=VERTEX_POINT('',#18790);
#5933=VERTEX_POINT('',#18794);
#5934=VERTEX_POINT('',#18796);
#5935=VERTEX_POINT('',#18800);
#5936=VERTEX_POINT('',#18801);
#5937=VERTEX_POINT('',#18803);
#5938=VERTEX_POINT('',#18805);
#5939=VERTEX_POINT('',#18809);
#5940=VERTEX_POINT('',#18811);
#5941=VERTEX_POINT('',#18815);
#5942=VERTEX_POINT('',#18817);
#5943=VERTEX_POINT('',#18837);
#5944=VERTEX_POINT('',#18839);
#5945=VERTEX_POINT('',#18843);
#5946=VERTEX_POINT('',#18845);
#5947=VERTEX_POINT('',#18849);
#5948=VERTEX_POINT('',#18851);
#5949=VERTEX_POINT('',#18855);
#5950=VERTEX_POINT('',#18857);
#5951=VERTEX_POINT('',#18861);
#5952=VERTEX_POINT('',#18862);
#5953=VERTEX_POINT('',#18864);
#5954=VERTEX_POINT('',#18866);
#5955=VERTEX_POINT('',#18870);
#5956=VERTEX_POINT('',#18872);
#5957=VERTEX_POINT('',#18876);
#5958=VERTEX_POINT('',#18878);
#5959=VERTEX_POINT('',#18890);
#5960=VERTEX_POINT('',#18892);
#5961=VERTEX_POINT('',#18896);
#5962=VERTEX_POINT('',#18898);
#5963=VERTEX_POINT('',#18902);
#5964=VERTEX_POINT('',#18904);
#5965=VERTEX_POINT('',#18908);
#5966=VERTEX_POINT('',#18910);
#5967=VERTEX_POINT('',#18914);
#5968=VERTEX_POINT('',#18915);
#5969=VERTEX_POINT('',#18917);
#5970=VERTEX_POINT('',#18919);
#5971=VERTEX_POINT('',#18923);
#5972=VERTEX_POINT('',#18925);
#5973=VERTEX_POINT('',#18929);
#5974=VERTEX_POINT('',#18931);
#5975=VERTEX_POINT('',#18938);
#5976=VERTEX_POINT('',#18939);
#5977=VERTEX_POINT('',#18941);
#5978=VERTEX_POINT('',#18943);
#5979=VERTEX_POINT('',#18947);
#5980=VERTEX_POINT('',#18949);
#5981=VERTEX_POINT('',#18953);
#5982=VERTEX_POINT('',#18955);
#5983=VERTEX_POINT('',#18962);
#5984=VERTEX_POINT('',#18963);
#5985=VERTEX_POINT('',#18965);
#5986=VERTEX_POINT('',#18967);
#5987=VERTEX_POINT('',#18971);
#5988=VERTEX_POINT('',#18973);
#5989=VERTEX_POINT('',#18977);
#5990=VERTEX_POINT('',#18979);
#5991=VERTEX_POINT('',#18988);
#5992=VERTEX_POINT('',#18989);
#5993=VERTEX_POINT('',#18991);
#5994=VERTEX_POINT('',#18993);
#5995=VERTEX_POINT('',#18997);
#5996=VERTEX_POINT('',#18999);
#5997=VERTEX_POINT('',#19003);
#5998=VERTEX_POINT('',#19005);
#5999=VERTEX_POINT('',#19014);
#6000=VERTEX_POINT('',#19015);
#6001=VERTEX_POINT('',#19017);
#6002=VERTEX_POINT('',#19019);
#6003=VERTEX_POINT('',#19023);
#6004=VERTEX_POINT('',#19024);
#6005=VERTEX_POINT('',#19026);
#6006=VERTEX_POINT('',#19028);
#6007=VERTEX_POINT('',#19041);
#6008=VERTEX_POINT('',#19043);
#6009=VERTEX_POINT('',#19048);
#6010=VERTEX_POINT('',#19050);
#6011=VERTEX_POINT('',#19055);
#6012=VERTEX_POINT('',#19057);
#6013=VERTEX_POINT('',#19064);
#6014=VERTEX_POINT('',#19066);
#6015=VERTEX_POINT('',#19071);
#6016=VERTEX_POINT('',#19073);
#6017=VERTEX_POINT('',#19078);
#6018=VERTEX_POINT('',#19080);
#6019=VERTEX_POINT('',#19087);
#6020=VERTEX_POINT('',#19089);
#6021=VERTEX_POINT('',#19094);
#6022=VERTEX_POINT('',#19096);
#6023=VERTEX_POINT('',#19101);
#6024=VERTEX_POINT('',#19103);
#6025=VERTEX_POINT('',#19110);
#6026=VERTEX_POINT('',#19112);
#6027=VERTEX_POINT('',#19117);
#6028=VERTEX_POINT('',#19119);
#6029=VERTEX_POINT('',#19124);
#6030=VERTEX_POINT('',#19126);
#6031=VERTEX_POINT('',#19133);
#6032=VERTEX_POINT('',#19135);
#6033=VERTEX_POINT('',#19140);
#6034=VERTEX_POINT('',#19142);
#6035=VERTEX_POINT('',#19147);
#6036=VERTEX_POINT('',#19149);
#6037=VERTEX_POINT('',#19156);
#6038=VERTEX_POINT('',#19158);
#6039=VERTEX_POINT('',#19163);
#6040=VERTEX_POINT('',#19165);
#6041=VERTEX_POINT('',#19170);
#6042=VERTEX_POINT('',#19172);
#6043=VERTEX_POINT('',#19179);
#6044=VERTEX_POINT('',#19181);
#6045=VERTEX_POINT('',#19185);
#6046=VERTEX_POINT('',#19187);
#6047=VERTEX_POINT('',#19191);
#6048=VERTEX_POINT('',#19192);
#6049=VERTEX_POINT('',#19194);
#6050=VERTEX_POINT('',#19196);
#6051=VERTEX_POINT('',#19200);
#6052=VERTEX_POINT('',#19202);
#6053=VERTEX_POINT('',#19206);
#6054=VERTEX_POINT('',#19208);
#6055=VERTEX_POINT('',#19212);
#6056=VERTEX_POINT('',#19214);
#6057=VERTEX_POINT('',#19216);
#6058=VERTEX_POINT('',#19218);
#6059=VERTEX_POINT('',#19222);
#6060=VERTEX_POINT('',#19226);
#6061=VERTEX_POINT('',#19227);
#6062=VERTEX_POINT('',#19229);
#6063=VERTEX_POINT('',#19231);
#6064=VERTEX_POINT('',#19235);
#6065=VERTEX_POINT('',#19237);
#6066=VERTEX_POINT('',#19241);
#6067=VERTEX_POINT('',#19243);
#6068=VERTEX_POINT('',#19251);
#6069=VERTEX_POINT('',#19253);
#6070=VERTEX_POINT('',#19258);
#6071=VERTEX_POINT('',#19267);
#6072=VERTEX_POINT('',#19269);
#6073=VERTEX_POINT('',#19273);
#6074=VERTEX_POINT('',#19275);
#6075=VERTEX_POINT('',#19279);
#6076=VERTEX_POINT('',#19280);
#6077=VERTEX_POINT('',#19282);
#6078=VERTEX_POINT('',#19284);
#6079=VERTEX_POINT('',#19288);
#6080=VERTEX_POINT('',#19289);
#6081=VERTEX_POINT('',#19291);
#6082=VERTEX_POINT('',#19293);
#6083=VERTEX_POINT('',#19300);
#6084=VERTEX_POINT('',#19302);
#6085=VERTEX_POINT('',#19304);
#6086=VERTEX_POINT('',#19306);
#6087=VERTEX_POINT('',#19310);
#6088=VERTEX_POINT('',#19314);
#6089=VERTEX_POINT('',#19318);
#6090=VERTEX_POINT('',#19319);
#6091=VERTEX_POINT('',#19321);
#6092=VERTEX_POINT('',#19323);
#6093=VERTEX_POINT('',#19327);
#6094=VERTEX_POINT('',#19329);
#6095=VERTEX_POINT('',#19333);
#6096=VERTEX_POINT('',#19335);
#6097=VERTEX_POINT('',#19343);
#6098=VERTEX_POINT('',#19347);
#6099=VERTEX_POINT('',#19355);
#6100=VERTEX_POINT('',#19357);
#6101=VERTEX_POINT('',#19361);
#6102=VERTEX_POINT('',#19363);
#6103=VERTEX_POINT('',#19367);
#6104=VERTEX_POINT('',#19368);
#6105=VERTEX_POINT('',#19370);
#6106=VERTEX_POINT('',#19372);
#6107=VERTEX_POINT('',#19376);
#6108=VERTEX_POINT('',#19377);
#6109=VERTEX_POINT('',#19379);
#6110=VERTEX_POINT('',#19381);
#6111=VERTEX_POINT('',#19388);
#6112=VERTEX_POINT('',#19390);
#6113=VERTEX_POINT('',#19392);
#6114=VERTEX_POINT('',#19394);
#6115=VERTEX_POINT('',#19398);
#6116=VERTEX_POINT('',#19402);
#6117=VERTEX_POINT('',#19406);
#6118=VERTEX_POINT('',#19407);
#6119=VERTEX_POINT('',#19409);
#6120=VERTEX_POINT('',#19411);
#6121=VERTEX_POINT('',#19415);
#6122=VERTEX_POINT('',#19417);
#6123=VERTEX_POINT('',#19421);
#6124=VERTEX_POINT('',#19423);
#6125=VERTEX_POINT('',#19431);
#6126=VERTEX_POINT('',#19435);
#6127=VERTEX_POINT('',#19443);
#6128=VERTEX_POINT('',#19445);
#6129=VERTEX_POINT('',#19449);
#6130=VERTEX_POINT('',#19451);
#6131=VERTEX_POINT('',#19455);
#6132=VERTEX_POINT('',#19456);
#6133=VERTEX_POINT('',#19458);
#6134=VERTEX_POINT('',#19460);
#6135=VERTEX_POINT('',#19464);
#6136=VERTEX_POINT('',#19466);
#6137=VERTEX_POINT('',#19470);
#6138=VERTEX_POINT('',#19472);
#6139=VERTEX_POINT('',#19476);
#6140=VERTEX_POINT('',#19478);
#6141=VERTEX_POINT('',#19480);
#6142=VERTEX_POINT('',#19482);
#6143=VERTEX_POINT('',#19486);
#6144=VERTEX_POINT('',#19490);
#6145=VERTEX_POINT('',#19491);
#6146=VERTEX_POINT('',#19493);
#6147=VERTEX_POINT('',#19495);
#6148=VERTEX_POINT('',#19499);
#6149=VERTEX_POINT('',#19501);
#6150=VERTEX_POINT('',#19505);
#6151=VERTEX_POINT('',#19507);
#6152=VERTEX_POINT('',#19515);
#6153=VERTEX_POINT('',#19517);
#6154=VERTEX_POINT('',#19522);
#6155=VERTEX_POINT('',#19531);
#6156=VERTEX_POINT('',#19533);
#6157=VERTEX_POINT('',#19537);
#6158=VERTEX_POINT('',#19539);
#6159=VERTEX_POINT('',#19543);
#6160=VERTEX_POINT('',#19544);
#6161=VERTEX_POINT('',#19546);
#6162=VERTEX_POINT('',#19548);
#6163=VERTEX_POINT('',#19552);
#6164=VERTEX_POINT('',#19553);
#6165=VERTEX_POINT('',#19555);
#6166=VERTEX_POINT('',#19557);
#6167=VERTEX_POINT('',#19564);
#6168=VERTEX_POINT('',#19566);
#6169=VERTEX_POINT('',#19568);
#6170=VERTEX_POINT('',#19570);
#6171=VERTEX_POINT('',#19574);
#6172=VERTEX_POINT('',#19578);
#6173=VERTEX_POINT('',#19582);
#6174=VERTEX_POINT('',#19583);
#6175=VERTEX_POINT('',#19585);
#6176=VERTEX_POINT('',#19587);
#6177=VERTEX_POINT('',#19591);
#6178=VERTEX_POINT('',#19593);
#6179=VERTEX_POINT('',#19597);
#6180=VERTEX_POINT('',#19599);
#6181=VERTEX_POINT('',#19607);
#6182=VERTEX_POINT('',#19611);
#6183=VERTEX_POINT('',#19619);
#6184=VERTEX_POINT('',#19621);
#6185=VERTEX_POINT('',#19625);
#6186=VERTEX_POINT('',#19627);
#6187=VERTEX_POINT('',#19631);
#6188=VERTEX_POINT('',#19633);
#6189=VERTEX_POINT('',#19638);
#6190=VERTEX_POINT('',#19640);
#6191=VERTEX_POINT('',#19645);
#6192=VERTEX_POINT('',#19647);
#6193=VERTEX_POINT('',#19652);
#6194=VERTEX_POINT('',#19654);
#6195=VERTEX_POINT('',#19659);
#6196=VERTEX_POINT('',#19660);
#6197=VERTEX_POINT('',#19662);
#6198=VERTEX_POINT('',#19664);
#6199=VERTEX_POINT('',#19668);
#6200=VERTEX_POINT('',#19670);
#6201=VERTEX_POINT('',#19674);
#6202=VERTEX_POINT('',#19676);
#6203=VERTEX_POINT('',#19683);
#6204=VERTEX_POINT('',#19685);
#6205=VERTEX_POINT('',#19690);
#6206=VERTEX_POINT('',#19692);
#6207=VERTEX_POINT('',#19697);
#6208=VERTEX_POINT('',#19699);
#6209=VERTEX_POINT('',#19704);
#6210=VERTEX_POINT('',#19706);
#6211=VERTEX_POINT('',#19711);
#6212=VERTEX_POINT('',#19712);
#6213=VERTEX_POINT('',#19714);
#6214=VERTEX_POINT('',#19716);
#6215=VERTEX_POINT('',#19720);
#6216=VERTEX_POINT('',#19722);
#6217=VERTEX_POINT('',#19726);
#6218=VERTEX_POINT('',#19728);
#6219=VERTEX_POINT('',#19738);
#6220=VERTEX_POINT('',#19740);
#6221=VERTEX_POINT('',#19744);
#6222=VERTEX_POINT('',#19746);
#6223=VERTEX_POINT('',#19750);
#6224=VERTEX_POINT('',#19752);
#6225=VERTEX_POINT('',#19756);
#6226=VERTEX_POINT('',#19758);
#6227=VERTEX_POINT('',#19762);
#6228=VERTEX_POINT('',#19763);
#6229=VERTEX_POINT('',#19765);
#6230=VERTEX_POINT('',#19767);
#6231=VERTEX_POINT('',#19771);
#6232=VERTEX_POINT('',#19773);
#6233=VERTEX_POINT('',#19777);
#6234=VERTEX_POINT('',#19779);
#6235=EDGE_CURVE('',#5287,#5287,#4967,.T.);
#6236=EDGE_CURVE('',#5287,#5288,#2819,.T.);
#6237=EDGE_CURVE('',#5288,#5288,#4968,.T.);
#6238=EDGE_CURVE('',#5289,#5289,#4969,.T.);
#6239=EDGE_CURVE('',#5289,#5290,#2820,.T.);
#6240=EDGE_CURVE('',#5290,#5290,#4970,.T.);
#6241=EDGE_CURVE('',#5291,#5291,#4971,.T.);
#6242=EDGE_CURVE('',#5291,#5292,#2821,.T.);
#6243=EDGE_CURVE('',#5292,#5292,#4972,.T.);
#6244=EDGE_CURVE('',#5293,#5293,#4973,.T.);
#6245=EDGE_CURVE('',#5293,#5294,#2822,.T.);
#6246=EDGE_CURVE('',#5294,#5294,#4974,.T.);
#6247=EDGE_CURVE('',#5295,#5295,#4975,.T.);
#6248=EDGE_CURVE('',#5295,#5296,#2823,.T.);
#6249=EDGE_CURVE('',#5296,#5296,#4976,.T.);
#6250=EDGE_CURVE('',#5297,#5297,#4977,.T.);
#6251=EDGE_CURVE('',#5297,#5298,#2824,.T.);
#6252=EDGE_CURVE('',#5298,#5298,#4978,.T.);
#6253=EDGE_CURVE('',#5299,#5299,#4979,.T.);
#6254=EDGE_CURVE('',#5299,#5300,#2825,.T.);
#6255=EDGE_CURVE('',#5300,#5300,#4980,.T.);
#6256=EDGE_CURVE('',#5301,#5301,#4981,.T.);
#6257=EDGE_CURVE('',#5301,#5302,#2826,.T.);
#6258=EDGE_CURVE('',#5302,#5302,#4982,.T.);
#6259=EDGE_CURVE('',#5303,#5303,#4983,.T.);
#6260=EDGE_CURVE('',#5303,#5304,#2827,.T.);
#6261=EDGE_CURVE('',#5304,#5304,#4984,.T.);
#6262=EDGE_CURVE('',#5305,#5305,#4985,.T.);
#6263=EDGE_CURVE('',#5305,#5306,#2828,.T.);
#6264=EDGE_CURVE('',#5306,#5306,#4986,.T.);
#6265=EDGE_CURVE('',#5307,#5307,#4987,.T.);
#6266=EDGE_CURVE('',#5307,#5308,#2829,.T.);
#6267=EDGE_CURVE('',#5308,#5308,#4988,.T.);
#6268=EDGE_CURVE('',#5309,#5309,#4989,.T.);
#6269=EDGE_CURVE('',#5309,#5310,#2830,.T.);
#6270=EDGE_CURVE('',#5310,#5310,#4990,.T.);
#6271=EDGE_CURVE('',#5311,#5312,#2831,.T.);
#6272=EDGE_CURVE('',#5313,#5311,#2832,.T.);
#6273=EDGE_CURVE('',#5314,#5313,#2833,.T.);
#6274=EDGE_CURVE('',#5314,#5312,#2834,.T.);
#6275=EDGE_CURVE('',#5315,#5316,#2835,.T.);
#6276=EDGE_CURVE('',#5315,#5317,#2836,.T.);
#6277=EDGE_CURVE('',#5318,#5317,#2837,.T.);
#6278=EDGE_CURVE('',#5316,#5318,#2838,.T.);
#6279=EDGE_CURVE('',#5317,#5311,#2839,.T.);
#6280=EDGE_CURVE('',#5313,#5315,#2840,.T.);
#6281=EDGE_CURVE('',#5316,#5314,#2841,.T.);
#6282=EDGE_CURVE('',#5312,#5318,#2842,.T.);
#6283=EDGE_CURVE('',#5319,#5320,#2843,.T.);
#6284=EDGE_CURVE('',#5321,#5319,#2844,.T.);
#6285=EDGE_CURVE('',#5322,#5321,#2845,.T.);
#6286=EDGE_CURVE('',#5322,#5320,#2846,.T.);
#6287=EDGE_CURVE('',#5323,#5324,#2847,.T.);
#6288=EDGE_CURVE('',#5323,#5325,#2848,.T.);
#6289=EDGE_CURVE('',#5326,#5325,#2849,.T.);
#6290=EDGE_CURVE('',#5324,#5326,#2850,.T.);
#6291=EDGE_CURVE('',#5325,#5319,#2851,.T.);
#6292=EDGE_CURVE('',#5321,#5323,#2852,.T.);
#6293=EDGE_CURVE('',#5324,#5322,#2853,.T.);
#6294=EDGE_CURVE('',#5320,#5326,#2854,.T.);
#6295=EDGE_CURVE('',#5327,#5328,#2855,.T.);
#6296=EDGE_CURVE('',#5329,#5327,#2856,.T.);
#6297=EDGE_CURVE('',#5330,#5329,#2857,.T.);
#6298=EDGE_CURVE('',#5330,#5328,#2858,.T.);
#6299=EDGE_CURVE('',#5331,#5332,#2859,.T.);
#6300=EDGE_CURVE('',#5331,#5333,#2860,.T.);
#6301=EDGE_CURVE('',#5334,#5333,#2861,.T.);
#6302=EDGE_CURVE('',#5332,#5334,#2862,.T.);
#6303=EDGE_CURVE('',#5333,#5327,#2863,.T.);
#6304=EDGE_CURVE('',#5329,#5331,#2864,.T.);
#6305=EDGE_CURVE('',#5332,#5330,#2865,.T.);
#6306=EDGE_CURVE('',#5328,#5334,#2866,.T.);
#6307=EDGE_CURVE('',#5335,#5336,#2867,.T.);
#6308=EDGE_CURVE('',#5337,#5335,#2868,.T.);
#6309=EDGE_CURVE('',#5338,#5337,#2869,.T.);
#6310=EDGE_CURVE('',#5338,#5336,#2870,.T.);
#6311=EDGE_CURVE('',#5339,#5340,#2871,.T.);
#6312=EDGE_CURVE('',#5339,#5341,#2872,.T.);
#6313=EDGE_CURVE('',#5342,#5341,#2873,.T.);
#6314=EDGE_CURVE('',#5340,#5342,#2874,.T.);
#6315=EDGE_CURVE('',#5341,#5335,#2875,.T.);
#6316=EDGE_CURVE('',#5337,#5339,#2876,.T.);
#6317=EDGE_CURVE('',#5340,#5338,#2877,.T.);
#6318=EDGE_CURVE('',#5336,#5342,#2878,.T.);
#6319=EDGE_CURVE('',#5343,#5343,#4991,.T.);
#6320=EDGE_CURVE('',#5343,#5344,#2879,.T.);
#6321=EDGE_CURVE('',#5344,#5344,#4992,.T.);
#6322=EDGE_CURVE('',#5345,#5345,#4993,.T.);
#6323=EDGE_CURVE('',#5345,#5346,#2880,.T.);
#6324=EDGE_CURVE('',#5346,#5346,#4994,.T.);
#6325=EDGE_CURVE('',#5347,#5347,#4995,.T.);
#6326=EDGE_CURVE('',#5347,#5348,#2881,.T.);
#6327=EDGE_CURVE('',#5348,#5348,#4996,.T.);
#6328=EDGE_CURVE('',#5349,#5349,#4997,.T.);
#6329=EDGE_CURVE('',#5349,#5350,#2882,.T.);
#6330=EDGE_CURVE('',#5350,#5350,#4998,.T.);
#6331=EDGE_CURVE('',#5351,#5351,#4999,.T.);
#6332=EDGE_CURVE('',#5351,#5352,#2883,.T.);
#6333=EDGE_CURVE('',#5352,#5352,#5000,.T.);
#6334=EDGE_CURVE('',#5353,#5353,#5001,.T.);
#6335=EDGE_CURVE('',#5353,#5354,#2884,.T.);
#6336=EDGE_CURVE('',#5354,#5354,#5002,.T.);
#6337=EDGE_CURVE('',#5355,#5355,#5003,.T.);
#6338=EDGE_CURVE('',#5355,#5356,#2885,.T.);
#6339=EDGE_CURVE('',#5356,#5356,#5004,.T.);
#6340=EDGE_CURVE('',#5357,#5357,#5005,.T.);
#6341=EDGE_CURVE('',#5357,#5358,#2886,.T.);
#6342=EDGE_CURVE('',#5358,#5358,#5006,.T.);
#6343=EDGE_CURVE('',#5359,#5359,#5007,.T.);
#6344=EDGE_CURVE('',#5359,#5360,#2887,.T.);
#6345=EDGE_CURVE('',#5360,#5360,#5008,.T.);
#6346=EDGE_CURVE('',#5361,#5361,#5009,.T.);
#6347=EDGE_CURVE('',#5361,#5362,#2888,.T.);
#6348=EDGE_CURVE('',#5362,#5362,#5010,.T.);
#6349=EDGE_CURVE('',#5363,#5363,#5011,.T.);
#6350=EDGE_CURVE('',#5363,#5364,#2889,.T.);
#6351=EDGE_CURVE('',#5364,#5364,#5012,.T.);
#6352=EDGE_CURVE('',#5365,#5365,#5013,.T.);
#6353=EDGE_CURVE('',#5365,#5366,#2890,.T.);
#6354=EDGE_CURVE('',#5366,#5366,#5014,.T.);
#6355=EDGE_CURVE('',#5367,#5367,#5015,.T.);
#6356=EDGE_CURVE('',#5367,#5368,#2891,.T.);
#6357=EDGE_CURVE('',#5368,#5368,#5016,.T.);
#6358=EDGE_CURVE('',#5369,#5369,#5017,.T.);
#6359=EDGE_CURVE('',#5369,#5370,#2892,.T.);
#6360=EDGE_CURVE('',#5370,#5370,#5018,.T.);
#6361=EDGE_CURVE('',#5371,#5371,#5019,.T.);
#6362=EDGE_CURVE('',#5371,#5372,#2893,.T.);
#6363=EDGE_CURVE('',#5372,#5372,#5020,.T.);
#6364=EDGE_CURVE('',#5373,#5373,#5021,.T.);
#6365=EDGE_CURVE('',#5373,#5374,#2894,.T.);
#6366=EDGE_CURVE('',#5374,#5374,#5022,.T.);
#6367=EDGE_CURVE('',#5375,#5375,#5023,.T.);
#6368=EDGE_CURVE('',#5375,#5376,#2895,.T.);
#6369=EDGE_CURVE('',#5376,#5376,#5024,.T.);
#6370=EDGE_CURVE('',#5377,#5377,#5025,.T.);
#6371=EDGE_CURVE('',#5377,#5378,#2896,.T.);
#6372=EDGE_CURVE('',#5378,#5378,#5026,.T.);
#6373=EDGE_CURVE('',#5379,#5379,#5027,.T.);
#6374=EDGE_CURVE('',#5379,#5380,#2897,.T.);
#6375=EDGE_CURVE('',#5380,#5380,#5028,.T.);
#6376=EDGE_CURVE('',#5381,#5381,#5029,.T.);
#6377=EDGE_CURVE('',#5381,#5382,#2898,.T.);
#6378=EDGE_CURVE('',#5382,#5382,#5030,.T.);
#6379=EDGE_CURVE('',#5383,#5383,#5031,.T.);
#6380=EDGE_CURVE('',#5383,#5384,#2899,.T.);
#6381=EDGE_CURVE('',#5384,#5384,#5032,.T.);
#6382=EDGE_CURVE('',#5385,#5385,#5033,.T.);
#6383=EDGE_CURVE('',#5385,#5386,#2900,.T.);
#6384=EDGE_CURVE('',#5386,#5386,#5034,.T.);
#6385=EDGE_CURVE('',#5387,#5388,#2901,.T.);
#6386=EDGE_CURVE('',#5387,#5389,#2902,.T.);
#6387=EDGE_CURVE('',#5390,#5389,#2903,.T.);
#6388=EDGE_CURVE('',#5388,#5390,#2904,.T.);
#6389=EDGE_CURVE('',#5391,#5387,#2905,.T.);
#6390=EDGE_CURVE('',#5391,#5392,#2906,.T.);
#6391=EDGE_CURVE('',#5389,#5392,#2907,.T.);
#6392=EDGE_CURVE('',#5393,#5391,#2908,.T.);
#6393=EDGE_CURVE('',#5394,#5393,#2909,.T.);
#6394=EDGE_CURVE('',#5392,#5394,#2910,.T.);
#6395=EDGE_CURVE('',#5388,#5395,#2911,.T.);
#6396=EDGE_CURVE('',#5395,#5396,#2912,.T.);
#6397=EDGE_CURVE('',#5396,#5397,#2913,.T.);
#6398=EDGE_CURVE('',#5397,#5398,#2914,.T.);
#6399=EDGE_CURVE('',#5398,#5399,#2915,.T.);
#6400=EDGE_CURVE('',#5399,#5400,#2916,.T.);
#6401=EDGE_CURVE('',#5400,#5401,#2917,.T.);
#6402=EDGE_CURVE('',#5401,#5402,#2918,.T.);
#6403=EDGE_CURVE('',#5402,#5393,#2919,.T.);
#6404=EDGE_CURVE('',#5403,#5390,#2920,.T.);
#6405=EDGE_CURVE('',#5403,#5395,#2921,.T.);
#6406=EDGE_CURVE('',#5399,#5404,#2922,.T.);
#6407=EDGE_CURVE('',#5405,#5404,#2923,.T.);
#6408=EDGE_CURVE('',#5400,#5405,#2924,.T.);
#6409=EDGE_CURVE('',#5398,#5406,#2925,.T.);
#6410=EDGE_CURVE('',#5404,#5406,#2926,.T.);
#6411=EDGE_CURVE('',#5407,#5397,#2927,.T.);
#6412=EDGE_CURVE('',#5406,#5407,#2928,.T.);
#6413=EDGE_CURVE('',#5394,#5408,#2929,.T.);
#6414=EDGE_CURVE('',#5408,#5409,#2930,.T.);
#6415=EDGE_CURVE('',#5409,#5405,#2931,.T.);
#6416=EDGE_CURVE('',#5407,#5410,#2932,.T.);
#6417=EDGE_CURVE('',#5410,#5403,#2933,.T.);
#6418=EDGE_CURVE('',#5410,#5396,#2934,.T.);
#6419=EDGE_CURVE('',#5409,#5401,#2935,.T.);
#6420=EDGE_CURVE('',#5408,#5402,#2936,.T.);
#6421=EDGE_CURVE('',#5411,#5411,#5035,.T.);
#6422=EDGE_CURVE('',#5411,#5412,#2937,.T.);
#6423=EDGE_CURVE('',#5412,#5412,#5036,.T.);
#6424=EDGE_CURVE('',#5413,#5413,#5037,.T.);
#6425=EDGE_CURVE('',#5413,#5414,#2938,.T.);
#6426=EDGE_CURVE('',#5414,#5414,#5038,.T.);
#6427=EDGE_CURVE('',#5415,#5416,#2939,.T.);
#6428=EDGE_CURVE('',#5415,#5417,#2940,.T.);
#6429=EDGE_CURVE('',#5418,#5417,#2941,.T.);
#6430=EDGE_CURVE('',#5416,#5418,#2942,.T.);
#6431=EDGE_CURVE('',#5419,#5415,#2943,.T.);
#6432=EDGE_CURVE('',#5419,#5420,#2944,.T.);
#6433=EDGE_CURVE('',#5417,#5420,#2945,.T.);
#6434=EDGE_CURVE('',#5421,#5419,#2946,.T.);
#6435=EDGE_CURVE('',#5422,#5421,#2947,.T.);
#6436=EDGE_CURVE('',#5420,#5422,#2948,.T.);
#6437=EDGE_CURVE('',#5422,#5423,#2949,.T.);
#6438=EDGE_CURVE('',#5423,#5424,#2950,.T.);
#6439=EDGE_CURVE('',#5424,#5425,#2951,.T.);
#6440=EDGE_CURVE('',#5425,#5426,#2952,.T.);
#6441=EDGE_CURVE('',#5426,#5418,#2953,.T.);
#6442=EDGE_CURVE('',#5427,#5421,#2954,.T.);
#6443=EDGE_CURVE('',#5427,#5423,#2955,.T.);
#6444=EDGE_CURVE('',#5428,#5426,#2956,.T.);
#6445=EDGE_CURVE('',#5416,#5428,#2957,.T.);
#6446=EDGE_CURVE('',#5424,#5429,#2958,.T.);
#6447=EDGE_CURVE('',#5429,#5427,#2959,.T.);
#6448=EDGE_CURVE('',#5428,#5430,#2960,.T.);
#6449=EDGE_CURVE('',#5430,#5425,#2961,.T.);
#6450=EDGE_CURVE('',#5430,#5429,#2962,.T.);
#6451=EDGE_CURVE('',#5431,#5431,#5039,.T.);
#6452=EDGE_CURVE('',#5431,#5432,#2963,.T.);
#6453=EDGE_CURVE('',#5432,#5432,#5040,.T.);
#6454=EDGE_CURVE('',#5433,#5433,#5041,.T.);
#6455=EDGE_CURVE('',#5433,#5434,#2964,.T.);
#6456=EDGE_CURVE('',#5434,#5434,#5042,.T.);
#6457=EDGE_CURVE('',#5435,#5436,#2965,.T.);
#6458=EDGE_CURVE('',#5437,#5435,#2966,.T.);
#6459=EDGE_CURVE('',#5438,#5437,#2967,.T.);
#6460=EDGE_CURVE('',#5436,#5438,#2968,.T.);
#6461=EDGE_CURVE('',#5439,#5440,#2969,.T.);
#6462=EDGE_CURVE('',#5441,#5439,#2970,.T.);
#6463=EDGE_CURVE('',#5442,#5441,#2971,.T.);
#6464=EDGE_CURVE('',#5442,#5440,#2972,.T.);
#6465=EDGE_CURVE('',#5440,#5435,#2973,.T.);
#6466=EDGE_CURVE('',#5437,#5442,#2974,.T.);
#6467=EDGE_CURVE('',#5441,#5443,#2975,.T.);
#6468=EDGE_CURVE('',#5443,#5444,#2976,.T.);
#6469=EDGE_CURVE('',#5444,#5445,#2977,.T.);
#6470=EDGE_CURVE('',#5445,#5446,#2978,.T.);
#6471=EDGE_CURVE('',#5446,#5438,#2979,.T.);
#6472=EDGE_CURVE('',#5439,#5447,#2980,.T.);
#6473=EDGE_CURVE('',#5447,#5443,#2981,.T.);
#6474=EDGE_CURVE('',#5446,#5448,#2982,.T.);
#6475=EDGE_CURVE('',#5448,#5436,#2983,.T.);
#6476=EDGE_CURVE('',#5449,#5445,#2984,.T.);
#6477=EDGE_CURVE('',#5448,#5449,#2985,.T.);
#6478=EDGE_CURVE('',#5450,#5444,#2986,.T.);
#6479=EDGE_CURVE('',#5450,#5449,#2987,.T.);
#6480=EDGE_CURVE('',#5447,#5450,#2988,.T.);
#6481=EDGE_CURVE('',#5451,#5452,#2989,.T.);
#6482=EDGE_CURVE('',#5453,#5451,#2990,.T.);
#6483=EDGE_CURVE('',#5454,#5453,#2991,.T.);
#6484=EDGE_CURVE('',#5454,#5452,#2992,.T.);
#6485=EDGE_CURVE('',#5452,#5455,#2993,.T.);
#6486=EDGE_CURVE('',#5456,#5454,#2994,.T.);
#6487=EDGE_CURVE('',#5456,#5455,#2995,.T.);
#6488=EDGE_CURVE('',#5455,#5457,#2996,.T.);
#6489=EDGE_CURVE('',#5458,#5456,#2997,.T.);
#6490=EDGE_CURVE('',#5458,#5457,#2998,.T.);
#6491=EDGE_CURVE('',#5457,#5451,#2999,.T.);
#6492=EDGE_CURVE('',#5453,#5458,#3000,.T.);
#6493=EDGE_CURVE('',#5459,#5459,#5043,.T.);
#6494=EDGE_CURVE('',#5459,#5460,#3001,.T.);
#6495=EDGE_CURVE('',#5460,#5460,#5044,.T.);
#6496=EDGE_CURVE('',#5461,#5461,#5045,.T.);
#6497=EDGE_CURVE('',#5461,#5462,#3002,.T.);
#6498=EDGE_CURVE('',#5462,#5462,#5046,.T.);
#6499=EDGE_CURVE('',#5463,#5463,#5047,.T.);
#6500=EDGE_CURVE('',#5463,#5464,#3003,.T.);
#6501=EDGE_CURVE('',#5464,#5464,#5048,.T.);
#6502=EDGE_CURVE('',#5465,#5465,#5049,.T.);
#6503=EDGE_CURVE('',#5465,#5466,#3004,.T.);
#6504=EDGE_CURVE('',#5466,#5466,#5050,.T.);
#6505=EDGE_CURVE('',#5467,#5467,#5051,.T.);
#6506=EDGE_CURVE('',#5467,#5468,#3005,.T.);
#6507=EDGE_CURVE('',#5468,#5468,#5052,.T.);
#6508=EDGE_CURVE('',#5469,#5469,#5053,.T.);
#6509=EDGE_CURVE('',#5469,#5470,#3006,.T.);
#6510=EDGE_CURVE('',#5470,#5470,#5054,.T.);
#6511=EDGE_CURVE('',#5471,#5472,#3007,.T.);
#6512=EDGE_CURVE('',#5472,#5473,#3008,.T.);
#6513=EDGE_CURVE('',#5474,#5473,#3009,.T.);
#6514=EDGE_CURVE('',#5471,#5474,#3010,.T.);
#6515=EDGE_CURVE('',#5475,#5471,#3011,.T.);
#6516=EDGE_CURVE('',#5476,#5474,#3012,.T.);
#6517=EDGE_CURVE('',#5475,#5476,#3013,.T.);
#6518=EDGE_CURVE('',#5477,#5475,#3014,.T.);
#6519=EDGE_CURVE('',#5478,#5476,#3015,.T.);
#6520=EDGE_CURVE('',#5477,#5478,#3016,.T.);
#6521=EDGE_CURVE('',#5472,#5477,#3017,.T.);
#6522=EDGE_CURVE('',#5473,#5478,#3018,.T.);
#6523=EDGE_CURVE('',#5479,#5480,#3019,.T.);
#6524=EDGE_CURVE('',#5480,#5479,#5055,.T.);
#6525=EDGE_CURVE('',#5480,#5479,#275,.T.);
#6526=EDGE_CURVE('',#5481,#5482,#3020,.T.);
#6527=EDGE_CURVE('',#5481,#5483,#3021,.T.);
#6528=EDGE_CURVE('',#5483,#5484,#3022,.T.);
#6529=EDGE_CURVE('',#5482,#5484,#3023,.T.);
#6530=EDGE_CURVE('',#5485,#5485,#5056,.T.);
#6531=EDGE_CURVE('',#5486,#5486,#5057,.T.);
#6532=EDGE_CURVE('',#5487,#5481,#3024,.T.);
#6533=EDGE_CURVE('',#5487,#5488,#3025,.T.);
#6534=EDGE_CURVE('',#5488,#5483,#3026,.T.);
#6535=EDGE_CURVE('',#5482,#5487,#3027,.T.);
#6536=EDGE_CURVE('',#5484,#5488,#3028,.T.);
#6537=EDGE_CURVE('',#5489,#5489,#5058,.T.);
#6538=EDGE_CURVE('',#5489,#5485,#3029,.T.);
#6539=EDGE_CURVE('',#5490,#5490,#5059,.T.);
#6540=EDGE_CURVE('',#5490,#5486,#3030,.T.);
#6541=EDGE_CURVE('',#5491,#5492,#3031,.T.);
#6542=EDGE_CURVE('',#5491,#5493,#3032,.T.);
#6543=EDGE_CURVE('',#5494,#5493,#3033,.T.);
#6544=EDGE_CURVE('',#5492,#5494,#3034,.T.);
#6545=EDGE_CURVE('',#5492,#5495,#3035,.T.);
#6546=EDGE_CURVE('',#5496,#5494,#3036,.T.);
#6547=EDGE_CURVE('',#5495,#5496,#3037,.T.);
#6548=EDGE_CURVE('',#5495,#5491,#3038,.T.);
#6549=EDGE_CURVE('',#5493,#5496,#3039,.T.);
#6550=EDGE_CURVE('',#5497,#5498,#3040,.T.);
#6551=EDGE_CURVE('',#5498,#5497,#5060,.T.);
#6552=EDGE_CURVE('',#5498,#5497,#276,.T.);
#6553=EDGE_CURVE('',#5499,#5500,#3041,.T.);
#6554=EDGE_CURVE('',#5499,#5501,#3042,.T.);
#6555=EDGE_CURVE('',#5501,#5502,#3043,.T.);
#6556=EDGE_CURVE('',#5500,#5502,#3044,.T.);
#6557=EDGE_CURVE('',#5503,#5499,#3045,.T.);
#6558=EDGE_CURVE('',#5503,#5504,#3046,.T.);
#6559=EDGE_CURVE('',#5504,#5501,#3047,.T.);
#6560=EDGE_CURVE('',#5505,#5505,#5061,.T.);
#6561=EDGE_CURVE('',#5506,#5506,#5062,.T.);
#6562=EDGE_CURVE('',#5500,#5503,#3048,.T.);
#6563=EDGE_CURVE('',#5502,#5504,#3049,.T.);
#6564=EDGE_CURVE('',#5507,#5507,#5063,.T.);
#6565=EDGE_CURVE('',#5507,#5506,#3050,.T.);
#6566=EDGE_CURVE('',#5508,#5508,#5064,.T.);
#6567=EDGE_CURVE('',#5508,#5505,#3051,.T.);
#6568=EDGE_CURVE('',#5509,#5510,#3052,.T.);
#6569=EDGE_CURVE('',#5510,#5511,#3053,.T.);
#6570=EDGE_CURVE('',#5512,#5511,#3054,.T.);
#6571=EDGE_CURVE('',#5509,#5512,#3055,.T.);
#6572=EDGE_CURVE('',#5513,#5509,#3056,.T.);
#6573=EDGE_CURVE('',#5514,#5512,#3057,.T.);
#6574=EDGE_CURVE('',#5513,#5514,#3058,.T.);
#6575=EDGE_CURVE('',#5510,#5513,#3059,.T.);
#6576=EDGE_CURVE('',#5511,#5514,#3060,.T.);
#6577=EDGE_CURVE('',#5515,#5516,#251,.T.);
#6578=EDGE_CURVE('',#5517,#5515,#252,.T.);
#6579=EDGE_CURVE('',#5516,#5517,#253,.T.);
#6580=EDGE_CURVE('',#5516,#5518,#3061,.T.);
#6581=EDGE_CURVE('',#5519,#5518,#254,.T.);
#6582=EDGE_CURVE('',#5518,#5519,#255,.T.);
#6583=EDGE_CURVE('',#5520,#5520,#5065,.T.);
#6584=EDGE_CURVE('',#5520,#5521,#3062,.T.);
#6585=EDGE_CURVE('',#5521,#5521,#5066,.T.);
#6586=EDGE_CURVE('',#5522,#5522,#5067,.T.);
#6587=EDGE_CURVE('',#5522,#5523,#3063,.T.);
#6588=EDGE_CURVE('',#5523,#5523,#5068,.T.);
#6589=EDGE_CURVE('',#5524,#5524,#5069,.T.);
#6590=EDGE_CURVE('',#5524,#5516,#3064,.T.);
#6591=EDGE_CURVE('',#5517,#5525,#3065,.T.);
#6592=EDGE_CURVE('',#5525,#5525,#5070,.T.);
#6593=EDGE_CURVE('',#5526,#5526,#256,.T.);
#6594=EDGE_CURVE('',#5526,#5527,#3066,.T.);
#6595=EDGE_CURVE('',#5527,#5527,#257,.T.);
#6596=EDGE_CURVE('',#5528,#5528,#258,.T.);
#6597=EDGE_CURVE('',#5528,#5529,#3067,.T.);
#6598=EDGE_CURVE('',#5529,#5529,#259,.T.);
#6599=EDGE_CURVE('',#5530,#5531,#260,.T.);
#6600=EDGE_CURVE('',#5532,#5530,#261,.T.);
#6601=EDGE_CURVE('',#5531,#5532,#262,.T.);
#6602=EDGE_CURVE('',#5531,#5533,#3068,.T.);
#6603=EDGE_CURVE('',#5534,#5533,#263,.T.);
#6604=EDGE_CURVE('',#5533,#5534,#264,.T.);
#6605=EDGE_CURVE('',#5535,#5535,#5071,.T.);
#6606=EDGE_CURVE('',#5535,#5536,#3069,.T.);
#6607=EDGE_CURVE('',#5536,#5536,#5072,.T.);
#6608=EDGE_CURVE('',#5537,#5537,#5073,.T.);
#6609=EDGE_CURVE('',#5537,#5538,#3070,.T.);
#6610=EDGE_CURVE('',#5538,#5538,#5074,.T.);
#6611=EDGE_CURVE('',#5539,#5539,#5075,.T.);
#6612=EDGE_CURVE('',#5539,#5531,#3071,.T.);
#6613=EDGE_CURVE('',#5532,#5540,#3072,.T.);
#6614=EDGE_CURVE('',#5540,#5540,#5076,.T.);
#6615=EDGE_CURVE('',#5541,#5542,#265,.T.);
#6616=EDGE_CURVE('',#5543,#5541,#266,.T.);
#6617=EDGE_CURVE('',#5542,#5543,#267,.T.);
#6618=EDGE_CURVE('',#5542,#5544,#3073,.T.);
#6619=EDGE_CURVE('',#5545,#5544,#268,.T.);
#6620=EDGE_CURVE('',#5544,#5545,#269,.T.);
#6621=EDGE_CURVE('',#5546,#5546,#5077,.T.);
#6622=EDGE_CURVE('',#5546,#5547,#3074,.T.);
#6623=EDGE_CURVE('',#5547,#5547,#5078,.T.);
#6624=EDGE_CURVE('',#5548,#5548,#5079,.T.);
#6625=EDGE_CURVE('',#5548,#5549,#3075,.T.);
#6626=EDGE_CURVE('',#5549,#5549,#5080,.T.);
#6627=EDGE_CURVE('',#5550,#5550,#5081,.T.);
#6628=EDGE_CURVE('',#5550,#5542,#3076,.T.);
#6629=EDGE_CURVE('',#5543,#5551,#3077,.T.);
#6630=EDGE_CURVE('',#5551,#5551,#5082,.T.);
#6631=EDGE_CURVE('',#5552,#5553,#270,.T.);
#6632=EDGE_CURVE('',#5554,#5552,#271,.T.);
#6633=EDGE_CURVE('',#5553,#5554,#272,.T.);
#6634=EDGE_CURVE('',#5553,#5555,#3078,.T.);
#6635=EDGE_CURVE('',#5556,#5555,#273,.T.);
#6636=EDGE_CURVE('',#5555,#5556,#274,.T.);
#6637=EDGE_CURVE('',#5557,#5557,#5083,.T.);
#6638=EDGE_CURVE('',#5557,#5558,#3079,.T.);
#6639=EDGE_CURVE('',#5558,#5558,#5084,.T.);
#6640=EDGE_CURVE('',#5559,#5559,#5085,.T.);
#6641=EDGE_CURVE('',#5559,#5560,#3080,.T.);
#6642=EDGE_CURVE('',#5560,#5560,#5086,.T.);
#6643=EDGE_CURVE('',#5561,#5561,#5087,.T.);
#6644=EDGE_CURVE('',#5561,#5553,#3081,.T.);
#6645=EDGE_CURVE('',#5554,#5562,#3082,.T.);
#6646=EDGE_CURVE('',#5562,#5562,#5088,.T.);
#6647=EDGE_CURVE('',#5563,#5563,#5089,.T.);
#6648=EDGE_CURVE('',#5563,#5564,#3083,.T.);
#6649=EDGE_CURVE('',#5564,#5564,#5090,.T.);
#6650=EDGE_CURVE('',#5565,#5565,#5091,.T.);
#6651=EDGE_CURVE('',#5565,#5566,#3084,.T.);
#6652=EDGE_CURVE('',#5566,#5566,#5092,.T.);
#6653=EDGE_CURVE('',#5567,#5567,#5093,.T.);
#6654=EDGE_CURVE('',#5567,#5568,#3085,.T.);
#6655=EDGE_CURVE('',#5568,#5568,#5094,.T.);
#6656=EDGE_CURVE('',#5569,#5569,#5095,.T.);
#6657=EDGE_CURVE('',#5569,#5570,#3086,.T.);
#6658=EDGE_CURVE('',#5570,#5570,#5096,.T.);
#6659=EDGE_CURVE('',#5571,#5572,#3087,.T.);
#6660=EDGE_CURVE('',#5572,#5573,#3088,.T.);
#6661=EDGE_CURVE('',#5574,#5573,#3089,.T.);
#6662=EDGE_CURVE('',#5571,#5574,#3090,.T.);
#6663=EDGE_CURVE('',#5575,#5571,#3091,.T.);
#6664=EDGE_CURVE('',#5576,#5574,#3092,.T.);
#6665=EDGE_CURVE('',#5575,#5576,#3093,.T.);
#6666=EDGE_CURVE('',#5577,#5575,#3094,.T.);
#6667=EDGE_CURVE('',#5578,#5576,#3095,.T.);
#6668=EDGE_CURVE('',#5577,#5578,#3096,.T.);
#6669=EDGE_CURVE('',#5572,#5577,#3097,.T.);
#6670=EDGE_CURVE('',#5573,#5578,#3098,.T.);
#6671=EDGE_CURVE('',#5579,#5579,#5097,.T.);
#6672=EDGE_CURVE('',#5579,#5580,#3099,.T.);
#6673=EDGE_CURVE('',#5580,#5580,#5098,.T.);
#6674=EDGE_CURVE('',#5581,#5581,#5099,.T.);
#6675=EDGE_CURVE('',#5581,#5582,#3100,.T.);
#6676=EDGE_CURVE('',#5582,#5582,#5100,.T.);
#6677=EDGE_CURVE('',#5583,#5583,#5101,.T.);
#6678=EDGE_CURVE('',#5583,#5584,#3101,.T.);
#6679=EDGE_CURVE('',#5584,#5584,#5102,.T.);
#6680=EDGE_CURVE('',#5585,#5586,#3102,.T.);
#6681=EDGE_CURVE('',#5585,#5587,#3103,.T.);
#6682=EDGE_CURVE('',#5588,#5587,#3104,.T.);
#6683=EDGE_CURVE('',#5586,#5588,#3105,.T.);
#6684=EDGE_CURVE('',#5586,#5589,#3106,.T.);
#6685=EDGE_CURVE('',#5590,#5588,#3107,.T.);
#6686=EDGE_CURVE('',#5589,#5590,#3108,.T.);
#6687=EDGE_CURVE('',#5589,#5591,#3109,.T.);
#6688=EDGE_CURVE('',#5592,#5590,#3110,.T.);
#6689=EDGE_CURVE('',#5591,#5592,#3111,.T.);
#6690=EDGE_CURVE('',#5591,#5585,#3112,.T.);
#6691=EDGE_CURVE('',#5587,#5592,#3113,.T.);
#6692=EDGE_CURVE('',#5593,#5593,#5103,.T.);
#6693=EDGE_CURVE('',#5593,#5594,#3114,.T.);
#6694=EDGE_CURVE('',#5594,#5594,#5104,.T.);
#6695=EDGE_CURVE('',#5595,#5596,#3115,.T.);
#6696=EDGE_CURVE('',#5595,#5597,#3116,.T.);
#6697=EDGE_CURVE('',#5598,#5597,#3117,.T.);
#6698=EDGE_CURVE('',#5596,#5598,#3118,.T.);
#6699=EDGE_CURVE('',#5599,#5600,#3119,.T.);
#6700=EDGE_CURVE('',#5601,#5599,#3120,.T.);
#6701=EDGE_CURVE('',#5602,#5601,#3121,.T.);
#6702=EDGE_CURVE('',#5602,#5600,#3122,.T.);
#6703=EDGE_CURVE('',#5603,#5595,#3123,.T.);
#6704=EDGE_CURVE('',#5604,#5603,#3124,.T.);
#6705=EDGE_CURVE('',#5597,#5604,#3125,.T.);
#6706=EDGE_CURVE('',#5600,#5605,#3126,.T.);
#6707=EDGE_CURVE('',#5606,#5602,#3127,.T.);
#6708=EDGE_CURVE('',#5605,#5606,#3128,.T.);
#6709=EDGE_CURVE('',#5596,#5607,#3129,.T.);
#6710=EDGE_CURVE('',#5608,#5598,#3130,.T.);
#6711=EDGE_CURVE('',#5607,#5608,#3131,.T.);
#6712=EDGE_CURVE('',#5607,#5603,#3132,.T.);
#6713=EDGE_CURVE('',#5604,#5608,#3133,.T.);
#6714=EDGE_CURVE('',#5605,#5609,#3134,.T.);
#6715=EDGE_CURVE('',#5610,#5606,#3135,.T.);
#6716=EDGE_CURVE('',#5610,#5609,#3136,.T.);
#6717=EDGE_CURVE('',#5609,#5599,#3137,.T.);
#6718=EDGE_CURVE('',#5601,#5610,#3138,.T.);
#6719=EDGE_CURVE('',#5611,#5612,#3139,.T.);
#6720=EDGE_CURVE('',#5611,#5613,#3140,.T.);
#6721=EDGE_CURVE('',#5614,#5613,#3141,.T.);
#6722=EDGE_CURVE('',#5612,#5614,#3142,.T.);
#6723=EDGE_CURVE('',#5615,#5616,#3143,.T.);
#6724=EDGE_CURVE('',#5617,#5615,#3144,.T.);
#6725=EDGE_CURVE('',#5618,#5617,#3145,.T.);
#6726=EDGE_CURVE('',#5618,#5616,#3146,.T.);
#6727=EDGE_CURVE('',#5619,#5611,#3147,.T.);
#6728=EDGE_CURVE('',#5620,#5619,#3148,.T.);
#6729=EDGE_CURVE('',#5613,#5620,#3149,.T.);
#6730=EDGE_CURVE('',#5616,#5621,#3150,.T.);
#6731=EDGE_CURVE('',#5622,#5618,#3151,.T.);
#6732=EDGE_CURVE('',#5621,#5622,#3152,.T.);
#6733=EDGE_CURVE('',#5612,#5623,#3153,.T.);
#6734=EDGE_CURVE('',#5624,#5614,#3154,.T.);
#6735=EDGE_CURVE('',#5623,#5624,#3155,.T.);
#6736=EDGE_CURVE('',#5623,#5619,#3156,.T.);
#6737=EDGE_CURVE('',#5620,#5624,#3157,.T.);
#6738=EDGE_CURVE('',#5621,#5625,#3158,.T.);
#6739=EDGE_CURVE('',#5626,#5622,#3159,.T.);
#6740=EDGE_CURVE('',#5626,#5625,#3160,.T.);
#6741=EDGE_CURVE('',#5625,#5615,#3161,.T.);
#6742=EDGE_CURVE('',#5617,#5626,#3162,.T.);
#6743=EDGE_CURVE('',#5627,#5627,#5105,.T.);
#6744=EDGE_CURVE('',#5627,#5628,#3163,.T.);
#6745=EDGE_CURVE('',#5628,#5628,#5106,.T.);
#6746=EDGE_CURVE('',#5629,#5629,#5107,.T.);
#6747=EDGE_CURVE('',#5629,#5630,#3164,.T.);
#6748=EDGE_CURVE('',#5630,#5630,#5108,.T.);
#6749=EDGE_CURVE('',#5631,#5631,#5109,.T.);
#6750=EDGE_CURVE('',#5631,#5632,#3165,.T.);
#6751=EDGE_CURVE('',#5632,#5632,#5110,.T.);
#6752=EDGE_CURVE('',#5633,#5633,#5111,.T.);
#6753=EDGE_CURVE('',#5633,#5634,#3166,.T.);
#6754=EDGE_CURVE('',#5634,#5634,#5112,.T.);
#6755=EDGE_CURVE('',#5635,#5635,#5113,.T.);
#6756=EDGE_CURVE('',#5635,#5636,#3167,.T.);
#6757=EDGE_CURVE('',#5636,#5636,#5114,.T.);
#6758=EDGE_CURVE('',#5637,#5637,#5115,.T.);
#6759=EDGE_CURVE('',#5637,#5638,#3168,.T.);
#6760=EDGE_CURVE('',#5638,#5638,#5116,.T.);
#6761=EDGE_CURVE('',#5639,#5640,#3169,.T.);
#6762=EDGE_CURVE('',#5641,#5639,#3170,.T.);
#6763=EDGE_CURVE('',#5642,#5641,#3171,.T.);
#6764=EDGE_CURVE('',#5640,#5642,#3172,.T.);
#6765=EDGE_CURVE('',#5643,#5639,#3173,.T.);
#6766=EDGE_CURVE('',#5643,#5644,#3174,.T.);
#6767=EDGE_CURVE('',#5641,#5644,#3175,.T.);
#6768=EDGE_CURVE('',#5645,#5643,#3176,.T.);
#6769=EDGE_CURVE('',#5646,#5645,#3177,.T.);
#6770=EDGE_CURVE('',#5644,#5646,#3178,.T.);
#6771=EDGE_CURVE('',#5647,#5640,#3179,.T.);
#6772=EDGE_CURVE('',#5648,#5647,#3180,.T.);
#6773=EDGE_CURVE('',#5648,#5649,#3181,.T.);
#6774=EDGE_CURVE('',#5649,#5650,#3182,.T.);
#6775=EDGE_CURVE('',#5645,#5650,#3183,.T.);
#6776=EDGE_CURVE('',#5642,#5651,#3184,.T.);
#6777=EDGE_CURVE('',#5651,#5647,#3185,.T.);
#6778=EDGE_CURVE('',#5649,#5652,#3186,.T.);
#6779=EDGE_CURVE('',#5652,#5653,#3187,.T.);
#6780=EDGE_CURVE('',#5650,#5653,#3188,.T.);
#6781=EDGE_CURVE('',#5654,#5648,#3189,.T.);
#6782=EDGE_CURVE('',#5654,#5651,#3190,.T.);
#6783=EDGE_CURVE('',#5653,#5646,#3191,.T.);
#6784=EDGE_CURVE('',#5652,#5654,#3192,.T.);
#6785=EDGE_CURVE('',#5655,#5655,#5117,.T.);
#6786=EDGE_CURVE('',#5655,#5656,#3193,.T.);
#6787=EDGE_CURVE('',#5656,#5656,#5118,.T.);
#6788=EDGE_CURVE('',#5657,#5657,#5119,.T.);
#6789=EDGE_CURVE('',#5657,#5658,#3194,.T.);
#6790=EDGE_CURVE('',#5658,#5658,#5120,.T.);
#6791=EDGE_CURVE('',#5659,#5660,#3195,.T.);
#6792=EDGE_CURVE('',#5660,#5661,#3196,.T.);
#6793=EDGE_CURVE('',#5662,#5661,#3197,.T.);
#6794=EDGE_CURVE('',#5659,#5662,#3198,.T.);
#6795=EDGE_CURVE('',#5663,#5659,#3199,.T.);
#6796=EDGE_CURVE('',#5664,#5662,#3200,.T.);
#6797=EDGE_CURVE('',#5663,#5664,#3201,.T.);
#6798=EDGE_CURVE('',#5665,#5663,#3202,.T.);
#6799=EDGE_CURVE('',#5666,#5664,#3203,.T.);
#6800=EDGE_CURVE('',#5665,#5666,#3204,.T.);
#6801=EDGE_CURVE('',#5660,#5665,#3205,.T.);
#6802=EDGE_CURVE('',#5661,#5666,#3206,.T.);
#6803=EDGE_CURVE('',#5667,#5668,#3207,.T.);
#6804=EDGE_CURVE('',#5667,#5669,#3208,.T.);
#6805=EDGE_CURVE('',#5670,#5669,#3209,.T.);
#6806=EDGE_CURVE('',#5668,#5670,#3210,.T.);
#6807=EDGE_CURVE('',#5671,#5672,#3211,.T.);
#6808=EDGE_CURVE('',#5673,#5671,#3212,.T.);
#6809=EDGE_CURVE('',#5674,#5673,#3213,.T.);
#6810=EDGE_CURVE('',#5674,#5672,#3214,.T.);
#6811=EDGE_CURVE('',#5675,#5667,#3215,.T.);
#6812=EDGE_CURVE('',#5676,#5675,#3216,.T.);
#6813=EDGE_CURVE('',#5669,#5676,#3217,.T.);
#6814=EDGE_CURVE('',#5672,#5677,#3218,.T.);
#6815=EDGE_CURVE('',#5678,#5674,#3219,.T.);
#6816=EDGE_CURVE('',#5677,#5678,#3220,.T.);
#6817=EDGE_CURVE('',#5668,#5679,#3221,.T.);
#6818=EDGE_CURVE('',#5680,#5670,#3222,.T.);
#6819=EDGE_CURVE('',#5679,#5680,#3223,.T.);
#6820=EDGE_CURVE('',#5679,#5675,#3224,.T.);
#6821=EDGE_CURVE('',#5676,#5680,#3225,.T.);
#6822=EDGE_CURVE('',#5677,#5681,#3226,.T.);
#6823=EDGE_CURVE('',#5682,#5678,#3227,.T.);
#6824=EDGE_CURVE('',#5682,#5681,#3228,.T.);
#6825=EDGE_CURVE('',#5681,#5671,#3229,.T.);
#6826=EDGE_CURVE('',#5673,#5682,#3230,.T.);
#6827=EDGE_CURVE('',#5683,#5684,#3231,.T.);
#6828=EDGE_CURVE('',#5683,#5685,#3232,.T.);
#6829=EDGE_CURVE('',#5686,#5685,#3233,.T.);
#6830=EDGE_CURVE('',#5684,#5686,#3234,.T.);
#6831=EDGE_CURVE('',#5687,#5688,#3235,.T.);
#6832=EDGE_CURVE('',#5689,#5687,#3236,.T.);
#6833=EDGE_CURVE('',#5690,#5689,#3237,.T.);
#6834=EDGE_CURVE('',#5690,#5688,#3238,.T.);
#6835=EDGE_CURVE('',#5691,#5683,#3239,.T.);
#6836=EDGE_CURVE('',#5692,#5691,#3240,.T.);
#6837=EDGE_CURVE('',#5685,#5692,#3241,.T.);
#6838=EDGE_CURVE('',#5688,#5693,#3242,.T.);
#6839=EDGE_CURVE('',#5694,#5690,#3243,.T.);
#6840=EDGE_CURVE('',#5693,#5694,#3244,.T.);
#6841=EDGE_CURVE('',#5684,#5695,#3245,.T.);
#6842=EDGE_CURVE('',#5696,#5686,#3246,.T.);
#6843=EDGE_CURVE('',#5695,#5696,#3247,.T.);
#6844=EDGE_CURVE('',#5695,#5691,#3248,.T.);
#6845=EDGE_CURVE('',#5692,#5696,#3249,.T.);
#6846=EDGE_CURVE('',#5693,#5697,#3250,.T.);
#6847=EDGE_CURVE('',#5698,#5694,#3251,.T.);
#6848=EDGE_CURVE('',#5698,#5697,#3252,.T.);
#6849=EDGE_CURVE('',#5697,#5687,#3253,.T.);
#6850=EDGE_CURVE('',#5689,#5698,#3254,.T.);
#6851=EDGE_CURVE('',#5699,#5699,#5121,.T.);
#6852=EDGE_CURVE('',#5699,#5700,#3255,.T.);
#6853=EDGE_CURVE('',#5700,#5700,#5122,.T.);
#6854=EDGE_CURVE('',#5701,#5701,#5123,.T.);
#6855=EDGE_CURVE('',#5701,#5702,#3256,.T.);
#6856=EDGE_CURVE('',#5702,#5702,#5124,.T.);
#6857=EDGE_CURVE('',#5703,#5703,#5125,.T.);
#6858=EDGE_CURVE('',#5703,#5704,#3257,.T.);
#6859=EDGE_CURVE('',#5704,#5704,#5126,.T.);
#6860=EDGE_CURVE('',#5705,#5705,#5127,.T.);
#6861=EDGE_CURVE('',#5705,#5706,#3258,.T.);
#6862=EDGE_CURVE('',#5706,#5706,#5128,.T.);
#6863=EDGE_CURVE('',#5707,#5707,#5129,.T.);
#6864=EDGE_CURVE('',#5707,#5708,#3259,.T.);
#6865=EDGE_CURVE('',#5708,#5708,#5130,.T.);
#6866=EDGE_CURVE('',#5709,#5709,#5131,.T.);
#6867=EDGE_CURVE('',#5709,#5710,#3260,.T.);
#6868=EDGE_CURVE('',#5710,#5710,#5132,.T.);
#6869=EDGE_CURVE('',#5711,#5712,#3261,.T.);
#6870=EDGE_CURVE('',#5713,#5711,#3262,.T.);
#6871=EDGE_CURVE('',#5714,#5713,#3263,.T.);
#6872=EDGE_CURVE('',#5712,#5714,#3264,.T.);
#6873=EDGE_CURVE('',#5715,#5711,#3265,.T.);
#6874=EDGE_CURVE('',#5715,#5716,#3266,.T.);
#6875=EDGE_CURVE('',#5713,#5716,#3267,.T.);
#6876=EDGE_CURVE('',#5717,#5715,#3268,.T.);
#6877=EDGE_CURVE('',#5718,#5717,#3269,.T.);
#6878=EDGE_CURVE('',#5716,#5718,#3270,.T.);
#6879=EDGE_CURVE('',#5719,#5712,#3271,.T.);
#6880=EDGE_CURVE('',#5720,#5719,#3272,.T.);
#6881=EDGE_CURVE('',#5720,#5721,#3273,.T.);
#6882=EDGE_CURVE('',#5721,#5722,#3274,.T.);
#6883=EDGE_CURVE('',#5717,#5722,#3275,.T.);
#6884=EDGE_CURVE('',#5714,#5723,#3276,.T.);
#6885=EDGE_CURVE('',#5723,#5719,#3277,.T.);
#6886=EDGE_CURVE('',#5721,#5724,#3278,.T.);
#6887=EDGE_CURVE('',#5724,#5725,#3279,.T.);
#6888=EDGE_CURVE('',#5722,#5725,#3280,.T.);
#6889=EDGE_CURVE('',#5726,#5720,#3281,.T.);
#6890=EDGE_CURVE('',#5726,#5723,#3282,.T.);
#6891=EDGE_CURVE('',#5725,#5718,#3283,.T.);
#6892=EDGE_CURVE('',#5724,#5726,#3284,.T.);
#6893=EDGE_CURVE('',#5727,#5727,#5133,.T.);
#6894=EDGE_CURVE('',#5727,#5728,#3285,.T.);
#6895=EDGE_CURVE('',#5728,#5728,#5134,.T.);
#6896=EDGE_CURVE('',#5729,#5729,#5135,.T.);
#6897=EDGE_CURVE('',#5729,#5730,#3286,.T.);
#6898=EDGE_CURVE('',#5730,#5730,#5136,.T.);
#6899=EDGE_CURVE('',#5731,#5732,#3287,.T.);
#6900=EDGE_CURVE('',#5732,#5733,#3288,.T.);
#6901=EDGE_CURVE('',#5734,#5733,#3289,.T.);
#6902=EDGE_CURVE('',#5731,#5734,#3290,.T.);
#6903=EDGE_CURVE('',#5735,#5731,#3291,.T.);
#6904=EDGE_CURVE('',#5736,#5734,#3292,.T.);
#6905=EDGE_CURVE('',#5735,#5736,#3293,.T.);
#6906=EDGE_CURVE('',#5737,#5735,#3294,.T.);
#6907=EDGE_CURVE('',#5738,#5736,#3295,.T.);
#6908=EDGE_CURVE('',#5737,#5738,#3296,.T.);
#6909=EDGE_CURVE('',#5732,#5737,#3297,.T.);
#6910=EDGE_CURVE('',#5733,#5738,#3298,.T.);
#6911=EDGE_CURVE('',#5739,#5739,#5137,.T.);
#6912=EDGE_CURVE('',#5739,#5740,#3299,.T.);
#6913=EDGE_CURVE('',#5740,#5740,#5138,.T.);
#6914=EDGE_CURVE('',#5741,#5741,#5139,.T.);
#6915=EDGE_CURVE('',#5741,#5742,#3300,.T.);
#6916=EDGE_CURVE('',#5742,#5742,#5140,.T.);
#6917=EDGE_CURVE('',#5743,#5743,#5141,.T.);
#6918=EDGE_CURVE('',#5743,#5744,#3301,.T.);
#6919=EDGE_CURVE('',#5744,#5744,#5142,.T.);
#6920=EDGE_CURVE('',#5745,#5745,#5143,.T.);
#6921=EDGE_CURVE('',#5745,#5746,#3302,.T.);
#6922=EDGE_CURVE('',#5746,#5746,#5144,.T.);
#6923=EDGE_CURVE('',#5747,#5747,#5145,.T.);
#6924=EDGE_CURVE('',#5747,#5748,#3303,.T.);
#6925=EDGE_CURVE('',#5748,#5748,#5146,.T.);
#6926=EDGE_CURVE('',#5749,#5749,#5147,.T.);
#6927=EDGE_CURVE('',#5749,#5750,#3304,.T.);
#6928=EDGE_CURVE('',#5750,#5750,#5148,.T.);
#6929=EDGE_CURVE('',#5751,#5751,#5149,.T.);
#6930=EDGE_CURVE('',#5751,#5752,#3305,.T.);
#6931=EDGE_CURVE('',#5752,#5752,#5150,.T.);
#6932=EDGE_CURVE('',#5753,#5753,#5151,.T.);
#6933=EDGE_CURVE('',#5753,#5754,#3306,.T.);
#6934=EDGE_CURVE('',#5754,#5754,#5152,.T.);
#6935=EDGE_CURVE('',#5755,#5756,#3307,.T.);
#6936=EDGE_CURVE('',#5756,#5757,#3308,.T.);
#6937=EDGE_CURVE('',#5758,#5757,#3309,.T.);
#6938=EDGE_CURVE('',#5755,#5758,#3310,.T.);
#6939=EDGE_CURVE('',#5759,#5755,#3311,.T.);
#6940=EDGE_CURVE('',#5760,#5758,#3312,.T.);
#6941=EDGE_CURVE('',#5759,#5760,#3313,.T.);
#6942=EDGE_CURVE('',#5761,#5759,#3314,.T.);
#6943=EDGE_CURVE('',#5762,#5760,#3315,.T.);
#6944=EDGE_CURVE('',#5761,#5762,#3316,.T.);
#6945=EDGE_CURVE('',#5756,#5761,#3317,.T.);
#6946=EDGE_CURVE('',#5757,#5762,#3318,.T.);
#6947=EDGE_CURVE('',#5763,#5764,#3319,.T.);
#6948=EDGE_CURVE('',#5765,#5763,#3320,.T.);
#6949=EDGE_CURVE('',#5766,#5765,#3321,.T.);
#6950=EDGE_CURVE('',#5766,#5764,#3322,.T.);
#6951=EDGE_CURVE('',#5764,#5767,#3323,.T.);
#6952=EDGE_CURVE('',#5768,#5766,#3324,.T.);
#6953=EDGE_CURVE('',#5767,#5768,#3325,.T.);
#6954=EDGE_CURVE('',#5767,#5769,#3326,.T.);
#6955=EDGE_CURVE('',#5770,#5768,#3327,.T.);
#6956=EDGE_CURVE('',#5770,#5769,#3328,.T.);
#6957=EDGE_CURVE('',#5769,#5763,#3329,.T.);
#6958=EDGE_CURVE('',#5765,#5770,#3330,.T.);
#6959=EDGE_CURVE('',#5771,#5771,#5153,.T.);
#6960=EDGE_CURVE('',#5771,#5772,#3331,.T.);
#6961=EDGE_CURVE('',#5772,#5772,#5154,.T.);
#6962=EDGE_CURVE('',#5773,#5773,#5155,.T.);
#6963=EDGE_CURVE('',#5773,#5774,#3332,.T.);
#6964=EDGE_CURVE('',#5774,#5774,#5156,.T.);
#6965=EDGE_CURVE('',#5775,#5775,#5157,.T.);
#6966=EDGE_CURVE('',#5775,#5776,#3333,.T.);
#6967=EDGE_CURVE('',#5776,#5776,#5158,.T.);
#6968=EDGE_CURVE('',#5777,#5777,#5159,.T.);
#6969=EDGE_CURVE('',#5777,#5778,#3334,.T.);
#6970=EDGE_CURVE('',#5778,#5778,#5160,.T.);
#6971=EDGE_CURVE('',#5779,#5780,#5161,.T.);
#6972=EDGE_CURVE('',#5781,#5779,#3335,.T.);
#6973=EDGE_CURVE('',#5782,#5781,#5162,.T.);
#6974=EDGE_CURVE('',#5780,#5782,#3336,.T.);
#6975=EDGE_CURVE('',#5783,#5781,#3337,.T.);
#6976=EDGE_CURVE('',#5784,#5783,#3338,.T.);
#6977=EDGE_CURVE('',#5784,#5785,#3339,.T.);
#6978=EDGE_CURVE('',#5785,#5786,#3340,.T.);
#6979=EDGE_CURVE('',#5782,#5786,#3341,.T.);
#6980=EDGE_CURVE('',#5779,#5787,#3342,.T.);
#6981=EDGE_CURVE('',#5787,#5783,#3343,.T.);
#6982=EDGE_CURVE('',#5785,#5788,#3344,.T.);
#6983=EDGE_CURVE('',#5788,#5789,#3345,.T.);
#6984=EDGE_CURVE('',#5786,#5789,#3346,.T.);
#6985=EDGE_CURVE('',#5790,#5784,#3347,.T.);
#6986=EDGE_CURVE('',#5790,#5787,#3348,.T.);
#6987=EDGE_CURVE('',#5789,#5780,#3349,.T.);
#6988=EDGE_CURVE('',#5788,#5790,#3350,.T.);
#6989=EDGE_CURVE('',#5791,#5791,#5163,.T.);
#6990=EDGE_CURVE('',#5791,#5792,#3351,.T.);
#6991=EDGE_CURVE('',#5792,#5792,#5164,.T.);
#6992=EDGE_CURVE('',#5793,#5793,#5165,.T.);
#6993=EDGE_CURVE('',#5793,#5794,#3352,.T.);
#6994=EDGE_CURVE('',#5794,#5794,#5166,.T.);
#6995=EDGE_CURVE('',#5795,#5795,#5167,.T.);
#6996=EDGE_CURVE('',#5795,#5796,#3353,.T.);
#6997=EDGE_CURVE('',#5796,#5796,#5168,.T.);
#6998=EDGE_CURVE('',#5797,#5797,#5169,.T.);
#6999=EDGE_CURVE('',#5797,#5798,#3354,.T.);
#7000=EDGE_CURVE('',#5798,#5798,#5170,.T.);
#7001=EDGE_CURVE('',#5799,#5800,#3355,.T.);
#7002=EDGE_CURVE('',#5800,#5801,#3356,.T.);
#7003=EDGE_CURVE('',#5802,#5801,#3357,.T.);
#7004=EDGE_CURVE('',#5799,#5802,#3358,.T.);
#7005=EDGE_CURVE('',#5803,#5799,#3359,.T.);
#7006=EDGE_CURVE('',#5804,#5802,#3360,.T.);
#7007=EDGE_CURVE('',#5803,#5804,#3361,.T.);
#7008=EDGE_CURVE('',#5805,#5803,#3362,.T.);
#7009=EDGE_CURVE('',#5806,#5804,#3363,.T.);
#7010=EDGE_CURVE('',#5805,#5806,#3364,.T.);
#7011=EDGE_CURVE('',#5800,#5805,#3365,.T.);
#7012=EDGE_CURVE('',#5801,#5806,#3366,.T.);
#7013=EDGE_CURVE('',#5807,#5807,#5171,.T.);
#7014=EDGE_CURVE('',#5807,#5808,#3367,.T.);
#7015=EDGE_CURVE('',#5808,#5808,#5172,.T.);
#7016=EDGE_CURVE('',#5809,#5809,#5173,.T.);
#7017=EDGE_CURVE('',#5809,#5810,#3368,.T.);
#7018=EDGE_CURVE('',#5810,#5810,#5174,.T.);
#7019=EDGE_CURVE('',#5811,#5812,#3369,.T.);
#7020=EDGE_CURVE('',#5811,#5813,#3370,.T.);
#7021=EDGE_CURVE('',#5813,#5814,#3371,.T.);
#7022=EDGE_CURVE('',#5814,#5812,#3372,.T.);
#7023=EDGE_CURVE('',#5815,#5816,#3373,.T.);
#7024=EDGE_CURVE('',#5816,#5814,#3374,.T.);
#7025=EDGE_CURVE('',#5815,#5813,#3375,.T.);
#7026=EDGE_CURVE('',#5816,#5817,#3376,.T.);
#7027=EDGE_CURVE('',#5817,#5818,#3377,.T.);
#7028=EDGE_CURVE('',#5819,#5818,#3378,.T.);
#7029=EDGE_CURVE('',#5819,#5820,#3379,.T.);
#7030=EDGE_CURVE('',#5821,#5820,#3380,.T.);
#7031=EDGE_CURVE('',#5812,#5821,#3381,.T.);
#7032=EDGE_CURVE('',#5822,#5815,#3382,.T.);
#7033=EDGE_CURVE('',#5817,#5822,#3383,.T.);
#7034=EDGE_CURVE('',#5819,#5823,#3384,.T.);
#7035=EDGE_CURVE('',#5818,#5824,#3385,.T.);
#7036=EDGE_CURVE('',#5824,#5823,#3386,.T.);
#7037=EDGE_CURVE('',#5822,#5824,#3387,.T.);
#7038=EDGE_CURVE('',#5825,#5821,#3388,.T.);
#7039=EDGE_CURVE('',#5811,#5825,#3389,.T.);
#7040=EDGE_CURVE('',#5826,#5825,#3390,.T.);
#7041=EDGE_CURVE('',#5823,#5826,#3391,.T.);
#7042=EDGE_CURVE('',#5820,#5826,#3392,.T.);
#7043=EDGE_CURVE('',#5827,#5828,#3393,.T.);
#7044=EDGE_CURVE('',#5828,#5829,#3394,.T.);
#7045=EDGE_CURVE('',#5830,#5829,#3395,.T.);
#7046=EDGE_CURVE('',#5827,#5830,#3396,.T.);
#7047=EDGE_CURVE('',#5831,#5827,#3397,.T.);
#7048=EDGE_CURVE('',#5832,#5830,#3398,.T.);
#7049=EDGE_CURVE('',#5831,#5832,#3399,.T.);
#7050=EDGE_CURVE('',#5833,#5831,#3400,.T.);
#7051=EDGE_CURVE('',#5834,#5832,#3401,.T.);
#7052=EDGE_CURVE('',#5833,#5834,#3402,.T.);
#7053=EDGE_CURVE('',#5828,#5833,#3403,.T.);
#7054=EDGE_CURVE('',#5829,#5834,#3404,.T.);
#7055=EDGE_CURVE('',#5835,#5836,#3405,.T.);
#7056=EDGE_CURVE('',#5835,#5837,#3406,.T.);
#7057=EDGE_CURVE('',#5837,#5838,#3407,.T.);
#7058=EDGE_CURVE('',#5836,#5838,#3408,.T.);
#7059=EDGE_CURVE('',#5839,#5835,#3409,.T.);
#7060=EDGE_CURVE('',#5839,#5840,#3410,.T.);
#7061=EDGE_CURVE('',#5840,#5837,#3411,.T.);
#7062=EDGE_CURVE('',#5841,#5839,#3412,.T.);
#7063=EDGE_CURVE('',#5841,#5842,#3413,.T.);
#7064=EDGE_CURVE('',#5842,#5840,#3414,.T.);
#7065=EDGE_CURVE('',#5836,#5841,#3415,.T.);
#7066=EDGE_CURVE('',#5838,#5842,#3416,.T.);
#7067=EDGE_CURVE('',#5843,#5844,#3417,.T.);
#7068=EDGE_CURVE('',#5844,#5845,#3418,.T.);
#7069=EDGE_CURVE('',#5846,#5845,#3419,.T.);
#7070=EDGE_CURVE('',#5843,#5846,#3420,.T.);
#7071=EDGE_CURVE('',#5847,#5843,#3421,.T.);
#7072=EDGE_CURVE('',#5848,#5846,#3422,.T.);
#7073=EDGE_CURVE('',#5847,#5848,#3423,.T.);
#7074=EDGE_CURVE('',#5849,#5847,#3424,.T.);
#7075=EDGE_CURVE('',#5850,#5848,#3425,.T.);
#7076=EDGE_CURVE('',#5849,#5850,#3426,.T.);
#7077=EDGE_CURVE('',#5844,#5849,#3427,.T.);
#7078=EDGE_CURVE('',#5845,#5850,#3428,.T.);
#7079=EDGE_CURVE('',#5851,#5852,#3429,.T.);
#7080=EDGE_CURVE('',#5852,#5853,#3430,.T.);
#7081=EDGE_CURVE('',#5854,#5853,#3431,.T.);
#7082=EDGE_CURVE('',#5851,#5854,#3432,.T.);
#7083=EDGE_CURVE('',#5855,#5851,#3433,.T.);
#7084=EDGE_CURVE('',#5856,#5854,#3434,.T.);
#7085=EDGE_CURVE('',#5855,#5856,#3435,.T.);
#7086=EDGE_CURVE('',#5857,#5855,#3436,.T.);
#7087=EDGE_CURVE('',#5858,#5856,#3437,.T.);
#7088=EDGE_CURVE('',#5857,#5858,#3438,.T.);
#7089=EDGE_CURVE('',#5852,#5857,#3439,.T.);
#7090=EDGE_CURVE('',#5853,#5858,#3440,.T.);
#7091=EDGE_CURVE('',#5859,#5860,#3441,.T.);
#7092=EDGE_CURVE('',#5860,#5861,#3442,.T.);
#7093=EDGE_CURVE('',#5862,#5861,#3443,.T.);
#7094=EDGE_CURVE('',#5859,#5862,#3444,.T.);
#7095=EDGE_CURVE('',#5863,#5859,#3445,.T.);
#7096=EDGE_CURVE('',#5864,#5862,#3446,.T.);
#7097=EDGE_CURVE('',#5863,#5864,#3447,.T.);
#7098=EDGE_CURVE('',#5865,#5863,#3448,.T.);
#7099=EDGE_CURVE('',#5866,#5864,#3449,.T.);
#7100=EDGE_CURVE('',#5865,#5866,#3450,.T.);
#7101=EDGE_CURVE('',#5860,#5865,#3451,.T.);
#7102=EDGE_CURVE('',#5861,#5866,#3452,.T.);
#7103=EDGE_CURVE('',#5867,#5868,#3453,.T.);
#7104=EDGE_CURVE('',#5868,#5869,#3454,.T.);
#7105=EDGE_CURVE('',#5870,#5869,#3455,.T.);
#7106=EDGE_CURVE('',#5867,#5870,#3456,.T.);
#7107=EDGE_CURVE('',#5871,#5867,#3457,.T.);
#7108=EDGE_CURVE('',#5872,#5870,#3458,.T.);
#7109=EDGE_CURVE('',#5871,#5872,#3459,.T.);
#7110=EDGE_CURVE('',#5873,#5871,#3460,.T.);
#7111=EDGE_CURVE('',#5874,#5872,#3461,.T.);
#7112=EDGE_CURVE('',#5873,#5874,#3462,.T.);
#7113=EDGE_CURVE('',#5868,#5873,#3463,.T.);
#7114=EDGE_CURVE('',#5869,#5874,#3464,.T.);
#7115=EDGE_CURVE('',#5875,#5876,#3465,.T.);
#7116=EDGE_CURVE('',#5876,#5877,#3466,.T.);
#7117=EDGE_CURVE('',#5878,#5877,#3467,.T.);
#7118=EDGE_CURVE('',#5875,#5878,#3468,.T.);
#7119=EDGE_CURVE('',#5879,#5875,#3469,.T.);
#7120=EDGE_CURVE('',#5880,#5878,#3470,.T.);
#7121=EDGE_CURVE('',#5879,#5880,#3471,.T.);
#7122=EDGE_CURVE('',#5881,#5879,#3472,.T.);
#7123=EDGE_CURVE('',#5882,#5880,#3473,.T.);
#7124=EDGE_CURVE('',#5881,#5882,#3474,.T.);
#7125=EDGE_CURVE('',#5876,#5881,#3475,.T.);
#7126=EDGE_CURVE('',#5877,#5882,#3476,.T.);
#7127=EDGE_CURVE('',#5883,#5884,#3477,.T.);
#7128=EDGE_CURVE('',#5884,#5885,#3478,.T.);
#7129=EDGE_CURVE('',#5886,#5885,#3479,.T.);
#7130=EDGE_CURVE('',#5883,#5886,#3480,.T.);
#7131=EDGE_CURVE('',#5887,#5883,#3481,.T.);
#7132=EDGE_CURVE('',#5888,#5886,#3482,.T.);
#7133=EDGE_CURVE('',#5887,#5888,#3483,.T.);
#7134=EDGE_CURVE('',#5889,#5887,#3484,.T.);
#7135=EDGE_CURVE('',#5890,#5888,#3485,.T.);
#7136=EDGE_CURVE('',#5889,#5890,#3486,.T.);
#7137=EDGE_CURVE('',#5884,#5889,#3487,.T.);
#7138=EDGE_CURVE('',#5885,#5890,#3488,.T.);
#7139=EDGE_CURVE('',#5891,#5891,#5175,.T.);
#7140=EDGE_CURVE('',#5891,#5892,#3489,.T.);
#7141=EDGE_CURVE('',#5892,#5892,#5176,.T.);
#7142=EDGE_CURVE('',#5893,#5893,#5177,.T.);
#7143=EDGE_CURVE('',#5893,#5894,#3490,.T.);
#7144=EDGE_CURVE('',#5894,#5894,#5178,.T.);
#7145=EDGE_CURVE('',#5895,#5895,#5179,.T.);
#7146=EDGE_CURVE('',#5895,#5896,#3491,.T.);
#7147=EDGE_CURVE('',#5896,#5896,#5180,.T.);
#7148=EDGE_CURVE('',#5897,#5897,#5181,.T.);
#7149=EDGE_CURVE('',#5897,#5898,#3492,.T.);
#7150=EDGE_CURVE('',#5898,#5898,#5182,.T.);
#7151=EDGE_CURVE('',#5899,#5900,#3493,.T.);
#7152=EDGE_CURVE('',#5900,#5901,#3494,.T.);
#7153=EDGE_CURVE('',#5902,#5901,#3495,.T.);
#7154=EDGE_CURVE('',#5899,#5902,#3496,.T.);
#7155=EDGE_CURVE('',#5903,#5899,#3497,.T.);
#7156=EDGE_CURVE('',#5904,#5902,#3498,.T.);
#7157=EDGE_CURVE('',#5903,#5904,#3499,.T.);
#7158=EDGE_CURVE('',#5905,#5903,#3500,.T.);
#7159=EDGE_CURVE('',#5906,#5904,#3501,.T.);
#7160=EDGE_CURVE('',#5905,#5906,#3502,.T.);
#7161=EDGE_CURVE('',#5900,#5905,#3503,.T.);
#7162=EDGE_CURVE('',#5901,#5906,#3504,.T.);
#7163=EDGE_CURVE('',#5907,#5908,#3505,.T.);
#7164=EDGE_CURVE('',#5908,#5909,#3506,.T.);
#7165=EDGE_CURVE('',#5910,#5909,#3507,.T.);
#7166=EDGE_CURVE('',#5907,#5910,#3508,.T.);
#7167=EDGE_CURVE('',#5911,#5907,#3509,.T.);
#7168=EDGE_CURVE('',#5912,#5910,#3510,.T.);
#7169=EDGE_CURVE('',#5911,#5912,#3511,.T.);
#7170=EDGE_CURVE('',#5913,#5911,#3512,.T.);
#7171=EDGE_CURVE('',#5914,#5912,#3513,.T.);
#7172=EDGE_CURVE('',#5913,#5914,#3514,.T.);
#7173=EDGE_CURVE('',#5908,#5913,#3515,.T.);
#7174=EDGE_CURVE('',#5909,#5914,#3516,.T.);
#7175=EDGE_CURVE('',#5915,#5916,#3517,.T.);
#7176=EDGE_CURVE('',#5916,#5917,#3518,.T.);
#7177=EDGE_CURVE('',#5918,#5917,#3519,.T.);
#7178=EDGE_CURVE('',#5915,#5918,#3520,.T.);
#7179=EDGE_CURVE('',#5919,#5915,#3521,.T.);
#7180=EDGE_CURVE('',#5920,#5918,#3522,.T.);
#7181=EDGE_CURVE('',#5919,#5920,#3523,.T.);
#7182=EDGE_CURVE('',#5921,#5919,#3524,.T.);
#7183=EDGE_CURVE('',#5922,#5920,#3525,.T.);
#7184=EDGE_CURVE('',#5921,#5922,#3526,.T.);
#7185=EDGE_CURVE('',#5916,#5921,#3527,.T.);
#7186=EDGE_CURVE('',#5917,#5922,#3528,.T.);
#7187=EDGE_CURVE('',#5923,#5924,#3529,.T.);
#7188=EDGE_CURVE('',#5924,#5925,#3530,.T.);
#7189=EDGE_CURVE('',#5926,#5925,#3531,.T.);
#7190=EDGE_CURVE('',#5923,#5926,#3532,.T.);
#7191=EDGE_CURVE('',#5927,#5923,#3533,.T.);
#7192=EDGE_CURVE('',#5928,#5926,#3534,.T.);
#7193=EDGE_CURVE('',#5927,#5928,#3535,.T.);
#7194=EDGE_CURVE('',#5929,#5927,#3536,.T.);
#7195=EDGE_CURVE('',#5930,#5928,#3537,.T.);
#7196=EDGE_CURVE('',#5929,#5930,#3538,.T.);
#7197=EDGE_CURVE('',#5924,#5929,#3539,.T.);
#7198=EDGE_CURVE('',#5925,#5930,#3540,.T.);
#7199=EDGE_CURVE('',#5931,#5931,#5183,.T.);
#7200=EDGE_CURVE('',#5931,#5932,#3541,.T.);
#7201=EDGE_CURVE('',#5932,#5932,#5184,.T.);
#7202=EDGE_CURVE('',#5933,#5933,#5185,.T.);
#7203=EDGE_CURVE('',#5933,#5934,#3542,.T.);
#7204=EDGE_CURVE('',#5934,#5934,#5186,.T.);
#7205=EDGE_CURVE('',#5935,#5936,#3543,.T.);
#7206=EDGE_CURVE('',#5936,#5937,#3544,.T.);
#7207=EDGE_CURVE('',#5938,#5937,#3545,.T.);
#7208=EDGE_CURVE('',#5935,#5938,#3546,.T.);
#7209=EDGE_CURVE('',#5939,#5935,#3547,.T.);
#7210=EDGE_CURVE('',#5940,#5938,#3548,.T.);
#7211=EDGE_CURVE('',#5939,#5940,#3549,.T.);
#7212=EDGE_CURVE('',#5941,#5939,#3550,.T.);
#7213=EDGE_CURVE('',#5942,#5940,#3551,.T.);
#7214=EDGE_CURVE('',#5941,#5942,#3552,.T.);
#7215=EDGE_CURVE('',#5936,#5941,#3553,.T.);
#7216=EDGE_CURVE('',#5937,#5942,#3554,.T.);
#7217=EDGE_CURVE('',#5943,#5943,#5187,.T.);
#7218=EDGE_CURVE('',#5943,#5944,#3555,.T.);
#7219=EDGE_CURVE('',#5944,#5944,#5188,.T.);
#7220=EDGE_CURVE('',#5945,#5945,#5189,.T.);
#7221=EDGE_CURVE('',#5945,#5946,#3556,.T.);
#7222=EDGE_CURVE('',#5946,#5946,#5190,.T.);
#7223=EDGE_CURVE('',#5947,#5947,#5191,.T.);
#7224=EDGE_CURVE('',#5947,#5948,#3557,.T.);
#7225=EDGE_CURVE('',#5948,#5948,#5192,.T.);
#7226=EDGE_CURVE('',#5949,#5949,#5193,.T.);
#7227=EDGE_CURVE('',#5949,#5950,#3558,.T.);
#7228=EDGE_CURVE('',#5950,#5950,#5194,.T.);
#7229=EDGE_CURVE('',#5951,#5952,#3559,.T.);
#7230=EDGE_CURVE('',#5952,#5953,#3560,.T.);
#7231=EDGE_CURVE('',#5954,#5953,#3561,.T.);
#7232=EDGE_CURVE('',#5951,#5954,#3562,.T.);
#7233=EDGE_CURVE('',#5955,#5951,#3563,.T.);
#7234=EDGE_CURVE('',#5956,#5954,#3564,.T.);
#7235=EDGE_CURVE('',#5955,#5956,#3565,.T.);
#7236=EDGE_CURVE('',#5957,#5955,#3566,.T.);
#7237=EDGE_CURVE('',#5958,#5956,#3567,.T.);
#7238=EDGE_CURVE('',#5957,#5958,#3568,.T.);
#7239=EDGE_CURVE('',#5952,#5957,#3569,.T.);
#7240=EDGE_CURVE('',#5953,#5958,#3570,.T.);
#7241=EDGE_CURVE('',#5959,#5959,#5195,.T.);
#7242=EDGE_CURVE('',#5959,#5960,#3571,.T.);
#7243=EDGE_CURVE('',#5960,#5960,#5196,.T.);
#7244=EDGE_CURVE('',#5961,#5961,#5197,.T.);
#7245=EDGE_CURVE('',#5961,#5962,#3572,.T.);
#7246=EDGE_CURVE('',#5962,#5962,#5198,.T.);
#7247=EDGE_CURVE('',#5963,#5963,#5199,.T.);
#7248=EDGE_CURVE('',#5963,#5964,#3573,.T.);
#7249=EDGE_CURVE('',#5964,#5964,#5200,.T.);
#7250=EDGE_CURVE('',#5965,#5965,#5201,.T.);
#7251=EDGE_CURVE('',#5965,#5966,#3574,.T.);
#7252=EDGE_CURVE('',#5966,#5966,#5202,.T.);
#7253=EDGE_CURVE('',#5967,#5968,#3575,.T.);
#7254=EDGE_CURVE('',#5969,#5967,#3576,.T.);
#7255=EDGE_CURVE('',#5970,#5969,#3577,.T.);
#7256=EDGE_CURVE('',#5970,#5968,#3578,.T.);
#7257=EDGE_CURVE('',#5968,#5971,#3579,.T.);
#7258=EDGE_CURVE('',#5972,#5970,#3580,.T.);
#7259=EDGE_CURVE('',#5971,#5972,#3581,.T.);
#7260=EDGE_CURVE('',#5971,#5973,#3582,.T.);
#7261=EDGE_CURVE('',#5974,#5972,#3583,.T.);
#7262=EDGE_CURVE('',#5974,#5973,#3584,.T.);
#7263=EDGE_CURVE('',#5973,#5967,#3585,.T.);
#7264=EDGE_CURVE('',#5969,#5974,#3586,.T.);
#7265=EDGE_CURVE('',#5975,#5976,#3587,.T.);
#7266=EDGE_CURVE('',#5977,#5975,#3588,.T.);
#7267=EDGE_CURVE('',#5978,#5977,#3589,.T.);
#7268=EDGE_CURVE('',#5978,#5976,#3590,.T.);
#7269=EDGE_CURVE('',#5976,#5979,#3591,.T.);
#7270=EDGE_CURVE('',#5980,#5978,#3592,.T.);
#7271=EDGE_CURVE('',#5979,#5980,#3593,.T.);
#7272=EDGE_CURVE('',#5979,#5981,#3594,.T.);
#7273=EDGE_CURVE('',#5982,#5980,#3595,.T.);
#7274=EDGE_CURVE('',#5982,#5981,#3596,.T.);
#7275=EDGE_CURVE('',#5981,#5975,#3597,.T.);
#7276=EDGE_CURVE('',#5977,#5982,#3598,.T.);
#7277=EDGE_CURVE('',#5983,#5984,#3599,.T.);
#7278=EDGE_CURVE('',#5984,#5985,#3600,.T.);
#7279=EDGE_CURVE('',#5986,#5985,#3601,.T.);
#7280=EDGE_CURVE('',#5983,#5986,#3602,.T.);
#7281=EDGE_CURVE('',#5987,#5983,#3603,.T.);
#7282=EDGE_CURVE('',#5988,#5986,#3604,.T.);
#7283=EDGE_CURVE('',#5987,#5988,#3605,.T.);
#7284=EDGE_CURVE('',#5989,#5987,#3606,.T.);
#7285=EDGE_CURVE('',#5990,#5988,#3607,.T.);
#7286=EDGE_CURVE('',#5989,#5990,#3608,.T.);
#7287=EDGE_CURVE('',#5984,#5989,#3609,.T.);
#7288=EDGE_CURVE('',#5985,#5990,#3610,.T.);
#7289=EDGE_CURVE('',#5991,#5992,#3611,.T.);
#7290=EDGE_CURVE('',#5992,#5993,#3612,.T.);
#7291=EDGE_CURVE('',#5994,#5993,#3613,.T.);
#7292=EDGE_CURVE('',#5991,#5994,#3614,.T.);
#7293=EDGE_CURVE('',#5995,#5991,#3615,.T.);
#7294=EDGE_CURVE('',#5996,#5994,#3616,.T.);
#7295=EDGE_CURVE('',#5995,#5996,#3617,.T.);
#7296=EDGE_CURVE('',#5995,#5997,#3618,.T.);
#7297=EDGE_CURVE('',#5998,#5996,#3619,.T.);
#7298=EDGE_CURVE('',#5997,#5998,#3620,.T.);
#7299=EDGE_CURVE('',#5992,#5997,#3621,.T.);
#7300=EDGE_CURVE('',#5993,#5998,#3622,.T.);
#7301=EDGE_CURVE('',#5999,#6000,#3623,.T.);
#7302=EDGE_CURVE('',#5999,#6001,#3624,.T.);
#7303=EDGE_CURVE('',#6002,#6001,#3625,.T.);
#7304=EDGE_CURVE('',#6000,#6002,#3626,.T.);
#7305=EDGE_CURVE('',#6003,#6004,#3627,.T.);
#7306=EDGE_CURVE('',#6004,#6005,#3628,.T.);
#7307=EDGE_CURVE('',#6005,#6006,#3629,.T.);
#7308=EDGE_CURVE('',#6006,#6003,#3630,.T.);
#7309=EDGE_CURVE('',#6000,#6004,#3631,.T.);
#7310=EDGE_CURVE('',#5999,#6003,#3632,.T.);
#7311=EDGE_CURVE('',#6002,#6005,#3633,.T.);
#7312=EDGE_CURVE('',#6001,#6006,#3634,.T.);
#7313=EDGE_CURVE('',#6007,#6007,#5203,.T.);
#7314=EDGE_CURVE('',#6007,#6008,#3635,.T.);
#7315=EDGE_CURVE('',#6008,#6008,#5204,.T.);
#7316=EDGE_CURVE('',#6009,#6009,#5205,.T.);
#7317=EDGE_CURVE('',#6009,#6010,#3636,.T.);
#7318=EDGE_CURVE('',#6010,#6010,#5206,.T.);
#7319=EDGE_CURVE('',#6011,#6011,#5207,.T.);
#7320=EDGE_CURVE('',#6011,#6012,#3637,.T.);
#7321=EDGE_CURVE('',#6012,#6012,#5208,.T.);
#7322=EDGE_CURVE('',#6013,#6013,#5209,.T.);
#7323=EDGE_CURVE('',#6013,#6014,#3638,.T.);
#7324=EDGE_CURVE('',#6014,#6014,#5210,.T.);
#7325=EDGE_CURVE('',#6015,#6015,#5211,.T.);
#7326=EDGE_CURVE('',#6015,#6016,#3639,.T.);
#7327=EDGE_CURVE('',#6016,#6016,#5212,.T.);
#7328=EDGE_CURVE('',#6017,#6017,#5213,.T.);
#7329=EDGE_CURVE('',#6017,#6018,#3640,.T.);
#7330=EDGE_CURVE('',#6018,#6018,#5214,.T.);
#7331=EDGE_CURVE('',#6019,#6019,#5215,.T.);
#7332=EDGE_CURVE('',#6019,#6020,#3641,.T.);
#7333=EDGE_CURVE('',#6020,#6020,#5216,.T.);
#7334=EDGE_CURVE('',#6021,#6021,#5217,.T.);
#7335=EDGE_CURVE('',#6021,#6022,#3642,.T.);
#7336=EDGE_CURVE('',#6022,#6022,#5218,.T.);
#7337=EDGE_CURVE('',#6023,#6023,#5219,.T.);
#7338=EDGE_CURVE('',#6023,#6024,#3643,.T.);
#7339=EDGE_CURVE('',#6024,#6024,#5220,.T.);
#7340=EDGE_CURVE('',#6025,#6025,#5221,.T.);
#7341=EDGE_CURVE('',#6025,#6026,#3644,.T.);
#7342=EDGE_CURVE('',#6026,#6026,#5222,.T.);
#7343=EDGE_CURVE('',#6027,#6027,#5223,.T.);
#7344=EDGE_CURVE('',#6027,#6028,#3645,.T.);
#7345=EDGE_CURVE('',#6028,#6028,#5224,.T.);
#7346=EDGE_CURVE('',#6029,#6029,#5225,.T.);
#7347=EDGE_CURVE('',#6029,#6030,#3646,.T.);
#7348=EDGE_CURVE('',#6030,#6030,#5226,.T.);
#7349=EDGE_CURVE('',#6031,#6031,#5227,.T.);
#7350=EDGE_CURVE('',#6031,#6032,#3647,.T.);
#7351=EDGE_CURVE('',#6032,#6032,#5228,.T.);
#7352=EDGE_CURVE('',#6033,#6033,#5229,.T.);
#7353=EDGE_CURVE('',#6033,#6034,#3648,.T.);
#7354=EDGE_CURVE('',#6034,#6034,#5230,.T.);
#7355=EDGE_CURVE('',#6035,#6035,#5231,.T.);
#7356=EDGE_CURVE('',#6035,#6036,#3649,.T.);
#7357=EDGE_CURVE('',#6036,#6036,#5232,.T.);
#7358=EDGE_CURVE('',#6037,#6037,#5233,.T.);
#7359=EDGE_CURVE('',#6037,#6038,#3650,.T.);
#7360=EDGE_CURVE('',#6038,#6038,#5234,.T.);
#7361=EDGE_CURVE('',#6039,#6039,#5235,.T.);
#7362=EDGE_CURVE('',#6039,#6040,#3651,.T.);
#7363=EDGE_CURVE('',#6040,#6040,#5236,.T.);
#7364=EDGE_CURVE('',#6041,#6041,#5237,.T.);
#7365=EDGE_CURVE('',#6041,#6042,#3652,.T.);
#7366=EDGE_CURVE('',#6042,#6042,#5238,.T.);
#7367=EDGE_CURVE('',#6043,#6043,#5239,.T.);
#7368=EDGE_CURVE('',#6043,#6044,#3653,.T.);
#7369=EDGE_CURVE('',#6044,#6044,#5240,.T.);
#7370=EDGE_CURVE('',#6045,#6045,#5241,.T.);
#7371=EDGE_CURVE('',#6045,#6046,#3654,.T.);
#7372=EDGE_CURVE('',#6046,#6046,#5242,.T.);
#7373=EDGE_CURVE('',#6047,#6048,#3655,.T.);
#7374=EDGE_CURVE('',#6047,#6049,#3656,.T.);
#7375=EDGE_CURVE('',#6050,#6049,#3657,.T.);
#7376=EDGE_CURVE('',#6048,#6050,#3658,.T.);
#7377=EDGE_CURVE('',#6051,#6047,#3659,.T.);
#7378=EDGE_CURVE('',#6052,#6051,#3660,.T.);
#7379=EDGE_CURVE('',#6049,#6052,#3661,.T.);
#7380=EDGE_CURVE('',#6053,#6051,#3662,.T.);
#7381=EDGE_CURVE('',#6054,#6053,#3663,.T.);
#7382=EDGE_CURVE('',#6052,#6054,#3664,.T.);
#7383=EDGE_CURVE('',#6048,#6055,#3665,.T.);
#7384=EDGE_CURVE('',#6055,#6056,#3666,.T.);
#7385=EDGE_CURVE('',#6057,#6056,#3667,.T.);
#7386=EDGE_CURVE('',#6058,#6057,#3668,.T.);
#7387=EDGE_CURVE('',#6058,#6053,#3669,.T.);
#7388=EDGE_CURVE('',#6059,#6050,#3670,.T.);
#7389=EDGE_CURVE('',#6055,#6059,#3671,.T.);
#7390=EDGE_CURVE('',#6060,#6061,#3672,.T.);
#7391=EDGE_CURVE('',#6062,#6060,#3673,.T.);
#7392=EDGE_CURVE('',#6063,#6062,#3674,.T.);
#7393=EDGE_CURVE('',#6063,#6061,#3675,.T.);
#7394=EDGE_CURVE('',#6061,#6064,#3676,.T.);
#7395=EDGE_CURVE('',#6065,#6063,#3677,.T.);
#7396=EDGE_CURVE('',#6065,#6064,#3678,.T.);
#7397=EDGE_CURVE('',#6064,#6066,#3679,.T.);
#7398=EDGE_CURVE('',#6067,#6065,#3680,.T.);
#7399=EDGE_CURVE('',#6067,#6066,#3681,.T.);
#7400=EDGE_CURVE('',#6066,#6060,#3682,.T.);
#7401=EDGE_CURVE('',#6062,#6067,#3683,.T.);
#7402=EDGE_CURVE('',#6068,#6058,#3684,.T.);
#7403=EDGE_CURVE('',#6069,#6057,#3685,.T.);
#7404=EDGE_CURVE('',#6068,#6069,#3686,.T.);
#7405=EDGE_CURVE('',#6054,#6068,#3687,.T.);
#7406=EDGE_CURVE('',#6070,#6069,#3688,.T.);
#7407=EDGE_CURVE('',#6059,#6070,#3689,.T.);
#7408=EDGE_CURVE('',#6056,#6070,#3690,.T.);
#7409=EDGE_CURVE('',#6071,#6071,#5243,.T.);
#7410=EDGE_CURVE('',#6071,#6072,#3691,.T.);
#7411=EDGE_CURVE('',#6072,#6072,#5244,.T.);
#7412=EDGE_CURVE('',#6073,#6073,#5245,.T.);
#7413=EDGE_CURVE('',#6073,#6074,#3692,.T.);
#7414=EDGE_CURVE('',#6074,#6074,#5246,.T.);
#7415=EDGE_CURVE('',#6075,#6076,#3693,.T.);
#7416=EDGE_CURVE('',#6075,#6077,#3694,.T.);
#7417=EDGE_CURVE('',#6078,#6077,#3695,.T.);
#7418=EDGE_CURVE('',#6076,#6078,#3696,.T.);
#7419=EDGE_CURVE('',#6079,#6080,#3697,.T.);
#7420=EDGE_CURVE('',#6081,#6079,#3698,.T.);
#7421=EDGE_CURVE('',#6082,#6081,#3699,.T.);
#7422=EDGE_CURVE('',#6082,#6080,#3700,.T.);
#7423=EDGE_CURVE('',#6080,#6075,#3701,.T.);
#7424=EDGE_CURVE('',#6077,#6082,#3702,.T.);
#7425=EDGE_CURVE('',#6081,#6083,#3703,.T.);
#7426=EDGE_CURVE('',#6083,#6084,#3704,.T.);
#7427=EDGE_CURVE('',#6085,#6084,#3705,.T.);
#7428=EDGE_CURVE('',#6086,#6085,#3706,.T.);
#7429=EDGE_CURVE('',#6086,#6078,#3707,.T.);
#7430=EDGE_CURVE('',#6087,#6079,#3708,.T.);
#7431=EDGE_CURVE('',#6083,#6087,#3709,.T.);
#7432=EDGE_CURVE('',#6088,#6086,#3710,.T.);
#7433=EDGE_CURVE('',#6076,#6088,#3711,.T.);
#7434=EDGE_CURVE('',#6089,#6090,#3712,.T.);
#7435=EDGE_CURVE('',#6091,#6089,#3713,.T.);
#7436=EDGE_CURVE('',#6092,#6091,#3714,.T.);
#7437=EDGE_CURVE('',#6092,#6090,#3715,.T.);
#7438=EDGE_CURVE('',#6090,#6093,#3716,.T.);
#7439=EDGE_CURVE('',#6094,#6092,#3717,.T.);
#7440=EDGE_CURVE('',#6094,#6093,#3718,.T.);
#7441=EDGE_CURVE('',#6093,#6095,#3719,.T.);
#7442=EDGE_CURVE('',#6096,#6094,#3720,.T.);
#7443=EDGE_CURVE('',#6096,#6095,#3721,.T.);
#7444=EDGE_CURVE('',#6095,#6089,#3722,.T.);
#7445=EDGE_CURVE('',#6091,#6096,#3723,.T.);
#7446=EDGE_CURVE('',#6097,#6085,#3724,.T.);
#7447=EDGE_CURVE('',#6088,#6097,#3725,.T.);
#7448=EDGE_CURVE('',#6098,#6097,#3726,.T.);
#7449=EDGE_CURVE('',#6087,#6098,#3727,.T.);
#7450=EDGE_CURVE('',#6084,#6098,#3728,.T.);
#7451=EDGE_CURVE('',#6099,#6099,#5247,.T.);
#7452=EDGE_CURVE('',#6099,#6100,#3729,.T.);
#7453=EDGE_CURVE('',#6100,#6100,#5248,.T.);
#7454=EDGE_CURVE('',#6101,#6101,#5249,.T.);
#7455=EDGE_CURVE('',#6101,#6102,#3730,.T.);
#7456=EDGE_CURVE('',#6102,#6102,#5250,.T.);
#7457=EDGE_CURVE('',#6103,#6104,#3731,.T.);
#7458=EDGE_CURVE('',#6103,#6105,#3732,.T.);
#7459=EDGE_CURVE('',#6106,#6105,#3733,.T.);
#7460=EDGE_CURVE('',#6104,#6106,#3734,.T.);
#7461=EDGE_CURVE('',#6107,#6108,#3735,.T.);
#7462=EDGE_CURVE('',#6109,#6107,#3736,.T.);
#7463=EDGE_CURVE('',#6110,#6109,#3737,.T.);
#7464=EDGE_CURVE('',#6110,#6108,#3738,.T.);
#7465=EDGE_CURVE('',#6108,#6103,#3739,.T.);
#7466=EDGE_CURVE('',#6105,#6110,#3740,.T.);
#7467=EDGE_CURVE('',#6109,#6111,#3741,.T.);
#7468=EDGE_CURVE('',#6111,#6112,#3742,.T.);
#7469=EDGE_CURVE('',#6113,#6112,#3743,.T.);
#7470=EDGE_CURVE('',#6114,#6113,#3744,.T.);
#7471=EDGE_CURVE('',#6114,#6106,#3745,.T.);
#7472=EDGE_CURVE('',#6115,#6107,#3746,.T.);
#7473=EDGE_CURVE('',#6111,#6115,#3747,.T.);
#7474=EDGE_CURVE('',#6116,#6114,#3748,.T.);
#7475=EDGE_CURVE('',#6104,#6116,#3749,.T.);
#7476=EDGE_CURVE('',#6117,#6118,#3750,.T.);
#7477=EDGE_CURVE('',#6119,#6117,#3751,.T.);
#7478=EDGE_CURVE('',#6120,#6119,#3752,.T.);
#7479=EDGE_CURVE('',#6120,#6118,#3753,.T.);
#7480=EDGE_CURVE('',#6118,#6121,#3754,.T.);
#7481=EDGE_CURVE('',#6122,#6120,#3755,.T.);
#7482=EDGE_CURVE('',#6122,#6121,#3756,.T.);
#7483=EDGE_CURVE('',#6121,#6123,#3757,.T.);
#7484=EDGE_CURVE('',#6124,#6122,#3758,.T.);
#7485=EDGE_CURVE('',#6124,#6123,#3759,.T.);
#7486=EDGE_CURVE('',#6123,#6117,#3760,.T.);
#7487=EDGE_CURVE('',#6119,#6124,#3761,.T.);
#7488=EDGE_CURVE('',#6125,#6113,#3762,.T.);
#7489=EDGE_CURVE('',#6116,#6125,#3763,.T.);
#7490=EDGE_CURVE('',#6126,#6125,#3764,.T.);
#7491=EDGE_CURVE('',#6115,#6126,#3765,.T.);
#7492=EDGE_CURVE('',#6112,#6126,#3766,.T.);
#7493=EDGE_CURVE('',#6127,#6127,#5251,.T.);
#7494=EDGE_CURVE('',#6127,#6128,#3767,.T.);
#7495=EDGE_CURVE('',#6128,#6128,#5252,.T.);
#7496=EDGE_CURVE('',#6129,#6129,#5253,.T.);
#7497=EDGE_CURVE('',#6129,#6130,#3768,.T.);
#7498=EDGE_CURVE('',#6130,#6130,#5254,.T.);
#7499=EDGE_CURVE('',#6131,#6132,#3769,.T.);
#7500=EDGE_CURVE('',#6131,#6133,#3770,.T.);
#7501=EDGE_CURVE('',#6134,#6133,#3771,.T.);
#7502=EDGE_CURVE('',#6132,#6134,#3772,.T.);
#7503=EDGE_CURVE('',#6135,#6131,#3773,.T.);
#7504=EDGE_CURVE('',#6136,#6135,#3774,.T.);
#7505=EDGE_CURVE('',#6133,#6136,#3775,.T.);
#7506=EDGE_CURVE('',#6137,#6135,#3776,.T.);
#7507=EDGE_CURVE('',#6138,#6137,#3777,.T.);
#7508=EDGE_CURVE('',#6136,#6138,#3778,.T.);
#7509=EDGE_CURVE('',#6132,#6139,#3779,.T.);
#7510=EDGE_CURVE('',#6139,#6140,#3780,.T.);
#7511=EDGE_CURVE('',#6141,#6140,#3781,.T.);
#7512=EDGE_CURVE('',#6142,#6141,#3782,.T.);
#7513=EDGE_CURVE('',#6142,#6137,#3783,.T.);
#7514=EDGE_CURVE('',#6143,#6134,#3784,.T.);
#7515=EDGE_CURVE('',#6139,#6143,#3785,.T.);
#7516=EDGE_CURVE('',#6144,#6145,#3786,.T.);
#7517=EDGE_CURVE('',#6146,#6144,#3787,.T.);
#7518=EDGE_CURVE('',#6147,#6146,#3788,.T.);
#7519=EDGE_CURVE('',#6147,#6145,#3789,.T.);
#7520=EDGE_CURVE('',#6145,#6148,#3790,.T.);
#7521=EDGE_CURVE('',#6149,#6147,#3791,.T.);
#7522=EDGE_CURVE('',#6149,#6148,#3792,.T.);
#7523=EDGE_CURVE('',#6148,#6150,#3793,.T.);
#7524=EDGE_CURVE('',#6151,#6149,#3794,.T.);
#7525=EDGE_CURVE('',#6151,#6150,#3795,.T.);
#7526=EDGE_CURVE('',#6150,#6144,#3796,.T.);
#7527=EDGE_CURVE('',#6146,#6151,#3797,.T.);
#7528=EDGE_CURVE('',#6152,#6142,#3798,.T.);
#7529=EDGE_CURVE('',#6153,#6141,#3799,.T.);
#7530=EDGE_CURVE('',#6152,#6153,#3800,.T.);
#7531=EDGE_CURVE('',#6138,#6152,#3801,.T.);
#7532=EDGE_CURVE('',#6154,#6153,#3802,.T.);
#7533=EDGE_CURVE('',#6143,#6154,#3803,.T.);
#7534=EDGE_CURVE('',#6140,#6154,#3804,.T.);
#7535=EDGE_CURVE('',#6155,#6155,#5255,.T.);
#7536=EDGE_CURVE('',#6155,#6156,#3805,.T.);
#7537=EDGE_CURVE('',#6156,#6156,#5256,.T.);
#7538=EDGE_CURVE('',#6157,#6157,#5257,.T.);
#7539=EDGE_CURVE('',#6157,#6158,#3806,.T.);
#7540=EDGE_CURVE('',#6158,#6158,#5258,.T.);
#7541=EDGE_CURVE('',#6159,#6160,#3807,.T.);
#7542=EDGE_CURVE('',#6159,#6161,#3808,.T.);
#7543=EDGE_CURVE('',#6162,#6161,#3809,.T.);
#7544=EDGE_CURVE('',#6160,#6162,#3810,.T.);
#7545=EDGE_CURVE('',#6163,#6164,#3811,.T.);
#7546=EDGE_CURVE('',#6165,#6163,#3812,.T.);
#7547=EDGE_CURVE('',#6166,#6165,#3813,.T.);
#7548=EDGE_CURVE('',#6166,#6164,#3814,.T.);
#7549=EDGE_CURVE('',#6164,#6159,#3815,.T.);
#7550=EDGE_CURVE('',#6161,#6166,#3816,.T.);
#7551=EDGE_CURVE('',#6165,#6167,#3817,.T.);
#7552=EDGE_CURVE('',#6167,#6168,#3818,.T.);
#7553=EDGE_CURVE('',#6169,#6168,#3819,.T.);
#7554=EDGE_CURVE('',#6170,#6169,#3820,.T.);
#7555=EDGE_CURVE('',#6170,#6162,#3821,.T.);
#7556=EDGE_CURVE('',#6171,#6163,#3822,.T.);
#7557=EDGE_CURVE('',#6167,#6171,#3823,.T.);
#7558=EDGE_CURVE('',#6172,#6170,#3824,.T.);
#7559=EDGE_CURVE('',#6160,#6172,#3825,.T.);
#7560=EDGE_CURVE('',#6173,#6174,#3826,.T.);
#7561=EDGE_CURVE('',#6175,#6173,#3827,.T.);
#7562=EDGE_CURVE('',#6176,#6175,#3828,.T.);
#7563=EDGE_CURVE('',#6176,#6174,#3829,.T.);
#7564=EDGE_CURVE('',#6174,#6177,#3830,.T.);
#7565=EDGE_CURVE('',#6178,#6176,#3831,.T.);
#7566=EDGE_CURVE('',#6178,#6177,#3832,.T.);
#7567=EDGE_CURVE('',#6177,#6179,#3833,.T.);
#7568=EDGE_CURVE('',#6180,#6178,#3834,.T.);
#7569=EDGE_CURVE('',#6180,#6179,#3835,.T.);
#7570=EDGE_CURVE('',#6179,#6173,#3836,.T.);
#7571=EDGE_CURVE('',#6175,#6180,#3837,.T.);
#7572=EDGE_CURVE('',#6181,#6169,#3838,.T.);
#7573=EDGE_CURVE('',#6172,#6181,#3839,.T.);
#7574=EDGE_CURVE('',#6182,#6181,#3840,.T.);
#7575=EDGE_CURVE('',#6171,#6182,#3841,.T.);
#7576=EDGE_CURVE('',#6168,#6182,#3842,.T.);
#7577=EDGE_CURVE('',#6183,#6183,#5259,.T.);
#7578=EDGE_CURVE('',#6183,#6184,#3843,.T.);
#7579=EDGE_CURVE('',#6184,#6184,#5260,.T.);
#7580=EDGE_CURVE('',#6185,#6185,#5261,.T.);
#7581=EDGE_CURVE('',#6185,#6186,#3844,.T.);
#7582=EDGE_CURVE('',#6186,#6186,#5262,.T.);
#7583=EDGE_CURVE('',#6187,#6187,#5263,.T.);
#7584=EDGE_CURVE('',#6187,#6188,#3845,.T.);
#7585=EDGE_CURVE('',#6188,#6188,#5264,.T.);
#7586=EDGE_CURVE('',#6189,#6189,#5265,.T.);
#7587=EDGE_CURVE('',#6189,#6190,#3846,.T.);
#7588=EDGE_CURVE('',#6190,#6190,#5266,.T.);
#7589=EDGE_CURVE('',#6191,#6191,#5267,.T.);
#7590=EDGE_CURVE('',#6191,#6192,#3847,.T.);
#7591=EDGE_CURVE('',#6192,#6192,#5268,.T.);
#7592=EDGE_CURVE('',#6193,#6193,#5269,.T.);
#7593=EDGE_CURVE('',#6193,#6194,#3848,.T.);
#7594=EDGE_CURVE('',#6194,#6194,#5270,.T.);
#7595=EDGE_CURVE('',#6195,#6196,#3849,.T.);
#7596=EDGE_CURVE('',#6197,#6195,#3850,.T.);
#7597=EDGE_CURVE('',#6198,#6197,#3851,.T.);
#7598=EDGE_CURVE('',#6198,#6196,#3852,.T.);
#7599=EDGE_CURVE('',#6196,#6199,#3853,.T.);
#7600=EDGE_CURVE('',#6200,#6198,#3854,.T.);
#7601=EDGE_CURVE('',#6200,#6199,#3855,.T.);
#7602=EDGE_CURVE('',#6199,#6201,#3856,.T.);
#7603=EDGE_CURVE('',#6202,#6200,#3857,.T.);
#7604=EDGE_CURVE('',#6202,#6201,#3858,.T.);
#7605=EDGE_CURVE('',#6201,#6195,#3859,.T.);
#7606=EDGE_CURVE('',#6197,#6202,#3860,.T.);
#7607=EDGE_CURVE('',#6203,#6203,#5271,.T.);
#7608=EDGE_CURVE('',#6203,#6204,#3861,.T.);
#7609=EDGE_CURVE('',#6204,#6204,#5272,.T.);
#7610=EDGE_CURVE('',#6205,#6205,#5273,.T.);
#7611=EDGE_CURVE('',#6205,#6206,#3862,.T.);
#7612=EDGE_CURVE('',#6206,#6206,#5274,.T.);
#7613=EDGE_CURVE('',#6207,#6207,#5275,.T.);
#7614=EDGE_CURVE('',#6207,#6208,#3863,.T.);
#7615=EDGE_CURVE('',#6208,#6208,#5276,.T.);
#7616=EDGE_CURVE('',#6209,#6209,#5277,.T.);
#7617=EDGE_CURVE('',#6209,#6210,#3864,.T.);
#7618=EDGE_CURVE('',#6210,#6210,#5278,.T.);
#7619=EDGE_CURVE('',#6211,#6212,#3865,.T.);
#7620=EDGE_CURVE('',#6212,#6213,#3866,.T.);
#7621=EDGE_CURVE('',#6214,#6213,#3867,.T.);
#7622=EDGE_CURVE('',#6211,#6214,#3868,.T.);
#7623=EDGE_CURVE('',#6215,#6211,#3869,.T.);
#7624=EDGE_CURVE('',#6216,#6214,#3870,.T.);
#7625=EDGE_CURVE('',#6215,#6216,#3871,.T.);
#7626=EDGE_CURVE('',#6217,#6215,#3872,.T.);
#7627=EDGE_CURVE('',#6218,#6216,#3873,.T.);
#7628=EDGE_CURVE('',#6217,#6218,#3874,.T.);
#7629=EDGE_CURVE('',#6212,#6217,#3875,.T.);
#7630=EDGE_CURVE('',#6213,#6218,#3876,.T.);
#7631=EDGE_CURVE('',#6219,#6219,#5279,.T.);
#7632=EDGE_CURVE('',#6219,#6220,#3877,.T.);
#7633=EDGE_CURVE('',#6220,#6220,#5280,.T.);
#7634=EDGE_CURVE('',#6221,#6221,#5281,.T.);
#7635=EDGE_CURVE('',#6221,#6222,#3878,.T.);
#7636=EDGE_CURVE('',#6222,#6222,#5282,.T.);
#7637=EDGE_CURVE('',#6223,#6223,#5283,.T.);
#7638=EDGE_CURVE('',#6223,#6224,#3879,.T.);
#7639=EDGE_CURVE('',#6224,#6224,#5284,.T.);
#7640=EDGE_CURVE('',#6225,#6225,#5285,.T.);
#7641=EDGE_CURVE('',#6225,#6226,#3880,.T.);
#7642=EDGE_CURVE('',#6226,#6226,#5286,.T.);
#7643=EDGE_CURVE('',#6227,#6228,#3881,.T.);
#7644=EDGE_CURVE('',#6228,#6229,#3882,.T.);
#7645=EDGE_CURVE('',#6230,#6229,#3883,.T.);
#7646=EDGE_CURVE('',#6227,#6230,#3884,.T.);
#7647=EDGE_CURVE('',#6231,#6227,#3885,.T.);
#7648=EDGE_CURVE('',#6232,#6230,#3886,.T.);
#7649=EDGE_CURVE('',#6231,#6232,#3887,.T.);
#7650=EDGE_CURVE('',#6233,#6231,#3888,.T.);
#7651=EDGE_CURVE('',#6234,#6232,#3889,.T.);
#7652=EDGE_CURVE('',#6233,#6234,#3890,.T.);
#7653=EDGE_CURVE('',#6228,#6233,#3891,.T.);
#7654=EDGE_CURVE('',#6229,#6234,#3892,.T.);
#7655=ORIENTED_EDGE('',*,*,#6235,.F.);
#7656=ORIENTED_EDGE('',*,*,#6236,.T.);
#7657=ORIENTED_EDGE('',*,*,#6237,.F.);
#7658=ORIENTED_EDGE('',*,*,#6236,.F.);
#7659=ORIENTED_EDGE('',*,*,#6238,.F.);
#7660=ORIENTED_EDGE('',*,*,#6239,.T.);
#7661=ORIENTED_EDGE('',*,*,#6240,.F.);
#7662=ORIENTED_EDGE('',*,*,#6239,.F.);
#7663=ORIENTED_EDGE('',*,*,#6241,.F.);
#7664=ORIENTED_EDGE('',*,*,#6242,.T.);
#7665=ORIENTED_EDGE('',*,*,#6243,.F.);
#7666=ORIENTED_EDGE('',*,*,#6242,.F.);
#7667=ORIENTED_EDGE('',*,*,#6244,.F.);
#7668=ORIENTED_EDGE('',*,*,#6245,.T.);
#7669=ORIENTED_EDGE('',*,*,#6246,.F.);
#7670=ORIENTED_EDGE('',*,*,#6245,.F.);
#7671=ORIENTED_EDGE('',*,*,#6247,.F.);
#7672=ORIENTED_EDGE('',*,*,#6248,.T.);
#7673=ORIENTED_EDGE('',*,*,#6249,.F.);
#7674=ORIENTED_EDGE('',*,*,#6248,.F.);
#7675=ORIENTED_EDGE('',*,*,#6250,.F.);
#7676=ORIENTED_EDGE('',*,*,#6251,.T.);
#7677=ORIENTED_EDGE('',*,*,#6252,.F.);
#7678=ORIENTED_EDGE('',*,*,#6251,.F.);
#7679=ORIENTED_EDGE('',*,*,#6253,.F.);
#7680=ORIENTED_EDGE('',*,*,#6254,.T.);
#7681=ORIENTED_EDGE('',*,*,#6255,.F.);
#7682=ORIENTED_EDGE('',*,*,#6254,.F.);
#7683=ORIENTED_EDGE('',*,*,#6256,.F.);
#7684=ORIENTED_EDGE('',*,*,#6257,.T.);
#7685=ORIENTED_EDGE('',*,*,#6258,.F.);
#7686=ORIENTED_EDGE('',*,*,#6257,.F.);
#7687=ORIENTED_EDGE('',*,*,#6259,.F.);
#7688=ORIENTED_EDGE('',*,*,#6260,.T.);
#7689=ORIENTED_EDGE('',*,*,#6261,.F.);
#7690=ORIENTED_EDGE('',*,*,#6260,.F.);
#7691=ORIENTED_EDGE('',*,*,#6262,.F.);
#7692=ORIENTED_EDGE('',*,*,#6263,.T.);
#7693=ORIENTED_EDGE('',*,*,#6264,.F.);
#7694=ORIENTED_EDGE('',*,*,#6263,.F.);
#7695=ORIENTED_EDGE('',*,*,#6265,.F.);
#7696=ORIENTED_EDGE('',*,*,#6266,.T.);
#7697=ORIENTED_EDGE('',*,*,#6267,.F.);
#7698=ORIENTED_EDGE('',*,*,#6266,.F.);
#7699=ORIENTED_EDGE('',*,*,#6268,.F.);
#7700=ORIENTED_EDGE('',*,*,#6269,.T.);
#7701=ORIENTED_EDGE('',*,*,#6270,.F.);
#7702=ORIENTED_EDGE('',*,*,#6269,.F.);
#7703=ORIENTED_EDGE('',*,*,#6271,.F.);
#7704=ORIENTED_EDGE('',*,*,#6272,.F.);
#7705=ORIENTED_EDGE('',*,*,#6273,.F.);
#7706=ORIENTED_EDGE('',*,*,#6274,.T.);
#7707=ORIENTED_EDGE('',*,*,#6275,.F.);
#7708=ORIENTED_EDGE('',*,*,#6276,.T.);
#7709=ORIENTED_EDGE('',*,*,#6277,.F.);
#7710=ORIENTED_EDGE('',*,*,#6278,.F.);
#7711=ORIENTED_EDGE('',*,*,#6279,.F.);
#7712=ORIENTED_EDGE('',*,*,#6276,.F.);
#7713=ORIENTED_EDGE('',*,*,#6280,.F.);
#7714=ORIENTED_EDGE('',*,*,#6272,.T.);
#7715=ORIENTED_EDGE('',*,*,#6281,.F.);
#7716=ORIENTED_EDGE('',*,*,#6278,.T.);
#7717=ORIENTED_EDGE('',*,*,#6282,.F.);
#7718=ORIENTED_EDGE('',*,*,#6274,.F.);
#7719=ORIENTED_EDGE('',*,*,#6283,.F.);
#7720=ORIENTED_EDGE('',*,*,#6284,.F.);
#7721=ORIENTED_EDGE('',*,*,#6285,.F.);
#7722=ORIENTED_EDGE('',*,*,#6286,.T.);
#7723=ORIENTED_EDGE('',*,*,#6287,.F.);
#7724=ORIENTED_EDGE('',*,*,#6288,.T.);
#7725=ORIENTED_EDGE('',*,*,#6289,.F.);
#7726=ORIENTED_EDGE('',*,*,#6290,.F.);
#7727=ORIENTED_EDGE('',*,*,#6291,.F.);
#7728=ORIENTED_EDGE('',*,*,#6288,.F.);
#7729=ORIENTED_EDGE('',*,*,#6292,.F.);
#7730=ORIENTED_EDGE('',*,*,#6284,.T.);
#7731=ORIENTED_EDGE('',*,*,#6293,.F.);
#7732=ORIENTED_EDGE('',*,*,#6290,.T.);
#7733=ORIENTED_EDGE('',*,*,#6294,.F.);
#7734=ORIENTED_EDGE('',*,*,#6286,.F.);
#7735=ORIENTED_EDGE('',*,*,#6295,.F.);
#7736=ORIENTED_EDGE('',*,*,#6296,.F.);
#7737=ORIENTED_EDGE('',*,*,#6297,.F.);
#7738=ORIENTED_EDGE('',*,*,#6298,.T.);
#7739=ORIENTED_EDGE('',*,*,#6299,.F.);
#7740=ORIENTED_EDGE('',*,*,#6300,.T.);
#7741=ORIENTED_EDGE('',*,*,#6301,.F.);
#7742=ORIENTED_EDGE('',*,*,#6302,.F.);
#7743=ORIENTED_EDGE('',*,*,#6303,.F.);
#7744=ORIENTED_EDGE('',*,*,#6300,.F.);
#7745=ORIENTED_EDGE('',*,*,#6304,.F.);
#7746=ORIENTED_EDGE('',*,*,#6296,.T.);
#7747=ORIENTED_EDGE('',*,*,#6305,.F.);
#7748=ORIENTED_EDGE('',*,*,#6302,.T.);
#7749=ORIENTED_EDGE('',*,*,#6306,.F.);
#7750=ORIENTED_EDGE('',*,*,#6298,.F.);
#7751=ORIENTED_EDGE('',*,*,#6307,.F.);
#7752=ORIENTED_EDGE('',*,*,#6308,.F.);
#7753=ORIENTED_EDGE('',*,*,#6309,.F.);
#7754=ORIENTED_EDGE('',*,*,#6310,.T.);
#7755=ORIENTED_EDGE('',*,*,#6311,.F.);
#7756=ORIENTED_EDGE('',*,*,#6312,.T.);
#7757=ORIENTED_EDGE('',*,*,#6313,.F.);
#7758=ORIENTED_EDGE('',*,*,#6314,.F.);
#7759=ORIENTED_EDGE('',*,*,#6315,.F.);
#7760=ORIENTED_EDGE('',*,*,#6312,.F.);
#7761=ORIENTED_EDGE('',*,*,#6316,.F.);
#7762=ORIENTED_EDGE('',*,*,#6308,.T.);
#7763=ORIENTED_EDGE('',*,*,#6317,.F.);
#7764=ORIENTED_EDGE('',*,*,#6314,.T.);
#7765=ORIENTED_EDGE('',*,*,#6318,.F.);
#7766=ORIENTED_EDGE('',*,*,#6310,.F.);
#7767=ORIENTED_EDGE('',*,*,#6319,.F.);
#7768=ORIENTED_EDGE('',*,*,#6320,.T.);
#7769=ORIENTED_EDGE('',*,*,#6321,.F.);
#7770=ORIENTED_EDGE('',*,*,#6320,.F.);
#7771=ORIENTED_EDGE('',*,*,#6322,.F.);
#7772=ORIENTED_EDGE('',*,*,#6323,.T.);
#7773=ORIENTED_EDGE('',*,*,#6324,.F.);
#7774=ORIENTED_EDGE('',*,*,#6323,.F.);
#7775=ORIENTED_EDGE('',*,*,#6325,.F.);
#7776=ORIENTED_EDGE('',*,*,#6326,.T.);
#7777=ORIENTED_EDGE('',*,*,#6327,.F.);
#7778=ORIENTED_EDGE('',*,*,#6326,.F.);
#7779=ORIENTED_EDGE('',*,*,#6328,.F.);
#7780=ORIENTED_EDGE('',*,*,#6329,.T.);
#7781=ORIENTED_EDGE('',*,*,#6330,.F.);
#7782=ORIENTED_EDGE('',*,*,#6329,.F.);
#7783=ORIENTED_EDGE('',*,*,#6331,.F.);
#7784=ORIENTED_EDGE('',*,*,#6332,.T.);
#7785=ORIENTED_EDGE('',*,*,#6333,.F.);
#7786=ORIENTED_EDGE('',*,*,#6332,.F.);
#7787=ORIENTED_EDGE('',*,*,#6334,.F.);
#7788=ORIENTED_EDGE('',*,*,#6335,.T.);
#7789=ORIENTED_EDGE('',*,*,#6336,.F.);
#7790=ORIENTED_EDGE('',*,*,#6335,.F.);
#7791=ORIENTED_EDGE('',*,*,#6337,.F.);
#7792=ORIENTED_EDGE('',*,*,#6338,.T.);
#7793=ORIENTED_EDGE('',*,*,#6339,.F.);
#7794=ORIENTED_EDGE('',*,*,#6338,.F.);
#7795=ORIENTED_EDGE('',*,*,#6340,.F.);
#7796=ORIENTED_EDGE('',*,*,#6341,.T.);
#7797=ORIENTED_EDGE('',*,*,#6342,.F.);
#7798=ORIENTED_EDGE('',*,*,#6341,.F.);
#7799=ORIENTED_EDGE('',*,*,#6343,.F.);
#7800=ORIENTED_EDGE('',*,*,#6344,.T.);
#7801=ORIENTED_EDGE('',*,*,#6345,.F.);
#7802=ORIENTED_EDGE('',*,*,#6344,.F.);
#7803=ORIENTED_EDGE('',*,*,#6346,.F.);
#7804=ORIENTED_EDGE('',*,*,#6347,.T.);
#7805=ORIENTED_EDGE('',*,*,#6348,.F.);
#7806=ORIENTED_EDGE('',*,*,#6347,.F.);
#7807=ORIENTED_EDGE('',*,*,#6349,.F.);
#7808=ORIENTED_EDGE('',*,*,#6350,.T.);
#7809=ORIENTED_EDGE('',*,*,#6351,.F.);
#7810=ORIENTED_EDGE('',*,*,#6350,.F.);
#7811=ORIENTED_EDGE('',*,*,#6352,.F.);
#7812=ORIENTED_EDGE('',*,*,#6353,.T.);
#7813=ORIENTED_EDGE('',*,*,#6354,.F.);
#7814=ORIENTED_EDGE('',*,*,#6353,.F.);
#7815=ORIENTED_EDGE('',*,*,#6355,.F.);
#7816=ORIENTED_EDGE('',*,*,#6356,.T.);
#7817=ORIENTED_EDGE('',*,*,#6357,.F.);
#7818=ORIENTED_EDGE('',*,*,#6356,.F.);
#7819=ORIENTED_EDGE('',*,*,#6358,.F.);
#7820=ORIENTED_EDGE('',*,*,#6359,.T.);
#7821=ORIENTED_EDGE('',*,*,#6360,.F.);
#7822=ORIENTED_EDGE('',*,*,#6359,.F.);
#7823=ORIENTED_EDGE('',*,*,#6361,.F.);
#7824=ORIENTED_EDGE('',*,*,#6362,.T.);
#7825=ORIENTED_EDGE('',*,*,#6363,.F.);
#7826=ORIENTED_EDGE('',*,*,#6362,.F.);
#7827=ORIENTED_EDGE('',*,*,#6364,.F.);
#7828=ORIENTED_EDGE('',*,*,#6365,.T.);
#7829=ORIENTED_EDGE('',*,*,#6366,.F.);
#7830=ORIENTED_EDGE('',*,*,#6365,.F.);
#7831=ORIENTED_EDGE('',*,*,#6367,.F.);
#7832=ORIENTED_EDGE('',*,*,#6368,.T.);
#7833=ORIENTED_EDGE('',*,*,#6369,.F.);
#7834=ORIENTED_EDGE('',*,*,#6368,.F.);
#7835=ORIENTED_EDGE('',*,*,#6370,.F.);
#7836=ORIENTED_EDGE('',*,*,#6371,.T.);
#7837=ORIENTED_EDGE('',*,*,#6372,.F.);
#7838=ORIENTED_EDGE('',*,*,#6371,.F.);
#7839=ORIENTED_EDGE('',*,*,#6373,.F.);
#7840=ORIENTED_EDGE('',*,*,#6374,.T.);
#7841=ORIENTED_EDGE('',*,*,#6375,.F.);
#7842=ORIENTED_EDGE('',*,*,#6374,.F.);
#7843=ORIENTED_EDGE('',*,*,#6376,.F.);
#7844=ORIENTED_EDGE('',*,*,#6377,.T.);
#7845=ORIENTED_EDGE('',*,*,#6378,.F.);
#7846=ORIENTED_EDGE('',*,*,#6377,.F.);
#7847=ORIENTED_EDGE('',*,*,#6379,.F.);
#7848=ORIENTED_EDGE('',*,*,#6380,.T.);
#7849=ORIENTED_EDGE('',*,*,#6381,.F.);
#7850=ORIENTED_EDGE('',*,*,#6380,.F.);
#7851=ORIENTED_EDGE('',*,*,#6382,.F.);
#7852=ORIENTED_EDGE('',*,*,#6383,.T.);
#7853=ORIENTED_EDGE('',*,*,#6384,.F.);
#7854=ORIENTED_EDGE('',*,*,#6383,.F.);
#7855=ORIENTED_EDGE('',*,*,#6385,.F.);
#7856=ORIENTED_EDGE('',*,*,#6386,.T.);
#7857=ORIENTED_EDGE('',*,*,#6387,.F.);
#7858=ORIENTED_EDGE('',*,*,#6388,.F.);
#7859=ORIENTED_EDGE('',*,*,#6389,.F.);
#7860=ORIENTED_EDGE('',*,*,#6390,.T.);
#7861=ORIENTED_EDGE('',*,*,#6391,.F.);
#7862=ORIENTED_EDGE('',*,*,#6386,.F.);
#7863=ORIENTED_EDGE('',*,*,#6392,.F.);
#7864=ORIENTED_EDGE('',*,*,#6393,.F.);
#7865=ORIENTED_EDGE('',*,*,#6394,.F.);
#7866=ORIENTED_EDGE('',*,*,#6390,.F.);
#7867=ORIENTED_EDGE('',*,*,#6392,.T.);
#7868=ORIENTED_EDGE('',*,*,#6389,.T.);
#7869=ORIENTED_EDGE('',*,*,#6385,.T.);
#7870=ORIENTED_EDGE('',*,*,#6395,.T.);
#7871=ORIENTED_EDGE('',*,*,#6396,.T.);
#7872=ORIENTED_EDGE('',*,*,#6397,.T.);
#7873=ORIENTED_EDGE('',*,*,#6398,.T.);
#7874=ORIENTED_EDGE('',*,*,#6399,.T.);
#7875=ORIENTED_EDGE('',*,*,#6400,.T.);
#7876=ORIENTED_EDGE('',*,*,#6401,.T.);
#7877=ORIENTED_EDGE('',*,*,#6402,.T.);
#7878=ORIENTED_EDGE('',*,*,#6403,.T.);
#7879=ORIENTED_EDGE('',*,*,#6241,.T.);
#7880=ORIENTED_EDGE('',*,*,#6244,.T.);
#7881=ORIENTED_EDGE('',*,*,#6253,.T.);
#7882=ORIENTED_EDGE('',*,*,#6256,.T.);
#7883=ORIENTED_EDGE('',*,*,#6265,.T.);
#7884=ORIENTED_EDGE('',*,*,#6268,.T.);
#7885=ORIENTED_EDGE('',*,*,#6287,.T.);
#7886=ORIENTED_EDGE('',*,*,#6293,.T.);
#7887=ORIENTED_EDGE('',*,*,#6285,.T.);
#7888=ORIENTED_EDGE('',*,*,#6292,.T.);
#7889=ORIENTED_EDGE('',*,*,#6311,.T.);
#7890=ORIENTED_EDGE('',*,*,#6317,.T.);
#7891=ORIENTED_EDGE('',*,*,#6309,.T.);
#7892=ORIENTED_EDGE('',*,*,#6316,.T.);
#7893=ORIENTED_EDGE('',*,*,#6325,.T.);
#7894=ORIENTED_EDGE('',*,*,#6328,.T.);
#7895=ORIENTED_EDGE('',*,*,#6331,.T.);
#7896=ORIENTED_EDGE('',*,*,#6334,.T.);
#7897=ORIENTED_EDGE('',*,*,#6349,.T.);
#7898=ORIENTED_EDGE('',*,*,#6352,.T.);
#7899=ORIENTED_EDGE('',*,*,#6355,.T.);
#7900=ORIENTED_EDGE('',*,*,#6358,.T.);
#7901=ORIENTED_EDGE('',*,*,#6361,.T.);
#7902=ORIENTED_EDGE('',*,*,#6364,.T.);
#7903=ORIENTED_EDGE('',*,*,#6367,.T.);
#7904=ORIENTED_EDGE('',*,*,#6370,.T.);
#7905=ORIENTED_EDGE('',*,*,#6373,.T.);
#7906=ORIENTED_EDGE('',*,*,#6376,.T.);
#7907=ORIENTED_EDGE('',*,*,#6379,.T.);
#7908=ORIENTED_EDGE('',*,*,#6382,.T.);
#7909=ORIENTED_EDGE('',*,*,#6346,.T.);
#7910=ORIENTED_EDGE('',*,*,#6343,.T.);
#7911=ORIENTED_EDGE('',*,*,#6340,.T.);
#7912=ORIENTED_EDGE('',*,*,#6337,.T.);
#7913=ORIENTED_EDGE('',*,*,#6322,.T.);
#7914=ORIENTED_EDGE('',*,*,#6319,.T.);
#7915=ORIENTED_EDGE('',*,*,#6299,.T.);
#7916=ORIENTED_EDGE('',*,*,#6305,.T.);
#7917=ORIENTED_EDGE('',*,*,#6297,.T.);
#7918=ORIENTED_EDGE('',*,*,#6304,.T.);
#7919=ORIENTED_EDGE('',*,*,#6275,.T.);
#7920=ORIENTED_EDGE('',*,*,#6281,.T.);
#7921=ORIENTED_EDGE('',*,*,#6273,.T.);
#7922=ORIENTED_EDGE('',*,*,#6280,.T.);
#7923=ORIENTED_EDGE('',*,*,#6262,.T.);
#7924=ORIENTED_EDGE('',*,*,#6259,.T.);
#7925=ORIENTED_EDGE('',*,*,#6250,.T.);
#7926=ORIENTED_EDGE('',*,*,#6247,.T.);
#7927=ORIENTED_EDGE('',*,*,#6238,.T.);
#7928=ORIENTED_EDGE('',*,*,#6235,.T.);
#7929=ORIENTED_EDGE('',*,*,#6388,.T.);
#7930=ORIENTED_EDGE('',*,*,#6404,.F.);
#7931=ORIENTED_EDGE('',*,*,#6405,.T.);
#7932=ORIENTED_EDGE('',*,*,#6395,.F.);
#7933=ORIENTED_EDGE('',*,*,#6400,.F.);
#7934=ORIENTED_EDGE('',*,*,#6406,.T.);
#7935=ORIENTED_EDGE('',*,*,#6407,.F.);
#7936=ORIENTED_EDGE('',*,*,#6408,.F.);
#7937=ORIENTED_EDGE('',*,*,#6399,.F.);
#7938=ORIENTED_EDGE('',*,*,#6409,.T.);
#7939=ORIENTED_EDGE('',*,*,#6410,.F.);
#7940=ORIENTED_EDGE('',*,*,#6406,.F.);
#7941=ORIENTED_EDGE('',*,*,#6398,.F.);
#7942=ORIENTED_EDGE('',*,*,#6411,.F.);
#7943=ORIENTED_EDGE('',*,*,#6412,.F.);
#7944=ORIENTED_EDGE('',*,*,#6409,.F.);
#7945=ORIENTED_EDGE('',*,*,#6394,.T.);
#7946=ORIENTED_EDGE('',*,*,#6413,.T.);
#7947=ORIENTED_EDGE('',*,*,#6414,.T.);
#7948=ORIENTED_EDGE('',*,*,#6415,.T.);
#7949=ORIENTED_EDGE('',*,*,#6407,.T.);
#7950=ORIENTED_EDGE('',*,*,#6410,.T.);
#7951=ORIENTED_EDGE('',*,*,#6412,.T.);
#7952=ORIENTED_EDGE('',*,*,#6416,.T.);
#7953=ORIENTED_EDGE('',*,*,#6417,.T.);
#7954=ORIENTED_EDGE('',*,*,#6404,.T.);
#7955=ORIENTED_EDGE('',*,*,#6387,.T.);
#7956=ORIENTED_EDGE('',*,*,#6391,.T.);
#7957=ORIENTED_EDGE('',*,*,#6243,.T.);
#7958=ORIENTED_EDGE('',*,*,#6246,.T.);
#7959=ORIENTED_EDGE('',*,*,#6255,.T.);
#7960=ORIENTED_EDGE('',*,*,#6258,.T.);
#7961=ORIENTED_EDGE('',*,*,#6267,.T.);
#7962=ORIENTED_EDGE('',*,*,#6270,.T.);
#7963=ORIENTED_EDGE('',*,*,#6289,.T.);
#7964=ORIENTED_EDGE('',*,*,#6291,.T.);
#7965=ORIENTED_EDGE('',*,*,#6283,.T.);
#7966=ORIENTED_EDGE('',*,*,#6294,.T.);
#7967=ORIENTED_EDGE('',*,*,#6313,.T.);
#7968=ORIENTED_EDGE('',*,*,#6315,.T.);
#7969=ORIENTED_EDGE('',*,*,#6307,.T.);
#7970=ORIENTED_EDGE('',*,*,#6318,.T.);
#7971=ORIENTED_EDGE('',*,*,#6327,.T.);
#7972=ORIENTED_EDGE('',*,*,#6330,.T.);
#7973=ORIENTED_EDGE('',*,*,#6333,.T.);
#7974=ORIENTED_EDGE('',*,*,#6336,.T.);
#7975=ORIENTED_EDGE('',*,*,#6339,.T.);
#7976=ORIENTED_EDGE('',*,*,#6342,.T.);
#7977=ORIENTED_EDGE('',*,*,#6345,.T.);
#7978=ORIENTED_EDGE('',*,*,#6348,.T.);
#7979=ORIENTED_EDGE('',*,*,#6363,.T.);
#7980=ORIENTED_EDGE('',*,*,#6366,.T.);
#7981=ORIENTED_EDGE('',*,*,#6369,.T.);
#7982=ORIENTED_EDGE('',*,*,#6372,.T.);
#7983=ORIENTED_EDGE('',*,*,#6360,.T.);
#7984=ORIENTED_EDGE('',*,*,#6357,.T.);
#7985=ORIENTED_EDGE('',*,*,#6354,.T.);
#7986=ORIENTED_EDGE('',*,*,#6351,.T.);
#7987=ORIENTED_EDGE('',*,*,#6384,.T.);
#7988=ORIENTED_EDGE('',*,*,#6375,.T.);
#7989=ORIENTED_EDGE('',*,*,#6378,.T.);
#7990=ORIENTED_EDGE('',*,*,#6381,.T.);
#7991=ORIENTED_EDGE('',*,*,#6324,.T.);
#7992=ORIENTED_EDGE('',*,*,#6321,.T.);
#7993=ORIENTED_EDGE('',*,*,#6301,.T.);
#7994=ORIENTED_EDGE('',*,*,#6303,.T.);
#7995=ORIENTED_EDGE('',*,*,#6295,.T.);
#7996=ORIENTED_EDGE('',*,*,#6306,.T.);
#7997=ORIENTED_EDGE('',*,*,#6277,.T.);
#7998=ORIENTED_EDGE('',*,*,#6279,.T.);
#7999=ORIENTED_EDGE('',*,*,#6271,.T.);
#8000=ORIENTED_EDGE('',*,*,#6282,.T.);
#8001=ORIENTED_EDGE('',*,*,#6264,.T.);
#8002=ORIENTED_EDGE('',*,*,#6261,.T.);
#8003=ORIENTED_EDGE('',*,*,#6252,.T.);
#8004=ORIENTED_EDGE('',*,*,#6249,.T.);
#8005=ORIENTED_EDGE('',*,*,#6240,.T.);
#8006=ORIENTED_EDGE('',*,*,#6237,.T.);
#8007=ORIENTED_EDGE('',*,*,#6411,.T.);
#8008=ORIENTED_EDGE('',*,*,#6397,.F.);
#8009=ORIENTED_EDGE('',*,*,#6418,.F.);
#8010=ORIENTED_EDGE('',*,*,#6416,.F.);
#8011=ORIENTED_EDGE('',*,*,#6408,.T.);
#8012=ORIENTED_EDGE('',*,*,#6415,.F.);
#8013=ORIENTED_EDGE('',*,*,#6419,.T.);
#8014=ORIENTED_EDGE('',*,*,#6401,.F.);
#8015=ORIENTED_EDGE('',*,*,#6414,.F.);
#8016=ORIENTED_EDGE('',*,*,#6420,.T.);
#8017=ORIENTED_EDGE('',*,*,#6402,.F.);
#8018=ORIENTED_EDGE('',*,*,#6419,.F.);
#8019=ORIENTED_EDGE('',*,*,#6417,.F.);
#8020=ORIENTED_EDGE('',*,*,#6418,.T.);
#8021=ORIENTED_EDGE('',*,*,#6396,.F.);
#8022=ORIENTED_EDGE('',*,*,#6405,.F.);
#8023=ORIENTED_EDGE('',*,*,#6393,.T.);
#8024=ORIENTED_EDGE('',*,*,#6403,.F.);
#8025=ORIENTED_EDGE('',*,*,#6420,.F.);
#8026=ORIENTED_EDGE('',*,*,#6413,.F.);
#8027=ORIENTED_EDGE('',*,*,#6421,.F.);
#8028=ORIENTED_EDGE('',*,*,#6422,.T.);
#8029=ORIENTED_EDGE('',*,*,#6423,.F.);
#8030=ORIENTED_EDGE('',*,*,#6422,.F.);
#8031=ORIENTED_EDGE('',*,*,#6424,.F.);
#8032=ORIENTED_EDGE('',*,*,#6425,.T.);
#8033=ORIENTED_EDGE('',*,*,#6426,.F.);
#8034=ORIENTED_EDGE('',*,*,#6425,.F.);
#8035=ORIENTED_EDGE('',*,*,#6427,.F.);
#8036=ORIENTED_EDGE('',*,*,#6428,.T.);
#8037=ORIENTED_EDGE('',*,*,#6429,.F.);
#8038=ORIENTED_EDGE('',*,*,#6430,.F.);
#8039=ORIENTED_EDGE('',*,*,#6431,.F.);
#8040=ORIENTED_EDGE('',*,*,#6432,.T.);
#8041=ORIENTED_EDGE('',*,*,#6433,.F.);
#8042=ORIENTED_EDGE('',*,*,#6428,.F.);
#8043=ORIENTED_EDGE('',*,*,#6434,.F.);
#8044=ORIENTED_EDGE('',*,*,#6435,.F.);
#8045=ORIENTED_EDGE('',*,*,#6436,.F.);
#8046=ORIENTED_EDGE('',*,*,#6432,.F.);
#8047=ORIENTED_EDGE('',*,*,#6429,.T.);
#8048=ORIENTED_EDGE('',*,*,#6433,.T.);
#8049=ORIENTED_EDGE('',*,*,#6436,.T.);
#8050=ORIENTED_EDGE('',*,*,#6437,.T.);
#8051=ORIENTED_EDGE('',*,*,#6438,.T.);
#8052=ORIENTED_EDGE('',*,*,#6439,.T.);
#8053=ORIENTED_EDGE('',*,*,#6440,.T.);
#8054=ORIENTED_EDGE('',*,*,#6441,.T.);
#8055=ORIENTED_EDGE('',*,*,#6423,.T.);
#8056=ORIENTED_EDGE('',*,*,#6426,.T.);
#8057=ORIENTED_EDGE('',*,*,#6435,.T.);
#8058=ORIENTED_EDGE('',*,*,#6442,.F.);
#8059=ORIENTED_EDGE('',*,*,#6443,.T.);
#8060=ORIENTED_EDGE('',*,*,#6437,.F.);
#8061=ORIENTED_EDGE('',*,*,#6430,.T.);
#8062=ORIENTED_EDGE('',*,*,#6441,.F.);
#8063=ORIENTED_EDGE('',*,*,#6444,.F.);
#8064=ORIENTED_EDGE('',*,*,#6445,.F.);
#8065=ORIENTED_EDGE('',*,*,#6446,.F.);
#8066=ORIENTED_EDGE('',*,*,#6438,.F.);
#8067=ORIENTED_EDGE('',*,*,#6443,.F.);
#8068=ORIENTED_EDGE('',*,*,#6447,.F.);
#8069=ORIENTED_EDGE('',*,*,#6448,.F.);
#8070=ORIENTED_EDGE('',*,*,#6444,.T.);
#8071=ORIENTED_EDGE('',*,*,#6440,.F.);
#8072=ORIENTED_EDGE('',*,*,#6449,.F.);
#8073=ORIENTED_EDGE('',*,*,#6446,.T.);
#8074=ORIENTED_EDGE('',*,*,#6450,.F.);
#8075=ORIENTED_EDGE('',*,*,#6449,.T.);
#8076=ORIENTED_EDGE('',*,*,#6439,.F.);
#8077=ORIENTED_EDGE('',*,*,#6427,.T.);
#8078=ORIENTED_EDGE('',*,*,#6445,.T.);
#8079=ORIENTED_EDGE('',*,*,#6448,.T.);
#8080=ORIENTED_EDGE('',*,*,#6450,.T.);
#8081=ORIENTED_EDGE('',*,*,#6447,.T.);
#8082=ORIENTED_EDGE('',*,*,#6442,.T.);
#8083=ORIENTED_EDGE('',*,*,#6434,.T.);
#8084=ORIENTED_EDGE('',*,*,#6431,.T.);
#8085=ORIENTED_EDGE('',*,*,#6421,.T.);
#8086=ORIENTED_EDGE('',*,*,#6424,.T.);
#8087=ORIENTED_EDGE('',*,*,#6451,.F.);
#8088=ORIENTED_EDGE('',*,*,#6452,.T.);
#8089=ORIENTED_EDGE('',*,*,#6453,.F.);
#8090=ORIENTED_EDGE('',*,*,#6452,.F.);
#8091=ORIENTED_EDGE('',*,*,#6454,.F.);
#8092=ORIENTED_EDGE('',*,*,#6455,.T.);
#8093=ORIENTED_EDGE('',*,*,#6456,.F.);
#8094=ORIENTED_EDGE('',*,*,#6455,.F.);
#8095=ORIENTED_EDGE('',*,*,#6457,.F.);
#8096=ORIENTED_EDGE('',*,*,#6458,.F.);
#8097=ORIENTED_EDGE('',*,*,#6459,.F.);
#8098=ORIENTED_EDGE('',*,*,#6460,.F.);
#8099=ORIENTED_EDGE('',*,*,#6461,.F.);
#8100=ORIENTED_EDGE('',*,*,#6462,.F.);
#8101=ORIENTED_EDGE('',*,*,#6463,.F.);
#8102=ORIENTED_EDGE('',*,*,#6464,.T.);
#8103=ORIENTED_EDGE('',*,*,#6465,.F.);
#8104=ORIENTED_EDGE('',*,*,#6464,.F.);
#8105=ORIENTED_EDGE('',*,*,#6466,.F.);
#8106=ORIENTED_EDGE('',*,*,#6458,.T.);
#8107=ORIENTED_EDGE('',*,*,#6459,.T.);
#8108=ORIENTED_EDGE('',*,*,#6466,.T.);
#8109=ORIENTED_EDGE('',*,*,#6463,.T.);
#8110=ORIENTED_EDGE('',*,*,#6467,.T.);
#8111=ORIENTED_EDGE('',*,*,#6468,.T.);
#8112=ORIENTED_EDGE('',*,*,#6469,.T.);
#8113=ORIENTED_EDGE('',*,*,#6470,.T.);
#8114=ORIENTED_EDGE('',*,*,#6471,.T.);
#8115=ORIENTED_EDGE('',*,*,#6451,.T.);
#8116=ORIENTED_EDGE('',*,*,#6454,.T.);
#8117=ORIENTED_EDGE('',*,*,#6462,.T.);
#8118=ORIENTED_EDGE('',*,*,#6472,.T.);
#8119=ORIENTED_EDGE('',*,*,#6473,.T.);
#8120=ORIENTED_EDGE('',*,*,#6467,.F.);
#8121=ORIENTED_EDGE('',*,*,#6460,.T.);
#8122=ORIENTED_EDGE('',*,*,#6471,.F.);
#8123=ORIENTED_EDGE('',*,*,#6474,.T.);
#8124=ORIENTED_EDGE('',*,*,#6475,.T.);
#8125=ORIENTED_EDGE('',*,*,#6474,.F.);
#8126=ORIENTED_EDGE('',*,*,#6470,.F.);
#8127=ORIENTED_EDGE('',*,*,#6476,.F.);
#8128=ORIENTED_EDGE('',*,*,#6477,.F.);
#8129=ORIENTED_EDGE('',*,*,#6476,.T.);
#8130=ORIENTED_EDGE('',*,*,#6469,.F.);
#8131=ORIENTED_EDGE('',*,*,#6478,.F.);
#8132=ORIENTED_EDGE('',*,*,#6479,.T.);
#8133=ORIENTED_EDGE('',*,*,#6480,.T.);
#8134=ORIENTED_EDGE('',*,*,#6478,.T.);
#8135=ORIENTED_EDGE('',*,*,#6468,.F.);
#8136=ORIENTED_EDGE('',*,*,#6473,.F.);
#8137=ORIENTED_EDGE('',*,*,#6457,.T.);
#8138=ORIENTED_EDGE('',*,*,#6475,.F.);
#8139=ORIENTED_EDGE('',*,*,#6477,.T.);
#8140=ORIENTED_EDGE('',*,*,#6479,.F.);
#8141=ORIENTED_EDGE('',*,*,#6480,.F.);
#8142=ORIENTED_EDGE('',*,*,#6472,.F.);
#8143=ORIENTED_EDGE('',*,*,#6461,.T.);
#8144=ORIENTED_EDGE('',*,*,#6465,.T.);
#8145=ORIENTED_EDGE('',*,*,#6453,.T.);
#8146=ORIENTED_EDGE('',*,*,#6456,.T.);
#8147=ORIENTED_EDGE('',*,*,#6481,.F.);
#8148=ORIENTED_EDGE('',*,*,#6482,.F.);
#8149=ORIENTED_EDGE('',*,*,#6483,.F.);
#8150=ORIENTED_EDGE('',*,*,#6484,.T.);
#8151=ORIENTED_EDGE('',*,*,#6485,.F.);
#8152=ORIENTED_EDGE('',*,*,#6484,.F.);
#8153=ORIENTED_EDGE('',*,*,#6486,.F.);
#8154=ORIENTED_EDGE('',*,*,#6487,.T.);
#8155=ORIENTED_EDGE('',*,*,#6488,.F.);
#8156=ORIENTED_EDGE('',*,*,#6487,.F.);
#8157=ORIENTED_EDGE('',*,*,#6489,.F.);
#8158=ORIENTED_EDGE('',*,*,#6490,.T.);
#8159=ORIENTED_EDGE('',*,*,#6491,.F.);
#8160=ORIENTED_EDGE('',*,*,#6490,.F.);
#8161=ORIENTED_EDGE('',*,*,#6492,.F.);
#8162=ORIENTED_EDGE('',*,*,#6482,.T.);
#8163=ORIENTED_EDGE('',*,*,#6493,.F.);
#8164=ORIENTED_EDGE('',*,*,#6494,.T.);
#8165=ORIENTED_EDGE('',*,*,#6495,.F.);
#8166=ORIENTED_EDGE('',*,*,#6494,.F.);
#8167=ORIENTED_EDGE('',*,*,#6496,.F.);
#8168=ORIENTED_EDGE('',*,*,#6497,.T.);
#8169=ORIENTED_EDGE('',*,*,#6498,.F.);
#8170=ORIENTED_EDGE('',*,*,#6497,.F.);
#8171=ORIENTED_EDGE('',*,*,#6499,.F.);
#8172=ORIENTED_EDGE('',*,*,#6500,.T.);
#8173=ORIENTED_EDGE('',*,*,#6501,.F.);
#8174=ORIENTED_EDGE('',*,*,#6500,.F.);
#8175=ORIENTED_EDGE('',*,*,#6502,.F.);
#8176=ORIENTED_EDGE('',*,*,#6503,.T.);
#8177=ORIENTED_EDGE('',*,*,#6504,.F.);
#8178=ORIENTED_EDGE('',*,*,#6503,.F.);
#8179=ORIENTED_EDGE('',*,*,#6505,.F.);
#8180=ORIENTED_EDGE('',*,*,#6506,.T.);
#8181=ORIENTED_EDGE('',*,*,#6507,.F.);
#8182=ORIENTED_EDGE('',*,*,#6506,.F.);
#8183=ORIENTED_EDGE('',*,*,#6508,.F.);
#8184=ORIENTED_EDGE('',*,*,#6509,.T.);
#8185=ORIENTED_EDGE('',*,*,#6510,.F.);
#8186=ORIENTED_EDGE('',*,*,#6509,.F.);
#8187=ORIENTED_EDGE('',*,*,#6511,.T.);
#8188=ORIENTED_EDGE('',*,*,#6512,.T.);
#8189=ORIENTED_EDGE('',*,*,#6513,.F.);
#8190=ORIENTED_EDGE('',*,*,#6514,.F.);
#8191=ORIENTED_EDGE('',*,*,#6515,.T.);
#8192=ORIENTED_EDGE('',*,*,#6514,.T.);
#8193=ORIENTED_EDGE('',*,*,#6516,.F.);
#8194=ORIENTED_EDGE('',*,*,#6517,.F.);
#8195=ORIENTED_EDGE('',*,*,#6518,.T.);
#8196=ORIENTED_EDGE('',*,*,#6517,.T.);
#8197=ORIENTED_EDGE('',*,*,#6519,.F.);
#8198=ORIENTED_EDGE('',*,*,#6520,.F.);
#8199=ORIENTED_EDGE('',*,*,#6521,.T.);
#8200=ORIENTED_EDGE('',*,*,#6520,.T.);
#8201=ORIENTED_EDGE('',*,*,#6522,.F.);
#8202=ORIENTED_EDGE('',*,*,#6512,.F.);
#8203=ORIENTED_EDGE('',*,*,#6522,.T.);
#8204=ORIENTED_EDGE('',*,*,#6519,.T.);
#8205=ORIENTED_EDGE('',*,*,#6516,.T.);
#8206=ORIENTED_EDGE('',*,*,#6513,.T.);
#8207=ORIENTED_EDGE('',*,*,#6488,.T.);
#8208=ORIENTED_EDGE('',*,*,#6491,.T.);
#8209=ORIENTED_EDGE('',*,*,#6481,.T.);
#8210=ORIENTED_EDGE('',*,*,#6485,.T.);
#8211=ORIENTED_EDGE('',*,*,#6510,.T.);
#8212=ORIENTED_EDGE('',*,*,#6507,.T.);
#8213=ORIENTED_EDGE('',*,*,#6504,.T.);
#8214=ORIENTED_EDGE('',*,*,#6501,.T.);
#8215=ORIENTED_EDGE('',*,*,#6498,.T.);
#8216=ORIENTED_EDGE('',*,*,#6495,.T.);
#8217=ORIENTED_EDGE('',*,*,#6521,.F.);
#8218=ORIENTED_EDGE('',*,*,#6511,.F.);
#8219=ORIENTED_EDGE('',*,*,#6515,.F.);
#8220=ORIENTED_EDGE('',*,*,#6518,.F.);
#8221=ORIENTED_EDGE('',*,*,#6489,.T.);
#8222=ORIENTED_EDGE('',*,*,#6486,.T.);
#8223=ORIENTED_EDGE('',*,*,#6483,.T.);
#8224=ORIENTED_EDGE('',*,*,#6492,.T.);
#8225=ORIENTED_EDGE('',*,*,#6508,.T.);
#8226=ORIENTED_EDGE('',*,*,#6505,.T.);
#8227=ORIENTED_EDGE('',*,*,#6502,.T.);
#8228=ORIENTED_EDGE('',*,*,#6499,.T.);
#8229=ORIENTED_EDGE('',*,*,#6496,.T.);
#8230=ORIENTED_EDGE('',*,*,#6493,.T.);
#8231=ORIENTED_EDGE('',*,*,#6523,.F.);
#8232=ORIENTED_EDGE('',*,*,#6524,.F.);
#8233=ORIENTED_EDGE('',*,*,#6525,.F.);
#8234=ORIENTED_EDGE('',*,*,#6524,.T.);
#8235=ORIENTED_EDGE('',*,*,#6526,.F.);
#8236=ORIENTED_EDGE('',*,*,#6527,.T.);
#8237=ORIENTED_EDGE('',*,*,#6528,.T.);
#8238=ORIENTED_EDGE('',*,*,#6529,.F.);
#8239=ORIENTED_EDGE('',*,*,#6530,.T.);
#8240=ORIENTED_EDGE('',*,*,#6531,.T.);
#8241=ORIENTED_EDGE('',*,*,#6532,.F.);
#8242=ORIENTED_EDGE('',*,*,#6533,.T.);
#8243=ORIENTED_EDGE('',*,*,#6534,.T.);
#8244=ORIENTED_EDGE('',*,*,#6527,.F.);
#8245=ORIENTED_EDGE('',*,*,#6525,.T.);
#8246=ORIENTED_EDGE('',*,*,#6523,.T.);
#8247=ORIENTED_EDGE('',*,*,#6535,.F.);
#8248=ORIENTED_EDGE('',*,*,#6529,.T.);
#8249=ORIENTED_EDGE('',*,*,#6536,.T.);
#8250=ORIENTED_EDGE('',*,*,#6533,.F.);
#8251=ORIENTED_EDGE('',*,*,#6536,.F.);
#8252=ORIENTED_EDGE('',*,*,#6528,.F.);
#8253=ORIENTED_EDGE('',*,*,#6534,.F.);
#8254=ORIENTED_EDGE('',*,*,#6537,.F.);
#8255=ORIENTED_EDGE('',*,*,#6538,.T.);
#8256=ORIENTED_EDGE('',*,*,#6530,.F.);
#8257=ORIENTED_EDGE('',*,*,#6538,.F.);
#8258=ORIENTED_EDGE('',*,*,#6539,.F.);
#8259=ORIENTED_EDGE('',*,*,#6540,.T.);
#8260=ORIENTED_EDGE('',*,*,#6531,.F.);
#8261=ORIENTED_EDGE('',*,*,#6540,.F.);
#8262=ORIENTED_EDGE('',*,*,#6541,.F.);
#8263=ORIENTED_EDGE('',*,*,#6542,.T.);
#8264=ORIENTED_EDGE('',*,*,#6543,.F.);
#8265=ORIENTED_EDGE('',*,*,#6544,.F.);
#8266=ORIENTED_EDGE('',*,*,#6545,.F.);
#8267=ORIENTED_EDGE('',*,*,#6544,.T.);
#8268=ORIENTED_EDGE('',*,*,#6546,.F.);
#8269=ORIENTED_EDGE('',*,*,#6547,.F.);
#8270=ORIENTED_EDGE('',*,*,#6537,.T.);
#8271=ORIENTED_EDGE('',*,*,#6539,.T.);
#8272=ORIENTED_EDGE('',*,*,#6548,.F.);
#8273=ORIENTED_EDGE('',*,*,#6547,.T.);
#8274=ORIENTED_EDGE('',*,*,#6549,.F.);
#8275=ORIENTED_EDGE('',*,*,#6542,.F.);
#8276=ORIENTED_EDGE('',*,*,#6549,.T.);
#8277=ORIENTED_EDGE('',*,*,#6546,.T.);
#8278=ORIENTED_EDGE('',*,*,#6543,.T.);
#8279=ORIENTED_EDGE('',*,*,#6526,.T.);
#8280=ORIENTED_EDGE('',*,*,#6535,.T.);
#8281=ORIENTED_EDGE('',*,*,#6532,.T.);
#8282=ORIENTED_EDGE('',*,*,#6548,.T.);
#8283=ORIENTED_EDGE('',*,*,#6541,.T.);
#8284=ORIENTED_EDGE('',*,*,#6545,.T.);
#8285=ORIENTED_EDGE('',*,*,#6550,.F.);
#8286=ORIENTED_EDGE('',*,*,#6551,.F.);
#8287=ORIENTED_EDGE('',*,*,#6552,.F.);
#8288=ORIENTED_EDGE('',*,*,#6551,.T.);
#8289=ORIENTED_EDGE('',*,*,#6553,.F.);
#8290=ORIENTED_EDGE('',*,*,#6554,.T.);
#8291=ORIENTED_EDGE('',*,*,#6555,.T.);
#8292=ORIENTED_EDGE('',*,*,#6556,.F.);
#8293=ORIENTED_EDGE('',*,*,#6552,.T.);
#8294=ORIENTED_EDGE('',*,*,#6550,.T.);
#8295=ORIENTED_EDGE('',*,*,#6557,.F.);
#8296=ORIENTED_EDGE('',*,*,#6558,.T.);
#8297=ORIENTED_EDGE('',*,*,#6559,.T.);
#8298=ORIENTED_EDGE('',*,*,#6554,.F.);
#8299=ORIENTED_EDGE('',*,*,#6560,.T.);
#8300=ORIENTED_EDGE('',*,*,#6561,.T.);
#8301=ORIENTED_EDGE('',*,*,#6562,.F.);
#8302=ORIENTED_EDGE('',*,*,#6556,.T.);
#8303=ORIENTED_EDGE('',*,*,#6563,.T.);
#8304=ORIENTED_EDGE('',*,*,#6558,.F.);
#8305=ORIENTED_EDGE('',*,*,#6563,.F.);
#8306=ORIENTED_EDGE('',*,*,#6555,.F.);
#8307=ORIENTED_EDGE('',*,*,#6559,.F.);
#8308=ORIENTED_EDGE('',*,*,#6564,.F.);
#8309=ORIENTED_EDGE('',*,*,#6565,.T.);
#8310=ORIENTED_EDGE('',*,*,#6561,.F.);
#8311=ORIENTED_EDGE('',*,*,#6565,.F.);
#8312=ORIENTED_EDGE('',*,*,#6566,.F.);
#8313=ORIENTED_EDGE('',*,*,#6567,.T.);
#8314=ORIENTED_EDGE('',*,*,#6560,.F.);
#8315=ORIENTED_EDGE('',*,*,#6567,.F.);
#8316=ORIENTED_EDGE('',*,*,#6568,.T.);
#8317=ORIENTED_EDGE('',*,*,#6569,.T.);
#8318=ORIENTED_EDGE('',*,*,#6570,.F.);
#8319=ORIENTED_EDGE('',*,*,#6571,.F.);
#8320=ORIENTED_EDGE('',*,*,#6564,.T.);
#8321=ORIENTED_EDGE('',*,*,#6566,.T.);
#8322=ORIENTED_EDGE('',*,*,#6572,.T.);
#8323=ORIENTED_EDGE('',*,*,#6571,.T.);
#8324=ORIENTED_EDGE('',*,*,#6573,.F.);
#8325=ORIENTED_EDGE('',*,*,#6574,.F.);
#8326=ORIENTED_EDGE('',*,*,#6575,.T.);
#8327=ORIENTED_EDGE('',*,*,#6574,.T.);
#8328=ORIENTED_EDGE('',*,*,#6576,.F.);
#8329=ORIENTED_EDGE('',*,*,#6569,.F.);
#8330=ORIENTED_EDGE('',*,*,#6575,.F.);
#8331=ORIENTED_EDGE('',*,*,#6568,.F.);
#8332=ORIENTED_EDGE('',*,*,#6572,.F.);
#8333=ORIENTED_EDGE('',*,*,#6576,.T.);
#8334=ORIENTED_EDGE('',*,*,#6573,.T.);
#8335=ORIENTED_EDGE('',*,*,#6570,.T.);
#8336=ORIENTED_EDGE('',*,*,#6553,.T.);
#8337=ORIENTED_EDGE('',*,*,#6562,.T.);
#8338=ORIENTED_EDGE('',*,*,#6557,.T.);
#8339=ORIENTED_EDGE('',*,*,#6577,.F.);
#8340=ORIENTED_EDGE('',*,*,#6578,.F.);
#8341=ORIENTED_EDGE('',*,*,#6579,.F.);
#8342=ORIENTED_EDGE('',*,*,#6580,.T.);
#8343=ORIENTED_EDGE('',*,*,#6581,.F.);
#8344=ORIENTED_EDGE('',*,*,#6582,.F.);
#8345=ORIENTED_EDGE('',*,*,#6580,.F.);
#8346=ORIENTED_EDGE('',*,*,#6583,.F.);
#8347=ORIENTED_EDGE('',*,*,#6584,.T.);
#8348=ORIENTED_EDGE('',*,*,#6585,.T.);
#8349=ORIENTED_EDGE('',*,*,#6584,.F.);
#8350=ORIENTED_EDGE('',*,*,#6585,.F.);
#8351=ORIENTED_EDGE('',*,*,#6586,.F.);
#8352=ORIENTED_EDGE('',*,*,#6587,.T.);
#8353=ORIENTED_EDGE('',*,*,#6588,.T.);
#8354=ORIENTED_EDGE('',*,*,#6587,.F.);
#8355=ORIENTED_EDGE('',*,*,#6588,.F.);
#8356=ORIENTED_EDGE('',*,*,#6589,.F.);
#8357=ORIENTED_EDGE('',*,*,#6590,.T.);
#8358=ORIENTED_EDGE('',*,*,#6579,.T.);
#8359=ORIENTED_EDGE('',*,*,#6591,.T.);
#8360=ORIENTED_EDGE('',*,*,#6592,.T.);
#8361=ORIENTED_EDGE('',*,*,#6591,.F.);
#8362=ORIENTED_EDGE('',*,*,#6578,.T.);
#8363=ORIENTED_EDGE('',*,*,#6577,.T.);
#8364=ORIENTED_EDGE('',*,*,#6590,.F.);
#8365=ORIENTED_EDGE('',*,*,#6581,.T.);
#8366=ORIENTED_EDGE('',*,*,#6582,.T.);
#8367=ORIENTED_EDGE('',*,*,#6589,.T.);
#8368=ORIENTED_EDGE('',*,*,#6583,.T.);
#8369=ORIENTED_EDGE('',*,*,#6592,.F.);
#8370=ORIENTED_EDGE('',*,*,#6586,.T.);
#8371=ORIENTED_EDGE('',*,*,#6593,.F.);
#8372=ORIENTED_EDGE('',*,*,#6594,.T.);
#8373=ORIENTED_EDGE('',*,*,#6595,.F.);
#8374=ORIENTED_EDGE('',*,*,#6594,.F.);
#8375=ORIENTED_EDGE('',*,*,#6596,.F.);
#8376=ORIENTED_EDGE('',*,*,#6597,.T.);
#8377=ORIENTED_EDGE('',*,*,#6598,.F.);
#8378=ORIENTED_EDGE('',*,*,#6597,.F.);
#8379=ORIENTED_EDGE('',*,*,#6599,.F.);
#8380=ORIENTED_EDGE('',*,*,#6600,.F.);
#8381=ORIENTED_EDGE('',*,*,#6601,.F.);
#8382=ORIENTED_EDGE('',*,*,#6602,.T.);
#8383=ORIENTED_EDGE('',*,*,#6603,.F.);
#8384=ORIENTED_EDGE('',*,*,#6604,.F.);
#8385=ORIENTED_EDGE('',*,*,#6602,.F.);
#8386=ORIENTED_EDGE('',*,*,#6605,.F.);
#8387=ORIENTED_EDGE('',*,*,#6606,.T.);
#8388=ORIENTED_EDGE('',*,*,#6607,.T.);
#8389=ORIENTED_EDGE('',*,*,#6606,.F.);
#8390=ORIENTED_EDGE('',*,*,#6607,.F.);
#8391=ORIENTED_EDGE('',*,*,#6608,.F.);
#8392=ORIENTED_EDGE('',*,*,#6609,.T.);
#8393=ORIENTED_EDGE('',*,*,#6610,.T.);
#8394=ORIENTED_EDGE('',*,*,#6609,.F.);
#8395=ORIENTED_EDGE('',*,*,#6610,.F.);
#8396=ORIENTED_EDGE('',*,*,#6611,.F.);
#8397=ORIENTED_EDGE('',*,*,#6612,.T.);
#8398=ORIENTED_EDGE('',*,*,#6601,.T.);
#8399=ORIENTED_EDGE('',*,*,#6613,.T.);
#8400=ORIENTED_EDGE('',*,*,#6614,.T.);
#8401=ORIENTED_EDGE('',*,*,#6613,.F.);
#8402=ORIENTED_EDGE('',*,*,#6600,.T.);
#8403=ORIENTED_EDGE('',*,*,#6599,.T.);
#8404=ORIENTED_EDGE('',*,*,#6612,.F.);
#8405=ORIENTED_EDGE('',*,*,#6595,.T.);
#8406=ORIENTED_EDGE('',*,*,#6593,.T.);
#8407=ORIENTED_EDGE('',*,*,#6598,.T.);
#8408=ORIENTED_EDGE('',*,*,#6596,.T.);
#8409=ORIENTED_EDGE('',*,*,#6603,.T.);
#8410=ORIENTED_EDGE('',*,*,#6604,.T.);
#8411=ORIENTED_EDGE('',*,*,#6611,.T.);
#8412=ORIENTED_EDGE('',*,*,#6605,.T.);
#8413=ORIENTED_EDGE('',*,*,#6614,.F.);
#8414=ORIENTED_EDGE('',*,*,#6608,.T.);
#8415=ORIENTED_EDGE('',*,*,#6615,.F.);
#8416=ORIENTED_EDGE('',*,*,#6616,.F.);
#8417=ORIENTED_EDGE('',*,*,#6617,.F.);
#8418=ORIENTED_EDGE('',*,*,#6618,.T.);
#8419=ORIENTED_EDGE('',*,*,#6619,.F.);
#8420=ORIENTED_EDGE('',*,*,#6620,.F.);
#8421=ORIENTED_EDGE('',*,*,#6618,.F.);
#8422=ORIENTED_EDGE('',*,*,#6621,.F.);
#8423=ORIENTED_EDGE('',*,*,#6622,.T.);
#8424=ORIENTED_EDGE('',*,*,#6623,.T.);
#8425=ORIENTED_EDGE('',*,*,#6622,.F.);
#8426=ORIENTED_EDGE('',*,*,#6623,.F.);
#8427=ORIENTED_EDGE('',*,*,#6624,.F.);
#8428=ORIENTED_EDGE('',*,*,#6625,.T.);
#8429=ORIENTED_EDGE('',*,*,#6626,.T.);
#8430=ORIENTED_EDGE('',*,*,#6625,.F.);
#8431=ORIENTED_EDGE('',*,*,#6626,.F.);
#8432=ORIENTED_EDGE('',*,*,#6627,.F.);
#8433=ORIENTED_EDGE('',*,*,#6628,.T.);
#8434=ORIENTED_EDGE('',*,*,#6617,.T.);
#8435=ORIENTED_EDGE('',*,*,#6629,.T.);
#8436=ORIENTED_EDGE('',*,*,#6630,.T.);
#8437=ORIENTED_EDGE('',*,*,#6629,.F.);
#8438=ORIENTED_EDGE('',*,*,#6616,.T.);
#8439=ORIENTED_EDGE('',*,*,#6615,.T.);
#8440=ORIENTED_EDGE('',*,*,#6628,.F.);
#8441=ORIENTED_EDGE('',*,*,#6619,.T.);
#8442=ORIENTED_EDGE('',*,*,#6620,.T.);
#8443=ORIENTED_EDGE('',*,*,#6627,.T.);
#8444=ORIENTED_EDGE('',*,*,#6621,.T.);
#8445=ORIENTED_EDGE('',*,*,#6630,.F.);
#8446=ORIENTED_EDGE('',*,*,#6624,.T.);
#8447=ORIENTED_EDGE('',*,*,#6631,.F.);
#8448=ORIENTED_EDGE('',*,*,#6632,.F.);
#8449=ORIENTED_EDGE('',*,*,#6633,.F.);
#8450=ORIENTED_EDGE('',*,*,#6634,.T.);
#8451=ORIENTED_EDGE('',*,*,#6635,.F.);
#8452=ORIENTED_EDGE('',*,*,#6636,.F.);
#8453=ORIENTED_EDGE('',*,*,#6634,.F.);
#8454=ORIENTED_EDGE('',*,*,#6637,.F.);
#8455=ORIENTED_EDGE('',*,*,#6638,.T.);
#8456=ORIENTED_EDGE('',*,*,#6639,.T.);
#8457=ORIENTED_EDGE('',*,*,#6638,.F.);
#8458=ORIENTED_EDGE('',*,*,#6639,.F.);
#8459=ORIENTED_EDGE('',*,*,#6640,.F.);
#8460=ORIENTED_EDGE('',*,*,#6641,.T.);
#8461=ORIENTED_EDGE('',*,*,#6642,.T.);
#8462=ORIENTED_EDGE('',*,*,#6641,.F.);
#8463=ORIENTED_EDGE('',*,*,#6642,.F.);
#8464=ORIENTED_EDGE('',*,*,#6643,.F.);
#8465=ORIENTED_EDGE('',*,*,#6644,.T.);
#8466=ORIENTED_EDGE('',*,*,#6633,.T.);
#8467=ORIENTED_EDGE('',*,*,#6645,.T.);
#8468=ORIENTED_EDGE('',*,*,#6646,.T.);
#8469=ORIENTED_EDGE('',*,*,#6645,.F.);
#8470=ORIENTED_EDGE('',*,*,#6632,.T.);
#8471=ORIENTED_EDGE('',*,*,#6631,.T.);
#8472=ORIENTED_EDGE('',*,*,#6644,.F.);
#8473=ORIENTED_EDGE('',*,*,#6635,.T.);
#8474=ORIENTED_EDGE('',*,*,#6636,.T.);
#8475=ORIENTED_EDGE('',*,*,#6643,.T.);
#8476=ORIENTED_EDGE('',*,*,#6637,.T.);
#8477=ORIENTED_EDGE('',*,*,#6646,.F.);
#8478=ORIENTED_EDGE('',*,*,#6640,.T.);
#8479=ORIENTED_EDGE('',*,*,#6647,.F.);
#8480=ORIENTED_EDGE('',*,*,#6648,.T.);
#8481=ORIENTED_EDGE('',*,*,#6649,.T.);
#8482=ORIENTED_EDGE('',*,*,#6648,.F.);
#8483=ORIENTED_EDGE('',*,*,#6647,.T.);
#8484=ORIENTED_EDGE('',*,*,#6649,.F.);
#8485=ORIENTED_EDGE('',*,*,#6650,.F.);
#8486=ORIENTED_EDGE('',*,*,#6651,.T.);
#8487=ORIENTED_EDGE('',*,*,#6652,.F.);
#8488=ORIENTED_EDGE('',*,*,#6651,.F.);
#8489=ORIENTED_EDGE('',*,*,#6652,.T.);
#8490=ORIENTED_EDGE('',*,*,#6650,.T.);
#8491=ORIENTED_EDGE('',*,*,#6653,.F.);
#8492=ORIENTED_EDGE('',*,*,#6654,.T.);
#8493=ORIENTED_EDGE('',*,*,#6655,.F.);
#8494=ORIENTED_EDGE('',*,*,#6654,.F.);
#8495=ORIENTED_EDGE('',*,*,#6656,.F.);
#8496=ORIENTED_EDGE('',*,*,#6657,.T.);
#8497=ORIENTED_EDGE('',*,*,#6658,.F.);
#8498=ORIENTED_EDGE('',*,*,#6657,.F.);
#8499=ORIENTED_EDGE('',*,*,#6659,.T.);
#8500=ORIENTED_EDGE('',*,*,#6660,.T.);
#8501=ORIENTED_EDGE('',*,*,#6661,.F.);
#8502=ORIENTED_EDGE('',*,*,#6662,.F.);
#8503=ORIENTED_EDGE('',*,*,#6663,.T.);
#8504=ORIENTED_EDGE('',*,*,#6662,.T.);
#8505=ORIENTED_EDGE('',*,*,#6664,.F.);
#8506=ORIENTED_EDGE('',*,*,#6665,.F.);
#8507=ORIENTED_EDGE('',*,*,#6666,.T.);
#8508=ORIENTED_EDGE('',*,*,#6665,.T.);
#8509=ORIENTED_EDGE('',*,*,#6667,.F.);
#8510=ORIENTED_EDGE('',*,*,#6668,.F.);
#8511=ORIENTED_EDGE('',*,*,#6669,.T.);
#8512=ORIENTED_EDGE('',*,*,#6668,.T.);
#8513=ORIENTED_EDGE('',*,*,#6670,.F.);
#8514=ORIENTED_EDGE('',*,*,#6660,.F.);
#8515=ORIENTED_EDGE('',*,*,#6670,.T.);
#8516=ORIENTED_EDGE('',*,*,#6667,.T.);
#8517=ORIENTED_EDGE('',*,*,#6664,.T.);
#8518=ORIENTED_EDGE('',*,*,#6661,.T.);
#8519=ORIENTED_EDGE('',*,*,#6655,.T.);
#8520=ORIENTED_EDGE('',*,*,#6658,.T.);
#8521=ORIENTED_EDGE('',*,*,#6669,.F.);
#8522=ORIENTED_EDGE('',*,*,#6659,.F.);
#8523=ORIENTED_EDGE('',*,*,#6663,.F.);
#8524=ORIENTED_EDGE('',*,*,#6666,.F.);
#8525=ORIENTED_EDGE('',*,*,#6653,.T.);
#8526=ORIENTED_EDGE('',*,*,#6656,.T.);
#8527=ORIENTED_EDGE('',*,*,#6671,.F.);
#8528=ORIENTED_EDGE('',*,*,#6672,.T.);
#8529=ORIENTED_EDGE('',*,*,#6673,.F.);
#8530=ORIENTED_EDGE('',*,*,#6672,.F.);
#8531=ORIENTED_EDGE('',*,*,#6673,.T.);
#8532=ORIENTED_EDGE('',*,*,#6671,.T.);
#8533=ORIENTED_EDGE('',*,*,#6674,.F.);
#8534=ORIENTED_EDGE('',*,*,#6675,.T.);
#8535=ORIENTED_EDGE('',*,*,#6676,.F.);
#8536=ORIENTED_EDGE('',*,*,#6675,.F.);
#8537=ORIENTED_EDGE('',*,*,#6677,.F.);
#8538=ORIENTED_EDGE('',*,*,#6678,.T.);
#8539=ORIENTED_EDGE('',*,*,#6679,.F.);
#8540=ORIENTED_EDGE('',*,*,#6678,.F.);
#8541=ORIENTED_EDGE('',*,*,#6680,.F.);
#8542=ORIENTED_EDGE('',*,*,#6681,.T.);
#8543=ORIENTED_EDGE('',*,*,#6682,.F.);
#8544=ORIENTED_EDGE('',*,*,#6683,.F.);
#8545=ORIENTED_EDGE('',*,*,#6684,.F.);
#8546=ORIENTED_EDGE('',*,*,#6683,.T.);
#8547=ORIENTED_EDGE('',*,*,#6685,.F.);
#8548=ORIENTED_EDGE('',*,*,#6686,.F.);
#8549=ORIENTED_EDGE('',*,*,#6687,.F.);
#8550=ORIENTED_EDGE('',*,*,#6686,.T.);
#8551=ORIENTED_EDGE('',*,*,#6688,.F.);
#8552=ORIENTED_EDGE('',*,*,#6689,.F.);
#8553=ORIENTED_EDGE('',*,*,#6690,.F.);
#8554=ORIENTED_EDGE('',*,*,#6689,.T.);
#8555=ORIENTED_EDGE('',*,*,#6691,.F.);
#8556=ORIENTED_EDGE('',*,*,#6681,.F.);
#8557=ORIENTED_EDGE('',*,*,#6690,.T.);
#8558=ORIENTED_EDGE('',*,*,#6680,.T.);
#8559=ORIENTED_EDGE('',*,*,#6684,.T.);
#8560=ORIENTED_EDGE('',*,*,#6687,.T.);
#8561=ORIENTED_EDGE('',*,*,#6676,.T.);
#8562=ORIENTED_EDGE('',*,*,#6679,.T.);
#8563=ORIENTED_EDGE('',*,*,#6691,.T.);
#8564=ORIENTED_EDGE('',*,*,#6688,.T.);
#8565=ORIENTED_EDGE('',*,*,#6685,.T.);
#8566=ORIENTED_EDGE('',*,*,#6682,.T.);
#8567=ORIENTED_EDGE('',*,*,#6674,.T.);
#8568=ORIENTED_EDGE('',*,*,#6677,.T.);
#8569=ORIENTED_EDGE('',*,*,#6692,.F.);
#8570=ORIENTED_EDGE('',*,*,#6693,.T.);
#8571=ORIENTED_EDGE('',*,*,#6694,.T.);
#8572=ORIENTED_EDGE('',*,*,#6693,.F.);
#8573=ORIENTED_EDGE('',*,*,#6692,.T.);
#8574=ORIENTED_EDGE('',*,*,#6694,.F.);
#8575=ORIENTED_EDGE('',*,*,#6695,.F.);
#8576=ORIENTED_EDGE('',*,*,#6696,.T.);
#8577=ORIENTED_EDGE('',*,*,#6697,.F.);
#8578=ORIENTED_EDGE('',*,*,#6698,.F.);
#8579=ORIENTED_EDGE('',*,*,#6699,.F.);
#8580=ORIENTED_EDGE('',*,*,#6700,.F.);
#8581=ORIENTED_EDGE('',*,*,#6701,.F.);
#8582=ORIENTED_EDGE('',*,*,#6702,.T.);
#8583=ORIENTED_EDGE('',*,*,#6703,.F.);
#8584=ORIENTED_EDGE('',*,*,#6704,.F.);
#8585=ORIENTED_EDGE('',*,*,#6705,.F.);
#8586=ORIENTED_EDGE('',*,*,#6696,.F.);
#8587=ORIENTED_EDGE('',*,*,#6706,.F.);
#8588=ORIENTED_EDGE('',*,*,#6702,.F.);
#8589=ORIENTED_EDGE('',*,*,#6707,.F.);
#8590=ORIENTED_EDGE('',*,*,#6708,.F.);
#8591=ORIENTED_EDGE('',*,*,#6709,.F.);
#8592=ORIENTED_EDGE('',*,*,#6698,.T.);
#8593=ORIENTED_EDGE('',*,*,#6710,.F.);
#8594=ORIENTED_EDGE('',*,*,#6711,.F.);
#8595=ORIENTED_EDGE('',*,*,#6712,.F.);
#8596=ORIENTED_EDGE('',*,*,#6711,.T.);
#8597=ORIENTED_EDGE('',*,*,#6713,.F.);
#8598=ORIENTED_EDGE('',*,*,#6704,.T.);
#8599=ORIENTED_EDGE('',*,*,#6714,.F.);
#8600=ORIENTED_EDGE('',*,*,#6708,.T.);
#8601=ORIENTED_EDGE('',*,*,#6715,.F.);
#8602=ORIENTED_EDGE('',*,*,#6716,.T.);
#8603=ORIENTED_EDGE('',*,*,#6717,.F.);
#8604=ORIENTED_EDGE('',*,*,#6716,.F.);
#8605=ORIENTED_EDGE('',*,*,#6718,.F.);
#8606=ORIENTED_EDGE('',*,*,#6700,.T.);
#8607=ORIENTED_EDGE('',*,*,#6719,.F.);
#8608=ORIENTED_EDGE('',*,*,#6720,.T.);
#8609=ORIENTED_EDGE('',*,*,#6721,.F.);
#8610=ORIENTED_EDGE('',*,*,#6722,.F.);
#8611=ORIENTED_EDGE('',*,*,#6723,.F.);
#8612=ORIENTED_EDGE('',*,*,#6724,.F.);
#8613=ORIENTED_EDGE('',*,*,#6725,.F.);
#8614=ORIENTED_EDGE('',*,*,#6726,.T.);
#8615=ORIENTED_EDGE('',*,*,#6727,.F.);
#8616=ORIENTED_EDGE('',*,*,#6728,.F.);
#8617=ORIENTED_EDGE('',*,*,#6729,.F.);
#8618=ORIENTED_EDGE('',*,*,#6720,.F.);
#8619=ORIENTED_EDGE('',*,*,#6730,.F.);
#8620=ORIENTED_EDGE('',*,*,#6726,.F.);
#8621=ORIENTED_EDGE('',*,*,#6731,.F.);
#8622=ORIENTED_EDGE('',*,*,#6732,.F.);
#8623=ORIENTED_EDGE('',*,*,#6733,.F.);
#8624=ORIENTED_EDGE('',*,*,#6722,.T.);
#8625=ORIENTED_EDGE('',*,*,#6734,.F.);
#8626=ORIENTED_EDGE('',*,*,#6735,.F.);
#8627=ORIENTED_EDGE('',*,*,#6736,.F.);
#8628=ORIENTED_EDGE('',*,*,#6735,.T.);
#8629=ORIENTED_EDGE('',*,*,#6737,.F.);
#8630=ORIENTED_EDGE('',*,*,#6728,.T.);
#8631=ORIENTED_EDGE('',*,*,#6738,.F.);
#8632=ORIENTED_EDGE('',*,*,#6732,.T.);
#8633=ORIENTED_EDGE('',*,*,#6739,.F.);
#8634=ORIENTED_EDGE('',*,*,#6740,.T.);
#8635=ORIENTED_EDGE('',*,*,#6741,.F.);
#8636=ORIENTED_EDGE('',*,*,#6740,.F.);
#8637=ORIENTED_EDGE('',*,*,#6742,.F.);
#8638=ORIENTED_EDGE('',*,*,#6724,.T.);
#8639=ORIENTED_EDGE('',*,*,#6743,.F.);
#8640=ORIENTED_EDGE('',*,*,#6744,.T.);
#8641=ORIENTED_EDGE('',*,*,#6745,.T.);
#8642=ORIENTED_EDGE('',*,*,#6744,.F.);
#8643=ORIENTED_EDGE('',*,*,#6745,.F.);
#8644=ORIENTED_EDGE('',*,*,#6746,.F.);
#8645=ORIENTED_EDGE('',*,*,#6747,.T.);
#8646=ORIENTED_EDGE('',*,*,#6748,.T.);
#8647=ORIENTED_EDGE('',*,*,#6747,.F.);
#8648=ORIENTED_EDGE('',*,*,#6748,.F.);
#8649=ORIENTED_EDGE('',*,*,#6749,.F.);
#8650=ORIENTED_EDGE('',*,*,#6750,.T.);
#8651=ORIENTED_EDGE('',*,*,#6751,.T.);
#8652=ORIENTED_EDGE('',*,*,#6750,.F.);
#8653=ORIENTED_EDGE('',*,*,#6751,.F.);
#8654=ORIENTED_EDGE('',*,*,#6752,.F.);
#8655=ORIENTED_EDGE('',*,*,#6753,.T.);
#8656=ORIENTED_EDGE('',*,*,#6754,.T.);
#8657=ORIENTED_EDGE('',*,*,#6753,.F.);
#8658=ORIENTED_EDGE('',*,*,#6754,.F.);
#8659=ORIENTED_EDGE('',*,*,#6755,.F.);
#8660=ORIENTED_EDGE('',*,*,#6756,.T.);
#8661=ORIENTED_EDGE('',*,*,#6757,.T.);
#8662=ORIENTED_EDGE('',*,*,#6756,.F.);
#8663=ORIENTED_EDGE('',*,*,#6757,.F.);
#8664=ORIENTED_EDGE('',*,*,#6758,.F.);
#8665=ORIENTED_EDGE('',*,*,#6759,.T.);
#8666=ORIENTED_EDGE('',*,*,#6760,.T.);
#8667=ORIENTED_EDGE('',*,*,#6759,.F.);
#8668=ORIENTED_EDGE('',*,*,#6760,.F.);
#8669=ORIENTED_EDGE('',*,*,#6761,.F.);
#8670=ORIENTED_EDGE('',*,*,#6762,.F.);
#8671=ORIENTED_EDGE('',*,*,#6763,.F.);
#8672=ORIENTED_EDGE('',*,*,#6764,.F.);
#8673=ORIENTED_EDGE('',*,*,#6714,.T.);
#8674=ORIENTED_EDGE('',*,*,#6717,.T.);
#8675=ORIENTED_EDGE('',*,*,#6699,.T.);
#8676=ORIENTED_EDGE('',*,*,#6706,.T.);
#8677=ORIENTED_EDGE('',*,*,#6738,.T.);
#8678=ORIENTED_EDGE('',*,*,#6741,.T.);
#8679=ORIENTED_EDGE('',*,*,#6723,.T.);
#8680=ORIENTED_EDGE('',*,*,#6730,.T.);
#8681=ORIENTED_EDGE('',*,*,#6765,.F.);
#8682=ORIENTED_EDGE('',*,*,#6766,.T.);
#8683=ORIENTED_EDGE('',*,*,#6767,.F.);
#8684=ORIENTED_EDGE('',*,*,#6762,.T.);
#8685=ORIENTED_EDGE('',*,*,#6768,.F.);
#8686=ORIENTED_EDGE('',*,*,#6769,.F.);
#8687=ORIENTED_EDGE('',*,*,#6770,.F.);
#8688=ORIENTED_EDGE('',*,*,#6766,.F.);
#8689=ORIENTED_EDGE('',*,*,#6712,.T.);
#8690=ORIENTED_EDGE('',*,*,#6703,.T.);
#8691=ORIENTED_EDGE('',*,*,#6695,.T.);
#8692=ORIENTED_EDGE('',*,*,#6709,.T.);
#8693=ORIENTED_EDGE('',*,*,#6736,.T.);
#8694=ORIENTED_EDGE('',*,*,#6727,.T.);
#8695=ORIENTED_EDGE('',*,*,#6719,.T.);
#8696=ORIENTED_EDGE('',*,*,#6733,.T.);
#8697=ORIENTED_EDGE('',*,*,#6768,.T.);
#8698=ORIENTED_EDGE('',*,*,#6765,.T.);
#8699=ORIENTED_EDGE('',*,*,#6761,.T.);
#8700=ORIENTED_EDGE('',*,*,#6771,.F.);
#8701=ORIENTED_EDGE('',*,*,#6772,.F.);
#8702=ORIENTED_EDGE('',*,*,#6773,.T.);
#8703=ORIENTED_EDGE('',*,*,#6774,.T.);
#8704=ORIENTED_EDGE('',*,*,#6775,.F.);
#8705=ORIENTED_EDGE('',*,*,#6764,.T.);
#8706=ORIENTED_EDGE('',*,*,#6776,.T.);
#8707=ORIENTED_EDGE('',*,*,#6777,.T.);
#8708=ORIENTED_EDGE('',*,*,#6771,.T.);
#8709=ORIENTED_EDGE('',*,*,#6743,.T.);
#8710=ORIENTED_EDGE('',*,*,#6778,.T.);
#8711=ORIENTED_EDGE('',*,*,#6779,.T.);
#8712=ORIENTED_EDGE('',*,*,#6780,.F.);
#8713=ORIENTED_EDGE('',*,*,#6774,.F.);
#8714=ORIENTED_EDGE('',*,*,#6713,.T.);
#8715=ORIENTED_EDGE('',*,*,#6710,.T.);
#8716=ORIENTED_EDGE('',*,*,#6697,.T.);
#8717=ORIENTED_EDGE('',*,*,#6705,.T.);
#8718=ORIENTED_EDGE('',*,*,#6737,.T.);
#8719=ORIENTED_EDGE('',*,*,#6734,.T.);
#8720=ORIENTED_EDGE('',*,*,#6721,.T.);
#8721=ORIENTED_EDGE('',*,*,#6729,.T.);
#8722=ORIENTED_EDGE('',*,*,#6781,.T.);
#8723=ORIENTED_EDGE('',*,*,#6772,.T.);
#8724=ORIENTED_EDGE('',*,*,#6777,.F.);
#8725=ORIENTED_EDGE('',*,*,#6782,.F.);
#8726=ORIENTED_EDGE('',*,*,#6715,.T.);
#8727=ORIENTED_EDGE('',*,*,#6707,.T.);
#8728=ORIENTED_EDGE('',*,*,#6701,.T.);
#8729=ORIENTED_EDGE('',*,*,#6718,.T.);
#8730=ORIENTED_EDGE('',*,*,#6739,.T.);
#8731=ORIENTED_EDGE('',*,*,#6731,.T.);
#8732=ORIENTED_EDGE('',*,*,#6725,.T.);
#8733=ORIENTED_EDGE('',*,*,#6742,.T.);
#8734=ORIENTED_EDGE('',*,*,#6770,.T.);
#8735=ORIENTED_EDGE('',*,*,#6783,.F.);
#8736=ORIENTED_EDGE('',*,*,#6779,.F.);
#8737=ORIENTED_EDGE('',*,*,#6784,.T.);
#8738=ORIENTED_EDGE('',*,*,#6782,.T.);
#8739=ORIENTED_EDGE('',*,*,#6776,.F.);
#8740=ORIENTED_EDGE('',*,*,#6763,.T.);
#8741=ORIENTED_EDGE('',*,*,#6767,.T.);
#8742=ORIENTED_EDGE('',*,*,#6769,.T.);
#8743=ORIENTED_EDGE('',*,*,#6775,.T.);
#8744=ORIENTED_EDGE('',*,*,#6780,.T.);
#8745=ORIENTED_EDGE('',*,*,#6783,.T.);
#8746=ORIENTED_EDGE('',*,*,#6746,.T.);
#8747=ORIENTED_EDGE('',*,*,#6784,.F.);
#8748=ORIENTED_EDGE('',*,*,#6778,.F.);
#8749=ORIENTED_EDGE('',*,*,#6773,.F.);
#8750=ORIENTED_EDGE('',*,*,#6781,.F.);
#8751=ORIENTED_EDGE('',*,*,#6749,.T.);
#8752=ORIENTED_EDGE('',*,*,#6752,.T.);
#8753=ORIENTED_EDGE('',*,*,#6755,.T.);
#8754=ORIENTED_EDGE('',*,*,#6758,.T.);
#8755=ORIENTED_EDGE('',*,*,#6785,.F.);
#8756=ORIENTED_EDGE('',*,*,#6786,.T.);
#8757=ORIENTED_EDGE('',*,*,#6787,.F.);
#8758=ORIENTED_EDGE('',*,*,#6786,.F.);
#8759=ORIENTED_EDGE('',*,*,#6788,.F.);
#8760=ORIENTED_EDGE('',*,*,#6789,.T.);
#8761=ORIENTED_EDGE('',*,*,#6790,.F.);
#8762=ORIENTED_EDGE('',*,*,#6789,.F.);
#8763=ORIENTED_EDGE('',*,*,#6791,.T.);
#8764=ORIENTED_EDGE('',*,*,#6792,.T.);
#8765=ORIENTED_EDGE('',*,*,#6793,.F.);
#8766=ORIENTED_EDGE('',*,*,#6794,.F.);
#8767=ORIENTED_EDGE('',*,*,#6795,.T.);
#8768=ORIENTED_EDGE('',*,*,#6794,.T.);
#8769=ORIENTED_EDGE('',*,*,#6796,.F.);
#8770=ORIENTED_EDGE('',*,*,#6797,.F.);
#8771=ORIENTED_EDGE('',*,*,#6798,.T.);
#8772=ORIENTED_EDGE('',*,*,#6797,.T.);
#8773=ORIENTED_EDGE('',*,*,#6799,.F.);
#8774=ORIENTED_EDGE('',*,*,#6800,.F.);
#8775=ORIENTED_EDGE('',*,*,#6801,.T.);
#8776=ORIENTED_EDGE('',*,*,#6800,.T.);
#8777=ORIENTED_EDGE('',*,*,#6802,.F.);
#8778=ORIENTED_EDGE('',*,*,#6792,.F.);
#8779=ORIENTED_EDGE('',*,*,#6802,.T.);
#8780=ORIENTED_EDGE('',*,*,#6799,.T.);
#8781=ORIENTED_EDGE('',*,*,#6796,.T.);
#8782=ORIENTED_EDGE('',*,*,#6793,.T.);
#8783=ORIENTED_EDGE('',*,*,#6787,.T.);
#8784=ORIENTED_EDGE('',*,*,#6790,.T.);
#8785=ORIENTED_EDGE('',*,*,#6801,.F.);
#8786=ORIENTED_EDGE('',*,*,#6791,.F.);
#8787=ORIENTED_EDGE('',*,*,#6795,.F.);
#8788=ORIENTED_EDGE('',*,*,#6798,.F.);
#8789=ORIENTED_EDGE('',*,*,#6785,.T.);
#8790=ORIENTED_EDGE('',*,*,#6788,.T.);
#8791=ORIENTED_EDGE('',*,*,#6803,.F.);
#8792=ORIENTED_EDGE('',*,*,#6804,.T.);
#8793=ORIENTED_EDGE('',*,*,#6805,.F.);
#8794=ORIENTED_EDGE('',*,*,#6806,.F.);
#8795=ORIENTED_EDGE('',*,*,#6807,.F.);
#8796=ORIENTED_EDGE('',*,*,#6808,.F.);
#8797=ORIENTED_EDGE('',*,*,#6809,.F.);
#8798=ORIENTED_EDGE('',*,*,#6810,.T.);
#8799=ORIENTED_EDGE('',*,*,#6811,.F.);
#8800=ORIENTED_EDGE('',*,*,#6812,.F.);
#8801=ORIENTED_EDGE('',*,*,#6813,.F.);
#8802=ORIENTED_EDGE('',*,*,#6804,.F.);
#8803=ORIENTED_EDGE('',*,*,#6814,.F.);
#8804=ORIENTED_EDGE('',*,*,#6810,.F.);
#8805=ORIENTED_EDGE('',*,*,#6815,.F.);
#8806=ORIENTED_EDGE('',*,*,#6816,.F.);
#8807=ORIENTED_EDGE('',*,*,#6817,.F.);
#8808=ORIENTED_EDGE('',*,*,#6806,.T.);
#8809=ORIENTED_EDGE('',*,*,#6818,.F.);
#8810=ORIENTED_EDGE('',*,*,#6819,.F.);
#8811=ORIENTED_EDGE('',*,*,#6820,.F.);
#8812=ORIENTED_EDGE('',*,*,#6819,.T.);
#8813=ORIENTED_EDGE('',*,*,#6821,.F.);
#8814=ORIENTED_EDGE('',*,*,#6812,.T.);
#8815=ORIENTED_EDGE('',*,*,#6822,.F.);
#8816=ORIENTED_EDGE('',*,*,#6816,.T.);
#8817=ORIENTED_EDGE('',*,*,#6823,.F.);
#8818=ORIENTED_EDGE('',*,*,#6824,.T.);
#8819=ORIENTED_EDGE('',*,*,#6825,.F.);
#8820=ORIENTED_EDGE('',*,*,#6824,.F.);
#8821=ORIENTED_EDGE('',*,*,#6826,.F.);
#8822=ORIENTED_EDGE('',*,*,#6808,.T.);
#8823=ORIENTED_EDGE('',*,*,#6827,.F.);
#8824=ORIENTED_EDGE('',*,*,#6828,.T.);
#8825=ORIENTED_EDGE('',*,*,#6829,.F.);
#8826=ORIENTED_EDGE('',*,*,#6830,.F.);
#8827=ORIENTED_EDGE('',*,*,#6831,.F.);
#8828=ORIENTED_EDGE('',*,*,#6832,.F.);
#8829=ORIENTED_EDGE('',*,*,#6833,.F.);
#8830=ORIENTED_EDGE('',*,*,#6834,.T.);
#8831=ORIENTED_EDGE('',*,*,#6835,.F.);
#8832=ORIENTED_EDGE('',*,*,#6836,.F.);
#8833=ORIENTED_EDGE('',*,*,#6837,.F.);
#8834=ORIENTED_EDGE('',*,*,#6828,.F.);
#8835=ORIENTED_EDGE('',*,*,#6838,.F.);
#8836=ORIENTED_EDGE('',*,*,#6834,.F.);
#8837=ORIENTED_EDGE('',*,*,#6839,.F.);
#8838=ORIENTED_EDGE('',*,*,#6840,.F.);
#8839=ORIENTED_EDGE('',*,*,#6841,.F.);
#8840=ORIENTED_EDGE('',*,*,#6830,.T.);
#8841=ORIENTED_EDGE('',*,*,#6842,.F.);
#8842=ORIENTED_EDGE('',*,*,#6843,.F.);
#8843=ORIENTED_EDGE('',*,*,#6844,.F.);
#8844=ORIENTED_EDGE('',*,*,#6843,.T.);
#8845=ORIENTED_EDGE('',*,*,#6845,.F.);
#8846=ORIENTED_EDGE('',*,*,#6836,.T.);
#8847=ORIENTED_EDGE('',*,*,#6846,.F.);
#8848=ORIENTED_EDGE('',*,*,#6840,.T.);
#8849=ORIENTED_EDGE('',*,*,#6847,.F.);
#8850=ORIENTED_EDGE('',*,*,#6848,.T.);
#8851=ORIENTED_EDGE('',*,*,#6849,.F.);
#8852=ORIENTED_EDGE('',*,*,#6848,.F.);
#8853=ORIENTED_EDGE('',*,*,#6850,.F.);
#8854=ORIENTED_EDGE('',*,*,#6832,.T.);
#8855=ORIENTED_EDGE('',*,*,#6851,.F.);
#8856=ORIENTED_EDGE('',*,*,#6852,.T.);
#8857=ORIENTED_EDGE('',*,*,#6853,.T.);
#8858=ORIENTED_EDGE('',*,*,#6852,.F.);
#8859=ORIENTED_EDGE('',*,*,#6853,.F.);
#8860=ORIENTED_EDGE('',*,*,#6854,.F.);
#8861=ORIENTED_EDGE('',*,*,#6855,.T.);
#8862=ORIENTED_EDGE('',*,*,#6856,.T.);
#8863=ORIENTED_EDGE('',*,*,#6855,.F.);
#8864=ORIENTED_EDGE('',*,*,#6856,.F.);
#8865=ORIENTED_EDGE('',*,*,#6857,.F.);
#8866=ORIENTED_EDGE('',*,*,#6858,.T.);
#8867=ORIENTED_EDGE('',*,*,#6859,.T.);
#8868=ORIENTED_EDGE('',*,*,#6858,.F.);
#8869=ORIENTED_EDGE('',*,*,#6859,.F.);
#8870=ORIENTED_EDGE('',*,*,#6860,.F.);
#8871=ORIENTED_EDGE('',*,*,#6861,.T.);
#8872=ORIENTED_EDGE('',*,*,#6862,.T.);
#8873=ORIENTED_EDGE('',*,*,#6861,.F.);
#8874=ORIENTED_EDGE('',*,*,#6862,.F.);
#8875=ORIENTED_EDGE('',*,*,#6863,.F.);
#8876=ORIENTED_EDGE('',*,*,#6864,.T.);
#8877=ORIENTED_EDGE('',*,*,#6865,.T.);
#8878=ORIENTED_EDGE('',*,*,#6864,.F.);
#8879=ORIENTED_EDGE('',*,*,#6865,.F.);
#8880=ORIENTED_EDGE('',*,*,#6866,.F.);
#8881=ORIENTED_EDGE('',*,*,#6867,.T.);
#8882=ORIENTED_EDGE('',*,*,#6868,.T.);
#8883=ORIENTED_EDGE('',*,*,#6867,.F.);
#8884=ORIENTED_EDGE('',*,*,#6868,.F.);
#8885=ORIENTED_EDGE('',*,*,#6869,.F.);
#8886=ORIENTED_EDGE('',*,*,#6870,.F.);
#8887=ORIENTED_EDGE('',*,*,#6871,.F.);
#8888=ORIENTED_EDGE('',*,*,#6872,.F.);
#8889=ORIENTED_EDGE('',*,*,#6822,.T.);
#8890=ORIENTED_EDGE('',*,*,#6825,.T.);
#8891=ORIENTED_EDGE('',*,*,#6807,.T.);
#8892=ORIENTED_EDGE('',*,*,#6814,.T.);
#8893=ORIENTED_EDGE('',*,*,#6846,.T.);
#8894=ORIENTED_EDGE('',*,*,#6849,.T.);
#8895=ORIENTED_EDGE('',*,*,#6831,.T.);
#8896=ORIENTED_EDGE('',*,*,#6838,.T.);
#8897=ORIENTED_EDGE('',*,*,#6873,.F.);
#8898=ORIENTED_EDGE('',*,*,#6874,.T.);
#8899=ORIENTED_EDGE('',*,*,#6875,.F.);
#8900=ORIENTED_EDGE('',*,*,#6870,.T.);
#8901=ORIENTED_EDGE('',*,*,#6876,.F.);
#8902=ORIENTED_EDGE('',*,*,#6877,.F.);
#8903=ORIENTED_EDGE('',*,*,#6878,.F.);
#8904=ORIENTED_EDGE('',*,*,#6874,.F.);
#8905=ORIENTED_EDGE('',*,*,#6820,.T.);
#8906=ORIENTED_EDGE('',*,*,#6811,.T.);
#8907=ORIENTED_EDGE('',*,*,#6803,.T.);
#8908=ORIENTED_EDGE('',*,*,#6817,.T.);
#8909=ORIENTED_EDGE('',*,*,#6844,.T.);
#8910=ORIENTED_EDGE('',*,*,#6835,.T.);
#8911=ORIENTED_EDGE('',*,*,#6827,.T.);
#8912=ORIENTED_EDGE('',*,*,#6841,.T.);
#8913=ORIENTED_EDGE('',*,*,#6876,.T.);
#8914=ORIENTED_EDGE('',*,*,#6873,.T.);
#8915=ORIENTED_EDGE('',*,*,#6869,.T.);
#8916=ORIENTED_EDGE('',*,*,#6879,.F.);
#8917=ORIENTED_EDGE('',*,*,#6880,.F.);
#8918=ORIENTED_EDGE('',*,*,#6881,.T.);
#8919=ORIENTED_EDGE('',*,*,#6882,.T.);
#8920=ORIENTED_EDGE('',*,*,#6883,.F.);
#8921=ORIENTED_EDGE('',*,*,#6872,.T.);
#8922=ORIENTED_EDGE('',*,*,#6884,.T.);
#8923=ORIENTED_EDGE('',*,*,#6885,.T.);
#8924=ORIENTED_EDGE('',*,*,#6879,.T.);
#8925=ORIENTED_EDGE('',*,*,#6851,.T.);
#8926=ORIENTED_EDGE('',*,*,#6886,.T.);
#8927=ORIENTED_EDGE('',*,*,#6887,.T.);
#8928=ORIENTED_EDGE('',*,*,#6888,.F.);
#8929=ORIENTED_EDGE('',*,*,#6882,.F.);
#8930=ORIENTED_EDGE('',*,*,#6821,.T.);
#8931=ORIENTED_EDGE('',*,*,#6818,.T.);
#8932=ORIENTED_EDGE('',*,*,#6805,.T.);
#8933=ORIENTED_EDGE('',*,*,#6813,.T.);
#8934=ORIENTED_EDGE('',*,*,#6845,.T.);
#8935=ORIENTED_EDGE('',*,*,#6842,.T.);
#8936=ORIENTED_EDGE('',*,*,#6829,.T.);
#8937=ORIENTED_EDGE('',*,*,#6837,.T.);
#8938=ORIENTED_EDGE('',*,*,#6889,.T.);
#8939=ORIENTED_EDGE('',*,*,#6880,.T.);
#8940=ORIENTED_EDGE('',*,*,#6885,.F.);
#8941=ORIENTED_EDGE('',*,*,#6890,.F.);
#8942=ORIENTED_EDGE('',*,*,#6823,.T.);
#8943=ORIENTED_EDGE('',*,*,#6815,.T.);
#8944=ORIENTED_EDGE('',*,*,#6809,.T.);
#8945=ORIENTED_EDGE('',*,*,#6826,.T.);
#8946=ORIENTED_EDGE('',*,*,#6847,.T.);
#8947=ORIENTED_EDGE('',*,*,#6839,.T.);
#8948=ORIENTED_EDGE('',*,*,#6833,.T.);
#8949=ORIENTED_EDGE('',*,*,#6850,.T.);
#8950=ORIENTED_EDGE('',*,*,#6878,.T.);
#8951=ORIENTED_EDGE('',*,*,#6891,.F.);
#8952=ORIENTED_EDGE('',*,*,#6887,.F.);
#8953=ORIENTED_EDGE('',*,*,#6892,.T.);
#8954=ORIENTED_EDGE('',*,*,#6890,.T.);
#8955=ORIENTED_EDGE('',*,*,#6884,.F.);
#8956=ORIENTED_EDGE('',*,*,#6871,.T.);
#8957=ORIENTED_EDGE('',*,*,#6875,.T.);
#8958=ORIENTED_EDGE('',*,*,#6877,.T.);
#8959=ORIENTED_EDGE('',*,*,#6883,.T.);
#8960=ORIENTED_EDGE('',*,*,#6888,.T.);
#8961=ORIENTED_EDGE('',*,*,#6891,.T.);
#8962=ORIENTED_EDGE('',*,*,#6854,.T.);
#8963=ORIENTED_EDGE('',*,*,#6892,.F.);
#8964=ORIENTED_EDGE('',*,*,#6886,.F.);
#8965=ORIENTED_EDGE('',*,*,#6881,.F.);
#8966=ORIENTED_EDGE('',*,*,#6889,.F.);
#8967=ORIENTED_EDGE('',*,*,#6857,.T.);
#8968=ORIENTED_EDGE('',*,*,#6860,.T.);
#8969=ORIENTED_EDGE('',*,*,#6863,.T.);
#8970=ORIENTED_EDGE('',*,*,#6866,.T.);
#8971=ORIENTED_EDGE('',*,*,#6893,.F.);
#8972=ORIENTED_EDGE('',*,*,#6894,.T.);
#8973=ORIENTED_EDGE('',*,*,#6895,.F.);
#8974=ORIENTED_EDGE('',*,*,#6894,.F.);
#8975=ORIENTED_EDGE('',*,*,#6896,.F.);
#8976=ORIENTED_EDGE('',*,*,#6897,.T.);
#8977=ORIENTED_EDGE('',*,*,#6898,.F.);
#8978=ORIENTED_EDGE('',*,*,#6897,.F.);
#8979=ORIENTED_EDGE('',*,*,#6899,.T.);
#8980=ORIENTED_EDGE('',*,*,#6900,.T.);
#8981=ORIENTED_EDGE('',*,*,#6901,.F.);
#8982=ORIENTED_EDGE('',*,*,#6902,.F.);
#8983=ORIENTED_EDGE('',*,*,#6903,.T.);
#8984=ORIENTED_EDGE('',*,*,#6902,.T.);
#8985=ORIENTED_EDGE('',*,*,#6904,.F.);
#8986=ORIENTED_EDGE('',*,*,#6905,.F.);
#8987=ORIENTED_EDGE('',*,*,#6906,.T.);
#8988=ORIENTED_EDGE('',*,*,#6905,.T.);
#8989=ORIENTED_EDGE('',*,*,#6907,.F.);
#8990=ORIENTED_EDGE('',*,*,#6908,.F.);
#8991=ORIENTED_EDGE('',*,*,#6909,.T.);
#8992=ORIENTED_EDGE('',*,*,#6908,.T.);
#8993=ORIENTED_EDGE('',*,*,#6910,.F.);
#8994=ORIENTED_EDGE('',*,*,#6900,.F.);
#8995=ORIENTED_EDGE('',*,*,#6910,.T.);
#8996=ORIENTED_EDGE('',*,*,#6907,.T.);
#8997=ORIENTED_EDGE('',*,*,#6904,.T.);
#8998=ORIENTED_EDGE('',*,*,#6901,.T.);
#8999=ORIENTED_EDGE('',*,*,#6895,.T.);
#9000=ORIENTED_EDGE('',*,*,#6898,.T.);
#9001=ORIENTED_EDGE('',*,*,#6909,.F.);
#9002=ORIENTED_EDGE('',*,*,#6899,.F.);
#9003=ORIENTED_EDGE('',*,*,#6903,.F.);
#9004=ORIENTED_EDGE('',*,*,#6906,.F.);
#9005=ORIENTED_EDGE('',*,*,#6893,.T.);
#9006=ORIENTED_EDGE('',*,*,#6896,.T.);
#9007=ORIENTED_EDGE('',*,*,#6911,.F.);
#9008=ORIENTED_EDGE('',*,*,#6912,.T.);
#9009=ORIENTED_EDGE('',*,*,#6913,.T.);
#9010=ORIENTED_EDGE('',*,*,#6912,.F.);
#9011=ORIENTED_EDGE('',*,*,#6911,.T.);
#9012=ORIENTED_EDGE('',*,*,#6913,.F.);
#9013=ORIENTED_EDGE('',*,*,#6914,.F.);
#9014=ORIENTED_EDGE('',*,*,#6915,.T.);
#9015=ORIENTED_EDGE('',*,*,#6916,.F.);
#9016=ORIENTED_EDGE('',*,*,#6915,.F.);
#9017=ORIENTED_EDGE('',*,*,#6917,.F.);
#9018=ORIENTED_EDGE('',*,*,#6918,.T.);
#9019=ORIENTED_EDGE('',*,*,#6919,.T.);
#9020=ORIENTED_EDGE('',*,*,#6918,.F.);
#9021=ORIENTED_EDGE('',*,*,#6917,.T.);
#9022=ORIENTED_EDGE('',*,*,#6916,.T.);
#9023=ORIENTED_EDGE('',*,*,#6919,.F.);
#9024=ORIENTED_EDGE('',*,*,#6914,.T.);
#9025=ORIENTED_EDGE('',*,*,#6920,.F.);
#9026=ORIENTED_EDGE('',*,*,#6921,.T.);
#9027=ORIENTED_EDGE('',*,*,#6922,.F.);
#9028=ORIENTED_EDGE('',*,*,#6921,.F.);
#9029=ORIENTED_EDGE('',*,*,#6923,.F.);
#9030=ORIENTED_EDGE('',*,*,#6924,.T.);
#9031=ORIENTED_EDGE('',*,*,#6925,.F.);
#9032=ORIENTED_EDGE('',*,*,#6924,.F.);
#9033=ORIENTED_EDGE('',*,*,#6925,.T.);
#9034=ORIENTED_EDGE('',*,*,#6922,.T.);
#9035=ORIENTED_EDGE('',*,*,#6923,.T.);
#9036=ORIENTED_EDGE('',*,*,#6920,.T.);
#9037=ORIENTED_EDGE('',*,*,#6926,.F.);
#9038=ORIENTED_EDGE('',*,*,#6927,.T.);
#9039=ORIENTED_EDGE('',*,*,#6928,.T.);
#9040=ORIENTED_EDGE('',*,*,#6927,.F.);
#9041=ORIENTED_EDGE('',*,*,#6926,.T.);
#9042=ORIENTED_EDGE('',*,*,#6928,.F.);
#9043=ORIENTED_EDGE('',*,*,#6929,.F.);
#9044=ORIENTED_EDGE('',*,*,#6930,.T.);
#9045=ORIENTED_EDGE('',*,*,#6931,.F.);
#9046=ORIENTED_EDGE('',*,*,#6930,.F.);
#9047=ORIENTED_EDGE('',*,*,#6932,.F.);
#9048=ORIENTED_EDGE('',*,*,#6933,.T.);
#9049=ORIENTED_EDGE('',*,*,#6934,.T.);
#9050=ORIENTED_EDGE('',*,*,#6933,.F.);
#9051=ORIENTED_EDGE('',*,*,#6934,.F.);
#9052=ORIENTED_EDGE('',*,*,#6935,.T.);
#9053=ORIENTED_EDGE('',*,*,#6936,.T.);
#9054=ORIENTED_EDGE('',*,*,#6937,.F.);
#9055=ORIENTED_EDGE('',*,*,#6938,.F.);
#9056=ORIENTED_EDGE('',*,*,#6939,.T.);
#9057=ORIENTED_EDGE('',*,*,#6938,.T.);
#9058=ORIENTED_EDGE('',*,*,#6940,.F.);
#9059=ORIENTED_EDGE('',*,*,#6941,.F.);
#9060=ORIENTED_EDGE('',*,*,#6942,.T.);
#9061=ORIENTED_EDGE('',*,*,#6941,.T.);
#9062=ORIENTED_EDGE('',*,*,#6943,.F.);
#9063=ORIENTED_EDGE('',*,*,#6944,.F.);
#9064=ORIENTED_EDGE('',*,*,#6945,.T.);
#9065=ORIENTED_EDGE('',*,*,#6944,.T.);
#9066=ORIENTED_EDGE('',*,*,#6946,.F.);
#9067=ORIENTED_EDGE('',*,*,#6936,.F.);
#9068=ORIENTED_EDGE('',*,*,#6932,.T.);
#9069=ORIENTED_EDGE('',*,*,#6946,.T.);
#9070=ORIENTED_EDGE('',*,*,#6943,.T.);
#9071=ORIENTED_EDGE('',*,*,#6940,.T.);
#9072=ORIENTED_EDGE('',*,*,#6937,.T.);
#9073=ORIENTED_EDGE('',*,*,#6931,.T.);
#9074=ORIENTED_EDGE('',*,*,#6945,.F.);
#9075=ORIENTED_EDGE('',*,*,#6935,.F.);
#9076=ORIENTED_EDGE('',*,*,#6939,.F.);
#9077=ORIENTED_EDGE('',*,*,#6942,.F.);
#9078=ORIENTED_EDGE('',*,*,#6929,.T.);
#9079=ORIENTED_EDGE('',*,*,#6947,.F.);
#9080=ORIENTED_EDGE('',*,*,#6948,.F.);
#9081=ORIENTED_EDGE('',*,*,#6949,.F.);
#9082=ORIENTED_EDGE('',*,*,#6950,.T.);
#9083=ORIENTED_EDGE('',*,*,#6951,.F.);
#9084=ORIENTED_EDGE('',*,*,#6950,.F.);
#9085=ORIENTED_EDGE('',*,*,#6952,.F.);
#9086=ORIENTED_EDGE('',*,*,#6953,.F.);
#9087=ORIENTED_EDGE('',*,*,#6954,.F.);
#9088=ORIENTED_EDGE('',*,*,#6953,.T.);
#9089=ORIENTED_EDGE('',*,*,#6955,.F.);
#9090=ORIENTED_EDGE('',*,*,#6956,.T.);
#9091=ORIENTED_EDGE('',*,*,#6957,.F.);
#9092=ORIENTED_EDGE('',*,*,#6956,.F.);
#9093=ORIENTED_EDGE('',*,*,#6958,.F.);
#9094=ORIENTED_EDGE('',*,*,#6948,.T.);
#9095=ORIENTED_EDGE('',*,*,#6959,.F.);
#9096=ORIENTED_EDGE('',*,*,#6960,.T.);
#9097=ORIENTED_EDGE('',*,*,#6961,.T.);
#9098=ORIENTED_EDGE('',*,*,#6960,.F.);
#9099=ORIENTED_EDGE('',*,*,#6961,.F.);
#9100=ORIENTED_EDGE('',*,*,#6962,.F.);
#9101=ORIENTED_EDGE('',*,*,#6963,.T.);
#9102=ORIENTED_EDGE('',*,*,#6964,.T.);
#9103=ORIENTED_EDGE('',*,*,#6963,.F.);
#9104=ORIENTED_EDGE('',*,*,#6964,.F.);
#9105=ORIENTED_EDGE('',*,*,#6965,.F.);
#9106=ORIENTED_EDGE('',*,*,#6966,.T.);
#9107=ORIENTED_EDGE('',*,*,#6967,.T.);
#9108=ORIENTED_EDGE('',*,*,#6966,.F.);
#9109=ORIENTED_EDGE('',*,*,#6967,.F.);
#9110=ORIENTED_EDGE('',*,*,#6968,.F.);
#9111=ORIENTED_EDGE('',*,*,#6969,.T.);
#9112=ORIENTED_EDGE('',*,*,#6970,.T.);
#9113=ORIENTED_EDGE('',*,*,#6969,.F.);
#9114=ORIENTED_EDGE('',*,*,#6970,.F.);
#9115=ORIENTED_EDGE('',*,*,#6971,.F.);
#9116=ORIENTED_EDGE('',*,*,#6972,.F.);
#9117=ORIENTED_EDGE('',*,*,#6973,.F.);
#9118=ORIENTED_EDGE('',*,*,#6974,.F.);
#9119=ORIENTED_EDGE('',*,*,#6973,.T.);
#9120=ORIENTED_EDGE('',*,*,#6975,.F.);
#9121=ORIENTED_EDGE('',*,*,#6976,.F.);
#9122=ORIENTED_EDGE('',*,*,#6977,.T.);
#9123=ORIENTED_EDGE('',*,*,#6978,.T.);
#9124=ORIENTED_EDGE('',*,*,#6979,.F.);
#9125=ORIENTED_EDGE('',*,*,#6972,.T.);
#9126=ORIENTED_EDGE('',*,*,#6980,.T.);
#9127=ORIENTED_EDGE('',*,*,#6981,.T.);
#9128=ORIENTED_EDGE('',*,*,#6975,.T.);
#9129=ORIENTED_EDGE('',*,*,#6982,.T.);
#9130=ORIENTED_EDGE('',*,*,#6983,.T.);
#9131=ORIENTED_EDGE('',*,*,#6984,.F.);
#9132=ORIENTED_EDGE('',*,*,#6978,.F.);
#9133=ORIENTED_EDGE('',*,*,#6954,.T.);
#9134=ORIENTED_EDGE('',*,*,#6957,.T.);
#9135=ORIENTED_EDGE('',*,*,#6947,.T.);
#9136=ORIENTED_EDGE('',*,*,#6951,.T.);
#9137=ORIENTED_EDGE('',*,*,#6985,.T.);
#9138=ORIENTED_EDGE('',*,*,#6976,.T.);
#9139=ORIENTED_EDGE('',*,*,#6981,.F.);
#9140=ORIENTED_EDGE('',*,*,#6986,.F.);
#9141=ORIENTED_EDGE('',*,*,#6955,.T.);
#9142=ORIENTED_EDGE('',*,*,#6952,.T.);
#9143=ORIENTED_EDGE('',*,*,#6949,.T.);
#9144=ORIENTED_EDGE('',*,*,#6958,.T.);
#9145=ORIENTED_EDGE('',*,*,#6971,.T.);
#9146=ORIENTED_EDGE('',*,*,#6987,.F.);
#9147=ORIENTED_EDGE('',*,*,#6983,.F.);
#9148=ORIENTED_EDGE('',*,*,#6988,.T.);
#9149=ORIENTED_EDGE('',*,*,#6986,.T.);
#9150=ORIENTED_EDGE('',*,*,#6980,.F.);
#9151=ORIENTED_EDGE('',*,*,#6974,.T.);
#9152=ORIENTED_EDGE('',*,*,#6979,.T.);
#9153=ORIENTED_EDGE('',*,*,#6984,.T.);
#9154=ORIENTED_EDGE('',*,*,#6987,.T.);
#9155=ORIENTED_EDGE('',*,*,#6988,.F.);
#9156=ORIENTED_EDGE('',*,*,#6982,.F.);
#9157=ORIENTED_EDGE('',*,*,#6977,.F.);
#9158=ORIENTED_EDGE('',*,*,#6985,.F.);
#9159=ORIENTED_EDGE('',*,*,#6959,.T.);
#9160=ORIENTED_EDGE('',*,*,#6962,.T.);
#9161=ORIENTED_EDGE('',*,*,#6965,.T.);
#9162=ORIENTED_EDGE('',*,*,#6968,.T.);
#9163=ORIENTED_EDGE('',*,*,#6989,.F.);
#9164=ORIENTED_EDGE('',*,*,#6990,.T.);
#9165=ORIENTED_EDGE('',*,*,#6991,.F.);
#9166=ORIENTED_EDGE('',*,*,#6990,.F.);
#9167=ORIENTED_EDGE('',*,*,#6992,.F.);
#9168=ORIENTED_EDGE('',*,*,#6993,.T.);
#9169=ORIENTED_EDGE('',*,*,#6994,.T.);
#9170=ORIENTED_EDGE('',*,*,#6993,.F.);
#9171=ORIENTED_EDGE('',*,*,#6992,.T.);
#9172=ORIENTED_EDGE('',*,*,#6991,.T.);
#9173=ORIENTED_EDGE('',*,*,#6994,.F.);
#9174=ORIENTED_EDGE('',*,*,#6989,.T.);
#9175=ORIENTED_EDGE('',*,*,#6995,.F.);
#9176=ORIENTED_EDGE('',*,*,#6996,.T.);
#9177=ORIENTED_EDGE('',*,*,#6997,.F.);
#9178=ORIENTED_EDGE('',*,*,#6996,.F.);
#9179=ORIENTED_EDGE('',*,*,#6998,.F.);
#9180=ORIENTED_EDGE('',*,*,#6999,.T.);
#9181=ORIENTED_EDGE('',*,*,#7000,.T.);
#9182=ORIENTED_EDGE('',*,*,#6999,.F.);
#9183=ORIENTED_EDGE('',*,*,#6998,.T.);
#9184=ORIENTED_EDGE('',*,*,#6997,.T.);
#9185=ORIENTED_EDGE('',*,*,#7000,.F.);
#9186=ORIENTED_EDGE('',*,*,#6995,.T.);
#9187=ORIENTED_EDGE('',*,*,#7001,.T.);
#9188=ORIENTED_EDGE('',*,*,#7002,.T.);
#9189=ORIENTED_EDGE('',*,*,#7003,.F.);
#9190=ORIENTED_EDGE('',*,*,#7004,.F.);
#9191=ORIENTED_EDGE('',*,*,#7005,.T.);
#9192=ORIENTED_EDGE('',*,*,#7004,.T.);
#9193=ORIENTED_EDGE('',*,*,#7006,.F.);
#9194=ORIENTED_EDGE('',*,*,#7007,.F.);
#9195=ORIENTED_EDGE('',*,*,#7008,.T.);
#9196=ORIENTED_EDGE('',*,*,#7007,.T.);
#9197=ORIENTED_EDGE('',*,*,#7009,.F.);
#9198=ORIENTED_EDGE('',*,*,#7010,.F.);
#9199=ORIENTED_EDGE('',*,*,#7011,.T.);
#9200=ORIENTED_EDGE('',*,*,#7010,.T.);
#9201=ORIENTED_EDGE('',*,*,#7012,.F.);
#9202=ORIENTED_EDGE('',*,*,#7002,.F.);
#9203=ORIENTED_EDGE('',*,*,#7012,.T.);
#9204=ORIENTED_EDGE('',*,*,#7009,.T.);
#9205=ORIENTED_EDGE('',*,*,#7006,.T.);
#9206=ORIENTED_EDGE('',*,*,#7003,.T.);
#9207=ORIENTED_EDGE('',*,*,#7011,.F.);
#9208=ORIENTED_EDGE('',*,*,#7001,.F.);
#9209=ORIENTED_EDGE('',*,*,#7005,.F.);
#9210=ORIENTED_EDGE('',*,*,#7008,.F.);
#9211=ORIENTED_EDGE('',*,*,#7013,.F.);
#9212=ORIENTED_EDGE('',*,*,#7014,.T.);
#9213=ORIENTED_EDGE('',*,*,#7015,.F.);
#9214=ORIENTED_EDGE('',*,*,#7014,.F.);
#9215=ORIENTED_EDGE('',*,*,#7016,.F.);
#9216=ORIENTED_EDGE('',*,*,#7017,.T.);
#9217=ORIENTED_EDGE('',*,*,#7018,.F.);
#9218=ORIENTED_EDGE('',*,*,#7017,.F.);
#9219=ORIENTED_EDGE('',*,*,#7019,.F.);
#9220=ORIENTED_EDGE('',*,*,#7020,.T.);
#9221=ORIENTED_EDGE('',*,*,#7021,.T.);
#9222=ORIENTED_EDGE('',*,*,#7022,.T.);
#9223=ORIENTED_EDGE('',*,*,#7015,.T.);
#9224=ORIENTED_EDGE('',*,*,#7023,.T.);
#9225=ORIENTED_EDGE('',*,*,#7024,.T.);
#9226=ORIENTED_EDGE('',*,*,#7021,.F.);
#9227=ORIENTED_EDGE('',*,*,#7025,.F.);
#9228=ORIENTED_EDGE('',*,*,#7026,.T.);
#9229=ORIENTED_EDGE('',*,*,#7027,.T.);
#9230=ORIENTED_EDGE('',*,*,#7028,.F.);
#9231=ORIENTED_EDGE('',*,*,#7029,.T.);
#9232=ORIENTED_EDGE('',*,*,#7030,.F.);
#9233=ORIENTED_EDGE('',*,*,#7031,.F.);
#9234=ORIENTED_EDGE('',*,*,#7022,.F.);
#9235=ORIENTED_EDGE('',*,*,#7024,.F.);
#9236=ORIENTED_EDGE('',*,*,#7032,.F.);
#9237=ORIENTED_EDGE('',*,*,#7033,.F.);
#9238=ORIENTED_EDGE('',*,*,#7026,.F.);
#9239=ORIENTED_EDGE('',*,*,#7023,.F.);
#9240=ORIENTED_EDGE('',*,*,#7013,.T.);
#9241=ORIENTED_EDGE('',*,*,#7016,.T.);
#9242=ORIENTED_EDGE('',*,*,#7034,.F.);
#9243=ORIENTED_EDGE('',*,*,#7028,.T.);
#9244=ORIENTED_EDGE('',*,*,#7035,.T.);
#9245=ORIENTED_EDGE('',*,*,#7036,.T.);
#9246=ORIENTED_EDGE('',*,*,#7018,.T.);
#9247=ORIENTED_EDGE('',*,*,#7033,.T.);
#9248=ORIENTED_EDGE('',*,*,#7037,.T.);
#9249=ORIENTED_EDGE('',*,*,#7035,.F.);
#9250=ORIENTED_EDGE('',*,*,#7027,.F.);
#9251=ORIENTED_EDGE('',*,*,#7019,.T.);
#9252=ORIENTED_EDGE('',*,*,#7031,.T.);
#9253=ORIENTED_EDGE('',*,*,#7038,.F.);
#9254=ORIENTED_EDGE('',*,*,#7039,.F.);
#9255=ORIENTED_EDGE('',*,*,#7039,.T.);
#9256=ORIENTED_EDGE('',*,*,#7040,.F.);
#9257=ORIENTED_EDGE('',*,*,#7041,.F.);
#9258=ORIENTED_EDGE('',*,*,#7036,.F.);
#9259=ORIENTED_EDGE('',*,*,#7037,.F.);
#9260=ORIENTED_EDGE('',*,*,#7032,.T.);
#9261=ORIENTED_EDGE('',*,*,#7025,.T.);
#9262=ORIENTED_EDGE('',*,*,#7020,.F.);
#9263=ORIENTED_EDGE('',*,*,#7034,.T.);
#9264=ORIENTED_EDGE('',*,*,#7041,.T.);
#9265=ORIENTED_EDGE('',*,*,#7042,.F.);
#9266=ORIENTED_EDGE('',*,*,#7029,.F.);
#9267=ORIENTED_EDGE('',*,*,#7030,.T.);
#9268=ORIENTED_EDGE('',*,*,#7042,.T.);
#9269=ORIENTED_EDGE('',*,*,#7040,.T.);
#9270=ORIENTED_EDGE('',*,*,#7038,.T.);
#9271=ORIENTED_EDGE('',*,*,#7043,.T.);
#9272=ORIENTED_EDGE('',*,*,#7044,.T.);
#9273=ORIENTED_EDGE('',*,*,#7045,.F.);
#9274=ORIENTED_EDGE('',*,*,#7046,.F.);
#9275=ORIENTED_EDGE('',*,*,#7047,.T.);
#9276=ORIENTED_EDGE('',*,*,#7046,.T.);
#9277=ORIENTED_EDGE('',*,*,#7048,.F.);
#9278=ORIENTED_EDGE('',*,*,#7049,.F.);
#9279=ORIENTED_EDGE('',*,*,#7050,.T.);
#9280=ORIENTED_EDGE('',*,*,#7049,.T.);
#9281=ORIENTED_EDGE('',*,*,#7051,.F.);
#9282=ORIENTED_EDGE('',*,*,#7052,.F.);
#9283=ORIENTED_EDGE('',*,*,#7053,.T.);
#9284=ORIENTED_EDGE('',*,*,#7052,.T.);
#9285=ORIENTED_EDGE('',*,*,#7054,.F.);
#9286=ORIENTED_EDGE('',*,*,#7044,.F.);
#9287=ORIENTED_EDGE('',*,*,#7054,.T.);
#9288=ORIENTED_EDGE('',*,*,#7051,.T.);
#9289=ORIENTED_EDGE('',*,*,#7048,.T.);
#9290=ORIENTED_EDGE('',*,*,#7045,.T.);
#9291=ORIENTED_EDGE('',*,*,#7053,.F.);
#9292=ORIENTED_EDGE('',*,*,#7043,.F.);
#9293=ORIENTED_EDGE('',*,*,#7047,.F.);
#9294=ORIENTED_EDGE('',*,*,#7050,.F.);
#9295=ORIENTED_EDGE('',*,*,#7055,.F.);
#9296=ORIENTED_EDGE('',*,*,#7056,.T.);
#9297=ORIENTED_EDGE('',*,*,#7057,.T.);
#9298=ORIENTED_EDGE('',*,*,#7058,.F.);
#9299=ORIENTED_EDGE('',*,*,#7059,.F.);
#9300=ORIENTED_EDGE('',*,*,#7060,.T.);
#9301=ORIENTED_EDGE('',*,*,#7061,.T.);
#9302=ORIENTED_EDGE('',*,*,#7056,.F.);
#9303=ORIENTED_EDGE('',*,*,#7062,.F.);
#9304=ORIENTED_EDGE('',*,*,#7063,.T.);
#9305=ORIENTED_EDGE('',*,*,#7064,.T.);
#9306=ORIENTED_EDGE('',*,*,#7060,.F.);
#9307=ORIENTED_EDGE('',*,*,#7065,.F.);
#9308=ORIENTED_EDGE('',*,*,#7058,.T.);
#9309=ORIENTED_EDGE('',*,*,#7066,.T.);
#9310=ORIENTED_EDGE('',*,*,#7063,.F.);
#9311=ORIENTED_EDGE('',*,*,#7066,.F.);
#9312=ORIENTED_EDGE('',*,*,#7057,.F.);
#9313=ORIENTED_EDGE('',*,*,#7061,.F.);
#9314=ORIENTED_EDGE('',*,*,#7064,.F.);
#9315=ORIENTED_EDGE('',*,*,#7067,.T.);
#9316=ORIENTED_EDGE('',*,*,#7068,.T.);
#9317=ORIENTED_EDGE('',*,*,#7069,.F.);
#9318=ORIENTED_EDGE('',*,*,#7070,.F.);
#9319=ORIENTED_EDGE('',*,*,#7055,.T.);
#9320=ORIENTED_EDGE('',*,*,#7065,.T.);
#9321=ORIENTED_EDGE('',*,*,#7062,.T.);
#9322=ORIENTED_EDGE('',*,*,#7059,.T.);
#9323=ORIENTED_EDGE('',*,*,#7071,.T.);
#9324=ORIENTED_EDGE('',*,*,#7070,.T.);
#9325=ORIENTED_EDGE('',*,*,#7072,.F.);
#9326=ORIENTED_EDGE('',*,*,#7073,.F.);
#9327=ORIENTED_EDGE('',*,*,#7074,.T.);
#9328=ORIENTED_EDGE('',*,*,#7073,.T.);
#9329=ORIENTED_EDGE('',*,*,#7075,.F.);
#9330=ORIENTED_EDGE('',*,*,#7076,.F.);
#9331=ORIENTED_EDGE('',*,*,#7077,.T.);
#9332=ORIENTED_EDGE('',*,*,#7076,.T.);
#9333=ORIENTED_EDGE('',*,*,#7078,.F.);
#9334=ORIENTED_EDGE('',*,*,#7068,.F.);
#9335=ORIENTED_EDGE('',*,*,#7078,.T.);
#9336=ORIENTED_EDGE('',*,*,#7075,.T.);
#9337=ORIENTED_EDGE('',*,*,#7072,.T.);
#9338=ORIENTED_EDGE('',*,*,#7069,.T.);
#9339=ORIENTED_EDGE('',*,*,#7077,.F.);
#9340=ORIENTED_EDGE('',*,*,#7067,.F.);
#9341=ORIENTED_EDGE('',*,*,#7071,.F.);
#9342=ORIENTED_EDGE('',*,*,#7074,.F.);
#9343=ORIENTED_EDGE('',*,*,#7079,.T.);
#9344=ORIENTED_EDGE('',*,*,#7080,.T.);
#9345=ORIENTED_EDGE('',*,*,#7081,.F.);
#9346=ORIENTED_EDGE('',*,*,#7082,.F.);
#9347=ORIENTED_EDGE('',*,*,#7083,.T.);
#9348=ORIENTED_EDGE('',*,*,#7082,.T.);
#9349=ORIENTED_EDGE('',*,*,#7084,.F.);
#9350=ORIENTED_EDGE('',*,*,#7085,.F.);
#9351=ORIENTED_EDGE('',*,*,#7086,.T.);
#9352=ORIENTED_EDGE('',*,*,#7085,.T.);
#9353=ORIENTED_EDGE('',*,*,#7087,.F.);
#9354=ORIENTED_EDGE('',*,*,#7088,.F.);
#9355=ORIENTED_EDGE('',*,*,#7089,.T.);
#9356=ORIENTED_EDGE('',*,*,#7088,.T.);
#9357=ORIENTED_EDGE('',*,*,#7090,.F.);
#9358=ORIENTED_EDGE('',*,*,#7080,.F.);
#9359=ORIENTED_EDGE('',*,*,#7090,.T.);
#9360=ORIENTED_EDGE('',*,*,#7087,.T.);
#9361=ORIENTED_EDGE('',*,*,#7084,.T.);
#9362=ORIENTED_EDGE('',*,*,#7081,.T.);
#9363=ORIENTED_EDGE('',*,*,#7089,.F.);
#9364=ORIENTED_EDGE('',*,*,#7079,.F.);
#9365=ORIENTED_EDGE('',*,*,#7083,.F.);
#9366=ORIENTED_EDGE('',*,*,#7086,.F.);
#9367=ORIENTED_EDGE('',*,*,#7091,.T.);
#9368=ORIENTED_EDGE('',*,*,#7092,.T.);
#9369=ORIENTED_EDGE('',*,*,#7093,.F.);
#9370=ORIENTED_EDGE('',*,*,#7094,.F.);
#9371=ORIENTED_EDGE('',*,*,#7095,.T.);
#9372=ORIENTED_EDGE('',*,*,#7094,.T.);
#9373=ORIENTED_EDGE('',*,*,#7096,.F.);
#9374=ORIENTED_EDGE('',*,*,#7097,.F.);
#9375=ORIENTED_EDGE('',*,*,#7098,.T.);
#9376=ORIENTED_EDGE('',*,*,#7097,.T.);
#9377=ORIENTED_EDGE('',*,*,#7099,.F.);
#9378=ORIENTED_EDGE('',*,*,#7100,.F.);
#9379=ORIENTED_EDGE('',*,*,#7101,.T.);
#9380=ORIENTED_EDGE('',*,*,#7100,.T.);
#9381=ORIENTED_EDGE('',*,*,#7102,.F.);
#9382=ORIENTED_EDGE('',*,*,#7092,.F.);
#9383=ORIENTED_EDGE('',*,*,#7102,.T.);
#9384=ORIENTED_EDGE('',*,*,#7099,.T.);
#9385=ORIENTED_EDGE('',*,*,#7096,.T.);
#9386=ORIENTED_EDGE('',*,*,#7093,.T.);
#9387=ORIENTED_EDGE('',*,*,#7101,.F.);
#9388=ORIENTED_EDGE('',*,*,#7091,.F.);
#9389=ORIENTED_EDGE('',*,*,#7095,.F.);
#9390=ORIENTED_EDGE('',*,*,#7098,.F.);
#9391=ORIENTED_EDGE('',*,*,#7103,.T.);
#9392=ORIENTED_EDGE('',*,*,#7104,.T.);
#9393=ORIENTED_EDGE('',*,*,#7105,.F.);
#9394=ORIENTED_EDGE('',*,*,#7106,.F.);
#9395=ORIENTED_EDGE('',*,*,#7107,.T.);
#9396=ORIENTED_EDGE('',*,*,#7106,.T.);
#9397=ORIENTED_EDGE('',*,*,#7108,.F.);
#9398=ORIENTED_EDGE('',*,*,#7109,.F.);
#9399=ORIENTED_EDGE('',*,*,#7110,.T.);
#9400=ORIENTED_EDGE('',*,*,#7109,.T.);
#9401=ORIENTED_EDGE('',*,*,#7111,.F.);
#9402=ORIENTED_EDGE('',*,*,#7112,.F.);
#9403=ORIENTED_EDGE('',*,*,#7113,.T.);
#9404=ORIENTED_EDGE('',*,*,#7112,.T.);
#9405=ORIENTED_EDGE('',*,*,#7114,.F.);
#9406=ORIENTED_EDGE('',*,*,#7104,.F.);
#9407=ORIENTED_EDGE('',*,*,#7114,.T.);
#9408=ORIENTED_EDGE('',*,*,#7111,.T.);
#9409=ORIENTED_EDGE('',*,*,#7108,.T.);
#9410=ORIENTED_EDGE('',*,*,#7105,.T.);
#9411=ORIENTED_EDGE('',*,*,#7113,.F.);
#9412=ORIENTED_EDGE('',*,*,#7103,.F.);
#9413=ORIENTED_EDGE('',*,*,#7107,.F.);
#9414=ORIENTED_EDGE('',*,*,#7110,.F.);
#9415=ORIENTED_EDGE('',*,*,#7115,.T.);
#9416=ORIENTED_EDGE('',*,*,#7116,.T.);
#9417=ORIENTED_EDGE('',*,*,#7117,.F.);
#9418=ORIENTED_EDGE('',*,*,#7118,.F.);
#9419=ORIENTED_EDGE('',*,*,#7119,.T.);
#9420=ORIENTED_EDGE('',*,*,#7118,.T.);
#9421=ORIENTED_EDGE('',*,*,#7120,.F.);
#9422=ORIENTED_EDGE('',*,*,#7121,.F.);
#9423=ORIENTED_EDGE('',*,*,#7122,.T.);
#9424=ORIENTED_EDGE('',*,*,#7121,.T.);
#9425=ORIENTED_EDGE('',*,*,#7123,.F.);
#9426=ORIENTED_EDGE('',*,*,#7124,.F.);
#9427=ORIENTED_EDGE('',*,*,#7125,.T.);
#9428=ORIENTED_EDGE('',*,*,#7124,.T.);
#9429=ORIENTED_EDGE('',*,*,#7126,.F.);
#9430=ORIENTED_EDGE('',*,*,#7116,.F.);
#9431=ORIENTED_EDGE('',*,*,#7126,.T.);
#9432=ORIENTED_EDGE('',*,*,#7123,.T.);
#9433=ORIENTED_EDGE('',*,*,#7120,.T.);
#9434=ORIENTED_EDGE('',*,*,#7117,.T.);
#9435=ORIENTED_EDGE('',*,*,#7125,.F.);
#9436=ORIENTED_EDGE('',*,*,#7115,.F.);
#9437=ORIENTED_EDGE('',*,*,#7119,.F.);
#9438=ORIENTED_EDGE('',*,*,#7122,.F.);
#9439=ORIENTED_EDGE('',*,*,#7127,.T.);
#9440=ORIENTED_EDGE('',*,*,#7128,.T.);
#9441=ORIENTED_EDGE('',*,*,#7129,.F.);
#9442=ORIENTED_EDGE('',*,*,#7130,.F.);
#9443=ORIENTED_EDGE('',*,*,#7131,.T.);
#9444=ORIENTED_EDGE('',*,*,#7130,.T.);
#9445=ORIENTED_EDGE('',*,*,#7132,.F.);
#9446=ORIENTED_EDGE('',*,*,#7133,.F.);
#9447=ORIENTED_EDGE('',*,*,#7134,.T.);
#9448=ORIENTED_EDGE('',*,*,#7133,.T.);
#9449=ORIENTED_EDGE('',*,*,#7135,.F.);
#9450=ORIENTED_EDGE('',*,*,#7136,.F.);
#9451=ORIENTED_EDGE('',*,*,#7137,.T.);
#9452=ORIENTED_EDGE('',*,*,#7136,.T.);
#9453=ORIENTED_EDGE('',*,*,#7138,.F.);
#9454=ORIENTED_EDGE('',*,*,#7128,.F.);
#9455=ORIENTED_EDGE('',*,*,#7138,.T.);
#9456=ORIENTED_EDGE('',*,*,#7135,.T.);
#9457=ORIENTED_EDGE('',*,*,#7132,.T.);
#9458=ORIENTED_EDGE('',*,*,#7129,.T.);
#9459=ORIENTED_EDGE('',*,*,#7137,.F.);
#9460=ORIENTED_EDGE('',*,*,#7127,.F.);
#9461=ORIENTED_EDGE('',*,*,#7131,.F.);
#9462=ORIENTED_EDGE('',*,*,#7134,.F.);
#9463=ORIENTED_EDGE('',*,*,#7139,.F.);
#9464=ORIENTED_EDGE('',*,*,#7140,.T.);
#9465=ORIENTED_EDGE('',*,*,#7141,.F.);
#9466=ORIENTED_EDGE('',*,*,#7140,.F.);
#9467=ORIENTED_EDGE('',*,*,#7142,.F.);
#9468=ORIENTED_EDGE('',*,*,#7143,.T.);
#9469=ORIENTED_EDGE('',*,*,#7144,.F.);
#9470=ORIENTED_EDGE('',*,*,#7143,.F.);
#9471=ORIENTED_EDGE('',*,*,#7145,.F.);
#9472=ORIENTED_EDGE('',*,*,#7146,.T.);
#9473=ORIENTED_EDGE('',*,*,#7147,.F.);
#9474=ORIENTED_EDGE('',*,*,#7146,.F.);
#9475=ORIENTED_EDGE('',*,*,#7148,.F.);
#9476=ORIENTED_EDGE('',*,*,#7149,.T.);
#9477=ORIENTED_EDGE('',*,*,#7150,.F.);
#9478=ORIENTED_EDGE('',*,*,#7149,.F.);
#9479=ORIENTED_EDGE('',*,*,#7151,.T.);
#9480=ORIENTED_EDGE('',*,*,#7152,.T.);
#9481=ORIENTED_EDGE('',*,*,#7153,.F.);
#9482=ORIENTED_EDGE('',*,*,#7154,.F.);
#9483=ORIENTED_EDGE('',*,*,#7155,.T.);
#9484=ORIENTED_EDGE('',*,*,#7154,.T.);
#9485=ORIENTED_EDGE('',*,*,#7156,.F.);
#9486=ORIENTED_EDGE('',*,*,#7157,.F.);
#9487=ORIENTED_EDGE('',*,*,#7158,.T.);
#9488=ORIENTED_EDGE('',*,*,#7157,.T.);
#9489=ORIENTED_EDGE('',*,*,#7159,.F.);
#9490=ORIENTED_EDGE('',*,*,#7160,.F.);
#9491=ORIENTED_EDGE('',*,*,#7161,.T.);
#9492=ORIENTED_EDGE('',*,*,#7160,.T.);
#9493=ORIENTED_EDGE('',*,*,#7162,.F.);
#9494=ORIENTED_EDGE('',*,*,#7152,.F.);
#9495=ORIENTED_EDGE('',*,*,#7162,.T.);
#9496=ORIENTED_EDGE('',*,*,#7159,.T.);
#9497=ORIENTED_EDGE('',*,*,#7156,.T.);
#9498=ORIENTED_EDGE('',*,*,#7153,.T.);
#9499=ORIENTED_EDGE('',*,*,#7141,.T.);
#9500=ORIENTED_EDGE('',*,*,#7144,.T.);
#9501=ORIENTED_EDGE('',*,*,#7147,.T.);
#9502=ORIENTED_EDGE('',*,*,#7150,.T.);
#9503=ORIENTED_EDGE('',*,*,#7161,.F.);
#9504=ORIENTED_EDGE('',*,*,#7151,.F.);
#9505=ORIENTED_EDGE('',*,*,#7155,.F.);
#9506=ORIENTED_EDGE('',*,*,#7158,.F.);
#9507=ORIENTED_EDGE('',*,*,#7139,.T.);
#9508=ORIENTED_EDGE('',*,*,#7142,.T.);
#9509=ORIENTED_EDGE('',*,*,#7145,.T.);
#9510=ORIENTED_EDGE('',*,*,#7148,.T.);
#9511=ORIENTED_EDGE('',*,*,#7163,.T.);
#9512=ORIENTED_EDGE('',*,*,#7164,.T.);
#9513=ORIENTED_EDGE('',*,*,#7165,.F.);
#9514=ORIENTED_EDGE('',*,*,#7166,.F.);
#9515=ORIENTED_EDGE('',*,*,#7167,.T.);
#9516=ORIENTED_EDGE('',*,*,#7166,.T.);
#9517=ORIENTED_EDGE('',*,*,#7168,.F.);
#9518=ORIENTED_EDGE('',*,*,#7169,.F.);
#9519=ORIENTED_EDGE('',*,*,#7170,.T.);
#9520=ORIENTED_EDGE('',*,*,#7169,.T.);
#9521=ORIENTED_EDGE('',*,*,#7171,.F.);
#9522=ORIENTED_EDGE('',*,*,#7172,.F.);
#9523=ORIENTED_EDGE('',*,*,#7173,.T.);
#9524=ORIENTED_EDGE('',*,*,#7172,.T.);
#9525=ORIENTED_EDGE('',*,*,#7174,.F.);
#9526=ORIENTED_EDGE('',*,*,#7164,.F.);
#9527=ORIENTED_EDGE('',*,*,#7174,.T.);
#9528=ORIENTED_EDGE('',*,*,#7171,.T.);
#9529=ORIENTED_EDGE('',*,*,#7168,.T.);
#9530=ORIENTED_EDGE('',*,*,#7165,.T.);
#9531=ORIENTED_EDGE('',*,*,#7173,.F.);
#9532=ORIENTED_EDGE('',*,*,#7163,.F.);
#9533=ORIENTED_EDGE('',*,*,#7167,.F.);
#9534=ORIENTED_EDGE('',*,*,#7170,.F.);
#9535=ORIENTED_EDGE('',*,*,#7175,.T.);
#9536=ORIENTED_EDGE('',*,*,#7176,.T.);
#9537=ORIENTED_EDGE('',*,*,#7177,.F.);
#9538=ORIENTED_EDGE('',*,*,#7178,.F.);
#9539=ORIENTED_EDGE('',*,*,#7179,.T.);
#9540=ORIENTED_EDGE('',*,*,#7178,.T.);
#9541=ORIENTED_EDGE('',*,*,#7180,.F.);
#9542=ORIENTED_EDGE('',*,*,#7181,.F.);
#9543=ORIENTED_EDGE('',*,*,#7182,.T.);
#9544=ORIENTED_EDGE('',*,*,#7181,.T.);
#9545=ORIENTED_EDGE('',*,*,#7183,.F.);
#9546=ORIENTED_EDGE('',*,*,#7184,.F.);
#9547=ORIENTED_EDGE('',*,*,#7185,.T.);
#9548=ORIENTED_EDGE('',*,*,#7184,.T.);
#9549=ORIENTED_EDGE('',*,*,#7186,.F.);
#9550=ORIENTED_EDGE('',*,*,#7176,.F.);
#9551=ORIENTED_EDGE('',*,*,#7186,.T.);
#9552=ORIENTED_EDGE('',*,*,#7183,.T.);
#9553=ORIENTED_EDGE('',*,*,#7180,.T.);
#9554=ORIENTED_EDGE('',*,*,#7177,.T.);
#9555=ORIENTED_EDGE('',*,*,#7185,.F.);
#9556=ORIENTED_EDGE('',*,*,#7175,.F.);
#9557=ORIENTED_EDGE('',*,*,#7179,.F.);
#9558=ORIENTED_EDGE('',*,*,#7182,.F.);
#9559=ORIENTED_EDGE('',*,*,#7187,.T.);
#9560=ORIENTED_EDGE('',*,*,#7188,.T.);
#9561=ORIENTED_EDGE('',*,*,#7189,.F.);
#9562=ORIENTED_EDGE('',*,*,#7190,.F.);
#9563=ORIENTED_EDGE('',*,*,#7191,.T.);
#9564=ORIENTED_EDGE('',*,*,#7190,.T.);
#9565=ORIENTED_EDGE('',*,*,#7192,.F.);
#9566=ORIENTED_EDGE('',*,*,#7193,.F.);
#9567=ORIENTED_EDGE('',*,*,#7194,.T.);
#9568=ORIENTED_EDGE('',*,*,#7193,.T.);
#9569=ORIENTED_EDGE('',*,*,#7195,.F.);
#9570=ORIENTED_EDGE('',*,*,#7196,.F.);
#9571=ORIENTED_EDGE('',*,*,#7197,.T.);
#9572=ORIENTED_EDGE('',*,*,#7196,.T.);
#9573=ORIENTED_EDGE('',*,*,#7198,.F.);
#9574=ORIENTED_EDGE('',*,*,#7188,.F.);
#9575=ORIENTED_EDGE('',*,*,#7198,.T.);
#9576=ORIENTED_EDGE('',*,*,#7195,.T.);
#9577=ORIENTED_EDGE('',*,*,#7192,.T.);
#9578=ORIENTED_EDGE('',*,*,#7189,.T.);
#9579=ORIENTED_EDGE('',*,*,#7197,.F.);
#9580=ORIENTED_EDGE('',*,*,#7187,.F.);
#9581=ORIENTED_EDGE('',*,*,#7191,.F.);
#9582=ORIENTED_EDGE('',*,*,#7194,.F.);
#9583=ORIENTED_EDGE('',*,*,#7199,.F.);
#9584=ORIENTED_EDGE('',*,*,#7200,.T.);
#9585=ORIENTED_EDGE('',*,*,#7201,.F.);
#9586=ORIENTED_EDGE('',*,*,#7200,.F.);
#9587=ORIENTED_EDGE('',*,*,#7202,.F.);
#9588=ORIENTED_EDGE('',*,*,#7203,.T.);
#9589=ORIENTED_EDGE('',*,*,#7204,.F.);
#9590=ORIENTED_EDGE('',*,*,#7203,.F.);
#9591=ORIENTED_EDGE('',*,*,#7205,.T.);
#9592=ORIENTED_EDGE('',*,*,#7206,.T.);
#9593=ORIENTED_EDGE('',*,*,#7207,.F.);
#9594=ORIENTED_EDGE('',*,*,#7208,.F.);
#9595=ORIENTED_EDGE('',*,*,#7209,.T.);
#9596=ORIENTED_EDGE('',*,*,#7208,.T.);
#9597=ORIENTED_EDGE('',*,*,#7210,.F.);
#9598=ORIENTED_EDGE('',*,*,#7211,.F.);
#9599=ORIENTED_EDGE('',*,*,#7212,.T.);
#9600=ORIENTED_EDGE('',*,*,#7211,.T.);
#9601=ORIENTED_EDGE('',*,*,#7213,.F.);
#9602=ORIENTED_EDGE('',*,*,#7214,.F.);
#9603=ORIENTED_EDGE('',*,*,#7215,.T.);
#9604=ORIENTED_EDGE('',*,*,#7214,.T.);
#9605=ORIENTED_EDGE('',*,*,#7216,.F.);
#9606=ORIENTED_EDGE('',*,*,#7206,.F.);
#9607=ORIENTED_EDGE('',*,*,#7216,.T.);
#9608=ORIENTED_EDGE('',*,*,#7213,.T.);
#9609=ORIENTED_EDGE('',*,*,#7210,.T.);
#9610=ORIENTED_EDGE('',*,*,#7207,.T.);
#9611=ORIENTED_EDGE('',*,*,#7201,.T.);
#9612=ORIENTED_EDGE('',*,*,#7204,.T.);
#9613=ORIENTED_EDGE('',*,*,#7215,.F.);
#9614=ORIENTED_EDGE('',*,*,#7205,.F.);
#9615=ORIENTED_EDGE('',*,*,#7209,.F.);
#9616=ORIENTED_EDGE('',*,*,#7212,.F.);
#9617=ORIENTED_EDGE('',*,*,#7199,.T.);
#9618=ORIENTED_EDGE('',*,*,#7202,.T.);
#9619=ORIENTED_EDGE('',*,*,#7217,.F.);
#9620=ORIENTED_EDGE('',*,*,#7218,.T.);
#9621=ORIENTED_EDGE('',*,*,#7219,.F.);
#9622=ORIENTED_EDGE('',*,*,#7218,.F.);
#9623=ORIENTED_EDGE('',*,*,#7220,.F.);
#9624=ORIENTED_EDGE('',*,*,#7221,.T.);
#9625=ORIENTED_EDGE('',*,*,#7222,.F.);
#9626=ORIENTED_EDGE('',*,*,#7221,.F.);
#9627=ORIENTED_EDGE('',*,*,#7223,.F.);
#9628=ORIENTED_EDGE('',*,*,#7224,.T.);
#9629=ORIENTED_EDGE('',*,*,#7225,.F.);
#9630=ORIENTED_EDGE('',*,*,#7224,.F.);
#9631=ORIENTED_EDGE('',*,*,#7226,.F.);
#9632=ORIENTED_EDGE('',*,*,#7227,.T.);
#9633=ORIENTED_EDGE('',*,*,#7228,.F.);
#9634=ORIENTED_EDGE('',*,*,#7227,.F.);
#9635=ORIENTED_EDGE('',*,*,#7229,.T.);
#9636=ORIENTED_EDGE('',*,*,#7230,.T.);
#9637=ORIENTED_EDGE('',*,*,#7231,.F.);
#9638=ORIENTED_EDGE('',*,*,#7232,.F.);
#9639=ORIENTED_EDGE('',*,*,#7219,.T.);
#9640=ORIENTED_EDGE('',*,*,#7222,.T.);
#9641=ORIENTED_EDGE('',*,*,#7225,.T.);
#9642=ORIENTED_EDGE('',*,*,#7228,.T.);
#9643=ORIENTED_EDGE('',*,*,#7233,.T.);
#9644=ORIENTED_EDGE('',*,*,#7232,.T.);
#9645=ORIENTED_EDGE('',*,*,#7234,.F.);
#9646=ORIENTED_EDGE('',*,*,#7235,.F.);
#9647=ORIENTED_EDGE('',*,*,#7236,.T.);
#9648=ORIENTED_EDGE('',*,*,#7235,.T.);
#9649=ORIENTED_EDGE('',*,*,#7237,.F.);
#9650=ORIENTED_EDGE('',*,*,#7238,.F.);
#9651=ORIENTED_EDGE('',*,*,#7217,.T.);
#9652=ORIENTED_EDGE('',*,*,#7220,.T.);
#9653=ORIENTED_EDGE('',*,*,#7223,.T.);
#9654=ORIENTED_EDGE('',*,*,#7226,.T.);
#9655=ORIENTED_EDGE('',*,*,#7239,.T.);
#9656=ORIENTED_EDGE('',*,*,#7238,.T.);
#9657=ORIENTED_EDGE('',*,*,#7240,.F.);
#9658=ORIENTED_EDGE('',*,*,#7230,.F.);
#9659=ORIENTED_EDGE('',*,*,#7240,.T.);
#9660=ORIENTED_EDGE('',*,*,#7237,.T.);
#9661=ORIENTED_EDGE('',*,*,#7234,.T.);
#9662=ORIENTED_EDGE('',*,*,#7231,.T.);
#9663=ORIENTED_EDGE('',*,*,#7239,.F.);
#9664=ORIENTED_EDGE('',*,*,#7229,.F.);
#9665=ORIENTED_EDGE('',*,*,#7233,.F.);
#9666=ORIENTED_EDGE('',*,*,#7236,.F.);
#9667=ORIENTED_EDGE('',*,*,#7241,.F.);
#9668=ORIENTED_EDGE('',*,*,#7242,.T.);
#9669=ORIENTED_EDGE('',*,*,#7243,.F.);
#9670=ORIENTED_EDGE('',*,*,#7242,.F.);
#9671=ORIENTED_EDGE('',*,*,#7244,.F.);
#9672=ORIENTED_EDGE('',*,*,#7245,.T.);
#9673=ORIENTED_EDGE('',*,*,#7246,.F.);
#9674=ORIENTED_EDGE('',*,*,#7245,.F.);
#9675=ORIENTED_EDGE('',*,*,#7247,.F.);
#9676=ORIENTED_EDGE('',*,*,#7248,.T.);
#9677=ORIENTED_EDGE('',*,*,#7249,.F.);
#9678=ORIENTED_EDGE('',*,*,#7248,.F.);
#9679=ORIENTED_EDGE('',*,*,#7250,.F.);
#9680=ORIENTED_EDGE('',*,*,#7251,.T.);
#9681=ORIENTED_EDGE('',*,*,#7252,.F.);
#9682=ORIENTED_EDGE('',*,*,#7251,.F.);
#9683=ORIENTED_EDGE('',*,*,#7253,.F.);
#9684=ORIENTED_EDGE('',*,*,#7254,.F.);
#9685=ORIENTED_EDGE('',*,*,#7255,.F.);
#9686=ORIENTED_EDGE('',*,*,#7256,.T.);
#9687=ORIENTED_EDGE('',*,*,#7257,.F.);
#9688=ORIENTED_EDGE('',*,*,#7256,.F.);
#9689=ORIENTED_EDGE('',*,*,#7258,.F.);
#9690=ORIENTED_EDGE('',*,*,#7259,.F.);
#9691=ORIENTED_EDGE('',*,*,#7260,.F.);
#9692=ORIENTED_EDGE('',*,*,#7259,.T.);
#9693=ORIENTED_EDGE('',*,*,#7261,.F.);
#9694=ORIENTED_EDGE('',*,*,#7262,.T.);
#9695=ORIENTED_EDGE('',*,*,#7263,.F.);
#9696=ORIENTED_EDGE('',*,*,#7262,.F.);
#9697=ORIENTED_EDGE('',*,*,#7264,.F.);
#9698=ORIENTED_EDGE('',*,*,#7254,.T.);
#9699=ORIENTED_EDGE('',*,*,#7265,.F.);
#9700=ORIENTED_EDGE('',*,*,#7266,.F.);
#9701=ORIENTED_EDGE('',*,*,#7267,.F.);
#9702=ORIENTED_EDGE('',*,*,#7268,.T.);
#9703=ORIENTED_EDGE('',*,*,#7269,.F.);
#9704=ORIENTED_EDGE('',*,*,#7268,.F.);
#9705=ORIENTED_EDGE('',*,*,#7270,.F.);
#9706=ORIENTED_EDGE('',*,*,#7271,.F.);
#9707=ORIENTED_EDGE('',*,*,#7272,.F.);
#9708=ORIENTED_EDGE('',*,*,#7271,.T.);
#9709=ORIENTED_EDGE('',*,*,#7273,.F.);
#9710=ORIENTED_EDGE('',*,*,#7274,.T.);
#9711=ORIENTED_EDGE('',*,*,#7275,.F.);
#9712=ORIENTED_EDGE('',*,*,#7274,.F.);
#9713=ORIENTED_EDGE('',*,*,#7276,.F.);
#9714=ORIENTED_EDGE('',*,*,#7266,.T.);
#9715=ORIENTED_EDGE('',*,*,#7277,.T.);
#9716=ORIENTED_EDGE('',*,*,#7278,.T.);
#9717=ORIENTED_EDGE('',*,*,#7279,.F.);
#9718=ORIENTED_EDGE('',*,*,#7280,.F.);
#9719=ORIENTED_EDGE('',*,*,#7281,.T.);
#9720=ORIENTED_EDGE('',*,*,#7280,.T.);
#9721=ORIENTED_EDGE('',*,*,#7282,.F.);
#9722=ORIENTED_EDGE('',*,*,#7283,.F.);
#9723=ORIENTED_EDGE('',*,*,#7284,.T.);
#9724=ORIENTED_EDGE('',*,*,#7283,.T.);
#9725=ORIENTED_EDGE('',*,*,#7285,.F.);
#9726=ORIENTED_EDGE('',*,*,#7286,.F.);
#9727=ORIENTED_EDGE('',*,*,#7287,.T.);
#9728=ORIENTED_EDGE('',*,*,#7286,.T.);
#9729=ORIENTED_EDGE('',*,*,#7288,.F.);
#9730=ORIENTED_EDGE('',*,*,#7278,.F.);
#9731=ORIENTED_EDGE('',*,*,#7288,.T.);
#9732=ORIENTED_EDGE('',*,*,#7285,.T.);
#9733=ORIENTED_EDGE('',*,*,#7282,.T.);
#9734=ORIENTED_EDGE('',*,*,#7279,.T.);
#9735=ORIENTED_EDGE('',*,*,#7272,.T.);
#9736=ORIENTED_EDGE('',*,*,#7275,.T.);
#9737=ORIENTED_EDGE('',*,*,#7265,.T.);
#9738=ORIENTED_EDGE('',*,*,#7269,.T.);
#9739=ORIENTED_EDGE('',*,*,#7260,.T.);
#9740=ORIENTED_EDGE('',*,*,#7263,.T.);
#9741=ORIENTED_EDGE('',*,*,#7253,.T.);
#9742=ORIENTED_EDGE('',*,*,#7257,.T.);
#9743=ORIENTED_EDGE('',*,*,#7252,.T.);
#9744=ORIENTED_EDGE('',*,*,#7249,.T.);
#9745=ORIENTED_EDGE('',*,*,#7246,.T.);
#9746=ORIENTED_EDGE('',*,*,#7243,.T.);
#9747=ORIENTED_EDGE('',*,*,#7287,.F.);
#9748=ORIENTED_EDGE('',*,*,#7277,.F.);
#9749=ORIENTED_EDGE('',*,*,#7281,.F.);
#9750=ORIENTED_EDGE('',*,*,#7284,.F.);
#9751=ORIENTED_EDGE('',*,*,#7273,.T.);
#9752=ORIENTED_EDGE('',*,*,#7270,.T.);
#9753=ORIENTED_EDGE('',*,*,#7267,.T.);
#9754=ORIENTED_EDGE('',*,*,#7276,.T.);
#9755=ORIENTED_EDGE('',*,*,#7261,.T.);
#9756=ORIENTED_EDGE('',*,*,#7258,.T.);
#9757=ORIENTED_EDGE('',*,*,#7255,.T.);
#9758=ORIENTED_EDGE('',*,*,#7264,.T.);
#9759=ORIENTED_EDGE('',*,*,#7250,.T.);
#9760=ORIENTED_EDGE('',*,*,#7247,.T.);
#9761=ORIENTED_EDGE('',*,*,#7244,.T.);
#9762=ORIENTED_EDGE('',*,*,#7241,.T.);
#9763=ORIENTED_EDGE('',*,*,#7289,.T.);
#9764=ORIENTED_EDGE('',*,*,#7290,.T.);
#9765=ORIENTED_EDGE('',*,*,#7291,.F.);
#9766=ORIENTED_EDGE('',*,*,#7292,.F.);
#9767=ORIENTED_EDGE('',*,*,#7293,.T.);
#9768=ORIENTED_EDGE('',*,*,#7292,.T.);
#9769=ORIENTED_EDGE('',*,*,#7294,.F.);
#9770=ORIENTED_EDGE('',*,*,#7295,.F.);
#9771=ORIENTED_EDGE('',*,*,#7296,.F.);
#9772=ORIENTED_EDGE('',*,*,#7295,.T.);
#9773=ORIENTED_EDGE('',*,*,#7297,.F.);
#9774=ORIENTED_EDGE('',*,*,#7298,.F.);
#9775=ORIENTED_EDGE('',*,*,#7299,.T.);
#9776=ORIENTED_EDGE('',*,*,#7298,.T.);
#9777=ORIENTED_EDGE('',*,*,#7300,.F.);
#9778=ORIENTED_EDGE('',*,*,#7290,.F.);
#9779=ORIENTED_EDGE('',*,*,#7300,.T.);
#9780=ORIENTED_EDGE('',*,*,#7297,.T.);
#9781=ORIENTED_EDGE('',*,*,#7294,.T.);
#9782=ORIENTED_EDGE('',*,*,#7291,.T.);
#9783=ORIENTED_EDGE('',*,*,#7299,.F.);
#9784=ORIENTED_EDGE('',*,*,#7289,.F.);
#9785=ORIENTED_EDGE('',*,*,#7293,.F.);
#9786=ORIENTED_EDGE('',*,*,#7296,.T.);
#9787=ORIENTED_EDGE('',*,*,#7301,.F.);
#9788=ORIENTED_EDGE('',*,*,#7302,.T.);
#9789=ORIENTED_EDGE('',*,*,#7303,.F.);
#9790=ORIENTED_EDGE('',*,*,#7304,.F.);
#9791=ORIENTED_EDGE('',*,*,#7305,.T.);
#9792=ORIENTED_EDGE('',*,*,#7306,.T.);
#9793=ORIENTED_EDGE('',*,*,#7307,.T.);
#9794=ORIENTED_EDGE('',*,*,#7308,.T.);
#9795=ORIENTED_EDGE('',*,*,#7301,.T.);
#9796=ORIENTED_EDGE('',*,*,#7309,.T.);
#9797=ORIENTED_EDGE('',*,*,#7305,.F.);
#9798=ORIENTED_EDGE('',*,*,#7310,.F.);
#9799=ORIENTED_EDGE('',*,*,#7304,.T.);
#9800=ORIENTED_EDGE('',*,*,#7311,.T.);
#9801=ORIENTED_EDGE('',*,*,#7306,.F.);
#9802=ORIENTED_EDGE('',*,*,#7309,.F.);
#9803=ORIENTED_EDGE('',*,*,#7303,.T.);
#9804=ORIENTED_EDGE('',*,*,#7312,.T.);
#9805=ORIENTED_EDGE('',*,*,#7307,.F.);
#9806=ORIENTED_EDGE('',*,*,#7311,.F.);
#9807=ORIENTED_EDGE('',*,*,#7302,.F.);
#9808=ORIENTED_EDGE('',*,*,#7310,.T.);
#9809=ORIENTED_EDGE('',*,*,#7308,.F.);
#9810=ORIENTED_EDGE('',*,*,#7312,.F.);
#9811=ORIENTED_EDGE('',*,*,#7313,.F.);
#9812=ORIENTED_EDGE('',*,*,#7314,.T.);
#9813=ORIENTED_EDGE('',*,*,#7315,.T.);
#9814=ORIENTED_EDGE('',*,*,#7314,.F.);
#9815=ORIENTED_EDGE('',*,*,#7315,.F.);
#9816=ORIENTED_EDGE('',*,*,#7316,.F.);
#9817=ORIENTED_EDGE('',*,*,#7317,.T.);
#9818=ORIENTED_EDGE('',*,*,#7318,.T.);
#9819=ORIENTED_EDGE('',*,*,#7317,.F.);
#9820=ORIENTED_EDGE('',*,*,#7318,.F.);
#9821=ORIENTED_EDGE('',*,*,#7319,.F.);
#9822=ORIENTED_EDGE('',*,*,#7320,.T.);
#9823=ORIENTED_EDGE('',*,*,#7321,.T.);
#9824=ORIENTED_EDGE('',*,*,#7320,.F.);
#9825=ORIENTED_EDGE('',*,*,#7319,.T.);
#9826=ORIENTED_EDGE('',*,*,#7316,.T.);
#9827=ORIENTED_EDGE('',*,*,#7321,.F.);
#9828=ORIENTED_EDGE('',*,*,#7313,.T.);
#9829=ORIENTED_EDGE('',*,*,#7322,.F.);
#9830=ORIENTED_EDGE('',*,*,#7323,.T.);
#9831=ORIENTED_EDGE('',*,*,#7324,.T.);
#9832=ORIENTED_EDGE('',*,*,#7323,.F.);
#9833=ORIENTED_EDGE('',*,*,#7324,.F.);
#9834=ORIENTED_EDGE('',*,*,#7325,.F.);
#9835=ORIENTED_EDGE('',*,*,#7326,.T.);
#9836=ORIENTED_EDGE('',*,*,#7327,.T.);
#9837=ORIENTED_EDGE('',*,*,#7326,.F.);
#9838=ORIENTED_EDGE('',*,*,#7327,.F.);
#9839=ORIENTED_EDGE('',*,*,#7328,.F.);
#9840=ORIENTED_EDGE('',*,*,#7329,.T.);
#9841=ORIENTED_EDGE('',*,*,#7330,.T.);
#9842=ORIENTED_EDGE('',*,*,#7329,.F.);
#9843=ORIENTED_EDGE('',*,*,#7328,.T.);
#9844=ORIENTED_EDGE('',*,*,#7325,.T.);
#9845=ORIENTED_EDGE('',*,*,#7330,.F.);
#9846=ORIENTED_EDGE('',*,*,#7322,.T.);
#9847=ORIENTED_EDGE('',*,*,#7331,.F.);
#9848=ORIENTED_EDGE('',*,*,#7332,.T.);
#9849=ORIENTED_EDGE('',*,*,#7333,.T.);
#9850=ORIENTED_EDGE('',*,*,#7332,.F.);
#9851=ORIENTED_EDGE('',*,*,#7333,.F.);
#9852=ORIENTED_EDGE('',*,*,#7334,.F.);
#9853=ORIENTED_EDGE('',*,*,#7335,.T.);
#9854=ORIENTED_EDGE('',*,*,#7336,.T.);
#9855=ORIENTED_EDGE('',*,*,#7335,.F.);
#9856=ORIENTED_EDGE('',*,*,#7336,.F.);
#9857=ORIENTED_EDGE('',*,*,#7337,.F.);
#9858=ORIENTED_EDGE('',*,*,#7338,.T.);
#9859=ORIENTED_EDGE('',*,*,#7339,.T.);
#9860=ORIENTED_EDGE('',*,*,#7338,.F.);
#9861=ORIENTED_EDGE('',*,*,#7337,.T.);
#9862=ORIENTED_EDGE('',*,*,#7334,.T.);
#9863=ORIENTED_EDGE('',*,*,#7339,.F.);
#9864=ORIENTED_EDGE('',*,*,#7331,.T.);
#9865=ORIENTED_EDGE('',*,*,#7340,.F.);
#9866=ORIENTED_EDGE('',*,*,#7341,.T.);
#9867=ORIENTED_EDGE('',*,*,#7342,.T.);
#9868=ORIENTED_EDGE('',*,*,#7341,.F.);
#9869=ORIENTED_EDGE('',*,*,#7342,.F.);
#9870=ORIENTED_EDGE('',*,*,#7343,.F.);
#9871=ORIENTED_EDGE('',*,*,#7344,.T.);
#9872=ORIENTED_EDGE('',*,*,#7345,.T.);
#9873=ORIENTED_EDGE('',*,*,#7344,.F.);
#9874=ORIENTED_EDGE('',*,*,#7345,.F.);
#9875=ORIENTED_EDGE('',*,*,#7346,.F.);
#9876=ORIENTED_EDGE('',*,*,#7347,.T.);
#9877=ORIENTED_EDGE('',*,*,#7348,.T.);
#9878=ORIENTED_EDGE('',*,*,#7347,.F.);
#9879=ORIENTED_EDGE('',*,*,#7346,.T.);
#9880=ORIENTED_EDGE('',*,*,#7343,.T.);
#9881=ORIENTED_EDGE('',*,*,#7348,.F.);
#9882=ORIENTED_EDGE('',*,*,#7340,.T.);
#9883=ORIENTED_EDGE('',*,*,#7349,.F.);
#9884=ORIENTED_EDGE('',*,*,#7350,.T.);
#9885=ORIENTED_EDGE('',*,*,#7351,.T.);
#9886=ORIENTED_EDGE('',*,*,#7350,.F.);
#9887=ORIENTED_EDGE('',*,*,#7351,.F.);
#9888=ORIENTED_EDGE('',*,*,#7352,.F.);
#9889=ORIENTED_EDGE('',*,*,#7353,.T.);
#9890=ORIENTED_EDGE('',*,*,#7354,.T.);
#9891=ORIENTED_EDGE('',*,*,#7353,.F.);
#9892=ORIENTED_EDGE('',*,*,#7354,.F.);
#9893=ORIENTED_EDGE('',*,*,#7355,.F.);
#9894=ORIENTED_EDGE('',*,*,#7356,.T.);
#9895=ORIENTED_EDGE('',*,*,#7357,.T.);
#9896=ORIENTED_EDGE('',*,*,#7356,.F.);
#9897=ORIENTED_EDGE('',*,*,#7355,.T.);
#9898=ORIENTED_EDGE('',*,*,#7352,.T.);
#9899=ORIENTED_EDGE('',*,*,#7357,.F.);
#9900=ORIENTED_EDGE('',*,*,#7349,.T.);
#9901=ORIENTED_EDGE('',*,*,#7358,.F.);
#9902=ORIENTED_EDGE('',*,*,#7359,.T.);
#9903=ORIENTED_EDGE('',*,*,#7360,.T.);
#9904=ORIENTED_EDGE('',*,*,#7359,.F.);
#9905=ORIENTED_EDGE('',*,*,#7360,.F.);
#9906=ORIENTED_EDGE('',*,*,#7361,.F.);
#9907=ORIENTED_EDGE('',*,*,#7362,.T.);
#9908=ORIENTED_EDGE('',*,*,#7363,.T.);
#9909=ORIENTED_EDGE('',*,*,#7362,.F.);
#9910=ORIENTED_EDGE('',*,*,#7363,.F.);
#9911=ORIENTED_EDGE('',*,*,#7364,.F.);
#9912=ORIENTED_EDGE('',*,*,#7365,.T.);
#9913=ORIENTED_EDGE('',*,*,#7366,.T.);
#9914=ORIENTED_EDGE('',*,*,#7365,.F.);
#9915=ORIENTED_EDGE('',*,*,#7364,.T.);
#9916=ORIENTED_EDGE('',*,*,#7361,.T.);
#9917=ORIENTED_EDGE('',*,*,#7366,.F.);
#9918=ORIENTED_EDGE('',*,*,#7358,.T.);
#9919=ORIENTED_EDGE('',*,*,#7367,.F.);
#9920=ORIENTED_EDGE('',*,*,#7368,.T.);
#9921=ORIENTED_EDGE('',*,*,#7369,.F.);
#9922=ORIENTED_EDGE('',*,*,#7368,.F.);
#9923=ORIENTED_EDGE('',*,*,#7370,.F.);
#9924=ORIENTED_EDGE('',*,*,#7371,.T.);
#9925=ORIENTED_EDGE('',*,*,#7372,.F.);
#9926=ORIENTED_EDGE('',*,*,#7371,.F.);
#9927=ORIENTED_EDGE('',*,*,#7373,.F.);
#9928=ORIENTED_EDGE('',*,*,#7374,.T.);
#9929=ORIENTED_EDGE('',*,*,#7375,.F.);
#9930=ORIENTED_EDGE('',*,*,#7376,.F.);
#9931=ORIENTED_EDGE('',*,*,#7377,.F.);
#9932=ORIENTED_EDGE('',*,*,#7378,.F.);
#9933=ORIENTED_EDGE('',*,*,#7379,.F.);
#9934=ORIENTED_EDGE('',*,*,#7374,.F.);
#9935=ORIENTED_EDGE('',*,*,#7380,.F.);
#9936=ORIENTED_EDGE('',*,*,#7381,.F.);
#9937=ORIENTED_EDGE('',*,*,#7382,.F.);
#9938=ORIENTED_EDGE('',*,*,#7378,.T.);
#9939=ORIENTED_EDGE('',*,*,#7380,.T.);
#9940=ORIENTED_EDGE('',*,*,#7377,.T.);
#9941=ORIENTED_EDGE('',*,*,#7373,.T.);
#9942=ORIENTED_EDGE('',*,*,#7383,.T.);
#9943=ORIENTED_EDGE('',*,*,#7384,.T.);
#9944=ORIENTED_EDGE('',*,*,#7385,.F.);
#9945=ORIENTED_EDGE('',*,*,#7386,.F.);
#9946=ORIENTED_EDGE('',*,*,#7387,.T.);
#9947=ORIENTED_EDGE('',*,*,#7376,.T.);
#9948=ORIENTED_EDGE('',*,*,#7388,.F.);
#9949=ORIENTED_EDGE('',*,*,#7389,.F.);
#9950=ORIENTED_EDGE('',*,*,#7383,.F.);
#9951=ORIENTED_EDGE('',*,*,#7367,.T.);
#9952=ORIENTED_EDGE('',*,*,#7390,.F.);
#9953=ORIENTED_EDGE('',*,*,#7391,.F.);
#9954=ORIENTED_EDGE('',*,*,#7392,.F.);
#9955=ORIENTED_EDGE('',*,*,#7393,.T.);
#9956=ORIENTED_EDGE('',*,*,#7394,.F.);
#9957=ORIENTED_EDGE('',*,*,#7393,.F.);
#9958=ORIENTED_EDGE('',*,*,#7395,.F.);
#9959=ORIENTED_EDGE('',*,*,#7396,.T.);
#9960=ORIENTED_EDGE('',*,*,#7397,.F.);
#9961=ORIENTED_EDGE('',*,*,#7396,.F.);
#9962=ORIENTED_EDGE('',*,*,#7398,.F.);
#9963=ORIENTED_EDGE('',*,*,#7399,.T.);
#9964=ORIENTED_EDGE('',*,*,#7400,.F.);
#9965=ORIENTED_EDGE('',*,*,#7399,.F.);
#9966=ORIENTED_EDGE('',*,*,#7401,.F.);
#9967=ORIENTED_EDGE('',*,*,#7391,.T.);
#9968=ORIENTED_EDGE('',*,*,#7395,.T.);
#9969=ORIENTED_EDGE('',*,*,#7392,.T.);
#9970=ORIENTED_EDGE('',*,*,#7401,.T.);
#9971=ORIENTED_EDGE('',*,*,#7398,.T.);
#9972=ORIENTED_EDGE('',*,*,#7369,.T.);
#9973=ORIENTED_EDGE('',*,*,#7372,.T.);
#9974=ORIENTED_EDGE('',*,*,#7402,.T.);
#9975=ORIENTED_EDGE('',*,*,#7386,.T.);
#9976=ORIENTED_EDGE('',*,*,#7403,.F.);
#9977=ORIENTED_EDGE('',*,*,#7404,.F.);
#9978=ORIENTED_EDGE('',*,*,#7382,.T.);
#9979=ORIENTED_EDGE('',*,*,#7405,.T.);
#9980=ORIENTED_EDGE('',*,*,#7404,.T.);
#9981=ORIENTED_EDGE('',*,*,#7406,.F.);
#9982=ORIENTED_EDGE('',*,*,#7407,.F.);
#9983=ORIENTED_EDGE('',*,*,#7388,.T.);
#9984=ORIENTED_EDGE('',*,*,#7375,.T.);
#9985=ORIENTED_EDGE('',*,*,#7379,.T.);
#9986=ORIENTED_EDGE('',*,*,#7389,.T.);
#9987=ORIENTED_EDGE('',*,*,#7407,.T.);
#9988=ORIENTED_EDGE('',*,*,#7408,.F.);
#9989=ORIENTED_EDGE('',*,*,#7384,.F.);
#9990=ORIENTED_EDGE('',*,*,#7408,.T.);
#9991=ORIENTED_EDGE('',*,*,#7406,.T.);
#9992=ORIENTED_EDGE('',*,*,#7403,.T.);
#9993=ORIENTED_EDGE('',*,*,#7385,.T.);
#9994=ORIENTED_EDGE('',*,*,#7397,.T.);
#9995=ORIENTED_EDGE('',*,*,#7400,.T.);
#9996=ORIENTED_EDGE('',*,*,#7390,.T.);
#9997=ORIENTED_EDGE('',*,*,#7394,.T.);
#9998=ORIENTED_EDGE('',*,*,#7381,.T.);
#9999=ORIENTED_EDGE('',*,*,#7387,.F.);
#10000=ORIENTED_EDGE('',*,*,#7402,.F.);
#10001=ORIENTED_EDGE('',*,*,#7405,.F.);
#10002=ORIENTED_EDGE('',*,*,#7370,.T.);
#10003=ORIENTED_EDGE('',*,*,#7409,.F.);
#10004=ORIENTED_EDGE('',*,*,#7410,.T.);
#10005=ORIENTED_EDGE('',*,*,#7411,.F.);
#10006=ORIENTED_EDGE('',*,*,#7410,.F.);
#10007=ORIENTED_EDGE('',*,*,#7412,.F.);
#10008=ORIENTED_EDGE('',*,*,#7413,.T.);
#10009=ORIENTED_EDGE('',*,*,#7414,.F.);
#10010=ORIENTED_EDGE('',*,*,#7413,.F.);
#10011=ORIENTED_EDGE('',*,*,#7415,.F.);
#10012=ORIENTED_EDGE('',*,*,#7416,.T.);
#10013=ORIENTED_EDGE('',*,*,#7417,.F.);
#10014=ORIENTED_EDGE('',*,*,#7418,.F.);
#10015=ORIENTED_EDGE('',*,*,#7419,.F.);
#10016=ORIENTED_EDGE('',*,*,#7420,.F.);
#10017=ORIENTED_EDGE('',*,*,#7421,.F.);
#10018=ORIENTED_EDGE('',*,*,#7422,.T.);
#10019=ORIENTED_EDGE('',*,*,#7423,.F.);
#10020=ORIENTED_EDGE('',*,*,#7422,.F.);
#10021=ORIENTED_EDGE('',*,*,#7424,.F.);
#10022=ORIENTED_EDGE('',*,*,#7416,.F.);
#10023=ORIENTED_EDGE('',*,*,#7417,.T.);
#10024=ORIENTED_EDGE('',*,*,#7424,.T.);
#10025=ORIENTED_EDGE('',*,*,#7421,.T.);
#10026=ORIENTED_EDGE('',*,*,#7425,.T.);
#10027=ORIENTED_EDGE('',*,*,#7426,.T.);
#10028=ORIENTED_EDGE('',*,*,#7427,.F.);
#10029=ORIENTED_EDGE('',*,*,#7428,.F.);
#10030=ORIENTED_EDGE('',*,*,#7429,.T.);
#10031=ORIENTED_EDGE('',*,*,#7420,.T.);
#10032=ORIENTED_EDGE('',*,*,#7430,.F.);
#10033=ORIENTED_EDGE('',*,*,#7431,.F.);
#10034=ORIENTED_EDGE('',*,*,#7425,.F.);
#10035=ORIENTED_EDGE('',*,*,#7409,.T.);
#10036=ORIENTED_EDGE('',*,*,#7418,.T.);
#10037=ORIENTED_EDGE('',*,*,#7429,.F.);
#10038=ORIENTED_EDGE('',*,*,#7432,.F.);
#10039=ORIENTED_EDGE('',*,*,#7433,.F.);
#10040=ORIENTED_EDGE('',*,*,#7412,.T.);
#10041=ORIENTED_EDGE('',*,*,#7434,.F.);
#10042=ORIENTED_EDGE('',*,*,#7435,.F.);
#10043=ORIENTED_EDGE('',*,*,#7436,.F.);
#10044=ORIENTED_EDGE('',*,*,#7437,.T.);
#10045=ORIENTED_EDGE('',*,*,#7438,.F.);
#10046=ORIENTED_EDGE('',*,*,#7437,.F.);
#10047=ORIENTED_EDGE('',*,*,#7439,.F.);
#10048=ORIENTED_EDGE('',*,*,#7440,.T.);
#10049=ORIENTED_EDGE('',*,*,#7441,.F.);
#10050=ORIENTED_EDGE('',*,*,#7440,.F.);
#10051=ORIENTED_EDGE('',*,*,#7442,.F.);
#10052=ORIENTED_EDGE('',*,*,#7443,.T.);
#10053=ORIENTED_EDGE('',*,*,#7444,.F.);
#10054=ORIENTED_EDGE('',*,*,#7443,.F.);
#10055=ORIENTED_EDGE('',*,*,#7445,.F.);
#10056=ORIENTED_EDGE('',*,*,#7435,.T.);
#10057=ORIENTED_EDGE('',*,*,#7439,.T.);
#10058=ORIENTED_EDGE('',*,*,#7436,.T.);
#10059=ORIENTED_EDGE('',*,*,#7445,.T.);
#10060=ORIENTED_EDGE('',*,*,#7442,.T.);
#10061=ORIENTED_EDGE('',*,*,#7411,.T.);
#10062=ORIENTED_EDGE('',*,*,#7414,.T.);
#10063=ORIENTED_EDGE('',*,*,#7432,.T.);
#10064=ORIENTED_EDGE('',*,*,#7428,.T.);
#10065=ORIENTED_EDGE('',*,*,#7446,.F.);
#10066=ORIENTED_EDGE('',*,*,#7447,.F.);
#10067=ORIENTED_EDGE('',*,*,#7415,.T.);
#10068=ORIENTED_EDGE('',*,*,#7433,.T.);
#10069=ORIENTED_EDGE('',*,*,#7447,.T.);
#10070=ORIENTED_EDGE('',*,*,#7448,.F.);
#10071=ORIENTED_EDGE('',*,*,#7449,.F.);
#10072=ORIENTED_EDGE('',*,*,#7430,.T.);
#10073=ORIENTED_EDGE('',*,*,#7419,.T.);
#10074=ORIENTED_EDGE('',*,*,#7423,.T.);
#10075=ORIENTED_EDGE('',*,*,#7431,.T.);
#10076=ORIENTED_EDGE('',*,*,#7449,.T.);
#10077=ORIENTED_EDGE('',*,*,#7450,.F.);
#10078=ORIENTED_EDGE('',*,*,#7426,.F.);
#10079=ORIENTED_EDGE('',*,*,#7427,.T.);
#10080=ORIENTED_EDGE('',*,*,#7450,.T.);
#10081=ORIENTED_EDGE('',*,*,#7448,.T.);
#10082=ORIENTED_EDGE('',*,*,#7446,.T.);
#10083=ORIENTED_EDGE('',*,*,#7441,.T.);
#10084=ORIENTED_EDGE('',*,*,#7444,.T.);
#10085=ORIENTED_EDGE('',*,*,#7434,.T.);
#10086=ORIENTED_EDGE('',*,*,#7438,.T.);
#10087=ORIENTED_EDGE('',*,*,#7451,.F.);
#10088=ORIENTED_EDGE('',*,*,#7452,.T.);
#10089=ORIENTED_EDGE('',*,*,#7453,.F.);
#10090=ORIENTED_EDGE('',*,*,#7452,.F.);
#10091=ORIENTED_EDGE('',*,*,#7454,.F.);
#10092=ORIENTED_EDGE('',*,*,#7455,.T.);
#10093=ORIENTED_EDGE('',*,*,#7456,.F.);
#10094=ORIENTED_EDGE('',*,*,#7455,.F.);
#10095=ORIENTED_EDGE('',*,*,#7457,.F.);
#10096=ORIENTED_EDGE('',*,*,#7458,.T.);
#10097=ORIENTED_EDGE('',*,*,#7459,.F.);
#10098=ORIENTED_EDGE('',*,*,#7460,.F.);
#10099=ORIENTED_EDGE('',*,*,#7461,.F.);
#10100=ORIENTED_EDGE('',*,*,#7462,.F.);
#10101=ORIENTED_EDGE('',*,*,#7463,.F.);
#10102=ORIENTED_EDGE('',*,*,#7464,.T.);
#10103=ORIENTED_EDGE('',*,*,#7465,.F.);
#10104=ORIENTED_EDGE('',*,*,#7464,.F.);
#10105=ORIENTED_EDGE('',*,*,#7466,.F.);
#10106=ORIENTED_EDGE('',*,*,#7458,.F.);
#10107=ORIENTED_EDGE('',*,*,#7459,.T.);
#10108=ORIENTED_EDGE('',*,*,#7466,.T.);
#10109=ORIENTED_EDGE('',*,*,#7463,.T.);
#10110=ORIENTED_EDGE('',*,*,#7467,.T.);
#10111=ORIENTED_EDGE('',*,*,#7468,.T.);
#10112=ORIENTED_EDGE('',*,*,#7469,.F.);
#10113=ORIENTED_EDGE('',*,*,#7470,.F.);
#10114=ORIENTED_EDGE('',*,*,#7471,.T.);
#10115=ORIENTED_EDGE('',*,*,#7462,.T.);
#10116=ORIENTED_EDGE('',*,*,#7472,.F.);
#10117=ORIENTED_EDGE('',*,*,#7473,.F.);
#10118=ORIENTED_EDGE('',*,*,#7467,.F.);
#10119=ORIENTED_EDGE('',*,*,#7451,.T.);
#10120=ORIENTED_EDGE('',*,*,#7460,.T.);
#10121=ORIENTED_EDGE('',*,*,#7471,.F.);
#10122=ORIENTED_EDGE('',*,*,#7474,.F.);
#10123=ORIENTED_EDGE('',*,*,#7475,.F.);
#10124=ORIENTED_EDGE('',*,*,#7454,.T.);
#10125=ORIENTED_EDGE('',*,*,#7476,.F.);
#10126=ORIENTED_EDGE('',*,*,#7477,.F.);
#10127=ORIENTED_EDGE('',*,*,#7478,.F.);
#10128=ORIENTED_EDGE('',*,*,#7479,.T.);
#10129=ORIENTED_EDGE('',*,*,#7480,.F.);
#10130=ORIENTED_EDGE('',*,*,#7479,.F.);
#10131=ORIENTED_EDGE('',*,*,#7481,.F.);
#10132=ORIENTED_EDGE('',*,*,#7482,.T.);
#10133=ORIENTED_EDGE('',*,*,#7483,.F.);
#10134=ORIENTED_EDGE('',*,*,#7482,.F.);
#10135=ORIENTED_EDGE('',*,*,#7484,.F.);
#10136=ORIENTED_EDGE('',*,*,#7485,.T.);
#10137=ORIENTED_EDGE('',*,*,#7486,.F.);
#10138=ORIENTED_EDGE('',*,*,#7485,.F.);
#10139=ORIENTED_EDGE('',*,*,#7487,.F.);
#10140=ORIENTED_EDGE('',*,*,#7477,.T.);
#10141=ORIENTED_EDGE('',*,*,#7481,.T.);
#10142=ORIENTED_EDGE('',*,*,#7478,.T.);
#10143=ORIENTED_EDGE('',*,*,#7487,.T.);
#10144=ORIENTED_EDGE('',*,*,#7484,.T.);
#10145=ORIENTED_EDGE('',*,*,#7453,.T.);
#10146=ORIENTED_EDGE('',*,*,#7456,.T.);
#10147=ORIENTED_EDGE('',*,*,#7474,.T.);
#10148=ORIENTED_EDGE('',*,*,#7470,.T.);
#10149=ORIENTED_EDGE('',*,*,#7488,.F.);
#10150=ORIENTED_EDGE('',*,*,#7489,.F.);
#10151=ORIENTED_EDGE('',*,*,#7457,.T.);
#10152=ORIENTED_EDGE('',*,*,#7475,.T.);
#10153=ORIENTED_EDGE('',*,*,#7489,.T.);
#10154=ORIENTED_EDGE('',*,*,#7490,.F.);
#10155=ORIENTED_EDGE('',*,*,#7491,.F.);
#10156=ORIENTED_EDGE('',*,*,#7472,.T.);
#10157=ORIENTED_EDGE('',*,*,#7461,.T.);
#10158=ORIENTED_EDGE('',*,*,#7465,.T.);
#10159=ORIENTED_EDGE('',*,*,#7473,.T.);
#10160=ORIENTED_EDGE('',*,*,#7491,.T.);
#10161=ORIENTED_EDGE('',*,*,#7492,.F.);
#10162=ORIENTED_EDGE('',*,*,#7468,.F.);
#10163=ORIENTED_EDGE('',*,*,#7469,.T.);
#10164=ORIENTED_EDGE('',*,*,#7492,.T.);
#10165=ORIENTED_EDGE('',*,*,#7490,.T.);
#10166=ORIENTED_EDGE('',*,*,#7488,.T.);
#10167=ORIENTED_EDGE('',*,*,#7483,.T.);
#10168=ORIENTED_EDGE('',*,*,#7486,.T.);
#10169=ORIENTED_EDGE('',*,*,#7476,.T.);
#10170=ORIENTED_EDGE('',*,*,#7480,.T.);
#10171=ORIENTED_EDGE('',*,*,#7493,.F.);
#10172=ORIENTED_EDGE('',*,*,#7494,.T.);
#10173=ORIENTED_EDGE('',*,*,#7495,.F.);
#10174=ORIENTED_EDGE('',*,*,#7494,.F.);
#10175=ORIENTED_EDGE('',*,*,#7496,.F.);
#10176=ORIENTED_EDGE('',*,*,#7497,.T.);
#10177=ORIENTED_EDGE('',*,*,#7498,.F.);
#10178=ORIENTED_EDGE('',*,*,#7497,.F.);
#10179=ORIENTED_EDGE('',*,*,#7499,.F.);
#10180=ORIENTED_EDGE('',*,*,#7500,.T.);
#10181=ORIENTED_EDGE('',*,*,#7501,.F.);
#10182=ORIENTED_EDGE('',*,*,#7502,.F.);
#10183=ORIENTED_EDGE('',*,*,#7503,.F.);
#10184=ORIENTED_EDGE('',*,*,#7504,.F.);
#10185=ORIENTED_EDGE('',*,*,#7505,.F.);
#10186=ORIENTED_EDGE('',*,*,#7500,.F.);
#10187=ORIENTED_EDGE('',*,*,#7506,.F.);
#10188=ORIENTED_EDGE('',*,*,#7507,.F.);
#10189=ORIENTED_EDGE('',*,*,#7508,.F.);
#10190=ORIENTED_EDGE('',*,*,#7504,.T.);
#10191=ORIENTED_EDGE('',*,*,#7506,.T.);
#10192=ORIENTED_EDGE('',*,*,#7503,.T.);
#10193=ORIENTED_EDGE('',*,*,#7499,.T.);
#10194=ORIENTED_EDGE('',*,*,#7509,.T.);
#10195=ORIENTED_EDGE('',*,*,#7510,.T.);
#10196=ORIENTED_EDGE('',*,*,#7511,.F.);
#10197=ORIENTED_EDGE('',*,*,#7512,.F.);
#10198=ORIENTED_EDGE('',*,*,#7513,.T.);
#10199=ORIENTED_EDGE('',*,*,#7502,.T.);
#10200=ORIENTED_EDGE('',*,*,#7514,.F.);
#10201=ORIENTED_EDGE('',*,*,#7515,.F.);
#10202=ORIENTED_EDGE('',*,*,#7509,.F.);
#10203=ORIENTED_EDGE('',*,*,#7493,.T.);
#10204=ORIENTED_EDGE('',*,*,#7516,.F.);
#10205=ORIENTED_EDGE('',*,*,#7517,.F.);
#10206=ORIENTED_EDGE('',*,*,#7518,.F.);
#10207=ORIENTED_EDGE('',*,*,#7519,.T.);
#10208=ORIENTED_EDGE('',*,*,#7520,.F.);
#10209=ORIENTED_EDGE('',*,*,#7519,.F.);
#10210=ORIENTED_EDGE('',*,*,#7521,.F.);
#10211=ORIENTED_EDGE('',*,*,#7522,.T.);
#10212=ORIENTED_EDGE('',*,*,#7523,.F.);
#10213=ORIENTED_EDGE('',*,*,#7522,.F.);
#10214=ORIENTED_EDGE('',*,*,#7524,.F.);
#10215=ORIENTED_EDGE('',*,*,#7525,.T.);
#10216=ORIENTED_EDGE('',*,*,#7526,.F.);
#10217=ORIENTED_EDGE('',*,*,#7525,.F.);
#10218=ORIENTED_EDGE('',*,*,#7527,.F.);
#10219=ORIENTED_EDGE('',*,*,#7517,.T.);
#10220=ORIENTED_EDGE('',*,*,#7521,.T.);
#10221=ORIENTED_EDGE('',*,*,#7518,.T.);
#10222=ORIENTED_EDGE('',*,*,#7527,.T.);
#10223=ORIENTED_EDGE('',*,*,#7524,.T.);
#10224=ORIENTED_EDGE('',*,*,#7495,.T.);
#10225=ORIENTED_EDGE('',*,*,#7498,.T.);
#10226=ORIENTED_EDGE('',*,*,#7528,.T.);
#10227=ORIENTED_EDGE('',*,*,#7512,.T.);
#10228=ORIENTED_EDGE('',*,*,#7529,.F.);
#10229=ORIENTED_EDGE('',*,*,#7530,.F.);
#10230=ORIENTED_EDGE('',*,*,#7508,.T.);
#10231=ORIENTED_EDGE('',*,*,#7531,.T.);
#10232=ORIENTED_EDGE('',*,*,#7530,.T.);
#10233=ORIENTED_EDGE('',*,*,#7532,.F.);
#10234=ORIENTED_EDGE('',*,*,#7533,.F.);
#10235=ORIENTED_EDGE('',*,*,#7514,.T.);
#10236=ORIENTED_EDGE('',*,*,#7501,.T.);
#10237=ORIENTED_EDGE('',*,*,#7505,.T.);
#10238=ORIENTED_EDGE('',*,*,#7515,.T.);
#10239=ORIENTED_EDGE('',*,*,#7533,.T.);
#10240=ORIENTED_EDGE('',*,*,#7534,.F.);
#10241=ORIENTED_EDGE('',*,*,#7510,.F.);
#10242=ORIENTED_EDGE('',*,*,#7534,.T.);
#10243=ORIENTED_EDGE('',*,*,#7532,.T.);
#10244=ORIENTED_EDGE('',*,*,#7529,.T.);
#10245=ORIENTED_EDGE('',*,*,#7511,.T.);
#10246=ORIENTED_EDGE('',*,*,#7523,.T.);
#10247=ORIENTED_EDGE('',*,*,#7526,.T.);
#10248=ORIENTED_EDGE('',*,*,#7516,.T.);
#10249=ORIENTED_EDGE('',*,*,#7520,.T.);
#10250=ORIENTED_EDGE('',*,*,#7507,.T.);
#10251=ORIENTED_EDGE('',*,*,#7513,.F.);
#10252=ORIENTED_EDGE('',*,*,#7528,.F.);
#10253=ORIENTED_EDGE('',*,*,#7531,.F.);
#10254=ORIENTED_EDGE('',*,*,#7496,.T.);
#10255=ORIENTED_EDGE('',*,*,#7535,.F.);
#10256=ORIENTED_EDGE('',*,*,#7536,.T.);
#10257=ORIENTED_EDGE('',*,*,#7537,.F.);
#10258=ORIENTED_EDGE('',*,*,#7536,.F.);
#10259=ORIENTED_EDGE('',*,*,#7538,.F.);
#10260=ORIENTED_EDGE('',*,*,#7539,.T.);
#10261=ORIENTED_EDGE('',*,*,#7540,.F.);
#10262=ORIENTED_EDGE('',*,*,#7539,.F.);
#10263=ORIENTED_EDGE('',*,*,#7541,.F.);
#10264=ORIENTED_EDGE('',*,*,#7542,.T.);
#10265=ORIENTED_EDGE('',*,*,#7543,.F.);
#10266=ORIENTED_EDGE('',*,*,#7544,.F.);
#10267=ORIENTED_EDGE('',*,*,#7545,.F.);
#10268=ORIENTED_EDGE('',*,*,#7546,.F.);
#10269=ORIENTED_EDGE('',*,*,#7547,.F.);
#10270=ORIENTED_EDGE('',*,*,#7548,.T.);
#10271=ORIENTED_EDGE('',*,*,#7549,.F.);
#10272=ORIENTED_EDGE('',*,*,#7548,.F.);
#10273=ORIENTED_EDGE('',*,*,#7550,.F.);
#10274=ORIENTED_EDGE('',*,*,#7542,.F.);
#10275=ORIENTED_EDGE('',*,*,#7543,.T.);
#10276=ORIENTED_EDGE('',*,*,#7550,.T.);
#10277=ORIENTED_EDGE('',*,*,#7547,.T.);
#10278=ORIENTED_EDGE('',*,*,#7551,.T.);
#10279=ORIENTED_EDGE('',*,*,#7552,.T.);
#10280=ORIENTED_EDGE('',*,*,#7553,.F.);
#10281=ORIENTED_EDGE('',*,*,#7554,.F.);
#10282=ORIENTED_EDGE('',*,*,#7555,.T.);
#10283=ORIENTED_EDGE('',*,*,#7546,.T.);
#10284=ORIENTED_EDGE('',*,*,#7556,.F.);
#10285=ORIENTED_EDGE('',*,*,#7557,.F.);
#10286=ORIENTED_EDGE('',*,*,#7551,.F.);
#10287=ORIENTED_EDGE('',*,*,#7535,.T.);
#10288=ORIENTED_EDGE('',*,*,#7544,.T.);
#10289=ORIENTED_EDGE('',*,*,#7555,.F.);
#10290=ORIENTED_EDGE('',*,*,#7558,.F.);
#10291=ORIENTED_EDGE('',*,*,#7559,.F.);
#10292=ORIENTED_EDGE('',*,*,#7538,.T.);
#10293=ORIENTED_EDGE('',*,*,#7560,.F.);
#10294=ORIENTED_EDGE('',*,*,#7561,.F.);
#10295=ORIENTED_EDGE('',*,*,#7562,.F.);
#10296=ORIENTED_EDGE('',*,*,#7563,.T.);
#10297=ORIENTED_EDGE('',*,*,#7564,.F.);
#10298=ORIENTED_EDGE('',*,*,#7563,.F.);
#10299=ORIENTED_EDGE('',*,*,#7565,.F.);
#10300=ORIENTED_EDGE('',*,*,#7566,.T.);
#10301=ORIENTED_EDGE('',*,*,#7567,.F.);
#10302=ORIENTED_EDGE('',*,*,#7566,.F.);
#10303=ORIENTED_EDGE('',*,*,#7568,.F.);
#10304=ORIENTED_EDGE('',*,*,#7569,.T.);
#10305=ORIENTED_EDGE('',*,*,#7570,.F.);
#10306=ORIENTED_EDGE('',*,*,#7569,.F.);
#10307=ORIENTED_EDGE('',*,*,#7571,.F.);
#10308=ORIENTED_EDGE('',*,*,#7561,.T.);
#10309=ORIENTED_EDGE('',*,*,#7565,.T.);
#10310=ORIENTED_EDGE('',*,*,#7562,.T.);
#10311=ORIENTED_EDGE('',*,*,#7571,.T.);
#10312=ORIENTED_EDGE('',*,*,#7568,.T.);
#10313=ORIENTED_EDGE('',*,*,#7537,.T.);
#10314=ORIENTED_EDGE('',*,*,#7540,.T.);
#10315=ORIENTED_EDGE('',*,*,#7558,.T.);
#10316=ORIENTED_EDGE('',*,*,#7554,.T.);
#10317=ORIENTED_EDGE('',*,*,#7572,.F.);
#10318=ORIENTED_EDGE('',*,*,#7573,.F.);
#10319=ORIENTED_EDGE('',*,*,#7541,.T.);
#10320=ORIENTED_EDGE('',*,*,#7559,.T.);
#10321=ORIENTED_EDGE('',*,*,#7573,.T.);
#10322=ORIENTED_EDGE('',*,*,#7574,.F.);
#10323=ORIENTED_EDGE('',*,*,#7575,.F.);
#10324=ORIENTED_EDGE('',*,*,#7556,.T.);
#10325=ORIENTED_EDGE('',*,*,#7545,.T.);
#10326=ORIENTED_EDGE('',*,*,#7549,.T.);
#10327=ORIENTED_EDGE('',*,*,#7557,.T.);
#10328=ORIENTED_EDGE('',*,*,#7575,.T.);
#10329=ORIENTED_EDGE('',*,*,#7576,.F.);
#10330=ORIENTED_EDGE('',*,*,#7552,.F.);
#10331=ORIENTED_EDGE('',*,*,#7553,.T.);
#10332=ORIENTED_EDGE('',*,*,#7576,.T.);
#10333=ORIENTED_EDGE('',*,*,#7574,.T.);
#10334=ORIENTED_EDGE('',*,*,#7572,.T.);
#10335=ORIENTED_EDGE('',*,*,#7567,.T.);
#10336=ORIENTED_EDGE('',*,*,#7570,.T.);
#10337=ORIENTED_EDGE('',*,*,#7560,.T.);
#10338=ORIENTED_EDGE('',*,*,#7564,.T.);
#10339=ORIENTED_EDGE('',*,*,#7577,.F.);
#10340=ORIENTED_EDGE('',*,*,#7578,.T.);
#10341=ORIENTED_EDGE('',*,*,#7579,.F.);
#10342=ORIENTED_EDGE('',*,*,#7578,.F.);
#10343=ORIENTED_EDGE('',*,*,#7580,.F.);
#10344=ORIENTED_EDGE('',*,*,#7581,.T.);
#10345=ORIENTED_EDGE('',*,*,#7582,.F.);
#10346=ORIENTED_EDGE('',*,*,#7581,.F.);
#10347=ORIENTED_EDGE('',*,*,#7583,.F.);
#10348=ORIENTED_EDGE('',*,*,#7584,.T.);
#10349=ORIENTED_EDGE('',*,*,#7585,.T.);
#10350=ORIENTED_EDGE('',*,*,#7584,.F.);
#10351=ORIENTED_EDGE('',*,*,#7585,.F.);
#10352=ORIENTED_EDGE('',*,*,#7586,.F.);
#10353=ORIENTED_EDGE('',*,*,#7587,.T.);
#10354=ORIENTED_EDGE('',*,*,#7588,.T.);
#10355=ORIENTED_EDGE('',*,*,#7587,.F.);
#10356=ORIENTED_EDGE('',*,*,#7588,.F.);
#10357=ORIENTED_EDGE('',*,*,#7589,.F.);
#10358=ORIENTED_EDGE('',*,*,#7590,.T.);
#10359=ORIENTED_EDGE('',*,*,#7591,.T.);
#10360=ORIENTED_EDGE('',*,*,#7590,.F.);
#10361=ORIENTED_EDGE('',*,*,#7591,.F.);
#10362=ORIENTED_EDGE('',*,*,#7592,.F.);
#10363=ORIENTED_EDGE('',*,*,#7593,.T.);
#10364=ORIENTED_EDGE('',*,*,#7594,.T.);
#10365=ORIENTED_EDGE('',*,*,#7593,.F.);
#10366=ORIENTED_EDGE('',*,*,#7594,.F.);
#10367=ORIENTED_EDGE('',*,*,#7595,.F.);
#10368=ORIENTED_EDGE('',*,*,#7596,.F.);
#10369=ORIENTED_EDGE('',*,*,#7597,.F.);
#10370=ORIENTED_EDGE('',*,*,#7598,.T.);
#10371=ORIENTED_EDGE('',*,*,#7599,.F.);
#10372=ORIENTED_EDGE('',*,*,#7598,.F.);
#10373=ORIENTED_EDGE('',*,*,#7600,.F.);
#10374=ORIENTED_EDGE('',*,*,#7601,.T.);
#10375=ORIENTED_EDGE('',*,*,#7602,.F.);
#10376=ORIENTED_EDGE('',*,*,#7601,.F.);
#10377=ORIENTED_EDGE('',*,*,#7603,.F.);
#10378=ORIENTED_EDGE('',*,*,#7604,.T.);
#10379=ORIENTED_EDGE('',*,*,#7605,.F.);
#10380=ORIENTED_EDGE('',*,*,#7604,.F.);
#10381=ORIENTED_EDGE('',*,*,#7606,.F.);
#10382=ORIENTED_EDGE('',*,*,#7596,.T.);
#10383=ORIENTED_EDGE('',*,*,#7607,.F.);
#10384=ORIENTED_EDGE('',*,*,#7608,.T.);
#10385=ORIENTED_EDGE('',*,*,#7609,.F.);
#10386=ORIENTED_EDGE('',*,*,#7608,.F.);
#10387=ORIENTED_EDGE('',*,*,#7607,.T.);
#10388=ORIENTED_EDGE('',*,*,#7592,.T.);
#10389=ORIENTED_EDGE('',*,*,#7610,.F.);
#10390=ORIENTED_EDGE('',*,*,#7611,.T.);
#10391=ORIENTED_EDGE('',*,*,#7612,.F.);
#10392=ORIENTED_EDGE('',*,*,#7611,.F.);
#10393=ORIENTED_EDGE('',*,*,#7610,.T.);
#10394=ORIENTED_EDGE('',*,*,#7589,.T.);
#10395=ORIENTED_EDGE('',*,*,#7613,.F.);
#10396=ORIENTED_EDGE('',*,*,#7614,.T.);
#10397=ORIENTED_EDGE('',*,*,#7615,.F.);
#10398=ORIENTED_EDGE('',*,*,#7614,.F.);
#10399=ORIENTED_EDGE('',*,*,#7613,.T.);
#10400=ORIENTED_EDGE('',*,*,#7586,.T.);
#10401=ORIENTED_EDGE('',*,*,#7616,.F.);
#10402=ORIENTED_EDGE('',*,*,#7617,.T.);
#10403=ORIENTED_EDGE('',*,*,#7618,.F.);
#10404=ORIENTED_EDGE('',*,*,#7617,.F.);
#10405=ORIENTED_EDGE('',*,*,#7616,.T.);
#10406=ORIENTED_EDGE('',*,*,#7583,.T.);
#10407=ORIENTED_EDGE('',*,*,#7619,.T.);
#10408=ORIENTED_EDGE('',*,*,#7620,.T.);
#10409=ORIENTED_EDGE('',*,*,#7621,.F.);
#10410=ORIENTED_EDGE('',*,*,#7622,.F.);
#10411=ORIENTED_EDGE('',*,*,#7623,.T.);
#10412=ORIENTED_EDGE('',*,*,#7622,.T.);
#10413=ORIENTED_EDGE('',*,*,#7624,.F.);
#10414=ORIENTED_EDGE('',*,*,#7625,.F.);
#10415=ORIENTED_EDGE('',*,*,#7626,.T.);
#10416=ORIENTED_EDGE('',*,*,#7625,.T.);
#10417=ORIENTED_EDGE('',*,*,#7627,.F.);
#10418=ORIENTED_EDGE('',*,*,#7628,.F.);
#10419=ORIENTED_EDGE('',*,*,#7629,.T.);
#10420=ORIENTED_EDGE('',*,*,#7628,.T.);
#10421=ORIENTED_EDGE('',*,*,#7630,.F.);
#10422=ORIENTED_EDGE('',*,*,#7620,.F.);
#10423=ORIENTED_EDGE('',*,*,#7630,.T.);
#10424=ORIENTED_EDGE('',*,*,#7627,.T.);
#10425=ORIENTED_EDGE('',*,*,#7624,.T.);
#10426=ORIENTED_EDGE('',*,*,#7621,.T.);
#10427=ORIENTED_EDGE('',*,*,#7618,.T.);
#10428=ORIENTED_EDGE('',*,*,#7615,.T.);
#10429=ORIENTED_EDGE('',*,*,#7612,.T.);
#10430=ORIENTED_EDGE('',*,*,#7609,.T.);
#10431=ORIENTED_EDGE('',*,*,#7602,.T.);
#10432=ORIENTED_EDGE('',*,*,#7605,.T.);
#10433=ORIENTED_EDGE('',*,*,#7595,.T.);
#10434=ORIENTED_EDGE('',*,*,#7599,.T.);
#10435=ORIENTED_EDGE('',*,*,#7582,.T.);
#10436=ORIENTED_EDGE('',*,*,#7579,.T.);
#10437=ORIENTED_EDGE('',*,*,#7629,.F.);
#10438=ORIENTED_EDGE('',*,*,#7619,.F.);
#10439=ORIENTED_EDGE('',*,*,#7623,.F.);
#10440=ORIENTED_EDGE('',*,*,#7626,.F.);
#10441=ORIENTED_EDGE('',*,*,#7577,.T.);
#10442=ORIENTED_EDGE('',*,*,#7580,.T.);
#10443=ORIENTED_EDGE('',*,*,#7603,.T.);
#10444=ORIENTED_EDGE('',*,*,#7600,.T.);
#10445=ORIENTED_EDGE('',*,*,#7597,.T.);
#10446=ORIENTED_EDGE('',*,*,#7606,.T.);
#10447=ORIENTED_EDGE('',*,*,#7631,.F.);
#10448=ORIENTED_EDGE('',*,*,#7632,.T.);
#10449=ORIENTED_EDGE('',*,*,#7633,.F.);
#10450=ORIENTED_EDGE('',*,*,#7632,.F.);
#10451=ORIENTED_EDGE('',*,*,#7634,.F.);
#10452=ORIENTED_EDGE('',*,*,#7635,.T.);
#10453=ORIENTED_EDGE('',*,*,#7636,.F.);
#10454=ORIENTED_EDGE('',*,*,#7635,.F.);
#10455=ORIENTED_EDGE('',*,*,#7637,.F.);
#10456=ORIENTED_EDGE('',*,*,#7638,.T.);
#10457=ORIENTED_EDGE('',*,*,#7639,.F.);
#10458=ORIENTED_EDGE('',*,*,#7638,.F.);
#10459=ORIENTED_EDGE('',*,*,#7640,.F.);
#10460=ORIENTED_EDGE('',*,*,#7641,.T.);
#10461=ORIENTED_EDGE('',*,*,#7642,.F.);
#10462=ORIENTED_EDGE('',*,*,#7641,.F.);
#10463=ORIENTED_EDGE('',*,*,#7643,.T.);
#10464=ORIENTED_EDGE('',*,*,#7644,.T.);
#10465=ORIENTED_EDGE('',*,*,#7645,.F.);
#10466=ORIENTED_EDGE('',*,*,#7646,.F.);
#10467=ORIENTED_EDGE('',*,*,#7647,.T.);
#10468=ORIENTED_EDGE('',*,*,#7646,.T.);
#10469=ORIENTED_EDGE('',*,*,#7648,.F.);
#10470=ORIENTED_EDGE('',*,*,#7649,.F.);
#10471=ORIENTED_EDGE('',*,*,#7650,.T.);
#10472=ORIENTED_EDGE('',*,*,#7649,.T.);
#10473=ORIENTED_EDGE('',*,*,#7651,.F.);
#10474=ORIENTED_EDGE('',*,*,#7652,.F.);
#10475=ORIENTED_EDGE('',*,*,#7653,.T.);
#10476=ORIENTED_EDGE('',*,*,#7652,.T.);
#10477=ORIENTED_EDGE('',*,*,#7654,.F.);
#10478=ORIENTED_EDGE('',*,*,#7644,.F.);
#10479=ORIENTED_EDGE('',*,*,#7654,.T.);
#10480=ORIENTED_EDGE('',*,*,#7651,.T.);
#10481=ORIENTED_EDGE('',*,*,#7648,.T.);
#10482=ORIENTED_EDGE('',*,*,#7645,.T.);
#10483=ORIENTED_EDGE('',*,*,#7633,.T.);
#10484=ORIENTED_EDGE('',*,*,#7636,.T.);
#10485=ORIENTED_EDGE('',*,*,#7639,.T.);
#10486=ORIENTED_EDGE('',*,*,#7642,.T.);
#10487=ORIENTED_EDGE('',*,*,#7653,.F.);
#10488=ORIENTED_EDGE('',*,*,#7643,.F.);
#10489=ORIENTED_EDGE('',*,*,#7647,.F.);
#10490=ORIENTED_EDGE('',*,*,#7650,.F.);
#10491=ORIENTED_EDGE('',*,*,#7631,.T.);
#10492=ORIENTED_EDGE('',*,*,#7634,.T.);
#10493=ORIENTED_EDGE('',*,*,#7637,.T.);
#10494=ORIENTED_EDGE('',*,*,#7640,.T.);
#10495=CYLINDRICAL_SURFACE('',#11949,1.25);
#10496=CYLINDRICAL_SURFACE('',#11952,1.25);
#10497=CYLINDRICAL_SURFACE('',#11955,1.25);
#10498=CYLINDRICAL_SURFACE('',#11958,1.25);
#10499=CYLINDRICAL_SURFACE('',#11961,1.25);
#10500=CYLINDRICAL_SURFACE('',#11964,1.25);
#10501=CYLINDRICAL_SURFACE('',#11967,1.25);
#10502=CYLINDRICAL_SURFACE('',#11970,1.25);
#10503=CYLINDRICAL_SURFACE('',#11973,1.25);
#10504=CYLINDRICAL_SURFACE('',#11976,1.25);
#10505=CYLINDRICAL_SURFACE('',#11979,1.25);
#10506=CYLINDRICAL_SURFACE('',#11982,1.25);
#10507=CYLINDRICAL_SURFACE('',#12001,1.45);
#10508=CYLINDRICAL_SURFACE('',#12004,1.45);
#10509=CYLINDRICAL_SURFACE('',#12007,1.45);
#10510=CYLINDRICAL_SURFACE('',#12010,1.45);
#10511=CYLINDRICAL_SURFACE('',#12013,1.45);
#10512=CYLINDRICAL_SURFACE('',#12016,1.45);
#10513=CYLINDRICAL_SURFACE('',#12019,1.7);
#10514=CYLINDRICAL_SURFACE('',#12022,1.7);
#10515=CYLINDRICAL_SURFACE('',#12025,1.7);
#10516=CYLINDRICAL_SURFACE('',#12028,1.7);
#10517=CYLINDRICAL_SURFACE('',#12031,1.7);
#10518=CYLINDRICAL_SURFACE('',#12034,1.7);
#10519=CYLINDRICAL_SURFACE('',#12037,1.7);
#10520=CYLINDRICAL_SURFACE('',#12040,1.7);
#10521=CYLINDRICAL_SURFACE('',#12043,1.7);
#10522=CYLINDRICAL_SURFACE('',#12046,1.7);
#10523=CYLINDRICAL_SURFACE('',#12049,1.7);
#10524=CYLINDRICAL_SURFACE('',#12052,1.7);
#10525=CYLINDRICAL_SURFACE('',#12055,1.7);
#10526=CYLINDRICAL_SURFACE('',#12058,1.7);
#10527=CYLINDRICAL_SURFACE('',#12061,1.7);
#10528=CYLINDRICAL_SURFACE('',#12064,1.7);
#10529=CYLINDRICAL_SURFACE('',#12082,1.7);
#10530=CYLINDRICAL_SURFACE('',#12085,1.7);
#10531=CYLINDRICAL_SURFACE('',#12099,1.7);
#10532=CYLINDRICAL_SURFACE('',#12102,1.7);
#10533=CYLINDRICAL_SURFACE('',#12120,1.7);
#10534=CYLINDRICAL_SURFACE('',#12123,1.7);
#10535=CYLINDRICAL_SURFACE('',#12126,1.7);
#10536=CYLINDRICAL_SURFACE('',#12129,1.7);
#10537=CYLINDRICAL_SURFACE('',#12132,1.7);
#10538=CYLINDRICAL_SURFACE('',#12135,1.7);
#10539=CYLINDRICAL_SURFACE('',#12147,1.25);
#10540=CYLINDRICAL_SURFACE('',#12155,1.7);
#10541=CYLINDRICAL_SURFACE('',#12157,1.7);
#10542=CYLINDRICAL_SURFACE('',#12167,1.25);
#10543=CYLINDRICAL_SURFACE('',#12175,1.7);
#10544=CYLINDRICAL_SURFACE('',#12177,1.7);
#10545=CYLINDRICAL_SURFACE('',#12185,1.25);
#10546=CYLINDRICAL_SURFACE('',#12186,1.25);
#10547=CYLINDRICAL_SURFACE('',#12190,1.25);
#10548=CYLINDRICAL_SURFACE('',#12194,3.);
#10549=CYLINDRICAL_SURFACE('',#12199,1.25);
#10550=CYLINDRICAL_SURFACE('',#12200,1.25);
#10551=CYLINDRICAL_SURFACE('',#12201,1.25);
#10552=CYLINDRICAL_SURFACE('',#12202,1.25);
#10553=CYLINDRICAL_SURFACE('',#12206,1.25);
#10554=CYLINDRICAL_SURFACE('',#12210,3.);
#10555=CYLINDRICAL_SURFACE('',#12215,1.25);
#10556=CYLINDRICAL_SURFACE('',#12216,1.25);
#10557=CYLINDRICAL_SURFACE('',#12220,1.25);
#10558=CYLINDRICAL_SURFACE('',#12224,3.);
#10559=CYLINDRICAL_SURFACE('',#12229,1.25);
#10560=CYLINDRICAL_SURFACE('',#12230,1.25);
#10561=CYLINDRICAL_SURFACE('',#12234,1.25);
#10562=CYLINDRICAL_SURFACE('',#12238,3.);
#10563=CYLINDRICAL_SURFACE('',#12252,21.);
#10564=CYLINDRICAL_SURFACE('',#12258,21.);
#10565=CYLINDRICAL_SURFACE('',#12264,1.7);
#10566=CYLINDRICAL_SURFACE('',#12267,1.7);
#10567=CYLINDRICAL_SURFACE('',#12277,10.);
#10568=CYLINDRICAL_SURFACE('',#12283,1.7);
#10569=CYLINDRICAL_SURFACE('',#12286,1.7);
#10570=CYLINDRICAL_SURFACE('',#12296,10.);
#10571=CYLINDRICAL_SURFACE('',#12318,1.25);
#10572=CYLINDRICAL_SURFACE('',#12322,1.25);
#10573=CYLINDRICAL_SURFACE('',#12326,1.25);
#10574=CYLINDRICAL_SURFACE('',#12330,1.25);
#10575=CYLINDRICAL_SURFACE('',#12334,1.25);
#10576=CYLINDRICAL_SURFACE('',#12338,1.25);
#10577=CYLINDRICAL_SURFACE('',#12353,1.7);
#10578=CYLINDRICAL_SURFACE('',#12356,1.7);
#10579=CYLINDRICAL_SURFACE('',#12382,1.25);
#10580=CYLINDRICAL_SURFACE('',#12386,1.25);
#10581=CYLINDRICAL_SURFACE('',#12390,1.25);
#10582=CYLINDRICAL_SURFACE('',#12394,1.25);
#10583=CYLINDRICAL_SURFACE('',#12398,1.25);
#10584=CYLINDRICAL_SURFACE('',#12402,1.25);
#10585=CYLINDRICAL_SURFACE('',#12417,1.7);
#10586=CYLINDRICAL_SURFACE('',#12420,1.7);
#10587=CYLINDRICAL_SURFACE('',#12441,2.);
#10588=CYLINDRICAL_SURFACE('',#12447,2.);
#10589=CYLINDRICAL_SURFACE('',#12450,6.5);
#10590=CYLINDRICAL_SURFACE('',#12456,2.);
#10591=CYLINDRICAL_SURFACE('',#12459,6.5);
#10592=CYLINDRICAL_SURFACE('',#12465,13.75);
#10593=CYLINDRICAL_SURFACE('',#12471,2.);
#10594=CYLINDRICAL_SURFACE('',#12474,1.);
#10595=CYLINDRICAL_SURFACE('',#12489,1.25);
#10596=CYLINDRICAL_SURFACE('',#12493,1.25);
#10597=CYLINDRICAL_SURFACE('',#12497,1.25);
#10598=CYLINDRICAL_SURFACE('',#12501,1.25);
#10599=CYLINDRICAL_SURFACE('',#12505,14.15);
#10600=CYLINDRICAL_SURFACE('',#12516,2.);
#10601=CYLINDRICAL_SURFACE('',#12519,10.);
#10602=CYLINDRICAL_SURFACE('',#12525,1.585);
#10603=CYLINDRICAL_SURFACE('',#12528,10.);
#10604=CYLINDRICAL_SURFACE('',#12551,1.7);
#10605=CYLINDRICAL_SURFACE('',#12554,1.7);
#10606=CYLINDRICAL_SURFACE('',#12626,1.3);
#10607=CYLINDRICAL_SURFACE('',#12629,1.3);
#10608=CYLINDRICAL_SURFACE('',#12632,1.3);
#10609=CYLINDRICAL_SURFACE('',#12635,1.3);
#10610=CYLINDRICAL_SURFACE('',#12663,1.);
#10611=CYLINDRICAL_SURFACE('',#12666,0.999999999999996);
#10612=CYLINDRICAL_SURFACE('',#12686,1.7);
#10613=CYLINDRICAL_SURFACE('',#12689,1.7);
#10614=CYLINDRICAL_SURFACE('',#12692,1.7);
#10615=CYLINDRICAL_SURFACE('',#12695,1.7);
#10616=CYLINDRICAL_SURFACE('',#12707,1.45);
#10617=CYLINDRICAL_SURFACE('',#12710,1.45);
#10618=CYLINDRICAL_SURFACE('',#12713,1.45);
#10619=CYLINDRICAL_SURFACE('',#12716,1.45);
#10620=CYLINDRICAL_SURFACE('',#12746,1.05);
#10621=CYLINDRICAL_SURFACE('',#12750,1.05);
#10622=CYLINDRICAL_SURFACE('',#12754,2.5);
#10623=CYLINDRICAL_SURFACE('',#12760,1.05);
#10624=CYLINDRICAL_SURFACE('',#12764,1.05);
#10625=CYLINDRICAL_SURFACE('',#12768,2.5);
#10626=CYLINDRICAL_SURFACE('',#12774,1.05);
#10627=CYLINDRICAL_SURFACE('',#12778,1.05);
#10628=CYLINDRICAL_SURFACE('',#12782,2.5);
#10629=CYLINDRICAL_SURFACE('',#12788,1.05);
#10630=CYLINDRICAL_SURFACE('',#12792,1.05);
#10631=CYLINDRICAL_SURFACE('',#12796,2.5);
#10632=CYLINDRICAL_SURFACE('',#12802,1.05);
#10633=CYLINDRICAL_SURFACE('',#12806,1.05);
#10634=CYLINDRICAL_SURFACE('',#12810,3.);
#10635=CYLINDRICAL_SURFACE('',#12816,1.05);
#10636=CYLINDRICAL_SURFACE('',#12820,1.05);
#10637=CYLINDRICAL_SURFACE('',#12824,3.);
#10638=CYLINDRICAL_SURFACE('',#12830,1.7);
#10639=CYLINDRICAL_SURFACE('',#12833,1.7);
#10640=CYLINDRICAL_SURFACE('',#12852,1.7);
#10641=CYLINDRICAL_SURFACE('',#12855,1.7);
#10642=CYLINDRICAL_SURFACE('',#12874,1.7);
#10643=CYLINDRICAL_SURFACE('',#12877,1.7);
#10644=CYLINDRICAL_SURFACE('',#12896,1.7);
#10645=CYLINDRICAL_SURFACE('',#12899,1.7);
#10646=CYLINDRICAL_SURFACE('',#12918,1.7);
#10647=CYLINDRICAL_SURFACE('',#12921,1.7);
#10648=CYLINDRICAL_SURFACE('',#12940,1.7);
#10649=CYLINDRICAL_SURFACE('',#12943,1.7);
#10650=CYLINDRICAL_SURFACE('',#12946,0.800000000000001);
#10651=CYLINDRICAL_SURFACE('',#12950,0.800000000000001);
#10652=CYLINDRICAL_SURFACE('',#12954,0.800000000000001);
#10653=CYLINDRICAL_SURFACE('',#12958,0.800000000000001);
#10654=CYLINDRICAL_SURFACE('',#12966,2.25);
#10655=CYLINDRICAL_SURFACE('',#12970,2.25);
#10656=CYLINDRICAL_SURFACE('',#12974,2.25);
#10657=CYLINDRICAL_SURFACE('',#12978,2.25);
#10658=CYLINDRICAL_SURFACE('',#12989,1.1);
#10659=CYLINDRICAL_SURFACE('',#12992,1.1);
#10660=CYLINDRICAL_SURFACE('',#12995,1.7);
#10661=CYLINDRICAL_SURFACE('',#12998,1.7);
#10662=ADVANCED_FACE('',(#1254),#10495,.F.);
#10663=ADVANCED_FACE('',(#1255),#10496,.F.);
#10664=ADVANCED_FACE('',(#1256),#10497,.F.);
#10665=ADVANCED_FACE('',(#1257),#10498,.F.);
#10666=ADVANCED_FACE('',(#1258),#10499,.F.);
#10667=ADVANCED_FACE('',(#1259),#10500,.F.);
#10668=ADVANCED_FACE('',(#1260),#10501,.F.);
#10669=ADVANCED_FACE('',(#1261),#10502,.F.);
#10670=ADVANCED_FACE('',(#1262),#10503,.F.);
#10671=ADVANCED_FACE('',(#1263),#10504,.F.);
#10672=ADVANCED_FACE('',(#1264),#10505,.F.);
#10673=ADVANCED_FACE('',(#1265),#10506,.F.);
#10674=ADVANCED_FACE('',(#1266),#780,.F.);
#10675=ADVANCED_FACE('',(#1267),#781,.F.);
#10676=ADVANCED_FACE('',(#1268),#782,.F.);
#10677=ADVANCED_FACE('',(#1269),#783,.F.);
#10678=ADVANCED_FACE('',(#1270),#784,.F.);
#10679=ADVANCED_FACE('',(#1271),#785,.F.);
#10680=ADVANCED_FACE('',(#1272),#786,.F.);
#10681=ADVANCED_FACE('',(#1273),#787,.F.);
#10682=ADVANCED_FACE('',(#1274),#788,.F.);
#10683=ADVANCED_FACE('',(#1275),#789,.F.);
#10684=ADVANCED_FACE('',(#1276),#790,.F.);
#10685=ADVANCED_FACE('',(#1277),#791,.F.);
#10686=ADVANCED_FACE('',(#1278),#792,.F.);
#10687=ADVANCED_FACE('',(#1279),#793,.F.);
#10688=ADVANCED_FACE('',(#1280),#794,.F.);
#10689=ADVANCED_FACE('',(#1281),#795,.F.);
#10690=ADVANCED_FACE('',(#1282),#10507,.F.);
#10691=ADVANCED_FACE('',(#1283),#10508,.F.);
#10692=ADVANCED_FACE('',(#1284),#10509,.F.);
#10693=ADVANCED_FACE('',(#1285),#10510,.F.);
#10694=ADVANCED_FACE('',(#1286),#10511,.F.);
#10695=ADVANCED_FACE('',(#1287),#10512,.F.);
#10696=ADVANCED_FACE('',(#1288),#10513,.F.);
#10697=ADVANCED_FACE('',(#1289),#10514,.F.);
#10698=ADVANCED_FACE('',(#1290),#10515,.F.);
#10699=ADVANCED_FACE('',(#1291),#10516,.F.);
#10700=ADVANCED_FACE('',(#1292),#10517,.F.);
#10701=ADVANCED_FACE('',(#1293),#10518,.F.);
#10702=ADVANCED_FACE('',(#1294),#10519,.F.);
#10703=ADVANCED_FACE('',(#1295),#10520,.F.);
#10704=ADVANCED_FACE('',(#1296),#10521,.F.);
#10705=ADVANCED_FACE('',(#1297),#10522,.F.);
#10706=ADVANCED_FACE('',(#1298),#10523,.F.);
#10707=ADVANCED_FACE('',(#1299),#10524,.F.);
#10708=ADVANCED_FACE('',(#1300),#10525,.F.);
#10709=ADVANCED_FACE('',(#1301),#10526,.F.);
#10710=ADVANCED_FACE('',(#1302),#10527,.F.);
#10711=ADVANCED_FACE('',(#1303),#10528,.F.);
#10712=ADVANCED_FACE('',(#1304),#796,.F.);
#10713=ADVANCED_FACE('',(#1305),#797,.F.);
#10714=ADVANCED_FACE('',(#1306),#798,.F.);
#10715=ADVANCED_FACE('',(#1307,#497,#498,#499,#500,#501,#502,#503,#504,
#505,#506,#507,#508,#509,#510,#511,#512,#513,#514,#515,#516,#517,#518,#519,
#520,#521,#522,#523,#524,#525,#526,#527,#528,#529,#530,#531,#532,#533,#534),
#799,.T.);
#10716=ADVANCED_FACE('',(#1308),#800,.T.);
#10717=ADVANCED_FACE('',(#1309),#801,.F.);
#10718=ADVANCED_FACE('',(#1310),#802,.F.);
#10719=ADVANCED_FACE('',(#1311),#803,.F.);
#10720=ADVANCED_FACE('',(#1312,#535,#536,#537,#538,#539,#540,#541,#542,
#543,#544,#545,#546,#547,#548,#549,#550,#551,#552,#553,#554,#555,#556,#557,
#558,#559,#560,#561,#562,#563,#564,#565,#566,#567,#568,#569,#570,#571,#572),
#804,.T.);
#10721=ADVANCED_FACE('',(#1313),#805,.T.);
#10722=ADVANCED_FACE('',(#1314),#806,.T.);
#10723=ADVANCED_FACE('',(#1315),#807,.T.);
#10724=ADVANCED_FACE('',(#1316),#808,.T.);
#10725=ADVANCED_FACE('',(#1317),#809,.T.);
#10726=ADVANCED_FACE('',(#1318),#10529,.F.);
#10727=ADVANCED_FACE('',(#1319),#10530,.F.);
#10728=ADVANCED_FACE('',(#1320),#810,.F.);
#10729=ADVANCED_FACE('',(#1321),#811,.F.);
#10730=ADVANCED_FACE('',(#1322),#812,.F.);
#10731=ADVANCED_FACE('',(#1323,#573,#574),#813,.T.);
#10732=ADVANCED_FACE('',(#1324),#814,.T.);
#10733=ADVANCED_FACE('',(#1325),#815,.T.);
#10734=ADVANCED_FACE('',(#1326),#816,.F.);
#10735=ADVANCED_FACE('',(#1327),#817,.T.);
#10736=ADVANCED_FACE('',(#1328),#818,.T.);
#10737=ADVANCED_FACE('',(#1329,#575,#576),#819,.F.);
#10738=ADVANCED_FACE('',(#1330),#10531,.F.);
#10739=ADVANCED_FACE('',(#1331),#10532,.F.);
#10740=ADVANCED_FACE('',(#1332),#820,.F.);
#10741=ADVANCED_FACE('',(#1333),#821,.F.);
#10742=ADVANCED_FACE('',(#1334),#822,.F.);
#10743=ADVANCED_FACE('',(#1335,#577,#578),#823,.T.);
#10744=ADVANCED_FACE('',(#1336),#824,.T.);
#10745=ADVANCED_FACE('',(#1337),#825,.T.);
#10746=ADVANCED_FACE('',(#1338),#826,.F.);
#10747=ADVANCED_FACE('',(#1339),#827,.T.);
#10748=ADVANCED_FACE('',(#1340),#828,.T.);
#10749=ADVANCED_FACE('',(#1341,#579,#580),#829,.T.);
#10750=ADVANCED_FACE('',(#1342),#830,.F.);
#10751=ADVANCED_FACE('',(#1343),#831,.F.);
#10752=ADVANCED_FACE('',(#1344),#832,.F.);
#10753=ADVANCED_FACE('',(#1345),#833,.F.);
#10754=ADVANCED_FACE('',(#1346),#10533,.F.);
#10755=ADVANCED_FACE('',(#1347),#10534,.F.);
#10756=ADVANCED_FACE('',(#1348),#10535,.F.);
#10757=ADVANCED_FACE('',(#1349),#10536,.F.);
#10758=ADVANCED_FACE('',(#1350),#10537,.F.);
#10759=ADVANCED_FACE('',(#1351),#10538,.F.);
#10760=ADVANCED_FACE('',(#1352),#834,.T.);
#10761=ADVANCED_FACE('',(#1353),#835,.T.);
#10762=ADVANCED_FACE('',(#1354),#836,.T.);
#10763=ADVANCED_FACE('',(#1355),#837,.T.);
#10764=ADVANCED_FACE('',(#1356,#581,#582,#583,#584,#585,#586,#587),#838,
 .T.);
#10765=ADVANCED_FACE('',(#1357,#588,#589,#590,#591,#592,#593,#594),#839,
 .F.);
#10766=ADVANCED_FACE('',(#1358),#840,.F.);
#10767=ADVANCED_FACE('',(#1359),#10539,.F.);
#10768=ADVANCED_FACE('',(#1360,#595,#596),#841,.F.);
#10769=ADVANCED_FACE('',(#1361,#597),#842,.F.);
#10770=ADVANCED_FACE('',(#1362),#843,.F.);
#10771=ADVANCED_FACE('',(#1363),#844,.F.);
#10772=ADVANCED_FACE('',(#1364),#10540,.F.);
#10773=ADVANCED_FACE('',(#1365),#10541,.F.);
#10774=ADVANCED_FACE('',(#1366),#845,.T.);
#10775=ADVANCED_FACE('',(#1367,#598,#599),#846,.T.);
#10776=ADVANCED_FACE('',(#1368),#847,.T.);
#10777=ADVANCED_FACE('',(#1369,#600),#848,.T.);
#10778=ADVANCED_FACE('',(#1370),#849,.F.);
#10779=ADVANCED_FACE('',(#1371),#850,.F.);
#10780=ADVANCED_FACE('',(#1372),#10542,.F.);
#10781=ADVANCED_FACE('',(#1373,#601),#851,.F.);
#10782=ADVANCED_FACE('',(#1374,#602,#603),#852,.F.);
#10783=ADVANCED_FACE('',(#1375),#853,.F.);
#10784=ADVANCED_FACE('',(#1376),#854,.F.);
#10785=ADVANCED_FACE('',(#1377),#10543,.F.);
#10786=ADVANCED_FACE('',(#1378),#10544,.F.);
#10787=ADVANCED_FACE('',(#1379,#604,#605),#855,.T.);
#10788=ADVANCED_FACE('',(#1380),#856,.T.);
#10789=ADVANCED_FACE('',(#1381),#857,.T.);
#10790=ADVANCED_FACE('',(#1382),#858,.T.);
#10791=ADVANCED_FACE('',(#1383,#606),#859,.T.);
#10792=ADVANCED_FACE('',(#1384),#10545,.F.);
#10793=ADVANCED_FACE('',(#1385),#10546,.F.);
#10794=ADVANCED_FACE('',(#1386),#860,.T.);
#10795=ADVANCED_FACE('',(#1387),#10547,.F.);
#10796=ADVANCED_FACE('',(#1388),#861,.F.);
#10797=ADVANCED_FACE('',(#1389,#607),#10548,.T.);
#10798=ADVANCED_FACE('',(#1390,#608),#862,.T.);
#10799=ADVANCED_FACE('',(#1391,#609),#863,.F.);
#10800=ADVANCED_FACE('',(#1392),#10549,.F.);
#10801=ADVANCED_FACE('',(#1393),#10550,.F.);
#10802=ADVANCED_FACE('',(#1394),#10551,.F.);
#10803=ADVANCED_FACE('',(#1395),#10552,.F.);
#10804=ADVANCED_FACE('',(#1396),#864,.T.);
#10805=ADVANCED_FACE('',(#1397),#10553,.F.);
#10806=ADVANCED_FACE('',(#1398),#865,.F.);
#10807=ADVANCED_FACE('',(#1399,#610,#611,#612,#613,#614),#10554,.T.);
#10808=ADVANCED_FACE('',(#1400,#615),#866,.T.);
#10809=ADVANCED_FACE('',(#1401,#616),#867,.F.);
#10810=ADVANCED_FACE('',(#1402),#10555,.F.);
#10811=ADVANCED_FACE('',(#1403),#10556,.F.);
#10812=ADVANCED_FACE('',(#1404),#868,.T.);
#10813=ADVANCED_FACE('',(#1405),#10557,.F.);
#10814=ADVANCED_FACE('',(#1406),#869,.F.);
#10815=ADVANCED_FACE('',(#1407,#617),#10558,.T.);
#10816=ADVANCED_FACE('',(#1408,#618),#870,.T.);
#10817=ADVANCED_FACE('',(#1409,#619),#871,.F.);
#10818=ADVANCED_FACE('',(#1410),#10559,.F.);
#10819=ADVANCED_FACE('',(#1411),#10560,.F.);
#10820=ADVANCED_FACE('',(#1412),#872,.T.);
#10821=ADVANCED_FACE('',(#1413),#10561,.F.);
#10822=ADVANCED_FACE('',(#1414),#873,.F.);
#10823=ADVANCED_FACE('',(#1415,#620),#10562,.T.);
#10824=ADVANCED_FACE('',(#1416,#621),#874,.T.);
#10825=ADVANCED_FACE('',(#1417,#622),#875,.F.);
#10826=ADVANCED_FACE('',(#1418),#10563,.T.);
#10827=ADVANCED_FACE('',(#1419),#876,.T.);
#10828=ADVANCED_FACE('',(#1420),#877,.F.);
#10829=ADVANCED_FACE('',(#1421),#10564,.T.);
#10830=ADVANCED_FACE('',(#1422),#878,.T.);
#10831=ADVANCED_FACE('',(#1423),#879,.F.);
#10832=ADVANCED_FACE('',(#1424),#10565,.F.);
#10833=ADVANCED_FACE('',(#1425),#10566,.F.);
#10834=ADVANCED_FACE('',(#1426),#880,.T.);
#10835=ADVANCED_FACE('',(#1427),#881,.T.);
#10836=ADVANCED_FACE('',(#1428),#882,.T.);
#10837=ADVANCED_FACE('',(#1429),#883,.T.);
#10838=ADVANCED_FACE('',(#1430,#623,#624),#884,.T.);
#10839=ADVANCED_FACE('',(#1431,#625,#626),#885,.F.);
#10840=ADVANCED_FACE('',(#1432),#10567,.T.);
#10841=ADVANCED_FACE('',(#1433),#886,.T.);
#10842=ADVANCED_FACE('',(#1434),#887,.F.);
#10843=ADVANCED_FACE('',(#1435),#10568,.F.);
#10844=ADVANCED_FACE('',(#1436),#10569,.F.);
#10845=ADVANCED_FACE('',(#1437),#888,.T.);
#10846=ADVANCED_FACE('',(#1438),#889,.T.);
#10847=ADVANCED_FACE('',(#1439),#890,.T.);
#10848=ADVANCED_FACE('',(#1440),#891,.T.);
#10849=ADVANCED_FACE('',(#1441,#627,#628),#892,.T.);
#10850=ADVANCED_FACE('',(#1442,#629,#630),#893,.T.);
#10851=ADVANCED_FACE('',(#1443),#10570,.T.);
#10852=ADVANCED_FACE('',(#1444),#894,.T.);
#10853=ADVANCED_FACE('',(#1445),#895,.F.);
#10854=ADVANCED_FACE('',(#1446),#896,.F.);
#10855=ADVANCED_FACE('',(#1447),#897,.F.);
#10856=ADVANCED_FACE('',(#1448),#898,.F.);
#10857=ADVANCED_FACE('',(#1449),#899,.F.);
#10858=ADVANCED_FACE('',(#1450),#900,.F.);
#10859=ADVANCED_FACE('',(#1451),#901,.F.);
#10860=ADVANCED_FACE('',(#1452),#902,.F.);
#10861=ADVANCED_FACE('',(#1453),#903,.F.);
#10862=ADVANCED_FACE('',(#1454),#904,.F.);
#10863=ADVANCED_FACE('',(#1455),#905,.F.);
#10864=ADVANCED_FACE('',(#1456),#906,.F.);
#10865=ADVANCED_FACE('',(#1457),#907,.F.);
#10866=ADVANCED_FACE('',(#1458),#908,.F.);
#10867=ADVANCED_FACE('',(#1459),#909,.F.);
#10868=ADVANCED_FACE('',(#1460),#910,.F.);
#10869=ADVANCED_FACE('',(#1461),#911,.F.);
#10870=ADVANCED_FACE('',(#1462),#10571,.F.);
#10871=ADVANCED_FACE('',(#1463),#912,.T.);
#10872=ADVANCED_FACE('',(#1464),#10572,.F.);
#10873=ADVANCED_FACE('',(#1465),#913,.T.);
#10874=ADVANCED_FACE('',(#1466),#10573,.F.);
#10875=ADVANCED_FACE('',(#1467),#914,.F.);
#10876=ADVANCED_FACE('',(#1468),#10574,.F.);
#10877=ADVANCED_FACE('',(#1469),#915,.F.);
#10878=ADVANCED_FACE('',(#1470),#10575,.F.);
#10879=ADVANCED_FACE('',(#1471),#916,.F.);
#10880=ADVANCED_FACE('',(#1472),#10576,.F.);
#10881=ADVANCED_FACE('',(#1473),#917,.F.);
#10882=ADVANCED_FACE('',(#1474,#631,#632),#918,.F.);
#10883=ADVANCED_FACE('',(#1475),#919,.T.);
#10884=ADVANCED_FACE('',(#1476,#633,#634),#920,.F.);
#10885=ADVANCED_FACE('',(#1477),#921,.T.);
#10886=ADVANCED_FACE('',(#1478,#635),#922,.T.);
#10887=ADVANCED_FACE('',(#1479,#636,#637),#923,.T.);
#10888=ADVANCED_FACE('',(#1480,#638,#639),#924,.T.);
#10889=ADVANCED_FACE('',(#1481),#925,.T.);
#10890=ADVANCED_FACE('',(#1482,#640),#926,.T.);
#10891=ADVANCED_FACE('',(#1483,#641,#642,#643,#644),#927,.F.);
#10892=ADVANCED_FACE('',(#1484),#10577,.F.);
#10893=ADVANCED_FACE('',(#1485),#10578,.F.);
#10894=ADVANCED_FACE('',(#1486),#928,.T.);
#10895=ADVANCED_FACE('',(#1487),#929,.T.);
#10896=ADVANCED_FACE('',(#1488),#930,.T.);
#10897=ADVANCED_FACE('',(#1489),#931,.T.);
#10898=ADVANCED_FACE('',(#1490,#645,#646),#932,.T.);
#10899=ADVANCED_FACE('',(#1491,#647,#648),#933,.F.);
#10900=ADVANCED_FACE('',(#1492),#934,.F.);
#10901=ADVANCED_FACE('',(#1493),#935,.F.);
#10902=ADVANCED_FACE('',(#1494),#936,.F.);
#10903=ADVANCED_FACE('',(#1495),#937,.F.);
#10904=ADVANCED_FACE('',(#1496),#938,.F.);
#10905=ADVANCED_FACE('',(#1497),#939,.F.);
#10906=ADVANCED_FACE('',(#1498),#940,.F.);
#10907=ADVANCED_FACE('',(#1499),#941,.F.);
#10908=ADVANCED_FACE('',(#1500),#942,.F.);
#10909=ADVANCED_FACE('',(#1501),#943,.F.);
#10910=ADVANCED_FACE('',(#1502),#944,.F.);
#10911=ADVANCED_FACE('',(#1503),#945,.F.);
#10912=ADVANCED_FACE('',(#1504),#946,.F.);
#10913=ADVANCED_FACE('',(#1505),#947,.F.);
#10914=ADVANCED_FACE('',(#1506),#948,.F.);
#10915=ADVANCED_FACE('',(#1507),#949,.F.);
#10916=ADVANCED_FACE('',(#1508),#10579,.F.);
#10917=ADVANCED_FACE('',(#1509),#950,.T.);
#10918=ADVANCED_FACE('',(#1510),#10580,.F.);
#10919=ADVANCED_FACE('',(#1511),#951,.T.);
#10920=ADVANCED_FACE('',(#1512),#10581,.F.);
#10921=ADVANCED_FACE('',(#1513),#952,.F.);
#10922=ADVANCED_FACE('',(#1514),#10582,.F.);
#10923=ADVANCED_FACE('',(#1515),#953,.F.);
#10924=ADVANCED_FACE('',(#1516),#10583,.F.);
#10925=ADVANCED_FACE('',(#1517),#954,.F.);
#10926=ADVANCED_FACE('',(#1518),#10584,.F.);
#10927=ADVANCED_FACE('',(#1519),#955,.F.);
#10928=ADVANCED_FACE('',(#1520,#649,#650),#956,.F.);
#10929=ADVANCED_FACE('',(#1521),#957,.T.);
#10930=ADVANCED_FACE('',(#1522,#651,#652),#958,.F.);
#10931=ADVANCED_FACE('',(#1523),#959,.T.);
#10932=ADVANCED_FACE('',(#1524,#653),#960,.T.);
#10933=ADVANCED_FACE('',(#1525,#654,#655),#961,.T.);
#10934=ADVANCED_FACE('',(#1526,#656,#657),#962,.T.);
#10935=ADVANCED_FACE('',(#1527),#963,.T.);
#10936=ADVANCED_FACE('',(#1528,#658),#964,.T.);
#10937=ADVANCED_FACE('',(#1529,#659,#660,#661,#662),#965,.F.);
#10938=ADVANCED_FACE('',(#1530),#10585,.F.);
#10939=ADVANCED_FACE('',(#1531),#10586,.F.);
#10940=ADVANCED_FACE('',(#1532),#966,.T.);
#10941=ADVANCED_FACE('',(#1533),#967,.T.);
#10942=ADVANCED_FACE('',(#1534),#968,.T.);
#10943=ADVANCED_FACE('',(#1535),#969,.T.);
#10944=ADVANCED_FACE('',(#1536,#663,#664),#970,.T.);
#10945=ADVANCED_FACE('',(#1537,#665,#666),#971,.F.);
#10946=ADVANCED_FACE('',(#1538),#10587,.T.);
#10947=ADVANCED_FACE('',(#1539),#972,.T.);
#10948=ADVANCED_FACE('',(#1540),#973,.F.);
#10949=ADVANCED_FACE('',(#1541),#10588,.F.);
#10950=ADVANCED_FACE('',(#1542),#10589,.T.);
#10951=ADVANCED_FACE('',(#1543,#667),#974,.T.);
#10952=ADVANCED_FACE('',(#1544,#668),#975,.F.);
#10953=ADVANCED_FACE('',(#1545),#10590,.F.);
#10954=ADVANCED_FACE('',(#1546),#10591,.T.);
#10955=ADVANCED_FACE('',(#1547,#669),#976,.T.);
#10956=ADVANCED_FACE('',(#1548,#670),#977,.F.);
#10957=ADVANCED_FACE('',(#1549),#10592,.T.);
#10958=ADVANCED_FACE('',(#1550),#978,.T.);
#10959=ADVANCED_FACE('',(#1551),#979,.F.);
#10960=ADVANCED_FACE('',(#1552),#10593,.F.);
#10961=ADVANCED_FACE('',(#1553),#10594,.F.);
#10962=ADVANCED_FACE('',(#1554),#980,.F.);
#10963=ADVANCED_FACE('',(#1555),#981,.T.);
#10964=ADVANCED_FACE('',(#1556),#982,.T.);
#10965=ADVANCED_FACE('',(#1557),#983,.T.);
#10966=ADVANCED_FACE('',(#1558,#671),#984,.T.);
#10967=ADVANCED_FACE('',(#1559,#672),#985,.T.);
#10968=ADVANCED_FACE('',(#1560,#673),#986,.F.);
#10969=ADVANCED_FACE('',(#1561),#987,.F.);
#10970=ADVANCED_FACE('',(#1562),#988,.F.);
#10971=ADVANCED_FACE('',(#1563),#989,.F.);
#10972=ADVANCED_FACE('',(#1564),#990,.F.);
#10973=ADVANCED_FACE('',(#1565),#10595,.F.);
#10974=ADVANCED_FACE('',(#1566),#991,.F.);
#10975=ADVANCED_FACE('',(#1567),#10596,.F.);
#10976=ADVANCED_FACE('',(#1568),#992,.F.);
#10977=ADVANCED_FACE('',(#1569),#10597,.F.);
#10978=ADVANCED_FACE('',(#1570),#993,.F.);
#10979=ADVANCED_FACE('',(#1571),#10598,.F.);
#10980=ADVANCED_FACE('',(#1572),#994,.F.);
#10981=ADVANCED_FACE('',(#1573),#10599,.F.);
#10982=ADVANCED_FACE('',(#1574),#995,.T.);
#10983=ADVANCED_FACE('',(#1575),#996,.T.);
#10984=ADVANCED_FACE('',(#1576,#674),#997,.T.);
#10985=ADVANCED_FACE('',(#1577,#675),#998,.T.);
#10986=ADVANCED_FACE('',(#1578),#999,.T.);
#10987=ADVANCED_FACE('',(#1579),#1000,.T.);
#10988=ADVANCED_FACE('',(#1580,#676,#677,#678,#679),#1001,.F.);
#10989=ADVANCED_FACE('',(#1581),#10600,.F.);
#10990=ADVANCED_FACE('',(#1582),#10601,.T.);
#10991=ADVANCED_FACE('',(#1583,#680),#1002,.T.);
#10992=ADVANCED_FACE('',(#1584,#681),#1003,.F.);
#10993=ADVANCED_FACE('',(#1585),#10602,.F.);
#10994=ADVANCED_FACE('',(#1586),#10603,.T.);
#10995=ADVANCED_FACE('',(#1587,#682),#1004,.T.);
#10996=ADVANCED_FACE('',(#1588,#683),#1005,.F.);
#10997=ADVANCED_FACE('',(#1589),#1006,.T.);
#10998=ADVANCED_FACE('',(#1590),#1007,.T.);
#10999=ADVANCED_FACE('',(#1591),#1008,.T.);
#11000=ADVANCED_FACE('',(#1592),#1009,.T.);
#11001=ADVANCED_FACE('',(#1593),#1010,.T.);
#11002=ADVANCED_FACE('',(#1594),#1011,.F.);
#11003=ADVANCED_FACE('',(#1595),#10604,.F.);
#11004=ADVANCED_FACE('',(#1596),#10605,.F.);
#11005=ADVANCED_FACE('',(#1597,#684),#1012,.T.);
#11006=ADVANCED_FACE('',(#1598),#1013,.T.);
#11007=ADVANCED_FACE('',(#1599),#1014,.T.);
#11008=ADVANCED_FACE('',(#1600,#685,#686),#1015,.F.);
#11009=ADVANCED_FACE('',(#1601,#687),#1016,.T.);
#11010=ADVANCED_FACE('',(#1602),#1017,.T.);
#11011=ADVANCED_FACE('',(#1603),#1018,.T.);
#11012=ADVANCED_FACE('',(#1604),#1019,.T.);
#11013=ADVANCED_FACE('',(#1605),#1020,.T.);
#11014=ADVANCED_FACE('',(#1606),#1021,.T.);
#11015=ADVANCED_FACE('',(#1607),#1022,.T.);
#11016=ADVANCED_FACE('',(#1608),#1023,.T.);
#11017=ADVANCED_FACE('',(#1609),#1024,.T.);
#11018=ADVANCED_FACE('',(#1610),#1025,.T.);
#11019=ADVANCED_FACE('',(#1611),#1026,.T.);
#11020=ADVANCED_FACE('',(#1612),#1027,.F.);
#11021=ADVANCED_FACE('',(#1613),#1028,.F.);
#11022=ADVANCED_FACE('',(#1614),#1029,.F.);
#11023=ADVANCED_FACE('',(#1615),#1030,.F.);
#11024=ADVANCED_FACE('',(#1616),#1031,.F.);
#11025=ADVANCED_FACE('',(#1617),#1032,.F.);
#11026=ADVANCED_FACE('',(#1618,#688),#1033,.T.);
#11027=ADVANCED_FACE('',(#1619),#1034,.T.);
#11028=ADVANCED_FACE('',(#1620),#1035,.T.);
#11029=ADVANCED_FACE('',(#1621),#1036,.T.);
#11030=ADVANCED_FACE('',(#1622),#1037,.T.);
#11031=ADVANCED_FACE('',(#1623),#1038,.F.);
#11032=ADVANCED_FACE('',(#1624),#1039,.T.);
#11033=ADVANCED_FACE('',(#1625),#1040,.T.);
#11034=ADVANCED_FACE('',(#1626),#1041,.T.);
#11035=ADVANCED_FACE('',(#1627),#1042,.T.);
#11036=ADVANCED_FACE('',(#1628),#1043,.T.);
#11037=ADVANCED_FACE('',(#1629),#1044,.F.);
#11038=ADVANCED_FACE('',(#1630),#1045,.T.);
#11039=ADVANCED_FACE('',(#1631),#1046,.T.);
#11040=ADVANCED_FACE('',(#1632),#1047,.T.);
#11041=ADVANCED_FACE('',(#1633),#1048,.T.);
#11042=ADVANCED_FACE('',(#1634),#1049,.T.);
#11043=ADVANCED_FACE('',(#1635),#1050,.F.);
#11044=ADVANCED_FACE('',(#1636),#1051,.T.);
#11045=ADVANCED_FACE('',(#1637),#1052,.T.);
#11046=ADVANCED_FACE('',(#1638),#1053,.T.);
#11047=ADVANCED_FACE('',(#1639),#1054,.T.);
#11048=ADVANCED_FACE('',(#1640),#1055,.T.);
#11049=ADVANCED_FACE('',(#1641),#1056,.F.);
#11050=ADVANCED_FACE('',(#1642),#1057,.T.);
#11051=ADVANCED_FACE('',(#1643),#1058,.T.);
#11052=ADVANCED_FACE('',(#1644),#1059,.T.);
#11053=ADVANCED_FACE('',(#1645),#1060,.T.);
#11054=ADVANCED_FACE('',(#1646),#1061,.T.);
#11055=ADVANCED_FACE('',(#1647),#1062,.F.);
#11056=ADVANCED_FACE('',(#1648),#1063,.T.);
#11057=ADVANCED_FACE('',(#1649),#1064,.T.);
#11058=ADVANCED_FACE('',(#1650),#1065,.T.);
#11059=ADVANCED_FACE('',(#1651),#1066,.T.);
#11060=ADVANCED_FACE('',(#1652),#1067,.T.);
#11061=ADVANCED_FACE('',(#1653),#1068,.F.);
#11062=ADVANCED_FACE('',(#1654),#10606,.F.);
#11063=ADVANCED_FACE('',(#1655),#10607,.F.);
#11064=ADVANCED_FACE('',(#1656),#10608,.F.);
#11065=ADVANCED_FACE('',(#1657),#10609,.F.);
#11066=ADVANCED_FACE('',(#1658),#1069,.T.);
#11067=ADVANCED_FACE('',(#1659),#1070,.T.);
#11068=ADVANCED_FACE('',(#1660),#1071,.T.);
#11069=ADVANCED_FACE('',(#1661),#1072,.T.);
#11070=ADVANCED_FACE('',(#1662,#689,#690,#691,#692),#1073,.T.);
#11071=ADVANCED_FACE('',(#1663,#693,#694,#695,#696),#1074,.F.);
#11072=ADVANCED_FACE('',(#1664),#1075,.T.);
#11073=ADVANCED_FACE('',(#1665),#1076,.T.);
#11074=ADVANCED_FACE('',(#1666),#1077,.T.);
#11075=ADVANCED_FACE('',(#1667),#1078,.T.);
#11076=ADVANCED_FACE('',(#1668),#1079,.T.);
#11077=ADVANCED_FACE('',(#1669),#1080,.F.);
#11078=ADVANCED_FACE('',(#1670),#1081,.T.);
#11079=ADVANCED_FACE('',(#1671),#1082,.T.);
#11080=ADVANCED_FACE('',(#1672),#1083,.T.);
#11081=ADVANCED_FACE('',(#1673),#1084,.T.);
#11082=ADVANCED_FACE('',(#1674),#1085,.T.);
#11083=ADVANCED_FACE('',(#1675),#1086,.F.);
#11084=ADVANCED_FACE('',(#1676),#1087,.T.);
#11085=ADVANCED_FACE('',(#1677),#1088,.T.);
#11086=ADVANCED_FACE('',(#1678),#1089,.T.);
#11087=ADVANCED_FACE('',(#1679),#1090,.T.);
#11088=ADVANCED_FACE('',(#1680),#1091,.T.);
#11089=ADVANCED_FACE('',(#1681),#1092,.F.);
#11090=ADVANCED_FACE('',(#1682),#10610,.F.);
#11091=ADVANCED_FACE('',(#1683),#10611,.F.);
#11092=ADVANCED_FACE('',(#1684),#1093,.T.);
#11093=ADVANCED_FACE('',(#1685),#1094,.T.);
#11094=ADVANCED_FACE('',(#1686),#1095,.T.);
#11095=ADVANCED_FACE('',(#1687),#1096,.T.);
#11096=ADVANCED_FACE('',(#1688,#697,#698),#1097,.T.);
#11097=ADVANCED_FACE('',(#1689,#699,#700),#1098,.F.);
#11098=ADVANCED_FACE('',(#1690),#10612,.F.);
#11099=ADVANCED_FACE('',(#1691),#10613,.F.);
#11100=ADVANCED_FACE('',(#1692),#10614,.F.);
#11101=ADVANCED_FACE('',(#1693),#10615,.F.);
#11102=ADVANCED_FACE('',(#1694,#701,#702,#703,#704),#1099,.T.);
#11103=ADVANCED_FACE('',(#1695),#1100,.T.);
#11104=ADVANCED_FACE('',(#1696,#705,#706,#707,#708),#1101,.T.);
#11105=ADVANCED_FACE('',(#1697),#1102,.T.);
#11106=ADVANCED_FACE('',(#1698),#1103,.T.);
#11107=ADVANCED_FACE('',(#1699),#1104,.F.);
#11108=ADVANCED_FACE('',(#1700),#10616,.F.);
#11109=ADVANCED_FACE('',(#1701),#10617,.F.);
#11110=ADVANCED_FACE('',(#1702),#10618,.F.);
#11111=ADVANCED_FACE('',(#1703),#10619,.F.);
#11112=ADVANCED_FACE('',(#1704),#1105,.F.);
#11113=ADVANCED_FACE('',(#1705),#1106,.F.);
#11114=ADVANCED_FACE('',(#1706),#1107,.F.);
#11115=ADVANCED_FACE('',(#1707),#1108,.F.);
#11116=ADVANCED_FACE('',(#1708),#1109,.F.);
#11117=ADVANCED_FACE('',(#1709),#1110,.F.);
#11118=ADVANCED_FACE('',(#1710),#1111,.F.);
#11119=ADVANCED_FACE('',(#1711),#1112,.F.);
#11120=ADVANCED_FACE('',(#1712),#1113,.T.);
#11121=ADVANCED_FACE('',(#1713),#1114,.T.);
#11122=ADVANCED_FACE('',(#1714),#1115,.T.);
#11123=ADVANCED_FACE('',(#1715),#1116,.T.);
#11124=ADVANCED_FACE('',(#1716,#709,#710,#711,#712,#713,#714),#1117,.T.);
#11125=ADVANCED_FACE('',(#1717,#715,#716,#717,#718,#719,#720),#1118,.F.);
#11126=ADVANCED_FACE('',(#1718),#1119,.T.);
#11127=ADVANCED_FACE('',(#1719),#1120,.T.);
#11128=ADVANCED_FACE('',(#1720),#1121,.T.);
#11129=ADVANCED_FACE('',(#1721),#1122,.T.);
#11130=ADVANCED_FACE('',(#1722),#1123,.T.);
#11131=ADVANCED_FACE('',(#1723),#1124,.F.);
#11132=ADVANCED_FACE('',(#1724),#1125,.F.);
#11133=ADVANCED_FACE('',(#1725),#1126,.T.);
#11134=ADVANCED_FACE('',(#1726),#1127,.T.);
#11135=ADVANCED_FACE('',(#1727),#1128,.T.);
#11136=ADVANCED_FACE('',(#1728),#1129,.T.);
#11137=ADVANCED_FACE('',(#1729),#1130,.T.);
#11138=ADVANCED_FACE('',(#1730),#10620,.F.);
#11139=ADVANCED_FACE('',(#1731),#1131,.F.);
#11140=ADVANCED_FACE('',(#1732),#10621,.F.);
#11141=ADVANCED_FACE('',(#1733),#1132,.T.);
#11142=ADVANCED_FACE('',(#1734),#10622,.T.);
#11143=ADVANCED_FACE('',(#1735,#721),#1133,.T.);
#11144=ADVANCED_FACE('',(#1736,#722),#1134,.F.);
#11145=ADVANCED_FACE('',(#1737),#10623,.F.);
#11146=ADVANCED_FACE('',(#1738),#1135,.F.);
#11147=ADVANCED_FACE('',(#1739),#10624,.F.);
#11148=ADVANCED_FACE('',(#1740),#1136,.T.);
#11149=ADVANCED_FACE('',(#1741),#10625,.T.);
#11150=ADVANCED_FACE('',(#1742,#723),#1137,.T.);
#11151=ADVANCED_FACE('',(#1743,#724),#1138,.F.);
#11152=ADVANCED_FACE('',(#1744),#10626,.F.);
#11153=ADVANCED_FACE('',(#1745),#1139,.F.);
#11154=ADVANCED_FACE('',(#1746),#10627,.F.);
#11155=ADVANCED_FACE('',(#1747),#1140,.T.);
#11156=ADVANCED_FACE('',(#1748),#10628,.T.);
#11157=ADVANCED_FACE('',(#1749,#725),#1141,.T.);
#11158=ADVANCED_FACE('',(#1750,#726),#1142,.F.);
#11159=ADVANCED_FACE('',(#1751),#10629,.F.);
#11160=ADVANCED_FACE('',(#1752),#1143,.F.);
#11161=ADVANCED_FACE('',(#1753),#10630,.F.);
#11162=ADVANCED_FACE('',(#1754),#1144,.T.);
#11163=ADVANCED_FACE('',(#1755),#10631,.T.);
#11164=ADVANCED_FACE('',(#1756,#727),#1145,.T.);
#11165=ADVANCED_FACE('',(#1757,#728),#1146,.F.);
#11166=ADVANCED_FACE('',(#1758),#10632,.F.);
#11167=ADVANCED_FACE('',(#1759),#1147,.F.);
#11168=ADVANCED_FACE('',(#1760),#10633,.F.);
#11169=ADVANCED_FACE('',(#1761),#1148,.T.);
#11170=ADVANCED_FACE('',(#1762),#10634,.T.);
#11171=ADVANCED_FACE('',(#1763,#729),#1149,.T.);
#11172=ADVANCED_FACE('',(#1764,#730),#1150,.F.);
#11173=ADVANCED_FACE('',(#1765),#10635,.F.);
#11174=ADVANCED_FACE('',(#1766),#1151,.F.);
#11175=ADVANCED_FACE('',(#1767),#10636,.F.);
#11176=ADVANCED_FACE('',(#1768),#1152,.T.);
#11177=ADVANCED_FACE('',(#1769),#10637,.T.);
#11178=ADVANCED_FACE('',(#1770,#731),#1153,.T.);
#11179=ADVANCED_FACE('',(#1771,#732),#1154,.F.);
#11180=ADVANCED_FACE('',(#1772),#10638,.F.);
#11181=ADVANCED_FACE('',(#1773),#10639,.F.);
#11182=ADVANCED_FACE('',(#1774),#1155,.F.);
#11183=ADVANCED_FACE('',(#1775),#1156,.F.);
#11184=ADVANCED_FACE('',(#1776),#1157,.F.);
#11185=ADVANCED_FACE('',(#1777),#1158,.T.);
#11186=ADVANCED_FACE('',(#1778,#733),#1159,.F.);
#11187=ADVANCED_FACE('',(#1779),#1160,.F.);
#11188=ADVANCED_FACE('',(#1780),#1161,.F.);
#11189=ADVANCED_FACE('',(#1781),#1162,.F.);
#11190=ADVANCED_FACE('',(#1782),#1163,.F.);
#11191=ADVANCED_FACE('',(#1783,#734,#735),#1164,.T.);
#11192=ADVANCED_FACE('',(#1784),#1165,.T.);
#11193=ADVANCED_FACE('',(#1785),#1166,.T.);
#11194=ADVANCED_FACE('',(#1786),#1167,.T.);
#11195=ADVANCED_FACE('',(#1787,#736),#1168,.T.);
#11196=ADVANCED_FACE('',(#1788,#737),#1169,.F.);
#11197=ADVANCED_FACE('',(#1789),#10640,.F.);
#11198=ADVANCED_FACE('',(#1790),#10641,.F.);
#11199=ADVANCED_FACE('',(#1791),#1170,.F.);
#11200=ADVANCED_FACE('',(#1792),#1171,.F.);
#11201=ADVANCED_FACE('',(#1793),#1172,.F.);
#11202=ADVANCED_FACE('',(#1794),#1173,.T.);
#11203=ADVANCED_FACE('',(#1795,#738),#1174,.F.);
#11204=ADVANCED_FACE('',(#1796,#739),#1175,.F.);
#11205=ADVANCED_FACE('',(#1797),#1176,.F.);
#11206=ADVANCED_FACE('',(#1798),#1177,.F.);
#11207=ADVANCED_FACE('',(#1799),#1178,.F.);
#11208=ADVANCED_FACE('',(#1800),#1179,.F.);
#11209=ADVANCED_FACE('',(#1801,#740,#741),#1180,.T.);
#11210=ADVANCED_FACE('',(#1802),#1181,.T.);
#11211=ADVANCED_FACE('',(#1803),#1182,.T.);
#11212=ADVANCED_FACE('',(#1804),#1183,.T.);
#11213=ADVANCED_FACE('',(#1805,#742),#1184,.T.);
#11214=ADVANCED_FACE('',(#1806),#10642,.F.);
#11215=ADVANCED_FACE('',(#1807),#10643,.F.);
#11216=ADVANCED_FACE('',(#1808),#1185,.F.);
#11217=ADVANCED_FACE('',(#1809),#1186,.F.);
#11218=ADVANCED_FACE('',(#1810),#1187,.F.);
#11219=ADVANCED_FACE('',(#1811),#1188,.T.);
#11220=ADVANCED_FACE('',(#1812,#743),#1189,.F.);
#11221=ADVANCED_FACE('',(#1813,#744),#1190,.F.);
#11222=ADVANCED_FACE('',(#1814),#1191,.F.);
#11223=ADVANCED_FACE('',(#1815),#1192,.F.);
#11224=ADVANCED_FACE('',(#1816),#1193,.F.);
#11225=ADVANCED_FACE('',(#1817),#1194,.F.);
#11226=ADVANCED_FACE('',(#1818,#745,#746),#1195,.T.);
#11227=ADVANCED_FACE('',(#1819),#1196,.T.);
#11228=ADVANCED_FACE('',(#1820),#1197,.T.);
#11229=ADVANCED_FACE('',(#1821),#1198,.T.);
#11230=ADVANCED_FACE('',(#1822,#747),#1199,.T.);
#11231=ADVANCED_FACE('',(#1823),#10644,.F.);
#11232=ADVANCED_FACE('',(#1824),#10645,.F.);
#11233=ADVANCED_FACE('',(#1825),#1200,.F.);
#11234=ADVANCED_FACE('',(#1826),#1201,.F.);
#11235=ADVANCED_FACE('',(#1827),#1202,.F.);
#11236=ADVANCED_FACE('',(#1828),#1203,.T.);
#11237=ADVANCED_FACE('',(#1829,#748),#1204,.F.);
#11238=ADVANCED_FACE('',(#1830),#1205,.F.);
#11239=ADVANCED_FACE('',(#1831),#1206,.F.);
#11240=ADVANCED_FACE('',(#1832),#1207,.F.);
#11241=ADVANCED_FACE('',(#1833),#1208,.F.);
#11242=ADVANCED_FACE('',(#1834,#749,#750),#1209,.T.);
#11243=ADVANCED_FACE('',(#1835),#1210,.T.);
#11244=ADVANCED_FACE('',(#1836),#1211,.T.);
#11245=ADVANCED_FACE('',(#1837),#1212,.T.);
#11246=ADVANCED_FACE('',(#1838,#751),#1213,.T.);
#11247=ADVANCED_FACE('',(#1839,#752),#1214,.F.);
#11248=ADVANCED_FACE('',(#1840),#10646,.F.);
#11249=ADVANCED_FACE('',(#1841),#10647,.F.);
#11250=ADVANCED_FACE('',(#1842),#1215,.F.);
#11251=ADVANCED_FACE('',(#1843),#1216,.F.);
#11252=ADVANCED_FACE('',(#1844),#1217,.F.);
#11253=ADVANCED_FACE('',(#1845),#1218,.T.);
#11254=ADVANCED_FACE('',(#1846,#753),#1219,.F.);
#11255=ADVANCED_FACE('',(#1847,#754),#1220,.F.);
#11256=ADVANCED_FACE('',(#1848),#1221,.F.);
#11257=ADVANCED_FACE('',(#1849),#1222,.F.);
#11258=ADVANCED_FACE('',(#1850),#1223,.F.);
#11259=ADVANCED_FACE('',(#1851),#1224,.F.);
#11260=ADVANCED_FACE('',(#1852,#755,#756),#1225,.T.);
#11261=ADVANCED_FACE('',(#1853),#1226,.T.);
#11262=ADVANCED_FACE('',(#1854),#1227,.T.);
#11263=ADVANCED_FACE('',(#1855),#1228,.T.);
#11264=ADVANCED_FACE('',(#1856,#757),#1229,.T.);
#11265=ADVANCED_FACE('',(#1857),#10648,.F.);
#11266=ADVANCED_FACE('',(#1858),#10649,.F.);
#11267=ADVANCED_FACE('',(#1859),#10650,.F.);
#11268=ADVANCED_FACE('',(#1860),#1230,.T.);
#11269=ADVANCED_FACE('',(#1861),#10651,.F.);
#11270=ADVANCED_FACE('',(#1862),#1231,.T.);
#11271=ADVANCED_FACE('',(#1863),#10652,.F.);
#11272=ADVANCED_FACE('',(#1864),#1232,.T.);
#11273=ADVANCED_FACE('',(#1865),#10653,.F.);
#11274=ADVANCED_FACE('',(#1866),#1233,.T.);
#11275=ADVANCED_FACE('',(#1867),#1234,.F.);
#11276=ADVANCED_FACE('',(#1868),#1235,.F.);
#11277=ADVANCED_FACE('',(#1869),#1236,.F.);
#11278=ADVANCED_FACE('',(#1870),#1237,.F.);
#11279=ADVANCED_FACE('',(#1871),#10654,.T.);
#11280=ADVANCED_FACE('',(#1872,#758),#1238,.T.);
#11281=ADVANCED_FACE('',(#1873),#10655,.T.);
#11282=ADVANCED_FACE('',(#1874,#759),#1239,.T.);
#11283=ADVANCED_FACE('',(#1875),#10656,.T.);
#11284=ADVANCED_FACE('',(#1876,#760),#1240,.T.);
#11285=ADVANCED_FACE('',(#1877),#10657,.T.);
#11286=ADVANCED_FACE('',(#1878,#761),#1241,.T.);
#11287=ADVANCED_FACE('',(#1879),#1242,.T.);
#11288=ADVANCED_FACE('',(#1880),#1243,.T.);
#11289=ADVANCED_FACE('',(#1881),#1244,.T.);
#11290=ADVANCED_FACE('',(#1882),#1245,.T.);
#11291=ADVANCED_FACE('',(#1883,#762,#763,#764,#765,#766,#767,#768),#1246,
 .T.);
#11292=ADVANCED_FACE('',(#1884,#769,#770,#771),#1247,.F.);
#11293=ADVANCED_FACE('',(#1885),#10658,.F.);
#11294=ADVANCED_FACE('',(#1886),#10659,.F.);
#11295=ADVANCED_FACE('',(#1887),#10660,.F.);
#11296=ADVANCED_FACE('',(#1888),#10661,.F.);
#11297=ADVANCED_FACE('',(#1889),#1248,.T.);
#11298=ADVANCED_FACE('',(#1890),#1249,.T.);
#11299=ADVANCED_FACE('',(#1891),#1250,.T.);
#11300=ADVANCED_FACE('',(#1892),#1251,.T.);
#11301=ADVANCED_FACE('',(#1893,#772,#773,#774,#775),#1252,.T.);
#11302=ADVANCED_FACE('',(#1894,#776,#777,#778,#779),#1253,.F.);
#11303=CLOSED_SHELL('',(#10662,#10663,#10664,#10665,#10666,#10667,#10668,
#10669,#10670,#10671,#10672,#10673,#10674,#10675,#10676,#10677,#10678,#10679,
#10680,#10681,#10682,#10683,#10684,#10685,#10686,#10687,#10688,#10689,#10690,
#10691,#10692,#10693,#10694,#10695,#10696,#10697,#10698,#10699,#10700,#10701,
#10702,#10703,#10704,#10705,#10706,#10707,#10708,#10709,#10710,#10711,#10712,
#10713,#10714,#10715,#10716,#10717,#10718,#10719,#10720,#10721,#10722,#10723,
#10724,#10725));
#11304=CLOSED_SHELL('',(#10726,#10727,#10728,#10729,#10730,#10731,#10732,
#10733,#10734,#10735,#10736,#10737));
#11305=CLOSED_SHELL('',(#10738,#10739,#10740,#10741,#10742,#10743,#10744,
#10745,#10746,#10747,#10748,#10749));
#11306=CLOSED_SHELL('',(#10750,#10751,#10752,#10753,#10754,#10755,#10756,
#10757,#10758,#10759,#10760,#10761,#10762,#10763,#10764,#10765));
#11307=CLOSED_SHELL('',(#10766,#10767,#10768,#10769,#10770,#10771,#10772,
#10773,#10774,#10775,#10776,#10777,#10778));
#11308=CLOSED_SHELL('',(#10779,#10780,#10781,#10782,#10783,#10784,#10785,
#10786,#10787,#10788,#10789,#10790,#10791));
#11309=CLOSED_SHELL('',(#10792,#10793,#10794,#10795,#10796,#10797,#10798,
#10799));
#11310=CLOSED_SHELL('',(#10800,#10801,#10802,#10803,#10804,#10805,#10806,
#10807,#10808,#10809));
#11311=CLOSED_SHELL('',(#10810,#10811,#10812,#10813,#10814,#10815,#10816,
#10817));
#11312=CLOSED_SHELL('',(#10818,#10819,#10820,#10821,#10822,#10823,#10824,
#10825));
#11313=CLOSED_SHELL('',(#10826,#10827,#10828));
#11314=CLOSED_SHELL('',(#10829,#10830,#10831));
#11315=CLOSED_SHELL('',(#10832,#10833,#10834,#10835,#10836,#10837,#10838,
#10839));
#11316=CLOSED_SHELL('',(#10840,#10841,#10842));
#11317=CLOSED_SHELL('',(#10843,#10844,#10845,#10846,#10847,#10848,#10849,
#10850));
#11318=CLOSED_SHELL('',(#10851,#10852,#10853));
#11319=CLOSED_SHELL('',(#10854,#10855,#10856,#10857,#10858,#10859,#10860,
#10861,#10862,#10863,#10864,#10865,#10866,#10867,#10868,#10869,#10870,#10871,
#10872,#10873,#10874,#10875,#10876,#10877,#10878,#10879,#10880,#10881,#10882,
#10883,#10884,#10885,#10886,#10887,#10888,#10889,#10890,#10891));
#11320=CLOSED_SHELL('',(#10892,#10893,#10894,#10895,#10896,#10897,#10898,
#10899));
#11321=CLOSED_SHELL('',(#10900,#10901,#10902,#10903,#10904,#10905,#10906,
#10907,#10908,#10909,#10910,#10911,#10912,#10913,#10914,#10915,#10916,#10917,
#10918,#10919,#10920,#10921,#10922,#10923,#10924,#10925,#10926,#10927,#10928,
#10929,#10930,#10931,#10932,#10933,#10934,#10935,#10936,#10937));
#11322=CLOSED_SHELL('',(#10938,#10939,#10940,#10941,#10942,#10943,#10944,
#10945));
#11323=CLOSED_SHELL('',(#10946,#10947,#10948));
#11324=CLOSED_SHELL('',(#10949,#10950,#10951,#10952));
#11325=CLOSED_SHELL('',(#10953,#10954,#10955,#10956));
#11326=CLOSED_SHELL('',(#10957,#10958,#10959));
#11327=CLOSED_SHELL('',(#10960,#10961,#10962,#10963,#10964,#10965,#10966,
#10967,#10968));
#11328=CLOSED_SHELL('',(#10969,#10970,#10971,#10972,#10973,#10974,#10975,
#10976,#10977,#10978,#10979,#10980,#10981,#10982,#10983,#10984,#10985,#10986,
#10987,#10988));
#11329=CLOSED_SHELL('',(#10989,#10990,#10991,#10992));
#11330=CLOSED_SHELL('',(#10993,#10994,#10995,#10996));
#11331=CLOSED_SHELL('',(#10997,#10998,#10999,#11000,#11001,#11002));
#11332=CLOSED_SHELL('',(#11003,#11004,#11005,#11006,#11007,#11008,#11009,
#11010,#11011,#11012,#11013,#11014));
#11333=CLOSED_SHELL('',(#11015,#11016,#11017,#11018,#11019,#11020));
#11334=CLOSED_SHELL('',(#11021,#11022,#11023,#11024,#11025,#11026,#11027,
#11028,#11029,#11030,#11031));
#11335=CLOSED_SHELL('',(#11032,#11033,#11034,#11035,#11036,#11037));
#11336=CLOSED_SHELL('',(#11038,#11039,#11040,#11041,#11042,#11043));
#11337=CLOSED_SHELL('',(#11044,#11045,#11046,#11047,#11048,#11049));
#11338=CLOSED_SHELL('',(#11050,#11051,#11052,#11053,#11054,#11055));
#11339=CLOSED_SHELL('',(#11056,#11057,#11058,#11059,#11060,#11061));
#11340=CLOSED_SHELL('',(#11062,#11063,#11064,#11065,#11066,#11067,#11068,
#11069,#11070,#11071));
#11341=CLOSED_SHELL('',(#11072,#11073,#11074,#11075,#11076,#11077));
#11342=CLOSED_SHELL('',(#11078,#11079,#11080,#11081,#11082,#11083));
#11343=CLOSED_SHELL('',(#11084,#11085,#11086,#11087,#11088,#11089));
#11344=CLOSED_SHELL('',(#11090,#11091,#11092,#11093,#11094,#11095,#11096,
#11097));
#11345=CLOSED_SHELL('',(#11098,#11099,#11100,#11101,#11102,#11103,#11104,
#11105,#11106,#11107));
#11346=CLOSED_SHELL('',(#11108,#11109,#11110,#11111,#11112,#11113,#11114,
#11115,#11116,#11117,#11118,#11119,#11120,#11121,#11122,#11123,#11124,#11125));
#11347=CLOSED_SHELL('',(#11126,#11127,#11128,#11129,#11130,#11131));
#11348=CLOSED_SHELL('',(#11132,#11133,#11134,#11135,#11136,#11137));
#11349=CLOSED_SHELL('',(#11138,#11139,#11140,#11141,#11142,#11143,#11144));
#11350=CLOSED_SHELL('',(#11145,#11146,#11147,#11148,#11149,#11150,#11151));
#11351=CLOSED_SHELL('',(#11152,#11153,#11154,#11155,#11156,#11157,#11158));
#11352=CLOSED_SHELL('',(#11159,#11160,#11161,#11162,#11163,#11164,#11165));
#11353=CLOSED_SHELL('',(#11166,#11167,#11168,#11169,#11170,#11171,#11172));
#11354=CLOSED_SHELL('',(#11173,#11174,#11175,#11176,#11177,#11178,#11179));
#11355=CLOSED_SHELL('',(#11180,#11181,#11182,#11183,#11184,#11185,#11186,
#11187,#11188,#11189,#11190,#11191,#11192,#11193,#11194,#11195,#11196));
#11356=CLOSED_SHELL('',(#11197,#11198,#11199,#11200,#11201,#11202,#11203,
#11204,#11205,#11206,#11207,#11208,#11209,#11210,#11211,#11212,#11213));
#11357=CLOSED_SHELL('',(#11214,#11215,#11216,#11217,#11218,#11219,#11220,
#11221,#11222,#11223,#11224,#11225,#11226,#11227,#11228,#11229,#11230));
#11358=CLOSED_SHELL('',(#11231,#11232,#11233,#11234,#11235,#11236,#11237,
#11238,#11239,#11240,#11241,#11242,#11243,#11244,#11245,#11246,#11247));
#11359=CLOSED_SHELL('',(#11248,#11249,#11250,#11251,#11252,#11253,#11254,
#11255,#11256,#11257,#11258,#11259,#11260,#11261,#11262,#11263,#11264));
#11360=CLOSED_SHELL('',(#11265,#11266,#11267,#11268,#11269,#11270,#11271,
#11272,#11273,#11274,#11275,#11276,#11277,#11278,#11279,#11280,#11281,#11282,
#11283,#11284,#11285,#11286,#11287,#11288,#11289,#11290,#11291,#11292));
#11361=CLOSED_SHELL('',(#11293,#11294,#11295,#11296,#11297,#11298,#11299,
#11300,#11301,#11302));
#11362=DERIVED_UNIT_ELEMENT(#11468,1.);
#11363=DERIVED_UNIT_ELEMENT(#19935,-3.);
#11364=DERIVED_UNIT_ELEMENT(#11468,1.);
#11365=DERIVED_UNIT_ELEMENT(#19935,-3.);
#11366=DERIVED_UNIT_ELEMENT(#11468,1.);
#11367=DERIVED_UNIT_ELEMENT(#19935,-3.);
#11368=DERIVED_UNIT_ELEMENT(#11468,1.);
#11369=DERIVED_UNIT_ELEMENT(#19935,-3.);
#11370=DERIVED_UNIT_ELEMENT(#11468,1.);
#11371=DERIVED_UNIT_ELEMENT(#19935,-3.);
#11372=DERIVED_UNIT_ELEMENT(#11468,1.);
#11373=DERIVED_UNIT_ELEMENT(#19935,-3.);
#11374=DERIVED_UNIT_ELEMENT(#11468,1.);
#11375=DERIVED_UNIT_ELEMENT(#19935,-3.);
#11376=DERIVED_UNIT_ELEMENT(#11468,1.);
#11377=DERIVED_UNIT_ELEMENT(#19935,-3.);
#11378=DERIVED_UNIT_ELEMENT(#11468,1.);
#11379=DERIVED_UNIT_ELEMENT(#19935,-3.);
#11380=DERIVED_UNIT_ELEMENT(#11468,1.);
#11381=DERIVED_UNIT_ELEMENT(#19935,-3.);
#11382=DERIVED_UNIT_ELEMENT(#11468,1.);
#11383=DERIVED_UNIT_ELEMENT(#19935,-3.);
#11384=DERIVED_UNIT_ELEMENT(#11468,1.);
#11385=DERIVED_UNIT_ELEMENT(#19935,-3.);
#11386=DERIVED_UNIT_ELEMENT(#11468,1.);
#11387=DERIVED_UNIT_ELEMENT(#19935,-3.);
#11388=DERIVED_UNIT_ELEMENT(#11468,1.);
#11389=DERIVED_UNIT_ELEMENT(#19935,-3.);
#11390=DERIVED_UNIT_ELEMENT(#11468,1.);
#11391=DERIVED_UNIT_ELEMENT(#19935,-3.);
#11392=DERIVED_UNIT_ELEMENT(#11468,1.);
#11393=DERIVED_UNIT_ELEMENT(#19935,-3.);
#11394=DERIVED_UNIT_ELEMENT(#11468,1.);
#11395=DERIVED_UNIT_ELEMENT(#19935,-3.);
#11396=DERIVED_UNIT_ELEMENT(#11468,1.);
#11397=DERIVED_UNIT_ELEMENT(#19935,-3.);
#11398=DERIVED_UNIT_ELEMENT(#11468,1.);
#11399=DERIVED_UNIT_ELEMENT(#19935,-3.);
#11400=DERIVED_UNIT_ELEMENT(#11468,1.);
#11401=DERIVED_UNIT_ELEMENT(#19935,-3.);
#11402=DERIVED_UNIT_ELEMENT(#11468,1.);
#11403=DERIVED_UNIT_ELEMENT(#19935,-3.);
#11404=DERIVED_UNIT_ELEMENT(#11468,1.);
#11405=DERIVED_UNIT_ELEMENT(#19935,-3.);
#11406=DERIVED_UNIT_ELEMENT(#11468,1.);
#11407=DERIVED_UNIT_ELEMENT(#19935,-3.);
#11408=DERIVED_UNIT_ELEMENT(#11468,1.);
#11409=DERIVED_UNIT_ELEMENT(#19935,-3.);
#11410=DERIVED_UNIT_ELEMENT(#11468,1.);
#11411=DERIVED_UNIT_ELEMENT(#19935,-3.);
#11412=DERIVED_UNIT_ELEMENT(#11468,1.);
#11413=DERIVED_UNIT_ELEMENT(#19935,-3.);
#11414=DERIVED_UNIT_ELEMENT(#11468,1.);
#11415=DERIVED_UNIT_ELEMENT(#19935,-3.);
#11416=DERIVED_UNIT_ELEMENT(#11468,1.);
#11417=DERIVED_UNIT_ELEMENT(#19935,-3.);
#11418=DERIVED_UNIT_ELEMENT(#11468,1.);
#11419=DERIVED_UNIT_ELEMENT(#19935,-3.);
#11420=DERIVED_UNIT_ELEMENT(#11468,1.);
#11421=DERIVED_UNIT_ELEMENT(#19935,-3.);
#11422=DERIVED_UNIT_ELEMENT(#11468,1.);
#11423=DERIVED_UNIT_ELEMENT(#19935,-3.);
#11424=DERIVED_UNIT_ELEMENT(#11468,1.);
#11425=DERIVED_UNIT_ELEMENT(#19935,-3.);
#11426=DERIVED_UNIT_ELEMENT(#11468,1.);
#11427=DERIVED_UNIT_ELEMENT(#19935,-3.);
#11428=DERIVED_UNIT_ELEMENT(#11468,1.);
#11429=DERIVED_UNIT_ELEMENT(#19935,-3.);
#11430=DERIVED_UNIT_ELEMENT(#11468,1.);
#11431=DERIVED_UNIT_ELEMENT(#19935,-3.);
#11432=DERIVED_UNIT_ELEMENT(#11468,1.);
#11433=DERIVED_UNIT_ELEMENT(#19935,-3.);
#11434=DERIVED_UNIT_ELEMENT(#11468,1.);
#11435=DERIVED_UNIT_ELEMENT(#19935,-3.);
#11436=DERIVED_UNIT_ELEMENT(#11468,1.);
#11437=DERIVED_UNIT_ELEMENT(#19935,-3.);
#11438=DERIVED_UNIT_ELEMENT(#11468,1.);
#11439=DERIVED_UNIT_ELEMENT(#19935,-3.);
#11440=DERIVED_UNIT_ELEMENT(#11468,1.);
#11441=DERIVED_UNIT_ELEMENT(#19935,-3.);
#11442=DERIVED_UNIT_ELEMENT(#11468,1.);
#11443=DERIVED_UNIT_ELEMENT(#19935,-3.);
#11444=DERIVED_UNIT_ELEMENT(#11468,1.);
#11445=DERIVED_UNIT_ELEMENT(#19935,-3.);
#11446=DERIVED_UNIT_ELEMENT(#11468,1.);
#11447=DERIVED_UNIT_ELEMENT(#19935,-3.);
#11448=DERIVED_UNIT_ELEMENT(#11468,1.);
#11449=DERIVED_UNIT_ELEMENT(#19935,-3.);
#11450=DERIVED_UNIT_ELEMENT(#11468,1.);
#11451=DERIVED_UNIT_ELEMENT(#19935,-3.);
#11452=DERIVED_UNIT_ELEMENT(#11468,1.);
#11453=DERIVED_UNIT_ELEMENT(#19935,-3.);
#11454=DERIVED_UNIT_ELEMENT(#11468,1.);
#11455=DERIVED_UNIT_ELEMENT(#19935,-3.);
#11456=DERIVED_UNIT_ELEMENT(#11468,1.);
#11457=DERIVED_UNIT_ELEMENT(#19935,-3.);
#11458=DERIVED_UNIT_ELEMENT(#11468,1.);
#11459=DERIVED_UNIT_ELEMENT(#19935,-3.);
#11460=DERIVED_UNIT_ELEMENT(#11468,1.);
#11461=DERIVED_UNIT_ELEMENT(#19935,-3.);
#11462=DERIVED_UNIT_ELEMENT(#11468,1.);
#11463=DERIVED_UNIT_ELEMENT(#19935,-3.);
#11464=DERIVED_UNIT_ELEMENT(#11468,1.);
#11465=DERIVED_UNIT_ELEMENT(#19935,-3.);
#11466=DERIVED_UNIT_ELEMENT(#11468,1.);
#11467=DERIVED_UNIT_ELEMENT(#19935,-3.);
#11468=(
MASS_UNIT()
NAMED_UNIT(*)
SI_UNIT(.KILO.,.GRAM.)
);
#11469=DERIVED_UNIT((#11362,#11363));
#11470=DERIVED_UNIT((#11364,#11365));
#11471=DERIVED_UNIT((#11366,#11367));
#11472=DERIVED_UNIT((#11368,#11369));
#11473=DERIVED_UNIT((#11370,#11371));
#11474=DERIVED_UNIT((#11372,#11373));
#11475=DERIVED_UNIT((#11374,#11375));
#11476=DERIVED_UNIT((#11376,#11377));
#11477=DERIVED_UNIT((#11378,#11379));
#11478=DERIVED_UNIT((#11380,#11381));
#11479=DERIVED_UNIT((#11382,#11383));
#11480=DERIVED_UNIT((#11384,#11385));
#11481=DERIVED_UNIT((#11386,#11387));
#11482=DERIVED_UNIT((#11388,#11389));
#11483=DERIVED_UNIT((#11390,#11391));
#11484=DERIVED_UNIT((#11392,#11393));
#11485=DERIVED_UNIT((#11394,#11395));
#11486=DERIVED_UNIT((#11396,#11397));
#11487=DERIVED_UNIT((#11398,#11399));
#11488=DERIVED_UNIT((#11400,#11401));
#11489=DERIVED_UNIT((#11402,#11403));
#11490=DERIVED_UNIT((#11404,#11405));
#11491=DERIVED_UNIT((#11406,#11407));
#11492=DERIVED_UNIT((#11408,#11409));
#11493=DERIVED_UNIT((#11410,#11411));
#11494=DERIVED_UNIT((#11412,#11413));
#11495=DERIVED_UNIT((#11414,#11415));
#11496=DERIVED_UNIT((#11416,#11417));
#11497=DERIVED_UNIT((#11418,#11419));
#11498=DERIVED_UNIT((#11420,#11421));
#11499=DERIVED_UNIT((#11422,#11423));
#11500=DERIVED_UNIT((#11424,#11425));
#11501=DERIVED_UNIT((#11426,#11427));
#11502=DERIVED_UNIT((#11428,#11429));
#11503=DERIVED_UNIT((#11430,#11431));
#11504=DERIVED_UNIT((#11432,#11433));
#11505=DERIVED_UNIT((#11434,#11435));
#11506=DERIVED_UNIT((#11436,#11437));
#11507=DERIVED_UNIT((#11438,#11439));
#11508=DERIVED_UNIT((#11440,#11441));
#11509=DERIVED_UNIT((#11442,#11443));
#11510=DERIVED_UNIT((#11444,#11445));
#11511=DERIVED_UNIT((#11446,#11447));
#11512=DERIVED_UNIT((#11448,#11449));
#11513=DERIVED_UNIT((#11450,#11451));
#11514=DERIVED_UNIT((#11452,#11453));
#11515=DERIVED_UNIT((#11454,#11455));
#11516=DERIVED_UNIT((#11456,#11457));
#11517=DERIVED_UNIT((#11458,#11459));
#11518=DERIVED_UNIT((#11460,#11461));
#11519=DERIVED_UNIT((#11462,#11463));
#11520=DERIVED_UNIT((#11464,#11465));
#11521=DERIVED_UNIT((#11466,#11467));
#11522=MEASURE_REPRESENTATION_ITEM('density measure',
POSITIVE_RATIO_MEASURE(7850.),#11469);
#11523=MEASURE_REPRESENTATION_ITEM('density measure',
POSITIVE_RATIO_MEASURE(7850.),#11470);
#11524=MEASURE_REPRESENTATION_ITEM('density measure',
POSITIVE_RATIO_MEASURE(7850.),#11471);
#11525=MEASURE_REPRESENTATION_ITEM('density measure',
POSITIVE_RATIO_MEASURE(7850.),#11472);
#11526=MEASURE_REPRESENTATION_ITEM('density measure',
POSITIVE_RATIO_MEASURE(7850.),#11473);
#11527=MEASURE_REPRESENTATION_ITEM('density measure',
POSITIVE_RATIO_MEASURE(7850.),#11474);
#11528=MEASURE_REPRESENTATION_ITEM('density measure',
POSITIVE_RATIO_MEASURE(7850.),#11475);
#11529=MEASURE_REPRESENTATION_ITEM('density measure',
POSITIVE_RATIO_MEASURE(7850.),#11476);
#11530=MEASURE_REPRESENTATION_ITEM('density measure',
POSITIVE_RATIO_MEASURE(7850.),#11477);
#11531=MEASURE_REPRESENTATION_ITEM('density measure',
POSITIVE_RATIO_MEASURE(7850.),#11478);
#11532=MEASURE_REPRESENTATION_ITEM('density measure',
POSITIVE_RATIO_MEASURE(7850.),#11479);
#11533=MEASURE_REPRESENTATION_ITEM('density measure',
POSITIVE_RATIO_MEASURE(7850.),#11480);
#11534=MEASURE_REPRESENTATION_ITEM('density measure',
POSITIVE_RATIO_MEASURE(7850.),#11481);
#11535=MEASURE_REPRESENTATION_ITEM('density measure',
POSITIVE_RATIO_MEASURE(7850.),#11482);
#11536=MEASURE_REPRESENTATION_ITEM('density measure',
POSITIVE_RATIO_MEASURE(7850.),#11483);
#11537=MEASURE_REPRESENTATION_ITEM('density measure',
POSITIVE_RATIO_MEASURE(7850.),#11484);
#11538=MEASURE_REPRESENTATION_ITEM('density measure',
POSITIVE_RATIO_MEASURE(7850.),#11485);
#11539=MEASURE_REPRESENTATION_ITEM('density measure',
POSITIVE_RATIO_MEASURE(7850.),#11486);
#11540=MEASURE_REPRESENTATION_ITEM('density measure',
POSITIVE_RATIO_MEASURE(7850.),#11487);
#11541=MEASURE_REPRESENTATION_ITEM('density measure',
POSITIVE_RATIO_MEASURE(7850.),#11488);
#11542=MEASURE_REPRESENTATION_ITEM('density measure',
POSITIVE_RATIO_MEASURE(7850.),#11489);
#11543=MEASURE_REPRESENTATION_ITEM('density measure',
POSITIVE_RATIO_MEASURE(7850.),#11490);
#11544=MEASURE_REPRESENTATION_ITEM('density measure',
POSITIVE_RATIO_MEASURE(7850.),#11491);
#11545=MEASURE_REPRESENTATION_ITEM('density measure',
POSITIVE_RATIO_MEASURE(7850.),#11492);
#11546=MEASURE_REPRESENTATION_ITEM('density measure',
POSITIVE_RATIO_MEASURE(7850.),#11493);
#11547=MEASURE_REPRESENTATION_ITEM('density measure',
POSITIVE_RATIO_MEASURE(7850.),#11494);
#11548=MEASURE_REPRESENTATION_ITEM('density measure',
POSITIVE_RATIO_MEASURE(7850.),#11495);
#11549=MEASURE_REPRESENTATION_ITEM('density measure',
POSITIVE_RATIO_MEASURE(7850.),#11496);
#11550=MEASURE_REPRESENTATION_ITEM('density measure',
POSITIVE_RATIO_MEASURE(7850.),#11497);
#11551=MEASURE_REPRESENTATION_ITEM('density measure',
POSITIVE_RATIO_MEASURE(7850.),#11498);
#11552=MEASURE_REPRESENTATION_ITEM('density measure',
POSITIVE_RATIO_MEASURE(7850.),#11499);
#11553=MEASURE_REPRESENTATION_ITEM('density measure',
POSITIVE_RATIO_MEASURE(7850.),#11500);
#11554=MEASURE_REPRESENTATION_ITEM('density measure',
POSITIVE_RATIO_MEASURE(7850.),#11501);
#11555=MEASURE_REPRESENTATION_ITEM('density measure',
POSITIVE_RATIO_MEASURE(7850.),#11502);
#11556=MEASURE_REPRESENTATION_ITEM('density measure',
POSITIVE_RATIO_MEASURE(7850.),#11503);
#11557=MEASURE_REPRESENTATION_ITEM('density measure',
POSITIVE_RATIO_MEASURE(7850.),#11504);
#11558=MEASURE_REPRESENTATION_ITEM('density measure',
POSITIVE_RATIO_MEASURE(7850.),#11505);
#11559=MEASURE_REPRESENTATION_ITEM('density measure',
POSITIVE_RATIO_MEASURE(7850.),#11506);
#11560=MEASURE_REPRESENTATION_ITEM('density measure',
POSITIVE_RATIO_MEASURE(7850.),#11507);
#11561=MEASURE_REPRESENTATION_ITEM('density measure',
POSITIVE_RATIO_MEASURE(7850.),#11508);
#11562=MEASURE_REPRESENTATION_ITEM('density measure',
POSITIVE_RATIO_MEASURE(7850.),#11509);
#11563=MEASURE_REPRESENTATION_ITEM('density measure',
POSITIVE_RATIO_MEASURE(7850.),#11510);
#11564=MEASURE_REPRESENTATION_ITEM('density measure',
POSITIVE_RATIO_MEASURE(7850.),#11511);
#11565=MEASURE_REPRESENTATION_ITEM('density measure',
POSITIVE_RATIO_MEASURE(7850.),#11512);
#11566=MEASURE_REPRESENTATION_ITEM('density measure',
POSITIVE_RATIO_MEASURE(7850.),#11513);
#11567=MEASURE_REPRESENTATION_ITEM('density measure',
POSITIVE_RATIO_MEASURE(7850.),#11514);
#11568=MEASURE_REPRESENTATION_ITEM('density measure',
POSITIVE_RATIO_MEASURE(7850.),#11515);
#11569=MEASURE_REPRESENTATION_ITEM('density measure',
POSITIVE_RATIO_MEASURE(7850.),#11516);
#11570=MEASURE_REPRESENTATION_ITEM('density measure',
POSITIVE_RATIO_MEASURE(7850.),#11517);
#11571=MEASURE_REPRESENTATION_ITEM('density measure',
POSITIVE_RATIO_MEASURE(7850.),#11518);
#11572=MEASURE_REPRESENTATION_ITEM('density measure',
POSITIVE_RATIO_MEASURE(7850.),#11519);
#11573=MEASURE_REPRESENTATION_ITEM('density measure',
POSITIVE_RATIO_MEASURE(7850.),#11520);
#11574=MEASURE_REPRESENTATION_ITEM('density measure',
POSITIVE_RATIO_MEASURE(7850.),#11521);
#11575=PROPERTY_DEFINITION_REPRESENTATION(#11840,#11681);
#11576=PROPERTY_DEFINITION_REPRESENTATION(#11841,#11682);
#11577=PROPERTY_DEFINITION_REPRESENTATION(#11842,#11683);
#11578=PROPERTY_DEFINITION_REPRESENTATION(#11843,#11684);
#11579=PROPERTY_DEFINITION_REPRESENTATION(#11844,#11685);
#11580=PROPERTY_DEFINITION_REPRESENTATION(#11845,#11686);
#11581=PROPERTY_DEFINITION_REPRESENTATION(#11846,#11687);
#11582=PROPERTY_DEFINITION_REPRESENTATION(#11847,#11688);
#11583=PROPERTY_DEFINITION_REPRESENTATION(#11848,#11689);
#11584=PROPERTY_DEFINITION_REPRESENTATION(#11849,#11690);
#11585=PROPERTY_DEFINITION_REPRESENTATION(#11850,#11691);
#11586=PROPERTY_DEFINITION_REPRESENTATION(#11851,#11692);
#11587=PROPERTY_DEFINITION_REPRESENTATION(#11852,#11693);
#11588=PROPERTY_DEFINITION_REPRESENTATION(#11853,#11694);
#11589=PROPERTY_DEFINITION_REPRESENTATION(#11854,#11695);
#11590=PROPERTY_DEFINITION_REPRESENTATION(#11855,#11696);
#11591=PROPERTY_DEFINITION_REPRESENTATION(#11856,#11697);
#11592=PROPERTY_DEFINITION_REPRESENTATION(#11857,#11698);
#11593=PROPERTY_DEFINITION_REPRESENTATION(#11858,#11699);
#11594=PROPERTY_DEFINITION_REPRESENTATION(#11859,#11700);
#11595=PROPERTY_DEFINITION_REPRESENTATION(#11860,#11701);
#11596=PROPERTY_DEFINITION_REPRESENTATION(#11861,#11702);
#11597=PROPERTY_DEFINITION_REPRESENTATION(#11862,#11703);
#11598=PROPERTY_DEFINITION_REPRESENTATION(#11863,#11704);
#11599=PROPERTY_DEFINITION_REPRESENTATION(#11864,#11705);
#11600=PROPERTY_DEFINITION_REPRESENTATION(#11865,#11706);
#11601=PROPERTY_DEFINITION_REPRESENTATION(#11866,#11707);
#11602=PROPERTY_DEFINITION_REPRESENTATION(#11867,#11708);
#11603=PROPERTY_DEFINITION_REPRESENTATION(#11868,#11709);
#11604=PROPERTY_DEFINITION_REPRESENTATION(#11869,#11710);
#11605=PROPERTY_DEFINITION_REPRESENTATION(#11870,#11711);
#11606=PROPERTY_DEFINITION_REPRESENTATION(#11871,#11712);
#11607=PROPERTY_DEFINITION_REPRESENTATION(#11872,#11713);
#11608=PROPERTY_DEFINITION_REPRESENTATION(#11873,#11714);
#11609=PROPERTY_DEFINITION_REPRESENTATION(#11874,#11715);
#11610=PROPERTY_DEFINITION_REPRESENTATION(#11875,#11716);
#11611=PROPERTY_DEFINITION_REPRESENTATION(#11876,#11717);
#11612=PROPERTY_DEFINITION_REPRESENTATION(#11877,#11718);
#11613=PROPERTY_DEFINITION_REPRESENTATION(#11878,#11719);
#11614=PROPERTY_DEFINITION_REPRESENTATION(#11879,#11720);
#11615=PROPERTY_DEFINITION_REPRESENTATION(#11880,#11721);
#11616=PROPERTY_DEFINITION_REPRESENTATION(#11881,#11722);
#11617=PROPERTY_DEFINITION_REPRESENTATION(#11882,#11723);
#11618=PROPERTY_DEFINITION_REPRESENTATION(#11883,#11724);
#11619=PROPERTY_DEFINITION_REPRESENTATION(#11884,#11725);
#11620=PROPERTY_DEFINITION_REPRESENTATION(#11885,#11726);
#11621=PROPERTY_DEFINITION_REPRESENTATION(#11886,#11727);
#11622=PROPERTY_DEFINITION_REPRESENTATION(#11887,#11728);
#11623=PROPERTY_DEFINITION_REPRESENTATION(#11888,#11729);
#11624=PROPERTY_DEFINITION_REPRESENTATION(#11889,#11730);
#11625=PROPERTY_DEFINITION_REPRESENTATION(#11890,#11731);
#11626=PROPERTY_DEFINITION_REPRESENTATION(#11891,#11732);
#11627=PROPERTY_DEFINITION_REPRESENTATION(#11892,#11733);
#11628=PROPERTY_DEFINITION_REPRESENTATION(#11893,#11734);
#11629=PROPERTY_DEFINITION_REPRESENTATION(#11894,#11735);
#11630=PROPERTY_DEFINITION_REPRESENTATION(#11895,#11736);
#11631=PROPERTY_DEFINITION_REPRESENTATION(#11896,#11737);
#11632=PROPERTY_DEFINITION_REPRESENTATION(#11897,#11738);
#11633=PROPERTY_DEFINITION_REPRESENTATION(#11898,#11739);
#11634=PROPERTY_DEFINITION_REPRESENTATION(#11899,#11740);
#11635=PROPERTY_DEFINITION_REPRESENTATION(#11900,#11741);
#11636=PROPERTY_DEFINITION_REPRESENTATION(#11901,#11742);
#11637=PROPERTY_DEFINITION_REPRESENTATION(#11902,#11743);
#11638=PROPERTY_DEFINITION_REPRESENTATION(#11903,#11744);
#11639=PROPERTY_DEFINITION_REPRESENTATION(#11904,#11745);
#11640=PROPERTY_DEFINITION_REPRESENTATION(#11905,#11746);
#11641=PROPERTY_DEFINITION_REPRESENTATION(#11906,#11747);
#11642=PROPERTY_DEFINITION_REPRESENTATION(#11907,#11748);
#11643=PROPERTY_DEFINITION_REPRESENTATION(#11908,#11749);
#11644=PROPERTY_DEFINITION_REPRESENTATION(#11909,#11750);
#11645=PROPERTY_DEFINITION_REPRESENTATION(#11910,#11751);
#11646=PROPERTY_DEFINITION_REPRESENTATION(#11911,#11752);
#11647=PROPERTY_DEFINITION_REPRESENTATION(#11912,#11753);
#11648=PROPERTY_DEFINITION_REPRESENTATION(#11913,#11754);
#11649=PROPERTY_DEFINITION_REPRESENTATION(#11914,#11755);
#11650=PROPERTY_DEFINITION_REPRESENTATION(#11915,#11756);
#11651=PROPERTY_DEFINITION_REPRESENTATION(#11916,#11757);
#11652=PROPERTY_DEFINITION_REPRESENTATION(#11917,#11758);
#11653=PROPERTY_DEFINITION_REPRESENTATION(#11918,#11759);
#11654=PROPERTY_DEFINITION_REPRESENTATION(#11919,#11760);
#11655=PROPERTY_DEFINITION_REPRESENTATION(#11920,#11761);
#11656=PROPERTY_DEFINITION_REPRESENTATION(#11921,#11762);
#11657=PROPERTY_DEFINITION_REPRESENTATION(#11922,#11763);
#11658=PROPERTY_DEFINITION_REPRESENTATION(#11923,#11764);
#11659=PROPERTY_DEFINITION_REPRESENTATION(#11924,#11765);
#11660=PROPERTY_DEFINITION_REPRESENTATION(#11925,#11766);
#11661=PROPERTY_DEFINITION_REPRESENTATION(#11926,#11767);
#11662=PROPERTY_DEFINITION_REPRESENTATION(#11927,#11768);
#11663=PROPERTY_DEFINITION_REPRESENTATION(#11928,#11769);
#11664=PROPERTY_DEFINITION_REPRESENTATION(#11929,#11770);
#11665=PROPERTY_DEFINITION_REPRESENTATION(#11930,#11771);
#11666=PROPERTY_DEFINITION_REPRESENTATION(#11931,#11772);
#11667=PROPERTY_DEFINITION_REPRESENTATION(#11932,#11773);
#11668=PROPERTY_DEFINITION_REPRESENTATION(#11933,#11774);
#11669=PROPERTY_DEFINITION_REPRESENTATION(#11934,#11775);
#11670=PROPERTY_DEFINITION_REPRESENTATION(#11935,#11776);
#11671=PROPERTY_DEFINITION_REPRESENTATION(#11936,#11777);
#11672=PROPERTY_DEFINITION_REPRESENTATION(#11937,#11778);
#11673=PROPERTY_DEFINITION_REPRESENTATION(#11938,#11779);
#11674=PROPERTY_DEFINITION_REPRESENTATION(#11939,#11780);
#11675=PROPERTY_DEFINITION_REPRESENTATION(#11940,#11781);
#11676=PROPERTY_DEFINITION_REPRESENTATION(#11941,#11782);
#11677=PROPERTY_DEFINITION_REPRESENTATION(#11942,#11783);
#11678=PROPERTY_DEFINITION_REPRESENTATION(#11943,#11784);
#11679=PROPERTY_DEFINITION_REPRESENTATION(#11944,#11785);
#11680=PROPERTY_DEFINITION_REPRESENTATION(#11945,#11786);
#11681=REPRESENTATION('material name',(#11787),#19874);
#11682=REPRESENTATION('density',(#11522),#19874);
#11683=REPRESENTATION('material name',(#11788),#19875);
#11684=REPRESENTATION('density',(#11523),#19875);
#11685=REPRESENTATION('material name',(#11789),#19876);
#11686=REPRESENTATION('density',(#11524),#19876);
#11687=REPRESENTATION('material name',(#11790),#19877);
#11688=REPRESENTATION('density',(#11525),#19877);
#11689=REPRESENTATION('material name',(#11791),#19878);
#11690=REPRESENTATION('density',(#11526),#19878);
#11691=REPRESENTATION('material name',(#11792),#19879);
#11692=REPRESENTATION('density',(#11527),#19879);
#11693=REPRESENTATION('material name',(#11793),#19880);
#11694=REPRESENTATION('density',(#11528),#19880);
#11695=REPRESENTATION('material name',(#11794),#19882);
#11696=REPRESENTATION('density',(#11529),#19882);
#11697=REPRESENTATION('material name',(#11795),#19883);
#11698=REPRESENTATION('density',(#11530),#19883);
#11699=REPRESENTATION('material name',(#11796),#19884);
#11700=REPRESENTATION('density',(#11531),#19884);
#11701=REPRESENTATION('material name',(#11797),#19885);
#11702=REPRESENTATION('density',(#11532),#19885);
#11703=REPRESENTATION('material name',(#11798),#19886);
#11704=REPRESENTATION('density',(#11533),#19886);
#11705=REPRESENTATION('material name',(#11799),#19887);
#11706=REPRESENTATION('density',(#11534),#19887);
#11707=REPRESENTATION('material name',(#11800),#19888);
#11708=REPRESENTATION('density',(#11535),#19888);
#11709=REPRESENTATION('material name',(#11801),#19889);
#11710=REPRESENTATION('density',(#11536),#19889);
#11711=REPRESENTATION('material name',(#11802),#19890);
#11712=REPRESENTATION('density',(#11537),#19890);
#11713=REPRESENTATION('material name',(#11803),#19891);
#11714=REPRESENTATION('density',(#11538),#19891);
#11715=REPRESENTATION('material name',(#11804),#19893);
#11716=REPRESENTATION('density',(#11539),#19893);
#11717=REPRESENTATION('material name',(#11805),#19894);
#11718=REPRESENTATION('density',(#11540),#19894);
#11719=REPRESENTATION('material name',(#11806),#19895);
#11720=REPRESENTATION('density',(#11541),#19895);
#11721=REPRESENTATION('material name',(#11807),#19896);
#11722=REPRESENTATION('density',(#11542),#19896);
#11723=REPRESENTATION('material name',(#11808),#19897);
#11724=REPRESENTATION('density',(#11543),#19897);
#11725=REPRESENTATION('material name',(#11809),#19898);
#11726=REPRESENTATION('density',(#11544),#19898);
#11727=REPRESENTATION('material name',(#11810),#19899);
#11728=REPRESENTATION('density',(#11545),#19899);
#11729=REPRESENTATION('material name',(#11811),#19900);
#11730=REPRESENTATION('density',(#11546),#19900);
#11731=REPRESENTATION('material name',(#11812),#19901);
#11732=REPRESENTATION('density',(#11547),#19901);
#11733=REPRESENTATION('material name',(#11813),#19903);
#11734=REPRESENTATION('density',(#11548),#19903);
#11735=REPRESENTATION('material name',(#11814),#19904);
#11736=REPRESENTATION('density',(#11549),#19904);
#11737=REPRESENTATION('material name',(#11815),#19905);
#11738=REPRESENTATION('density',(#11550),#19905);
#11739=REPRESENTATION('material name',(#11816),#19907);
#11740=REPRESENTATION('density',(#11551),#19907);
#11741=REPRESENTATION('material name',(#11817),#19908);
#11742=REPRESENTATION('density',(#11552),#19908);
#11743=REPRESENTATION('material name',(#11818),#19909);
#11744=REPRESENTATION('density',(#11553),#19909);
#11745=REPRESENTATION('material name',(#11819),#19910);
#11746=REPRESENTATION('density',(#11554),#19910);
#11747=REPRESENTATION('material name',(#11820),#19911);
#11748=REPRESENTATION('density',(#11555),#19911);
#11749=REPRESENTATION('material name',(#11821),#19912);
#11750=REPRESENTATION('density',(#11556),#19912);
#11751=REPRESENTATION('material name',(#11822),#19913);
#11752=REPRESENTATION('density',(#11557),#19913);
#11753=REPRESENTATION('material name',(#11823),#19915);
#11754=REPRESENTATION('density',(#11558),#19915);
#11755=REPRESENTATION('material name',(#11824),#19917);
#11756=REPRESENTATION('density',(#11559),#19917);
#11757=REPRESENTATION('material name',(#11825),#19918);
#11758=REPRESENTATION('density',(#11560),#19918);
#11759=REPRESENTATION('material name',(#11826),#19919);
#11760=REPRESENTATION('density',(#11561),#19919);
#11761=REPRESENTATION('material name',(#11827),#19920);
#11762=REPRESENTATION('density',(#11562),#19920);
#11763=REPRESENTATION('material name',(#11828),#19921);
#11764=REPRESENTATION('density',(#11563),#19921);
#11765=REPRESENTATION('material name',(#11829),#19922);
#11766=REPRESENTATION('density',(#11564),#19922);
#11767=REPRESENTATION('material name',(#11830),#19923);
#11768=REPRESENTATION('density',(#11565),#19923);
#11769=REPRESENTATION('material name',(#11831),#19924);
#11770=REPRESENTATION('density',(#11566),#19924);
#11771=REPRESENTATION('material name',(#11832),#19925);
#11772=REPRESENTATION('density',(#11567),#19925);
#11773=REPRESENTATION('material name',(#11833),#19926);
#11774=REPRESENTATION('density',(#11568),#19926);
#11775=REPRESENTATION('material name',(#11834),#19927);
#11776=REPRESENTATION('density',(#11569),#19927);
#11777=REPRESENTATION('material name',(#11835),#19928);
#11778=REPRESENTATION('density',(#11570),#19928);
#11779=REPRESENTATION('material name',(#11836),#19929);
#11780=REPRESENTATION('density',(#11571),#19929);
#11781=REPRESENTATION('material name',(#11837),#19930);
#11782=REPRESENTATION('density',(#11572),#19930);
#11783=REPRESENTATION('material name',(#11838),#19931);
#11784=REPRESENTATION('density',(#11573),#19931);
#11785=REPRESENTATION('material name',(#11839),#19932);
#11786=REPRESENTATION('density',(#11574),#19932);
#11787=DESCRIPTIVE_REPRESENTATION_ITEM('Steel','Steel');
#11788=DESCRIPTIVE_REPRESENTATION_ITEM('Steel','Steel');
#11789=DESCRIPTIVE_REPRESENTATION_ITEM('Steel','Steel');
#11790=DESCRIPTIVE_REPRESENTATION_ITEM('Steel','Steel');
#11791=DESCRIPTIVE_REPRESENTATION_ITEM('Steel','Steel');
#11792=DESCRIPTIVE_REPRESENTATION_ITEM('Steel','Steel');
#11793=DESCRIPTIVE_REPRESENTATION_ITEM('Steel','Steel');
#11794=DESCRIPTIVE_REPRESENTATION_ITEM('Steel','Steel');
#11795=DESCRIPTIVE_REPRESENTATION_ITEM('Steel','Steel');
#11796=DESCRIPTIVE_REPRESENTATION_ITEM('Steel','Steel');
#11797=DESCRIPTIVE_REPRESENTATION_ITEM('Steel','Steel');
#11798=DESCRIPTIVE_REPRESENTATION_ITEM('Steel','Steel');
#11799=DESCRIPTIVE_REPRESENTATION_ITEM('Steel','Steel');
#11800=DESCRIPTIVE_REPRESENTATION_ITEM('Steel','Steel');
#11801=DESCRIPTIVE_REPRESENTATION_ITEM('Steel','Steel');
#11802=DESCRIPTIVE_REPRESENTATION_ITEM('Steel','Steel');
#11803=DESCRIPTIVE_REPRESENTATION_ITEM('Steel','Steel');
#11804=DESCRIPTIVE_REPRESENTATION_ITEM('Steel','Steel');
#11805=DESCRIPTIVE_REPRESENTATION_ITEM('Steel','Steel');
#11806=DESCRIPTIVE_REPRESENTATION_ITEM('Steel','Steel');
#11807=DESCRIPTIVE_REPRESENTATION_ITEM('Steel','Steel');
#11808=DESCRIPTIVE_REPRESENTATION_ITEM('Steel','Steel');
#11809=DESCRIPTIVE_REPRESENTATION_ITEM('Steel','Steel');
#11810=DESCRIPTIVE_REPRESENTATION_ITEM('Steel','Steel');
#11811=DESCRIPTIVE_REPRESENTATION_ITEM('Steel','Steel');
#11812=DESCRIPTIVE_REPRESENTATION_ITEM('Steel','Steel');
#11813=DESCRIPTIVE_REPRESENTATION_ITEM('Steel','Steel');
#11814=DESCRIPTIVE_REPRESENTATION_ITEM('Steel','Steel');
#11815=DESCRIPTIVE_REPRESENTATION_ITEM('Steel','Steel');
#11816=DESCRIPTIVE_REPRESENTATION_ITEM('Steel','Steel');
#11817=DESCRIPTIVE_REPRESENTATION_ITEM('Steel','Steel');
#11818=DESCRIPTIVE_REPRESENTATION_ITEM('Steel','Steel');
#11819=DESCRIPTIVE_REPRESENTATION_ITEM('Steel','Steel');
#11820=DESCRIPTIVE_REPRESENTATION_ITEM('Steel','Steel');
#11821=DESCRIPTIVE_REPRESENTATION_ITEM('Steel','Steel');
#11822=DESCRIPTIVE_REPRESENTATION_ITEM('Steel','Steel');
#11823=DESCRIPTIVE_REPRESENTATION_ITEM('Steel','Steel');
#11824=DESCRIPTIVE_REPRESENTATION_ITEM('Steel','Steel');
#11825=DESCRIPTIVE_REPRESENTATION_ITEM('Steel','Steel');
#11826=DESCRIPTIVE_REPRESENTATION_ITEM('Steel','Steel');
#11827=DESCRIPTIVE_REPRESENTATION_ITEM('Steel','Steel');
#11828=DESCRIPTIVE_REPRESENTATION_ITEM('Steel','Steel');
#11829=DESCRIPTIVE_REPRESENTATION_ITEM('Steel','Steel');
#11830=DESCRIPTIVE_REPRESENTATION_ITEM('Steel','Steel');
#11831=DESCRIPTIVE_REPRESENTATION_ITEM('Steel','Steel');
#11832=DESCRIPTIVE_REPRESENTATION_ITEM('Steel','Steel');
#11833=DESCRIPTIVE_REPRESENTATION_ITEM('Steel','Steel');
#11834=DESCRIPTIVE_REPRESENTATION_ITEM('Steel','Steel');
#11835=DESCRIPTIVE_REPRESENTATION_ITEM('Steel','Steel');
#11836=DESCRIPTIVE_REPRESENTATION_ITEM('Steel','Steel');
#11837=DESCRIPTIVE_REPRESENTATION_ITEM('Steel','Steel');
#11838=DESCRIPTIVE_REPRESENTATION_ITEM('Steel','Steel');
#11839=DESCRIPTIVE_REPRESENTATION_ITEM('Steel','Steel');
#11840=PROPERTY_DEFINITION('material property','material name',#20184);
#11841=PROPERTY_DEFINITION('material property','density of part',#20184);
#11842=PROPERTY_DEFINITION('material property','material name',#20185);
#11843=PROPERTY_DEFINITION('material property','density of part',#20185);
#11844=PROPERTY_DEFINITION('material property','material name',#20186);
#11845=PROPERTY_DEFINITION('material property','density of part',#20186);
#11846=PROPERTY_DEFINITION('material property','material name',#20187);
#11847=PROPERTY_DEFINITION('material property','density of part',#20187);
#11848=PROPERTY_DEFINITION('material property','material name',#20188);
#11849=PROPERTY_DEFINITION('material property','density of part',#20188);
#11850=PROPERTY_DEFINITION('material property','material name',#20189);
#11851=PROPERTY_DEFINITION('material property','density of part',#20189);
#11852=PROPERTY_DEFINITION('material property','material name',#20190);
#11853=PROPERTY_DEFINITION('material property','density of part',#20190);
#11854=PROPERTY_DEFINITION('material property','material name',#20192);
#11855=PROPERTY_DEFINITION('material property','density of part',#20192);
#11856=PROPERTY_DEFINITION('material property','material name',#20193);
#11857=PROPERTY_DEFINITION('material property','density of part',#20193);
#11858=PROPERTY_DEFINITION('material property','material name',#20194);
#11859=PROPERTY_DEFINITION('material property','density of part',#20194);
#11860=PROPERTY_DEFINITION('material property','material name',#20195);
#11861=PROPERTY_DEFINITION('material property','density of part',#20195);
#11862=PROPERTY_DEFINITION('material property','material name',#20196);
#11863=PROPERTY_DEFINITION('material property','density of part',#20196);
#11864=PROPERTY_DEFINITION('material property','material name',#20197);
#11865=PROPERTY_DEFINITION('material property','density of part',#20197);
#11866=PROPERTY_DEFINITION('material property','material name',#20198);
#11867=PROPERTY_DEFINITION('material property','density of part',#20198);
#11868=PROPERTY_DEFINITION('material property','material name',#20199);
#11869=PROPERTY_DEFINITION('material property','density of part',#20199);
#11870=PROPERTY_DEFINITION('material property','material name',#20200);
#11871=PROPERTY_DEFINITION('material property','density of part',#20200);
#11872=PROPERTY_DEFINITION('material property','material name',#20201);
#11873=PROPERTY_DEFINITION('material property','density of part',#20201);
#11874=PROPERTY_DEFINITION('material property','material name',#20203);
#11875=PROPERTY_DEFINITION('material property','density of part',#20203);
#11876=PROPERTY_DEFINITION('material property','material name',#20204);
#11877=PROPERTY_DEFINITION('material property','density of part',#20204);
#11878=PROPERTY_DEFINITION('material property','material name',#20205);
#11879=PROPERTY_DEFINITION('material property','density of part',#20205);
#11880=PROPERTY_DEFINITION('material property','material name',#20206);
#11881=PROPERTY_DEFINITION('material property','density of part',#20206);
#11882=PROPERTY_DEFINITION('material property','material name',#20207);
#11883=PROPERTY_DEFINITION('material property','density of part',#20207);
#11884=PROPERTY_DEFINITION('material property','material name',#20208);
#11885=PROPERTY_DEFINITION('material property','density of part',#20208);
#11886=PROPERTY_DEFINITION('material property','material name',#20209);
#11887=PROPERTY_DEFINITION('material property','density of part',#20209);
#11888=PROPERTY_DEFINITION('material property','material name',#20210);
#11889=PROPERTY_DEFINITION('material property','density of part',#20210);
#11890=PROPERTY_DEFINITION('material property','material name',#20211);
#11891=PROPERTY_DEFINITION('material property','density of part',#20211);
#11892=PROPERTY_DEFINITION('material property','material name',#20213);
#11893=PROPERTY_DEFINITION('material property','density of part',#20213);
#11894=PROPERTY_DEFINITION('material property','material name',#20214);
#11895=PROPERTY_DEFINITION('material property','density of part',#20214);
#11896=PROPERTY_DEFINITION('material property','material name',#20215);
#11897=PROPERTY_DEFINITION('material property','density of part',#20215);
#11898=PROPERTY_DEFINITION('material property','material name',#20217);
#11899=PROPERTY_DEFINITION('material property','density of part',#20217);
#11900=PROPERTY_DEFINITION('material property','material name',#20218);
#11901=PROPERTY_DEFINITION('material property','density of part',#20218);
#11902=PROPERTY_DEFINITION('material property','material name',#20219);
#11903=PROPERTY_DEFINITION('material property','density of part',#20219);
#11904=PROPERTY_DEFINITION('material property','material name',#20220);
#11905=PROPERTY_DEFINITION('material property','density of part',#20220);
#11906=PROPERTY_DEFINITION('material property','material name',#20221);
#11907=PROPERTY_DEFINITION('material property','density of part',#20221);
#11908=PROPERTY_DEFINITION('material property','material name',#20222);
#11909=PROPERTY_DEFINITION('material property','density of part',#20222);
#11910=PROPERTY_DEFINITION('material property','material name',#20223);
#11911=PROPERTY_DEFINITION('material property','density of part',#20223);
#11912=PROPERTY_DEFINITION('material property','material name',#20225);
#11913=PROPERTY_DEFINITION('material property','density of part',#20225);
#11914=PROPERTY_DEFINITION('material property','material name',#20227);
#11915=PROPERTY_DEFINITION('material property','density of part',#20227);
#11916=PROPERTY_DEFINITION('material property','material name',#20228);
#11917=PROPERTY_DEFINITION('material property','density of part',#20228);
#11918=PROPERTY_DEFINITION('material property','material name',#20229);
#11919=PROPERTY_DEFINITION('material property','density of part',#20229);
#11920=PROPERTY_DEFINITION('material property','material name',#20230);
#11921=PROPERTY_DEFINITION('material property','density of part',#20230);
#11922=PROPERTY_DEFINITION('material property','material name',#20231);
#11923=PROPERTY_DEFINITION('material property','density of part',#20231);
#11924=PROPERTY_DEFINITION('material property','material name',#20232);
#11925=PROPERTY_DEFINITION('material property','density of part',#20232);
#11926=PROPERTY_DEFINITION('material property','material name',#20233);
#11927=PROPERTY_DEFINITION('material property','density of part',#20233);
#11928=PROPERTY_DEFINITION('material property','material name',#20234);
#11929=PROPERTY_DEFINITION('material property','density of part',#20234);
#11930=PROPERTY_DEFINITION('material property','material name',#20235);
#11931=PROPERTY_DEFINITION('material property','density of part',#20235);
#11932=PROPERTY_DEFINITION('material property','material name',#20236);
#11933=PROPERTY_DEFINITION('material property','density of part',#20236);
#11934=PROPERTY_DEFINITION('material property','material name',#20237);
#11935=PROPERTY_DEFINITION('material property','density of part',#20237);
#11936=PROPERTY_DEFINITION('material property','material name',#20238);
#11937=PROPERTY_DEFINITION('material property','density of part',#20238);
#11938=PROPERTY_DEFINITION('material property','material name',#20239);
#11939=PROPERTY_DEFINITION('material property','density of part',#20239);
#11940=PROPERTY_DEFINITION('material property','material name',#20240);
#11941=PROPERTY_DEFINITION('material property','density of part',#20240);
#11942=PROPERTY_DEFINITION('material property','material name',#20241);
#11943=PROPERTY_DEFINITION('material property','density of part',#20241);
#11944=PROPERTY_DEFINITION('material property','material name',#20242);
#11945=PROPERTY_DEFINITION('material property','density of part',#20242);
#11946=AXIS2_PLACEMENT_3D('',#16272,#13030,#13031);
#11947=AXIS2_PLACEMENT_3D('',#16273,#13032,#13033);
#11948=AXIS2_PLACEMENT_3D('',#16274,#13034,#13035);
#11949=AXIS2_PLACEMENT_3D('',#16275,#13036,#13037);
#11950=AXIS2_PLACEMENT_3D('',#16277,#13038,#13039);
#11951=AXIS2_PLACEMENT_3D('',#16280,#13041,#13042);
#11952=AXIS2_PLACEMENT_3D('',#16281,#13043,#13044);
#11953=AXIS2_PLACEMENT_3D('',#16283,#13045,#13046);
#11954=AXIS2_PLACEMENT_3D('',#16286,#13048,#13049);
#11955=AXIS2_PLACEMENT_3D('',#16287,#13050,#13051);
#11956=AXIS2_PLACEMENT_3D('',#16289,#13052,#13053);
#11957=AXIS2_PLACEMENT_3D('',#16292,#13055,#13056);
#11958=AXIS2_PLACEMENT_3D('',#16293,#13057,#13058);
#11959=AXIS2_PLACEMENT_3D('',#16295,#13059,#13060);
#11960=AXIS2_PLACEMENT_3D('',#16298,#13062,#13063);
#11961=AXIS2_PLACEMENT_3D('',#16299,#13064,#13065);
#11962=AXIS2_PLACEMENT_3D('',#16301,#13066,#13067);
#11963=AXIS2_PLACEMENT_3D('',#16304,#13069,#13070);
#11964=AXIS2_PLACEMENT_3D('',#16305,#13071,#13072);
#11965=AXIS2_PLACEMENT_3D('',#16307,#13073,#13074);
#11966=AXIS2_PLACEMENT_3D('',#16310,#13076,#13077);
#11967=AXIS2_PLACEMENT_3D('',#16311,#13078,#13079);
#11968=AXIS2_PLACEMENT_3D('',#16313,#13080,#13081);
#11969=AXIS2_PLACEMENT_3D('',#16316,#13083,#13084);
#11970=AXIS2_PLACEMENT_3D('',#16317,#13085,#13086);
#11971=AXIS2_PLACEMENT_3D('',#16319,#13087,#13088);
#11972=AXIS2_PLACEMENT_3D('',#16322,#13090,#13091);
#11973=AXIS2_PLACEMENT_3D('',#16323,#13092,#13093);
#11974=AXIS2_PLACEMENT_3D('',#16325,#13094,#13095);
#11975=AXIS2_PLACEMENT_3D('',#16328,#13097,#13098);
#11976=AXIS2_PLACEMENT_3D('',#16329,#13099,#13100);
#11977=AXIS2_PLACEMENT_3D('',#16331,#13101,#13102);
#11978=AXIS2_PLACEMENT_3D('',#16334,#13104,#13105);
#11979=AXIS2_PLACEMENT_3D('',#16335,#13106,#13107);
#11980=AXIS2_PLACEMENT_3D('',#16337,#13108,#13109);
#11981=AXIS2_PLACEMENT_3D('',#16340,#13111,#13112);
#11982=AXIS2_PLACEMENT_3D('',#16341,#13113,#13114);
#11983=AXIS2_PLACEMENT_3D('',#16343,#13115,#13116);
#11984=AXIS2_PLACEMENT_3D('',#16346,#13118,#13119);
#11985=AXIS2_PLACEMENT_3D('',#16347,#13120,#13121);
#11986=AXIS2_PLACEMENT_3D('',#16356,#13126,#13127);
#11987=AXIS2_PLACEMENT_3D('',#16365,#13132,#13133);
#11988=AXIS2_PLACEMENT_3D('',#16368,#13136,#13137);
#11989=AXIS2_PLACEMENT_3D('',#16371,#13140,#13141);
#11990=AXIS2_PLACEMENT_3D('',#16380,#13146,#13147);
#11991=AXIS2_PLACEMENT_3D('',#16389,#13152,#13153);
#11992=AXIS2_PLACEMENT_3D('',#16392,#13156,#13157);
#11993=AXIS2_PLACEMENT_3D('',#16395,#13160,#13161);
#11994=AXIS2_PLACEMENT_3D('',#16404,#13166,#13167);
#11995=AXIS2_PLACEMENT_3D('',#16413,#13172,#13173);
#11996=AXIS2_PLACEMENT_3D('',#16416,#13176,#13177);
#11997=AXIS2_PLACEMENT_3D('',#16419,#13180,#13181);
#11998=AXIS2_PLACEMENT_3D('',#16428,#13186,#13187);
#11999=AXIS2_PLACEMENT_3D('',#16437,#13192,#13193);
#12000=AXIS2_PLACEMENT_3D('',#16440,#13196,#13197);
#12001=AXIS2_PLACEMENT_3D('',#16443,#13200,#13201);
#12002=AXIS2_PLACEMENT_3D('',#16445,#13202,#13203);
#12003=AXIS2_PLACEMENT_3D('',#16448,#13205,#13206);
#12004=AXIS2_PLACEMENT_3D('',#16449,#13207,#13208);
#12005=AXIS2_PLACEMENT_3D('',#16451,#13209,#13210);
#12006=AXIS2_PLACEMENT_3D('',#16454,#13212,#13213);
#12007=AXIS2_PLACEMENT_3D('',#16455,#13214,#13215);
#12008=AXIS2_PLACEMENT_3D('',#16457,#13216,#13217);
#12009=AXIS2_PLACEMENT_3D('',#16460,#13219,#13220);
#12010=AXIS2_PLACEMENT_3D('',#16461,#13221,#13222);
#12011=AXIS2_PLACEMENT_3D('',#16463,#13223,#13224);
#12012=AXIS2_PLACEMENT_3D('',#16466,#13226,#13227);
#12013=AXIS2_PLACEMENT_3D('',#16467,#13228,#13229);
#12014=AXIS2_PLACEMENT_3D('',#16469,#13230,#13231);
#12015=AXIS2_PLACEMENT_3D('',#16472,#13233,#13234);
#12016=AXIS2_PLACEMENT_3D('',#16473,#13235,#13236);
#12017=AXIS2_PLACEMENT_3D('',#16475,#13237,#13238);
#12018=AXIS2_PLACEMENT_3D('',#16478,#13240,#13241);
#12019=AXIS2_PLACEMENT_3D('',#16479,#13242,#13243);
#12020=AXIS2_PLACEMENT_3D('',#16481,#13244,#13245);
#12021=AXIS2_PLACEMENT_3D('',#16484,#13247,#13248);
#12022=AXIS2_PLACEMENT_3D('',#16485,#13249,#13250);
#12023=AXIS2_PLACEMENT_3D('',#16487,#13251,#13252);
#12024=AXIS2_PLACEMENT_3D('',#16490,#13254,#13255);
#12025=AXIS2_PLACEMENT_3D('',#16491,#13256,#13257);
#12026=AXIS2_PLACEMENT_3D('',#16493,#13258,#13259);
#12027=AXIS2_PLACEMENT_3D('',#16496,#13261,#13262);
#12028=AXIS2_PLACEMENT_3D('',#16497,#13263,#13264);
#12029=AXIS2_PLACEMENT_3D('',#16499,#13265,#13266);
#12030=AXIS2_PLACEMENT_3D('',#16502,#13268,#13269);
#12031=AXIS2_PLACEMENT_3D('',#16503,#13270,#13271);
#12032=AXIS2_PLACEMENT_3D('',#16505,#13272,#13273);
#12033=AXIS2_PLACEMENT_3D('',#16508,#13275,#13276);
#12034=AXIS2_PLACEMENT_3D('',#16509,#13277,#13278);
#12035=AXIS2_PLACEMENT_3D('',#16511,#13279,#13280);
#12036=AXIS2_PLACEMENT_3D('',#16514,#13282,#13283);
#12037=AXIS2_PLACEMENT_3D('',#16515,#13284,#13285);
#12038=AXIS2_PLACEMENT_3D('',#16517,#13286,#13287);
#12039=AXIS2_PLACEMENT_3D('',#16520,#13289,#13290);
#12040=AXIS2_PLACEMENT_3D('',#16521,#13291,#13292);
#12041=AXIS2_PLACEMENT_3D('',#16523,#13293,#13294);
#12042=AXIS2_PLACEMENT_3D('',#16526,#13296,#13297);
#12043=AXIS2_PLACEMENT_3D('',#16527,#13298,#13299);
#12044=AXIS2_PLACEMENT_3D('',#16529,#13300,#13301);
#12045=AXIS2_PLACEMENT_3D('',#16532,#13303,#13304);
#12046=AXIS2_PLACEMENT_3D('',#16533,#13305,#13306);
#12047=AXIS2_PLACEMENT_3D('',#16535,#13307,#13308);
#12048=AXIS2_PLACEMENT_3D('',#16538,#13310,#13311);
#12049=AXIS2_PLACEMENT_3D('',#16539,#13312,#13313);
#12050=AXIS2_PLACEMENT_3D('',#16541,#13314,#13315);
#12051=AXIS2_PLACEMENT_3D('',#16544,#13317,#13318);
#12052=AXIS2_PLACEMENT_3D('',#16545,#13319,#13320);
#12053=AXIS2_PLACEMENT_3D('',#16547,#13321,#13322);
#12054=AXIS2_PLACEMENT_3D('',#16550,#13324,#13325);
#12055=AXIS2_PLACEMENT_3D('',#16551,#13326,#13327);
#12056=AXIS2_PLACEMENT_3D('',#16553,#13328,#13329);
#12057=AXIS2_PLACEMENT_3D('',#16556,#13331,#13332);
#12058=AXIS2_PLACEMENT_3D('',#16557,#13333,#13334);
#12059=AXIS2_PLACEMENT_3D('',#16559,#13335,#13336);
#12060=AXIS2_PLACEMENT_3D('',#16562,#13338,#13339);
#12061=AXIS2_PLACEMENT_3D('',#16563,#13340,#13341);
#12062=AXIS2_PLACEMENT_3D('',#16565,#13342,#13343);
#12063=AXIS2_PLACEMENT_3D('',#16568,#13345,#13346);
#12064=AXIS2_PLACEMENT_3D('',#16569,#13347,#13348);
#12065=AXIS2_PLACEMENT_3D('',#16571,#13349,#13350);
#12066=AXIS2_PLACEMENT_3D('',#16574,#13352,#13353);
#12067=AXIS2_PLACEMENT_3D('',#16575,#13354,#13355);
#12068=AXIS2_PLACEMENT_3D('',#16584,#13360,#13361);
#12069=AXIS2_PLACEMENT_3D('',#16590,#13365,#13366);
#12070=AXIS2_PLACEMENT_3D('',#16596,#13370,#13371);
#12071=AXIS2_PLACEMENT_3D('',#16614,#13381,#13382);
#12072=AXIS2_PLACEMENT_3D('',#16618,#13385,#13386);
#12073=AXIS2_PLACEMENT_3D('',#16624,#13390,#13391);
#12074=AXIS2_PLACEMENT_3D('',#16628,#13394,#13395);
#12075=AXIS2_PLACEMENT_3D('',#16632,#13398,#13399);
#12076=AXIS2_PLACEMENT_3D('',#16641,#13405,#13406);
#12077=AXIS2_PLACEMENT_3D('',#16643,#13408,#13409);
#12078=AXIS2_PLACEMENT_3D('',#16645,#13411,#13412);
#12079=AXIS2_PLACEMENT_3D('',#16647,#13414,#13415);
#12080=AXIS2_PLACEMENT_3D('',#16648,#13416,#13417);
#12081=AXIS2_PLACEMENT_3D('',#16649,#13418,#13419);
#12082=AXIS2_PLACEMENT_3D('',#16650,#13420,#13421);
#12083=AXIS2_PLACEMENT_3D('',#16652,#13422,#13423);
#12084=AXIS2_PLACEMENT_3D('',#16655,#13425,#13426);
#12085=AXIS2_PLACEMENT_3D('',#16656,#13427,#13428);
#12086=AXIS2_PLACEMENT_3D('',#16658,#13429,#13430);
#12087=AXIS2_PLACEMENT_3D('',#16661,#13432,#13433);
#12088=AXIS2_PLACEMENT_3D('',#16662,#13434,#13435);
#12089=AXIS2_PLACEMENT_3D('',#16671,#13440,#13441);
#12090=AXIS2_PLACEMENT_3D('',#16677,#13445,#13446);
#12091=AXIS2_PLACEMENT_3D('',#16683,#13450,#13451);
#12092=AXIS2_PLACEMENT_3D('',#16693,#13457,#13458);
#12093=AXIS2_PLACEMENT_3D('',#16697,#13461,#13462);
#12094=AXIS2_PLACEMENT_3D('',#16701,#13465,#13466);
#12095=AXIS2_PLACEMENT_3D('',#16705,#13469,#13470);
#12096=AXIS2_PLACEMENT_3D('',#16709,#13473,#13474);
#12097=AXIS2_PLACEMENT_3D('',#16711,#13476,#13477);
#12098=AXIS2_PLACEMENT_3D('',#16712,#13478,#13479);
#12099=AXIS2_PLACEMENT_3D('',#16713,#13480,#13481);
#12100=AXIS2_PLACEMENT_3D('',#16715,#13482,#13483);
#12101=AXIS2_PLACEMENT_3D('',#16718,#13485,#13486);
#12102=AXIS2_PLACEMENT_3D('',#16719,#13487,#13488);
#12103=AXIS2_PLACEMENT_3D('',#16721,#13489,#13490);
#12104=AXIS2_PLACEMENT_3D('',#16724,#13492,#13493);
#12105=AXIS2_PLACEMENT_3D('',#16725,#13494,#13495);
#12106=AXIS2_PLACEMENT_3D('',#16734,#13500,#13501);
#12107=AXIS2_PLACEMENT_3D('',#16743,#13506,#13507);
#12108=AXIS2_PLACEMENT_3D('',#16746,#13510,#13511);
#12109=AXIS2_PLACEMENT_3D('',#16756,#13517,#13518);
#12110=AXIS2_PLACEMENT_3D('',#16760,#13521,#13522);
#12111=AXIS2_PLACEMENT_3D('',#16764,#13525,#13526);
#12112=AXIS2_PLACEMENT_3D('',#16768,#13529,#13530);
#12113=AXIS2_PLACEMENT_3D('',#16772,#13533,#13534);
#12114=AXIS2_PLACEMENT_3D('',#16774,#13536,#13537);
#12115=AXIS2_PLACEMENT_3D('',#16775,#13538,#13539);
#12116=AXIS2_PLACEMENT_3D('',#16776,#13540,#13541);
#12117=AXIS2_PLACEMENT_3D('',#16785,#13546,#13547);
#12118=AXIS2_PLACEMENT_3D('',#16791,#13551,#13552);
#12119=AXIS2_PLACEMENT_3D('',#16797,#13556,#13557);
#12120=AXIS2_PLACEMENT_3D('',#16800,#13560,#13561);
#12121=AXIS2_PLACEMENT_3D('',#16802,#13562,#13563);
#12122=AXIS2_PLACEMENT_3D('',#16805,#13565,#13566);
#12123=AXIS2_PLACEMENT_3D('',#16806,#13567,#13568);
#12124=AXIS2_PLACEMENT_3D('',#16808,#13569,#13570);
#12125=AXIS2_PLACEMENT_3D('',#16811,#13572,#13573);
#12126=AXIS2_PLACEMENT_3D('',#16812,#13574,#13575);
#12127=AXIS2_PLACEMENT_3D('',#16814,#13576,#13577);
#12128=AXIS2_PLACEMENT_3D('',#16817,#13579,#13580);
#12129=AXIS2_PLACEMENT_3D('',#16818,#13581,#13582);
#12130=AXIS2_PLACEMENT_3D('',#16820,#13583,#13584);
#12131=AXIS2_PLACEMENT_3D('',#16823,#13586,#13587);
#12132=AXIS2_PLACEMENT_3D('',#16824,#13588,#13589);
#12133=AXIS2_PLACEMENT_3D('',#16826,#13590,#13591);
#12134=AXIS2_PLACEMENT_3D('',#16829,#13593,#13594);
#12135=AXIS2_PLACEMENT_3D('',#16830,#13595,#13596);
#12136=AXIS2_PLACEMENT_3D('',#16832,#13597,#13598);
#12137=AXIS2_PLACEMENT_3D('',#16835,#13600,#13601);
#12138=AXIS2_PLACEMENT_3D('',#16836,#13602,#13603);
#12139=AXIS2_PLACEMENT_3D('',#16845,#13608,#13609);
#12140=AXIS2_PLACEMENT_3D('',#16851,#13613,#13614);
#12141=AXIS2_PLACEMENT_3D('',#16857,#13618,#13619);
#12142=AXIS2_PLACEMENT_3D('',#16860,#13622,#13623);
#12143=AXIS2_PLACEMENT_3D('',#16861,#13624,#13625);
#12144=AXIS2_PLACEMENT_3D('',#16862,#13626,#13627);
#12145=AXIS2_PLACEMENT_3D('',#16863,#13628,#13629);
#12146=AXIS2_PLACEMENT_3D('',#16867,#13631,#13632);
#12147=AXIS2_PLACEMENT_3D('',#16868,#13633,#13634);
#12148=AXIS2_PLACEMENT_3D('',#16869,#13635,#13636);
#12149=AXIS2_PLACEMENT_3D('',#16870,#13637,#13638);
#12150=AXIS2_PLACEMENT_3D('',#16880,#13643,#13644);
#12151=AXIS2_PLACEMENT_3D('',#16882,#13645,#13646);
#12152=AXIS2_PLACEMENT_3D('',#16883,#13647,#13648);
#12153=AXIS2_PLACEMENT_3D('',#16889,#13652,#13653);
#12154=AXIS2_PLACEMENT_3D('',#16892,#13656,#13657);
#12155=AXIS2_PLACEMENT_3D('',#16893,#13658,#13659);
#12156=AXIS2_PLACEMENT_3D('',#16895,#13660,#13661);
#12157=AXIS2_PLACEMENT_3D('',#16897,#13663,#13664);
#12158=AXIS2_PLACEMENT_3D('',#16899,#13665,#13666);
#12159=AXIS2_PLACEMENT_3D('',#16901,#13668,#13669);
#12160=AXIS2_PLACEMENT_3D('',#16910,#13674,#13675);
#12161=AXIS2_PLACEMENT_3D('',#16916,#13679,#13680);
#12162=AXIS2_PLACEMENT_3D('',#16919,#13683,#13684);
#12163=AXIS2_PLACEMENT_3D('',#16920,#13685,#13686);
#12164=AXIS2_PLACEMENT_3D('',#16921,#13687,#13688);
#12165=AXIS2_PLACEMENT_3D('',#16922,#13689,#13690);
#12166=AXIS2_PLACEMENT_3D('',#16926,#13692,#13693);
#12167=AXIS2_PLACEMENT_3D('',#16927,#13694,#13695);
#12168=AXIS2_PLACEMENT_3D('',#16928,#13696,#13697);
#12169=AXIS2_PLACEMENT_3D('',#16929,#13698,#13699);
#12170=AXIS2_PLACEMENT_3D('',#16938,#13704,#13705);
#12171=AXIS2_PLACEMENT_3D('',#16945,#13709,#13710);
#12172=AXIS2_PLACEMENT_3D('',#16947,#13711,#13712);
#12173=AXIS2_PLACEMENT_3D('',#16948,#13713,#13714);
#12174=AXIS2_PLACEMENT_3D('',#16951,#13717,#13718);
#12175=AXIS2_PLACEMENT_3D('',#16952,#13719,#13720);
#12176=AXIS2_PLACEMENT_3D('',#16954,#13721,#13722);
#12177=AXIS2_PLACEMENT_3D('',#16956,#13724,#13725);
#12178=AXIS2_PLACEMENT_3D('',#16958,#13726,#13727);
#12179=AXIS2_PLACEMENT_3D('',#16960,#13729,#13730);
#12180=AXIS2_PLACEMENT_3D('',#16969,#13735,#13736);
#12181=AXIS2_PLACEMENT_3D('',#16975,#13740,#13741);
#12182=AXIS2_PLACEMENT_3D('',#16978,#13744,#13745);
#12183=AXIS2_PLACEMENT_3D('',#16979,#13746,#13747);
#12184=AXIS2_PLACEMENT_3D('',#16980,#13748,#13749);
#12185=AXIS2_PLACEMENT_3D('',#16981,#13750,#13751);
#12186=AXIS2_PLACEMENT_3D('',#17062,#13753,#13754);
#12187=AXIS2_PLACEMENT_3D('',#17064,#13755,#13756);
#12188=AXIS2_PLACEMENT_3D('',#17067,#13758,#13759);
#12189=AXIS2_PLACEMENT_3D('',#17068,#13760,#13761);
#12190=AXIS2_PLACEMENT_3D('',#17069,#13762,#13763);
#12191=AXIS2_PLACEMENT_3D('',#17071,#13764,#13765);
#12192=AXIS2_PLACEMENT_3D('',#17074,#13767,#13768);
#12193=AXIS2_PLACEMENT_3D('',#17075,#13769,#13770);
#12194=AXIS2_PLACEMENT_3D('',#17076,#13771,#13772);
#12195=AXIS2_PLACEMENT_3D('',#17078,#13773,#13774);
#12196=AXIS2_PLACEMENT_3D('',#17082,#13777,#13778);
#12197=AXIS2_PLACEMENT_3D('',#17083,#13779,#13780);
#12198=AXIS2_PLACEMENT_3D('',#17084,#13781,#13782);
#12199=AXIS2_PLACEMENT_3D('',#17085,#13783,#13784);
#12200=AXIS2_PLACEMENT_3D('',#17157,#13786,#13787);
#12201=AXIS2_PLACEMENT_3D('',#17229,#13789,#13790);
#12202=AXIS2_PLACEMENT_3D('',#17310,#13792,#13793);
#12203=AXIS2_PLACEMENT_3D('',#17312,#13794,#13795);
#12204=AXIS2_PLACEMENT_3D('',#17315,#13797,#13798);
#12205=AXIS2_PLACEMENT_3D('',#17316,#13799,#13800);
#12206=AXIS2_PLACEMENT_3D('',#17317,#13801,#13802);
#12207=AXIS2_PLACEMENT_3D('',#17319,#13803,#13804);
#12208=AXIS2_PLACEMENT_3D('',#17322,#13806,#13807);
#12209=AXIS2_PLACEMENT_3D('',#17323,#13808,#13809);
#12210=AXIS2_PLACEMENT_3D('',#17324,#13810,#13811);
#12211=AXIS2_PLACEMENT_3D('',#17326,#13812,#13813);
#12212=AXIS2_PLACEMENT_3D('',#17330,#13816,#13817);
#12213=AXIS2_PLACEMENT_3D('',#17331,#13818,#13819);
#12214=AXIS2_PLACEMENT_3D('',#17332,#13820,#13821);
#12215=AXIS2_PLACEMENT_3D('',#17333,#13822,#13823);
#12216=AXIS2_PLACEMENT_3D('',#17414,#13825,#13826);
#12217=AXIS2_PLACEMENT_3D('',#17416,#13827,#13828);
#12218=AXIS2_PLACEMENT_3D('',#17419,#13830,#13831);
#12219=AXIS2_PLACEMENT_3D('',#17420,#13832,#13833);
#12220=AXIS2_PLACEMENT_3D('',#17421,#13834,#13835);
#12221=AXIS2_PLACEMENT_3D('',#17423,#13836,#13837);
#12222=AXIS2_PLACEMENT_3D('',#17426,#13839,#13840);
#12223=AXIS2_PLACEMENT_3D('',#17427,#13841,#13842);
#12224=AXIS2_PLACEMENT_3D('',#17428,#13843,#13844);
#12225=AXIS2_PLACEMENT_3D('',#17430,#13845,#13846);
#12226=AXIS2_PLACEMENT_3D('',#17434,#13849,#13850);
#12227=AXIS2_PLACEMENT_3D('',#17435,#13851,#13852);
#12228=AXIS2_PLACEMENT_3D('',#17436,#13853,#13854);
#12229=AXIS2_PLACEMENT_3D('',#17437,#13855,#13856);
#12230=AXIS2_PLACEMENT_3D('',#17518,#13858,#13859);
#12231=AXIS2_PLACEMENT_3D('',#17520,#13860,#13861);
#12232=AXIS2_PLACEMENT_3D('',#17523,#13863,#13864);
#12233=AXIS2_PLACEMENT_3D('',#17524,#13865,#13866);
#12234=AXIS2_PLACEMENT_3D('',#17525,#13867,#13868);
#12235=AXIS2_PLACEMENT_3D('',#17527,#13869,#13870);
#12236=AXIS2_PLACEMENT_3D('',#17530,#13872,#13873);
#12237=AXIS2_PLACEMENT_3D('',#17531,#13874,#13875);
#12238=AXIS2_PLACEMENT_3D('',#17532,#13876,#13877);
#12239=AXIS2_PLACEMENT_3D('',#17534,#13878,#13879);
#12240=AXIS2_PLACEMENT_3D('',#17538,#13882,#13883);
#12241=AXIS2_PLACEMENT_3D('',#17539,#13884,#13885);
#12242=AXIS2_PLACEMENT_3D('',#17540,#13886,#13887);
#12243=AXIS2_PLACEMENT_3D('',#17541,#13888,#13889);
#12244=AXIS2_PLACEMENT_3D('',#17542,#13890,#13891);
#12245=AXIS2_PLACEMENT_3D('',#17543,#13892,#13893);
#12246=AXIS2_PLACEMENT_3D('',#17544,#13894,#13895);
#12247=AXIS2_PLACEMENT_3D('',#17545,#13896,#13897);
#12248=AXIS2_PLACEMENT_3D('',#17546,#13898,#13899);
#12249=AXIS2_PLACEMENT_3D('',#17547,#13900,#13901);
#12250=AXIS2_PLACEMENT_3D('',#17548,#13902,#13903);
#12251=AXIS2_PLACEMENT_3D('',#17549,#13904,#13905);
#12252=AXIS2_PLACEMENT_3D('',#17550,#13906,#13907);
#12253=AXIS2_PLACEMENT_3D('',#17552,#13908,#13909);
#12254=AXIS2_PLACEMENT_3D('',#17555,#13911,#13912);
#12255=AXIS2_PLACEMENT_3D('',#17556,#13913,#13914);
#12256=AXIS2_PLACEMENT_3D('',#17557,#13915,#13916);
#12257=AXIS2_PLACEMENT_3D('',#17558,#13917,#13918);
#12258=AXIS2_PLACEMENT_3D('',#17559,#13919,#13920);
#12259=AXIS2_PLACEMENT_3D('',#17561,#13921,#13922);
#12260=AXIS2_PLACEMENT_3D('',#17564,#13924,#13925);
#12261=AXIS2_PLACEMENT_3D('',#17565,#13926,#13927);
#12262=AXIS2_PLACEMENT_3D('',#17566,#13928,#13929);
#12263=AXIS2_PLACEMENT_3D('',#17567,#13930,#13931);
#12264=AXIS2_PLACEMENT_3D('',#17568,#13932,#13933);
#12265=AXIS2_PLACEMENT_3D('',#17570,#13934,#13935);
#12266=AXIS2_PLACEMENT_3D('',#17573,#13937,#13938);
#12267=AXIS2_PLACEMENT_3D('',#17574,#13939,#13940);
#12268=AXIS2_PLACEMENT_3D('',#17576,#13941,#13942);
#12269=AXIS2_PLACEMENT_3D('',#17579,#13944,#13945);
#12270=AXIS2_PLACEMENT_3D('',#17580,#13946,#13947);
#12271=AXIS2_PLACEMENT_3D('',#17589,#13952,#13953);
#12272=AXIS2_PLACEMENT_3D('',#17595,#13957,#13958);
#12273=AXIS2_PLACEMENT_3D('',#17601,#13962,#13963);
#12274=AXIS2_PLACEMENT_3D('',#17604,#13966,#13967);
#12275=AXIS2_PLACEMENT_3D('',#17605,#13968,#13969);
#12276=AXIS2_PLACEMENT_3D('',#17606,#13970,#13971);
#12277=AXIS2_PLACEMENT_3D('',#17607,#13972,#13973);
#12278=AXIS2_PLACEMENT_3D('',#17609,#13974,#13975);
#12279=AXIS2_PLACEMENT_3D('',#17612,#13977,#13978);
#12280=AXIS2_PLACEMENT_3D('',#17613,#13979,#13980);
#12281=AXIS2_PLACEMENT_3D('',#17614,#13981,#13982);
#12282=AXIS2_PLACEMENT_3D('',#17615,#13983,#13984);
#12283=AXIS2_PLACEMENT_3D('',#17616,#13985,#13986);
#12284=AXIS2_PLACEMENT_3D('',#17618,#13987,#13988);
#12285=AXIS2_PLACEMENT_3D('',#17621,#13990,#13991);
#12286=AXIS2_PLACEMENT_3D('',#17622,#13992,#13993);
#12287=AXIS2_PLACEMENT_3D('',#17624,#13994,#13995);
#12288=AXIS2_PLACEMENT_3D('',#17627,#13997,#13998);
#12289=AXIS2_PLACEMENT_3D('',#17628,#13999,#14000);
#12290=AXIS2_PLACEMENT_3D('',#17637,#14005,#14006);
#12291=AXIS2_PLACEMENT_3D('',#17643,#14010,#14011);
#12292=AXIS2_PLACEMENT_3D('',#17649,#14015,#14016);
#12293=AXIS2_PLACEMENT_3D('',#17652,#14019,#14020);
#12294=AXIS2_PLACEMENT_3D('',#17653,#14021,#14022);
#12295=AXIS2_PLACEMENT_3D('',#17654,#14023,#14024);
#12296=AXIS2_PLACEMENT_3D('',#17655,#14025,#14026);
#12297=AXIS2_PLACEMENT_3D('',#17657,#14027,#14028);
#12298=AXIS2_PLACEMENT_3D('',#17660,#14030,#14031);
#12299=AXIS2_PLACEMENT_3D('',#17661,#14032,#14033);
#12300=AXIS2_PLACEMENT_3D('',#17662,#14034,#14035);
#12301=AXIS2_PLACEMENT_3D('',#17663,#14036,#14037);
#12302=AXIS2_PLACEMENT_3D('',#17664,#14038,#14039);
#12303=AXIS2_PLACEMENT_3D('',#17673,#14044,#14045);
#12304=AXIS2_PLACEMENT_3D('',#17682,#14050,#14051);
#12305=AXIS2_PLACEMENT_3D('',#17688,#14055,#14056);
#12306=AXIS2_PLACEMENT_3D('',#17694,#14060,#14061);
#12307=AXIS2_PLACEMENT_3D('',#17700,#14065,#14066);
#12308=AXIS2_PLACEMENT_3D('',#17703,#14069,#14070);
#12309=AXIS2_PLACEMENT_3D('',#17709,#14074,#14075);
#12310=AXIS2_PLACEMENT_3D('',#17712,#14078,#14079);
#12311=AXIS2_PLACEMENT_3D('',#17721,#14084,#14085);
#12312=AXIS2_PLACEMENT_3D('',#17730,#14090,#14091);
#12313=AXIS2_PLACEMENT_3D('',#17736,#14095,#14096);
#12314=AXIS2_PLACEMENT_3D('',#17742,#14100,#14101);
#12315=AXIS2_PLACEMENT_3D('',#17748,#14105,#14106);
#12316=AXIS2_PLACEMENT_3D('',#17751,#14109,#14110);
#12317=AXIS2_PLACEMENT_3D('',#17757,#14114,#14115);
#12318=AXIS2_PLACEMENT_3D('',#17760,#14118,#14119);
#12319=AXIS2_PLACEMENT_3D('',#17762,#14120,#14121);
#12320=AXIS2_PLACEMENT_3D('',#17765,#14123,#14124);
#12321=AXIS2_PLACEMENT_3D('',#17766,#14125,#14126);
#12322=AXIS2_PLACEMENT_3D('',#17767,#14127,#14128);
#12323=AXIS2_PLACEMENT_3D('',#17769,#14129,#14130);
#12324=AXIS2_PLACEMENT_3D('',#17772,#14132,#14133);
#12325=AXIS2_PLACEMENT_3D('',#17773,#14134,#14135);
#12326=AXIS2_PLACEMENT_3D('',#17774,#14136,#14137);
#12327=AXIS2_PLACEMENT_3D('',#17776,#14138,#14139);
#12328=AXIS2_PLACEMENT_3D('',#17779,#14141,#14142);
#12329=AXIS2_PLACEMENT_3D('',#17780,#14143,#14144);
#12330=AXIS2_PLACEMENT_3D('',#17781,#14145,#14146);
#12331=AXIS2_PLACEMENT_3D('',#17783,#14147,#14148);
#12332=AXIS2_PLACEMENT_3D('',#17786,#14150,#14151);
#12333=AXIS2_PLACEMENT_3D('',#17787,#14152,#14153);
#12334=AXIS2_PLACEMENT_3D('',#17788,#14154,#14155);
#12335=AXIS2_PLACEMENT_3D('',#17790,#14156,#14157);
#12336=AXIS2_PLACEMENT_3D('',#17793,#14159,#14160);
#12337=AXIS2_PLACEMENT_3D('',#17794,#14161,#14162);
#12338=AXIS2_PLACEMENT_3D('',#17795,#14163,#14164);
#12339=AXIS2_PLACEMENT_3D('',#17797,#14165,#14166);
#12340=AXIS2_PLACEMENT_3D('',#17800,#14168,#14169);
#12341=AXIS2_PLACEMENT_3D('',#17801,#14170,#14171);
#12342=AXIS2_PLACEMENT_3D('',#17802,#14172,#14173);
#12343=AXIS2_PLACEMENT_3D('',#17811,#14178,#14179);
#12344=AXIS2_PLACEMENT_3D('',#17817,#14183,#14184);
#12345=AXIS2_PLACEMENT_3D('',#17823,#14188,#14189);
#12346=AXIS2_PLACEMENT_3D('',#17833,#14195,#14196);
#12347=AXIS2_PLACEMENT_3D('',#17837,#14199,#14200);
#12348=AXIS2_PLACEMENT_3D('',#17843,#14204,#14205);
#12349=AXIS2_PLACEMENT_3D('',#17847,#14208,#14209);
#12350=AXIS2_PLACEMENT_3D('',#17850,#14212,#14213);
#12351=AXIS2_PLACEMENT_3D('',#17851,#14214,#14215);
#12352=AXIS2_PLACEMENT_3D('',#17852,#14216,#14217);
#12353=AXIS2_PLACEMENT_3D('',#17853,#14218,#14219);
#12354=AXIS2_PLACEMENT_3D('',#17855,#14220,#14221);
#12355=AXIS2_PLACEMENT_3D('',#17858,#14223,#14224);
#12356=AXIS2_PLACEMENT_3D('',#17859,#14225,#14226);
#12357=AXIS2_PLACEMENT_3D('',#17861,#14227,#14228);
#12358=AXIS2_PLACEMENT_3D('',#17864,#14230,#14231);
#12359=AXIS2_PLACEMENT_3D('',#17865,#14232,#14233);
#12360=AXIS2_PLACEMENT_3D('',#17874,#14238,#14239);
#12361=AXIS2_PLACEMENT_3D('',#17880,#14243,#14244);
#12362=AXIS2_PLACEMENT_3D('',#17886,#14248,#14249);
#12363=AXIS2_PLACEMENT_3D('',#17889,#14252,#14253);
#12364=AXIS2_PLACEMENT_3D('',#17890,#14254,#14255);
#12365=AXIS2_PLACEMENT_3D('',#17891,#14256,#14257);
#12366=AXIS2_PLACEMENT_3D('',#17892,#14258,#14259);
#12367=AXIS2_PLACEMENT_3D('',#17901,#14264,#14265);
#12368=AXIS2_PLACEMENT_3D('',#17910,#14270,#14271);
#12369=AXIS2_PLACEMENT_3D('',#17916,#14275,#14276);
#12370=AXIS2_PLACEMENT_3D('',#17922,#14280,#14281);
#12371=AXIS2_PLACEMENT_3D('',#17928,#14285,#14286);
#12372=AXIS2_PLACEMENT_3D('',#17931,#14289,#14290);
#12373=AXIS2_PLACEMENT_3D('',#17937,#14294,#14295);
#12374=AXIS2_PLACEMENT_3D('',#17940,#14298,#14299);
#12375=AXIS2_PLACEMENT_3D('',#17949,#14304,#14305);
#12376=AXIS2_PLACEMENT_3D('',#17958,#14310,#14311);
#12377=AXIS2_PLACEMENT_3D('',#17964,#14315,#14316);
#12378=AXIS2_PLACEMENT_3D('',#17970,#14320,#14321);
#12379=AXIS2_PLACEMENT_3D('',#17976,#14325,#14326);
#12380=AXIS2_PLACEMENT_3D('',#17979,#14329,#14330);
#12381=AXIS2_PLACEMENT_3D('',#17985,#14334,#14335);
#12382=AXIS2_PLACEMENT_3D('',#17988,#14338,#14339);
#12383=AXIS2_PLACEMENT_3D('',#17990,#14340,#14341);
#12384=AXIS2_PLACEMENT_3D('',#17993,#14343,#14344);
#12385=AXIS2_PLACEMENT_3D('',#17994,#14345,#14346);
#12386=AXIS2_PLACEMENT_3D('',#17995,#14347,#14348);
#12387=AXIS2_PLACEMENT_3D('',#17997,#14349,#14350);
#12388=AXIS2_PLACEMENT_3D('',#18000,#14352,#14353);
#12389=AXIS2_PLACEMENT_3D('',#18001,#14354,#14355);
#12390=AXIS2_PLACEMENT_3D('',#18002,#14356,#14357);
#12391=AXIS2_PLACEMENT_3D('',#18004,#14358,#14359);
#12392=AXIS2_PLACEMENT_3D('',#18007,#14361,#14362);
#12393=AXIS2_PLACEMENT_3D('',#18008,#14363,#14364);
#12394=AXIS2_PLACEMENT_3D('',#18009,#14365,#14366);
#12395=AXIS2_PLACEMENT_3D('',#18011,#14367,#14368);
#12396=AXIS2_PLACEMENT_3D('',#18014,#14370,#14371);
#12397=AXIS2_PLACEMENT_3D('',#18015,#14372,#14373);
#12398=AXIS2_PLACEMENT_3D('',#18016,#14374,#14375);
#12399=AXIS2_PLACEMENT_3D('',#18018,#14376,#14377);
#12400=AXIS2_PLACEMENT_3D('',#18021,#14379,#14380);
#12401=AXIS2_PLACEMENT_3D('',#18022,#14381,#14382);
#12402=AXIS2_PLACEMENT_3D('',#18023,#14383,#14384);
#12403=AXIS2_PLACEMENT_3D('',#18025,#14385,#14386);
#12404=AXIS2_PLACEMENT_3D('',#18028,#14388,#14389);
#12405=AXIS2_PLACEMENT_3D('',#18029,#14390,#14391);
#12406=AXIS2_PLACEMENT_3D('',#18030,#14392,#14393);
#12407=AXIS2_PLACEMENT_3D('',#18039,#14398,#14399);
#12408=AXIS2_PLACEMENT_3D('',#18045,#14403,#14404);
#12409=AXIS2_PLACEMENT_3D('',#18051,#14408,#14409);
#12410=AXIS2_PLACEMENT_3D('',#18061,#14415,#14416);
#12411=AXIS2_PLACEMENT_3D('',#18065,#14419,#14420);
#12412=AXIS2_PLACEMENT_3D('',#18071,#14424,#14425);
#12413=AXIS2_PLACEMENT_3D('',#18075,#14428,#14429);
#12414=AXIS2_PLACEMENT_3D('',#18078,#14432,#14433);
#12415=AXIS2_PLACEMENT_3D('',#18079,#14434,#14435);
#12416=AXIS2_PLACEMENT_3D('',#18080,#14436,#14437);
#12417=AXIS2_PLACEMENT_3D('',#18081,#14438,#14439);
#12418=AXIS2_PLACEMENT_3D('',#18083,#14440,#14441);
#12419=AXIS2_PLACEMENT_3D('',#18086,#14443,#14444);
#12420=AXIS2_PLACEMENT_3D('',#18087,#14445,#14446);
#12421=AXIS2_PLACEMENT_3D('',#18089,#14447,#14448);
#12422=AXIS2_PLACEMENT_3D('',#18092,#14450,#14451);
#12423=AXIS2_PLACEMENT_3D('',#18093,#14452,#14453);
#12424=AXIS2_PLACEMENT_3D('',#18102,#14458,#14459);
#12425=AXIS2_PLACEMENT_3D('',#18108,#14463,#14464);
#12426=AXIS2_PLACEMENT_3D('',#18114,#14468,#14469);
#12427=AXIS2_PLACEMENT_3D('',#18117,#14472,#14473);
#12428=AXIS2_PLACEMENT_3D('',#18118,#14474,#14475);
#12429=AXIS2_PLACEMENT_3D('',#18119,#14476,#14477);
#12430=AXIS2_PLACEMENT_3D('',#18120,#14478,#14479);
#12431=AXIS2_PLACEMENT_3D('',#18121,#14480,#14481);
#12432=AXIS2_PLACEMENT_3D('',#18122,#14482,#14483);
#12433=AXIS2_PLACEMENT_3D('',#18123,#14484,#14485);
#12434=AXIS2_PLACEMENT_3D('',#18124,#14486,#14487);
#12435=AXIS2_PLACEMENT_3D('',#18125,#14488,#14489);
#12436=AXIS2_PLACEMENT_3D('',#18126,#14490,#14491);
#12437=AXIS2_PLACEMENT_3D('',#18127,#14492,#14493);
#12438=AXIS2_PLACEMENT_3D('',#18128,#14494,#14495);
#12439=AXIS2_PLACEMENT_3D('',#18129,#14496,#14497);
#12440=AXIS2_PLACEMENT_3D('',#18130,#14498,#14499);
#12441=AXIS2_PLACEMENT_3D('',#18131,#14500,#14501);
#12442=AXIS2_PLACEMENT_3D('',#18133,#14502,#14503);
#12443=AXIS2_PLACEMENT_3D('',#18136,#14505,#14506);
#12444=AXIS2_PLACEMENT_3D('',#18137,#14507,#14508);
#12445=AXIS2_PLACEMENT_3D('',#18138,#14509,#14510);
#12446=AXIS2_PLACEMENT_3D('',#18139,#14511,#14512);
#12447=AXIS2_PLACEMENT_3D('',#18140,#14513,#14514);
#12448=AXIS2_PLACEMENT_3D('',#18142,#14515,#14516);
#12449=AXIS2_PLACEMENT_3D('',#18145,#14518,#14519);
#12450=AXIS2_PLACEMENT_3D('',#18146,#14520,#14521);
#12451=AXIS2_PLACEMENT_3D('',#18148,#14522,#14523);
#12452=AXIS2_PLACEMENT_3D('',#18151,#14525,#14526);
#12453=AXIS2_PLACEMENT_3D('',#18152,#14527,#14528);
#12454=AXIS2_PLACEMENT_3D('',#18153,#14529,#14530);
#12455=AXIS2_PLACEMENT_3D('',#18154,#14531,#14532);
#12456=AXIS2_PLACEMENT_3D('',#18155,#14533,#14534);
#12457=AXIS2_PLACEMENT_3D('',#18157,#14535,#14536);
#12458=AXIS2_PLACEMENT_3D('',#18160,#14538,#14539);
#12459=AXIS2_PLACEMENT_3D('',#18161,#14540,#14541);
#12460=AXIS2_PLACEMENT_3D('',#18163,#14542,#14543);
#12461=AXIS2_PLACEMENT_3D('',#18166,#14545,#14546);
#12462=AXIS2_PLACEMENT_3D('',#18167,#14547,#14548);
#12463=AXIS2_PLACEMENT_3D('',#18168,#14549,#14550);
#12464=AXIS2_PLACEMENT_3D('',#18169,#14551,#14552);
#12465=AXIS2_PLACEMENT_3D('',#18170,#14553,#14554);
#12466=AXIS2_PLACEMENT_3D('',#18172,#14555,#14556);
#12467=AXIS2_PLACEMENT_3D('',#18175,#14558,#14559);
#12468=AXIS2_PLACEMENT_3D('',#18176,#14560,#14561);
#12469=AXIS2_PLACEMENT_3D('',#18177,#14562,#14563);
#12470=AXIS2_PLACEMENT_3D('',#18178,#14564,#14565);
#12471=AXIS2_PLACEMENT_3D('',#18179,#14566,#14567);
#12472=AXIS2_PLACEMENT_3D('',#18181,#14568,#14569);
#12473=AXIS2_PLACEMENT_3D('',#18184,#14571,#14572);
#12474=AXIS2_PLACEMENT_3D('',#18185,#14573,#14574);
#12475=AXIS2_PLACEMENT_3D('',#18187,#14575,#14576);
#12476=AXIS2_PLACEMENT_3D('',#18190,#14578,#14579);
#12477=AXIS2_PLACEMENT_3D('',#18191,#14580,#14581);
#12478=AXIS2_PLACEMENT_3D('',#18192,#14582,#14583);
#12479=AXIS2_PLACEMENT_3D('',#18201,#14588,#14589);
#12480=AXIS2_PLACEMENT_3D('',#18207,#14593,#14594);
#12481=AXIS2_PLACEMENT_3D('',#18213,#14598,#14599);
#12482=AXIS2_PLACEMENT_3D('',#18216,#14602,#14603);
#12483=AXIS2_PLACEMENT_3D('',#18217,#14604,#14605);
#12484=AXIS2_PLACEMENT_3D('',#18218,#14606,#14607);
#12485=AXIS2_PLACEMENT_3D('',#18219,#14608,#14609);
#12486=AXIS2_PLACEMENT_3D('',#18228,#14614,#14615);
#12487=AXIS2_PLACEMENT_3D('',#18234,#14619,#14620);
#12488=AXIS2_PLACEMENT_3D('',#18240,#14624,#14625);
#12489=AXIS2_PLACEMENT_3D('',#18243,#14628,#14629);
#12490=AXIS2_PLACEMENT_3D('',#18245,#14630,#14631);
#12491=AXIS2_PLACEMENT_3D('',#18248,#14633,#14634);
#12492=AXIS2_PLACEMENT_3D('',#18249,#14635,#14636);
#12493=AXIS2_PLACEMENT_3D('',#18250,#14637,#14638);
#12494=AXIS2_PLACEMENT_3D('',#18252,#14639,#14640);
#12495=AXIS2_PLACEMENT_3D('',#18255,#14642,#14643);
#12496=AXIS2_PLACEMENT_3D('',#18256,#14644,#14645);
#12497=AXIS2_PLACEMENT_3D('',#18257,#14646,#14647);
#12498=AXIS2_PLACEMENT_3D('',#18259,#14648,#14649);
#12499=AXIS2_PLACEMENT_3D('',#18262,#14651,#14652);
#12500=AXIS2_PLACEMENT_3D('',#18263,#14653,#14654);
#12501=AXIS2_PLACEMENT_3D('',#18264,#14655,#14656);
#12502=AXIS2_PLACEMENT_3D('',#18266,#14657,#14658);
#12503=AXIS2_PLACEMENT_3D('',#18269,#14660,#14661);
#12504=AXIS2_PLACEMENT_3D('',#18270,#14662,#14663);
#12505=AXIS2_PLACEMENT_3D('',#18271,#14664,#14665);
#12506=AXIS2_PLACEMENT_3D('',#18274,#14666,#14667);
#12507=AXIS2_PLACEMENT_3D('',#18278,#14669,#14670);
#12508=AXIS2_PLACEMENT_3D('',#18280,#14672,#14673);
#12509=AXIS2_PLACEMENT_3D('',#18290,#14679,#14680);
#12510=AXIS2_PLACEMENT_3D('',#18294,#14683,#14684);
#12511=AXIS2_PLACEMENT_3D('',#18300,#14688,#14689);
#12512=AXIS2_PLACEMENT_3D('',#18304,#14692,#14693);
#12513=AXIS2_PLACEMENT_3D('',#18307,#14696,#14697);
#12514=AXIS2_PLACEMENT_3D('',#18308,#14698,#14699);
#12515=AXIS2_PLACEMENT_3D('',#18309,#14700,#14701);
#12516=AXIS2_PLACEMENT_3D('',#18310,#14702,#14703);
#12517=AXIS2_PLACEMENT_3D('',#18312,#14704,#14705);
#12518=AXIS2_PLACEMENT_3D('',#18315,#14707,#14708);
#12519=AXIS2_PLACEMENT_3D('',#18316,#14709,#14710);
#12520=AXIS2_PLACEMENT_3D('',#18318,#14711,#14712);
#12521=AXIS2_PLACEMENT_3D('',#18321,#14714,#14715);
#12522=AXIS2_PLACEMENT_3D('',#18322,#14716,#14717);
#12523=AXIS2_PLACEMENT_3D('',#18323,#14718,#14719);
#12524=AXIS2_PLACEMENT_3D('',#18324,#14720,#14721);
#12525=AXIS2_PLACEMENT_3D('',#18325,#14722,#14723);
#12526=AXIS2_PLACEMENT_3D('',#18327,#14724,#14725);
#12527=AXIS2_PLACEMENT_3D('',#18330,#14727,#14728);
#12528=AXIS2_PLACEMENT_3D('',#18331,#14729,#14730);
#12529=AXIS2_PLACEMENT_3D('',#18333,#14731,#14732);
#12530=AXIS2_PLACEMENT_3D('',#18336,#14734,#14735);
#12531=AXIS2_PLACEMENT_3D('',#18337,#14736,#14737);
#12532=AXIS2_PLACEMENT_3D('',#18338,#14738,#14739);
#12533=AXIS2_PLACEMENT_3D('',#18339,#14740,#14741);
#12534=AXIS2_PLACEMENT_3D('',#18340,#14742,#14743);
#12535=AXIS2_PLACEMENT_3D('',#18349,#14748,#14749);
#12536=AXIS2_PLACEMENT_3D('',#18355,#14753,#14754);
#12537=AXIS2_PLACEMENT_3D('',#18361,#14758,#14759);
#12538=AXIS2_PLACEMENT_3D('',#18364,#14762,#14763);
#12539=AXIS2_PLACEMENT_3D('',#18365,#14764,#14765);
#12540=AXIS2_PLACEMENT_3D('',#18366,#14766,#14767);
#12541=AXIS2_PLACEMENT_3D('',#18367,#14768,#14769);
#12542=AXIS2_PLACEMENT_3D('',#18368,#14770,#14771);
#12543=AXIS2_PLACEMENT_3D('',#18369,#14772,#14773);
#12544=AXIS2_PLACEMENT_3D('',#18370,#14774,#14775);
#12545=AXIS2_PLACEMENT_3D('',#18371,#14776,#14777);
#12546=AXIS2_PLACEMENT_3D('',#18372,#14778,#14779);
#12547=AXIS2_PLACEMENT_3D('',#18373,#14780,#14781);
#12548=AXIS2_PLACEMENT_3D('',#18374,#14782,#14783);
#12549=AXIS2_PLACEMENT_3D('',#18375,#14784,#14785);
#12550=AXIS2_PLACEMENT_3D('',#18376,#14786,#14787);
#12551=AXIS2_PLACEMENT_3D('',#18377,#14788,#14789);
#12552=AXIS2_PLACEMENT_3D('',#18379,#14790,#14791);
#12553=AXIS2_PLACEMENT_3D('',#18382,#14793,#14794);
#12554=AXIS2_PLACEMENT_3D('',#18383,#14795,#14796);
#12555=AXIS2_PLACEMENT_3D('',#18385,#14797,#14798);
#12556=AXIS2_PLACEMENT_3D('',#18388,#14800,#14801);
#12557=AXIS2_PLACEMENT_3D('',#18389,#14802,#14803);
#12558=AXIS2_PLACEMENT_3D('',#18398,#14808,#14809);
#12559=AXIS2_PLACEMENT_3D('',#18404,#14813,#14814);
#12560=AXIS2_PLACEMENT_3D('',#18416,#14821,#14822);
#12561=AXIS2_PLACEMENT_3D('',#18420,#14825,#14826);
#12562=AXIS2_PLACEMENT_3D('',#18426,#14830,#14831);
#12563=AXIS2_PLACEMENT_3D('',#18428,#14833,#14834);
#12564=AXIS2_PLACEMENT_3D('',#18432,#14837,#14838);
#12565=AXIS2_PLACEMENT_3D('',#18436,#14841,#14842);
#12566=AXIS2_PLACEMENT_3D('',#18438,#14844,#14845);
#12567=AXIS2_PLACEMENT_3D('',#18439,#14846,#14847);
#12568=AXIS2_PLACEMENT_3D('',#18440,#14848,#14849);
#12569=AXIS2_PLACEMENT_3D('',#18449,#14854,#14855);
#12570=AXIS2_PLACEMENT_3D('',#18455,#14859,#14860);
#12571=AXIS2_PLACEMENT_3D('',#18461,#14864,#14865);
#12572=AXIS2_PLACEMENT_3D('',#18464,#14868,#14869);
#12573=AXIS2_PLACEMENT_3D('',#18465,#14870,#14871);
#12574=AXIS2_PLACEMENT_3D('',#18466,#14872,#14873);
#12575=AXIS2_PLACEMENT_3D('',#18467,#14874,#14875);
#12576=AXIS2_PLACEMENT_3D('',#18476,#14880,#14881);
#12577=AXIS2_PLACEMENT_3D('',#18482,#14885,#14886);
#12578=AXIS2_PLACEMENT_3D('',#18488,#14890,#14891);
#12579=AXIS2_PLACEMENT_3D('',#18491,#14894,#14895);
#12580=AXIS2_PLACEMENT_3D('',#18492,#14896,#14897);
#12581=AXIS2_PLACEMENT_3D('',#18501,#14902,#14903);
#12582=AXIS2_PLACEMENT_3D('',#18507,#14907,#14908);
#12583=AXIS2_PLACEMENT_3D('',#18513,#14912,#14913);
#12584=AXIS2_PLACEMENT_3D('',#18516,#14916,#14917);
#12585=AXIS2_PLACEMENT_3D('',#18517,#14918,#14919);
#12586=AXIS2_PLACEMENT_3D('',#18518,#14920,#14921);
#12587=AXIS2_PLACEMENT_3D('',#18519,#14922,#14923);
#12588=AXIS2_PLACEMENT_3D('',#18520,#14924,#14925);
#12589=AXIS2_PLACEMENT_3D('',#18521,#14926,#14927);
#12590=AXIS2_PLACEMENT_3D('',#18522,#14928,#14929);
#12591=AXIS2_PLACEMENT_3D('',#18523,#14930,#14931);
#12592=AXIS2_PLACEMENT_3D('',#18532,#14936,#14937);
#12593=AXIS2_PLACEMENT_3D('',#18538,#14941,#14942);
#12594=AXIS2_PLACEMENT_3D('',#18544,#14946,#14947);
#12595=AXIS2_PLACEMENT_3D('',#18547,#14950,#14951);
#12596=AXIS2_PLACEMENT_3D('',#18548,#14952,#14953);
#12597=AXIS2_PLACEMENT_3D('',#18549,#14954,#14955);
#12598=AXIS2_PLACEMENT_3D('',#18550,#14956,#14957);
#12599=AXIS2_PLACEMENT_3D('',#18559,#14962,#14963);
#12600=AXIS2_PLACEMENT_3D('',#18565,#14967,#14968);
#12601=AXIS2_PLACEMENT_3D('',#18571,#14972,#14973);
#12602=AXIS2_PLACEMENT_3D('',#18574,#14976,#14977);
#12603=AXIS2_PLACEMENT_3D('',#18575,#14978,#14979);
#12604=AXIS2_PLACEMENT_3D('',#18576,#14980,#14981);
#12605=AXIS2_PLACEMENT_3D('',#18577,#14982,#14983);
#12606=AXIS2_PLACEMENT_3D('',#18586,#14988,#14989);
#12607=AXIS2_PLACEMENT_3D('',#18592,#14993,#14994);
#12608=AXIS2_PLACEMENT_3D('',#18598,#14998,#14999);
#12609=AXIS2_PLACEMENT_3D('',#18601,#15002,#15003);
#12610=AXIS2_PLACEMENT_3D('',#18602,#15004,#15005);
#12611=AXIS2_PLACEMENT_3D('',#18603,#15006,#15007);
#12612=AXIS2_PLACEMENT_3D('',#18604,#15008,#15009);
#12613=AXIS2_PLACEMENT_3D('',#18613,#15014,#15015);
#12614=AXIS2_PLACEMENT_3D('',#18619,#15019,#15020);
#12615=AXIS2_PLACEMENT_3D('',#18625,#15024,#15025);
#12616=AXIS2_PLACEMENT_3D('',#18628,#15028,#15029);
#12617=AXIS2_PLACEMENT_3D('',#18629,#15030,#15031);
#12618=AXIS2_PLACEMENT_3D('',#18630,#15032,#15033);
#12619=AXIS2_PLACEMENT_3D('',#18631,#15034,#15035);
#12620=AXIS2_PLACEMENT_3D('',#18640,#15040,#15041);
#12621=AXIS2_PLACEMENT_3D('',#18646,#15045,#15046);
#12622=AXIS2_PLACEMENT_3D('',#18652,#15050,#15051);
#12623=AXIS2_PLACEMENT_3D('',#18655,#15054,#15055);
#12624=AXIS2_PLACEMENT_3D('',#18656,#15056,#15057);
#12625=AXIS2_PLACEMENT_3D('',#18657,#15058,#15059);
#12626=AXIS2_PLACEMENT_3D('',#18658,#15060,#15061);
#12627=AXIS2_PLACEMENT_3D('',#18660,#15062,#15063);
#12628=AXIS2_PLACEMENT_3D('',#18663,#15065,#15066);
#12629=AXIS2_PLACEMENT_3D('',#18664,#15067,#15068);
#12630=AXIS2_PLACEMENT_3D('',#18666,#15069,#15070);
#12631=AXIS2_PLACEMENT_3D('',#18669,#15072,#15073);
#12632=AXIS2_PLACEMENT_3D('',#18670,#15074,#15075);
#12633=AXIS2_PLACEMENT_3D('',#18672,#15076,#15077);
#12634=AXIS2_PLACEMENT_3D('',#18675,#15079,#15080);
#12635=AXIS2_PLACEMENT_3D('',#18676,#15081,#15082);
#12636=AXIS2_PLACEMENT_3D('',#18678,#15083,#15084);
#12637=AXIS2_PLACEMENT_3D('',#18681,#15086,#15087);
#12638=AXIS2_PLACEMENT_3D('',#18682,#15088,#15089);
#12639=AXIS2_PLACEMENT_3D('',#18691,#15094,#15095);
#12640=AXIS2_PLACEMENT_3D('',#18697,#15099,#15100);
#12641=AXIS2_PLACEMENT_3D('',#18703,#15104,#15105);
#12642=AXIS2_PLACEMENT_3D('',#18706,#15108,#15109);
#12643=AXIS2_PLACEMENT_3D('',#18707,#15110,#15111);
#12644=AXIS2_PLACEMENT_3D('',#18708,#15112,#15113);
#12645=AXIS2_PLACEMENT_3D('',#18717,#15118,#15119);
#12646=AXIS2_PLACEMENT_3D('',#18723,#15123,#15124);
#12647=AXIS2_PLACEMENT_3D('',#18729,#15128,#15129);
#12648=AXIS2_PLACEMENT_3D('',#18732,#15132,#15133);
#12649=AXIS2_PLACEMENT_3D('',#18733,#15134,#15135);
#12650=AXIS2_PLACEMENT_3D('',#18734,#15136,#15137);
#12651=AXIS2_PLACEMENT_3D('',#18743,#15142,#15143);
#12652=AXIS2_PLACEMENT_3D('',#18749,#15147,#15148);
#12653=AXIS2_PLACEMENT_3D('',#18755,#15152,#15153);
#12654=AXIS2_PLACEMENT_3D('',#18758,#15156,#15157);
#12655=AXIS2_PLACEMENT_3D('',#18759,#15158,#15159);
#12656=AXIS2_PLACEMENT_3D('',#18760,#15160,#15161);
#12657=AXIS2_PLACEMENT_3D('',#18769,#15166,#15167);
#12658=AXIS2_PLACEMENT_3D('',#18775,#15171,#15172);
#12659=AXIS2_PLACEMENT_3D('',#18781,#15176,#15177);
#12660=AXIS2_PLACEMENT_3D('',#18784,#15180,#15181);
#12661=AXIS2_PLACEMENT_3D('',#18785,#15182,#15183);
#12662=AXIS2_PLACEMENT_3D('',#18786,#15184,#15185);
#12663=AXIS2_PLACEMENT_3D('',#18787,#15186,#15187);
#12664=AXIS2_PLACEMENT_3D('',#18789,#15188,#15189);
#12665=AXIS2_PLACEMENT_3D('',#18792,#15191,#15192);
#12666=AXIS2_PLACEMENT_3D('',#18793,#15193,#15194);
#12667=AXIS2_PLACEMENT_3D('',#18795,#15195,#15196);
#12668=AXIS2_PLACEMENT_3D('',#18798,#15198,#15199);
#12669=AXIS2_PLACEMENT_3D('',#18799,#15200,#15201);
#12670=AXIS2_PLACEMENT_3D('',#18808,#15206,#15207);
#12671=AXIS2_PLACEMENT_3D('',#18814,#15211,#15212);
#12672=AXIS2_PLACEMENT_3D('',#18820,#15216,#15217);
#12673=AXIS2_PLACEMENT_3D('',#18823,#15220,#15221);
#12674=AXIS2_PLACEMENT_3D('',#18824,#15222,#15223);
#12675=AXIS2_PLACEMENT_3D('',#18825,#15224,#15225);
#12676=AXIS2_PLACEMENT_3D('',#18826,#15226,#15227);
#12677=AXIS2_PLACEMENT_3D('',#18827,#15228,#15229);
#12678=AXIS2_PLACEMENT_3D('',#18828,#15230,#15231);
#12679=AXIS2_PLACEMENT_3D('',#18829,#15232,#15233);
#12680=AXIS2_PLACEMENT_3D('',#18830,#15234,#15235);
#12681=AXIS2_PLACEMENT_3D('',#18831,#15236,#15237);
#12682=AXIS2_PLACEMENT_3D('',#18832,#15238,#15239);
#12683=AXIS2_PLACEMENT_3D('',#18833,#15240,#15241);
#12684=AXIS2_PLACEMENT_3D('',#18834,#15242,#15243);
#12685=AXIS2_PLACEMENT_3D('',#18835,#15244,#15245);
#12686=AXIS2_PLACEMENT_3D('',#18836,#15246,#15247);
#12687=AXIS2_PLACEMENT_3D('',#18838,#15248,#15249);
#12688=AXIS2_PLACEMENT_3D('',#18841,#15251,#15252);
#12689=AXIS2_PLACEMENT_3D('',#18842,#15253,#15254);
#12690=AXIS2_PLACEMENT_3D('',#18844,#15255,#15256);
#12691=AXIS2_PLACEMENT_3D('',#18847,#15258,#15259);
#12692=AXIS2_PLACEMENT_3D('',#18848,#15260,#15261);
#12693=AXIS2_PLACEMENT_3D('',#18850,#15262,#15263);
#12694=AXIS2_PLACEMENT_3D('',#18853,#15265,#15266);
#12695=AXIS2_PLACEMENT_3D('',#18854,#15267,#15268);
#12696=AXIS2_PLACEMENT_3D('',#18856,#15269,#15270);
#12697=AXIS2_PLACEMENT_3D('',#18859,#15272,#15273);
#12698=AXIS2_PLACEMENT_3D('',#18860,#15274,#15275);
#12699=AXIS2_PLACEMENT_3D('',#18869,#15280,#15281);
#12700=AXIS2_PLACEMENT_3D('',#18875,#15285,#15286);
#12701=AXIS2_PLACEMENT_3D('',#18881,#15290,#15291);
#12702=AXIS2_PLACEMENT_3D('',#18884,#15294,#15295);
#12703=AXIS2_PLACEMENT_3D('',#18885,#15296,#15297);
#12704=AXIS2_PLACEMENT_3D('',#18886,#15298,#15299);
#12705=AXIS2_PLACEMENT_3D('',#18887,#15300,#15301);
#12706=AXIS2_PLACEMENT_3D('',#18888,#15302,#15303);
#12707=AXIS2_PLACEMENT_3D('',#18889,#15304,#15305);
#12708=AXIS2_PLACEMENT_3D('',#18891,#15306,#15307);
#12709=AXIS2_PLACEMENT_3D('',#18894,#15309,#15310);
#12710=AXIS2_PLACEMENT_3D('',#18895,#15311,#15312);
#12711=AXIS2_PLACEMENT_3D('',#18897,#15313,#15314);
#12712=AXIS2_PLACEMENT_3D('',#18900,#15316,#15317);
#12713=AXIS2_PLACEMENT_3D('',#18901,#15318,#15319);
#12714=AXIS2_PLACEMENT_3D('',#18903,#15320,#15321);
#12715=AXIS2_PLACEMENT_3D('',#18906,#15323,#15324);
#12716=AXIS2_PLACEMENT_3D('',#18907,#15325,#15326);
#12717=AXIS2_PLACEMENT_3D('',#18909,#15327,#15328);
#12718=AXIS2_PLACEMENT_3D('',#18912,#15330,#15331);
#12719=AXIS2_PLACEMENT_3D('',#18913,#15332,#15333);
#12720=AXIS2_PLACEMENT_3D('',#18922,#15338,#15339);
#12721=AXIS2_PLACEMENT_3D('',#18928,#15343,#15344);
#12722=AXIS2_PLACEMENT_3D('',#18934,#15348,#15349);
#12723=AXIS2_PLACEMENT_3D('',#18937,#15352,#15353);
#12724=AXIS2_PLACEMENT_3D('',#18946,#15358,#15359);
#12725=AXIS2_PLACEMENT_3D('',#18952,#15363,#15364);
#12726=AXIS2_PLACEMENT_3D('',#18958,#15368,#15369);
#12727=AXIS2_PLACEMENT_3D('',#18961,#15372,#15373);
#12728=AXIS2_PLACEMENT_3D('',#18970,#15378,#15379);
#12729=AXIS2_PLACEMENT_3D('',#18976,#15383,#15384);
#12730=AXIS2_PLACEMENT_3D('',#18982,#15388,#15389);
#12731=AXIS2_PLACEMENT_3D('',#18985,#15392,#15393);
#12732=AXIS2_PLACEMENT_3D('',#18986,#15394,#15395);
#12733=AXIS2_PLACEMENT_3D('',#18987,#15396,#15397);
#12734=AXIS2_PLACEMENT_3D('',#18996,#15402,#15403);
#12735=AXIS2_PLACEMENT_3D('',#19002,#15407,#15408);
#12736=AXIS2_PLACEMENT_3D('',#19008,#15412,#15413);
#12737=AXIS2_PLACEMENT_3D('',#19011,#15416,#15417);
#12738=AXIS2_PLACEMENT_3D('',#19012,#15418,#15419);
#12739=AXIS2_PLACEMENT_3D('',#19013,#15420,#15421);
#12740=AXIS2_PLACEMENT_3D('',#19022,#15426,#15427);
#12741=AXIS2_PLACEMENT_3D('',#19031,#15432,#15433);
#12742=AXIS2_PLACEMENT_3D('',#19034,#15436,#15437);
#12743=AXIS2_PLACEMENT_3D('',#19036,#15439,#15440);
#12744=AXIS2_PLACEMENT_3D('',#19038,#15442,#15443);
#12745=AXIS2_PLACEMENT_3D('',#19039,#15444,#15445);
#12746=AXIS2_PLACEMENT_3D('',#19040,#15446,#15447);
#12747=AXIS2_PLACEMENT_3D('',#19042,#15448,#15449);
#12748=AXIS2_PLACEMENT_3D('',#19045,#15451,#15452);
#12749=AXIS2_PLACEMENT_3D('',#19046,#15453,#15454);
#12750=AXIS2_PLACEMENT_3D('',#19047,#15455,#15456);
#12751=AXIS2_PLACEMENT_3D('',#19049,#15457,#15458);
#12752=AXIS2_PLACEMENT_3D('',#19052,#15460,#15461);
#12753=AXIS2_PLACEMENT_3D('',#19053,#15462,#15463);
#12754=AXIS2_PLACEMENT_3D('',#19054,#15464,#15465);
#12755=AXIS2_PLACEMENT_3D('',#19056,#15466,#15467);
#12756=AXIS2_PLACEMENT_3D('',#19059,#15469,#15470);
#12757=AXIS2_PLACEMENT_3D('',#19060,#15471,#15472);
#12758=AXIS2_PLACEMENT_3D('',#19061,#15473,#15474);
#12759=AXIS2_PLACEMENT_3D('',#19062,#15475,#15476);
#12760=AXIS2_PLACEMENT_3D('',#19063,#15477,#15478);
#12761=AXIS2_PLACEMENT_3D('',#19065,#15479,#15480);
#12762=AXIS2_PLACEMENT_3D('',#19068,#15482,#15483);
#12763=AXIS2_PLACEMENT_3D('',#19069,#15484,#15485);
#12764=AXIS2_PLACEMENT_3D('',#19070,#15486,#15487);
#12765=AXIS2_PLACEMENT_3D('',#19072,#15488,#15489);
#12766=AXIS2_PLACEMENT_3D('',#19075,#15491,#15492);
#12767=AXIS2_PLACEMENT_3D('',#19076,#15493,#15494);
#12768=AXIS2_PLACEMENT_3D('',#19077,#15495,#15496);
#12769=AXIS2_PLACEMENT_3D('',#19079,#15497,#15498);
#12770=AXIS2_PLACEMENT_3D('',#19082,#15500,#15501);
#12771=AXIS2_PLACEMENT_3D('',#19083,#15502,#15503);
#12772=AXIS2_PLACEMENT_3D('',#19084,#15504,#15505);
#12773=AXIS2_PLACEMENT_3D('',#19085,#15506,#15507);
#12774=AXIS2_PLACEMENT_3D('',#19086,#15508,#15509);
#12775=AXIS2_PLACEMENT_3D('',#19088,#15510,#15511);
#12776=AXIS2_PLACEMENT_3D('',#19091,#15513,#15514);
#12777=AXIS2_PLACEMENT_3D('',#19092,#15515,#15516);
#12778=AXIS2_PLACEMENT_3D('',#19093,#15517,#15518);
#12779=AXIS2_PLACEMENT_3D('',#19095,#15519,#15520);
#12780=AXIS2_PLACEMENT_3D('',#19098,#15522,#15523);
#12781=AXIS2_PLACEMENT_3D('',#19099,#15524,#15525);
#12782=AXIS2_PLACEMENT_3D('',#19100,#15526,#15527);
#12783=AXIS2_PLACEMENT_3D('',#19102,#15528,#15529);
#12784=AXIS2_PLACEMENT_3D('',#19105,#15531,#15532);
#12785=AXIS2_PLACEMENT_3D('',#19106,#15533,#15534);
#12786=AXIS2_PLACEMENT_3D('',#19107,#15535,#15536);
#12787=AXIS2_PLACEMENT_3D('',#19108,#15537,#15538);
#12788=AXIS2_PLACEMENT_3D('',#19109,#15539,#15540);
#12789=AXIS2_PLACEMENT_3D('',#19111,#15541,#15542);
#12790=AXIS2_PLACEMENT_3D('',#19114,#15544,#15545);
#12791=AXIS2_PLACEMENT_3D('',#19115,#15546,#15547);
#12792=AXIS2_PLACEMENT_3D('',#19116,#15548,#15549);
#12793=AXIS2_PLACEMENT_3D('',#19118,#15550,#15551);
#12794=AXIS2_PLACEMENT_3D('',#19121,#15553,#15554);
#12795=AXIS2_PLACEMENT_3D('',#19122,#15555,#15556);
#12796=AXIS2_PLACEMENT_3D('',#19123,#15557,#15558);
#12797=AXIS2_PLACEMENT_3D('',#19125,#15559,#15560);
#12798=AXIS2_PLACEMENT_3D('',#19128,#15562,#15563);
#12799=AXIS2_PLACEMENT_3D('',#19129,#15564,#15565);
#12800=AXIS2_PLACEMENT_3D('',#19130,#15566,#15567);
#12801=AXIS2_PLACEMENT_3D('',#19131,#15568,#15569);
#12802=AXIS2_PLACEMENT_3D('',#19132,#15570,#15571);
#12803=AXIS2_PLACEMENT_3D('',#19134,#15572,#15573);
#12804=AXIS2_PLACEMENT_3D('',#19137,#15575,#15576);
#12805=AXIS2_PLACEMENT_3D('',#19138,#15577,#15578);
#12806=AXIS2_PLACEMENT_3D('',#19139,#15579,#15580);
#12807=AXIS2_PLACEMENT_3D('',#19141,#15581,#15582);
#12808=AXIS2_PLACEMENT_3D('',#19144,#15584,#15585);
#12809=AXIS2_PLACEMENT_3D('',#19145,#15586,#15587);
#12810=AXIS2_PLACEMENT_3D('',#19146,#15588,#15589);
#12811=AXIS2_PLACEMENT_3D('',#19148,#15590,#15591);
#12812=AXIS2_PLACEMENT_3D('',#19151,#15593,#15594);
#12813=AXIS2_PLACEMENT_3D('',#19152,#15595,#15596);
#12814=AXIS2_PLACEMENT_3D('',#19153,#15597,#15598);
#12815=AXIS2_PLACEMENT_3D('',#19154,#15599,#15600);
#12816=AXIS2_PLACEMENT_3D('',#19155,#15601,#15602);
#12817=AXIS2_PLACEMENT_3D('',#19157,#15603,#15604);
#12818=AXIS2_PLACEMENT_3D('',#19160,#15606,#15607);
#12819=AXIS2_PLACEMENT_3D('',#19161,#15608,#15609);
#12820=AXIS2_PLACEMENT_3D('',#19162,#15610,#15611);
#12821=AXIS2_PLACEMENT_3D('',#19164,#15612,#15613);
#12822=AXIS2_PLACEMENT_3D('',#19167,#15615,#15616);
#12823=AXIS2_PLACEMENT_3D('',#19168,#15617,#15618);
#12824=AXIS2_PLACEMENT_3D('',#19169,#15619,#15620);
#12825=AXIS2_PLACEMENT_3D('',#19171,#15621,#15622);
#12826=AXIS2_PLACEMENT_3D('',#19174,#15624,#15625);
#12827=AXIS2_PLACEMENT_3D('',#19175,#15626,#15627);
#12828=AXIS2_PLACEMENT_3D('',#19176,#15628,#15629);
#12829=AXIS2_PLACEMENT_3D('',#19177,#15630,#15631);
#12830=AXIS2_PLACEMENT_3D('',#19178,#15632,#15633);
#12831=AXIS2_PLACEMENT_3D('',#19180,#15634,#15635);
#12832=AXIS2_PLACEMENT_3D('',#19183,#15637,#15638);
#12833=AXIS2_PLACEMENT_3D('',#19184,#15639,#15640);
#12834=AXIS2_PLACEMENT_3D('',#19186,#15641,#15642);
#12835=AXIS2_PLACEMENT_3D('',#19189,#15644,#15645);
#12836=AXIS2_PLACEMENT_3D('',#19190,#15646,#15647);
#12837=AXIS2_PLACEMENT_3D('',#19199,#15652,#15653);
#12838=AXIS2_PLACEMENT_3D('',#19205,#15657,#15658);
#12839=AXIS2_PLACEMENT_3D('',#19211,#15662,#15663);
#12840=AXIS2_PLACEMENT_3D('',#19221,#15669,#15670);
#12841=AXIS2_PLACEMENT_3D('',#19225,#15673,#15674);
#12842=AXIS2_PLACEMENT_3D('',#19234,#15679,#15680);
#12843=AXIS2_PLACEMENT_3D('',#19240,#15684,#15685);
#12844=AXIS2_PLACEMENT_3D('',#19246,#15689,#15690);
#12845=AXIS2_PLACEMENT_3D('',#19249,#15693,#15694);
#12846=AXIS2_PLACEMENT_3D('',#19250,#15695,#15696);
#12847=AXIS2_PLACEMENT_3D('',#19256,#15700,#15701);
#12848=AXIS2_PLACEMENT_3D('',#19261,#15705,#15706);
#12849=AXIS2_PLACEMENT_3D('',#19263,#15708,#15709);
#12850=AXIS2_PLACEMENT_3D('',#19264,#15710,#15711);
#12851=AXIS2_PLACEMENT_3D('',#19265,#15712,#15713);
#12852=AXIS2_PLACEMENT_3D('',#19266,#15714,#15715);
#12853=AXIS2_PLACEMENT_3D('',#19268,#15716,#15717);
#12854=AXIS2_PLACEMENT_3D('',#19271,#15719,#15720);
#12855=AXIS2_PLACEMENT_3D('',#19272,#15721,#15722);
#12856=AXIS2_PLACEMENT_3D('',#19274,#15723,#15724);
#12857=AXIS2_PLACEMENT_3D('',#19277,#15726,#15727);
#12858=AXIS2_PLACEMENT_3D('',#19278,#15728,#15729);
#12859=AXIS2_PLACEMENT_3D('',#19287,#15734,#15735);
#12860=AXIS2_PLACEMENT_3D('',#19296,#15740,#15741);
#12861=AXIS2_PLACEMENT_3D('',#19299,#15744,#15745);
#12862=AXIS2_PLACEMENT_3D('',#19309,#15751,#15752);
#12863=AXIS2_PLACEMENT_3D('',#19313,#15755,#15756);
#12864=AXIS2_PLACEMENT_3D('',#19317,#15759,#15760);
#12865=AXIS2_PLACEMENT_3D('',#19326,#15765,#15766);
#12866=AXIS2_PLACEMENT_3D('',#19332,#15770,#15771);
#12867=AXIS2_PLACEMENT_3D('',#19338,#15775,#15776);
#12868=AXIS2_PLACEMENT_3D('',#19341,#15779,#15780);
#12869=AXIS2_PLACEMENT_3D('',#19342,#15781,#15782);
#12870=AXIS2_PLACEMENT_3D('',#19346,#15785,#15786);
#12871=AXIS2_PLACEMENT_3D('',#19350,#15789,#15790);
#12872=AXIS2_PLACEMENT_3D('',#19352,#15792,#15793);
#12873=AXIS2_PLACEMENT_3D('',#19353,#15794,#15795);
#12874=AXIS2_PLACEMENT_3D('',#19354,#15796,#15797);
#12875=AXIS2_PLACEMENT_3D('',#19356,#15798,#15799);
#12876=AXIS2_PLACEMENT_3D('',#19359,#15801,#15802);
#12877=AXIS2_PLACEMENT_3D('',#19360,#15803,#15804);
#12878=AXIS2_PLACEMENT_3D('',#19362,#15805,#15806);
#12879=AXIS2_PLACEMENT_3D('',#19365,#15808,#15809);
#12880=AXIS2_PLACEMENT_3D('',#19366,#15810,#15811);
#12881=AXIS2_PLACEMENT_3D('',#19375,#15816,#15817);
#12882=AXIS2_PLACEMENT_3D('',#19384,#15822,#15823);
#12883=AXIS2_PLACEMENT_3D('',#19387,#15826,#15827);
#12884=AXIS2_PLACEMENT_3D('',#19397,#15833,#15834);
#12885=AXIS2_PLACEMENT_3D('',#19401,#15837,#15838);
#12886=AXIS2_PLACEMENT_3D('',#19405,#15841,#15842);
#12887=AXIS2_PLACEMENT_3D('',#19414,#15847,#15848);
#12888=AXIS2_PLACEMENT_3D('',#19420,#15852,#15853);
#12889=AXIS2_PLACEMENT_3D('',#19426,#15857,#15858);
#12890=AXIS2_PLACEMENT_3D('',#19429,#15861,#15862);
#12891=AXIS2_PLACEMENT_3D('',#19430,#15863,#15864);
#12892=AXIS2_PLACEMENT_3D('',#19434,#15867,#15868);
#12893=AXIS2_PLACEMENT_3D('',#19438,#15871,#15872);
#12894=AXIS2_PLACEMENT_3D('',#19440,#15874,#15875);
#12895=AXIS2_PLACEMENT_3D('',#19441,#15876,#15877);
#12896=AXIS2_PLACEMENT_3D('',#19442,#15878,#15879);
#12897=AXIS2_PLACEMENT_3D('',#19444,#15880,#15881);
#12898=AXIS2_PLACEMENT_3D('',#19447,#15883,#15884);
#12899=AXIS2_PLACEMENT_3D('',#19448,#15885,#15886);
#12900=AXIS2_PLACEMENT_3D('',#19450,#15887,#15888);
#12901=AXIS2_PLACEMENT_3D('',#19453,#15890,#15891);
#12902=AXIS2_PLACEMENT_3D('',#19454,#15892,#15893);
#12903=AXIS2_PLACEMENT_3D('',#19463,#15898,#15899);
#12904=AXIS2_PLACEMENT_3D('',#19469,#15903,#15904);
#12905=AXIS2_PLACEMENT_3D('',#19475,#15908,#15909);
#12906=AXIS2_PLACEMENT_3D('',#19485,#15915,#15916);
#12907=AXIS2_PLACEMENT_3D('',#19489,#15919,#15920);
#12908=AXIS2_PLACEMENT_3D('',#19498,#15925,#15926);
#12909=AXIS2_PLACEMENT_3D('',#19504,#15930,#15931);
#12910=AXIS2_PLACEMENT_3D('',#19510,#15935,#15936);
#12911=AXIS2_PLACEMENT_3D('',#19513,#15939,#15940);
#12912=AXIS2_PLACEMENT_3D('',#19514,#15941,#15942);
#12913=AXIS2_PLACEMENT_3D('',#19520,#15946,#15947);
#12914=AXIS2_PLACEMENT_3D('',#19525,#15951,#15952);
#12915=AXIS2_PLACEMENT_3D('',#19527,#15954,#15955);
#12916=AXIS2_PLACEMENT_3D('',#19528,#15956,#15957);
#12917=AXIS2_PLACEMENT_3D('',#19529,#15958,#15959);
#12918=AXIS2_PLACEMENT_3D('',#19530,#15960,#15961);
#12919=AXIS2_PLACEMENT_3D('',#19532,#15962,#15963);
#12920=AXIS2_PLACEMENT_3D('',#19535,#15965,#15966);
#12921=AXIS2_PLACEMENT_3D('',#19536,#15967,#15968);
#12922=AXIS2_PLACEMENT_3D('',#19538,#15969,#15970);
#12923=AXIS2_PLACEMENT_3D('',#19541,#15972,#15973);
#12924=AXIS2_PLACEMENT_3D('',#19542,#15974,#15975);
#12925=AXIS2_PLACEMENT_3D('',#19551,#15980,#15981);
#12926=AXIS2_PLACEMENT_3D('',#19560,#15986,#15987);
#12927=AXIS2_PLACEMENT_3D('',#19563,#15990,#15991);
#12928=AXIS2_PLACEMENT_3D('',#19573,#15997,#15998);
#12929=AXIS2_PLACEMENT_3D('',#19577,#16001,#16002);
#12930=AXIS2_PLACEMENT_3D('',#19581,#16005,#16006);
#12931=AXIS2_PLACEMENT_3D('',#19590,#16011,#16012);
#12932=AXIS2_PLACEMENT_3D('',#19596,#16016,#16017);
#12933=AXIS2_PLACEMENT_3D('',#19602,#16021,#16022);
#12934=AXIS2_PLACEMENT_3D('',#19605,#16025,#16026);
#12935=AXIS2_PLACEMENT_3D('',#19606,#16027,#16028);
#12936=AXIS2_PLACEMENT_3D('',#19610,#16031,#16032);
#12937=AXIS2_PLACEMENT_3D('',#19614,#16035,#16036);
#12938=AXIS2_PLACEMENT_3D('',#19616,#16038,#16039);
#12939=AXIS2_PLACEMENT_3D('',#19617,#16040,#16041);
#12940=AXIS2_PLACEMENT_3D('',#19618,#16042,#16043);
#12941=AXIS2_PLACEMENT_3D('',#19620,#16044,#16045);
#12942=AXIS2_PLACEMENT_3D('',#19623,#16047,#16048);
#12943=AXIS2_PLACEMENT_3D('',#19624,#16049,#16050);
#12944=AXIS2_PLACEMENT_3D('',#19626,#16051,#16052);
#12945=AXIS2_PLACEMENT_3D('',#19629,#16054,#16055);
#12946=AXIS2_PLACEMENT_3D('',#19630,#16056,#16057);
#12947=AXIS2_PLACEMENT_3D('',#19632,#16058,#16059);
#12948=AXIS2_PLACEMENT_3D('',#19635,#16061,#16062);
#12949=AXIS2_PLACEMENT_3D('',#19636,#16063,#16064);
#12950=AXIS2_PLACEMENT_3D('',#19637,#16065,#16066);
#12951=AXIS2_PLACEMENT_3D('',#19639,#16067,#16068);
#12952=AXIS2_PLACEMENT_3D('',#19642,#16070,#16071);
#12953=AXIS2_PLACEMENT_3D('',#19643,#16072,#16073);
#12954=AXIS2_PLACEMENT_3D('',#19644,#16074,#16075);
#12955=AXIS2_PLACEMENT_3D('',#19646,#16076,#16077);
#12956=AXIS2_PLACEMENT_3D('',#19649,#16079,#16080);
#12957=AXIS2_PLACEMENT_3D('',#19650,#16081,#16082);
#12958=AXIS2_PLACEMENT_3D('',#19651,#16083,#16084);
#12959=AXIS2_PLACEMENT_3D('',#19653,#16085,#16086);
#12960=AXIS2_PLACEMENT_3D('',#19656,#16088,#16089);
#12961=AXIS2_PLACEMENT_3D('',#19657,#16090,#16091);
#12962=AXIS2_PLACEMENT_3D('',#19658,#16092,#16093);
#12963=AXIS2_PLACEMENT_3D('',#19667,#16098,#16099);
#12964=AXIS2_PLACEMENT_3D('',#19673,#16103,#16104);
#12965=AXIS2_PLACEMENT_3D('',#19679,#16108,#16109);
#12966=AXIS2_PLACEMENT_3D('',#19682,#16112,#16113);
#12967=AXIS2_PLACEMENT_3D('',#19684,#16114,#16115);
#12968=AXIS2_PLACEMENT_3D('',#19687,#16117,#16118);
#12969=AXIS2_PLACEMENT_3D('',#19688,#16119,#16120);
#12970=AXIS2_PLACEMENT_3D('',#19689,#16121,#16122);
#12971=AXIS2_PLACEMENT_3D('',#19691,#16123,#16124);
#12972=AXIS2_PLACEMENT_3D('',#19694,#16126,#16127);
#12973=AXIS2_PLACEMENT_3D('',#19695,#16128,#16129);
#12974=AXIS2_PLACEMENT_3D('',#19696,#16130,#16131);
#12975=AXIS2_PLACEMENT_3D('',#19698,#16132,#16133);
#12976=AXIS2_PLACEMENT_3D('',#19701,#16135,#16136);
#12977=AXIS2_PLACEMENT_3D('',#19702,#16137,#16138);
#12978=AXIS2_PLACEMENT_3D('',#19703,#16139,#16140);
#12979=AXIS2_PLACEMENT_3D('',#19705,#16141,#16142);
#12980=AXIS2_PLACEMENT_3D('',#19708,#16144,#16145);
#12981=AXIS2_PLACEMENT_3D('',#19709,#16146,#16147);
#12982=AXIS2_PLACEMENT_3D('',#19710,#16148,#16149);
#12983=AXIS2_PLACEMENT_3D('',#19719,#16154,#16155);
#12984=AXIS2_PLACEMENT_3D('',#19725,#16159,#16160);
#12985=AXIS2_PLACEMENT_3D('',#19731,#16164,#16165);
#12986=AXIS2_PLACEMENT_3D('',#19734,#16168,#16169);
#12987=AXIS2_PLACEMENT_3D('',#19735,#16170,#16171);
#12988=AXIS2_PLACEMENT_3D('',#19736,#16172,#16173);
#12989=AXIS2_PLACEMENT_3D('',#19737,#16174,#16175);
#12990=AXIS2_PLACEMENT_3D('',#19739,#16176,#16177);
#12991=AXIS2_PLACEMENT_3D('',#19742,#16179,#16180);
#12992=AXIS2_PLACEMENT_3D('',#19743,#16181,#16182);
#12993=AXIS2_PLACEMENT_3D('',#19745,#16183,#16184);
#12994=AXIS2_PLACEMENT_3D('',#19748,#16186,#16187);
#12995=AXIS2_PLACEMENT_3D('',#19749,#16188,#16189);
#12996=AXIS2_PLACEMENT_3D('',#19751,#16190,#16191);
#12997=AXIS2_PLACEMENT_3D('',#19754,#16193,#16194);
#12998=AXIS2_PLACEMENT_3D('',#19755,#16195,#16196);
#12999=AXIS2_PLACEMENT_3D('',#19757,#16197,#16198);
#13000=AXIS2_PLACEMENT_3D('',#19760,#16200,#16201);
#13001=AXIS2_PLACEMENT_3D('',#19761,#16202,#16203);
#13002=AXIS2_PLACEMENT_3D('',#19770,#16208,#16209);
#13003=AXIS2_PLACEMENT_3D('',#19776,#16213,#16214);
#13004=AXIS2_PLACEMENT_3D('',#19782,#16218,#16219);
#13005=AXIS2_PLACEMENT_3D('',#19785,#16222,#16223);
#13006=AXIS2_PLACEMENT_3D('',#19786,#16224,#16225);
#13007=AXIS2_PLACEMENT_3D('',#19787,#16226,#16227);
#13008=AXIS2_PLACEMENT_3D('',#19788,#16228,#16229);
#13009=AXIS2_PLACEMENT_3D('',#19789,#16230,#16231);
#13010=AXIS2_PLACEMENT_3D('',#19790,#16232,#16233);
#13011=AXIS2_PLACEMENT_3D('',#19791,#16234,#16235);
#13012=AXIS2_PLACEMENT_3D('',#19792,#16236,#16237);
#13013=AXIS2_PLACEMENT_3D('',#19793,#16238,#16239);
#13014=AXIS2_PLACEMENT_3D('',#19794,#16240,#16241);
#13015=AXIS2_PLACEMENT_3D('',#19795,#16242,#16243);
#13016=AXIS2_PLACEMENT_3D('',#19796,#16244,#16245);
#13017=AXIS2_PLACEMENT_3D('',#19797,#16246,#16247);
#13018=AXIS2_PLACEMENT_3D('',#19798,#16248,#16249);
#13019=AXIS2_PLACEMENT_3D('',#19799,#16250,#16251);
#13020=AXIS2_PLACEMENT_3D('',#19800,#16252,#16253);
#13021=AXIS2_PLACEMENT_3D('',#19801,#16254,#16255);
#13022=AXIS2_PLACEMENT_3D('',#19802,#16256,#16257);
#13023=AXIS2_PLACEMENT_3D('',#19803,#16258,#16259);
#13024=AXIS2_PLACEMENT_3D('',#19804,#16260,#16261);
#13025=AXIS2_PLACEMENT_3D('',#19805,#16262,#16263);
#13026=AXIS2_PLACEMENT_3D('',#19806,#16264,#16265);
#13027=AXIS2_PLACEMENT_3D('',#19807,#16266,#16267);
#13028=AXIS2_PLACEMENT_3D('',#19808,#16268,#16269);
#13029=AXIS2_PLACEMENT_3D('',#19809,#16270,#16271);
#13030=DIRECTION('axis',(0.,0.,1.));
#13031=DIRECTION('refdir',(1.,0.,0.));
#13032=DIRECTION('axis',(0.,0.,1.));
#13033=DIRECTION('refdir',(1.,0.,0.));
#13034=DIRECTION('axis',(0.,0.,1.));
#13035=DIRECTION('refdir',(1.,0.,0.));
#13036=DIRECTION('center_axis',(0.,0.,1.));
#13037=DIRECTION('ref_axis',(1.,0.,0.));
#13038=DIRECTION('center_axis',(0.,0.,1.));
#13039=DIRECTION('ref_axis',(1.,0.,0.));
#13040=DIRECTION('',(0.,0.,1.));
#13041=DIRECTION('center_axis',(0.,0.,-1.));
#13042=DIRECTION('ref_axis',(1.,0.,0.));
#13043=DIRECTION('center_axis',(0.,0.,1.));
#13044=DIRECTION('ref_axis',(1.,0.,0.));
#13045=DIRECTION('center_axis',(0.,0.,1.));
#13046=DIRECTION('ref_axis',(1.,0.,0.));
#13047=DIRECTION('',(0.,0.,1.));
#13048=DIRECTION('center_axis',(0.,0.,-1.));
#13049=DIRECTION('ref_axis',(1.,0.,0.));
#13050=DIRECTION('center_axis',(0.,0.,1.));
#13051=DIRECTION('ref_axis',(1.,0.,0.));
#13052=DIRECTION('center_axis',(0.,0.,1.));
#13053=DIRECTION('ref_axis',(1.,0.,0.));
#13054=DIRECTION('',(0.,0.,1.));
#13055=DIRECTION('center_axis',(0.,0.,-1.));
#13056=DIRECTION('ref_axis',(1.,0.,0.));
#13057=DIRECTION('center_axis',(0.,0.,1.));
#13058=DIRECTION('ref_axis',(1.,0.,0.));
#13059=DIRECTION('center_axis',(0.,0.,1.));
#13060=DIRECTION('ref_axis',(1.,0.,0.));
#13061=DIRECTION('',(0.,0.,1.));
#13062=DIRECTION('center_axis',(0.,0.,-1.));
#13063=DIRECTION('ref_axis',(1.,0.,0.));
#13064=DIRECTION('center_axis',(0.,0.,1.));
#13065=DIRECTION('ref_axis',(1.,0.,0.));
#13066=DIRECTION('center_axis',(0.,0.,1.));
#13067=DIRECTION('ref_axis',(1.,0.,0.));
#13068=DIRECTION('',(0.,0.,1.));
#13069=DIRECTION('center_axis',(0.,0.,-1.));
#13070=DIRECTION('ref_axis',(1.,0.,0.));
#13071=DIRECTION('center_axis',(0.,0.,1.));
#13072=DIRECTION('ref_axis',(1.,0.,0.));
#13073=DIRECTION('center_axis',(0.,0.,1.));
#13074=DIRECTION('ref_axis',(1.,0.,0.));
#13075=DIRECTION('',(0.,0.,1.));
#13076=DIRECTION('center_axis',(0.,0.,-1.));
#13077=DIRECTION('ref_axis',(1.,0.,0.));
#13078=DIRECTION('center_axis',(0.,0.,1.));
#13079=DIRECTION('ref_axis',(1.,0.,0.));
#13080=DIRECTION('center_axis',(0.,0.,1.));
#13081=DIRECTION('ref_axis',(1.,0.,0.));
#13082=DIRECTION('',(0.,0.,1.));
#13083=DIRECTION('center_axis',(0.,0.,-1.));
#13084=DIRECTION('ref_axis',(1.,0.,0.));
#13085=DIRECTION('center_axis',(0.,0.,1.));
#13086=DIRECTION('ref_axis',(1.,0.,0.));
#13087=DIRECTION('center_axis',(0.,0.,1.));
#13088=DIRECTION('ref_axis',(1.,0.,0.));
#13089=DIRECTION('',(0.,0.,1.));
#13090=DIRECTION('center_axis',(0.,0.,-1.));
#13091=DIRECTION('ref_axis',(1.,0.,0.));
#13092=DIRECTION('center_axis',(0.,0.,1.));
#13093=DIRECTION('ref_axis',(1.,0.,0.));
#13094=DIRECTION('center_axis',(0.,0.,1.));
#13095=DIRECTION('ref_axis',(1.,0.,0.));
#13096=DIRECTION('',(0.,0.,1.));
#13097=DIRECTION('center_axis',(0.,0.,-1.));
#13098=DIRECTION('ref_axis',(1.,0.,0.));
#13099=DIRECTION('center_axis',(0.,0.,1.));
#13100=DIRECTION('ref_axis',(1.,0.,0.));
#13101=DIRECTION('center_axis',(0.,0.,1.));
#13102=DIRECTION('ref_axis',(1.,0.,0.));
#13103=DIRECTION('',(0.,0.,1.));
#13104=DIRECTION('center_axis',(0.,0.,-1.));
#13105=DIRECTION('ref_axis',(1.,0.,0.));
#13106=DIRECTION('center_axis',(0.,0.,1.));
#13107=DIRECTION('ref_axis',(1.,0.,0.));
#13108=DIRECTION('center_axis',(0.,0.,1.));
#13109=DIRECTION('ref_axis',(1.,0.,0.));
#13110=DIRECTION('',(0.,0.,1.));
#13111=DIRECTION('center_axis',(0.,0.,-1.));
#13112=DIRECTION('ref_axis',(1.,0.,0.));
#13113=DIRECTION('center_axis',(0.,0.,1.));
#13114=DIRECTION('ref_axis',(1.,0.,0.));
#13115=DIRECTION('center_axis',(0.,0.,1.));
#13116=DIRECTION('ref_axis',(1.,0.,0.));
#13117=DIRECTION('',(0.,0.,1.));
#13118=DIRECTION('center_axis',(0.,0.,-1.));
#13119=DIRECTION('ref_axis',(1.,0.,0.));
#13120=DIRECTION('center_axis',(1.,0.,0.));
#13121=DIRECTION('ref_axis',(0.,1.,0.));
#13122=DIRECTION('',(0.,-1.,0.));
#13123=DIRECTION('',(0.,0.,1.));
#13124=DIRECTION('',(0.,1.,0.));
#13125=DIRECTION('',(0.,0.,1.));
#13126=DIRECTION('center_axis',(-1.,0.,0.));
#13127=DIRECTION('ref_axis',(0.,-1.,0.));
#13128=DIRECTION('',(0.,-1.,0.));
#13129=DIRECTION('',(0.,0.,1.));
#13130=DIRECTION('',(0.,1.,0.));
#13131=DIRECTION('',(0.,0.,1.));
#13132=DIRECTION('center_axis',(0.,1.,0.));
#13133=DIRECTION('ref_axis',(-1.,0.,0.));
#13134=DIRECTION('',(1.,0.,0.));
#13135=DIRECTION('',(-1.,0.,0.));
#13136=DIRECTION('center_axis',(0.,-1.,0.));
#13137=DIRECTION('ref_axis',(1.,0.,0.));
#13138=DIRECTION('',(1.,0.,0.));
#13139=DIRECTION('',(-1.,0.,0.));
#13140=DIRECTION('center_axis',(1.,0.,0.));
#13141=DIRECTION('ref_axis',(0.,1.,0.));
#13142=DIRECTION('',(0.,-1.,0.));
#13143=DIRECTION('',(0.,0.,1.));
#13144=DIRECTION('',(0.,1.,0.));
#13145=DIRECTION('',(0.,0.,1.));
#13146=DIRECTION('center_axis',(-1.,0.,0.));
#13147=DIRECTION('ref_axis',(0.,-1.,0.));
#13148=DIRECTION('',(0.,-1.,0.));
#13149=DIRECTION('',(0.,0.,1.));
#13150=DIRECTION('',(0.,1.,0.));
#13151=DIRECTION('',(0.,0.,1.));
#13152=DIRECTION('center_axis',(0.,1.,0.));
#13153=DIRECTION('ref_axis',(-1.,0.,0.));
#13154=DIRECTION('',(1.,0.,0.));
#13155=DIRECTION('',(-1.,0.,0.));
#13156=DIRECTION('center_axis',(0.,-1.,0.));
#13157=DIRECTION('ref_axis',(1.,0.,0.));
#13158=DIRECTION('',(1.,0.,0.));
#13159=DIRECTION('',(-1.,0.,0.));
#13160=DIRECTION('center_axis',(1.,0.,0.));
#13161=DIRECTION('ref_axis',(0.,1.,0.));
#13162=DIRECTION('',(0.,-1.,0.));
#13163=DIRECTION('',(0.,0.,1.));
#13164=DIRECTION('',(0.,1.,0.));
#13165=DIRECTION('',(0.,0.,1.));
#13166=DIRECTION('center_axis',(-1.,0.,0.));
#13167=DIRECTION('ref_axis',(0.,-1.,0.));
#13168=DIRECTION('',(0.,-1.,0.));
#13169=DIRECTION('',(0.,0.,1.));
#13170=DIRECTION('',(0.,1.,0.));
#13171=DIRECTION('',(0.,0.,1.));
#13172=DIRECTION('center_axis',(0.,1.,0.));
#13173=DIRECTION('ref_axis',(-1.,0.,0.));
#13174=DIRECTION('',(1.,0.,0.));
#13175=DIRECTION('',(-1.,0.,0.));
#13176=DIRECTION('center_axis',(0.,-1.,0.));
#13177=DIRECTION('ref_axis',(1.,0.,0.));
#13178=DIRECTION('',(1.,0.,0.));
#13179=DIRECTION('',(-1.,0.,0.));
#13180=DIRECTION('center_axis',(1.,0.,0.));
#13181=DIRECTION('ref_axis',(0.,1.,0.));
#13182=DIRECTION('',(0.,-1.,0.));
#13183=DIRECTION('',(0.,0.,1.));
#13184=DIRECTION('',(0.,1.,0.));
#13185=DIRECTION('',(0.,0.,1.));
#13186=DIRECTION('center_axis',(-1.,0.,0.));
#13187=DIRECTION('ref_axis',(0.,-1.,0.));
#13188=DIRECTION('',(0.,-1.,0.));
#13189=DIRECTION('',(0.,0.,1.));
#13190=DIRECTION('',(0.,1.,0.));
#13191=DIRECTION('',(0.,0.,1.));
#13192=DIRECTION('center_axis',(0.,1.,0.));
#13193=DIRECTION('ref_axis',(-1.,0.,0.));
#13194=DIRECTION('',(1.,0.,0.));
#13195=DIRECTION('',(-1.,0.,0.));
#13196=DIRECTION('center_axis',(0.,-1.,0.));
#13197=DIRECTION('ref_axis',(1.,0.,0.));
#13198=DIRECTION('',(1.,0.,0.));
#13199=DIRECTION('',(-1.,0.,0.));
#13200=DIRECTION('center_axis',(0.,0.,1.));
#13201=DIRECTION('ref_axis',(1.,0.,0.));
#13202=DIRECTION('center_axis',(0.,0.,1.));
#13203=DIRECTION('ref_axis',(1.,0.,0.));
#13204=DIRECTION('',(0.,0.,1.));
#13205=DIRECTION('center_axis',(0.,0.,-1.));
#13206=DIRECTION('ref_axis',(1.,0.,0.));
#13207=DIRECTION('center_axis',(0.,0.,1.));
#13208=DIRECTION('ref_axis',(1.,0.,0.));
#13209=DIRECTION('center_axis',(0.,0.,1.));
#13210=DIRECTION('ref_axis',(1.,0.,0.));
#13211=DIRECTION('',(0.,0.,1.));
#13212=DIRECTION('center_axis',(0.,0.,-1.));
#13213=DIRECTION('ref_axis',(1.,0.,0.));
#13214=DIRECTION('center_axis',(0.,0.,1.));
#13215=DIRECTION('ref_axis',(1.,0.,0.));
#13216=DIRECTION('center_axis',(0.,0.,1.));
#13217=DIRECTION('ref_axis',(1.,0.,0.));
#13218=DIRECTION('',(0.,0.,1.));
#13219=DIRECTION('center_axis',(0.,0.,-1.));
#13220=DIRECTION('ref_axis',(1.,0.,0.));
#13221=DIRECTION('center_axis',(0.,0.,1.));
#13222=DIRECTION('ref_axis',(1.,0.,0.));
#13223=DIRECTION('center_axis',(0.,0.,1.));
#13224=DIRECTION('ref_axis',(1.,0.,0.));
#13225=DIRECTION('',(0.,0.,1.));
#13226=DIRECTION('center_axis',(0.,0.,-1.));
#13227=DIRECTION('ref_axis',(1.,0.,0.));
#13228=DIRECTION('center_axis',(0.,0.,1.));
#13229=DIRECTION('ref_axis',(1.,0.,0.));
#13230=DIRECTION('center_axis',(0.,0.,1.));
#13231=DIRECTION('ref_axis',(1.,0.,0.));
#13232=DIRECTION('',(0.,0.,1.));
#13233=DIRECTION('center_axis',(0.,0.,-1.));
#13234=DIRECTION('ref_axis',(1.,0.,0.));
#13235=DIRECTION('center_axis',(0.,0.,1.));
#13236=DIRECTION('ref_axis',(1.,0.,0.));
#13237=DIRECTION('center_axis',(0.,0.,1.));
#13238=DIRECTION('ref_axis',(1.,0.,0.));
#13239=DIRECTION('',(0.,0.,1.));
#13240=DIRECTION('center_axis',(0.,0.,-1.));
#13241=DIRECTION('ref_axis',(1.,0.,0.));
#13242=DIRECTION('center_axis',(0.,0.,1.));
#13243=DIRECTION('ref_axis',(1.,0.,0.));
#13244=DIRECTION('center_axis',(0.,0.,1.));
#13245=DIRECTION('ref_axis',(1.,0.,0.));
#13246=DIRECTION('',(0.,0.,1.));
#13247=DIRECTION('center_axis',(0.,0.,-1.));
#13248=DIRECTION('ref_axis',(1.,0.,0.));
#13249=DIRECTION('center_axis',(0.,0.,1.));
#13250=DIRECTION('ref_axis',(1.,0.,0.));
#13251=DIRECTION('center_axis',(0.,0.,1.));
#13252=DIRECTION('ref_axis',(1.,0.,0.));
#13253=DIRECTION('',(0.,0.,1.));
#13254=DIRECTION('center_axis',(0.,0.,-1.));
#13255=DIRECTION('ref_axis',(1.,0.,0.));
#13256=DIRECTION('center_axis',(0.,0.,1.));
#13257=DIRECTION('ref_axis',(1.,0.,0.));
#13258=DIRECTION('center_axis',(0.,0.,1.));
#13259=DIRECTION('ref_axis',(1.,0.,0.));
#13260=DIRECTION('',(0.,0.,1.));
#13261=DIRECTION('center_axis',(0.,0.,-1.));
#13262=DIRECTION('ref_axis',(1.,0.,0.));
#13263=DIRECTION('center_axis',(0.,0.,1.));
#13264=DIRECTION('ref_axis',(1.,0.,0.));
#13265=DIRECTION('center_axis',(0.,0.,1.));
#13266=DIRECTION('ref_axis',(1.,0.,0.));
#13267=DIRECTION('',(0.,0.,1.));
#13268=DIRECTION('center_axis',(0.,0.,-1.));
#13269=DIRECTION('ref_axis',(1.,0.,0.));
#13270=DIRECTION('center_axis',(0.,0.,1.));
#13271=DIRECTION('ref_axis',(1.,0.,0.));
#13272=DIRECTION('center_axis',(0.,0.,1.));
#13273=DIRECTION('ref_axis',(1.,0.,0.));
#13274=DIRECTION('',(0.,0.,1.));
#13275=DIRECTION('center_axis',(0.,0.,-1.));
#13276=DIRECTION('ref_axis',(1.,0.,0.));
#13277=DIRECTION('center_axis',(0.,0.,1.));
#13278=DIRECTION('ref_axis',(1.,0.,0.));
#13279=DIRECTION('center_axis',(0.,0.,1.));
#13280=DIRECTION('ref_axis',(1.,0.,0.));
#13281=DIRECTION('',(0.,0.,1.));
#13282=DIRECTION('center_axis',(0.,0.,-1.));
#13283=DIRECTION('ref_axis',(1.,0.,0.));
#13284=DIRECTION('center_axis',(0.,0.,1.));
#13285=DIRECTION('ref_axis',(1.,0.,0.));
#13286=DIRECTION('center_axis',(0.,0.,1.));
#13287=DIRECTION('ref_axis',(1.,0.,0.));
#13288=DIRECTION('',(0.,0.,1.));
#13289=DIRECTION('center_axis',(0.,0.,-1.));
#13290=DIRECTION('ref_axis',(1.,0.,0.));
#13291=DIRECTION('center_axis',(0.,0.,1.));
#13292=DIRECTION('ref_axis',(1.,0.,0.));
#13293=DIRECTION('center_axis',(0.,0.,1.));
#13294=DIRECTION('ref_axis',(1.,0.,0.));
#13295=DIRECTION('',(0.,0.,1.));
#13296=DIRECTION('center_axis',(0.,0.,-1.));
#13297=DIRECTION('ref_axis',(1.,0.,0.));
#13298=DIRECTION('center_axis',(0.,0.,1.));
#13299=DIRECTION('ref_axis',(1.,0.,0.));
#13300=DIRECTION('center_axis',(0.,0.,1.));
#13301=DIRECTION('ref_axis',(1.,0.,0.));
#13302=DIRECTION('',(0.,0.,1.));
#13303=DIRECTION('center_axis',(0.,0.,-1.));
#13304=DIRECTION('ref_axis',(1.,0.,0.));
#13305=DIRECTION('center_axis',(0.,0.,1.));
#13306=DIRECTION('ref_axis',(1.,0.,0.));
#13307=DIRECTION('center_axis',(0.,0.,1.));
#13308=DIRECTION('ref_axis',(1.,0.,0.));
#13309=DIRECTION('',(0.,0.,1.));
#13310=DIRECTION('center_axis',(0.,0.,-1.));
#13311=DIRECTION('ref_axis',(1.,0.,0.));
#13312=DIRECTION('center_axis',(0.,0.,1.));
#13313=DIRECTION('ref_axis',(1.,0.,0.));
#13314=DIRECTION('center_axis',(0.,0.,1.));
#13315=DIRECTION('ref_axis',(1.,0.,0.));
#13316=DIRECTION('',(0.,0.,1.));
#13317=DIRECTION('center_axis',(0.,0.,-1.));
#13318=DIRECTION('ref_axis',(1.,0.,0.));
#13319=DIRECTION('center_axis',(0.,0.,1.));
#13320=DIRECTION('ref_axis',(1.,0.,0.));
#13321=DIRECTION('center_axis',(0.,0.,1.));
#13322=DIRECTION('ref_axis',(1.,0.,0.));
#13323=DIRECTION('',(0.,0.,1.));
#13324=DIRECTION('center_axis',(0.,0.,-1.));
#13325=DIRECTION('ref_axis',(1.,0.,0.));
#13326=DIRECTION('center_axis',(0.,0.,1.));
#13327=DIRECTION('ref_axis',(1.,0.,0.));
#13328=DIRECTION('center_axis',(0.,0.,1.));
#13329=DIRECTION('ref_axis',(1.,0.,0.));
#13330=DIRECTION('',(0.,0.,1.));
#13331=DIRECTION('center_axis',(0.,0.,-1.));
#13332=DIRECTION('ref_axis',(1.,0.,0.));
#13333=DIRECTION('center_axis',(0.,0.,1.));
#13334=DIRECTION('ref_axis',(1.,0.,0.));
#13335=DIRECTION('center_axis',(0.,0.,1.));
#13336=DIRECTION('ref_axis',(1.,0.,0.));
#13337=DIRECTION('',(0.,0.,1.));
#13338=DIRECTION('center_axis',(0.,0.,-1.));
#13339=DIRECTION('ref_axis',(1.,0.,0.));
#13340=DIRECTION('center_axis',(0.,0.,1.));
#13341=DIRECTION('ref_axis',(1.,0.,0.));
#13342=DIRECTION('center_axis',(0.,0.,1.));
#13343=DIRECTION('ref_axis',(1.,0.,0.));
#13344=DIRECTION('',(0.,0.,1.));
#13345=DIRECTION('center_axis',(0.,0.,-1.));
#13346=DIRECTION('ref_axis',(1.,0.,0.));
#13347=DIRECTION('center_axis',(0.,0.,1.));
#13348=DIRECTION('ref_axis',(1.,0.,0.));
#13349=DIRECTION('center_axis',(0.,0.,1.));
#13350=DIRECTION('ref_axis',(1.,0.,0.));
#13351=DIRECTION('',(0.,0.,1.));
#13352=DIRECTION('center_axis',(0.,0.,-1.));
#13353=DIRECTION('ref_axis',(1.,0.,0.));
#13354=DIRECTION('center_axis',(0.,-1.,0.));
#13355=DIRECTION('ref_axis',(1.,0.,0.));
#13356=DIRECTION('',(1.,0.,0.));
#13357=DIRECTION('',(0.,0.,1.));
#13358=DIRECTION('',(-1.,0.,0.));
#13359=DIRECTION('',(0.,0.,1.));
#13360=DIRECTION('center_axis',(-1.,0.,0.));
#13361=DIRECTION('ref_axis',(0.,-1.,0.));
#13362=DIRECTION('',(0.,-1.,0.));
#13363=DIRECTION('',(0.,0.,1.));
#13364=DIRECTION('',(0.,1.,0.));
#13365=DIRECTION('center_axis',(0.,1.,0.));
#13366=DIRECTION('ref_axis',(-1.,0.,0.));
#13367=DIRECTION('',(-1.,0.,0.));
#13368=DIRECTION('',(0.,0.,-1.));
#13369=DIRECTION('',(1.,0.,0.));
#13370=DIRECTION('center_axis',(0.,0.,-1.));
#13371=DIRECTION('ref_axis',(-1.,0.,0.));
#13372=DIRECTION('',(0.,-1.,0.));
#13373=DIRECTION('',(-1.,0.,0.));
#13374=DIRECTION('',(0.,1.,0.));
#13375=DIRECTION('',(1.,0.,0.));
#13376=DIRECTION('',(0.,1.,0.));
#13377=DIRECTION('',(-1.,0.,0.));
#13378=DIRECTION('',(0.,1.,0.));
#13379=DIRECTION('',(1.,0.,0.));
#13380=DIRECTION('',(0.,-1.,0.));
#13381=DIRECTION('center_axis',(1.,0.,0.));
#13382=DIRECTION('ref_axis',(0.,-1.,0.));
#13383=DIRECTION('',(0.,1.,0.));
#13384=DIRECTION('',(0.,0.,-1.));
#13385=DIRECTION('center_axis',(0.,1.,0.));
#13386=DIRECTION('ref_axis',(-1.,0.,0.));
#13387=DIRECTION('',(0.,0.,1.));
#13388=DIRECTION('',(1.,0.,0.));
#13389=DIRECTION('',(0.,0.,1.));
#13390=DIRECTION('center_axis',(1.,0.,0.));
#13391=DIRECTION('ref_axis',(0.,1.,0.));
#13392=DIRECTION('',(0.,0.,1.));
#13393=DIRECTION('',(0.,-1.,0.));
#13394=DIRECTION('center_axis',(0.,-1.,0.));
#13395=DIRECTION('ref_axis',(1.,0.,0.));
#13396=DIRECTION('',(0.,0.,-1.));
#13397=DIRECTION('',(-1.,0.,0.));
#13398=DIRECTION('center_axis',(0.,0.,1.));
#13399=DIRECTION('ref_axis',(1.,0.,0.));
#13400=DIRECTION('',(0.,1.,0.));
#13401=DIRECTION('',(-1.,0.,0.));
#13402=DIRECTION('',(0.,-1.,0.));
#13403=DIRECTION('',(0.,-1.,0.));
#13404=DIRECTION('',(1.,0.,0.));
#13405=DIRECTION('center_axis',(-1.,0.,0.));
#13406=DIRECTION('ref_axis',(0.,1.,0.));
#13407=DIRECTION('',(0.,0.,-1.));
#13408=DIRECTION('center_axis',(-1.,0.,0.));
#13409=DIRECTION('ref_axis',(0.,1.,0.));
#13410=DIRECTION('',(0.,0.,-1.));
#13411=DIRECTION('center_axis',(0.,1.,0.));
#13412=DIRECTION('ref_axis',(1.,0.,0.));
#13413=DIRECTION('',(0.,0.,-1.));
#13414=DIRECTION('center_axis',(0.,-1.,0.));
#13415=DIRECTION('ref_axis',(-1.,0.,0.));
#13416=DIRECTION('center_axis',(1.,0.,0.));
#13417=DIRECTION('ref_axis',(0.,-1.,0.));
#13418=DIRECTION('axis',(0.,0.,1.));
#13419=DIRECTION('refdir',(1.,0.,0.));
#13420=DIRECTION('center_axis',(1.,0.,0.));
#13421=DIRECTION('ref_axis',(0.,0.,-1.));
#13422=DIRECTION('center_axis',(1.,0.,0.));
#13423=DIRECTION('ref_axis',(0.,0.,-1.));
#13424=DIRECTION('',(1.,0.,0.));
#13425=DIRECTION('center_axis',(-1.,0.,0.));
#13426=DIRECTION('ref_axis',(0.,0.,-1.));
#13427=DIRECTION('center_axis',(1.,0.,0.));
#13428=DIRECTION('ref_axis',(0.,0.,-1.));
#13429=DIRECTION('center_axis',(1.,0.,0.));
#13430=DIRECTION('ref_axis',(0.,0.,-1.));
#13431=DIRECTION('',(1.,0.,0.));
#13432=DIRECTION('center_axis',(-1.,0.,0.));
#13433=DIRECTION('ref_axis',(0.,0.,-1.));
#13434=DIRECTION('center_axis',(0.,-1.,0.));
#13435=DIRECTION('ref_axis',(0.,0.,-1.));
#13436=DIRECTION('',(0.,0.,-1.));
#13437=DIRECTION('',(1.,0.,0.));
#13438=DIRECTION('',(0.,0.,1.));
#13439=DIRECTION('',(1.,0.,0.));
#13440=DIRECTION('center_axis',(0.,0.,1.));
#13441=DIRECTION('ref_axis',(0.,-1.,0.));
#13442=DIRECTION('',(0.,-1.,0.));
#13443=DIRECTION('',(1.,0.,0.));
#13444=DIRECTION('',(0.,1.,0.));
#13445=DIRECTION('center_axis',(0.,1.,0.));
#13446=DIRECTION('ref_axis',(0.,0.,1.));
#13447=DIRECTION('',(0.,0.,1.));
#13448=DIRECTION('',(-1.,0.,0.));
#13449=DIRECTION('',(0.,0.,-1.));
#13450=DIRECTION('center_axis',(1.,0.,0.));
#13451=DIRECTION('ref_axis',(0.,0.,-1.));
#13452=DIRECTION('',(0.,1.,0.));
#13453=DIRECTION('',(0.,0.,1.));
#13454=DIRECTION('',(0.,-1.,0.));
#13455=DIRECTION('',(0.,0.,-1.));
#13456=DIRECTION('',(0.,1.,0.));
#13457=DIRECTION('center_axis',(0.,0.,-1.));
#13458=DIRECTION('ref_axis',(0.,1.,0.));
#13459=DIRECTION('',(0.,-1.,0.));
#13460=DIRECTION('',(1.,0.,0.));
#13461=DIRECTION('center_axis',(0.,0.,-1.));
#13462=DIRECTION('ref_axis',(0.,1.,0.));
#13463=DIRECTION('',(1.,0.,0.));
#13464=DIRECTION('',(0.,-1.,0.));
#13465=DIRECTION('center_axis',(0.,-1.,0.));
#13466=DIRECTION('ref_axis',(0.,0.,-1.));
#13467=DIRECTION('',(-1.,0.,0.));
#13468=DIRECTION('',(0.,0.,-1.));
#13469=DIRECTION('center_axis',(0.,-1.,0.));
#13470=DIRECTION('ref_axis',(0.,0.,-1.));
#13471=DIRECTION('',(0.,0.,1.));
#13472=DIRECTION('',(1.,0.,0.));
#13473=DIRECTION('center_axis',(0.,0.,1.));
#13474=DIRECTION('ref_axis',(0.,-1.,0.));
#13475=DIRECTION('',(0.,1.,0.));
#13476=DIRECTION('center_axis',(1.,0.,0.));
#13477=DIRECTION('ref_axis',(0.,0.,-1.));
#13478=DIRECTION('axis',(0.,0.,1.));
#13479=DIRECTION('refdir',(1.,0.,0.));
#13480=DIRECTION('center_axis',(1.,0.,0.));
#13481=DIRECTION('ref_axis',(0.,0.,-1.));
#13482=DIRECTION('center_axis',(1.,0.,0.));
#13483=DIRECTION('ref_axis',(0.,0.,-1.));
#13484=DIRECTION('',(1.,0.,0.));
#13485=DIRECTION('center_axis',(-1.,0.,0.));
#13486=DIRECTION('ref_axis',(0.,0.,-1.));
#13487=DIRECTION('center_axis',(1.,0.,0.));
#13488=DIRECTION('ref_axis',(0.,0.,-1.));
#13489=DIRECTION('center_axis',(1.,0.,0.));
#13490=DIRECTION('ref_axis',(0.,0.,-1.));
#13491=DIRECTION('',(1.,0.,0.));
#13492=DIRECTION('center_axis',(-1.,0.,0.));
#13493=DIRECTION('ref_axis',(0.,0.,-1.));
#13494=DIRECTION('center_axis',(0.,1.,0.));
#13495=DIRECTION('ref_axis',(0.,0.,1.));
#13496=DIRECTION('',(0.,0.,-1.));
#13497=DIRECTION('',(1.,0.,0.));
#13498=DIRECTION('',(0.,0.,1.));
#13499=DIRECTION('',(-1.,0.,0.));
#13500=DIRECTION('center_axis',(0.,-1.,0.));
#13501=DIRECTION('ref_axis',(0.,0.,-1.));
#13502=DIRECTION('',(0.,0.,1.));
#13503=DIRECTION('',(1.,0.,0.));
#13504=DIRECTION('',(0.,0.,-1.));
#13505=DIRECTION('',(1.,0.,0.));
#13506=DIRECTION('center_axis',(0.,0.,1.));
#13507=DIRECTION('ref_axis',(0.,-1.,0.));
#13508=DIRECTION('',(0.,1.,0.));
#13509=DIRECTION('',(0.,-1.,0.));
#13510=DIRECTION('center_axis',(-1.,0.,0.));
#13511=DIRECTION('ref_axis',(0.,0.,1.));
#13512=DIRECTION('',(0.,-1.,0.));
#13513=DIRECTION('',(0.,0.,1.));
#13514=DIRECTION('',(0.,1.,0.));
#13515=DIRECTION('',(0.,0.,-1.));
#13516=DIRECTION('',(0.,-1.,0.));
#13517=DIRECTION('center_axis',(0.,0.,-1.));
#13518=DIRECTION('ref_axis',(0.,-1.,0.));
#13519=DIRECTION('',(0.,-1.,0.));
#13520=DIRECTION('',(-1.,0.,0.));
#13521=DIRECTION('center_axis',(0.,0.,-1.));
#13522=DIRECTION('ref_axis',(0.,-1.,0.));
#13523=DIRECTION('',(1.,0.,0.));
#13524=DIRECTION('',(0.,-1.,0.));
#13525=DIRECTION('center_axis',(0.,-1.,0.));
#13526=DIRECTION('ref_axis',(0.,0.,-1.));
#13527=DIRECTION('',(-1.,0.,0.));
#13528=DIRECTION('',(0.,0.,1.));
#13529=DIRECTION('center_axis',(0.,0.,1.));
#13530=DIRECTION('ref_axis',(0.,1.,0.));
#13531=DIRECTION('',(-1.,0.,0.));
#13532=DIRECTION('',(0.,1.,0.));
#13533=DIRECTION('center_axis',(0.,-1.,0.));
#13534=DIRECTION('ref_axis',(0.,0.,1.));
#13535=DIRECTION('',(0.,0.,1.));
#13536=DIRECTION('center_axis',(1.,0.,0.));
#13537=DIRECTION('ref_axis',(0.,0.,-1.));
#13538=DIRECTION('axis',(0.,0.,1.));
#13539=DIRECTION('refdir',(1.,0.,0.));
#13540=DIRECTION('center_axis',(0.,-1.,0.));
#13541=DIRECTION('ref_axis',(1.,0.,0.));
#13542=DIRECTION('',(-1.,0.,0.));
#13543=DIRECTION('',(0.,0.,1.));
#13544=DIRECTION('',(1.,0.,0.));
#13545=DIRECTION('',(0.,0.,1.));
#13546=DIRECTION('center_axis',(-1.,0.,0.));
#13547=DIRECTION('ref_axis',(0.,-1.,0.));
#13548=DIRECTION('',(0.,1.,0.));
#13549=DIRECTION('',(0.,-1.,0.));
#13550=DIRECTION('',(0.,0.,1.));
#13551=DIRECTION('center_axis',(0.,1.,0.));
#13552=DIRECTION('ref_axis',(-1.,0.,0.));
#13553=DIRECTION('',(1.,0.,0.));
#13554=DIRECTION('',(-1.,0.,0.));
#13555=DIRECTION('',(0.,0.,1.));
#13556=DIRECTION('center_axis',(1.,0.,0.));
#13557=DIRECTION('ref_axis',(0.,1.,0.));
#13558=DIRECTION('',(0.,-1.,0.));
#13559=DIRECTION('',(0.,1.,0.));
#13560=DIRECTION('center_axis',(0.,0.,1.));
#13561=DIRECTION('ref_axis',(1.,0.,0.));
#13562=DIRECTION('center_axis',(0.,0.,1.));
#13563=DIRECTION('ref_axis',(1.,0.,0.));
#13564=DIRECTION('',(0.,0.,1.));
#13565=DIRECTION('center_axis',(0.,0.,-1.));
#13566=DIRECTION('ref_axis',(1.,0.,0.));
#13567=DIRECTION('center_axis',(0.,0.,1.));
#13568=DIRECTION('ref_axis',(1.,0.,0.));
#13569=DIRECTION('center_axis',(0.,0.,1.));
#13570=DIRECTION('ref_axis',(1.,0.,0.));
#13571=DIRECTION('',(0.,0.,1.));
#13572=DIRECTION('center_axis',(0.,0.,-1.));
#13573=DIRECTION('ref_axis',(1.,0.,0.));
#13574=DIRECTION('center_axis',(0.,0.,1.));
#13575=DIRECTION('ref_axis',(1.,0.,0.));
#13576=DIRECTION('center_axis',(0.,0.,1.));
#13577=DIRECTION('ref_axis',(1.,0.,0.));
#13578=DIRECTION('',(0.,0.,1.));
#13579=DIRECTION('center_axis',(0.,0.,-1.));
#13580=DIRECTION('ref_axis',(1.,0.,0.));
#13581=DIRECTION('center_axis',(0.,0.,1.));
#13582=DIRECTION('ref_axis',(1.,0.,0.));
#13583=DIRECTION('center_axis',(0.,0.,1.));
#13584=DIRECTION('ref_axis',(1.,0.,0.));
#13585=DIRECTION('',(0.,0.,1.));
#13586=DIRECTION('center_axis',(0.,0.,-1.));
#13587=DIRECTION('ref_axis',(1.,0.,0.));
#13588=DIRECTION('center_axis',(0.,0.,1.));
#13589=DIRECTION('ref_axis',(1.,0.,0.));
#13590=DIRECTION('center_axis',(0.,0.,1.));
#13591=DIRECTION('ref_axis',(1.,0.,0.));
#13592=DIRECTION('',(0.,0.,1.));
#13593=DIRECTION('center_axis',(0.,0.,-1.));
#13594=DIRECTION('ref_axis',(1.,0.,0.));
#13595=DIRECTION('center_axis',(0.,0.,1.));
#13596=DIRECTION('ref_axis',(1.,0.,0.));
#13597=DIRECTION('center_axis',(0.,0.,1.));
#13598=DIRECTION('ref_axis',(1.,0.,0.));
#13599=DIRECTION('',(0.,0.,1.));
#13600=DIRECTION('center_axis',(0.,0.,-1.));
#13601=DIRECTION('ref_axis',(1.,0.,0.));
#13602=DIRECTION('center_axis',(0.,-1.,0.));
#13603=DIRECTION('ref_axis',(1.,0.,0.));
#13604=DIRECTION('',(1.,0.,0.));
#13605=DIRECTION('',(0.,0.,1.));
#13606=DIRECTION('',(1.,0.,0.));
#13607=DIRECTION('',(0.,0.,1.));
#13608=DIRECTION('center_axis',(-1.,0.,0.));
#13609=DIRECTION('ref_axis',(0.,-1.,0.));
#13610=DIRECTION('',(0.,-1.,0.));
#13611=DIRECTION('',(0.,-1.,0.));
#13612=DIRECTION('',(0.,0.,1.));
#13613=DIRECTION('center_axis',(0.,1.,0.));
#13614=DIRECTION('ref_axis',(-1.,0.,0.));
#13615=DIRECTION('',(-1.,0.,0.));
#13616=DIRECTION('',(-1.,0.,0.));
#13617=DIRECTION('',(0.,0.,1.));
#13618=DIRECTION('center_axis',(1.,0.,0.));
#13619=DIRECTION('ref_axis',(0.,1.,0.));
#13620=DIRECTION('',(0.,1.,0.));
#13621=DIRECTION('',(0.,1.,0.));
#13622=DIRECTION('center_axis',(0.,0.,1.));
#13623=DIRECTION('ref_axis',(1.,0.,0.));
#13624=DIRECTION('center_axis',(0.,0.,1.));
#13625=DIRECTION('ref_axis',(1.,0.,0.));
#13626=DIRECTION('axis',(0.,0.,1.));
#13627=DIRECTION('refdir',(1.,0.,0.));
#13628=DIRECTION('center_axis',(0.,0.,1.));
#13629=DIRECTION('ref_axis',(1.,0.,0.));
#13630=DIRECTION('',(1.,0.,0.));
#13631=DIRECTION('center_axis',(0.,0.,1.));
#13632=DIRECTION('ref_axis',(1.,0.,0.));
#13633=DIRECTION('center_axis',(0.,0.,1.));
#13634=DIRECTION('ref_axis',(1.,0.,0.));
#13635=DIRECTION('center_axis',(0.,0.841879138963874,0.539666114720432));
#13636=DIRECTION('ref_axis',(0.,0.539666114720432,-0.841879138963874));
#13637=DIRECTION('center_axis',(0.,0.,-1.));
#13638=DIRECTION('ref_axis',(0.,-1.,0.));
#13639=DIRECTION('',(0.,-1.,0.));
#13640=DIRECTION('',(-1.,0.,0.));
#13641=DIRECTION('',(0.,-1.,0.));
#13642=DIRECTION('',(-1.,0.,0.));
#13643=DIRECTION('center_axis',(0.,0.,-1.));
#13644=DIRECTION('ref_axis',(1.,0.,0.));
#13645=DIRECTION('center_axis',(0.,0.,-1.));
#13646=DIRECTION('ref_axis',(1.,0.,0.));
#13647=DIRECTION('center_axis',(0.,0.841879138963874,0.539666114720432));
#13648=DIRECTION('ref_axis',(0.,0.539666114720432,-0.841879138963874));
#13649=DIRECTION('',(0.,0.539666114720432,-0.841879138963874));
#13650=DIRECTION('',(-1.,0.,0.));
#13651=DIRECTION('',(0.,0.539666114720432,-0.841879138963874));
#13652=DIRECTION('center_axis',(0.,-1.,0.));
#13653=DIRECTION('ref_axis',(0.,0.,1.));
#13654=DIRECTION('',(0.,0.,1.));
#13655=DIRECTION('',(0.,0.,1.));
#13656=DIRECTION('center_axis',(-1.,0.,0.));
#13657=DIRECTION('ref_axis',(0.,0.,1.));
#13658=DIRECTION('center_axis',(0.,0.,1.));
#13659=DIRECTION('ref_axis',(1.,0.,0.));
#13660=DIRECTION('center_axis',(0.,0.,1.));
#13661=DIRECTION('ref_axis',(1.,0.,0.));
#13662=DIRECTION('',(0.,0.,1.));
#13663=DIRECTION('center_axis',(0.,0.,1.));
#13664=DIRECTION('ref_axis',(1.,0.,0.));
#13665=DIRECTION('center_axis',(0.,0.,1.));
#13666=DIRECTION('ref_axis',(1.,0.,0.));
#13667=DIRECTION('',(0.,0.,1.));
#13668=DIRECTION('center_axis',(0.,0.841879138963874,0.539666114720432));
#13669=DIRECTION('ref_axis',(0.,-0.539666114720432,0.841879138963874));
#13670=DIRECTION('',(0.,0.539666114720432,-0.841879138963874));
#13671=DIRECTION('',(1.,0.,0.));
#13672=DIRECTION('',(0.,-0.539666114720432,0.841879138963874));
#13673=DIRECTION('',(1.,0.,0.));
#13674=DIRECTION('center_axis',(0.,0.,-1.));
#13675=DIRECTION('ref_axis',(0.,1.,0.));
#13676=DIRECTION('',(0.,-1.,0.));
#13677=DIRECTION('',(0.,1.,0.));
#13678=DIRECTION('',(1.,0.,0.));
#13679=DIRECTION('center_axis',(0.,-1.,0.));
#13680=DIRECTION('ref_axis',(0.,0.,-1.));
#13681=DIRECTION('',(0.,0.,1.));
#13682=DIRECTION('',(0.,0.,-1.));
#13683=DIRECTION('center_axis',(1.,0.,0.));
#13684=DIRECTION('ref_axis',(0.,0.,-1.));
#13685=DIRECTION('center_axis',(1.,0.,0.));
#13686=DIRECTION('ref_axis',(0.,0.,-1.));
#13687=DIRECTION('axis',(0.,0.,1.));
#13688=DIRECTION('refdir',(1.,0.,0.));
#13689=DIRECTION('center_axis',(0.,0.,1.));
#13690=DIRECTION('ref_axis',(1.,0.,0.));
#13691=DIRECTION('',(1.,0.,0.));
#13692=DIRECTION('center_axis',(0.,0.,1.));
#13693=DIRECTION('ref_axis',(1.,0.,0.));
#13694=DIRECTION('center_axis',(0.,0.,1.));
#13695=DIRECTION('ref_axis',(1.,0.,0.));
#13696=DIRECTION('center_axis',(0.,0.841879138963874,0.539666114720432));
#13697=DIRECTION('ref_axis',(0.,0.539666114720432,-0.841879138963874));
#13698=DIRECTION('center_axis',(0.,0.841879138963874,0.539666114720432));
#13699=DIRECTION('ref_axis',(0.,-0.539666114720432,0.841879138963874));
#13700=DIRECTION('',(0.,-0.539666114720432,0.841879138963874));
#13701=DIRECTION('',(1.,0.,0.));
#13702=DIRECTION('',(0.,-0.539666114720432,0.841879138963874));
#13703=DIRECTION('',(1.,0.,0.));
#13704=DIRECTION('center_axis',(0.,0.,-1.));
#13705=DIRECTION('ref_axis',(0.,1.,0.));
#13706=DIRECTION('',(0.,1.,0.));
#13707=DIRECTION('',(1.,0.,0.));
#13708=DIRECTION('',(0.,1.,0.));
#13709=DIRECTION('center_axis',(0.,0.,-1.));
#13710=DIRECTION('ref_axis',(1.,0.,0.));
#13711=DIRECTION('center_axis',(0.,0.,-1.));
#13712=DIRECTION('ref_axis',(1.,0.,0.));
#13713=DIRECTION('center_axis',(0.,-1.,0.));
#13714=DIRECTION('ref_axis',(0.,0.,-1.));
#13715=DIRECTION('',(0.,0.,-1.));
#13716=DIRECTION('',(0.,0.,-1.));
#13717=DIRECTION('center_axis',(1.,0.,0.));
#13718=DIRECTION('ref_axis',(0.,0.,-1.));
#13719=DIRECTION('center_axis',(0.,0.,1.));
#13720=DIRECTION('ref_axis',(1.,0.,0.));
#13721=DIRECTION('center_axis',(0.,0.,1.));
#13722=DIRECTION('ref_axis',(1.,0.,0.));
#13723=DIRECTION('',(0.,0.,1.));
#13724=DIRECTION('center_axis',(0.,0.,1.));
#13725=DIRECTION('ref_axis',(1.,0.,0.));
#13726=DIRECTION('center_axis',(0.,0.,1.));
#13727=DIRECTION('ref_axis',(1.,0.,0.));
#13728=DIRECTION('',(0.,0.,1.));
#13729=DIRECTION('center_axis',(0.,0.,-1.));
#13730=DIRECTION('ref_axis',(0.,-1.,0.));
#13731=DIRECTION('',(0.,-1.,0.));
#13732=DIRECTION('',(-1.,0.,0.));
#13733=DIRECTION('',(0.,-1.,0.));
#13734=DIRECTION('',(-1.,0.,0.));
#13735=DIRECTION('center_axis',(0.,0.841879138963874,0.539666114720432));
#13736=DIRECTION('ref_axis',(0.,0.539666114720432,-0.841879138963874));
#13737=DIRECTION('',(0.,0.539666114720432,-0.841879138963874));
#13738=DIRECTION('',(0.,0.539666114720432,-0.841879138963874));
#13739=DIRECTION('',(-1.,0.,0.));
#13740=DIRECTION('center_axis',(0.,-1.,0.));
#13741=DIRECTION('ref_axis',(0.,0.,1.));
#13742=DIRECTION('',(0.,0.,1.));
#13743=DIRECTION('',(0.,0.,1.));
#13744=DIRECTION('center_axis',(1.,0.,0.));
#13745=DIRECTION('ref_axis',(0.,0.,-1.));
#13746=DIRECTION('center_axis',(-1.,0.,0.));
#13747=DIRECTION('ref_axis',(0.,0.,1.));
#13748=DIRECTION('axis',(0.,0.,1.));
#13749=DIRECTION('refdir',(1.,0.,0.));
#13750=DIRECTION('center_axis',(1.,0.,0.));
#13751=DIRECTION('ref_axis',(0.,0.,-1.));
#13752=DIRECTION('',(1.,0.,0.));
#13753=DIRECTION('center_axis',(0.,0.,-1.));
#13754=DIRECTION('ref_axis',(1.,0.,0.));
#13755=DIRECTION('center_axis',(0.,0.,-1.));
#13756=DIRECTION('ref_axis',(1.,0.,0.));
#13757=DIRECTION('',(0.,0.,-1.));
#13758=DIRECTION('center_axis',(0.,0.,-1.));
#13759=DIRECTION('ref_axis',(1.,0.,0.));
#13760=DIRECTION('center_axis',(0.,0.,1.));
#13761=DIRECTION('ref_axis',(1.,0.,0.));
#13762=DIRECTION('center_axis',(0.,0.,1.));
#13763=DIRECTION('ref_axis',(1.,0.,0.));
#13764=DIRECTION('center_axis',(0.,0.,1.));
#13765=DIRECTION('ref_axis',(1.,0.,0.));
#13766=DIRECTION('',(0.,0.,1.));
#13767=DIRECTION('center_axis',(0.,0.,1.));
#13768=DIRECTION('ref_axis',(1.,0.,0.));
#13769=DIRECTION('center_axis',(0.,0.,1.));
#13770=DIRECTION('ref_axis',(1.,0.,0.));
#13771=DIRECTION('center_axis',(0.,0.,1.));
#13772=DIRECTION('ref_axis',(1.,0.,0.));
#13773=DIRECTION('center_axis',(0.,0.,1.));
#13774=DIRECTION('ref_axis',(1.,0.,0.));
#13775=DIRECTION('',(0.,0.,-1.));
#13776=DIRECTION('',(0.,0.,-1.));
#13777=DIRECTION('center_axis',(0.,0.,1.));
#13778=DIRECTION('ref_axis',(1.,0.,0.));
#13779=DIRECTION('center_axis',(0.,0.,1.));
#13780=DIRECTION('ref_axis',(1.,0.,0.));
#13781=DIRECTION('center_axis',(0.,0.,1.));
#13782=DIRECTION('ref_axis',(1.,0.,0.));
#13783=DIRECTION('center_axis',(0.,1.,0.));
#13784=DIRECTION('ref_axis',(1.,0.,0.));
#13785=DIRECTION('',(0.,1.,0.));
#13786=DIRECTION('center_axis',(0.,1.,0.));
#13787=DIRECTION('ref_axis',(1.,0.,0.));
#13788=DIRECTION('',(0.,1.,0.));
#13789=DIRECTION('center_axis',(1.,0.,0.));
#13790=DIRECTION('ref_axis',(0.,0.,-1.));
#13791=DIRECTION('',(1.,0.,0.));
#13792=DIRECTION('center_axis',(0.,0.,-1.));
#13793=DIRECTION('ref_axis',(1.,0.,0.));
#13794=DIRECTION('center_axis',(0.,0.,-1.));
#13795=DIRECTION('ref_axis',(1.,0.,0.));
#13796=DIRECTION('',(0.,0.,-1.));
#13797=DIRECTION('center_axis',(0.,0.,-1.));
#13798=DIRECTION('ref_axis',(1.,0.,0.));
#13799=DIRECTION('center_axis',(0.,0.,1.));
#13800=DIRECTION('ref_axis',(1.,0.,0.));
#13801=DIRECTION('center_axis',(0.,0.,1.));
#13802=DIRECTION('ref_axis',(1.,0.,0.));
#13803=DIRECTION('center_axis',(0.,0.,1.));
#13804=DIRECTION('ref_axis',(1.,0.,0.));
#13805=DIRECTION('',(0.,0.,1.));
#13806=DIRECTION('center_axis',(0.,0.,1.));
#13807=DIRECTION('ref_axis',(1.,0.,0.));
#13808=DIRECTION('center_axis',(0.,0.,1.));
#13809=DIRECTION('ref_axis',(1.,0.,0.));
#13810=DIRECTION('center_axis',(0.,0.,1.));
#13811=DIRECTION('ref_axis',(1.,0.,0.));
#13812=DIRECTION('center_axis',(0.,0.,1.));
#13813=DIRECTION('ref_axis',(1.,0.,0.));
#13814=DIRECTION('',(0.,0.,-1.));
#13815=DIRECTION('',(0.,0.,-1.));
#13816=DIRECTION('center_axis',(0.,0.,1.));
#13817=DIRECTION('ref_axis',(1.,0.,0.));
#13818=DIRECTION('center_axis',(0.,0.,1.));
#13819=DIRECTION('ref_axis',(1.,0.,0.));
#13820=DIRECTION('center_axis',(0.,0.,1.));
#13821=DIRECTION('ref_axis',(1.,0.,0.));
#13822=DIRECTION('center_axis',(1.,0.,0.));
#13823=DIRECTION('ref_axis',(0.,0.,-1.));
#13824=DIRECTION('',(1.,0.,0.));
#13825=DIRECTION('center_axis',(0.,0.,-1.));
#13826=DIRECTION('ref_axis',(1.,0.,0.));
#13827=DIRECTION('center_axis',(0.,0.,-1.));
#13828=DIRECTION('ref_axis',(1.,0.,0.));
#13829=DIRECTION('',(0.,0.,-1.));
#13830=DIRECTION('center_axis',(0.,0.,-1.));
#13831=DIRECTION('ref_axis',(1.,0.,0.));
#13832=DIRECTION('center_axis',(0.,0.,1.));
#13833=DIRECTION('ref_axis',(1.,0.,0.));
#13834=DIRECTION('center_axis',(0.,0.,1.));
#13835=DIRECTION('ref_axis',(1.,0.,0.));
#13836=DIRECTION('center_axis',(0.,0.,1.));
#13837=DIRECTION('ref_axis',(1.,0.,0.));
#13838=DIRECTION('',(0.,0.,1.));
#13839=DIRECTION('center_axis',(0.,0.,1.));
#13840=DIRECTION('ref_axis',(1.,0.,0.));
#13841=DIRECTION('center_axis',(0.,0.,1.));
#13842=DIRECTION('ref_axis',(1.,0.,0.));
#13843=DIRECTION('center_axis',(0.,0.,1.));
#13844=DIRECTION('ref_axis',(1.,0.,0.));
#13845=DIRECTION('center_axis',(0.,0.,1.));
#13846=DIRECTION('ref_axis',(1.,0.,0.));
#13847=DIRECTION('',(0.,0.,-1.));
#13848=DIRECTION('',(0.,0.,-1.));
#13849=DIRECTION('center_axis',(0.,0.,1.));
#13850=DIRECTION('ref_axis',(1.,0.,0.));
#13851=DIRECTION('center_axis',(0.,0.,1.));
#13852=DIRECTION('ref_axis',(1.,0.,0.));
#13853=DIRECTION('center_axis',(0.,0.,1.));
#13854=DIRECTION('ref_axis',(1.,0.,0.));
#13855=DIRECTION('center_axis',(1.,0.,0.));
#13856=DIRECTION('ref_axis',(0.,0.,-1.));
#13857=DIRECTION('',(1.,0.,0.));
#13858=DIRECTION('center_axis',(0.,0.,-1.));
#13859=DIRECTION('ref_axis',(1.,0.,0.));
#13860=DIRECTION('center_axis',(0.,0.,-1.));
#13861=DIRECTION('ref_axis',(1.,0.,0.));
#13862=DIRECTION('',(0.,0.,-1.));
#13863=DIRECTION('center_axis',(0.,0.,-1.));
#13864=DIRECTION('ref_axis',(1.,0.,0.));
#13865=DIRECTION('center_axis',(0.,0.,1.));
#13866=DIRECTION('ref_axis',(1.,0.,0.));
#13867=DIRECTION('center_axis',(0.,0.,1.));
#13868=DIRECTION('ref_axis',(1.,0.,0.));
#13869=DIRECTION('center_axis',(0.,0.,1.));
#13870=DIRECTION('ref_axis',(1.,0.,0.));
#13871=DIRECTION('',(0.,0.,1.));
#13872=DIRECTION('center_axis',(0.,0.,1.));
#13873=DIRECTION('ref_axis',(1.,0.,0.));
#13874=DIRECTION('center_axis',(0.,0.,1.));
#13875=DIRECTION('ref_axis',(1.,0.,0.));
#13876=DIRECTION('center_axis',(0.,0.,1.));
#13877=DIRECTION('ref_axis',(1.,0.,0.));
#13878=DIRECTION('center_axis',(0.,0.,1.));
#13879=DIRECTION('ref_axis',(1.,0.,0.));
#13880=DIRECTION('',(0.,0.,-1.));
#13881=DIRECTION('',(0.,0.,-1.));
#13882=DIRECTION('center_axis',(0.,0.,1.));
#13883=DIRECTION('ref_axis',(1.,0.,0.));
#13884=DIRECTION('center_axis',(0.,0.,1.));
#13885=DIRECTION('ref_axis',(1.,0.,0.));
#13886=DIRECTION('center_axis',(0.,0.,1.));
#13887=DIRECTION('ref_axis',(1.,0.,0.));
#13888=DIRECTION('',(0.,0.,1.));
#13889=DIRECTION('',(1.,0.,0.));
#13890=DIRECTION('',(0.,0.,1.));
#13891=DIRECTION('',(1.,0.,0.));
#13892=DIRECTION('',(0.,0.,1.));
#13893=DIRECTION('',(1.,0.,0.));
#13894=DIRECTION('',(0.,0.,1.));
#13895=DIRECTION('',(1.,0.,0.));
#13896=DIRECTION('',(0.,0.,1.));
#13897=DIRECTION('',(1.,0.,0.));
#13898=DIRECTION('',(0.,0.,1.));
#13899=DIRECTION('',(1.,0.,0.));
#13900=DIRECTION('',(0.,0.,1.));
#13901=DIRECTION('',(1.,0.,0.));
#13902=DIRECTION('axis',(0.,0.,1.));
#13903=DIRECTION('refdir',(1.,0.,0.));
#13904=DIRECTION('axis',(0.,0.,1.));
#13905=DIRECTION('refdir',(1.,0.,0.));
#13906=DIRECTION('center_axis',(1.,0.,0.));
#13907=DIRECTION('ref_axis',(0.,0.,-1.));
#13908=DIRECTION('center_axis',(1.,0.,0.));
#13909=DIRECTION('ref_axis',(0.,0.,-1.));
#13910=DIRECTION('',(-1.,0.,0.));
#13911=DIRECTION('center_axis',(1.,0.,0.));
#13912=DIRECTION('ref_axis',(0.,0.,-1.));
#13913=DIRECTION('center_axis',(1.,0.,0.));
#13914=DIRECTION('ref_axis',(0.,0.,-1.));
#13915=DIRECTION('center_axis',(1.,0.,0.));
#13916=DIRECTION('ref_axis',(0.,0.,-1.));
#13917=DIRECTION('axis',(0.,0.,1.));
#13918=DIRECTION('refdir',(1.,0.,0.));
#13919=DIRECTION('center_axis',(-1.,0.,0.));
#13920=DIRECTION('ref_axis',(0.,0.,-1.));
#13921=DIRECTION('center_axis',(-1.,0.,0.));
#13922=DIRECTION('ref_axis',(0.,0.,-1.));
#13923=DIRECTION('',(1.,0.,0.));
#13924=DIRECTION('center_axis',(1.,0.,0.));
#13925=DIRECTION('ref_axis',(0.,0.,-1.));
#13926=DIRECTION('center_axis',(1.,0.,0.));
#13927=DIRECTION('ref_axis',(0.,0.,-1.));
#13928=DIRECTION('center_axis',(1.,0.,0.));
#13929=DIRECTION('ref_axis',(0.,0.,-1.));
#13930=DIRECTION('axis',(0.,0.,1.));
#13931=DIRECTION('refdir',(1.,0.,0.));
#13932=DIRECTION('center_axis',(1.,0.,0.));
#13933=DIRECTION('ref_axis',(0.,0.,-1.));
#13934=DIRECTION('center_axis',(1.,0.,0.));
#13935=DIRECTION('ref_axis',(0.,0.,-1.));
#13936=DIRECTION('',(1.,0.,0.));
#13937=DIRECTION('center_axis',(-1.,0.,0.));
#13938=DIRECTION('ref_axis',(0.,0.,-1.));
#13939=DIRECTION('center_axis',(1.,0.,0.));
#13940=DIRECTION('ref_axis',(0.,0.,-1.));
#13941=DIRECTION('center_axis',(1.,0.,0.));
#13942=DIRECTION('ref_axis',(0.,0.,-1.));
#13943=DIRECTION('',(1.,0.,0.));
#13944=DIRECTION('center_axis',(-1.,0.,0.));
#13945=DIRECTION('ref_axis',(0.,0.,-1.));
#13946=DIRECTION('center_axis',(0.,-1.,0.));
#13947=DIRECTION('ref_axis',(0.,0.,-1.));
#13948=DIRECTION('',(0.,0.,-1.));
#13949=DIRECTION('',(1.,0.,0.));
#13950=DIRECTION('',(0.,0.,-1.));
#13951=DIRECTION('',(1.,0.,0.));
#13952=DIRECTION('center_axis',(0.,0.,1.));
#13953=DIRECTION('ref_axis',(0.,-1.,0.));
#13954=DIRECTION('',(0.,-1.,0.));
#13955=DIRECTION('',(0.,-1.,0.));
#13956=DIRECTION('',(1.,0.,0.));
#13957=DIRECTION('center_axis',(0.,1.,0.));
#13958=DIRECTION('ref_axis',(0.,0.,1.));
#13959=DIRECTION('',(0.,0.,1.));
#13960=DIRECTION('',(0.,0.,1.));
#13961=DIRECTION('',(1.,0.,0.));
#13962=DIRECTION('center_axis',(0.,0.,-1.));
#13963=DIRECTION('ref_axis',(0.,1.,0.));
#13964=DIRECTION('',(0.,1.,0.));
#13965=DIRECTION('',(0.,1.,0.));
#13966=DIRECTION('center_axis',(1.,0.,0.));
#13967=DIRECTION('ref_axis',(0.,0.,-1.));
#13968=DIRECTION('center_axis',(1.,0.,0.));
#13969=DIRECTION('ref_axis',(0.,0.,-1.));
#13970=DIRECTION('axis',(0.,0.,1.));
#13971=DIRECTION('refdir',(1.,0.,0.));
#13972=DIRECTION('center_axis',(-1.,0.,0.));
#13973=DIRECTION('ref_axis',(0.,0.,-1.));
#13974=DIRECTION('center_axis',(-1.,0.,0.));
#13975=DIRECTION('ref_axis',(0.,0.,-1.));
#13976=DIRECTION('',(1.,0.,0.));
#13977=DIRECTION('center_axis',(1.,0.,0.));
#13978=DIRECTION('ref_axis',(0.,0.,-1.));
#13979=DIRECTION('center_axis',(1.,0.,0.));
#13980=DIRECTION('ref_axis',(0.,0.,-1.));
#13981=DIRECTION('center_axis',(1.,0.,0.));
#13982=DIRECTION('ref_axis',(0.,0.,-1.));
#13983=DIRECTION('axis',(0.,0.,1.));
#13984=DIRECTION('refdir',(1.,0.,0.));
#13985=DIRECTION('center_axis',(1.,0.,0.));
#13986=DIRECTION('ref_axis',(0.,0.,-1.));
#13987=DIRECTION('center_axis',(1.,0.,0.));
#13988=DIRECTION('ref_axis',(0.,0.,-1.));
#13989=DIRECTION('',(1.,0.,0.));
#13990=DIRECTION('center_axis',(-1.,0.,0.));
#13991=DIRECTION('ref_axis',(0.,0.,-1.));
#13992=DIRECTION('center_axis',(1.,0.,0.));
#13993=DIRECTION('ref_axis',(0.,0.,-1.));
#13994=DIRECTION('center_axis',(1.,0.,0.));
#13995=DIRECTION('ref_axis',(0.,0.,-1.));
#13996=DIRECTION('',(1.,0.,0.));
#13997=DIRECTION('center_axis',(-1.,0.,0.));
#13998=DIRECTION('ref_axis',(0.,0.,-1.));
#13999=DIRECTION('center_axis',(0.,1.,0.));
#14000=DIRECTION('ref_axis',(0.,0.,-1.));
#14001=DIRECTION('',(0.,0.,1.));
#14002=DIRECTION('',(-1.,0.,0.));
#14003=DIRECTION('',(0.,0.,-1.));
#14004=DIRECTION('',(-1.,0.,0.));
#14005=DIRECTION('center_axis',(0.,0.,1.));
#14006=DIRECTION('ref_axis',(0.,1.,0.));
#14007=DIRECTION('',(0.,-1.,0.));
#14008=DIRECTION('',(0.,1.,0.));
#14009=DIRECTION('',(-1.,0.,0.));
#14010=DIRECTION('center_axis',(0.,-1.,0.));
#14011=DIRECTION('ref_axis',(0.,0.,1.));
#14012=DIRECTION('',(0.,0.,-1.));
#14013=DIRECTION('',(0.,0.,1.));
#14014=DIRECTION('',(-1.,0.,0.));
#14015=DIRECTION('center_axis',(0.,0.,-1.));
#14016=DIRECTION('ref_axis',(0.,-1.,0.));
#14017=DIRECTION('',(0.,1.,0.));
#14018=DIRECTION('',(0.,-1.,0.));
#14019=DIRECTION('center_axis',(1.,0.,0.));
#14020=DIRECTION('ref_axis',(0.,0.,-1.));
#14021=DIRECTION('center_axis',(-1.,0.,0.));
#14022=DIRECTION('ref_axis',(0.,0.,1.));
#14023=DIRECTION('axis',(0.,0.,1.));
#14024=DIRECTION('refdir',(1.,0.,0.));
#14025=DIRECTION('center_axis',(1.,0.,0.));
#14026=DIRECTION('ref_axis',(0.,0.,-1.));
#14027=DIRECTION('center_axis',(1.,0.,0.));
#14028=DIRECTION('ref_axis',(0.,0.,-1.));
#14029=DIRECTION('',(-1.,0.,0.));
#14030=DIRECTION('center_axis',(1.,0.,0.));
#14031=DIRECTION('ref_axis',(0.,0.,-1.));
#14032=DIRECTION('center_axis',(1.,0.,0.));
#14033=DIRECTION('ref_axis',(0.,0.,-1.));
#14034=DIRECTION('center_axis',(1.,0.,0.));
#14035=DIRECTION('ref_axis',(0.,0.,-1.));
#14036=DIRECTION('axis',(0.,0.,1.));
#14037=DIRECTION('refdir',(1.,0.,0.));
#14038=DIRECTION('center_axis',(1.,0.,0.));
#14039=DIRECTION('ref_axis',(0.,0.,-1.));
#14040=DIRECTION('',(0.,0.,-1.));
#14041=DIRECTION('',(0.,1.,0.));
#14042=DIRECTION('',(0.,0.,1.));
#14043=DIRECTION('',(0.,1.,0.));
#14044=DIRECTION('center_axis',(1.,0.,0.));
#14045=DIRECTION('ref_axis',(0.,0.,-1.));
#14046=DIRECTION('',(0.,0.,1.));
#14047=DIRECTION('',(0.,1.,0.));
#14048=DIRECTION('',(0.,0.,-1.));
#14049=DIRECTION('',(0.,1.,0.));
#14050=DIRECTION('center_axis',(0.,0.,1.));
#14051=DIRECTION('ref_axis',(1.,0.,0.));
#14052=DIRECTION('',(1.,0.,0.));
#14053=DIRECTION('',(0.,-1.,0.));
#14054=DIRECTION('',(-1.,0.,0.));
#14055=DIRECTION('center_axis',(0.,0.,1.));
#14056=DIRECTION('ref_axis',(1.,0.,0.));
#14057=DIRECTION('',(-1.,0.,0.));
#14058=DIRECTION('',(1.,0.,0.));
#14059=DIRECTION('',(0.,-1.,0.));
#14060=DIRECTION('center_axis',(0.,0.,-1.));
#14061=DIRECTION('ref_axis',(-1.,0.,0.));
#14062=DIRECTION('',(-1.,0.,0.));
#14063=DIRECTION('',(1.,0.,0.));
#14064=DIRECTION('',(0.,1.,0.));
#14065=DIRECTION('center_axis',(-1.,0.,0.));
#14066=DIRECTION('ref_axis',(0.,0.,1.));
#14067=DIRECTION('',(0.,0.,1.));
#14068=DIRECTION('',(0.,0.,-1.));
#14069=DIRECTION('center_axis',(-1.,0.,0.));
#14070=DIRECTION('ref_axis',(0.,0.,1.));
#14071=DIRECTION('',(0.,0.,-1.));
#14072=DIRECTION('',(0.,0.,1.));
#14073=DIRECTION('',(0.,1.,0.));
#14074=DIRECTION('center_axis',(0.,0.,-1.));
#14075=DIRECTION('ref_axis',(-1.,0.,0.));
#14076=DIRECTION('',(1.,0.,0.));
#14077=DIRECTION('',(-1.,0.,0.));
#14078=DIRECTION('center_axis',(1.,0.,0.));
#14079=DIRECTION('ref_axis',(0.,0.,-1.));
#14080=DIRECTION('',(0.,0.,-1.));
#14081=DIRECTION('',(0.,1.,0.));
#14082=DIRECTION('',(0.,0.,1.));
#14083=DIRECTION('',(0.,1.,0.));
#14084=DIRECTION('center_axis',(1.,0.,0.));
#14085=DIRECTION('ref_axis',(0.,0.,-1.));
#14086=DIRECTION('',(0.,0.,1.));
#14087=DIRECTION('',(0.,1.,0.));
#14088=DIRECTION('',(0.,0.,-1.));
#14089=DIRECTION('',(0.,1.,0.));
#14090=DIRECTION('center_axis',(0.,0.,1.));
#14091=DIRECTION('ref_axis',(1.,0.,0.));
#14092=DIRECTION('',(1.,0.,0.));
#14093=DIRECTION('',(0.,-1.,0.));
#14094=DIRECTION('',(-1.,0.,0.));
#14095=DIRECTION('center_axis',(0.,0.,1.));
#14096=DIRECTION('ref_axis',(1.,0.,0.));
#14097=DIRECTION('',(-1.,0.,0.));
#14098=DIRECTION('',(1.,0.,0.));
#14099=DIRECTION('',(0.,-1.,0.));
#14100=DIRECTION('center_axis',(0.,0.,-1.));
#14101=DIRECTION('ref_axis',(-1.,0.,0.));
#14102=DIRECTION('',(-1.,0.,0.));
#14103=DIRECTION('',(1.,0.,0.));
#14104=DIRECTION('',(0.,1.,0.));
#14105=DIRECTION('center_axis',(-1.,0.,0.));
#14106=DIRECTION('ref_axis',(0.,0.,1.));
#14107=DIRECTION('',(0.,0.,1.));
#14108=DIRECTION('',(0.,0.,-1.));
#14109=DIRECTION('center_axis',(-1.,0.,0.));
#14110=DIRECTION('ref_axis',(0.,0.,1.));
#14111=DIRECTION('',(0.,0.,-1.));
#14112=DIRECTION('',(0.,0.,1.));
#14113=DIRECTION('',(0.,1.,0.));
#14114=DIRECTION('center_axis',(0.,0.,-1.));
#14115=DIRECTION('ref_axis',(-1.,0.,0.));
#14116=DIRECTION('',(1.,0.,0.));
#14117=DIRECTION('',(-1.,0.,0.));
#14118=DIRECTION('center_axis',(0.,0.,-1.));
#14119=DIRECTION('ref_axis',(1.,0.,0.));
#14120=DIRECTION('center_axis',(0.,0.,-1.));
#14121=DIRECTION('ref_axis',(1.,0.,0.));
#14122=DIRECTION('',(0.,0.,-1.));
#14123=DIRECTION('center_axis',(0.,0.,-1.));
#14124=DIRECTION('ref_axis',(1.,0.,0.));
#14125=DIRECTION('center_axis',(0.,0.,1.));
#14126=DIRECTION('ref_axis',(1.,0.,0.));
#14127=DIRECTION('center_axis',(0.,0.,-1.));
#14128=DIRECTION('ref_axis',(1.,0.,0.));
#14129=DIRECTION('center_axis',(0.,0.,-1.));
#14130=DIRECTION('ref_axis',(1.,0.,0.));
#14131=DIRECTION('',(0.,0.,-1.));
#14132=DIRECTION('center_axis',(0.,0.,-1.));
#14133=DIRECTION('ref_axis',(1.,0.,0.));
#14134=DIRECTION('center_axis',(0.,0.,1.));
#14135=DIRECTION('ref_axis',(1.,0.,0.));
#14136=DIRECTION('center_axis',(0.,0.,1.));
#14137=DIRECTION('ref_axis',(1.,0.,0.));
#14138=DIRECTION('center_axis',(0.,0.,1.));
#14139=DIRECTION('ref_axis',(1.,0.,0.));
#14140=DIRECTION('',(0.,0.,1.));
#14141=DIRECTION('center_axis',(0.,0.,1.));
#14142=DIRECTION('ref_axis',(1.,0.,0.));
#14143=DIRECTION('center_axis',(0.,0.,1.));
#14144=DIRECTION('ref_axis',(1.,0.,0.));
#14145=DIRECTION('center_axis',(0.,0.,1.));
#14146=DIRECTION('ref_axis',(1.,0.,0.));
#14147=DIRECTION('center_axis',(0.,0.,1.));
#14148=DIRECTION('ref_axis',(1.,0.,0.));
#14149=DIRECTION('',(0.,0.,1.));
#14150=DIRECTION('center_axis',(0.,0.,1.));
#14151=DIRECTION('ref_axis',(1.,0.,0.));
#14152=DIRECTION('center_axis',(0.,0.,1.));
#14153=DIRECTION('ref_axis',(1.,0.,0.));
#14154=DIRECTION('center_axis',(0.,0.,1.));
#14155=DIRECTION('ref_axis',(1.,0.,0.));
#14156=DIRECTION('center_axis',(0.,0.,1.));
#14157=DIRECTION('ref_axis',(1.,0.,0.));
#14158=DIRECTION('',(0.,0.,1.));
#14159=DIRECTION('center_axis',(0.,0.,1.));
#14160=DIRECTION('ref_axis',(1.,0.,0.));
#14161=DIRECTION('center_axis',(0.,0.,1.));
#14162=DIRECTION('ref_axis',(1.,0.,0.));
#14163=DIRECTION('center_axis',(0.,0.,1.));
#14164=DIRECTION('ref_axis',(1.,0.,0.));
#14165=DIRECTION('center_axis',(0.,0.,1.));
#14166=DIRECTION('ref_axis',(1.,0.,0.));
#14167=DIRECTION('',(0.,0.,1.));
#14168=DIRECTION('center_axis',(0.,0.,1.));
#14169=DIRECTION('ref_axis',(1.,0.,0.));
#14170=DIRECTION('center_axis',(0.,0.,1.));
#14171=DIRECTION('ref_axis',(1.,0.,0.));
#14172=DIRECTION('center_axis',(0.,-1.,0.));
#14173=DIRECTION('ref_axis',(1.,0.,0.));
#14174=DIRECTION('',(0.,0.,1.));
#14175=DIRECTION('',(1.,0.,0.));
#14176=DIRECTION('',(0.,0.,-1.));
#14177=DIRECTION('',(-1.,0.,0.));
#14178=DIRECTION('center_axis',(0.,0.,1.));
#14179=DIRECTION('ref_axis',(1.,0.,0.));
#14180=DIRECTION('',(0.,-1.,0.));
#14181=DIRECTION('',(-1.,0.,0.));
#14182=DIRECTION('',(0.,1.,0.));
#14183=DIRECTION('center_axis',(0.,1.,0.));
#14184=DIRECTION('ref_axis',(-1.,0.,0.));
#14185=DIRECTION('',(0.,0.,-1.));
#14186=DIRECTION('',(1.,0.,0.));
#14187=DIRECTION('',(0.,0.,1.));
#14188=DIRECTION('center_axis',(1.,0.,0.));
#14189=DIRECTION('ref_axis',(0.,1.,0.));
#14190=DIRECTION('',(0.,1.,0.));
#14191=DIRECTION('',(0.,0.,1.));
#14192=DIRECTION('',(0.,1.,0.));
#14193=DIRECTION('',(0.,0.,1.));
#14194=DIRECTION('',(0.,1.,0.));
#14195=DIRECTION('center_axis',(0.,0.,1.));
#14196=DIRECTION('ref_axis',(1.,0.,0.));
#14197=DIRECTION('',(0.,-1.,0.));
#14198=DIRECTION('',(1.,0.,0.));
#14199=DIRECTION('center_axis',(0.,1.,0.));
#14200=DIRECTION('ref_axis',(-1.,0.,0.));
#14201=DIRECTION('',(-1.,0.,0.));
#14202=DIRECTION('',(0.,0.,1.));
#14203=DIRECTION('',(-1.,0.,0.));
#14204=DIRECTION('center_axis',(0.,-1.,0.));
#14205=DIRECTION('ref_axis',(1.,0.,0.));
#14206=DIRECTION('',(1.,0.,0.));
#14207=DIRECTION('',(0.,0.,1.));
#14208=DIRECTION('center_axis',(-1.,0.,0.));
#14209=DIRECTION('ref_axis',(0.,-1.,0.));
#14210=DIRECTION('',(0.,-1.,0.));
#14211=DIRECTION('',(0.,-1.,0.));
#14212=DIRECTION('center_axis',(0.,0.,1.));
#14213=DIRECTION('ref_axis',(1.,0.,0.));
#14214=DIRECTION('center_axis',(0.,0.,1.));
#14215=DIRECTION('ref_axis',(1.,0.,0.));
#14216=DIRECTION('axis',(0.,0.,1.));
#14217=DIRECTION('refdir',(1.,0.,0.));
#14218=DIRECTION('center_axis',(0.,0.,1.));
#14219=DIRECTION('ref_axis',(1.,0.,0.));
#14220=DIRECTION('center_axis',(0.,0.,1.));
#14221=DIRECTION('ref_axis',(1.,0.,0.));
#14222=DIRECTION('',(0.,0.,1.));
#14223=DIRECTION('center_axis',(0.,0.,-1.));
#14224=DIRECTION('ref_axis',(1.,0.,0.));
#14225=DIRECTION('center_axis',(0.,0.,1.));
#14226=DIRECTION('ref_axis',(1.,0.,0.));
#14227=DIRECTION('center_axis',(0.,0.,1.));
#14228=DIRECTION('ref_axis',(1.,0.,0.));
#14229=DIRECTION('',(0.,0.,1.));
#14230=DIRECTION('center_axis',(0.,0.,-1.));
#14231=DIRECTION('ref_axis',(1.,0.,0.));
#14232=DIRECTION('center_axis',(0.,1.,0.));
#14233=DIRECTION('ref_axis',(-1.,0.,0.));
#14234=DIRECTION('',(-1.,0.,0.));
#14235=DIRECTION('',(0.,0.,1.));
#14236=DIRECTION('',(-1.,0.,0.));
#14237=DIRECTION('',(0.,0.,1.));
#14238=DIRECTION('center_axis',(1.,0.,0.));
#14239=DIRECTION('ref_axis',(0.,1.,0.));
#14240=DIRECTION('',(0.,1.,0.));
#14241=DIRECTION('',(0.,1.,0.));
#14242=DIRECTION('',(0.,0.,1.));
#14243=DIRECTION('center_axis',(0.,-1.,0.));
#14244=DIRECTION('ref_axis',(1.,0.,0.));
#14245=DIRECTION('',(1.,0.,0.));
#14246=DIRECTION('',(1.,0.,0.));
#14247=DIRECTION('',(0.,0.,1.));
#14248=DIRECTION('center_axis',(-1.,0.,0.));
#14249=DIRECTION('ref_axis',(0.,-1.,0.));
#14250=DIRECTION('',(0.,-1.,0.));
#14251=DIRECTION('',(0.,-1.,0.));
#14252=DIRECTION('center_axis',(0.,0.,1.));
#14253=DIRECTION('ref_axis',(1.,0.,0.));
#14254=DIRECTION('center_axis',(0.,0.,1.));
#14255=DIRECTION('ref_axis',(1.,0.,0.));
#14256=DIRECTION('axis',(0.,0.,1.));
#14257=DIRECTION('refdir',(1.,0.,0.));
#14258=DIRECTION('center_axis',(1.,0.,0.));
#14259=DIRECTION('ref_axis',(0.,0.,-1.));
#14260=DIRECTION('',(0.,0.,-1.));
#14261=DIRECTION('',(0.,1.,0.));
#14262=DIRECTION('',(0.,0.,1.));
#14263=DIRECTION('',(0.,1.,0.));
#14264=DIRECTION('center_axis',(1.,0.,0.));
#14265=DIRECTION('ref_axis',(0.,0.,-1.));
#14266=DIRECTION('',(0.,0.,1.));
#14267=DIRECTION('',(0.,1.,0.));
#14268=DIRECTION('',(0.,0.,-1.));
#14269=DIRECTION('',(0.,1.,0.));
#14270=DIRECTION('center_axis',(0.,0.,1.));
#14271=DIRECTION('ref_axis',(1.,0.,0.));
#14272=DIRECTION('',(1.,0.,0.));
#14273=DIRECTION('',(0.,-1.,0.));
#14274=DIRECTION('',(-1.,0.,0.));
#14275=DIRECTION('center_axis',(0.,0.,1.));
#14276=DIRECTION('ref_axis',(1.,0.,0.));
#14277=DIRECTION('',(-1.,0.,0.));
#14278=DIRECTION('',(1.,0.,0.));
#14279=DIRECTION('',(0.,-1.,0.));
#14280=DIRECTION('center_axis',(0.,0.,-1.));
#14281=DIRECTION('ref_axis',(-1.,0.,0.));
#14282=DIRECTION('',(-1.,0.,0.));
#14283=DIRECTION('',(1.,0.,0.));
#14284=DIRECTION('',(0.,1.,0.));
#14285=DIRECTION('center_axis',(-1.,0.,0.));
#14286=DIRECTION('ref_axis',(0.,0.,1.));
#14287=DIRECTION('',(0.,0.,1.));
#14288=DIRECTION('',(0.,0.,-1.));
#14289=DIRECTION('center_axis',(-1.,0.,0.));
#14290=DIRECTION('ref_axis',(0.,0.,1.));
#14291=DIRECTION('',(0.,0.,-1.));
#14292=DIRECTION('',(0.,0.,1.));
#14293=DIRECTION('',(0.,1.,0.));
#14294=DIRECTION('center_axis',(0.,0.,-1.));
#14295=DIRECTION('ref_axis',(-1.,0.,0.));
#14296=DIRECTION('',(1.,0.,0.));
#14297=DIRECTION('',(-1.,0.,0.));
#14298=DIRECTION('center_axis',(1.,0.,0.));
#14299=DIRECTION('ref_axis',(0.,0.,-1.));
#14300=DIRECTION('',(0.,0.,-1.));
#14301=DIRECTION('',(0.,1.,0.));
#14302=DIRECTION('',(0.,0.,1.));
#14303=DIRECTION('',(0.,1.,0.));
#14304=DIRECTION('center_axis',(1.,0.,0.));
#14305=DIRECTION('ref_axis',(0.,0.,-1.));
#14306=DIRECTION('',(0.,0.,1.));
#14307=DIRECTION('',(0.,1.,0.));
#14308=DIRECTION('',(0.,0.,-1.));
#14309=DIRECTION('',(0.,1.,0.));
#14310=DIRECTION('center_axis',(0.,0.,1.));
#14311=DIRECTION('ref_axis',(1.,0.,0.));
#14312=DIRECTION('',(1.,0.,0.));
#14313=DIRECTION('',(0.,-1.,0.));
#14314=DIRECTION('',(-1.,0.,0.));
#14315=DIRECTION('center_axis',(0.,0.,1.));
#14316=DIRECTION('ref_axis',(1.,0.,0.));
#14317=DIRECTION('',(-1.,0.,0.));
#14318=DIRECTION('',(1.,0.,0.));
#14319=DIRECTION('',(0.,-1.,0.));
#14320=DIRECTION('center_axis',(0.,0.,-1.));
#14321=DIRECTION('ref_axis',(-1.,0.,0.));
#14322=DIRECTION('',(-1.,0.,0.));
#14323=DIRECTION('',(1.,0.,0.));
#14324=DIRECTION('',(0.,1.,0.));
#14325=DIRECTION('center_axis',(-1.,0.,0.));
#14326=DIRECTION('ref_axis',(0.,0.,1.));
#14327=DIRECTION('',(0.,0.,1.));
#14328=DIRECTION('',(0.,0.,-1.));
#14329=DIRECTION('center_axis',(-1.,0.,0.));
#14330=DIRECTION('ref_axis',(0.,0.,1.));
#14331=DIRECTION('',(0.,0.,-1.));
#14332=DIRECTION('',(0.,0.,1.));
#14333=DIRECTION('',(0.,1.,0.));
#14334=DIRECTION('center_axis',(0.,0.,-1.));
#14335=DIRECTION('ref_axis',(-1.,0.,0.));
#14336=DIRECTION('',(1.,0.,0.));
#14337=DIRECTION('',(-1.,0.,0.));
#14338=DIRECTION('center_axis',(0.,0.,-1.));
#14339=DIRECTION('ref_axis',(1.,0.,0.));
#14340=DIRECTION('center_axis',(0.,0.,-1.));
#14341=DIRECTION('ref_axis',(1.,0.,0.));
#14342=DIRECTION('',(0.,0.,-1.));
#14343=DIRECTION('center_axis',(0.,0.,-1.));
#14344=DIRECTION('ref_axis',(1.,0.,0.));
#14345=DIRECTION('center_axis',(0.,0.,1.));
#14346=DIRECTION('ref_axis',(1.,0.,0.));
#14347=DIRECTION('center_axis',(0.,0.,-1.));
#14348=DIRECTION('ref_axis',(1.,0.,0.));
#14349=DIRECTION('center_axis',(0.,0.,-1.));
#14350=DIRECTION('ref_axis',(1.,0.,0.));
#14351=DIRECTION('',(0.,0.,-1.));
#14352=DIRECTION('center_axis',(0.,0.,-1.));
#14353=DIRECTION('ref_axis',(1.,0.,0.));
#14354=DIRECTION('center_axis',(0.,0.,1.));
#14355=DIRECTION('ref_axis',(1.,0.,0.));
#14356=DIRECTION('center_axis',(0.,0.,1.));
#14357=DIRECTION('ref_axis',(1.,0.,0.));
#14358=DIRECTION('center_axis',(0.,0.,1.));
#14359=DIRECTION('ref_axis',(1.,0.,0.));
#14360=DIRECTION('',(0.,0.,1.));
#14361=DIRECTION('center_axis',(0.,0.,1.));
#14362=DIRECTION('ref_axis',(1.,0.,0.));
#14363=DIRECTION('center_axis',(0.,0.,1.));
#14364=DIRECTION('ref_axis',(1.,0.,0.));
#14365=DIRECTION('center_axis',(0.,0.,1.));
#14366=DIRECTION('ref_axis',(1.,0.,0.));
#14367=DIRECTION('center_axis',(0.,0.,1.));
#14368=DIRECTION('ref_axis',(1.,0.,0.));
#14369=DIRECTION('',(0.,0.,1.));
#14370=DIRECTION('center_axis',(0.,0.,1.));
#14371=DIRECTION('ref_axis',(1.,0.,0.));
#14372=DIRECTION('center_axis',(0.,0.,1.));
#14373=DIRECTION('ref_axis',(1.,0.,0.));
#14374=DIRECTION('center_axis',(0.,0.,1.));
#14375=DIRECTION('ref_axis',(1.,0.,0.));
#14376=DIRECTION('center_axis',(0.,0.,1.));
#14377=DIRECTION('ref_axis',(1.,0.,0.));
#14378=DIRECTION('',(0.,0.,1.));
#14379=DIRECTION('center_axis',(0.,0.,1.));
#14380=DIRECTION('ref_axis',(1.,0.,0.));
#14381=DIRECTION('center_axis',(0.,0.,1.));
#14382=DIRECTION('ref_axis',(1.,0.,0.));
#14383=DIRECTION('center_axis',(0.,0.,1.));
#14384=DIRECTION('ref_axis',(1.,0.,0.));
#14385=DIRECTION('center_axis',(0.,0.,1.));
#14386=DIRECTION('ref_axis',(1.,0.,0.));
#14387=DIRECTION('',(0.,0.,1.));
#14388=DIRECTION('center_axis',(0.,0.,1.));
#14389=DIRECTION('ref_axis',(1.,0.,0.));
#14390=DIRECTION('center_axis',(0.,0.,1.));
#14391=DIRECTION('ref_axis',(1.,0.,0.));
#14392=DIRECTION('center_axis',(0.,-1.,0.));
#14393=DIRECTION('ref_axis',(1.,0.,0.));
#14394=DIRECTION('',(0.,0.,1.));
#14395=DIRECTION('',(1.,0.,0.));
#14396=DIRECTION('',(0.,0.,-1.));
#14397=DIRECTION('',(-1.,0.,0.));
#14398=DIRECTION('center_axis',(0.,0.,1.));
#14399=DIRECTION('ref_axis',(1.,0.,0.));
#14400=DIRECTION('',(0.,-1.,0.));
#14401=DIRECTION('',(-1.,0.,0.));
#14402=DIRECTION('',(0.,1.,0.));
#14403=DIRECTION('center_axis',(0.,1.,0.));
#14404=DIRECTION('ref_axis',(-1.,0.,0.));
#14405=DIRECTION('',(0.,0.,-1.));
#14406=DIRECTION('',(1.,0.,0.));
#14407=DIRECTION('',(0.,0.,1.));
#14408=DIRECTION('center_axis',(1.,0.,0.));
#14409=DIRECTION('ref_axis',(0.,1.,0.));
#14410=DIRECTION('',(0.,1.,0.));
#14411=DIRECTION('',(0.,0.,1.));
#14412=DIRECTION('',(0.,1.,0.));
#14413=DIRECTION('',(0.,0.,1.));
#14414=DIRECTION('',(0.,1.,0.));
#14415=DIRECTION('center_axis',(0.,0.,1.));
#14416=DIRECTION('ref_axis',(1.,0.,0.));
#14417=DIRECTION('',(0.,-1.,0.));
#14418=DIRECTION('',(1.,0.,0.));
#14419=DIRECTION('center_axis',(0.,1.,0.));
#14420=DIRECTION('ref_axis',(-1.,0.,0.));
#14421=DIRECTION('',(-1.,0.,0.));
#14422=DIRECTION('',(0.,0.,1.));
#14423=DIRECTION('',(-1.,0.,0.));
#14424=DIRECTION('center_axis',(0.,-1.,0.));
#14425=DIRECTION('ref_axis',(1.,0.,0.));
#14426=DIRECTION('',(1.,0.,0.));
#14427=DIRECTION('',(0.,0.,1.));
#14428=DIRECTION('center_axis',(-1.,0.,0.));
#14429=DIRECTION('ref_axis',(0.,-1.,0.));
#14430=DIRECTION('',(0.,-1.,0.));
#14431=DIRECTION('',(0.,-1.,0.));
#14432=DIRECTION('center_axis',(0.,0.,1.));
#14433=DIRECTION('ref_axis',(1.,0.,0.));
#14434=DIRECTION('center_axis',(0.,0.,1.));
#14435=DIRECTION('ref_axis',(1.,0.,0.));
#14436=DIRECTION('axis',(0.,0.,1.));
#14437=DIRECTION('refdir',(1.,0.,0.));
#14438=DIRECTION('center_axis',(0.,0.,1.));
#14439=DIRECTION('ref_axis',(1.,0.,0.));
#14440=DIRECTION('center_axis',(0.,0.,1.));
#14441=DIRECTION('ref_axis',(1.,0.,0.));
#14442=DIRECTION('',(0.,0.,1.));
#14443=DIRECTION('center_axis',(0.,0.,-1.));
#14444=DIRECTION('ref_axis',(1.,0.,0.));
#14445=DIRECTION('center_axis',(0.,0.,1.));
#14446=DIRECTION('ref_axis',(1.,0.,0.));
#14447=DIRECTION('center_axis',(0.,0.,1.));
#14448=DIRECTION('ref_axis',(1.,0.,0.));
#14449=DIRECTION('',(0.,0.,1.));
#14450=DIRECTION('center_axis',(0.,0.,-1.));
#14451=DIRECTION('ref_axis',(1.,0.,0.));
#14452=DIRECTION('center_axis',(0.,1.,0.));
#14453=DIRECTION('ref_axis',(-1.,0.,0.));
#14454=DIRECTION('',(-1.,0.,0.));
#14455=DIRECTION('',(0.,0.,1.));
#14456=DIRECTION('',(-1.,0.,0.));
#14457=DIRECTION('',(0.,0.,1.));
#14458=DIRECTION('center_axis',(1.,0.,0.));
#14459=DIRECTION('ref_axis',(0.,1.,0.));
#14460=DIRECTION('',(0.,1.,0.));
#14461=DIRECTION('',(0.,1.,0.));
#14462=DIRECTION('',(0.,0.,1.));
#14463=DIRECTION('center_axis',(0.,-1.,0.));
#14464=DIRECTION('ref_axis',(1.,0.,0.));
#14465=DIRECTION('',(1.,0.,0.));
#14466=DIRECTION('',(1.,0.,0.));
#14467=DIRECTION('',(0.,0.,1.));
#14468=DIRECTION('center_axis',(-1.,0.,0.));
#14469=DIRECTION('ref_axis',(0.,-1.,0.));
#14470=DIRECTION('',(0.,-1.,0.));
#14471=DIRECTION('',(0.,-1.,0.));
#14472=DIRECTION('center_axis',(0.,0.,1.));
#14473=DIRECTION('ref_axis',(1.,0.,0.));
#14474=DIRECTION('center_axis',(0.,0.,1.));
#14475=DIRECTION('ref_axis',(1.,0.,0.));
#14476=DIRECTION('',(0.,0.,1.));
#14477=DIRECTION('',(1.,0.,0.));
#14478=DIRECTION('',(0.,0.,1.));
#14479=DIRECTION('',(1.,0.,0.));
#14480=DIRECTION('',(0.,0.,1.));
#14481=DIRECTION('',(1.,0.,0.));
#14482=DIRECTION('',(0.,0.,1.));
#14483=DIRECTION('',(1.,0.,0.));
#14484=DIRECTION('',(0.,0.,1.));
#14485=DIRECTION('',(1.,0.,0.));
#14486=DIRECTION('',(0.,0.,1.));
#14487=DIRECTION('',(1.,0.,0.));
#14488=DIRECTION('',(0.,0.,1.));
#14489=DIRECTION('',(1.,0.,0.));
#14490=DIRECTION('',(0.,0.,1.));
#14491=DIRECTION('',(1.,0.,0.));
#14492=DIRECTION('',(0.,0.,1.));
#14493=DIRECTION('',(1.,0.,0.));
#14494=DIRECTION('',(0.,0.,1.));
#14495=DIRECTION('',(1.,0.,0.));
#14496=DIRECTION('axis',(0.,0.,1.));
#14497=DIRECTION('refdir',(1.,0.,0.));
#14498=DIRECTION('axis',(0.,0.,1.));
#14499=DIRECTION('refdir',(1.,0.,0.));
#14500=DIRECTION('center_axis',(1.,0.,0.));
#14501=DIRECTION('ref_axis',(0.,0.,-1.));
#14502=DIRECTION('center_axis',(1.,0.,0.));
#14503=DIRECTION('ref_axis',(0.,0.,-1.));
#14504=DIRECTION('',(-1.,0.,0.));
#14505=DIRECTION('center_axis',(1.,0.,0.));
#14506=DIRECTION('ref_axis',(0.,0.,-1.));
#14507=DIRECTION('center_axis',(1.,0.,0.));
#14508=DIRECTION('ref_axis',(0.,0.,-1.));
#14509=DIRECTION('center_axis',(1.,0.,0.));
#14510=DIRECTION('ref_axis',(0.,0.,-1.));
#14511=DIRECTION('axis',(0.,0.,1.));
#14512=DIRECTION('refdir',(1.,0.,0.));
#14513=DIRECTION('center_axis',(1.,0.,0.));
#14514=DIRECTION('ref_axis',(0.,0.,-1.));
#14515=DIRECTION('center_axis',(1.,0.,0.));
#14516=DIRECTION('ref_axis',(0.,0.,-1.));
#14517=DIRECTION('',(1.,0.,0.));
#14518=DIRECTION('center_axis',(-1.,0.,0.));
#14519=DIRECTION('ref_axis',(0.,0.,-1.));
#14520=DIRECTION('center_axis',(1.,0.,0.));
#14521=DIRECTION('ref_axis',(0.,0.,-1.));
#14522=DIRECTION('center_axis',(1.,0.,0.));
#14523=DIRECTION('ref_axis',(0.,0.,-1.));
#14524=DIRECTION('',(-1.,0.,0.));
#14525=DIRECTION('center_axis',(1.,0.,0.));
#14526=DIRECTION('ref_axis',(0.,0.,-1.));
#14527=DIRECTION('center_axis',(1.,0.,0.));
#14528=DIRECTION('ref_axis',(0.,0.,-1.));
#14529=DIRECTION('center_axis',(1.,0.,0.));
#14530=DIRECTION('ref_axis',(0.,0.,-1.));
#14531=DIRECTION('axis',(0.,0.,1.));
#14532=DIRECTION('refdir',(1.,0.,0.));
#14533=DIRECTION('center_axis',(1.,0.,0.));
#14534=DIRECTION('ref_axis',(0.,0.,-1.));
#14535=DIRECTION('center_axis',(1.,0.,0.));
#14536=DIRECTION('ref_axis',(0.,0.,-1.));
#14537=DIRECTION('',(1.,0.,0.));
#14538=DIRECTION('center_axis',(-1.,0.,0.));
#14539=DIRECTION('ref_axis',(0.,0.,-1.));
#14540=DIRECTION('center_axis',(-1.,0.,0.));
#14541=DIRECTION('ref_axis',(0.,0.,-1.));
#14542=DIRECTION('center_axis',(-1.,0.,0.));
#14543=DIRECTION('ref_axis',(0.,0.,-1.));
#14544=DIRECTION('',(1.,0.,0.));
#14545=DIRECTION('center_axis',(1.,0.,0.));
#14546=DIRECTION('ref_axis',(0.,0.,-1.));
#14547=DIRECTION('center_axis',(1.,0.,0.));
#14548=DIRECTION('ref_axis',(0.,0.,-1.));
#14549=DIRECTION('center_axis',(1.,0.,0.));
#14550=DIRECTION('ref_axis',(0.,0.,-1.));
#14551=DIRECTION('axis',(0.,0.,1.));
#14552=DIRECTION('refdir',(1.,0.,0.));
#14553=DIRECTION('center_axis',(1.,0.,0.));
#14554=DIRECTION('ref_axis',(0.,0.,-1.));
#14555=DIRECTION('center_axis',(1.,0.,0.));
#14556=DIRECTION('ref_axis',(0.,0.,-1.));
#14557=DIRECTION('',(-1.,0.,0.));
#14558=DIRECTION('center_axis',(1.,0.,0.));
#14559=DIRECTION('ref_axis',(0.,0.,-1.));
#14560=DIRECTION('center_axis',(1.,0.,0.));
#14561=DIRECTION('ref_axis',(0.,0.,-1.));
#14562=DIRECTION('center_axis',(1.,0.,0.));
#14563=DIRECTION('ref_axis',(0.,0.,-1.));
#14564=DIRECTION('axis',(0.,0.,1.));
#14565=DIRECTION('refdir',(1.,0.,0.));
#14566=DIRECTION('center_axis',(1.,0.,0.));
#14567=DIRECTION('ref_axis',(0.,0.,-1.));
#14568=DIRECTION('center_axis',(1.,0.,0.));
#14569=DIRECTION('ref_axis',(0.,0.,-1.));
#14570=DIRECTION('',(1.,0.,0.));
#14571=DIRECTION('center_axis',(-1.,0.,0.));
#14572=DIRECTION('ref_axis',(0.,0.,-1.));
#14573=DIRECTION('center_axis',(0.,0.,1.));
#14574=DIRECTION('ref_axis',(1.,0.,0.));
#14575=DIRECTION('center_axis',(0.,0.,1.));
#14576=DIRECTION('ref_axis',(1.,0.,0.));
#14577=DIRECTION('',(0.,0.,1.));
#14578=DIRECTION('center_axis',(0.,0.,1.));
#14579=DIRECTION('ref_axis',(1.,0.,0.));
#14580=DIRECTION('center_axis',(0.,0.,1.));
#14581=DIRECTION('ref_axis',(1.,0.,0.));
#14582=DIRECTION('center_axis',(0.,-1.,0.));
#14583=DIRECTION('ref_axis',(0.,0.,-1.));
#14584=DIRECTION('',(0.,0.,-1.));
#14585=DIRECTION('',(1.,0.,0.));
#14586=DIRECTION('',(0.,0.,-1.));
#14587=DIRECTION('',(1.,0.,0.));
#14588=DIRECTION('center_axis',(0.,0.,1.));
#14589=DIRECTION('ref_axis',(0.,-1.,0.));
#14590=DIRECTION('',(0.,-1.,0.));
#14591=DIRECTION('',(0.,-1.,0.));
#14592=DIRECTION('',(1.,0.,0.));
#14593=DIRECTION('center_axis',(0.,1.,0.));
#14594=DIRECTION('ref_axis',(0.,0.,1.));
#14595=DIRECTION('',(0.,0.,1.));
#14596=DIRECTION('',(0.,0.,1.));
#14597=DIRECTION('',(1.,0.,0.));
#14598=DIRECTION('center_axis',(0.,0.,-1.));
#14599=DIRECTION('ref_axis',(0.,1.,0.));
#14600=DIRECTION('',(0.,1.,0.));
#14601=DIRECTION('',(0.,1.,0.));
#14602=DIRECTION('center_axis',(1.,0.,0.));
#14603=DIRECTION('ref_axis',(0.,0.,-1.));
#14604=DIRECTION('center_axis',(1.,0.,0.));
#14605=DIRECTION('ref_axis',(0.,0.,-1.));
#14606=DIRECTION('axis',(0.,0.,1.));
#14607=DIRECTION('refdir',(1.,0.,0.));
#14608=DIRECTION('center_axis',(1.,0.,0.));
#14609=DIRECTION('ref_axis',(0.,0.,-1.));
#14610=DIRECTION('',(0.,0.,1.));
#14611=DIRECTION('',(0.,1.,0.));
#14612=DIRECTION('',(0.,0.,-1.));
#14613=DIRECTION('',(0.,1.,0.));
#14614=DIRECTION('center_axis',(0.,0.,1.));
#14615=DIRECTION('ref_axis',(1.,0.,0.));
#14616=DIRECTION('',(-1.,0.,0.));
#14617=DIRECTION('',(1.,0.,0.));
#14618=DIRECTION('',(0.,-1.,0.));
#14619=DIRECTION('center_axis',(-1.,0.,0.));
#14620=DIRECTION('ref_axis',(0.,0.,1.));
#14621=DIRECTION('',(0.,0.,-1.));
#14622=DIRECTION('',(0.,0.,1.));
#14623=DIRECTION('',(0.,1.,0.));
#14624=DIRECTION('center_axis',(0.,0.,-1.));
#14625=DIRECTION('ref_axis',(-1.,0.,0.));
#14626=DIRECTION('',(1.,0.,0.));
#14627=DIRECTION('',(-1.,0.,0.));
#14628=DIRECTION('center_axis',(0.,0.,1.));
#14629=DIRECTION('ref_axis',(1.,0.,0.));
#14630=DIRECTION('center_axis',(0.,0.,1.));
#14631=DIRECTION('ref_axis',(1.,0.,0.));
#14632=DIRECTION('',(0.,0.,1.));
#14633=DIRECTION('center_axis',(0.,0.,1.));
#14634=DIRECTION('ref_axis',(1.,0.,0.));
#14635=DIRECTION('center_axis',(0.,0.,1.));
#14636=DIRECTION('ref_axis',(1.,0.,0.));
#14637=DIRECTION('center_axis',(0.,0.,1.));
#14638=DIRECTION('ref_axis',(1.,0.,0.));
#14639=DIRECTION('center_axis',(0.,0.,1.));
#14640=DIRECTION('ref_axis',(1.,0.,0.));
#14641=DIRECTION('',(0.,0.,1.));
#14642=DIRECTION('center_axis',(0.,0.,1.));
#14643=DIRECTION('ref_axis',(1.,0.,0.));
#14644=DIRECTION('center_axis',(0.,0.,1.));
#14645=DIRECTION('ref_axis',(1.,0.,0.));
#14646=DIRECTION('center_axis',(0.,0.,1.));
#14647=DIRECTION('ref_axis',(1.,0.,0.));
#14648=DIRECTION('center_axis',(0.,0.,1.));
#14649=DIRECTION('ref_axis',(1.,0.,0.));
#14650=DIRECTION('',(0.,0.,1.));
#14651=DIRECTION('center_axis',(0.,0.,1.));
#14652=DIRECTION('ref_axis',(1.,0.,0.));
#14653=DIRECTION('center_axis',(0.,0.,1.));
#14654=DIRECTION('ref_axis',(1.,0.,0.));
#14655=DIRECTION('center_axis',(0.,0.,1.));
#14656=DIRECTION('ref_axis',(1.,0.,0.));
#14657=DIRECTION('center_axis',(0.,0.,1.));
#14658=DIRECTION('ref_axis',(1.,0.,0.));
#14659=DIRECTION('',(0.,0.,1.));
#14660=DIRECTION('center_axis',(0.,0.,1.));
#14661=DIRECTION('ref_axis',(1.,0.,0.));
#14662=DIRECTION('center_axis',(0.,0.,1.));
#14663=DIRECTION('ref_axis',(1.,0.,0.));
#14664=DIRECTION('center_axis',(1.,0.,0.));
#14665=DIRECTION('ref_axis',(0.,0.,-1.));
#14666=DIRECTION('center_axis',(1.,0.,0.));
#14667=DIRECTION('ref_axis',(0.,0.,-1.));
#14668=DIRECTION('',(-1.,0.,0.));
#14669=DIRECTION('center_axis',(-1.,0.,0.));
#14670=DIRECTION('ref_axis',(0.,0.,-1.));
#14671=DIRECTION('',(1.,0.,0.));
#14672=DIRECTION('center_axis',(1.,0.,0.));
#14673=DIRECTION('ref_axis',(0.,1.,0.));
#14674=DIRECTION('',(0.,1.,0.));
#14675=DIRECTION('',(0.,0.,1.));
#14676=DIRECTION('',(0.,1.,0.));
#14677=DIRECTION('',(0.,0.,1.));
#14678=DIRECTION('',(0.,1.,0.));
#14679=DIRECTION('center_axis',(0.,0.,1.));
#14680=DIRECTION('ref_axis',(1.,0.,0.));
#14681=DIRECTION('',(0.,-1.,0.));
#14682=DIRECTION('',(1.,0.,0.));
#14683=DIRECTION('center_axis',(0.,1.,0.));
#14684=DIRECTION('ref_axis',(-1.,0.,0.));
#14685=DIRECTION('',(-1.,0.,0.));
#14686=DIRECTION('',(0.,0.,1.));
#14687=DIRECTION('',(-1.,0.,0.));
#14688=DIRECTION('center_axis',(0.,-1.,0.));
#14689=DIRECTION('ref_axis',(1.,0.,0.));
#14690=DIRECTION('',(1.,0.,0.));
#14691=DIRECTION('',(0.,0.,1.));
#14692=DIRECTION('center_axis',(-1.,0.,0.));
#14693=DIRECTION('ref_axis',(0.,-1.,0.));
#14694=DIRECTION('',(0.,-1.,0.));
#14695=DIRECTION('',(0.,-1.,0.));
#14696=DIRECTION('center_axis',(0.,0.,1.));
#14697=DIRECTION('ref_axis',(1.,0.,0.));
#14698=DIRECTION('center_axis',(0.,0.,1.));
#14699=DIRECTION('ref_axis',(1.,0.,0.));
#14700=DIRECTION('axis',(0.,0.,1.));
#14701=DIRECTION('refdir',(1.,0.,0.));
#14702=DIRECTION('center_axis',(1.,0.,0.));
#14703=DIRECTION('ref_axis',(0.,0.,-1.));
#14704=DIRECTION('center_axis',(1.,0.,0.));
#14705=DIRECTION('ref_axis',(0.,0.,-1.));
#14706=DIRECTION('',(1.,0.,0.));
#14707=DIRECTION('center_axis',(-1.,0.,0.));
#14708=DIRECTION('ref_axis',(0.,0.,-1.));
#14709=DIRECTION('center_axis',(1.,0.,0.));
#14710=DIRECTION('ref_axis',(0.,0.,-1.));
#14711=DIRECTION('center_axis',(1.,0.,0.));
#14712=DIRECTION('ref_axis',(0.,0.,-1.));
#14713=DIRECTION('',(-1.,0.,0.));
#14714=DIRECTION('center_axis',(1.,0.,0.));
#14715=DIRECTION('ref_axis',(0.,0.,-1.));
#14716=DIRECTION('center_axis',(1.,0.,0.));
#14717=DIRECTION('ref_axis',(0.,0.,-1.));
#14718=DIRECTION('center_axis',(1.,0.,0.));
#14719=DIRECTION('ref_axis',(0.,0.,-1.));
#14720=DIRECTION('axis',(0.,0.,1.));
#14721=DIRECTION('refdir',(1.,0.,0.));
#14722=DIRECTION('center_axis',(1.,0.,0.));
#14723=DIRECTION('ref_axis',(0.,0.,-1.));
#14724=DIRECTION('center_axis',(1.,0.,0.));
#14725=DIRECTION('ref_axis',(0.,0.,-1.));
#14726=DIRECTION('',(1.,0.,0.));
#14727=DIRECTION('center_axis',(-1.,0.,0.));
#14728=DIRECTION('ref_axis',(0.,0.,-1.));
#14729=DIRECTION('center_axis',(1.,0.,0.));
#14730=DIRECTION('ref_axis',(0.,0.,-1.));
#14731=DIRECTION('center_axis',(1.,0.,0.));
#14732=DIRECTION('ref_axis',(0.,0.,-1.));
#14733=DIRECTION('',(-1.,0.,0.));
#14734=DIRECTION('center_axis',(1.,0.,0.));
#14735=DIRECTION('ref_axis',(0.,0.,-1.));
#14736=DIRECTION('center_axis',(1.,0.,0.));
#14737=DIRECTION('ref_axis',(0.,0.,-1.));
#14738=DIRECTION('center_axis',(1.,0.,0.));
#14739=DIRECTION('ref_axis',(0.,0.,-1.));
#14740=DIRECTION('axis',(0.,0.,1.));
#14741=DIRECTION('refdir',(1.,0.,0.));
#14742=DIRECTION('center_axis',(0.,1.,0.));
#14743=DIRECTION('ref_axis',(-1.,0.,0.));
#14744=DIRECTION('',(-1.,0.,0.));
#14745=DIRECTION('',(0.,0.,1.));
#14746=DIRECTION('',(-1.,0.,0.));
#14747=DIRECTION('',(0.,0.,1.));
#14748=DIRECTION('center_axis',(1.,0.,0.));
#14749=DIRECTION('ref_axis',(0.,1.,0.));
#14750=DIRECTION('',(0.,1.,0.));
#14751=DIRECTION('',(0.,1.,0.));
#14752=DIRECTION('',(0.,0.,1.));
#14753=DIRECTION('center_axis',(0.,-1.,0.));
#14754=DIRECTION('ref_axis',(1.,0.,0.));
#14755=DIRECTION('',(1.,0.,0.));
#14756=DIRECTION('',(1.,0.,0.));
#14757=DIRECTION('',(0.,0.,1.));
#14758=DIRECTION('center_axis',(-1.,0.,0.));
#14759=DIRECTION('ref_axis',(0.,-1.,0.));
#14760=DIRECTION('',(0.,-1.,0.));
#14761=DIRECTION('',(0.,-1.,0.));
#14762=DIRECTION('center_axis',(0.,0.,1.));
#14763=DIRECTION('ref_axis',(1.,0.,0.));
#14764=DIRECTION('center_axis',(0.,0.,1.));
#14765=DIRECTION('ref_axis',(1.,0.,0.));
#14766=DIRECTION('',(0.,0.,1.));
#14767=DIRECTION('',(1.,0.,0.));
#14768=DIRECTION('',(0.,0.,1.));
#14769=DIRECTION('',(1.,0.,0.));
#14770=DIRECTION('',(0.,0.,1.));
#14771=DIRECTION('',(1.,0.,0.));
#14772=DIRECTION('',(0.,0.,1.));
#14773=DIRECTION('',(1.,0.,0.));
#14774=DIRECTION('',(0.,0.,1.));
#14775=DIRECTION('',(1.,0.,0.));
#14776=DIRECTION('',(0.,0.,1.));
#14777=DIRECTION('',(1.,0.,0.));
#14778=DIRECTION('',(0.,0.,1.));
#14779=DIRECTION('',(1.,0.,0.));
#14780=DIRECTION('',(0.,0.,1.));
#14781=DIRECTION('',(1.,0.,0.));
#14782=DIRECTION('',(0.,0.,1.));
#14783=DIRECTION('',(1.,0.,0.));
#14784=DIRECTION('axis',(0.,0.,1.));
#14785=DIRECTION('refdir',(1.,0.,0.));
#14786=DIRECTION('axis',(0.,0.,1.));
#14787=DIRECTION('refdir',(1.,0.,0.));
#14788=DIRECTION('center_axis',(0.,0.,1.));
#14789=DIRECTION('ref_axis',(1.,0.,0.));
#14790=DIRECTION('center_axis',(0.,0.,1.));
#14791=DIRECTION('ref_axis',(1.,0.,0.));
#14792=DIRECTION('',(0.,0.,1.));
#14793=DIRECTION('center_axis',(0.,0.,-1.));
#14794=DIRECTION('ref_axis',(1.,0.,0.));
#14795=DIRECTION('center_axis',(0.,0.,1.));
#14796=DIRECTION('ref_axis',(1.,0.,0.));
#14797=DIRECTION('center_axis',(0.,0.,1.));
#14798=DIRECTION('ref_axis',(1.,0.,0.));
#14799=DIRECTION('',(0.,0.,1.));
#14800=DIRECTION('center_axis',(0.,0.,-1.));
#14801=DIRECTION('ref_axis',(1.,0.,0.));
#14802=DIRECTION('center_axis',(0.,0.,1.));
#14803=DIRECTION('ref_axis',(1.,0.,0.));
#14804=DIRECTION('',(-1.,0.,0.));
#14805=DIRECTION('',(0.,1.,0.));
#14806=DIRECTION('',(-1.,0.,0.));
#14807=DIRECTION('',(0.,-1.,0.));
#14808=DIRECTION('center_axis',(0.,1.,0.));
#14809=DIRECTION('ref_axis',(-1.,0.,0.));
#14810=DIRECTION('',(-1.,0.,0.));
#14811=DIRECTION('',(0.,0.,1.));
#14812=DIRECTION('',(0.,0.,1.));
#14813=DIRECTION('center_axis',(-1.,0.,0.));
#14814=DIRECTION('ref_axis',(0.,-1.,0.));
#14815=DIRECTION('',(0.,-1.,0.));
#14816=DIRECTION('',(0.,0.,1.));
#14817=DIRECTION('',(0.,-1.,0.));
#14818=DIRECTION('',(0.,0.,1.));
#14819=DIRECTION('',(0.,-1.,0.));
#14820=DIRECTION('',(0.,0.,1.));
#14821=DIRECTION('center_axis',(0.,0.,1.));
#14822=DIRECTION('ref_axis',(1.,0.,0.));
#14823=DIRECTION('',(0.,1.,0.));
#14824=DIRECTION('',(1.,0.,0.));
#14825=DIRECTION('center_axis',(0.,0.,1.));
#14826=DIRECTION('ref_axis',(1.,0.,0.));
#14827=DIRECTION('',(1.,0.,0.));
#14828=DIRECTION('',(1.,0.,0.));
#14829=DIRECTION('',(0.,1.,0.));
#14830=DIRECTION('center_axis',(0.,-1.,0.));
#14831=DIRECTION('ref_axis',(1.,0.,0.));
#14832=DIRECTION('',(0.,0.,1.));
#14833=DIRECTION('center_axis',(0.,1.,0.));
#14834=DIRECTION('ref_axis',(-1.,0.,0.));
#14835=DIRECTION('',(-1.,0.,0.));
#14836=DIRECTION('',(0.,0.,1.));
#14837=DIRECTION('center_axis',(1.,0.,0.));
#14838=DIRECTION('ref_axis',(0.,1.,0.));
#14839=DIRECTION('',(0.,1.,0.));
#14840=DIRECTION('',(0.,0.,1.));
#14841=DIRECTION('center_axis',(0.,-1.,0.));
#14842=DIRECTION('ref_axis',(1.,0.,0.));
#14843=DIRECTION('',(1.,0.,0.));
#14844=DIRECTION('center_axis',(0.,0.,1.));
#14845=DIRECTION('ref_axis',(1.,0.,0.));
#14846=DIRECTION('axis',(0.,0.,1.));
#14847=DIRECTION('refdir',(1.,0.,0.));
#14848=DIRECTION('center_axis',(0.,1.,0.));
#14849=DIRECTION('ref_axis',(-1.,0.,0.));
#14850=DIRECTION('',(-1.,0.,0.));
#14851=DIRECTION('',(0.,0.,1.));
#14852=DIRECTION('',(-1.,0.,0.));
#14853=DIRECTION('',(0.,0.,1.));
#14854=DIRECTION('center_axis',(1.,0.,0.));
#14855=DIRECTION('ref_axis',(0.,1.,0.));
#14856=DIRECTION('',(0.,1.,0.));
#14857=DIRECTION('',(0.,1.,0.));
#14858=DIRECTION('',(0.,0.,1.));
#14859=DIRECTION('center_axis',(0.,-1.,0.));
#14860=DIRECTION('ref_axis',(1.,0.,0.));
#14861=DIRECTION('',(1.,0.,0.));
#14862=DIRECTION('',(1.,0.,0.));
#14863=DIRECTION('',(0.,0.,1.));
#14864=DIRECTION('center_axis',(-1.,0.,0.));
#14865=DIRECTION('ref_axis',(0.,-1.,0.));
#14866=DIRECTION('',(0.,-1.,0.));
#14867=DIRECTION('',(0.,-1.,0.));
#14868=DIRECTION('center_axis',(0.,0.,1.));
#14869=DIRECTION('ref_axis',(1.,0.,0.));
#14870=DIRECTION('center_axis',(0.,0.,1.));
#14871=DIRECTION('ref_axis',(1.,0.,0.));
#14872=DIRECTION('axis',(0.,0.,1.));
#14873=DIRECTION('refdir',(1.,0.,0.));
#14874=DIRECTION('center_axis',(1.,0.,0.));
#14875=DIRECTION('ref_axis',(0.,0.,1.));
#14876=DIRECTION('',(0.,0.,1.));
#14877=DIRECTION('',(0.,-1.,0.));
#14878=DIRECTION('',(0.,0.,1.));
#14879=DIRECTION('',(0.,-1.,0.));
#14880=DIRECTION('center_axis',(0.,0.,-1.));
#14881=DIRECTION('ref_axis',(1.,0.,0.));
#14882=DIRECTION('',(1.,0.,0.));
#14883=DIRECTION('',(0.,-1.,0.));
#14884=DIRECTION('',(1.,0.,0.));
#14885=DIRECTION('center_axis',(-1.,0.,0.));
#14886=DIRECTION('ref_axis',(0.,0.,-1.));
#14887=DIRECTION('',(0.,0.,-1.));
#14888=DIRECTION('',(0.,-1.,0.));
#14889=DIRECTION('',(0.,0.,-1.));
#14890=DIRECTION('center_axis',(0.,0.,1.));
#14891=DIRECTION('ref_axis',(-1.,0.,0.));
#14892=DIRECTION('',(-1.,0.,0.));
#14893=DIRECTION('',(-1.,0.,0.));
#14894=DIRECTION('center_axis',(0.,-1.,0.));
#14895=DIRECTION('ref_axis',(0.,0.,-1.));
#14896=DIRECTION('center_axis',(0.,1.,0.));
#14897=DIRECTION('ref_axis',(-1.,0.,0.));
#14898=DIRECTION('',(-1.,0.,0.));
#14899=DIRECTION('',(0.,0.,1.));
#14900=DIRECTION('',(-1.,0.,0.));
#14901=DIRECTION('',(0.,0.,1.));
#14902=DIRECTION('center_axis',(1.,0.,0.));
#14903=DIRECTION('ref_axis',(0.,1.,0.));
#14904=DIRECTION('',(0.,1.,0.));
#14905=DIRECTION('',(0.,1.,0.));
#14906=DIRECTION('',(0.,0.,1.));
#14907=DIRECTION('center_axis',(0.,-1.,0.));
#14908=DIRECTION('ref_axis',(1.,0.,0.));
#14909=DIRECTION('',(1.,0.,0.));
#14910=DIRECTION('',(1.,0.,0.));
#14911=DIRECTION('',(0.,0.,1.));
#14912=DIRECTION('center_axis',(-1.,0.,0.));
#14913=DIRECTION('ref_axis',(0.,-1.,0.));
#14914=DIRECTION('',(0.,-1.,0.));
#14915=DIRECTION('',(0.,-1.,0.));
#14916=DIRECTION('center_axis',(0.,0.,1.));
#14917=DIRECTION('ref_axis',(1.,0.,0.));
#14918=DIRECTION('center_axis',(0.,0.,1.));
#14919=DIRECTION('ref_axis',(1.,0.,0.));
#14920=DIRECTION('',(0.,0.,1.));
#14921=DIRECTION('',(1.,0.,0.));
#14922=DIRECTION('',(0.,0.,1.));
#14923=DIRECTION('',(1.,0.,0.));
#14924=DIRECTION('',(0.,0.,1.));
#14925=DIRECTION('',(1.,0.,0.));
#14926=DIRECTION('axis',(0.,0.,1.));
#14927=DIRECTION('refdir',(1.,0.,0.));
#14928=DIRECTION('axis',(0.,0.,1.));
#14929=DIRECTION('refdir',(1.,0.,0.));
#14930=DIRECTION('center_axis',(0.,1.,0.));
#14931=DIRECTION('ref_axis',(-1.,0.,0.));
#14932=DIRECTION('',(-1.,0.,0.));
#14933=DIRECTION('',(0.,0.,1.));
#14934=DIRECTION('',(-1.,0.,0.));
#14935=DIRECTION('',(0.,0.,1.));
#14936=DIRECTION('center_axis',(1.,0.,0.));
#14937=DIRECTION('ref_axis',(0.,1.,0.));
#14938=DIRECTION('',(0.,1.,0.));
#14939=DIRECTION('',(0.,1.,0.));
#14940=DIRECTION('',(0.,0.,1.));
#14941=DIRECTION('center_axis',(0.,-1.,0.));
#14942=DIRECTION('ref_axis',(1.,0.,0.));
#14943=DIRECTION('',(1.,0.,0.));
#14944=DIRECTION('',(1.,0.,0.));
#14945=DIRECTION('',(0.,0.,1.));
#14946=DIRECTION('center_axis',(-1.,0.,0.));
#14947=DIRECTION('ref_axis',(0.,-1.,0.));
#14948=DIRECTION('',(0.,-1.,0.));
#14949=DIRECTION('',(0.,-1.,0.));
#14950=DIRECTION('center_axis',(0.,0.,1.));
#14951=DIRECTION('ref_axis',(1.,0.,0.));
#14952=DIRECTION('center_axis',(0.,0.,1.));
#14953=DIRECTION('ref_axis',(1.,0.,0.));
#14954=DIRECTION('axis',(0.,0.,1.));
#14955=DIRECTION('refdir',(1.,0.,0.));
#14956=DIRECTION('center_axis',(0.,1.,0.));
#14957=DIRECTION('ref_axis',(-1.,0.,0.));
#14958=DIRECTION('',(-1.,0.,0.));
#14959=DIRECTION('',(0.,0.,1.));
#14960=DIRECTION('',(-1.,0.,0.));
#14961=DIRECTION('',(0.,0.,1.));
#14962=DIRECTION('center_axis',(1.,0.,0.));
#14963=DIRECTION('ref_axis',(0.,1.,0.));
#14964=DIRECTION('',(0.,1.,0.));
#14965=DIRECTION('',(0.,1.,0.));
#14966=DIRECTION('',(0.,0.,1.));
#14967=DIRECTION('center_axis',(0.,-1.,0.));
#14968=DIRECTION('ref_axis',(1.,0.,0.));
#14969=DIRECTION('',(1.,0.,0.));
#14970=DIRECTION('',(1.,0.,0.));
#14971=DIRECTION('',(0.,0.,1.));
#14972=DIRECTION('center_axis',(-1.,0.,0.));
#14973=DIRECTION('ref_axis',(0.,-1.,0.));
#14974=DIRECTION('',(0.,-1.,0.));
#14975=DIRECTION('',(0.,-1.,0.));
#14976=DIRECTION('center_axis',(0.,0.,1.));
#14977=DIRECTION('ref_axis',(1.,0.,0.));
#14978=DIRECTION('center_axis',(0.,0.,1.));
#14979=DIRECTION('ref_axis',(1.,0.,0.));
#14980=DIRECTION('axis',(0.,0.,1.));
#14981=DIRECTION('refdir',(1.,0.,0.));
#14982=DIRECTION('center_axis',(2.61228946970625E-16,1.,0.));
#14983=DIRECTION('ref_axis',(-1.,2.61228946970625E-16,0.));
#14984=DIRECTION('',(-1.,2.61228946970625E-16,0.));
#14985=DIRECTION('',(0.,0.,1.));
#14986=DIRECTION('',(-1.,2.61228946970625E-16,0.));
#14987=DIRECTION('',(0.,0.,1.));
#14988=DIRECTION('center_axis',(1.,0.,0.));
#14989=DIRECTION('ref_axis',(0.,1.,0.));
#14990=DIRECTION('',(0.,1.,0.));
#14991=DIRECTION('',(0.,1.,0.));
#14992=DIRECTION('',(0.,0.,1.));
#14993=DIRECTION('center_axis',(0.,-1.,0.));
#14994=DIRECTION('ref_axis',(1.,0.,0.));
#14995=DIRECTION('',(1.,0.,0.));
#14996=DIRECTION('',(1.,0.,0.));
#14997=DIRECTION('',(0.,0.,1.));
#14998=DIRECTION('center_axis',(-1.,0.,0.));
#14999=DIRECTION('ref_axis',(0.,-1.,0.));
#15000=DIRECTION('',(0.,-1.,0.));
#15001=DIRECTION('',(0.,-1.,0.));
#15002=DIRECTION('center_axis',(0.,0.,1.));
#15003=DIRECTION('ref_axis',(1.,0.,0.));
#15004=DIRECTION('center_axis',(0.,0.,1.));
#15005=DIRECTION('ref_axis',(1.,0.,0.));
#15006=DIRECTION('axis',(0.,0.,1.));
#15007=DIRECTION('refdir',(1.,0.,0.));
#15008=DIRECTION('center_axis',(0.,1.,0.));
#15009=DIRECTION('ref_axis',(-1.,0.,0.));
#15010=DIRECTION('',(-1.,0.,0.));
#15011=DIRECTION('',(0.,0.,1.));
#15012=DIRECTION('',(-1.,0.,0.));
#15013=DIRECTION('',(0.,0.,1.));
#15014=DIRECTION('center_axis',(1.,0.,0.));
#15015=DIRECTION('ref_axis',(0.,1.,0.));
#15016=DIRECTION('',(0.,1.,0.));
#15017=DIRECTION('',(0.,1.,0.));
#15018=DIRECTION('',(0.,0.,1.));
#15019=DIRECTION('center_axis',(0.,-1.,0.));
#15020=DIRECTION('ref_axis',(1.,0.,0.));
#15021=DIRECTION('',(1.,0.,0.));
#15022=DIRECTION('',(1.,0.,0.));
#15023=DIRECTION('',(0.,0.,1.));
#15024=DIRECTION('center_axis',(-1.,0.,0.));
#15025=DIRECTION('ref_axis',(0.,-1.,0.));
#15026=DIRECTION('',(0.,-1.,0.));
#15027=DIRECTION('',(0.,-1.,0.));
#15028=DIRECTION('center_axis',(0.,0.,1.));
#15029=DIRECTION('ref_axis',(1.,0.,0.));
#15030=DIRECTION('center_axis',(0.,0.,1.));
#15031=DIRECTION('ref_axis',(1.,0.,0.));
#15032=DIRECTION('axis',(0.,0.,1.));
#15033=DIRECTION('refdir',(1.,0.,0.));
#15034=DIRECTION('center_axis',(0.,1.,0.));
#15035=DIRECTION('ref_axis',(-1.,0.,0.));
#15036=DIRECTION('',(-1.,0.,0.));
#15037=DIRECTION('',(0.,0.,1.));
#15038=DIRECTION('',(-1.,0.,0.));
#15039=DIRECTION('',(0.,0.,1.));
#15040=DIRECTION('center_axis',(1.,6.23720800351211E-17,0.));
#15041=DIRECTION('ref_axis',(-6.23720800351211E-17,1.,0.));
#15042=DIRECTION('',(-6.23720800351211E-17,1.,0.));
#15043=DIRECTION('',(-6.23720800351211E-17,1.,0.));
#15044=DIRECTION('',(0.,0.,1.));
#15045=DIRECTION('center_axis',(0.,-1.,0.));
#15046=DIRECTION('ref_axis',(1.,0.,0.));
#15047=DIRECTION('',(1.,0.,0.));
#15048=DIRECTION('',(1.,0.,0.));
#15049=DIRECTION('',(0.,0.,1.));
#15050=DIRECTION('center_axis',(-1.,0.,0.));
#15051=DIRECTION('ref_axis',(0.,-1.,0.));
#15052=DIRECTION('',(0.,-1.,0.));
#15053=DIRECTION('',(0.,-1.,0.));
#15054=DIRECTION('center_axis',(0.,0.,1.));
#15055=DIRECTION('ref_axis',(1.,0.,0.));
#15056=DIRECTION('center_axis',(0.,0.,1.));
#15057=DIRECTION('ref_axis',(1.,0.,0.));
#15058=DIRECTION('axis',(0.,0.,1.));
#15059=DIRECTION('refdir',(1.,0.,0.));
#15060=DIRECTION('center_axis',(0.,0.,1.));
#15061=DIRECTION('ref_axis',(1.,0.,0.));
#15062=DIRECTION('center_axis',(0.,0.,1.));
#15063=DIRECTION('ref_axis',(1.,0.,0.));
#15064=DIRECTION('',(0.,0.,1.));
#15065=DIRECTION('center_axis',(0.,0.,-1.));
#15066=DIRECTION('ref_axis',(1.,0.,0.));
#15067=DIRECTION('center_axis',(0.,0.,1.));
#15068=DIRECTION('ref_axis',(1.,0.,0.));
#15069=DIRECTION('center_axis',(0.,0.,1.));
#15070=DIRECTION('ref_axis',(1.,0.,0.));
#15071=DIRECTION('',(0.,0.,1.));
#15072=DIRECTION('center_axis',(0.,0.,-1.));
#15073=DIRECTION('ref_axis',(1.,0.,0.));
#15074=DIRECTION('center_axis',(0.,0.,1.));
#15075=DIRECTION('ref_axis',(1.,0.,0.));
#15076=DIRECTION('center_axis',(0.,0.,1.));
#15077=DIRECTION('ref_axis',(1.,0.,0.));
#15078=DIRECTION('',(0.,0.,1.));
#15079=DIRECTION('center_axis',(0.,0.,-1.));
#15080=DIRECTION('ref_axis',(1.,0.,0.));
#15081=DIRECTION('center_axis',(0.,0.,1.));
#15082=DIRECTION('ref_axis',(1.,0.,0.));
#15083=DIRECTION('center_axis',(0.,0.,1.));
#15084=DIRECTION('ref_axis',(1.,0.,0.));
#15085=DIRECTION('',(0.,0.,1.));
#15086=DIRECTION('center_axis',(0.,0.,-1.));
#15087=DIRECTION('ref_axis',(1.,0.,0.));
#15088=DIRECTION('center_axis',(0.,1.,0.));
#15089=DIRECTION('ref_axis',(-1.,0.,0.));
#15090=DIRECTION('',(-1.,0.,0.));
#15091=DIRECTION('',(0.,0.,1.));
#15092=DIRECTION('',(-1.,0.,0.));
#15093=DIRECTION('',(0.,0.,1.));
#15094=DIRECTION('center_axis',(1.,0.,0.));
#15095=DIRECTION('ref_axis',(0.,1.,0.));
#15096=DIRECTION('',(0.,1.,0.));
#15097=DIRECTION('',(0.,1.,0.));
#15098=DIRECTION('',(0.,0.,1.));
#15099=DIRECTION('center_axis',(0.,-1.,0.));
#15100=DIRECTION('ref_axis',(1.,0.,0.));
#15101=DIRECTION('',(1.,0.,0.));
#15102=DIRECTION('',(1.,0.,0.));
#15103=DIRECTION('',(0.,0.,1.));
#15104=DIRECTION('center_axis',(-1.,0.,0.));
#15105=DIRECTION('ref_axis',(0.,-1.,0.));
#15106=DIRECTION('',(0.,-1.,0.));
#15107=DIRECTION('',(0.,-1.,0.));
#15108=DIRECTION('center_axis',(0.,0.,1.));
#15109=DIRECTION('ref_axis',(1.,0.,0.));
#15110=DIRECTION('center_axis',(0.,0.,1.));
#15111=DIRECTION('ref_axis',(1.,0.,0.));
#15112=DIRECTION('center_axis',(0.,1.,0.));
#15113=DIRECTION('ref_axis',(-1.,0.,0.));
#15114=DIRECTION('',(-1.,0.,0.));
#15115=DIRECTION('',(0.,0.,1.));
#15116=DIRECTION('',(-1.,0.,0.));
#15117=DIRECTION('',(0.,0.,1.));
#15118=DIRECTION('center_axis',(1.,5.01142337504411E-17,0.));
#15119=DIRECTION('ref_axis',(-5.01142337504411E-17,1.,0.));
#15120=DIRECTION('',(-5.01142337504411E-17,1.,0.));
#15121=DIRECTION('',(-5.01142337504411E-17,1.,0.));
#15122=DIRECTION('',(0.,0.,1.));
#15123=DIRECTION('center_axis',(0.,-1.,0.));
#15124=DIRECTION('ref_axis',(1.,0.,0.));
#15125=DIRECTION('',(1.,0.,0.));
#15126=DIRECTION('',(1.,0.,0.));
#15127=DIRECTION('',(0.,0.,1.));
#15128=DIRECTION('center_axis',(-1.,0.,0.));
#15129=DIRECTION('ref_axis',(0.,-1.,0.));
#15130=DIRECTION('',(0.,-1.,0.));
#15131=DIRECTION('',(0.,-1.,0.));
#15132=DIRECTION('center_axis',(0.,0.,1.));
#15133=DIRECTION('ref_axis',(1.,0.,0.));
#15134=DIRECTION('center_axis',(0.,0.,1.));
#15135=DIRECTION('ref_axis',(1.,0.,0.));
#15136=DIRECTION('center_axis',(0.,1.,0.));
#15137=DIRECTION('ref_axis',(-1.,0.,0.));
#15138=DIRECTION('',(-1.,0.,0.));
#15139=DIRECTION('',(0.,0.,1.));
#15140=DIRECTION('',(-1.,0.,0.));
#15141=DIRECTION('',(0.,0.,1.));
#15142=DIRECTION('center_axis',(1.,8.7419135797256E-16,0.));
#15143=DIRECTION('ref_axis',(-8.7419135797256E-16,1.,0.));
#15144=DIRECTION('',(-8.7419135797256E-16,1.,0.));
#15145=DIRECTION('',(-8.7419135797256E-16,1.,0.));
#15146=DIRECTION('',(0.,0.,1.));
#15147=DIRECTION('center_axis',(0.,-1.,0.));
#15148=DIRECTION('ref_axis',(1.,0.,0.));
#15149=DIRECTION('',(1.,0.,0.));
#15150=DIRECTION('',(1.,0.,0.));
#15151=DIRECTION('',(0.,0.,1.));
#15152=DIRECTION('center_axis',(-1.,0.,0.));
#15153=DIRECTION('ref_axis',(0.,-1.,0.));
#15154=DIRECTION('',(0.,-1.,0.));
#15155=DIRECTION('',(0.,-1.,0.));
#15156=DIRECTION('center_axis',(0.,0.,1.));
#15157=DIRECTION('ref_axis',(1.,0.,0.));
#15158=DIRECTION('center_axis',(0.,0.,1.));
#15159=DIRECTION('ref_axis',(1.,0.,0.));
#15160=DIRECTION('center_axis',(0.,1.,0.));
#15161=DIRECTION('ref_axis',(-1.,0.,0.));
#15162=DIRECTION('',(-1.,0.,0.));
#15163=DIRECTION('',(0.,0.,1.));
#15164=DIRECTION('',(-1.,0.,0.));
#15165=DIRECTION('',(0.,0.,1.));
#15166=DIRECTION('center_axis',(1.,8.74191357972564E-16,0.));
#15167=DIRECTION('ref_axis',(-8.74191357972564E-16,1.,0.));
#15168=DIRECTION('',(-8.74191357972564E-16,1.,0.));
#15169=DIRECTION('',(-8.74191357972564E-16,1.,0.));
#15170=DIRECTION('',(0.,0.,1.));
#15171=DIRECTION('center_axis',(0.,-1.,0.));
#15172=DIRECTION('ref_axis',(1.,0.,0.));
#15173=DIRECTION('',(1.,0.,0.));
#15174=DIRECTION('',(1.,0.,0.));
#15175=DIRECTION('',(0.,0.,1.));
#15176=DIRECTION('center_axis',(-1.,0.,0.));
#15177=DIRECTION('ref_axis',(0.,-1.,0.));
#15178=DIRECTION('',(0.,-1.,0.));
#15179=DIRECTION('',(0.,-1.,0.));
#15180=DIRECTION('center_axis',(0.,0.,1.));
#15181=DIRECTION('ref_axis',(1.,0.,0.));
#15182=DIRECTION('center_axis',(0.,0.,1.));
#15183=DIRECTION('ref_axis',(1.,0.,0.));
#15184=DIRECTION('axis',(0.,0.,1.));
#15185=DIRECTION('refdir',(1.,0.,0.));
#15186=DIRECTION('center_axis',(0.,0.,1.));
#15187=DIRECTION('ref_axis',(1.,0.,0.));
#15188=DIRECTION('center_axis',(0.,0.,1.));
#15189=DIRECTION('ref_axis',(1.,0.,0.));
#15190=DIRECTION('',(0.,0.,1.));
#15191=DIRECTION('center_axis',(0.,0.,-1.));
#15192=DIRECTION('ref_axis',(1.,0.,0.));
#15193=DIRECTION('center_axis',(0.,0.,1.));
#15194=DIRECTION('ref_axis',(1.,0.,0.));
#15195=DIRECTION('center_axis',(0.,0.,1.));
#15196=DIRECTION('ref_axis',(1.,0.,0.));
#15197=DIRECTION('',(0.,0.,1.));
#15198=DIRECTION('center_axis',(0.,0.,-1.));
#15199=DIRECTION('ref_axis',(1.,0.,0.));
#15200=DIRECTION('center_axis',(0.,1.,0.));
#15201=DIRECTION('ref_axis',(-1.,0.,0.));
#15202=DIRECTION('',(-1.,0.,0.));
#15203=DIRECTION('',(0.,0.,1.));
#15204=DIRECTION('',(-1.,0.,0.));
#15205=DIRECTION('',(0.,0.,1.));
#15206=DIRECTION('center_axis',(1.,0.,0.));
#15207=DIRECTION('ref_axis',(0.,1.,0.));
#15208=DIRECTION('',(0.,1.,0.));
#15209=DIRECTION('',(0.,1.,0.));
#15210=DIRECTION('',(0.,0.,1.));
#15211=DIRECTION('center_axis',(0.,-1.,0.));
#15212=DIRECTION('ref_axis',(1.,0.,0.));
#15213=DIRECTION('',(1.,0.,0.));
#15214=DIRECTION('',(1.,0.,0.));
#15215=DIRECTION('',(0.,0.,1.));
#15216=DIRECTION('center_axis',(-1.,0.,0.));
#15217=DIRECTION('ref_axis',(0.,-1.,0.));
#15218=DIRECTION('',(0.,-1.,0.));
#15219=DIRECTION('',(0.,-1.,0.));
#15220=DIRECTION('center_axis',(0.,0.,1.));
#15221=DIRECTION('ref_axis',(1.,0.,0.));
#15222=DIRECTION('center_axis',(0.,0.,1.));
#15223=DIRECTION('ref_axis',(1.,0.,0.));
#15224=DIRECTION('',(0.,0.,1.));
#15225=DIRECTION('',(1.,0.,0.));
#15226=DIRECTION('',(0.,0.,1.));
#15227=DIRECTION('',(1.,0.,0.));
#15228=DIRECTION('',(0.,0.,1.));
#15229=DIRECTION('',(1.,0.,0.));
#15230=DIRECTION('',(0.,0.,1.));
#15231=DIRECTION('',(1.,0.,0.));
#15232=DIRECTION('',(0.,0.,1.));
#15233=DIRECTION('',(1.,0.,0.));
#15234=DIRECTION('',(0.,0.,1.));
#15235=DIRECTION('',(1.,0.,0.));
#15236=DIRECTION('',(0.,0.,1.));
#15237=DIRECTION('',(1.,0.,0.));
#15238=DIRECTION('axis',(0.,0.,1.));
#15239=DIRECTION('refdir',(1.,0.,0.));
#15240=DIRECTION('axis',(0.,0.,1.));
#15241=DIRECTION('refdir',(1.,0.,0.));
#15242=DIRECTION('axis',(0.,0.,1.));
#15243=DIRECTION('refdir',(1.,0.,0.));
#15244=DIRECTION('axis',(0.,0.,1.));
#15245=DIRECTION('refdir',(1.,0.,0.));
#15246=DIRECTION('center_axis',(0.,1.,0.));
#15247=DIRECTION('ref_axis',(1.,0.,0.));
#15248=DIRECTION('center_axis',(0.,1.,0.));
#15249=DIRECTION('ref_axis',(1.,0.,0.));
#15250=DIRECTION('',(0.,1.,0.));
#15251=DIRECTION('center_axis',(0.,-1.,0.));
#15252=DIRECTION('ref_axis',(1.,0.,0.));
#15253=DIRECTION('center_axis',(0.,1.,0.));
#15254=DIRECTION('ref_axis',(1.,0.,0.));
#15255=DIRECTION('center_axis',(0.,1.,0.));
#15256=DIRECTION('ref_axis',(1.,0.,0.));
#15257=DIRECTION('',(0.,1.,0.));
#15258=DIRECTION('center_axis',(0.,-1.,0.));
#15259=DIRECTION('ref_axis',(1.,0.,0.));
#15260=DIRECTION('center_axis',(0.,1.,0.));
#15261=DIRECTION('ref_axis',(1.,0.,0.));
#15262=DIRECTION('center_axis',(0.,1.,0.));
#15263=DIRECTION('ref_axis',(1.,0.,0.));
#15264=DIRECTION('',(0.,1.,0.));
#15265=DIRECTION('center_axis',(0.,-1.,0.));
#15266=DIRECTION('ref_axis',(1.,0.,0.));
#15267=DIRECTION('center_axis',(0.,1.,0.));
#15268=DIRECTION('ref_axis',(1.,0.,0.));
#15269=DIRECTION('center_axis',(0.,1.,0.));
#15270=DIRECTION('ref_axis',(1.,0.,0.));
#15271=DIRECTION('',(0.,1.,0.));
#15272=DIRECTION('center_axis',(0.,-1.,0.));
#15273=DIRECTION('ref_axis',(1.,0.,0.));
#15274=DIRECTION('center_axis',(0.,1.,0.));
#15275=DIRECTION('ref_axis',(-1.,0.,0.));
#15276=DIRECTION('',(-1.,0.,0.));
#15277=DIRECTION('',(0.,0.,1.));
#15278=DIRECTION('',(-1.,0.,0.));
#15279=DIRECTION('',(0.,0.,1.));
#15280=DIRECTION('center_axis',(1.,0.,0.));
#15281=DIRECTION('ref_axis',(0.,1.,0.));
#15282=DIRECTION('',(0.,1.,0.));
#15283=DIRECTION('',(0.,1.,0.));
#15284=DIRECTION('',(0.,0.,1.));
#15285=DIRECTION('center_axis',(0.,-1.,0.));
#15286=DIRECTION('ref_axis',(1.,0.,0.));
#15287=DIRECTION('',(1.,0.,0.));
#15288=DIRECTION('',(1.,0.,0.));
#15289=DIRECTION('',(0.,0.,1.));
#15290=DIRECTION('center_axis',(-1.,0.,0.));
#15291=DIRECTION('ref_axis',(0.,-1.,0.));
#15292=DIRECTION('',(0.,-1.,0.));
#15293=DIRECTION('',(0.,-1.,0.));
#15294=DIRECTION('center_axis',(0.,0.,1.));
#15295=DIRECTION('ref_axis',(1.,0.,0.));
#15296=DIRECTION('center_axis',(0.,0.,1.));
#15297=DIRECTION('ref_axis',(1.,0.,0.));
#15298=DIRECTION('',(0.,0.,1.));
#15299=DIRECTION('',(1.,0.,0.));
#15300=DIRECTION('axis',(0.,0.,1.));
#15301=DIRECTION('refdir',(1.,0.,0.));
#15302=DIRECTION('axis',(0.,0.,1.));
#15303=DIRECTION('refdir',(1.,0.,0.));
#15304=DIRECTION('center_axis',(0.,0.,1.));
#15305=DIRECTION('ref_axis',(1.,0.,0.));
#15306=DIRECTION('center_axis',(0.,0.,1.));
#15307=DIRECTION('ref_axis',(1.,0.,0.));
#15308=DIRECTION('',(0.,0.,1.));
#15309=DIRECTION('center_axis',(0.,0.,-1.));
#15310=DIRECTION('ref_axis',(1.,0.,0.));
#15311=DIRECTION('center_axis',(0.,0.,1.));
#15312=DIRECTION('ref_axis',(1.,0.,0.));
#15313=DIRECTION('center_axis',(0.,0.,1.));
#15314=DIRECTION('ref_axis',(1.,0.,0.));
#15315=DIRECTION('',(0.,0.,1.));
#15316=DIRECTION('center_axis',(0.,0.,-1.));
#15317=DIRECTION('ref_axis',(1.,0.,0.));
#15318=DIRECTION('center_axis',(0.,0.,1.));
#15319=DIRECTION('ref_axis',(1.,0.,0.));
#15320=DIRECTION('center_axis',(0.,0.,1.));
#15321=DIRECTION('ref_axis',(1.,0.,0.));
#15322=DIRECTION('',(0.,0.,1.));
#15323=DIRECTION('center_axis',(0.,0.,-1.));
#15324=DIRECTION('ref_axis',(1.,0.,0.));
#15325=DIRECTION('center_axis',(0.,0.,1.));
#15326=DIRECTION('ref_axis',(1.,0.,0.));
#15327=DIRECTION('center_axis',(0.,0.,1.));
#15328=DIRECTION('ref_axis',(1.,0.,0.));
#15329=DIRECTION('',(0.,0.,1.));
#15330=DIRECTION('center_axis',(0.,0.,-1.));
#15331=DIRECTION('ref_axis',(1.,0.,0.));
#15332=DIRECTION('center_axis',(0.,-1.,0.));
#15333=DIRECTION('ref_axis',(1.,0.,0.));
#15334=DIRECTION('',(-1.,0.,0.));
#15335=DIRECTION('',(0.,0.,1.));
#15336=DIRECTION('',(1.,0.,0.));
#15337=DIRECTION('',(0.,0.,1.));
#15338=DIRECTION('center_axis',(-1.,0.,0.));
#15339=DIRECTION('ref_axis',(0.,-1.,0.));
#15340=DIRECTION('',(0.,1.,0.));
#15341=DIRECTION('',(0.,-1.,0.));
#15342=DIRECTION('',(0.,0.,-1.));
#15343=DIRECTION('center_axis',(0.,1.,0.));
#15344=DIRECTION('ref_axis',(-1.,0.,0.));
#15345=DIRECTION('',(1.,0.,0.));
#15346=DIRECTION('',(-1.,0.,0.));
#15347=DIRECTION('',(0.,0.,1.));
#15348=DIRECTION('center_axis',(1.,0.,0.));
#15349=DIRECTION('ref_axis',(0.,1.,0.));
#15350=DIRECTION('',(0.,-1.,0.));
#15351=DIRECTION('',(0.,1.,0.));
#15352=DIRECTION('center_axis',(0.,-1.,0.));
#15353=DIRECTION('ref_axis',(1.,0.,0.));
#15354=DIRECTION('',(-1.,0.,0.));
#15355=DIRECTION('',(0.,0.,1.));
#15356=DIRECTION('',(1.,0.,0.));
#15357=DIRECTION('',(0.,0.,1.));
#15358=DIRECTION('center_axis',(-1.,0.,0.));
#15359=DIRECTION('ref_axis',(0.,-1.,0.));
#15360=DIRECTION('',(0.,1.,0.));
#15361=DIRECTION('',(0.,-1.,0.));
#15362=DIRECTION('',(0.,0.,-1.));
#15363=DIRECTION('center_axis',(0.,1.,0.));
#15364=DIRECTION('ref_axis',(-1.,0.,0.));
#15365=DIRECTION('',(1.,0.,0.));
#15366=DIRECTION('',(-1.,0.,0.));
#15367=DIRECTION('',(0.,0.,1.));
#15368=DIRECTION('center_axis',(1.,0.,0.));
#15369=DIRECTION('ref_axis',(0.,1.,0.));
#15370=DIRECTION('',(0.,-1.,0.));
#15371=DIRECTION('',(0.,1.,0.));
#15372=DIRECTION('center_axis',(0.,1.,0.));
#15373=DIRECTION('ref_axis',(-1.,0.,0.));
#15374=DIRECTION('',(-1.,0.,0.));
#15375=DIRECTION('',(0.,0.,1.));
#15376=DIRECTION('',(-1.,0.,0.));
#15377=DIRECTION('',(0.,0.,1.));
#15378=DIRECTION('center_axis',(1.,0.,0.));
#15379=DIRECTION('ref_axis',(0.,1.,0.));
#15380=DIRECTION('',(0.,1.,0.));
#15381=DIRECTION('',(0.,1.,0.));
#15382=DIRECTION('',(0.,0.,1.));
#15383=DIRECTION('center_axis',(0.,-1.,0.));
#15384=DIRECTION('ref_axis',(1.,0.,0.));
#15385=DIRECTION('',(1.,0.,0.));
#15386=DIRECTION('',(1.,0.,0.));
#15387=DIRECTION('',(0.,0.,1.));
#15388=DIRECTION('center_axis',(-1.,0.,0.));
#15389=DIRECTION('ref_axis',(0.,-1.,0.));
#15390=DIRECTION('',(0.,-1.,0.));
#15391=DIRECTION('',(0.,-1.,0.));
#15392=DIRECTION('center_axis',(0.,0.,1.));
#15393=DIRECTION('ref_axis',(1.,0.,0.));
#15394=DIRECTION('center_axis',(0.,0.,1.));
#15395=DIRECTION('ref_axis',(1.,0.,0.));
#15396=DIRECTION('center_axis',(0.,1.,0.));
#15397=DIRECTION('ref_axis',(-1.,0.,0.));
#15398=DIRECTION('',(-1.,0.,0.));
#15399=DIRECTION('',(0.,0.,1.));
#15400=DIRECTION('',(-1.,0.,0.));
#15401=DIRECTION('',(0.,0.,1.));
#15402=DIRECTION('center_axis',(1.,0.,0.));
#15403=DIRECTION('ref_axis',(0.,1.,0.));
#15404=DIRECTION('',(0.,1.,0.));
#15405=DIRECTION('',(0.,1.,0.));
#15406=DIRECTION('',(0.,0.,1.));
#15407=DIRECTION('center_axis',(0.,-1.,0.));
#15408=DIRECTION('ref_axis',(1.,0.,0.));
#15409=DIRECTION('',(-1.,0.,0.));
#15410=DIRECTION('',(1.,0.,0.));
#15411=DIRECTION('',(0.,0.,1.));
#15412=DIRECTION('center_axis',(-1.,0.,0.));
#15413=DIRECTION('ref_axis',(0.,-1.,0.));
#15414=DIRECTION('',(0.,-1.,0.));
#15415=DIRECTION('',(0.,-1.,0.));
#15416=DIRECTION('center_axis',(0.,0.,1.));
#15417=DIRECTION('ref_axis',(1.,0.,0.));
#15418=DIRECTION('center_axis',(0.,0.,1.));
#15419=DIRECTION('ref_axis',(1.,0.,0.));
#15420=DIRECTION('center_axis',(0.,0.,1.));
#15421=DIRECTION('ref_axis',(1.,0.,0.));
#15422=DIRECTION('',(0.,-1.,0.));
#15423=DIRECTION('',(1.,0.,0.));
#15424=DIRECTION('',(0.,1.,0.));
#15425=DIRECTION('',(1.,0.,0.));
#15426=DIRECTION('center_axis',(0.,0.,1.));
#15427=DIRECTION('ref_axis',(1.,0.,0.));
#15428=DIRECTION('',(0.,-1.,0.));
#15429=DIRECTION('',(1.,0.,0.));
#15430=DIRECTION('',(0.,1.,0.));
#15431=DIRECTION('',(-1.,0.,0.));
#15432=DIRECTION('center_axis',(-1.,0.,0.));
#15433=DIRECTION('ref_axis',(0.,-1.,0.));
#15434=DIRECTION('',(0.,0.,1.));
#15435=DIRECTION('',(0.,0.,1.));
#15436=DIRECTION('center_axis',(0.,-1.,0.));
#15437=DIRECTION('ref_axis',(1.,0.,0.));
#15438=DIRECTION('',(0.,0.,1.));
#15439=DIRECTION('center_axis',(1.,0.,0.));
#15440=DIRECTION('ref_axis',(0.,1.,0.));
#15441=DIRECTION('',(0.,0.,1.));
#15442=DIRECTION('center_axis',(0.,1.,0.));
#15443=DIRECTION('ref_axis',(-1.,0.,0.));
#15444=DIRECTION('axis',(0.,0.,1.));
#15445=DIRECTION('refdir',(1.,0.,0.));
#15446=DIRECTION('center_axis',(0.,0.,1.));
#15447=DIRECTION('ref_axis',(1.,0.,0.));
#15448=DIRECTION('center_axis',(0.,0.,1.));
#15449=DIRECTION('ref_axis',(1.,0.,0.));
#15450=DIRECTION('',(0.,0.,1.));
#15451=DIRECTION('center_axis',(0.,0.,1.));
#15452=DIRECTION('ref_axis',(1.,0.,0.));
#15453=DIRECTION('center_axis',(0.,0.,1.));
#15454=DIRECTION('ref_axis',(1.,0.,0.));
#15455=DIRECTION('center_axis',(0.,0.,-1.));
#15456=DIRECTION('ref_axis',(1.,0.,0.));
#15457=DIRECTION('center_axis',(0.,0.,-1.));
#15458=DIRECTION('ref_axis',(1.,0.,0.));
#15459=DIRECTION('',(0.,0.,-1.));
#15460=DIRECTION('center_axis',(0.,0.,-1.));
#15461=DIRECTION('ref_axis',(1.,0.,0.));
#15462=DIRECTION('center_axis',(0.,0.,1.));
#15463=DIRECTION('ref_axis',(1.,0.,0.));
#15464=DIRECTION('center_axis',(0.,0.,1.));
#15465=DIRECTION('ref_axis',(1.,0.,0.));
#15466=DIRECTION('center_axis',(0.,0.,1.));
#15467=DIRECTION('ref_axis',(1.,0.,0.));
#15468=DIRECTION('',(0.,0.,-1.));
#15469=DIRECTION('center_axis',(0.,0.,1.));
#15470=DIRECTION('ref_axis',(1.,0.,0.));
#15471=DIRECTION('center_axis',(0.,0.,1.));
#15472=DIRECTION('ref_axis',(1.,0.,0.));
#15473=DIRECTION('center_axis',(0.,0.,1.));
#15474=DIRECTION('ref_axis',(1.,0.,0.));
#15475=DIRECTION('axis',(0.,0.,1.));
#15476=DIRECTION('refdir',(1.,0.,0.));
#15477=DIRECTION('center_axis',(0.,0.,1.));
#15478=DIRECTION('ref_axis',(1.,0.,0.));
#15479=DIRECTION('center_axis',(0.,0.,1.));
#15480=DIRECTION('ref_axis',(1.,0.,0.));
#15481=DIRECTION('',(0.,0.,1.));
#15482=DIRECTION('center_axis',(0.,0.,1.));
#15483=DIRECTION('ref_axis',(1.,0.,0.));
#15484=DIRECTION('center_axis',(0.,0.,1.));
#15485=DIRECTION('ref_axis',(1.,0.,0.));
#15486=DIRECTION('center_axis',(0.,0.,-1.));
#15487=DIRECTION('ref_axis',(1.,0.,0.));
#15488=DIRECTION('center_axis',(0.,0.,-1.));
#15489=DIRECTION('ref_axis',(1.,0.,0.));
#15490=DIRECTION('',(0.,0.,-1.));
#15491=DIRECTION('center_axis',(0.,0.,-1.));
#15492=DIRECTION('ref_axis',(1.,0.,0.));
#15493=DIRECTION('center_axis',(0.,0.,1.));
#15494=DIRECTION('ref_axis',(1.,0.,0.));
#15495=DIRECTION('center_axis',(0.,0.,1.));
#15496=DIRECTION('ref_axis',(1.,0.,0.));
#15497=DIRECTION('center_axis',(0.,0.,1.));
#15498=DIRECTION('ref_axis',(1.,0.,0.));
#15499=DIRECTION('',(0.,0.,-1.));
#15500=DIRECTION('center_axis',(0.,0.,1.));
#15501=DIRECTION('ref_axis',(1.,0.,0.));
#15502=DIRECTION('center_axis',(0.,0.,1.));
#15503=DIRECTION('ref_axis',(1.,0.,0.));
#15504=DIRECTION('center_axis',(0.,0.,1.));
#15505=DIRECTION('ref_axis',(1.,0.,0.));
#15506=DIRECTION('axis',(0.,0.,1.));
#15507=DIRECTION('refdir',(1.,0.,0.));
#15508=DIRECTION('center_axis',(0.,0.,1.));
#15509=DIRECTION('ref_axis',(1.,0.,0.));
#15510=DIRECTION('center_axis',(0.,0.,1.));
#15511=DIRECTION('ref_axis',(1.,0.,0.));
#15512=DIRECTION('',(0.,0.,1.));
#15513=DIRECTION('center_axis',(0.,0.,1.));
#15514=DIRECTION('ref_axis',(1.,0.,0.));
#15515=DIRECTION('center_axis',(0.,0.,1.));
#15516=DIRECTION('ref_axis',(1.,0.,0.));
#15517=DIRECTION('center_axis',(0.,0.,-1.));
#15518=DIRECTION('ref_axis',(1.,0.,0.));
#15519=DIRECTION('center_axis',(0.,0.,-1.));
#15520=DIRECTION('ref_axis',(1.,0.,0.));
#15521=DIRECTION('',(0.,0.,-1.));
#15522=DIRECTION('center_axis',(0.,0.,-1.));
#15523=DIRECTION('ref_axis',(1.,0.,0.));
#15524=DIRECTION('center_axis',(0.,0.,1.));
#15525=DIRECTION('ref_axis',(1.,0.,0.));
#15526=DIRECTION('center_axis',(0.,0.,1.));
#15527=DIRECTION('ref_axis',(1.,0.,0.));
#15528=DIRECTION('center_axis',(0.,0.,1.));
#15529=DIRECTION('ref_axis',(1.,0.,0.));
#15530=DIRECTION('',(0.,0.,-1.));
#15531=DIRECTION('center_axis',(0.,0.,1.));
#15532=DIRECTION('ref_axis',(1.,0.,0.));
#15533=DIRECTION('center_axis',(0.,0.,1.));
#15534=DIRECTION('ref_axis',(1.,0.,0.));
#15535=DIRECTION('center_axis',(0.,0.,1.));
#15536=DIRECTION('ref_axis',(1.,0.,0.));
#15537=DIRECTION('axis',(0.,0.,1.));
#15538=DIRECTION('refdir',(1.,0.,0.));
#15539=DIRECTION('center_axis',(0.,0.,1.));
#15540=DIRECTION('ref_axis',(1.,0.,0.));
#15541=DIRECTION('center_axis',(0.,0.,1.));
#15542=DIRECTION('ref_axis',(1.,0.,0.));
#15543=DIRECTION('',(0.,0.,1.));
#15544=DIRECTION('center_axis',(0.,0.,1.));
#15545=DIRECTION('ref_axis',(1.,0.,0.));
#15546=DIRECTION('center_axis',(0.,0.,1.));
#15547=DIRECTION('ref_axis',(1.,0.,0.));
#15548=DIRECTION('center_axis',(0.,0.,-1.));
#15549=DIRECTION('ref_axis',(1.,0.,0.));
#15550=DIRECTION('center_axis',(0.,0.,-1.));
#15551=DIRECTION('ref_axis',(1.,0.,0.));
#15552=DIRECTION('',(0.,0.,-1.));
#15553=DIRECTION('center_axis',(0.,0.,-1.));
#15554=DIRECTION('ref_axis',(1.,0.,0.));
#15555=DIRECTION('center_axis',(0.,0.,1.));
#15556=DIRECTION('ref_axis',(1.,0.,0.));
#15557=DIRECTION('center_axis',(0.,0.,1.));
#15558=DIRECTION('ref_axis',(1.,0.,0.));
#15559=DIRECTION('center_axis',(0.,0.,1.));
#15560=DIRECTION('ref_axis',(1.,0.,0.));
#15561=DIRECTION('',(0.,0.,-1.));
#15562=DIRECTION('center_axis',(0.,0.,1.));
#15563=DIRECTION('ref_axis',(1.,0.,0.));
#15564=DIRECTION('center_axis',(0.,0.,1.));
#15565=DIRECTION('ref_axis',(1.,0.,0.));
#15566=DIRECTION('center_axis',(0.,0.,1.));
#15567=DIRECTION('ref_axis',(1.,0.,0.));
#15568=DIRECTION('axis',(0.,0.,1.));
#15569=DIRECTION('refdir',(1.,0.,0.));
#15570=DIRECTION('center_axis',(0.,0.,1.));
#15571=DIRECTION('ref_axis',(1.,0.,0.));
#15572=DIRECTION('center_axis',(0.,0.,1.));
#15573=DIRECTION('ref_axis',(1.,0.,0.));
#15574=DIRECTION('',(0.,0.,1.));
#15575=DIRECTION('center_axis',(0.,0.,1.));
#15576=DIRECTION('ref_axis',(1.,0.,0.));
#15577=DIRECTION('center_axis',(0.,0.,1.));
#15578=DIRECTION('ref_axis',(1.,0.,0.));
#15579=DIRECTION('center_axis',(0.,0.,-1.));
#15580=DIRECTION('ref_axis',(1.,0.,0.));
#15581=DIRECTION('center_axis',(0.,0.,-1.));
#15582=DIRECTION('ref_axis',(1.,0.,0.));
#15583=DIRECTION('',(0.,0.,-1.));
#15584=DIRECTION('center_axis',(0.,0.,-1.));
#15585=DIRECTION('ref_axis',(1.,0.,0.));
#15586=DIRECTION('center_axis',(0.,0.,1.));
#15587=DIRECTION('ref_axis',(1.,0.,0.));
#15588=DIRECTION('center_axis',(0.,0.,1.));
#15589=DIRECTION('ref_axis',(1.,0.,0.));
#15590=DIRECTION('center_axis',(0.,0.,1.));
#15591=DIRECTION('ref_axis',(1.,0.,0.));
#15592=DIRECTION('',(0.,0.,-1.));
#15593=DIRECTION('center_axis',(0.,0.,1.));
#15594=DIRECTION('ref_axis',(1.,0.,0.));
#15595=DIRECTION('center_axis',(0.,0.,1.));
#15596=DIRECTION('ref_axis',(1.,0.,0.));
#15597=DIRECTION('center_axis',(0.,0.,1.));
#15598=DIRECTION('ref_axis',(1.,0.,0.));
#15599=DIRECTION('axis',(0.,0.,1.));
#15600=DIRECTION('refdir',(1.,0.,0.));
#15601=DIRECTION('center_axis',(0.,0.,1.));
#15602=DIRECTION('ref_axis',(1.,0.,0.));
#15603=DIRECTION('center_axis',(0.,0.,1.));
#15604=DIRECTION('ref_axis',(1.,0.,0.));
#15605=DIRECTION('',(0.,0.,1.));
#15606=DIRECTION('center_axis',(0.,0.,1.));
#15607=DIRECTION('ref_axis',(1.,0.,0.));
#15608=DIRECTION('center_axis',(0.,0.,1.));
#15609=DIRECTION('ref_axis',(1.,0.,0.));
#15610=DIRECTION('center_axis',(0.,0.,-1.));
#15611=DIRECTION('ref_axis',(1.,0.,0.));
#15612=DIRECTION('center_axis',(0.,0.,-1.));
#15613=DIRECTION('ref_axis',(1.,0.,0.));
#15614=DIRECTION('',(0.,0.,-1.));
#15615=DIRECTION('center_axis',(0.,0.,-1.));
#15616=DIRECTION('ref_axis',(1.,0.,0.));
#15617=DIRECTION('center_axis',(0.,0.,1.));
#15618=DIRECTION('ref_axis',(1.,0.,0.));
#15619=DIRECTION('center_axis',(0.,0.,1.));
#15620=DIRECTION('ref_axis',(1.,0.,0.));
#15621=DIRECTION('center_axis',(0.,0.,1.));
#15622=DIRECTION('ref_axis',(1.,0.,0.));
#15623=DIRECTION('',(0.,0.,-1.));
#15624=DIRECTION('center_axis',(0.,0.,1.));
#15625=DIRECTION('ref_axis',(1.,0.,0.));
#15626=DIRECTION('center_axis',(0.,0.,1.));
#15627=DIRECTION('ref_axis',(1.,0.,0.));
#15628=DIRECTION('center_axis',(0.,0.,1.));
#15629=DIRECTION('ref_axis',(1.,0.,0.));
#15630=DIRECTION('axis',(0.,0.,1.));
#15631=DIRECTION('refdir',(1.,0.,0.));
#15632=DIRECTION('center_axis',(0.,0.,1.));
#15633=DIRECTION('ref_axis',(1.,0.,0.));
#15634=DIRECTION('center_axis',(0.,0.,1.));
#15635=DIRECTION('ref_axis',(1.,0.,0.));
#15636=DIRECTION('',(0.,0.,1.));
#15637=DIRECTION('center_axis',(0.,0.,-1.));
#15638=DIRECTION('ref_axis',(1.,0.,0.));
#15639=DIRECTION('center_axis',(0.,0.,1.));
#15640=DIRECTION('ref_axis',(1.,0.,0.));
#15641=DIRECTION('center_axis',(0.,0.,1.));
#15642=DIRECTION('ref_axis',(1.,0.,0.));
#15643=DIRECTION('',(0.,0.,1.));
#15644=DIRECTION('center_axis',(0.,0.,-1.));
#15645=DIRECTION('ref_axis',(1.,0.,0.));
#15646=DIRECTION('center_axis',(-1.,0.,0.));
#15647=DIRECTION('ref_axis',(0.,-1.,0.));
#15648=DIRECTION('',(0.,0.,-1.));
#15649=DIRECTION('',(0.,-1.,0.));
#15650=DIRECTION('',(0.,0.,1.));
#15651=DIRECTION('',(0.,-1.,0.));
#15652=DIRECTION('center_axis',(0.,0.,1.));
#15653=DIRECTION('ref_axis',(1.,0.,0.));
#15654=DIRECTION('',(-1.,-1.17173933997378E-16,0.));
#15655=DIRECTION('',(0.,1.,0.));
#15656=DIRECTION('',(1.,0.,0.));
#15657=DIRECTION('center_axis',(1.,0.,0.));
#15658=DIRECTION('ref_axis',(0.,1.,0.));
#15659=DIRECTION('',(0.,0.,1.));
#15660=DIRECTION('',(0.,1.,0.));
#15661=DIRECTION('',(0.,0.,-1.));
#15662=DIRECTION('center_axis',(-1.17173933997378E-16,1.,0.));
#15663=DIRECTION('ref_axis',(-1.,-1.17173933997378E-16,0.));
#15664=DIRECTION('',(-1.,-1.17173933997378E-16,0.));
#15665=DIRECTION('',(0.,0.,1.));
#15666=DIRECTION('',(-1.,-1.17173933997378E-16,0.));
#15667=DIRECTION('',(0.,0.,1.));
#15668=DIRECTION('',(-1.,-1.17173933997378E-16,0.));
#15669=DIRECTION('center_axis',(0.,0.,1.));
#15670=DIRECTION('ref_axis',(1.,0.,0.));
#15671=DIRECTION('',(1.,0.,0.));
#15672=DIRECTION('',(0.,-1.,0.));
#15673=DIRECTION('center_axis',(0.,-1.,0.));
#15674=DIRECTION('ref_axis',(1.,0.,0.));
#15675=DIRECTION('',(-1.,0.,0.));
#15676=DIRECTION('',(0.,0.,1.));
#15677=DIRECTION('',(1.,0.,0.));
#15678=DIRECTION('',(0.,0.,1.));
#15679=DIRECTION('center_axis',(-1.,0.,0.));
#15680=DIRECTION('ref_axis',(0.,-1.,0.));
#15681=DIRECTION('',(0.,1.,0.));
#15682=DIRECTION('',(0.,-1.,0.));
#15683=DIRECTION('',(0.,0.,1.));
#15684=DIRECTION('center_axis',(0.,1.,0.));
#15685=DIRECTION('ref_axis',(-1.,0.,0.));
#15686=DIRECTION('',(1.,0.,0.));
#15687=DIRECTION('',(-1.,0.,0.));
#15688=DIRECTION('',(0.,0.,1.));
#15689=DIRECTION('center_axis',(1.,0.,0.));
#15690=DIRECTION('ref_axis',(0.,1.,0.));
#15691=DIRECTION('',(0.,-1.,0.));
#15692=DIRECTION('',(0.,1.,0.));
#15693=DIRECTION('center_axis',(0.,0.,1.));
#15694=DIRECTION('ref_axis',(1.,0.,0.));
#15695=DIRECTION('center_axis',(1.,0.,0.));
#15696=DIRECTION('ref_axis',(0.,1.,0.));
#15697=DIRECTION('',(0.,1.,0.));
#15698=DIRECTION('',(0.,1.,0.));
#15699=DIRECTION('',(0.,0.,1.));
#15700=DIRECTION('center_axis',(0.,-1.,0.));
#15701=DIRECTION('ref_axis',(1.,0.,0.));
#15702=DIRECTION('',(1.,0.,0.));
#15703=DIRECTION('',(1.,0.,0.));
#15704=DIRECTION('',(0.,0.,1.));
#15705=DIRECTION('center_axis',(-1.,0.,0.));
#15706=DIRECTION('ref_axis',(0.,-1.,0.));
#15707=DIRECTION('',(0.,-1.,0.));
#15708=DIRECTION('center_axis',(0.,0.,1.));
#15709=DIRECTION('ref_axis',(1.,0.,0.));
#15710=DIRECTION('center_axis',(0.,0.,1.));
#15711=DIRECTION('ref_axis',(1.,0.,0.));
#15712=DIRECTION('axis',(0.,0.,1.));
#15713=DIRECTION('refdir',(1.,0.,0.));
#15714=DIRECTION('center_axis',(0.,0.,1.));
#15715=DIRECTION('ref_axis',(1.,0.,0.));
#15716=DIRECTION('center_axis',(0.,0.,1.));
#15717=DIRECTION('ref_axis',(1.,0.,0.));
#15718=DIRECTION('',(0.,0.,1.));
#15719=DIRECTION('center_axis',(0.,0.,-1.));
#15720=DIRECTION('ref_axis',(1.,0.,0.));
#15721=DIRECTION('center_axis',(0.,0.,1.));
#15722=DIRECTION('ref_axis',(1.,0.,0.));
#15723=DIRECTION('center_axis',(0.,0.,1.));
#15724=DIRECTION('ref_axis',(1.,0.,0.));
#15725=DIRECTION('',(0.,0.,1.));
#15726=DIRECTION('center_axis',(0.,0.,-1.));
#15727=DIRECTION('ref_axis',(1.,0.,0.));
#15728=DIRECTION('center_axis',(0.,1.,0.));
#15729=DIRECTION('ref_axis',(-1.,0.,0.));
#15730=DIRECTION('',(0.,0.,-1.));
#15731=DIRECTION('',(-1.,0.,0.));
#15732=DIRECTION('',(0.,0.,1.));
#15733=DIRECTION('',(-1.,0.,0.));
#15734=DIRECTION('center_axis',(0.,-1.,0.));
#15735=DIRECTION('ref_axis',(1.,0.,0.));
#15736=DIRECTION('',(0.,0.,1.));
#15737=DIRECTION('',(1.,0.,0.));
#15738=DIRECTION('',(0.,0.,-1.));
#15739=DIRECTION('',(1.,0.,0.));
#15740=DIRECTION('center_axis',(0.,0.,1.));
#15741=DIRECTION('ref_axis',(1.,0.,0.));
#15742=DIRECTION('',(0.,1.,0.));
#15743=DIRECTION('',(0.,-1.,0.));
#15744=DIRECTION('center_axis',(-1.,0.,0.));
#15745=DIRECTION('ref_axis',(0.,-1.,0.));
#15746=DIRECTION('',(0.,-1.,0.));
#15747=DIRECTION('',(0.,0.,1.));
#15748=DIRECTION('',(0.,-1.,0.));
#15749=DIRECTION('',(0.,0.,1.));
#15750=DIRECTION('',(0.,-1.,0.));
#15751=DIRECTION('center_axis',(0.,0.,1.));
#15752=DIRECTION('ref_axis',(1.,0.,0.));
#15753=DIRECTION('',(0.,1.,0.));
#15754=DIRECTION('',(1.,0.,0.));
#15755=DIRECTION('center_axis',(0.,0.,1.));
#15756=DIRECTION('ref_axis',(1.,0.,0.));
#15757=DIRECTION('',(-1.,-1.55275947500022E-16,0.));
#15758=DIRECTION('',(0.,1.,0.));
#15759=DIRECTION('center_axis',(0.,-1.,0.));
#15760=DIRECTION('ref_axis',(1.,0.,0.));
#15761=DIRECTION('',(-1.,0.,0.));
#15762=DIRECTION('',(0.,0.,1.));
#15763=DIRECTION('',(1.,0.,0.));
#15764=DIRECTION('',(0.,0.,1.));
#15765=DIRECTION('center_axis',(-1.,0.,0.));
#15766=DIRECTION('ref_axis',(0.,-1.,0.));
#15767=DIRECTION('',(0.,1.,0.));
#15768=DIRECTION('',(0.,-1.,0.));
#15769=DIRECTION('',(0.,0.,1.));
#15770=DIRECTION('center_axis',(0.,1.,0.));
#15771=DIRECTION('ref_axis',(-1.,0.,0.));
#15772=DIRECTION('',(1.,0.,0.));
#15773=DIRECTION('',(-1.,0.,0.));
#15774=DIRECTION('',(0.,0.,1.));
#15775=DIRECTION('center_axis',(1.,0.,0.));
#15776=DIRECTION('ref_axis',(0.,1.,0.));
#15777=DIRECTION('',(0.,-1.,0.));
#15778=DIRECTION('',(0.,1.,0.));
#15779=DIRECTION('center_axis',(0.,0.,1.));
#15780=DIRECTION('ref_axis',(1.,0.,0.));
#15781=DIRECTION('center_axis',(-1.55275947500022E-16,1.,0.));
#15782=DIRECTION('ref_axis',(-1.,-1.55275947500022E-16,0.));
#15783=DIRECTION('',(-1.,-1.55275947500022E-16,0.));
#15784=DIRECTION('',(0.,0.,1.));
#15785=DIRECTION('center_axis',(1.,0.,0.));
#15786=DIRECTION('ref_axis',(0.,1.,0.));
#15787=DIRECTION('',(0.,1.,0.));
#15788=DIRECTION('',(0.,0.,1.));
#15789=DIRECTION('center_axis',(0.,-1.,0.));
#15790=DIRECTION('ref_axis',(1.,0.,0.));
#15791=DIRECTION('',(1.,0.,0.));
#15792=DIRECTION('center_axis',(0.,0.,1.));
#15793=DIRECTION('ref_axis',(1.,0.,0.));
#15794=DIRECTION('axis',(0.,0.,1.));
#15795=DIRECTION('refdir',(1.,0.,0.));
#15796=DIRECTION('center_axis',(0.,0.,1.));
#15797=DIRECTION('ref_axis',(1.,0.,0.));
#15798=DIRECTION('center_axis',(0.,0.,1.));
#15799=DIRECTION('ref_axis',(1.,0.,0.));
#15800=DIRECTION('',(0.,0.,1.));
#15801=DIRECTION('center_axis',(0.,0.,-1.));
#15802=DIRECTION('ref_axis',(1.,0.,0.));
#15803=DIRECTION('center_axis',(0.,0.,1.));
#15804=DIRECTION('ref_axis',(1.,0.,0.));
#15805=DIRECTION('center_axis',(0.,0.,1.));
#15806=DIRECTION('ref_axis',(1.,0.,0.));
#15807=DIRECTION('',(0.,0.,1.));
#15808=DIRECTION('center_axis',(0.,0.,-1.));
#15809=DIRECTION('ref_axis',(1.,0.,0.));
#15810=DIRECTION('center_axis',(0.,1.,0.));
#15811=DIRECTION('ref_axis',(-1.,0.,0.));
#15812=DIRECTION('',(0.,0.,-1.));
#15813=DIRECTION('',(-1.,0.,0.));
#15814=DIRECTION('',(0.,0.,1.));
#15815=DIRECTION('',(-1.,0.,0.));
#15816=DIRECTION('center_axis',(0.,-1.,0.));
#15817=DIRECTION('ref_axis',(1.,0.,0.));
#15818=DIRECTION('',(0.,0.,1.));
#15819=DIRECTION('',(1.,0.,0.));
#15820=DIRECTION('',(0.,0.,-1.));
#15821=DIRECTION('',(1.,0.,0.));
#15822=DIRECTION('center_axis',(0.,0.,1.));
#15823=DIRECTION('ref_axis',(1.,0.,0.));
#15824=DIRECTION('',(0.,1.,0.));
#15825=DIRECTION('',(0.,-1.,0.));
#15826=DIRECTION('center_axis',(-1.,0.,0.));
#15827=DIRECTION('ref_axis',(0.,-1.,0.));
#15828=DIRECTION('',(0.,-1.,0.));
#15829=DIRECTION('',(0.,0.,1.));
#15830=DIRECTION('',(0.,-1.,0.));
#15831=DIRECTION('',(0.,0.,1.));
#15832=DIRECTION('',(0.,-1.,0.));
#15833=DIRECTION('center_axis',(0.,0.,1.));
#15834=DIRECTION('ref_axis',(1.,0.,0.));
#15835=DIRECTION('',(0.,1.,0.));
#15836=DIRECTION('',(1.,0.,0.));
#15837=DIRECTION('center_axis',(0.,0.,1.));
#15838=DIRECTION('ref_axis',(1.,0.,0.));
#15839=DIRECTION('',(-1.,0.,0.));
#15840=DIRECTION('',(0.,1.,0.));
#15841=DIRECTION('center_axis',(0.,-1.,0.));
#15842=DIRECTION('ref_axis',(1.,0.,0.));
#15843=DIRECTION('',(-1.,0.,0.));
#15844=DIRECTION('',(0.,0.,1.));
#15845=DIRECTION('',(1.,0.,0.));
#15846=DIRECTION('',(0.,0.,1.));
#15847=DIRECTION('center_axis',(-1.,0.,0.));
#15848=DIRECTION('ref_axis',(0.,-1.,0.));
#15849=DIRECTION('',(0.,1.,0.));
#15850=DIRECTION('',(0.,-1.,0.));
#15851=DIRECTION('',(0.,0.,1.));
#15852=DIRECTION('center_axis',(0.,1.,0.));
#15853=DIRECTION('ref_axis',(-1.,0.,0.));
#15854=DIRECTION('',(1.,0.,0.));
#15855=DIRECTION('',(-1.,0.,0.));
#15856=DIRECTION('',(0.,0.,1.));
#15857=DIRECTION('center_axis',(1.,0.,0.));
#15858=DIRECTION('ref_axis',(0.,1.,0.));
#15859=DIRECTION('',(0.,-1.,0.));
#15860=DIRECTION('',(0.,1.,0.));
#15861=DIRECTION('center_axis',(0.,0.,1.));
#15862=DIRECTION('ref_axis',(1.,0.,0.));
#15863=DIRECTION('center_axis',(0.,1.,0.));
#15864=DIRECTION('ref_axis',(-1.,0.,0.));
#15865=DIRECTION('',(-1.,0.,0.));
#15866=DIRECTION('',(0.,0.,1.));
#15867=DIRECTION('center_axis',(1.,0.,0.));
#15868=DIRECTION('ref_axis',(0.,1.,0.));
#15869=DIRECTION('',(0.,1.,0.));
#15870=DIRECTION('',(0.,0.,1.));
#15871=DIRECTION('center_axis',(0.,-1.,0.));
#15872=DIRECTION('ref_axis',(1.,0.,0.));
#15873=DIRECTION('',(1.,0.,0.));
#15874=DIRECTION('center_axis',(0.,0.,1.));
#15875=DIRECTION('ref_axis',(1.,0.,0.));
#15876=DIRECTION('axis',(0.,0.,1.));
#15877=DIRECTION('refdir',(1.,0.,0.));
#15878=DIRECTION('center_axis',(0.,0.,1.));
#15879=DIRECTION('ref_axis',(1.,0.,0.));
#15880=DIRECTION('center_axis',(0.,0.,1.));
#15881=DIRECTION('ref_axis',(1.,0.,0.));
#15882=DIRECTION('',(0.,0.,1.));
#15883=DIRECTION('center_axis',(0.,0.,-1.));
#15884=DIRECTION('ref_axis',(1.,0.,0.));
#15885=DIRECTION('center_axis',(0.,0.,1.));
#15886=DIRECTION('ref_axis',(1.,0.,0.));
#15887=DIRECTION('center_axis',(0.,0.,1.));
#15888=DIRECTION('ref_axis',(1.,0.,0.));
#15889=DIRECTION('',(0.,0.,1.));
#15890=DIRECTION('center_axis',(0.,0.,-1.));
#15891=DIRECTION('ref_axis',(1.,0.,0.));
#15892=DIRECTION('center_axis',(-1.,0.,0.));
#15893=DIRECTION('ref_axis',(0.,-1.,0.));
#15894=DIRECTION('',(0.,0.,-1.));
#15895=DIRECTION('',(0.,-1.,0.));
#15896=DIRECTION('',(0.,0.,1.));
#15897=DIRECTION('',(0.,-1.,0.));
#15898=DIRECTION('center_axis',(0.,0.,1.));
#15899=DIRECTION('ref_axis',(1.,0.,0.));
#15900=DIRECTION('',(-1.,0.,0.));
#15901=DIRECTION('',(0.,1.,0.));
#15902=DIRECTION('',(1.,0.,0.));
#15903=DIRECTION('center_axis',(1.,0.,0.));
#15904=DIRECTION('ref_axis',(0.,1.,0.));
#15905=DIRECTION('',(0.,0.,1.));
#15906=DIRECTION('',(0.,1.,0.));
#15907=DIRECTION('',(0.,0.,-1.));
#15908=DIRECTION('center_axis',(0.,1.,0.));
#15909=DIRECTION('ref_axis',(-1.,0.,0.));
#15910=DIRECTION('',(-1.,0.,0.));
#15911=DIRECTION('',(0.,0.,1.));
#15912=DIRECTION('',(-1.,0.,0.));
#15913=DIRECTION('',(0.,0.,1.));
#15914=DIRECTION('',(-1.,0.,0.));
#15915=DIRECTION('center_axis',(0.,0.,1.));
#15916=DIRECTION('ref_axis',(1.,0.,0.));
#15917=DIRECTION('',(1.,0.,0.));
#15918=DIRECTION('',(0.,-1.,0.));
#15919=DIRECTION('center_axis',(0.,-1.,0.));
#15920=DIRECTION('ref_axis',(1.,0.,0.));
#15921=DIRECTION('',(-1.,0.,0.));
#15922=DIRECTION('',(0.,0.,1.));
#15923=DIRECTION('',(1.,0.,0.));
#15924=DIRECTION('',(0.,0.,1.));
#15925=DIRECTION('center_axis',(-1.,0.,0.));
#15926=DIRECTION('ref_axis',(0.,-1.,0.));
#15927=DIRECTION('',(0.,1.,0.));
#15928=DIRECTION('',(0.,-1.,0.));
#15929=DIRECTION('',(0.,0.,1.));
#15930=DIRECTION('center_axis',(0.,1.,0.));
#15931=DIRECTION('ref_axis',(-1.,0.,0.));
#15932=DIRECTION('',(1.,0.,0.));
#15933=DIRECTION('',(-1.,0.,0.));
#15934=DIRECTION('',(0.,0.,1.));
#15935=DIRECTION('center_axis',(1.,0.,0.));
#15936=DIRECTION('ref_axis',(0.,1.,0.));
#15937=DIRECTION('',(0.,-1.,0.));
#15938=DIRECTION('',(0.,1.,0.));
#15939=DIRECTION('center_axis',(0.,0.,1.));
#15940=DIRECTION('ref_axis',(1.,0.,0.));
#15941=DIRECTION('center_axis',(1.,1.18108832406931E-16,0.));
#15942=DIRECTION('ref_axis',(-1.18108832406931E-16,1.,0.));
#15943=DIRECTION('',(-1.18108832406931E-16,1.,0.));
#15944=DIRECTION('',(-1.18108832406931E-16,1.,0.));
#15945=DIRECTION('',(0.,0.,1.));
#15946=DIRECTION('center_axis',(0.,-1.,0.));
#15947=DIRECTION('ref_axis',(1.,0.,0.));
#15948=DIRECTION('',(1.,0.,0.));
#15949=DIRECTION('',(1.,0.,0.));
#15950=DIRECTION('',(0.,0.,1.));
#15951=DIRECTION('center_axis',(-1.,0.,0.));
#15952=DIRECTION('ref_axis',(0.,-1.,0.));
#15953=DIRECTION('',(0.,-1.,0.));
#15954=DIRECTION('center_axis',(0.,0.,1.));
#15955=DIRECTION('ref_axis',(1.,0.,0.));
#15956=DIRECTION('center_axis',(0.,0.,1.));
#15957=DIRECTION('ref_axis',(1.,0.,0.));
#15958=DIRECTION('axis',(0.,0.,1.));
#15959=DIRECTION('refdir',(1.,0.,0.));
#15960=DIRECTION('center_axis',(0.,0.,1.));
#15961=DIRECTION('ref_axis',(1.,0.,0.));
#15962=DIRECTION('center_axis',(0.,0.,1.));
#15963=DIRECTION('ref_axis',(1.,0.,0.));
#15964=DIRECTION('',(0.,0.,1.));
#15965=DIRECTION('center_axis',(0.,0.,-1.));
#15966=DIRECTION('ref_axis',(1.,0.,0.));
#15967=DIRECTION('center_axis',(0.,0.,1.));
#15968=DIRECTION('ref_axis',(1.,0.,0.));
#15969=DIRECTION('center_axis',(0.,0.,1.));
#15970=DIRECTION('ref_axis',(1.,0.,0.));
#15971=DIRECTION('',(0.,0.,1.));
#15972=DIRECTION('center_axis',(0.,0.,-1.));
#15973=DIRECTION('ref_axis',(1.,0.,0.));
#15974=DIRECTION('center_axis',(0.,1.,0.));
#15975=DIRECTION('ref_axis',(-1.,0.,0.));
#15976=DIRECTION('',(0.,0.,-1.));
#15977=DIRECTION('',(-1.,0.,0.));
#15978=DIRECTION('',(0.,0.,1.));
#15979=DIRECTION('',(-1.,0.,0.));
#15980=DIRECTION('center_axis',(0.,-1.,0.));
#15981=DIRECTION('ref_axis',(1.,0.,0.));
#15982=DIRECTION('',(0.,0.,1.));
#15983=DIRECTION('',(1.,0.,0.));
#15984=DIRECTION('',(0.,0.,-1.));
#15985=DIRECTION('',(1.,0.,0.));
#15986=DIRECTION('center_axis',(0.,0.,1.));
#15987=DIRECTION('ref_axis',(1.,0.,0.));
#15988=DIRECTION('',(0.,1.,0.));
#15989=DIRECTION('',(0.,-1.,0.));
#15990=DIRECTION('center_axis',(-1.,0.,0.));
#15991=DIRECTION('ref_axis',(0.,-1.,0.));
#15992=DIRECTION('',(0.,-1.,0.));
#15993=DIRECTION('',(0.,0.,1.));
#15994=DIRECTION('',(0.,-1.,0.));
#15995=DIRECTION('',(0.,0.,1.));
#15996=DIRECTION('',(0.,-1.,0.));
#15997=DIRECTION('center_axis',(0.,0.,1.));
#15998=DIRECTION('ref_axis',(1.,0.,0.));
#15999=DIRECTION('',(0.,1.,0.));
#16000=DIRECTION('',(1.,0.,0.));
#16001=DIRECTION('center_axis',(0.,0.,1.));
#16002=DIRECTION('ref_axis',(1.,0.,0.));
#16003=DIRECTION('',(-1.,0.,0.));
#16004=DIRECTION('',(0.,1.,0.));
#16005=DIRECTION('center_axis',(0.,-1.,0.));
#16006=DIRECTION('ref_axis',(1.,0.,0.));
#16007=DIRECTION('',(-1.,0.,0.));
#16008=DIRECTION('',(0.,0.,1.));
#16009=DIRECTION('',(1.,0.,0.));
#16010=DIRECTION('',(0.,0.,1.));
#16011=DIRECTION('center_axis',(-1.,0.,0.));
#16012=DIRECTION('ref_axis',(0.,-1.,0.));
#16013=DIRECTION('',(0.,1.,0.));
#16014=DIRECTION('',(0.,-1.,0.));
#16015=DIRECTION('',(0.,0.,1.));
#16016=DIRECTION('center_axis',(0.,1.,0.));
#16017=DIRECTION('ref_axis',(-1.,0.,0.));
#16018=DIRECTION('',(1.,0.,0.));
#16019=DIRECTION('',(-1.,0.,0.));
#16020=DIRECTION('',(0.,0.,1.));
#16021=DIRECTION('center_axis',(1.,-6.10012650892943E-17,0.));
#16022=DIRECTION('ref_axis',(6.10012650892943E-17,1.,0.));
#16023=DIRECTION('',(-6.10012650892943E-17,-1.,0.));
#16024=DIRECTION('',(6.10012650892943E-17,1.,0.));
#16025=DIRECTION('center_axis',(0.,0.,1.));
#16026=DIRECTION('ref_axis',(1.,0.,0.));
#16027=DIRECTION('center_axis',(0.,1.,0.));
#16028=DIRECTION('ref_axis',(-1.,0.,0.));
#16029=DIRECTION('',(-1.,0.,0.));
#16030=DIRECTION('',(0.,0.,1.));
#16031=DIRECTION('center_axis',(1.,0.,0.));
#16032=DIRECTION('ref_axis',(0.,1.,0.));
#16033=DIRECTION('',(0.,1.,0.));
#16034=DIRECTION('',(0.,0.,1.));
#16035=DIRECTION('center_axis',(0.,-1.,0.));
#16036=DIRECTION('ref_axis',(1.,0.,0.));
#16037=DIRECTION('',(1.,0.,0.));
#16038=DIRECTION('center_axis',(0.,0.,1.));
#16039=DIRECTION('ref_axis',(1.,0.,0.));
#16040=DIRECTION('axis',(0.,0.,1.));
#16041=DIRECTION('refdir',(1.,0.,0.));
#16042=DIRECTION('center_axis',(0.,0.,1.));
#16043=DIRECTION('ref_axis',(1.,0.,0.));
#16044=DIRECTION('center_axis',(0.,0.,1.));
#16045=DIRECTION('ref_axis',(1.,0.,0.));
#16046=DIRECTION('',(0.,0.,1.));
#16047=DIRECTION('center_axis',(0.,0.,-1.));
#16048=DIRECTION('ref_axis',(1.,0.,0.));
#16049=DIRECTION('center_axis',(0.,0.,1.));
#16050=DIRECTION('ref_axis',(1.,0.,0.));
#16051=DIRECTION('center_axis',(0.,0.,1.));
#16052=DIRECTION('ref_axis',(1.,0.,0.));
#16053=DIRECTION('',(0.,0.,1.));
#16054=DIRECTION('center_axis',(0.,0.,-1.));
#16055=DIRECTION('ref_axis',(1.,0.,0.));
#16056=DIRECTION('center_axis',(0.,0.,-1.));
#16057=DIRECTION('ref_axis',(1.,0.,0.));
#16058=DIRECTION('center_axis',(0.,0.,-1.));
#16059=DIRECTION('ref_axis',(1.,0.,0.));
#16060=DIRECTION('',(0.,0.,-1.));
#16061=DIRECTION('center_axis',(0.,0.,-1.));
#16062=DIRECTION('ref_axis',(1.,0.,0.));
#16063=DIRECTION('center_axis',(0.,0.,1.));
#16064=DIRECTION('ref_axis',(1.,0.,0.));
#16065=DIRECTION('center_axis',(0.,0.,-1.));
#16066=DIRECTION('ref_axis',(1.,0.,0.));
#16067=DIRECTION('center_axis',(0.,0.,-1.));
#16068=DIRECTION('ref_axis',(1.,0.,0.));
#16069=DIRECTION('',(0.,0.,-1.));
#16070=DIRECTION('center_axis',(0.,0.,-1.));
#16071=DIRECTION('ref_axis',(1.,0.,0.));
#16072=DIRECTION('center_axis',(0.,0.,1.));
#16073=DIRECTION('ref_axis',(1.,0.,0.));
#16074=DIRECTION('center_axis',(0.,0.,-1.));
#16075=DIRECTION('ref_axis',(1.,0.,0.));
#16076=DIRECTION('center_axis',(0.,0.,-1.));
#16077=DIRECTION('ref_axis',(1.,0.,0.));
#16078=DIRECTION('',(0.,0.,-1.));
#16079=DIRECTION('center_axis',(0.,0.,-1.));
#16080=DIRECTION('ref_axis',(1.,0.,0.));
#16081=DIRECTION('center_axis',(0.,0.,1.));
#16082=DIRECTION('ref_axis',(1.,0.,0.));
#16083=DIRECTION('center_axis',(0.,0.,-1.));
#16084=DIRECTION('ref_axis',(1.,0.,0.));
#16085=DIRECTION('center_axis',(0.,0.,-1.));
#16086=DIRECTION('ref_axis',(1.,0.,0.));
#16087=DIRECTION('',(0.,0.,-1.));
#16088=DIRECTION('center_axis',(0.,0.,-1.));
#16089=DIRECTION('ref_axis',(1.,0.,0.));
#16090=DIRECTION('center_axis',(0.,0.,1.));
#16091=DIRECTION('ref_axis',(1.,0.,0.));
#16092=DIRECTION('center_axis',(0.,-1.,0.));
#16093=DIRECTION('ref_axis',(1.,0.,0.));
#16094=DIRECTION('',(-1.,0.,0.));
#16095=DIRECTION('',(0.,0.,1.));
#16096=DIRECTION('',(1.,0.,0.));
#16097=DIRECTION('',(0.,0.,1.));
#16098=DIRECTION('center_axis',(-1.,0.,0.));
#16099=DIRECTION('ref_axis',(0.,-1.,0.));
#16100=DIRECTION('',(0.,1.,0.));
#16101=DIRECTION('',(0.,-1.,0.));
#16102=DIRECTION('',(0.,0.,1.));
#16103=DIRECTION('center_axis',(0.,1.,0.));
#16104=DIRECTION('ref_axis',(-1.,0.,0.));
#16105=DIRECTION('',(1.,0.,0.));
#16106=DIRECTION('',(-1.,0.,0.));
#16107=DIRECTION('',(0.,0.,1.));
#16108=DIRECTION('center_axis',(1.,0.,0.));
#16109=DIRECTION('ref_axis',(0.,1.,0.));
#16110=DIRECTION('',(0.,-1.,0.));
#16111=DIRECTION('',(0.,1.,0.));
#16112=DIRECTION('center_axis',(0.,0.,1.));
#16113=DIRECTION('ref_axis',(1.,0.,0.));
#16114=DIRECTION('center_axis',(0.,0.,1.));
#16115=DIRECTION('ref_axis',(1.,0.,0.));
#16116=DIRECTION('',(0.,0.,-1.));
#16117=DIRECTION('center_axis',(0.,0.,-1.));
#16118=DIRECTION('ref_axis',(1.,0.,0.));
#16119=DIRECTION('center_axis',(0.,0.,1.));
#16120=DIRECTION('ref_axis',(1.,0.,0.));
#16121=DIRECTION('center_axis',(0.,0.,1.));
#16122=DIRECTION('ref_axis',(1.,0.,0.));
#16123=DIRECTION('center_axis',(0.,0.,1.));
#16124=DIRECTION('ref_axis',(1.,0.,0.));
#16125=DIRECTION('',(0.,0.,-1.));
#16126=DIRECTION('center_axis',(0.,0.,-1.));
#16127=DIRECTION('ref_axis',(1.,0.,0.));
#16128=DIRECTION('center_axis',(0.,0.,1.));
#16129=DIRECTION('ref_axis',(1.,0.,0.));
#16130=DIRECTION('center_axis',(0.,0.,1.));
#16131=DIRECTION('ref_axis',(1.,0.,0.));
#16132=DIRECTION('center_axis',(0.,0.,1.));
#16133=DIRECTION('ref_axis',(1.,0.,0.));
#16134=DIRECTION('',(0.,0.,-1.));
#16135=DIRECTION('center_axis',(0.,0.,-1.));
#16136=DIRECTION('ref_axis',(1.,0.,0.));
#16137=DIRECTION('center_axis',(0.,0.,1.));
#16138=DIRECTION('ref_axis',(1.,0.,0.));
#16139=DIRECTION('center_axis',(0.,0.,1.));
#16140=DIRECTION('ref_axis',(1.,0.,0.));
#16141=DIRECTION('center_axis',(0.,0.,1.));
#16142=DIRECTION('ref_axis',(1.,0.,0.));
#16143=DIRECTION('',(0.,0.,-1.));
#16144=DIRECTION('center_axis',(0.,0.,-1.));
#16145=DIRECTION('ref_axis',(1.,0.,0.));
#16146=DIRECTION('center_axis',(0.,0.,1.));
#16147=DIRECTION('ref_axis',(1.,0.,0.));
#16148=DIRECTION('center_axis',(0.,1.,0.));
#16149=DIRECTION('ref_axis',(-1.,0.,0.));
#16150=DIRECTION('',(-1.,0.,0.));
#16151=DIRECTION('',(0.,0.,1.));
#16152=DIRECTION('',(-1.,0.,0.));
#16153=DIRECTION('',(0.,0.,1.));
#16154=DIRECTION('center_axis',(1.,0.,0.));
#16155=DIRECTION('ref_axis',(0.,1.,0.));
#16156=DIRECTION('',(0.,1.,0.));
#16157=DIRECTION('',(0.,1.,0.));
#16158=DIRECTION('',(0.,0.,1.));
#16159=DIRECTION('center_axis',(0.,-1.,0.));
#16160=DIRECTION('ref_axis',(1.,0.,0.));
#16161=DIRECTION('',(1.,0.,0.));
#16162=DIRECTION('',(1.,0.,0.));
#16163=DIRECTION('',(0.,0.,1.));
#16164=DIRECTION('center_axis',(-1.,0.,0.));
#16165=DIRECTION('ref_axis',(0.,-1.,0.));
#16166=DIRECTION('',(0.,-1.,0.));
#16167=DIRECTION('',(0.,-1.,0.));
#16168=DIRECTION('center_axis',(0.,0.,1.));
#16169=DIRECTION('ref_axis',(1.,0.,0.));
#16170=DIRECTION('center_axis',(0.,0.,1.));
#16171=DIRECTION('ref_axis',(1.,0.,0.));
#16172=DIRECTION('axis',(0.,0.,1.));
#16173=DIRECTION('refdir',(1.,0.,0.));
#16174=DIRECTION('center_axis',(0.,0.,1.));
#16175=DIRECTION('ref_axis',(1.,0.,0.));
#16176=DIRECTION('center_axis',(0.,0.,1.));
#16177=DIRECTION('ref_axis',(1.,0.,0.));
#16178=DIRECTION('',(0.,0.,1.));
#16179=DIRECTION('center_axis',(0.,0.,-1.));
#16180=DIRECTION('ref_axis',(1.,0.,0.));
#16181=DIRECTION('center_axis',(0.,0.,1.));
#16182=DIRECTION('ref_axis',(1.,0.,0.));
#16183=DIRECTION('center_axis',(0.,0.,1.));
#16184=DIRECTION('ref_axis',(1.,0.,0.));
#16185=DIRECTION('',(0.,0.,1.));
#16186=DIRECTION('center_axis',(0.,0.,-1.));
#16187=DIRECTION('ref_axis',(1.,0.,0.));
#16188=DIRECTION('center_axis',(0.,0.,1.));
#16189=DIRECTION('ref_axis',(1.,0.,0.));
#16190=DIRECTION('center_axis',(0.,0.,1.));
#16191=DIRECTION('ref_axis',(1.,0.,0.));
#16192=DIRECTION('',(0.,0.,1.));
#16193=DIRECTION('center_axis',(0.,0.,-1.));
#16194=DIRECTION('ref_axis',(1.,0.,0.));
#16195=DIRECTION('center_axis',(0.,0.,1.));
#16196=DIRECTION('ref_axis',(1.,0.,0.));
#16197=DIRECTION('center_axis',(0.,0.,1.));
#16198=DIRECTION('ref_axis',(1.,0.,0.));
#16199=DIRECTION('',(0.,0.,1.));
#16200=DIRECTION('center_axis',(0.,0.,-1.));
#16201=DIRECTION('ref_axis',(1.,0.,0.));
#16202=DIRECTION('center_axis',(0.,1.,0.));
#16203=DIRECTION('ref_axis',(-1.,0.,0.));
#16204=DIRECTION('',(-1.,0.,0.));
#16205=DIRECTION('',(0.,0.,1.));
#16206=DIRECTION('',(-1.,0.,0.));
#16207=DIRECTION('',(0.,0.,1.));
#16208=DIRECTION('center_axis',(1.,0.,0.));
#16209=DIRECTION('ref_axis',(0.,1.,0.));
#16210=DIRECTION('',(0.,1.,0.));
#16211=DIRECTION('',(0.,1.,0.));
#16212=DIRECTION('',(0.,0.,1.));
#16213=DIRECTION('center_axis',(0.,-1.,0.));
#16214=DIRECTION('ref_axis',(1.,0.,0.));
#16215=DIRECTION('',(1.,0.,0.));
#16216=DIRECTION('',(1.,0.,0.));
#16217=DIRECTION('',(0.,0.,1.));
#16218=DIRECTION('center_axis',(-1.,0.,0.));
#16219=DIRECTION('ref_axis',(0.,-1.,0.));
#16220=DIRECTION('',(0.,-1.,0.));
#16221=DIRECTION('',(0.,-1.,0.));
#16222=DIRECTION('center_axis',(0.,0.,1.));
#16223=DIRECTION('ref_axis',(1.,0.,0.));
#16224=DIRECTION('center_axis',(0.,0.,1.));
#16225=DIRECTION('ref_axis',(1.,0.,0.));
#16226=DIRECTION('',(0.,0.,1.));
#16227=DIRECTION('',(1.,0.,0.));
#16228=DIRECTION('',(0.,0.,1.));
#16229=DIRECTION('',(1.,0.,0.));
#16230=DIRECTION('',(0.,0.,1.));
#16231=DIRECTION('',(1.,0.,0.));
#16232=DIRECTION('',(0.,0.,1.));
#16233=DIRECTION('',(1.,0.,0.));
#16234=DIRECTION('',(0.,0.,1.));
#16235=DIRECTION('',(1.,0.,0.));
#16236=DIRECTION('',(0.,0.,1.));
#16237=DIRECTION('',(1.,0.,0.));
#16238=DIRECTION('',(0.,0.,1.));
#16239=DIRECTION('',(1.,0.,0.));
#16240=DIRECTION('',(0.,0.,1.));
#16241=DIRECTION('',(1.,0.,0.));
#16242=DIRECTION('',(0.,0.,1.));
#16243=DIRECTION('',(1.,0.,0.));
#16244=DIRECTION('',(0.,0.,1.));
#16245=DIRECTION('',(1.,0.,0.));
#16246=DIRECTION('',(0.,0.,1.));
#16247=DIRECTION('',(1.,0.,0.));
#16248=DIRECTION('',(0.,0.,1.));
#16249=DIRECTION('',(1.,0.,0.));
#16250=DIRECTION('',(0.,0.,1.));
#16251=DIRECTION('',(1.,0.,0.));
#16252=DIRECTION('',(0.,0.,1.));
#16253=DIRECTION('',(1.,0.,0.));
#16254=DIRECTION('',(0.,0.,1.));
#16255=DIRECTION('',(1.,0.,0.));
#16256=DIRECTION('',(0.,0.,1.));
#16257=DIRECTION('',(1.,0.,0.));
#16258=DIRECTION('',(0.,0.,1.));
#16259=DIRECTION('',(1.,0.,0.));
#16260=DIRECTION('',(0.,0.,1.));
#16261=DIRECTION('',(1.,0.,0.));
#16262=DIRECTION('',(0.,0.,1.));
#16263=DIRECTION('',(1.,0.,0.));
#16264=DIRECTION('',(0.,0.,1.));
#16265=DIRECTION('',(1.,0.,0.));
#16266=DIRECTION('',(0.,0.,1.));
#16267=DIRECTION('',(1.,0.,0.));
#16268=DIRECTION('',(0.,0.,1.));
#16269=DIRECTION('',(1.,0.,0.));
#16270=DIRECTION('',(0.,0.,1.));
#16271=DIRECTION('',(1.,0.,0.));
#16272=CARTESIAN_POINT('',(0.,0.,0.));
#16273=CARTESIAN_POINT('',(0.,0.,0.));
#16274=CARTESIAN_POINT('',(0.,0.,0.));
#16275=CARTESIAN_POINT('Origin',(-15.,-38.,1.));
#16276=CARTESIAN_POINT('',(-16.25,-38.,3.));
#16277=CARTESIAN_POINT('Origin',(-15.,-38.,3.));
#16278=CARTESIAN_POINT('',(-16.25,-38.,5.));
#16279=CARTESIAN_POINT('',(-16.25,-38.,1.));
#16280=CARTESIAN_POINT('Origin',(-15.,-38.,5.));
#16281=CARTESIAN_POINT('Origin',(15.,-38.,1.));
#16282=CARTESIAN_POINT('',(13.75,-38.,3.));
#16283=CARTESIAN_POINT('Origin',(15.,-38.,3.));
#16284=CARTESIAN_POINT('',(13.75,-38.,5.));
#16285=CARTESIAN_POINT('',(13.75,-38.,1.));
#16286=CARTESIAN_POINT('Origin',(15.,-38.,5.));
#16287=CARTESIAN_POINT('Origin',(-4.,-80.,1.));
#16288=CARTESIAN_POINT('',(-5.25,-80.,3.));
#16289=CARTESIAN_POINT('Origin',(-4.,-80.,3.));
#16290=CARTESIAN_POINT('',(-5.25,-80.,5.));
#16291=CARTESIAN_POINT('',(-5.25,-80.,1.));
#16292=CARTESIAN_POINT('Origin',(-4.,-80.,5.));
#16293=CARTESIAN_POINT('Origin',(-4.,-70.,1.));
#16294=CARTESIAN_POINT('',(-5.25,-70.,3.));
#16295=CARTESIAN_POINT('Origin',(-4.,-70.,3.));
#16296=CARTESIAN_POINT('',(-5.25,-70.,5.));
#16297=CARTESIAN_POINT('',(-5.25,-70.,1.));
#16298=CARTESIAN_POINT('Origin',(-4.,-70.,5.));
#16299=CARTESIAN_POINT('Origin',(-31.,-74.,1.));
#16300=CARTESIAN_POINT('',(-32.25,-74.,3.));
#16301=CARTESIAN_POINT('Origin',(-31.,-74.,3.));
#16302=CARTESIAN_POINT('',(-32.25,-74.,5.));
#16303=CARTESIAN_POINT('',(-32.25,-74.,1.));
#16304=CARTESIAN_POINT('Origin',(-31.,-74.,5.));
#16305=CARTESIAN_POINT('Origin',(-21.,-74.,1.));
#16306=CARTESIAN_POINT('',(-22.25,-74.,3.));
#16307=CARTESIAN_POINT('Origin',(-21.,-74.,3.));
#16308=CARTESIAN_POINT('',(-22.25,-74.,5.));
#16309=CARTESIAN_POINT('',(-22.25,-74.,1.));
#16310=CARTESIAN_POINT('Origin',(-21.,-74.,5.));
#16311=CARTESIAN_POINT('Origin',(66.,-72.,1.));
#16312=CARTESIAN_POINT('',(64.75,-72.,3.));
#16313=CARTESIAN_POINT('Origin',(66.,-72.,3.));
#16314=CARTESIAN_POINT('',(64.75,-72.,5.));
#16315=CARTESIAN_POINT('',(64.75,-72.,1.));
#16316=CARTESIAN_POINT('Origin',(66.,-72.,5.));
#16317=CARTESIAN_POINT('Origin',(66.,-30.,1.));
#16318=CARTESIAN_POINT('',(64.75,-30.,3.));
#16319=CARTESIAN_POINT('Origin',(66.,-30.,3.));
#16320=CARTESIAN_POINT('',(64.75,-30.,5.));
#16321=CARTESIAN_POINT('',(64.75,-30.,1.));
#16322=CARTESIAN_POINT('Origin',(66.,-30.,5.));
#16323=CARTESIAN_POINT('Origin',(-52.,-80.5,1.));
#16324=CARTESIAN_POINT('',(-53.25,-80.5,3.));
#16325=CARTESIAN_POINT('Origin',(-52.,-80.5,3.));
#16326=CARTESIAN_POINT('',(-53.25,-80.5,5.));
#16327=CARTESIAN_POINT('',(-53.25,-80.5,1.));
#16328=CARTESIAN_POINT('Origin',(-52.,-80.5,5.));
#16329=CARTESIAN_POINT('Origin',(-52.,-45.5,1.));
#16330=CARTESIAN_POINT('',(-53.25,-45.5,3.));
#16331=CARTESIAN_POINT('Origin',(-52.,-45.5,3.));
#16332=CARTESIAN_POINT('',(-53.25,-45.5,5.));
#16333=CARTESIAN_POINT('',(-53.25,-45.5,1.));
#16334=CARTESIAN_POINT('Origin',(-52.,-45.5,5.));
#16335=CARTESIAN_POINT('Origin',(21.85,28.,1.));
#16336=CARTESIAN_POINT('',(20.6,28.,3.));
#16337=CARTESIAN_POINT('Origin',(21.85,28.,3.));
#16338=CARTESIAN_POINT('',(20.6,28.,5.));
#16339=CARTESIAN_POINT('',(20.6,28.,1.));
#16340=CARTESIAN_POINT('Origin',(21.85,28.,5.));
#16341=CARTESIAN_POINT('Origin',(48.15,28.,1.));
#16342=CARTESIAN_POINT('',(46.9,28.,3.));
#16343=CARTESIAN_POINT('Origin',(48.15,28.,3.));
#16344=CARTESIAN_POINT('',(46.9,28.,5.));
#16345=CARTESIAN_POINT('',(46.9,28.,1.));
#16346=CARTESIAN_POINT('Origin',(48.15,28.,5.));
#16347=CARTESIAN_POINT('Origin',(12.7,34.,1.));
#16348=CARTESIAN_POINT('',(12.7,40.,5.));
#16349=CARTESIAN_POINT('',(12.7,34.,5.));
#16350=CARTESIAN_POINT('',(12.7,17.,5.));
#16351=CARTESIAN_POINT('',(12.7,40.,3.));
#16352=CARTESIAN_POINT('',(12.7,40.,1.));
#16353=CARTESIAN_POINT('',(12.7,34.,3.));
#16354=CARTESIAN_POINT('',(12.7,17.,3.));
#16355=CARTESIAN_POINT('',(12.7,34.,1.));
#16356=CARTESIAN_POINT('Origin',(9.3,40.,1.));
#16357=CARTESIAN_POINT('',(9.3,40.,3.));
#16358=CARTESIAN_POINT('',(9.3,34.,3.));
#16359=CARTESIAN_POINT('',(9.3,20.,3.));
#16360=CARTESIAN_POINT('',(9.3,40.,5.));
#16361=CARTESIAN_POINT('',(9.3,40.,1.));
#16362=CARTESIAN_POINT('',(9.3,34.,5.));
#16363=CARTESIAN_POINT('',(9.3,20.,5.));
#16364=CARTESIAN_POINT('',(9.3,34.,1.));
#16365=CARTESIAN_POINT('Origin',(12.7,40.,1.));
#16366=CARTESIAN_POINT('',(6.35,40.,5.));
#16367=CARTESIAN_POINT('',(6.35,40.,3.));
#16368=CARTESIAN_POINT('Origin',(9.3,34.,1.));
#16369=CARTESIAN_POINT('',(4.65,34.,3.));
#16370=CARTESIAN_POINT('',(4.65,34.,5.));
#16371=CARTESIAN_POINT('Origin',(-9.3,34.,1.));
#16372=CARTESIAN_POINT('',(-9.3,40.,5.));
#16373=CARTESIAN_POINT('',(-9.3,34.,5.));
#16374=CARTESIAN_POINT('',(-9.3,17.,5.));
#16375=CARTESIAN_POINT('',(-9.3,40.,3.));
#16376=CARTESIAN_POINT('',(-9.3,40.,1.));
#16377=CARTESIAN_POINT('',(-9.3,34.,3.));
#16378=CARTESIAN_POINT('',(-9.3,17.,3.));
#16379=CARTESIAN_POINT('',(-9.3,34.,1.));
#16380=CARTESIAN_POINT('Origin',(-12.7,40.,1.));
#16381=CARTESIAN_POINT('',(-12.7,40.,3.));
#16382=CARTESIAN_POINT('',(-12.7,34.,3.));
#16383=CARTESIAN_POINT('',(-12.7,20.,3.));
#16384=CARTESIAN_POINT('',(-12.7,40.,5.));
#16385=CARTESIAN_POINT('',(-12.7,40.,1.));
#16386=CARTESIAN_POINT('',(-12.7,34.,5.));
#16387=CARTESIAN_POINT('',(-12.7,20.,5.));
#16388=CARTESIAN_POINT('',(-12.7,34.,1.));
#16389=CARTESIAN_POINT('Origin',(-9.3,40.,1.));
#16390=CARTESIAN_POINT('',(-4.65,40.,5.));
#16391=CARTESIAN_POINT('',(-4.65,40.,3.));
#16392=CARTESIAN_POINT('Origin',(-12.7,34.,1.));
#16393=CARTESIAN_POINT('',(-6.35,34.,3.));
#16394=CARTESIAN_POINT('',(-6.35,34.,5.));
#16395=CARTESIAN_POINT('Origin',(12.7,13.,1.));
#16396=CARTESIAN_POINT('',(12.7,19.,5.));
#16397=CARTESIAN_POINT('',(12.7,13.,5.));
#16398=CARTESIAN_POINT('',(12.7,6.5,5.));
#16399=CARTESIAN_POINT('',(12.7,19.,3.));
#16400=CARTESIAN_POINT('',(12.7,19.,1.));
#16401=CARTESIAN_POINT('',(12.7,13.,3.));
#16402=CARTESIAN_POINT('',(12.7,6.5,3.));
#16403=CARTESIAN_POINT('',(12.7,13.,1.));
#16404=CARTESIAN_POINT('Origin',(9.3,19.,1.));
#16405=CARTESIAN_POINT('',(9.3,19.,3.));
#16406=CARTESIAN_POINT('',(9.3,13.,3.));
#16407=CARTESIAN_POINT('',(9.3,9.5,3.));
#16408=CARTESIAN_POINT('',(9.3,19.,5.));
#16409=CARTESIAN_POINT('',(9.3,19.,1.));
#16410=CARTESIAN_POINT('',(9.3,13.,5.));
#16411=CARTESIAN_POINT('',(9.3,9.5,5.));
#16412=CARTESIAN_POINT('',(9.3,13.,1.));
#16413=CARTESIAN_POINT('Origin',(12.7,19.,1.));
#16414=CARTESIAN_POINT('',(6.35,19.,5.));
#16415=CARTESIAN_POINT('',(6.35,19.,3.));
#16416=CARTESIAN_POINT('Origin',(9.3,13.,1.));
#16417=CARTESIAN_POINT('',(4.65,13.,3.));
#16418=CARTESIAN_POINT('',(4.65,13.,5.));
#16419=CARTESIAN_POINT('Origin',(-9.3,13.,1.));
#16420=CARTESIAN_POINT('',(-9.3,19.,5.));
#16421=CARTESIAN_POINT('',(-9.3,13.,5.));
#16422=CARTESIAN_POINT('',(-9.3,6.5,5.));
#16423=CARTESIAN_POINT('',(-9.3,19.,3.));
#16424=CARTESIAN_POINT('',(-9.3,19.,1.));
#16425=CARTESIAN_POINT('',(-9.3,13.,3.));
#16426=CARTESIAN_POINT('',(-9.3,6.5,3.));
#16427=CARTESIAN_POINT('',(-9.3,13.,1.));
#16428=CARTESIAN_POINT('Origin',(-12.7,19.,1.));
#16429=CARTESIAN_POINT('',(-12.7,19.,3.));
#16430=CARTESIAN_POINT('',(-12.7,13.,3.));
#16431=CARTESIAN_POINT('',(-12.7,9.5,3.));
#16432=CARTESIAN_POINT('',(-12.7,19.,5.));
#16433=CARTESIAN_POINT('',(-12.7,19.,1.));
#16434=CARTESIAN_POINT('',(-12.7,13.,5.));
#16435=CARTESIAN_POINT('',(-12.7,9.5,5.));
#16436=CARTESIAN_POINT('',(-12.7,13.,1.));
#16437=CARTESIAN_POINT('Origin',(-9.3,19.,1.));
#16438=CARTESIAN_POINT('',(-4.65,19.,5.));
#16439=CARTESIAN_POINT('',(-4.65,19.,3.));
#16440=CARTESIAN_POINT('Origin',(-12.7,13.,1.));
#16441=CARTESIAN_POINT('',(-6.35,13.,3.));
#16442=CARTESIAN_POINT('',(-6.35,13.,5.));
#16443=CARTESIAN_POINT('Origin',(32.5,-70.,1.));
#16444=CARTESIAN_POINT('',(31.05,-70.,3.));
#16445=CARTESIAN_POINT('Origin',(32.5,-70.,3.));
#16446=CARTESIAN_POINT('',(31.05,-70.,5.));
#16447=CARTESIAN_POINT('',(31.05,-70.,1.));
#16448=CARTESIAN_POINT('Origin',(32.5,-70.,5.));
#16449=CARTESIAN_POINT('Origin',(51.5,-70.,1.));
#16450=CARTESIAN_POINT('',(50.05,-70.,3.));
#16451=CARTESIAN_POINT('Origin',(51.5,-70.,3.));
#16452=CARTESIAN_POINT('',(50.05,-70.,5.));
#16453=CARTESIAN_POINT('',(50.05,-70.,1.));
#16454=CARTESIAN_POINT('Origin',(51.5,-70.,5.));
#16455=CARTESIAN_POINT('Origin',(-34.,-46.,1.));
#16456=CARTESIAN_POINT('',(-35.45,-46.,3.));
#16457=CARTESIAN_POINT('Origin',(-34.,-46.,3.));
#16458=CARTESIAN_POINT('',(-35.45,-46.,5.));
#16459=CARTESIAN_POINT('',(-35.45,-46.,1.));
#16460=CARTESIAN_POINT('Origin',(-34.,-46.,5.));
#16461=CARTESIAN_POINT('Origin',(34.,-30.,1.));
#16462=CARTESIAN_POINT('',(32.55,-30.,3.));
#16463=CARTESIAN_POINT('Origin',(34.,-30.,3.));
#16464=CARTESIAN_POINT('',(32.55,-30.,5.));
#16465=CARTESIAN_POINT('',(32.55,-30.,1.));
#16466=CARTESIAN_POINT('Origin',(34.,-30.,5.));
#16467=CARTESIAN_POINT('Origin',(-34.,-30.,1.));
#16468=CARTESIAN_POINT('',(-35.45,-30.,3.));
#16469=CARTESIAN_POINT('Origin',(-34.,-30.,3.));
#16470=CARTESIAN_POINT('',(-35.45,-30.,5.));
#16471=CARTESIAN_POINT('',(-35.45,-30.,1.));
#16472=CARTESIAN_POINT('Origin',(-34.,-30.,5.));
#16473=CARTESIAN_POINT('Origin',(34.,-46.,1.));
#16474=CARTESIAN_POINT('',(32.55,-46.,3.));
#16475=CARTESIAN_POINT('Origin',(34.,-46.,3.));
#16476=CARTESIAN_POINT('',(32.55,-46.,5.));
#16477=CARTESIAN_POINT('',(32.55,-46.,1.));
#16478=CARTESIAN_POINT('Origin',(34.,-46.,5.));
#16479=CARTESIAN_POINT('Origin',(51.,-14.,0.));
#16480=CARTESIAN_POINT('',(49.3,-14.,3.));
#16481=CARTESIAN_POINT('Origin',(51.,-14.,3.));
#16482=CARTESIAN_POINT('',(49.3,-14.,5.));
#16483=CARTESIAN_POINT('',(49.3,-14.,0.));
#16484=CARTESIAN_POINT('Origin',(51.,-14.,5.));
#16485=CARTESIAN_POINT('Origin',(38.7,14.,0.));
#16486=CARTESIAN_POINT('',(37.,14.,3.));
#16487=CARTESIAN_POINT('Origin',(38.7,14.,3.));
#16488=CARTESIAN_POINT('',(37.,14.,5.));
#16489=CARTESIAN_POINT('',(37.,14.,0.));
#16490=CARTESIAN_POINT('Origin',(38.7,14.,5.));
#16491=CARTESIAN_POINT('Origin',(38.7,-14.,0.));
#16492=CARTESIAN_POINT('',(37.,-14.,3.));
#16493=CARTESIAN_POINT('Origin',(38.7,-14.,3.));
#16494=CARTESIAN_POINT('',(37.,-14.,5.));
#16495=CARTESIAN_POINT('',(37.,-14.,0.));
#16496=CARTESIAN_POINT('Origin',(38.7,-14.,5.));
#16497=CARTESIAN_POINT('Origin',(51.,14.,0.));
#16498=CARTESIAN_POINT('',(49.3,14.,3.));
#16499=CARTESIAN_POINT('Origin',(51.,14.,3.));
#16500=CARTESIAN_POINT('',(49.3,14.,5.));
#16501=CARTESIAN_POINT('',(49.3,14.,0.));
#16502=CARTESIAN_POINT('Origin',(51.,14.,5.));
#16503=CARTESIAN_POINT('Origin',(-38.7,-14.,0.));
#16504=CARTESIAN_POINT('',(-40.4,-14.,3.));
#16505=CARTESIAN_POINT('Origin',(-38.7,-14.,3.));
#16506=CARTESIAN_POINT('',(-40.4,-14.,5.));
#16507=CARTESIAN_POINT('',(-40.4,-14.,0.));
#16508=CARTESIAN_POINT('Origin',(-38.7,-14.,5.));
#16509=CARTESIAN_POINT('Origin',(-51.,14.,0.));
#16510=CARTESIAN_POINT('',(-52.7,14.,3.));
#16511=CARTESIAN_POINT('Origin',(-51.,14.,3.));
#16512=CARTESIAN_POINT('',(-52.7,14.,5.));
#16513=CARTESIAN_POINT('',(-52.7,14.,0.));
#16514=CARTESIAN_POINT('Origin',(-51.,14.,5.));
#16515=CARTESIAN_POINT('Origin',(-51.,-14.,0.));
#16516=CARTESIAN_POINT('',(-52.7,-14.,3.));
#16517=CARTESIAN_POINT('Origin',(-51.,-14.,3.));
#16518=CARTESIAN_POINT('',(-52.7,-14.,5.));
#16519=CARTESIAN_POINT('',(-52.7,-14.,0.));
#16520=CARTESIAN_POINT('Origin',(-51.,-14.,5.));
#16521=CARTESIAN_POINT('Origin',(-38.7,14.,0.));
#16522=CARTESIAN_POINT('',(-40.4,14.,3.));
#16523=CARTESIAN_POINT('Origin',(-38.7,14.,3.));
#16524=CARTESIAN_POINT('',(-40.4,14.,5.));
#16525=CARTESIAN_POINT('',(-40.4,14.,0.));
#16526=CARTESIAN_POINT('Origin',(-38.7,14.,5.));
#16527=CARTESIAN_POINT('Origin',(73.,80.,0.));
#16528=CARTESIAN_POINT('',(71.3,80.,3.));
#16529=CARTESIAN_POINT('Origin',(73.,80.,3.));
#16530=CARTESIAN_POINT('',(71.3,80.,5.));
#16531=CARTESIAN_POINT('',(71.3,80.,0.));
#16532=CARTESIAN_POINT('Origin',(73.,80.,5.));
#16533=CARTESIAN_POINT('Origin',(50.,50.,0.));
#16534=CARTESIAN_POINT('',(48.3,50.,3.));
#16535=CARTESIAN_POINT('Origin',(50.,50.,3.));
#16536=CARTESIAN_POINT('',(48.3,50.,5.));
#16537=CARTESIAN_POINT('',(48.3,50.,0.));
#16538=CARTESIAN_POINT('Origin',(50.,50.,5.));
#16539=CARTESIAN_POINT('Origin',(-73.,80.,0.));
#16540=CARTESIAN_POINT('',(-74.7,80.,3.));
#16541=CARTESIAN_POINT('Origin',(-73.,80.,3.));
#16542=CARTESIAN_POINT('',(-74.7,80.,5.));
#16543=CARTESIAN_POINT('',(-74.7,80.,0.));
#16544=CARTESIAN_POINT('Origin',(-73.,80.,5.));
#16545=CARTESIAN_POINT('Origin',(-50.,50.,0.));
#16546=CARTESIAN_POINT('',(-51.7,50.,3.));
#16547=CARTESIAN_POINT('Origin',(-50.,50.,3.));
#16548=CARTESIAN_POINT('',(-51.7,50.,5.));
#16549=CARTESIAN_POINT('',(-51.7,50.,0.));
#16550=CARTESIAN_POINT('Origin',(-50.,50.,5.));
#16551=CARTESIAN_POINT('Origin',(-75.,35.,0.));
#16552=CARTESIAN_POINT('',(-76.7,35.,3.));
#16553=CARTESIAN_POINT('Origin',(-75.,35.,3.));
#16554=CARTESIAN_POINT('',(-76.7,35.,5.));
#16555=CARTESIAN_POINT('',(-76.7,35.,0.));
#16556=CARTESIAN_POINT('Origin',(-75.,35.,5.));
#16557=CARTESIAN_POINT('Origin',(75.,-85.,0.));
#16558=CARTESIAN_POINT('',(73.3,-85.,3.));
#16559=CARTESIAN_POINT('Origin',(75.,-85.,3.));
#16560=CARTESIAN_POINT('',(73.3,-85.,5.));
#16561=CARTESIAN_POINT('',(73.3,-85.,0.));
#16562=CARTESIAN_POINT('Origin',(75.,-85.,5.));
#16563=CARTESIAN_POINT('Origin',(-75.,-85.,0.));
#16564=CARTESIAN_POINT('',(-76.7,-85.,3.));
#16565=CARTESIAN_POINT('Origin',(-75.,-85.,3.));
#16566=CARTESIAN_POINT('',(-76.7,-85.,5.));
#16567=CARTESIAN_POINT('',(-76.7,-85.,0.));
#16568=CARTESIAN_POINT('Origin',(-75.,-85.,5.));
#16569=CARTESIAN_POINT('Origin',(75.,35.,0.));
#16570=CARTESIAN_POINT('',(73.3,35.,3.));
#16571=CARTESIAN_POINT('Origin',(75.,35.,3.));
#16572=CARTESIAN_POINT('',(73.3,35.,5.));
#16573=CARTESIAN_POINT('',(73.3,35.,0.));
#16574=CARTESIAN_POINT('Origin',(75.,35.,5.));
#16575=CARTESIAN_POINT('Origin',(58.,-24.,5.));
#16576=CARTESIAN_POINT('',(58.,-24.,3.));
#16577=CARTESIAN_POINT('',(80.,-24.,3.));
#16578=CARTESIAN_POINT('',(29.,-24.,3.));
#16579=CARTESIAN_POINT('',(58.,-24.,5.));
#16580=CARTESIAN_POINT('',(58.,-24.,5.));
#16581=CARTESIAN_POINT('',(80.,-24.,5.));
#16582=CARTESIAN_POINT('',(29.,-24.,5.));
#16583=CARTESIAN_POINT('',(80.,-24.,5.));
#16584=CARTESIAN_POINT('Origin',(58.,24.,5.));
#16585=CARTESIAN_POINT('',(58.,24.,3.));
#16586=CARTESIAN_POINT('',(58.,12.,3.));
#16587=CARTESIAN_POINT('',(58.,24.,5.));
#16588=CARTESIAN_POINT('',(58.,24.,5.));
#16589=CARTESIAN_POINT('',(58.,12.,5.));
#16590=CARTESIAN_POINT('Origin',(90.,24.,5.));
#16591=CARTESIAN_POINT('',(80.,24.,3.));
#16592=CARTESIAN_POINT('',(45.,24.,3.));
#16593=CARTESIAN_POINT('',(80.,24.,5.));
#16594=CARTESIAN_POINT('',(80.,24.,5.));
#16595=CARTESIAN_POINT('',(45.,24.,5.));
#16596=CARTESIAN_POINT('Origin',(0.,0.,3.));
#16597=CARTESIAN_POINT('',(80.,-90.,3.));
#16598=CARTESIAN_POINT('',(80.,-90.,3.));
#16599=CARTESIAN_POINT('',(-80.,-90.,3.));
#16600=CARTESIAN_POINT('',(-80.,-90.,3.));
#16601=CARTESIAN_POINT('',(-80.,-24.,3.));
#16602=CARTESIAN_POINT('',(-80.,90.,3.));
#16603=CARTESIAN_POINT('',(-58.,-24.,3.));
#16604=CARTESIAN_POINT('',(-45.,-24.,3.));
#16605=CARTESIAN_POINT('',(-58.,24.,3.));
#16606=CARTESIAN_POINT('',(-58.,-12.,3.));
#16607=CARTESIAN_POINT('',(-80.,24.,3.));
#16608=CARTESIAN_POINT('',(-29.,24.,3.));
#16609=CARTESIAN_POINT('',(-80.,90.,3.));
#16610=CARTESIAN_POINT('',(-80.,90.,3.));
#16611=CARTESIAN_POINT('',(80.,90.,3.));
#16612=CARTESIAN_POINT('',(80.,90.,3.));
#16613=CARTESIAN_POINT('',(80.,-90.,3.));
#16614=CARTESIAN_POINT('Origin',(80.,90.,5.));
#16615=CARTESIAN_POINT('',(80.,-90.,5.));
#16616=CARTESIAN_POINT('',(80.,-90.,5.));
#16617=CARTESIAN_POINT('',(80.,-90.,5.));
#16618=CARTESIAN_POINT('Origin',(-58.,24.,5.));
#16619=CARTESIAN_POINT('',(-58.,24.,5.));
#16620=CARTESIAN_POINT('',(-58.,24.,5.));
#16621=CARTESIAN_POINT('',(-80.,24.,5.));
#16622=CARTESIAN_POINT('',(-29.,24.,5.));
#16623=CARTESIAN_POINT('',(-80.,24.,5.));
#16624=CARTESIAN_POINT('Origin',(-58.,-24.,5.));
#16625=CARTESIAN_POINT('',(-58.,-24.,5.));
#16626=CARTESIAN_POINT('',(-58.,-24.,5.));
#16627=CARTESIAN_POINT('',(-58.,-12.,5.));
#16628=CARTESIAN_POINT('Origin',(-90.,-24.,5.));
#16629=CARTESIAN_POINT('',(-80.,-24.,5.));
#16630=CARTESIAN_POINT('',(-80.,-24.,5.));
#16631=CARTESIAN_POINT('',(-45.,-24.,5.));
#16632=CARTESIAN_POINT('Origin',(0.,0.,5.));
#16633=CARTESIAN_POINT('',(80.,90.,5.));
#16634=CARTESIAN_POINT('',(80.,-90.,5.));
#16635=CARTESIAN_POINT('',(-80.,90.,5.));
#16636=CARTESIAN_POINT('',(80.,90.,5.));
#16637=CARTESIAN_POINT('',(-80.,90.,5.));
#16638=CARTESIAN_POINT('',(-80.,-90.,5.));
#16639=CARTESIAN_POINT('',(-80.,90.,5.));
#16640=CARTESIAN_POINT('',(-80.,-90.,5.));
#16641=CARTESIAN_POINT('Origin',(-80.,-90.,5.));
#16642=CARTESIAN_POINT('',(-80.,-90.,5.));
#16643=CARTESIAN_POINT('Origin',(-80.,-90.,5.));
#16644=CARTESIAN_POINT('',(-80.,90.,5.));
#16645=CARTESIAN_POINT('Origin',(-80.,90.,5.));
#16646=CARTESIAN_POINT('',(80.,90.,5.));
#16647=CARTESIAN_POINT('Origin',(80.,-90.,5.));
#16648=CARTESIAN_POINT('Origin',(80.,90.,5.));
#16649=CARTESIAN_POINT('',(0.,0.,0.));
#16650=CARTESIAN_POINT('Origin',(-80.,-85.,44.));
#16651=CARTESIAN_POINT('',(-80.,-85.,45.7));
#16652=CARTESIAN_POINT('Origin',(-80.,-85.,44.));
#16653=CARTESIAN_POINT('',(-78.,-85.,45.7));
#16654=CARTESIAN_POINT('',(-80.,-85.,45.7));
#16655=CARTESIAN_POINT('Origin',(-78.,-85.,44.));
#16656=CARTESIAN_POINT('Origin',(-80.,35.,44.));
#16657=CARTESIAN_POINT('',(-80.,35.,45.7));
#16658=CARTESIAN_POINT('Origin',(-80.,35.,44.));
#16659=CARTESIAN_POINT('',(-78.,35.,45.7));
#16660=CARTESIAN_POINT('',(-80.,35.,45.7));
#16661=CARTESIAN_POINT('Origin',(-78.,35.,44.));
#16662=CARTESIAN_POINT('Origin',(-80.,-26.,47.));
#16663=CARTESIAN_POINT('',(-80.,-26.,47.));
#16664=CARTESIAN_POINT('',(-80.,-26.,5.));
#16665=CARTESIAN_POINT('',(-80.,-26.,45.5));
#16666=CARTESIAN_POINT('',(-78.,-26.,47.));
#16667=CARTESIAN_POINT('',(-80.,-26.,47.));
#16668=CARTESIAN_POINT('',(-78.,-26.,5.));
#16669=CARTESIAN_POINT('',(-78.,-26.,45.5));
#16670=CARTESIAN_POINT('',(-80.,-26.,5.));
#16671=CARTESIAN_POINT('Origin',(-80.,26.,47.));
#16672=CARTESIAN_POINT('',(-80.,26.,47.));
#16673=CARTESIAN_POINT('',(-80.,13.,47.));
#16674=CARTESIAN_POINT('',(-78.,26.,47.));
#16675=CARTESIAN_POINT('',(-80.,26.,47.));
#16676=CARTESIAN_POINT('',(-78.,13.,47.));
#16677=CARTESIAN_POINT('Origin',(-80.,26.,-5.));
#16678=CARTESIAN_POINT('',(-80.,26.,5.));
#16679=CARTESIAN_POINT('',(-80.,26.,19.5));
#16680=CARTESIAN_POINT('',(-78.,26.,5.));
#16681=CARTESIAN_POINT('',(-80.,26.,5.));
#16682=CARTESIAN_POINT('',(-78.,26.,19.5));
#16683=CARTESIAN_POINT('Origin',(-78.,0.,44.));
#16684=CARTESIAN_POINT('',(-78.,40.,5.));
#16685=CARTESIAN_POINT('',(-78.,90.,5.));
#16686=CARTESIAN_POINT('',(-78.,40.,83.));
#16687=CARTESIAN_POINT('',(-78.,40.,74.5));
#16688=CARTESIAN_POINT('',(-78.,-90.,83.));
#16689=CARTESIAN_POINT('',(-78.,-90.,83.));
#16690=CARTESIAN_POINT('',(-78.,-90.,5.));
#16691=CARTESIAN_POINT('',(-78.,-90.,5.));
#16692=CARTESIAN_POINT('',(-78.,90.,5.));
#16693=CARTESIAN_POINT('Origin',(-80.,-90.,5.));
#16694=CARTESIAN_POINT('',(-80.,40.,5.));
#16695=CARTESIAN_POINT('',(-80.,90.,5.));
#16696=CARTESIAN_POINT('',(-80.,40.,5.));
#16697=CARTESIAN_POINT('Origin',(-80.,-90.,5.));
#16698=CARTESIAN_POINT('',(-80.,-90.,5.));
#16699=CARTESIAN_POINT('',(-80.,-90.,5.));
#16700=CARTESIAN_POINT('',(-80.,90.,5.));
#16701=CARTESIAN_POINT('Origin',(-80.,40.,105.));
#16702=CARTESIAN_POINT('',(-80.,40.,83.));
#16703=CARTESIAN_POINT('',(-80.,40.,83.));
#16704=CARTESIAN_POINT('',(-80.,40.,74.5));
#16705=CARTESIAN_POINT('Origin',(-80.,-90.,83.));
#16706=CARTESIAN_POINT('',(-80.,-90.,83.));
#16707=CARTESIAN_POINT('',(-80.,-90.,5.));
#16708=CARTESIAN_POINT('',(-80.,-90.,83.));
#16709=CARTESIAN_POINT('Origin',(-80.,90.,83.));
#16710=CARTESIAN_POINT('',(-80.,-90.,83.));
#16711=CARTESIAN_POINT('Origin',(-80.,0.,44.));
#16712=CARTESIAN_POINT('',(0.,0.,0.));
#16713=CARTESIAN_POINT('Origin',(80.,-85.,44.));
#16714=CARTESIAN_POINT('',(78.,-85.,45.7));
#16715=CARTESIAN_POINT('Origin',(78.,-85.,44.));
#16716=CARTESIAN_POINT('',(80.,-85.,45.7));
#16717=CARTESIAN_POINT('',(80.,-85.,45.7));
#16718=CARTESIAN_POINT('Origin',(80.,-85.,44.));
#16719=CARTESIAN_POINT('Origin',(80.,35.,44.));
#16720=CARTESIAN_POINT('',(78.,35.,45.7));
#16721=CARTESIAN_POINT('Origin',(78.,35.,44.));
#16722=CARTESIAN_POINT('',(80.,35.,45.7));
#16723=CARTESIAN_POINT('',(80.,35.,45.7));
#16724=CARTESIAN_POINT('Origin',(80.,35.,44.));
#16725=CARTESIAN_POINT('Origin',(80.,26.,-5.));
#16726=CARTESIAN_POINT('',(80.,26.,47.));
#16727=CARTESIAN_POINT('',(80.,26.,5.));
#16728=CARTESIAN_POINT('',(80.,26.,19.5));
#16729=CARTESIAN_POINT('',(78.,26.,47.));
#16730=CARTESIAN_POINT('',(80.,26.,47.));
#16731=CARTESIAN_POINT('',(78.,26.,5.));
#16732=CARTESIAN_POINT('',(78.,26.,19.5));
#16733=CARTESIAN_POINT('',(80.,26.,5.));
#16734=CARTESIAN_POINT('Origin',(80.,-26.,47.));
#16735=CARTESIAN_POINT('',(80.,-26.,5.));
#16736=CARTESIAN_POINT('',(80.,-26.,47.));
#16737=CARTESIAN_POINT('',(80.,-26.,45.5));
#16738=CARTESIAN_POINT('',(78.,-26.,5.));
#16739=CARTESIAN_POINT('',(80.,-26.,5.));
#16740=CARTESIAN_POINT('',(78.,-26.,47.));
#16741=CARTESIAN_POINT('',(78.,-26.,45.5));
#16742=CARTESIAN_POINT('',(80.,-26.,47.));
#16743=CARTESIAN_POINT('Origin',(80.,26.,47.));
#16744=CARTESIAN_POINT('',(80.,13.,47.));
#16745=CARTESIAN_POINT('',(78.,13.,47.));
#16746=CARTESIAN_POINT('Origin',(78.,0.,44.));
#16747=CARTESIAN_POINT('',(78.,-90.,5.));
#16748=CARTESIAN_POINT('',(78.,90.,5.));
#16749=CARTESIAN_POINT('',(78.,-90.,83.));
#16750=CARTESIAN_POINT('',(78.,-90.,5.));
#16751=CARTESIAN_POINT('',(78.,40.,83.));
#16752=CARTESIAN_POINT('',(78.,-90.,83.));
#16753=CARTESIAN_POINT('',(78.,40.,5.));
#16754=CARTESIAN_POINT('',(78.,40.,74.5));
#16755=CARTESIAN_POINT('',(78.,90.,5.));
#16756=CARTESIAN_POINT('Origin',(80.,90.,5.));
#16757=CARTESIAN_POINT('',(80.,-90.,5.));
#16758=CARTESIAN_POINT('',(80.,90.,5.));
#16759=CARTESIAN_POINT('',(80.,-90.,5.));
#16760=CARTESIAN_POINT('Origin',(80.,90.,5.));
#16761=CARTESIAN_POINT('',(80.,40.,5.));
#16762=CARTESIAN_POINT('',(80.,40.,5.));
#16763=CARTESIAN_POINT('',(80.,90.,5.));
#16764=CARTESIAN_POINT('Origin',(80.,40.,105.));
#16765=CARTESIAN_POINT('',(80.,40.,83.));
#16766=CARTESIAN_POINT('',(80.,40.,83.));
#16767=CARTESIAN_POINT('',(80.,40.,74.5));
#16768=CARTESIAN_POINT('Origin',(80.,-90.,83.));
#16769=CARTESIAN_POINT('',(80.,-90.,83.));
#16770=CARTESIAN_POINT('',(80.,-90.,83.));
#16771=CARTESIAN_POINT('',(80.,-90.,83.));
#16772=CARTESIAN_POINT('Origin',(80.,-90.,5.));
#16773=CARTESIAN_POINT('',(80.,-90.,5.));
#16774=CARTESIAN_POINT('Origin',(80.,0.,44.));
#16775=CARTESIAN_POINT('',(0.,0.,0.));
#16776=CARTESIAN_POINT('Origin',(32.,-78.,81.));
#16777=CARTESIAN_POINT('',(52.,-78.,85.));
#16778=CARTESIAN_POINT('',(32.,-78.,85.));
#16779=CARTESIAN_POINT('',(16.,-78.,85.));
#16780=CARTESIAN_POINT('',(52.,-78.,83.));
#16781=CARTESIAN_POINT('',(52.,-78.,81.));
#16782=CARTESIAN_POINT('',(32.,-78.,83.));
#16783=CARTESIAN_POINT('',(16.,-78.,83.));
#16784=CARTESIAN_POINT('',(32.,-78.,81.));
#16785=CARTESIAN_POINT('Origin',(32.,-62.,81.));
#16786=CARTESIAN_POINT('',(32.,-62.,85.));
#16787=CARTESIAN_POINT('',(32.,-31.,85.));
#16788=CARTESIAN_POINT('',(32.,-62.,83.));
#16789=CARTESIAN_POINT('',(32.,-31.,83.));
#16790=CARTESIAN_POINT('',(32.,-62.,81.));
#16791=CARTESIAN_POINT('Origin',(52.,-62.,81.));
#16792=CARTESIAN_POINT('',(52.,-62.,85.));
#16793=CARTESIAN_POINT('',(26.,-62.,85.));
#16794=CARTESIAN_POINT('',(52.,-62.,83.));
#16795=CARTESIAN_POINT('',(26.,-62.,83.));
#16796=CARTESIAN_POINT('',(52.,-62.,81.));
#16797=CARTESIAN_POINT('Origin',(52.,-78.,81.));
#16798=CARTESIAN_POINT('',(52.,-39.,85.));
#16799=CARTESIAN_POINT('',(52.,-39.,83.));
#16800=CARTESIAN_POINT('Origin',(0.,24.75,81.));
#16801=CARTESIAN_POINT('',(-1.7,24.75,83.));
#16802=CARTESIAN_POINT('Origin',(0.,24.75,83.));
#16803=CARTESIAN_POINT('',(-1.7,24.75,85.));
#16804=CARTESIAN_POINT('',(-1.7,24.75,81.));
#16805=CARTESIAN_POINT('Origin',(0.,24.75,85.));
#16806=CARTESIAN_POINT('Origin',(-75.,35.,81.));
#16807=CARTESIAN_POINT('',(-76.7,35.,83.));
#16808=CARTESIAN_POINT('Origin',(-75.,35.,83.));
#16809=CARTESIAN_POINT('',(-76.7,35.,85.));
#16810=CARTESIAN_POINT('',(-76.7,35.,81.));
#16811=CARTESIAN_POINT('Origin',(-75.,35.,85.));
#16812=CARTESIAN_POINT('Origin',(75.,-85.,81.));
#16813=CARTESIAN_POINT('',(73.3,-85.,83.));
#16814=CARTESIAN_POINT('Origin',(75.,-85.,83.));
#16815=CARTESIAN_POINT('',(73.3,-85.,85.));
#16816=CARTESIAN_POINT('',(73.3,-85.,81.));
#16817=CARTESIAN_POINT('Origin',(75.,-85.,85.));
#16818=CARTESIAN_POINT('Origin',(-75.,-85.,81.));
#16819=CARTESIAN_POINT('',(-76.7,-85.,83.));
#16820=CARTESIAN_POINT('Origin',(-75.,-85.,83.));
#16821=CARTESIAN_POINT('',(-76.7,-85.,85.));
#16822=CARTESIAN_POINT('',(-76.7,-85.,81.));
#16823=CARTESIAN_POINT('Origin',(-75.,-85.,85.));
#16824=CARTESIAN_POINT('Origin',(75.,35.,81.));
#16825=CARTESIAN_POINT('',(73.3,35.,83.));
#16826=CARTESIAN_POINT('Origin',(75.,35.,83.));
#16827=CARTESIAN_POINT('',(73.3,35.,85.));
#16828=CARTESIAN_POINT('',(73.3,35.,81.));
#16829=CARTESIAN_POINT('Origin',(75.,35.,85.));
#16830=CARTESIAN_POINT('Origin',(0.,-24.75,81.));
#16831=CARTESIAN_POINT('',(-1.7,-24.75,83.));
#16832=CARTESIAN_POINT('Origin',(0.,-24.75,83.));
#16833=CARTESIAN_POINT('',(-1.7,-24.75,85.));
#16834=CARTESIAN_POINT('',(-1.7,-24.75,81.));
#16835=CARTESIAN_POINT('Origin',(0.,-24.75,85.));
#16836=CARTESIAN_POINT('Origin',(-80.,-90.,83.));
#16837=CARTESIAN_POINT('',(-80.,-90.,83.));
#16838=CARTESIAN_POINT('',(80.,-90.,83.));
#16839=CARTESIAN_POINT('',(-80.,-90.,83.));
#16840=CARTESIAN_POINT('',(80.,-90.,85.));
#16841=CARTESIAN_POINT('',(80.,-90.,83.));
#16842=CARTESIAN_POINT('',(-80.,-90.,85.));
#16843=CARTESIAN_POINT('',(-80.,-90.,85.));
#16844=CARTESIAN_POINT('',(-80.,-90.,83.));
#16845=CARTESIAN_POINT('Origin',(-80.,90.,83.));
#16846=CARTESIAN_POINT('',(-80.,90.,83.));
#16847=CARTESIAN_POINT('',(-80.,90.,83.));
#16848=CARTESIAN_POINT('',(-80.,90.,85.));
#16849=CARTESIAN_POINT('',(-80.,90.,85.));
#16850=CARTESIAN_POINT('',(-80.,90.,83.));
#16851=CARTESIAN_POINT('Origin',(80.,90.,83.));
#16852=CARTESIAN_POINT('',(80.,90.,83.));
#16853=CARTESIAN_POINT('',(80.,90.,83.));
#16854=CARTESIAN_POINT('',(80.,90.,85.));
#16855=CARTESIAN_POINT('',(80.,90.,85.));
#16856=CARTESIAN_POINT('',(80.,90.,83.));
#16857=CARTESIAN_POINT('Origin',(80.,-90.,83.));
#16858=CARTESIAN_POINT('',(80.,-90.,83.));
#16859=CARTESIAN_POINT('',(80.,-90.,85.));
#16860=CARTESIAN_POINT('Origin',(0.,0.,85.));
#16861=CARTESIAN_POINT('Origin',(0.,0.,83.));
#16862=CARTESIAN_POINT('',(0.,0.,0.));
#16863=CARTESIAN_POINT('Origin',(-73.,80.,15.));
#16864=CARTESIAN_POINT('',(-74.0852910550217,80.6201961995127,15.));
#16865=CARTESIAN_POINT('',(-71.9147089449783,80.6201961995127,15.));
#16866=CARTESIAN_POINT('',(-54.,80.6201961995127,15.));
#16867=CARTESIAN_POINT('Origin',(-73.,80.,15.));
#16868=CARTESIAN_POINT('Origin',(-73.,80.,5.));
#16869=CARTESIAN_POINT('Origin',(-73.,80.,15.9675060712398));
#16870=CARTESIAN_POINT('Origin',(-35.,85.427888507205,7.5));
#16871=CARTESIAN_POINT('',(-35.,85.427888507205,7.5));
#16872=CARTESIAN_POINT('',(-35.,42.5,7.5));
#16873=CARTESIAN_POINT('',(-35.,75.2139442536025,7.5));
#16874=CARTESIAN_POINT('',(-77.5,85.427888507205,7.5));
#16875=CARTESIAN_POINT('',(-35.,85.427888507205,7.5));
#16876=CARTESIAN_POINT('',(-77.5,42.5,7.5));
#16877=CARTESIAN_POINT('',(-77.5,42.5,7.5));
#16878=CARTESIAN_POINT('',(-35.,42.5,7.5));
#16879=CARTESIAN_POINT('',(-74.7,80.,7.5));
#16880=CARTESIAN_POINT('Origin',(-73.,80.,7.5));
#16881=CARTESIAN_POINT('',(-51.7,50.,7.5));
#16882=CARTESIAN_POINT('Origin',(-50.,50.,7.5));
#16883=CARTESIAN_POINT('Origin',(-35.,42.5,74.4675060712398));
#16884=CARTESIAN_POINT('',(-35.,42.5,74.4675060712398));
#16885=CARTESIAN_POINT('',(-35.,52.6976510762952,58.5591703922194));
#16886=CARTESIAN_POINT('',(-77.5,42.5,74.4675060712398));
#16887=CARTESIAN_POINT('',(-35.,42.5,74.4675060712398));
#16888=CARTESIAN_POINT('',(-77.5,85.427888507205,7.5));
#16889=CARTESIAN_POINT('Origin',(-35.,42.5,7.5));
#16890=CARTESIAN_POINT('',(-35.,42.5,25.75));
#16891=CARTESIAN_POINT('',(-77.5,42.5,74.4675060712398));
#16892=CARTESIAN_POINT('Origin',(-77.5,63.9639442536025,40.9837530356199));
#16893=CARTESIAN_POINT('Origin',(-73.,80.,0.));
#16894=CARTESIAN_POINT('',(-74.7,80.,5.));
#16895=CARTESIAN_POINT('Origin',(-73.,80.,5.));
#16896=CARTESIAN_POINT('',(-74.7,80.,0.));
#16897=CARTESIAN_POINT('Origin',(-50.,50.,0.));
#16898=CARTESIAN_POINT('',(-51.7,50.,5.));
#16899=CARTESIAN_POINT('Origin',(-50.,50.,5.));
#16900=CARTESIAN_POINT('',(-51.7,50.,0.));
#16901=CARTESIAN_POINT('Origin',(-80.,90.,5.));
#16902=CARTESIAN_POINT('',(-80.,40.,83.));
#16903=CARTESIAN_POINT('',(-80.,90.,5.));
#16904=CARTESIAN_POINT('',(-80.,40.,83.));
#16905=CARTESIAN_POINT('',(-35.,40.,83.));
#16906=CARTESIAN_POINT('',(-80.,40.,83.));
#16907=CARTESIAN_POINT('',(-35.,90.,5.));
#16908=CARTESIAN_POINT('',(-35.,40.,83.));
#16909=CARTESIAN_POINT('',(-80.,90.,5.));
#16910=CARTESIAN_POINT('Origin',(-80.,40.,5.));
#16911=CARTESIAN_POINT('',(-80.,40.,5.));
#16912=CARTESIAN_POINT('',(-80.,90.,5.));
#16913=CARTESIAN_POINT('',(-35.,40.,5.));
#16914=CARTESIAN_POINT('',(-35.,90.,5.));
#16915=CARTESIAN_POINT('',(-80.,40.,5.));
#16916=CARTESIAN_POINT('Origin',(-80.,40.,83.));
#16917=CARTESIAN_POINT('',(-80.,40.,5.));
#16918=CARTESIAN_POINT('',(-35.,40.,5.));
#16919=CARTESIAN_POINT('Origin',(-35.,65.,44.));
#16920=CARTESIAN_POINT('Origin',(-80.,65.,44.));
#16921=CARTESIAN_POINT('',(0.,0.,0.));
#16922=CARTESIAN_POINT('Origin',(73.,80.,15.));
#16923=CARTESIAN_POINT('',(71.9147089449783,80.6201961995127,15.));
#16924=CARTESIAN_POINT('',(74.0852910550217,80.6201961995127,15.));
#16925=CARTESIAN_POINT('',(54.,80.6201961995127,15.));
#16926=CARTESIAN_POINT('Origin',(73.,80.,15.));
#16927=CARTESIAN_POINT('Origin',(73.,80.,5.));
#16928=CARTESIAN_POINT('Origin',(73.,80.,15.9675060712398));
#16929=CARTESIAN_POINT('Origin',(35.,85.427888507205,7.5));
#16930=CARTESIAN_POINT('',(35.,85.427888507205,7.5));
#16931=CARTESIAN_POINT('',(35.,42.5,74.4675060712398));
#16932=CARTESIAN_POINT('',(35.,74.1615953298977,25.0754173565995));
#16933=CARTESIAN_POINT('',(77.5,85.427888507205,7.5));
#16934=CARTESIAN_POINT('',(35.,85.427888507205,7.5));
#16935=CARTESIAN_POINT('',(77.5,42.5,74.4675060712398));
#16936=CARTESIAN_POINT('',(77.5,85.427888507205,7.5));
#16937=CARTESIAN_POINT('',(35.,42.5,74.4675060712398));
#16938=CARTESIAN_POINT('Origin',(35.,42.5,7.5));
#16939=CARTESIAN_POINT('',(35.,42.5,7.5));
#16940=CARTESIAN_POINT('',(35.,53.75,7.5));
#16941=CARTESIAN_POINT('',(77.5,42.5,7.5));
#16942=CARTESIAN_POINT('',(35.,42.5,7.5));
#16943=CARTESIAN_POINT('',(77.5,42.5,7.5));
#16944=CARTESIAN_POINT('',(48.3,50.,7.5));
#16945=CARTESIAN_POINT('Origin',(50.,50.,7.5));
#16946=CARTESIAN_POINT('',(71.3,80.,7.5));
#16947=CARTESIAN_POINT('Origin',(73.,80.,7.5));
#16948=CARTESIAN_POINT('Origin',(35.,42.5,74.4675060712398));
#16949=CARTESIAN_POINT('',(35.,42.5,59.2337530356199));
#16950=CARTESIAN_POINT('',(77.5,42.5,74.4675060712398));
#16951=CARTESIAN_POINT('Origin',(77.5,63.9639442536025,40.9837530356199));
#16952=CARTESIAN_POINT('Origin',(73.,80.,0.));
#16953=CARTESIAN_POINT('',(71.3,80.,5.));
#16954=CARTESIAN_POINT('Origin',(73.,80.,5.));
#16955=CARTESIAN_POINT('',(71.3,80.,0.));
#16956=CARTESIAN_POINT('Origin',(50.,50.,0.));
#16957=CARTESIAN_POINT('',(48.3,50.,5.));
#16958=CARTESIAN_POINT('Origin',(50.,50.,5.));
#16959=CARTESIAN_POINT('',(48.3,50.,0.));
#16960=CARTESIAN_POINT('Origin',(80.,90.,5.));
#16961=CARTESIAN_POINT('',(80.,90.,5.));
#16962=CARTESIAN_POINT('',(80.,40.,5.));
#16963=CARTESIAN_POINT('',(80.,90.,5.));
#16964=CARTESIAN_POINT('',(35.,40.,5.));
#16965=CARTESIAN_POINT('',(80.,40.,5.));
#16966=CARTESIAN_POINT('',(35.,90.,5.));
#16967=CARTESIAN_POINT('',(35.,90.,5.));
#16968=CARTESIAN_POINT('',(80.,90.,5.));
#16969=CARTESIAN_POINT('Origin',(80.,40.,83.));
#16970=CARTESIAN_POINT('',(80.,40.,83.));
#16971=CARTESIAN_POINT('',(80.,40.,83.));
#16972=CARTESIAN_POINT('',(35.,40.,83.));
#16973=CARTESIAN_POINT('',(35.,40.,83.));
#16974=CARTESIAN_POINT('',(80.,40.,83.));
#16975=CARTESIAN_POINT('Origin',(80.,40.,5.));
#16976=CARTESIAN_POINT('',(80.,40.,5.));
#16977=CARTESIAN_POINT('',(35.,40.,5.));
#16978=CARTESIAN_POINT('Origin',(80.,65.,44.));
#16979=CARTESIAN_POINT('Origin',(35.,65.,44.));
#16980=CARTESIAN_POINT('',(0.,0.,0.));
#16981=CARTESIAN_POINT('Origin',(0.,35.,44.));
#16982=CARTESIAN_POINT('',(-77.7271780286589,36.25,44.));
#16983=CARTESIAN_POINT('',(-78.,35.,45.25));
#16984=CARTESIAN_POINT('Ctrl Pts',(-77.7271780286589,36.25,44.));
#16985=CARTESIAN_POINT('Ctrl Pts',(-77.7271780286589,36.25,44.159180142775));
#16986=CARTESIAN_POINT('Ctrl Pts',(-77.7425911552851,36.2177886377558,44.3274083088824));
#16987=CARTESIAN_POINT('Ctrl Pts',(-77.7959642377917,36.0896784059584,44.6346706079299));
#16988=CARTESIAN_POINT('Ctrl Pts',(-77.8329297249278,35.9938577153043,44.773909237662));
#16989=CARTESIAN_POINT('Ctrl Pts',(-77.9007017731149,35.7740421302726,44.9937248226937));
#16990=CARTESIAN_POINT('Ctrl Pts',(-77.9362124722172,35.6347539743335,45.0896458410237));
#16991=CARTESIAN_POINT('Ctrl Pts',(-77.9861570524429,35.3272955115955,45.2178334734283));
#16992=CARTESIAN_POINT('Ctrl Pts',(-78.,35.1589877898662,45.25));
#16993=CARTESIAN_POINT('Ctrl Pts',(-78.,35.,45.25));
#16994=CARTESIAN_POINT('',(-78.,35.,42.75));
#16995=CARTESIAN_POINT('Ctrl Pts',(-78.,35.,42.75));
#16996=CARTESIAN_POINT('Ctrl Pts',(-78.,35.1589877898662,42.75));
#16997=CARTESIAN_POINT('Ctrl Pts',(-77.9861570524429,35.3272955115954,42.7821665265717));
#16998=CARTESIAN_POINT('Ctrl Pts',(-77.9362124722172,35.6347539743335,42.9103541589763));
#16999=CARTESIAN_POINT('Ctrl Pts',(-77.9007017731149,35.7740421302726,43.0062751773063));
#17000=CARTESIAN_POINT('Ctrl Pts',(-77.8329297249278,35.9938577153043,43.226090762338));
#17001=CARTESIAN_POINT('Ctrl Pts',(-77.7959642377917,36.0896784059584,43.3653293920701));
#17002=CARTESIAN_POINT('Ctrl Pts',(-77.7425911552851,36.2177886377558,43.6725916911176));
#17003=CARTESIAN_POINT('Ctrl Pts',(-77.7271780286589,36.25,43.840819857225));
#17004=CARTESIAN_POINT('Ctrl Pts',(-77.7271780286589,36.25,44.));
#17005=CARTESIAN_POINT('Ctrl Pts',(-78.,35.,45.25));
#17006=CARTESIAN_POINT('Ctrl Pts',(-78.,34.8410122101338,45.25));
#17007=CARTESIAN_POINT('Ctrl Pts',(-77.9861570524429,34.6727044884046,45.2178334734283));
#17008=CARTESIAN_POINT('Ctrl Pts',(-77.9362124722172,34.3652460256665,45.0896458410237));
#17009=CARTESIAN_POINT('Ctrl Pts',(-77.9007017731149,34.2259578697274,44.9937248226937));
#17010=CARTESIAN_POINT('Ctrl Pts',(-77.8329297249278,34.0061422846957,44.773909237662));
#17011=CARTESIAN_POINT('Ctrl Pts',(-77.7959642377917,33.9103215940416,44.6346706079299));
#17012=CARTESIAN_POINT('Ctrl Pts',(-77.7425911552851,33.7822113622442,44.3274083088824));
#17013=CARTESIAN_POINT('Ctrl Pts',(-77.7271780286589,33.75,44.159180142775));
#17014=CARTESIAN_POINT('Ctrl Pts',(-77.7271780286589,33.75,43.8408198572251));
#17015=CARTESIAN_POINT('Ctrl Pts',(-77.7425911552851,33.7822113622442,43.6725916911176));
#17016=CARTESIAN_POINT('Ctrl Pts',(-77.7959642377917,33.9103215940416,43.3653293920702));
#17017=CARTESIAN_POINT('Ctrl Pts',(-77.8329297249278,34.0061422846957,43.226090762338));
#17018=CARTESIAN_POINT('Ctrl Pts',(-77.9007017731149,34.2259578697274,43.0062751773063));
#17019=CARTESIAN_POINT('Ctrl Pts',(-77.9362124722172,34.3652460256665,42.9103541589763));
#17020=CARTESIAN_POINT('Ctrl Pts',(-77.9861570524429,34.6727044884045,42.7821665265717));
#17021=CARTESIAN_POINT('Ctrl Pts',(-78.,34.8410122101338,42.75));
#17022=CARTESIAN_POINT('Ctrl Pts',(-78.,35.,42.75));
#17023=CARTESIAN_POINT('',(-72.,35.,45.25));
#17024=CARTESIAN_POINT('',(0.,35.,45.25));
#17025=CARTESIAN_POINT('',(-72.2728219713411,36.25,44.));
#17026=CARTESIAN_POINT('Ctrl Pts',(-72.2728219713411,36.25,44.));
#17027=CARTESIAN_POINT('Ctrl Pts',(-72.2728219713411,36.25,43.840819857225));
#17028=CARTESIAN_POINT('Ctrl Pts',(-72.2574088447149,36.2177886377558,43.6725916911176));
#17029=CARTESIAN_POINT('Ctrl Pts',(-72.2040357622083,36.0896784059584,43.3653293920701));
#17030=CARTESIAN_POINT('Ctrl Pts',(-72.1670702750722,35.9938577153043,43.226090762338));
#17031=CARTESIAN_POINT('Ctrl Pts',(-72.0992982268851,35.7740421302726,43.0062751773063));
#17032=CARTESIAN_POINT('Ctrl Pts',(-72.0637875277828,35.6347539743335,42.9103541589763));
#17033=CARTESIAN_POINT('Ctrl Pts',(-72.0138429475571,35.3272955115955,42.7821665265717));
#17034=CARTESIAN_POINT('Ctrl Pts',(-72.,35.1589877898662,42.75));
#17035=CARTESIAN_POINT('Ctrl Pts',(-72.,34.8410122101338,42.75));
#17036=CARTESIAN_POINT('Ctrl Pts',(-72.0138429475571,34.6727044884045,42.7821665265717));
#17037=CARTESIAN_POINT('Ctrl Pts',(-72.0637875277828,34.3652460256665,42.9103541589763));
#17038=CARTESIAN_POINT('Ctrl Pts',(-72.0992982268851,34.2259578697274,43.0062751773063));
#17039=CARTESIAN_POINT('Ctrl Pts',(-72.1670702750722,34.0061422846957,43.226090762338));
#17040=CARTESIAN_POINT('Ctrl Pts',(-72.2040357622083,33.9103215940416,43.3653293920702));
#17041=CARTESIAN_POINT('Ctrl Pts',(-72.2574088447149,33.7822113622442,43.6725916911176));
#17042=CARTESIAN_POINT('Ctrl Pts',(-72.2728219713411,33.75,43.8408198572251));
#17043=CARTESIAN_POINT('Ctrl Pts',(-72.2728219713411,33.75,44.159180142775));
#17044=CARTESIAN_POINT('Ctrl Pts',(-72.2574088447149,33.7822113622442,44.3274083088824));
#17045=CARTESIAN_POINT('Ctrl Pts',(-72.2040357622083,33.9103215940416,44.6346706079299));
#17046=CARTESIAN_POINT('Ctrl Pts',(-72.1670702750722,34.0061422846957,44.773909237662));
#17047=CARTESIAN_POINT('Ctrl Pts',(-72.0992982268851,34.2259578697274,44.9937248226937));
#17048=CARTESIAN_POINT('Ctrl Pts',(-72.0637875277828,34.3652460256665,45.0896458410237));
#17049=CARTESIAN_POINT('Ctrl Pts',(-72.013842947557,34.6727044884045,45.2178334734283));
#17050=CARTESIAN_POINT('Ctrl Pts',(-72.,34.8410122101338,45.25));
#17051=CARTESIAN_POINT('Ctrl Pts',(-72.,35.,45.25));
#17052=CARTESIAN_POINT('Ctrl Pts',(-72.,35.,45.25));
#17053=CARTESIAN_POINT('Ctrl Pts',(-72.,35.1589877898662,45.25));
#17054=CARTESIAN_POINT('Ctrl Pts',(-72.0138429475571,35.3272955115954,45.2178334734283));
#17055=CARTESIAN_POINT('Ctrl Pts',(-72.0637875277828,35.6347539743335,45.0896458410237));
#17056=CARTESIAN_POINT('Ctrl Pts',(-72.0992982268851,35.7740421302726,44.9937248226937));
#17057=CARTESIAN_POINT('Ctrl Pts',(-72.1670702750722,35.9938577153043,44.773909237662));
#17058=CARTESIAN_POINT('Ctrl Pts',(-72.2040357622083,36.0896784059584,44.6346706079299));
#17059=CARTESIAN_POINT('Ctrl Pts',(-72.2574088447149,36.2177886377558,44.3274083088824));
#17060=CARTESIAN_POINT('Ctrl Pts',(-72.2728219713411,36.25,44.159180142775));
#17061=CARTESIAN_POINT('Ctrl Pts',(-72.2728219713411,36.25,44.));
#17062=CARTESIAN_POINT('Origin',(-75.,35.,83.));
#17063=CARTESIAN_POINT('',(-76.25,35.,83.));
#17064=CARTESIAN_POINT('Origin',(-75.,35.,83.));
#17065=CARTESIAN_POINT('',(-76.25,35.,73.));
#17066=CARTESIAN_POINT('',(-76.25,35.,83.));
#17067=CARTESIAN_POINT('Origin',(-75.,35.,73.));
#17068=CARTESIAN_POINT('Origin',(-75.,35.,73.));
#17069=CARTESIAN_POINT('Origin',(-75.,35.,5.));
#17070=CARTESIAN_POINT('',(-76.25,35.,5.));
#17071=CARTESIAN_POINT('Origin',(-75.,35.,5.));
#17072=CARTESIAN_POINT('',(-76.25,35.,15.));
#17073=CARTESIAN_POINT('',(-76.25,35.,5.));
#17074=CARTESIAN_POINT('Origin',(-75.,35.,15.));
#17075=CARTESIAN_POINT('Origin',(-75.,35.,15.));
#17076=CARTESIAN_POINT('Origin',(-75.,35.,5.));
#17077=CARTESIAN_POINT('',(-78.,35.,83.));
#17078=CARTESIAN_POINT('Origin',(-75.,35.,83.));
#17079=CARTESIAN_POINT('',(-78.,35.,5.));
#17080=CARTESIAN_POINT('',(-78.,35.,5.));
#17081=CARTESIAN_POINT('',(-78.,35.,5.));
#17082=CARTESIAN_POINT('Origin',(-75.,35.,5.));
#17083=CARTESIAN_POINT('Origin',(-75.,35.,83.));
#17084=CARTESIAN_POINT('Origin',(-75.,35.,5.));
#17085=CARTESIAN_POINT('Origin',(75.,0.,55.));
#17086=CARTESIAN_POINT('',(73.75,-87.7271780286589,55.));
#17087=CARTESIAN_POINT('Ctrl Pts',(73.75,-87.7271780286589,55.));
#17088=CARTESIAN_POINT('Ctrl Pts',(73.75,-87.7271780286589,55.1591801427749));
#17089=CARTESIAN_POINT('Ctrl Pts',(73.7822113622442,-87.7425911552851,55.3274083088824));
#17090=CARTESIAN_POINT('Ctrl Pts',(73.9103215940416,-87.7959642377917,55.6346706079298));
#17091=CARTESIAN_POINT('Ctrl Pts',(74.0061422846957,-87.8329297249278,55.773909237662));
#17092=CARTESIAN_POINT('Ctrl Pts',(74.2259578697274,-87.9007017731149,55.9937248226937));
#17093=CARTESIAN_POINT('Ctrl Pts',(74.3652460256665,-87.9362124722172,56.0896458410237));
#17094=CARTESIAN_POINT('Ctrl Pts',(74.6727044884045,-87.986157052443,56.2178334734283));
#17095=CARTESIAN_POINT('Ctrl Pts',(74.8410122101338,-88.,56.25));
#17096=CARTESIAN_POINT('Ctrl Pts',(75.1589877898662,-88.,56.25));
#17097=CARTESIAN_POINT('Ctrl Pts',(75.3272955115955,-87.986157052443,56.2178334734283));
#17098=CARTESIAN_POINT('Ctrl Pts',(75.6347539743335,-87.9362124722172,56.0896458410237));
#17099=CARTESIAN_POINT('Ctrl Pts',(75.7740421302726,-87.9007017731149,55.9937248226937));
#17100=CARTESIAN_POINT('Ctrl Pts',(75.9938577153043,-87.8329297249278,55.773909237662));
#17101=CARTESIAN_POINT('Ctrl Pts',(76.0896784059584,-87.7959642377917,55.6346706079298));
#17102=CARTESIAN_POINT('Ctrl Pts',(76.2177886377558,-87.7425911552851,55.3274083088824));
#17103=CARTESIAN_POINT('Ctrl Pts',(76.25,-87.7271780286589,55.1591801427749));
#17104=CARTESIAN_POINT('Ctrl Pts',(76.25,-87.7271780286589,54.840819857225));
#17105=CARTESIAN_POINT('Ctrl Pts',(76.2177886377558,-87.7425911552851,54.6725916911176));
#17106=CARTESIAN_POINT('Ctrl Pts',(76.0896784059584,-87.7959642377917,54.3653293920701));
#17107=CARTESIAN_POINT('Ctrl Pts',(75.9938577153043,-87.8329297249278,54.2260907623379));
#17108=CARTESIAN_POINT('Ctrl Pts',(75.7740421302726,-87.9007017731149,54.0062751773063));
#17109=CARTESIAN_POINT('Ctrl Pts',(75.6347539743335,-87.9362124722172,53.9103541589763));
#17110=CARTESIAN_POINT('Ctrl Pts',(75.3272955115954,-87.9861570524429,53.7821665265717));
#17111=CARTESIAN_POINT('Ctrl Pts',(75.1589877898662,-88.,53.75));
#17112=CARTESIAN_POINT('Ctrl Pts',(74.8410122101338,-88.,53.75));
#17113=CARTESIAN_POINT('Ctrl Pts',(74.6727044884045,-87.9861570524429,53.7821665265717));
#17114=CARTESIAN_POINT('Ctrl Pts',(74.3652460256665,-87.9362124722172,53.9103541589763));
#17115=CARTESIAN_POINT('Ctrl Pts',(74.2259578697274,-87.9007017731149,54.0062751773063));
#17116=CARTESIAN_POINT('Ctrl Pts',(74.0061422846957,-87.8329297249278,54.2260907623379));
#17117=CARTESIAN_POINT('Ctrl Pts',(73.9103215940416,-87.7959642377917,54.3653293920701));
#17118=CARTESIAN_POINT('Ctrl Pts',(73.7822113622442,-87.7425911552851,54.6725916911176));
#17119=CARTESIAN_POINT('Ctrl Pts',(73.75,-87.7271780286589,54.840819857225));
#17120=CARTESIAN_POINT('Ctrl Pts',(73.75,-87.7271780286589,55.));
#17121=CARTESIAN_POINT('',(73.75,-82.2728219713411,55.));
#17122=CARTESIAN_POINT('',(73.75,0.,55.));
#17123=CARTESIAN_POINT('Ctrl Pts',(73.75,-82.2728219713411,55.));
#17124=CARTESIAN_POINT('Ctrl Pts',(73.75,-82.2728219713411,54.840819857225));
#17125=CARTESIAN_POINT('Ctrl Pts',(73.7822113622442,-82.2574088447149,54.6725916911176));
#17126=CARTESIAN_POINT('Ctrl Pts',(73.9103215940416,-82.2040357622083,54.3653293920701));
#17127=CARTESIAN_POINT('Ctrl Pts',(74.0061422846957,-82.1670702750722,54.2260907623379));
#17128=CARTESIAN_POINT('Ctrl Pts',(74.2259578697274,-82.0992982268851,54.0062751773063));
#17129=CARTESIAN_POINT('Ctrl Pts',(74.3652460256665,-82.0637875277828,53.9103541589763));
#17130=CARTESIAN_POINT('Ctrl Pts',(74.6727044884045,-82.0138429475571,53.7821665265717));
#17131=CARTESIAN_POINT('Ctrl Pts',(74.8410122101338,-82.,53.75));
#17132=CARTESIAN_POINT('Ctrl Pts',(75.1589877898662,-82.,53.75));
#17133=CARTESIAN_POINT('Ctrl Pts',(75.3272955115955,-82.0138429475571,53.7821665265717));
#17134=CARTESIAN_POINT('Ctrl Pts',(75.6347539743335,-82.0637875277828,53.9103541589763));
#17135=CARTESIAN_POINT('Ctrl Pts',(75.7740421302726,-82.0992982268851,54.0062751773063));
#17136=CARTESIAN_POINT('Ctrl Pts',(75.9938577153043,-82.1670702750722,54.2260907623379));
#17137=CARTESIAN_POINT('Ctrl Pts',(76.0896784059584,-82.2040357622083,54.3653293920701));
#17138=CARTESIAN_POINT('Ctrl Pts',(76.2177886377558,-82.2574088447149,54.6725916911176));
#17139=CARTESIAN_POINT('Ctrl Pts',(76.25,-82.2728219713411,54.840819857225));
#17140=CARTESIAN_POINT('Ctrl Pts',(76.25,-82.2728219713411,55.1591801427749));
#17141=CARTESIAN_POINT('Ctrl Pts',(76.2177886377558,-82.2574088447149,55.3274083088824));
#17142=CARTESIAN_POINT('Ctrl Pts',(76.0896784059584,-82.2040357622083,55.6346706079299));
#17143=CARTESIAN_POINT('Ctrl Pts',(75.9938577153043,-82.1670702750722,55.773909237662));
#17144=CARTESIAN_POINT('Ctrl Pts',(75.7740421302726,-82.0992982268851,55.9937248226937));
#17145=CARTESIAN_POINT('Ctrl Pts',(75.6347539743335,-82.0637875277828,56.0896458410237));
#17146=CARTESIAN_POINT('Ctrl Pts',(75.3272955115954,-82.0138429475571,56.2178334734283));
#17147=CARTESIAN_POINT('Ctrl Pts',(75.1589877898662,-82.,56.25));
#17148=CARTESIAN_POINT('Ctrl Pts',(74.8410122101338,-82.,56.25));
#17149=CARTESIAN_POINT('Ctrl Pts',(74.6727044884045,-82.013842947557,56.2178334734283));
#17150=CARTESIAN_POINT('Ctrl Pts',(74.3652460256665,-82.0637875277828,56.0896458410237));
#17151=CARTESIAN_POINT('Ctrl Pts',(74.2259578697274,-82.0992982268851,55.9937248226937));
#17152=CARTESIAN_POINT('Ctrl Pts',(74.0061422846957,-82.1670702750722,55.773909237662));
#17153=CARTESIAN_POINT('Ctrl Pts',(73.9103215940416,-82.2040357622083,55.6346706079298));
#17154=CARTESIAN_POINT('Ctrl Pts',(73.7822113622442,-82.2574088447149,55.3274083088824));
#17155=CARTESIAN_POINT('Ctrl Pts',(73.75,-82.2728219713411,55.1591801427749));
#17156=CARTESIAN_POINT('Ctrl Pts',(73.75,-82.2728219713411,55.));
#17157=CARTESIAN_POINT('Origin',(75.,0.,20.));
#17158=CARTESIAN_POINT('',(73.75,-87.7271780286589,20.));
#17159=CARTESIAN_POINT('Ctrl Pts',(73.75,-87.7271780286589,20.));
#17160=CARTESIAN_POINT('Ctrl Pts',(73.75,-87.7271780286589,20.159180142775));
#17161=CARTESIAN_POINT('Ctrl Pts',(73.7822113622442,-87.7425911552851,20.3274083088824));
#17162=CARTESIAN_POINT('Ctrl Pts',(73.9103215940416,-87.7959642377917,20.6346706079299));
#17163=CARTESIAN_POINT('Ctrl Pts',(74.0061422846957,-87.8329297249278,20.773909237662));
#17164=CARTESIAN_POINT('Ctrl Pts',(74.2259578697274,-87.9007017731149,20.9937248226937));
#17165=CARTESIAN_POINT('Ctrl Pts',(74.3652460256665,-87.9362124722172,21.0896458410237));
#17166=CARTESIAN_POINT('Ctrl Pts',(74.6727044884046,-87.9861570524429,21.2178334734283));
#17167=CARTESIAN_POINT('Ctrl Pts',(74.8410122101338,-88.,21.25));
#17168=CARTESIAN_POINT('Ctrl Pts',(75.1589877898662,-88.,21.25));
#17169=CARTESIAN_POINT('Ctrl Pts',(75.3272955115955,-87.9861570524429,21.2178334734283));
#17170=CARTESIAN_POINT('Ctrl Pts',(75.6347539743335,-87.9362124722172,21.0896458410237));
#17171=CARTESIAN_POINT('Ctrl Pts',(75.7740421302726,-87.9007017731149,20.9937248226937));
#17172=CARTESIAN_POINT('Ctrl Pts',(75.9938577153043,-87.8329297249278,20.773909237662));
#17173=CARTESIAN_POINT('Ctrl Pts',(76.0896784059584,-87.7959642377917,20.6346706079299));
#17174=CARTESIAN_POINT('Ctrl Pts',(76.2177886377558,-87.7425911552851,20.3274083088824));
#17175=CARTESIAN_POINT('Ctrl Pts',(76.25,-87.7271780286589,20.159180142775));
#17176=CARTESIAN_POINT('Ctrl Pts',(76.25,-87.7271780286589,19.840819857225));
#17177=CARTESIAN_POINT('Ctrl Pts',(76.2177886377558,-87.7425911552851,19.6725916911176));
#17178=CARTESIAN_POINT('Ctrl Pts',(76.0896784059584,-87.7959642377917,19.3653293920701));
#17179=CARTESIAN_POINT('Ctrl Pts',(75.9938577153043,-87.8329297249278,19.226090762338));
#17180=CARTESIAN_POINT('Ctrl Pts',(75.7740421302726,-87.9007017731149,19.0062751773063));
#17181=CARTESIAN_POINT('Ctrl Pts',(75.6347539743335,-87.9362124722172,18.9103541589763));
#17182=CARTESIAN_POINT('Ctrl Pts',(75.3272955115955,-87.9861570524429,18.7821665265717));
#17183=CARTESIAN_POINT('Ctrl Pts',(75.1589877898662,-88.,18.75));
#17184=CARTESIAN_POINT('Ctrl Pts',(74.8410122101338,-88.,18.75));
#17185=CARTESIAN_POINT('Ctrl Pts',(74.6727044884045,-87.9861570524429,18.7821665265717));
#17186=CARTESIAN_POINT('Ctrl Pts',(74.3652460256665,-87.9362124722172,18.9103541589763));
#17187=CARTESIAN_POINT('Ctrl Pts',(74.2259578697274,-87.9007017731149,19.0062751773063));
#17188=CARTESIAN_POINT('Ctrl Pts',(74.0061422846957,-87.8329297249278,19.226090762338));
#17189=CARTESIAN_POINT('Ctrl Pts',(73.9103215940416,-87.7959642377917,19.3653293920701));
#17190=CARTESIAN_POINT('Ctrl Pts',(73.7822113622442,-87.7425911552851,19.6725916911176));
#17191=CARTESIAN_POINT('Ctrl Pts',(73.75,-87.7271780286589,19.840819857225));
#17192=CARTESIAN_POINT('Ctrl Pts',(73.75,-87.7271780286589,20.));
#17193=CARTESIAN_POINT('',(73.75,-82.2728219713411,20.));
#17194=CARTESIAN_POINT('',(73.75,0.,20.));
#17195=CARTESIAN_POINT('Ctrl Pts',(73.75,-82.2728219713411,20.));
#17196=CARTESIAN_POINT('Ctrl Pts',(73.75,-82.2728219713411,19.840819857225));
#17197=CARTESIAN_POINT('Ctrl Pts',(73.7822113622442,-82.2574088447149,19.6725916911176));
#17198=CARTESIAN_POINT('Ctrl Pts',(73.9103215940416,-82.2040357622083,19.3653293920701));
#17199=CARTESIAN_POINT('Ctrl Pts',(74.0061422846957,-82.1670702750722,19.226090762338));
#17200=CARTESIAN_POINT('Ctrl Pts',(74.2259578697274,-82.0992982268851,19.0062751773063));
#17201=CARTESIAN_POINT('Ctrl Pts',(74.3652460256665,-82.0637875277828,18.9103541589763));
#17202=CARTESIAN_POINT('Ctrl Pts',(74.6727044884046,-82.0138429475571,18.7821665265717));
#17203=CARTESIAN_POINT('Ctrl Pts',(74.8410122101338,-82.,18.75));
#17204=CARTESIAN_POINT('Ctrl Pts',(75.1589877898662,-82.,18.75));
#17205=CARTESIAN_POINT('Ctrl Pts',(75.3272955115955,-82.0138429475571,18.7821665265717));
#17206=CARTESIAN_POINT('Ctrl Pts',(75.6347539743335,-82.0637875277828,18.9103541589763));
#17207=CARTESIAN_POINT('Ctrl Pts',(75.7740421302726,-82.0992982268851,19.0062751773063));
#17208=CARTESIAN_POINT('Ctrl Pts',(75.9938577153043,-82.1670702750722,19.226090762338));
#17209=CARTESIAN_POINT('Ctrl Pts',(76.0896784059584,-82.2040357622083,19.3653293920701));
#17210=CARTESIAN_POINT('Ctrl Pts',(76.2177886377558,-82.2574088447149,19.6725916911176));
#17211=CARTESIAN_POINT('Ctrl Pts',(76.25,-82.2728219713411,19.840819857225));
#17212=CARTESIAN_POINT('Ctrl Pts',(76.25,-82.2728219713411,20.159180142775));
#17213=CARTESIAN_POINT('Ctrl Pts',(76.2177886377558,-82.2574088447149,20.3274083088824));
#17214=CARTESIAN_POINT('Ctrl Pts',(76.0896784059584,-82.2040357622083,20.6346706079299));
#17215=CARTESIAN_POINT('Ctrl Pts',(75.9938577153043,-82.1670702750722,20.773909237662));
#17216=CARTESIAN_POINT('Ctrl Pts',(75.7740421302726,-82.0992982268851,20.9937248226937));
#17217=CARTESIAN_POINT('Ctrl Pts',(75.6347539743335,-82.0637875277828,21.0896458410237));
#17218=CARTESIAN_POINT('Ctrl Pts',(75.3272955115955,-82.0138429475571,21.2178334734283));
#17219=CARTESIAN_POINT('Ctrl Pts',(75.1589877898662,-82.,21.25));
#17220=CARTESIAN_POINT('Ctrl Pts',(74.8410122101338,-82.,21.25));
#17221=CARTESIAN_POINT('Ctrl Pts',(74.6727044884045,-82.0138429475571,21.2178334734283));
#17222=CARTESIAN_POINT('Ctrl Pts',(74.3652460256665,-82.0637875277828,21.0896458410237));
#17223=CARTESIAN_POINT('Ctrl Pts',(74.2259578697274,-82.0992982268851,20.9937248226937));
#17224=CARTESIAN_POINT('Ctrl Pts',(74.0061422846957,-82.1670702750722,20.773909237662));
#17225=CARTESIAN_POINT('Ctrl Pts',(73.9103215940416,-82.2040357622083,20.6346706079299));
#17226=CARTESIAN_POINT('Ctrl Pts',(73.7822113622442,-82.2574088447149,20.3274083088824));
#17227=CARTESIAN_POINT('Ctrl Pts',(73.75,-82.2728219713411,20.159180142775));
#17228=CARTESIAN_POINT('Ctrl Pts',(73.75,-82.2728219713411,20.));
#17229=CARTESIAN_POINT('Origin',(0.,-85.,44.));
#17230=CARTESIAN_POINT('',(72.2728219713411,-83.75,44.));
#17231=CARTESIAN_POINT('',(72.,-85.,45.25));
#17232=CARTESIAN_POINT('Ctrl Pts',(72.2728219713411,-83.75,44.));
#17233=CARTESIAN_POINT('Ctrl Pts',(72.2728219713411,-83.75,44.159180142775));
#17234=CARTESIAN_POINT('Ctrl Pts',(72.2574088447149,-83.7822113622442,44.3274083088824));
#17235=CARTESIAN_POINT('Ctrl Pts',(72.2040357622083,-83.9103215940416,44.6346706079299));
#17236=CARTESIAN_POINT('Ctrl Pts',(72.1670702750722,-84.0061422846957,44.773909237662));
#17237=CARTESIAN_POINT('Ctrl Pts',(72.0992982268851,-84.2259578697274,44.9937248226937));
#17238=CARTESIAN_POINT('Ctrl Pts',(72.0637875277828,-84.3652460256665,45.0896458410237));
#17239=CARTESIAN_POINT('Ctrl Pts',(72.0138429475571,-84.6727044884045,45.2178334734283));
#17240=CARTESIAN_POINT('Ctrl Pts',(72.,-84.8410122101338,45.25));
#17241=CARTESIAN_POINT('Ctrl Pts',(72.,-85.,45.25));
#17242=CARTESIAN_POINT('',(72.,-85.,42.75));
#17243=CARTESIAN_POINT('Ctrl Pts',(72.,-85.,42.75));
#17244=CARTESIAN_POINT('Ctrl Pts',(72.,-84.8410122101338,42.75));
#17245=CARTESIAN_POINT('Ctrl Pts',(72.0138429475571,-84.6727044884045,42.7821665265717));
#17246=CARTESIAN_POINT('Ctrl Pts',(72.0637875277828,-84.3652460256665,42.9103541589763));
#17247=CARTESIAN_POINT('Ctrl Pts',(72.0992982268851,-84.2259578697274,43.0062751773063));
#17248=CARTESIAN_POINT('Ctrl Pts',(72.1670702750722,-84.0061422846957,43.226090762338));
#17249=CARTESIAN_POINT('Ctrl Pts',(72.2040357622083,-83.9103215940416,43.3653293920701));
#17250=CARTESIAN_POINT('Ctrl Pts',(72.2574088447149,-83.7822113622442,43.6725916911176));
#17251=CARTESIAN_POINT('Ctrl Pts',(72.2728219713411,-83.75,43.8408198572251));
#17252=CARTESIAN_POINT('Ctrl Pts',(72.2728219713411,-83.75,44.));
#17253=CARTESIAN_POINT('Ctrl Pts',(72.,-85.,45.25));
#17254=CARTESIAN_POINT('Ctrl Pts',(72.,-85.1589877898662,45.25));
#17255=CARTESIAN_POINT('Ctrl Pts',(72.0138429475571,-85.3272955115955,45.2178334734283));
#17256=CARTESIAN_POINT('Ctrl Pts',(72.0637875277828,-85.6347539743335,45.0896458410237));
#17257=CARTESIAN_POINT('Ctrl Pts',(72.0992982268851,-85.7740421302726,44.9937248226937));
#17258=CARTESIAN_POINT('Ctrl Pts',(72.1670702750722,-85.9938577153043,44.773909237662));
#17259=CARTESIAN_POINT('Ctrl Pts',(72.2040357622083,-86.0896784059584,44.6346706079299));
#17260=CARTESIAN_POINT('Ctrl Pts',(72.2574088447149,-86.2177886377558,44.3274083088824));
#17261=CARTESIAN_POINT('Ctrl Pts',(72.2728219713411,-86.25,44.159180142775));
#17262=CARTESIAN_POINT('Ctrl Pts',(72.2728219713411,-86.25,43.8408198572251));
#17263=CARTESIAN_POINT('Ctrl Pts',(72.2574088447149,-86.2177886377558,43.6725916911176));
#17264=CARTESIAN_POINT('Ctrl Pts',(72.2040357622083,-86.0896784059584,43.3653293920701));
#17265=CARTESIAN_POINT('Ctrl Pts',(72.1670702750722,-85.9938577153043,43.226090762338));
#17266=CARTESIAN_POINT('Ctrl Pts',(72.0992982268851,-85.7740421302726,43.0062751773063));
#17267=CARTESIAN_POINT('Ctrl Pts',(72.0637875277828,-85.6347539743335,42.9103541589763));
#17268=CARTESIAN_POINT('Ctrl Pts',(72.0138429475571,-85.3272955115955,42.7821665265717));
#17269=CARTESIAN_POINT('Ctrl Pts',(72.,-85.1589877898662,42.75));
#17270=CARTESIAN_POINT('Ctrl Pts',(72.,-85.,42.75));
#17271=CARTESIAN_POINT('',(78.,-85.,45.25));
#17272=CARTESIAN_POINT('',(0.,-85.,45.25));
#17273=CARTESIAN_POINT('',(77.7271780286589,-83.75,44.));
#17274=CARTESIAN_POINT('Ctrl Pts',(77.7271780286589,-83.75,44.));
#17275=CARTESIAN_POINT('Ctrl Pts',(77.7271780286589,-83.75,43.8408198572251));
#17276=CARTESIAN_POINT('Ctrl Pts',(77.7425911552851,-83.7822113622442,43.6725916911176));
#17277=CARTESIAN_POINT('Ctrl Pts',(77.7959642377917,-83.9103215940416,43.3653293920701));
#17278=CARTESIAN_POINT('Ctrl Pts',(77.8329297249278,-84.0061422846957,43.226090762338));
#17279=CARTESIAN_POINT('Ctrl Pts',(77.9007017731149,-84.2259578697274,43.0062751773063));
#17280=CARTESIAN_POINT('Ctrl Pts',(77.9362124722172,-84.3652460256665,42.9103541589763));
#17281=CARTESIAN_POINT('Ctrl Pts',(77.9861570524429,-84.6727044884045,42.7821665265717));
#17282=CARTESIAN_POINT('Ctrl Pts',(78.,-84.8410122101338,42.75));
#17283=CARTESIAN_POINT('Ctrl Pts',(78.,-85.1589877898662,42.75));
#17284=CARTESIAN_POINT('Ctrl Pts',(77.9861570524429,-85.3272955115955,42.7821665265717));
#17285=CARTESIAN_POINT('Ctrl Pts',(77.9362124722172,-85.6347539743335,42.9103541589763));
#17286=CARTESIAN_POINT('Ctrl Pts',(77.9007017731149,-85.7740421302726,43.0062751773063));
#17287=CARTESIAN_POINT('Ctrl Pts',(77.8329297249278,-85.9938577153043,43.226090762338));
#17288=CARTESIAN_POINT('Ctrl Pts',(77.7959642377917,-86.0896784059584,43.3653293920701));
#17289=CARTESIAN_POINT('Ctrl Pts',(77.7425911552851,-86.2177886377558,43.6725916911176));
#17290=CARTESIAN_POINT('Ctrl Pts',(77.7271780286589,-86.25,43.8408198572251));
#17291=CARTESIAN_POINT('Ctrl Pts',(77.7271780286589,-86.25,44.159180142775));
#17292=CARTESIAN_POINT('Ctrl Pts',(77.7425911552851,-86.2177886377558,44.3274083088824));
#17293=CARTESIAN_POINT('Ctrl Pts',(77.7959642377917,-86.0896784059584,44.6346706079299));
#17294=CARTESIAN_POINT('Ctrl Pts',(77.8329297249278,-85.9938577153043,44.773909237662));
#17295=CARTESIAN_POINT('Ctrl Pts',(77.9007017731149,-85.7740421302726,44.9937248226937));
#17296=CARTESIAN_POINT('Ctrl Pts',(77.9362124722172,-85.6347539743335,45.0896458410237));
#17297=CARTESIAN_POINT('Ctrl Pts',(77.9861570524429,-85.3272955115955,45.2178334734283));
#17298=CARTESIAN_POINT('Ctrl Pts',(78.,-85.1589877898662,45.25));
#17299=CARTESIAN_POINT('Ctrl Pts',(78.,-85.,45.25));
#17300=CARTESIAN_POINT('Ctrl Pts',(78.,-85.,45.25));
#17301=CARTESIAN_POINT('Ctrl Pts',(78.,-84.8410122101338,45.25));
#17302=CARTESIAN_POINT('Ctrl Pts',(77.9861570524429,-84.6727044884045,45.2178334734283));
#17303=CARTESIAN_POINT('Ctrl Pts',(77.9362124722172,-84.3652460256665,45.0896458410237));
#17304=CARTESIAN_POINT('Ctrl Pts',(77.9007017731149,-84.2259578697274,44.9937248226937));
#17305=CARTESIAN_POINT('Ctrl Pts',(77.8329297249278,-84.0061422846957,44.773909237662));
#17306=CARTESIAN_POINT('Ctrl Pts',(77.7959642377917,-83.9103215940416,44.6346706079299));
#17307=CARTESIAN_POINT('Ctrl Pts',(77.7425911552851,-83.7822113622442,44.3274083088824));
#17308=CARTESIAN_POINT('Ctrl Pts',(77.7271780286589,-83.75,44.159180142775));
#17309=CARTESIAN_POINT('Ctrl Pts',(77.7271780286589,-83.75,44.));
#17310=CARTESIAN_POINT('Origin',(75.,-85.,83.));
#17311=CARTESIAN_POINT('',(73.75,-85.,83.));
#17312=CARTESIAN_POINT('Origin',(75.,-85.,83.));
#17313=CARTESIAN_POINT('',(73.75,-85.,73.));
#17314=CARTESIAN_POINT('',(73.75,-85.,83.));
#17315=CARTESIAN_POINT('Origin',(75.,-85.,73.));
#17316=CARTESIAN_POINT('Origin',(75.,-85.,73.));
#17317=CARTESIAN_POINT('Origin',(75.,-85.,5.));
#17318=CARTESIAN_POINT('',(73.75,-85.,5.));
#17319=CARTESIAN_POINT('Origin',(75.,-85.,5.));
#17320=CARTESIAN_POINT('',(73.75,-85.,15.));
#17321=CARTESIAN_POINT('',(73.75,-85.,5.));
#17322=CARTESIAN_POINT('Origin',(75.,-85.,15.));
#17323=CARTESIAN_POINT('Origin',(75.,-85.,15.));
#17324=CARTESIAN_POINT('Origin',(75.,-85.,5.));
#17325=CARTESIAN_POINT('',(72.,-85.,83.));
#17326=CARTESIAN_POINT('Origin',(75.,-85.,83.));
#17327=CARTESIAN_POINT('',(72.,-85.,5.));
#17328=CARTESIAN_POINT('',(72.,-85.,5.));
#17329=CARTESIAN_POINT('',(72.,-85.,5.));
#17330=CARTESIAN_POINT('Origin',(75.,-85.,5.));
#17331=CARTESIAN_POINT('Origin',(75.,-85.,83.));
#17332=CARTESIAN_POINT('Origin',(75.,-85.,5.));
#17333=CARTESIAN_POINT('Origin',(0.,-85.,44.));
#17334=CARTESIAN_POINT('',(-77.7271780286589,-83.75,44.));
#17335=CARTESIAN_POINT('',(-78.,-85.,45.25));
#17336=CARTESIAN_POINT('Ctrl Pts',(-77.7271780286589,-83.75,44.));
#17337=CARTESIAN_POINT('Ctrl Pts',(-77.7271780286589,-83.75,44.159180142775));
#17338=CARTESIAN_POINT('Ctrl Pts',(-77.7425911552851,-83.7822113622442,
44.3274083088824));
#17339=CARTESIAN_POINT('Ctrl Pts',(-77.7959642377917,-83.9103215940416,
44.6346706079299));
#17340=CARTESIAN_POINT('Ctrl Pts',(-77.8329297249278,-84.0061422846957,
44.773909237662));
#17341=CARTESIAN_POINT('Ctrl Pts',(-77.9007017731149,-84.2259578697274,
44.9937248226937));
#17342=CARTESIAN_POINT('Ctrl Pts',(-77.9362124722172,-84.3652460256665,
45.0896458410237));
#17343=CARTESIAN_POINT('Ctrl Pts',(-77.9861570524429,-84.6727044884045,
45.2178334734283));
#17344=CARTESIAN_POINT('Ctrl Pts',(-78.,-84.8410122101338,45.25));
#17345=CARTESIAN_POINT('Ctrl Pts',(-78.,-85.,45.25));
#17346=CARTESIAN_POINT('',(-78.,-85.,42.75));
#17347=CARTESIAN_POINT('Ctrl Pts',(-78.,-85.,42.75));
#17348=CARTESIAN_POINT('Ctrl Pts',(-78.,-84.8410122101338,42.75));
#17349=CARTESIAN_POINT('Ctrl Pts',(-77.9861570524429,-84.6727044884045,
42.7821665265717));
#17350=CARTESIAN_POINT('Ctrl Pts',(-77.9362124722172,-84.3652460256665,
42.9103541589763));
#17351=CARTESIAN_POINT('Ctrl Pts',(-77.9007017731149,-84.2259578697274,
43.0062751773063));
#17352=CARTESIAN_POINT('Ctrl Pts',(-77.8329297249278,-84.0061422846957,
43.226090762338));
#17353=CARTESIAN_POINT('Ctrl Pts',(-77.7959642377917,-83.9103215940416,
43.3653293920701));
#17354=CARTESIAN_POINT('Ctrl Pts',(-77.7425911552851,-83.7822113622442,
43.6725916911176));
#17355=CARTESIAN_POINT('Ctrl Pts',(-77.7271780286589,-83.75,43.8408198572251));
#17356=CARTESIAN_POINT('Ctrl Pts',(-77.7271780286589,-83.75,44.));
#17357=CARTESIAN_POINT('Ctrl Pts',(-78.,-85.,45.25));
#17358=CARTESIAN_POINT('Ctrl Pts',(-78.,-85.1589877898662,45.25));
#17359=CARTESIAN_POINT('Ctrl Pts',(-77.9861570524429,-85.3272955115955,
45.2178334734283));
#17360=CARTESIAN_POINT('Ctrl Pts',(-77.9362124722172,-85.6347539743335,
45.0896458410237));
#17361=CARTESIAN_POINT('Ctrl Pts',(-77.9007017731149,-85.7740421302726,
44.9937248226937));
#17362=CARTESIAN_POINT('Ctrl Pts',(-77.8329297249278,-85.9938577153043,
44.773909237662));
#17363=CARTESIAN_POINT('Ctrl Pts',(-77.7959642377917,-86.0896784059584,
44.6346706079299));
#17364=CARTESIAN_POINT('Ctrl Pts',(-77.7425911552851,-86.2177886377558,
44.3274083088824));
#17365=CARTESIAN_POINT('Ctrl Pts',(-77.7271780286589,-86.25,44.159180142775));
#17366=CARTESIAN_POINT('Ctrl Pts',(-77.7271780286589,-86.25,43.8408198572251));
#17367=CARTESIAN_POINT('Ctrl Pts',(-77.7425911552851,-86.2177886377558,
43.6725916911176));
#17368=CARTESIAN_POINT('Ctrl Pts',(-77.7959642377917,-86.0896784059584,
43.3653293920701));
#17369=CARTESIAN_POINT('Ctrl Pts',(-77.8329297249278,-85.9938577153043,
43.226090762338));
#17370=CARTESIAN_POINT('Ctrl Pts',(-77.9007017731149,-85.7740421302726,
43.0062751773063));
#17371=CARTESIAN_POINT('Ctrl Pts',(-77.9362124722172,-85.6347539743335,
42.9103541589763));
#17372=CARTESIAN_POINT('Ctrl Pts',(-77.9861570524429,-85.3272955115955,
42.7821665265717));
#17373=CARTESIAN_POINT('Ctrl Pts',(-78.,-85.1589877898662,42.75));
#17374=CARTESIAN_POINT('Ctrl Pts',(-78.,-85.,42.75));
#17375=CARTESIAN_POINT('',(-72.,-85.,45.25));
#17376=CARTESIAN_POINT('',(0.,-85.,45.25));
#17377=CARTESIAN_POINT('',(-72.2728219713411,-83.75,44.));
#17378=CARTESIAN_POINT('Ctrl Pts',(-72.2728219713411,-83.75,44.));
#17379=CARTESIAN_POINT('Ctrl Pts',(-72.2728219713411,-83.75,43.8408198572251));
#17380=CARTESIAN_POINT('Ctrl Pts',(-72.2574088447149,-83.7822113622442,
43.6725916911176));
#17381=CARTESIAN_POINT('Ctrl Pts',(-72.2040357622083,-83.9103215940416,
43.3653293920701));
#17382=CARTESIAN_POINT('Ctrl Pts',(-72.1670702750722,-84.0061422846957,
43.226090762338));
#17383=CARTESIAN_POINT('Ctrl Pts',(-72.0992982268851,-84.2259578697274,
43.0062751773063));
#17384=CARTESIAN_POINT('Ctrl Pts',(-72.0637875277828,-84.3652460256665,
42.9103541589763));
#17385=CARTESIAN_POINT('Ctrl Pts',(-72.0138429475571,-84.6727044884045,
42.7821665265717));
#17386=CARTESIAN_POINT('Ctrl Pts',(-72.,-84.8410122101338,42.75));
#17387=CARTESIAN_POINT('Ctrl Pts',(-72.,-85.1589877898662,42.75));
#17388=CARTESIAN_POINT('Ctrl Pts',(-72.0138429475571,-85.3272955115955,
42.7821665265717));
#17389=CARTESIAN_POINT('Ctrl Pts',(-72.0637875277828,-85.6347539743335,
42.9103541589763));
#17390=CARTESIAN_POINT('Ctrl Pts',(-72.0992982268851,-85.7740421302726,
43.0062751773063));
#17391=CARTESIAN_POINT('Ctrl Pts',(-72.1670702750722,-85.9938577153043,
43.226090762338));
#17392=CARTESIAN_POINT('Ctrl Pts',(-72.2040357622083,-86.0896784059584,
43.3653293920701));
#17393=CARTESIAN_POINT('Ctrl Pts',(-72.2574088447149,-86.2177886377558,
43.6725916911176));
#17394=CARTESIAN_POINT('Ctrl Pts',(-72.2728219713411,-86.25,43.8408198572251));
#17395=CARTESIAN_POINT('Ctrl Pts',(-72.2728219713411,-86.25,44.159180142775));
#17396=CARTESIAN_POINT('Ctrl Pts',(-72.2574088447149,-86.2177886377558,
44.3274083088824));
#17397=CARTESIAN_POINT('Ctrl Pts',(-72.2040357622083,-86.0896784059584,
44.6346706079299));
#17398=CARTESIAN_POINT('Ctrl Pts',(-72.1670702750722,-85.9938577153043,
44.773909237662));
#17399=CARTESIAN_POINT('Ctrl Pts',(-72.0992982268851,-85.7740421302726,
44.9937248226937));
#17400=CARTESIAN_POINT('Ctrl Pts',(-72.0637875277828,-85.6347539743335,
45.0896458410237));
#17401=CARTESIAN_POINT('Ctrl Pts',(-72.0138429475571,-85.3272955115955,
45.2178334734283));
#17402=CARTESIAN_POINT('Ctrl Pts',(-72.,-85.1589877898662,45.25));
#17403=CARTESIAN_POINT('Ctrl Pts',(-72.,-85.,45.25));
#17404=CARTESIAN_POINT('Ctrl Pts',(-72.,-85.,45.25));
#17405=CARTESIAN_POINT('Ctrl Pts',(-72.,-84.8410122101338,45.25));
#17406=CARTESIAN_POINT('Ctrl Pts',(-72.0138429475571,-84.6727044884045,
45.2178334734283));
#17407=CARTESIAN_POINT('Ctrl Pts',(-72.0637875277828,-84.3652460256665,
45.0896458410237));
#17408=CARTESIAN_POINT('Ctrl Pts',(-72.0992982268851,-84.2259578697274,
44.9937248226937));
#17409=CARTESIAN_POINT('Ctrl Pts',(-72.1670702750722,-84.0061422846957,
44.773909237662));
#17410=CARTESIAN_POINT('Ctrl Pts',(-72.2040357622083,-83.9103215940416,
44.6346706079299));
#17411=CARTESIAN_POINT('Ctrl Pts',(-72.2574088447149,-83.7822113622442,
44.3274083088824));
#17412=CARTESIAN_POINT('Ctrl Pts',(-72.2728219713411,-83.75,44.159180142775));
#17413=CARTESIAN_POINT('Ctrl Pts',(-72.2728219713411,-83.75,44.));
#17414=CARTESIAN_POINT('Origin',(-75.,-85.,83.));
#17415=CARTESIAN_POINT('',(-76.25,-85.,83.));
#17416=CARTESIAN_POINT('Origin',(-75.,-85.,83.));
#17417=CARTESIAN_POINT('',(-76.25,-85.,73.));
#17418=CARTESIAN_POINT('',(-76.25,-85.,83.));
#17419=CARTESIAN_POINT('Origin',(-75.,-85.,73.));
#17420=CARTESIAN_POINT('Origin',(-75.,-85.,73.));
#17421=CARTESIAN_POINT('Origin',(-75.,-85.,5.));
#17422=CARTESIAN_POINT('',(-76.25,-85.,5.));
#17423=CARTESIAN_POINT('Origin',(-75.,-85.,5.));
#17424=CARTESIAN_POINT('',(-76.25,-85.,15.));
#17425=CARTESIAN_POINT('',(-76.25,-85.,5.));
#17426=CARTESIAN_POINT('Origin',(-75.,-85.,15.));
#17427=CARTESIAN_POINT('Origin',(-75.,-85.,15.));
#17428=CARTESIAN_POINT('Origin',(-75.,-85.,5.));
#17429=CARTESIAN_POINT('',(-78.,-85.,83.));
#17430=CARTESIAN_POINT('Origin',(-75.,-85.,83.));
#17431=CARTESIAN_POINT('',(-78.,-85.,5.));
#17432=CARTESIAN_POINT('',(-78.,-85.,5.));
#17433=CARTESIAN_POINT('',(-78.,-85.,5.));
#17434=CARTESIAN_POINT('Origin',(-75.,-85.,5.));
#17435=CARTESIAN_POINT('Origin',(-75.,-85.,83.));
#17436=CARTESIAN_POINT('Origin',(-75.,-85.,5.));
#17437=CARTESIAN_POINT('Origin',(0.,35.,44.));
#17438=CARTESIAN_POINT('',(72.2728219713411,36.25,44.));
#17439=CARTESIAN_POINT('',(72.,35.,45.25));
#17440=CARTESIAN_POINT('Ctrl Pts',(72.2728219713411,36.25,44.));
#17441=CARTESIAN_POINT('Ctrl Pts',(72.2728219713411,36.25,44.159180142775));
#17442=CARTESIAN_POINT('Ctrl Pts',(72.2574088447149,36.2177886377558,44.3274083088824));
#17443=CARTESIAN_POINT('Ctrl Pts',(72.2040357622083,36.0896784059584,44.6346706079299));
#17444=CARTESIAN_POINT('Ctrl Pts',(72.1670702750722,35.9938577153043,44.773909237662));
#17445=CARTESIAN_POINT('Ctrl Pts',(72.0992982268851,35.7740421302726,44.9937248226937));
#17446=CARTESIAN_POINT('Ctrl Pts',(72.0637875277828,35.6347539743335,45.0896458410237));
#17447=CARTESIAN_POINT('Ctrl Pts',(72.0138429475571,35.3272955115955,45.2178334734283));
#17448=CARTESIAN_POINT('Ctrl Pts',(72.,35.1589877898662,45.25));
#17449=CARTESIAN_POINT('Ctrl Pts',(72.,35.,45.25));
#17450=CARTESIAN_POINT('',(72.,35.,42.75));
#17451=CARTESIAN_POINT('Ctrl Pts',(72.,35.,42.75));
#17452=CARTESIAN_POINT('Ctrl Pts',(72.,35.1589877898662,42.75));
#17453=CARTESIAN_POINT('Ctrl Pts',(72.0138429475571,35.3272955115954,42.7821665265717));
#17454=CARTESIAN_POINT('Ctrl Pts',(72.0637875277828,35.6347539743335,42.9103541589763));
#17455=CARTESIAN_POINT('Ctrl Pts',(72.0992982268851,35.7740421302726,43.0062751773063));
#17456=CARTESIAN_POINT('Ctrl Pts',(72.1670702750722,35.9938577153043,43.226090762338));
#17457=CARTESIAN_POINT('Ctrl Pts',(72.2040357622083,36.0896784059584,43.3653293920701));
#17458=CARTESIAN_POINT('Ctrl Pts',(72.2574088447149,36.2177886377558,43.6725916911176));
#17459=CARTESIAN_POINT('Ctrl Pts',(72.2728219713411,36.25,43.840819857225));
#17460=CARTESIAN_POINT('Ctrl Pts',(72.2728219713411,36.25,44.));
#17461=CARTESIAN_POINT('Ctrl Pts',(72.,35.,45.25));
#17462=CARTESIAN_POINT('Ctrl Pts',(72.,34.8410122101338,45.25));
#17463=CARTESIAN_POINT('Ctrl Pts',(72.0138429475571,34.6727044884045,45.2178334734283));
#17464=CARTESIAN_POINT('Ctrl Pts',(72.0637875277828,34.3652460256665,45.0896458410237));
#17465=CARTESIAN_POINT('Ctrl Pts',(72.0992982268851,34.2259578697274,44.9937248226937));
#17466=CARTESIAN_POINT('Ctrl Pts',(72.1670702750722,34.0061422846957,44.773909237662));
#17467=CARTESIAN_POINT('Ctrl Pts',(72.2040357622083,33.9103215940416,44.6346706079299));
#17468=CARTESIAN_POINT('Ctrl Pts',(72.2574088447149,33.7822113622442,44.3274083088824));
#17469=CARTESIAN_POINT('Ctrl Pts',(72.2728219713411,33.75,44.159180142775));
#17470=CARTESIAN_POINT('Ctrl Pts',(72.2728219713411,33.75,43.8408198572251));
#17471=CARTESIAN_POINT('Ctrl Pts',(72.2574088447149,33.7822113622442,43.6725916911176));
#17472=CARTESIAN_POINT('Ctrl Pts',(72.2040357622083,33.9103215940416,43.3653293920702));
#17473=CARTESIAN_POINT('Ctrl Pts',(72.1670702750722,34.0061422846957,43.226090762338));
#17474=CARTESIAN_POINT('Ctrl Pts',(72.0992982268851,34.2259578697274,43.0062751773063));
#17475=CARTESIAN_POINT('Ctrl Pts',(72.0637875277828,34.3652460256665,42.9103541589763));
#17476=CARTESIAN_POINT('Ctrl Pts',(72.0138429475571,34.6727044884045,42.7821665265717));
#17477=CARTESIAN_POINT('Ctrl Pts',(72.,34.8410122101338,42.75));
#17478=CARTESIAN_POINT('Ctrl Pts',(72.,35.,42.75));
#17479=CARTESIAN_POINT('',(78.,35.,45.25));
#17480=CARTESIAN_POINT('',(0.,35.,45.25));
#17481=CARTESIAN_POINT('',(77.7271780286589,36.25,44.));
#17482=CARTESIAN_POINT('Ctrl Pts',(77.7271780286589,36.25,44.));
#17483=CARTESIAN_POINT('Ctrl Pts',(77.7271780286589,36.25,43.840819857225));
#17484=CARTESIAN_POINT('Ctrl Pts',(77.7425911552851,36.2177886377558,43.6725916911176));
#17485=CARTESIAN_POINT('Ctrl Pts',(77.7959642377917,36.0896784059584,43.3653293920701));
#17486=CARTESIAN_POINT('Ctrl Pts',(77.8329297249278,35.9938577153043,43.226090762338));
#17487=CARTESIAN_POINT('Ctrl Pts',(77.9007017731149,35.7740421302726,43.0062751773063));
#17488=CARTESIAN_POINT('Ctrl Pts',(77.9362124722172,35.6347539743335,42.9103541589763));
#17489=CARTESIAN_POINT('Ctrl Pts',(77.9861570524429,35.3272955115955,42.7821665265717));
#17490=CARTESIAN_POINT('Ctrl Pts',(78.,35.1589877898662,42.75));
#17491=CARTESIAN_POINT('Ctrl Pts',(78.,34.8410122101338,42.75));
#17492=CARTESIAN_POINT('Ctrl Pts',(77.9861570524429,34.6727044884046,42.7821665265717));
#17493=CARTESIAN_POINT('Ctrl Pts',(77.9362124722172,34.3652460256665,42.9103541589763));
#17494=CARTESIAN_POINT('Ctrl Pts',(77.9007017731149,34.2259578697274,43.0062751773063));
#17495=CARTESIAN_POINT('Ctrl Pts',(77.8329297249278,34.0061422846957,43.226090762338));
#17496=CARTESIAN_POINT('Ctrl Pts',(77.7959642377917,33.9103215940416,43.3653293920702));
#17497=CARTESIAN_POINT('Ctrl Pts',(77.7425911552851,33.7822113622442,43.6725916911176));
#17498=CARTESIAN_POINT('Ctrl Pts',(77.7271780286589,33.75,43.8408198572251));
#17499=CARTESIAN_POINT('Ctrl Pts',(77.7271780286589,33.75,44.159180142775));
#17500=CARTESIAN_POINT('Ctrl Pts',(77.7425911552851,33.7822113622442,44.3274083088824));
#17501=CARTESIAN_POINT('Ctrl Pts',(77.7959642377917,33.9103215940416,44.6346706079299));
#17502=CARTESIAN_POINT('Ctrl Pts',(77.8329297249278,34.0061422846957,44.773909237662));
#17503=CARTESIAN_POINT('Ctrl Pts',(77.9007017731149,34.2259578697274,44.9937248226937));
#17504=CARTESIAN_POINT('Ctrl Pts',(77.9362124722172,34.3652460256665,45.0896458410237));
#17505=CARTESIAN_POINT('Ctrl Pts',(77.986157052443,34.6727044884045,45.2178334734283));
#17506=CARTESIAN_POINT('Ctrl Pts',(78.,34.8410122101338,45.25));
#17507=CARTESIAN_POINT('Ctrl Pts',(78.,35.,45.25));
#17508=CARTESIAN_POINT('Ctrl Pts',(78.,35.,45.25));
#17509=CARTESIAN_POINT('Ctrl Pts',(78.,35.1589877898662,45.25));
#17510=CARTESIAN_POINT('Ctrl Pts',(77.9861570524429,35.3272955115954,45.2178334734283));
#17511=CARTESIAN_POINT('Ctrl Pts',(77.9362124722172,35.6347539743335,45.0896458410237));
#17512=CARTESIAN_POINT('Ctrl Pts',(77.9007017731149,35.7740421302726,44.9937248226937));
#17513=CARTESIAN_POINT('Ctrl Pts',(77.8329297249278,35.9938577153043,44.773909237662));
#17514=CARTESIAN_POINT('Ctrl Pts',(77.7959642377917,36.0896784059584,44.6346706079299));
#17515=CARTESIAN_POINT('Ctrl Pts',(77.7425911552851,36.2177886377558,44.3274083088824));
#17516=CARTESIAN_POINT('Ctrl Pts',(77.7271780286589,36.25,44.159180142775));
#17517=CARTESIAN_POINT('Ctrl Pts',(77.7271780286589,36.25,44.));
#17518=CARTESIAN_POINT('Origin',(75.,35.,83.));
#17519=CARTESIAN_POINT('',(73.75,35.,83.));
#17520=CARTESIAN_POINT('Origin',(75.,35.,83.));
#17521=CARTESIAN_POINT('',(73.75,35.,73.));
#17522=CARTESIAN_POINT('',(73.75,35.,83.));
#17523=CARTESIAN_POINT('Origin',(75.,35.,73.));
#17524=CARTESIAN_POINT('Origin',(75.,35.,73.));
#17525=CARTESIAN_POINT('Origin',(75.,35.,5.));
#17526=CARTESIAN_POINT('',(73.75,35.,5.));
#17527=CARTESIAN_POINT('Origin',(75.,35.,5.));
#17528=CARTESIAN_POINT('',(73.75,35.,15.));
#17529=CARTESIAN_POINT('',(73.75,35.,5.));
#17530=CARTESIAN_POINT('Origin',(75.,35.,15.));
#17531=CARTESIAN_POINT('Origin',(75.,35.,15.));
#17532=CARTESIAN_POINT('Origin',(75.,35.,5.));
#17533=CARTESIAN_POINT('',(72.,35.,83.));
#17534=CARTESIAN_POINT('Origin',(75.,35.,83.));
#17535=CARTESIAN_POINT('',(72.,35.,5.));
#17536=CARTESIAN_POINT('',(72.,35.,5.));
#17537=CARTESIAN_POINT('',(72.,35.,5.));
#17538=CARTESIAN_POINT('Origin',(75.,35.,5.));
#17539=CARTESIAN_POINT('Origin',(75.,35.,83.));
#17540=CARTESIAN_POINT('Origin',(75.,35.,5.));
#17541=CARTESIAN_POINT('',(0.,0.,0.));
#17542=CARTESIAN_POINT('',(0.,0.,0.));
#17543=CARTESIAN_POINT('',(0.,0.,0.));
#17544=CARTESIAN_POINT('',(0.,0.,0.));
#17545=CARTESIAN_POINT('',(0.,0.,0.));
#17546=CARTESIAN_POINT('',(0.,0.,0.));
#17547=CARTESIAN_POINT('',(0.,0.,0.));
#17548=CARTESIAN_POINT('',(0.,0.,0.));
#17549=CARTESIAN_POINT('',(0.,0.,0.));
#17550=CARTESIAN_POINT('Origin',(-80.,0.,21.));
#17551=CARTESIAN_POINT('',(-61.,-2.57175827820944E-15,42.));
#17552=CARTESIAN_POINT('Origin',(-61.,0.,21.));
#17553=CARTESIAN_POINT('',(-80.,-2.57175827820944E-15,42.));
#17554=CARTESIAN_POINT('',(-80.,-2.57175827820944E-15,42.));
#17555=CARTESIAN_POINT('Origin',(-80.,0.,21.));
#17556=CARTESIAN_POINT('Origin',(-61.,0.,21.));
#17557=CARTESIAN_POINT('Origin',(-80.,0.,21.));
#17558=CARTESIAN_POINT('',(0.,0.,0.));
#17559=CARTESIAN_POINT('Origin',(80.,0.,21.));
#17560=CARTESIAN_POINT('',(61.,-2.57175827820944E-15,42.));
#17561=CARTESIAN_POINT('Origin',(61.,0.,21.));
#17562=CARTESIAN_POINT('',(80.,-2.57175827820944E-15,42.));
#17563=CARTESIAN_POINT('',(80.,2.57175827820944E-15,42.));
#17564=CARTESIAN_POINT('Origin',(80.,0.,21.));
#17565=CARTESIAN_POINT('Origin',(80.,0.,21.));
#17566=CARTESIAN_POINT('Origin',(61.,0.,21.));
#17567=CARTESIAN_POINT('',(0.,0.,0.));
#17568=CARTESIAN_POINT('Origin',(-61.,-8.75,21.));
#17569=CARTESIAN_POINT('',(-61.,-8.75,22.7));
#17570=CARTESIAN_POINT('Origin',(-61.,-8.75,21.));
#17571=CARTESIAN_POINT('',(-37.,-8.75,22.7));
#17572=CARTESIAN_POINT('',(-61.,-8.75,22.7));
#17573=CARTESIAN_POINT('Origin',(-37.,-8.75,21.));
#17574=CARTESIAN_POINT('Origin',(-61.,8.75,21.));
#17575=CARTESIAN_POINT('',(-61.,8.75,22.7));
#17576=CARTESIAN_POINT('Origin',(-61.,8.75,21.));
#17577=CARTESIAN_POINT('',(-37.,8.75,22.7));
#17578=CARTESIAN_POINT('',(-61.,8.75,22.7));
#17579=CARTESIAN_POINT('Origin',(-37.,8.75,21.));
#17580=CARTESIAN_POINT('Origin',(-61.,-11.,30.));
#17581=CARTESIAN_POINT('',(-61.,-11.,30.));
#17582=CARTESIAN_POINT('',(-61.,-11.,12.));
#17583=CARTESIAN_POINT('',(-61.,-11.,30.));
#17584=CARTESIAN_POINT('',(-37.,-11.,12.));
#17585=CARTESIAN_POINT('',(-61.,-11.,12.));
#17586=CARTESIAN_POINT('',(-37.,-11.,30.));
#17587=CARTESIAN_POINT('',(-37.,-11.,30.));
#17588=CARTESIAN_POINT('',(-61.,-11.,30.));
#17589=CARTESIAN_POINT('Origin',(-61.,11.,30.));
#17590=CARTESIAN_POINT('',(-61.,11.,30.));
#17591=CARTESIAN_POINT('',(-61.,11.,30.));
#17592=CARTESIAN_POINT('',(-37.,11.,30.));
#17593=CARTESIAN_POINT('',(-37.,11.,30.));
#17594=CARTESIAN_POINT('',(-61.,11.,30.));
#17595=CARTESIAN_POINT('Origin',(-61.,11.,12.));
#17596=CARTESIAN_POINT('',(-61.,11.,12.));
#17597=CARTESIAN_POINT('',(-61.,11.,12.));
#17598=CARTESIAN_POINT('',(-37.,11.,12.));
#17599=CARTESIAN_POINT('',(-37.,11.,12.));
#17600=CARTESIAN_POINT('',(-61.,11.,12.));
#17601=CARTESIAN_POINT('Origin',(-61.,-11.,12.));
#17602=CARTESIAN_POINT('',(-61.,-11.,12.));
#17603=CARTESIAN_POINT('',(-37.,-11.,12.));
#17604=CARTESIAN_POINT('Origin',(-37.,0.,21.));
#17605=CARTESIAN_POINT('Origin',(-61.,0.,21.));
#17606=CARTESIAN_POINT('',(0.,0.,0.));
#17607=CARTESIAN_POINT('Origin',(-3.7,0.,21.));
#17608=CARTESIAN_POINT('',(-28.7,-1.22464679914735E-15,31.));
#17609=CARTESIAN_POINT('Origin',(-28.7,0.,21.));
#17610=CARTESIAN_POINT('',(-3.7,-1.22464679914735E-15,31.));
#17611=CARTESIAN_POINT('',(-3.7,1.22464679914735E-15,31.));
#17612=CARTESIAN_POINT('Origin',(-3.7,0.,21.));
#17613=CARTESIAN_POINT('Origin',(-3.7,0.,21.));
#17614=CARTESIAN_POINT('Origin',(-28.7,0.,21.));
#17615=CARTESIAN_POINT('',(0.,0.,0.));
#17616=CARTESIAN_POINT('Origin',(61.,-8.75,21.));
#17617=CARTESIAN_POINT('',(37.,-8.75,22.7));
#17618=CARTESIAN_POINT('Origin',(37.,-8.75,21.));
#17619=CARTESIAN_POINT('',(61.,-8.75,22.7));
#17620=CARTESIAN_POINT('',(61.,-8.75,22.7));
#17621=CARTESIAN_POINT('Origin',(61.,-8.75,21.));
#17622=CARTESIAN_POINT('Origin',(61.,8.75,21.));
#17623=CARTESIAN_POINT('',(37.,8.75,22.7));
#17624=CARTESIAN_POINT('Origin',(37.,8.75,21.));
#17625=CARTESIAN_POINT('',(61.,8.75,22.7));
#17626=CARTESIAN_POINT('',(61.,8.75,22.7));
#17627=CARTESIAN_POINT('Origin',(61.,8.75,21.));
#17628=CARTESIAN_POINT('Origin',(61.,11.,30.));
#17629=CARTESIAN_POINT('',(61.,11.,12.));
#17630=CARTESIAN_POINT('',(61.,11.,30.));
#17631=CARTESIAN_POINT('',(61.,11.,12.));
#17632=CARTESIAN_POINT('',(37.,11.,12.));
#17633=CARTESIAN_POINT('',(61.,11.,12.));
#17634=CARTESIAN_POINT('',(37.,11.,30.));
#17635=CARTESIAN_POINT('',(37.,11.,12.));
#17636=CARTESIAN_POINT('',(61.,11.,30.));
#17637=CARTESIAN_POINT('Origin',(61.,-11.,30.));
#17638=CARTESIAN_POINT('',(61.,-11.,30.));
#17639=CARTESIAN_POINT('',(61.,11.,30.));
#17640=CARTESIAN_POINT('',(37.,-11.,30.));
#17641=CARTESIAN_POINT('',(37.,11.,30.));
#17642=CARTESIAN_POINT('',(61.,-11.,30.));
#17643=CARTESIAN_POINT('Origin',(61.,-11.,12.));
#17644=CARTESIAN_POINT('',(61.,-11.,12.));
#17645=CARTESIAN_POINT('',(61.,-11.,30.));
#17646=CARTESIAN_POINT('',(37.,-11.,12.));
#17647=CARTESIAN_POINT('',(37.,-11.,30.));
#17648=CARTESIAN_POINT('',(61.,-11.,12.));
#17649=CARTESIAN_POINT('Origin',(61.,11.,12.));
#17650=CARTESIAN_POINT('',(61.,-11.,12.));
#17651=CARTESIAN_POINT('',(37.,-11.,12.));
#17652=CARTESIAN_POINT('Origin',(61.,0.,21.));
#17653=CARTESIAN_POINT('Origin',(37.,0.,21.));
#17654=CARTESIAN_POINT('',(0.,0.,0.));
#17655=CARTESIAN_POINT('Origin',(3.7,0.,21.));
#17656=CARTESIAN_POINT('',(28.7,-1.22464679914735E-15,31.));
#17657=CARTESIAN_POINT('Origin',(28.7,0.,21.));
#17658=CARTESIAN_POINT('',(3.7,-1.22464679914735E-15,31.));
#17659=CARTESIAN_POINT('',(3.7,-1.22464679914735E-15,31.));
#17660=CARTESIAN_POINT('Origin',(3.7,0.,21.));
#17661=CARTESIAN_POINT('Origin',(28.7,0.,21.));
#17662=CARTESIAN_POINT('Origin',(3.7,0.,21.));
#17663=CARTESIAN_POINT('',(0.,0.,0.));
#17664=CARTESIAN_POINT('Origin',(-36.2,0.,26.));
#17665=CARTESIAN_POINT('',(-36.2,11.5,26.));
#17666=CARTESIAN_POINT('',(-36.2,11.5,15.5));
#17667=CARTESIAN_POINT('',(-36.2,11.5,19.));
#17668=CARTESIAN_POINT('',(-36.2,16.5,26.));
#17669=CARTESIAN_POINT('',(-36.2,0.,26.));
#17670=CARTESIAN_POINT('',(-36.2,16.5,15.5));
#17671=CARTESIAN_POINT('',(-36.2,16.5,15.5));
#17672=CARTESIAN_POINT('',(-36.2,0.,15.5));
#17673=CARTESIAN_POINT('Origin',(-36.2,0.,26.));
#17674=CARTESIAN_POINT('',(-36.2,-11.5,15.5));
#17675=CARTESIAN_POINT('',(-36.2,-11.5,26.));
#17676=CARTESIAN_POINT('',(-36.2,-11.5,19.));
#17677=CARTESIAN_POINT('',(-36.2,-16.5,15.5));
#17678=CARTESIAN_POINT('',(-36.2,0.,15.5));
#17679=CARTESIAN_POINT('',(-36.2,-16.5,26.));
#17680=CARTESIAN_POINT('',(-36.2,-16.5,15.5));
#17681=CARTESIAN_POINT('',(-36.2,0.,26.));
#17682=CARTESIAN_POINT('Origin',(-42.2,0.,26.));
#17683=CARTESIAN_POINT('',(-42.2,11.5,26.));
#17684=CARTESIAN_POINT('',(-35.95,11.5,26.));
#17685=CARTESIAN_POINT('',(-42.2,16.5,26.));
#17686=CARTESIAN_POINT('',(-42.2,0.,26.));
#17687=CARTESIAN_POINT('',(-38.45,16.5,26.));
#17688=CARTESIAN_POINT('Origin',(-42.2,0.,26.));
#17689=CARTESIAN_POINT('',(-42.2,-11.5,26.));
#17690=CARTESIAN_POINT('',(-51.1,-11.5,26.));
#17691=CARTESIAN_POINT('',(-42.2,-16.5,26.));
#17692=CARTESIAN_POINT('',(-48.6,-16.5,26.));
#17693=CARTESIAN_POINT('',(-42.2,0.,26.));
#17694=CARTESIAN_POINT('Origin',(-36.2,0.,15.5));
#17695=CARTESIAN_POINT('',(-42.2,11.5,15.5));
#17696=CARTESIAN_POINT('',(-32.95,11.5,15.5));
#17697=CARTESIAN_POINT('',(-42.2,16.5,15.5));
#17698=CARTESIAN_POINT('',(-35.45,16.5,15.5));
#17699=CARTESIAN_POINT('',(-42.2,0.,15.5));
#17700=CARTESIAN_POINT('Origin',(-42.2,0.,15.5));
#17701=CARTESIAN_POINT('',(-42.2,11.5,13.75));
#17702=CARTESIAN_POINT('',(-42.2,16.5,10.25));
#17703=CARTESIAN_POINT('Origin',(-42.2,0.,15.5));
#17704=CARTESIAN_POINT('',(-42.2,-11.5,15.5));
#17705=CARTESIAN_POINT('',(-42.2,-11.5,13.75));
#17706=CARTESIAN_POINT('',(-42.2,-16.5,15.5));
#17707=CARTESIAN_POINT('',(-42.2,-16.5,10.25));
#17708=CARTESIAN_POINT('',(-42.2,0.,15.5));
#17709=CARTESIAN_POINT('Origin',(-36.2,0.,15.5));
#17710=CARTESIAN_POINT('',(-48.1,-11.5,15.5));
#17711=CARTESIAN_POINT('',(-45.6,-16.5,15.5));
#17712=CARTESIAN_POINT('Origin',(-47.5,0.,26.));
#17713=CARTESIAN_POINT('',(-47.5,11.5,26.));
#17714=CARTESIAN_POINT('',(-47.5,11.5,15.5));
#17715=CARTESIAN_POINT('',(-47.5,11.5,19.));
#17716=CARTESIAN_POINT('',(-47.5,16.5,26.));
#17717=CARTESIAN_POINT('',(-47.5,0.,26.));
#17718=CARTESIAN_POINT('',(-47.5,16.5,15.5));
#17719=CARTESIAN_POINT('',(-47.5,16.5,15.5));
#17720=CARTESIAN_POINT('',(-47.5,0.,15.5));
#17721=CARTESIAN_POINT('Origin',(-47.5,0.,26.));
#17722=CARTESIAN_POINT('',(-47.5,-11.5,15.5));
#17723=CARTESIAN_POINT('',(-47.5,-11.5,26.));
#17724=CARTESIAN_POINT('',(-47.5,-11.5,19.));
#17725=CARTESIAN_POINT('',(-47.5,-16.5,15.5));
#17726=CARTESIAN_POINT('',(-47.5,0.,15.5));
#17727=CARTESIAN_POINT('',(-47.5,-16.5,26.));
#17728=CARTESIAN_POINT('',(-47.5,-16.5,15.5));
#17729=CARTESIAN_POINT('',(-47.5,0.,26.));
#17730=CARTESIAN_POINT('Origin',(-53.5,0.,26.));
#17731=CARTESIAN_POINT('',(-53.5,11.5,26.));
#17732=CARTESIAN_POINT('',(-41.6,11.5,26.));
#17733=CARTESIAN_POINT('',(-53.5,16.5,26.));
#17734=CARTESIAN_POINT('',(-53.5,0.,26.));
#17735=CARTESIAN_POINT('',(-44.1,16.5,26.));
#17736=CARTESIAN_POINT('Origin',(-53.5,0.,26.));
#17737=CARTESIAN_POINT('',(-53.5,-11.5,26.));
#17738=CARTESIAN_POINT('',(-56.75,-11.5,26.));
#17739=CARTESIAN_POINT('',(-53.5,-16.5,26.));
#17740=CARTESIAN_POINT('',(-54.25,-16.5,26.));
#17741=CARTESIAN_POINT('',(-53.5,0.,26.));
#17742=CARTESIAN_POINT('Origin',(-47.5,0.,15.5));
#17743=CARTESIAN_POINT('',(-53.5,11.5,15.5));
#17744=CARTESIAN_POINT('',(-38.6,11.5,15.5));
#17745=CARTESIAN_POINT('',(-53.5,16.5,15.5));
#17746=CARTESIAN_POINT('',(-41.1,16.5,15.5));
#17747=CARTESIAN_POINT('',(-53.5,0.,15.5));
#17748=CARTESIAN_POINT('Origin',(-53.5,0.,15.5));
#17749=CARTESIAN_POINT('',(-53.5,11.5,13.75));
#17750=CARTESIAN_POINT('',(-53.5,16.5,10.25));
#17751=CARTESIAN_POINT('Origin',(-53.5,0.,15.5));
#17752=CARTESIAN_POINT('',(-53.5,-11.5,15.5));
#17753=CARTESIAN_POINT('',(-53.5,-11.5,13.75));
#17754=CARTESIAN_POINT('',(-53.5,-16.5,15.5));
#17755=CARTESIAN_POINT('',(-53.5,-16.5,10.25));
#17756=CARTESIAN_POINT('',(-53.5,0.,15.5));
#17757=CARTESIAN_POINT('Origin',(-47.5,0.,15.5));
#17758=CARTESIAN_POINT('',(-53.75,-11.5,15.5));
#17759=CARTESIAN_POINT('',(-51.25,-16.5,15.5));
#17760=CARTESIAN_POINT('Origin',(-44.85,-14.,28.5));
#17761=CARTESIAN_POINT('',(-46.1,-14.,28.5));
#17762=CARTESIAN_POINT('Origin',(-44.85,-14.,28.5));
#17763=CARTESIAN_POINT('',(-46.1,-14.,20.5));
#17764=CARTESIAN_POINT('',(-46.1,-14.,28.5));
#17765=CARTESIAN_POINT('Origin',(-44.85,-14.,20.5));
#17766=CARTESIAN_POINT('Origin',(-44.85,-14.,20.5));
#17767=CARTESIAN_POINT('Origin',(-44.85,14.,28.5));
#17768=CARTESIAN_POINT('',(-46.1,14.,28.5));
#17769=CARTESIAN_POINT('Origin',(-44.85,14.,28.5));
#17770=CARTESIAN_POINT('',(-46.1,14.,20.5));
#17771=CARTESIAN_POINT('',(-46.1,14.,28.5));
#17772=CARTESIAN_POINT('Origin',(-44.85,14.,20.5));
#17773=CARTESIAN_POINT('Origin',(-44.85,14.,20.5));
#17774=CARTESIAN_POINT('Origin',(-38.7,-14.,5.));
#17775=CARTESIAN_POINT('',(-39.95,-14.,5.));
#17776=CARTESIAN_POINT('Origin',(-38.7,-14.,5.));
#17777=CARTESIAN_POINT('',(-39.95,-14.,10.));
#17778=CARTESIAN_POINT('',(-39.95,-14.,5.));
#17779=CARTESIAN_POINT('Origin',(-38.7,-14.,10.));
#17780=CARTESIAN_POINT('Origin',(-38.7,-14.,10.));
#17781=CARTESIAN_POINT('Origin',(-51.,14.,5.));
#17782=CARTESIAN_POINT('',(-52.25,14.,5.));
#17783=CARTESIAN_POINT('Origin',(-51.,14.,5.));
#17784=CARTESIAN_POINT('',(-52.25,14.,10.));
#17785=CARTESIAN_POINT('',(-52.25,14.,5.));
#17786=CARTESIAN_POINT('Origin',(-51.,14.,10.));
#17787=CARTESIAN_POINT('Origin',(-51.,14.,10.));
#17788=CARTESIAN_POINT('Origin',(-51.,-14.,5.));
#17789=CARTESIAN_POINT('',(-52.25,-14.,5.));
#17790=CARTESIAN_POINT('Origin',(-51.,-14.,5.));
#17791=CARTESIAN_POINT('',(-52.25,-14.,10.));
#17792=CARTESIAN_POINT('',(-52.25,-14.,5.));
#17793=CARTESIAN_POINT('Origin',(-51.,-14.,10.));
#17794=CARTESIAN_POINT('Origin',(-51.,-14.,10.));
#17795=CARTESIAN_POINT('Origin',(-38.7,14.,5.));
#17796=CARTESIAN_POINT('',(-39.95,14.,5.));
#17797=CARTESIAN_POINT('Origin',(-38.7,14.,5.));
#17798=CARTESIAN_POINT('',(-39.95,14.,10.));
#17799=CARTESIAN_POINT('',(-39.95,14.,5.));
#17800=CARTESIAN_POINT('Origin',(-38.7,14.,10.));
#17801=CARTESIAN_POINT('Origin',(-38.7,14.,10.));
#17802=CARTESIAN_POINT('Origin',(-60.,-11.5,12.));
#17803=CARTESIAN_POINT('',(-34.7,-11.5,12.));
#17804=CARTESIAN_POINT('',(-34.7,-11.5,28.5));
#17805=CARTESIAN_POINT('',(-34.7,-11.5,8.5));
#17806=CARTESIAN_POINT('',(-55.,-11.5,12.));
#17807=CARTESIAN_POINT('',(-60.,-11.5,12.));
#17808=CARTESIAN_POINT('',(-55.,-11.5,28.5));
#17809=CARTESIAN_POINT('',(-55.,-11.5,8.5));
#17810=CARTESIAN_POINT('',(-52.425,-11.5,28.5));
#17811=CARTESIAN_POINT('Origin',(-44.85,0.,12.));
#17812=CARTESIAN_POINT('',(-34.7,11.5,12.));
#17813=CARTESIAN_POINT('',(-34.7,-8.25,12.));
#17814=CARTESIAN_POINT('',(-55.,11.5,12.));
#17815=CARTESIAN_POINT('',(-29.7,11.5,12.));
#17816=CARTESIAN_POINT('',(-55.,8.25,12.));
#17817=CARTESIAN_POINT('Origin',(-29.7,11.5,12.));
#17818=CARTESIAN_POINT('',(-34.7,11.5,28.5));
#17819=CARTESIAN_POINT('',(-34.7,11.5,8.5));
#17820=CARTESIAN_POINT('',(-55.,11.5,28.5));
#17821=CARTESIAN_POINT('',(-37.275,11.5,28.5));
#17822=CARTESIAN_POINT('',(-55.,11.5,8.5));
#17823=CARTESIAN_POINT('Origin',(-34.7,-16.5,5.));
#17824=CARTESIAN_POINT('',(-34.7,-16.5,28.5));
#17825=CARTESIAN_POINT('',(-34.7,-16.5,28.5));
#17826=CARTESIAN_POINT('',(-34.7,-16.5,5.));
#17827=CARTESIAN_POINT('',(-34.7,-16.5,5.));
#17828=CARTESIAN_POINT('',(-34.7,16.5,5.));
#17829=CARTESIAN_POINT('',(-34.7,-16.5,5.));
#17830=CARTESIAN_POINT('',(-34.7,16.5,28.5));
#17831=CARTESIAN_POINT('',(-34.7,16.5,5.));
#17832=CARTESIAN_POINT('',(-34.7,-16.5,28.5));
#17833=CARTESIAN_POINT('Origin',(-44.85,0.,28.5));
#17834=CARTESIAN_POINT('',(-55.,-16.5,28.5));
#17835=CARTESIAN_POINT('',(-55.,16.5,28.5));
#17836=CARTESIAN_POINT('',(-55.,-16.5,28.5));
#17837=CARTESIAN_POINT('Origin',(-34.7,16.5,5.));
#17838=CARTESIAN_POINT('',(-55.,16.5,5.));
#17839=CARTESIAN_POINT('',(-34.7,16.5,5.));
#17840=CARTESIAN_POINT('',(-55.,16.5,28.5));
#17841=CARTESIAN_POINT('',(-55.,16.5,5.));
#17842=CARTESIAN_POINT('',(-34.7,16.5,28.5));
#17843=CARTESIAN_POINT('Origin',(-55.,-16.5,5.));
#17844=CARTESIAN_POINT('',(-55.,-16.5,5.));
#17845=CARTESIAN_POINT('',(-55.,-16.5,5.));
#17846=CARTESIAN_POINT('',(-55.,-16.5,5.));
#17847=CARTESIAN_POINT('Origin',(-55.,16.5,5.));
#17848=CARTESIAN_POINT('',(-55.,16.5,28.5));
#17849=CARTESIAN_POINT('',(-55.,16.5,5.));
#17850=CARTESIAN_POINT('Origin',(-44.85,0.,28.5));
#17851=CARTESIAN_POINT('Origin',(-44.85,0.,5.));
#17852=CARTESIAN_POINT('',(0.,0.,0.));
#17853=CARTESIAN_POINT('Origin',(-44.85,-14.,0.));
#17854=CARTESIAN_POINT('',(-46.55,-14.,30.));
#17855=CARTESIAN_POINT('Origin',(-44.85,-14.,30.));
#17856=CARTESIAN_POINT('',(-46.55,-14.,33.));
#17857=CARTESIAN_POINT('',(-46.55,-14.,0.));
#17858=CARTESIAN_POINT('Origin',(-44.85,-14.,33.));
#17859=CARTESIAN_POINT('Origin',(-44.85,14.,0.));
#17860=CARTESIAN_POINT('',(-46.55,14.,30.));
#17861=CARTESIAN_POINT('Origin',(-44.85,14.,30.));
#17862=CARTESIAN_POINT('',(-46.55,14.,33.));
#17863=CARTESIAN_POINT('',(-46.55,14.,0.));
#17864=CARTESIAN_POINT('Origin',(-44.85,14.,33.));
#17865=CARTESIAN_POINT('Origin',(-39.85,16.5,30.));
#17866=CARTESIAN_POINT('',(-39.85,16.5,30.));
#17867=CARTESIAN_POINT('',(-49.85,16.5,30.));
#17868=CARTESIAN_POINT('',(-39.85,16.5,30.));
#17869=CARTESIAN_POINT('',(-49.85,16.5,33.));
#17870=CARTESIAN_POINT('',(-49.85,16.5,30.));
#17871=CARTESIAN_POINT('',(-39.85,16.5,33.));
#17872=CARTESIAN_POINT('',(-39.85,16.5,33.));
#17873=CARTESIAN_POINT('',(-39.85,16.5,30.));
#17874=CARTESIAN_POINT('Origin',(-39.85,-16.5,30.));
#17875=CARTESIAN_POINT('',(-39.85,-16.5,30.));
#17876=CARTESIAN_POINT('',(-39.85,-16.5,30.));
#17877=CARTESIAN_POINT('',(-39.85,-16.5,33.));
#17878=CARTESIAN_POINT('',(-39.85,-16.5,33.));
#17879=CARTESIAN_POINT('',(-39.85,-16.5,30.));
#17880=CARTESIAN_POINT('Origin',(-49.85,-16.5,30.));
#17881=CARTESIAN_POINT('',(-49.85,-16.5,30.));
#17882=CARTESIAN_POINT('',(-49.85,-16.5,30.));
#17883=CARTESIAN_POINT('',(-49.85,-16.5,33.));
#17884=CARTESIAN_POINT('',(-49.85,-16.5,33.));
#17885=CARTESIAN_POINT('',(-49.85,-16.5,30.));
#17886=CARTESIAN_POINT('Origin',(-49.85,16.5,30.));
#17887=CARTESIAN_POINT('',(-49.85,16.5,30.));
#17888=CARTESIAN_POINT('',(-49.85,16.5,33.));
#17889=CARTESIAN_POINT('Origin',(-44.85,0.,33.));
#17890=CARTESIAN_POINT('Origin',(-44.85,0.,30.));
#17891=CARTESIAN_POINT('',(0.,0.,0.));
#17892=CARTESIAN_POINT('Origin',(53.5,0.,26.));
#17893=CARTESIAN_POINT('',(53.5,11.5,26.));
#17894=CARTESIAN_POINT('',(53.5,11.5,15.5));
#17895=CARTESIAN_POINT('',(53.5,11.5,19.));
#17896=CARTESIAN_POINT('',(53.5,16.5,26.));
#17897=CARTESIAN_POINT('',(53.5,0.,26.));
#17898=CARTESIAN_POINT('',(53.5,16.5,15.5));
#17899=CARTESIAN_POINT('',(53.5,16.5,15.5));
#17900=CARTESIAN_POINT('',(53.5,0.,15.5));
#17901=CARTESIAN_POINT('Origin',(53.5,0.,26.));
#17902=CARTESIAN_POINT('',(53.5,-11.5,15.5));
#17903=CARTESIAN_POINT('',(53.5,-11.5,26.));
#17904=CARTESIAN_POINT('',(53.5,-11.5,19.));
#17905=CARTESIAN_POINT('',(53.5,-16.5,15.5));
#17906=CARTESIAN_POINT('',(53.5,0.,15.5));
#17907=CARTESIAN_POINT('',(53.5,-16.5,26.));
#17908=CARTESIAN_POINT('',(53.5,-16.5,15.5));
#17909=CARTESIAN_POINT('',(53.5,0.,26.));
#17910=CARTESIAN_POINT('Origin',(47.5,0.,26.));
#17911=CARTESIAN_POINT('',(47.5,11.5,26.));
#17912=CARTESIAN_POINT('',(53.75,11.5,26.));
#17913=CARTESIAN_POINT('',(47.5,16.5,26.));
#17914=CARTESIAN_POINT('',(47.5,0.,26.));
#17915=CARTESIAN_POINT('',(51.25,16.5,26.));
#17916=CARTESIAN_POINT('Origin',(47.5,0.,26.));
#17917=CARTESIAN_POINT('',(47.5,-11.5,26.));
#17918=CARTESIAN_POINT('',(38.6,-11.5,26.));
#17919=CARTESIAN_POINT('',(47.5,-16.5,26.));
#17920=CARTESIAN_POINT('',(41.1,-16.5,26.));
#17921=CARTESIAN_POINT('',(47.5,0.,26.));
#17922=CARTESIAN_POINT('Origin',(53.5,0.,15.5));
#17923=CARTESIAN_POINT('',(47.5,11.5,15.5));
#17924=CARTESIAN_POINT('',(56.75,11.5,15.5));
#17925=CARTESIAN_POINT('',(47.5,16.5,15.5));
#17926=CARTESIAN_POINT('',(54.25,16.5,15.5));
#17927=CARTESIAN_POINT('',(47.5,0.,15.5));
#17928=CARTESIAN_POINT('Origin',(47.5,0.,15.5));
#17929=CARTESIAN_POINT('',(47.5,11.5,13.75));
#17930=CARTESIAN_POINT('',(47.5,16.5,10.25));
#17931=CARTESIAN_POINT('Origin',(47.5,0.,15.5));
#17932=CARTESIAN_POINT('',(47.5,-11.5,15.5));
#17933=CARTESIAN_POINT('',(47.5,-11.5,13.75));
#17934=CARTESIAN_POINT('',(47.5,-16.5,15.5));
#17935=CARTESIAN_POINT('',(47.5,-16.5,10.25));
#17936=CARTESIAN_POINT('',(47.5,0.,15.5));
#17937=CARTESIAN_POINT('Origin',(53.5,0.,15.5));
#17938=CARTESIAN_POINT('',(41.6,-11.5,15.5));
#17939=CARTESIAN_POINT('',(44.1,-16.5,15.5));
#17940=CARTESIAN_POINT('Origin',(42.2,0.,26.));
#17941=CARTESIAN_POINT('',(42.2,11.5,26.));
#17942=CARTESIAN_POINT('',(42.2,11.5,15.5));
#17943=CARTESIAN_POINT('',(42.2,11.5,19.));
#17944=CARTESIAN_POINT('',(42.2,16.5,26.));
#17945=CARTESIAN_POINT('',(42.2,0.,26.));
#17946=CARTESIAN_POINT('',(42.2,16.5,15.5));
#17947=CARTESIAN_POINT('',(42.2,16.5,15.5));
#17948=CARTESIAN_POINT('',(42.2,0.,15.5));
#17949=CARTESIAN_POINT('Origin',(42.2,0.,26.));
#17950=CARTESIAN_POINT('',(42.2,-11.5,15.5));
#17951=CARTESIAN_POINT('',(42.2,-11.5,26.));
#17952=CARTESIAN_POINT('',(42.2,-11.5,19.));
#17953=CARTESIAN_POINT('',(42.2,-16.5,15.5));
#17954=CARTESIAN_POINT('',(42.2,0.,15.5));
#17955=CARTESIAN_POINT('',(42.2,-16.5,26.));
#17956=CARTESIAN_POINT('',(42.2,-16.5,15.5));
#17957=CARTESIAN_POINT('',(42.2,0.,26.));
#17958=CARTESIAN_POINT('Origin',(36.2,0.,26.));
#17959=CARTESIAN_POINT('',(36.2,11.5,26.));
#17960=CARTESIAN_POINT('',(48.1,11.5,26.));
#17961=CARTESIAN_POINT('',(36.2,16.5,26.));
#17962=CARTESIAN_POINT('',(36.2,0.,26.));
#17963=CARTESIAN_POINT('',(45.6,16.5,26.));
#17964=CARTESIAN_POINT('Origin',(36.2,0.,26.));
#17965=CARTESIAN_POINT('',(36.2,-11.5,26.));
#17966=CARTESIAN_POINT('',(32.95,-11.5,26.));
#17967=CARTESIAN_POINT('',(36.2,-16.5,26.));
#17968=CARTESIAN_POINT('',(35.45,-16.5,26.));
#17969=CARTESIAN_POINT('',(36.2,0.,26.));
#17970=CARTESIAN_POINT('Origin',(42.2,0.,15.5));
#17971=CARTESIAN_POINT('',(36.2,11.5,15.5));
#17972=CARTESIAN_POINT('',(51.1,11.5,15.5));
#17973=CARTESIAN_POINT('',(36.2,16.5,15.5));
#17974=CARTESIAN_POINT('',(48.6,16.5,15.5));
#17975=CARTESIAN_POINT('',(36.2,0.,15.5));
#17976=CARTESIAN_POINT('Origin',(36.2,0.,15.5));
#17977=CARTESIAN_POINT('',(36.2,11.5,13.75));
#17978=CARTESIAN_POINT('',(36.2,16.5,10.25));
#17979=CARTESIAN_POINT('Origin',(36.2,0.,15.5));
#17980=CARTESIAN_POINT('',(36.2,-11.5,15.5));
#17981=CARTESIAN_POINT('',(36.2,-11.5,13.75));
#17982=CARTESIAN_POINT('',(36.2,-16.5,15.5));
#17983=CARTESIAN_POINT('',(36.2,-16.5,10.25));
#17984=CARTESIAN_POINT('',(36.2,0.,15.5));
#17985=CARTESIAN_POINT('Origin',(42.2,0.,15.5));
#17986=CARTESIAN_POINT('',(35.95,-11.5,15.5));
#17987=CARTESIAN_POINT('',(38.45,-16.5,15.5));
#17988=CARTESIAN_POINT('Origin',(44.85,-14.,28.5));
#17989=CARTESIAN_POINT('',(43.6,-14.,28.5));
#17990=CARTESIAN_POINT('Origin',(44.85,-14.,28.5));
#17991=CARTESIAN_POINT('',(43.6,-14.,20.5));
#17992=CARTESIAN_POINT('',(43.6,-14.,28.5));
#17993=CARTESIAN_POINT('Origin',(44.85,-14.,20.5));
#17994=CARTESIAN_POINT('Origin',(44.85,-14.,20.5));
#17995=CARTESIAN_POINT('Origin',(44.85,14.,28.5));
#17996=CARTESIAN_POINT('',(43.6,14.,28.5));
#17997=CARTESIAN_POINT('Origin',(44.85,14.,28.5));
#17998=CARTESIAN_POINT('',(43.6,14.,20.5));
#17999=CARTESIAN_POINT('',(43.6,14.,28.5));
#18000=CARTESIAN_POINT('Origin',(44.85,14.,20.5));
#18001=CARTESIAN_POINT('Origin',(44.85,14.,20.5));
#18002=CARTESIAN_POINT('Origin',(51.,-14.,5.));
#18003=CARTESIAN_POINT('',(49.75,-14.,5.));
#18004=CARTESIAN_POINT('Origin',(51.,-14.,5.));
#18005=CARTESIAN_POINT('',(49.75,-14.,10.));
#18006=CARTESIAN_POINT('',(49.75,-14.,5.));
#18007=CARTESIAN_POINT('Origin',(51.,-14.,10.));
#18008=CARTESIAN_POINT('Origin',(51.,-14.,10.));
#18009=CARTESIAN_POINT('Origin',(38.7,14.,5.));
#18010=CARTESIAN_POINT('',(37.45,14.,5.));
#18011=CARTESIAN_POINT('Origin',(38.7,14.,5.));
#18012=CARTESIAN_POINT('',(37.45,14.,10.));
#18013=CARTESIAN_POINT('',(37.45,14.,5.));
#18014=CARTESIAN_POINT('Origin',(38.7,14.,10.));
#18015=CARTESIAN_POINT('Origin',(38.7,14.,10.));
#18016=CARTESIAN_POINT('Origin',(38.7,-14.,5.));
#18017=CARTESIAN_POINT('',(37.45,-14.,5.));
#18018=CARTESIAN_POINT('Origin',(38.7,-14.,5.));
#18019=CARTESIAN_POINT('',(37.45,-14.,10.));
#18020=CARTESIAN_POINT('',(37.45,-14.,5.));
#18021=CARTESIAN_POINT('Origin',(38.7,-14.,10.));
#18022=CARTESIAN_POINT('Origin',(38.7,-14.,10.));
#18023=CARTESIAN_POINT('Origin',(51.,14.,5.));
#18024=CARTESIAN_POINT('',(49.75,14.,5.));
#18025=CARTESIAN_POINT('Origin',(51.,14.,5.));
#18026=CARTESIAN_POINT('',(49.75,14.,10.));
#18027=CARTESIAN_POINT('',(49.75,14.,5.));
#18028=CARTESIAN_POINT('Origin',(51.,14.,10.));
#18029=CARTESIAN_POINT('Origin',(51.,14.,10.));
#18030=CARTESIAN_POINT('Origin',(29.7,-11.5,12.));
#18031=CARTESIAN_POINT('',(55.,-11.5,12.));
#18032=CARTESIAN_POINT('',(55.,-11.5,28.5));
#18033=CARTESIAN_POINT('',(55.,-11.5,8.5));
#18034=CARTESIAN_POINT('',(34.7,-11.5,12.));
#18035=CARTESIAN_POINT('',(29.7,-11.5,12.));
#18036=CARTESIAN_POINT('',(34.7,-11.5,28.5));
#18037=CARTESIAN_POINT('',(34.7,-11.5,8.5));
#18038=CARTESIAN_POINT('',(37.275,-11.5,28.5));
#18039=CARTESIAN_POINT('Origin',(44.85,0.,12.));
#18040=CARTESIAN_POINT('',(55.,11.5,12.));
#18041=CARTESIAN_POINT('',(55.,-8.25,12.));
#18042=CARTESIAN_POINT('',(34.7,11.5,12.));
#18043=CARTESIAN_POINT('',(60.,11.5,12.));
#18044=CARTESIAN_POINT('',(34.7,8.25,12.));
#18045=CARTESIAN_POINT('Origin',(60.,11.5,12.));
#18046=CARTESIAN_POINT('',(55.,11.5,28.5));
#18047=CARTESIAN_POINT('',(55.,11.5,8.5));
#18048=CARTESIAN_POINT('',(34.7,11.5,28.5));
#18049=CARTESIAN_POINT('',(52.425,11.5,28.5));
#18050=CARTESIAN_POINT('',(34.7,11.5,8.5));
#18051=CARTESIAN_POINT('Origin',(55.,-16.5,5.));
#18052=CARTESIAN_POINT('',(55.,-16.5,28.5));
#18053=CARTESIAN_POINT('',(55.,-16.5,28.5));
#18054=CARTESIAN_POINT('',(55.,-16.5,5.));
#18055=CARTESIAN_POINT('',(55.,-16.5,5.));
#18056=CARTESIAN_POINT('',(55.,16.5,5.));
#18057=CARTESIAN_POINT('',(55.,-16.5,5.));
#18058=CARTESIAN_POINT('',(55.,16.5,28.5));
#18059=CARTESIAN_POINT('',(55.,16.5,5.));
#18060=CARTESIAN_POINT('',(55.,-16.5,28.5));
#18061=CARTESIAN_POINT('Origin',(44.85,0.,28.5));
#18062=CARTESIAN_POINT('',(34.7,-16.5,28.5));
#18063=CARTESIAN_POINT('',(34.7,16.5,28.5));
#18064=CARTESIAN_POINT('',(34.7,-16.5,28.5));
#18065=CARTESIAN_POINT('Origin',(55.,16.5,5.));
#18066=CARTESIAN_POINT('',(34.7,16.5,5.));
#18067=CARTESIAN_POINT('',(55.,16.5,5.));
#18068=CARTESIAN_POINT('',(34.7,16.5,28.5));
#18069=CARTESIAN_POINT('',(34.7,16.5,5.));
#18070=CARTESIAN_POINT('',(55.,16.5,28.5));
#18071=CARTESIAN_POINT('Origin',(34.7,-16.5,5.));
#18072=CARTESIAN_POINT('',(34.7,-16.5,5.));
#18073=CARTESIAN_POINT('',(34.7,-16.5,5.));
#18074=CARTESIAN_POINT('',(34.7,-16.5,5.));
#18075=CARTESIAN_POINT('Origin',(34.7,16.5,5.));
#18076=CARTESIAN_POINT('',(34.7,16.5,28.5));
#18077=CARTESIAN_POINT('',(34.7,16.5,5.));
#18078=CARTESIAN_POINT('Origin',(44.85,0.,28.5));
#18079=CARTESIAN_POINT('Origin',(44.85,0.,5.));
#18080=CARTESIAN_POINT('',(0.,0.,0.));
#18081=CARTESIAN_POINT('Origin',(44.85,-14.,0.));
#18082=CARTESIAN_POINT('',(43.15,-14.,30.));
#18083=CARTESIAN_POINT('Origin',(44.85,-14.,30.));
#18084=CARTESIAN_POINT('',(43.15,-14.,33.));
#18085=CARTESIAN_POINT('',(43.15,-14.,0.));
#18086=CARTESIAN_POINT('Origin',(44.85,-14.,33.));
#18087=CARTESIAN_POINT('Origin',(44.85,14.,0.));
#18088=CARTESIAN_POINT('',(43.15,14.,30.));
#18089=CARTESIAN_POINT('Origin',(44.85,14.,30.));
#18090=CARTESIAN_POINT('',(43.15,14.,33.));
#18091=CARTESIAN_POINT('',(43.15,14.,0.));
#18092=CARTESIAN_POINT('Origin',(44.85,14.,33.));
#18093=CARTESIAN_POINT('Origin',(49.85,16.5,30.));
#18094=CARTESIAN_POINT('',(49.85,16.5,30.));
#18095=CARTESIAN_POINT('',(39.85,16.5,30.));
#18096=CARTESIAN_POINT('',(49.85,16.5,30.));
#18097=CARTESIAN_POINT('',(39.85,16.5,33.));
#18098=CARTESIAN_POINT('',(39.85,16.5,30.));
#18099=CARTESIAN_POINT('',(49.85,16.5,33.));
#18100=CARTESIAN_POINT('',(49.85,16.5,33.));
#18101=CARTESIAN_POINT('',(49.85,16.5,30.));
#18102=CARTESIAN_POINT('Origin',(49.85,-16.5,30.));
#18103=CARTESIAN_POINT('',(49.85,-16.5,30.));
#18104=CARTESIAN_POINT('',(49.85,-16.5,30.));
#18105=CARTESIAN_POINT('',(49.85,-16.5,33.));
#18106=CARTESIAN_POINT('',(49.85,-16.5,33.));
#18107=CARTESIAN_POINT('',(49.85,-16.5,30.));
#18108=CARTESIAN_POINT('Origin',(39.85,-16.5,30.));
#18109=CARTESIAN_POINT('',(39.85,-16.5,30.));
#18110=CARTESIAN_POINT('',(39.85,-16.5,30.));
#18111=CARTESIAN_POINT('',(39.85,-16.5,33.));
#18112=CARTESIAN_POINT('',(39.85,-16.5,33.));
#18113=CARTESIAN_POINT('',(39.85,-16.5,30.));
#18114=CARTESIAN_POINT('Origin',(39.85,16.5,30.));
#18115=CARTESIAN_POINT('',(39.85,16.5,30.));
#18116=CARTESIAN_POINT('',(39.85,16.5,33.));
#18117=CARTESIAN_POINT('Origin',(44.85,0.,33.));
#18118=CARTESIAN_POINT('Origin',(44.85,0.,30.));
#18119=CARTESIAN_POINT('',(0.,0.,0.));
#18120=CARTESIAN_POINT('',(0.,0.,0.));
#18121=CARTESIAN_POINT('',(0.,0.,0.));
#18122=CARTESIAN_POINT('',(0.,0.,0.));
#18123=CARTESIAN_POINT('',(0.,0.,0.));
#18124=CARTESIAN_POINT('',(0.,0.,0.));
#18125=CARTESIAN_POINT('',(0.,0.,0.));
#18126=CARTESIAN_POINT('',(0.,0.,0.));
#18127=CARTESIAN_POINT('',(0.,0.,0.));
#18128=CARTESIAN_POINT('',(0.,0.,0.));
#18129=CARTESIAN_POINT('',(0.,0.,0.));
#18130=CARTESIAN_POINT('',(0.,0.,0.));
#18131=CARTESIAN_POINT('Origin',(-32.5,75.,38.5));
#18132=CARTESIAN_POINT('',(32.5,75.,40.5));
#18133=CARTESIAN_POINT('Origin',(32.5,75.,38.5));
#18134=CARTESIAN_POINT('',(-32.5,75.,40.5));
#18135=CARTESIAN_POINT('',(-32.5,75.,40.5));
#18136=CARTESIAN_POINT('Origin',(-32.5,75.,38.5));
#18137=CARTESIAN_POINT('Origin',(32.5,75.,38.5));
#18138=CARTESIAN_POINT('Origin',(-32.5,75.,38.5));
#18139=CARTESIAN_POINT('',(0.,0.,0.));
#18140=CARTESIAN_POINT('Origin',(0.,75.,38.5));
#18141=CARTESIAN_POINT('',(-32.5,75.,40.5));
#18142=CARTESIAN_POINT('Origin',(-32.5,75.,38.5));
#18143=CARTESIAN_POINT('',(-22.5,75.,40.5));
#18144=CARTESIAN_POINT('',(0.,75.,40.5));
#18145=CARTESIAN_POINT('Origin',(-22.5,75.,38.5));
#18146=CARTESIAN_POINT('Origin',(-32.5,75.,38.5));
#18147=CARTESIAN_POINT('',(-22.5,75.,45.));
#18148=CARTESIAN_POINT('Origin',(-22.5,75.,38.5));
#18149=CARTESIAN_POINT('',(-32.5,75.,45.));
#18150=CARTESIAN_POINT('',(-32.5,75.,45.));
#18151=CARTESIAN_POINT('Origin',(-32.5,75.,38.5));
#18152=CARTESIAN_POINT('Origin',(-22.5,75.,38.5));
#18153=CARTESIAN_POINT('Origin',(-32.5,75.,38.5));
#18154=CARTESIAN_POINT('',(0.,0.,0.));
#18155=CARTESIAN_POINT('Origin',(0.,75.,38.5));
#18156=CARTESIAN_POINT('',(22.5,75.,40.5));
#18157=CARTESIAN_POINT('Origin',(22.5,75.,38.5));
#18158=CARTESIAN_POINT('',(32.5,75.,40.5));
#18159=CARTESIAN_POINT('',(0.,75.,40.5));
#18160=CARTESIAN_POINT('Origin',(32.5,75.,38.5));
#18161=CARTESIAN_POINT('Origin',(32.5,75.,38.5));
#18162=CARTESIAN_POINT('',(22.5,75.,45.));
#18163=CARTESIAN_POINT('Origin',(22.5,75.,38.5));
#18164=CARTESIAN_POINT('',(32.5,75.,45.));
#18165=CARTESIAN_POINT('',(32.5,75.,45.));
#18166=CARTESIAN_POINT('Origin',(32.5,75.,38.5));
#18167=CARTESIAN_POINT('Origin',(32.5,75.,38.5));
#18168=CARTESIAN_POINT('Origin',(22.5,75.,38.5));
#18169=CARTESIAN_POINT('',(0.,0.,0.));
#18170=CARTESIAN_POINT('Origin',(-15.,25.75,38.5));
#18171=CARTESIAN_POINT('',(15.,25.75,52.25));
#18172=CARTESIAN_POINT('Origin',(15.,25.75,38.5));
#18173=CARTESIAN_POINT('',(-15.,25.75,52.25));
#18174=CARTESIAN_POINT('',(-15.,25.75,52.25));
#18175=CARTESIAN_POINT('Origin',(-15.,25.75,38.5));
#18176=CARTESIAN_POINT('Origin',(15.,25.75,38.5));
#18177=CARTESIAN_POINT('Origin',(-15.,25.75,38.5));
#18178=CARTESIAN_POINT('',(0.,0.,0.));
#18179=CARTESIAN_POINT('Origin',(0.,75.,38.5));
#18180=CARTESIAN_POINT('',(-3.,75.,40.5));
#18181=CARTESIAN_POINT('Origin',(-3.,75.,38.5));
#18182=CARTESIAN_POINT('',(3.,75.,40.5));
#18183=CARTESIAN_POINT('',(0.,75.,40.5));
#18184=CARTESIAN_POINT('Origin',(3.,75.,38.5));
#18185=CARTESIAN_POINT('Origin',(0.,75.,0.));
#18186=CARTESIAN_POINT('',(-1.,75.,28.5));
#18187=CARTESIAN_POINT('Origin',(0.,75.,28.5));
#18188=CARTESIAN_POINT('',(-1.,75.,30.));
#18189=CARTESIAN_POINT('',(-1.,75.,0.));
#18190=CARTESIAN_POINT('Origin',(0.,75.,30.));
#18191=CARTESIAN_POINT('Origin',(0.,75.,30.));
#18192=CARTESIAN_POINT('Origin',(-3.,42.5,48.5));
#18193=CARTESIAN_POINT('',(-3.,42.5,48.5));
#18194=CARTESIAN_POINT('',(-3.,42.5,28.5));
#18195=CARTESIAN_POINT('',(-3.,42.5,48.5));
#18196=CARTESIAN_POINT('',(3.,42.5,28.5));
#18197=CARTESIAN_POINT('',(-3.,42.5,28.5));
#18198=CARTESIAN_POINT('',(3.,42.5,48.5));
#18199=CARTESIAN_POINT('',(3.,42.5,48.5));
#18200=CARTESIAN_POINT('',(-3.,42.5,48.5));
#18201=CARTESIAN_POINT('Origin',(-3.,107.5,48.5));
#18202=CARTESIAN_POINT('',(-3.,107.5,48.5));
#18203=CARTESIAN_POINT('',(-3.,107.5,48.5));
#18204=CARTESIAN_POINT('',(3.,107.5,48.5));
#18205=CARTESIAN_POINT('',(3.,107.5,48.5));
#18206=CARTESIAN_POINT('',(-3.,107.5,48.5));
#18207=CARTESIAN_POINT('Origin',(-3.,107.5,28.5));
#18208=CARTESIAN_POINT('',(-3.,107.5,28.5));
#18209=CARTESIAN_POINT('',(-3.,107.5,28.5));
#18210=CARTESIAN_POINT('',(3.,107.5,28.5));
#18211=CARTESIAN_POINT('',(3.,107.5,28.5));
#18212=CARTESIAN_POINT('',(-3.,107.5,28.5));
#18213=CARTESIAN_POINT('Origin',(-3.,42.5,28.5));
#18214=CARTESIAN_POINT('',(-3.,42.5,28.5));
#18215=CARTESIAN_POINT('',(3.,42.5,28.5));
#18216=CARTESIAN_POINT('Origin',(3.,75.,38.5));
#18217=CARTESIAN_POINT('Origin',(-3.,75.,38.5));
#18218=CARTESIAN_POINT('',(0.,0.,0.));
#18219=CARTESIAN_POINT('Origin',(9.,0.,19.));
#18220=CARTESIAN_POINT('',(9.,41.,8.));
#18221=CARTESIAN_POINT('',(9.,41.,19.));
#18222=CARTESIAN_POINT('',(9.,41.,12.));
#18223=CARTESIAN_POINT('',(9.,12.,8.));
#18224=CARTESIAN_POINT('',(9.,0.,8.));
#18225=CARTESIAN_POINT('',(9.,12.,19.));
#18226=CARTESIAN_POINT('',(9.,12.,12.));
#18227=CARTESIAN_POINT('',(9.,0.,19.));
#18228=CARTESIAN_POINT('Origin',(-9.,0.,19.));
#18229=CARTESIAN_POINT('',(-9.,41.,19.));
#18230=CARTESIAN_POINT('',(3.,41.,19.));
#18231=CARTESIAN_POINT('',(-9.,12.,19.));
#18232=CARTESIAN_POINT('',(-12.,12.,19.));
#18233=CARTESIAN_POINT('',(-9.,0.,19.));
#18234=CARTESIAN_POINT('Origin',(-9.,0.,8.));
#18235=CARTESIAN_POINT('',(-9.,41.,8.));
#18236=CARTESIAN_POINT('',(-9.,41.,6.5));
#18237=CARTESIAN_POINT('',(-9.,12.,8.));
#18238=CARTESIAN_POINT('',(-9.,12.,6.5));
#18239=CARTESIAN_POINT('',(-9.,0.,8.));
#18240=CARTESIAN_POINT('Origin',(9.,0.,8.));
#18241=CARTESIAN_POINT('',(12.,41.,8.));
#18242=CARTESIAN_POINT('',(-3.,12.,8.));
#18243=CARTESIAN_POINT('Origin',(-11.,37.,5.));
#18244=CARTESIAN_POINT('',(-12.25,37.,5.));
#18245=CARTESIAN_POINT('Origin',(-11.,37.,5.));
#18246=CARTESIAN_POINT('',(-12.25,37.,13.));
#18247=CARTESIAN_POINT('',(-12.25,37.,5.));
#18248=CARTESIAN_POINT('Origin',(-11.,37.,13.));
#18249=CARTESIAN_POINT('Origin',(-11.,37.,13.));
#18250=CARTESIAN_POINT('Origin',(11.,16.,5.));
#18251=CARTESIAN_POINT('',(9.75,16.,5.));
#18252=CARTESIAN_POINT('Origin',(11.,16.,5.));
#18253=CARTESIAN_POINT('',(9.75,16.,13.));
#18254=CARTESIAN_POINT('',(9.75,16.,5.));
#18255=CARTESIAN_POINT('Origin',(11.,16.,13.));
#18256=CARTESIAN_POINT('Origin',(11.,16.,13.));
#18257=CARTESIAN_POINT('Origin',(-11.,16.,5.));
#18258=CARTESIAN_POINT('',(-12.25,16.,5.));
#18259=CARTESIAN_POINT('Origin',(-11.,16.,5.));
#18260=CARTESIAN_POINT('',(-12.25,16.,13.));
#18261=CARTESIAN_POINT('',(-12.25,16.,5.));
#18262=CARTESIAN_POINT('Origin',(-11.,16.,13.));
#18263=CARTESIAN_POINT('Origin',(-11.,16.,13.));
#18264=CARTESIAN_POINT('Origin',(11.,37.,5.));
#18265=CARTESIAN_POINT('',(9.75,37.,5.));
#18266=CARTESIAN_POINT('Origin',(11.,37.,5.));
#18267=CARTESIAN_POINT('',(9.75,37.,13.));
#18268=CARTESIAN_POINT('',(9.75,37.,5.));
#18269=CARTESIAN_POINT('Origin',(11.,37.,13.));
#18270=CARTESIAN_POINT('Origin',(11.,37.,13.));
#18271=CARTESIAN_POINT('Origin',(0.,25.75,38.5));
#18272=CARTESIAN_POINT('',(-15.,14.0785605000925,30.5));
#18273=CARTESIAN_POINT('',(-15.,37.4214394999075,30.5));
#18274=CARTESIAN_POINT('Origin',(-15.,25.75,38.5));
#18275=CARTESIAN_POINT('',(15.,14.0785605000925,30.5));
#18276=CARTESIAN_POINT('',(0.,14.0785605000925,30.5));
#18277=CARTESIAN_POINT('',(15.,37.4214394999075,30.5));
#18278=CARTESIAN_POINT('Origin',(15.,25.75,38.5));
#18279=CARTESIAN_POINT('',(0.,37.4214394999075,30.5));
#18280=CARTESIAN_POINT('Origin',(15.,12.,5.));
#18281=CARTESIAN_POINT('',(15.,12.,30.5));
#18282=CARTESIAN_POINT('',(15.,12.,30.5));
#18283=CARTESIAN_POINT('',(15.,12.,5.));
#18284=CARTESIAN_POINT('',(15.,12.,5.));
#18285=CARTESIAN_POINT('',(15.,41.,5.));
#18286=CARTESIAN_POINT('',(15.,12.,5.));
#18287=CARTESIAN_POINT('',(15.,41.,30.5));
#18288=CARTESIAN_POINT('',(15.,41.,5.));
#18289=CARTESIAN_POINT('',(15.,12.,30.5));
#18290=CARTESIAN_POINT('Origin',(0.,26.5,30.5));
#18291=CARTESIAN_POINT('',(-15.,12.,30.5));
#18292=CARTESIAN_POINT('',(-15.,41.,30.5));
#18293=CARTESIAN_POINT('',(-15.,12.,30.5));
#18294=CARTESIAN_POINT('Origin',(15.,41.,5.));
#18295=CARTESIAN_POINT('',(-15.,41.,5.));
#18296=CARTESIAN_POINT('',(15.,41.,5.));
#18297=CARTESIAN_POINT('',(-15.,41.,30.5));
#18298=CARTESIAN_POINT('',(-15.,41.,5.));
#18299=CARTESIAN_POINT('',(15.,41.,30.5));
#18300=CARTESIAN_POINT('Origin',(-15.,12.,5.));
#18301=CARTESIAN_POINT('',(-15.,12.,5.));
#18302=CARTESIAN_POINT('',(-15.,12.,5.));
#18303=CARTESIAN_POINT('',(-15.,12.,5.));
#18304=CARTESIAN_POINT('Origin',(-15.,41.,5.));
#18305=CARTESIAN_POINT('',(-15.,41.,30.5));
#18306=CARTESIAN_POINT('',(-15.,41.,5.));
#18307=CARTESIAN_POINT('Origin',(0.,26.5,30.5));
#18308=CARTESIAN_POINT('Origin',(0.,26.5,5.));
#18309=CARTESIAN_POINT('',(0.,0.,0.));
#18310=CARTESIAN_POINT('Origin',(0.,75.,38.5));
#18311=CARTESIAN_POINT('',(16.,75.,40.5));
#18312=CARTESIAN_POINT('Origin',(16.,75.,38.5));
#18313=CARTESIAN_POINT('',(22.,75.,40.5));
#18314=CARTESIAN_POINT('',(0.,75.,40.5));
#18315=CARTESIAN_POINT('Origin',(22.,75.,38.5));
#18316=CARTESIAN_POINT('Origin',(16.,75.,38.5));
#18317=CARTESIAN_POINT('',(22.,75.,48.5));
#18318=CARTESIAN_POINT('Origin',(22.,75.,38.5));
#18319=CARTESIAN_POINT('',(16.,75.,48.5));
#18320=CARTESIAN_POINT('',(16.,75.,48.5));
#18321=CARTESIAN_POINT('Origin',(16.,75.,38.5));
#18322=CARTESIAN_POINT('Origin',(22.,75.,38.5));
#18323=CARTESIAN_POINT('Origin',(16.,75.,38.5));
#18324=CARTESIAN_POINT('',(0.,0.,0.));
#18325=CARTESIAN_POINT('Origin',(0.,25.75,38.5));
#18326=CARTESIAN_POINT('',(16.,25.75,40.085));
#18327=CARTESIAN_POINT('Origin',(16.,25.75,38.5));
#18328=CARTESIAN_POINT('',(22.,25.75,40.085));
#18329=CARTESIAN_POINT('',(0.,25.75,40.085));
#18330=CARTESIAN_POINT('Origin',(22.,25.75,38.5));
#18331=CARTESIAN_POINT('Origin',(16.,25.75,38.5));
#18332=CARTESIAN_POINT('',(22.,25.75,48.5));
#18333=CARTESIAN_POINT('Origin',(22.,25.75,38.5));
#18334=CARTESIAN_POINT('',(16.,25.75,48.5));
#18335=CARTESIAN_POINT('',(16.,25.75,48.5));
#18336=CARTESIAN_POINT('Origin',(16.,25.75,38.5));
#18337=CARTESIAN_POINT('Origin',(22.,25.75,38.5));
#18338=CARTESIAN_POINT('Origin',(16.,25.75,38.5));
#18339=CARTESIAN_POINT('',(0.,0.,0.));
#18340=CARTESIAN_POINT('Origin',(52.15,36.65,7.));
#18341=CARTESIAN_POINT('',(52.15,36.65,7.));
#18342=CARTESIAN_POINT('',(17.85,36.65,7.));
#18343=CARTESIAN_POINT('',(52.15,36.65,7.));
#18344=CARTESIAN_POINT('',(17.85,36.65,11.5));
#18345=CARTESIAN_POINT('',(17.85,36.65,7.));
#18346=CARTESIAN_POINT('',(52.15,36.65,11.5));
#18347=CARTESIAN_POINT('',(52.15,36.65,11.5));
#18348=CARTESIAN_POINT('',(52.15,36.65,7.));
#18349=CARTESIAN_POINT('Origin',(52.15,19.35,7.));
#18350=CARTESIAN_POINT('',(52.15,19.35,7.));
#18351=CARTESIAN_POINT('',(52.15,19.35,7.));
#18352=CARTESIAN_POINT('',(52.15,19.35,11.5));
#18353=CARTESIAN_POINT('',(52.15,19.35,11.5));
#18354=CARTESIAN_POINT('',(52.15,19.35,7.));
#18355=CARTESIAN_POINT('Origin',(17.85,19.35,7.));
#18356=CARTESIAN_POINT('',(17.85,19.35,7.));
#18357=CARTESIAN_POINT('',(17.85,19.35,7.));
#18358=CARTESIAN_POINT('',(17.85,19.35,11.5));
#18359=CARTESIAN_POINT('',(17.85,19.35,11.5));
#18360=CARTESIAN_POINT('',(17.85,19.35,7.));
#18361=CARTESIAN_POINT('Origin',(17.85,36.65,7.));
#18362=CARTESIAN_POINT('',(17.85,36.65,7.));
#18363=CARTESIAN_POINT('',(17.85,36.65,11.5));
#18364=CARTESIAN_POINT('Origin',(35.,28.,11.5));
#18365=CARTESIAN_POINT('Origin',(35.,28.,7.));
#18366=CARTESIAN_POINT('',(0.,0.,0.));
#18367=CARTESIAN_POINT('',(0.,0.,0.));
#18368=CARTESIAN_POINT('',(0.,0.,0.));
#18369=CARTESIAN_POINT('',(0.,0.,0.));
#18370=CARTESIAN_POINT('',(0.,0.,0.));
#18371=CARTESIAN_POINT('',(0.,0.,0.));
#18372=CARTESIAN_POINT('',(0.,0.,0.));
#18373=CARTESIAN_POINT('',(0.,0.,0.));
#18374=CARTESIAN_POINT('',(0.,0.,0.));
#18375=CARTESIAN_POINT('',(0.,0.,0.));
#18376=CARTESIAN_POINT('',(0.,0.,0.));
#18377=CARTESIAN_POINT('Origin',(0.,24.75,84.));
#18378=CARTESIAN_POINT('',(-1.7,24.75,85.));
#18379=CARTESIAN_POINT('Origin',(0.,24.75,85.));
#18380=CARTESIAN_POINT('',(-1.7,24.75,88.));
#18381=CARTESIAN_POINT('',(-1.7,24.75,84.));
#18382=CARTESIAN_POINT('Origin',(0.,24.75,88.));
#18383=CARTESIAN_POINT('Origin',(0.,-24.75,84.));
#18384=CARTESIAN_POINT('',(-1.7,-24.75,85.));
#18385=CARTESIAN_POINT('Origin',(0.,-24.75,85.));
#18386=CARTESIAN_POINT('',(-1.7,-24.75,88.));
#18387=CARTESIAN_POINT('',(-1.7,-24.75,84.));
#18388=CARTESIAN_POINT('Origin',(0.,-24.75,88.));
#18389=CARTESIAN_POINT('Origin',(0.,23.,88.));
#18390=CARTESIAN_POINT('',(10.,20.25,88.));
#18391=CARTESIAN_POINT('',(-10.,20.25,88.));
#18392=CARTESIAN_POINT('',(5.,20.25,88.));
#18393=CARTESIAN_POINT('',(10.,28.75,88.));
#18394=CARTESIAN_POINT('',(10.,17.25,88.));
#18395=CARTESIAN_POINT('',(-10.,28.75,88.));
#18396=CARTESIAN_POINT('',(10.,28.75,88.));
#18397=CARTESIAN_POINT('',(-10.,28.75,88.));
#18398=CARTESIAN_POINT('Origin',(10.,28.75,85.));
#18399=CARTESIAN_POINT('',(10.,28.75,85.));
#18400=CARTESIAN_POINT('',(-10.,28.75,85.));
#18401=CARTESIAN_POINT('',(10.,28.75,85.));
#18402=CARTESIAN_POINT('',(-10.,28.75,85.));
#18403=CARTESIAN_POINT('',(10.,28.75,85.));
#18404=CARTESIAN_POINT('Origin',(-10.,20.25,85.));
#18405=CARTESIAN_POINT('',(-10.,-28.75,85.));
#18406=CARTESIAN_POINT('',(-10.,20.25,85.));
#18407=CARTESIAN_POINT('',(-10.,-28.75,88.));
#18408=CARTESIAN_POINT('',(-10.,-28.75,85.));
#18409=CARTESIAN_POINT('',(-10.,-20.25,88.));
#18410=CARTESIAN_POINT('',(-10.,-17.25,88.));
#18411=CARTESIAN_POINT('',(-10.,-20.25,125.5));
#18412=CARTESIAN_POINT('',(-10.,-20.25,85.));
#18413=CARTESIAN_POINT('',(-10.,20.25,125.5));
#18414=CARTESIAN_POINT('',(-10.,20.25,125.5));
#18415=CARTESIAN_POINT('',(-10.,20.25,85.));
#18416=CARTESIAN_POINT('Origin',(0.,0.,85.));
#18417=CARTESIAN_POINT('',(10.,-28.75,85.));
#18418=CARTESIAN_POINT('',(10.,-20.25,85.));
#18419=CARTESIAN_POINT('',(-10.,-28.75,85.));
#18420=CARTESIAN_POINT('Origin',(0.,-23.,88.));
#18421=CARTESIAN_POINT('',(10.,-20.25,88.));
#18422=CARTESIAN_POINT('',(-5.,-20.25,88.));
#18423=CARTESIAN_POINT('',(10.,-28.75,88.));
#18424=CARTESIAN_POINT('',(-10.,-28.75,88.));
#18425=CARTESIAN_POINT('',(10.,-28.75,88.));
#18426=CARTESIAN_POINT('Origin',(-10.,-28.75,85.));
#18427=CARTESIAN_POINT('',(10.,-28.75,85.));
#18428=CARTESIAN_POINT('Origin',(10.,20.25,85.));
#18429=CARTESIAN_POINT('',(10.,20.25,125.5));
#18430=CARTESIAN_POINT('',(10.,20.25,125.5));
#18431=CARTESIAN_POINT('',(10.,20.25,85.));
#18432=CARTESIAN_POINT('Origin',(10.,-20.25,85.));
#18433=CARTESIAN_POINT('',(10.,-20.25,125.5));
#18434=CARTESIAN_POINT('',(10.,-20.25,125.5));
#18435=CARTESIAN_POINT('',(10.,-20.25,85.));
#18436=CARTESIAN_POINT('Origin',(-10.,-20.25,85.));
#18437=CARTESIAN_POINT('',(-10.,-20.25,125.5));
#18438=CARTESIAN_POINT('Origin',(0.,0.,125.5));
#18439=CARTESIAN_POINT('',(0.,0.,0.));
#18440=CARTESIAN_POINT('Origin',(7.5,0.,125.5));
#18441=CARTESIAN_POINT('',(7.5,0.,125.5));
#18442=CARTESIAN_POINT('',(-7.5,0.,125.5));
#18443=CARTESIAN_POINT('',(7.5,0.,125.5));
#18444=CARTESIAN_POINT('',(-7.5,0.,135.5));
#18445=CARTESIAN_POINT('',(-7.5,0.,125.5));
#18446=CARTESIAN_POINT('',(7.5,0.,135.5));
#18447=CARTESIAN_POINT('',(7.5,0.,135.5));
#18448=CARTESIAN_POINT('',(7.5,0.,125.5));
#18449=CARTESIAN_POINT('Origin',(7.5,-80.,125.5));
#18450=CARTESIAN_POINT('',(7.5,-80.,125.5));
#18451=CARTESIAN_POINT('',(7.5,-80.,125.5));
#18452=CARTESIAN_POINT('',(7.5,-80.,135.5));
#18453=CARTESIAN_POINT('',(7.5,-80.,135.5));
#18454=CARTESIAN_POINT('',(7.5,-80.,125.5));
#18455=CARTESIAN_POINT('Origin',(-7.5,-80.,125.5));
#18456=CARTESIAN_POINT('',(-7.5,-80.,125.5));
#18457=CARTESIAN_POINT('',(-7.5,-80.,125.5));
#18458=CARTESIAN_POINT('',(-7.5,-80.,135.5));
#18459=CARTESIAN_POINT('',(-7.5,-80.,135.5));
#18460=CARTESIAN_POINT('',(-7.5,-80.,125.5));
#18461=CARTESIAN_POINT('Origin',(-7.5,0.,125.5));
#18462=CARTESIAN_POINT('',(-7.5,0.,125.5));
#18463=CARTESIAN_POINT('',(-7.5,0.,135.5));
#18464=CARTESIAN_POINT('Origin',(0.,-40.,135.5));
#18465=CARTESIAN_POINT('Origin',(0.,-40.,125.5));
#18466=CARTESIAN_POINT('',(0.,0.,0.));
#18467=CARTESIAN_POINT('Origin',(7.5,-65.,125.5));
#18468=CARTESIAN_POINT('',(7.5,-65.,125.5));
#18469=CARTESIAN_POINT('',(7.5,-65.,135.5));
#18470=CARTESIAN_POINT('',(7.5,-65.,124.25));
#18471=CARTESIAN_POINT('',(7.5,-80.,125.5));
#18472=CARTESIAN_POINT('',(7.5,-65.,125.5));
#18473=CARTESIAN_POINT('',(7.5,-80.,135.5));
#18474=CARTESIAN_POINT('',(7.5,-80.,125.5));
#18475=CARTESIAN_POINT('',(7.5,-65.,135.5));
#18476=CARTESIAN_POINT('Origin',(-7.5,-65.,125.5));
#18477=CARTESIAN_POINT('',(-7.5,-65.,125.5));
#18478=CARTESIAN_POINT('',(1.25,-65.,125.5));
#18479=CARTESIAN_POINT('',(-7.5,-80.,125.5));
#18480=CARTESIAN_POINT('',(-7.5,-65.,125.5));
#18481=CARTESIAN_POINT('',(-7.5,-80.,125.5));
#18482=CARTESIAN_POINT('Origin',(-7.5,-65.,135.5));
#18483=CARTESIAN_POINT('',(-7.5,-65.,135.5));
#18484=CARTESIAN_POINT('',(-7.5,-65.,129.25));
#18485=CARTESIAN_POINT('',(-7.5,-80.,135.5));
#18486=CARTESIAN_POINT('',(-7.5,-65.,135.5));
#18487=CARTESIAN_POINT('',(-7.5,-80.,135.5));
#18488=CARTESIAN_POINT('Origin',(7.5,-65.,135.5));
#18489=CARTESIAN_POINT('',(8.75,-65.,135.5));
#18490=CARTESIAN_POINT('',(7.5,-80.,135.5));
#18491=CARTESIAN_POINT('Origin',(0.,-80.,130.5));
#18492=CARTESIAN_POINT('Origin',(10.,-65.,123.));
#18493=CARTESIAN_POINT('',(10.,-65.,123.));
#18494=CARTESIAN_POINT('',(-10.,-65.,123.));
#18495=CARTESIAN_POINT('',(10.,-65.,123.));
#18496=CARTESIAN_POINT('',(-10.,-65.,138.));
#18497=CARTESIAN_POINT('',(-10.,-65.,123.));
#18498=CARTESIAN_POINT('',(10.,-65.,138.));
#18499=CARTESIAN_POINT('',(10.,-65.,138.));
#18500=CARTESIAN_POINT('',(10.,-65.,123.));
#18501=CARTESIAN_POINT('Origin',(10.,-95.,123.));
#18502=CARTESIAN_POINT('',(10.,-95.,123.));
#18503=CARTESIAN_POINT('',(10.,-95.,123.));
#18504=CARTESIAN_POINT('',(10.,-95.,138.));
#18505=CARTESIAN_POINT('',(10.,-95.,138.));
#18506=CARTESIAN_POINT('',(10.,-95.,123.));
#18507=CARTESIAN_POINT('Origin',(-10.,-95.,123.));
#18508=CARTESIAN_POINT('',(-10.,-95.,123.));
#18509=CARTESIAN_POINT('',(-10.,-95.,123.));
#18510=CARTESIAN_POINT('',(-10.,-95.,138.));
#18511=CARTESIAN_POINT('',(-10.,-95.,138.));
#18512=CARTESIAN_POINT('',(-10.,-95.,123.));
#18513=CARTESIAN_POINT('Origin',(-10.,-65.,123.));
#18514=CARTESIAN_POINT('',(-10.,-65.,123.));
#18515=CARTESIAN_POINT('',(-10.,-65.,138.));
#18516=CARTESIAN_POINT('Origin',(0.,-80.,138.));
#18517=CARTESIAN_POINT('Origin',(0.,-80.,123.));
#18518=CARTESIAN_POINT('',(0.,0.,0.));
#18519=CARTESIAN_POINT('',(0.,0.,0.));
#18520=CARTESIAN_POINT('',(0.,0.,0.));
#18521=CARTESIAN_POINT('',(0.,0.,0.));
#18522=CARTESIAN_POINT('',(0.,0.,0.));
#18523=CARTESIAN_POINT('Origin',(52.,-20.5,34.6));
#18524=CARTESIAN_POINT('',(52.,-20.5,34.6));
#18525=CARTESIAN_POINT('',(-52.,-20.5,34.6));
#18526=CARTESIAN_POINT('',(52.,-20.5,34.6));
#18527=CARTESIAN_POINT('',(-52.,-20.5,61.6));
#18528=CARTESIAN_POINT('',(-52.,-20.5,34.6));
#18529=CARTESIAN_POINT('',(52.,-20.5,61.6));
#18530=CARTESIAN_POINT('',(52.,-20.5,61.6));
#18531=CARTESIAN_POINT('',(52.,-20.5,34.6));
#18532=CARTESIAN_POINT('Origin',(52.,-55.5,34.6));
#18533=CARTESIAN_POINT('',(52.,-55.5,34.6));
#18534=CARTESIAN_POINT('',(52.,-55.5,34.6));
#18535=CARTESIAN_POINT('',(52.,-55.5,61.6));
#18536=CARTESIAN_POINT('',(52.,-55.5,61.6));
#18537=CARTESIAN_POINT('',(52.,-55.5,34.6));
#18538=CARTESIAN_POINT('Origin',(-52.,-55.5,34.6));
#18539=CARTESIAN_POINT('',(-52.,-55.5,34.6));
#18540=CARTESIAN_POINT('',(-52.,-55.5,34.6));
#18541=CARTESIAN_POINT('',(-52.,-55.5,61.6));
#18542=CARTESIAN_POINT('',(-52.,-55.5,61.6));
#18543=CARTESIAN_POINT('',(-52.,-55.5,34.6));
#18544=CARTESIAN_POINT('Origin',(-52.,-20.5,34.6));
#18545=CARTESIAN_POINT('',(-52.,-20.5,34.6));
#18546=CARTESIAN_POINT('',(-52.,-20.5,61.6));
#18547=CARTESIAN_POINT('Origin',(0.,-38.,61.6));
#18548=CARTESIAN_POINT('Origin',(0.,-38.,34.6));
#18549=CARTESIAN_POINT('',(0.,0.,0.));
#18550=CARTESIAN_POINT('Origin',(-39.5,-41.5,7.));
#18551=CARTESIAN_POINT('',(-39.5,-41.5,7.));
#18552=CARTESIAN_POINT('',(-64.5,-41.5,7.));
#18553=CARTESIAN_POINT('',(-39.5,-41.5,7.));
#18554=CARTESIAN_POINT('',(-64.5,-41.5,22.));
#18555=CARTESIAN_POINT('',(-64.5,-41.5,7.));
#18556=CARTESIAN_POINT('',(-39.5,-41.5,22.));
#18557=CARTESIAN_POINT('',(-39.5,-41.5,22.));
#18558=CARTESIAN_POINT('',(-39.5,-41.5,7.));
#18559=CARTESIAN_POINT('Origin',(-39.5,-84.5,7.));
#18560=CARTESIAN_POINT('',(-39.5,-84.5,7.));
#18561=CARTESIAN_POINT('',(-39.5,-84.5,7.));
#18562=CARTESIAN_POINT('',(-39.5,-84.5,22.));
#18563=CARTESIAN_POINT('',(-39.5,-84.5,22.));
#18564=CARTESIAN_POINT('',(-39.5,-84.5,7.));
#18565=CARTESIAN_POINT('Origin',(-64.5,-84.5,7.));
#18566=CARTESIAN_POINT('',(-64.5,-84.5,7.));
#18567=CARTESIAN_POINT('',(-64.5,-84.5,7.));
#18568=CARTESIAN_POINT('',(-64.5,-84.5,22.));
#18569=CARTESIAN_POINT('',(-64.5,-84.5,22.));
#18570=CARTESIAN_POINT('',(-64.5,-84.5,7.));
#18571=CARTESIAN_POINT('Origin',(-64.5,-41.5,7.));
#18572=CARTESIAN_POINT('',(-64.5,-41.5,7.));
#18573=CARTESIAN_POINT('',(-64.5,-41.5,22.));
#18574=CARTESIAN_POINT('Origin',(-52.,-63.,22.));
#18575=CARTESIAN_POINT('Origin',(-52.,-63.,7.));
#18576=CARTESIAN_POINT('',(0.,0.,0.));
#18577=CARTESIAN_POINT('Origin',(74.5,-26.,7.));
#18578=CARTESIAN_POINT('',(74.5,-26.,7.));
#18579=CARTESIAN_POINT('',(57.5,-26.,7.));
#18580=CARTESIAN_POINT('',(74.5,-26.,7.));
#18581=CARTESIAN_POINT('',(57.5,-26.,17.));
#18582=CARTESIAN_POINT('',(57.5,-26.,7.));
#18583=CARTESIAN_POINT('',(74.5,-26.,17.));
#18584=CARTESIAN_POINT('',(74.5,-26.,17.));
#18585=CARTESIAN_POINT('',(74.5,-26.,7.));
#18586=CARTESIAN_POINT('Origin',(74.5,-76.,7.));
#18587=CARTESIAN_POINT('',(74.5,-76.,7.));
#18588=CARTESIAN_POINT('',(74.5,-76.,7.));
#18589=CARTESIAN_POINT('',(74.5,-76.,17.));
#18590=CARTESIAN_POINT('',(74.5,-76.,17.));
#18591=CARTESIAN_POINT('',(74.5,-76.,7.));
#18592=CARTESIAN_POINT('Origin',(57.5,-76.,7.));
#18593=CARTESIAN_POINT('',(57.5,-76.,7.));
#18594=CARTESIAN_POINT('',(57.5,-76.,7.));
#18595=CARTESIAN_POINT('',(57.5,-76.,17.));
#18596=CARTESIAN_POINT('',(57.5,-76.,17.));
#18597=CARTESIAN_POINT('',(57.5,-76.,7.));
#18598=CARTESIAN_POINT('Origin',(57.5,-26.,7.));
#18599=CARTESIAN_POINT('',(57.5,-26.,7.));
#18600=CARTESIAN_POINT('',(57.5,-26.,17.));
#18601=CARTESIAN_POINT('Origin',(66.,-51.,17.));
#18602=CARTESIAN_POINT('Origin',(66.,-51.,7.));
#18603=CARTESIAN_POINT('',(0.,0.,0.));
#18604=CARTESIAN_POINT('Origin',(-17.1,-66.4,7.));
#18605=CARTESIAN_POINT('',(-17.1,-66.4,7.));
#18606=CARTESIAN_POINT('',(-34.9,-66.4,7.));
#18607=CARTESIAN_POINT('',(-17.1,-66.4,7.));
#18608=CARTESIAN_POINT('',(-34.9,-66.4,10.));
#18609=CARTESIAN_POINT('',(-34.9,-66.4,7.));
#18610=CARTESIAN_POINT('',(-17.1,-66.4,10.));
#18611=CARTESIAN_POINT('',(-17.1,-66.4,10.));
#18612=CARTESIAN_POINT('',(-17.1,-66.4,7.));
#18613=CARTESIAN_POINT('Origin',(-17.1,-81.6,7.));
#18614=CARTESIAN_POINT('',(-17.1,-81.6,7.));
#18615=CARTESIAN_POINT('',(-17.1,-81.6,7.));
#18616=CARTESIAN_POINT('',(-17.1,-81.6,10.));
#18617=CARTESIAN_POINT('',(-17.1,-81.6,10.));
#18618=CARTESIAN_POINT('',(-17.1,-81.6,7.));
#18619=CARTESIAN_POINT('Origin',(-34.9,-81.6,7.));
#18620=CARTESIAN_POINT('',(-34.9,-81.6,7.));
#18621=CARTESIAN_POINT('',(-34.9,-81.6,7.));
#18622=CARTESIAN_POINT('',(-34.9,-81.6,10.));
#18623=CARTESIAN_POINT('',(-34.9,-81.6,10.));
#18624=CARTESIAN_POINT('',(-34.9,-81.6,7.));
#18625=CARTESIAN_POINT('Origin',(-34.9,-66.4,7.));
#18626=CARTESIAN_POINT('',(-34.9,-66.4,7.));
#18627=CARTESIAN_POINT('',(-34.9,-66.4,10.));
#18628=CARTESIAN_POINT('Origin',(-26.,-74.,10.));
#18629=CARTESIAN_POINT('Origin',(-26.,-74.,7.));
#18630=CARTESIAN_POINT('',(0.,0.,0.));
#18631=CARTESIAN_POINT('Origin',(3.6,-66.1,7.));
#18632=CARTESIAN_POINT('',(3.6,-66.1,7.));
#18633=CARTESIAN_POINT('',(-11.6,-66.1,7.));
#18634=CARTESIAN_POINT('',(3.6,-66.1,7.));
#18635=CARTESIAN_POINT('',(-11.6,-66.1,10.));
#18636=CARTESIAN_POINT('',(-11.6,-66.1,7.));
#18637=CARTESIAN_POINT('',(3.6,-66.1,10.));
#18638=CARTESIAN_POINT('',(3.6,-66.1,10.));
#18639=CARTESIAN_POINT('',(3.6,-66.1,7.));
#18640=CARTESIAN_POINT('Origin',(3.6,-83.9,7.));
#18641=CARTESIAN_POINT('',(3.6,-83.9,7.));
#18642=CARTESIAN_POINT('',(3.6,-83.9,7.));
#18643=CARTESIAN_POINT('',(3.6,-83.9,10.));
#18644=CARTESIAN_POINT('',(3.6,-83.9,10.));
#18645=CARTESIAN_POINT('',(3.6,-83.9,7.));
#18646=CARTESIAN_POINT('Origin',(-11.6,-83.9,7.));
#18647=CARTESIAN_POINT('',(-11.6,-83.9,7.));
#18648=CARTESIAN_POINT('',(-11.6,-83.9,7.));
#18649=CARTESIAN_POINT('',(-11.6,-83.9,10.));
#18650=CARTESIAN_POINT('',(-11.6,-83.9,10.));
#18651=CARTESIAN_POINT('',(-11.6,-83.9,7.));
#18652=CARTESIAN_POINT('Origin',(-11.6,-66.1,7.));
#18653=CARTESIAN_POINT('',(-11.6,-66.1,7.));
#18654=CARTESIAN_POINT('',(-11.6,-66.1,10.));
#18655=CARTESIAN_POINT('Origin',(-4.,-75.,10.));
#18656=CARTESIAN_POINT('Origin',(-4.,-75.,7.));
#18657=CARTESIAN_POINT('',(0.,0.,0.));
#18658=CARTESIAN_POINT('Origin',(23.6,-49.7,24.));
#18659=CARTESIAN_POINT('',(22.3,-49.7,25.));
#18660=CARTESIAN_POINT('Origin',(23.6,-49.7,25.));
#18661=CARTESIAN_POINT('',(22.3,-49.7,26.6));
#18662=CARTESIAN_POINT('',(22.3,-49.7,24.));
#18663=CARTESIAN_POINT('Origin',(23.6,-49.7,26.6));
#18664=CARTESIAN_POINT('Origin',(-23.6,-26.3,24.));
#18665=CARTESIAN_POINT('',(-24.9,-26.3,25.));
#18666=CARTESIAN_POINT('Origin',(-23.6,-26.3,25.));
#18667=CARTESIAN_POINT('',(-24.9,-26.3,26.6));
#18668=CARTESIAN_POINT('',(-24.9,-26.3,24.));
#18669=CARTESIAN_POINT('Origin',(-23.6,-26.3,26.6));
#18670=CARTESIAN_POINT('Origin',(-23.6,-49.7,24.));
#18671=CARTESIAN_POINT('',(-24.9,-49.7,25.));
#18672=CARTESIAN_POINT('Origin',(-23.6,-49.7,25.));
#18673=CARTESIAN_POINT('',(-24.9,-49.7,26.6));
#18674=CARTESIAN_POINT('',(-24.9,-49.7,24.));
#18675=CARTESIAN_POINT('Origin',(-23.6,-49.7,26.6));
#18676=CARTESIAN_POINT('Origin',(23.6,-26.3,24.));
#18677=CARTESIAN_POINT('',(22.3,-26.3,25.));
#18678=CARTESIAN_POINT('Origin',(23.6,-26.3,25.));
#18679=CARTESIAN_POINT('',(22.3,-26.3,26.6));
#18680=CARTESIAN_POINT('',(22.3,-26.3,24.));
#18681=CARTESIAN_POINT('Origin',(23.6,-26.3,26.6));
#18682=CARTESIAN_POINT('Origin',(25.75,-23.85,25.));
#18683=CARTESIAN_POINT('',(25.75,-23.85,25.));
#18684=CARTESIAN_POINT('',(-25.75,-23.85,25.));
#18685=CARTESIAN_POINT('',(25.75,-23.85,25.));
#18686=CARTESIAN_POINT('',(-25.75,-23.85,26.6));
#18687=CARTESIAN_POINT('',(-25.75,-23.85,25.));
#18688=CARTESIAN_POINT('',(25.75,-23.85,26.6));
#18689=CARTESIAN_POINT('',(25.75,-23.85,26.6));
#18690=CARTESIAN_POINT('',(25.75,-23.85,25.));
#18691=CARTESIAN_POINT('Origin',(25.75,-52.15,25.));
#18692=CARTESIAN_POINT('',(25.75,-52.15,25.));
#18693=CARTESIAN_POINT('',(25.75,-52.15,25.));
#18694=CARTESIAN_POINT('',(25.75,-52.15,26.6));
#18695=CARTESIAN_POINT('',(25.75,-52.15,26.6));
#18696=CARTESIAN_POINT('',(25.75,-52.15,25.));
#18697=CARTESIAN_POINT('Origin',(-25.75,-52.15,25.));
#18698=CARTESIAN_POINT('',(-25.75,-52.15,25.));
#18699=CARTESIAN_POINT('',(-25.75,-52.15,25.));
#18700=CARTESIAN_POINT('',(-25.75,-52.15,26.6));
#18701=CARTESIAN_POINT('',(-25.75,-52.15,26.6));
#18702=CARTESIAN_POINT('',(-25.75,-52.15,25.));
#18703=CARTESIAN_POINT('Origin',(-25.75,-23.85,25.));
#18704=CARTESIAN_POINT('',(-25.75,-23.85,25.));
#18705=CARTESIAN_POINT('',(-25.75,-23.85,26.6));
#18706=CARTESIAN_POINT('Origin',(0.,-38.,26.6));
#18707=CARTESIAN_POINT('Origin',(0.,-38.,25.));
#18708=CARTESIAN_POINT('Origin',(-0.25,-29.,26.6));
#18709=CARTESIAN_POINT('',(-0.25,-29.,26.6));
#18710=CARTESIAN_POINT('',(-25.75,-29.,26.6));
#18711=CARTESIAN_POINT('',(-0.25,-29.,26.6));
#18712=CARTESIAN_POINT('',(-25.75,-29.,29.7));
#18713=CARTESIAN_POINT('',(-25.75,-29.,26.6));
#18714=CARTESIAN_POINT('',(-0.249999999999999,-29.,29.7));
#18715=CARTESIAN_POINT('',(-0.25,-29.,29.7));
#18716=CARTESIAN_POINT('',(-0.25,-29.,26.6));
#18717=CARTESIAN_POINT('Origin',(-0.249999999999999,-47.,26.6));
#18718=CARTESIAN_POINT('',(-0.249999999999999,-47.,26.6));
#18719=CARTESIAN_POINT('',(-0.249999999999999,-47.,26.6));
#18720=CARTESIAN_POINT('',(-0.249999999999999,-47.,29.7));
#18721=CARTESIAN_POINT('',(-0.249999999999999,-47.,29.7));
#18722=CARTESIAN_POINT('',(-0.249999999999999,-47.,26.6));
#18723=CARTESIAN_POINT('Origin',(-25.75,-47.,26.6));
#18724=CARTESIAN_POINT('',(-25.75,-47.,26.6));
#18725=CARTESIAN_POINT('',(-25.75,-47.,26.6));
#18726=CARTESIAN_POINT('',(-25.75,-47.,29.7));
#18727=CARTESIAN_POINT('',(-25.75,-47.,29.7));
#18728=CARTESIAN_POINT('',(-25.75,-47.,26.6));
#18729=CARTESIAN_POINT('Origin',(-25.75,-29.,26.6));
#18730=CARTESIAN_POINT('',(-25.75,-29.,26.6));
#18731=CARTESIAN_POINT('',(-25.75,-29.,29.7));
#18732=CARTESIAN_POINT('Origin',(-13.,-38.,29.7));
#18733=CARTESIAN_POINT('Origin',(-13.,-38.,26.6));
#18734=CARTESIAN_POINT('Origin',(14.88,-49.43,8.5));
#18735=CARTESIAN_POINT('',(14.88,-49.43,8.5));
#18736=CARTESIAN_POINT('',(-20.72,-49.43,8.5));
#18737=CARTESIAN_POINT('',(14.88,-49.43,8.5));
#18738=CARTESIAN_POINT('',(-20.72,-49.43,25.));
#18739=CARTESIAN_POINT('',(-20.72,-49.43,8.5));
#18740=CARTESIAN_POINT('',(14.88,-49.43,25.));
#18741=CARTESIAN_POINT('',(14.88,-49.43,25.));
#18742=CARTESIAN_POINT('',(14.88,-49.43,8.5));
#18743=CARTESIAN_POINT('Origin',(14.88,-51.97,8.5));
#18744=CARTESIAN_POINT('',(14.88,-51.97,8.5));
#18745=CARTESIAN_POINT('',(14.88,-51.97,8.5));
#18746=CARTESIAN_POINT('',(14.88,-51.97,25.));
#18747=CARTESIAN_POINT('',(14.88,-51.97,25.));
#18748=CARTESIAN_POINT('',(14.88,-51.97,8.5));
#18749=CARTESIAN_POINT('Origin',(-20.72,-51.97,8.5));
#18750=CARTESIAN_POINT('',(-20.72,-51.97,8.5));
#18751=CARTESIAN_POINT('',(-20.72,-51.97,8.5));
#18752=CARTESIAN_POINT('',(-20.72,-51.97,25.));
#18753=CARTESIAN_POINT('',(-20.72,-51.97,25.));
#18754=CARTESIAN_POINT('',(-20.72,-51.97,8.5));
#18755=CARTESIAN_POINT('Origin',(-20.72,-49.43,8.5));
#18756=CARTESIAN_POINT('',(-20.72,-49.43,8.5));
#18757=CARTESIAN_POINT('',(-20.72,-49.43,25.));
#18758=CARTESIAN_POINT('Origin',(-2.92,-50.7,25.));
#18759=CARTESIAN_POINT('Origin',(-2.92,-50.7,8.5));
#18760=CARTESIAN_POINT('Origin',(14.88,-24.03,8.5));
#18761=CARTESIAN_POINT('',(14.88,-24.03,8.5));
#18762=CARTESIAN_POINT('',(-20.72,-24.03,8.5));
#18763=CARTESIAN_POINT('',(14.88,-24.03,8.5));
#18764=CARTESIAN_POINT('',(-20.72,-24.03,25.));
#18765=CARTESIAN_POINT('',(-20.72,-24.03,8.5));
#18766=CARTESIAN_POINT('',(14.88,-24.03,25.));
#18767=CARTESIAN_POINT('',(14.88,-24.03,25.));
#18768=CARTESIAN_POINT('',(14.88,-24.03,8.5));
#18769=CARTESIAN_POINT('Origin',(14.88,-26.57,8.5));
#18770=CARTESIAN_POINT('',(14.88,-26.57,8.5));
#18771=CARTESIAN_POINT('',(14.88,-26.57,8.5));
#18772=CARTESIAN_POINT('',(14.88,-26.57,25.));
#18773=CARTESIAN_POINT('',(14.88,-26.57,25.));
#18774=CARTESIAN_POINT('',(14.88,-26.57,8.5));
#18775=CARTESIAN_POINT('Origin',(-20.72,-26.57,8.5));
#18776=CARTESIAN_POINT('',(-20.72,-26.57,8.5));
#18777=CARTESIAN_POINT('',(-20.72,-26.57,8.5));
#18778=CARTESIAN_POINT('',(-20.72,-26.57,25.));
#18779=CARTESIAN_POINT('',(-20.72,-26.57,25.));
#18780=CARTESIAN_POINT('',(-20.72,-26.57,8.5));
#18781=CARTESIAN_POINT('Origin',(-20.72,-24.03,8.5));
#18782=CARTESIAN_POINT('',(-20.72,-24.03,8.5));
#18783=CARTESIAN_POINT('',(-20.72,-24.03,25.));
#18784=CARTESIAN_POINT('Origin',(-2.92,-25.3,25.));
#18785=CARTESIAN_POINT('Origin',(-2.92,-25.3,8.5));
#18786=CARTESIAN_POINT('',(0.,0.,0.));
#18787=CARTESIAN_POINT('Origin',(38.19,-70.,48.));
#18788=CARTESIAN_POINT('',(37.19,-70.,49.));
#18789=CARTESIAN_POINT('Origin',(38.19,-70.,49.));
#18790=CARTESIAN_POINT('',(37.19,-70.,55.35));
#18791=CARTESIAN_POINT('',(37.19,-70.,48.));
#18792=CARTESIAN_POINT('Origin',(38.19,-70.,55.35));
#18793=CARTESIAN_POINT('Origin',(45.81,-70.,48.));
#18794=CARTESIAN_POINT('',(44.81,-70.,49.));
#18795=CARTESIAN_POINT('Origin',(45.81,-70.,49.));
#18796=CARTESIAN_POINT('',(44.81,-70.,55.35));
#18797=CARTESIAN_POINT('',(44.81,-70.,48.));
#18798=CARTESIAN_POINT('Origin',(45.81,-70.,55.35));
#18799=CARTESIAN_POINT('Origin',(48.35,-63.65,49.));
#18800=CARTESIAN_POINT('',(48.35,-63.65,49.));
#18801=CARTESIAN_POINT('',(35.65,-63.65,49.));
#18802=CARTESIAN_POINT('',(48.35,-63.65,49.));
#18803=CARTESIAN_POINT('',(35.65,-63.65,55.35));
#18804=CARTESIAN_POINT('',(35.65,-63.65,49.));
#18805=CARTESIAN_POINT('',(48.35,-63.65,55.35));
#18806=CARTESIAN_POINT('',(48.35,-63.65,55.35));
#18807=CARTESIAN_POINT('',(48.35,-63.65,49.));
#18808=CARTESIAN_POINT('Origin',(48.35,-76.35,49.));
#18809=CARTESIAN_POINT('',(48.35,-76.35,49.));
#18810=CARTESIAN_POINT('',(48.35,-76.35,49.));
#18811=CARTESIAN_POINT('',(48.35,-76.35,55.35));
#18812=CARTESIAN_POINT('',(48.35,-76.35,55.35));
#18813=CARTESIAN_POINT('',(48.35,-76.35,49.));
#18814=CARTESIAN_POINT('Origin',(35.65,-76.35,49.));
#18815=CARTESIAN_POINT('',(35.65,-76.35,49.));
#18816=CARTESIAN_POINT('',(35.65,-76.35,49.));
#18817=CARTESIAN_POINT('',(35.65,-76.35,55.35));
#18818=CARTESIAN_POINT('',(35.65,-76.35,55.35));
#18819=CARTESIAN_POINT('',(35.65,-76.35,49.));
#18820=CARTESIAN_POINT('Origin',(35.65,-63.65,49.));
#18821=CARTESIAN_POINT('',(35.65,-63.65,49.));
#18822=CARTESIAN_POINT('',(35.65,-63.65,55.35));
#18823=CARTESIAN_POINT('Origin',(42.,-70.,55.35));
#18824=CARTESIAN_POINT('Origin',(42.,-70.,49.));
#18825=CARTESIAN_POINT('',(0.,0.,0.));
#18826=CARTESIAN_POINT('',(0.,0.,0.));
#18827=CARTESIAN_POINT('',(0.,0.,0.));
#18828=CARTESIAN_POINT('',(0.,0.,0.));
#18829=CARTESIAN_POINT('',(0.,0.,0.));
#18830=CARTESIAN_POINT('',(0.,0.,0.));
#18831=CARTESIAN_POINT('',(0.,0.,0.));
#18832=CARTESIAN_POINT('',(0.,0.,0.));
#18833=CARTESIAN_POINT('',(0.,0.,0.));
#18834=CARTESIAN_POINT('',(0.,0.,0.));
#18835=CARTESIAN_POINT('',(0.,0.,0.));
#18836=CARTESIAN_POINT('Origin',(-75.,0.,55.));
#18837=CARTESIAN_POINT('',(-76.7,-90.,55.));
#18838=CARTESIAN_POINT('Origin',(-75.,-90.,55.));
#18839=CARTESIAN_POINT('',(-76.7,-88.,55.));
#18840=CARTESIAN_POINT('',(-76.7,0.,55.));
#18841=CARTESIAN_POINT('Origin',(-75.,-88.,55.));
#18842=CARTESIAN_POINT('Origin',(-75.,0.,20.));
#18843=CARTESIAN_POINT('',(-76.7,-90.,20.));
#18844=CARTESIAN_POINT('Origin',(-75.,-90.,20.));
#18845=CARTESIAN_POINT('',(-76.7,-88.,20.));
#18846=CARTESIAN_POINT('',(-76.7,0.,20.));
#18847=CARTESIAN_POINT('Origin',(-75.,-88.,20.));
#18848=CARTESIAN_POINT('Origin',(75.,0.,55.));
#18849=CARTESIAN_POINT('',(73.3,-90.,55.));
#18850=CARTESIAN_POINT('Origin',(75.,-90.,55.));
#18851=CARTESIAN_POINT('',(73.3,-88.,55.));
#18852=CARTESIAN_POINT('',(73.3,0.,55.));
#18853=CARTESIAN_POINT('Origin',(75.,-88.,55.));
#18854=CARTESIAN_POINT('Origin',(75.,0.,20.));
#18855=CARTESIAN_POINT('',(73.3,-90.,20.));
#18856=CARTESIAN_POINT('Origin',(75.,-90.,20.));
#18857=CARTESIAN_POINT('',(73.3,-88.,20.));
#18858=CARTESIAN_POINT('',(73.3,0.,20.));
#18859=CARTESIAN_POINT('Origin',(75.,-88.,20.));
#18860=CARTESIAN_POINT('Origin',(78.,-88.,5.));
#18861=CARTESIAN_POINT('',(78.,-88.,5.));
#18862=CARTESIAN_POINT('',(-78.,-88.,5.));
#18863=CARTESIAN_POINT('',(78.,-88.,5.));
#18864=CARTESIAN_POINT('',(-78.,-88.,83.));
#18865=CARTESIAN_POINT('',(-78.,-88.,5.));
#18866=CARTESIAN_POINT('',(78.,-88.,83.));
#18867=CARTESIAN_POINT('',(78.,-88.,83.));
#18868=CARTESIAN_POINT('',(78.,-88.,5.));
#18869=CARTESIAN_POINT('Origin',(78.,-90.,5.));
#18870=CARTESIAN_POINT('',(78.,-90.,5.));
#18871=CARTESIAN_POINT('',(78.,-90.,5.));
#18872=CARTESIAN_POINT('',(78.,-90.,83.));
#18873=CARTESIAN_POINT('',(78.,-90.,83.));
#18874=CARTESIAN_POINT('',(78.,-90.,5.));
#18875=CARTESIAN_POINT('Origin',(-78.,-90.,5.));
#18876=CARTESIAN_POINT('',(-78.,-90.,5.));
#18877=CARTESIAN_POINT('',(-78.,-90.,5.));
#18878=CARTESIAN_POINT('',(-78.,-90.,83.));
#18879=CARTESIAN_POINT('',(-78.,-90.,83.));
#18880=CARTESIAN_POINT('',(-78.,-90.,5.));
#18881=CARTESIAN_POINT('Origin',(-78.,-88.,5.));
#18882=CARTESIAN_POINT('',(-78.,-88.,5.));
#18883=CARTESIAN_POINT('',(-78.,-88.,83.));
#18884=CARTESIAN_POINT('Origin',(0.,-89.,83.));
#18885=CARTESIAN_POINT('Origin',(0.,-89.,5.));
#18886=CARTESIAN_POINT('',(0.,0.,0.));
#18887=CARTESIAN_POINT('',(0.,0.,0.));
#18888=CARTESIAN_POINT('',(0.,0.,0.));
#18889=CARTESIAN_POINT('Origin',(-34.,-46.,31.6));
#18890=CARTESIAN_POINT('',(-35.45,-46.,32.6));
#18891=CARTESIAN_POINT('Origin',(-34.,-46.,32.6));
#18892=CARTESIAN_POINT('',(-35.45,-46.,34.6));
#18893=CARTESIAN_POINT('',(-35.45,-46.,31.6));
#18894=CARTESIAN_POINT('Origin',(-34.,-46.,34.6));
#18895=CARTESIAN_POINT('Origin',(34.,-30.,31.6));
#18896=CARTESIAN_POINT('',(32.55,-30.,32.6));
#18897=CARTESIAN_POINT('Origin',(34.,-30.,32.6));
#18898=CARTESIAN_POINT('',(32.55,-30.,34.6));
#18899=CARTESIAN_POINT('',(32.55,-30.,31.6));
#18900=CARTESIAN_POINT('Origin',(34.,-30.,34.6));
#18901=CARTESIAN_POINT('Origin',(-34.,-30.,31.6));
#18902=CARTESIAN_POINT('',(-35.45,-30.,32.6));
#18903=CARTESIAN_POINT('Origin',(-34.,-30.,32.6));
#18904=CARTESIAN_POINT('',(-35.45,-30.,34.6));
#18905=CARTESIAN_POINT('',(-35.45,-30.,31.6));
#18906=CARTESIAN_POINT('Origin',(-34.,-30.,34.6));
#18907=CARTESIAN_POINT('Origin',(34.,-46.,31.6));
#18908=CARTESIAN_POINT('',(32.55,-46.,32.6));
#18909=CARTESIAN_POINT('Origin',(34.,-46.,32.6));
#18910=CARTESIAN_POINT('',(32.55,-46.,34.6));
#18911=CARTESIAN_POINT('',(32.55,-46.,31.6));
#18912=CARTESIAN_POINT('Origin',(34.,-46.,34.6));
#18913=CARTESIAN_POINT('Origin',(-39.,-43.,32.6));
#18914=CARTESIAN_POINT('',(-35.,-43.,34.6));
#18915=CARTESIAN_POINT('',(-39.,-43.,34.6));
#18916=CARTESIAN_POINT('',(-19.5,-43.,34.6));
#18917=CARTESIAN_POINT('',(-35.,-43.,32.6));
#18918=CARTESIAN_POINT('',(-35.,-43.,32.6));
#18919=CARTESIAN_POINT('',(-39.,-43.,32.6));
#18920=CARTESIAN_POINT('',(-19.5,-43.,32.6));
#18921=CARTESIAN_POINT('',(-39.,-43.,32.6));
#18922=CARTESIAN_POINT('Origin',(-39.,-33.,32.6));
#18923=CARTESIAN_POINT('',(-39.,-33.,34.6));
#18924=CARTESIAN_POINT('',(-39.,-35.5,34.6));
#18925=CARTESIAN_POINT('',(-39.,-33.,32.6));
#18926=CARTESIAN_POINT('',(-39.,-35.5,32.6));
#18927=CARTESIAN_POINT('',(-39.,-33.,32.6));
#18928=CARTESIAN_POINT('Origin',(-35.,-33.,32.6));
#18929=CARTESIAN_POINT('',(-35.,-33.,34.6));
#18930=CARTESIAN_POINT('',(-17.5,-33.,34.6));
#18931=CARTESIAN_POINT('',(-35.,-33.,32.6));
#18932=CARTESIAN_POINT('',(-17.5,-33.,32.6));
#18933=CARTESIAN_POINT('',(-35.,-33.,32.6));
#18934=CARTESIAN_POINT('Origin',(-35.,-43.,32.6));
#18935=CARTESIAN_POINT('',(-35.,-40.5,34.6));
#18936=CARTESIAN_POINT('',(-35.,-40.5,32.6));
#18937=CARTESIAN_POINT('Origin',(35.,-43.,32.6));
#18938=CARTESIAN_POINT('',(39.,-43.,34.6));
#18939=CARTESIAN_POINT('',(35.,-43.,34.6));
#18940=CARTESIAN_POINT('',(17.5,-43.,34.6));
#18941=CARTESIAN_POINT('',(39.,-43.,32.6));
#18942=CARTESIAN_POINT('',(39.,-43.,32.6));
#18943=CARTESIAN_POINT('',(35.,-43.,32.6));
#18944=CARTESIAN_POINT('',(17.5,-43.,32.6));
#18945=CARTESIAN_POINT('',(35.,-43.,32.6));
#18946=CARTESIAN_POINT('Origin',(35.,-33.,32.6));
#18947=CARTESIAN_POINT('',(35.,-33.,34.6));
#18948=CARTESIAN_POINT('',(35.,-35.5,34.6));
#18949=CARTESIAN_POINT('',(35.,-33.,32.6));
#18950=CARTESIAN_POINT('',(35.,-35.5,32.6));
#18951=CARTESIAN_POINT('',(35.,-33.,32.6));
#18952=CARTESIAN_POINT('Origin',(39.,-33.,32.6));
#18953=CARTESIAN_POINT('',(39.,-33.,34.6));
#18954=CARTESIAN_POINT('',(19.5,-33.,34.6));
#18955=CARTESIAN_POINT('',(39.,-33.,32.6));
#18956=CARTESIAN_POINT('',(19.5,-33.,32.6));
#18957=CARTESIAN_POINT('',(39.,-33.,32.6));
#18958=CARTESIAN_POINT('Origin',(39.,-43.,32.6));
#18959=CARTESIAN_POINT('',(39.,-40.5,34.6));
#18960=CARTESIAN_POINT('',(39.,-40.5,32.6));
#18961=CARTESIAN_POINT('Origin',(52.,-20.5,32.6));
#18962=CARTESIAN_POINT('',(52.,-20.5,32.6));
#18963=CARTESIAN_POINT('',(-52.,-20.5,32.6));
#18964=CARTESIAN_POINT('',(52.,-20.5,32.6));
#18965=CARTESIAN_POINT('',(-52.,-20.5,34.6));
#18966=CARTESIAN_POINT('',(-52.,-20.5,32.6));
#18967=CARTESIAN_POINT('',(52.,-20.5,34.6));
#18968=CARTESIAN_POINT('',(52.,-20.5,34.6));
#18969=CARTESIAN_POINT('',(52.,-20.5,32.6));
#18970=CARTESIAN_POINT('Origin',(52.,-55.5,32.6));
#18971=CARTESIAN_POINT('',(52.,-55.5,32.6));
#18972=CARTESIAN_POINT('',(52.,-55.5,32.6));
#18973=CARTESIAN_POINT('',(52.,-55.5,34.6));
#18974=CARTESIAN_POINT('',(52.,-55.5,34.6));
#18975=CARTESIAN_POINT('',(52.,-55.5,32.6));
#18976=CARTESIAN_POINT('Origin',(-52.,-55.5,32.6));
#18977=CARTESIAN_POINT('',(-52.,-55.5,32.6));
#18978=CARTESIAN_POINT('',(-52.,-55.5,32.6));
#18979=CARTESIAN_POINT('',(-52.,-55.5,34.6));
#18980=CARTESIAN_POINT('',(-52.,-55.5,34.6));
#18981=CARTESIAN_POINT('',(-52.,-55.5,32.6));
#18982=CARTESIAN_POINT('Origin',(-52.,-20.5,32.6));
#18983=CARTESIAN_POINT('',(-52.,-20.5,32.6));
#18984=CARTESIAN_POINT('',(-52.,-20.5,34.6));
#18985=CARTESIAN_POINT('Origin',(0.,-38.,34.6));
#18986=CARTESIAN_POINT('Origin',(0.,-38.,32.6));
#18987=CARTESIAN_POINT('Origin',(52.,-18.5,34.6));
#18988=CARTESIAN_POINT('',(52.,-18.5,34.6));
#18989=CARTESIAN_POINT('',(-52.,-18.5,34.6));
#18990=CARTESIAN_POINT('',(52.,-18.5,34.6));
#18991=CARTESIAN_POINT('',(-52.,-18.5,39.6));
#18992=CARTESIAN_POINT('',(-52.,-18.5,34.6));
#18993=CARTESIAN_POINT('',(52.,-18.5,39.6));
#18994=CARTESIAN_POINT('',(52.,-18.5,39.6));
#18995=CARTESIAN_POINT('',(52.,-18.5,34.6));
#18996=CARTESIAN_POINT('Origin',(52.,-20.5,34.6));
#18997=CARTESIAN_POINT('',(52.,-20.5,34.6));
#18998=CARTESIAN_POINT('',(52.,-20.5,34.6));
#18999=CARTESIAN_POINT('',(52.,-20.5,39.6));
#19000=CARTESIAN_POINT('',(52.,-20.5,39.6));
#19001=CARTESIAN_POINT('',(52.,-20.5,34.6));
#19002=CARTESIAN_POINT('Origin',(-52.,-20.5,34.6));
#19003=CARTESIAN_POINT('',(-52.,-20.5,34.6));
#19004=CARTESIAN_POINT('',(52.,-20.5,34.6));
#19005=CARTESIAN_POINT('',(-52.,-20.5,39.6));
#19006=CARTESIAN_POINT('',(-52.,-20.5,39.6));
#19007=CARTESIAN_POINT('',(-52.,-20.5,34.6));
#19008=CARTESIAN_POINT('Origin',(-52.,-18.5,34.6));
#19009=CARTESIAN_POINT('',(-52.,-18.5,34.6));
#19010=CARTESIAN_POINT('',(-52.,-18.5,39.6));
#19011=CARTESIAN_POINT('Origin',(0.,-19.5,39.6));
#19012=CARTESIAN_POINT('Origin',(0.,-19.5,34.6));
#19013=CARTESIAN_POINT('Origin',(0.,-56.5,34.6));
#19014=CARTESIAN_POINT('',(-52.,-55.5,34.6));
#19015=CARTESIAN_POINT('',(-52.,-57.5,34.6));
#19016=CARTESIAN_POINT('',(-52.,-55.5,34.6));
#19017=CARTESIAN_POINT('',(52.,-55.5,34.6));
#19018=CARTESIAN_POINT('',(-52.,-55.5,34.6));
#19019=CARTESIAN_POINT('',(52.,-57.5,34.6));
#19020=CARTESIAN_POINT('',(52.,-57.5,34.6));
#19021=CARTESIAN_POINT('',(-52.,-57.5,34.6));
#19022=CARTESIAN_POINT('Origin',(0.,-56.5,39.6));
#19023=CARTESIAN_POINT('',(-52.,-55.5,39.6));
#19024=CARTESIAN_POINT('',(-52.,-57.5,39.6));
#19025=CARTESIAN_POINT('',(-52.,-55.5,39.6));
#19026=CARTESIAN_POINT('',(52.,-57.5,39.6));
#19027=CARTESIAN_POINT('',(-52.,-57.5,39.6));
#19028=CARTESIAN_POINT('',(52.,-55.5,39.6));
#19029=CARTESIAN_POINT('',(52.,-57.5,39.6));
#19030=CARTESIAN_POINT('',(52.,-55.5,39.6));
#19031=CARTESIAN_POINT('Origin',(-52.,-55.5,34.6));
#19032=CARTESIAN_POINT('',(-52.,-57.5,34.6));
#19033=CARTESIAN_POINT('',(-52.,-55.5,34.6));
#19034=CARTESIAN_POINT('Origin',(-52.,-57.5,34.6));
#19035=CARTESIAN_POINT('',(52.,-57.5,34.6));
#19036=CARTESIAN_POINT('Origin',(52.,-57.5,34.6));
#19037=CARTESIAN_POINT('',(52.,-55.5,34.6));
#19038=CARTESIAN_POINT('Origin',(52.,-55.5,34.6));
#19039=CARTESIAN_POINT('',(0.,0.,0.));
#19040=CARTESIAN_POINT('Origin',(-34.,-30.,5.));
#19041=CARTESIAN_POINT('',(-35.05,-30.,5.));
#19042=CARTESIAN_POINT('Origin',(-34.,-30.,5.));
#19043=CARTESIAN_POINT('',(-35.05,-30.,13.));
#19044=CARTESIAN_POINT('',(-35.05,-30.,5.));
#19045=CARTESIAN_POINT('Origin',(-34.,-30.,13.));
#19046=CARTESIAN_POINT('Origin',(-34.,-30.,13.));
#19047=CARTESIAN_POINT('Origin',(-34.,-30.,32.6));
#19048=CARTESIAN_POINT('',(-35.05,-30.,32.6));
#19049=CARTESIAN_POINT('Origin',(-34.,-30.,32.6));
#19050=CARTESIAN_POINT('',(-35.05,-30.,24.6));
#19051=CARTESIAN_POINT('',(-35.05,-30.,32.6));
#19052=CARTESIAN_POINT('Origin',(-34.,-30.,24.6));
#19053=CARTESIAN_POINT('Origin',(-34.,-30.,24.6));
#19054=CARTESIAN_POINT('Origin',(-34.,-30.,5.));
#19055=CARTESIAN_POINT('',(-36.5,-30.,32.6));
#19056=CARTESIAN_POINT('Origin',(-34.,-30.,32.6));
#19057=CARTESIAN_POINT('',(-36.5,-30.,5.));
#19058=CARTESIAN_POINT('',(-36.5,-30.,5.));
#19059=CARTESIAN_POINT('Origin',(-34.,-30.,5.));
#19060=CARTESIAN_POINT('Origin',(-34.,-30.,32.6));
#19061=CARTESIAN_POINT('Origin',(-34.,-30.,5.));
#19062=CARTESIAN_POINT('',(0.,0.,0.));
#19063=CARTESIAN_POINT('Origin',(34.,-30.,5.));
#19064=CARTESIAN_POINT('',(32.95,-30.,5.));
#19065=CARTESIAN_POINT('Origin',(34.,-30.,5.));
#19066=CARTESIAN_POINT('',(32.95,-30.,13.));
#19067=CARTESIAN_POINT('',(32.95,-30.,5.));
#19068=CARTESIAN_POINT('Origin',(34.,-30.,13.));
#19069=CARTESIAN_POINT('Origin',(34.,-30.,13.));
#19070=CARTESIAN_POINT('Origin',(34.,-30.,32.6));
#19071=CARTESIAN_POINT('',(32.95,-30.,32.6));
#19072=CARTESIAN_POINT('Origin',(34.,-30.,32.6));
#19073=CARTESIAN_POINT('',(32.95,-30.,24.6));
#19074=CARTESIAN_POINT('',(32.95,-30.,32.6));
#19075=CARTESIAN_POINT('Origin',(34.,-30.,24.6));
#19076=CARTESIAN_POINT('Origin',(34.,-30.,24.6));
#19077=CARTESIAN_POINT('Origin',(34.,-30.,5.));
#19078=CARTESIAN_POINT('',(31.5,-30.,32.6));
#19079=CARTESIAN_POINT('Origin',(34.,-30.,32.6));
#19080=CARTESIAN_POINT('',(31.5,-30.,5.));
#19081=CARTESIAN_POINT('',(31.5,-30.,5.));
#19082=CARTESIAN_POINT('Origin',(34.,-30.,5.));
#19083=CARTESIAN_POINT('Origin',(34.,-30.,32.6));
#19084=CARTESIAN_POINT('Origin',(34.,-30.,5.));
#19085=CARTESIAN_POINT('',(0.,0.,0.));
#19086=CARTESIAN_POINT('Origin',(-34.,-46.,5.));
#19087=CARTESIAN_POINT('',(-35.05,-46.,5.));
#19088=CARTESIAN_POINT('Origin',(-34.,-46.,5.));
#19089=CARTESIAN_POINT('',(-35.05,-46.,13.));
#19090=CARTESIAN_POINT('',(-35.05,-46.,5.));
#19091=CARTESIAN_POINT('Origin',(-34.,-46.,13.));
#19092=CARTESIAN_POINT('Origin',(-34.,-46.,13.));
#19093=CARTESIAN_POINT('Origin',(-34.,-46.,32.6));
#19094=CARTESIAN_POINT('',(-35.05,-46.,32.6));
#19095=CARTESIAN_POINT('Origin',(-34.,-46.,32.6));
#19096=CARTESIAN_POINT('',(-35.05,-46.,24.6));
#19097=CARTESIAN_POINT('',(-35.05,-46.,32.6));
#19098=CARTESIAN_POINT('Origin',(-34.,-46.,24.6));
#19099=CARTESIAN_POINT('Origin',(-34.,-46.,24.6));
#19100=CARTESIAN_POINT('Origin',(-34.,-46.,5.));
#19101=CARTESIAN_POINT('',(-36.5,-46.,32.6));
#19102=CARTESIAN_POINT('Origin',(-34.,-46.,32.6));
#19103=CARTESIAN_POINT('',(-36.5,-46.,5.));
#19104=CARTESIAN_POINT('',(-36.5,-46.,5.));
#19105=CARTESIAN_POINT('Origin',(-34.,-46.,5.));
#19106=CARTESIAN_POINT('Origin',(-34.,-46.,32.6));
#19107=CARTESIAN_POINT('Origin',(-34.,-46.,5.));
#19108=CARTESIAN_POINT('',(0.,0.,0.));
#19109=CARTESIAN_POINT('Origin',(34.,-46.,5.));
#19110=CARTESIAN_POINT('',(32.95,-46.,5.));
#19111=CARTESIAN_POINT('Origin',(34.,-46.,5.));
#19112=CARTESIAN_POINT('',(32.95,-46.,13.));
#19113=CARTESIAN_POINT('',(32.95,-46.,5.));
#19114=CARTESIAN_POINT('Origin',(34.,-46.,13.));
#19115=CARTESIAN_POINT('Origin',(34.,-46.,13.));
#19116=CARTESIAN_POINT('Origin',(34.,-46.,32.6));
#19117=CARTESIAN_POINT('',(32.95,-46.,32.6));
#19118=CARTESIAN_POINT('Origin',(34.,-46.,32.6));
#19119=CARTESIAN_POINT('',(32.95,-46.,24.6));
#19120=CARTESIAN_POINT('',(32.95,-46.,32.6));
#19121=CARTESIAN_POINT('Origin',(34.,-46.,24.6));
#19122=CARTESIAN_POINT('Origin',(34.,-46.,24.6));
#19123=CARTESIAN_POINT('Origin',(34.,-46.,5.));
#19124=CARTESIAN_POINT('',(31.5,-46.,32.6));
#19125=CARTESIAN_POINT('Origin',(34.,-46.,32.6));
#19126=CARTESIAN_POINT('',(31.5,-46.,5.));
#19127=CARTESIAN_POINT('',(31.5,-46.,5.));
#19128=CARTESIAN_POINT('Origin',(34.,-46.,5.));
#19129=CARTESIAN_POINT('Origin',(34.,-46.,32.6));
#19130=CARTESIAN_POINT('Origin',(34.,-46.,5.));
#19131=CARTESIAN_POINT('',(0.,0.,0.));
#19132=CARTESIAN_POINT('Origin',(32.5,-70.,5.));
#19133=CARTESIAN_POINT('',(31.45,-70.,5.));
#19134=CARTESIAN_POINT('Origin',(32.5,-70.,5.));
#19135=CARTESIAN_POINT('',(31.45,-70.,13.));
#19136=CARTESIAN_POINT('',(31.45,-70.,5.));
#19137=CARTESIAN_POINT('Origin',(32.5,-70.,13.));
#19138=CARTESIAN_POINT('Origin',(32.5,-70.,13.));
#19139=CARTESIAN_POINT('Origin',(32.5,-70.,45.));
#19140=CARTESIAN_POINT('',(31.45,-70.,45.));
#19141=CARTESIAN_POINT('Origin',(32.5,-70.,45.));
#19142=CARTESIAN_POINT('',(31.45,-70.,37.));
#19143=CARTESIAN_POINT('',(31.45,-70.,45.));
#19144=CARTESIAN_POINT('Origin',(32.5,-70.,37.));
#19145=CARTESIAN_POINT('Origin',(32.5,-70.,37.));
#19146=CARTESIAN_POINT('Origin',(32.5,-70.,5.));
#19147=CARTESIAN_POINT('',(29.5,-70.,45.));
#19148=CARTESIAN_POINT('Origin',(32.5,-70.,45.));
#19149=CARTESIAN_POINT('',(29.5,-70.,5.));
#19150=CARTESIAN_POINT('',(29.5,-70.,5.));
#19151=CARTESIAN_POINT('Origin',(32.5,-70.,5.));
#19152=CARTESIAN_POINT('Origin',(32.5,-70.,45.));
#19153=CARTESIAN_POINT('Origin',(32.5,-70.,5.));
#19154=CARTESIAN_POINT('',(0.,0.,0.));
#19155=CARTESIAN_POINT('Origin',(51.5,-70.,5.));
#19156=CARTESIAN_POINT('',(50.45,-70.,5.));
#19157=CARTESIAN_POINT('Origin',(51.5,-70.,5.));
#19158=CARTESIAN_POINT('',(50.45,-70.,13.));
#19159=CARTESIAN_POINT('',(50.45,-70.,5.));
#19160=CARTESIAN_POINT('Origin',(51.5,-70.,13.));
#19161=CARTESIAN_POINT('Origin',(51.5,-70.,13.));
#19162=CARTESIAN_POINT('Origin',(51.5,-70.,45.));
#19163=CARTESIAN_POINT('',(50.45,-70.,45.));
#19164=CARTESIAN_POINT('Origin',(51.5,-70.,45.));
#19165=CARTESIAN_POINT('',(50.45,-70.,37.));
#19166=CARTESIAN_POINT('',(50.45,-70.,45.));
#19167=CARTESIAN_POINT('Origin',(51.5,-70.,37.));
#19168=CARTESIAN_POINT('Origin',(51.5,-70.,37.));
#19169=CARTESIAN_POINT('Origin',(51.5,-70.,5.));
#19170=CARTESIAN_POINT('',(48.5,-70.,45.));
#19171=CARTESIAN_POINT('Origin',(51.5,-70.,45.));
#19172=CARTESIAN_POINT('',(48.5,-70.,5.));
#19173=CARTESIAN_POINT('',(48.5,-70.,5.));
#19174=CARTESIAN_POINT('Origin',(51.5,-70.,5.));
#19175=CARTESIAN_POINT('Origin',(51.5,-70.,45.));
#19176=CARTESIAN_POINT('Origin',(51.5,-70.,5.));
#19177=CARTESIAN_POINT('',(0.,0.,0.));
#19178=CARTESIAN_POINT('Origin',(21.85,28.,4.));
#19179=CARTESIAN_POINT('',(20.15,28.,5.));
#19180=CARTESIAN_POINT('Origin',(21.85,28.,5.));
#19181=CARTESIAN_POINT('',(20.15,28.,7.));
#19182=CARTESIAN_POINT('',(20.15,28.,4.));
#19183=CARTESIAN_POINT('Origin',(21.85,28.,7.));
#19184=CARTESIAN_POINT('Origin',(48.15,28.,4.));
#19185=CARTESIAN_POINT('',(46.45,28.,5.));
#19186=CARTESIAN_POINT('Origin',(48.15,28.,5.));
#19187=CARTESIAN_POINT('',(46.45,28.,7.));
#19188=CARTESIAN_POINT('',(46.45,28.,4.));
#19189=CARTESIAN_POINT('Origin',(48.15,28.,7.));
#19190=CARTESIAN_POINT('Origin',(33.,39.45,4.));
#19191=CARTESIAN_POINT('',(33.,38.45,6.2));
#19192=CARTESIAN_POINT('',(33.,38.45,5.));
#19193=CARTESIAN_POINT('',(33.,38.45,4.5));
#19194=CARTESIAN_POINT('',(33.,17.55,6.2));
#19195=CARTESIAN_POINT('',(33.,39.45,6.2));
#19196=CARTESIAN_POINT('',(33.,17.55,5.));
#19197=CARTESIAN_POINT('',(33.,17.55,4.5));
#19198=CARTESIAN_POINT('',(33.,33.725,5.));
#19199=CARTESIAN_POINT('Origin',(35.,28.,6.2));
#19200=CARTESIAN_POINT('',(37.,38.45,6.2));
#19201=CARTESIAN_POINT('',(44.475,38.45,6.2));
#19202=CARTESIAN_POINT('',(37.,17.55,6.2));
#19203=CARTESIAN_POINT('',(37.,16.55,6.2));
#19204=CARTESIAN_POINT('',(25.525,17.55,6.2));
#19205=CARTESIAN_POINT('Origin',(37.,16.55,4.));
#19206=CARTESIAN_POINT('',(37.,38.45,5.));
#19207=CARTESIAN_POINT('',(37.,38.45,4.5));
#19208=CARTESIAN_POINT('',(37.,17.55,5.));
#19209=CARTESIAN_POINT('',(37.,22.275,5.));
#19210=CARTESIAN_POINT('',(37.,17.55,4.5));
#19211=CARTESIAN_POINT('Origin',(53.95,38.45,5.));
#19212=CARTESIAN_POINT('',(16.05,38.45,5.));
#19213=CARTESIAN_POINT('',(53.95,38.45,5.));
#19214=CARTESIAN_POINT('',(16.05,38.45,10.5));
#19215=CARTESIAN_POINT('',(16.05,38.45,5.));
#19216=CARTESIAN_POINT('',(53.95,38.45,10.5));
#19217=CARTESIAN_POINT('',(53.95,38.45,10.5));
#19218=CARTESIAN_POINT('',(53.95,38.45,5.));
#19219=CARTESIAN_POINT('',(53.95,38.45,5.));
#19220=CARTESIAN_POINT('',(53.95,38.45,5.));
#19221=CARTESIAN_POINT('Origin',(35.,28.,5.));
#19222=CARTESIAN_POINT('',(16.05,17.55,5.));
#19223=CARTESIAN_POINT('',(16.05,17.55,5.));
#19224=CARTESIAN_POINT('',(16.05,38.45,5.));
#19225=CARTESIAN_POINT('Origin',(17.65,19.15,7.));
#19226=CARTESIAN_POINT('',(52.35,19.15,10.5));
#19227=CARTESIAN_POINT('',(17.65,19.15,10.5));
#19228=CARTESIAN_POINT('',(26.325,19.15,10.5));
#19229=CARTESIAN_POINT('',(52.35,19.15,7.));
#19230=CARTESIAN_POINT('',(52.35,19.15,7.));
#19231=CARTESIAN_POINT('',(17.65,19.15,7.));
#19232=CARTESIAN_POINT('',(17.65,19.15,7.));
#19233=CARTESIAN_POINT('',(17.65,19.15,7.));
#19234=CARTESIAN_POINT('Origin',(17.65,36.85,7.));
#19235=CARTESIAN_POINT('',(17.65,36.85,10.5));
#19236=CARTESIAN_POINT('',(17.65,32.425,10.5));
#19237=CARTESIAN_POINT('',(17.65,36.85,7.));
#19238=CARTESIAN_POINT('',(17.65,36.85,7.));
#19239=CARTESIAN_POINT('',(17.65,36.85,7.));
#19240=CARTESIAN_POINT('Origin',(52.35,36.85,7.));
#19241=CARTESIAN_POINT('',(52.35,36.85,10.5));
#19242=CARTESIAN_POINT('',(43.675,36.85,10.5));
#19243=CARTESIAN_POINT('',(52.35,36.85,7.));
#19244=CARTESIAN_POINT('',(52.35,36.85,7.));
#19245=CARTESIAN_POINT('',(52.35,36.85,7.));
#19246=CARTESIAN_POINT('Origin',(52.35,19.15,7.));
#19247=CARTESIAN_POINT('',(52.35,23.575,10.5));
#19248=CARTESIAN_POINT('',(52.35,19.15,7.));
#19249=CARTESIAN_POINT('Origin',(35.,28.,7.));
#19250=CARTESIAN_POINT('Origin',(53.95,17.55,5.));
#19251=CARTESIAN_POINT('',(53.95,17.55,5.));
#19252=CARTESIAN_POINT('',(53.95,17.55,5.));
#19253=CARTESIAN_POINT('',(53.95,17.55,10.5));
#19254=CARTESIAN_POINT('',(53.95,17.55,10.5));
#19255=CARTESIAN_POINT('',(53.95,17.55,5.));
#19256=CARTESIAN_POINT('Origin',(16.05,17.55,5.));
#19257=CARTESIAN_POINT('',(16.05,17.55,5.));
#19258=CARTESIAN_POINT('',(16.05,17.55,10.5));
#19259=CARTESIAN_POINT('',(16.05,17.55,10.5));
#19260=CARTESIAN_POINT('',(16.05,17.55,5.));
#19261=CARTESIAN_POINT('Origin',(16.05,38.45,5.));
#19262=CARTESIAN_POINT('',(16.05,38.45,10.5));
#19263=CARTESIAN_POINT('Origin',(35.,28.,10.5));
#19264=CARTESIAN_POINT('Origin',(35.,28.,5.));
#19265=CARTESIAN_POINT('',(0.,0.,0.));
#19266=CARTESIAN_POINT('Origin',(-52.,-80.5,4.));
#19267=CARTESIAN_POINT('',(-53.7,-80.5,5.));
#19268=CARTESIAN_POINT('Origin',(-52.,-80.5,5.));
#19269=CARTESIAN_POINT('',(-53.7,-80.5,7.));
#19270=CARTESIAN_POINT('',(-53.7,-80.5,4.));
#19271=CARTESIAN_POINT('Origin',(-52.,-80.5,7.));
#19272=CARTESIAN_POINT('Origin',(-52.,-45.5,4.));
#19273=CARTESIAN_POINT('',(-53.7,-45.5,5.));
#19274=CARTESIAN_POINT('Origin',(-52.,-45.5,5.));
#19275=CARTESIAN_POINT('',(-53.7,-45.5,7.));
#19276=CARTESIAN_POINT('',(-53.7,-45.5,4.));
#19277=CARTESIAN_POINT('Origin',(-52.,-45.5,7.));
#19278=CARTESIAN_POINT('Origin',(-36.7,-61.,4.));
#19279=CARTESIAN_POINT('',(-37.7,-61.,6.2));
#19280=CARTESIAN_POINT('',(-37.7,-61.,5.));
#19281=CARTESIAN_POINT('',(-37.7,-61.,4.5));
#19282=CARTESIAN_POINT('',(-66.3,-61.,6.2));
#19283=CARTESIAN_POINT('',(-36.7,-61.,6.2));
#19284=CARTESIAN_POINT('',(-66.3,-61.,5.));
#19285=CARTESIAN_POINT('',(-66.3,-61.,4.5));
#19286=CARTESIAN_POINT('',(-44.35,-61.,5.));
#19287=CARTESIAN_POINT('Origin',(-67.3,-65.,4.));
#19288=CARTESIAN_POINT('',(-37.7,-65.,5.));
#19289=CARTESIAN_POINT('',(-37.7,-65.,6.2));
#19290=CARTESIAN_POINT('',(-37.7,-65.,4.5));
#19291=CARTESIAN_POINT('',(-66.3,-65.,5.));
#19292=CARTESIAN_POINT('',(-59.65,-65.,5.));
#19293=CARTESIAN_POINT('',(-66.3,-65.,6.2));
#19294=CARTESIAN_POINT('',(-66.3,-65.,4.5));
#19295=CARTESIAN_POINT('',(-67.3,-65.,6.2));
#19296=CARTESIAN_POINT('Origin',(-52.,-63.,6.2));
#19297=CARTESIAN_POINT('',(-37.7,-74.65,6.2));
#19298=CARTESIAN_POINT('',(-66.3,-51.35,6.2));
#19299=CARTESIAN_POINT('Origin',(-66.3,-39.7,5.));
#19300=CARTESIAN_POINT('',(-66.3,-86.3,5.));
#19301=CARTESIAN_POINT('',(-66.3,-39.7,5.));
#19302=CARTESIAN_POINT('',(-66.3,-86.3,21.));
#19303=CARTESIAN_POINT('',(-66.3,-86.3,5.));
#19304=CARTESIAN_POINT('',(-66.3,-39.7,21.));
#19305=CARTESIAN_POINT('',(-66.3,-39.7,21.));
#19306=CARTESIAN_POINT('',(-66.3,-39.7,5.));
#19307=CARTESIAN_POINT('',(-66.3,-39.7,5.));
#19308=CARTESIAN_POINT('',(-66.3,-39.7,5.));
#19309=CARTESIAN_POINT('Origin',(-52.,-63.,5.));
#19310=CARTESIAN_POINT('',(-37.7,-86.3,5.));
#19311=CARTESIAN_POINT('',(-37.7,-86.3,5.));
#19312=CARTESIAN_POINT('',(-66.3,-86.3,5.));
#19313=CARTESIAN_POINT('Origin',(-52.,-63.,5.));
#19314=CARTESIAN_POINT('',(-37.7,-39.7,5.));
#19315=CARTESIAN_POINT('',(-37.7,-39.7,5.));
#19316=CARTESIAN_POINT('',(-37.7,-86.3,5.));
#19317=CARTESIAN_POINT('Origin',(-64.7,-84.7,7.));
#19318=CARTESIAN_POINT('',(-39.3,-84.7,21.));
#19319=CARTESIAN_POINT('',(-64.7,-84.7,21.));
#19320=CARTESIAN_POINT('',(-58.35,-84.7,21.));
#19321=CARTESIAN_POINT('',(-39.3,-84.7,7.));
#19322=CARTESIAN_POINT('',(-39.3,-84.7,7.));
#19323=CARTESIAN_POINT('',(-64.7,-84.7,7.));
#19324=CARTESIAN_POINT('',(-64.7,-84.7,7.));
#19325=CARTESIAN_POINT('',(-64.7,-84.7,7.));
#19326=CARTESIAN_POINT('Origin',(-64.7,-41.3,7.));
#19327=CARTESIAN_POINT('',(-64.7,-41.3,21.));
#19328=CARTESIAN_POINT('',(-64.7,-52.15,21.));
#19329=CARTESIAN_POINT('',(-64.7,-41.3,7.));
#19330=CARTESIAN_POINT('',(-64.7,-41.3,7.));
#19331=CARTESIAN_POINT('',(-64.7,-41.3,7.));
#19332=CARTESIAN_POINT('Origin',(-39.3,-41.3,7.));
#19333=CARTESIAN_POINT('',(-39.3,-41.3,21.));
#19334=CARTESIAN_POINT('',(-45.65,-41.3,21.));
#19335=CARTESIAN_POINT('',(-39.3,-41.3,7.));
#19336=CARTESIAN_POINT('',(-39.3,-41.3,7.));
#19337=CARTESIAN_POINT('',(-39.3,-41.3,7.));
#19338=CARTESIAN_POINT('Origin',(-39.3,-84.7,7.));
#19339=CARTESIAN_POINT('',(-39.3,-73.85,21.));
#19340=CARTESIAN_POINT('',(-39.3,-84.7,7.));
#19341=CARTESIAN_POINT('Origin',(-52.,-63.,7.));
#19342=CARTESIAN_POINT('Origin',(-37.7,-39.7,5.));
#19343=CARTESIAN_POINT('',(-37.7,-39.7,21.));
#19344=CARTESIAN_POINT('',(-37.7,-39.7,21.));
#19345=CARTESIAN_POINT('',(-37.7,-39.7,5.));
#19346=CARTESIAN_POINT('Origin',(-37.7,-86.3,5.));
#19347=CARTESIAN_POINT('',(-37.7,-86.3,21.));
#19348=CARTESIAN_POINT('',(-37.7,-86.3,21.));
#19349=CARTESIAN_POINT('',(-37.7,-86.3,5.));
#19350=CARTESIAN_POINT('Origin',(-66.3,-86.3,5.));
#19351=CARTESIAN_POINT('',(-66.3,-86.3,21.));
#19352=CARTESIAN_POINT('Origin',(-52.,-63.,21.));
#19353=CARTESIAN_POINT('',(0.,0.,0.));
#19354=CARTESIAN_POINT('Origin',(66.,-72.,4.));
#19355=CARTESIAN_POINT('',(64.3,-72.,5.));
#19356=CARTESIAN_POINT('Origin',(66.,-72.,5.));
#19357=CARTESIAN_POINT('',(64.3,-72.,7.));
#19358=CARTESIAN_POINT('',(64.3,-72.,4.));
#19359=CARTESIAN_POINT('Origin',(66.,-72.,7.));
#19360=CARTESIAN_POINT('Origin',(66.,-30.,4.));
#19361=CARTESIAN_POINT('',(64.3,-30.,5.));
#19362=CARTESIAN_POINT('Origin',(66.,-30.,5.));
#19363=CARTESIAN_POINT('',(64.3,-30.,7.));
#19364=CARTESIAN_POINT('',(64.3,-30.,4.));
#19365=CARTESIAN_POINT('Origin',(66.,-30.,7.));
#19366=CARTESIAN_POINT('Origin',(77.3,-49.,4.));
#19367=CARTESIAN_POINT('',(76.3,-49.,6.2));
#19368=CARTESIAN_POINT('',(76.3,-49.,5.));
#19369=CARTESIAN_POINT('',(76.3,-49.,4.5));
#19370=CARTESIAN_POINT('',(55.7,-49.,6.2));
#19371=CARTESIAN_POINT('',(77.3,-49.,6.2));
#19372=CARTESIAN_POINT('',(55.7,-49.,5.));
#19373=CARTESIAN_POINT('',(55.7,-49.,4.5));
#19374=CARTESIAN_POINT('',(71.65,-49.,5.));
#19375=CARTESIAN_POINT('Origin',(54.7,-53.,4.));
#19376=CARTESIAN_POINT('',(76.3,-53.,5.));
#19377=CARTESIAN_POINT('',(76.3,-53.,6.2));
#19378=CARTESIAN_POINT('',(76.3,-53.,4.5));
#19379=CARTESIAN_POINT('',(55.7,-53.,5.));
#19380=CARTESIAN_POINT('',(60.35,-53.,5.));
#19381=CARTESIAN_POINT('',(55.7,-53.,6.2));
#19382=CARTESIAN_POINT('',(55.7,-53.,4.5));
#19383=CARTESIAN_POINT('',(54.7,-53.,6.2));
#19384=CARTESIAN_POINT('Origin',(66.,-51.,6.2));
#19385=CARTESIAN_POINT('',(76.3,-64.4,6.2));
#19386=CARTESIAN_POINT('',(55.7,-37.6,6.2));
#19387=CARTESIAN_POINT('Origin',(55.7,-24.2,5.));
#19388=CARTESIAN_POINT('',(55.7,-77.8,5.));
#19389=CARTESIAN_POINT('',(55.7,-24.2,5.));
#19390=CARTESIAN_POINT('',(55.7,-77.8,16.));
#19391=CARTESIAN_POINT('',(55.7,-77.8,5.));
#19392=CARTESIAN_POINT('',(55.7,-24.2,16.));
#19393=CARTESIAN_POINT('',(55.7,-24.2,16.));
#19394=CARTESIAN_POINT('',(55.7,-24.2,5.));
#19395=CARTESIAN_POINT('',(55.7,-24.2,5.));
#19396=CARTESIAN_POINT('',(55.7,-24.2,5.));
#19397=CARTESIAN_POINT('Origin',(66.,-51.,5.));
#19398=CARTESIAN_POINT('',(76.3,-77.8,5.));
#19399=CARTESIAN_POINT('',(76.3,-77.8,5.));
#19400=CARTESIAN_POINT('',(55.7,-77.8,5.));
#19401=CARTESIAN_POINT('Origin',(66.,-51.,5.));
#19402=CARTESIAN_POINT('',(76.3,-24.2,5.));
#19403=CARTESIAN_POINT('',(76.3,-24.2,5.));
#19404=CARTESIAN_POINT('',(76.3,-77.8,5.));
#19405=CARTESIAN_POINT('Origin',(57.3,-76.2,7.));
#19406=CARTESIAN_POINT('',(74.7,-76.2,16.));
#19407=CARTESIAN_POINT('',(57.3,-76.2,16.));
#19408=CARTESIAN_POINT('',(61.65,-76.2,16.));
#19409=CARTESIAN_POINT('',(74.7,-76.2,7.));
#19410=CARTESIAN_POINT('',(74.7,-76.2,7.));
#19411=CARTESIAN_POINT('',(57.3,-76.2,7.));
#19412=CARTESIAN_POINT('',(57.3,-76.2,7.));
#19413=CARTESIAN_POINT('',(57.3,-76.2,7.));
#19414=CARTESIAN_POINT('Origin',(57.3,-25.8,7.));
#19415=CARTESIAN_POINT('',(57.3,-25.8,16.));
#19416=CARTESIAN_POINT('',(57.3,-38.4,16.));
#19417=CARTESIAN_POINT('',(57.3,-25.8,7.));
#19418=CARTESIAN_POINT('',(57.3,-25.8,7.));
#19419=CARTESIAN_POINT('',(57.3,-25.8,7.));
#19420=CARTESIAN_POINT('Origin',(74.7,-25.8,7.));
#19421=CARTESIAN_POINT('',(74.7,-25.8,16.));
#19422=CARTESIAN_POINT('',(70.35,-25.8,16.));
#19423=CARTESIAN_POINT('',(74.7,-25.8,7.));
#19424=CARTESIAN_POINT('',(74.7,-25.8,7.));
#19425=CARTESIAN_POINT('',(74.7,-25.8,7.));
#19426=CARTESIAN_POINT('Origin',(74.7,-76.2,7.));
#19427=CARTESIAN_POINT('',(74.7,-63.6,16.));
#19428=CARTESIAN_POINT('',(74.7,-76.2,7.));
#19429=CARTESIAN_POINT('Origin',(66.,-51.,7.));
#19430=CARTESIAN_POINT('Origin',(76.3,-24.2,5.));
#19431=CARTESIAN_POINT('',(76.3,-24.2,16.));
#19432=CARTESIAN_POINT('',(76.3,-24.2,16.));
#19433=CARTESIAN_POINT('',(76.3,-24.2,5.));
#19434=CARTESIAN_POINT('Origin',(76.3,-77.8,5.));
#19435=CARTESIAN_POINT('',(76.3,-77.8,16.));
#19436=CARTESIAN_POINT('',(76.3,-77.8,16.));
#19437=CARTESIAN_POINT('',(76.3,-77.8,5.));
#19438=CARTESIAN_POINT('Origin',(55.7,-77.8,5.));
#19439=CARTESIAN_POINT('',(55.7,-77.8,16.));
#19440=CARTESIAN_POINT('Origin',(66.,-51.,16.));
#19441=CARTESIAN_POINT('',(0.,0.,0.));
#19442=CARTESIAN_POINT('Origin',(-31.,-74.,4.));
#19443=CARTESIAN_POINT('',(-32.7,-74.,5.));
#19444=CARTESIAN_POINT('Origin',(-31.,-74.,5.));
#19445=CARTESIAN_POINT('',(-32.7,-74.,7.));
#19446=CARTESIAN_POINT('',(-32.7,-74.,4.));
#19447=CARTESIAN_POINT('Origin',(-31.,-74.,7.));
#19448=CARTESIAN_POINT('Origin',(-21.,-74.,4.));
#19449=CARTESIAN_POINT('',(-22.7,-74.,5.));
#19450=CARTESIAN_POINT('Origin',(-21.,-74.,5.));
#19451=CARTESIAN_POINT('',(-22.7,-74.,7.));
#19452=CARTESIAN_POINT('',(-22.7,-74.,4.));
#19453=CARTESIAN_POINT('Origin',(-21.,-74.,7.));
#19454=CARTESIAN_POINT('Origin',(-28.,-63.6,4.));
#19455=CARTESIAN_POINT('',(-28.,-64.6,6.2));
#19456=CARTESIAN_POINT('',(-28.,-64.6,5.));
#19457=CARTESIAN_POINT('',(-28.,-64.6,4.5));
#19458=CARTESIAN_POINT('',(-28.,-83.4,6.2));
#19459=CARTESIAN_POINT('',(-28.,-63.6,6.2));
#19460=CARTESIAN_POINT('',(-28.,-83.4,5.));
#19461=CARTESIAN_POINT('',(-28.,-83.4,4.5));
#19462=CARTESIAN_POINT('',(-28.,-68.8,5.));
#19463=CARTESIAN_POINT('Origin',(-26.,-74.,6.2));
#19464=CARTESIAN_POINT('',(-24.,-64.6,6.2));
#19465=CARTESIAN_POINT('',(-20.65,-64.6,6.2));
#19466=CARTESIAN_POINT('',(-24.,-83.4,6.2));
#19467=CARTESIAN_POINT('',(-24.,-84.4,6.2));
#19468=CARTESIAN_POINT('',(-31.35,-83.4,6.2));
#19469=CARTESIAN_POINT('Origin',(-24.,-84.4,4.));
#19470=CARTESIAN_POINT('',(-24.,-64.6,5.));
#19471=CARTESIAN_POINT('',(-24.,-64.6,4.5));
#19472=CARTESIAN_POINT('',(-24.,-83.4,5.));
#19473=CARTESIAN_POINT('',(-24.,-79.2,5.));
#19474=CARTESIAN_POINT('',(-24.,-83.4,4.5));
#19475=CARTESIAN_POINT('Origin',(-15.3,-64.6,5.));
#19476=CARTESIAN_POINT('',(-36.7,-64.6,5.));
#19477=CARTESIAN_POINT('',(-15.3,-64.6,5.));
#19478=CARTESIAN_POINT('',(-36.7,-64.6,9.));
#19479=CARTESIAN_POINT('',(-36.7,-64.6,5.));
#19480=CARTESIAN_POINT('',(-15.3,-64.6,9.));
#19481=CARTESIAN_POINT('',(-15.3,-64.6,9.));
#19482=CARTESIAN_POINT('',(-15.3,-64.6,5.));
#19483=CARTESIAN_POINT('',(-15.3,-64.6,5.));
#19484=CARTESIAN_POINT('',(-15.3,-64.6,5.));
#19485=CARTESIAN_POINT('Origin',(-26.,-74.,5.));
#19486=CARTESIAN_POINT('',(-36.7,-83.4,5.));
#19487=CARTESIAN_POINT('',(-36.7,-83.4,5.));
#19488=CARTESIAN_POINT('',(-36.7,-64.6,5.));
#19489=CARTESIAN_POINT('Origin',(-35.1,-81.8,7.));
#19490=CARTESIAN_POINT('',(-16.9,-81.8,9.));
#19491=CARTESIAN_POINT('',(-35.1,-81.8,9.));
#19492=CARTESIAN_POINT('',(-30.55,-81.8,9.));
#19493=CARTESIAN_POINT('',(-16.9,-81.8,7.));
#19494=CARTESIAN_POINT('',(-16.9,-81.8,7.));
#19495=CARTESIAN_POINT('',(-35.1,-81.8,7.));
#19496=CARTESIAN_POINT('',(-35.1,-81.8,7.));
#19497=CARTESIAN_POINT('',(-35.1,-81.8,7.));
#19498=CARTESIAN_POINT('Origin',(-35.1,-66.2,7.));
#19499=CARTESIAN_POINT('',(-35.1,-66.2,9.));
#19500=CARTESIAN_POINT('',(-35.1,-70.1,9.));
#19501=CARTESIAN_POINT('',(-35.1,-66.2,7.));
#19502=CARTESIAN_POINT('',(-35.1,-66.2,7.));
#19503=CARTESIAN_POINT('',(-35.1,-66.2,7.));
#19504=CARTESIAN_POINT('Origin',(-16.9,-66.2,7.));
#19505=CARTESIAN_POINT('',(-16.9,-66.2,9.));
#19506=CARTESIAN_POINT('',(-21.45,-66.2,9.));
#19507=CARTESIAN_POINT('',(-16.9,-66.2,7.));
#19508=CARTESIAN_POINT('',(-16.9,-66.2,7.));
#19509=CARTESIAN_POINT('',(-16.9,-66.2,7.));
#19510=CARTESIAN_POINT('Origin',(-16.9,-81.8,7.));
#19511=CARTESIAN_POINT('',(-16.9,-77.9,9.));
#19512=CARTESIAN_POINT('',(-16.9,-81.8,7.));
#19513=CARTESIAN_POINT('Origin',(-26.,-74.,7.));
#19514=CARTESIAN_POINT('Origin',(-15.3,-83.4,5.));
#19515=CARTESIAN_POINT('',(-15.3,-83.4,5.));
#19516=CARTESIAN_POINT('',(-15.3,-83.4,5.));
#19517=CARTESIAN_POINT('',(-15.3,-83.4,9.));
#19518=CARTESIAN_POINT('',(-15.3,-83.4,9.));
#19519=CARTESIAN_POINT('',(-15.3,-83.4,5.));
#19520=CARTESIAN_POINT('Origin',(-36.7,-83.4,5.));
#19521=CARTESIAN_POINT('',(-36.7,-83.4,5.));
#19522=CARTESIAN_POINT('',(-36.7,-83.4,9.));
#19523=CARTESIAN_POINT('',(-36.7,-83.4,9.));
#19524=CARTESIAN_POINT('',(-36.7,-83.4,5.));
#19525=CARTESIAN_POINT('Origin',(-36.7,-64.6,5.));
#19526=CARTESIAN_POINT('',(-36.7,-64.6,9.));
#19527=CARTESIAN_POINT('Origin',(-26.,-74.,9.));
#19528=CARTESIAN_POINT('Origin',(-26.,-74.,5.));
#19529=CARTESIAN_POINT('',(0.,0.,0.));
#19530=CARTESIAN_POINT('Origin',(-4.,-80.,4.));
#19531=CARTESIAN_POINT('',(-5.7,-80.,5.));
#19532=CARTESIAN_POINT('Origin',(-4.,-80.,5.));
#19533=CARTESIAN_POINT('',(-5.7,-80.,7.));
#19534=CARTESIAN_POINT('',(-5.7,-80.,4.));
#19535=CARTESIAN_POINT('Origin',(-4.,-80.,7.));
#19536=CARTESIAN_POINT('Origin',(-4.,-70.,4.));
#19537=CARTESIAN_POINT('',(-5.7,-70.,5.));
#19538=CARTESIAN_POINT('Origin',(-4.,-70.,5.));
#19539=CARTESIAN_POINT('',(-5.7,-70.,7.));
#19540=CARTESIAN_POINT('',(-5.7,-70.,4.));
#19541=CARTESIAN_POINT('Origin',(-4.,-70.,7.));
#19542=CARTESIAN_POINT('Origin',(6.4,-73.,4.));
#19543=CARTESIAN_POINT('',(5.4,-73.,6.2));
#19544=CARTESIAN_POINT('',(5.4,-73.,5.));
#19545=CARTESIAN_POINT('',(5.4,-73.,4.5));
#19546=CARTESIAN_POINT('',(-13.4,-73.,6.2));
#19547=CARTESIAN_POINT('',(6.4,-73.,6.2));
#19548=CARTESIAN_POINT('',(-13.4,-73.,5.));
#19549=CARTESIAN_POINT('',(-13.4,-73.,4.5));
#19550=CARTESIAN_POINT('',(1.2,-73.,5.));
#19551=CARTESIAN_POINT('Origin',(-14.4,-77.,4.));
#19552=CARTESIAN_POINT('',(5.4,-77.,5.));
#19553=CARTESIAN_POINT('',(5.4,-77.,6.2));
#19554=CARTESIAN_POINT('',(5.4,-77.,4.5));
#19555=CARTESIAN_POINT('',(-13.4,-77.,5.));
#19556=CARTESIAN_POINT('',(-9.2,-77.,5.));
#19557=CARTESIAN_POINT('',(-13.4,-77.,6.2));
#19558=CARTESIAN_POINT('',(-13.4,-77.,4.5));
#19559=CARTESIAN_POINT('',(-14.4,-77.,6.2));
#19560=CARTESIAN_POINT('Origin',(-4.,-75.,6.2));
#19561=CARTESIAN_POINT('',(5.4,-80.35,6.2));
#19562=CARTESIAN_POINT('',(-13.4,-69.65,6.2));
#19563=CARTESIAN_POINT('Origin',(-13.4,-64.3,5.));
#19564=CARTESIAN_POINT('',(-13.4,-85.7,5.));
#19565=CARTESIAN_POINT('',(-13.4,-64.3,5.));
#19566=CARTESIAN_POINT('',(-13.4,-85.7,9.));
#19567=CARTESIAN_POINT('',(-13.4,-85.7,5.));
#19568=CARTESIAN_POINT('',(-13.4,-64.3,9.));
#19569=CARTESIAN_POINT('',(-13.4,-64.3,9.));
#19570=CARTESIAN_POINT('',(-13.4,-64.3,5.));
#19571=CARTESIAN_POINT('',(-13.4,-64.3,5.));
#19572=CARTESIAN_POINT('',(-13.4,-64.3,5.));
#19573=CARTESIAN_POINT('Origin',(-4.,-75.,5.));
#19574=CARTESIAN_POINT('',(5.4,-85.7,5.));
#19575=CARTESIAN_POINT('',(5.4,-85.7,5.));
#19576=CARTESIAN_POINT('',(-13.4,-85.7,5.));
#19577=CARTESIAN_POINT('Origin',(-4.,-75.,5.));
#19578=CARTESIAN_POINT('',(5.4,-64.3,5.));
#19579=CARTESIAN_POINT('',(5.4,-64.3,5.));
#19580=CARTESIAN_POINT('',(5.4,-85.7,5.));
#19581=CARTESIAN_POINT('Origin',(-11.8,-84.1,7.));
#19582=CARTESIAN_POINT('',(3.8,-84.1,9.));
#19583=CARTESIAN_POINT('',(-11.8,-84.1,9.));
#19584=CARTESIAN_POINT('',(-7.9,-84.1,9.));
#19585=CARTESIAN_POINT('',(3.8,-84.1,7.));
#19586=CARTESIAN_POINT('',(3.8,-84.1,7.));
#19587=CARTESIAN_POINT('',(-11.8,-84.1,7.));
#19588=CARTESIAN_POINT('',(-11.8,-84.1,7.));
#19589=CARTESIAN_POINT('',(-11.8,-84.1,7.));
#19590=CARTESIAN_POINT('Origin',(-11.8,-65.9,7.));
#19591=CARTESIAN_POINT('',(-11.8,-65.9,9.));
#19592=CARTESIAN_POINT('',(-11.8,-70.45,9.));
#19593=CARTESIAN_POINT('',(-11.8,-65.9,7.));
#19594=CARTESIAN_POINT('',(-11.8,-65.9,7.));
#19595=CARTESIAN_POINT('',(-11.8,-65.9,7.));
#19596=CARTESIAN_POINT('Origin',(3.8,-65.9,7.));
#19597=CARTESIAN_POINT('',(3.8,-65.9,9.));
#19598=CARTESIAN_POINT('',(-0.1,-65.9,9.));
#19599=CARTESIAN_POINT('',(3.8,-65.9,7.));
#19600=CARTESIAN_POINT('',(3.8,-65.9,7.));
#19601=CARTESIAN_POINT('',(3.8,-65.9,7.));
#19602=CARTESIAN_POINT('Origin',(3.8,-84.1,7.));
#19603=CARTESIAN_POINT('',(3.8,-79.55,9.));
#19604=CARTESIAN_POINT('',(3.8,-84.1,7.));
#19605=CARTESIAN_POINT('Origin',(-4.,-75.,7.));
#19606=CARTESIAN_POINT('Origin',(5.4,-64.3,5.));
#19607=CARTESIAN_POINT('',(5.4,-64.3,9.));
#19608=CARTESIAN_POINT('',(5.4,-64.3,9.));
#19609=CARTESIAN_POINT('',(5.4,-64.3,5.));
#19610=CARTESIAN_POINT('Origin',(5.4,-85.7,5.));
#19611=CARTESIAN_POINT('',(5.4,-85.7,9.));
#19612=CARTESIAN_POINT('',(5.4,-85.7,9.));
#19613=CARTESIAN_POINT('',(5.4,-85.7,5.));
#19614=CARTESIAN_POINT('Origin',(-13.4,-85.7,5.));
#19615=CARTESIAN_POINT('',(-13.4,-85.7,9.));
#19616=CARTESIAN_POINT('Origin',(-4.,-75.,9.));
#19617=CARTESIAN_POINT('',(0.,0.,0.));
#19618=CARTESIAN_POINT('Origin',(-15.,-38.,4.));
#19619=CARTESIAN_POINT('',(-16.7,-38.,5.));
#19620=CARTESIAN_POINT('Origin',(-15.,-38.,5.));
#19621=CARTESIAN_POINT('',(-16.7,-38.,7.));
#19622=CARTESIAN_POINT('',(-16.7,-38.,4.));
#19623=CARTESIAN_POINT('Origin',(-15.,-38.,7.));
#19624=CARTESIAN_POINT('Origin',(15.,-38.,4.));
#19625=CARTESIAN_POINT('',(13.3,-38.,5.));
#19626=CARTESIAN_POINT('Origin',(15.,-38.,5.));
#19627=CARTESIAN_POINT('',(13.3,-38.,7.));
#19628=CARTESIAN_POINT('',(13.3,-38.,4.));
#19629=CARTESIAN_POINT('Origin',(15.,-38.,7.));
#19630=CARTESIAN_POINT('Origin',(23.6,-49.7,25.));
#19631=CARTESIAN_POINT('',(22.8,-49.7,25.));
#19632=CARTESIAN_POINT('Origin',(23.6,-49.7,25.));
#19633=CARTESIAN_POINT('',(22.8,-49.7,17.));
#19634=CARTESIAN_POINT('',(22.8,-49.7,25.));
#19635=CARTESIAN_POINT('Origin',(23.6,-49.7,17.));
#19636=CARTESIAN_POINT('Origin',(23.6,-49.7,17.));
#19637=CARTESIAN_POINT('Origin',(-23.6,-26.3,25.));
#19638=CARTESIAN_POINT('',(-24.4,-26.3,25.));
#19639=CARTESIAN_POINT('Origin',(-23.6,-26.3,25.));
#19640=CARTESIAN_POINT('',(-24.4,-26.3,17.));
#19641=CARTESIAN_POINT('',(-24.4,-26.3,25.));
#19642=CARTESIAN_POINT('Origin',(-23.6,-26.3,17.));
#19643=CARTESIAN_POINT('Origin',(-23.6,-26.3,17.));
#19644=CARTESIAN_POINT('Origin',(-23.6,-49.7,25.));
#19645=CARTESIAN_POINT('',(-24.4,-49.7,25.));
#19646=CARTESIAN_POINT('Origin',(-23.6,-49.7,25.));
#19647=CARTESIAN_POINT('',(-24.4,-49.7,17.));
#19648=CARTESIAN_POINT('',(-24.4,-49.7,25.));
#19649=CARTESIAN_POINT('Origin',(-23.6,-49.7,17.));
#19650=CARTESIAN_POINT('Origin',(-23.6,-49.7,17.));
#19651=CARTESIAN_POINT('Origin',(23.6,-26.3,25.));
#19652=CARTESIAN_POINT('',(22.8,-26.3,25.));
#19653=CARTESIAN_POINT('Origin',(23.6,-26.3,25.));
#19654=CARTESIAN_POINT('',(22.8,-26.3,17.));
#19655=CARTESIAN_POINT('',(22.8,-26.3,25.));
#19656=CARTESIAN_POINT('Origin',(23.6,-26.3,17.));
#19657=CARTESIAN_POINT('Origin',(23.6,-26.3,17.));
#19658=CARTESIAN_POINT('Origin',(-9.,-47.15,4.));
#19659=CARTESIAN_POINT('',(9.,-47.15,7.));
#19660=CARTESIAN_POINT('',(-9.,-47.15,7.));
#19661=CARTESIAN_POINT('',(-4.5,-47.15,7.));
#19662=CARTESIAN_POINT('',(9.,-47.15,5.));
#19663=CARTESIAN_POINT('',(9.,-47.15,4.));
#19664=CARTESIAN_POINT('',(-9.,-47.15,5.));
#19665=CARTESIAN_POINT('',(-4.5,-47.15,5.));
#19666=CARTESIAN_POINT('',(-9.,-47.15,4.));
#19667=CARTESIAN_POINT('Origin',(-9.,-28.85,4.));
#19668=CARTESIAN_POINT('',(-9.,-28.85,7.));
#19669=CARTESIAN_POINT('',(-9.,-33.425,7.));
#19670=CARTESIAN_POINT('',(-9.,-28.85,5.));
#19671=CARTESIAN_POINT('',(-9.,-33.425,5.));
#19672=CARTESIAN_POINT('',(-9.,-28.85,4.));
#19673=CARTESIAN_POINT('Origin',(9.,-28.85,4.));
#19674=CARTESIAN_POINT('',(9.,-28.85,7.));
#19675=CARTESIAN_POINT('',(4.5,-28.85,7.));
#19676=CARTESIAN_POINT('',(9.,-28.85,5.));
#19677=CARTESIAN_POINT('',(4.5,-28.85,5.));
#19678=CARTESIAN_POINT('',(9.,-28.85,4.));
#19679=CARTESIAN_POINT('Origin',(9.,-47.15,4.));
#19680=CARTESIAN_POINT('',(9.,-42.575,7.));
#19681=CARTESIAN_POINT('',(9.,-42.575,5.));
#19682=CARTESIAN_POINT('Origin',(23.6,-26.3,7.));
#19683=CARTESIAN_POINT('',(21.35,-26.3,25.));
#19684=CARTESIAN_POINT('Origin',(23.6,-26.3,25.));
#19685=CARTESIAN_POINT('',(21.35,-26.3,7.));
#19686=CARTESIAN_POINT('',(21.35,-26.3,7.));
#19687=CARTESIAN_POINT('Origin',(23.6,-26.3,7.));
#19688=CARTESIAN_POINT('Origin',(23.6,-26.3,25.));
#19689=CARTESIAN_POINT('Origin',(-23.6,-49.7,7.));
#19690=CARTESIAN_POINT('',(-25.85,-49.7,25.));
#19691=CARTESIAN_POINT('Origin',(-23.6,-49.7,25.));
#19692=CARTESIAN_POINT('',(-25.85,-49.7,7.));
#19693=CARTESIAN_POINT('',(-25.85,-49.7,7.));
#19694=CARTESIAN_POINT('Origin',(-23.6,-49.7,7.));
#19695=CARTESIAN_POINT('Origin',(-23.6,-49.7,25.));
#19696=CARTESIAN_POINT('Origin',(-23.6,-26.3,7.));
#19697=CARTESIAN_POINT('',(-25.85,-26.3,25.));
#19698=CARTESIAN_POINT('Origin',(-23.6,-26.3,25.));
#19699=CARTESIAN_POINT('',(-25.85,-26.3,7.));
#19700=CARTESIAN_POINT('',(-25.85,-26.3,7.));
#19701=CARTESIAN_POINT('Origin',(-23.6,-26.3,7.));
#19702=CARTESIAN_POINT('Origin',(-23.6,-26.3,25.));
#19703=CARTESIAN_POINT('Origin',(23.6,-49.7,7.));
#19704=CARTESIAN_POINT('',(21.35,-49.7,25.));
#19705=CARTESIAN_POINT('Origin',(23.6,-49.7,25.));
#19706=CARTESIAN_POINT('',(21.35,-49.7,7.));
#19707=CARTESIAN_POINT('',(21.35,-49.7,7.));
#19708=CARTESIAN_POINT('Origin',(23.6,-49.7,7.));
#19709=CARTESIAN_POINT('Origin',(23.6,-49.7,25.));
#19710=CARTESIAN_POINT('Origin',(27.75,-21.85,5.));
#19711=CARTESIAN_POINT('',(27.75,-21.85,5.));
#19712=CARTESIAN_POINT('',(-27.75,-21.85,5.));
#19713=CARTESIAN_POINT('',(27.75,-21.85,5.));
#19714=CARTESIAN_POINT('',(-27.75,-21.85,7.));
#19715=CARTESIAN_POINT('',(-27.75,-21.85,5.));
#19716=CARTESIAN_POINT('',(27.75,-21.85,7.));
#19717=CARTESIAN_POINT('',(27.75,-21.85,7.));
#19718=CARTESIAN_POINT('',(27.75,-21.85,5.));
#19719=CARTESIAN_POINT('Origin',(27.75,-54.15,5.));
#19720=CARTESIAN_POINT('',(27.75,-54.15,5.));
#19721=CARTESIAN_POINT('',(27.75,-54.15,5.));
#19722=CARTESIAN_POINT('',(27.75,-54.15,7.));
#19723=CARTESIAN_POINT('',(27.75,-54.15,7.));
#19724=CARTESIAN_POINT('',(27.75,-54.15,5.));
#19725=CARTESIAN_POINT('Origin',(-27.75,-54.15,5.));
#19726=CARTESIAN_POINT('',(-27.75,-54.15,5.));
#19727=CARTESIAN_POINT('',(-27.75,-54.15,5.));
#19728=CARTESIAN_POINT('',(-27.75,-54.15,7.));
#19729=CARTESIAN_POINT('',(-27.75,-54.15,7.));
#19730=CARTESIAN_POINT('',(-27.75,-54.15,5.));
#19731=CARTESIAN_POINT('Origin',(-27.75,-21.85,5.));
#19732=CARTESIAN_POINT('',(-27.75,-21.85,5.));
#19733=CARTESIAN_POINT('',(-27.75,-21.85,7.));
#19734=CARTESIAN_POINT('Origin',(0.,-38.,7.));
#19735=CARTESIAN_POINT('Origin',(0.,-38.,5.));
#19736=CARTESIAN_POINT('',(0.,0.,0.));
#19737=CARTESIAN_POINT('Origin',(38.19,-70.,44.));
#19738=CARTESIAN_POINT('',(37.09,-70.,45.));
#19739=CARTESIAN_POINT('Origin',(38.19,-70.,45.));
#19740=CARTESIAN_POINT('',(37.09,-70.,49.));
#19741=CARTESIAN_POINT('',(37.09,-70.,44.));
#19742=CARTESIAN_POINT('Origin',(38.19,-70.,49.));
#19743=CARTESIAN_POINT('Origin',(45.81,-70.,44.));
#19744=CARTESIAN_POINT('',(44.71,-70.,45.));
#19745=CARTESIAN_POINT('Origin',(45.81,-70.,45.));
#19746=CARTESIAN_POINT('',(44.71,-70.,49.));
#19747=CARTESIAN_POINT('',(44.71,-70.,44.));
#19748=CARTESIAN_POINT('Origin',(45.81,-70.,49.));
#19749=CARTESIAN_POINT('Origin',(32.5,-70.,44.));
#19750=CARTESIAN_POINT('',(30.8,-70.,45.));
#19751=CARTESIAN_POINT('Origin',(32.5,-70.,45.));
#19752=CARTESIAN_POINT('',(30.8,-70.,49.));
#19753=CARTESIAN_POINT('',(30.8,-70.,44.));
#19754=CARTESIAN_POINT('Origin',(32.5,-70.,49.));
#19755=CARTESIAN_POINT('Origin',(51.5,-70.,44.));
#19756=CARTESIAN_POINT('',(49.8,-70.,45.));
#19757=CARTESIAN_POINT('Origin',(51.5,-70.,45.));
#19758=CARTESIAN_POINT('',(49.8,-70.,49.));
#19759=CARTESIAN_POINT('',(49.8,-70.,44.));
#19760=CARTESIAN_POINT('Origin',(51.5,-70.,49.));
#19761=CARTESIAN_POINT('Origin',(56.,-61.,45.));
#19762=CARTESIAN_POINT('',(56.,-61.,45.));
#19763=CARTESIAN_POINT('',(28.,-61.,45.));
#19764=CARTESIAN_POINT('',(56.,-61.,45.));
#19765=CARTESIAN_POINT('',(28.,-61.,49.));
#19766=CARTESIAN_POINT('',(28.,-61.,45.));
#19767=CARTESIAN_POINT('',(56.,-61.,49.));
#19768=CARTESIAN_POINT('',(56.,-61.,49.));
#19769=CARTESIAN_POINT('',(56.,-61.,45.));
#19770=CARTESIAN_POINT('Origin',(56.,-79.,45.));
#19771=CARTESIAN_POINT('',(56.,-79.,45.));
#19772=CARTESIAN_POINT('',(56.,-79.,45.));
#19773=CARTESIAN_POINT('',(56.,-79.,49.));
#19774=CARTESIAN_POINT('',(56.,-79.,49.));
#19775=CARTESIAN_POINT('',(56.,-79.,45.));
#19776=CARTESIAN_POINT('Origin',(28.,-79.,45.));
#19777=CARTESIAN_POINT('',(28.,-79.,45.));
#19778=CARTESIAN_POINT('',(28.,-79.,45.));
#19779=CARTESIAN_POINT('',(28.,-79.,49.));
#19780=CARTESIAN_POINT('',(28.,-79.,49.));
#19781=CARTESIAN_POINT('',(28.,-79.,45.));
#19782=CARTESIAN_POINT('Origin',(28.,-61.,45.));
#19783=CARTESIAN_POINT('',(28.,-61.,45.));
#19784=CARTESIAN_POINT('',(28.,-61.,49.));
#19785=CARTESIAN_POINT('Origin',(42.,-70.,49.));
#19786=CARTESIAN_POINT('Origin',(42.,-70.,45.));
#19787=CARTESIAN_POINT('',(0.,0.,0.));
#19788=CARTESIAN_POINT('',(0.,0.,0.));
#19789=CARTESIAN_POINT('',(0.,0.,0.));
#19790=CARTESIAN_POINT('',(0.,0.,0.));
#19791=CARTESIAN_POINT('',(0.,0.,0.));
#19792=CARTESIAN_POINT('',(0.,0.,0.));
#19793=CARTESIAN_POINT('',(0.,0.,0.));
#19794=CARTESIAN_POINT('',(0.,0.,0.));
#19795=CARTESIAN_POINT('',(0.,0.,0.));
#19796=CARTESIAN_POINT('',(0.,0.,0.));
#19797=CARTESIAN_POINT('',(0.,0.,0.));
#19798=CARTESIAN_POINT('',(0.,0.,0.));
#19799=CARTESIAN_POINT('',(0.,0.,0.));
#19800=CARTESIAN_POINT('',(0.,0.,0.));
#19801=CARTESIAN_POINT('',(0.,0.,0.));
#19802=CARTESIAN_POINT('',(0.,0.,0.));
#19803=CARTESIAN_POINT('',(0.,0.,0.));
#19804=CARTESIAN_POINT('',(0.,0.,0.));
#19805=CARTESIAN_POINT('',(0.,0.,0.));
#19806=CARTESIAN_POINT('',(0.,0.,0.));
#19807=CARTESIAN_POINT('',(0.,0.,0.));
#19808=CARTESIAN_POINT('',(0.,0.,0.));
#19809=CARTESIAN_POINT('',(0.,0.,0.));
#19810=UNCERTAINTY_MEASURE_WITH_UNIT(LENGTH_MEASURE(0.01),#19934,
'DISTANCE_ACCURACY_VALUE',
'Maximum model space distance between geometric entities at asserted c
onnectivities');
#19811=UNCERTAINTY_MEASURE_WITH_UNIT(LENGTH_MEASURE(0.01),#19934,
'DISTANCE_ACCURACY_VALUE',
'Maximum model space distance between geometric entities at asserted c
onnectivities');
#19812=UNCERTAINTY_MEASURE_WITH_UNIT(LENGTH_MEASURE(0.01),#19934,
'DISTANCE_ACCURACY_VALUE',
'Maximum model space distance between geometric entities at asserted c
onnectivities');
#19813=UNCERTAINTY_MEASURE_WITH_UNIT(LENGTH_MEASURE(0.01),#19934,
'DISTANCE_ACCURACY_VALUE',
'Maximum model space distance between geometric entities at asserted c
onnectivities');
#19814=UNCERTAINTY_MEASURE_WITH_UNIT(LENGTH_MEASURE(0.01),#19934,
'DISTANCE_ACCURACY_VALUE',
'Maximum model space distance between geometric entities at asserted c
onnectivities');
#19815=UNCERTAINTY_MEASURE_WITH_UNIT(LENGTH_MEASURE(0.01),#19934,
'DISTANCE_ACCURACY_VALUE',
'Maximum model space distance between geometric entities at asserted c
onnectivities');
#19816=UNCERTAINTY_MEASURE_WITH_UNIT(LENGTH_MEASURE(0.01),#19934,
'DISTANCE_ACCURACY_VALUE',
'Maximum model space distance between geometric entities at asserted c
onnectivities');
#19817=UNCERTAINTY_MEASURE_WITH_UNIT(LENGTH_MEASURE(0.01),#19934,
'DISTANCE_ACCURACY_VALUE',
'Maximum model space distance between geometric entities at asserted c
onnectivities');
#19818=UNCERTAINTY_MEASURE_WITH_UNIT(LENGTH_MEASURE(0.01),#19934,
'DISTANCE_ACCURACY_VALUE',
'Maximum model space distance between geometric entities at asserted c
onnectivities');
#19819=UNCERTAINTY_MEASURE_WITH_UNIT(LENGTH_MEASURE(0.01),#19934,
'DISTANCE_ACCURACY_VALUE',
'Maximum model space distance between geometric entities at asserted c
onnectivities');
#19820=UNCERTAINTY_MEASURE_WITH_UNIT(LENGTH_MEASURE(0.01),#19934,
'DISTANCE_ACCURACY_VALUE',
'Maximum model space distance between geometric entities at asserted c
onnectivities');
#19821=UNCERTAINTY_MEASURE_WITH_UNIT(LENGTH_MEASURE(0.01),#19934,
'DISTANCE_ACCURACY_VALUE',
'Maximum model space distance between geometric entities at asserted c
onnectivities');
#19822=UNCERTAINTY_MEASURE_WITH_UNIT(LENGTH_MEASURE(0.01),#19934,
'DISTANCE_ACCURACY_VALUE',
'Maximum model space distance between geometric entities at asserted c
onnectivities');
#19823=UNCERTAINTY_MEASURE_WITH_UNIT(LENGTH_MEASURE(0.01),#19934,
'DISTANCE_ACCURACY_VALUE',
'Maximum model space distance between geometric entities at asserted c
onnectivities');
#19824=UNCERTAINTY_MEASURE_WITH_UNIT(LENGTH_MEASURE(0.01),#19934,
'DISTANCE_ACCURACY_VALUE',
'Maximum model space distance between geometric entities at asserted c
onnectivities');
#19825=UNCERTAINTY_MEASURE_WITH_UNIT(LENGTH_MEASURE(0.01),#19934,
'DISTANCE_ACCURACY_VALUE',
'Maximum model space distance between geometric entities at asserted c
onnectivities');
#19826=UNCERTAINTY_MEASURE_WITH_UNIT(LENGTH_MEASURE(0.01),#19934,
'DISTANCE_ACCURACY_VALUE',
'Maximum model space distance between geometric entities at asserted c
onnectivities');
#19827=UNCERTAINTY_MEASURE_WITH_UNIT(LENGTH_MEASURE(0.01),#19934,
'DISTANCE_ACCURACY_VALUE',
'Maximum model space distance between geometric entities at asserted c
onnectivities');
#19828=UNCERTAINTY_MEASURE_WITH_UNIT(LENGTH_MEASURE(0.01),#19934,
'DISTANCE_ACCURACY_VALUE',
'Maximum model space distance between geometric entities at asserted c
onnectivities');
#19829=UNCERTAINTY_MEASURE_WITH_UNIT(LENGTH_MEASURE(0.01),#19934,
'DISTANCE_ACCURACY_VALUE',
'Maximum model space distance between geometric entities at asserted c
onnectivities');
#19830=UNCERTAINTY_MEASURE_WITH_UNIT(LENGTH_MEASURE(0.01),#19934,
'DISTANCE_ACCURACY_VALUE',
'Maximum model space distance between geometric entities at asserted c
onnectivities');
#19831=UNCERTAINTY_MEASURE_WITH_UNIT(LENGTH_MEASURE(0.01),#19934,
'DISTANCE_ACCURACY_VALUE',
'Maximum model space distance between geometric entities at asserted c
onnectivities');
#19832=UNCERTAINTY_MEASURE_WITH_UNIT(LENGTH_MEASURE(0.01),#19934,
'DISTANCE_ACCURACY_VALUE',
'Maximum model space distance between geometric entities at asserted c
onnectivities');
#19833=UNCERTAINTY_MEASURE_WITH_UNIT(LENGTH_MEASURE(0.01),#19934,
'DISTANCE_ACCURACY_VALUE',
'Maximum model space distance between geometric entities at asserted c
onnectivities');
#19834=UNCERTAINTY_MEASURE_WITH_UNIT(LENGTH_MEASURE(0.01),#19934,
'DISTANCE_ACCURACY_VALUE',
'Maximum model space distance between geometric entities at asserted c
onnectivities');
#19835=UNCERTAINTY_MEASURE_WITH_UNIT(LENGTH_MEASURE(0.01),#19934,
'DISTANCE_ACCURACY_VALUE',
'Maximum model space distance between geometric entities at asserted c
onnectivities');
#19836=UNCERTAINTY_MEASURE_WITH_UNIT(LENGTH_MEASURE(0.01),#19934,
'DISTANCE_ACCURACY_VALUE',
'Maximum model space distance between geometric entities at asserted c
onnectivities');
#19837=UNCERTAINTY_MEASURE_WITH_UNIT(LENGTH_MEASURE(0.01),#19934,
'DISTANCE_ACCURACY_VALUE',
'Maximum model space distance between geometric entities at asserted c
onnectivities');
#19838=UNCERTAINTY_MEASURE_WITH_UNIT(LENGTH_MEASURE(0.01),#19934,
'DISTANCE_ACCURACY_VALUE',
'Maximum model space distance between geometric entities at asserted c
onnectivities');
#19839=UNCERTAINTY_MEASURE_WITH_UNIT(LENGTH_MEASURE(0.01),#19934,
'DISTANCE_ACCURACY_VALUE',
'Maximum model space distance between geometric entities at asserted c
onnectivities');
#19840=UNCERTAINTY_MEASURE_WITH_UNIT(LENGTH_MEASURE(0.01),#19934,
'DISTANCE_ACCURACY_VALUE',
'Maximum model space distance between geometric entities at asserted c
onnectivities');
#19841=UNCERTAINTY_MEASURE_WITH_UNIT(LENGTH_MEASURE(0.01),#19934,
'DISTANCE_ACCURACY_VALUE',
'Maximum model space distance between geometric entities at asserted c
onnectivities');
#19842=UNCERTAINTY_MEASURE_WITH_UNIT(LENGTH_MEASURE(0.01),#19934,
'DISTANCE_ACCURACY_VALUE',
'Maximum model space distance between geometric entities at asserted c
onnectivities');
#19843=UNCERTAINTY_MEASURE_WITH_UNIT(LENGTH_MEASURE(0.01),#19934,
'DISTANCE_ACCURACY_VALUE',
'Maximum model space distance between geometric entities at asserted c
onnectivities');
#19844=UNCERTAINTY_MEASURE_WITH_UNIT(LENGTH_MEASURE(0.01),#19934,
'DISTANCE_ACCURACY_VALUE',
'Maximum model space distance between geometric entities at asserted c
onnectivities');
#19845=UNCERTAINTY_MEASURE_WITH_UNIT(LENGTH_MEASURE(0.01),#19934,
'DISTANCE_ACCURACY_VALUE',
'Maximum model space distance between geometric entities at asserted c
onnectivities');
#19846=UNCERTAINTY_MEASURE_WITH_UNIT(LENGTH_MEASURE(0.01),#19934,
'DISTANCE_ACCURACY_VALUE',
'Maximum model space distance between geometric entities at asserted c
onnectivities');
#19847=UNCERTAINTY_MEASURE_WITH_UNIT(LENGTH_MEASURE(0.01),#19934,
'DISTANCE_ACCURACY_VALUE',
'Maximum model space distance between geometric entities at asserted c
onnectivities');
#19848=UNCERTAINTY_MEASURE_WITH_UNIT(LENGTH_MEASURE(0.01),#19934,
'DISTANCE_ACCURACY_VALUE',
'Maximum model space distance between geometric entities at asserted c
onnectivities');
#19849=UNCERTAINTY_MEASURE_WITH_UNIT(LENGTH_MEASURE(0.01),#19934,
'DISTANCE_ACCURACY_VALUE',
'Maximum model space distance between geometric entities at asserted c
onnectivities');
#19850=UNCERTAINTY_MEASURE_WITH_UNIT(LENGTH_MEASURE(0.01),#19934,
'DISTANCE_ACCURACY_VALUE',
'Maximum model space distance between geometric entities at asserted c
onnectivities');
#19851=UNCERTAINTY_MEASURE_WITH_UNIT(LENGTH_MEASURE(0.01),#19934,
'DISTANCE_ACCURACY_VALUE',
'Maximum model space distance between geometric entities at asserted c
onnectivities');
#19852=UNCERTAINTY_MEASURE_WITH_UNIT(LENGTH_MEASURE(0.01),#19934,
'DISTANCE_ACCURACY_VALUE',
'Maximum model space distance between geometric entities at asserted c
onnectivities');
#19853=UNCERTAINTY_MEASURE_WITH_UNIT(LENGTH_MEASURE(0.01),#19934,
'DISTANCE_ACCURACY_VALUE',
'Maximum model space distance between geometric entities at asserted c
onnectivities');
#19854=UNCERTAINTY_MEASURE_WITH_UNIT(LENGTH_MEASURE(0.01),#19934,
'DISTANCE_ACCURACY_VALUE',
'Maximum model space distance between geometric entities at asserted c
onnectivities');
#19855=UNCERTAINTY_MEASURE_WITH_UNIT(LENGTH_MEASURE(0.01),#19934,
'DISTANCE_ACCURACY_VALUE',
'Maximum model space distance between geometric entities at asserted c
onnectivities');
#19856=UNCERTAINTY_MEASURE_WITH_UNIT(LENGTH_MEASURE(0.01),#19934,
'DISTANCE_ACCURACY_VALUE',
'Maximum model space distance between geometric entities at asserted c
onnectivities');
#19857=UNCERTAINTY_MEASURE_WITH_UNIT(LENGTH_MEASURE(0.01),#19934,
'DISTANCE_ACCURACY_VALUE',
'Maximum model space distance between geometric entities at asserted c
onnectivities');
#19858=UNCERTAINTY_MEASURE_WITH_UNIT(LENGTH_MEASURE(0.01),#19934,
'DISTANCE_ACCURACY_VALUE',
'Maximum model space distance between geometric entities at asserted c
onnectivities');
#19859=UNCERTAINTY_MEASURE_WITH_UNIT(LENGTH_MEASURE(0.01),#19934,
'DISTANCE_ACCURACY_VALUE',
'Maximum model space distance between geometric entities at asserted c
onnectivities');
#19860=UNCERTAINTY_MEASURE_WITH_UNIT(LENGTH_MEASURE(0.01),#19934,
'DISTANCE_ACCURACY_VALUE',
'Maximum model space distance between geometric entities at asserted c
onnectivities');
#19861=UNCERTAINTY_MEASURE_WITH_UNIT(LENGTH_MEASURE(0.01),#19934,
'DISTANCE_ACCURACY_VALUE',
'Maximum model space distance between geometric entities at asserted c
onnectivities');
#19862=UNCERTAINTY_MEASURE_WITH_UNIT(LENGTH_MEASURE(0.01),#19934,
'DISTANCE_ACCURACY_VALUE',
'Maximum model space distance between geometric entities at asserted c
onnectivities');
#19863=UNCERTAINTY_MEASURE_WITH_UNIT(LENGTH_MEASURE(0.01),#19934,
'DISTANCE_ACCURACY_VALUE',
'Maximum model space distance between geometric entities at asserted c
onnectivities');
#19864=UNCERTAINTY_MEASURE_WITH_UNIT(LENGTH_MEASURE(0.01),#19934,
'DISTANCE_ACCURACY_VALUE',
'Maximum model space distance between geometric entities at asserted c
onnectivities');
#19865=UNCERTAINTY_MEASURE_WITH_UNIT(LENGTH_MEASURE(0.01),#19934,
'DISTANCE_ACCURACY_VALUE',
'Maximum model space distance between geometric entities at asserted c
onnectivities');
#19866=UNCERTAINTY_MEASURE_WITH_UNIT(LENGTH_MEASURE(0.01),#19934,
'DISTANCE_ACCURACY_VALUE',
'Maximum model space distance between geometric entities at asserted c
onnectivities');
#19867=UNCERTAINTY_MEASURE_WITH_UNIT(LENGTH_MEASURE(0.01),#19934,
'DISTANCE_ACCURACY_VALUE',
'Maximum model space distance between geometric entities at asserted c
onnectivities');
#19868=UNCERTAINTY_MEASURE_WITH_UNIT(LENGTH_MEASURE(0.01),#19934,
'DISTANCE_ACCURACY_VALUE',
'Maximum model space distance between geometric entities at asserted c
onnectivities');
#19869=UNCERTAINTY_MEASURE_WITH_UNIT(LENGTH_MEASURE(0.01),#19934,
'DISTANCE_ACCURACY_VALUE',
'Maximum model space distance between geometric entities at asserted c
onnectivities');
#19870=UNCERTAINTY_MEASURE_WITH_UNIT(LENGTH_MEASURE(0.01),#19934,
'DISTANCE_ACCURACY_VALUE',
'Maximum model space distance between geometric entities at asserted c
onnectivities');
#19871=UNCERTAINTY_MEASURE_WITH_UNIT(LENGTH_MEASURE(0.01),#19934,
'DISTANCE_ACCURACY_VALUE',
'Maximum model space distance between geometric entities at asserted c
onnectivities');
#19872=(
GEOMETRIC_REPRESENTATION_CONTEXT(3)
GLOBAL_UNCERTAINTY_ASSIGNED_CONTEXT((#19810))
GLOBAL_UNIT_ASSIGNED_CONTEXT((#19934,#19936,#19937))
REPRESENTATION_CONTEXT('','3D')
);
#19873=(
GEOMETRIC_REPRESENTATION_CONTEXT(3)
GLOBAL_UNCERTAINTY_ASSIGNED_CONTEXT((#19811))
GLOBAL_UNIT_ASSIGNED_CONTEXT((#19934,#19936,#19937))
REPRESENTATION_CONTEXT('','3D')
);
#19874=(
GEOMETRIC_REPRESENTATION_CONTEXT(3)
GLOBAL_UNCERTAINTY_ASSIGNED_CONTEXT((#19812))
GLOBAL_UNIT_ASSIGNED_CONTEXT((#19934,#19936,#19937))
REPRESENTATION_CONTEXT('','3D')
);
#19875=(
GEOMETRIC_REPRESENTATION_CONTEXT(3)
GLOBAL_UNCERTAINTY_ASSIGNED_CONTEXT((#19813))
GLOBAL_UNIT_ASSIGNED_CONTEXT((#19934,#19936,#19937))
REPRESENTATION_CONTEXT('','3D')
);
#19876=(
GEOMETRIC_REPRESENTATION_CONTEXT(3)
GLOBAL_UNCERTAINTY_ASSIGNED_CONTEXT((#19814))
GLOBAL_UNIT_ASSIGNED_CONTEXT((#19934,#19936,#19937))
REPRESENTATION_CONTEXT('','3D')
);
#19877=(
GEOMETRIC_REPRESENTATION_CONTEXT(3)
GLOBAL_UNCERTAINTY_ASSIGNED_CONTEXT((#19815))
GLOBAL_UNIT_ASSIGNED_CONTEXT((#19934,#19936,#19937))
REPRESENTATION_CONTEXT('','3D')
);
#19878=(
GEOMETRIC_REPRESENTATION_CONTEXT(3)
GLOBAL_UNCERTAINTY_ASSIGNED_CONTEXT((#19816))
GLOBAL_UNIT_ASSIGNED_CONTEXT((#19934,#19936,#19937))
REPRESENTATION_CONTEXT('','3D')
);
#19879=(
GEOMETRIC_REPRESENTATION_CONTEXT(3)
GLOBAL_UNCERTAINTY_ASSIGNED_CONTEXT((#19817))
GLOBAL_UNIT_ASSIGNED_CONTEXT((#19934,#19936,#19937))
REPRESENTATION_CONTEXT('','3D')
);
#19880=(
GEOMETRIC_REPRESENTATION_CONTEXT(3)
GLOBAL_UNCERTAINTY_ASSIGNED_CONTEXT((#19818))
GLOBAL_UNIT_ASSIGNED_CONTEXT((#19934,#19936,#19937))
REPRESENTATION_CONTEXT('','3D')
);
#19881=(
GEOMETRIC_REPRESENTATION_CONTEXT(3)
GLOBAL_UNCERTAINTY_ASSIGNED_CONTEXT((#19819))
GLOBAL_UNIT_ASSIGNED_CONTEXT((#19934,#19936,#19937))
REPRESENTATION_CONTEXT('','3D')
);
#19882=(
GEOMETRIC_REPRESENTATION_CONTEXT(3)
GLOBAL_UNCERTAINTY_ASSIGNED_CONTEXT((#19820))
GLOBAL_UNIT_ASSIGNED_CONTEXT((#19934,#19936,#19937))
REPRESENTATION_CONTEXT('','3D')
);
#19883=(
GEOMETRIC_REPRESENTATION_CONTEXT(3)
GLOBAL_UNCERTAINTY_ASSIGNED_CONTEXT((#19821))
GLOBAL_UNIT_ASSIGNED_CONTEXT((#19934,#19936,#19937))
REPRESENTATION_CONTEXT('','3D')
);
#19884=(
GEOMETRIC_REPRESENTATION_CONTEXT(3)
GLOBAL_UNCERTAINTY_ASSIGNED_CONTEXT((#19822))
GLOBAL_UNIT_ASSIGNED_CONTEXT((#19934,#19936,#19937))
REPRESENTATION_CONTEXT('','3D')
);
#19885=(
GEOMETRIC_REPRESENTATION_CONTEXT(3)
GLOBAL_UNCERTAINTY_ASSIGNED_CONTEXT((#19823))
GLOBAL_UNIT_ASSIGNED_CONTEXT((#19934,#19936,#19937))
REPRESENTATION_CONTEXT('','3D')
);
#19886=(
GEOMETRIC_REPRESENTATION_CONTEXT(3)
GLOBAL_UNCERTAINTY_ASSIGNED_CONTEXT((#19824))
GLOBAL_UNIT_ASSIGNED_CONTEXT((#19934,#19936,#19937))
REPRESENTATION_CONTEXT('','3D')
);
#19887=(
GEOMETRIC_REPRESENTATION_CONTEXT(3)
GLOBAL_UNCERTAINTY_ASSIGNED_CONTEXT((#19825))
GLOBAL_UNIT_ASSIGNED_CONTEXT((#19934,#19936,#19937))
REPRESENTATION_CONTEXT('','3D')
);
#19888=(
GEOMETRIC_REPRESENTATION_CONTEXT(3)
GLOBAL_UNCERTAINTY_ASSIGNED_CONTEXT((#19826))
GLOBAL_UNIT_ASSIGNED_CONTEXT((#19934,#19936,#19937))
REPRESENTATION_CONTEXT('','3D')
);
#19889=(
GEOMETRIC_REPRESENTATION_CONTEXT(3)
GLOBAL_UNCERTAINTY_ASSIGNED_CONTEXT((#19827))
GLOBAL_UNIT_ASSIGNED_CONTEXT((#19934,#19936,#19937))
REPRESENTATION_CONTEXT('','3D')
);
#19890=(
GEOMETRIC_REPRESENTATION_CONTEXT(3)
GLOBAL_UNCERTAINTY_ASSIGNED_CONTEXT((#19828))
GLOBAL_UNIT_ASSIGNED_CONTEXT((#19934,#19936,#19937))
REPRESENTATION_CONTEXT('','3D')
);
#19891=(
GEOMETRIC_REPRESENTATION_CONTEXT(3)
GLOBAL_UNCERTAINTY_ASSIGNED_CONTEXT((#19829))
GLOBAL_UNIT_ASSIGNED_CONTEXT((#19934,#19936,#19937))
REPRESENTATION_CONTEXT('','3D')
);
#19892=(
GEOMETRIC_REPRESENTATION_CONTEXT(3)
GLOBAL_UNCERTAINTY_ASSIGNED_CONTEXT((#19830))
GLOBAL_UNIT_ASSIGNED_CONTEXT((#19934,#19936,#19937))
REPRESENTATION_CONTEXT('','3D')
);
#19893=(
GEOMETRIC_REPRESENTATION_CONTEXT(3)
GLOBAL_UNCERTAINTY_ASSIGNED_CONTEXT((#19831))
GLOBAL_UNIT_ASSIGNED_CONTEXT((#19934,#19936,#19937))
REPRESENTATION_CONTEXT('','3D')
);
#19894=(
GEOMETRIC_REPRESENTATION_CONTEXT(3)
GLOBAL_UNCERTAINTY_ASSIGNED_CONTEXT((#19832))
GLOBAL_UNIT_ASSIGNED_CONTEXT((#19934,#19936,#19937))
REPRESENTATION_CONTEXT('','3D')
);
#19895=(
GEOMETRIC_REPRESENTATION_CONTEXT(3)
GLOBAL_UNCERTAINTY_ASSIGNED_CONTEXT((#19833))
GLOBAL_UNIT_ASSIGNED_CONTEXT((#19934,#19936,#19937))
REPRESENTATION_CONTEXT('','3D')
);
#19896=(
GEOMETRIC_REPRESENTATION_CONTEXT(3)
GLOBAL_UNCERTAINTY_ASSIGNED_CONTEXT((#19834))
GLOBAL_UNIT_ASSIGNED_CONTEXT((#19934,#19936,#19937))
REPRESENTATION_CONTEXT('','3D')
);
#19897=(
GEOMETRIC_REPRESENTATION_CONTEXT(3)
GLOBAL_UNCERTAINTY_ASSIGNED_CONTEXT((#19835))
GLOBAL_UNIT_ASSIGNED_CONTEXT((#19934,#19936,#19937))
REPRESENTATION_CONTEXT('','3D')
);
#19898=(
GEOMETRIC_REPRESENTATION_CONTEXT(3)
GLOBAL_UNCERTAINTY_ASSIGNED_CONTEXT((#19836))
GLOBAL_UNIT_ASSIGNED_CONTEXT((#19934,#19936,#19937))
REPRESENTATION_CONTEXT('','3D')
);
#19899=(
GEOMETRIC_REPRESENTATION_CONTEXT(3)
GLOBAL_UNCERTAINTY_ASSIGNED_CONTEXT((#19837))
GLOBAL_UNIT_ASSIGNED_CONTEXT((#19934,#19936,#19937))
REPRESENTATION_CONTEXT('','3D')
);
#19900=(
GEOMETRIC_REPRESENTATION_CONTEXT(3)
GLOBAL_UNCERTAINTY_ASSIGNED_CONTEXT((#19838))
GLOBAL_UNIT_ASSIGNED_CONTEXT((#19934,#19936,#19937))
REPRESENTATION_CONTEXT('','3D')
);
#19901=(
GEOMETRIC_REPRESENTATION_CONTEXT(3)
GLOBAL_UNCERTAINTY_ASSIGNED_CONTEXT((#19839))
GLOBAL_UNIT_ASSIGNED_CONTEXT((#19934,#19936,#19937))
REPRESENTATION_CONTEXT('','3D')
);
#19902=(
GEOMETRIC_REPRESENTATION_CONTEXT(3)
GLOBAL_UNCERTAINTY_ASSIGNED_CONTEXT((#19840))
GLOBAL_UNIT_ASSIGNED_CONTEXT((#19934,#19936,#19937))
REPRESENTATION_CONTEXT('','3D')
);
#19903=(
GEOMETRIC_REPRESENTATION_CONTEXT(3)
GLOBAL_UNCERTAINTY_ASSIGNED_CONTEXT((#19841))
GLOBAL_UNIT_ASSIGNED_CONTEXT((#19934,#19936,#19937))
REPRESENTATION_CONTEXT('','3D')
);
#19904=(
GEOMETRIC_REPRESENTATION_CONTEXT(3)
GLOBAL_UNCERTAINTY_ASSIGNED_CONTEXT((#19842))
GLOBAL_UNIT_ASSIGNED_CONTEXT((#19934,#19936,#19937))
REPRESENTATION_CONTEXT('','3D')
);
#19905=(
GEOMETRIC_REPRESENTATION_CONTEXT(3)
GLOBAL_UNCERTAINTY_ASSIGNED_CONTEXT((#19843))
GLOBAL_UNIT_ASSIGNED_CONTEXT((#19934,#19936,#19937))
REPRESENTATION_CONTEXT('','3D')
);
#19906=(
GEOMETRIC_REPRESENTATION_CONTEXT(3)
GLOBAL_UNCERTAINTY_ASSIGNED_CONTEXT((#19844))
GLOBAL_UNIT_ASSIGNED_CONTEXT((#19934,#19936,#19937))
REPRESENTATION_CONTEXT('','3D')
);
#19907=(
GEOMETRIC_REPRESENTATION_CONTEXT(3)
GLOBAL_UNCERTAINTY_ASSIGNED_CONTEXT((#19845))
GLOBAL_UNIT_ASSIGNED_CONTEXT((#19934,#19936,#19937))
REPRESENTATION_CONTEXT('','3D')
);
#19908=(
GEOMETRIC_REPRESENTATION_CONTEXT(3)
GLOBAL_UNCERTAINTY_ASSIGNED_CONTEXT((#19846))
GLOBAL_UNIT_ASSIGNED_CONTEXT((#19934,#19936,#19937))
REPRESENTATION_CONTEXT('','3D')
);
#19909=(
GEOMETRIC_REPRESENTATION_CONTEXT(3)
GLOBAL_UNCERTAINTY_ASSIGNED_CONTEXT((#19847))
GLOBAL_UNIT_ASSIGNED_CONTEXT((#19934,#19936,#19937))
REPRESENTATION_CONTEXT('','3D')
);
#19910=(
GEOMETRIC_REPRESENTATION_CONTEXT(3)
GLOBAL_UNCERTAINTY_ASSIGNED_CONTEXT((#19848))
GLOBAL_UNIT_ASSIGNED_CONTEXT((#19934,#19936,#19937))
REPRESENTATION_CONTEXT('','3D')
);
#19911=(
GEOMETRIC_REPRESENTATION_CONTEXT(3)
GLOBAL_UNCERTAINTY_ASSIGNED_CONTEXT((#19849))
GLOBAL_UNIT_ASSIGNED_CONTEXT((#19934,#19936,#19937))
REPRESENTATION_CONTEXT('','3D')
);
#19912=(
GEOMETRIC_REPRESENTATION_CONTEXT(3)
GLOBAL_UNCERTAINTY_ASSIGNED_CONTEXT((#19850))
GLOBAL_UNIT_ASSIGNED_CONTEXT((#19934,#19936,#19937))
REPRESENTATION_CONTEXT('','3D')
);
#19913=(
GEOMETRIC_REPRESENTATION_CONTEXT(3)
GLOBAL_UNCERTAINTY_ASSIGNED_CONTEXT((#19851))
GLOBAL_UNIT_ASSIGNED_CONTEXT((#19934,#19936,#19937))
REPRESENTATION_CONTEXT('','3D')
);
#19914=(
GEOMETRIC_REPRESENTATION_CONTEXT(3)
GLOBAL_UNCERTAINTY_ASSIGNED_CONTEXT((#19852))
GLOBAL_UNIT_ASSIGNED_CONTEXT((#19934,#19936,#19937))
REPRESENTATION_CONTEXT('','3D')
);
#19915=(
GEOMETRIC_REPRESENTATION_CONTEXT(3)
GLOBAL_UNCERTAINTY_ASSIGNED_CONTEXT((#19853))
GLOBAL_UNIT_ASSIGNED_CONTEXT((#19934,#19936,#19937))
REPRESENTATION_CONTEXT('','3D')
);
#19916=(
GEOMETRIC_REPRESENTATION_CONTEXT(3)
GLOBAL_UNCERTAINTY_ASSIGNED_CONTEXT((#19854))
GLOBAL_UNIT_ASSIGNED_CONTEXT((#19934,#19936,#19937))
REPRESENTATION_CONTEXT('','3D')
);
#19917=(
GEOMETRIC_REPRESENTATION_CONTEXT(3)
GLOBAL_UNCERTAINTY_ASSIGNED_CONTEXT((#19855))
GLOBAL_UNIT_ASSIGNED_CONTEXT((#19934,#19936,#19937))
REPRESENTATION_CONTEXT('','3D')
);
#19918=(
GEOMETRIC_REPRESENTATION_CONTEXT(3)
GLOBAL_UNCERTAINTY_ASSIGNED_CONTEXT((#19856))
GLOBAL_UNIT_ASSIGNED_CONTEXT((#19934,#19936,#19937))
REPRESENTATION_CONTEXT('','3D')
);
#19919=(
GEOMETRIC_REPRESENTATION_CONTEXT(3)
GLOBAL_UNCERTAINTY_ASSIGNED_CONTEXT((#19857))
GLOBAL_UNIT_ASSIGNED_CONTEXT((#19934,#19936,#19937))
REPRESENTATION_CONTEXT('','3D')
);
#19920=(
GEOMETRIC_REPRESENTATION_CONTEXT(3)
GLOBAL_UNCERTAINTY_ASSIGNED_CONTEXT((#19858))
GLOBAL_UNIT_ASSIGNED_CONTEXT((#19934,#19936,#19937))
REPRESENTATION_CONTEXT('','3D')
);
#19921=(
GEOMETRIC_REPRESENTATION_CONTEXT(3)
GLOBAL_UNCERTAINTY_ASSIGNED_CONTEXT((#19859))
GLOBAL_UNIT_ASSIGNED_CONTEXT((#19934,#19936,#19937))
REPRESENTATION_CONTEXT('','3D')
);
#19922=(
GEOMETRIC_REPRESENTATION_CONTEXT(3)
GLOBAL_UNCERTAINTY_ASSIGNED_CONTEXT((#19860))
GLOBAL_UNIT_ASSIGNED_CONTEXT((#19934,#19936,#19937))
REPRESENTATION_CONTEXT('','3D')
);
#19923=(
GEOMETRIC_REPRESENTATION_CONTEXT(3)
GLOBAL_UNCERTAINTY_ASSIGNED_CONTEXT((#19861))
GLOBAL_UNIT_ASSIGNED_CONTEXT((#19934,#19936,#19937))
REPRESENTATION_CONTEXT('','3D')
);
#19924=(
GEOMETRIC_REPRESENTATION_CONTEXT(3)
GLOBAL_UNCERTAINTY_ASSIGNED_CONTEXT((#19862))
GLOBAL_UNIT_ASSIGNED_CONTEXT((#19934,#19936,#19937))
REPRESENTATION_CONTEXT('','3D')
);
#19925=(
GEOMETRIC_REPRESENTATION_CONTEXT(3)
GLOBAL_UNCERTAINTY_ASSIGNED_CONTEXT((#19863))
GLOBAL_UNIT_ASSIGNED_CONTEXT((#19934,#19936,#19937))
REPRESENTATION_CONTEXT('','3D')
);
#19926=(
GEOMETRIC_REPRESENTATION_CONTEXT(3)
GLOBAL_UNCERTAINTY_ASSIGNED_CONTEXT((#19864))
GLOBAL_UNIT_ASSIGNED_CONTEXT((#19934,#19936,#19937))
REPRESENTATION_CONTEXT('','3D')
);
#19927=(
GEOMETRIC_REPRESENTATION_CONTEXT(3)
GLOBAL_UNCERTAINTY_ASSIGNED_CONTEXT((#19865))
GLOBAL_UNIT_ASSIGNED_CONTEXT((#19934,#19936,#19937))
REPRESENTATION_CONTEXT('','3D')
);
#19928=(
GEOMETRIC_REPRESENTATION_CONTEXT(3)
GLOBAL_UNCERTAINTY_ASSIGNED_CONTEXT((#19866))
GLOBAL_UNIT_ASSIGNED_CONTEXT((#19934,#19936,#19937))
REPRESENTATION_CONTEXT('','3D')
);
#19929=(
GEOMETRIC_REPRESENTATION_CONTEXT(3)
GLOBAL_UNCERTAINTY_ASSIGNED_CONTEXT((#19867))
GLOBAL_UNIT_ASSIGNED_CONTEXT((#19934,#19936,#19937))
REPRESENTATION_CONTEXT('','3D')
);
#19930=(
GEOMETRIC_REPRESENTATION_CONTEXT(3)
GLOBAL_UNCERTAINTY_ASSIGNED_CONTEXT((#19868))
GLOBAL_UNIT_ASSIGNED_CONTEXT((#19934,#19936,#19937))
REPRESENTATION_CONTEXT('','3D')
);
#19931=(
GEOMETRIC_REPRESENTATION_CONTEXT(3)
GLOBAL_UNCERTAINTY_ASSIGNED_CONTEXT((#19869))
GLOBAL_UNIT_ASSIGNED_CONTEXT((#19934,#19936,#19937))
REPRESENTATION_CONTEXT('','3D')
);
#19932=(
GEOMETRIC_REPRESENTATION_CONTEXT(3)
GLOBAL_UNCERTAINTY_ASSIGNED_CONTEXT((#19870))
GLOBAL_UNIT_ASSIGNED_CONTEXT((#19934,#19936,#19937))
REPRESENTATION_CONTEXT('','3D')
);
#19933=(
GEOMETRIC_REPRESENTATION_CONTEXT(3)
GLOBAL_UNCERTAINTY_ASSIGNED_CONTEXT((#19871))
GLOBAL_UNIT_ASSIGNED_CONTEXT((#19934,#19936,#19937))
REPRESENTATION_CONTEXT('','3D')
);
#19934=(
LENGTH_UNIT()
NAMED_UNIT(*)
SI_UNIT(.MILLI.,.METRE.)
);
#19935=(
LENGTH_UNIT()
NAMED_UNIT(*)
SI_UNIT($,.METRE.)
);
#19936=(
NAMED_UNIT(*)
PLANE_ANGLE_UNIT()
SI_UNIT($,.RADIAN.)
);
#19937=(
NAMED_UNIT(*)
SI_UNIT($,.STERADIAN.)
SOLID_ANGLE_UNIT()
);
#19938=SHAPE_DEFINITION_REPRESENTATION(#19999,#20120);
#19939=SHAPE_DEFINITION_REPRESENTATION(#20000,#20121);
#19940=SHAPE_DEFINITION_REPRESENTATION(#20001,#20122);
#19941=SHAPE_DEFINITION_REPRESENTATION(#20002,#20123);
#19942=SHAPE_DEFINITION_REPRESENTATION(#20003,#20124);
#19943=SHAPE_DEFINITION_REPRESENTATION(#20004,#20125);
#19944=SHAPE_DEFINITION_REPRESENTATION(#20005,#20126);
#19945=SHAPE_DEFINITION_REPRESENTATION(#20006,#20127);
#19946=SHAPE_DEFINITION_REPRESENTATION(#20007,#20128);
#19947=SHAPE_DEFINITION_REPRESENTATION(#20015,#20129);
#19948=SHAPE_DEFINITION_REPRESENTATION(#20016,#20130);
#19949=SHAPE_DEFINITION_REPRESENTATION(#20017,#20131);
#19950=SHAPE_DEFINITION_REPRESENTATION(#20018,#20132);
#19951=SHAPE_DEFINITION_REPRESENTATION(#20019,#20133);
#19952=SHAPE_DEFINITION_REPRESENTATION(#20020,#20134);
#19953=SHAPE_DEFINITION_REPRESENTATION(#20021,#20135);
#19954=SHAPE_DEFINITION_REPRESENTATION(#20022,#20136);
#19955=SHAPE_DEFINITION_REPRESENTATION(#20023,#20137);
#19956=SHAPE_DEFINITION_REPRESENTATION(#20024,#20138);
#19957=SHAPE_DEFINITION_REPRESENTATION(#20025,#20139);
#19958=SHAPE_DEFINITION_REPRESENTATION(#20036,#20140);
#19959=SHAPE_DEFINITION_REPRESENTATION(#20037,#20141);
#19960=SHAPE_DEFINITION_REPRESENTATION(#20038,#20142);
#19961=SHAPE_DEFINITION_REPRESENTATION(#20039,#20143);
#19962=SHAPE_DEFINITION_REPRESENTATION(#20040,#20144);
#19963=SHAPE_DEFINITION_REPRESENTATION(#20041,#20145);
#19964=SHAPE_DEFINITION_REPRESENTATION(#20042,#20146);
#19965=SHAPE_DEFINITION_REPRESENTATION(#20043,#20147);
#19966=SHAPE_DEFINITION_REPRESENTATION(#20044,#20148);
#19967=SHAPE_DEFINITION_REPRESENTATION(#20045,#20149);
#19968=SHAPE_DEFINITION_REPRESENTATION(#20055,#20150);
#19969=SHAPE_DEFINITION_REPRESENTATION(#20056,#20151);
#19970=SHAPE_DEFINITION_REPRESENTATION(#20057,#20152);
#19971=SHAPE_DEFINITION_REPRESENTATION(#20058,#20153);
#19972=SHAPE_DEFINITION_REPRESENTATION(#20062,#20154);
#19973=SHAPE_DEFINITION_REPRESENTATION(#20063,#20155);
#19974=SHAPE_DEFINITION_REPRESENTATION(#20064,#20156);
#19975=SHAPE_DEFINITION_REPRESENTATION(#20065,#20157);
#19976=SHAPE_DEFINITION_REPRESENTATION(#20066,#20158);
#19977=SHAPE_DEFINITION_REPRESENTATION(#20067,#20159);
#19978=SHAPE_DEFINITION_REPRESENTATION(#20068,#20160);
#19979=SHAPE_DEFINITION_REPRESENTATION(#20069,#20161);
#19980=SHAPE_DEFINITION_REPRESENTATION(#20077,#20162);
#19981=SHAPE_DEFINITION_REPRESENTATION(#20078,#20163);
#19982=SHAPE_DEFINITION_REPRESENTATION(#20079,#20164);
#19983=SHAPE_DEFINITION_REPRESENTATION(#20080,#20165);
#19984=SHAPE_DEFINITION_REPRESENTATION(#20082,#20166);
#19985=SHAPE_DEFINITION_REPRESENTATION(#20083,#20167);
#19986=SHAPE_DEFINITION_REPRESENTATION(#20084,#20168);
#19987=SHAPE_DEFINITION_REPRESENTATION(#20085,#20169);
#19988=SHAPE_DEFINITION_REPRESENTATION(#20086,#20170);
#19989=SHAPE_DEFINITION_REPRESENTATION(#20087,#20171);
#19990=SHAPE_DEFINITION_REPRESENTATION(#20088,#20172);
#19991=SHAPE_DEFINITION_REPRESENTATION(#20089,#20173);
#19992=SHAPE_DEFINITION_REPRESENTATION(#20090,#20174);
#19993=SHAPE_DEFINITION_REPRESENTATION(#20091,#20175);
#19994=SHAPE_DEFINITION_REPRESENTATION(#20092,#20176);
#19995=SHAPE_DEFINITION_REPRESENTATION(#20093,#20177);
#19996=SHAPE_DEFINITION_REPRESENTATION(#20094,#20178);
#19997=SHAPE_DEFINITION_REPRESENTATION(#20095,#20179);
#19998=SHAPE_DEFINITION_REPRESENTATION(#20096,#20180);
#19999=PRODUCT_DEFINITION_SHAPE('',$,#20182);
#20000=PRODUCT_DEFINITION_SHAPE('',$,#20183);
#20001=PRODUCT_DEFINITION_SHAPE('',$,#20184);
#20002=PRODUCT_DEFINITION_SHAPE('',$,#20185);
#20003=PRODUCT_DEFINITION_SHAPE('',$,#20186);
#20004=PRODUCT_DEFINITION_SHAPE('',$,#20187);
#20005=PRODUCT_DEFINITION_SHAPE('',$,#20188);
#20006=PRODUCT_DEFINITION_SHAPE('',$,#20189);
#20007=PRODUCT_DEFINITION_SHAPE('',$,#20190);
#20008=PRODUCT_DEFINITION_SHAPE($,$,#191);
#20009=PRODUCT_DEFINITION_SHAPE($,$,#192);
#20010=PRODUCT_DEFINITION_SHAPE($,$,#193);
#20011=PRODUCT_DEFINITION_SHAPE($,$,#194);
#20012=PRODUCT_DEFINITION_SHAPE($,$,#195);
#20013=PRODUCT_DEFINITION_SHAPE($,$,#196);
#20014=PRODUCT_DEFINITION_SHAPE($,$,#197);
#20015=PRODUCT_DEFINITION_SHAPE('',$,#20191);
#20016=PRODUCT_DEFINITION_SHAPE('',$,#20192);
#20017=PRODUCT_DEFINITION_SHAPE('',$,#20193);
#20018=PRODUCT_DEFINITION_SHAPE('',$,#20194);
#20019=PRODUCT_DEFINITION_SHAPE('',$,#20195);
#20020=PRODUCT_DEFINITION_SHAPE('',$,#20196);
#20021=PRODUCT_DEFINITION_SHAPE('',$,#20197);
#20022=PRODUCT_DEFINITION_SHAPE('',$,#20198);
#20023=PRODUCT_DEFINITION_SHAPE('',$,#20199);
#20024=PRODUCT_DEFINITION_SHAPE('',$,#20200);
#20025=PRODUCT_DEFINITION_SHAPE('',$,#20201);
#20026=PRODUCT_DEFINITION_SHAPE($,$,#198);
#20027=PRODUCT_DEFINITION_SHAPE($,$,#199);
#20028=PRODUCT_DEFINITION_SHAPE($,$,#200);
#20029=PRODUCT_DEFINITION_SHAPE($,$,#201);
#20030=PRODUCT_DEFINITION_SHAPE($,$,#202);
#20031=PRODUCT_DEFINITION_SHAPE($,$,#203);
#20032=PRODUCT_DEFINITION_SHAPE($,$,#204);
#20033=PRODUCT_DEFINITION_SHAPE($,$,#205);
#20034=PRODUCT_DEFINITION_SHAPE($,$,#206);
#20035=PRODUCT_DEFINITION_SHAPE($,$,#207);
#20036=PRODUCT_DEFINITION_SHAPE('',$,#20202);
#20037=PRODUCT_DEFINITION_SHAPE('',$,#20203);
#20038=PRODUCT_DEFINITION_SHAPE('',$,#20204);
#20039=PRODUCT_DEFINITION_SHAPE('',$,#20205);
#20040=PRODUCT_DEFINITION_SHAPE('',$,#20206);
#20041=PRODUCT_DEFINITION_SHAPE('',$,#20207);
#20042=PRODUCT_DEFINITION_SHAPE('',$,#20208);
#20043=PRODUCT_DEFINITION_SHAPE('',$,#20209);
#20044=PRODUCT_DEFINITION_SHAPE('',$,#20210);
#20045=PRODUCT_DEFINITION_SHAPE('',$,#20211);
#20046=PRODUCT_DEFINITION_SHAPE($,$,#208);
#20047=PRODUCT_DEFINITION_SHAPE($,$,#209);
#20048=PRODUCT_DEFINITION_SHAPE($,$,#210);
#20049=PRODUCT_DEFINITION_SHAPE($,$,#211);
#20050=PRODUCT_DEFINITION_SHAPE($,$,#212);
#20051=PRODUCT_DEFINITION_SHAPE($,$,#213);
#20052=PRODUCT_DEFINITION_SHAPE($,$,#214);
#20053=PRODUCT_DEFINITION_SHAPE($,$,#215);
#20054=PRODUCT_DEFINITION_SHAPE($,$,#216);
#20055=PRODUCT_DEFINITION_SHAPE('',$,#20212);
#20056=PRODUCT_DEFINITION_SHAPE('',$,#20213);
#20057=PRODUCT_DEFINITION_SHAPE('',$,#20214);
#20058=PRODUCT_DEFINITION_SHAPE('',$,#20215);
#20059=PRODUCT_DEFINITION_SHAPE($,$,#217);
#20060=PRODUCT_DEFINITION_SHAPE($,$,#218);
#20061=PRODUCT_DEFINITION_SHAPE($,$,#219);
#20062=PRODUCT_DEFINITION_SHAPE('',$,#20216);
#20063=PRODUCT_DEFINITION_SHAPE('',$,#20217);
#20064=PRODUCT_DEFINITION_SHAPE('',$,#20218);
#20065=PRODUCT_DEFINITION_SHAPE('',$,#20219);
#20066=PRODUCT_DEFINITION_SHAPE('',$,#20220);
#20067=PRODUCT_DEFINITION_SHAPE('',$,#20221);
#20068=PRODUCT_DEFINITION_SHAPE('',$,#20222);
#20069=PRODUCT_DEFINITION_SHAPE('',$,#20223);
#20070=PRODUCT_DEFINITION_SHAPE($,$,#220);
#20071=PRODUCT_DEFINITION_SHAPE($,$,#221);
#20072=PRODUCT_DEFINITION_SHAPE($,$,#222);
#20073=PRODUCT_DEFINITION_SHAPE($,$,#223);
#20074=PRODUCT_DEFINITION_SHAPE($,$,#224);
#20075=PRODUCT_DEFINITION_SHAPE($,$,#225);
#20076=PRODUCT_DEFINITION_SHAPE($,$,#226);
#20077=PRODUCT_DEFINITION_SHAPE('',$,#20224);
#20078=PRODUCT_DEFINITION_SHAPE('',$,#20225);
#20079=PRODUCT_DEFINITION_SHAPE('',$,#20226);
#20080=PRODUCT_DEFINITION_SHAPE('',$,#20227);
#20081=PRODUCT_DEFINITION_SHAPE($,$,#227);
#20082=PRODUCT_DEFINITION_SHAPE('',$,#20228);
#20083=PRODUCT_DEFINITION_SHAPE('',$,#20229);
#20084=PRODUCT_DEFINITION_SHAPE('',$,#20230);
#20085=PRODUCT_DEFINITION_SHAPE('',$,#20231);
#20086=PRODUCT_DEFINITION_SHAPE('',$,#20232);
#20087=PRODUCT_DEFINITION_SHAPE('',$,#20233);
#20088=PRODUCT_DEFINITION_SHAPE('',$,#20234);
#20089=PRODUCT_DEFINITION_SHAPE('',$,#20235);
#20090=PRODUCT_DEFINITION_SHAPE('',$,#20236);
#20091=PRODUCT_DEFINITION_SHAPE('',$,#20237);
#20092=PRODUCT_DEFINITION_SHAPE('',$,#20238);
#20093=PRODUCT_DEFINITION_SHAPE('',$,#20239);
#20094=PRODUCT_DEFINITION_SHAPE('',$,#20240);
#20095=PRODUCT_DEFINITION_SHAPE('',$,#20241);
#20096=PRODUCT_DEFINITION_SHAPE('',$,#20242);
#20097=PRODUCT_DEFINITION_SHAPE($,$,#228);
#20098=PRODUCT_DEFINITION_SHAPE($,$,#229);
#20099=PRODUCT_DEFINITION_SHAPE($,$,#230);
#20100=PRODUCT_DEFINITION_SHAPE($,$,#231);
#20101=PRODUCT_DEFINITION_SHAPE($,$,#232);
#20102=PRODUCT_DEFINITION_SHAPE($,$,#233);
#20103=PRODUCT_DEFINITION_SHAPE($,$,#234);
#20104=PRODUCT_DEFINITION_SHAPE($,$,#235);
#20105=PRODUCT_DEFINITION_SHAPE($,$,#236);
#20106=PRODUCT_DEFINITION_SHAPE($,$,#237);
#20107=PRODUCT_DEFINITION_SHAPE($,$,#238);
#20108=PRODUCT_DEFINITION_SHAPE($,$,#239);
#20109=PRODUCT_DEFINITION_SHAPE($,$,#240);
#20110=PRODUCT_DEFINITION_SHAPE($,$,#241);
#20111=PRODUCT_DEFINITION_SHAPE($,$,#242);
#20112=PRODUCT_DEFINITION_SHAPE($,$,#243);
#20113=PRODUCT_DEFINITION_SHAPE($,$,#244);
#20114=PRODUCT_DEFINITION_SHAPE($,$,#245);
#20115=PRODUCT_DEFINITION_SHAPE($,$,#246);
#20116=PRODUCT_DEFINITION_SHAPE($,$,#247);
#20117=PRODUCT_DEFINITION_SHAPE($,$,#248);
#20118=PRODUCT_DEFINITION_SHAPE($,$,#249);
#20119=PRODUCT_DEFINITION_SHAPE($,$,#250);
#20120=SHAPE_REPRESENTATION('',(#11946,#13024,#13025,#13026,#13027,#13028,
#13029),#19872);
#20121=SHAPE_REPRESENTATION('',(#11947,#12243,#12244,#12245,#12246,#12247,
#12248,#12249),#19873);
#20122=SHAPE_REPRESENTATION('',(#11948),#19874);
#20123=SHAPE_REPRESENTATION('',(#12081),#19875);
#20124=SHAPE_REPRESENTATION('',(#12098),#19876);
#20125=SHAPE_REPRESENTATION('',(#12115),#19877);
#20126=SHAPE_REPRESENTATION('',(#12144),#19878);
#20127=SHAPE_REPRESENTATION('',(#12164),#19879);
#20128=SHAPE_REPRESENTATION('',(#12184),#19880);
#20129=SHAPE_REPRESENTATION('',(#12250,#12429,#12430,#12431,#12432,#12433,
#12434,#12435,#12436,#12437,#12438),#19881);
#20130=SHAPE_REPRESENTATION('',(#12251),#19882);
#20131=SHAPE_REPRESENTATION('',(#12257),#19883);
#20132=SHAPE_REPRESENTATION('',(#12263),#19884);
#20133=SHAPE_REPRESENTATION('',(#12276),#19885);
#20134=SHAPE_REPRESENTATION('',(#12282),#19886);
#20135=SHAPE_REPRESENTATION('',(#12295),#19887);
#20136=SHAPE_REPRESENTATION('',(#12301),#19888);
#20137=SHAPE_REPRESENTATION('',(#12352),#19889);
#20138=SHAPE_REPRESENTATION('',(#12365),#19890);
#20139=SHAPE_REPRESENTATION('',(#12416),#19891);
#20140=SHAPE_REPRESENTATION('',(#12439,#12540,#12541,#12542,#12543,#12544,
#12545,#12546,#12547,#12548),#19892);
#20141=SHAPE_REPRESENTATION('',(#12440),#19893);
#20142=SHAPE_REPRESENTATION('',(#12446),#19894);
#20143=SHAPE_REPRESENTATION('',(#12455),#19895);
#20144=SHAPE_REPRESENTATION('',(#12464),#19896);
#20145=SHAPE_REPRESENTATION('',(#12470),#19897);
#20146=SHAPE_REPRESENTATION('',(#12484),#19898);
#20147=SHAPE_REPRESENTATION('',(#12515),#19899);
#20148=SHAPE_REPRESENTATION('',(#12524),#19900);
#20149=SHAPE_REPRESENTATION('',(#12533),#19901);
#20150=SHAPE_REPRESENTATION('',(#12549,#12586,#12587,#12588),#19902);
#20151=SHAPE_REPRESENTATION('',(#12550),#19903);
#20152=SHAPE_REPRESENTATION('',(#12567),#19904);
#20153=SHAPE_REPRESENTATION('',(#12574),#19905);
#20154=SHAPE_REPRESENTATION('',(#12589,#12675,#12676,#12677,#12678,#12679,
#12680,#12681),#19906);
#20155=SHAPE_REPRESENTATION('',(#12590),#19907);
#20156=SHAPE_REPRESENTATION('',(#12597),#19908);
#20157=SHAPE_REPRESENTATION('',(#12604),#19909);
#20158=SHAPE_REPRESENTATION('',(#12611),#19910);
#20159=SHAPE_REPRESENTATION('',(#12618),#19911);
#20160=SHAPE_REPRESENTATION('',(#12625),#19912);
#20161=SHAPE_REPRESENTATION('',(#12662),#19913);
#20162=SHAPE_REPRESENTATION('',(#12682,#13007,#13008,#13009,#13010,#13011,
#13012,#13013,#13014,#13015,#13016,#13017,#13018,#13019,#13020,#13021,#13022,
#13023),#19914);
#20163=SHAPE_REPRESENTATION('',(#12683),#19915);
#20164=SHAPE_REPRESENTATION('',(#12684,#12704),#19916);
#20165=SHAPE_REPRESENTATION('',(#12685),#19917);
#20166=SHAPE_REPRESENTATION('',(#12705),#19918);
#20167=SHAPE_REPRESENTATION('',(#12706),#19919);
#20168=SHAPE_REPRESENTATION('',(#12745),#19920);
#20169=SHAPE_REPRESENTATION('',(#12759),#19921);
#20170=SHAPE_REPRESENTATION('',(#12773),#19922);
#20171=SHAPE_REPRESENTATION('',(#12787),#19923);
#20172=SHAPE_REPRESENTATION('',(#12801),#19924);
#20173=SHAPE_REPRESENTATION('',(#12815),#19925);
#20174=SHAPE_REPRESENTATION('',(#12829),#19926);
#20175=SHAPE_REPRESENTATION('',(#12851),#19927);
#20176=SHAPE_REPRESENTATION('',(#12873),#19928);
#20177=SHAPE_REPRESENTATION('',(#12895),#19929);
#20178=SHAPE_REPRESENTATION('',(#12917),#19930);
#20179=SHAPE_REPRESENTATION('',(#12939),#19931);
#20180=SHAPE_REPRESENTATION('',(#12988),#19932);
#20181=PRODUCT_DEFINITION_CONTEXT('part definition',#20366,'design');
#20182=PRODUCT_DEFINITION('2026-09-22-20-04-37-960','robot2',#20243,#20181);
#20183=PRODUCT_DEFINITION('2026-09-22-20-04-48-798','01_Chassis',#20244,
#20181);
#20184=PRODUCT_DEFINITION('2026-09-22-20-10-09-073','Base_Plate_Al',#20245,
#20181);
#20185=PRODUCT_DEFINITION('2026-09-22-20-12-27-334',
'Left_Side_Plate_Al',#20246,#20181);
#20186=PRODUCT_DEFINITION('2026-09-22-20-12-27-362',
'Right_Side_Plate_Al',#20247,#20181);
#20187=PRODUCT_DEFINITION('2026-09-22-20-17-28-654','Top_Cover',#20248,
#20181);
#20188=PRODUCT_DEFINITION('2026-09-22-21-16-08-475','Front_Wedge_L',#20249,
#20181);
#20189=PRODUCT_DEFINITION('2026-09-22-21-16-09-075','Front_Wedge_R',#20250,
#20181);
#20190=PRODUCT_DEFINITION('2026-09-22-21-40-15-382',
'Standoffs_Fasteners',#20251,#20181);
#20191=PRODUCT_DEFINITION('2026-09-22-20-04-48-802','02_Drivetrain',#20252,
#20181);
#20192=PRODUCT_DEFINITION('2026-09-22-20-14-47-754','Left_Wheel',#20253,
#20181);
#20193=PRODUCT_DEFINITION('2026-09-22-20-14-47-792','Right_Wheel',#20254,
#20181);
#20194=PRODUCT_DEFINITION('2026-09-22-20-34-57-722','TT_Gearbox_L',#20255,
#20181);
#20195=PRODUCT_DEFINITION('2026-09-22-20-34-57-795','TT_Motor_Can_L',#20256,
#20181);
#20196=PRODUCT_DEFINITION('2026-09-22-20-34-57-849','TT_Gearbox_R',#20257,
#20181);
#20197=PRODUCT_DEFINITION('2026-09-22-20-34-57-901','TT_Motor_Can_R',#20258,
#20181);
#20198=PRODUCT_DEFINITION('2026-09-22-22-50-56-103','TT_Motor_Mount_L',
#20259,#20181);
#20199=PRODUCT_DEFINITION('2026-09-22-22-50-56-432','TT_Motor_Clamp_L',
#20260,#20181);
#20200=PRODUCT_DEFINITION('2026-09-22-22-50-56-745','TT_Motor_Mount_R',
#20261,#20181);
#20201=PRODUCT_DEFINITION('2026-09-22-22-50-57-029','TT_Motor_Clamp_R',
#20262,#20181);
#20202=PRODUCT_DEFINITION('2026-09-22-20-04-48-804','03_Front_Spinner',
#20263,#20181);
#20203=PRODUCT_DEFINITION('2026-09-22-21-17-04-467','Spinner_Shaft',#20264,
#20181);
#20204=PRODUCT_DEFINITION('2026-09-22-21-17-04-732','Left_Support',#20265,
#20181);
#20205=PRODUCT_DEFINITION('2026-09-22-21-17-05-000','Right_Support',#20266,
#20181);
#20206=PRODUCT_DEFINITION('2026-09-22-21-17-05-645','Spinner_Motor',#20267,
#20181);
#20207=PRODUCT_DEFINITION('2026-09-22-21-17-05-985','Spinner_Bar',#20268,
#20181);
#20208=PRODUCT_DEFINITION('2026-09-22-22-28-33-537',
'Spinner_Motor_Cradle',#20269,#20181);
#20209=PRODUCT_DEFINITION('2026-09-23-02-03-55-828','Weapon_Pulley',#20270,
#20181);
#20210=PRODUCT_DEFINITION('2026-09-23-02-03-56-507','Motor_Pulley',#20271,
#20181);
#20211=PRODUCT_DEFINITION('2026-09-23-02-25-34-565','ESC_Tekko32',#20272,
#20181);
#20212=PRODUCT_DEFINITION('2026-09-22-20-04-48-805','04_Top_Hammer',#20273,
#20181);
#20213=PRODUCT_DEFINITION('2026-09-22-21-00-36-653','Hammer_Servo',#20274,
#20181);
#20214=PRODUCT_DEFINITION('2026-09-22-21-00-37-045','Hammer_Arm',#20275,
#20181);
#20215=PRODUCT_DEFINITION('2026-09-22-21-00-37-388','Hammer_Head',#20276,
#20181);
#20216=PRODUCT_DEFINITION('2026-09-22-20-04-48-807','05_Electronics',#20277,
#20181);
#20217=PRODUCT_DEFINITION('2026-09-22-20-50-05-757','Battery_and_Tray',
#20278,#20181);
#20218=PRODUCT_DEFINITION('2026-09-23-02-25-37-427','Rx_ER6',#20279,#20181);
#20219=PRODUCT_DEFINITION('2026-09-23-02-25-40-527','UBEC_5A',#20280,#20181);
#20220=PRODUCT_DEFINITION('2026-09-23-02-25-43-941','DRV8874_A',#20281,
#20181);
#20221=PRODUCT_DEFINITION('2026-09-23-02-25-47-286','DRV8874_B',#20282,
#20181);
#20222=PRODUCT_DEFINITION('2026-09-23-02-47-40-033','ESP32_DevKit',#20283,
#20181);
#20223=PRODUCT_DEFINITION('2026-09-23-21-12-34-998',
'FingerTech_Mini_Switch_Envelope',#20284,#20181);
#20224=PRODUCT_DEFINITION('2026-09-22-20-04-48-809','06_3D_Printed',#20285,
#20181);
#20225=PRODUCT_DEFINITION('2026-09-22-20-49-00-878','Wire_Clips',#20286,
#20181);
#20226=PRODUCT_DEFINITION('2026-09-22-20-49-00-891',
'Non_Structural_Covers',#20287,#20181);
#20227=PRODUCT_DEFINITION('2026-09-22-23-34-46-416','Rear_Panel',#20288,
#20181);
#20228=PRODUCT_DEFINITION('2026-09-22-20-49-00-904','TPU_Bumpers',#20289,
#20181);
#20229=PRODUCT_DEFINITION('2026-09-22-21-42-45-679','Battery_Holder',#20290,
#20181);
#20230=PRODUCT_DEFINITION('2026-09-22-23-22-03-101','Batt_Post_1',#20291,
#20181);
#20231=PRODUCT_DEFINITION('2026-09-22-23-22-04-161','Batt_Post_2',#20292,
#20181);
#20232=PRODUCT_DEFINITION('2026-09-22-23-22-05-011','Batt_Post_3',#20293,
#20181);
#20233=PRODUCT_DEFINITION('2026-09-22-23-22-05-941','Batt_Post_4',#20294,
#20181);
#20234=PRODUCT_DEFINITION('2026-09-22-23-30-32-609','Disconnect_Post_1',
#20295,#20181);
#20235=PRODUCT_DEFINITION('2026-09-22-23-30-32-928','Disconnect_Post_2',
#20296,#20181);
#20236=PRODUCT_DEFINITION('2026-09-23-02-25-35-125',
'Holder_ESC_Tekko32',#20297,#20181);
#20237=PRODUCT_DEFINITION('2026-09-23-02-25-38-082','Holder_Rx_ER6',#20298,
#20181);
#20238=PRODUCT_DEFINITION('2026-09-23-02-25-41-161','Holder_UBEC_5A',#20299,
#20181);
#20239=PRODUCT_DEFINITION('2026-09-23-02-25-44-578','Holder_DRV8874_A',
#20300,#20181);
#20240=PRODUCT_DEFINITION('2026-09-23-02-25-47-976','Holder_DRV8874_B',
#20301,#20181);
#20241=PRODUCT_DEFINITION('2026-09-23-02-47-40-739','Holder_ESP32',#20302,
#20181);
#20242=PRODUCT_DEFINITION('2026-09-23-21-12-34-593',
'FingerTech_Switch_Adapter',#20303,#20181);
#20243=PRODUCT_DEFINITION_FORMATION('',$,#20368);
#20244=PRODUCT_DEFINITION_FORMATION('',$,#20369);
#20245=PRODUCT_DEFINITION_FORMATION('',$,#20370);
#20246=PRODUCT_DEFINITION_FORMATION('',$,#20371);
#20247=PRODUCT_DEFINITION_FORMATION('',$,#20372);
#20248=PRODUCT_DEFINITION_FORMATION('',$,#20373);
#20249=PRODUCT_DEFINITION_FORMATION('',$,#20374);
#20250=PRODUCT_DEFINITION_FORMATION('',$,#20375);
#20251=PRODUCT_DEFINITION_FORMATION('',$,#20376);
#20252=PRODUCT_DEFINITION_FORMATION('',$,#20377);
#20253=PRODUCT_DEFINITION_FORMATION('',$,#20378);
#20254=PRODUCT_DEFINITION_FORMATION('',$,#20379);
#20255=PRODUCT_DEFINITION_FORMATION('',$,#20380);
#20256=PRODUCT_DEFINITION_FORMATION('',$,#20381);
#20257=PRODUCT_DEFINITION_FORMATION('',$,#20382);
#20258=PRODUCT_DEFINITION_FORMATION('',$,#20383);
#20259=PRODUCT_DEFINITION_FORMATION('',$,#20384);
#20260=PRODUCT_DEFINITION_FORMATION('',$,#20385);
#20261=PRODUCT_DEFINITION_FORMATION('',$,#20386);
#20262=PRODUCT_DEFINITION_FORMATION('',$,#20387);
#20263=PRODUCT_DEFINITION_FORMATION('',$,#20388);
#20264=PRODUCT_DEFINITION_FORMATION('',$,#20389);
#20265=PRODUCT_DEFINITION_FORMATION('',$,#20390);
#20266=PRODUCT_DEFINITION_FORMATION('',$,#20391);
#20267=PRODUCT_DEFINITION_FORMATION('',$,#20392);
#20268=PRODUCT_DEFINITION_FORMATION('',$,#20393);
#20269=PRODUCT_DEFINITION_FORMATION('',$,#20394);
#20270=PRODUCT_DEFINITION_FORMATION('',$,#20395);
#20271=PRODUCT_DEFINITION_FORMATION('',$,#20396);
#20272=PRODUCT_DEFINITION_FORMATION('',$,#20397);
#20273=PRODUCT_DEFINITION_FORMATION('',$,#20398);
#20274=PRODUCT_DEFINITION_FORMATION('',$,#20399);
#20275=PRODUCT_DEFINITION_FORMATION('',$,#20400);
#20276=PRODUCT_DEFINITION_FORMATION('',$,#20401);
#20277=PRODUCT_DEFINITION_FORMATION('',$,#20402);
#20278=PRODUCT_DEFINITION_FORMATION('',$,#20403);
#20279=PRODUCT_DEFINITION_FORMATION('',$,#20404);
#20280=PRODUCT_DEFINITION_FORMATION('',$,#20405);
#20281=PRODUCT_DEFINITION_FORMATION('',$,#20406);
#20282=PRODUCT_DEFINITION_FORMATION('',$,#20407);
#20283=PRODUCT_DEFINITION_FORMATION('',$,#20408);
#20284=PRODUCT_DEFINITION_FORMATION('',$,#20409);
#20285=PRODUCT_DEFINITION_FORMATION('',$,#20410);
#20286=PRODUCT_DEFINITION_FORMATION('',$,#20411);
#20287=PRODUCT_DEFINITION_FORMATION('',$,#20412);
#20288=PRODUCT_DEFINITION_FORMATION('',$,#20413);
#20289=PRODUCT_DEFINITION_FORMATION('',$,#20414);
#20290=PRODUCT_DEFINITION_FORMATION('',$,#20415);
#20291=PRODUCT_DEFINITION_FORMATION('',$,#20416);
#20292=PRODUCT_DEFINITION_FORMATION('',$,#20417);
#20293=PRODUCT_DEFINITION_FORMATION('',$,#20418);
#20294=PRODUCT_DEFINITION_FORMATION('',$,#20419);
#20295=PRODUCT_DEFINITION_FORMATION('',$,#20420);
#20296=PRODUCT_DEFINITION_FORMATION('',$,#20421);
#20297=PRODUCT_DEFINITION_FORMATION('',$,#20422);
#20298=PRODUCT_DEFINITION_FORMATION('',$,#20423);
#20299=PRODUCT_DEFINITION_FORMATION('',$,#20424);
#20300=PRODUCT_DEFINITION_FORMATION('',$,#20425);
#20301=PRODUCT_DEFINITION_FORMATION('',$,#20426);
#20302=PRODUCT_DEFINITION_FORMATION('',$,#20427);
#20303=PRODUCT_DEFINITION_FORMATION('',$,#20428);
#20304=PRODUCT_RELATED_PRODUCT_CATEGORY('robot2','robot2',(#20368));
#20305=PRODUCT_RELATED_PRODUCT_CATEGORY('01_Chassis','01_Chassis',(#20369));
#20306=PRODUCT_RELATED_PRODUCT_CATEGORY('Base_Plate_Al','Base_Plate_Al',
(#20370));
#20307=PRODUCT_RELATED_PRODUCT_CATEGORY('Left_Side_Plate_Al',
'Left_Side_Plate_Al',(#20371));
#20308=PRODUCT_RELATED_PRODUCT_CATEGORY('Right_Side_Plate_Al',
'Right_Side_Plate_Al',(#20372));
#20309=PRODUCT_RELATED_PRODUCT_CATEGORY('Top_Cover','Top_Cover',(#20373));
#20310=PRODUCT_RELATED_PRODUCT_CATEGORY('Front_Wedge_L','Front_Wedge_L',
(#20374));
#20311=PRODUCT_RELATED_PRODUCT_CATEGORY('Front_Wedge_R','Front_Wedge_R',
(#20375));
#20312=PRODUCT_RELATED_PRODUCT_CATEGORY('Standoffs_Fasteners',
'Standoffs_Fasteners',(#20376));
#20313=PRODUCT_RELATED_PRODUCT_CATEGORY('02_Drivetrain','02_Drivetrain',
(#20377));
#20314=PRODUCT_RELATED_PRODUCT_CATEGORY('Left_Wheel','Left_Wheel',(#20378));
#20315=PRODUCT_RELATED_PRODUCT_CATEGORY('Right_Wheel','Right_Wheel',(#20379));
#20316=PRODUCT_RELATED_PRODUCT_CATEGORY('TT_Gearbox_L','TT_Gearbox_L',(#20380));
#20317=PRODUCT_RELATED_PRODUCT_CATEGORY('TT_Motor_Can_L',
'TT_Motor_Can_L',(#20381));
#20318=PRODUCT_RELATED_PRODUCT_CATEGORY('TT_Gearbox_R','TT_Gearbox_R',(#20382));
#20319=PRODUCT_RELATED_PRODUCT_CATEGORY('TT_Motor_Can_R',
'TT_Motor_Can_R',(#20383));
#20320=PRODUCT_RELATED_PRODUCT_CATEGORY('TT_Motor_Mount_L',
'TT_Motor_Mount_L',(#20384));
#20321=PRODUCT_RELATED_PRODUCT_CATEGORY('TT_Motor_Clamp_L',
'TT_Motor_Clamp_L',(#20385));
#20322=PRODUCT_RELATED_PRODUCT_CATEGORY('TT_Motor_Mount_R',
'TT_Motor_Mount_R',(#20386));
#20323=PRODUCT_RELATED_PRODUCT_CATEGORY('TT_Motor_Clamp_R',
'TT_Motor_Clamp_R',(#20387));
#20324=PRODUCT_RELATED_PRODUCT_CATEGORY('03_Front_Spinner',
'03_Front_Spinner',(#20388));
#20325=PRODUCT_RELATED_PRODUCT_CATEGORY('Spinner_Shaft','Spinner_Shaft',
(#20389));
#20326=PRODUCT_RELATED_PRODUCT_CATEGORY('Left_Support','Left_Support',(#20390));
#20327=PRODUCT_RELATED_PRODUCT_CATEGORY('Right_Support','Right_Support',
(#20391));
#20328=PRODUCT_RELATED_PRODUCT_CATEGORY('Spinner_Motor','Spinner_Motor',
(#20392));
#20329=PRODUCT_RELATED_PRODUCT_CATEGORY('Spinner_Bar','Spinner_Bar',(#20393));
#20330=PRODUCT_RELATED_PRODUCT_CATEGORY('Spinner_Motor_Cradle',
'Spinner_Motor_Cradle',(#20394));
#20331=PRODUCT_RELATED_PRODUCT_CATEGORY('Weapon_Pulley','Weapon_Pulley',
(#20395));
#20332=PRODUCT_RELATED_PRODUCT_CATEGORY('Motor_Pulley','Motor_Pulley',(#20396));
#20333=PRODUCT_RELATED_PRODUCT_CATEGORY('ESC_Tekko32','ESC_Tekko32',(#20397));
#20334=PRODUCT_RELATED_PRODUCT_CATEGORY('04_Top_Hammer','04_Top_Hammer',
(#20398));
#20335=PRODUCT_RELATED_PRODUCT_CATEGORY('Hammer_Servo','Hammer_Servo',(#20399));
#20336=PRODUCT_RELATED_PRODUCT_CATEGORY('Hammer_Arm','Hammer_Arm',(#20400));
#20337=PRODUCT_RELATED_PRODUCT_CATEGORY('Hammer_Head','Hammer_Head',(#20401));
#20338=PRODUCT_RELATED_PRODUCT_CATEGORY('05_Electronics',
'05_Electronics',(#20402));
#20339=PRODUCT_RELATED_PRODUCT_CATEGORY('Battery_and_Tray',
'Battery_and_Tray',(#20403));
#20340=PRODUCT_RELATED_PRODUCT_CATEGORY('Rx_ER6','Rx_ER6',(#20404));
#20341=PRODUCT_RELATED_PRODUCT_CATEGORY('UBEC_5A','UBEC_5A',(#20405));
#20342=PRODUCT_RELATED_PRODUCT_CATEGORY('DRV8874_A','DRV8874_A',(#20406));
#20343=PRODUCT_RELATED_PRODUCT_CATEGORY('DRV8874_B','DRV8874_B',(#20407));
#20344=PRODUCT_RELATED_PRODUCT_CATEGORY('ESP32_DevKit','ESP32_DevKit',(#20408));
#20345=PRODUCT_RELATED_PRODUCT_CATEGORY(
'FingerTech_Mini_Switch_Envelope','FingerTech_Mini_Switch_Envelope',(#20409));
#20346=PRODUCT_RELATED_PRODUCT_CATEGORY('06_3D_Printed','06_3D_Printed',
(#20410));
#20347=PRODUCT_RELATED_PRODUCT_CATEGORY('Wire_Clips','Wire_Clips',(#20411));
#20348=PRODUCT_RELATED_PRODUCT_CATEGORY('Non_Structural_Covers',
'Non_Structural_Covers',(#20412));
#20349=PRODUCT_RELATED_PRODUCT_CATEGORY('Rear_Panel','Rear_Panel',(#20413));
#20350=PRODUCT_RELATED_PRODUCT_CATEGORY('TPU_Bumpers','TPU_Bumpers',(#20414));
#20351=PRODUCT_RELATED_PRODUCT_CATEGORY('Battery_Holder',
'Battery_Holder',(#20415));
#20352=PRODUCT_RELATED_PRODUCT_CATEGORY('Batt_Post_1','Batt_Post_1',(#20416));
#20353=PRODUCT_RELATED_PRODUCT_CATEGORY('Batt_Post_2','Batt_Post_2',(#20417));
#20354=PRODUCT_RELATED_PRODUCT_CATEGORY('Batt_Post_3','Batt_Post_3',(#20418));
#20355=PRODUCT_RELATED_PRODUCT_CATEGORY('Batt_Post_4','Batt_Post_4',(#20419));
#20356=PRODUCT_RELATED_PRODUCT_CATEGORY('Disconnect_Post_1',
'Disconnect_Post_1',(#20420));
#20357=PRODUCT_RELATED_PRODUCT_CATEGORY('Disconnect_Post_2',
'Disconnect_Post_2',(#20421));
#20358=PRODUCT_RELATED_PRODUCT_CATEGORY('Holder_ESC_Tekko32',
'Holder_ESC_Tekko32',(#20422));
#20359=PRODUCT_RELATED_PRODUCT_CATEGORY('Holder_Rx_ER6','Holder_Rx_ER6',
(#20423));
#20360=PRODUCT_RELATED_PRODUCT_CATEGORY('Holder_UBEC_5A',
'Holder_UBEC_5A',(#20424));
#20361=PRODUCT_RELATED_PRODUCT_CATEGORY('Holder_DRV8874_A',
'Holder_DRV8874_A',(#20425));
#20362=PRODUCT_RELATED_PRODUCT_CATEGORY('Holder_DRV8874_B',
'Holder_DRV8874_B',(#20426));
#20363=PRODUCT_RELATED_PRODUCT_CATEGORY('Holder_ESP32','Holder_ESP32',(#20427));
#20364=PRODUCT_RELATED_PRODUCT_CATEGORY('FingerTech_Switch_Adapter',
'FingerTech_Switch_Adapter',(#20428));
#20365=APPLICATION_PROTOCOL_DEFINITION('international standard',
'automotive_design',2009,#20366);
#20366=APPLICATION_CONTEXT(
'Core Data for Automotive Mechanical Design Process');
#20367=PRODUCT_CONTEXT('part definition',#20366,'mechanical');
#20368=PRODUCT('2026-09-22-20-04-37-960','robot2',$,(#20367));
#20369=PRODUCT('2026-09-22-20-04-48-798','01_Chassis',$,(#20367));
#20370=PRODUCT('2026-09-22-20-10-09-073','Base_Plate_Al',$,(#20367));
#20371=PRODUCT('2026-09-22-20-12-27-334','Left_Side_Plate_Al',$,(#20367));
#20372=PRODUCT('2026-09-22-20-12-27-362','Right_Side_Plate_Al',$,(#20367));
#20373=PRODUCT('2026-09-22-20-17-28-654','Top_Cover',$,(#20367));
#20374=PRODUCT('2026-09-22-21-16-08-475','Front_Wedge_L',$,(#20367));
#20375=PRODUCT('2026-09-22-21-16-09-075','Front_Wedge_R',$,(#20367));
#20376=PRODUCT('2026-09-22-21-40-15-382','Standoffs_Fasteners',$,(#20367));
#20377=PRODUCT('2026-09-22-20-04-48-802','02_Drivetrain',$,(#20367));
#20378=PRODUCT('2026-09-22-20-14-47-754','Left_Wheel',$,(#20367));
#20379=PRODUCT('2026-09-22-20-14-47-792','Right_Wheel',$,(#20367));
#20380=PRODUCT('2026-09-22-20-34-57-722','TT_Gearbox_L',$,(#20367));
#20381=PRODUCT('2026-09-22-20-34-57-795','TT_Motor_Can_L',$,(#20367));
#20382=PRODUCT('2026-09-22-20-34-57-849','TT_Gearbox_R',$,(#20367));
#20383=PRODUCT('2026-09-22-20-34-57-901','TT_Motor_Can_R',$,(#20367));
#20384=PRODUCT('2026-09-22-22-50-56-103','TT_Motor_Mount_L',$,(#20367));
#20385=PRODUCT('2026-09-22-22-50-56-432','TT_Motor_Clamp_L',$,(#20367));
#20386=PRODUCT('2026-09-22-22-50-56-745','TT_Motor_Mount_R',$,(#20367));
#20387=PRODUCT('2026-09-22-22-50-57-029','TT_Motor_Clamp_R',$,(#20367));
#20388=PRODUCT('2026-09-22-20-04-48-804','03_Front_Spinner',$,(#20367));
#20389=PRODUCT('2026-09-22-21-17-04-467','Spinner_Shaft',$,(#20367));
#20390=PRODUCT('2026-09-22-21-17-04-732','Left_Support',$,(#20367));
#20391=PRODUCT('2026-09-22-21-17-05-000','Right_Support',$,(#20367));
#20392=PRODUCT('2026-09-22-21-17-05-645','Spinner_Motor',$,(#20367));
#20393=PRODUCT('2026-09-22-21-17-05-985','Spinner_Bar',$,(#20367));
#20394=PRODUCT('2026-09-22-22-28-33-537','Spinner_Motor_Cradle',$,(#20367));
#20395=PRODUCT('2026-09-23-02-03-55-828','Weapon_Pulley',$,(#20367));
#20396=PRODUCT('2026-09-23-02-03-56-507','Motor_Pulley',$,(#20367));
#20397=PRODUCT('2026-09-23-02-25-34-565','ESC_Tekko32',$,(#20367));
#20398=PRODUCT('2026-09-22-20-04-48-805','04_Top_Hammer',$,(#20367));
#20399=PRODUCT('2026-09-22-21-00-36-653','Hammer_Servo',$,(#20367));
#20400=PRODUCT('2026-09-22-21-00-37-045','Hammer_Arm',$,(#20367));
#20401=PRODUCT('2026-09-22-21-00-37-388','Hammer_Head',$,(#20367));
#20402=PRODUCT('2026-09-22-20-04-48-807','05_Electronics',$,(#20367));
#20403=PRODUCT('2026-09-22-20-50-05-757','Battery_and_Tray',$,(#20367));
#20404=PRODUCT('2026-09-23-02-25-37-427','Rx_ER6',$,(#20367));
#20405=PRODUCT('2026-09-23-02-25-40-527','UBEC_5A',$,(#20367));
#20406=PRODUCT('2026-09-23-02-25-43-941','DRV8874_A',$,(#20367));
#20407=PRODUCT('2026-09-23-02-25-47-286','DRV8874_B',$,(#20367));
#20408=PRODUCT('2026-09-23-02-47-40-033','ESP32_DevKit',$,(#20367));
#20409=PRODUCT('2026-09-23-21-12-34-998',
'FingerTech_Mini_Switch_Envelope',$,(#20367));
#20410=PRODUCT('2026-09-22-20-04-48-809','06_3D_Printed',$,(#20367));
#20411=PRODUCT('2026-09-22-20-49-00-878','Wire_Clips',$,(#20367));
#20412=PRODUCT('2026-09-22-20-49-00-891','Non_Structural_Covers',$,(#20367));
#20413=PRODUCT('2026-09-22-23-34-46-416','Rear_Panel',$,(#20367));
#20414=PRODUCT('2026-09-22-20-49-00-904','TPU_Bumpers',$,(#20367));
#20415=PRODUCT('2026-09-22-21-42-45-679','Battery_Holder',$,(#20367));
#20416=PRODUCT('2026-09-22-23-22-03-101','Batt_Post_1',$,(#20367));
#20417=PRODUCT('2026-09-22-23-22-04-161','Batt_Post_2',$,(#20367));
#20418=PRODUCT('2026-09-22-23-22-05-011','Batt_Post_3',$,(#20367));
#20419=PRODUCT('2026-09-22-23-22-05-941','Batt_Post_4',$,(#20367));
#20420=PRODUCT('2026-09-22-23-30-32-609','Disconnect_Post_1',$,(#20367));
#20421=PRODUCT('2026-09-22-23-30-32-928','Disconnect_Post_2',$,(#20367));
#20422=PRODUCT('2026-09-23-02-25-35-125','Holder_ESC_Tekko32',$,(#20367));
#20423=PRODUCT('2026-09-23-02-25-38-082','Holder_Rx_ER6',$,(#20367));
#20424=PRODUCT('2026-09-23-02-25-41-161','Holder_UBEC_5A',$,(#20367));
#20425=PRODUCT('2026-09-23-02-25-44-578','Holder_DRV8874_A',$,(#20367));
#20426=PRODUCT('2026-09-23-02-25-47-976','Holder_DRV8874_B',$,(#20367));
#20427=PRODUCT('2026-09-23-02-47-40-739','Holder_ESP32',$,(#20367));
#20428=PRODUCT('2026-09-23-21-12-34-593','FingerTech_Switch_Adapter',$,
(#20367));
#20429=PRESENTATION_STYLE_ASSIGNMENT((#20433));
#20430=PRESENTATION_STYLE_ASSIGNMENT((#20434));
#20431=PRESENTATION_STYLE_ASSIGNMENT((#20435));
#20432=PRESENTATION_STYLE_ASSIGNMENT((#20436));
#20433=SURFACE_STYLE_USAGE(.BOTH.,#20437);
#20434=SURFACE_STYLE_USAGE(.BOTH.,#20438);
#20435=SURFACE_STYLE_USAGE(.BOTH.,#20439);
#20436=SURFACE_STYLE_USAGE(.BOTH.,#20440);
#20437=SURFACE_SIDE_STYLE('',(#20441));
#20438=SURFACE_SIDE_STYLE('',(#20442));
#20439=SURFACE_SIDE_STYLE('',(#20443));
#20440=SURFACE_SIDE_STYLE('',(#20444));
#20441=SURFACE_STYLE_FILL_AREA(#20445);
#20442=SURFACE_STYLE_FILL_AREA(#20446);
#20443=SURFACE_STYLE_FILL_AREA(#20447);
#20444=SURFACE_STYLE_FILL_AREA(#20448);
#20445=FILL_AREA_STYLE('Steel - Satin',(#20449));
#20446=FILL_AREA_STYLE('Aluminum - Satin',(#20450));
#20447=FILL_AREA_STYLE('Nylon 6-6 (White)',(#20451));
#20448=FILL_AREA_STYLE('ABS (White)',(#20452));
#20449=FILL_AREA_STYLE_COLOUR('Steel - Satin',#20453);
#20450=FILL_AREA_STYLE_COLOUR('Aluminum - Satin',#20454);
#20451=FILL_AREA_STYLE_COLOUR('Nylon 6-6 (White)',#20455);
#20452=FILL_AREA_STYLE_COLOUR('ABS (White)',#20456);
#20453=COLOUR_RGB('Steel - Satin',0.627450980392157,0.627450980392157,0.627450980392157);
#20454=COLOUR_RGB('Aluminum - Satin',0.96078431372549,0.96078431372549,
0.964705882352941);
#20455=COLOUR_RGB('Nylon 6-6 (White)',0.972549019607843,0.968627450980392,
0.929411764705882);
#20456=COLOUR_RGB('ABS (White)',0.964705882352941,0.964705882352941,0.952941176470588);
ENDSEC;
END-ISO-10303-21;
