ISO-10303-21;
HEADER;
/* Generated by software containing ST-Developer
 * from STEP Tools, Inc. (www.steptools.com) 
 */

FILE_DESCRIPTION(
/* description */ (''),
/* implementation_level */ '2;1');

FILE_NAME(
/* name */ 'robot2_beater_concept_v1.step',
/* time_stamp */ '2026-09-23T22:39:08+07:00',
/* author */ (''),
/* organization */ (''),
/* preprocessor_version */ 'ST-DEVELOPER v20.2',
/* originating_system */ 'Autodesk Translation Framework v15.15.0.0',
/* authorisation */ '');

FILE_SCHEMA (('AUTOMOTIVE_DESIGN { 1 0 10303 214 3 1 1 }'));
ENDSEC;

DATA;
#10=MECHANICAL_DESIGN_GEOMETRIC_PRESENTATION_REPRESENTATION('',(#357,#358,
#359,#360,#361,#362,#363,#364,#365,#366,#367,#368,#369,#370,#371,#372,#373,
#374,#375,#376,#377,#378,#379,#380,#381,#382,#383,#384,#385,#386,#387,#388,
#389,#390,#391,#392,#393,#394,#395,#396,#397,#398,#399,#400,#401,#402,#403,
#404,#405,#406,#407,#408,#409,#410,#411,#412),#19066);
#11=ITEM_DEFINED_TRANSFORMATION($,$,#11409,#11703);
#12=ITEM_DEFINED_TRANSFORMATION($,$,#11542,#11704);
#13=ITEM_DEFINED_TRANSFORMATION($,$,#11559,#11705);
#14=ITEM_DEFINED_TRANSFORMATION($,$,#11576,#11706);
#15=ITEM_DEFINED_TRANSFORMATION($,$,#11604,#11707);
#16=ITEM_DEFINED_TRANSFORMATION($,$,#11624,#11708);
#17=ITEM_DEFINED_TRANSFORMATION($,$,#11644,#11709);
#18=ITEM_DEFINED_TRANSFORMATION($,$,#11711,#11889);
#19=ITEM_DEFINED_TRANSFORMATION($,$,#11717,#11890);
#20=ITEM_DEFINED_TRANSFORMATION($,$,#11723,#11891);
#21=ITEM_DEFINED_TRANSFORMATION($,$,#11736,#11892);
#22=ITEM_DEFINED_TRANSFORMATION($,$,#11742,#11893);
#23=ITEM_DEFINED_TRANSFORMATION($,$,#11755,#11894);
#24=ITEM_DEFINED_TRANSFORMATION($,$,#11761,#11895);
#25=ITEM_DEFINED_TRANSFORMATION($,$,#11812,#11896);
#26=ITEM_DEFINED_TRANSFORMATION($,$,#11825,#11897);
#27=ITEM_DEFINED_TRANSFORMATION($,$,#11876,#11898);
#28=ITEM_DEFINED_TRANSFORMATION($,$,#11900,#12003);
#29=ITEM_DEFINED_TRANSFORMATION($,$,#11906,#12004);
#30=ITEM_DEFINED_TRANSFORMATION($,$,#11915,#12005);
#31=ITEM_DEFINED_TRANSFORMATION($,$,#11924,#12006);
#32=ITEM_DEFINED_TRANSFORMATION($,$,#11930,#12007);
#33=ITEM_DEFINED_TRANSFORMATION($,$,#11961,#12008);
#34=ITEM_DEFINED_TRANSFORMATION($,$,#11970,#12009);
#35=ITEM_DEFINED_TRANSFORMATION($,$,#11979,#12010);
#36=ITEM_DEFINED_TRANSFORMATION($,$,#11986,#12011);
#37=ITEM_DEFINED_TRANSFORMATION($,$,#12013,#12098);
#38=ITEM_DEFINED_TRANSFORMATION($,$,#12020,#12099);
#39=ITEM_DEFINED_TRANSFORMATION($,$,#12027,#12100);
#40=ITEM_DEFINED_TRANSFORMATION($,$,#12034,#12101);
#41=ITEM_DEFINED_TRANSFORMATION($,$,#12041,#12102);
#42=ITEM_DEFINED_TRANSFORMATION($,$,#12048,#12103);
#43=ITEM_DEFINED_TRANSFORMATION($,$,#12085,#12104);
#44=ITEM_DEFINED_TRANSFORMATION($,$,#12108,#12127);
#45=ITEM_DEFINED_TRANSFORMATION($,$,#12106,#12430);
#46=ITEM_DEFINED_TRANSFORMATION($,$,#12107,#12431);
#47=ITEM_DEFINED_TRANSFORMATION($,$,#12128,#12432);
#48=ITEM_DEFINED_TRANSFORMATION($,$,#12129,#12433);
#49=ITEM_DEFINED_TRANSFORMATION($,$,#12168,#12434);
#50=ITEM_DEFINED_TRANSFORMATION($,$,#12182,#12435);
#51=ITEM_DEFINED_TRANSFORMATION($,$,#12196,#12436);
#52=ITEM_DEFINED_TRANSFORMATION($,$,#12210,#12437);
#53=ITEM_DEFINED_TRANSFORMATION($,$,#12224,#12438);
#54=ITEM_DEFINED_TRANSFORMATION($,$,#12238,#12439);
#55=ITEM_DEFINED_TRANSFORMATION($,$,#12252,#12440);
#56=ITEM_DEFINED_TRANSFORMATION($,$,#12274,#12441);
#57=ITEM_DEFINED_TRANSFORMATION($,$,#12296,#12442);
#58=ITEM_DEFINED_TRANSFORMATION($,$,#12318,#12443);
#59=ITEM_DEFINED_TRANSFORMATION($,$,#12340,#12444);
#60=ITEM_DEFINED_TRANSFORMATION($,$,#12362,#12445);
#61=ITEM_DEFINED_TRANSFORMATION($,$,#12411,#12446);
#62=ITEM_DEFINED_TRANSFORMATION($,$,#11408,#12447);
#63=ITEM_DEFINED_TRANSFORMATION($,$,#11710,#12448);
#64=ITEM_DEFINED_TRANSFORMATION($,$,#11899,#12449);
#65=ITEM_DEFINED_TRANSFORMATION($,$,#12012,#12450);
#66=ITEM_DEFINED_TRANSFORMATION($,$,#12105,#12451);
#67=(
REPRESENTATION_RELATIONSHIP($,$,#19243,#19242)
REPRESENTATION_RELATIONSHIP_WITH_TRANSFORMATION(#11)
SHAPE_REPRESENTATION_RELATIONSHIP()
);
#68=(
REPRESENTATION_RELATIONSHIP($,$,#19244,#19242)
REPRESENTATION_RELATIONSHIP_WITH_TRANSFORMATION(#12)
SHAPE_REPRESENTATION_RELATIONSHIP()
);
#69=(
REPRESENTATION_RELATIONSHIP($,$,#19245,#19242)
REPRESENTATION_RELATIONSHIP_WITH_TRANSFORMATION(#13)
SHAPE_REPRESENTATION_RELATIONSHIP()
);
#70=(
REPRESENTATION_RELATIONSHIP($,$,#19246,#19242)
REPRESENTATION_RELATIONSHIP_WITH_TRANSFORMATION(#14)
SHAPE_REPRESENTATION_RELATIONSHIP()
);
#71=(
REPRESENTATION_RELATIONSHIP($,$,#19247,#19242)
REPRESENTATION_RELATIONSHIP_WITH_TRANSFORMATION(#15)
SHAPE_REPRESENTATION_RELATIONSHIP()
);
#72=(
REPRESENTATION_RELATIONSHIP($,$,#19248,#19242)
REPRESENTATION_RELATIONSHIP_WITH_TRANSFORMATION(#16)
SHAPE_REPRESENTATION_RELATIONSHIP()
);
#73=(
REPRESENTATION_RELATIONSHIP($,$,#19249,#19242)
REPRESENTATION_RELATIONSHIP_WITH_TRANSFORMATION(#17)
SHAPE_REPRESENTATION_RELATIONSHIP()
);
#74=(
REPRESENTATION_RELATIONSHIP($,$,#19251,#19250)
REPRESENTATION_RELATIONSHIP_WITH_TRANSFORMATION(#18)
SHAPE_REPRESENTATION_RELATIONSHIP()
);
#75=(
REPRESENTATION_RELATIONSHIP($,$,#19252,#19250)
REPRESENTATION_RELATIONSHIP_WITH_TRANSFORMATION(#19)
SHAPE_REPRESENTATION_RELATIONSHIP()
);
#76=(
REPRESENTATION_RELATIONSHIP($,$,#19253,#19250)
REPRESENTATION_RELATIONSHIP_WITH_TRANSFORMATION(#20)
SHAPE_REPRESENTATION_RELATIONSHIP()
);
#77=(
REPRESENTATION_RELATIONSHIP($,$,#19254,#19250)
REPRESENTATION_RELATIONSHIP_WITH_TRANSFORMATION(#21)
SHAPE_REPRESENTATION_RELATIONSHIP()
);
#78=(
REPRESENTATION_RELATIONSHIP($,$,#19255,#19250)
REPRESENTATION_RELATIONSHIP_WITH_TRANSFORMATION(#22)
SHAPE_REPRESENTATION_RELATIONSHIP()
);
#79=(
REPRESENTATION_RELATIONSHIP($,$,#19256,#19250)
REPRESENTATION_RELATIONSHIP_WITH_TRANSFORMATION(#23)
SHAPE_REPRESENTATION_RELATIONSHIP()
);
#80=(
REPRESENTATION_RELATIONSHIP($,$,#19257,#19250)
REPRESENTATION_RELATIONSHIP_WITH_TRANSFORMATION(#24)
SHAPE_REPRESENTATION_RELATIONSHIP()
);
#81=(
REPRESENTATION_RELATIONSHIP($,$,#19258,#19250)
REPRESENTATION_RELATIONSHIP_WITH_TRANSFORMATION(#25)
SHAPE_REPRESENTATION_RELATIONSHIP()
);
#82=(
REPRESENTATION_RELATIONSHIP($,$,#19259,#19250)
REPRESENTATION_RELATIONSHIP_WITH_TRANSFORMATION(#26)
SHAPE_REPRESENTATION_RELATIONSHIP()
);
#83=(
REPRESENTATION_RELATIONSHIP($,$,#19260,#19250)
REPRESENTATION_RELATIONSHIP_WITH_TRANSFORMATION(#27)
SHAPE_REPRESENTATION_RELATIONSHIP()
);
#84=(
REPRESENTATION_RELATIONSHIP($,$,#19262,#19261)
REPRESENTATION_RELATIONSHIP_WITH_TRANSFORMATION(#28)
SHAPE_REPRESENTATION_RELATIONSHIP()
);
#85=(
REPRESENTATION_RELATIONSHIP($,$,#19263,#19261)
REPRESENTATION_RELATIONSHIP_WITH_TRANSFORMATION(#29)
SHAPE_REPRESENTATION_RELATIONSHIP()
);
#86=(
REPRESENTATION_RELATIONSHIP($,$,#19264,#19261)
REPRESENTATION_RELATIONSHIP_WITH_TRANSFORMATION(#30)
SHAPE_REPRESENTATION_RELATIONSHIP()
);
#87=(
REPRESENTATION_RELATIONSHIP($,$,#19265,#19261)
REPRESENTATION_RELATIONSHIP_WITH_TRANSFORMATION(#31)
SHAPE_REPRESENTATION_RELATIONSHIP()
);
#88=(
REPRESENTATION_RELATIONSHIP($,$,#19266,#19261)
REPRESENTATION_RELATIONSHIP_WITH_TRANSFORMATION(#32)
SHAPE_REPRESENTATION_RELATIONSHIP()
);
#89=(
REPRESENTATION_RELATIONSHIP($,$,#19267,#19261)
REPRESENTATION_RELATIONSHIP_WITH_TRANSFORMATION(#33)
SHAPE_REPRESENTATION_RELATIONSHIP()
);
#90=(
REPRESENTATION_RELATIONSHIP($,$,#19268,#19261)
REPRESENTATION_RELATIONSHIP_WITH_TRANSFORMATION(#34)
SHAPE_REPRESENTATION_RELATIONSHIP()
);
#91=(
REPRESENTATION_RELATIONSHIP($,$,#19269,#19261)
REPRESENTATION_RELATIONSHIP_WITH_TRANSFORMATION(#35)
SHAPE_REPRESENTATION_RELATIONSHIP()
);
#92=(
REPRESENTATION_RELATIONSHIP($,$,#19270,#19261)
REPRESENTATION_RELATIONSHIP_WITH_TRANSFORMATION(#36)
SHAPE_REPRESENTATION_RELATIONSHIP()
);
#93=(
REPRESENTATION_RELATIONSHIP($,$,#19272,#19271)
REPRESENTATION_RELATIONSHIP_WITH_TRANSFORMATION(#37)
SHAPE_REPRESENTATION_RELATIONSHIP()
);
#94=(
REPRESENTATION_RELATIONSHIP($,$,#19273,#19271)
REPRESENTATION_RELATIONSHIP_WITH_TRANSFORMATION(#38)
SHAPE_REPRESENTATION_RELATIONSHIP()
);
#95=(
REPRESENTATION_RELATIONSHIP($,$,#19274,#19271)
REPRESENTATION_RELATIONSHIP_WITH_TRANSFORMATION(#39)
SHAPE_REPRESENTATION_RELATIONSHIP()
);
#96=(
REPRESENTATION_RELATIONSHIP($,$,#19275,#19271)
REPRESENTATION_RELATIONSHIP_WITH_TRANSFORMATION(#40)
SHAPE_REPRESENTATION_RELATIONSHIP()
);
#97=(
REPRESENTATION_RELATIONSHIP($,$,#19276,#19271)
REPRESENTATION_RELATIONSHIP_WITH_TRANSFORMATION(#41)
SHAPE_REPRESENTATION_RELATIONSHIP()
);
#98=(
REPRESENTATION_RELATIONSHIP($,$,#19277,#19271)
REPRESENTATION_RELATIONSHIP_WITH_TRANSFORMATION(#42)
SHAPE_REPRESENTATION_RELATIONSHIP()
);
#99=(
REPRESENTATION_RELATIONSHIP($,$,#19278,#19271)
REPRESENTATION_RELATIONSHIP_WITH_TRANSFORMATION(#43)
SHAPE_REPRESENTATION_RELATIONSHIP()
);
#100=(
REPRESENTATION_RELATIONSHIP($,$,#19282,#19281)
REPRESENTATION_RELATIONSHIP_WITH_TRANSFORMATION(#44)
SHAPE_REPRESENTATION_RELATIONSHIP()
);
#101=(
REPRESENTATION_RELATIONSHIP($,$,#19280,#19279)
REPRESENTATION_RELATIONSHIP_WITH_TRANSFORMATION(#45)
SHAPE_REPRESENTATION_RELATIONSHIP()
);
#102=(
REPRESENTATION_RELATIONSHIP($,$,#19281,#19279)
REPRESENTATION_RELATIONSHIP_WITH_TRANSFORMATION(#46)
SHAPE_REPRESENTATION_RELATIONSHIP()
);
#103=(
REPRESENTATION_RELATIONSHIP($,$,#19283,#19279)
REPRESENTATION_RELATIONSHIP_WITH_TRANSFORMATION(#47)
SHAPE_REPRESENTATION_RELATIONSHIP()
);
#104=(
REPRESENTATION_RELATIONSHIP($,$,#19284,#19279)
REPRESENTATION_RELATIONSHIP_WITH_TRANSFORMATION(#48)
SHAPE_REPRESENTATION_RELATIONSHIP()
);
#105=(
REPRESENTATION_RELATIONSHIP($,$,#19285,#19279)
REPRESENTATION_RELATIONSHIP_WITH_TRANSFORMATION(#49)
SHAPE_REPRESENTATION_RELATIONSHIP()
);
#106=(
REPRESENTATION_RELATIONSHIP($,$,#19286,#19279)
REPRESENTATION_RELATIONSHIP_WITH_TRANSFORMATION(#50)
SHAPE_REPRESENTATION_RELATIONSHIP()
);
#107=(
REPRESENTATION_RELATIONSHIP($,$,#19287,#19279)
REPRESENTATION_RELATIONSHIP_WITH_TRANSFORMATION(#51)
SHAPE_REPRESENTATION_RELATIONSHIP()
);
#108=(
REPRESENTATION_RELATIONSHIP($,$,#19288,#19279)
REPRESENTATION_RELATIONSHIP_WITH_TRANSFORMATION(#52)
SHAPE_REPRESENTATION_RELATIONSHIP()
);
#109=(
REPRESENTATION_RELATIONSHIP($,$,#19289,#19279)
REPRESENTATION_RELATIONSHIP_WITH_TRANSFORMATION(#53)
SHAPE_REPRESENTATION_RELATIONSHIP()
);
#110=(
REPRESENTATION_RELATIONSHIP($,$,#19290,#19279)
REPRESENTATION_RELATIONSHIP_WITH_TRANSFORMATION(#54)
SHAPE_REPRESENTATION_RELATIONSHIP()
);
#111=(
REPRESENTATION_RELATIONSHIP($,$,#19291,#19279)
REPRESENTATION_RELATIONSHIP_WITH_TRANSFORMATION(#55)
SHAPE_REPRESENTATION_RELATIONSHIP()
);
#112=(
REPRESENTATION_RELATIONSHIP($,$,#19292,#19279)
REPRESENTATION_RELATIONSHIP_WITH_TRANSFORMATION(#56)
SHAPE_REPRESENTATION_RELATIONSHIP()
);
#113=(
REPRESENTATION_RELATIONSHIP($,$,#19293,#19279)
REPRESENTATION_RELATIONSHIP_WITH_TRANSFORMATION(#57)
SHAPE_REPRESENTATION_RELATIONSHIP()
);
#114=(
REPRESENTATION_RELATIONSHIP($,$,#19294,#19279)
REPRESENTATION_RELATIONSHIP_WITH_TRANSFORMATION(#58)
SHAPE_REPRESENTATION_RELATIONSHIP()
);
#115=(
REPRESENTATION_RELATIONSHIP($,$,#19295,#19279)
REPRESENTATION_RELATIONSHIP_WITH_TRANSFORMATION(#59)
SHAPE_REPRESENTATION_RELATIONSHIP()
);
#116=(
REPRESENTATION_RELATIONSHIP($,$,#19296,#19279)
REPRESENTATION_RELATIONSHIP_WITH_TRANSFORMATION(#60)
SHAPE_REPRESENTATION_RELATIONSHIP()
);
#117=(
REPRESENTATION_RELATIONSHIP($,$,#19297,#19279)
REPRESENTATION_RELATIONSHIP_WITH_TRANSFORMATION(#61)
SHAPE_REPRESENTATION_RELATIONSHIP()
);
#118=(
REPRESENTATION_RELATIONSHIP($,$,#19242,#19241)
REPRESENTATION_RELATIONSHIP_WITH_TRANSFORMATION(#62)
SHAPE_REPRESENTATION_RELATIONSHIP()
);
#119=(
REPRESENTATION_RELATIONSHIP($,$,#19250,#19241)
REPRESENTATION_RELATIONSHIP_WITH_TRANSFORMATION(#63)
SHAPE_REPRESENTATION_RELATIONSHIP()
);
#120=(
REPRESENTATION_RELATIONSHIP($,$,#19261,#19241)
REPRESENTATION_RELATIONSHIP_WITH_TRANSFORMATION(#64)
SHAPE_REPRESENTATION_RELATIONSHIP()
);
#121=(
REPRESENTATION_RELATIONSHIP($,$,#19271,#19241)
REPRESENTATION_RELATIONSHIP_WITH_TRANSFORMATION(#65)
SHAPE_REPRESENTATION_RELATIONSHIP()
);
#122=(
REPRESENTATION_RELATIONSHIP($,$,#19279,#19241)
REPRESENTATION_RELATIONSHIP_WITH_TRANSFORMATION(#66)
SHAPE_REPRESENTATION_RELATIONSHIP()
);
#123=CONTEXT_DEPENDENT_SHAPE_REPRESENTATION(#67,#19137);
#124=CONTEXT_DEPENDENT_SHAPE_REPRESENTATION(#68,#19138);
#125=CONTEXT_DEPENDENT_SHAPE_REPRESENTATION(#69,#19139);
#126=CONTEXT_DEPENDENT_SHAPE_REPRESENTATION(#70,#19140);
#127=CONTEXT_DEPENDENT_SHAPE_REPRESENTATION(#71,#19141);
#128=CONTEXT_DEPENDENT_SHAPE_REPRESENTATION(#72,#19142);
#129=CONTEXT_DEPENDENT_SHAPE_REPRESENTATION(#73,#19143);
#130=CONTEXT_DEPENDENT_SHAPE_REPRESENTATION(#74,#19155);
#131=CONTEXT_DEPENDENT_SHAPE_REPRESENTATION(#75,#19156);
#132=CONTEXT_DEPENDENT_SHAPE_REPRESENTATION(#76,#19157);
#133=CONTEXT_DEPENDENT_SHAPE_REPRESENTATION(#77,#19158);
#134=CONTEXT_DEPENDENT_SHAPE_REPRESENTATION(#78,#19159);
#135=CONTEXT_DEPENDENT_SHAPE_REPRESENTATION(#79,#19160);
#136=CONTEXT_DEPENDENT_SHAPE_REPRESENTATION(#80,#19161);
#137=CONTEXT_DEPENDENT_SHAPE_REPRESENTATION(#81,#19162);
#138=CONTEXT_DEPENDENT_SHAPE_REPRESENTATION(#82,#19163);
#139=CONTEXT_DEPENDENT_SHAPE_REPRESENTATION(#83,#19164);
#140=CONTEXT_DEPENDENT_SHAPE_REPRESENTATION(#84,#19175);
#141=CONTEXT_DEPENDENT_SHAPE_REPRESENTATION(#85,#19176);
#142=CONTEXT_DEPENDENT_SHAPE_REPRESENTATION(#86,#19177);
#143=CONTEXT_DEPENDENT_SHAPE_REPRESENTATION(#87,#19178);
#144=CONTEXT_DEPENDENT_SHAPE_REPRESENTATION(#88,#19179);
#145=CONTEXT_DEPENDENT_SHAPE_REPRESENTATION(#89,#19180);
#146=CONTEXT_DEPENDENT_SHAPE_REPRESENTATION(#90,#19181);
#147=CONTEXT_DEPENDENT_SHAPE_REPRESENTATION(#91,#19182);
#148=CONTEXT_DEPENDENT_SHAPE_REPRESENTATION(#92,#19183);
#149=CONTEXT_DEPENDENT_SHAPE_REPRESENTATION(#93,#19192);
#150=CONTEXT_DEPENDENT_SHAPE_REPRESENTATION(#94,#19193);
#151=CONTEXT_DEPENDENT_SHAPE_REPRESENTATION(#95,#19194);
#152=CONTEXT_DEPENDENT_SHAPE_REPRESENTATION(#96,#19195);
#153=CONTEXT_DEPENDENT_SHAPE_REPRESENTATION(#97,#19196);
#154=CONTEXT_DEPENDENT_SHAPE_REPRESENTATION(#98,#19197);
#155=CONTEXT_DEPENDENT_SHAPE_REPRESENTATION(#99,#19198);
#156=CONTEXT_DEPENDENT_SHAPE_REPRESENTATION(#100,#19203);
#157=CONTEXT_DEPENDENT_SHAPE_REPRESENTATION(#101,#19219);
#158=CONTEXT_DEPENDENT_SHAPE_REPRESENTATION(#102,#19220);
#159=CONTEXT_DEPENDENT_SHAPE_REPRESENTATION(#103,#19221);
#160=CONTEXT_DEPENDENT_SHAPE_REPRESENTATION(#104,#19222);
#161=CONTEXT_DEPENDENT_SHAPE_REPRESENTATION(#105,#19223);
#162=CONTEXT_DEPENDENT_SHAPE_REPRESENTATION(#106,#19224);
#163=CONTEXT_DEPENDENT_SHAPE_REPRESENTATION(#107,#19225);
#164=CONTEXT_DEPENDENT_SHAPE_REPRESENTATION(#108,#19226);
#165=CONTEXT_DEPENDENT_SHAPE_REPRESENTATION(#109,#19227);
#166=CONTEXT_DEPENDENT_SHAPE_REPRESENTATION(#110,#19228);
#167=CONTEXT_DEPENDENT_SHAPE_REPRESENTATION(#111,#19229);
#168=CONTEXT_DEPENDENT_SHAPE_REPRESENTATION(#112,#19230);
#169=CONTEXT_DEPENDENT_SHAPE_REPRESENTATION(#113,#19231);
#170=CONTEXT_DEPENDENT_SHAPE_REPRESENTATION(#114,#19232);
#171=CONTEXT_DEPENDENT_SHAPE_REPRESENTATION(#115,#19233);
#172=CONTEXT_DEPENDENT_SHAPE_REPRESENTATION(#116,#19234);
#173=CONTEXT_DEPENDENT_SHAPE_REPRESENTATION(#117,#19235);
#174=CONTEXT_DEPENDENT_SHAPE_REPRESENTATION(#118,#19236);
#175=CONTEXT_DEPENDENT_SHAPE_REPRESENTATION(#119,#19237);
#176=CONTEXT_DEPENDENT_SHAPE_REPRESENTATION(#120,#19238);
#177=CONTEXT_DEPENDENT_SHAPE_REPRESENTATION(#121,#19239);
#178=CONTEXT_DEPENDENT_SHAPE_REPRESENTATION(#122,#19240);
#179=NEXT_ASSEMBLY_USAGE_OCCURRENCE('Base_Plate_Al:1','Base_Plate_Al:1',
'Base_Plate_Al:1',#19300,#19301,'Base_Plate_Al:1');
#180=NEXT_ASSEMBLY_USAGE_OCCURRENCE('Left_Side_Plate_Al:1',
'Left_Side_Plate_Al:1','Left_Side_Plate_Al:1',#19300,#19302,
'Left_Side_Plate_Al:1');
#181=NEXT_ASSEMBLY_USAGE_OCCURRENCE('Right_Side_Plate_Al:1',
'Right_Side_Plate_Al:1','Right_Side_Plate_Al:1',#19300,#19303,
'Right_Side_Plate_Al:1');
#182=NEXT_ASSEMBLY_USAGE_OCCURRENCE('Top_Cover:1','Top_Cover:1',
'Top_Cover:1',#19300,#19304,'Top_Cover:1');
#183=NEXT_ASSEMBLY_USAGE_OCCURRENCE('Front_Wedge_L:1','Front_Wedge_L:1',
'Front_Wedge_L:1',#19300,#19305,'Front_Wedge_L:1');
#184=NEXT_ASSEMBLY_USAGE_OCCURRENCE('Front_Wedge_R:1','Front_Wedge_R:1',
'Front_Wedge_R:1',#19300,#19306,'Front_Wedge_R:1');
#185=NEXT_ASSEMBLY_USAGE_OCCURRENCE('Standoffs_Fasteners:1',
'Standoffs_Fasteners:1','Standoffs_Fasteners:1',#19300,#19307,
'Standoffs_Fasteners:1');
#186=NEXT_ASSEMBLY_USAGE_OCCURRENCE('Left_Wheel:1','Left_Wheel:1',
'Left_Wheel:1',#19308,#19309,'Left_Wheel:1');
#187=NEXT_ASSEMBLY_USAGE_OCCURRENCE('Right_Wheel:1','Right_Wheel:1',
'Right_Wheel:1',#19308,#19310,'Right_Wheel:1');
#188=NEXT_ASSEMBLY_USAGE_OCCURRENCE('TT_Gearbox_L:1','TT_Gearbox_L:1',
'TT_Gearbox_L:1',#19308,#19311,'TT_Gearbox_L:1');
#189=NEXT_ASSEMBLY_USAGE_OCCURRENCE('TT_Motor_Can_L:1',
'TT_Motor_Can_L:1','TT_Motor_Can_L:1',#19308,#19312,'TT_Motor_Can_L:1');
#190=NEXT_ASSEMBLY_USAGE_OCCURRENCE('TT_Gearbox_R:1','TT_Gearbox_R:1',
'TT_Gearbox_R:1',#19308,#19313,'TT_Gearbox_R:1');
#191=NEXT_ASSEMBLY_USAGE_OCCURRENCE('TT_Motor_Can_R:1',
'TT_Motor_Can_R:1','TT_Motor_Can_R:1',#19308,#19314,'TT_Motor_Can_R:1');
#192=NEXT_ASSEMBLY_USAGE_OCCURRENCE('TT_Motor_Mount_L:1',
'TT_Motor_Mount_L:1','TT_Motor_Mount_L:1',#19308,#19315,
'TT_Motor_Mount_L:1');
#193=NEXT_ASSEMBLY_USAGE_OCCURRENCE('TT_Motor_Clamp_L:1',
'TT_Motor_Clamp_L:1','TT_Motor_Clamp_L:1',#19308,#19316,
'TT_Motor_Clamp_L:1');
#194=NEXT_ASSEMBLY_USAGE_OCCURRENCE('TT_Motor_Mount_R:1',
'TT_Motor_Mount_R:1','TT_Motor_Mount_R:1',#19308,#19317,
'TT_Motor_Mount_R:1');
#195=NEXT_ASSEMBLY_USAGE_OCCURRENCE('TT_Motor_Clamp_R:1',
'TT_Motor_Clamp_R:1','TT_Motor_Clamp_R:1',#19308,#19318,
'TT_Motor_Clamp_R:1');
#196=NEXT_ASSEMBLY_USAGE_OCCURRENCE('Spinner_Shaft:1','Spinner_Shaft:1',
'Spinner_Shaft:1',#19319,#19320,'Spinner_Shaft:1');
#197=NEXT_ASSEMBLY_USAGE_OCCURRENCE('Left_Support:1','Left_Support:1',
'Left_Support:1',#19319,#19321,'Left_Support:1');
#198=NEXT_ASSEMBLY_USAGE_OCCURRENCE('Right_Support:1','Right_Support:1',
'Right_Support:1',#19319,#19322,'Right_Support:1');
#199=NEXT_ASSEMBLY_USAGE_OCCURRENCE('Spinner_Motor:1','Spinner_Motor:1',
'Spinner_Motor:1',#19319,#19323,'Spinner_Motor:1');
#200=NEXT_ASSEMBLY_USAGE_OCCURRENCE('Spinner_Motor_Cradle:1',
'Spinner_Motor_Cradle:1','Spinner_Motor_Cradle:1',#19319,#19324,
'Spinner_Motor_Cradle:1');
#201=NEXT_ASSEMBLY_USAGE_OCCURRENCE('Weapon_Pulley:1','Weapon_Pulley:1',
'Weapon_Pulley:1',#19319,#19325,'Weapon_Pulley:1');
#202=NEXT_ASSEMBLY_USAGE_OCCURRENCE('Motor_Pulley:1','Motor_Pulley:1',
'Motor_Pulley:1',#19319,#19326,'Motor_Pulley:1');
#203=NEXT_ASSEMBLY_USAGE_OCCURRENCE('ESC_Tekko32:1','ESC_Tekko32:1',
'ESC_Tekko32:1',#19319,#19327,'ESC_Tekko32:1');
#204=NEXT_ASSEMBLY_USAGE_OCCURRENCE('Beater_Rotor_Concept:1',
'Beater_Rotor_Concept:1','Beater_Rotor_Concept:1',#19319,#19328,
'Beater_Rotor_Concept:1');
#205=NEXT_ASSEMBLY_USAGE_OCCURRENCE('Battery_and_Tray:1',
'Battery_and_Tray:1','Battery_and_Tray:1',#19329,#19330,
'Battery_and_Tray:1');
#206=NEXT_ASSEMBLY_USAGE_OCCURRENCE('Rx_ER6:1','Rx_ER6:1','Rx_ER6:1',#19329,
#19331,'Rx_ER6:1');
#207=NEXT_ASSEMBLY_USAGE_OCCURRENCE('UBEC_5A:1','UBEC_5A:1','UBEC_5A:1',
#19329,#19332,'UBEC_5A:1');
#208=NEXT_ASSEMBLY_USAGE_OCCURRENCE('DRV8874_A:1','DRV8874_A:1',
'DRV8874_A:1',#19329,#19333,'DRV8874_A:1');
#209=NEXT_ASSEMBLY_USAGE_OCCURRENCE('DRV8874_B:1','DRV8874_B:1',
'DRV8874_B:1',#19329,#19334,'DRV8874_B:1');
#210=NEXT_ASSEMBLY_USAGE_OCCURRENCE('ESP32_DevKit:1','ESP32_DevKit:1',
'ESP32_DevKit:1',#19329,#19335,'ESP32_DevKit:1');
#211=NEXT_ASSEMBLY_USAGE_OCCURRENCE('FingerTech_Mini_Switch_Envelope:1',
'FingerTech_Mini_Switch_Envelope:1','FingerTech_Mini_Switch_Envelope:1',
#19329,#19336,'FingerTech_Mini_Switch_Envelope:1');
#212=NEXT_ASSEMBLY_USAGE_OCCURRENCE('Rear_Panel:1','Rear_Panel:1',
'Rear_Panel:1',#19339,#19340,'Rear_Panel:1');
#213=NEXT_ASSEMBLY_USAGE_OCCURRENCE('Wire_Clips:1','Wire_Clips:1',
'Wire_Clips:1',#19337,#19338,'Wire_Clips:1');
#214=NEXT_ASSEMBLY_USAGE_OCCURRENCE('Non_Structural_Covers:1',
'Non_Structural_Covers:1','Non_Structural_Covers:1',#19337,#19339,
'Non_Structural_Covers:1');
#215=NEXT_ASSEMBLY_USAGE_OCCURRENCE('TPU_Bumpers:1','TPU_Bumpers:1',
'TPU_Bumpers:1',#19337,#19341,'TPU_Bumpers:1');
#216=NEXT_ASSEMBLY_USAGE_OCCURRENCE('Battery_Holder:1',
'Battery_Holder:1','Battery_Holder:1',#19337,#19342,'Battery_Holder:1');
#217=NEXT_ASSEMBLY_USAGE_OCCURRENCE('Batt_Post_1:1','Batt_Post_1:1',
'Batt_Post_1:1',#19337,#19343,'Batt_Post_1:1');
#218=NEXT_ASSEMBLY_USAGE_OCCURRENCE('Batt_Post_2:1','Batt_Post_2:1',
'Batt_Post_2:1',#19337,#19344,'Batt_Post_2:1');
#219=NEXT_ASSEMBLY_USAGE_OCCURRENCE('Batt_Post_3:1','Batt_Post_3:1',
'Batt_Post_3:1',#19337,#19345,'Batt_Post_3:1');
#220=NEXT_ASSEMBLY_USAGE_OCCURRENCE('Batt_Post_4:1','Batt_Post_4:1',
'Batt_Post_4:1',#19337,#19346,'Batt_Post_4:1');
#221=NEXT_ASSEMBLY_USAGE_OCCURRENCE('Disconnect_Post_1:1',
'Disconnect_Post_1:1','Disconnect_Post_1:1',#19337,#19347,
'Disconnect_Post_1:1');
#222=NEXT_ASSEMBLY_USAGE_OCCURRENCE('Disconnect_Post_2:1',
'Disconnect_Post_2:1','Disconnect_Post_2:1',#19337,#19348,
'Disconnect_Post_2:1');
#223=NEXT_ASSEMBLY_USAGE_OCCURRENCE('Holder_ESC_Tekko32:1',
'Holder_ESC_Tekko32:1','Holder_ESC_Tekko32:1',#19337,#19349,
'Holder_ESC_Tekko32:1');
#224=NEXT_ASSEMBLY_USAGE_OCCURRENCE('Holder_Rx_ER6:1','Holder_Rx_ER6:1',
'Holder_Rx_ER6:1',#19337,#19350,'Holder_Rx_ER6:1');
#225=NEXT_ASSEMBLY_USAGE_OCCURRENCE('Holder_UBEC_5A:1',
'Holder_UBEC_5A:1','Holder_UBEC_5A:1',#19337,#19351,'Holder_UBEC_5A:1');
#226=NEXT_ASSEMBLY_USAGE_OCCURRENCE('Holder_DRV8874_A:1',
'Holder_DRV8874_A:1','Holder_DRV8874_A:1',#19337,#19352,
'Holder_DRV8874_A:1');
#227=NEXT_ASSEMBLY_USAGE_OCCURRENCE('Holder_DRV8874_B:1',
'Holder_DRV8874_B:1','Holder_DRV8874_B:1',#19337,#19353,
'Holder_DRV8874_B:1');
#228=NEXT_ASSEMBLY_USAGE_OCCURRENCE('Holder_ESP32:1','Holder_ESP32:1',
'Holder_ESP32:1',#19337,#19354,'Holder_ESP32:1');
#229=NEXT_ASSEMBLY_USAGE_OCCURRENCE('FingerTech_Switch_Adapter:1',
'FingerTech_Switch_Adapter:1','FingerTech_Switch_Adapter:1',#19337,#19355,
'FingerTech_Switch_Adapter:1');
#230=NEXT_ASSEMBLY_USAGE_OCCURRENCE('01_Chassis:1','01_Chassis:1',
'01_Chassis:1',#19299,#19300,'01_Chassis:1');
#231=NEXT_ASSEMBLY_USAGE_OCCURRENCE('02_Drivetrain:1','02_Drivetrain:1',
'02_Drivetrain:1',#19299,#19308,'02_Drivetrain:1');
#232=NEXT_ASSEMBLY_USAGE_OCCURRENCE('03_Front_Spinner:1',
'03_Front_Spinner:1','03_Front_Spinner:1',#19299,#19319,
'03_Front_Spinner:1');
#233=NEXT_ASSEMBLY_USAGE_OCCURRENCE('05_Electronics:1',
'05_Electronics:1','05_Electronics:1',#19299,#19329,'05_Electronics:1');
#234=NEXT_ASSEMBLY_USAGE_OCCURRENCE('06_3D_Printed:1','06_3D_Printed:1',
'06_3D_Printed:1',#19299,#19337,'06_3D_Printed:1');
#235=B_SPLINE_CURVE_WITH_KNOTS('',3,(#16249,#16250,#16251,#16252,#16253,
#16254,#16255,#16256,#16257,#16258),.UNSPECIFIED.,.F.,.F.,(4,2,2,2,4),(0.,
0.0477540428324852,0.0955080856649705,0.143204422624823,0.190900759584675),
 .UNSPECIFIED.);
#236=B_SPLINE_CURVE_WITH_KNOTS('',3,(#16260,#16261,#16262,#16263,#16264,
#16265,#16266,#16267,#16268,#16269),.UNSPECIFIED.,.F.,.F.,(4,2,2,2,4),(0.572702278754025,
0.620398615713877,0.66809495267373,0.715848995506215,0.7636030383387),
 .UNSPECIFIED.);
#237=B_SPLINE_CURVE_WITH_KNOTS('',3,(#16270,#16271,#16272,#16273,#16274,
#16275,#16276,#16277,#16278,#16279,#16280,#16281,#16282,#16283,#16284,#16285,
#16286,#16287),.UNSPECIFIED.,.F.,.F.,(4,2,2,2,2,2,2,2,4),(0.190900759584675,
0.238597096544527,0.286293433504379,0.334047476336865,0.38180151916935,
0.429555562001835,0.47730960483432,0.525005941794173,0.572702278754025),
 .UNSPECIFIED.);
#238=B_SPLINE_CURVE_WITH_KNOTS('',3,(#16291,#16292,#16293,#16294,#16295,
#16296,#16297,#16298,#16299,#16300,#16301,#16302,#16303,#16304,#16305,#16306,
#16307,#16308,#16309,#16310,#16311,#16312,#16313,#16314,#16315,#16316),
 .UNSPECIFIED.,.F.,.F.,(4,2,2,2,2,2,2,2,2,2,2,2,4),(0.,0.0477540428324852,
0.0955080856649705,0.143204422624823,0.190900759584675,0.238597096544527,
0.28629343350438,0.334047476336865,0.38180151916935,0.429555562001835,0.477309604834321,
0.525005941794173,0.572702278754025),.UNSPECIFIED.);
#239=B_SPLINE_CURVE_WITH_KNOTS('',3,(#16317,#16318,#16319,#16320,#16321,
#16322,#16323,#16324,#16325,#16326),.UNSPECIFIED.,.F.,.F.,(4,2,2,2,4),(0.572702278754025,
0.620398615713877,0.66809495267373,0.715848995506215,0.7636030383387),
 .UNSPECIFIED.);
#240=B_SPLINE_CURVE_WITH_KNOTS('',3,(#16352,#16353,#16354,#16355,#16356,
#16357,#16358,#16359,#16360,#16361,#16362,#16363,#16364,#16365,#16366,#16367,
#16368,#16369,#16370,#16371,#16372,#16373,#16374,#16375,#16376,#16377,#16378,
#16379,#16380,#16381,#16382,#16383,#16384,#16385),.UNSPECIFIED.,.T.,.F.,
(4,2,2,2,2,2,2,2,2,2,2,2,2,2,2,2,4),(0.,0.0477540428324855,0.095508085664971,
0.143204422624824,0.190900759584677,0.238597096544529,0.286293433504382,
0.334047476336867,0.381801519169353,0.429555562001838,0.477309604834323,
0.525005941794176,0.572702278754028,0.62039861571388,0.668094952673732,
0.715848995506217,0.763603038338702),.UNSPECIFIED.);
#241=B_SPLINE_CURVE_WITH_KNOTS('',3,(#16388,#16389,#16390,#16391,#16392,
#16393,#16394,#16395,#16396,#16397,#16398,#16399,#16400,#16401,#16402,#16403,
#16404,#16405,#16406,#16407,#16408,#16409,#16410,#16411,#16412,#16413,#16414,
#16415,#16416,#16417,#16418,#16419,#16420,#16421),.UNSPECIFIED.,.T.,.F.,
(4,2,2,2,2,2,2,2,2,2,2,2,2,2,2,2,4),(0.,0.0477540428324852,0.0955080856649704,
0.143204422624823,0.190900759584675,0.238597096544527,0.286293433504379,
0.334047476336864,0.381801519169349,0.429555562001835,0.47730960483432,
0.525005941794173,0.572702278754026,0.620398615713879,0.668094952673731,
0.715848995506217,0.763603038338702),.UNSPECIFIED.);
#242=B_SPLINE_CURVE_WITH_KNOTS('',3,(#16424,#16425,#16426,#16427,#16428,
#16429,#16430,#16431,#16432,#16433,#16434,#16435,#16436,#16437,#16438,#16439,
#16440,#16441,#16442,#16443,#16444,#16445,#16446,#16447,#16448,#16449,#16450,
#16451,#16452,#16453,#16454,#16455,#16456,#16457),.UNSPECIFIED.,.T.,.F.,
(4,2,2,2,2,2,2,2,2,2,2,2,2,2,2,2,4),(0.,0.0477540428324852,0.0955080856649705,
0.143204422624823,0.190900759584675,0.238597096544527,0.28629343350438,
0.334047476336865,0.38180151916935,0.429555562001836,0.477309604834321,
0.525005941794173,0.572702278754026,0.620398615713878,0.66809495267373,
0.715848995506216,0.763603038338701),.UNSPECIFIED.);
#243=B_SPLINE_CURVE_WITH_KNOTS('',3,(#16460,#16461,#16462,#16463,#16464,
#16465,#16466,#16467,#16468,#16469,#16470,#16471,#16472,#16473,#16474,#16475,
#16476,#16477,#16478,#16479,#16480,#16481,#16482,#16483,#16484,#16485,#16486,
#16487,#16488,#16489,#16490,#16491,#16492,#16493),.UNSPECIFIED.,.T.,.F.,
(4,2,2,2,2,2,2,2,2,2,2,2,2,2,2,2,4),(0.,0.0477540428324855,0.0955080856649709,
0.143204422624823,0.190900759584675,0.238597096544528,0.28629343350438,
0.334047476336865,0.381801519169351,0.429555562001836,0.477309604834321,
0.525005941794173,0.572702278754026,0.620398615713878,0.66809495267373,
0.715848995506216,0.763603038338701),.UNSPECIFIED.);
#244=B_SPLINE_CURVE_WITH_KNOTS('',3,(#16497,#16498,#16499,#16500,#16501,
#16502,#16503,#16504,#16505,#16506),.UNSPECIFIED.,.F.,.F.,(4,2,2,2,4),(0.,
0.047754042832485,0.09550808566497,0.143204422624823,0.190900759584675),
 .UNSPECIFIED.);
#245=B_SPLINE_CURVE_WITH_KNOTS('',3,(#16508,#16509,#16510,#16511,#16512,
#16513,#16514,#16515,#16516,#16517),.UNSPECIFIED.,.F.,.F.,(4,2,2,2,4),(0.572702278754026,
0.620398615713879,0.668094952673732,0.715848995506217,0.763603038338702),
 .UNSPECIFIED.);
#246=B_SPLINE_CURVE_WITH_KNOTS('',3,(#16518,#16519,#16520,#16521,#16522,
#16523,#16524,#16525,#16526,#16527,#16528,#16529,#16530,#16531,#16532,#16533,
#16534,#16535),.UNSPECIFIED.,.F.,.F.,(4,2,2,2,2,2,2,2,4),(0.190900759584675,
0.238597096544528,0.286293433504381,0.334047476336866,0.381801519169351,
0.429555562001836,0.477309604834321,0.525005941794173,0.572702278754026),
 .UNSPECIFIED.);
#247=B_SPLINE_CURVE_WITH_KNOTS('',3,(#16539,#16540,#16541,#16542,#16543,
#16544,#16545,#16546,#16547,#16548,#16549,#16550,#16551,#16552,#16553,#16554,
#16555,#16556,#16557,#16558,#16559,#16560,#16561,#16562,#16563,#16564),
 .UNSPECIFIED.,.F.,.F.,(4,2,2,2,2,2,2,2,2,2,2,2,4),(0.,0.047754042832485,
0.09550808566497,0.143204422624823,0.190900759584675,0.238597096544528,
0.286293433504381,0.334047476336866,0.381801519169351,0.429555562001836,
0.477309604834321,0.525005941794173,0.572702278754026),.UNSPECIFIED.);
#248=B_SPLINE_CURVE_WITH_KNOTS('',3,(#16565,#16566,#16567,#16568,#16569,
#16570,#16571,#16572,#16573,#16574),.UNSPECIFIED.,.F.,.F.,(4,2,2,2,4),(0.572702278754026,
0.620398615713879,0.668094952673732,0.715848995506217,0.763603038338702),
 .UNSPECIFIED.);
#249=B_SPLINE_CURVE_WITH_KNOTS('',3,(#16601,#16602,#16603,#16604,#16605,
#16606,#16607,#16608,#16609,#16610),.UNSPECIFIED.,.F.,.F.,(4,2,2,2,4),(0.,
0.047754042832485,0.09550808566497,0.143204422624823,0.190900759584675),
 .UNSPECIFIED.);
#250=B_SPLINE_CURVE_WITH_KNOTS('',3,(#16612,#16613,#16614,#16615,#16616,
#16617,#16618,#16619,#16620,#16621),.UNSPECIFIED.,.F.,.F.,(4,2,2,2,4),(0.572702278754026,
0.620398615713879,0.668094952673732,0.715848995506217,0.763603038338702),
 .UNSPECIFIED.);
#251=B_SPLINE_CURVE_WITH_KNOTS('',3,(#16622,#16623,#16624,#16625,#16626,
#16627,#16628,#16629,#16630,#16631,#16632,#16633,#16634,#16635,#16636,#16637,
#16638,#16639),.UNSPECIFIED.,.F.,.F.,(4,2,2,2,2,2,2,2,4),(0.190900759584675,
0.238597096544528,0.286293433504381,0.334047476336866,0.381801519169351,
0.429555562001836,0.477309604834321,0.525005941794173,0.572702278754026),
 .UNSPECIFIED.);
#252=B_SPLINE_CURVE_WITH_KNOTS('',3,(#16643,#16644,#16645,#16646,#16647,
#16648,#16649,#16650,#16651,#16652,#16653,#16654,#16655,#16656,#16657,#16658,
#16659,#16660,#16661,#16662,#16663,#16664,#16665,#16666,#16667,#16668),
 .UNSPECIFIED.,.F.,.F.,(4,2,2,2,2,2,2,2,2,2,2,2,4),(0.,0.047754042832485,
0.09550808566497,0.143204422624823,0.190900759584675,0.238597096544528,
0.286293433504381,0.334047476336866,0.381801519169351,0.429555562001836,
0.477309604834321,0.525005941794173,0.572702278754026),.UNSPECIFIED.);
#253=B_SPLINE_CURVE_WITH_KNOTS('',3,(#16669,#16670,#16671,#16672,#16673,
#16674,#16675,#16676,#16677,#16678),.UNSPECIFIED.,.F.,.F.,(4,2,2,2,4),(0.572702278754026,
0.620398615713879,0.668094952673732,0.715848995506217,0.763603038338702),
 .UNSPECIFIED.);
#254=B_SPLINE_CURVE_WITH_KNOTS('',3,(#16705,#16706,#16707,#16708,#16709,
#16710,#16711,#16712,#16713,#16714),.UNSPECIFIED.,.F.,.F.,(4,2,2,2,4),(0.,
0.0477540428324852,0.0955080856649705,0.143204422624823,0.190900759584675),
 .UNSPECIFIED.);
#255=B_SPLINE_CURVE_WITH_KNOTS('',3,(#16716,#16717,#16718,#16719,#16720,
#16721,#16722,#16723,#16724,#16725),.UNSPECIFIED.,.F.,.F.,(4,2,2,2,4),(0.572702278754025,
0.620398615713877,0.66809495267373,0.715848995506215,0.7636030383387),
 .UNSPECIFIED.);
#256=B_SPLINE_CURVE_WITH_KNOTS('',3,(#16726,#16727,#16728,#16729,#16730,
#16731,#16732,#16733,#16734,#16735,#16736,#16737,#16738,#16739,#16740,#16741,
#16742,#16743),.UNSPECIFIED.,.F.,.F.,(4,2,2,2,2,2,2,2,4),(0.190900759584675,
0.238597096544527,0.286293433504379,0.334047476336865,0.38180151916935,
0.429555562001835,0.47730960483432,0.525005941794173,0.572702278754025),
 .UNSPECIFIED.);
#257=B_SPLINE_CURVE_WITH_KNOTS('',3,(#16747,#16748,#16749,#16750,#16751,
#16752,#16753,#16754,#16755,#16756,#16757,#16758,#16759,#16760,#16761,#16762,
#16763,#16764,#16765,#16766,#16767,#16768,#16769,#16770,#16771,#16772),
 .UNSPECIFIED.,.F.,.F.,(4,2,2,2,2,2,2,2,2,2,2,2,4),(0.,0.0477540428324852,
0.0955080856649705,0.143204422624823,0.190900759584675,0.238597096544527,
0.28629343350438,0.334047476336865,0.38180151916935,0.429555562001835,0.477309604834321,
0.525005941794173,0.572702278754025),.UNSPECIFIED.);
#258=B_SPLINE_CURVE_WITH_KNOTS('',3,(#16773,#16774,#16775,#16776,#16777,
#16778,#16779,#16780,#16781,#16782),.UNSPECIFIED.,.F.,.F.,(4,2,2,2,4),(0.572702278754025,
0.620398615713877,0.66809495267373,0.715848995506215,0.7636030383387),
 .UNSPECIFIED.);
#259=ELLIPSE('',#11608,2.31624696438009,1.25);
#260=ELLIPSE('',#11628,2.31624696438009,1.25);
#261=SHAPE_REPRESENTATION_RELATIONSHIP('SRR','None',#19243,#309);
#262=SHAPE_REPRESENTATION_RELATIONSHIP('SRR','None',#19244,#310);
#263=SHAPE_REPRESENTATION_RELATIONSHIP('SRR','None',#19245,#311);
#264=SHAPE_REPRESENTATION_RELATIONSHIP('SRR','None',#19246,#312);
#265=SHAPE_REPRESENTATION_RELATIONSHIP('SRR','None',#19247,#313);
#266=SHAPE_REPRESENTATION_RELATIONSHIP('SRR','None',#19248,#314);
#267=SHAPE_REPRESENTATION_RELATIONSHIP('SRR','None',#19249,#315);
#268=SHAPE_REPRESENTATION_RELATIONSHIP('SRR','None',#19251,#316);
#269=SHAPE_REPRESENTATION_RELATIONSHIP('SRR','None',#19252,#317);
#270=SHAPE_REPRESENTATION_RELATIONSHIP('SRR','None',#19253,#318);
#271=SHAPE_REPRESENTATION_RELATIONSHIP('SRR','None',#19254,#319);
#272=SHAPE_REPRESENTATION_RELATIONSHIP('SRR','None',#19255,#320);
#273=SHAPE_REPRESENTATION_RELATIONSHIP('SRR','None',#19256,#321);
#274=SHAPE_REPRESENTATION_RELATIONSHIP('SRR','None',#19257,#322);
#275=SHAPE_REPRESENTATION_RELATIONSHIP('SRR','None',#19258,#323);
#276=SHAPE_REPRESENTATION_RELATIONSHIP('SRR','None',#19259,#324);
#277=SHAPE_REPRESENTATION_RELATIONSHIP('SRR','None',#19260,#325);
#278=SHAPE_REPRESENTATION_RELATIONSHIP('SRR','None',#19262,#326);
#279=SHAPE_REPRESENTATION_RELATIONSHIP('SRR','None',#19263,#327);
#280=SHAPE_REPRESENTATION_RELATIONSHIP('SRR','None',#19264,#328);
#281=SHAPE_REPRESENTATION_RELATIONSHIP('SRR','None',#19265,#329);
#282=SHAPE_REPRESENTATION_RELATIONSHIP('SRR','None',#19266,#330);
#283=SHAPE_REPRESENTATION_RELATIONSHIP('SRR','None',#19267,#331);
#284=SHAPE_REPRESENTATION_RELATIONSHIP('SRR','None',#19268,#332);
#285=SHAPE_REPRESENTATION_RELATIONSHIP('SRR','None',#19269,#333);
#286=SHAPE_REPRESENTATION_RELATIONSHIP('SRR','None',#19270,#334);
#287=SHAPE_REPRESENTATION_RELATIONSHIP('SRR','None',#19272,#335);
#288=SHAPE_REPRESENTATION_RELATIONSHIP('SRR','None',#19273,#336);
#289=SHAPE_REPRESENTATION_RELATIONSHIP('SRR','None',#19274,#337);
#290=SHAPE_REPRESENTATION_RELATIONSHIP('SRR','None',#19275,#338);
#291=SHAPE_REPRESENTATION_RELATIONSHIP('SRR','None',#19276,#339);
#292=SHAPE_REPRESENTATION_RELATIONSHIP('SRR','None',#19277,#340);
#293=SHAPE_REPRESENTATION_RELATIONSHIP('SRR','None',#19278,#341);
#294=SHAPE_REPRESENTATION_RELATIONSHIP('SRR','None',#19282,#342);
#295=SHAPE_REPRESENTATION_RELATIONSHIP('SRR','None',#19284,#343);
#296=SHAPE_REPRESENTATION_RELATIONSHIP('SRR','None',#19285,#344);
#297=SHAPE_REPRESENTATION_RELATIONSHIP('SRR','None',#19286,#345);
#298=SHAPE_REPRESENTATION_RELATIONSHIP('SRR','None',#19287,#346);
#299=SHAPE_REPRESENTATION_RELATIONSHIP('SRR','None',#19288,#347);
#300=SHAPE_REPRESENTATION_RELATIONSHIP('SRR','None',#19289,#348);
#301=SHAPE_REPRESENTATION_RELATIONSHIP('SRR','None',#19290,#349);
#302=SHAPE_REPRESENTATION_RELATIONSHIP('SRR','None',#19291,#350);
#303=SHAPE_REPRESENTATION_RELATIONSHIP('SRR','None',#19292,#351);
#304=SHAPE_REPRESENTATION_RELATIONSHIP('SRR','None',#19293,#352);
#305=SHAPE_REPRESENTATION_RELATIONSHIP('SRR','None',#19294,#353);
#306=SHAPE_REPRESENTATION_RELATIONSHIP('SRR','None',#19295,#354);
#307=SHAPE_REPRESENTATION_RELATIONSHIP('SRR','None',#19296,#355);
#308=SHAPE_REPRESENTATION_RELATIONSHIP('SRR','None',#19297,#356);
#309=ADVANCED_BREP_SHAPE_REPRESENTATION('',(#413),#19011);
#310=ADVANCED_BREP_SHAPE_REPRESENTATION('',(#414),#19012);
#311=ADVANCED_BREP_SHAPE_REPRESENTATION('',(#415),#19013);
#312=ADVANCED_BREP_SHAPE_REPRESENTATION('',(#416),#19014);
#313=ADVANCED_BREP_SHAPE_REPRESENTATION('',(#417),#19015);
#314=ADVANCED_BREP_SHAPE_REPRESENTATION('',(#418),#19016);
#315=ADVANCED_BREP_SHAPE_REPRESENTATION('',(#419,#420,#421,#422),#19017);
#316=ADVANCED_BREP_SHAPE_REPRESENTATION('',(#423),#19019);
#317=ADVANCED_BREP_SHAPE_REPRESENTATION('',(#424),#19020);
#318=ADVANCED_BREP_SHAPE_REPRESENTATION('',(#425),#19021);
#319=ADVANCED_BREP_SHAPE_REPRESENTATION('',(#426),#19022);
#320=ADVANCED_BREP_SHAPE_REPRESENTATION('',(#427),#19023);
#321=ADVANCED_BREP_SHAPE_REPRESENTATION('',(#428),#19024);
#322=ADVANCED_BREP_SHAPE_REPRESENTATION('',(#429),#19025);
#323=ADVANCED_BREP_SHAPE_REPRESENTATION('',(#430),#19026);
#324=ADVANCED_BREP_SHAPE_REPRESENTATION('',(#431),#19027);
#325=ADVANCED_BREP_SHAPE_REPRESENTATION('',(#432),#19028);
#326=ADVANCED_BREP_SHAPE_REPRESENTATION('',(#433),#19030);
#327=ADVANCED_BREP_SHAPE_REPRESENTATION('',(#434),#19031);
#328=ADVANCED_BREP_SHAPE_REPRESENTATION('',(#435),#19032);
#329=ADVANCED_BREP_SHAPE_REPRESENTATION('',(#436),#19033);
#330=ADVANCED_BREP_SHAPE_REPRESENTATION('',(#437),#19034);
#331=ADVANCED_BREP_SHAPE_REPRESENTATION('',(#438),#19035);
#332=ADVANCED_BREP_SHAPE_REPRESENTATION('',(#439),#19036);
#333=ADVANCED_BREP_SHAPE_REPRESENTATION('',(#440),#19037);
#334=ADVANCED_BREP_SHAPE_REPRESENTATION('',(#441),#19038);
#335=ADVANCED_BREP_SHAPE_REPRESENTATION('',(#442),#19040);
#336=ADVANCED_BREP_SHAPE_REPRESENTATION('',(#443),#19041);
#337=ADVANCED_BREP_SHAPE_REPRESENTATION('',(#444),#19042);
#338=ADVANCED_BREP_SHAPE_REPRESENTATION('',(#445),#19043);
#339=ADVANCED_BREP_SHAPE_REPRESENTATION('',(#446),#19044);
#340=ADVANCED_BREP_SHAPE_REPRESENTATION('',(#447,#448,#449,#450),#19045);
#341=ADVANCED_BREP_SHAPE_REPRESENTATION('',(#451),#19046);
#342=ADVANCED_BREP_SHAPE_REPRESENTATION('',(#452),#19050);
#343=ADVANCED_BREP_SHAPE_REPRESENTATION('',(#453,#454,#455),#19052);
#344=ADVANCED_BREP_SHAPE_REPRESENTATION('',(#456),#19053);
#345=ADVANCED_BREP_SHAPE_REPRESENTATION('',(#457),#19054);
#346=ADVANCED_BREP_SHAPE_REPRESENTATION('',(#458),#19055);
#347=ADVANCED_BREP_SHAPE_REPRESENTATION('',(#459),#19056);
#348=ADVANCED_BREP_SHAPE_REPRESENTATION('',(#460),#19057);
#349=ADVANCED_BREP_SHAPE_REPRESENTATION('',(#461),#19058);
#350=ADVANCED_BREP_SHAPE_REPRESENTATION('',(#462),#19059);
#351=ADVANCED_BREP_SHAPE_REPRESENTATION('',(#463),#19060);
#352=ADVANCED_BREP_SHAPE_REPRESENTATION('',(#464),#19061);
#353=ADVANCED_BREP_SHAPE_REPRESENTATION('',(#465),#19062);
#354=ADVANCED_BREP_SHAPE_REPRESENTATION('',(#466),#19063);
#355=ADVANCED_BREP_SHAPE_REPRESENTATION('',(#467),#19064);
#356=ADVANCED_BREP_SHAPE_REPRESENTATION('',(#468),#19065);
#357=STYLED_ITEM('',(#19531),#413);
#358=STYLED_ITEM('',(#19531),#414);
#359=STYLED_ITEM('',(#19531),#415);
#360=STYLED_ITEM('',(#19532),#416);
#361=STYLED_ITEM('',(#19531),#417);
#362=STYLED_ITEM('',(#19531),#418);
#363=STYLED_ITEM('',(#19531),#419);
#364=STYLED_ITEM('',(#19531),#420);
#365=STYLED_ITEM('',(#19531),#421);
#366=STYLED_ITEM('',(#19531),#422);
#367=STYLED_ITEM('',(#19533),#423);
#368=STYLED_ITEM('',(#19533),#424);
#369=STYLED_ITEM('',(#19532),#425);
#370=STYLED_ITEM('',(#19530),#426);
#371=STYLED_ITEM('',(#19532),#427);
#372=STYLED_ITEM('',(#19530),#428);
#373=STYLED_ITEM('',(#19531),#429);
#374=STYLED_ITEM('',(#19531),#430);
#375=STYLED_ITEM('',(#19531),#431);
#376=STYLED_ITEM('',(#19531),#432);
#377=STYLED_ITEM('',(#19530),#433);
#378=STYLED_ITEM('',(#19531),#434);
#379=STYLED_ITEM('',(#19531),#435);
#380=STYLED_ITEM('',(#19531),#436);
#381=STYLED_ITEM('',(#19531),#437);
#382=STYLED_ITEM('',(#19531),#438);
#383=STYLED_ITEM('',(#19531),#439);
#384=STYLED_ITEM('',(#19533),#440);
#385=STYLED_ITEM('',(#19531),#441);
#386=STYLED_ITEM('',(#19533),#442);
#387=STYLED_ITEM('',(#19533),#443);
#388=STYLED_ITEM('',(#19533),#444);
#389=STYLED_ITEM('',(#19533),#445);
#390=STYLED_ITEM('',(#19533),#446);
#391=STYLED_ITEM('',(#19533),#447);
#392=STYLED_ITEM('',(#19533),#448);
#393=STYLED_ITEM('',(#19533),#449);
#394=STYLED_ITEM('',(#19533),#450);
#395=STYLED_ITEM('',(#19532),#451);
#396=STYLED_ITEM('',(#19532),#452);
#397=STYLED_ITEM('',(#19532),#453);
#398=STYLED_ITEM('',(#19532),#454);
#399=STYLED_ITEM('',(#19532),#455);
#400=STYLED_ITEM('',(#19532),#456);
#401=STYLED_ITEM('',(#19532),#457);
#402=STYLED_ITEM('',(#19532),#458);
#403=STYLED_ITEM('',(#19532),#459);
#404=STYLED_ITEM('',(#19531),#460);
#405=STYLED_ITEM('',(#19531),#461);
#406=STYLED_ITEM('',(#19532),#462);
#407=STYLED_ITEM('',(#19532),#463);
#408=STYLED_ITEM('',(#19532),#464);
#409=STYLED_ITEM('',(#19532),#465);
#410=STYLED_ITEM('',(#19532),#466);
#411=STYLED_ITEM('',(#19532),#467);
#412=STYLED_ITEM('',(#19532),#468);
#413=MANIFOLD_SOLID_BREP('Base_Plate_Al',#10800);
#414=MANIFOLD_SOLID_BREP('Left_Side_Plate_Al',#10801);
#415=MANIFOLD_SOLID_BREP('Right_Side_Plate_Al',#10802);
#416=MANIFOLD_SOLID_BREP('Top_Cover',#10803);
#417=MANIFOLD_SOLID_BREP('Front_Wedge_L',#10804);
#418=MANIFOLD_SOLID_BREP('Front_Wedge_R',#10805);
#419=MANIFOLD_SOLID_BREP('Standoff_1',#10806);
#420=MANIFOLD_SOLID_BREP('Standoff_2',#10807);
#421=MANIFOLD_SOLID_BREP('Standoff_3',#10808);
#422=MANIFOLD_SOLID_BREP('Standoff_4',#10809);
#423=MANIFOLD_SOLID_BREP('Left_Wheel',#10810);
#424=MANIFOLD_SOLID_BREP('Right_Wheel',#10811);
#425=MANIFOLD_SOLID_BREP('TT_Gearbox_L',#10812);
#426=MANIFOLD_SOLID_BREP('TT_Motor_Can_L',#10813);
#427=MANIFOLD_SOLID_BREP('TT_Gearbox_R',#10814);
#428=MANIFOLD_SOLID_BREP('TT_Motor_Can_R',#10815);
#429=MANIFOLD_SOLID_BREP('TT_Motor_Mount_L',#10816);
#430=MANIFOLD_SOLID_BREP('TT_Motor_Clamp_L',#10817);
#431=MANIFOLD_SOLID_BREP('TT_Motor_Mount_R',#10818);
#432=MANIFOLD_SOLID_BREP('TT_Motor_Clamp_R',#10819);
#433=MANIFOLD_SOLID_BREP('Spinner_Shaft',#10820);
#434=MANIFOLD_SOLID_BREP('Left_Support',#10821);
#435=MANIFOLD_SOLID_BREP('Right_Support',#10822);
#436=MANIFOLD_SOLID_BREP('Spinner_Motor',#10823);
#437=MANIFOLD_SOLID_BREP('Spinner_Motor_Cradle',#10824);
#438=MANIFOLD_SOLID_BREP('Weapon_Pulley',#10825);
#439=MANIFOLD_SOLID_BREP('Motor_Pulley',#10826);
#440=MANIFOLD_SOLID_BREP('ESC_Tekko32',#10827);
#441=MANIFOLD_SOLID_BREP('Beater_Rotor_Concept',#10828);
#442=MANIFOLD_SOLID_BREP('Battery_and_Tray',#10829);
#443=MANIFOLD_SOLID_BREP('Rx_ER6',#10830);
#444=MANIFOLD_SOLID_BREP('UBEC_5A',#10831);
#445=MANIFOLD_SOLID_BREP('DRV8874_A',#10832);
#446=MANIFOLD_SOLID_BREP('DRV8874_B',#10833);
#447=MANIFOLD_SOLID_BREP('ESP32_DevKit',#10834);
#448=MANIFOLD_SOLID_BREP('ESP32_Module',#10835);
#449=MANIFOLD_SOLID_BREP('ESP32_Dupont_Keepout_A',#10836);
#450=MANIFOLD_SOLID_BREP('ESP32_Dupont_Keepout_B',#10837);
#451=MANIFOLD_SOLID_BREP('FingerTech_Mini_Switch_Envelope',#10838);
#452=MANIFOLD_SOLID_BREP('Rear_Panel',#10839);
#453=MANIFOLD_SOLID_BREP('Battery_Holder',#10840);
#454=MANIFOLD_SOLID_BREP('Battery_Holder',#10841);
#455=MANIFOLD_SOLID_BREP('Battery_Holder',#10842);
#456=MANIFOLD_SOLID_BREP('Batt_Post_1',#10843);
#457=MANIFOLD_SOLID_BREP('Batt_Post_2',#10844);
#458=MANIFOLD_SOLID_BREP('Batt_Post_3',#10845);
#459=MANIFOLD_SOLID_BREP('Batt_Post_4',#10846);
#460=MANIFOLD_SOLID_BREP('Disconnect_Post_1',#10847);
#461=MANIFOLD_SOLID_BREP('Disconnect_Post_2',#10848);
#462=MANIFOLD_SOLID_BREP('Holder_ESC_Tekko32',#10849);
#463=MANIFOLD_SOLID_BREP('Holder_Rx_ER6',#10850);
#464=MANIFOLD_SOLID_BREP('Holder_UBEC_5A',#10851);
#465=MANIFOLD_SOLID_BREP('Holder_DRV8874_A',#10852);
#466=MANIFOLD_SOLID_BREP('Holder_DRV8874_B',#10853);
#467=MANIFOLD_SOLID_BREP('Holder_ESP32',#10854);
#468=MANIFOLD_SOLID_BREP('FingerTech_Switch_Adapter',#10855);
#469=FACE_BOUND('',#1862,.T.);
#470=FACE_BOUND('',#1863,.T.);
#471=FACE_BOUND('',#1864,.T.);
#472=FACE_BOUND('',#1865,.T.);
#473=FACE_BOUND('',#1866,.T.);
#474=FACE_BOUND('',#1867,.T.);
#475=FACE_BOUND('',#1868,.T.);
#476=FACE_BOUND('',#1869,.T.);
#477=FACE_BOUND('',#1870,.T.);
#478=FACE_BOUND('',#1871,.T.);
#479=FACE_BOUND('',#1872,.T.);
#480=FACE_BOUND('',#1873,.T.);
#481=FACE_BOUND('',#1874,.T.);
#482=FACE_BOUND('',#1875,.T.);
#483=FACE_BOUND('',#1876,.T.);
#484=FACE_BOUND('',#1877,.T.);
#485=FACE_BOUND('',#1878,.T.);
#486=FACE_BOUND('',#1879,.T.);
#487=FACE_BOUND('',#1880,.T.);
#488=FACE_BOUND('',#1881,.T.);
#489=FACE_BOUND('',#1882,.T.);
#490=FACE_BOUND('',#1883,.T.);
#491=FACE_BOUND('',#1884,.T.);
#492=FACE_BOUND('',#1885,.T.);
#493=FACE_BOUND('',#1886,.T.);
#494=FACE_BOUND('',#1887,.T.);
#495=FACE_BOUND('',#1888,.T.);
#496=FACE_BOUND('',#1889,.T.);
#497=FACE_BOUND('',#1890,.T.);
#498=FACE_BOUND('',#1891,.T.);
#499=FACE_BOUND('',#1892,.T.);
#500=FACE_BOUND('',#1893,.T.);
#501=FACE_BOUND('',#1894,.T.);
#502=FACE_BOUND('',#1895,.T.);
#503=FACE_BOUND('',#1896,.T.);
#504=FACE_BOUND('',#1897,.T.);
#505=FACE_BOUND('',#1898,.T.);
#506=FACE_BOUND('',#1899,.T.);
#507=FACE_BOUND('',#1905,.T.);
#508=FACE_BOUND('',#1906,.T.);
#509=FACE_BOUND('',#1907,.T.);
#510=FACE_BOUND('',#1908,.T.);
#511=FACE_BOUND('',#1909,.T.);
#512=FACE_BOUND('',#1910,.T.);
#513=FACE_BOUND('',#1911,.T.);
#514=FACE_BOUND('',#1912,.T.);
#515=FACE_BOUND('',#1913,.T.);
#516=FACE_BOUND('',#1914,.T.);
#517=FACE_BOUND('',#1915,.T.);
#518=FACE_BOUND('',#1916,.T.);
#519=FACE_BOUND('',#1917,.T.);
#520=FACE_BOUND('',#1918,.T.);
#521=FACE_BOUND('',#1919,.T.);
#522=FACE_BOUND('',#1920,.T.);
#523=FACE_BOUND('',#1921,.T.);
#524=FACE_BOUND('',#1922,.T.);
#525=FACE_BOUND('',#1923,.T.);
#526=FACE_BOUND('',#1924,.T.);
#527=FACE_BOUND('',#1925,.T.);
#528=FACE_BOUND('',#1926,.T.);
#529=FACE_BOUND('',#1927,.T.);
#530=FACE_BOUND('',#1928,.T.);
#531=FACE_BOUND('',#1929,.T.);
#532=FACE_BOUND('',#1930,.T.);
#533=FACE_BOUND('',#1931,.T.);
#534=FACE_BOUND('',#1932,.T.);
#535=FACE_BOUND('',#1933,.T.);
#536=FACE_BOUND('',#1934,.T.);
#537=FACE_BOUND('',#1935,.T.);
#538=FACE_BOUND('',#1936,.T.);
#539=FACE_BOUND('',#1937,.T.);
#540=FACE_BOUND('',#1938,.T.);
#541=FACE_BOUND('',#1939,.T.);
#542=FACE_BOUND('',#1940,.T.);
#543=FACE_BOUND('',#1941,.T.);
#544=FACE_BOUND('',#1942,.T.);
#545=FACE_BOUND('',#1954,.T.);
#546=FACE_BOUND('',#1955,.T.);
#547=FACE_BOUND('',#1962,.T.);
#548=FACE_BOUND('',#1963,.T.);
#549=FACE_BOUND('',#1970,.T.);
#550=FACE_BOUND('',#1971,.T.);
#551=FACE_BOUND('',#1978,.T.);
#552=FACE_BOUND('',#1979,.T.);
#553=FACE_BOUND('',#1992,.T.);
#554=FACE_BOUND('',#1993,.T.);
#555=FACE_BOUND('',#1994,.T.);
#556=FACE_BOUND('',#1995,.T.);
#557=FACE_BOUND('',#1996,.T.);
#558=FACE_BOUND('',#1997,.T.);
#559=FACE_BOUND('',#1998,.T.);
#560=FACE_BOUND('',#2000,.T.);
#561=FACE_BOUND('',#2001,.T.);
#562=FACE_BOUND('',#2002,.T.);
#563=FACE_BOUND('',#2003,.T.);
#564=FACE_BOUND('',#2004,.T.);
#565=FACE_BOUND('',#2005,.T.);
#566=FACE_BOUND('',#2006,.T.);
#567=FACE_BOUND('',#2010,.T.);
#568=FACE_BOUND('',#2011,.T.);
#569=FACE_BOUND('',#2013,.T.);
#570=FACE_BOUND('',#2020,.T.);
#571=FACE_BOUND('',#2021,.T.);
#572=FACE_BOUND('',#2024,.T.);
#573=FACE_BOUND('',#2029,.T.);
#574=FACE_BOUND('',#2031,.T.);
#575=FACE_BOUND('',#2032,.T.);
#576=FACE_BOUND('',#2038,.T.);
#577=FACE_BOUND('',#2039,.T.);
#578=FACE_BOUND('',#2044,.T.);
#579=FACE_BOUND('',#2051,.T.);
#580=FACE_BOUND('',#2053,.T.);
#581=FACE_BOUND('',#2055,.T.);
#582=FACE_BOUND('',#2064,.T.);
#583=FACE_BOUND('',#2065,.T.);
#584=FACE_BOUND('',#2066,.T.);
#585=FACE_BOUND('',#2067,.T.);
#586=FACE_BOUND('',#2068,.T.);
#587=FACE_BOUND('',#2070,.T.);
#588=FACE_BOUND('',#2072,.T.);
#589=FACE_BOUND('',#2079,.T.);
#590=FACE_BOUND('',#2081,.T.);
#591=FACE_BOUND('',#2083,.T.);
#592=FACE_BOUND('',#2090,.T.);
#593=FACE_BOUND('',#2092,.T.);
#594=FACE_BOUND('',#2094,.T.);
#595=FACE_BOUND('',#2108,.T.);
#596=FACE_BOUND('',#2109,.T.);
#597=FACE_BOUND('',#2111,.T.);
#598=FACE_BOUND('',#2112,.T.);
#599=FACE_BOUND('',#2123,.T.);
#600=FACE_BOUND('',#2124,.T.);
#601=FACE_BOUND('',#2126,.T.);
#602=FACE_BOUND('',#2127,.T.);
#603=FACE_BOUND('',#2160,.T.);
#604=FACE_BOUND('',#2161,.T.);
#605=FACE_BOUND('',#2164,.T.);
#606=FACE_BOUND('',#2165,.T.);
#607=FACE_BOUND('',#2168,.T.);
#608=FACE_BOUND('',#2170,.T.);
#609=FACE_BOUND('',#2171,.T.);
#610=FACE_BOUND('',#2173,.T.);
#611=FACE_BOUND('',#2174,.T.);
#612=FACE_BOUND('',#2177,.T.);
#613=FACE_BOUND('',#2179,.T.);
#614=FACE_BOUND('',#2180,.T.);
#615=FACE_BOUND('',#2181,.T.);
#616=FACE_BOUND('',#2182,.T.);
#617=FACE_BOUND('',#2190,.T.);
#618=FACE_BOUND('',#2191,.T.);
#619=FACE_BOUND('',#2193,.T.);
#620=FACE_BOUND('',#2194,.T.);
#621=FACE_BOUND('',#2224,.T.);
#622=FACE_BOUND('',#2225,.T.);
#623=FACE_BOUND('',#2228,.T.);
#624=FACE_BOUND('',#2229,.T.);
#625=FACE_BOUND('',#2232,.T.);
#626=FACE_BOUND('',#2234,.T.);
#627=FACE_BOUND('',#2235,.T.);
#628=FACE_BOUND('',#2237,.T.);
#629=FACE_BOUND('',#2238,.T.);
#630=FACE_BOUND('',#2241,.T.);
#631=FACE_BOUND('',#2243,.T.);
#632=FACE_BOUND('',#2244,.T.);
#633=FACE_BOUND('',#2245,.T.);
#634=FACE_BOUND('',#2246,.T.);
#635=FACE_BOUND('',#2254,.T.);
#636=FACE_BOUND('',#2255,.T.);
#637=FACE_BOUND('',#2257,.T.);
#638=FACE_BOUND('',#2258,.T.);
#639=FACE_BOUND('',#2265,.T.);
#640=FACE_BOUND('',#2267,.T.);
#641=FACE_BOUND('',#2271,.T.);
#642=FACE_BOUND('',#2273,.T.);
#643=FACE_BOUND('',#2293,.T.);
#644=FACE_BOUND('',#2295,.T.);
#645=FACE_BOUND('',#2299,.T.);
#646=FACE_BOUND('',#2300,.T.);
#647=FACE_BOUND('',#2301,.T.);
#648=FACE_BOUND('',#2302,.T.);
#649=FACE_BOUND('',#2306,.T.);
#650=FACE_BOUND('',#2308,.T.);
#651=FACE_BOUND('',#2312,.T.);
#652=FACE_BOUND('',#2314,.T.);
#653=FACE_BOUND('',#2325,.T.);
#654=FACE_BOUND('',#2328,.T.);
#655=FACE_BOUND('',#2331,.T.);
#656=FACE_BOUND('',#2334,.T.);
#657=FACE_BOUND('',#2336,.T.);
#658=FACE_BOUND('',#2338,.T.);
#659=FACE_BOUND('',#2378,.T.);
#660=FACE_BOUND('',#2379,.T.);
#661=FACE_BOUND('',#2380,.T.);
#662=FACE_BOUND('',#2381,.T.);
#663=FACE_BOUND('',#2383,.T.);
#664=FACE_BOUND('',#2384,.T.);
#665=FACE_BOUND('',#2385,.T.);
#666=FACE_BOUND('',#2386,.T.);
#667=FACE_BOUND('',#2412,.T.);
#668=FACE_BOUND('',#2413,.T.);
#669=FACE_BOUND('',#2415,.T.);
#670=FACE_BOUND('',#2416,.T.);
#671=FACE_BOUND('',#2422,.T.);
#672=FACE_BOUND('',#2423,.T.);
#673=FACE_BOUND('',#2424,.T.);
#674=FACE_BOUND('',#2425,.T.);
#675=FACE_BOUND('',#2428,.T.);
#676=FACE_BOUND('',#2429,.T.);
#677=FACE_BOUND('',#2430,.T.);
#678=FACE_BOUND('',#2431,.T.);
#679=FACE_BOUND('',#2452,.T.);
#680=FACE_BOUND('',#2453,.T.);
#681=FACE_BOUND('',#2454,.T.);
#682=FACE_BOUND('',#2455,.T.);
#683=FACE_BOUND('',#2456,.T.);
#684=FACE_BOUND('',#2457,.T.);
#685=FACE_BOUND('',#2459,.T.);
#686=FACE_BOUND('',#2460,.T.);
#687=FACE_BOUND('',#2461,.T.);
#688=FACE_BOUND('',#2462,.T.);
#689=FACE_BOUND('',#2463,.T.);
#690=FACE_BOUND('',#2464,.T.);
#691=FACE_BOUND('',#2483,.T.);
#692=FACE_BOUND('',#2485,.T.);
#693=FACE_BOUND('',#2492,.T.);
#694=FACE_BOUND('',#2494,.T.);
#695=FACE_BOUND('',#2501,.T.);
#696=FACE_BOUND('',#2503,.T.);
#697=FACE_BOUND('',#2510,.T.);
#698=FACE_BOUND('',#2512,.T.);
#699=FACE_BOUND('',#2519,.T.);
#700=FACE_BOUND('',#2521,.T.);
#701=FACE_BOUND('',#2528,.T.);
#702=FACE_BOUND('',#2530,.T.);
#703=FACE_BOUND('',#2538,.T.);
#704=FACE_BOUND('',#2544,.T.);
#705=FACE_BOUND('',#2545,.T.);
#706=FACE_BOUND('',#2550,.T.);
#707=FACE_BOUND('',#2552,.T.);
#708=FACE_BOUND('',#2560,.T.);
#709=FACE_BOUND('',#2562,.T.);
#710=FACE_BOUND('',#2568,.T.);
#711=FACE_BOUND('',#2569,.T.);
#712=FACE_BOUND('',#2574,.T.);
#713=FACE_BOUND('',#2582,.T.);
#714=FACE_BOUND('',#2584,.T.);
#715=FACE_BOUND('',#2590,.T.);
#716=FACE_BOUND('',#2591,.T.);
#717=FACE_BOUND('',#2596,.T.);
#718=FACE_BOUND('',#2604,.T.);
#719=FACE_BOUND('',#2610,.T.);
#720=FACE_BOUND('',#2611,.T.);
#721=FACE_BOUND('',#2616,.T.);
#722=FACE_BOUND('',#2618,.T.);
#723=FACE_BOUND('',#2626,.T.);
#724=FACE_BOUND('',#2628,.T.);
#725=FACE_BOUND('',#2634,.T.);
#726=FACE_BOUND('',#2635,.T.);
#727=FACE_BOUND('',#2640,.T.);
#728=FACE_BOUND('',#2657,.T.);
#729=FACE_BOUND('',#2660,.T.);
#730=FACE_BOUND('',#2663,.T.);
#731=FACE_BOUND('',#2666,.T.);
#732=FACE_BOUND('',#2672,.T.);
#733=FACE_BOUND('',#2673,.T.);
#734=FACE_BOUND('',#2674,.T.);
#735=FACE_BOUND('',#2675,.T.);
#736=FACE_BOUND('',#2676,.T.);
#737=FACE_BOUND('',#2677,.T.);
#738=FACE_BOUND('',#2678,.T.);
#739=FACE_BOUND('',#2680,.T.);
#740=FACE_BOUND('',#2681,.T.);
#741=FACE_BOUND('',#2682,.T.);
#742=FACE_BOUND('',#2692,.T.);
#743=FACE_BOUND('',#2693,.T.);
#744=FACE_BOUND('',#2694,.T.);
#745=FACE_BOUND('',#2695,.T.);
#746=FACE_BOUND('',#2697,.T.);
#747=FACE_BOUND('',#2698,.T.);
#748=FACE_BOUND('',#2699,.T.);
#749=FACE_BOUND('',#2700,.T.);
#750=PLANE('',#11446);
#751=PLANE('',#11447);
#752=PLANE('',#11448);
#753=PLANE('',#11449);
#754=PLANE('',#11450);
#755=PLANE('',#11451);
#756=PLANE('',#11452);
#757=PLANE('',#11453);
#758=PLANE('',#11454);
#759=PLANE('',#11455);
#760=PLANE('',#11456);
#761=PLANE('',#11457);
#762=PLANE('',#11458);
#763=PLANE('',#11459);
#764=PLANE('',#11460);
#765=PLANE('',#11461);
#766=PLANE('',#11528);
#767=PLANE('',#11529);
#768=PLANE('',#11530);
#769=PLANE('',#11531);
#770=PLANE('',#11532);
#771=PLANE('',#11533);
#772=PLANE('',#11534);
#773=PLANE('',#11535);
#774=PLANE('',#11536);
#775=PLANE('',#11537);
#776=PLANE('',#11538);
#777=PLANE('',#11539);
#778=PLANE('',#11540);
#779=PLANE('',#11541);
#780=PLANE('',#11549);
#781=PLANE('',#11550);
#782=PLANE('',#11551);
#783=PLANE('',#11552);
#784=PLANE('',#11553);
#785=PLANE('',#11554);
#786=PLANE('',#11555);
#787=PLANE('',#11556);
#788=PLANE('',#11557);
#789=PLANE('',#11558);
#790=PLANE('',#11566);
#791=PLANE('',#11567);
#792=PLANE('',#11568);
#793=PLANE('',#11569);
#794=PLANE('',#11570);
#795=PLANE('',#11571);
#796=PLANE('',#11572);
#797=PLANE('',#11573);
#798=PLANE('',#11574);
#799=PLANE('',#11575);
#800=PLANE('',#11598);
#801=PLANE('',#11599);
#802=PLANE('',#11600);
#803=PLANE('',#11601);
#804=PLANE('',#11602);
#805=PLANE('',#11603);
#806=PLANE('',#11605);
#807=PLANE('',#11609);
#808=PLANE('',#11612);
#809=PLANE('',#11613);
#810=PLANE('',#11614);
#811=PLANE('',#11619);
#812=PLANE('',#11620);
#813=PLANE('',#11621);
#814=PLANE('',#11622);
#815=PLANE('',#11623);
#816=PLANE('',#11625);
#817=PLANE('',#11629);
#818=PLANE('',#11630);
#819=PLANE('',#11633);
#820=PLANE('',#11634);
#821=PLANE('',#11639);
#822=PLANE('',#11640);
#823=PLANE('',#11641);
#824=PLANE('',#11642);
#825=PLANE('',#11643);
#826=PLANE('',#11649);
#827=PLANE('',#11653);
#828=PLANE('',#11657);
#829=PLANE('',#11658);
#830=PLANE('',#11665);
#831=PLANE('',#11669);
#832=PLANE('',#11673);
#833=PLANE('',#11674);
#834=PLANE('',#11679);
#835=PLANE('',#11683);
#836=PLANE('',#11687);
#837=PLANE('',#11688);
#838=PLANE('',#11693);
#839=PLANE('',#11697);
#840=PLANE('',#11701);
#841=PLANE('',#11702);
#842=PLANE('',#11715);
#843=PLANE('',#11716);
#844=PLANE('',#11721);
#845=PLANE('',#11722);
#846=PLANE('',#11730);
#847=PLANE('',#11731);
#848=PLANE('',#11732);
#849=PLANE('',#11733);
#850=PLANE('',#11734);
#851=PLANE('',#11735);
#852=PLANE('',#11740);
#853=PLANE('',#11741);
#854=PLANE('',#11749);
#855=PLANE('',#11750);
#856=PLANE('',#11751);
#857=PLANE('',#11752);
#858=PLANE('',#11753);
#859=PLANE('',#11754);
#860=PLANE('',#11759);
#861=PLANE('',#11760);
#862=PLANE('',#11762);
#863=PLANE('',#11763);
#864=PLANE('',#11764);
#865=PLANE('',#11765);
#866=PLANE('',#11766);
#867=PLANE('',#11767);
#868=PLANE('',#11768);
#869=PLANE('',#11769);
#870=PLANE('',#11770);
#871=PLANE('',#11771);
#872=PLANE('',#11772);
#873=PLANE('',#11773);
#874=PLANE('',#11774);
#875=PLANE('',#11775);
#876=PLANE('',#11776);
#877=PLANE('',#11777);
#878=PLANE('',#11781);
#879=PLANE('',#11785);
#880=PLANE('',#11789);
#881=PLANE('',#11793);
#882=PLANE('',#11797);
#883=PLANE('',#11801);
#884=PLANE('',#11802);
#885=PLANE('',#11803);
#886=PLANE('',#11804);
#887=PLANE('',#11805);
#888=PLANE('',#11806);
#889=PLANE('',#11807);
#890=PLANE('',#11808);
#891=PLANE('',#11809);
#892=PLANE('',#11810);
#893=PLANE('',#11811);
#894=PLANE('',#11819);
#895=PLANE('',#11820);
#896=PLANE('',#11821);
#897=PLANE('',#11822);
#898=PLANE('',#11823);
#899=PLANE('',#11824);
#900=PLANE('',#11826);
#901=PLANE('',#11827);
#902=PLANE('',#11828);
#903=PLANE('',#11829);
#904=PLANE('',#11830);
#905=PLANE('',#11831);
#906=PLANE('',#11832);
#907=PLANE('',#11833);
#908=PLANE('',#11834);
#909=PLANE('',#11835);
#910=PLANE('',#11836);
#911=PLANE('',#11837);
#912=PLANE('',#11838);
#913=PLANE('',#11839);
#914=PLANE('',#11840);
#915=PLANE('',#11841);
#916=PLANE('',#11845);
#917=PLANE('',#11849);
#918=PLANE('',#11853);
#919=PLANE('',#11857);
#920=PLANE('',#11861);
#921=PLANE('',#11865);
#922=PLANE('',#11866);
#923=PLANE('',#11867);
#924=PLANE('',#11868);
#925=PLANE('',#11869);
#926=PLANE('',#11870);
#927=PLANE('',#11871);
#928=PLANE('',#11872);
#929=PLANE('',#11873);
#930=PLANE('',#11874);
#931=PLANE('',#11875);
#932=PLANE('',#11883);
#933=PLANE('',#11884);
#934=PLANE('',#11885);
#935=PLANE('',#11886);
#936=PLANE('',#11887);
#937=PLANE('',#11888);
#938=PLANE('',#11904);
#939=PLANE('',#11905);
#940=PLANE('',#11913);
#941=PLANE('',#11914);
#942=PLANE('',#11922);
#943=PLANE('',#11923);
#944=PLANE('',#11928);
#945=PLANE('',#11929);
#946=PLANE('',#11931);
#947=PLANE('',#11932);
#948=PLANE('',#11933);
#949=PLANE('',#11934);
#950=PLANE('',#11938);
#951=PLANE('',#11942);
#952=PLANE('',#11946);
#953=PLANE('',#11950);
#954=PLANE('',#11954);
#955=PLANE('',#11955);
#956=PLANE('',#11956);
#957=PLANE('',#11957);
#958=PLANE('',#11958);
#959=PLANE('',#11959);
#960=PLANE('',#11960);
#961=PLANE('',#11968);
#962=PLANE('',#11969);
#963=PLANE('',#11977);
#964=PLANE('',#11978);
#965=PLANE('',#11980);
#966=PLANE('',#11981);
#967=PLANE('',#11982);
#968=PLANE('',#11983);
#969=PLANE('',#11984);
#970=PLANE('',#11985);
#971=PLANE('',#11993);
#972=PLANE('',#11994);
#973=PLANE('',#11995);
#974=PLANE('',#11996);
#975=PLANE('',#11997);
#976=PLANE('',#11998);
#977=PLANE('',#11999);
#978=PLANE('',#12000);
#979=PLANE('',#12001);
#980=PLANE('',#12002);
#981=PLANE('',#12014);
#982=PLANE('',#12015);
#983=PLANE('',#12016);
#984=PLANE('',#12017);
#985=PLANE('',#12018);
#986=PLANE('',#12019);
#987=PLANE('',#12021);
#988=PLANE('',#12022);
#989=PLANE('',#12023);
#990=PLANE('',#12024);
#991=PLANE('',#12025);
#992=PLANE('',#12026);
#993=PLANE('',#12028);
#994=PLANE('',#12029);
#995=PLANE('',#12030);
#996=PLANE('',#12031);
#997=PLANE('',#12032);
#998=PLANE('',#12033);
#999=PLANE('',#12035);
#1000=PLANE('',#12036);
#1001=PLANE('',#12037);
#1002=PLANE('',#12038);
#1003=PLANE('',#12039);
#1004=PLANE('',#12040);
#1005=PLANE('',#12042);
#1006=PLANE('',#12043);
#1007=PLANE('',#12044);
#1008=PLANE('',#12045);
#1009=PLANE('',#12046);
#1010=PLANE('',#12047);
#1011=PLANE('',#12061);
#1012=PLANE('',#12062);
#1013=PLANE('',#12063);
#1014=PLANE('',#12064);
#1015=PLANE('',#12065);
#1016=PLANE('',#12066);
#1017=PLANE('',#12067);
#1018=PLANE('',#12068);
#1019=PLANE('',#12069);
#1020=PLANE('',#12070);
#1021=PLANE('',#12071);
#1022=PLANE('',#12072);
#1023=PLANE('',#12073);
#1024=PLANE('',#12074);
#1025=PLANE('',#12075);
#1026=PLANE('',#12076);
#1027=PLANE('',#12077);
#1028=PLANE('',#12078);
#1029=PLANE('',#12079);
#1030=PLANE('',#12080);
#1031=PLANE('',#12081);
#1032=PLANE('',#12082);
#1033=PLANE('',#12083);
#1034=PLANE('',#12084);
#1035=PLANE('',#12092);
#1036=PLANE('',#12093);
#1037=PLANE('',#12094);
#1038=PLANE('',#12095);
#1039=PLANE('',#12096);
#1040=PLANE('',#12097);
#1041=PLANE('',#12121);
#1042=PLANE('',#12122);
#1043=PLANE('',#12123);
#1044=PLANE('',#12124);
#1045=PLANE('',#12125);
#1046=PLANE('',#12126);
#1047=PLANE('',#12142);
#1048=PLANE('',#12143);
#1049=PLANE('',#12144);
#1050=PLANE('',#12145);
#1051=PLANE('',#12146);
#1052=PLANE('',#12147);
#1053=PLANE('',#12148);
#1054=PLANE('',#12149);
#1055=PLANE('',#12150);
#1056=PLANE('',#12151);
#1057=PLANE('',#12152);
#1058=PLANE('',#12153);
#1059=PLANE('',#12154);
#1060=PLANE('',#12155);
#1061=PLANE('',#12156);
#1062=PLANE('',#12157);
#1063=PLANE('',#12158);
#1064=PLANE('',#12159);
#1065=PLANE('',#12160);
#1066=PLANE('',#12161);
#1067=PLANE('',#12162);
#1068=PLANE('',#12163);
#1069=PLANE('',#12164);
#1070=PLANE('',#12165);
#1071=PLANE('',#12166);
#1072=PLANE('',#12167);
#1073=PLANE('',#12172);
#1074=PLANE('',#12176);
#1075=PLANE('',#12180);
#1076=PLANE('',#12181);
#1077=PLANE('',#12186);
#1078=PLANE('',#12190);
#1079=PLANE('',#12194);
#1080=PLANE('',#12195);
#1081=PLANE('',#12200);
#1082=PLANE('',#12204);
#1083=PLANE('',#12208);
#1084=PLANE('',#12209);
#1085=PLANE('',#12214);
#1086=PLANE('',#12218);
#1087=PLANE('',#12222);
#1088=PLANE('',#12223);
#1089=PLANE('',#12228);
#1090=PLANE('',#12232);
#1091=PLANE('',#12236);
#1092=PLANE('',#12237);
#1093=PLANE('',#12242);
#1094=PLANE('',#12246);
#1095=PLANE('',#12250);
#1096=PLANE('',#12251);
#1097=PLANE('',#12259);
#1098=PLANE('',#12260);
#1099=PLANE('',#12261);
#1100=PLANE('',#12262);
#1101=PLANE('',#12263);
#1102=PLANE('',#12264);
#1103=PLANE('',#12265);
#1104=PLANE('',#12266);
#1105=PLANE('',#12267);
#1106=PLANE('',#12268);
#1107=PLANE('',#12269);
#1108=PLANE('',#12270);
#1109=PLANE('',#12271);
#1110=PLANE('',#12272);
#1111=PLANE('',#12273);
#1112=PLANE('',#12281);
#1113=PLANE('',#12282);
#1114=PLANE('',#12283);
#1115=PLANE('',#12284);
#1116=PLANE('',#12285);
#1117=PLANE('',#12286);
#1118=PLANE('',#12287);
#1119=PLANE('',#12288);
#1120=PLANE('',#12289);
#1121=PLANE('',#12290);
#1122=PLANE('',#12291);
#1123=PLANE('',#12292);
#1124=PLANE('',#12293);
#1125=PLANE('',#12294);
#1126=PLANE('',#12295);
#1127=PLANE('',#12303);
#1128=PLANE('',#12304);
#1129=PLANE('',#12305);
#1130=PLANE('',#12306);
#1131=PLANE('',#12307);
#1132=PLANE('',#12308);
#1133=PLANE('',#12309);
#1134=PLANE('',#12310);
#1135=PLANE('',#12311);
#1136=PLANE('',#12312);
#1137=PLANE('',#12313);
#1138=PLANE('',#12314);
#1139=PLANE('',#12315);
#1140=PLANE('',#12316);
#1141=PLANE('',#12317);
#1142=PLANE('',#12325);
#1143=PLANE('',#12326);
#1144=PLANE('',#12327);
#1145=PLANE('',#12328);
#1146=PLANE('',#12329);
#1147=PLANE('',#12330);
#1148=PLANE('',#12331);
#1149=PLANE('',#12332);
#1150=PLANE('',#12333);
#1151=PLANE('',#12334);
#1152=PLANE('',#12335);
#1153=PLANE('',#12336);
#1154=PLANE('',#12337);
#1155=PLANE('',#12338);
#1156=PLANE('',#12339);
#1157=PLANE('',#12347);
#1158=PLANE('',#12348);
#1159=PLANE('',#12349);
#1160=PLANE('',#12350);
#1161=PLANE('',#12351);
#1162=PLANE('',#12352);
#1163=PLANE('',#12353);
#1164=PLANE('',#12354);
#1165=PLANE('',#12355);
#1166=PLANE('',#12356);
#1167=PLANE('',#12357);
#1168=PLANE('',#12358);
#1169=PLANE('',#12359);
#1170=PLANE('',#12360);
#1171=PLANE('',#12361);
#1172=PLANE('',#12372);
#1173=PLANE('',#12376);
#1174=PLANE('',#12380);
#1175=PLANE('',#12384);
#1176=PLANE('',#12385);
#1177=PLANE('',#12386);
#1178=PLANE('',#12387);
#1179=PLANE('',#12388);
#1180=PLANE('',#12392);
#1181=PLANE('',#12396);
#1182=PLANE('',#12400);
#1183=PLANE('',#12404);
#1184=PLANE('',#12405);
#1185=PLANE('',#12406);
#1186=PLANE('',#12407);
#1187=PLANE('',#12408);
#1188=PLANE('',#12409);
#1189=PLANE('',#12410);
#1190=PLANE('',#12424);
#1191=PLANE('',#12425);
#1192=PLANE('',#12426);
#1193=PLANE('',#12427);
#1194=PLANE('',#12428);
#1195=PLANE('',#12429);
#1196=FACE_OUTER_BOUND('',#1808,.T.);
#1197=FACE_OUTER_BOUND('',#1809,.T.);
#1198=FACE_OUTER_BOUND('',#1810,.T.);
#1199=FACE_OUTER_BOUND('',#1811,.T.);
#1200=FACE_OUTER_BOUND('',#1812,.T.);
#1201=FACE_OUTER_BOUND('',#1813,.T.);
#1202=FACE_OUTER_BOUND('',#1814,.T.);
#1203=FACE_OUTER_BOUND('',#1815,.T.);
#1204=FACE_OUTER_BOUND('',#1816,.T.);
#1205=FACE_OUTER_BOUND('',#1817,.T.);
#1206=FACE_OUTER_BOUND('',#1818,.T.);
#1207=FACE_OUTER_BOUND('',#1819,.T.);
#1208=FACE_OUTER_BOUND('',#1820,.T.);
#1209=FACE_OUTER_BOUND('',#1821,.T.);
#1210=FACE_OUTER_BOUND('',#1822,.T.);
#1211=FACE_OUTER_BOUND('',#1823,.T.);
#1212=FACE_OUTER_BOUND('',#1824,.T.);
#1213=FACE_OUTER_BOUND('',#1825,.T.);
#1214=FACE_OUTER_BOUND('',#1826,.T.);
#1215=FACE_OUTER_BOUND('',#1827,.T.);
#1216=FACE_OUTER_BOUND('',#1828,.T.);
#1217=FACE_OUTER_BOUND('',#1829,.T.);
#1218=FACE_OUTER_BOUND('',#1830,.T.);
#1219=FACE_OUTER_BOUND('',#1831,.T.);
#1220=FACE_OUTER_BOUND('',#1832,.T.);
#1221=FACE_OUTER_BOUND('',#1833,.T.);
#1222=FACE_OUTER_BOUND('',#1834,.T.);
#1223=FACE_OUTER_BOUND('',#1835,.T.);
#1224=FACE_OUTER_BOUND('',#1836,.T.);
#1225=FACE_OUTER_BOUND('',#1837,.T.);
#1226=FACE_OUTER_BOUND('',#1838,.T.);
#1227=FACE_OUTER_BOUND('',#1839,.T.);
#1228=FACE_OUTER_BOUND('',#1840,.T.);
#1229=FACE_OUTER_BOUND('',#1841,.T.);
#1230=FACE_OUTER_BOUND('',#1842,.T.);
#1231=FACE_OUTER_BOUND('',#1843,.T.);
#1232=FACE_OUTER_BOUND('',#1844,.T.);
#1233=FACE_OUTER_BOUND('',#1845,.T.);
#1234=FACE_OUTER_BOUND('',#1846,.T.);
#1235=FACE_OUTER_BOUND('',#1847,.T.);
#1236=FACE_OUTER_BOUND('',#1848,.T.);
#1237=FACE_OUTER_BOUND('',#1849,.T.);
#1238=FACE_OUTER_BOUND('',#1850,.T.);
#1239=FACE_OUTER_BOUND('',#1851,.T.);
#1240=FACE_OUTER_BOUND('',#1852,.T.);
#1241=FACE_OUTER_BOUND('',#1853,.T.);
#1242=FACE_OUTER_BOUND('',#1854,.T.);
#1243=FACE_OUTER_BOUND('',#1855,.T.);
#1244=FACE_OUTER_BOUND('',#1856,.T.);
#1245=FACE_OUTER_BOUND('',#1857,.T.);
#1246=FACE_OUTER_BOUND('',#1858,.T.);
#1247=FACE_OUTER_BOUND('',#1859,.T.);
#1248=FACE_OUTER_BOUND('',#1860,.T.);
#1249=FACE_OUTER_BOUND('',#1861,.T.);
#1250=FACE_OUTER_BOUND('',#1900,.T.);
#1251=FACE_OUTER_BOUND('',#1901,.T.);
#1252=FACE_OUTER_BOUND('',#1902,.T.);
#1253=FACE_OUTER_BOUND('',#1903,.T.);
#1254=FACE_OUTER_BOUND('',#1904,.T.);
#1255=FACE_OUTER_BOUND('',#1943,.T.);
#1256=FACE_OUTER_BOUND('',#1944,.T.);
#1257=FACE_OUTER_BOUND('',#1945,.T.);
#1258=FACE_OUTER_BOUND('',#1946,.T.);
#1259=FACE_OUTER_BOUND('',#1947,.T.);
#1260=FACE_OUTER_BOUND('',#1948,.T.);
#1261=FACE_OUTER_BOUND('',#1949,.T.);
#1262=FACE_OUTER_BOUND('',#1950,.T.);
#1263=FACE_OUTER_BOUND('',#1951,.T.);
#1264=FACE_OUTER_BOUND('',#1952,.T.);
#1265=FACE_OUTER_BOUND('',#1953,.T.);
#1266=FACE_OUTER_BOUND('',#1956,.T.);
#1267=FACE_OUTER_BOUND('',#1957,.T.);
#1268=FACE_OUTER_BOUND('',#1958,.T.);
#1269=FACE_OUTER_BOUND('',#1959,.T.);
#1270=FACE_OUTER_BOUND('',#1960,.T.);
#1271=FACE_OUTER_BOUND('',#1961,.T.);
#1272=FACE_OUTER_BOUND('',#1964,.T.);
#1273=FACE_OUTER_BOUND('',#1965,.T.);
#1274=FACE_OUTER_BOUND('',#1966,.T.);
#1275=FACE_OUTER_BOUND('',#1967,.T.);
#1276=FACE_OUTER_BOUND('',#1968,.T.);
#1277=FACE_OUTER_BOUND('',#1969,.T.);
#1278=FACE_OUTER_BOUND('',#1972,.T.);
#1279=FACE_OUTER_BOUND('',#1973,.T.);
#1280=FACE_OUTER_BOUND('',#1974,.T.);
#1281=FACE_OUTER_BOUND('',#1975,.T.);
#1282=FACE_OUTER_BOUND('',#1976,.T.);
#1283=FACE_OUTER_BOUND('',#1977,.T.);
#1284=FACE_OUTER_BOUND('',#1980,.T.);
#1285=FACE_OUTER_BOUND('',#1981,.T.);
#1286=FACE_OUTER_BOUND('',#1982,.T.);
#1287=FACE_OUTER_BOUND('',#1983,.T.);
#1288=FACE_OUTER_BOUND('',#1984,.T.);
#1289=FACE_OUTER_BOUND('',#1985,.T.);
#1290=FACE_OUTER_BOUND('',#1986,.T.);
#1291=FACE_OUTER_BOUND('',#1987,.T.);
#1292=FACE_OUTER_BOUND('',#1988,.T.);
#1293=FACE_OUTER_BOUND('',#1989,.T.);
#1294=FACE_OUTER_BOUND('',#1990,.T.);
#1295=FACE_OUTER_BOUND('',#1991,.T.);
#1296=FACE_OUTER_BOUND('',#1999,.T.);
#1297=FACE_OUTER_BOUND('',#2007,.T.);
#1298=FACE_OUTER_BOUND('',#2008,.T.);
#1299=FACE_OUTER_BOUND('',#2009,.T.);
#1300=FACE_OUTER_BOUND('',#2012,.T.);
#1301=FACE_OUTER_BOUND('',#2014,.T.);
#1302=FACE_OUTER_BOUND('',#2015,.T.);
#1303=FACE_OUTER_BOUND('',#2016,.T.);
#1304=FACE_OUTER_BOUND('',#2017,.T.);
#1305=FACE_OUTER_BOUND('',#2018,.T.);
#1306=FACE_OUTER_BOUND('',#2019,.T.);
#1307=FACE_OUTER_BOUND('',#2022,.T.);
#1308=FACE_OUTER_BOUND('',#2023,.T.);
#1309=FACE_OUTER_BOUND('',#2025,.T.);
#1310=FACE_OUTER_BOUND('',#2026,.T.);
#1311=FACE_OUTER_BOUND('',#2027,.T.);
#1312=FACE_OUTER_BOUND('',#2028,.T.);
#1313=FACE_OUTER_BOUND('',#2030,.T.);
#1314=FACE_OUTER_BOUND('',#2033,.T.);
#1315=FACE_OUTER_BOUND('',#2034,.T.);
#1316=FACE_OUTER_BOUND('',#2035,.T.);
#1317=FACE_OUTER_BOUND('',#2036,.T.);
#1318=FACE_OUTER_BOUND('',#2037,.T.);
#1319=FACE_OUTER_BOUND('',#2040,.T.);
#1320=FACE_OUTER_BOUND('',#2041,.T.);
#1321=FACE_OUTER_BOUND('',#2042,.T.);
#1322=FACE_OUTER_BOUND('',#2043,.T.);
#1323=FACE_OUTER_BOUND('',#2045,.T.);
#1324=FACE_OUTER_BOUND('',#2046,.T.);
#1325=FACE_OUTER_BOUND('',#2047,.T.);
#1326=FACE_OUTER_BOUND('',#2048,.T.);
#1327=FACE_OUTER_BOUND('',#2049,.T.);
#1328=FACE_OUTER_BOUND('',#2050,.T.);
#1329=FACE_OUTER_BOUND('',#2052,.T.);
#1330=FACE_OUTER_BOUND('',#2054,.T.);
#1331=FACE_OUTER_BOUND('',#2056,.T.);
#1332=FACE_OUTER_BOUND('',#2057,.T.);
#1333=FACE_OUTER_BOUND('',#2058,.T.);
#1334=FACE_OUTER_BOUND('',#2059,.T.);
#1335=FACE_OUTER_BOUND('',#2060,.T.);
#1336=FACE_OUTER_BOUND('',#2061,.T.);
#1337=FACE_OUTER_BOUND('',#2062,.T.);
#1338=FACE_OUTER_BOUND('',#2063,.T.);
#1339=FACE_OUTER_BOUND('',#2069,.T.);
#1340=FACE_OUTER_BOUND('',#2071,.T.);
#1341=FACE_OUTER_BOUND('',#2073,.T.);
#1342=FACE_OUTER_BOUND('',#2074,.T.);
#1343=FACE_OUTER_BOUND('',#2075,.T.);
#1344=FACE_OUTER_BOUND('',#2076,.T.);
#1345=FACE_OUTER_BOUND('',#2077,.T.);
#1346=FACE_OUTER_BOUND('',#2078,.T.);
#1347=FACE_OUTER_BOUND('',#2080,.T.);
#1348=FACE_OUTER_BOUND('',#2082,.T.);
#1349=FACE_OUTER_BOUND('',#2084,.T.);
#1350=FACE_OUTER_BOUND('',#2085,.T.);
#1351=FACE_OUTER_BOUND('',#2086,.T.);
#1352=FACE_OUTER_BOUND('',#2087,.T.);
#1353=FACE_OUTER_BOUND('',#2088,.T.);
#1354=FACE_OUTER_BOUND('',#2089,.T.);
#1355=FACE_OUTER_BOUND('',#2091,.T.);
#1356=FACE_OUTER_BOUND('',#2093,.T.);
#1357=FACE_OUTER_BOUND('',#2095,.T.);
#1358=FACE_OUTER_BOUND('',#2096,.T.);
#1359=FACE_OUTER_BOUND('',#2097,.T.);
#1360=FACE_OUTER_BOUND('',#2098,.T.);
#1361=FACE_OUTER_BOUND('',#2099,.T.);
#1362=FACE_OUTER_BOUND('',#2100,.T.);
#1363=FACE_OUTER_BOUND('',#2101,.T.);
#1364=FACE_OUTER_BOUND('',#2102,.T.);
#1365=FACE_OUTER_BOUND('',#2103,.T.);
#1366=FACE_OUTER_BOUND('',#2104,.T.);
#1367=FACE_OUTER_BOUND('',#2105,.T.);
#1368=FACE_OUTER_BOUND('',#2106,.T.);
#1369=FACE_OUTER_BOUND('',#2107,.T.);
#1370=FACE_OUTER_BOUND('',#2110,.T.);
#1371=FACE_OUTER_BOUND('',#2113,.T.);
#1372=FACE_OUTER_BOUND('',#2114,.T.);
#1373=FACE_OUTER_BOUND('',#2115,.T.);
#1374=FACE_OUTER_BOUND('',#2116,.T.);
#1375=FACE_OUTER_BOUND('',#2117,.T.);
#1376=FACE_OUTER_BOUND('',#2118,.T.);
#1377=FACE_OUTER_BOUND('',#2119,.T.);
#1378=FACE_OUTER_BOUND('',#2120,.T.);
#1379=FACE_OUTER_BOUND('',#2121,.T.);
#1380=FACE_OUTER_BOUND('',#2122,.T.);
#1381=FACE_OUTER_BOUND('',#2125,.T.);
#1382=FACE_OUTER_BOUND('',#2128,.T.);
#1383=FACE_OUTER_BOUND('',#2129,.T.);
#1384=FACE_OUTER_BOUND('',#2130,.T.);
#1385=FACE_OUTER_BOUND('',#2131,.T.);
#1386=FACE_OUTER_BOUND('',#2132,.T.);
#1387=FACE_OUTER_BOUND('',#2133,.T.);
#1388=FACE_OUTER_BOUND('',#2134,.T.);
#1389=FACE_OUTER_BOUND('',#2135,.T.);
#1390=FACE_OUTER_BOUND('',#2136,.T.);
#1391=FACE_OUTER_BOUND('',#2137,.T.);
#1392=FACE_OUTER_BOUND('',#2138,.T.);
#1393=FACE_OUTER_BOUND('',#2139,.T.);
#1394=FACE_OUTER_BOUND('',#2140,.T.);
#1395=FACE_OUTER_BOUND('',#2141,.T.);
#1396=FACE_OUTER_BOUND('',#2142,.T.);
#1397=FACE_OUTER_BOUND('',#2143,.T.);
#1398=FACE_OUTER_BOUND('',#2144,.T.);
#1399=FACE_OUTER_BOUND('',#2145,.T.);
#1400=FACE_OUTER_BOUND('',#2146,.T.);
#1401=FACE_OUTER_BOUND('',#2147,.T.);
#1402=FACE_OUTER_BOUND('',#2148,.T.);
#1403=FACE_OUTER_BOUND('',#2149,.T.);
#1404=FACE_OUTER_BOUND('',#2150,.T.);
#1405=FACE_OUTER_BOUND('',#2151,.T.);
#1406=FACE_OUTER_BOUND('',#2152,.T.);
#1407=FACE_OUTER_BOUND('',#2153,.T.);
#1408=FACE_OUTER_BOUND('',#2154,.T.);
#1409=FACE_OUTER_BOUND('',#2155,.T.);
#1410=FACE_OUTER_BOUND('',#2156,.T.);
#1411=FACE_OUTER_BOUND('',#2157,.T.);
#1412=FACE_OUTER_BOUND('',#2158,.T.);
#1413=FACE_OUTER_BOUND('',#2159,.T.);
#1414=FACE_OUTER_BOUND('',#2162,.T.);
#1415=FACE_OUTER_BOUND('',#2163,.T.);
#1416=FACE_OUTER_BOUND('',#2166,.T.);
#1417=FACE_OUTER_BOUND('',#2167,.T.);
#1418=FACE_OUTER_BOUND('',#2169,.T.);
#1419=FACE_OUTER_BOUND('',#2172,.T.);
#1420=FACE_OUTER_BOUND('',#2175,.T.);
#1421=FACE_OUTER_BOUND('',#2176,.T.);
#1422=FACE_OUTER_BOUND('',#2178,.T.);
#1423=FACE_OUTER_BOUND('',#2183,.T.);
#1424=FACE_OUTER_BOUND('',#2184,.T.);
#1425=FACE_OUTER_BOUND('',#2185,.T.);
#1426=FACE_OUTER_BOUND('',#2186,.T.);
#1427=FACE_OUTER_BOUND('',#2187,.T.);
#1428=FACE_OUTER_BOUND('',#2188,.T.);
#1429=FACE_OUTER_BOUND('',#2189,.T.);
#1430=FACE_OUTER_BOUND('',#2192,.T.);
#1431=FACE_OUTER_BOUND('',#2195,.T.);
#1432=FACE_OUTER_BOUND('',#2196,.T.);
#1433=FACE_OUTER_BOUND('',#2197,.T.);
#1434=FACE_OUTER_BOUND('',#2198,.T.);
#1435=FACE_OUTER_BOUND('',#2199,.T.);
#1436=FACE_OUTER_BOUND('',#2200,.T.);
#1437=FACE_OUTER_BOUND('',#2201,.T.);
#1438=FACE_OUTER_BOUND('',#2202,.T.);
#1439=FACE_OUTER_BOUND('',#2203,.T.);
#1440=FACE_OUTER_BOUND('',#2204,.T.);
#1441=FACE_OUTER_BOUND('',#2205,.T.);
#1442=FACE_OUTER_BOUND('',#2206,.T.);
#1443=FACE_OUTER_BOUND('',#2207,.T.);
#1444=FACE_OUTER_BOUND('',#2208,.T.);
#1445=FACE_OUTER_BOUND('',#2209,.T.);
#1446=FACE_OUTER_BOUND('',#2210,.T.);
#1447=FACE_OUTER_BOUND('',#2211,.T.);
#1448=FACE_OUTER_BOUND('',#2212,.T.);
#1449=FACE_OUTER_BOUND('',#2213,.T.);
#1450=FACE_OUTER_BOUND('',#2214,.T.);
#1451=FACE_OUTER_BOUND('',#2215,.T.);
#1452=FACE_OUTER_BOUND('',#2216,.T.);
#1453=FACE_OUTER_BOUND('',#2217,.T.);
#1454=FACE_OUTER_BOUND('',#2218,.T.);
#1455=FACE_OUTER_BOUND('',#2219,.T.);
#1456=FACE_OUTER_BOUND('',#2220,.T.);
#1457=FACE_OUTER_BOUND('',#2221,.T.);
#1458=FACE_OUTER_BOUND('',#2222,.T.);
#1459=FACE_OUTER_BOUND('',#2223,.T.);
#1460=FACE_OUTER_BOUND('',#2226,.T.);
#1461=FACE_OUTER_BOUND('',#2227,.T.);
#1462=FACE_OUTER_BOUND('',#2230,.T.);
#1463=FACE_OUTER_BOUND('',#2231,.T.);
#1464=FACE_OUTER_BOUND('',#2233,.T.);
#1465=FACE_OUTER_BOUND('',#2236,.T.);
#1466=FACE_OUTER_BOUND('',#2239,.T.);
#1467=FACE_OUTER_BOUND('',#2240,.T.);
#1468=FACE_OUTER_BOUND('',#2242,.T.);
#1469=FACE_OUTER_BOUND('',#2247,.T.);
#1470=FACE_OUTER_BOUND('',#2248,.T.);
#1471=FACE_OUTER_BOUND('',#2249,.T.);
#1472=FACE_OUTER_BOUND('',#2250,.T.);
#1473=FACE_OUTER_BOUND('',#2251,.T.);
#1474=FACE_OUTER_BOUND('',#2252,.T.);
#1475=FACE_OUTER_BOUND('',#2253,.T.);
#1476=FACE_OUTER_BOUND('',#2256,.T.);
#1477=FACE_OUTER_BOUND('',#2259,.T.);
#1478=FACE_OUTER_BOUND('',#2260,.T.);
#1479=FACE_OUTER_BOUND('',#2261,.T.);
#1480=FACE_OUTER_BOUND('',#2262,.T.);
#1481=FACE_OUTER_BOUND('',#2263,.T.);
#1482=FACE_OUTER_BOUND('',#2264,.T.);
#1483=FACE_OUTER_BOUND('',#2266,.T.);
#1484=FACE_OUTER_BOUND('',#2268,.T.);
#1485=FACE_OUTER_BOUND('',#2269,.T.);
#1486=FACE_OUTER_BOUND('',#2270,.T.);
#1487=FACE_OUTER_BOUND('',#2272,.T.);
#1488=FACE_OUTER_BOUND('',#2274,.T.);
#1489=FACE_OUTER_BOUND('',#2275,.T.);
#1490=FACE_OUTER_BOUND('',#2276,.T.);
#1491=FACE_OUTER_BOUND('',#2277,.T.);
#1492=FACE_OUTER_BOUND('',#2278,.T.);
#1493=FACE_OUTER_BOUND('',#2279,.T.);
#1494=FACE_OUTER_BOUND('',#2280,.T.);
#1495=FACE_OUTER_BOUND('',#2281,.T.);
#1496=FACE_OUTER_BOUND('',#2282,.T.);
#1497=FACE_OUTER_BOUND('',#2283,.T.);
#1498=FACE_OUTER_BOUND('',#2284,.T.);
#1499=FACE_OUTER_BOUND('',#2285,.T.);
#1500=FACE_OUTER_BOUND('',#2286,.T.);
#1501=FACE_OUTER_BOUND('',#2287,.T.);
#1502=FACE_OUTER_BOUND('',#2288,.T.);
#1503=FACE_OUTER_BOUND('',#2289,.T.);
#1504=FACE_OUTER_BOUND('',#2290,.T.);
#1505=FACE_OUTER_BOUND('',#2291,.T.);
#1506=FACE_OUTER_BOUND('',#2292,.T.);
#1507=FACE_OUTER_BOUND('',#2294,.T.);
#1508=FACE_OUTER_BOUND('',#2296,.T.);
#1509=FACE_OUTER_BOUND('',#2297,.T.);
#1510=FACE_OUTER_BOUND('',#2298,.T.);
#1511=FACE_OUTER_BOUND('',#2303,.T.);
#1512=FACE_OUTER_BOUND('',#2304,.T.);
#1513=FACE_OUTER_BOUND('',#2305,.T.);
#1514=FACE_OUTER_BOUND('',#2307,.T.);
#1515=FACE_OUTER_BOUND('',#2309,.T.);
#1516=FACE_OUTER_BOUND('',#2310,.T.);
#1517=FACE_OUTER_BOUND('',#2311,.T.);
#1518=FACE_OUTER_BOUND('',#2313,.T.);
#1519=FACE_OUTER_BOUND('',#2315,.T.);
#1520=FACE_OUTER_BOUND('',#2316,.T.);
#1521=FACE_OUTER_BOUND('',#2317,.T.);
#1522=FACE_OUTER_BOUND('',#2318,.T.);
#1523=FACE_OUTER_BOUND('',#2319,.T.);
#1524=FACE_OUTER_BOUND('',#2320,.T.);
#1525=FACE_OUTER_BOUND('',#2321,.T.);
#1526=FACE_OUTER_BOUND('',#2322,.T.);
#1527=FACE_OUTER_BOUND('',#2323,.T.);
#1528=FACE_OUTER_BOUND('',#2324,.T.);
#1529=FACE_OUTER_BOUND('',#2326,.T.);
#1530=FACE_OUTER_BOUND('',#2327,.T.);
#1531=FACE_OUTER_BOUND('',#2329,.T.);
#1532=FACE_OUTER_BOUND('',#2330,.T.);
#1533=FACE_OUTER_BOUND('',#2332,.T.);
#1534=FACE_OUTER_BOUND('',#2333,.T.);
#1535=FACE_OUTER_BOUND('',#2335,.T.);
#1536=FACE_OUTER_BOUND('',#2337,.T.);
#1537=FACE_OUTER_BOUND('',#2339,.T.);
#1538=FACE_OUTER_BOUND('',#2340,.T.);
#1539=FACE_OUTER_BOUND('',#2341,.T.);
#1540=FACE_OUTER_BOUND('',#2342,.T.);
#1541=FACE_OUTER_BOUND('',#2343,.T.);
#1542=FACE_OUTER_BOUND('',#2344,.T.);
#1543=FACE_OUTER_BOUND('',#2345,.T.);
#1544=FACE_OUTER_BOUND('',#2346,.T.);
#1545=FACE_OUTER_BOUND('',#2347,.T.);
#1546=FACE_OUTER_BOUND('',#2348,.T.);
#1547=FACE_OUTER_BOUND('',#2349,.T.);
#1548=FACE_OUTER_BOUND('',#2350,.T.);
#1549=FACE_OUTER_BOUND('',#2351,.T.);
#1550=FACE_OUTER_BOUND('',#2352,.T.);
#1551=FACE_OUTER_BOUND('',#2353,.T.);
#1552=FACE_OUTER_BOUND('',#2354,.T.);
#1553=FACE_OUTER_BOUND('',#2355,.T.);
#1554=FACE_OUTER_BOUND('',#2356,.T.);
#1555=FACE_OUTER_BOUND('',#2357,.T.);
#1556=FACE_OUTER_BOUND('',#2358,.T.);
#1557=FACE_OUTER_BOUND('',#2359,.T.);
#1558=FACE_OUTER_BOUND('',#2360,.T.);
#1559=FACE_OUTER_BOUND('',#2361,.T.);
#1560=FACE_OUTER_BOUND('',#2362,.T.);
#1561=FACE_OUTER_BOUND('',#2363,.T.);
#1562=FACE_OUTER_BOUND('',#2364,.T.);
#1563=FACE_OUTER_BOUND('',#2365,.T.);
#1564=FACE_OUTER_BOUND('',#2366,.T.);
#1565=FACE_OUTER_BOUND('',#2367,.T.);
#1566=FACE_OUTER_BOUND('',#2368,.T.);
#1567=FACE_OUTER_BOUND('',#2369,.T.);
#1568=FACE_OUTER_BOUND('',#2370,.T.);
#1569=FACE_OUTER_BOUND('',#2371,.T.);
#1570=FACE_OUTER_BOUND('',#2372,.T.);
#1571=FACE_OUTER_BOUND('',#2373,.T.);
#1572=FACE_OUTER_BOUND('',#2374,.T.);
#1573=FACE_OUTER_BOUND('',#2375,.T.);
#1574=FACE_OUTER_BOUND('',#2376,.T.);
#1575=FACE_OUTER_BOUND('',#2377,.T.);
#1576=FACE_OUTER_BOUND('',#2382,.T.);
#1577=FACE_OUTER_BOUND('',#2387,.T.);
#1578=FACE_OUTER_BOUND('',#2388,.T.);
#1579=FACE_OUTER_BOUND('',#2389,.T.);
#1580=FACE_OUTER_BOUND('',#2390,.T.);
#1581=FACE_OUTER_BOUND('',#2391,.T.);
#1582=FACE_OUTER_BOUND('',#2392,.T.);
#1583=FACE_OUTER_BOUND('',#2393,.T.);
#1584=FACE_OUTER_BOUND('',#2394,.T.);
#1585=FACE_OUTER_BOUND('',#2395,.T.);
#1586=FACE_OUTER_BOUND('',#2396,.T.);
#1587=FACE_OUTER_BOUND('',#2397,.T.);
#1588=FACE_OUTER_BOUND('',#2398,.T.);
#1589=FACE_OUTER_BOUND('',#2399,.T.);
#1590=FACE_OUTER_BOUND('',#2400,.T.);
#1591=FACE_OUTER_BOUND('',#2401,.T.);
#1592=FACE_OUTER_BOUND('',#2402,.T.);
#1593=FACE_OUTER_BOUND('',#2403,.T.);
#1594=FACE_OUTER_BOUND('',#2404,.T.);
#1595=FACE_OUTER_BOUND('',#2405,.T.);
#1596=FACE_OUTER_BOUND('',#2406,.T.);
#1597=FACE_OUTER_BOUND('',#2407,.T.);
#1598=FACE_OUTER_BOUND('',#2408,.T.);
#1599=FACE_OUTER_BOUND('',#2409,.T.);
#1600=FACE_OUTER_BOUND('',#2410,.T.);
#1601=FACE_OUTER_BOUND('',#2411,.T.);
#1602=FACE_OUTER_BOUND('',#2414,.T.);
#1603=FACE_OUTER_BOUND('',#2417,.T.);
#1604=FACE_OUTER_BOUND('',#2418,.T.);
#1605=FACE_OUTER_BOUND('',#2419,.T.);
#1606=FACE_OUTER_BOUND('',#2420,.T.);
#1607=FACE_OUTER_BOUND('',#2421,.T.);
#1608=FACE_OUTER_BOUND('',#2426,.T.);
#1609=FACE_OUTER_BOUND('',#2427,.T.);
#1610=FACE_OUTER_BOUND('',#2432,.T.);
#1611=FACE_OUTER_BOUND('',#2433,.T.);
#1612=FACE_OUTER_BOUND('',#2434,.T.);
#1613=FACE_OUTER_BOUND('',#2435,.T.);
#1614=FACE_OUTER_BOUND('',#2436,.T.);
#1615=FACE_OUTER_BOUND('',#2437,.T.);
#1616=FACE_OUTER_BOUND('',#2438,.T.);
#1617=FACE_OUTER_BOUND('',#2439,.T.);
#1618=FACE_OUTER_BOUND('',#2440,.T.);
#1619=FACE_OUTER_BOUND('',#2441,.T.);
#1620=FACE_OUTER_BOUND('',#2442,.T.);
#1621=FACE_OUTER_BOUND('',#2443,.T.);
#1622=FACE_OUTER_BOUND('',#2444,.T.);
#1623=FACE_OUTER_BOUND('',#2445,.T.);
#1624=FACE_OUTER_BOUND('',#2446,.T.);
#1625=FACE_OUTER_BOUND('',#2447,.T.);
#1626=FACE_OUTER_BOUND('',#2448,.T.);
#1627=FACE_OUTER_BOUND('',#2449,.T.);
#1628=FACE_OUTER_BOUND('',#2450,.T.);
#1629=FACE_OUTER_BOUND('',#2451,.T.);
#1630=FACE_OUTER_BOUND('',#2458,.T.);
#1631=FACE_OUTER_BOUND('',#2465,.T.);
#1632=FACE_OUTER_BOUND('',#2466,.T.);
#1633=FACE_OUTER_BOUND('',#2467,.T.);
#1634=FACE_OUTER_BOUND('',#2468,.T.);
#1635=FACE_OUTER_BOUND('',#2469,.T.);
#1636=FACE_OUTER_BOUND('',#2470,.T.);
#1637=FACE_OUTER_BOUND('',#2471,.T.);
#1638=FACE_OUTER_BOUND('',#2472,.T.);
#1639=FACE_OUTER_BOUND('',#2473,.T.);
#1640=FACE_OUTER_BOUND('',#2474,.T.);
#1641=FACE_OUTER_BOUND('',#2475,.T.);
#1642=FACE_OUTER_BOUND('',#2476,.T.);
#1643=FACE_OUTER_BOUND('',#2477,.T.);
#1644=FACE_OUTER_BOUND('',#2478,.T.);
#1645=FACE_OUTER_BOUND('',#2479,.T.);
#1646=FACE_OUTER_BOUND('',#2480,.T.);
#1647=FACE_OUTER_BOUND('',#2481,.T.);
#1648=FACE_OUTER_BOUND('',#2482,.T.);
#1649=FACE_OUTER_BOUND('',#2484,.T.);
#1650=FACE_OUTER_BOUND('',#2486,.T.);
#1651=FACE_OUTER_BOUND('',#2487,.T.);
#1652=FACE_OUTER_BOUND('',#2488,.T.);
#1653=FACE_OUTER_BOUND('',#2489,.T.);
#1654=FACE_OUTER_BOUND('',#2490,.T.);
#1655=FACE_OUTER_BOUND('',#2491,.T.);
#1656=FACE_OUTER_BOUND('',#2493,.T.);
#1657=FACE_OUTER_BOUND('',#2495,.T.);
#1658=FACE_OUTER_BOUND('',#2496,.T.);
#1659=FACE_OUTER_BOUND('',#2497,.T.);
#1660=FACE_OUTER_BOUND('',#2498,.T.);
#1661=FACE_OUTER_BOUND('',#2499,.T.);
#1662=FACE_OUTER_BOUND('',#2500,.T.);
#1663=FACE_OUTER_BOUND('',#2502,.T.);
#1664=FACE_OUTER_BOUND('',#2504,.T.);
#1665=FACE_OUTER_BOUND('',#2505,.T.);
#1666=FACE_OUTER_BOUND('',#2506,.T.);
#1667=FACE_OUTER_BOUND('',#2507,.T.);
#1668=FACE_OUTER_BOUND('',#2508,.T.);
#1669=FACE_OUTER_BOUND('',#2509,.T.);
#1670=FACE_OUTER_BOUND('',#2511,.T.);
#1671=FACE_OUTER_BOUND('',#2513,.T.);
#1672=FACE_OUTER_BOUND('',#2514,.T.);
#1673=FACE_OUTER_BOUND('',#2515,.T.);
#1674=FACE_OUTER_BOUND('',#2516,.T.);
#1675=FACE_OUTER_BOUND('',#2517,.T.);
#1676=FACE_OUTER_BOUND('',#2518,.T.);
#1677=FACE_OUTER_BOUND('',#2520,.T.);
#1678=FACE_OUTER_BOUND('',#2522,.T.);
#1679=FACE_OUTER_BOUND('',#2523,.T.);
#1680=FACE_OUTER_BOUND('',#2524,.T.);
#1681=FACE_OUTER_BOUND('',#2525,.T.);
#1682=FACE_OUTER_BOUND('',#2526,.T.);
#1683=FACE_OUTER_BOUND('',#2527,.T.);
#1684=FACE_OUTER_BOUND('',#2529,.T.);
#1685=FACE_OUTER_BOUND('',#2531,.T.);
#1686=FACE_OUTER_BOUND('',#2532,.T.);
#1687=FACE_OUTER_BOUND('',#2533,.T.);
#1688=FACE_OUTER_BOUND('',#2534,.T.);
#1689=FACE_OUTER_BOUND('',#2535,.T.);
#1690=FACE_OUTER_BOUND('',#2536,.T.);
#1691=FACE_OUTER_BOUND('',#2537,.T.);
#1692=FACE_OUTER_BOUND('',#2539,.T.);
#1693=FACE_OUTER_BOUND('',#2540,.T.);
#1694=FACE_OUTER_BOUND('',#2541,.T.);
#1695=FACE_OUTER_BOUND('',#2542,.T.);
#1696=FACE_OUTER_BOUND('',#2543,.T.);
#1697=FACE_OUTER_BOUND('',#2546,.T.);
#1698=FACE_OUTER_BOUND('',#2547,.T.);
#1699=FACE_OUTER_BOUND('',#2548,.T.);
#1700=FACE_OUTER_BOUND('',#2549,.T.);
#1701=FACE_OUTER_BOUND('',#2551,.T.);
#1702=FACE_OUTER_BOUND('',#2553,.T.);
#1703=FACE_OUTER_BOUND('',#2554,.T.);
#1704=FACE_OUTER_BOUND('',#2555,.T.);
#1705=FACE_OUTER_BOUND('',#2556,.T.);
#1706=FACE_OUTER_BOUND('',#2557,.T.);
#1707=FACE_OUTER_BOUND('',#2558,.T.);
#1708=FACE_OUTER_BOUND('',#2559,.T.);
#1709=FACE_OUTER_BOUND('',#2561,.T.);
#1710=FACE_OUTER_BOUND('',#2563,.T.);
#1711=FACE_OUTER_BOUND('',#2564,.T.);
#1712=FACE_OUTER_BOUND('',#2565,.T.);
#1713=FACE_OUTER_BOUND('',#2566,.T.);
#1714=FACE_OUTER_BOUND('',#2567,.T.);
#1715=FACE_OUTER_BOUND('',#2570,.T.);
#1716=FACE_OUTER_BOUND('',#2571,.T.);
#1717=FACE_OUTER_BOUND('',#2572,.T.);
#1718=FACE_OUTER_BOUND('',#2573,.T.);
#1719=FACE_OUTER_BOUND('',#2575,.T.);
#1720=FACE_OUTER_BOUND('',#2576,.T.);
#1721=FACE_OUTER_BOUND('',#2577,.T.);
#1722=FACE_OUTER_BOUND('',#2578,.T.);
#1723=FACE_OUTER_BOUND('',#2579,.T.);
#1724=FACE_OUTER_BOUND('',#2580,.T.);
#1725=FACE_OUTER_BOUND('',#2581,.T.);
#1726=FACE_OUTER_BOUND('',#2583,.T.);
#1727=FACE_OUTER_BOUND('',#2585,.T.);
#1728=FACE_OUTER_BOUND('',#2586,.T.);
#1729=FACE_OUTER_BOUND('',#2587,.T.);
#1730=FACE_OUTER_BOUND('',#2588,.T.);
#1731=FACE_OUTER_BOUND('',#2589,.T.);
#1732=FACE_OUTER_BOUND('',#2592,.T.);
#1733=FACE_OUTER_BOUND('',#2593,.T.);
#1734=FACE_OUTER_BOUND('',#2594,.T.);
#1735=FACE_OUTER_BOUND('',#2595,.T.);
#1736=FACE_OUTER_BOUND('',#2597,.T.);
#1737=FACE_OUTER_BOUND('',#2598,.T.);
#1738=FACE_OUTER_BOUND('',#2599,.T.);
#1739=FACE_OUTER_BOUND('',#2600,.T.);
#1740=FACE_OUTER_BOUND('',#2601,.T.);
#1741=FACE_OUTER_BOUND('',#2602,.T.);
#1742=FACE_OUTER_BOUND('',#2603,.T.);
#1743=FACE_OUTER_BOUND('',#2605,.T.);
#1744=FACE_OUTER_BOUND('',#2606,.T.);
#1745=FACE_OUTER_BOUND('',#2607,.T.);
#1746=FACE_OUTER_BOUND('',#2608,.T.);
#1747=FACE_OUTER_BOUND('',#2609,.T.);
#1748=FACE_OUTER_BOUND('',#2612,.T.);
#1749=FACE_OUTER_BOUND('',#2613,.T.);
#1750=FACE_OUTER_BOUND('',#2614,.T.);
#1751=FACE_OUTER_BOUND('',#2615,.T.);
#1752=FACE_OUTER_BOUND('',#2617,.T.);
#1753=FACE_OUTER_BOUND('',#2619,.T.);
#1754=FACE_OUTER_BOUND('',#2620,.T.);
#1755=FACE_OUTER_BOUND('',#2621,.T.);
#1756=FACE_OUTER_BOUND('',#2622,.T.);
#1757=FACE_OUTER_BOUND('',#2623,.T.);
#1758=FACE_OUTER_BOUND('',#2624,.T.);
#1759=FACE_OUTER_BOUND('',#2625,.T.);
#1760=FACE_OUTER_BOUND('',#2627,.T.);
#1761=FACE_OUTER_BOUND('',#2629,.T.);
#1762=FACE_OUTER_BOUND('',#2630,.T.);
#1763=FACE_OUTER_BOUND('',#2631,.T.);
#1764=FACE_OUTER_BOUND('',#2632,.T.);
#1765=FACE_OUTER_BOUND('',#2633,.T.);
#1766=FACE_OUTER_BOUND('',#2636,.T.);
#1767=FACE_OUTER_BOUND('',#2637,.T.);
#1768=FACE_OUTER_BOUND('',#2638,.T.);
#1769=FACE_OUTER_BOUND('',#2639,.T.);
#1770=FACE_OUTER_BOUND('',#2641,.T.);
#1771=FACE_OUTER_BOUND('',#2642,.T.);
#1772=FACE_OUTER_BOUND('',#2643,.T.);
#1773=FACE_OUTER_BOUND('',#2644,.T.);
#1774=FACE_OUTER_BOUND('',#2645,.T.);
#1775=FACE_OUTER_BOUND('',#2646,.T.);
#1776=FACE_OUTER_BOUND('',#2647,.T.);
#1777=FACE_OUTER_BOUND('',#2648,.T.);
#1778=FACE_OUTER_BOUND('',#2649,.T.);
#1779=FACE_OUTER_BOUND('',#2650,.T.);
#1780=FACE_OUTER_BOUND('',#2651,.T.);
#1781=FACE_OUTER_BOUND('',#2652,.T.);
#1782=FACE_OUTER_BOUND('',#2653,.T.);
#1783=FACE_OUTER_BOUND('',#2654,.T.);
#1784=FACE_OUTER_BOUND('',#2655,.T.);
#1785=FACE_OUTER_BOUND('',#2656,.T.);
#1786=FACE_OUTER_BOUND('',#2658,.T.);
#1787=FACE_OUTER_BOUND('',#2659,.T.);
#1788=FACE_OUTER_BOUND('',#2661,.T.);
#1789=FACE_OUTER_BOUND('',#2662,.T.);
#1790=FACE_OUTER_BOUND('',#2664,.T.);
#1791=FACE_OUTER_BOUND('',#2665,.T.);
#1792=FACE_OUTER_BOUND('',#2667,.T.);
#1793=FACE_OUTER_BOUND('',#2668,.T.);
#1794=FACE_OUTER_BOUND('',#2669,.T.);
#1795=FACE_OUTER_BOUND('',#2670,.T.);
#1796=FACE_OUTER_BOUND('',#2671,.T.);
#1797=FACE_OUTER_BOUND('',#2679,.T.);
#1798=FACE_OUTER_BOUND('',#2683,.T.);
#1799=FACE_OUTER_BOUND('',#2684,.T.);
#1800=FACE_OUTER_BOUND('',#2685,.T.);
#1801=FACE_OUTER_BOUND('',#2686,.T.);
#1802=FACE_OUTER_BOUND('',#2687,.T.);
#1803=FACE_OUTER_BOUND('',#2688,.T.);
#1804=FACE_OUTER_BOUND('',#2689,.T.);
#1805=FACE_OUTER_BOUND('',#2690,.T.);
#1806=FACE_OUTER_BOUND('',#2691,.T.);
#1807=FACE_OUTER_BOUND('',#2696,.T.);
#1808=EDGE_LOOP('',(#7308,#7309,#7310,#7311));
#1809=EDGE_LOOP('',(#7312,#7313,#7314,#7315));
#1810=EDGE_LOOP('',(#7316,#7317,#7318,#7319));
#1811=EDGE_LOOP('',(#7320,#7321,#7322,#7323));
#1812=EDGE_LOOP('',(#7324,#7325,#7326,#7327));
#1813=EDGE_LOOP('',(#7328,#7329,#7330,#7331));
#1814=EDGE_LOOP('',(#7332,#7333,#7334,#7335));
#1815=EDGE_LOOP('',(#7336,#7337,#7338,#7339));
#1816=EDGE_LOOP('',(#7340,#7341,#7342,#7343));
#1817=EDGE_LOOP('',(#7344,#7345,#7346,#7347));
#1818=EDGE_LOOP('',(#7348,#7349,#7350,#7351));
#1819=EDGE_LOOP('',(#7352,#7353,#7354,#7355));
#1820=EDGE_LOOP('',(#7356,#7357,#7358,#7359));
#1821=EDGE_LOOP('',(#7360,#7361,#7362,#7363));
#1822=EDGE_LOOP('',(#7364,#7365,#7366,#7367));
#1823=EDGE_LOOP('',(#7368,#7369,#7370,#7371));
#1824=EDGE_LOOP('',(#7372,#7373,#7374,#7375));
#1825=EDGE_LOOP('',(#7376,#7377,#7378,#7379));
#1826=EDGE_LOOP('',(#7380,#7381,#7382,#7383));
#1827=EDGE_LOOP('',(#7384,#7385,#7386,#7387));
#1828=EDGE_LOOP('',(#7388,#7389,#7390,#7391));
#1829=EDGE_LOOP('',(#7392,#7393,#7394,#7395));
#1830=EDGE_LOOP('',(#7396,#7397,#7398,#7399));
#1831=EDGE_LOOP('',(#7400,#7401,#7402,#7403));
#1832=EDGE_LOOP('',(#7404,#7405,#7406,#7407));
#1833=EDGE_LOOP('',(#7408,#7409,#7410,#7411));
#1834=EDGE_LOOP('',(#7412,#7413,#7414,#7415));
#1835=EDGE_LOOP('',(#7416,#7417,#7418,#7419));
#1836=EDGE_LOOP('',(#7420,#7421,#7422,#7423));
#1837=EDGE_LOOP('',(#7424,#7425,#7426,#7427));
#1838=EDGE_LOOP('',(#7428,#7429,#7430,#7431));
#1839=EDGE_LOOP('',(#7432,#7433,#7434,#7435));
#1840=EDGE_LOOP('',(#7436,#7437,#7438,#7439));
#1841=EDGE_LOOP('',(#7440,#7441,#7442,#7443));
#1842=EDGE_LOOP('',(#7444,#7445,#7446,#7447));
#1843=EDGE_LOOP('',(#7448,#7449,#7450,#7451));
#1844=EDGE_LOOP('',(#7452,#7453,#7454,#7455));
#1845=EDGE_LOOP('',(#7456,#7457,#7458,#7459));
#1846=EDGE_LOOP('',(#7460,#7461,#7462,#7463));
#1847=EDGE_LOOP('',(#7464,#7465,#7466,#7467));
#1848=EDGE_LOOP('',(#7468,#7469,#7470,#7471));
#1849=EDGE_LOOP('',(#7472,#7473,#7474,#7475));
#1850=EDGE_LOOP('',(#7476,#7477,#7478,#7479));
#1851=EDGE_LOOP('',(#7480,#7481,#7482,#7483));
#1852=EDGE_LOOP('',(#7484,#7485,#7486,#7487));
#1853=EDGE_LOOP('',(#7488,#7489,#7490,#7491));
#1854=EDGE_LOOP('',(#7492,#7493,#7494,#7495));
#1855=EDGE_LOOP('',(#7496,#7497,#7498,#7499));
#1856=EDGE_LOOP('',(#7500,#7501,#7502,#7503));
#1857=EDGE_LOOP('',(#7504,#7505,#7506,#7507));
#1858=EDGE_LOOP('',(#7508,#7509,#7510,#7511));
#1859=EDGE_LOOP('',(#7512,#7513,#7514,#7515));
#1860=EDGE_LOOP('',(#7516,#7517,#7518,#7519));
#1861=EDGE_LOOP('',(#7520,#7521,#7522,#7523,#7524,#7525,#7526,#7527,#7528,
#7529,#7530,#7531));
#1862=EDGE_LOOP('',(#7532));
#1863=EDGE_LOOP('',(#7533));
#1864=EDGE_LOOP('',(#7534));
#1865=EDGE_LOOP('',(#7535));
#1866=EDGE_LOOP('',(#7536));
#1867=EDGE_LOOP('',(#7537));
#1868=EDGE_LOOP('',(#7538,#7539,#7540,#7541));
#1869=EDGE_LOOP('',(#7542,#7543,#7544,#7545));
#1870=EDGE_LOOP('',(#7546));
#1871=EDGE_LOOP('',(#7547));
#1872=EDGE_LOOP('',(#7548));
#1873=EDGE_LOOP('',(#7549));
#1874=EDGE_LOOP('',(#7550));
#1875=EDGE_LOOP('',(#7551));
#1876=EDGE_LOOP('',(#7552));
#1877=EDGE_LOOP('',(#7553));
#1878=EDGE_LOOP('',(#7554));
#1879=EDGE_LOOP('',(#7555));
#1880=EDGE_LOOP('',(#7556));
#1881=EDGE_LOOP('',(#7557));
#1882=EDGE_LOOP('',(#7558));
#1883=EDGE_LOOP('',(#7559));
#1884=EDGE_LOOP('',(#7560));
#1885=EDGE_LOOP('',(#7561));
#1886=EDGE_LOOP('',(#7562));
#1887=EDGE_LOOP('',(#7563));
#1888=EDGE_LOOP('',(#7564));
#1889=EDGE_LOOP('',(#7565));
#1890=EDGE_LOOP('',(#7566));
#1891=EDGE_LOOP('',(#7567));
#1892=EDGE_LOOP('',(#7568,#7569,#7570,#7571));
#1893=EDGE_LOOP('',(#7572,#7573,#7574,#7575));
#1894=EDGE_LOOP('',(#7576));
#1895=EDGE_LOOP('',(#7577));
#1896=EDGE_LOOP('',(#7578));
#1897=EDGE_LOOP('',(#7579));
#1898=EDGE_LOOP('',(#7580));
#1899=EDGE_LOOP('',(#7581));
#1900=EDGE_LOOP('',(#7582,#7583,#7584,#7585));
#1901=EDGE_LOOP('',(#7586,#7587,#7588,#7589));
#1902=EDGE_LOOP('',(#7590,#7591,#7592,#7593));
#1903=EDGE_LOOP('',(#7594,#7595,#7596,#7597));
#1904=EDGE_LOOP('',(#7598,#7599,#7600,#7601,#7602,#7603,#7604,#7605,#7606,
#7607,#7608,#7609));
#1905=EDGE_LOOP('',(#7610));
#1906=EDGE_LOOP('',(#7611));
#1907=EDGE_LOOP('',(#7612));
#1908=EDGE_LOOP('',(#7613));
#1909=EDGE_LOOP('',(#7614));
#1910=EDGE_LOOP('',(#7615));
#1911=EDGE_LOOP('',(#7616,#7617,#7618,#7619));
#1912=EDGE_LOOP('',(#7620,#7621,#7622,#7623));
#1913=EDGE_LOOP('',(#7624));
#1914=EDGE_LOOP('',(#7625));
#1915=EDGE_LOOP('',(#7626));
#1916=EDGE_LOOP('',(#7627));
#1917=EDGE_LOOP('',(#7628));
#1918=EDGE_LOOP('',(#7629));
#1919=EDGE_LOOP('',(#7630));
#1920=EDGE_LOOP('',(#7631));
#1921=EDGE_LOOP('',(#7632));
#1922=EDGE_LOOP('',(#7633));
#1923=EDGE_LOOP('',(#7634));
#1924=EDGE_LOOP('',(#7635));
#1925=EDGE_LOOP('',(#7636));
#1926=EDGE_LOOP('',(#7637));
#1927=EDGE_LOOP('',(#7638));
#1928=EDGE_LOOP('',(#7639));
#1929=EDGE_LOOP('',(#7640));
#1930=EDGE_LOOP('',(#7641));
#1931=EDGE_LOOP('',(#7642));
#1932=EDGE_LOOP('',(#7643));
#1933=EDGE_LOOP('',(#7644));
#1934=EDGE_LOOP('',(#7645));
#1935=EDGE_LOOP('',(#7646,#7647,#7648,#7649));
#1936=EDGE_LOOP('',(#7650,#7651,#7652,#7653));
#1937=EDGE_LOOP('',(#7654));
#1938=EDGE_LOOP('',(#7655));
#1939=EDGE_LOOP('',(#7656));
#1940=EDGE_LOOP('',(#7657));
#1941=EDGE_LOOP('',(#7658));
#1942=EDGE_LOOP('',(#7659));
#1943=EDGE_LOOP('',(#7660,#7661,#7662,#7663));
#1944=EDGE_LOOP('',(#7664,#7665,#7666,#7667));
#1945=EDGE_LOOP('',(#7668,#7669,#7670,#7671));
#1946=EDGE_LOOP('',(#7672,#7673,#7674,#7675));
#1947=EDGE_LOOP('',(#7676,#7677,#7678,#7679));
#1948=EDGE_LOOP('',(#7680,#7681,#7682,#7683));
#1949=EDGE_LOOP('',(#7684,#7685,#7686,#7687));
#1950=EDGE_LOOP('',(#7688,#7689,#7690,#7691));
#1951=EDGE_LOOP('',(#7692,#7693,#7694,#7695));
#1952=EDGE_LOOP('',(#7696,#7697,#7698,#7699));
#1953=EDGE_LOOP('',(#7700,#7701,#7702,#7703,#7704,#7705,#7706,#7707));
#1954=EDGE_LOOP('',(#7708));
#1955=EDGE_LOOP('',(#7709));
#1956=EDGE_LOOP('',(#7710,#7711,#7712,#7713));
#1957=EDGE_LOOP('',(#7714,#7715,#7716,#7717));
#1958=EDGE_LOOP('',(#7718,#7719,#7720,#7721));
#1959=EDGE_LOOP('',(#7722,#7723,#7724,#7725));
#1960=EDGE_LOOP('',(#7726,#7727,#7728,#7729));
#1961=EDGE_LOOP('',(#7730,#7731,#7732,#7733,#7734,#7735,#7736,#7737));
#1962=EDGE_LOOP('',(#7738));
#1963=EDGE_LOOP('',(#7739));
#1964=EDGE_LOOP('',(#7740,#7741,#7742,#7743));
#1965=EDGE_LOOP('',(#7744,#7745,#7746,#7747));
#1966=EDGE_LOOP('',(#7748,#7749,#7750,#7751));
#1967=EDGE_LOOP('',(#7752,#7753,#7754,#7755));
#1968=EDGE_LOOP('',(#7756,#7757,#7758,#7759));
#1969=EDGE_LOOP('',(#7760,#7761,#7762,#7763,#7764,#7765,#7766,#7767));
#1970=EDGE_LOOP('',(#7768));
#1971=EDGE_LOOP('',(#7769));
#1972=EDGE_LOOP('',(#7770,#7771,#7772,#7773));
#1973=EDGE_LOOP('',(#7774,#7775,#7776,#7777));
#1974=EDGE_LOOP('',(#7778,#7779,#7780,#7781));
#1975=EDGE_LOOP('',(#7782,#7783,#7784,#7785));
#1976=EDGE_LOOP('',(#7786,#7787,#7788,#7789));
#1977=EDGE_LOOP('',(#7790,#7791,#7792,#7793,#7794,#7795,#7796,#7797));
#1978=EDGE_LOOP('',(#7798));
#1979=EDGE_LOOP('',(#7799));
#1980=EDGE_LOOP('',(#7800,#7801,#7802,#7803));
#1981=EDGE_LOOP('',(#7804,#7805,#7806,#7807));
#1982=EDGE_LOOP('',(#7808,#7809,#7810,#7811));
#1983=EDGE_LOOP('',(#7812,#7813,#7814,#7815));
#1984=EDGE_LOOP('',(#7816,#7817,#7818,#7819));
#1985=EDGE_LOOP('',(#7820,#7821,#7822,#7823));
#1986=EDGE_LOOP('',(#7824,#7825,#7826,#7827));
#1987=EDGE_LOOP('',(#7828,#7829,#7830,#7831));
#1988=EDGE_LOOP('',(#7832,#7833,#7834,#7835));
#1989=EDGE_LOOP('',(#7836,#7837,#7838,#7839));
#1990=EDGE_LOOP('',(#7840,#7841,#7842,#7843));
#1991=EDGE_LOOP('',(#7844,#7845,#7846,#7847));
#1992=EDGE_LOOP('',(#7848));
#1993=EDGE_LOOP('',(#7849));
#1994=EDGE_LOOP('',(#7850));
#1995=EDGE_LOOP('',(#7851));
#1996=EDGE_LOOP('',(#7852));
#1997=EDGE_LOOP('',(#7853));
#1998=EDGE_LOOP('',(#7854));
#1999=EDGE_LOOP('',(#7855,#7856,#7857,#7858));
#2000=EDGE_LOOP('',(#7859));
#2001=EDGE_LOOP('',(#7860));
#2002=EDGE_LOOP('',(#7861));
#2003=EDGE_LOOP('',(#7862));
#2004=EDGE_LOOP('',(#7863));
#2005=EDGE_LOOP('',(#7864));
#2006=EDGE_LOOP('',(#7865));
#2007=EDGE_LOOP('',(#7866,#7867));
#2008=EDGE_LOOP('',(#7868,#7869));
#2009=EDGE_LOOP('',(#7870,#7871,#7872,#7873));
#2010=EDGE_LOOP('',(#7874));
#2011=EDGE_LOOP('',(#7875));
#2012=EDGE_LOOP('',(#7876,#7877,#7878,#7879));
#2013=EDGE_LOOP('',(#7880,#7881));
#2014=EDGE_LOOP('',(#7882,#7883,#7884,#7885));
#2015=EDGE_LOOP('',(#7886,#7887,#7888));
#2016=EDGE_LOOP('',(#7889,#7890,#7891,#7892));
#2017=EDGE_LOOP('',(#7893,#7894,#7895,#7896));
#2018=EDGE_LOOP('',(#7897,#7898,#7899,#7900));
#2019=EDGE_LOOP('',(#7901,#7902,#7903,#7904));
#2020=EDGE_LOOP('',(#7905));
#2021=EDGE_LOOP('',(#7906));
#2022=EDGE_LOOP('',(#7907,#7908,#7909,#7910));
#2023=EDGE_LOOP('',(#7911,#7912,#7913));
#2024=EDGE_LOOP('',(#7914,#7915,#7916));
#2025=EDGE_LOOP('',(#7917,#7918,#7919));
#2026=EDGE_LOOP('',(#7920,#7921));
#2027=EDGE_LOOP('',(#7922,#7923));
#2028=EDGE_LOOP('',(#7924,#7925,#7926,#7927));
#2029=EDGE_LOOP('',(#7928,#7929));
#2030=EDGE_LOOP('',(#7930,#7931,#7932,#7933));
#2031=EDGE_LOOP('',(#7934));
#2032=EDGE_LOOP('',(#7935));
#2033=EDGE_LOOP('',(#7936,#7937,#7938,#7939));
#2034=EDGE_LOOP('',(#7940,#7941,#7942));
#2035=EDGE_LOOP('',(#7943,#7944,#7945,#7946));
#2036=EDGE_LOOP('',(#7947,#7948,#7949,#7950));
#2037=EDGE_LOOP('',(#7951,#7952,#7953,#7954));
#2038=EDGE_LOOP('',(#7955));
#2039=EDGE_LOOP('',(#7956));
#2040=EDGE_LOOP('',(#7957,#7958,#7959,#7960));
#2041=EDGE_LOOP('',(#7961,#7962,#7963,#7964));
#2042=EDGE_LOOP('',(#7965,#7966,#7967));
#2043=EDGE_LOOP('',(#7968,#7969,#7970));
#2044=EDGE_LOOP('',(#7971,#7972,#7973));
#2045=EDGE_LOOP('',(#7974,#7975,#7976,#7977,#7978,#7979,#7980));
#2046=EDGE_LOOP('',(#7981,#7982,#7983,#7984));
#2047=EDGE_LOOP('',(#7985));
#2048=EDGE_LOOP('',(#7986,#7987,#7988,#7989));
#2049=EDGE_LOOP('',(#7990));
#2050=EDGE_LOOP('',(#7991,#7992,#7993,#7994,#7995,#7996,#7997,#7998,#7999));
#2051=EDGE_LOOP('',(#8000,#8001));
#2052=EDGE_LOOP('',(#8002));
#2053=EDGE_LOOP('',(#8003));
#2054=EDGE_LOOP('',(#8004));
#2055=EDGE_LOOP('',(#8005));
#2056=EDGE_LOOP('',(#8006,#8007,#8008,#8009));
#2057=EDGE_LOOP('',(#8010,#8011,#8012,#8013));
#2058=EDGE_LOOP('',(#8014,#8015,#8016,#8017,#8018,#8019,#8020));
#2059=EDGE_LOOP('',(#8021,#8022,#8023,#8024));
#2060=EDGE_LOOP('',(#8025));
#2061=EDGE_LOOP('',(#8026,#8027,#8028,#8029));
#2062=EDGE_LOOP('',(#8030));
#2063=EDGE_LOOP('',(#8031,#8032,#8033,#8034,#8035,#8036,#8037,#8038,#8039));
#2064=EDGE_LOOP('',(#8040));
#2065=EDGE_LOOP('',(#8041));
#2066=EDGE_LOOP('',(#8042));
#2067=EDGE_LOOP('',(#8043));
#2068=EDGE_LOOP('',(#8044,#8045));
#2069=EDGE_LOOP('',(#8046));
#2070=EDGE_LOOP('',(#8047));
#2071=EDGE_LOOP('',(#8048));
#2072=EDGE_LOOP('',(#8049));
#2073=EDGE_LOOP('',(#8050,#8051,#8052,#8053,#8054,#8055,#8056));
#2074=EDGE_LOOP('',(#8057,#8058,#8059,#8060));
#2075=EDGE_LOOP('',(#8061));
#2076=EDGE_LOOP('',(#8062,#8063,#8064,#8065));
#2077=EDGE_LOOP('',(#8066));
#2078=EDGE_LOOP('',(#8067,#8068,#8069,#8070,#8071,#8072,#8073,#8074,#8075));
#2079=EDGE_LOOP('',(#8076,#8077));
#2080=EDGE_LOOP('',(#8078));
#2081=EDGE_LOOP('',(#8079));
#2082=EDGE_LOOP('',(#8080));
#2083=EDGE_LOOP('',(#8081));
#2084=EDGE_LOOP('',(#8082,#8083,#8084,#8085,#8086,#8087,#8088));
#2085=EDGE_LOOP('',(#8089,#8090,#8091,#8092));
#2086=EDGE_LOOP('',(#8093));
#2087=EDGE_LOOP('',(#8094,#8095,#8096,#8097));
#2088=EDGE_LOOP('',(#8098));
#2089=EDGE_LOOP('',(#8099,#8100,#8101,#8102,#8103,#8104,#8105,#8106,#8107));
#2090=EDGE_LOOP('',(#8108,#8109));
#2091=EDGE_LOOP('',(#8110));
#2092=EDGE_LOOP('',(#8111));
#2093=EDGE_LOOP('',(#8112));
#2094=EDGE_LOOP('',(#8113));
#2095=EDGE_LOOP('',(#8114,#8115,#8116,#8117));
#2096=EDGE_LOOP('',(#8118));
#2097=EDGE_LOOP('',(#8119));
#2098=EDGE_LOOP('',(#8120,#8121,#8122,#8123));
#2099=EDGE_LOOP('',(#8124));
#2100=EDGE_LOOP('',(#8125));
#2101=EDGE_LOOP('',(#8126,#8127,#8128,#8129));
#2102=EDGE_LOOP('',(#8130,#8131,#8132,#8133));
#2103=EDGE_LOOP('',(#8134,#8135,#8136,#8137));
#2104=EDGE_LOOP('',(#8138,#8139,#8140,#8141));
#2105=EDGE_LOOP('',(#8142,#8143,#8144,#8145));
#2106=EDGE_LOOP('',(#8146,#8147,#8148,#8149));
#2107=EDGE_LOOP('',(#8150,#8151,#8152,#8153));
#2108=EDGE_LOOP('',(#8154));
#2109=EDGE_LOOP('',(#8155));
#2110=EDGE_LOOP('',(#8156,#8157,#8158,#8159));
#2111=EDGE_LOOP('',(#8160));
#2112=EDGE_LOOP('',(#8161));
#2113=EDGE_LOOP('',(#8162,#8163,#8164,#8165));
#2114=EDGE_LOOP('',(#8166));
#2115=EDGE_LOOP('',(#8167));
#2116=EDGE_LOOP('',(#8168,#8169,#8170,#8171));
#2117=EDGE_LOOP('',(#8172,#8173,#8174,#8175));
#2118=EDGE_LOOP('',(#8176,#8177,#8178,#8179));
#2119=EDGE_LOOP('',(#8180,#8181,#8182,#8183));
#2120=EDGE_LOOP('',(#8184,#8185,#8186,#8187));
#2121=EDGE_LOOP('',(#8188,#8189,#8190,#8191));
#2122=EDGE_LOOP('',(#8192,#8193,#8194,#8195));
#2123=EDGE_LOOP('',(#8196));
#2124=EDGE_LOOP('',(#8197));
#2125=EDGE_LOOP('',(#8198,#8199,#8200,#8201));
#2126=EDGE_LOOP('',(#8202));
#2127=EDGE_LOOP('',(#8203));
#2128=EDGE_LOOP('',(#8204,#8205,#8206,#8207));
#2129=EDGE_LOOP('',(#8208));
#2130=EDGE_LOOP('',(#8209));
#2131=EDGE_LOOP('',(#8210,#8211,#8212,#8213));
#2132=EDGE_LOOP('',(#8214,#8215,#8216,#8217));
#2133=EDGE_LOOP('',(#8218,#8219,#8220,#8221));
#2134=EDGE_LOOP('',(#8222,#8223,#8224,#8225));
#2135=EDGE_LOOP('',(#8226,#8227,#8228,#8229));
#2136=EDGE_LOOP('',(#8230,#8231,#8232,#8233));
#2137=EDGE_LOOP('',(#8234,#8235,#8236,#8237));
#2138=EDGE_LOOP('',(#8238,#8239,#8240,#8241));
#2139=EDGE_LOOP('',(#8242,#8243,#8244,#8245));
#2140=EDGE_LOOP('',(#8246,#8247,#8248,#8249));
#2141=EDGE_LOOP('',(#8250,#8251,#8252,#8253));
#2142=EDGE_LOOP('',(#8254,#8255,#8256,#8257));
#2143=EDGE_LOOP('',(#8258,#8259,#8260,#8261));
#2144=EDGE_LOOP('',(#8262,#8263,#8264,#8265));
#2145=EDGE_LOOP('',(#8266,#8267,#8268,#8269));
#2146=EDGE_LOOP('',(#8270,#8271,#8272,#8273));
#2147=EDGE_LOOP('',(#8274,#8275,#8276,#8277));
#2148=EDGE_LOOP('',(#8278));
#2149=EDGE_LOOP('',(#8279,#8280,#8281,#8282));
#2150=EDGE_LOOP('',(#8283));
#2151=EDGE_LOOP('',(#8284,#8285,#8286,#8287));
#2152=EDGE_LOOP('',(#8288));
#2153=EDGE_LOOP('',(#8289,#8290,#8291,#8292));
#2154=EDGE_LOOP('',(#8293));
#2155=EDGE_LOOP('',(#8294,#8295,#8296,#8297));
#2156=EDGE_LOOP('',(#8298));
#2157=EDGE_LOOP('',(#8299,#8300,#8301,#8302));
#2158=EDGE_LOOP('',(#8303));
#2159=EDGE_LOOP('',(#8304,#8305,#8306,#8307));
#2160=EDGE_LOOP('',(#8308,#8309,#8310,#8311));
#2161=EDGE_LOOP('',(#8312,#8313,#8314,#8315));
#2162=EDGE_LOOP('',(#8316,#8317,#8318,#8319));
#2163=EDGE_LOOP('',(#8320,#8321,#8322,#8323));
#2164=EDGE_LOOP('',(#8324,#8325,#8326,#8327));
#2165=EDGE_LOOP('',(#8328,#8329,#8330,#8331));
#2166=EDGE_LOOP('',(#8332,#8333,#8334,#8335,#8336,#8337,#8338,#8339));
#2167=EDGE_LOOP('',(#8340,#8341,#8342,#8343));
#2168=EDGE_LOOP('',(#8344));
#2169=EDGE_LOOP('',(#8345,#8346,#8347,#8348));
#2170=EDGE_LOOP('',(#8349,#8350,#8351,#8352));
#2171=EDGE_LOOP('',(#8353,#8354,#8355,#8356));
#2172=EDGE_LOOP('',(#8357,#8358,#8359,#8360));
#2173=EDGE_LOOP('',(#8361,#8362,#8363,#8364));
#2174=EDGE_LOOP('',(#8365,#8366,#8367,#8368));
#2175=EDGE_LOOP('',(#8369,#8370,#8371,#8372,#8373,#8374,#8375,#8376));
#2176=EDGE_LOOP('',(#8377,#8378,#8379,#8380));
#2177=EDGE_LOOP('',(#8381));
#2178=EDGE_LOOP('',(#8382,#8383,#8384,#8385));
#2179=EDGE_LOOP('',(#8386));
#2180=EDGE_LOOP('',(#8387));
#2181=EDGE_LOOP('',(#8388));
#2182=EDGE_LOOP('',(#8389));
#2183=EDGE_LOOP('',(#8390,#8391,#8392,#8393));
#2184=EDGE_LOOP('',(#8394,#8395,#8396,#8397));
#2185=EDGE_LOOP('',(#8398,#8399,#8400,#8401));
#2186=EDGE_LOOP('',(#8402,#8403,#8404,#8405));
#2187=EDGE_LOOP('',(#8406,#8407,#8408,#8409));
#2188=EDGE_LOOP('',(#8410,#8411,#8412,#8413));
#2189=EDGE_LOOP('',(#8414,#8415,#8416,#8417));
#2190=EDGE_LOOP('',(#8418));
#2191=EDGE_LOOP('',(#8419));
#2192=EDGE_LOOP('',(#8420,#8421,#8422,#8423));
#2193=EDGE_LOOP('',(#8424));
#2194=EDGE_LOOP('',(#8425));
#2195=EDGE_LOOP('',(#8426,#8427,#8428,#8429));
#2196=EDGE_LOOP('',(#8430,#8431,#8432,#8433));
#2197=EDGE_LOOP('',(#8434,#8435,#8436,#8437));
#2198=EDGE_LOOP('',(#8438,#8439,#8440,#8441));
#2199=EDGE_LOOP('',(#8442,#8443,#8444,#8445));
#2200=EDGE_LOOP('',(#8446,#8447,#8448,#8449));
#2201=EDGE_LOOP('',(#8450,#8451,#8452,#8453));
#2202=EDGE_LOOP('',(#8454,#8455,#8456,#8457));
#2203=EDGE_LOOP('',(#8458,#8459,#8460,#8461));
#2204=EDGE_LOOP('',(#8462,#8463,#8464,#8465));
#2205=EDGE_LOOP('',(#8466,#8467,#8468,#8469));
#2206=EDGE_LOOP('',(#8470,#8471,#8472,#8473));
#2207=EDGE_LOOP('',(#8474,#8475,#8476,#8477));
#2208=EDGE_LOOP('',(#8478,#8479,#8480,#8481));
#2209=EDGE_LOOP('',(#8482,#8483,#8484,#8485));
#2210=EDGE_LOOP('',(#8486,#8487,#8488,#8489));
#2211=EDGE_LOOP('',(#8490,#8491,#8492,#8493));
#2212=EDGE_LOOP('',(#8494));
#2213=EDGE_LOOP('',(#8495,#8496,#8497,#8498));
#2214=EDGE_LOOP('',(#8499));
#2215=EDGE_LOOP('',(#8500,#8501,#8502,#8503));
#2216=EDGE_LOOP('',(#8504));
#2217=EDGE_LOOP('',(#8505,#8506,#8507,#8508));
#2218=EDGE_LOOP('',(#8509));
#2219=EDGE_LOOP('',(#8510,#8511,#8512,#8513));
#2220=EDGE_LOOP('',(#8514));
#2221=EDGE_LOOP('',(#8515,#8516,#8517,#8518));
#2222=EDGE_LOOP('',(#8519));
#2223=EDGE_LOOP('',(#8520,#8521,#8522,#8523));
#2224=EDGE_LOOP('',(#8524,#8525,#8526,#8527));
#2225=EDGE_LOOP('',(#8528,#8529,#8530,#8531));
#2226=EDGE_LOOP('',(#8532,#8533,#8534,#8535));
#2227=EDGE_LOOP('',(#8536,#8537,#8538,#8539));
#2228=EDGE_LOOP('',(#8540,#8541,#8542,#8543));
#2229=EDGE_LOOP('',(#8544,#8545,#8546,#8547));
#2230=EDGE_LOOP('',(#8548,#8549,#8550,#8551,#8552,#8553,#8554,#8555));
#2231=EDGE_LOOP('',(#8556,#8557,#8558,#8559));
#2232=EDGE_LOOP('',(#8560));
#2233=EDGE_LOOP('',(#8561,#8562,#8563,#8564));
#2234=EDGE_LOOP('',(#8565,#8566,#8567,#8568));
#2235=EDGE_LOOP('',(#8569,#8570,#8571,#8572));
#2236=EDGE_LOOP('',(#8573,#8574,#8575,#8576));
#2237=EDGE_LOOP('',(#8577,#8578,#8579,#8580));
#2238=EDGE_LOOP('',(#8581,#8582,#8583,#8584));
#2239=EDGE_LOOP('',(#8585,#8586,#8587,#8588,#8589,#8590,#8591,#8592));
#2240=EDGE_LOOP('',(#8593,#8594,#8595,#8596));
#2241=EDGE_LOOP('',(#8597));
#2242=EDGE_LOOP('',(#8598,#8599,#8600,#8601));
#2243=EDGE_LOOP('',(#8602));
#2244=EDGE_LOOP('',(#8603));
#2245=EDGE_LOOP('',(#8604));
#2246=EDGE_LOOP('',(#8605));
#2247=EDGE_LOOP('',(#8606,#8607,#8608,#8609));
#2248=EDGE_LOOP('',(#8610,#8611,#8612,#8613));
#2249=EDGE_LOOP('',(#8614,#8615,#8616,#8617));
#2250=EDGE_LOOP('',(#8618,#8619,#8620,#8621));
#2251=EDGE_LOOP('',(#8622,#8623,#8624,#8625));
#2252=EDGE_LOOP('',(#8626,#8627,#8628,#8629));
#2253=EDGE_LOOP('',(#8630,#8631,#8632,#8633));
#2254=EDGE_LOOP('',(#8634));
#2255=EDGE_LOOP('',(#8635));
#2256=EDGE_LOOP('',(#8636,#8637,#8638,#8639));
#2257=EDGE_LOOP('',(#8640));
#2258=EDGE_LOOP('',(#8641));
#2259=EDGE_LOOP('',(#8642,#8643,#8644,#8645));
#2260=EDGE_LOOP('',(#8646));
#2261=EDGE_LOOP('',(#8647));
#2262=EDGE_LOOP('',(#8648,#8649,#8650,#8651));
#2263=EDGE_LOOP('',(#8652,#8653,#8654,#8655));
#2264=EDGE_LOOP('',(#8656));
#2265=EDGE_LOOP('',(#8657));
#2266=EDGE_LOOP('',(#8658));
#2267=EDGE_LOOP('',(#8659));
#2268=EDGE_LOOP('',(#8660,#8661,#8662,#8663));
#2269=EDGE_LOOP('',(#8664,#8665,#8666,#8667));
#2270=EDGE_LOOP('',(#8668));
#2271=EDGE_LOOP('',(#8669));
#2272=EDGE_LOOP('',(#8670));
#2273=EDGE_LOOP('',(#8671));
#2274=EDGE_LOOP('',(#8672,#8673,#8674,#8675));
#2275=EDGE_LOOP('',(#8676));
#2276=EDGE_LOOP('',(#8677));
#2277=EDGE_LOOP('',(#8678,#8679,#8680,#8681));
#2278=EDGE_LOOP('',(#8682,#8683,#8684,#8685));
#2279=EDGE_LOOP('',(#8686,#8687,#8688,#8689));
#2280=EDGE_LOOP('',(#8690,#8691,#8692,#8693));
#2281=EDGE_LOOP('',(#8694,#8695,#8696,#8697));
#2282=EDGE_LOOP('',(#8698));
#2283=EDGE_LOOP('',(#8699,#8700,#8701,#8702));
#2284=EDGE_LOOP('',(#8703));
#2285=EDGE_LOOP('',(#8704,#8705,#8706,#8707));
#2286=EDGE_LOOP('',(#8708));
#2287=EDGE_LOOP('',(#8709,#8710,#8711,#8712));
#2288=EDGE_LOOP('',(#8713));
#2289=EDGE_LOOP('',(#8714,#8715,#8716,#8717));
#2290=EDGE_LOOP('',(#8718,#8719,#8720,#8721,#8722,#8723));
#2291=EDGE_LOOP('',(#8724,#8725,#8726,#8727));
#2292=EDGE_LOOP('',(#8728,#8729,#8730,#8731));
#2293=EDGE_LOOP('',(#8732,#8733,#8734,#8735));
#2294=EDGE_LOOP('',(#8736,#8737,#8738,#8739));
#2295=EDGE_LOOP('',(#8740,#8741,#8742,#8743));
#2296=EDGE_LOOP('',(#8744,#8745,#8746,#8747,#8748,#8749));
#2297=EDGE_LOOP('',(#8750,#8751,#8752,#8753));
#2298=EDGE_LOOP('',(#8754,#8755,#8756,#8757));
#2299=EDGE_LOOP('',(#8758));
#2300=EDGE_LOOP('',(#8759));
#2301=EDGE_LOOP('',(#8760));
#2302=EDGE_LOOP('',(#8761));
#2303=EDGE_LOOP('',(#8762,#8763,#8764,#8765));
#2304=EDGE_LOOP('',(#8766,#8767,#8768,#8769));
#2305=EDGE_LOOP('',(#8770));
#2306=EDGE_LOOP('',(#8771));
#2307=EDGE_LOOP('',(#8772));
#2308=EDGE_LOOP('',(#8773));
#2309=EDGE_LOOP('',(#8774,#8775,#8776,#8777));
#2310=EDGE_LOOP('',(#8778,#8779,#8780,#8781));
#2311=EDGE_LOOP('',(#8782));
#2312=EDGE_LOOP('',(#8783));
#2313=EDGE_LOOP('',(#8784));
#2314=EDGE_LOOP('',(#8785));
#2315=EDGE_LOOP('',(#8786,#8787,#8788,#8789));
#2316=EDGE_LOOP('',(#8790,#8791,#8792,#8793));
#2317=EDGE_LOOP('',(#8794,#8795,#8796,#8797));
#2318=EDGE_LOOP('',(#8798,#8799,#8800,#8801));
#2319=EDGE_LOOP('',(#8802,#8803,#8804,#8805));
#2320=EDGE_LOOP('',(#8806,#8807,#8808,#8809));
#2321=EDGE_LOOP('',(#8810,#8811,#8812,#8813));
#2322=EDGE_LOOP('',(#8814,#8815,#8816,#8817));
#2323=EDGE_LOOP('',(#8818,#8819,#8820,#8821));
#2324=EDGE_LOOP('',(#8822,#8823,#8824,#8825));
#2325=EDGE_LOOP('',(#8826));
#2326=EDGE_LOOP('',(#8827,#8828,#8829,#8830));
#2327=EDGE_LOOP('',(#8831,#8832,#8833,#8834));
#2328=EDGE_LOOP('',(#8835));
#2329=EDGE_LOOP('',(#8836,#8837,#8838,#8839));
#2330=EDGE_LOOP('',(#8840,#8841,#8842,#8843));
#2331=EDGE_LOOP('',(#8844));
#2332=EDGE_LOOP('',(#8845,#8846,#8847,#8848));
#2333=EDGE_LOOP('',(#8849,#8850,#8851,#8852));
#2334=EDGE_LOOP('',(#8853));
#2335=EDGE_LOOP('',(#8854,#8855,#8856,#8857));
#2336=EDGE_LOOP('',(#8858,#8859,#8860,#8861));
#2337=EDGE_LOOP('',(#8862,#8863,#8864,#8865));
#2338=EDGE_LOOP('',(#8866,#8867,#8868,#8869));
#2339=EDGE_LOOP('',(#8870,#8871,#8872,#8873));
#2340=EDGE_LOOP('',(#8874,#8875,#8876,#8877));
#2341=EDGE_LOOP('',(#8878,#8879,#8880,#8881));
#2342=EDGE_LOOP('',(#8882,#8883,#8884,#8885));
#2343=EDGE_LOOP('',(#8886,#8887,#8888,#8889));
#2344=EDGE_LOOP('',(#8890,#8891,#8892,#8893));
#2345=EDGE_LOOP('',(#8894,#8895,#8896,#8897));
#2346=EDGE_LOOP('',(#8898,#8899,#8900,#8901));
#2347=EDGE_LOOP('',(#8902,#8903,#8904,#8905));
#2348=EDGE_LOOP('',(#8906,#8907,#8908,#8909));
#2349=EDGE_LOOP('',(#8910,#8911,#8912,#8913));
#2350=EDGE_LOOP('',(#8914,#8915,#8916,#8917));
#2351=EDGE_LOOP('',(#8918,#8919,#8920,#8921));
#2352=EDGE_LOOP('',(#8922,#8923,#8924,#8925));
#2353=EDGE_LOOP('',(#8926,#8927,#8928,#8929));
#2354=EDGE_LOOP('',(#8930,#8931,#8932,#8933));
#2355=EDGE_LOOP('',(#8934,#8935,#8936,#8937));
#2356=EDGE_LOOP('',(#8938,#8939,#8940,#8941));
#2357=EDGE_LOOP('',(#8942,#8943,#8944,#8945));
#2358=EDGE_LOOP('',(#8946,#8947,#8948,#8949));
#2359=EDGE_LOOP('',(#8950,#8951,#8952,#8953));
#2360=EDGE_LOOP('',(#8954,#8955,#8956,#8957));
#2361=EDGE_LOOP('',(#8958,#8959,#8960,#8961));
#2362=EDGE_LOOP('',(#8962,#8963,#8964,#8965));
#2363=EDGE_LOOP('',(#8966,#8967,#8968,#8969));
#2364=EDGE_LOOP('',(#8970,#8971,#8972,#8973));
#2365=EDGE_LOOP('',(#8974,#8975,#8976,#8977));
#2366=EDGE_LOOP('',(#8978,#8979,#8980,#8981));
#2367=EDGE_LOOP('',(#8982,#8983,#8984,#8985));
#2368=EDGE_LOOP('',(#8986,#8987,#8988,#8989));
#2369=EDGE_LOOP('',(#8990,#8991,#8992,#8993));
#2370=EDGE_LOOP('',(#8994,#8995,#8996,#8997));
#2371=EDGE_LOOP('',(#8998,#8999,#9000,#9001));
#2372=EDGE_LOOP('',(#9002,#9003,#9004,#9005));
#2373=EDGE_LOOP('',(#9006,#9007,#9008,#9009));
#2374=EDGE_LOOP('',(#9010,#9011,#9012,#9013));
#2375=EDGE_LOOP('',(#9014,#9015,#9016,#9017));
#2376=EDGE_LOOP('',(#9018,#9019,#9020,#9021));
#2377=EDGE_LOOP('',(#9022,#9023,#9024,#9025));
#2378=EDGE_LOOP('',(#9026));
#2379=EDGE_LOOP('',(#9027));
#2380=EDGE_LOOP('',(#9028));
#2381=EDGE_LOOP('',(#9029));
#2382=EDGE_LOOP('',(#9030,#9031,#9032,#9033));
#2383=EDGE_LOOP('',(#9034));
#2384=EDGE_LOOP('',(#9035));
#2385=EDGE_LOOP('',(#9036));
#2386=EDGE_LOOP('',(#9037));
#2387=EDGE_LOOP('',(#9038,#9039,#9040,#9041));
#2388=EDGE_LOOP('',(#9042,#9043,#9044,#9045));
#2389=EDGE_LOOP('',(#9046,#9047,#9048,#9049));
#2390=EDGE_LOOP('',(#9050,#9051,#9052,#9053));
#2391=EDGE_LOOP('',(#9054,#9055,#9056,#9057));
#2392=EDGE_LOOP('',(#9058,#9059,#9060,#9061));
#2393=EDGE_LOOP('',(#9062,#9063,#9064,#9065));
#2394=EDGE_LOOP('',(#9066,#9067,#9068,#9069));
#2395=EDGE_LOOP('',(#9070,#9071,#9072,#9073));
#2396=EDGE_LOOP('',(#9074,#9075,#9076,#9077));
#2397=EDGE_LOOP('',(#9078,#9079,#9080,#9081));
#2398=EDGE_LOOP('',(#9082,#9083,#9084,#9085));
#2399=EDGE_LOOP('',(#9086,#9087,#9088,#9089));
#2400=EDGE_LOOP('',(#9090,#9091,#9092,#9093));
#2401=EDGE_LOOP('',(#9094,#9095,#9096,#9097));
#2402=EDGE_LOOP('',(#9098,#9099,#9100,#9101));
#2403=EDGE_LOOP('',(#9102,#9103,#9104,#9105));
#2404=EDGE_LOOP('',(#9106,#9107,#9108,#9109));
#2405=EDGE_LOOP('',(#9110,#9111,#9112,#9113));
#2406=EDGE_LOOP('',(#9114,#9115,#9116,#9117));
#2407=EDGE_LOOP('',(#9118,#9119,#9120,#9121));
#2408=EDGE_LOOP('',(#9122,#9123,#9124,#9125));
#2409=EDGE_LOOP('',(#9126,#9127,#9128,#9129));
#2410=EDGE_LOOP('',(#9130,#9131,#9132,#9133));
#2411=EDGE_LOOP('',(#9134,#9135,#9136,#9137));
#2412=EDGE_LOOP('',(#9138));
#2413=EDGE_LOOP('',(#9139));
#2414=EDGE_LOOP('',(#9140,#9141,#9142,#9143));
#2415=EDGE_LOOP('',(#9144));
#2416=EDGE_LOOP('',(#9145));
#2417=EDGE_LOOP('',(#9146,#9147,#9148,#9149));
#2418=EDGE_LOOP('',(#9150,#9151,#9152,#9153));
#2419=EDGE_LOOP('',(#9154,#9155,#9156,#9157));
#2420=EDGE_LOOP('',(#9158,#9159,#9160,#9161));
#2421=EDGE_LOOP('',(#9162,#9163,#9164,#9165));
#2422=EDGE_LOOP('',(#9166));
#2423=EDGE_LOOP('',(#9167));
#2424=EDGE_LOOP('',(#9168));
#2425=EDGE_LOOP('',(#9169));
#2426=EDGE_LOOP('',(#9170,#9171,#9172,#9173));
#2427=EDGE_LOOP('',(#9174,#9175,#9176,#9177));
#2428=EDGE_LOOP('',(#9178));
#2429=EDGE_LOOP('',(#9179));
#2430=EDGE_LOOP('',(#9180));
#2431=EDGE_LOOP('',(#9181));
#2432=EDGE_LOOP('',(#9182,#9183,#9184,#9185));
#2433=EDGE_LOOP('',(#9186,#9187,#9188,#9189));
#2434=EDGE_LOOP('',(#9190,#9191,#9192,#9193));
#2435=EDGE_LOOP('',(#9194,#9195,#9196,#9197));
#2436=EDGE_LOOP('',(#9198,#9199,#9200,#9201));
#2437=EDGE_LOOP('',(#9202,#9203,#9204,#9205));
#2438=EDGE_LOOP('',(#9206,#9207,#9208,#9209));
#2439=EDGE_LOOP('',(#9210,#9211,#9212,#9213));
#2440=EDGE_LOOP('',(#9214,#9215,#9216,#9217));
#2441=EDGE_LOOP('',(#9218,#9219,#9220,#9221));
#2442=EDGE_LOOP('',(#9222,#9223,#9224,#9225));
#2443=EDGE_LOOP('',(#9226,#9227,#9228,#9229));
#2444=EDGE_LOOP('',(#9230,#9231,#9232,#9233));
#2445=EDGE_LOOP('',(#9234,#9235,#9236,#9237));
#2446=EDGE_LOOP('',(#9238,#9239,#9240,#9241));
#2447=EDGE_LOOP('',(#9242,#9243,#9244,#9245));
#2448=EDGE_LOOP('',(#9246,#9247,#9248,#9249));
#2449=EDGE_LOOP('',(#9250,#9251,#9252,#9253));
#2450=EDGE_LOOP('',(#9254,#9255,#9256,#9257));
#2451=EDGE_LOOP('',(#9258,#9259,#9260,#9261));
#2452=EDGE_LOOP('',(#9262,#9263,#9264,#9265));
#2453=EDGE_LOOP('',(#9266,#9267,#9268,#9269));
#2454=EDGE_LOOP('',(#9270));
#2455=EDGE_LOOP('',(#9271));
#2456=EDGE_LOOP('',(#9272));
#2457=EDGE_LOOP('',(#9273));
#2458=EDGE_LOOP('',(#9274,#9275,#9276,#9277));
#2459=EDGE_LOOP('',(#9278,#9279,#9280,#9281));
#2460=EDGE_LOOP('',(#9282,#9283,#9284,#9285));
#2461=EDGE_LOOP('',(#9286));
#2462=EDGE_LOOP('',(#9287));
#2463=EDGE_LOOP('',(#9288));
#2464=EDGE_LOOP('',(#9289));
#2465=EDGE_LOOP('',(#9290,#9291,#9292,#9293));
#2466=EDGE_LOOP('',(#9294,#9295,#9296,#9297));
#2467=EDGE_LOOP('',(#9298,#9299,#9300,#9301));
#2468=EDGE_LOOP('',(#9302,#9303,#9304,#9305));
#2469=EDGE_LOOP('',(#9306,#9307,#9308,#9309));
#2470=EDGE_LOOP('',(#9310,#9311,#9312,#9313));
#2471=EDGE_LOOP('',(#9314,#9315,#9316,#9317));
#2472=EDGE_LOOP('',(#9318,#9319,#9320,#9321));
#2473=EDGE_LOOP('',(#9322,#9323,#9324,#9325));
#2474=EDGE_LOOP('',(#9326,#9327,#9328,#9329));
#2475=EDGE_LOOP('',(#9330,#9331,#9332,#9333));
#2476=EDGE_LOOP('',(#9334,#9335,#9336,#9337));
#2477=EDGE_LOOP('',(#9338,#9339,#9340,#9341));
#2478=EDGE_LOOP('',(#9342));
#2479=EDGE_LOOP('',(#9343,#9344,#9345,#9346));
#2480=EDGE_LOOP('',(#9347));
#2481=EDGE_LOOP('',(#9348,#9349,#9350,#9351));
#2482=EDGE_LOOP('',(#9352));
#2483=EDGE_LOOP('',(#9353));
#2484=EDGE_LOOP('',(#9354));
#2485=EDGE_LOOP('',(#9355));
#2486=EDGE_LOOP('',(#9356,#9357,#9358,#9359));
#2487=EDGE_LOOP('',(#9360));
#2488=EDGE_LOOP('',(#9361,#9362,#9363,#9364));
#2489=EDGE_LOOP('',(#9365));
#2490=EDGE_LOOP('',(#9366,#9367,#9368,#9369));
#2491=EDGE_LOOP('',(#9370));
#2492=EDGE_LOOP('',(#9371));
#2493=EDGE_LOOP('',(#9372));
#2494=EDGE_LOOP('',(#9373));
#2495=EDGE_LOOP('',(#9374,#9375,#9376,#9377));
#2496=EDGE_LOOP('',(#9378));
#2497=EDGE_LOOP('',(#9379,#9380,#9381,#9382));
#2498=EDGE_LOOP('',(#9383));
#2499=EDGE_LOOP('',(#9384,#9385,#9386,#9387));
#2500=EDGE_LOOP('',(#9388));
#2501=EDGE_LOOP('',(#9389));
#2502=EDGE_LOOP('',(#9390));
#2503=EDGE_LOOP('',(#9391));
#2504=EDGE_LOOP('',(#9392,#9393,#9394,#9395));
#2505=EDGE_LOOP('',(#9396));
#2506=EDGE_LOOP('',(#9397,#9398,#9399,#9400));
#2507=EDGE_LOOP('',(#9401));
#2508=EDGE_LOOP('',(#9402,#9403,#9404,#9405));
#2509=EDGE_LOOP('',(#9406));
#2510=EDGE_LOOP('',(#9407));
#2511=EDGE_LOOP('',(#9408));
#2512=EDGE_LOOP('',(#9409));
#2513=EDGE_LOOP('',(#9410,#9411,#9412,#9413));
#2514=EDGE_LOOP('',(#9414));
#2515=EDGE_LOOP('',(#9415,#9416,#9417,#9418));
#2516=EDGE_LOOP('',(#9419));
#2517=EDGE_LOOP('',(#9420,#9421,#9422,#9423));
#2518=EDGE_LOOP('',(#9424));
#2519=EDGE_LOOP('',(#9425));
#2520=EDGE_LOOP('',(#9426));
#2521=EDGE_LOOP('',(#9427));
#2522=EDGE_LOOP('',(#9428,#9429,#9430,#9431));
#2523=EDGE_LOOP('',(#9432));
#2524=EDGE_LOOP('',(#9433,#9434,#9435,#9436));
#2525=EDGE_LOOP('',(#9437));
#2526=EDGE_LOOP('',(#9438,#9439,#9440,#9441));
#2527=EDGE_LOOP('',(#9442));
#2528=EDGE_LOOP('',(#9443));
#2529=EDGE_LOOP('',(#9444));
#2530=EDGE_LOOP('',(#9445));
#2531=EDGE_LOOP('',(#9446,#9447,#9448,#9449));
#2532=EDGE_LOOP('',(#9450,#9451,#9452,#9453));
#2533=EDGE_LOOP('',(#9454,#9455,#9456,#9457));
#2534=EDGE_LOOP('',(#9458,#9459,#9460,#9461));
#2535=EDGE_LOOP('',(#9462,#9463,#9464,#9465));
#2536=EDGE_LOOP('',(#9466,#9467,#9468,#9469,#9470,#9471,#9472,#9473));
#2537=EDGE_LOOP('',(#9474,#9475,#9476,#9477));
#2538=EDGE_LOOP('',(#9478));
#2539=EDGE_LOOP('',(#9479,#9480,#9481,#9482));
#2540=EDGE_LOOP('',(#9483,#9484,#9485,#9486));
#2541=EDGE_LOOP('',(#9487,#9488,#9489,#9490));
#2542=EDGE_LOOP('',(#9491,#9492,#9493,#9494));
#2543=EDGE_LOOP('',(#9495,#9496,#9497,#9498));
#2544=EDGE_LOOP('',(#9499));
#2545=EDGE_LOOP('',(#9500));
#2546=EDGE_LOOP('',(#9501,#9502,#9503,#9504));
#2547=EDGE_LOOP('',(#9505,#9506,#9507,#9508,#9509,#9510,#9511,#9512));
#2548=EDGE_LOOP('',(#9513,#9514,#9515,#9516));
#2549=EDGE_LOOP('',(#9517,#9518,#9519,#9520));
#2550=EDGE_LOOP('',(#9521,#9522,#9523,#9524));
#2551=EDGE_LOOP('',(#9525,#9526,#9527,#9528));
#2552=EDGE_LOOP('',(#9529));
#2553=EDGE_LOOP('',(#9530,#9531,#9532,#9533));
#2554=EDGE_LOOP('',(#9534,#9535,#9536,#9537));
#2555=EDGE_LOOP('',(#9538,#9539,#9540,#9541));
#2556=EDGE_LOOP('',(#9542,#9543,#9544,#9545));
#2557=EDGE_LOOP('',(#9546,#9547,#9548,#9549));
#2558=EDGE_LOOP('',(#9550,#9551,#9552,#9553,#9554,#9555,#9556,#9557));
#2559=EDGE_LOOP('',(#9558,#9559,#9560,#9561));
#2560=EDGE_LOOP('',(#9562));
#2561=EDGE_LOOP('',(#9563,#9564,#9565,#9566));
#2562=EDGE_LOOP('',(#9567));
#2563=EDGE_LOOP('',(#9568,#9569,#9570,#9571));
#2564=EDGE_LOOP('',(#9572,#9573,#9574,#9575));
#2565=EDGE_LOOP('',(#9576,#9577,#9578,#9579));
#2566=EDGE_LOOP('',(#9580,#9581,#9582,#9583));
#2567=EDGE_LOOP('',(#9584,#9585,#9586,#9587));
#2568=EDGE_LOOP('',(#9588));
#2569=EDGE_LOOP('',(#9589));
#2570=EDGE_LOOP('',(#9590,#9591,#9592,#9593));
#2571=EDGE_LOOP('',(#9594,#9595,#9596,#9597,#9598,#9599,#9600,#9601));
#2572=EDGE_LOOP('',(#9602,#9603,#9604,#9605));
#2573=EDGE_LOOP('',(#9606,#9607,#9608,#9609));
#2574=EDGE_LOOP('',(#9610,#9611,#9612,#9613));
#2575=EDGE_LOOP('',(#9614,#9615,#9616,#9617));
#2576=EDGE_LOOP('',(#9618,#9619,#9620,#9621));
#2577=EDGE_LOOP('',(#9622,#9623,#9624,#9625));
#2578=EDGE_LOOP('',(#9626,#9627,#9628,#9629));
#2579=EDGE_LOOP('',(#9630,#9631,#9632,#9633));
#2580=EDGE_LOOP('',(#9634,#9635,#9636,#9637,#9638,#9639,#9640,#9641));
#2581=EDGE_LOOP('',(#9642,#9643,#9644,#9645));
#2582=EDGE_LOOP('',(#9646));
#2583=EDGE_LOOP('',(#9647,#9648,#9649,#9650));
#2584=EDGE_LOOP('',(#9651));
#2585=EDGE_LOOP('',(#9652,#9653,#9654,#9655));
#2586=EDGE_LOOP('',(#9656,#9657,#9658,#9659));
#2587=EDGE_LOOP('',(#9660,#9661,#9662,#9663));
#2588=EDGE_LOOP('',(#9664,#9665,#9666,#9667));
#2589=EDGE_LOOP('',(#9668,#9669,#9670,#9671));
#2590=EDGE_LOOP('',(#9672));
#2591=EDGE_LOOP('',(#9673));
#2592=EDGE_LOOP('',(#9674,#9675,#9676,#9677));
#2593=EDGE_LOOP('',(#9678,#9679,#9680,#9681,#9682,#9683,#9684,#9685));
#2594=EDGE_LOOP('',(#9686,#9687,#9688,#9689));
#2595=EDGE_LOOP('',(#9690,#9691,#9692,#9693));
#2596=EDGE_LOOP('',(#9694,#9695,#9696,#9697));
#2597=EDGE_LOOP('',(#9698,#9699,#9700,#9701));
#2598=EDGE_LOOP('',(#9702,#9703,#9704,#9705));
#2599=EDGE_LOOP('',(#9706,#9707,#9708,#9709));
#2600=EDGE_LOOP('',(#9710,#9711,#9712,#9713));
#2601=EDGE_LOOP('',(#9714,#9715,#9716,#9717));
#2602=EDGE_LOOP('',(#9718,#9719,#9720,#9721,#9722,#9723,#9724,#9725));
#2603=EDGE_LOOP('',(#9726,#9727,#9728,#9729));
#2604=EDGE_LOOP('',(#9730));
#2605=EDGE_LOOP('',(#9731,#9732,#9733,#9734));
#2606=EDGE_LOOP('',(#9735,#9736,#9737,#9738));
#2607=EDGE_LOOP('',(#9739,#9740,#9741,#9742));
#2608=EDGE_LOOP('',(#9743,#9744,#9745,#9746));
#2609=EDGE_LOOP('',(#9747,#9748,#9749,#9750));
#2610=EDGE_LOOP('',(#9751));
#2611=EDGE_LOOP('',(#9752));
#2612=EDGE_LOOP('',(#9753,#9754,#9755,#9756));
#2613=EDGE_LOOP('',(#9757,#9758,#9759,#9760,#9761,#9762,#9763,#9764));
#2614=EDGE_LOOP('',(#9765,#9766,#9767,#9768));
#2615=EDGE_LOOP('',(#9769,#9770,#9771,#9772));
#2616=EDGE_LOOP('',(#9773,#9774,#9775,#9776));
#2617=EDGE_LOOP('',(#9777,#9778,#9779,#9780));
#2618=EDGE_LOOP('',(#9781));
#2619=EDGE_LOOP('',(#9782,#9783,#9784,#9785));
#2620=EDGE_LOOP('',(#9786,#9787,#9788,#9789));
#2621=EDGE_LOOP('',(#9790,#9791,#9792,#9793));
#2622=EDGE_LOOP('',(#9794,#9795,#9796,#9797));
#2623=EDGE_LOOP('',(#9798,#9799,#9800,#9801));
#2624=EDGE_LOOP('',(#9802,#9803,#9804,#9805,#9806,#9807,#9808,#9809));
#2625=EDGE_LOOP('',(#9810,#9811,#9812,#9813));
#2626=EDGE_LOOP('',(#9814));
#2627=EDGE_LOOP('',(#9815,#9816,#9817,#9818));
#2628=EDGE_LOOP('',(#9819));
#2629=EDGE_LOOP('',(#9820,#9821,#9822,#9823));
#2630=EDGE_LOOP('',(#9824,#9825,#9826,#9827));
#2631=EDGE_LOOP('',(#9828,#9829,#9830,#9831));
#2632=EDGE_LOOP('',(#9832,#9833,#9834,#9835));
#2633=EDGE_LOOP('',(#9836,#9837,#9838,#9839));
#2634=EDGE_LOOP('',(#9840));
#2635=EDGE_LOOP('',(#9841));
#2636=EDGE_LOOP('',(#9842,#9843,#9844,#9845));
#2637=EDGE_LOOP('',(#9846,#9847,#9848,#9849,#9850,#9851,#9852,#9853));
#2638=EDGE_LOOP('',(#9854,#9855,#9856,#9857));
#2639=EDGE_LOOP('',(#9858,#9859,#9860,#9861));
#2640=EDGE_LOOP('',(#9862,#9863,#9864,#9865));
#2641=EDGE_LOOP('',(#9866,#9867,#9868,#9869));
#2642=EDGE_LOOP('',(#9870,#9871,#9872,#9873));
#2643=EDGE_LOOP('',(#9874,#9875,#9876,#9877));
#2644=EDGE_LOOP('',(#9878));
#2645=EDGE_LOOP('',(#9879,#9880,#9881,#9882));
#2646=EDGE_LOOP('',(#9883));
#2647=EDGE_LOOP('',(#9884,#9885,#9886,#9887));
#2648=EDGE_LOOP('',(#9888));
#2649=EDGE_LOOP('',(#9889,#9890,#9891,#9892));
#2650=EDGE_LOOP('',(#9893));
#2651=EDGE_LOOP('',(#9894,#9895,#9896,#9897));
#2652=EDGE_LOOP('',(#9898,#9899,#9900,#9901));
#2653=EDGE_LOOP('',(#9902,#9903,#9904,#9905));
#2654=EDGE_LOOP('',(#9906,#9907,#9908,#9909));
#2655=EDGE_LOOP('',(#9910,#9911,#9912,#9913));
#2656=EDGE_LOOP('',(#9914));
#2657=EDGE_LOOP('',(#9915));
#2658=EDGE_LOOP('',(#9916,#9917,#9918,#9919));
#2659=EDGE_LOOP('',(#9920));
#2660=EDGE_LOOP('',(#9921));
#2661=EDGE_LOOP('',(#9922,#9923,#9924,#9925));
#2662=EDGE_LOOP('',(#9926));
#2663=EDGE_LOOP('',(#9927));
#2664=EDGE_LOOP('',(#9928,#9929,#9930,#9931));
#2665=EDGE_LOOP('',(#9932));
#2666=EDGE_LOOP('',(#9933));
#2667=EDGE_LOOP('',(#9934,#9935,#9936,#9937));
#2668=EDGE_LOOP('',(#9938,#9939,#9940,#9941));
#2669=EDGE_LOOP('',(#9942,#9943,#9944,#9945));
#2670=EDGE_LOOP('',(#9946,#9947,#9948,#9949));
#2671=EDGE_LOOP('',(#9950,#9951,#9952,#9953));
#2672=EDGE_LOOP('',(#9954));
#2673=EDGE_LOOP('',(#9955));
#2674=EDGE_LOOP('',(#9956));
#2675=EDGE_LOOP('',(#9957));
#2676=EDGE_LOOP('',(#9958,#9959,#9960,#9961));
#2677=EDGE_LOOP('',(#9962));
#2678=EDGE_LOOP('',(#9963));
#2679=EDGE_LOOP('',(#9964,#9965,#9966,#9967));
#2680=EDGE_LOOP('',(#9968));
#2681=EDGE_LOOP('',(#9969));
#2682=EDGE_LOOP('',(#9970,#9971,#9972,#9973));
#2683=EDGE_LOOP('',(#9974,#9975,#9976,#9977));
#2684=EDGE_LOOP('',(#9978,#9979,#9980,#9981));
#2685=EDGE_LOOP('',(#9982,#9983,#9984,#9985));
#2686=EDGE_LOOP('',(#9986,#9987,#9988,#9989));
#2687=EDGE_LOOP('',(#9990,#9991,#9992,#9993));
#2688=EDGE_LOOP('',(#9994,#9995,#9996,#9997));
#2689=EDGE_LOOP('',(#9998,#9999,#10000,#10001));
#2690=EDGE_LOOP('',(#10002,#10003,#10004,#10005));
#2691=EDGE_LOOP('',(#10006,#10007,#10008,#10009));
#2692=EDGE_LOOP('',(#10010));
#2693=EDGE_LOOP('',(#10011));
#2694=EDGE_LOOP('',(#10012));
#2695=EDGE_LOOP('',(#10013));
#2696=EDGE_LOOP('',(#10014,#10015,#10016,#10017));
#2697=EDGE_LOOP('',(#10018));
#2698=EDGE_LOOP('',(#10019));
#2699=EDGE_LOOP('',(#10020));
#2700=EDGE_LOOP('',(#10021));
#2701=LINE('',#15562,#3714);
#2702=LINE('',#15568,#3715);
#2703=LINE('',#15574,#3716);
#2704=LINE('',#15580,#3717);
#2705=LINE('',#15586,#3718);
#2706=LINE('',#15592,#3719);
#2707=LINE('',#15598,#3720);
#2708=LINE('',#15604,#3721);
#2709=LINE('',#15610,#3722);
#2710=LINE('',#15616,#3723);
#2711=LINE('',#15622,#3724);
#2712=LINE('',#15628,#3725);
#2713=LINE('',#15633,#3726);
#2714=LINE('',#15635,#3727);
#2715=LINE('',#15637,#3728);
#2716=LINE('',#15638,#3729);
#2717=LINE('',#15642,#3730);
#2718=LINE('',#15644,#3731);
#2719=LINE('',#15646,#3732);
#2720=LINE('',#15647,#3733);
#2721=LINE('',#15649,#3734);
#2722=LINE('',#15650,#3735);
#2723=LINE('',#15652,#3736);
#2724=LINE('',#15653,#3737);
#2725=LINE('',#15657,#3738);
#2726=LINE('',#15659,#3739);
#2727=LINE('',#15661,#3740);
#2728=LINE('',#15662,#3741);
#2729=LINE('',#15666,#3742);
#2730=LINE('',#15668,#3743);
#2731=LINE('',#15670,#3744);
#2732=LINE('',#15671,#3745);
#2733=LINE('',#15673,#3746);
#2734=LINE('',#15674,#3747);
#2735=LINE('',#15676,#3748);
#2736=LINE('',#15677,#3749);
#2737=LINE('',#15681,#3750);
#2738=LINE('',#15683,#3751);
#2739=LINE('',#15685,#3752);
#2740=LINE('',#15686,#3753);
#2741=LINE('',#15690,#3754);
#2742=LINE('',#15692,#3755);
#2743=LINE('',#15694,#3756);
#2744=LINE('',#15695,#3757);
#2745=LINE('',#15697,#3758);
#2746=LINE('',#15698,#3759);
#2747=LINE('',#15700,#3760);
#2748=LINE('',#15701,#3761);
#2749=LINE('',#15705,#3762);
#2750=LINE('',#15707,#3763);
#2751=LINE('',#15709,#3764);
#2752=LINE('',#15710,#3765);
#2753=LINE('',#15714,#3766);
#2754=LINE('',#15716,#3767);
#2755=LINE('',#15718,#3768);
#2756=LINE('',#15719,#3769);
#2757=LINE('',#15721,#3770);
#2758=LINE('',#15722,#3771);
#2759=LINE('',#15724,#3772);
#2760=LINE('',#15725,#3773);
#2761=LINE('',#15730,#3774);
#2762=LINE('',#15736,#3775);
#2763=LINE('',#15742,#3776);
#2764=LINE('',#15748,#3777);
#2765=LINE('',#15754,#3778);
#2766=LINE('',#15760,#3779);
#2767=LINE('',#15766,#3780);
#2768=LINE('',#15772,#3781);
#2769=LINE('',#15778,#3782);
#2770=LINE('',#15784,#3783);
#2771=LINE('',#15790,#3784);
#2772=LINE('',#15796,#3785);
#2773=LINE('',#15802,#3786);
#2774=LINE('',#15808,#3787);
#2775=LINE('',#15814,#3788);
#2776=LINE('',#15820,#3789);
#2777=LINE('',#15826,#3790);
#2778=LINE('',#15832,#3791);
#2779=LINE('',#15838,#3792);
#2780=LINE('',#15844,#3793);
#2781=LINE('',#15850,#3794);
#2782=LINE('',#15856,#3795);
#2783=LINE('',#15861,#3796);
#2784=LINE('',#15863,#3797);
#2785=LINE('',#15865,#3798);
#2786=LINE('',#15866,#3799);
#2787=LINE('',#15869,#3800);
#2788=LINE('',#15871,#3801);
#2789=LINE('',#15872,#3802);
#2790=LINE('',#15875,#3803);
#2791=LINE('',#15877,#3804);
#2792=LINE('',#15878,#3805);
#2793=LINE('',#15881,#3806);
#2794=LINE('',#15883,#3807);
#2795=LINE('',#15885,#3808);
#2796=LINE('',#15887,#3809);
#2797=LINE('',#15889,#3810);
#2798=LINE('',#15891,#3811);
#2799=LINE('',#15893,#3812);
#2800=LINE('',#15895,#3813);
#2801=LINE('',#15896,#3814);
#2802=LINE('',#15899,#3815);
#2803=LINE('',#15900,#3816);
#2804=LINE('',#15903,#3817);
#2805=LINE('',#15905,#3818);
#2806=LINE('',#15906,#3819);
#2807=LINE('',#15909,#3820);
#2808=LINE('',#15910,#3821);
#2809=LINE('',#15913,#3822);
#2810=LINE('',#15914,#3823);
#2811=LINE('',#15917,#3824);
#2812=LINE('',#15919,#3825);
#2813=LINE('',#15920,#3826);
#2814=LINE('',#15922,#3827);
#2815=LINE('',#15923,#3828);
#2816=LINE('',#15925,#3829);
#2817=LINE('',#15927,#3830);
#2818=LINE('',#15929,#3831);
#2819=LINE('',#15937,#3832);
#2820=LINE('',#15943,#3833);
#2821=LINE('',#15948,#3834);
#2822=LINE('',#15950,#3835);
#2823=LINE('',#15952,#3836);
#2824=LINE('',#15953,#3837);
#2825=LINE('',#15956,#3838);
#2826=LINE('',#15958,#3839);
#2827=LINE('',#15959,#3840);
#2828=LINE('',#15962,#3841);
#2829=LINE('',#15964,#3842);
#2830=LINE('',#15965,#3843);
#2831=LINE('',#15968,#3844);
#2832=LINE('',#15970,#3845);
#2833=LINE('',#15972,#3846);
#2834=LINE('',#15974,#3847);
#2835=LINE('',#15975,#3848);
#2836=LINE('',#15978,#3849);
#2837=LINE('',#15979,#3850);
#2838=LINE('',#15982,#3851);
#2839=LINE('',#15983,#3852);
#2840=LINE('',#15986,#3853);
#2841=LINE('',#15987,#3854);
#2842=LINE('',#15990,#3855);
#2843=LINE('',#15991,#3856);
#2844=LINE('',#15993,#3857);
#2845=LINE('',#16000,#3858);
#2846=LINE('',#16006,#3859);
#2847=LINE('',#16011,#3860);
#2848=LINE('',#16013,#3861);
#2849=LINE('',#16015,#3862);
#2850=LINE('',#16016,#3863);
#2851=LINE('',#16020,#3864);
#2852=LINE('',#16022,#3865);
#2853=LINE('',#16024,#3866);
#2854=LINE('',#16025,#3867);
#2855=LINE('',#16027,#3868);
#2856=LINE('',#16028,#3869);
#2857=LINE('',#16031,#3870);
#2858=LINE('',#16033,#3871);
#2859=LINE('',#16035,#3872);
#2860=LINE('',#16037,#3873);
#2861=LINE('',#16038,#3874);
#2862=LINE('',#16041,#3875);
#2863=LINE('',#16042,#3876);
#2864=LINE('',#16045,#3877);
#2865=LINE('',#16046,#3878);
#2866=LINE('',#16049,#3879);
#2867=LINE('',#16050,#3880);
#2868=LINE('',#16053,#3881);
#2869=LINE('',#16054,#3882);
#2870=LINE('',#16056,#3883);
#2871=LINE('',#16063,#3884);
#2872=LINE('',#16069,#3885);
#2873=LINE('',#16075,#3886);
#2874=LINE('',#16081,#3887);
#2875=LINE('',#16087,#3888);
#2876=LINE('',#16093,#3889);
#2877=LINE('',#16099,#3890);
#2878=LINE('',#16104,#3891);
#2879=LINE('',#16106,#3892);
#2880=LINE('',#16108,#3893);
#2881=LINE('',#16109,#3894);
#2882=LINE('',#16112,#3895);
#2883=LINE('',#16114,#3896);
#2884=LINE('',#16115,#3897);
#2885=LINE('',#16118,#3898);
#2886=LINE('',#16120,#3899);
#2887=LINE('',#16121,#3900);
#2888=LINE('',#16123,#3901);
#2889=LINE('',#16124,#3902);
#2890=LINE('',#16131,#3903);
#2891=LINE('',#16138,#3904);
#2892=LINE('',#16140,#3905);
#2893=LINE('',#16142,#3906);
#2894=LINE('',#16143,#3907);
#2895=LINE('',#16150,#3908);
#2896=LINE('',#16152,#3909);
#2897=LINE('',#16153,#3910);
#2898=LINE('',#16155,#3911);
#2899=LINE('',#16156,#3912);
#2900=LINE('',#16161,#3913);
#2901=LINE('',#16165,#3914);
#2902=LINE('',#16169,#3915);
#2903=LINE('',#16171,#3916);
#2904=LINE('',#16173,#3917);
#2905=LINE('',#16174,#3918);
#2906=LINE('',#16177,#3919);
#2907=LINE('',#16179,#3920);
#2908=LINE('',#16180,#3921);
#2909=LINE('',#16182,#3922);
#2910=LINE('',#16183,#3923);
#2911=LINE('',#16190,#3924);
#2912=LINE('',#16197,#3925);
#2913=LINE('',#16199,#3926);
#2914=LINE('',#16201,#3927);
#2915=LINE('',#16202,#3928);
#2916=LINE('',#16205,#3929);
#2917=LINE('',#16207,#3930);
#2918=LINE('',#16208,#3931);
#2919=LINE('',#16214,#3932);
#2920=LINE('',#16215,#3933);
#2921=LINE('',#16220,#3934);
#2922=LINE('',#16224,#3935);
#2923=LINE('',#16228,#3936);
#2924=LINE('',#16230,#3937);
#2925=LINE('',#16232,#3938);
#2926=LINE('',#16233,#3939);
#2927=LINE('',#16236,#3940);
#2928=LINE('',#16238,#3941);
#2929=LINE('',#16239,#3942);
#2930=LINE('',#16241,#3943);
#2931=LINE('',#16242,#3944);
#2932=LINE('',#16289,#3945);
#2933=LINE('',#16331,#3946);
#2934=LINE('',#16338,#3947);
#2935=LINE('',#16344,#3948);
#2936=LINE('',#16346,#3949);
#2937=LINE('',#16387,#3950);
#2938=LINE('',#16459,#3951);
#2939=LINE('',#16537,#3952);
#2940=LINE('',#16579,#3953);
#2941=LINE('',#16586,#3954);
#2942=LINE('',#16592,#3955);
#2943=LINE('',#16594,#3956);
#2944=LINE('',#16641,#3957);
#2945=LINE('',#16683,#3958);
#2946=LINE('',#16690,#3959);
#2947=LINE('',#16696,#3960);
#2948=LINE('',#16698,#3961);
#2949=LINE('',#16745,#3962);
#2950=LINE('',#16787,#3963);
#2951=LINE('',#16794,#3964);
#2952=LINE('',#16800,#3965);
#2953=LINE('',#16802,#3966);
#2954=LINE('',#16819,#3967);
#2955=LINE('',#16828,#3968);
#2956=LINE('',#16837,#3969);
#2957=LINE('',#16843,#3970);
#2958=LINE('',#16848,#3971);
#2959=LINE('',#16850,#3972);
#2960=LINE('',#16852,#3973);
#2961=LINE('',#16853,#3974);
#2962=LINE('',#16856,#3975);
#2963=LINE('',#16858,#3976);
#2964=LINE('',#16859,#3977);
#2965=LINE('',#16862,#3978);
#2966=LINE('',#16864,#3979);
#2967=LINE('',#16865,#3980);
#2968=LINE('',#16867,#3981);
#2969=LINE('',#16868,#3982);
#2970=LINE('',#16876,#3983);
#2971=LINE('',#16885,#3984);
#2972=LINE('',#16891,#3985);
#2973=LINE('',#16896,#3986);
#2974=LINE('',#16898,#3987);
#2975=LINE('',#16900,#3988);
#2976=LINE('',#16901,#3989);
#2977=LINE('',#16904,#3990);
#2978=LINE('',#16906,#3991);
#2979=LINE('',#16907,#3992);
#2980=LINE('',#16910,#3993);
#2981=LINE('',#16912,#3994);
#2982=LINE('',#16913,#3995);
#2983=LINE('',#16915,#3996);
#2984=LINE('',#16916,#3997);
#2985=LINE('',#16924,#3998);
#2986=LINE('',#16932,#3999);
#2987=LINE('',#16934,#4000);
#2988=LINE('',#16936,#4001);
#2989=LINE('',#16937,#4002);
#2990=LINE('',#16941,#4003);
#2991=LINE('',#16943,#4004);
#2992=LINE('',#16945,#4005);
#2993=LINE('',#16946,#4006);
#2994=LINE('',#16949,#4007);
#2995=LINE('',#16951,#4008);
#2996=LINE('',#16952,#4009);
#2997=LINE('',#16955,#4010);
#2998=LINE('',#16957,#4011);
#2999=LINE('',#16958,#4012);
#3000=LINE('',#16961,#4013);
#3001=LINE('',#16963,#4014);
#3002=LINE('',#16964,#4015);
#3003=LINE('',#16966,#4016);
#3004=LINE('',#16967,#4017);
#3005=LINE('',#16970,#4018);
#3006=LINE('',#16972,#4019);
#3007=LINE('',#16973,#4020);
#3008=LINE('',#16975,#4021);
#3009=LINE('',#16976,#4022);
#3010=LINE('',#16980,#4023);
#3011=LINE('',#16982,#4024);
#3012=LINE('',#16984,#4025);
#3013=LINE('',#16985,#4026);
#3014=LINE('',#16989,#4027);
#3015=LINE('',#16991,#4028);
#3016=LINE('',#16993,#4029);
#3017=LINE('',#16994,#4030);
#3018=LINE('',#16997,#4031);
#3019=LINE('',#16999,#4032);
#3020=LINE('',#17000,#4033);
#3021=LINE('',#17003,#4034);
#3022=LINE('',#17005,#4035);
#3023=LINE('',#17006,#4036);
#3024=LINE('',#17009,#4037);
#3025=LINE('',#17011,#4038);
#3026=LINE('',#17012,#4039);
#3027=LINE('',#17014,#4040);
#3028=LINE('',#17015,#4041);
#3029=LINE('',#17018,#4042);
#3030=LINE('',#17020,#4043);
#3031=LINE('',#17021,#4044);
#3032=LINE('',#17023,#4045);
#3033=LINE('',#17024,#4046);
#3034=LINE('',#17029,#4047);
#3035=LINE('',#17036,#4048);
#3036=LINE('',#17043,#4049);
#3037=LINE('',#17050,#4050);
#3038=LINE('',#17057,#4051);
#3039=LINE('',#17064,#4052);
#3040=LINE('',#17070,#4053);
#3041=LINE('',#17072,#4054);
#3042=LINE('',#17074,#4055);
#3043=LINE('',#17075,#4056);
#3044=LINE('',#17078,#4057);
#3045=LINE('',#17080,#4058);
#3046=LINE('',#17081,#4059);
#3047=LINE('',#17084,#4060);
#3048=LINE('',#17086,#4061);
#3049=LINE('',#17087,#4062);
#3050=LINE('',#17090,#4063);
#3051=LINE('',#17092,#4064);
#3052=LINE('',#17094,#4065);
#3053=LINE('',#17096,#4066);
#3054=LINE('',#17097,#4067);
#3055=LINE('',#17100,#4068);
#3056=LINE('',#17101,#4069);
#3057=LINE('',#17104,#4070);
#3058=LINE('',#17106,#4071);
#3059=LINE('',#17107,#4072);
#3060=LINE('',#17110,#4073);
#3061=LINE('',#17111,#4074);
#3062=LINE('',#17113,#4075);
#3063=LINE('',#17114,#4076);
#3064=LINE('',#17122,#4077);
#3065=LINE('',#17128,#4078);
#3066=LINE('',#17133,#4079);
#3067=LINE('',#17135,#4080);
#3068=LINE('',#17137,#4081);
#3069=LINE('',#17138,#4082);
#3070=LINE('',#17141,#4083);
#3071=LINE('',#17143,#4084);
#3072=LINE('',#17144,#4085);
#3073=LINE('',#17147,#4086);
#3074=LINE('',#17149,#4087);
#3075=LINE('',#17150,#4088);
#3076=LINE('',#17152,#4089);
#3077=LINE('',#17153,#4090);
#3078=LINE('',#17160,#4091);
#3079=LINE('',#17162,#4092);
#3080=LINE('',#17164,#4093);
#3081=LINE('',#17165,#4094);
#3082=LINE('',#17169,#4095);
#3083=LINE('',#17171,#4096);
#3084=LINE('',#17173,#4097);
#3085=LINE('',#17174,#4098);
#3086=LINE('',#17177,#4099);
#3087=LINE('',#17179,#4100);
#3088=LINE('',#17180,#4101);
#3089=LINE('',#17183,#4102);
#3090=LINE('',#17185,#4103);
#3091=LINE('',#17186,#4104);
#3092=LINE('',#17189,#4105);
#3093=LINE('',#17191,#4106);
#3094=LINE('',#17192,#4107);
#3095=LINE('',#17194,#4108);
#3096=LINE('',#17195,#4109);
#3097=LINE('',#17198,#4110);
#3098=LINE('',#17200,#4111);
#3099=LINE('',#17201,#4112);
#3100=LINE('',#17203,#4113);
#3101=LINE('',#17204,#4114);
#3102=LINE('',#17208,#4115);
#3103=LINE('',#17210,#4116);
#3104=LINE('',#17212,#4117);
#3105=LINE('',#17213,#4118);
#3106=LINE('',#17217,#4119);
#3107=LINE('',#17219,#4120);
#3108=LINE('',#17221,#4121);
#3109=LINE('',#17222,#4122);
#3110=LINE('',#17225,#4123);
#3111=LINE('',#17227,#4124);
#3112=LINE('',#17228,#4125);
#3113=LINE('',#17231,#4126);
#3114=LINE('',#17233,#4127);
#3115=LINE('',#17234,#4128);
#3116=LINE('',#17237,#4129);
#3117=LINE('',#17239,#4130);
#3118=LINE('',#17240,#4131);
#3119=LINE('',#17242,#4132);
#3120=LINE('',#17243,#4133);
#3121=LINE('',#17246,#4134);
#3122=LINE('',#17248,#4135);
#3123=LINE('',#17249,#4136);
#3124=LINE('',#17251,#4137);
#3125=LINE('',#17252,#4138);
#3126=LINE('',#17257,#4139);
#3127=LINE('',#17264,#4140);
#3128=LINE('',#17271,#4141);
#3129=LINE('',#17278,#4142);
#3130=LINE('',#17285,#4143);
#3131=LINE('',#17292,#4144);
#3132=LINE('',#17298,#4145);
#3133=LINE('',#17300,#4146);
#3134=LINE('',#17302,#4147);
#3135=LINE('',#17303,#4148);
#3136=LINE('',#17306,#4149);
#3137=LINE('',#17308,#4150);
#3138=LINE('',#17309,#4151);
#3139=LINE('',#17312,#4152);
#3140=LINE('',#17314,#4153);
#3141=LINE('',#17315,#4154);
#3142=LINE('',#17318,#4155);
#3143=LINE('',#17320,#4156);
#3144=LINE('',#17322,#4157);
#3145=LINE('',#17324,#4158);
#3146=LINE('',#17325,#4159);
#3147=LINE('',#17328,#4160);
#3148=LINE('',#17329,#4161);
#3149=LINE('',#17332,#4162);
#3150=LINE('',#17334,#4163);
#3151=LINE('',#17335,#4164);
#3152=LINE('',#17338,#4165);
#3153=LINE('',#17339,#4166);
#3154=LINE('',#17341,#4167);
#3155=LINE('',#17342,#4168);
#3156=LINE('',#17350,#4169);
#3157=LINE('',#17356,#4170);
#3158=LINE('',#17361,#4171);
#3159=LINE('',#17363,#4172);
#3160=LINE('',#17365,#4173);
#3161=LINE('',#17366,#4174);
#3162=LINE('',#17369,#4175);
#3163=LINE('',#17371,#4176);
#3164=LINE('',#17372,#4177);
#3165=LINE('',#17375,#4178);
#3166=LINE('',#17377,#4179);
#3167=LINE('',#17378,#4180);
#3168=LINE('',#17380,#4181);
#3169=LINE('',#17381,#4182);
#3170=LINE('',#17400,#4183);
#3171=LINE('',#17409,#4184);
#3172=LINE('',#17415,#4185);
#3173=LINE('',#17424,#4186);
#3174=LINE('',#17430,#4187);
#3175=LINE('',#17439,#4188);
#3176=LINE('',#17447,#4189);
#3177=LINE('',#17449,#4190);
#3178=LINE('',#17451,#4191);
#3179=LINE('',#17452,#4192);
#3180=LINE('',#17455,#4193);
#3181=LINE('',#17457,#4194);
#3182=LINE('',#17458,#4195);
#3183=LINE('',#17461,#4196);
#3184=LINE('',#17463,#4197);
#3185=LINE('',#17464,#4198);
#3186=LINE('',#17466,#4199);
#3187=LINE('',#17467,#4200);
#3188=LINE('',#17472,#4201);
#3189=LINE('',#17479,#4202);
#3190=LINE('',#17486,#4203);
#3191=LINE('',#17493,#4204);
#3192=LINE('',#17501,#4205);
#3193=LINE('',#17504,#4206);
#3194=LINE('',#17507,#4207);
#3195=LINE('',#17509,#4208);
#3196=LINE('',#17511,#4209);
#3197=LINE('',#17513,#4210);
#3198=LINE('',#17514,#4211);
#3199=LINE('',#17517,#4212);
#3200=LINE('',#17518,#4213);
#3201=LINE('',#17521,#4214);
#3202=LINE('',#17523,#4215);
#3203=LINE('',#17524,#4216);
#3204=LINE('',#17527,#4217);
#3205=LINE('',#17528,#4218);
#3206=LINE('',#17530,#4219);
#3207=LINE('',#17531,#4220);
#3208=LINE('',#17539,#4221);
#3209=LINE('',#17545,#4222);
#3210=LINE('',#17554,#4223);
#3211=LINE('',#17560,#4224);
#3212=LINE('',#17568,#4225);
#3213=LINE('',#17570,#4226);
#3214=LINE('',#17572,#4227);
#3215=LINE('',#17573,#4228);
#3216=LINE('',#17576,#4229);
#3217=LINE('',#17578,#4230);
#3218=LINE('',#17579,#4231);
#3219=LINE('',#17582,#4232);
#3220=LINE('',#17584,#4233);
#3221=LINE('',#17585,#4234);
#3222=LINE('',#17587,#4235);
#3223=LINE('',#17588,#4236);
#3224=LINE('',#17596,#4237);
#3225=LINE('',#17602,#4238);
#3226=LINE('',#17607,#4239);
#3227=LINE('',#17609,#4240);
#3228=LINE('',#17611,#4241);
#3229=LINE('',#17612,#4242);
#3230=LINE('',#17615,#4243);
#3231=LINE('',#17617,#4244);
#3232=LINE('',#17618,#4245);
#3233=LINE('',#17621,#4246);
#3234=LINE('',#17623,#4247);
#3235=LINE('',#17624,#4248);
#3236=LINE('',#17626,#4249);
#3237=LINE('',#17627,#4250);
#3238=LINE('',#17631,#4251);
#3239=LINE('',#17633,#4252);
#3240=LINE('',#17635,#4253);
#3241=LINE('',#17636,#4254);
#3242=LINE('',#17639,#4255);
#3243=LINE('',#17641,#4256);
#3244=LINE('',#17642,#4257);
#3245=LINE('',#17645,#4258);
#3246=LINE('',#17647,#4259);
#3247=LINE('',#17648,#4260);
#3248=LINE('',#17650,#4261);
#3249=LINE('',#17651,#4262);
#3250=LINE('',#17668,#4263);
#3251=LINE('',#17670,#4264);
#3252=LINE('',#17672,#4265);
#3253=LINE('',#17673,#4266);
#3254=LINE('',#17676,#4267);
#3255=LINE('',#17678,#4268);
#3256=LINE('',#17679,#4269);
#3257=LINE('',#17682,#4270);
#3258=LINE('',#17684,#4271);
#3259=LINE('',#17685,#4272);
#3260=LINE('',#17687,#4273);
#3261=LINE('',#17688,#4274);
#3262=LINE('',#17695,#4275);
#3263=LINE('',#17697,#4276);
#3264=LINE('',#17699,#4277);
#3265=LINE('',#17700,#4278);
#3266=LINE('',#17703,#4279);
#3267=LINE('',#17705,#4280);
#3268=LINE('',#17706,#4281);
#3269=LINE('',#17709,#4282);
#3270=LINE('',#17711,#4283);
#3271=LINE('',#17712,#4284);
#3272=LINE('',#17714,#4285);
#3273=LINE('',#17715,#4286);
#3274=LINE('',#17722,#4287);
#3275=LINE('',#17724,#4288);
#3276=LINE('',#17726,#4289);
#3277=LINE('',#17727,#4290);
#3278=LINE('',#17730,#4291);
#3279=LINE('',#17732,#4292);
#3280=LINE('',#17733,#4293);
#3281=LINE('',#17736,#4294);
#3282=LINE('',#17738,#4295);
#3283=LINE('',#17739,#4296);
#3284=LINE('',#17741,#4297);
#3285=LINE('',#17742,#4298);
#3286=LINE('',#17749,#4299);
#3287=LINE('',#17751,#4300);
#3288=LINE('',#17753,#4301);
#3289=LINE('',#17754,#4302);
#3290=LINE('',#17757,#4303);
#3291=LINE('',#17759,#4304);
#3292=LINE('',#17760,#4305);
#3293=LINE('',#17763,#4306);
#3294=LINE('',#17765,#4307);
#3295=LINE('',#17766,#4308);
#3296=LINE('',#17768,#4309);
#3297=LINE('',#17769,#4310);
#3298=LINE('',#17776,#4311);
#3299=LINE('',#17778,#4312);
#3300=LINE('',#17780,#4313);
#3301=LINE('',#17781,#4314);
#3302=LINE('',#17784,#4315);
#3303=LINE('',#17786,#4316);
#3304=LINE('',#17787,#4317);
#3305=LINE('',#17790,#4318);
#3306=LINE('',#17792,#4319);
#3307=LINE('',#17793,#4320);
#3308=LINE('',#17795,#4321);
#3309=LINE('',#17796,#4322);
#3310=LINE('',#17804,#4323);
#3311=LINE('',#17810,#4324);
#3312=LINE('',#17816,#4325);
#3313=LINE('',#17822,#4326);
#3314=LINE('',#17827,#4327);
#3315=LINE('',#17829,#4328);
#3316=LINE('',#17831,#4329);
#3317=LINE('',#17832,#4330);
#3318=LINE('',#17835,#4331);
#3319=LINE('',#17837,#4332);
#3320=LINE('',#17838,#4333);
#3321=LINE('',#17841,#4334);
#3322=LINE('',#17843,#4335);
#3323=LINE('',#17844,#4336);
#3324=LINE('',#17846,#4337);
#3325=LINE('',#17847,#4338);
#3326=LINE('',#17853,#4339);
#3327=LINE('',#17855,#4340);
#3328=LINE('',#17857,#4341);
#3329=LINE('',#17858,#4342);
#3330=LINE('',#17861,#4343);
#3331=LINE('',#17863,#4344);
#3332=LINE('',#17864,#4345);
#3333=LINE('',#17867,#4346);
#3334=LINE('',#17869,#4347);
#3335=LINE('',#17870,#4348);
#3336=LINE('',#17872,#4349);
#3337=LINE('',#17873,#4350);
#3338=LINE('',#17879,#4351);
#3339=LINE('',#17881,#4352);
#3340=LINE('',#17883,#4353);
#3341=LINE('',#17884,#4354);
#3342=LINE('',#17887,#4355);
#3343=LINE('',#17889,#4356);
#3344=LINE('',#17890,#4357);
#3345=LINE('',#17893,#4358);
#3346=LINE('',#17895,#4359);
#3347=LINE('',#17896,#4360);
#3348=LINE('',#17898,#4361);
#3349=LINE('',#17899,#4362);
#3350=LINE('',#17905,#4363);
#3351=LINE('',#17907,#4364);
#3352=LINE('',#17909,#4365);
#3353=LINE('',#17910,#4366);
#3354=LINE('',#17913,#4367);
#3355=LINE('',#17915,#4368);
#3356=LINE('',#17916,#4369);
#3357=LINE('',#17919,#4370);
#3358=LINE('',#17921,#4371);
#3359=LINE('',#17922,#4372);
#3360=LINE('',#17924,#4373);
#3361=LINE('',#17925,#4374);
#3362=LINE('',#17933,#4375);
#3363=LINE('',#17939,#4376);
#3364=LINE('',#17944,#4377);
#3365=LINE('',#17946,#4378);
#3366=LINE('',#17948,#4379);
#3367=LINE('',#17949,#4380);
#3368=LINE('',#17952,#4381);
#3369=LINE('',#17954,#4382);
#3370=LINE('',#17955,#4383);
#3371=LINE('',#17958,#4384);
#3372=LINE('',#17960,#4385);
#3373=LINE('',#17961,#4386);
#3374=LINE('',#17963,#4387);
#3375=LINE('',#17964,#4388);
#3376=LINE('',#17982,#4389);
#3377=LINE('',#17988,#4390);
#3378=LINE('',#17994,#4391);
#3379=LINE('',#18000,#4392);
#3380=LINE('',#18005,#4393);
#3381=LINE('',#18007,#4394);
#3382=LINE('',#18009,#4395);
#3383=LINE('',#18010,#4396);
#3384=LINE('',#18013,#4397);
#3385=LINE('',#18015,#4398);
#3386=LINE('',#18016,#4399);
#3387=LINE('',#18019,#4400);
#3388=LINE('',#18021,#4401);
#3389=LINE('',#18022,#4402);
#3390=LINE('',#18024,#4403);
#3391=LINE('',#18025,#4404);
#3392=LINE('',#18035,#4405);
#3393=LINE('',#18041,#4406);
#3394=LINE('',#18047,#4407);
#3395=LINE('',#18053,#4408);
#3396=LINE('',#18058,#4409);
#3397=LINE('',#18060,#4410);
#3398=LINE('',#18062,#4411);
#3399=LINE('',#18063,#4412);
#3400=LINE('',#18066,#4413);
#3401=LINE('',#18068,#4414);
#3402=LINE('',#18069,#4415);
#3403=LINE('',#18072,#4416);
#3404=LINE('',#18074,#4417);
#3405=LINE('',#18075,#4418);
#3406=LINE('',#18077,#4419);
#3407=LINE('',#18078,#4420);
#3408=LINE('',#18082,#4421);
#3409=LINE('',#18084,#4422);
#3410=LINE('',#18086,#4423);
#3411=LINE('',#18087,#4424);
#3412=LINE('',#18090,#4425);
#3413=LINE('',#18092,#4426);
#3414=LINE('',#18093,#4427);
#3415=LINE('',#18096,#4428);
#3416=LINE('',#18098,#4429);
#3417=LINE('',#18099,#4430);
#3418=LINE('',#18101,#4431);
#3419=LINE('',#18102,#4432);
#3420=LINE('',#18106,#4433);
#3421=LINE('',#18108,#4434);
#3422=LINE('',#18110,#4435);
#3423=LINE('',#18111,#4436);
#3424=LINE('',#18114,#4437);
#3425=LINE('',#18116,#4438);
#3426=LINE('',#18117,#4439);
#3427=LINE('',#18120,#4440);
#3428=LINE('',#18122,#4441);
#3429=LINE('',#18123,#4442);
#3430=LINE('',#18125,#4443);
#3431=LINE('',#18126,#4444);
#3432=LINE('',#18132,#4445);
#3433=LINE('',#18134,#4446);
#3434=LINE('',#18136,#4447);
#3435=LINE('',#18137,#4448);
#3436=LINE('',#18140,#4449);
#3437=LINE('',#18142,#4450);
#3438=LINE('',#18143,#4451);
#3439=LINE('',#18146,#4452);
#3440=LINE('',#18148,#4453);
#3441=LINE('',#18149,#4454);
#3442=LINE('',#18151,#4455);
#3443=LINE('',#18152,#4456);
#3444=LINE('',#18158,#4457);
#3445=LINE('',#18160,#4458);
#3446=LINE('',#18162,#4459);
#3447=LINE('',#18163,#4460);
#3448=LINE('',#18167,#4461);
#3449=LINE('',#18169,#4462);
#3450=LINE('',#18171,#4463);
#3451=LINE('',#18172,#4464);
#3452=LINE('',#18174,#4465);
#3453=LINE('',#18175,#4466);
#3454=LINE('',#18177,#4467);
#3455=LINE('',#18179,#4468);
#3456=LINE('',#18186,#4469);
#3457=LINE('',#18193,#4470);
#3458=LINE('',#18200,#4471);
#3459=LINE('',#18209,#4472);
#3460=LINE('',#18216,#4473);
#3461=LINE('',#18223,#4474);
#3462=LINE('',#18232,#4475);
#3463=LINE('',#18239,#4476);
#3464=LINE('',#18246,#4477);
#3465=LINE('',#18255,#4478);
#3466=LINE('',#18262,#4479);
#3467=LINE('',#18269,#4480);
#3468=LINE('',#18278,#4481);
#3469=LINE('',#18285,#4482);
#3470=LINE('',#18292,#4483);
#3471=LINE('',#18301,#4484);
#3472=LINE('',#18308,#4485);
#3473=LINE('',#18315,#4486);
#3474=LINE('',#18324,#4487);
#3475=LINE('',#18330,#4488);
#3476=LINE('',#18335,#4489);
#3477=LINE('',#18337,#4490);
#3478=LINE('',#18339,#4491);
#3479=LINE('',#18340,#4492);
#3480=LINE('',#18343,#4493);
#3481=LINE('',#18345,#4494);
#3482=LINE('',#18346,#4495);
#3483=LINE('',#18349,#4496);
#3484=LINE('',#18351,#4497);
#3485=LINE('',#18352,#4498);
#3486=LINE('',#18355,#4499);
#3487=LINE('',#18357,#4500);
#3488=LINE('',#18359,#4501);
#3489=LINE('',#18361,#4502);
#3490=LINE('',#18362,#4503);
#3491=LINE('',#18365,#4504);
#3492=LINE('',#18366,#4505);
#3493=LINE('',#18370,#4506);
#3494=LINE('',#18372,#4507);
#3495=LINE('',#18374,#4508);
#3496=LINE('',#18375,#4509);
#3497=LINE('',#18378,#4510);
#3498=LINE('',#18380,#4511);
#3499=LINE('',#18381,#4512);
#3500=LINE('',#18384,#4513);
#3501=LINE('',#18386,#4514);
#3502=LINE('',#18387,#4515);
#3503=LINE('',#18389,#4516);
#3504=LINE('',#18390,#4517);
#3505=LINE('',#18394,#4518);
#3506=LINE('',#18396,#4519);
#3507=LINE('',#18397,#4520);
#3508=LINE('',#18399,#4521);
#3509=LINE('',#18401,#4522);
#3510=LINE('',#18402,#4523);
#3511=LINE('',#18404,#4524);
#3512=LINE('',#18412,#4525);
#3513=LINE('',#18418,#4526);
#3514=LINE('',#18423,#4527);
#3515=LINE('',#18425,#4528);
#3516=LINE('',#18427,#4529);
#3517=LINE('',#18428,#4530);
#3518=LINE('',#18432,#4531);
#3519=LINE('',#18434,#4532);
#3520=LINE('',#18436,#4533);
#3521=LINE('',#18437,#4534);
#3522=LINE('',#18439,#4535);
#3523=LINE('',#18440,#4536);
#3524=LINE('',#18443,#4537);
#3525=LINE('',#18445,#4538);
#3526=LINE('',#18447,#4539);
#3527=LINE('',#18449,#4540);
#3528=LINE('',#18450,#4541);
#3529=LINE('',#18453,#4542);
#3530=LINE('',#18454,#4543);
#3531=LINE('',#18457,#4544);
#3532=LINE('',#18458,#4545);
#3533=LINE('',#18462,#4546);
#3534=LINE('',#18464,#4547);
#3535=LINE('',#18466,#4548);
#3536=LINE('',#18467,#4549);
#3537=LINE('',#18470,#4550);
#3538=LINE('',#18472,#4551);
#3539=LINE('',#18473,#4552);
#3540=LINE('',#18476,#4553);
#3541=LINE('',#18478,#4554);
#3542=LINE('',#18479,#4555);
#3543=LINE('',#18481,#4556);
#3544=LINE('',#18482,#4557);
#3545=LINE('',#18486,#4558);
#3546=LINE('',#18487,#4559);
#3547=LINE('',#18490,#4560);
#3548=LINE('',#18491,#4561);
#3549=LINE('',#18493,#4562);
#3550=LINE('',#18500,#4563);
#3551=LINE('',#18506,#4564);
#3552=LINE('',#18511,#4565);
#3553=LINE('',#18513,#4566);
#3554=LINE('',#18515,#4567);
#3555=LINE('',#18516,#4568);
#3556=LINE('',#18520,#4569);
#3557=LINE('',#18522,#4570);
#3558=LINE('',#18524,#4571);
#3559=LINE('',#18525,#4572);
#3560=LINE('',#18527,#4573);
#3561=LINE('',#18528,#4574);
#3562=LINE('',#18531,#4575);
#3563=LINE('',#18533,#4576);
#3564=LINE('',#18535,#4577);
#3565=LINE('',#18537,#4578);
#3566=LINE('',#18538,#4579);
#3567=LINE('',#18541,#4580);
#3568=LINE('',#18542,#4581);
#3569=LINE('',#18545,#4582);
#3570=LINE('',#18546,#4583);
#3571=LINE('',#18550,#4584);
#3572=LINE('',#18552,#4585);
#3573=LINE('',#18554,#4586);
#3574=LINE('',#18555,#4587);
#3575=LINE('',#18558,#4588);
#3576=LINE('',#18560,#4589);
#3577=LINE('',#18561,#4590);
#3578=LINE('',#18564,#4591);
#3579=LINE('',#18566,#4592);
#3580=LINE('',#18567,#4593);
#3581=LINE('',#18569,#4594);
#3582=LINE('',#18570,#4595);
#3583=LINE('',#18574,#4596);
#3584=LINE('',#18575,#4597);
#3585=LINE('',#18578,#4598);
#3586=LINE('',#18579,#4599);
#3587=LINE('',#18581,#4600);
#3588=LINE('',#18588,#4601);
#3589=LINE('',#18594,#4602);
#3590=LINE('',#18599,#4603);
#3591=LINE('',#18601,#4604);
#3592=LINE('',#18603,#4605);
#3593=LINE('',#18604,#4606);
#3594=LINE('',#18607,#4607);
#3595=LINE('',#18609,#4608);
#3596=LINE('',#18610,#4609);
#3597=LINE('',#18613,#4610);
#3598=LINE('',#18615,#4611);
#3599=LINE('',#18616,#4612);
#3600=LINE('',#18619,#4613);
#3601=LINE('',#18621,#4614);
#3602=LINE('',#18623,#4615);
#3603=LINE('',#18625,#4616);
#3604=LINE('',#18626,#4617);
#3605=LINE('',#18629,#4618);
#3606=LINE('',#18630,#4619);
#3607=LINE('',#18634,#4620);
#3608=LINE('',#18636,#4621);
#3609=LINE('',#18638,#4622);
#3610=LINE('',#18639,#4623);
#3611=LINE('',#18642,#4624);
#3612=LINE('',#18644,#4625);
#3613=LINE('',#18645,#4626);
#3614=LINE('',#18648,#4627);
#3615=LINE('',#18650,#4628);
#3616=LINE('',#18651,#4629);
#3617=LINE('',#18653,#4630);
#3618=LINE('',#18654,#4631);
#3619=LINE('',#18658,#4632);
#3620=LINE('',#18660,#4633);
#3621=LINE('',#18661,#4634);
#3622=LINE('',#18663,#4635);
#3623=LINE('',#18665,#4636);
#3624=LINE('',#18666,#4637);
#3625=LINE('',#18668,#4638);
#3626=LINE('',#18676,#4639);
#3627=LINE('',#18682,#4640);
#3628=LINE('',#18687,#4641);
#3629=LINE('',#18689,#4642);
#3630=LINE('',#18691,#4643);
#3631=LINE('',#18692,#4644);
#3632=LINE('',#18696,#4645);
#3633=LINE('',#18698,#4646);
#3634=LINE('',#18700,#4647);
#3635=LINE('',#18701,#4648);
#3636=LINE('',#18703,#4649);
#3637=LINE('',#18704,#4650);
#3638=LINE('',#18707,#4651);
#3639=LINE('',#18709,#4652);
#3640=LINE('',#18711,#4653);
#3641=LINE('',#18713,#4654);
#3642=LINE('',#18714,#4655);
#3643=LINE('',#18717,#4656);
#3644=LINE('',#18718,#4657);
#3645=LINE('',#18721,#4658);
#3646=LINE('',#18722,#4659);
#3647=LINE('',#18726,#4660);
#3648=LINE('',#18728,#4661);
#3649=LINE('',#18730,#4662);
#3650=LINE('',#18731,#4663);
#3651=LINE('',#18734,#4664);
#3652=LINE('',#18736,#4665);
#3653=LINE('',#18737,#4666);
#3654=LINE('',#18740,#4667);
#3655=LINE('',#18742,#4668);
#3656=LINE('',#18743,#4669);
#3657=LINE('',#18745,#4670);
#3658=LINE('',#18746,#4671);
#3659=LINE('',#18750,#4672);
#3660=LINE('',#18751,#4673);
#3661=LINE('',#18754,#4674);
#3662=LINE('',#18755,#4675);
#3663=LINE('',#18757,#4676);
#3664=LINE('',#18764,#4677);
#3665=LINE('',#18770,#4678);
#3666=LINE('',#18776,#4679);
#3667=LINE('',#18783,#4680);
#3668=LINE('',#18790,#4681);
#3669=LINE('',#18797,#4682);
#3670=LINE('',#18803,#4683);
#3671=LINE('',#18805,#4684);
#3672=LINE('',#18807,#4685);
#3673=LINE('',#18808,#4686);
#3674=LINE('',#18811,#4687);
#3675=LINE('',#18813,#4688);
#3676=LINE('',#18814,#4689);
#3677=LINE('',#18817,#4690);
#3678=LINE('',#18819,#4691);
#3679=LINE('',#18820,#4692);
#3680=LINE('',#18822,#4693);
#3681=LINE('',#18823,#4694);
#3682=LINE('',#18828,#4695);
#3683=LINE('',#18835,#4696);
#3684=LINE('',#18842,#4697);
#3685=LINE('',#18849,#4698);
#3686=LINE('',#18855,#4699);
#3687=LINE('',#18857,#4700);
#3688=LINE('',#18859,#4701);
#3689=LINE('',#18860,#4702);
#3690=LINE('',#18863,#4703);
#3691=LINE('',#18865,#4704);
#3692=LINE('',#18866,#4705);
#3693=LINE('',#18869,#4706);
#3694=LINE('',#18871,#4707);
#3695=LINE('',#18872,#4708);
#3696=LINE('',#18874,#4709);
#3697=LINE('',#18875,#4710);
#3698=LINE('',#18883,#4711);
#3699=LINE('',#18889,#4712);
#3700=LINE('',#18895,#4713);
#3701=LINE('',#18901,#4714);
#3702=LINE('',#18906,#4715);
#3703=LINE('',#18908,#4716);
#3704=LINE('',#18910,#4717);
#3705=LINE('',#18911,#4718);
#3706=LINE('',#18914,#4719);
#3707=LINE('',#18916,#4720);
#3708=LINE('',#18917,#4721);
#3709=LINE('',#18920,#4722);
#3710=LINE('',#18922,#4723);
#3711=LINE('',#18923,#4724);
#3712=LINE('',#18925,#4725);
#3713=LINE('',#18926,#4726);
#3714=VECTOR('',#12462,1.25);
#3715=VECTOR('',#12469,1.25);
#3716=VECTOR('',#12476,1.25);
#3717=VECTOR('',#12483,1.25);
#3718=VECTOR('',#12490,1.25);
#3719=VECTOR('',#12497,1.25);
#3720=VECTOR('',#12504,1.25);
#3721=VECTOR('',#12511,1.25);
#3722=VECTOR('',#12518,1.25);
#3723=VECTOR('',#12525,1.25);
#3724=VECTOR('',#12532,1.25);
#3725=VECTOR('',#12539,1.25);
#3726=VECTOR('',#12544,10.);
#3727=VECTOR('',#12545,10.);
#3728=VECTOR('',#12546,10.);
#3729=VECTOR('',#12547,10.);
#3730=VECTOR('',#12550,10.);
#3731=VECTOR('',#12551,10.);
#3732=VECTOR('',#12552,10.);
#3733=VECTOR('',#12553,10.);
#3734=VECTOR('',#12556,10.);
#3735=VECTOR('',#12557,10.);
#3736=VECTOR('',#12560,10.);
#3737=VECTOR('',#12561,10.);
#3738=VECTOR('',#12564,10.);
#3739=VECTOR('',#12565,10.);
#3740=VECTOR('',#12566,10.);
#3741=VECTOR('',#12567,10.);
#3742=VECTOR('',#12570,10.);
#3743=VECTOR('',#12571,10.);
#3744=VECTOR('',#12572,10.);
#3745=VECTOR('',#12573,10.);
#3746=VECTOR('',#12576,10.);
#3747=VECTOR('',#12577,10.);
#3748=VECTOR('',#12580,10.);
#3749=VECTOR('',#12581,10.);
#3750=VECTOR('',#12584,10.);
#3751=VECTOR('',#12585,10.);
#3752=VECTOR('',#12586,10.);
#3753=VECTOR('',#12587,10.);
#3754=VECTOR('',#12590,10.);
#3755=VECTOR('',#12591,10.);
#3756=VECTOR('',#12592,10.);
#3757=VECTOR('',#12593,10.);
#3758=VECTOR('',#12596,10.);
#3759=VECTOR('',#12597,10.);
#3760=VECTOR('',#12600,10.);
#3761=VECTOR('',#12601,10.);
#3762=VECTOR('',#12604,10.);
#3763=VECTOR('',#12605,10.);
#3764=VECTOR('',#12606,10.);
#3765=VECTOR('',#12607,10.);
#3766=VECTOR('',#12610,10.);
#3767=VECTOR('',#12611,10.);
#3768=VECTOR('',#12612,10.);
#3769=VECTOR('',#12613,10.);
#3770=VECTOR('',#12616,10.);
#3771=VECTOR('',#12617,10.);
#3772=VECTOR('',#12620,10.);
#3773=VECTOR('',#12621,10.);
#3774=VECTOR('',#12626,1.45);
#3775=VECTOR('',#12633,1.45);
#3776=VECTOR('',#12640,1.45);
#3777=VECTOR('',#12647,1.45);
#3778=VECTOR('',#12654,1.45);
#3779=VECTOR('',#12661,1.45);
#3780=VECTOR('',#12668,1.7);
#3781=VECTOR('',#12675,1.7);
#3782=VECTOR('',#12682,1.7);
#3783=VECTOR('',#12689,1.7);
#3784=VECTOR('',#12696,1.7);
#3785=VECTOR('',#12703,1.7);
#3786=VECTOR('',#12710,1.7);
#3787=VECTOR('',#12717,1.7);
#3788=VECTOR('',#12724,1.7);
#3789=VECTOR('',#12731,1.7);
#3790=VECTOR('',#12738,1.7);
#3791=VECTOR('',#12745,1.7);
#3792=VECTOR('',#12752,1.7);
#3793=VECTOR('',#12759,1.7);
#3794=VECTOR('',#12766,1.7);
#3795=VECTOR('',#12773,1.7);
#3796=VECTOR('',#12778,10.);
#3797=VECTOR('',#12779,10.);
#3798=VECTOR('',#12780,10.);
#3799=VECTOR('',#12781,10.);
#3800=VECTOR('',#12784,10.);
#3801=VECTOR('',#12785,10.);
#3802=VECTOR('',#12786,10.);
#3803=VECTOR('',#12789,10.);
#3804=VECTOR('',#12790,10.);
#3805=VECTOR('',#12791,10.);
#3806=VECTOR('',#12794,10.);
#3807=VECTOR('',#12795,10.);
#3808=VECTOR('',#12796,10.);
#3809=VECTOR('',#12797,10.);
#3810=VECTOR('',#12798,10.);
#3811=VECTOR('',#12799,10.);
#3812=VECTOR('',#12800,10.);
#3813=VECTOR('',#12801,10.);
#3814=VECTOR('',#12802,10.);
#3815=VECTOR('',#12805,10.);
#3816=VECTOR('',#12806,10.);
#3817=VECTOR('',#12809,10.);
#3818=VECTOR('',#12810,10.);
#3819=VECTOR('',#12811,10.);
#3820=VECTOR('',#12814,10.);
#3821=VECTOR('',#12815,10.);
#3822=VECTOR('',#12818,10.);
#3823=VECTOR('',#12819,10.);
#3824=VECTOR('',#12822,10.);
#3825=VECTOR('',#12823,10.);
#3826=VECTOR('',#12824,10.);
#3827=VECTOR('',#12825,10.);
#3828=VECTOR('',#12826,10.);
#3829=VECTOR('',#12829,10.);
#3830=VECTOR('',#12832,10.);
#3831=VECTOR('',#12835,10.);
#3832=VECTOR('',#12846,1.7);
#3833=VECTOR('',#12853,1.7);
#3834=VECTOR('',#12858,10.);
#3835=VECTOR('',#12859,10.);
#3836=VECTOR('',#12860,10.);
#3837=VECTOR('',#12861,10.);
#3838=VECTOR('',#12864,10.);
#3839=VECTOR('',#12865,10.);
#3840=VECTOR('',#12866,10.);
#3841=VECTOR('',#12869,10.);
#3842=VECTOR('',#12870,10.);
#3843=VECTOR('',#12871,10.);
#3844=VECTOR('',#12874,10.);
#3845=VECTOR('',#12875,10.);
#3846=VECTOR('',#12876,10.);
#3847=VECTOR('',#12877,10.);
#3848=VECTOR('',#12878,10.);
#3849=VECTOR('',#12881,10.);
#3850=VECTOR('',#12882,10.);
#3851=VECTOR('',#12885,10.);
#3852=VECTOR('',#12886,10.);
#3853=VECTOR('',#12889,10.);
#3854=VECTOR('',#12890,10.);
#3855=VECTOR('',#12893,10.);
#3856=VECTOR('',#12894,10.);
#3857=VECTOR('',#12897,10.);
#3858=VECTOR('',#12906,1.7);
#3859=VECTOR('',#12913,1.7);
#3860=VECTOR('',#12918,10.);
#3861=VECTOR('',#12919,10.);
#3862=VECTOR('',#12920,10.);
#3863=VECTOR('',#12921,10.);
#3864=VECTOR('',#12924,10.);
#3865=VECTOR('',#12925,10.);
#3866=VECTOR('',#12926,10.);
#3867=VECTOR('',#12927,10.);
#3868=VECTOR('',#12930,10.);
#3869=VECTOR('',#12931,10.);
#3870=VECTOR('',#12934,10.);
#3871=VECTOR('',#12935,10.);
#3872=VECTOR('',#12936,10.);
#3873=VECTOR('',#12937,10.);
#3874=VECTOR('',#12938,10.);
#3875=VECTOR('',#12941,10.);
#3876=VECTOR('',#12942,10.);
#3877=VECTOR('',#12945,10.);
#3878=VECTOR('',#12946,10.);
#3879=VECTOR('',#12949,10.);
#3880=VECTOR('',#12950,10.);
#3881=VECTOR('',#12953,10.);
#3882=VECTOR('',#12954,10.);
#3883=VECTOR('',#12957,10.);
#3884=VECTOR('',#12966,3.);
#3885=VECTOR('',#12973,1.7);
#3886=VECTOR('',#12980,1.7);
#3887=VECTOR('',#12987,1.7);
#3888=VECTOR('',#12994,1.7);
#3889=VECTOR('',#13001,1.7);
#3890=VECTOR('',#13008,1.7);
#3891=VECTOR('',#13013,10.);
#3892=VECTOR('',#13014,10.);
#3893=VECTOR('',#13015,10.);
#3894=VECTOR('',#13016,10.);
#3895=VECTOR('',#13019,10.);
#3896=VECTOR('',#13020,10.);
#3897=VECTOR('',#13021,10.);
#3898=VECTOR('',#13024,10.);
#3899=VECTOR('',#13025,10.);
#3900=VECTOR('',#13026,10.);
#3901=VECTOR('',#13029,10.);
#3902=VECTOR('',#13030,10.);
#3903=VECTOR('',#13039,10.);
#3904=VECTOR('',#13048,10.);
#3905=VECTOR('',#13049,10.);
#3906=VECTOR('',#13050,10.);
#3907=VECTOR('',#13051,10.);
#3908=VECTOR('',#13058,10.);
#3909=VECTOR('',#13059,10.);
#3910=VECTOR('',#13060,10.);
#3911=VECTOR('',#13063,10.);
#3912=VECTOR('',#13064,10.);
#3913=VECTOR('',#13071,1.7);
#3914=VECTOR('',#13076,1.7);
#3915=VECTOR('',#13079,10.);
#3916=VECTOR('',#13080,10.);
#3917=VECTOR('',#13081,10.);
#3918=VECTOR('',#13082,10.);
#3919=VECTOR('',#13085,10.);
#3920=VECTOR('',#13086,10.);
#3921=VECTOR('',#13087,10.);
#3922=VECTOR('',#13090,10.);
#3923=VECTOR('',#13091,10.);
#3924=VECTOR('',#13100,10.);
#3925=VECTOR('',#13109,10.);
#3926=VECTOR('',#13110,10.);
#3927=VECTOR('',#13111,10.);
#3928=VECTOR('',#13112,10.);
#3929=VECTOR('',#13115,10.);
#3930=VECTOR('',#13116,10.);
#3931=VECTOR('',#13117,10.);
#3932=VECTOR('',#13124,10.);
#3933=VECTOR('',#13125,10.);
#3934=VECTOR('',#13132,1.7);
#3935=VECTOR('',#13137,1.7);
#3936=VECTOR('',#13140,10.);
#3937=VECTOR('',#13141,10.);
#3938=VECTOR('',#13142,10.);
#3939=VECTOR('',#13143,10.);
#3940=VECTOR('',#13146,10.);
#3941=VECTOR('',#13147,10.);
#3942=VECTOR('',#13148,10.);
#3943=VECTOR('',#13151,10.);
#3944=VECTOR('',#13152,10.);
#3945=VECTOR('',#13161,1.25);
#3946=VECTOR('',#13166,1.25);
#3947=VECTOR('',#13175,1.25);
#3948=VECTOR('',#13184,3.);
#3949=VECTOR('',#13185,3.);
#3950=VECTOR('',#13194,1.25);
#3951=VECTOR('',#13197,1.25);
#3952=VECTOR('',#13200,1.25);
#3953=VECTOR('',#13205,1.25);
#3954=VECTOR('',#13214,1.25);
#3955=VECTOR('',#13223,3.);
#3956=VECTOR('',#13224,3.);
#3957=VECTOR('',#13233,1.25);
#3958=VECTOR('',#13238,1.25);
#3959=VECTOR('',#13247,1.25);
#3960=VECTOR('',#13256,3.);
#3961=VECTOR('',#13257,3.);
#3962=VECTOR('',#13266,1.25);
#3963=VECTOR('',#13271,1.25);
#3964=VECTOR('',#13280,1.25);
#3965=VECTOR('',#13289,3.);
#3966=VECTOR('',#13290,3.);
#3967=VECTOR('',#13319,21.);
#3968=VECTOR('',#13332,21.);
#3969=VECTOR('',#13345,1.7);
#3970=VECTOR('',#13352,1.7);
#3971=VECTOR('',#13357,10.);
#3972=VECTOR('',#13358,10.);
#3973=VECTOR('',#13359,10.);
#3974=VECTOR('',#13360,10.);
#3975=VECTOR('',#13363,10.);
#3976=VECTOR('',#13364,10.);
#3977=VECTOR('',#13365,10.);
#3978=VECTOR('',#13368,10.);
#3979=VECTOR('',#13369,10.);
#3980=VECTOR('',#13370,10.);
#3981=VECTOR('',#13373,10.);
#3982=VECTOR('',#13374,10.);
#3983=VECTOR('',#13385,10.);
#3984=VECTOR('',#13398,1.7);
#3985=VECTOR('',#13405,1.7);
#3986=VECTOR('',#13410,10.);
#3987=VECTOR('',#13411,10.);
#3988=VECTOR('',#13412,10.);
#3989=VECTOR('',#13413,10.);
#3990=VECTOR('',#13416,10.);
#3991=VECTOR('',#13417,10.);
#3992=VECTOR('',#13418,10.);
#3993=VECTOR('',#13421,10.);
#3994=VECTOR('',#13422,10.);
#3995=VECTOR('',#13423,10.);
#3996=VECTOR('',#13426,10.);
#3997=VECTOR('',#13427,10.);
#3998=VECTOR('',#13438,10.);
#3999=VECTOR('',#13449,10.);
#4000=VECTOR('',#13450,10.);
#4001=VECTOR('',#13451,10.);
#4002=VECTOR('',#13452,10.);
#4003=VECTOR('',#13455,10.);
#4004=VECTOR('',#13456,10.);
#4005=VECTOR('',#13457,10.);
#4006=VECTOR('',#13458,10.);
#4007=VECTOR('',#13461,10.);
#4008=VECTOR('',#13462,10.);
#4009=VECTOR('',#13463,10.);
#4010=VECTOR('',#13466,10.);
#4011=VECTOR('',#13467,10.);
#4012=VECTOR('',#13468,10.);
#4013=VECTOR('',#13471,10.);
#4014=VECTOR('',#13472,10.);
#4015=VECTOR('',#13473,10.);
#4016=VECTOR('',#13476,10.);
#4017=VECTOR('',#13477,10.);
#4018=VECTOR('',#13480,10.);
#4019=VECTOR('',#13481,10.);
#4020=VECTOR('',#13482,10.);
#4021=VECTOR('',#13485,10.);
#4022=VECTOR('',#13486,10.);
#4023=VECTOR('',#13489,10.);
#4024=VECTOR('',#13490,10.);
#4025=VECTOR('',#13491,10.);
#4026=VECTOR('',#13492,10.);
#4027=VECTOR('',#13495,10.);
#4028=VECTOR('',#13496,10.);
#4029=VECTOR('',#13497,10.);
#4030=VECTOR('',#13498,10.);
#4031=VECTOR('',#13501,10.);
#4032=VECTOR('',#13502,10.);
#4033=VECTOR('',#13503,10.);
#4034=VECTOR('',#13506,10.);
#4035=VECTOR('',#13507,10.);
#4036=VECTOR('',#13508,10.);
#4037=VECTOR('',#13511,10.);
#4038=VECTOR('',#13512,10.);
#4039=VECTOR('',#13513,10.);
#4040=VECTOR('',#13516,10.);
#4041=VECTOR('',#13517,10.);
#4042=VECTOR('',#13520,10.);
#4043=VECTOR('',#13521,10.);
#4044=VECTOR('',#13522,10.);
#4045=VECTOR('',#13525,10.);
#4046=VECTOR('',#13526,10.);
#4047=VECTOR('',#13531,1.25);
#4048=VECTOR('',#13540,1.25);
#4049=VECTOR('',#13549,1.25);
#4050=VECTOR('',#13558,1.25);
#4051=VECTOR('',#13567,1.25);
#4052=VECTOR('',#13576,1.25);
#4053=VECTOR('',#13583,10.);
#4054=VECTOR('',#13584,10.);
#4055=VECTOR('',#13585,10.);
#4056=VECTOR('',#13586,10.);
#4057=VECTOR('',#13589,10.);
#4058=VECTOR('',#13590,10.);
#4059=VECTOR('',#13591,10.);
#4060=VECTOR('',#13594,10.);
#4061=VECTOR('',#13595,10.);
#4062=VECTOR('',#13596,10.);
#4063=VECTOR('',#13599,10.);
#4064=VECTOR('',#13600,10.);
#4065=VECTOR('',#13601,10.);
#4066=VECTOR('',#13602,10.);
#4067=VECTOR('',#13603,10.);
#4068=VECTOR('',#13606,10.);
#4069=VECTOR('',#13607,10.);
#4070=VECTOR('',#13610,10.);
#4071=VECTOR('',#13611,10.);
#4072=VECTOR('',#13612,10.);
#4073=VECTOR('',#13615,10.);
#4074=VECTOR('',#13616,10.);
#4075=VECTOR('',#13619,10.);
#4076=VECTOR('',#13620,10.);
#4077=VECTOR('',#13631,1.7);
#4078=VECTOR('',#13638,1.7);
#4079=VECTOR('',#13643,10.);
#4080=VECTOR('',#13644,10.);
#4081=VECTOR('',#13645,10.);
#4082=VECTOR('',#13646,10.);
#4083=VECTOR('',#13649,10.);
#4084=VECTOR('',#13650,10.);
#4085=VECTOR('',#13651,10.);
#4086=VECTOR('',#13654,10.);
#4087=VECTOR('',#13655,10.);
#4088=VECTOR('',#13656,10.);
#4089=VECTOR('',#13659,10.);
#4090=VECTOR('',#13660,10.);
#4091=VECTOR('',#13669,10.);
#4092=VECTOR('',#13670,10.);
#4093=VECTOR('',#13671,10.);
#4094=VECTOR('',#13672,10.);
#4095=VECTOR('',#13675,10.);
#4096=VECTOR('',#13676,10.);
#4097=VECTOR('',#13677,10.);
#4098=VECTOR('',#13678,10.);
#4099=VECTOR('',#13681,10.);
#4100=VECTOR('',#13682,10.);
#4101=VECTOR('',#13683,10.);
#4102=VECTOR('',#13686,10.);
#4103=VECTOR('',#13687,10.);
#4104=VECTOR('',#13688,10.);
#4105=VECTOR('',#13691,10.);
#4106=VECTOR('',#13692,10.);
#4107=VECTOR('',#13693,10.);
#4108=VECTOR('',#13696,10.);
#4109=VECTOR('',#13697,10.);
#4110=VECTOR('',#13700,10.);
#4111=VECTOR('',#13701,10.);
#4112=VECTOR('',#13702,10.);
#4113=VECTOR('',#13705,10.);
#4114=VECTOR('',#13706,10.);
#4115=VECTOR('',#13709,10.);
#4116=VECTOR('',#13710,10.);
#4117=VECTOR('',#13711,10.);
#4118=VECTOR('',#13712,10.);
#4119=VECTOR('',#13715,10.);
#4120=VECTOR('',#13716,10.);
#4121=VECTOR('',#13717,10.);
#4122=VECTOR('',#13718,10.);
#4123=VECTOR('',#13721,10.);
#4124=VECTOR('',#13722,10.);
#4125=VECTOR('',#13723,10.);
#4126=VECTOR('',#13726,10.);
#4127=VECTOR('',#13727,10.);
#4128=VECTOR('',#13728,10.);
#4129=VECTOR('',#13731,10.);
#4130=VECTOR('',#13732,10.);
#4131=VECTOR('',#13733,10.);
#4132=VECTOR('',#13736,10.);
#4133=VECTOR('',#13737,10.);
#4134=VECTOR('',#13740,10.);
#4135=VECTOR('',#13741,10.);
#4136=VECTOR('',#13742,10.);
#4137=VECTOR('',#13745,10.);
#4138=VECTOR('',#13746,10.);
#4139=VECTOR('',#13751,1.25);
#4140=VECTOR('',#13760,1.25);
#4141=VECTOR('',#13769,1.25);
#4142=VECTOR('',#13778,1.25);
#4143=VECTOR('',#13787,1.25);
#4144=VECTOR('',#13796,1.25);
#4145=VECTOR('',#13803,10.);
#4146=VECTOR('',#13804,10.);
#4147=VECTOR('',#13805,10.);
#4148=VECTOR('',#13806,10.);
#4149=VECTOR('',#13809,10.);
#4150=VECTOR('',#13810,10.);
#4151=VECTOR('',#13811,10.);
#4152=VECTOR('',#13814,10.);
#4153=VECTOR('',#13815,10.);
#4154=VECTOR('',#13816,10.);
#4155=VECTOR('',#13819,10.);
#4156=VECTOR('',#13820,10.);
#4157=VECTOR('',#13821,10.);
#4158=VECTOR('',#13822,10.);
#4159=VECTOR('',#13823,10.);
#4160=VECTOR('',#13826,10.);
#4161=VECTOR('',#13827,10.);
#4162=VECTOR('',#13830,10.);
#4163=VECTOR('',#13831,10.);
#4164=VECTOR('',#13832,10.);
#4165=VECTOR('',#13835,10.);
#4166=VECTOR('',#13836,10.);
#4167=VECTOR('',#13839,10.);
#4168=VECTOR('',#13840,10.);
#4169=VECTOR('',#13851,1.7);
#4170=VECTOR('',#13858,1.7);
#4171=VECTOR('',#13863,10.);
#4172=VECTOR('',#13864,10.);
#4173=VECTOR('',#13865,10.);
#4174=VECTOR('',#13866,10.);
#4175=VECTOR('',#13869,10.);
#4176=VECTOR('',#13870,10.);
#4177=VECTOR('',#13871,10.);
#4178=VECTOR('',#13874,10.);
#4179=VECTOR('',#13875,10.);
#4180=VECTOR('',#13876,10.);
#4181=VECTOR('',#13879,10.);
#4182=VECTOR('',#13880,10.);
#4183=VECTOR('',#13913,2.);
#4184=VECTOR('',#13926,2.);
#4185=VECTOR('',#13933,6.5);
#4186=VECTOR('',#13946,2.);
#4187=VECTOR('',#13953,6.5);
#4188=VECTOR('',#13966,13.75);
#4189=VECTOR('',#13977,10.);
#4190=VECTOR('',#13978,10.);
#4191=VECTOR('',#13979,10.);
#4192=VECTOR('',#13980,10.);
#4193=VECTOR('',#13983,10.);
#4194=VECTOR('',#13984,10.);
#4195=VECTOR('',#13985,10.);
#4196=VECTOR('',#13988,10.);
#4197=VECTOR('',#13989,10.);
#4198=VECTOR('',#13990,10.);
#4199=VECTOR('',#13993,10.);
#4200=VECTOR('',#13994,10.);
#4201=VECTOR('',#13999,1.25);
#4202=VECTOR('',#14008,1.25);
#4203=VECTOR('',#14017,1.25);
#4204=VECTOR('',#14026,1.25);
#4205=VECTOR('',#14035,10.);
#4206=VECTOR('',#14038,10.);
#4207=VECTOR('',#14041,10.);
#4208=VECTOR('',#14042,10.);
#4209=VECTOR('',#14043,10.);
#4210=VECTOR('',#14044,10.);
#4211=VECTOR('',#14045,10.);
#4212=VECTOR('',#14048,10.);
#4213=VECTOR('',#14049,10.);
#4214=VECTOR('',#14052,10.);
#4215=VECTOR('',#14053,10.);
#4216=VECTOR('',#14054,10.);
#4217=VECTOR('',#14057,10.);
#4218=VECTOR('',#14058,10.);
#4219=VECTOR('',#14061,10.);
#4220=VECTOR('',#14062,10.);
#4221=VECTOR('',#14073,2.);
#4222=VECTOR('',#14080,10.);
#4223=VECTOR('',#14093,1.585);
#4224=VECTOR('',#14100,10.);
#4225=VECTOR('',#14111,10.);
#4226=VECTOR('',#14112,10.);
#4227=VECTOR('',#14113,10.);
#4228=VECTOR('',#14114,10.);
#4229=VECTOR('',#14117,10.);
#4230=VECTOR('',#14118,10.);
#4231=VECTOR('',#14119,10.);
#4232=VECTOR('',#14122,10.);
#4233=VECTOR('',#14123,10.);
#4234=VECTOR('',#14124,10.);
#4235=VECTOR('',#14127,10.);
#4236=VECTOR('',#14128,10.);
#4237=VECTOR('',#14139,2.);
#4238=VECTOR('',#14146,2.);
#4239=VECTOR('',#14151,10.);
#4240=VECTOR('',#14152,10.);
#4241=VECTOR('',#14153,10.);
#4242=VECTOR('',#14154,10.);
#4243=VECTOR('',#14157,10.);
#4244=VECTOR('',#14158,10.);
#4245=VECTOR('',#14159,10.);
#4246=VECTOR('',#14162,10.);
#4247=VECTOR('',#14163,10.);
#4248=VECTOR('',#14164,10.);
#4249=VECTOR('',#14167,10.);
#4250=VECTOR('',#14168,10.);
#4251=VECTOR('',#14171,10.);
#4252=VECTOR('',#14172,10.);
#4253=VECTOR('',#14173,10.);
#4254=VECTOR('',#14174,10.);
#4255=VECTOR('',#14177,10.);
#4256=VECTOR('',#14178,10.);
#4257=VECTOR('',#14179,10.);
#4258=VECTOR('',#14182,10.);
#4259=VECTOR('',#14183,10.);
#4260=VECTOR('',#14184,10.);
#4261=VECTOR('',#14187,10.);
#4262=VECTOR('',#14188,10.);
#4263=VECTOR('',#14217,10.);
#4264=VECTOR('',#14218,10.);
#4265=VECTOR('',#14219,10.);
#4266=VECTOR('',#14220,10.);
#4267=VECTOR('',#14223,10.);
#4268=VECTOR('',#14224,10.);
#4269=VECTOR('',#14225,10.);
#4270=VECTOR('',#14228,10.);
#4271=VECTOR('',#14229,10.);
#4272=VECTOR('',#14230,10.);
#4273=VECTOR('',#14233,10.);
#4274=VECTOR('',#14234,10.);
#4275=VECTOR('',#14243,10.);
#4276=VECTOR('',#14244,10.);
#4277=VECTOR('',#14245,10.);
#4278=VECTOR('',#14246,10.);
#4279=VECTOR('',#14249,10.);
#4280=VECTOR('',#14250,10.);
#4281=VECTOR('',#14251,10.);
#4282=VECTOR('',#14254,10.);
#4283=VECTOR('',#14255,10.);
#4284=VECTOR('',#14256,10.);
#4285=VECTOR('',#14259,10.);
#4286=VECTOR('',#14260,10.);
#4287=VECTOR('',#14269,10.);
#4288=VECTOR('',#14270,10.);
#4289=VECTOR('',#14271,10.);
#4290=VECTOR('',#14272,10.);
#4291=VECTOR('',#14275,10.);
#4292=VECTOR('',#14276,10.);
#4293=VECTOR('',#14277,10.);
#4294=VECTOR('',#14280,10.);
#4295=VECTOR('',#14281,10.);
#4296=VECTOR('',#14282,10.);
#4297=VECTOR('',#14285,10.);
#4298=VECTOR('',#14286,10.);
#4299=VECTOR('',#14295,10.);
#4300=VECTOR('',#14296,10.);
#4301=VECTOR('',#14297,10.);
#4302=VECTOR('',#14298,10.);
#4303=VECTOR('',#14301,10.);
#4304=VECTOR('',#14302,10.);
#4305=VECTOR('',#14303,10.);
#4306=VECTOR('',#14306,10.);
#4307=VECTOR('',#14307,10.);
#4308=VECTOR('',#14308,10.);
#4309=VECTOR('',#14311,10.);
#4310=VECTOR('',#14312,10.);
#4311=VECTOR('',#14321,10.);
#4312=VECTOR('',#14322,10.);
#4313=VECTOR('',#14323,10.);
#4314=VECTOR('',#14324,10.);
#4315=VECTOR('',#14327,10.);
#4316=VECTOR('',#14328,10.);
#4317=VECTOR('',#14329,10.);
#4318=VECTOR('',#14332,10.);
#4319=VECTOR('',#14333,10.);
#4320=VECTOR('',#14334,10.);
#4321=VECTOR('',#14337,10.);
#4322=VECTOR('',#14338,10.);
#4323=VECTOR('',#14349,1.3);
#4324=VECTOR('',#14356,1.3);
#4325=VECTOR('',#14363,1.3);
#4326=VECTOR('',#14370,1.3);
#4327=VECTOR('',#14375,10.);
#4328=VECTOR('',#14376,10.);
#4329=VECTOR('',#14377,10.);
#4330=VECTOR('',#14378,10.);
#4331=VECTOR('',#14381,10.);
#4332=VECTOR('',#14382,10.);
#4333=VECTOR('',#14383,10.);
#4334=VECTOR('',#14386,10.);
#4335=VECTOR('',#14387,10.);
#4336=VECTOR('',#14388,10.);
#4337=VECTOR('',#14391,10.);
#4338=VECTOR('',#14392,10.);
#4339=VECTOR('',#14399,10.);
#4340=VECTOR('',#14400,10.);
#4341=VECTOR('',#14401,10.);
#4342=VECTOR('',#14402,10.);
#4343=VECTOR('',#14405,10.);
#4344=VECTOR('',#14406,10.);
#4345=VECTOR('',#14407,10.);
#4346=VECTOR('',#14410,10.);
#4347=VECTOR('',#14411,10.);
#4348=VECTOR('',#14412,10.);
#4349=VECTOR('',#14415,10.);
#4350=VECTOR('',#14416,10.);
#4351=VECTOR('',#14423,10.);
#4352=VECTOR('',#14424,10.);
#4353=VECTOR('',#14425,10.);
#4354=VECTOR('',#14426,10.);
#4355=VECTOR('',#14429,10.);
#4356=VECTOR('',#14430,10.);
#4357=VECTOR('',#14431,10.);
#4358=VECTOR('',#14434,10.);
#4359=VECTOR('',#14435,10.);
#4360=VECTOR('',#14436,10.);
#4361=VECTOR('',#14439,10.);
#4362=VECTOR('',#14440,10.);
#4363=VECTOR('',#14447,10.);
#4364=VECTOR('',#14448,10.);
#4365=VECTOR('',#14449,10.);
#4366=VECTOR('',#14450,10.);
#4367=VECTOR('',#14453,10.);
#4368=VECTOR('',#14454,10.);
#4369=VECTOR('',#14455,10.);
#4370=VECTOR('',#14458,10.);
#4371=VECTOR('',#14459,10.);
#4372=VECTOR('',#14460,10.);
#4373=VECTOR('',#14463,10.);
#4374=VECTOR('',#14464,10.);
#4375=VECTOR('',#14475,1.);
#4376=VECTOR('',#14482,0.999999999999997);
#4377=VECTOR('',#14487,10.);
#4378=VECTOR('',#14488,10.);
#4379=VECTOR('',#14489,10.);
#4380=VECTOR('',#14490,10.);
#4381=VECTOR('',#14493,10.);
#4382=VECTOR('',#14494,10.);
#4383=VECTOR('',#14495,10.);
#4384=VECTOR('',#14498,10.);
#4385=VECTOR('',#14499,10.);
#4386=VECTOR('',#14500,10.);
#4387=VECTOR('',#14503,10.);
#4388=VECTOR('',#14504,10.);
#4389=VECTOR('',#14535,1.7);
#4390=VECTOR('',#14542,1.7);
#4391=VECTOR('',#14549,1.7);
#4392=VECTOR('',#14556,1.7);
#4393=VECTOR('',#14561,10.);
#4394=VECTOR('',#14562,10.);
#4395=VECTOR('',#14563,10.);
#4396=VECTOR('',#14564,10.);
#4397=VECTOR('',#14567,10.);
#4398=VECTOR('',#14568,10.);
#4399=VECTOR('',#14569,10.);
#4400=VECTOR('',#14572,10.);
#4401=VECTOR('',#14573,10.);
#4402=VECTOR('',#14574,10.);
#4403=VECTOR('',#14577,10.);
#4404=VECTOR('',#14578,10.);
#4405=VECTOR('',#14593,1.45);
#4406=VECTOR('',#14600,1.45);
#4407=VECTOR('',#14607,1.45);
#4408=VECTOR('',#14614,1.45);
#4409=VECTOR('',#14619,10.);
#4410=VECTOR('',#14620,10.);
#4411=VECTOR('',#14621,10.);
#4412=VECTOR('',#14622,10.);
#4413=VECTOR('',#14625,10.);
#4414=VECTOR('',#14626,10.);
#4415=VECTOR('',#14627,10.);
#4416=VECTOR('',#14630,10.);
#4417=VECTOR('',#14631,10.);
#4418=VECTOR('',#14632,10.);
#4419=VECTOR('',#14635,10.);
#4420=VECTOR('',#14636,10.);
#4421=VECTOR('',#14639,10.);
#4422=VECTOR('',#14640,10.);
#4423=VECTOR('',#14641,10.);
#4424=VECTOR('',#14642,10.);
#4425=VECTOR('',#14645,10.);
#4426=VECTOR('',#14646,10.);
#4427=VECTOR('',#14647,10.);
#4428=VECTOR('',#14650,10.);
#4429=VECTOR('',#14651,10.);
#4430=VECTOR('',#14652,10.);
#4431=VECTOR('',#14655,10.);
#4432=VECTOR('',#14656,10.);
#4433=VECTOR('',#14659,10.);
#4434=VECTOR('',#14660,10.);
#4435=VECTOR('',#14661,10.);
#4436=VECTOR('',#14662,10.);
#4437=VECTOR('',#14665,10.);
#4438=VECTOR('',#14666,10.);
#4439=VECTOR('',#14667,10.);
#4440=VECTOR('',#14670,10.);
#4441=VECTOR('',#14671,10.);
#4442=VECTOR('',#14672,10.);
#4443=VECTOR('',#14675,10.);
#4444=VECTOR('',#14676,10.);
#4445=VECTOR('',#14683,10.);
#4446=VECTOR('',#14684,10.);
#4447=VECTOR('',#14685,10.);
#4448=VECTOR('',#14686,10.);
#4449=VECTOR('',#14689,10.);
#4450=VECTOR('',#14690,10.);
#4451=VECTOR('',#14691,10.);
#4452=VECTOR('',#14694,10.);
#4453=VECTOR('',#14695,10.);
#4454=VECTOR('',#14696,10.);
#4455=VECTOR('',#14699,10.);
#4456=VECTOR('',#14700,10.);
#4457=VECTOR('',#14707,10.);
#4458=VECTOR('',#14708,10.);
#4459=VECTOR('',#14709,10.);
#4460=VECTOR('',#14710,10.);
#4461=VECTOR('',#14713,10.);
#4462=VECTOR('',#14714,10.);
#4463=VECTOR('',#14715,10.);
#4464=VECTOR('',#14716,10.);
#4465=VECTOR('',#14719,10.);
#4466=VECTOR('',#14720,10.);
#4467=VECTOR('',#14723,10.);
#4468=VECTOR('',#14726,10.);
#4469=VECTOR('',#14735,1.05);
#4470=VECTOR('',#14744,1.05);
#4471=VECTOR('',#14753,2.5);
#4472=VECTOR('',#14766,1.05);
#4473=VECTOR('',#14775,1.05);
#4474=VECTOR('',#14784,2.5);
#4475=VECTOR('',#14797,1.05);
#4476=VECTOR('',#14806,1.05);
#4477=VECTOR('',#14815,2.5);
#4478=VECTOR('',#14828,1.05);
#4479=VECTOR('',#14837,1.05);
#4480=VECTOR('',#14846,2.5);
#4481=VECTOR('',#14859,1.05);
#4482=VECTOR('',#14868,1.05);
#4483=VECTOR('',#14877,3.);
#4484=VECTOR('',#14890,1.05);
#4485=VECTOR('',#14899,1.05);
#4486=VECTOR('',#14908,3.);
#4487=VECTOR('',#14921,1.7);
#4488=VECTOR('',#14928,1.7);
#4489=VECTOR('',#14933,10.);
#4490=VECTOR('',#14934,10.);
#4491=VECTOR('',#14935,10.);
#4492=VECTOR('',#14936,10.);
#4493=VECTOR('',#14939,10.);
#4494=VECTOR('',#14940,10.);
#4495=VECTOR('',#14941,10.);
#4496=VECTOR('',#14944,10.);
#4497=VECTOR('',#14945,10.);
#4498=VECTOR('',#14946,10.);
#4499=VECTOR('',#14949,10.);
#4500=VECTOR('',#14950,10.);
#4501=VECTOR('',#14951,10.);
#4502=VECTOR('',#14952,10.);
#4503=VECTOR('',#14953,10.);
#4504=VECTOR('',#14956,10.);
#4505=VECTOR('',#14957,10.);
#4506=VECTOR('',#14960,10.);
#4507=VECTOR('',#14961,10.);
#4508=VECTOR('',#14962,10.);
#4509=VECTOR('',#14963,10.);
#4510=VECTOR('',#14966,10.);
#4511=VECTOR('',#14967,10.);
#4512=VECTOR('',#14968,10.);
#4513=VECTOR('',#14971,10.);
#4514=VECTOR('',#14972,10.);
#4515=VECTOR('',#14973,10.);
#4516=VECTOR('',#14976,10.);
#4517=VECTOR('',#14977,10.);
#4518=VECTOR('',#14982,10.);
#4519=VECTOR('',#14983,10.);
#4520=VECTOR('',#14984,10.);
#4521=VECTOR('',#14987,10.);
#4522=VECTOR('',#14988,10.);
#4523=VECTOR('',#14989,10.);
#4524=VECTOR('',#14992,10.);
#4525=VECTOR('',#15003,1.7);
#4526=VECTOR('',#15010,1.7);
#4527=VECTOR('',#15015,10.);
#4528=VECTOR('',#15016,10.);
#4529=VECTOR('',#15017,10.);
#4530=VECTOR('',#15018,10.);
#4531=VECTOR('',#15021,10.);
#4532=VECTOR('',#15022,10.);
#4533=VECTOR('',#15023,10.);
#4534=VECTOR('',#15024,10.);
#4535=VECTOR('',#15027,10.);
#4536=VECTOR('',#15028,10.);
#4537=VECTOR('',#15031,10.);
#4538=VECTOR('',#15032,10.);
#4539=VECTOR('',#15033,10.);
#4540=VECTOR('',#15034,10.);
#4541=VECTOR('',#15035,10.);
#4542=VECTOR('',#15038,10.);
#4543=VECTOR('',#15039,10.);
#4544=VECTOR('',#15042,10.);
#4545=VECTOR('',#15043,10.);
#4546=VECTOR('',#15046,10.);
#4547=VECTOR('',#15047,10.);
#4548=VECTOR('',#15048,10.);
#4549=VECTOR('',#15049,10.);
#4550=VECTOR('',#15052,10.);
#4551=VECTOR('',#15053,10.);
#4552=VECTOR('',#15054,10.);
#4553=VECTOR('',#15057,10.);
#4554=VECTOR('',#15058,10.);
#4555=VECTOR('',#15059,10.);
#4556=VECTOR('',#15062,10.);
#4557=VECTOR('',#15063,10.);
#4558=VECTOR('',#15068,10.);
#4559=VECTOR('',#15069,10.);
#4560=VECTOR('',#15072,10.);
#4561=VECTOR('',#15073,10.);
#4562=VECTOR('',#15076,10.);
#4563=VECTOR('',#15085,1.7);
#4564=VECTOR('',#15092,1.7);
#4565=VECTOR('',#15097,10.);
#4566=VECTOR('',#15098,10.);
#4567=VECTOR('',#15099,10.);
#4568=VECTOR('',#15100,10.);
#4569=VECTOR('',#15103,10.);
#4570=VECTOR('',#15104,10.);
#4571=VECTOR('',#15105,10.);
#4572=VECTOR('',#15106,10.);
#4573=VECTOR('',#15109,10.);
#4574=VECTOR('',#15110,10.);
#4575=VECTOR('',#15113,10.);
#4576=VECTOR('',#15114,10.);
#4577=VECTOR('',#15115,10.);
#4578=VECTOR('',#15116,10.);
#4579=VECTOR('',#15117,10.);
#4580=VECTOR('',#15120,10.);
#4581=VECTOR('',#15121,10.);
#4582=VECTOR('',#15124,10.);
#4583=VECTOR('',#15125,10.);
#4584=VECTOR('',#15128,10.);
#4585=VECTOR('',#15129,10.);
#4586=VECTOR('',#15130,10.);
#4587=VECTOR('',#15131,10.);
#4588=VECTOR('',#15134,10.);
#4589=VECTOR('',#15135,10.);
#4590=VECTOR('',#15136,10.);
#4591=VECTOR('',#15139,10.);
#4592=VECTOR('',#15140,10.);
#4593=VECTOR('',#15141,10.);
#4594=VECTOR('',#15144,10.);
#4595=VECTOR('',#15145,10.);
#4596=VECTOR('',#15150,10.);
#4597=VECTOR('',#15151,10.);
#4598=VECTOR('',#15154,10.);
#4599=VECTOR('',#15155,10.);
#4600=VECTOR('',#15158,10.);
#4601=VECTOR('',#15167,1.7);
#4602=VECTOR('',#15174,1.7);
#4603=VECTOR('',#15179,10.);
#4604=VECTOR('',#15180,10.);
#4605=VECTOR('',#15181,10.);
#4606=VECTOR('',#15182,10.);
#4607=VECTOR('',#15185,10.);
#4608=VECTOR('',#15186,10.);
#4609=VECTOR('',#15187,10.);
#4610=VECTOR('',#15190,10.);
#4611=VECTOR('',#15191,10.);
#4612=VECTOR('',#15192,10.);
#4613=VECTOR('',#15195,10.);
#4614=VECTOR('',#15196,10.);
#4615=VECTOR('',#15197,10.);
#4616=VECTOR('',#15198,10.);
#4617=VECTOR('',#15199,10.);
#4618=VECTOR('',#15202,10.);
#4619=VECTOR('',#15203,10.);
#4620=VECTOR('',#15206,10.);
#4621=VECTOR('',#15207,10.);
#4622=VECTOR('',#15208,10.);
#4623=VECTOR('',#15209,10.);
#4624=VECTOR('',#15212,10.);
#4625=VECTOR('',#15213,10.);
#4626=VECTOR('',#15214,10.);
#4627=VECTOR('',#15217,10.);
#4628=VECTOR('',#15218,10.);
#4629=VECTOR('',#15219,10.);
#4630=VECTOR('',#15222,10.);
#4631=VECTOR('',#15223,10.);
#4632=VECTOR('',#15228,10.);
#4633=VECTOR('',#15229,10.);
#4634=VECTOR('',#15230,10.);
#4635=VECTOR('',#15233,10.);
#4636=VECTOR('',#15234,10.);
#4637=VECTOR('',#15235,10.);
#4638=VECTOR('',#15238,10.);
#4639=VECTOR('',#15249,1.7);
#4640=VECTOR('',#15256,1.7);
#4641=VECTOR('',#15261,10.);
#4642=VECTOR('',#15262,10.);
#4643=VECTOR('',#15263,10.);
#4644=VECTOR('',#15264,10.);
#4645=VECTOR('',#15267,10.);
#4646=VECTOR('',#15268,10.);
#4647=VECTOR('',#15269,10.);
#4648=VECTOR('',#15270,10.);
#4649=VECTOR('',#15273,10.);
#4650=VECTOR('',#15274,10.);
#4651=VECTOR('',#15277,10.);
#4652=VECTOR('',#15278,10.);
#4653=VECTOR('',#15279,10.);
#4654=VECTOR('',#15280,10.);
#4655=VECTOR('',#15281,10.);
#4656=VECTOR('',#15284,10.);
#4657=VECTOR('',#15285,10.);
#4658=VECTOR('',#15288,10.);
#4659=VECTOR('',#15289,10.);
#4660=VECTOR('',#15292,10.);
#4661=VECTOR('',#15293,10.);
#4662=VECTOR('',#15294,10.);
#4663=VECTOR('',#15295,10.);
#4664=VECTOR('',#15298,10.);
#4665=VECTOR('',#15299,10.);
#4666=VECTOR('',#15300,10.);
#4667=VECTOR('',#15303,10.);
#4668=VECTOR('',#15304,10.);
#4669=VECTOR('',#15305,10.);
#4670=VECTOR('',#15308,10.);
#4671=VECTOR('',#15309,10.);
#4672=VECTOR('',#15314,10.);
#4673=VECTOR('',#15315,10.);
#4674=VECTOR('',#15318,10.);
#4675=VECTOR('',#15319,10.);
#4676=VECTOR('',#15322,10.);
#4677=VECTOR('',#15331,1.7);
#4678=VECTOR('',#15338,1.7);
#4679=VECTOR('',#15345,0.800000000000001);
#4680=VECTOR('',#15354,0.800000000000001);
#4681=VECTOR('',#15363,0.800000000000001);
#4682=VECTOR('',#15372,0.800000000000001);
#4683=VECTOR('',#15379,10.);
#4684=VECTOR('',#15380,10.);
#4685=VECTOR('',#15381,10.);
#4686=VECTOR('',#15382,10.);
#4687=VECTOR('',#15385,10.);
#4688=VECTOR('',#15386,10.);
#4689=VECTOR('',#15387,10.);
#4690=VECTOR('',#15390,10.);
#4691=VECTOR('',#15391,10.);
#4692=VECTOR('',#15392,10.);
#4693=VECTOR('',#15395,10.);
#4694=VECTOR('',#15396,10.);
#4695=VECTOR('',#15401,2.25);
#4696=VECTOR('',#15410,2.25);
#4697=VECTOR('',#15419,2.25);
#4698=VECTOR('',#15428,2.25);
#4699=VECTOR('',#15435,10.);
#4700=VECTOR('',#15436,10.);
#4701=VECTOR('',#15437,10.);
#4702=VECTOR('',#15438,10.);
#4703=VECTOR('',#15441,10.);
#4704=VECTOR('',#15442,10.);
#4705=VECTOR('',#15443,10.);
#4706=VECTOR('',#15446,10.);
#4707=VECTOR('',#15447,10.);
#4708=VECTOR('',#15448,10.);
#4709=VECTOR('',#15451,10.);
#4710=VECTOR('',#15452,10.);
#4711=VECTOR('',#15463,1.1);
#4712=VECTOR('',#15470,1.1);
#4713=VECTOR('',#15477,1.7);
#4714=VECTOR('',#15484,1.7);
#4715=VECTOR('',#15489,10.);
#4716=VECTOR('',#15490,10.);
#4717=VECTOR('',#15491,10.);
#4718=VECTOR('',#15492,10.);
#4719=VECTOR('',#15495,10.);
#4720=VECTOR('',#15496,10.);
#4721=VECTOR('',#15497,10.);
#4722=VECTOR('',#15500,10.);
#4723=VECTOR('',#15501,10.);
#4724=VECTOR('',#15502,10.);
#4725=VECTOR('',#15505,10.);
#4726=VECTOR('',#15506,10.);
#4727=CIRCLE('',#11411,1.25);
#4728=CIRCLE('',#11412,1.25);
#4729=CIRCLE('',#11414,1.25);
#4730=CIRCLE('',#11415,1.25);
#4731=CIRCLE('',#11417,1.25);
#4732=CIRCLE('',#11418,1.25);
#4733=CIRCLE('',#11420,1.25);
#4734=CIRCLE('',#11421,1.25);
#4735=CIRCLE('',#11423,1.25);
#4736=CIRCLE('',#11424,1.25);
#4737=CIRCLE('',#11426,1.25);
#4738=CIRCLE('',#11427,1.25);
#4739=CIRCLE('',#11429,1.25);
#4740=CIRCLE('',#11430,1.25);
#4741=CIRCLE('',#11432,1.25);
#4742=CIRCLE('',#11433,1.25);
#4743=CIRCLE('',#11435,1.25);
#4744=CIRCLE('',#11436,1.25);
#4745=CIRCLE('',#11438,1.25);
#4746=CIRCLE('',#11439,1.25);
#4747=CIRCLE('',#11441,1.25);
#4748=CIRCLE('',#11442,1.25);
#4749=CIRCLE('',#11444,1.25);
#4750=CIRCLE('',#11445,1.25);
#4751=CIRCLE('',#11463,1.45);
#4752=CIRCLE('',#11464,1.45);
#4753=CIRCLE('',#11466,1.45);
#4754=CIRCLE('',#11467,1.45);
#4755=CIRCLE('',#11469,1.45);
#4756=CIRCLE('',#11470,1.45);
#4757=CIRCLE('',#11472,1.45);
#4758=CIRCLE('',#11473,1.45);
#4759=CIRCLE('',#11475,1.45);
#4760=CIRCLE('',#11476,1.45);
#4761=CIRCLE('',#11478,1.45);
#4762=CIRCLE('',#11479,1.45);
#4763=CIRCLE('',#11481,1.7);
#4764=CIRCLE('',#11482,1.7);
#4765=CIRCLE('',#11484,1.7);
#4766=CIRCLE('',#11485,1.7);
#4767=CIRCLE('',#11487,1.7);
#4768=CIRCLE('',#11488,1.7);
#4769=CIRCLE('',#11490,1.7);
#4770=CIRCLE('',#11491,1.7);
#4771=CIRCLE('',#11493,1.7);
#4772=CIRCLE('',#11494,1.7);
#4773=CIRCLE('',#11496,1.7);
#4774=CIRCLE('',#11497,1.7);
#4775=CIRCLE('',#11499,1.7);
#4776=CIRCLE('',#11500,1.7);
#4777=CIRCLE('',#11502,1.7);
#4778=CIRCLE('',#11503,1.7);
#4779=CIRCLE('',#11505,1.7);
#4780=CIRCLE('',#11506,1.7);
#4781=CIRCLE('',#11508,1.7);
#4782=CIRCLE('',#11509,1.7);
#4783=CIRCLE('',#11511,1.7);
#4784=CIRCLE('',#11512,1.7);
#4785=CIRCLE('',#11514,1.7);
#4786=CIRCLE('',#11515,1.7);
#4787=CIRCLE('',#11517,1.7);
#4788=CIRCLE('',#11518,1.7);
#4789=CIRCLE('',#11520,1.7);
#4790=CIRCLE('',#11521,1.7);
#4791=CIRCLE('',#11523,1.7);
#4792=CIRCLE('',#11524,1.7);
#4793=CIRCLE('',#11526,1.7);
#4794=CIRCLE('',#11527,1.7);
#4795=CIRCLE('',#11544,1.7);
#4796=CIRCLE('',#11545,1.7);
#4797=CIRCLE('',#11547,1.7);
#4798=CIRCLE('',#11548,1.7);
#4799=CIRCLE('',#11561,1.7);
#4800=CIRCLE('',#11562,1.7);
#4801=CIRCLE('',#11564,1.7);
#4802=CIRCLE('',#11565,1.7);
#4803=CIRCLE('',#11578,3.);
#4804=CIRCLE('',#11579,3.);
#4805=CIRCLE('',#11581,1.7);
#4806=CIRCLE('',#11582,1.7);
#4807=CIRCLE('',#11584,1.7);
#4808=CIRCLE('',#11585,1.7);
#4809=CIRCLE('',#11587,1.7);
#4810=CIRCLE('',#11588,1.7);
#4811=CIRCLE('',#11590,1.7);
#4812=CIRCLE('',#11591,1.7);
#4813=CIRCLE('',#11593,1.7);
#4814=CIRCLE('',#11594,1.7);
#4815=CIRCLE('',#11596,1.7);
#4816=CIRCLE('',#11597,1.7);
#4817=CIRCLE('',#11606,1.25);
#4818=CIRCLE('',#11610,1.7);
#4819=CIRCLE('',#11611,1.7);
#4820=CIRCLE('',#11616,1.7);
#4821=CIRCLE('',#11618,1.7);
#4822=CIRCLE('',#11626,1.25);
#4823=CIRCLE('',#11631,1.7);
#4824=CIRCLE('',#11632,1.7);
#4825=CIRCLE('',#11636,1.7);
#4826=CIRCLE('',#11638,1.7);
#4827=CIRCLE('',#11647,1.25);
#4828=CIRCLE('',#11648,1.25);
#4829=CIRCLE('',#11651,1.25);
#4830=CIRCLE('',#11652,1.25);
#4831=CIRCLE('',#11655,3.);
#4832=CIRCLE('',#11656,3.);
#4833=CIRCLE('',#11663,1.25);
#4834=CIRCLE('',#11664,1.25);
#4835=CIRCLE('',#11667,1.25);
#4836=CIRCLE('',#11668,1.25);
#4837=CIRCLE('',#11671,3.);
#4838=CIRCLE('',#11672,3.);
#4839=CIRCLE('',#11677,1.25);
#4840=CIRCLE('',#11678,1.25);
#4841=CIRCLE('',#11681,1.25);
#4842=CIRCLE('',#11682,1.25);
#4843=CIRCLE('',#11685,3.);
#4844=CIRCLE('',#11686,3.);
#4845=CIRCLE('',#11691,1.25);
#4846=CIRCLE('',#11692,1.25);
#4847=CIRCLE('',#11695,1.25);
#4848=CIRCLE('',#11696,1.25);
#4849=CIRCLE('',#11699,3.);
#4850=CIRCLE('',#11700,3.);
#4851=CIRCLE('',#11713,21.);
#4852=CIRCLE('',#11714,21.);
#4853=CIRCLE('',#11719,21.);
#4854=CIRCLE('',#11720,21.);
#4855=CIRCLE('',#11725,1.7);
#4856=CIRCLE('',#11726,1.7);
#4857=CIRCLE('',#11728,1.7);
#4858=CIRCLE('',#11729,1.7);
#4859=CIRCLE('',#11738,10.);
#4860=CIRCLE('',#11739,10.);
#4861=CIRCLE('',#11744,1.7);
#4862=CIRCLE('',#11745,1.7);
#4863=CIRCLE('',#11747,1.7);
#4864=CIRCLE('',#11748,1.7);
#4865=CIRCLE('',#11757,10.);
#4866=CIRCLE('',#11758,10.);
#4867=CIRCLE('',#11779,1.25);
#4868=CIRCLE('',#11780,1.25);
#4869=CIRCLE('',#11783,1.25);
#4870=CIRCLE('',#11784,1.25);
#4871=CIRCLE('',#11787,1.25);
#4872=CIRCLE('',#11788,1.25);
#4873=CIRCLE('',#11791,1.25);
#4874=CIRCLE('',#11792,1.25);
#4875=CIRCLE('',#11795,1.25);
#4876=CIRCLE('',#11796,1.25);
#4877=CIRCLE('',#11799,1.25);
#4878=CIRCLE('',#11800,1.25);
#4879=CIRCLE('',#11814,1.7);
#4880=CIRCLE('',#11815,1.7);
#4881=CIRCLE('',#11817,1.7);
#4882=CIRCLE('',#11818,1.7);
#4883=CIRCLE('',#11843,1.25);
#4884=CIRCLE('',#11844,1.25);
#4885=CIRCLE('',#11847,1.25);
#4886=CIRCLE('',#11848,1.25);
#4887=CIRCLE('',#11851,1.25);
#4888=CIRCLE('',#11852,1.25);
#4889=CIRCLE('',#11855,1.25);
#4890=CIRCLE('',#11856,1.25);
#4891=CIRCLE('',#11859,1.25);
#4892=CIRCLE('',#11860,1.25);
#4893=CIRCLE('',#11863,1.25);
#4894=CIRCLE('',#11864,1.25);
#4895=CIRCLE('',#11878,1.7);
#4896=CIRCLE('',#11879,1.7);
#4897=CIRCLE('',#11881,1.7);
#4898=CIRCLE('',#11882,1.7);
#4899=CIRCLE('',#11902,2.);
#4900=CIRCLE('',#11903,2.);
#4901=CIRCLE('',#11908,2.);
#4902=CIRCLE('',#11909,2.);
#4903=CIRCLE('',#11911,6.5);
#4904=CIRCLE('',#11912,6.5);
#4905=CIRCLE('',#11917,2.);
#4906=CIRCLE('',#11918,2.);
#4907=CIRCLE('',#11920,6.5);
#4908=CIRCLE('',#11921,6.5);
#4909=CIRCLE('',#11926,13.75);
#4910=CIRCLE('',#11927,13.75);
#4911=CIRCLE('',#11936,1.25);
#4912=CIRCLE('',#11937,1.25);
#4913=CIRCLE('',#11940,1.25);
#4914=CIRCLE('',#11941,1.25);
#4915=CIRCLE('',#11944,1.25);
#4916=CIRCLE('',#11945,1.25);
#4917=CIRCLE('',#11948,1.25);
#4918=CIRCLE('',#11949,1.25);
#4919=CIRCLE('',#11952,14.15);
#4920=CIRCLE('',#11953,14.15);
#4921=CIRCLE('',#11963,2.);
#4922=CIRCLE('',#11964,2.);
#4923=CIRCLE('',#11966,10.);
#4924=CIRCLE('',#11967,10.);
#4925=CIRCLE('',#11972,1.585);
#4926=CIRCLE('',#11973,1.585);
#4927=CIRCLE('',#11975,10.);
#4928=CIRCLE('',#11976,10.);
#4929=CIRCLE('',#11988,2.);
#4930=CIRCLE('',#11989,2.);
#4931=CIRCLE('',#11991,2.);
#4932=CIRCLE('',#11992,2.);
#4933=CIRCLE('',#12050,1.3);
#4934=CIRCLE('',#12051,1.3);
#4935=CIRCLE('',#12053,1.3);
#4936=CIRCLE('',#12054,1.3);
#4937=CIRCLE('',#12056,1.3);
#4938=CIRCLE('',#12057,1.3);
#4939=CIRCLE('',#12059,1.3);
#4940=CIRCLE('',#12060,1.3);
#4941=CIRCLE('',#12087,1.);
#4942=CIRCLE('',#12088,1.);
#4943=CIRCLE('',#12090,0.999999999999996);
#4944=CIRCLE('',#12091,0.999999999999996);
#4945=CIRCLE('',#12110,1.7);
#4946=CIRCLE('',#12111,1.7);
#4947=CIRCLE('',#12113,1.7);
#4948=CIRCLE('',#12114,1.7);
#4949=CIRCLE('',#12116,1.7);
#4950=CIRCLE('',#12117,1.7);
#4951=CIRCLE('',#12119,1.7);
#4952=CIRCLE('',#12120,1.7);
#4953=CIRCLE('',#12131,1.45);
#4954=CIRCLE('',#12132,1.45);
#4955=CIRCLE('',#12134,1.45);
#4956=CIRCLE('',#12135,1.45);
#4957=CIRCLE('',#12137,1.45);
#4958=CIRCLE('',#12138,1.45);
#4959=CIRCLE('',#12140,1.45);
#4960=CIRCLE('',#12141,1.45);
#4961=CIRCLE('',#12170,1.05);
#4962=CIRCLE('',#12171,1.05);
#4963=CIRCLE('',#12174,1.05);
#4964=CIRCLE('',#12175,1.05);
#4965=CIRCLE('',#12178,2.5);
#4966=CIRCLE('',#12179,2.5);
#4967=CIRCLE('',#12184,1.05);
#4968=CIRCLE('',#12185,1.05);
#4969=CIRCLE('',#12188,1.05);
#4970=CIRCLE('',#12189,1.05);
#4971=CIRCLE('',#12192,2.5);
#4972=CIRCLE('',#12193,2.5);
#4973=CIRCLE('',#12198,1.05);
#4974=CIRCLE('',#12199,1.05);
#4975=CIRCLE('',#12202,1.05);
#4976=CIRCLE('',#12203,1.05);
#4977=CIRCLE('',#12206,2.5);
#4978=CIRCLE('',#12207,2.5);
#4979=CIRCLE('',#12212,1.05);
#4980=CIRCLE('',#12213,1.05);
#4981=CIRCLE('',#12216,1.05);
#4982=CIRCLE('',#12217,1.05);
#4983=CIRCLE('',#12220,2.5);
#4984=CIRCLE('',#12221,2.5);
#4985=CIRCLE('',#12226,1.05);
#4986=CIRCLE('',#12227,1.05);
#4987=CIRCLE('',#12230,1.05);
#4988=CIRCLE('',#12231,1.05);
#4989=CIRCLE('',#12234,3.);
#4990=CIRCLE('',#12235,3.);
#4991=CIRCLE('',#12240,1.05);
#4992=CIRCLE('',#12241,1.05);
#4993=CIRCLE('',#12244,1.05);
#4994=CIRCLE('',#12245,1.05);
#4995=CIRCLE('',#12248,3.);
#4996=CIRCLE('',#12249,3.);
#4997=CIRCLE('',#12254,1.7);
#4998=CIRCLE('',#12255,1.7);
#4999=CIRCLE('',#12257,1.7);
#5000=CIRCLE('',#12258,1.7);
#5001=CIRCLE('',#12276,1.7);
#5002=CIRCLE('',#12277,1.7);
#5003=CIRCLE('',#12279,1.7);
#5004=CIRCLE('',#12280,1.7);
#5005=CIRCLE('',#12298,1.7);
#5006=CIRCLE('',#12299,1.7);
#5007=CIRCLE('',#12301,1.7);
#5008=CIRCLE('',#12302,1.7);
#5009=CIRCLE('',#12320,1.7);
#5010=CIRCLE('',#12321,1.7);
#5011=CIRCLE('',#12323,1.7);
#5012=CIRCLE('',#12324,1.7);
#5013=CIRCLE('',#12342,1.7);
#5014=CIRCLE('',#12343,1.7);
#5015=CIRCLE('',#12345,1.7);
#5016=CIRCLE('',#12346,1.7);
#5017=CIRCLE('',#12364,1.7);
#5018=CIRCLE('',#12365,1.7);
#5019=CIRCLE('',#12367,1.7);
#5020=CIRCLE('',#12368,1.7);
#5021=CIRCLE('',#12370,0.800000000000001);
#5022=CIRCLE('',#12371,0.800000000000001);
#5023=CIRCLE('',#12374,0.800000000000001);
#5024=CIRCLE('',#12375,0.800000000000001);
#5025=CIRCLE('',#12378,0.800000000000001);
#5026=CIRCLE('',#12379,0.800000000000001);
#5027=CIRCLE('',#12382,0.800000000000001);
#5028=CIRCLE('',#12383,0.800000000000001);
#5029=CIRCLE('',#12390,2.25);
#5030=CIRCLE('',#12391,2.25);
#5031=CIRCLE('',#12394,2.25);
#5032=CIRCLE('',#12395,2.25);
#5033=CIRCLE('',#12398,2.25);
#5034=CIRCLE('',#12399,2.25);
#5035=CIRCLE('',#12402,2.25);
#5036=CIRCLE('',#12403,2.25);
#5037=CIRCLE('',#12413,1.1);
#5038=CIRCLE('',#12414,1.1);
#5039=CIRCLE('',#12416,1.1);
#5040=CIRCLE('',#12417,1.1);
#5041=CIRCLE('',#12419,1.7);
#5042=CIRCLE('',#12420,1.7);
#5043=CIRCLE('',#12422,1.7);
#5044=CIRCLE('',#12423,1.7);
#5045=VERTEX_POINT('',#15559);
#5046=VERTEX_POINT('',#15561);
#5047=VERTEX_POINT('',#15565);
#5048=VERTEX_POINT('',#15567);
#5049=VERTEX_POINT('',#15571);
#5050=VERTEX_POINT('',#15573);
#5051=VERTEX_POINT('',#15577);
#5052=VERTEX_POINT('',#15579);
#5053=VERTEX_POINT('',#15583);
#5054=VERTEX_POINT('',#15585);
#5055=VERTEX_POINT('',#15589);
#5056=VERTEX_POINT('',#15591);
#5057=VERTEX_POINT('',#15595);
#5058=VERTEX_POINT('',#15597);
#5059=VERTEX_POINT('',#15601);
#5060=VERTEX_POINT('',#15603);
#5061=VERTEX_POINT('',#15607);
#5062=VERTEX_POINT('',#15609);
#5063=VERTEX_POINT('',#15613);
#5064=VERTEX_POINT('',#15615);
#5065=VERTEX_POINT('',#15619);
#5066=VERTEX_POINT('',#15621);
#5067=VERTEX_POINT('',#15625);
#5068=VERTEX_POINT('',#15627);
#5069=VERTEX_POINT('',#15631);
#5070=VERTEX_POINT('',#15632);
#5071=VERTEX_POINT('',#15634);
#5072=VERTEX_POINT('',#15636);
#5073=VERTEX_POINT('',#15640);
#5074=VERTEX_POINT('',#15641);
#5075=VERTEX_POINT('',#15643);
#5076=VERTEX_POINT('',#15645);
#5077=VERTEX_POINT('',#15655);
#5078=VERTEX_POINT('',#15656);
#5079=VERTEX_POINT('',#15658);
#5080=VERTEX_POINT('',#15660);
#5081=VERTEX_POINT('',#15664);
#5082=VERTEX_POINT('',#15665);
#5083=VERTEX_POINT('',#15667);
#5084=VERTEX_POINT('',#15669);
#5085=VERTEX_POINT('',#15679);
#5086=VERTEX_POINT('',#15680);
#5087=VERTEX_POINT('',#15682);
#5088=VERTEX_POINT('',#15684);
#5089=VERTEX_POINT('',#15688);
#5090=VERTEX_POINT('',#15689);
#5091=VERTEX_POINT('',#15691);
#5092=VERTEX_POINT('',#15693);
#5093=VERTEX_POINT('',#15703);
#5094=VERTEX_POINT('',#15704);
#5095=VERTEX_POINT('',#15706);
#5096=VERTEX_POINT('',#15708);
#5097=VERTEX_POINT('',#15712);
#5098=VERTEX_POINT('',#15713);
#5099=VERTEX_POINT('',#15715);
#5100=VERTEX_POINT('',#15717);
#5101=VERTEX_POINT('',#15727);
#5102=VERTEX_POINT('',#15729);
#5103=VERTEX_POINT('',#15733);
#5104=VERTEX_POINT('',#15735);
#5105=VERTEX_POINT('',#15739);
#5106=VERTEX_POINT('',#15741);
#5107=VERTEX_POINT('',#15745);
#5108=VERTEX_POINT('',#15747);
#5109=VERTEX_POINT('',#15751);
#5110=VERTEX_POINT('',#15753);
#5111=VERTEX_POINT('',#15757);
#5112=VERTEX_POINT('',#15759);
#5113=VERTEX_POINT('',#15763);
#5114=VERTEX_POINT('',#15765);
#5115=VERTEX_POINT('',#15769);
#5116=VERTEX_POINT('',#15771);
#5117=VERTEX_POINT('',#15775);
#5118=VERTEX_POINT('',#15777);
#5119=VERTEX_POINT('',#15781);
#5120=VERTEX_POINT('',#15783);
#5121=VERTEX_POINT('',#15787);
#5122=VERTEX_POINT('',#15789);
#5123=VERTEX_POINT('',#15793);
#5124=VERTEX_POINT('',#15795);
#5125=VERTEX_POINT('',#15799);
#5126=VERTEX_POINT('',#15801);
#5127=VERTEX_POINT('',#15805);
#5128=VERTEX_POINT('',#15807);
#5129=VERTEX_POINT('',#15811);
#5130=VERTEX_POINT('',#15813);
#5131=VERTEX_POINT('',#15817);
#5132=VERTEX_POINT('',#15819);
#5133=VERTEX_POINT('',#15823);
#5134=VERTEX_POINT('',#15825);
#5135=VERTEX_POINT('',#15829);
#5136=VERTEX_POINT('',#15831);
#5137=VERTEX_POINT('',#15835);
#5138=VERTEX_POINT('',#15837);
#5139=VERTEX_POINT('',#15841);
#5140=VERTEX_POINT('',#15843);
#5141=VERTEX_POINT('',#15847);
#5142=VERTEX_POINT('',#15849);
#5143=VERTEX_POINT('',#15853);
#5144=VERTEX_POINT('',#15855);
#5145=VERTEX_POINT('',#15859);
#5146=VERTEX_POINT('',#15860);
#5147=VERTEX_POINT('',#15862);
#5148=VERTEX_POINT('',#15864);
#5149=VERTEX_POINT('',#15868);
#5150=VERTEX_POINT('',#15870);
#5151=VERTEX_POINT('',#15874);
#5152=VERTEX_POINT('',#15876);
#5153=VERTEX_POINT('',#15880);
#5154=VERTEX_POINT('',#15882);
#5155=VERTEX_POINT('',#15884);
#5156=VERTEX_POINT('',#15886);
#5157=VERTEX_POINT('',#15888);
#5158=VERTEX_POINT('',#15890);
#5159=VERTEX_POINT('',#15892);
#5160=VERTEX_POINT('',#15894);
#5161=VERTEX_POINT('',#15898);
#5162=VERTEX_POINT('',#15902);
#5163=VERTEX_POINT('',#15904);
#5164=VERTEX_POINT('',#15908);
#5165=VERTEX_POINT('',#15912);
#5166=VERTEX_POINT('',#15916);
#5167=VERTEX_POINT('',#15918);
#5168=VERTEX_POINT('',#15921);
#5169=VERTEX_POINT('',#15934);
#5170=VERTEX_POINT('',#15936);
#5171=VERTEX_POINT('',#15940);
#5172=VERTEX_POINT('',#15942);
#5173=VERTEX_POINT('',#15946);
#5174=VERTEX_POINT('',#15947);
#5175=VERTEX_POINT('',#15949);
#5176=VERTEX_POINT('',#15951);
#5177=VERTEX_POINT('',#15955);
#5178=VERTEX_POINT('',#15957);
#5179=VERTEX_POINT('',#15961);
#5180=VERTEX_POINT('',#15963);
#5181=VERTEX_POINT('',#15967);
#5182=VERTEX_POINT('',#15969);
#5183=VERTEX_POINT('',#15971);
#5184=VERTEX_POINT('',#15973);
#5185=VERTEX_POINT('',#15977);
#5186=VERTEX_POINT('',#15981);
#5187=VERTEX_POINT('',#15985);
#5188=VERTEX_POINT('',#15989);
#5189=VERTEX_POINT('',#15997);
#5190=VERTEX_POINT('',#15999);
#5191=VERTEX_POINT('',#16003);
#5192=VERTEX_POINT('',#16005);
#5193=VERTEX_POINT('',#16009);
#5194=VERTEX_POINT('',#16010);
#5195=VERTEX_POINT('',#16012);
#5196=VERTEX_POINT('',#16014);
#5197=VERTEX_POINT('',#16018);
#5198=VERTEX_POINT('',#16019);
#5199=VERTEX_POINT('',#16021);
#5200=VERTEX_POINT('',#16023);
#5201=VERTEX_POINT('',#16030);
#5202=VERTEX_POINT('',#16032);
#5203=VERTEX_POINT('',#16034);
#5204=VERTEX_POINT('',#16036);
#5205=VERTEX_POINT('',#16040);
#5206=VERTEX_POINT('',#16044);
#5207=VERTEX_POINT('',#16048);
#5208=VERTEX_POINT('',#16052);
#5209=VERTEX_POINT('',#16060);
#5210=VERTEX_POINT('',#16062);
#5211=VERTEX_POINT('',#16066);
#5212=VERTEX_POINT('',#16068);
#5213=VERTEX_POINT('',#16072);
#5214=VERTEX_POINT('',#16074);
#5215=VERTEX_POINT('',#16078);
#5216=VERTEX_POINT('',#16080);
#5217=VERTEX_POINT('',#16084);
#5218=VERTEX_POINT('',#16086);
#5219=VERTEX_POINT('',#16090);
#5220=VERTEX_POINT('',#16092);
#5221=VERTEX_POINT('',#16096);
#5222=VERTEX_POINT('',#16098);
#5223=VERTEX_POINT('',#16102);
#5224=VERTEX_POINT('',#16103);
#5225=VERTEX_POINT('',#16105);
#5226=VERTEX_POINT('',#16107);
#5227=VERTEX_POINT('',#16111);
#5228=VERTEX_POINT('',#16113);
#5229=VERTEX_POINT('',#16117);
#5230=VERTEX_POINT('',#16119);
#5231=VERTEX_POINT('',#16129);
#5232=VERTEX_POINT('',#16130);
#5233=VERTEX_POINT('',#16136);
#5234=VERTEX_POINT('',#16137);
#5235=VERTEX_POINT('',#16139);
#5236=VERTEX_POINT('',#16141);
#5237=VERTEX_POINT('',#16144);
#5238=VERTEX_POINT('',#16146);
#5239=VERTEX_POINT('',#16149);
#5240=VERTEX_POINT('',#16151);
#5241=VERTEX_POINT('',#16159);
#5242=VERTEX_POINT('',#16163);
#5243=VERTEX_POINT('',#16167);
#5244=VERTEX_POINT('',#16168);
#5245=VERTEX_POINT('',#16170);
#5246=VERTEX_POINT('',#16172);
#5247=VERTEX_POINT('',#16176);
#5248=VERTEX_POINT('',#16178);
#5249=VERTEX_POINT('',#16188);
#5250=VERTEX_POINT('',#16189);
#5251=VERTEX_POINT('',#16195);
#5252=VERTEX_POINT('',#16196);
#5253=VERTEX_POINT('',#16198);
#5254=VERTEX_POINT('',#16200);
#5255=VERTEX_POINT('',#16204);
#5256=VERTEX_POINT('',#16206);
#5257=VERTEX_POINT('',#16209);
#5258=VERTEX_POINT('',#16211);
#5259=VERTEX_POINT('',#16218);
#5260=VERTEX_POINT('',#16222);
#5261=VERTEX_POINT('',#16226);
#5262=VERTEX_POINT('',#16227);
#5263=VERTEX_POINT('',#16229);
#5264=VERTEX_POINT('',#16231);
#5265=VERTEX_POINT('',#16235);
#5266=VERTEX_POINT('',#16237);
#5267=VERTEX_POINT('',#16247);
#5268=VERTEX_POINT('',#16248);
#5269=VERTEX_POINT('',#16259);
#5270=VERTEX_POINT('',#16288);
#5271=VERTEX_POINT('',#16290);
#5272=VERTEX_POINT('',#16328);
#5273=VERTEX_POINT('',#16330);
#5274=VERTEX_POINT('',#16335);
#5275=VERTEX_POINT('',#16337);
#5276=VERTEX_POINT('',#16342);
#5277=VERTEX_POINT('',#16345);
#5278=VERTEX_POINT('',#16351);
#5279=VERTEX_POINT('',#16386);
#5280=VERTEX_POINT('',#16423);
#5281=VERTEX_POINT('',#16458);
#5282=VERTEX_POINT('',#16495);
#5283=VERTEX_POINT('',#16496);
#5284=VERTEX_POINT('',#16507);
#5285=VERTEX_POINT('',#16536);
#5286=VERTEX_POINT('',#16538);
#5287=VERTEX_POINT('',#16576);
#5288=VERTEX_POINT('',#16578);
#5289=VERTEX_POINT('',#16583);
#5290=VERTEX_POINT('',#16585);
#5291=VERTEX_POINT('',#16590);
#5292=VERTEX_POINT('',#16593);
#5293=VERTEX_POINT('',#16599);
#5294=VERTEX_POINT('',#16600);
#5295=VERTEX_POINT('',#16611);
#5296=VERTEX_POINT('',#16640);
#5297=VERTEX_POINT('',#16642);
#5298=VERTEX_POINT('',#16680);
#5299=VERTEX_POINT('',#16682);
#5300=VERTEX_POINT('',#16687);
#5301=VERTEX_POINT('',#16689);
#5302=VERTEX_POINT('',#16694);
#5303=VERTEX_POINT('',#16697);
#5304=VERTEX_POINT('',#16703);
#5305=VERTEX_POINT('',#16704);
#5306=VERTEX_POINT('',#16715);
#5307=VERTEX_POINT('',#16744);
#5308=VERTEX_POINT('',#16746);
#5309=VERTEX_POINT('',#16784);
#5310=VERTEX_POINT('',#16786);
#5311=VERTEX_POINT('',#16791);
#5312=VERTEX_POINT('',#16793);
#5313=VERTEX_POINT('',#16798);
#5314=VERTEX_POINT('',#16801);
#5315=VERTEX_POINT('',#16816);
#5316=VERTEX_POINT('',#16818);
#5317=VERTEX_POINT('',#16825);
#5318=VERTEX_POINT('',#16827);
#5319=VERTEX_POINT('',#16834);
#5320=VERTEX_POINT('',#16836);
#5321=VERTEX_POINT('',#16840);
#5322=VERTEX_POINT('',#16842);
#5323=VERTEX_POINT('',#16846);
#5324=VERTEX_POINT('',#16847);
#5325=VERTEX_POINT('',#16849);
#5326=VERTEX_POINT('',#16851);
#5327=VERTEX_POINT('',#16855);
#5328=VERTEX_POINT('',#16857);
#5329=VERTEX_POINT('',#16861);
#5330=VERTEX_POINT('',#16863);
#5331=VERTEX_POINT('',#16873);
#5332=VERTEX_POINT('',#16875);
#5333=VERTEX_POINT('',#16882);
#5334=VERTEX_POINT('',#16884);
#5335=VERTEX_POINT('',#16888);
#5336=VERTEX_POINT('',#16890);
#5337=VERTEX_POINT('',#16894);
#5338=VERTEX_POINT('',#16895);
#5339=VERTEX_POINT('',#16897);
#5340=VERTEX_POINT('',#16899);
#5341=VERTEX_POINT('',#16903);
#5342=VERTEX_POINT('',#16905);
#5343=VERTEX_POINT('',#16909);
#5344=VERTEX_POINT('',#16911);
#5345=VERTEX_POINT('',#16921);
#5346=VERTEX_POINT('',#16923);
#5347=VERTEX_POINT('',#16930);
#5348=VERTEX_POINT('',#16931);
#5349=VERTEX_POINT('',#16933);
#5350=VERTEX_POINT('',#16935);
#5351=VERTEX_POINT('',#16939);
#5352=VERTEX_POINT('',#16940);
#5353=VERTEX_POINT('',#16942);
#5354=VERTEX_POINT('',#16944);
#5355=VERTEX_POINT('',#16948);
#5356=VERTEX_POINT('',#16950);
#5357=VERTEX_POINT('',#16954);
#5358=VERTEX_POINT('',#16956);
#5359=VERTEX_POINT('',#16960);
#5360=VERTEX_POINT('',#16962);
#5361=VERTEX_POINT('',#16969);
#5362=VERTEX_POINT('',#16971);
#5363=VERTEX_POINT('',#16978);
#5364=VERTEX_POINT('',#16979);
#5365=VERTEX_POINT('',#16981);
#5366=VERTEX_POINT('',#16983);
#5367=VERTEX_POINT('',#16987);
#5368=VERTEX_POINT('',#16988);
#5369=VERTEX_POINT('',#16990);
#5370=VERTEX_POINT('',#16992);
#5371=VERTEX_POINT('',#16996);
#5372=VERTEX_POINT('',#16998);
#5373=VERTEX_POINT('',#17002);
#5374=VERTEX_POINT('',#17004);
#5375=VERTEX_POINT('',#17008);
#5376=VERTEX_POINT('',#17010);
#5377=VERTEX_POINT('',#17017);
#5378=VERTEX_POINT('',#17019);
#5379=VERTEX_POINT('',#17026);
#5380=VERTEX_POINT('',#17028);
#5381=VERTEX_POINT('',#17033);
#5382=VERTEX_POINT('',#17035);
#5383=VERTEX_POINT('',#17040);
#5384=VERTEX_POINT('',#17042);
#5385=VERTEX_POINT('',#17047);
#5386=VERTEX_POINT('',#17049);
#5387=VERTEX_POINT('',#17054);
#5388=VERTEX_POINT('',#17056);
#5389=VERTEX_POINT('',#17061);
#5390=VERTEX_POINT('',#17063);
#5391=VERTEX_POINT('',#17068);
#5392=VERTEX_POINT('',#17069);
#5393=VERTEX_POINT('',#17071);
#5394=VERTEX_POINT('',#17073);
#5395=VERTEX_POINT('',#17077);
#5396=VERTEX_POINT('',#17079);
#5397=VERTEX_POINT('',#17083);
#5398=VERTEX_POINT('',#17085);
#5399=VERTEX_POINT('',#17089);
#5400=VERTEX_POINT('',#17091);
#5401=VERTEX_POINT('',#17093);
#5402=VERTEX_POINT('',#17095);
#5403=VERTEX_POINT('',#17099);
#5404=VERTEX_POINT('',#17103);
#5405=VERTEX_POINT('',#17105);
#5406=VERTEX_POINT('',#17109);
#5407=VERTEX_POINT('',#17119);
#5408=VERTEX_POINT('',#17121);
#5409=VERTEX_POINT('',#17125);
#5410=VERTEX_POINT('',#17127);
#5411=VERTEX_POINT('',#17131);
#5412=VERTEX_POINT('',#17132);
#5413=VERTEX_POINT('',#17134);
#5414=VERTEX_POINT('',#17136);
#5415=VERTEX_POINT('',#17140);
#5416=VERTEX_POINT('',#17142);
#5417=VERTEX_POINT('',#17146);
#5418=VERTEX_POINT('',#17148);
#5419=VERTEX_POINT('',#17158);
#5420=VERTEX_POINT('',#17159);
#5421=VERTEX_POINT('',#17161);
#5422=VERTEX_POINT('',#17163);
#5423=VERTEX_POINT('',#17167);
#5424=VERTEX_POINT('',#17168);
#5425=VERTEX_POINT('',#17170);
#5426=VERTEX_POINT('',#17172);
#5427=VERTEX_POINT('',#17176);
#5428=VERTEX_POINT('',#17178);
#5429=VERTEX_POINT('',#17182);
#5430=VERTEX_POINT('',#17184);
#5431=VERTEX_POINT('',#17188);
#5432=VERTEX_POINT('',#17190);
#5433=VERTEX_POINT('',#17197);
#5434=VERTEX_POINT('',#17199);
#5435=VERTEX_POINT('',#17206);
#5436=VERTEX_POINT('',#17207);
#5437=VERTEX_POINT('',#17209);
#5438=VERTEX_POINT('',#17211);
#5439=VERTEX_POINT('',#17215);
#5440=VERTEX_POINT('',#17216);
#5441=VERTEX_POINT('',#17218);
#5442=VERTEX_POINT('',#17220);
#5443=VERTEX_POINT('',#17224);
#5444=VERTEX_POINT('',#17226);
#5445=VERTEX_POINT('',#17230);
#5446=VERTEX_POINT('',#17232);
#5447=VERTEX_POINT('',#17236);
#5448=VERTEX_POINT('',#17238);
#5449=VERTEX_POINT('',#17245);
#5450=VERTEX_POINT('',#17247);
#5451=VERTEX_POINT('',#17254);
#5452=VERTEX_POINT('',#17256);
#5453=VERTEX_POINT('',#17261);
#5454=VERTEX_POINT('',#17263);
#5455=VERTEX_POINT('',#17268);
#5456=VERTEX_POINT('',#17270);
#5457=VERTEX_POINT('',#17275);
#5458=VERTEX_POINT('',#17277);
#5459=VERTEX_POINT('',#17282);
#5460=VERTEX_POINT('',#17284);
#5461=VERTEX_POINT('',#17289);
#5462=VERTEX_POINT('',#17291);
#5463=VERTEX_POINT('',#17296);
#5464=VERTEX_POINT('',#17297);
#5465=VERTEX_POINT('',#17299);
#5466=VERTEX_POINT('',#17301);
#5467=VERTEX_POINT('',#17305);
#5468=VERTEX_POINT('',#17307);
#5469=VERTEX_POINT('',#17311);
#5470=VERTEX_POINT('',#17313);
#5471=VERTEX_POINT('',#17317);
#5472=VERTEX_POINT('',#17319);
#5473=VERTEX_POINT('',#17321);
#5474=VERTEX_POINT('',#17323);
#5475=VERTEX_POINT('',#17327);
#5476=VERTEX_POINT('',#17331);
#5477=VERTEX_POINT('',#17333);
#5478=VERTEX_POINT('',#17337);
#5479=VERTEX_POINT('',#17347);
#5480=VERTEX_POINT('',#17349);
#5481=VERTEX_POINT('',#17353);
#5482=VERTEX_POINT('',#17355);
#5483=VERTEX_POINT('',#17359);
#5484=VERTEX_POINT('',#17360);
#5485=VERTEX_POINT('',#17362);
#5486=VERTEX_POINT('',#17364);
#5487=VERTEX_POINT('',#17368);
#5488=VERTEX_POINT('',#17370);
#5489=VERTEX_POINT('',#17374);
#5490=VERTEX_POINT('',#17376);
#5491=VERTEX_POINT('',#17397);
#5492=VERTEX_POINT('',#17399);
#5493=VERTEX_POINT('',#17406);
#5494=VERTEX_POINT('',#17408);
#5495=VERTEX_POINT('',#17412);
#5496=VERTEX_POINT('',#17414);
#5497=VERTEX_POINT('',#17421);
#5498=VERTEX_POINT('',#17423);
#5499=VERTEX_POINT('',#17427);
#5500=VERTEX_POINT('',#17429);
#5501=VERTEX_POINT('',#17436);
#5502=VERTEX_POINT('',#17438);
#5503=VERTEX_POINT('',#17445);
#5504=VERTEX_POINT('',#17446);
#5505=VERTEX_POINT('',#17448);
#5506=VERTEX_POINT('',#17450);
#5507=VERTEX_POINT('',#17454);
#5508=VERTEX_POINT('',#17456);
#5509=VERTEX_POINT('',#17460);
#5510=VERTEX_POINT('',#17462);
#5511=VERTEX_POINT('',#17469);
#5512=VERTEX_POINT('',#17471);
#5513=VERTEX_POINT('',#17476);
#5514=VERTEX_POINT('',#17478);
#5515=VERTEX_POINT('',#17483);
#5516=VERTEX_POINT('',#17485);
#5517=VERTEX_POINT('',#17490);
#5518=VERTEX_POINT('',#17492);
#5519=VERTEX_POINT('',#17497);
#5520=VERTEX_POINT('',#17498);
#5521=VERTEX_POINT('',#17500);
#5522=VERTEX_POINT('',#17502);
#5523=VERTEX_POINT('',#17506);
#5524=VERTEX_POINT('',#17508);
#5525=VERTEX_POINT('',#17510);
#5526=VERTEX_POINT('',#17512);
#5527=VERTEX_POINT('',#17516);
#5528=VERTEX_POINT('',#17520);
#5529=VERTEX_POINT('',#17522);
#5530=VERTEX_POINT('',#17526);
#5531=VERTEX_POINT('',#17536);
#5532=VERTEX_POINT('',#17538);
#5533=VERTEX_POINT('',#17542);
#5534=VERTEX_POINT('',#17544);
#5535=VERTEX_POINT('',#17551);
#5536=VERTEX_POINT('',#17553);
#5537=VERTEX_POINT('',#17557);
#5538=VERTEX_POINT('',#17559);
#5539=VERTEX_POINT('',#17566);
#5540=VERTEX_POINT('',#17567);
#5541=VERTEX_POINT('',#17569);
#5542=VERTEX_POINT('',#17571);
#5543=VERTEX_POINT('',#17575);
#5544=VERTEX_POINT('',#17577);
#5545=VERTEX_POINT('',#17581);
#5546=VERTEX_POINT('',#17583);
#5547=VERTEX_POINT('',#17593);
#5548=VERTEX_POINT('',#17595);
#5549=VERTEX_POINT('',#17599);
#5550=VERTEX_POINT('',#17601);
#5551=VERTEX_POINT('',#17605);
#5552=VERTEX_POINT('',#17606);
#5553=VERTEX_POINT('',#17608);
#5554=VERTEX_POINT('',#17610);
#5555=VERTEX_POINT('',#17614);
#5556=VERTEX_POINT('',#17616);
#5557=VERTEX_POINT('',#17620);
#5558=VERTEX_POINT('',#17622);
#5559=VERTEX_POINT('',#17629);
#5560=VERTEX_POINT('',#17630);
#5561=VERTEX_POINT('',#17632);
#5562=VERTEX_POINT('',#17634);
#5563=VERTEX_POINT('',#17638);
#5564=VERTEX_POINT('',#17640);
#5565=VERTEX_POINT('',#17644);
#5566=VERTEX_POINT('',#17646);
#5567=VERTEX_POINT('',#17666);
#5568=VERTEX_POINT('',#17667);
#5569=VERTEX_POINT('',#17669);
#5570=VERTEX_POINT('',#17671);
#5571=VERTEX_POINT('',#17675);
#5572=VERTEX_POINT('',#17677);
#5573=VERTEX_POINT('',#17681);
#5574=VERTEX_POINT('',#17683);
#5575=VERTEX_POINT('',#17693);
#5576=VERTEX_POINT('',#17694);
#5577=VERTEX_POINT('',#17696);
#5578=VERTEX_POINT('',#17698);
#5579=VERTEX_POINT('',#17702);
#5580=VERTEX_POINT('',#17704);
#5581=VERTEX_POINT('',#17708);
#5582=VERTEX_POINT('',#17710);
#5583=VERTEX_POINT('',#17720);
#5584=VERTEX_POINT('',#17721);
#5585=VERTEX_POINT('',#17723);
#5586=VERTEX_POINT('',#17725);
#5587=VERTEX_POINT('',#17729);
#5588=VERTEX_POINT('',#17731);
#5589=VERTEX_POINT('',#17735);
#5590=VERTEX_POINT('',#17737);
#5591=VERTEX_POINT('',#17747);
#5592=VERTEX_POINT('',#17748);
#5593=VERTEX_POINT('',#17750);
#5594=VERTEX_POINT('',#17752);
#5595=VERTEX_POINT('',#17756);
#5596=VERTEX_POINT('',#17758);
#5597=VERTEX_POINT('',#17762);
#5598=VERTEX_POINT('',#17764);
#5599=VERTEX_POINT('',#17774);
#5600=VERTEX_POINT('',#17775);
#5601=VERTEX_POINT('',#17777);
#5602=VERTEX_POINT('',#17779);
#5603=VERTEX_POINT('',#17783);
#5604=VERTEX_POINT('',#17785);
#5605=VERTEX_POINT('',#17789);
#5606=VERTEX_POINT('',#17791);
#5607=VERTEX_POINT('',#17801);
#5608=VERTEX_POINT('',#17803);
#5609=VERTEX_POINT('',#17807);
#5610=VERTEX_POINT('',#17809);
#5611=VERTEX_POINT('',#17813);
#5612=VERTEX_POINT('',#17815);
#5613=VERTEX_POINT('',#17819);
#5614=VERTEX_POINT('',#17821);
#5615=VERTEX_POINT('',#17825);
#5616=VERTEX_POINT('',#17826);
#5617=VERTEX_POINT('',#17828);
#5618=VERTEX_POINT('',#17830);
#5619=VERTEX_POINT('',#17834);
#5620=VERTEX_POINT('',#17836);
#5621=VERTEX_POINT('',#17840);
#5622=VERTEX_POINT('',#17842);
#5623=VERTEX_POINT('',#17851);
#5624=VERTEX_POINT('',#17852);
#5625=VERTEX_POINT('',#17854);
#5626=VERTEX_POINT('',#17856);
#5627=VERTEX_POINT('',#17860);
#5628=VERTEX_POINT('',#17862);
#5629=VERTEX_POINT('',#17866);
#5630=VERTEX_POINT('',#17868);
#5631=VERTEX_POINT('',#17877);
#5632=VERTEX_POINT('',#17878);
#5633=VERTEX_POINT('',#17880);
#5634=VERTEX_POINT('',#17882);
#5635=VERTEX_POINT('',#17886);
#5636=VERTEX_POINT('',#17888);
#5637=VERTEX_POINT('',#17892);
#5638=VERTEX_POINT('',#17894);
#5639=VERTEX_POINT('',#17903);
#5640=VERTEX_POINT('',#17904);
#5641=VERTEX_POINT('',#17906);
#5642=VERTEX_POINT('',#17908);
#5643=VERTEX_POINT('',#17912);
#5644=VERTEX_POINT('',#17914);
#5645=VERTEX_POINT('',#17918);
#5646=VERTEX_POINT('',#17920);
#5647=VERTEX_POINT('',#17930);
#5648=VERTEX_POINT('',#17932);
#5649=VERTEX_POINT('',#17936);
#5650=VERTEX_POINT('',#17938);
#5651=VERTEX_POINT('',#17942);
#5652=VERTEX_POINT('',#17943);
#5653=VERTEX_POINT('',#17945);
#5654=VERTEX_POINT('',#17947);
#5655=VERTEX_POINT('',#17951);
#5656=VERTEX_POINT('',#17953);
#5657=VERTEX_POINT('',#17957);
#5658=VERTEX_POINT('',#17959);
#5659=VERTEX_POINT('',#17979);
#5660=VERTEX_POINT('',#17981);
#5661=VERTEX_POINT('',#17985);
#5662=VERTEX_POINT('',#17987);
#5663=VERTEX_POINT('',#17991);
#5664=VERTEX_POINT('',#17993);
#5665=VERTEX_POINT('',#17997);
#5666=VERTEX_POINT('',#17999);
#5667=VERTEX_POINT('',#18003);
#5668=VERTEX_POINT('',#18004);
#5669=VERTEX_POINT('',#18006);
#5670=VERTEX_POINT('',#18008);
#5671=VERTEX_POINT('',#18012);
#5672=VERTEX_POINT('',#18014);
#5673=VERTEX_POINT('',#18018);
#5674=VERTEX_POINT('',#18020);
#5675=VERTEX_POINT('',#18032);
#5676=VERTEX_POINT('',#18034);
#5677=VERTEX_POINT('',#18038);
#5678=VERTEX_POINT('',#18040);
#5679=VERTEX_POINT('',#18044);
#5680=VERTEX_POINT('',#18046);
#5681=VERTEX_POINT('',#18050);
#5682=VERTEX_POINT('',#18052);
#5683=VERTEX_POINT('',#18056);
#5684=VERTEX_POINT('',#18057);
#5685=VERTEX_POINT('',#18059);
#5686=VERTEX_POINT('',#18061);
#5687=VERTEX_POINT('',#18065);
#5688=VERTEX_POINT('',#18067);
#5689=VERTEX_POINT('',#18071);
#5690=VERTEX_POINT('',#18073);
#5691=VERTEX_POINT('',#18080);
#5692=VERTEX_POINT('',#18081);
#5693=VERTEX_POINT('',#18083);
#5694=VERTEX_POINT('',#18085);
#5695=VERTEX_POINT('',#18089);
#5696=VERTEX_POINT('',#18091);
#5697=VERTEX_POINT('',#18095);
#5698=VERTEX_POINT('',#18097);
#5699=VERTEX_POINT('',#18104);
#5700=VERTEX_POINT('',#18105);
#5701=VERTEX_POINT('',#18107);
#5702=VERTEX_POINT('',#18109);
#5703=VERTEX_POINT('',#18113);
#5704=VERTEX_POINT('',#18115);
#5705=VERTEX_POINT('',#18119);
#5706=VERTEX_POINT('',#18121);
#5707=VERTEX_POINT('',#18130);
#5708=VERTEX_POINT('',#18131);
#5709=VERTEX_POINT('',#18133);
#5710=VERTEX_POINT('',#18135);
#5711=VERTEX_POINT('',#18139);
#5712=VERTEX_POINT('',#18141);
#5713=VERTEX_POINT('',#18145);
#5714=VERTEX_POINT('',#18147);
#5715=VERTEX_POINT('',#18156);
#5716=VERTEX_POINT('',#18157);
#5717=VERTEX_POINT('',#18159);
#5718=VERTEX_POINT('',#18161);
#5719=VERTEX_POINT('',#18165);
#5720=VERTEX_POINT('',#18166);
#5721=VERTEX_POINT('',#18168);
#5722=VERTEX_POINT('',#18170);
#5723=VERTEX_POINT('',#18183);
#5724=VERTEX_POINT('',#18185);
#5725=VERTEX_POINT('',#18190);
#5726=VERTEX_POINT('',#18192);
#5727=VERTEX_POINT('',#18197);
#5728=VERTEX_POINT('',#18199);
#5729=VERTEX_POINT('',#18206);
#5730=VERTEX_POINT('',#18208);
#5731=VERTEX_POINT('',#18213);
#5732=VERTEX_POINT('',#18215);
#5733=VERTEX_POINT('',#18220);
#5734=VERTEX_POINT('',#18222);
#5735=VERTEX_POINT('',#18229);
#5736=VERTEX_POINT('',#18231);
#5737=VERTEX_POINT('',#18236);
#5738=VERTEX_POINT('',#18238);
#5739=VERTEX_POINT('',#18243);
#5740=VERTEX_POINT('',#18245);
#5741=VERTEX_POINT('',#18252);
#5742=VERTEX_POINT('',#18254);
#5743=VERTEX_POINT('',#18259);
#5744=VERTEX_POINT('',#18261);
#5745=VERTEX_POINT('',#18266);
#5746=VERTEX_POINT('',#18268);
#5747=VERTEX_POINT('',#18275);
#5748=VERTEX_POINT('',#18277);
#5749=VERTEX_POINT('',#18282);
#5750=VERTEX_POINT('',#18284);
#5751=VERTEX_POINT('',#18289);
#5752=VERTEX_POINT('',#18291);
#5753=VERTEX_POINT('',#18298);
#5754=VERTEX_POINT('',#18300);
#5755=VERTEX_POINT('',#18305);
#5756=VERTEX_POINT('',#18307);
#5757=VERTEX_POINT('',#18312);
#5758=VERTEX_POINT('',#18314);
#5759=VERTEX_POINT('',#18321);
#5760=VERTEX_POINT('',#18323);
#5761=VERTEX_POINT('',#18327);
#5762=VERTEX_POINT('',#18329);
#5763=VERTEX_POINT('',#18333);
#5764=VERTEX_POINT('',#18334);
#5765=VERTEX_POINT('',#18336);
#5766=VERTEX_POINT('',#18338);
#5767=VERTEX_POINT('',#18342);
#5768=VERTEX_POINT('',#18344);
#5769=VERTEX_POINT('',#18348);
#5770=VERTEX_POINT('',#18350);
#5771=VERTEX_POINT('',#18354);
#5772=VERTEX_POINT('',#18356);
#5773=VERTEX_POINT('',#18358);
#5774=VERTEX_POINT('',#18360);
#5775=VERTEX_POINT('',#18364);
#5776=VERTEX_POINT('',#18368);
#5777=VERTEX_POINT('',#18369);
#5778=VERTEX_POINT('',#18371);
#5779=VERTEX_POINT('',#18373);
#5780=VERTEX_POINT('',#18377);
#5781=VERTEX_POINT('',#18379);
#5782=VERTEX_POINT('',#18383);
#5783=VERTEX_POINT('',#18385);
#5784=VERTEX_POINT('',#18393);
#5785=VERTEX_POINT('',#18395);
#5786=VERTEX_POINT('',#18400);
#5787=VERTEX_POINT('',#18409);
#5788=VERTEX_POINT('',#18411);
#5789=VERTEX_POINT('',#18415);
#5790=VERTEX_POINT('',#18417);
#5791=VERTEX_POINT('',#18421);
#5792=VERTEX_POINT('',#18422);
#5793=VERTEX_POINT('',#18424);
#5794=VERTEX_POINT('',#18426);
#5795=VERTEX_POINT('',#18430);
#5796=VERTEX_POINT('',#18431);
#5797=VERTEX_POINT('',#18433);
#5798=VERTEX_POINT('',#18435);
#5799=VERTEX_POINT('',#18442);
#5800=VERTEX_POINT('',#18444);
#5801=VERTEX_POINT('',#18446);
#5802=VERTEX_POINT('',#18448);
#5803=VERTEX_POINT('',#18452);
#5804=VERTEX_POINT('',#18456);
#5805=VERTEX_POINT('',#18460);
#5806=VERTEX_POINT('',#18461);
#5807=VERTEX_POINT('',#18463);
#5808=VERTEX_POINT('',#18465);
#5809=VERTEX_POINT('',#18469);
#5810=VERTEX_POINT('',#18471);
#5811=VERTEX_POINT('',#18475);
#5812=VERTEX_POINT('',#18477);
#5813=VERTEX_POINT('',#18485);
#5814=VERTEX_POINT('',#18489);
#5815=VERTEX_POINT('',#18497);
#5816=VERTEX_POINT('',#18499);
#5817=VERTEX_POINT('',#18503);
#5818=VERTEX_POINT('',#18505);
#5819=VERTEX_POINT('',#18509);
#5820=VERTEX_POINT('',#18510);
#5821=VERTEX_POINT('',#18512);
#5822=VERTEX_POINT('',#18514);
#5823=VERTEX_POINT('',#18518);
#5824=VERTEX_POINT('',#18519);
#5825=VERTEX_POINT('',#18521);
#5826=VERTEX_POINT('',#18523);
#5827=VERTEX_POINT('',#18530);
#5828=VERTEX_POINT('',#18532);
#5829=VERTEX_POINT('',#18534);
#5830=VERTEX_POINT('',#18536);
#5831=VERTEX_POINT('',#18540);
#5832=VERTEX_POINT('',#18544);
#5833=VERTEX_POINT('',#18548);
#5834=VERTEX_POINT('',#18549);
#5835=VERTEX_POINT('',#18551);
#5836=VERTEX_POINT('',#18553);
#5837=VERTEX_POINT('',#18557);
#5838=VERTEX_POINT('',#18559);
#5839=VERTEX_POINT('',#18563);
#5840=VERTEX_POINT('',#18565);
#5841=VERTEX_POINT('',#18573);
#5842=VERTEX_POINT('',#18577);
#5843=VERTEX_POINT('',#18585);
#5844=VERTEX_POINT('',#18587);
#5845=VERTEX_POINT('',#18591);
#5846=VERTEX_POINT('',#18593);
#5847=VERTEX_POINT('',#18597);
#5848=VERTEX_POINT('',#18598);
#5849=VERTEX_POINT('',#18600);
#5850=VERTEX_POINT('',#18602);
#5851=VERTEX_POINT('',#18606);
#5852=VERTEX_POINT('',#18608);
#5853=VERTEX_POINT('',#18612);
#5854=VERTEX_POINT('',#18614);
#5855=VERTEX_POINT('',#18618);
#5856=VERTEX_POINT('',#18620);
#5857=VERTEX_POINT('',#18622);
#5858=VERTEX_POINT('',#18624);
#5859=VERTEX_POINT('',#18628);
#5860=VERTEX_POINT('',#18632);
#5861=VERTEX_POINT('',#18633);
#5862=VERTEX_POINT('',#18635);
#5863=VERTEX_POINT('',#18637);
#5864=VERTEX_POINT('',#18641);
#5865=VERTEX_POINT('',#18643);
#5866=VERTEX_POINT('',#18647);
#5867=VERTEX_POINT('',#18649);
#5868=VERTEX_POINT('',#18657);
#5869=VERTEX_POINT('',#18659);
#5870=VERTEX_POINT('',#18664);
#5871=VERTEX_POINT('',#18673);
#5872=VERTEX_POINT('',#18675);
#5873=VERTEX_POINT('',#18679);
#5874=VERTEX_POINT('',#18681);
#5875=VERTEX_POINT('',#18685);
#5876=VERTEX_POINT('',#18686);
#5877=VERTEX_POINT('',#18688);
#5878=VERTEX_POINT('',#18690);
#5879=VERTEX_POINT('',#18694);
#5880=VERTEX_POINT('',#18695);
#5881=VERTEX_POINT('',#18697);
#5882=VERTEX_POINT('',#18699);
#5883=VERTEX_POINT('',#18706);
#5884=VERTEX_POINT('',#18708);
#5885=VERTEX_POINT('',#18710);
#5886=VERTEX_POINT('',#18712);
#5887=VERTEX_POINT('',#18716);
#5888=VERTEX_POINT('',#18720);
#5889=VERTEX_POINT('',#18724);
#5890=VERTEX_POINT('',#18725);
#5891=VERTEX_POINT('',#18727);
#5892=VERTEX_POINT('',#18729);
#5893=VERTEX_POINT('',#18733);
#5894=VERTEX_POINT('',#18735);
#5895=VERTEX_POINT('',#18739);
#5896=VERTEX_POINT('',#18741);
#5897=VERTEX_POINT('',#18749);
#5898=VERTEX_POINT('',#18753);
#5899=VERTEX_POINT('',#18761);
#5900=VERTEX_POINT('',#18763);
#5901=VERTEX_POINT('',#18767);
#5902=VERTEX_POINT('',#18769);
#5903=VERTEX_POINT('',#18773);
#5904=VERTEX_POINT('',#18775);
#5905=VERTEX_POINT('',#18780);
#5906=VERTEX_POINT('',#18782);
#5907=VERTEX_POINT('',#18787);
#5908=VERTEX_POINT('',#18789);
#5909=VERTEX_POINT('',#18794);
#5910=VERTEX_POINT('',#18796);
#5911=VERTEX_POINT('',#18801);
#5912=VERTEX_POINT('',#18802);
#5913=VERTEX_POINT('',#18804);
#5914=VERTEX_POINT('',#18806);
#5915=VERTEX_POINT('',#18810);
#5916=VERTEX_POINT('',#18812);
#5917=VERTEX_POINT('',#18816);
#5918=VERTEX_POINT('',#18818);
#5919=VERTEX_POINT('',#18825);
#5920=VERTEX_POINT('',#18827);
#5921=VERTEX_POINT('',#18832);
#5922=VERTEX_POINT('',#18834);
#5923=VERTEX_POINT('',#18839);
#5924=VERTEX_POINT('',#18841);
#5925=VERTEX_POINT('',#18846);
#5926=VERTEX_POINT('',#18848);
#5927=VERTEX_POINT('',#18853);
#5928=VERTEX_POINT('',#18854);
#5929=VERTEX_POINT('',#18856);
#5930=VERTEX_POINT('',#18858);
#5931=VERTEX_POINT('',#18862);
#5932=VERTEX_POINT('',#18864);
#5933=VERTEX_POINT('',#18868);
#5934=VERTEX_POINT('',#18870);
#5935=VERTEX_POINT('',#18880);
#5936=VERTEX_POINT('',#18882);
#5937=VERTEX_POINT('',#18886);
#5938=VERTEX_POINT('',#18888);
#5939=VERTEX_POINT('',#18892);
#5940=VERTEX_POINT('',#18894);
#5941=VERTEX_POINT('',#18898);
#5942=VERTEX_POINT('',#18900);
#5943=VERTEX_POINT('',#18904);
#5944=VERTEX_POINT('',#18905);
#5945=VERTEX_POINT('',#18907);
#5946=VERTEX_POINT('',#18909);
#5947=VERTEX_POINT('',#18913);
#5948=VERTEX_POINT('',#18915);
#5949=VERTEX_POINT('',#18919);
#5950=VERTEX_POINT('',#18921);
#5951=EDGE_CURVE('',#5045,#5045,#4727,.T.);
#5952=EDGE_CURVE('',#5045,#5046,#2701,.T.);
#5953=EDGE_CURVE('',#5046,#5046,#4728,.T.);
#5954=EDGE_CURVE('',#5047,#5047,#4729,.T.);
#5955=EDGE_CURVE('',#5047,#5048,#2702,.T.);
#5956=EDGE_CURVE('',#5048,#5048,#4730,.T.);
#5957=EDGE_CURVE('',#5049,#5049,#4731,.T.);
#5958=EDGE_CURVE('',#5049,#5050,#2703,.T.);
#5959=EDGE_CURVE('',#5050,#5050,#4732,.T.);
#5960=EDGE_CURVE('',#5051,#5051,#4733,.T.);
#5961=EDGE_CURVE('',#5051,#5052,#2704,.T.);
#5962=EDGE_CURVE('',#5052,#5052,#4734,.T.);
#5963=EDGE_CURVE('',#5053,#5053,#4735,.T.);
#5964=EDGE_CURVE('',#5053,#5054,#2705,.T.);
#5965=EDGE_CURVE('',#5054,#5054,#4736,.T.);
#5966=EDGE_CURVE('',#5055,#5055,#4737,.T.);
#5967=EDGE_CURVE('',#5055,#5056,#2706,.T.);
#5968=EDGE_CURVE('',#5056,#5056,#4738,.T.);
#5969=EDGE_CURVE('',#5057,#5057,#4739,.T.);
#5970=EDGE_CURVE('',#5057,#5058,#2707,.T.);
#5971=EDGE_CURVE('',#5058,#5058,#4740,.T.);
#5972=EDGE_CURVE('',#5059,#5059,#4741,.T.);
#5973=EDGE_CURVE('',#5059,#5060,#2708,.T.);
#5974=EDGE_CURVE('',#5060,#5060,#4742,.T.);
#5975=EDGE_CURVE('',#5061,#5061,#4743,.T.);
#5976=EDGE_CURVE('',#5061,#5062,#2709,.T.);
#5977=EDGE_CURVE('',#5062,#5062,#4744,.T.);
#5978=EDGE_CURVE('',#5063,#5063,#4745,.T.);
#5979=EDGE_CURVE('',#5063,#5064,#2710,.T.);
#5980=EDGE_CURVE('',#5064,#5064,#4746,.T.);
#5981=EDGE_CURVE('',#5065,#5065,#4747,.T.);
#5982=EDGE_CURVE('',#5065,#5066,#2711,.T.);
#5983=EDGE_CURVE('',#5066,#5066,#4748,.T.);
#5984=EDGE_CURVE('',#5067,#5067,#4749,.T.);
#5985=EDGE_CURVE('',#5067,#5068,#2712,.T.);
#5986=EDGE_CURVE('',#5068,#5068,#4750,.T.);
#5987=EDGE_CURVE('',#5069,#5070,#2713,.T.);
#5988=EDGE_CURVE('',#5071,#5069,#2714,.T.);
#5989=EDGE_CURVE('',#5072,#5071,#2715,.T.);
#5990=EDGE_CURVE('',#5072,#5070,#2716,.T.);
#5991=EDGE_CURVE('',#5073,#5074,#2717,.T.);
#5992=EDGE_CURVE('',#5073,#5075,#2718,.T.);
#5993=EDGE_CURVE('',#5076,#5075,#2719,.T.);
#5994=EDGE_CURVE('',#5074,#5076,#2720,.T.);
#5995=EDGE_CURVE('',#5075,#5069,#2721,.T.);
#5996=EDGE_CURVE('',#5071,#5073,#2722,.T.);
#5997=EDGE_CURVE('',#5074,#5072,#2723,.T.);
#5998=EDGE_CURVE('',#5070,#5076,#2724,.T.);
#5999=EDGE_CURVE('',#5077,#5078,#2725,.T.);
#6000=EDGE_CURVE('',#5079,#5077,#2726,.T.);
#6001=EDGE_CURVE('',#5080,#5079,#2727,.T.);
#6002=EDGE_CURVE('',#5080,#5078,#2728,.T.);
#6003=EDGE_CURVE('',#5081,#5082,#2729,.T.);
#6004=EDGE_CURVE('',#5081,#5083,#2730,.T.);
#6005=EDGE_CURVE('',#5084,#5083,#2731,.T.);
#6006=EDGE_CURVE('',#5082,#5084,#2732,.T.);
#6007=EDGE_CURVE('',#5083,#5077,#2733,.T.);
#6008=EDGE_CURVE('',#5079,#5081,#2734,.T.);
#6009=EDGE_CURVE('',#5082,#5080,#2735,.T.);
#6010=EDGE_CURVE('',#5078,#5084,#2736,.T.);
#6011=EDGE_CURVE('',#5085,#5086,#2737,.T.);
#6012=EDGE_CURVE('',#5087,#5085,#2738,.T.);
#6013=EDGE_CURVE('',#5088,#5087,#2739,.T.);
#6014=EDGE_CURVE('',#5088,#5086,#2740,.T.);
#6015=EDGE_CURVE('',#5089,#5090,#2741,.T.);
#6016=EDGE_CURVE('',#5089,#5091,#2742,.T.);
#6017=EDGE_CURVE('',#5092,#5091,#2743,.T.);
#6018=EDGE_CURVE('',#5090,#5092,#2744,.T.);
#6019=EDGE_CURVE('',#5091,#5085,#2745,.T.);
#6020=EDGE_CURVE('',#5087,#5089,#2746,.T.);
#6021=EDGE_CURVE('',#5090,#5088,#2747,.T.);
#6022=EDGE_CURVE('',#5086,#5092,#2748,.T.);
#6023=EDGE_CURVE('',#5093,#5094,#2749,.T.);
#6024=EDGE_CURVE('',#5095,#5093,#2750,.T.);
#6025=EDGE_CURVE('',#5096,#5095,#2751,.T.);
#6026=EDGE_CURVE('',#5096,#5094,#2752,.T.);
#6027=EDGE_CURVE('',#5097,#5098,#2753,.T.);
#6028=EDGE_CURVE('',#5097,#5099,#2754,.T.);
#6029=EDGE_CURVE('',#5100,#5099,#2755,.T.);
#6030=EDGE_CURVE('',#5098,#5100,#2756,.T.);
#6031=EDGE_CURVE('',#5099,#5093,#2757,.T.);
#6032=EDGE_CURVE('',#5095,#5097,#2758,.T.);
#6033=EDGE_CURVE('',#5098,#5096,#2759,.T.);
#6034=EDGE_CURVE('',#5094,#5100,#2760,.T.);
#6035=EDGE_CURVE('',#5101,#5101,#4751,.T.);
#6036=EDGE_CURVE('',#5101,#5102,#2761,.T.);
#6037=EDGE_CURVE('',#5102,#5102,#4752,.T.);
#6038=EDGE_CURVE('',#5103,#5103,#4753,.T.);
#6039=EDGE_CURVE('',#5103,#5104,#2762,.T.);
#6040=EDGE_CURVE('',#5104,#5104,#4754,.T.);
#6041=EDGE_CURVE('',#5105,#5105,#4755,.T.);
#6042=EDGE_CURVE('',#5105,#5106,#2763,.T.);
#6043=EDGE_CURVE('',#5106,#5106,#4756,.T.);
#6044=EDGE_CURVE('',#5107,#5107,#4757,.T.);
#6045=EDGE_CURVE('',#5107,#5108,#2764,.T.);
#6046=EDGE_CURVE('',#5108,#5108,#4758,.T.);
#6047=EDGE_CURVE('',#5109,#5109,#4759,.T.);
#6048=EDGE_CURVE('',#5109,#5110,#2765,.T.);
#6049=EDGE_CURVE('',#5110,#5110,#4760,.T.);
#6050=EDGE_CURVE('',#5111,#5111,#4761,.T.);
#6051=EDGE_CURVE('',#5111,#5112,#2766,.T.);
#6052=EDGE_CURVE('',#5112,#5112,#4762,.T.);
#6053=EDGE_CURVE('',#5113,#5113,#4763,.T.);
#6054=EDGE_CURVE('',#5113,#5114,#2767,.T.);
#6055=EDGE_CURVE('',#5114,#5114,#4764,.T.);
#6056=EDGE_CURVE('',#5115,#5115,#4765,.T.);
#6057=EDGE_CURVE('',#5115,#5116,#2768,.T.);
#6058=EDGE_CURVE('',#5116,#5116,#4766,.T.);
#6059=EDGE_CURVE('',#5117,#5117,#4767,.T.);
#6060=EDGE_CURVE('',#5117,#5118,#2769,.T.);
#6061=EDGE_CURVE('',#5118,#5118,#4768,.T.);
#6062=EDGE_CURVE('',#5119,#5119,#4769,.T.);
#6063=EDGE_CURVE('',#5119,#5120,#2770,.T.);
#6064=EDGE_CURVE('',#5120,#5120,#4770,.T.);
#6065=EDGE_CURVE('',#5121,#5121,#4771,.T.);
#6066=EDGE_CURVE('',#5121,#5122,#2771,.T.);
#6067=EDGE_CURVE('',#5122,#5122,#4772,.T.);
#6068=EDGE_CURVE('',#5123,#5123,#4773,.T.);
#6069=EDGE_CURVE('',#5123,#5124,#2772,.T.);
#6070=EDGE_CURVE('',#5124,#5124,#4774,.T.);
#6071=EDGE_CURVE('',#5125,#5125,#4775,.T.);
#6072=EDGE_CURVE('',#5125,#5126,#2773,.T.);
#6073=EDGE_CURVE('',#5126,#5126,#4776,.T.);
#6074=EDGE_CURVE('',#5127,#5127,#4777,.T.);
#6075=EDGE_CURVE('',#5127,#5128,#2774,.T.);
#6076=EDGE_CURVE('',#5128,#5128,#4778,.T.);
#6077=EDGE_CURVE('',#5129,#5129,#4779,.T.);
#6078=EDGE_CURVE('',#5129,#5130,#2775,.T.);
#6079=EDGE_CURVE('',#5130,#5130,#4780,.T.);
#6080=EDGE_CURVE('',#5131,#5131,#4781,.T.);
#6081=EDGE_CURVE('',#5131,#5132,#2776,.T.);
#6082=EDGE_CURVE('',#5132,#5132,#4782,.T.);
#6083=EDGE_CURVE('',#5133,#5133,#4783,.T.);
#6084=EDGE_CURVE('',#5133,#5134,#2777,.T.);
#6085=EDGE_CURVE('',#5134,#5134,#4784,.T.);
#6086=EDGE_CURVE('',#5135,#5135,#4785,.T.);
#6087=EDGE_CURVE('',#5135,#5136,#2778,.T.);
#6088=EDGE_CURVE('',#5136,#5136,#4786,.T.);
#6089=EDGE_CURVE('',#5137,#5137,#4787,.T.);
#6090=EDGE_CURVE('',#5137,#5138,#2779,.T.);
#6091=EDGE_CURVE('',#5138,#5138,#4788,.T.);
#6092=EDGE_CURVE('',#5139,#5139,#4789,.T.);
#6093=EDGE_CURVE('',#5139,#5140,#2780,.T.);
#6094=EDGE_CURVE('',#5140,#5140,#4790,.T.);
#6095=EDGE_CURVE('',#5141,#5141,#4791,.T.);
#6096=EDGE_CURVE('',#5141,#5142,#2781,.T.);
#6097=EDGE_CURVE('',#5142,#5142,#4792,.T.);
#6098=EDGE_CURVE('',#5143,#5143,#4793,.T.);
#6099=EDGE_CURVE('',#5143,#5144,#2782,.T.);
#6100=EDGE_CURVE('',#5144,#5144,#4794,.T.);
#6101=EDGE_CURVE('',#5145,#5146,#2783,.T.);
#6102=EDGE_CURVE('',#5145,#5147,#2784,.T.);
#6103=EDGE_CURVE('',#5148,#5147,#2785,.T.);
#6104=EDGE_CURVE('',#5146,#5148,#2786,.T.);
#6105=EDGE_CURVE('',#5149,#5145,#2787,.T.);
#6106=EDGE_CURVE('',#5149,#5150,#2788,.T.);
#6107=EDGE_CURVE('',#5147,#5150,#2789,.T.);
#6108=EDGE_CURVE('',#5151,#5149,#2790,.T.);
#6109=EDGE_CURVE('',#5152,#5151,#2791,.T.);
#6110=EDGE_CURVE('',#5150,#5152,#2792,.T.);
#6111=EDGE_CURVE('',#5146,#5153,#2793,.T.);
#6112=EDGE_CURVE('',#5153,#5154,#2794,.T.);
#6113=EDGE_CURVE('',#5154,#5155,#2795,.T.);
#6114=EDGE_CURVE('',#5155,#5156,#2796,.T.);
#6115=EDGE_CURVE('',#5156,#5157,#2797,.T.);
#6116=EDGE_CURVE('',#5157,#5158,#2798,.T.);
#6117=EDGE_CURVE('',#5158,#5159,#2799,.T.);
#6118=EDGE_CURVE('',#5159,#5160,#2800,.T.);
#6119=EDGE_CURVE('',#5160,#5151,#2801,.T.);
#6120=EDGE_CURVE('',#5161,#5148,#2802,.T.);
#6121=EDGE_CURVE('',#5161,#5153,#2803,.T.);
#6122=EDGE_CURVE('',#5157,#5162,#2804,.T.);
#6123=EDGE_CURVE('',#5163,#5162,#2805,.T.);
#6124=EDGE_CURVE('',#5158,#5163,#2806,.T.);
#6125=EDGE_CURVE('',#5156,#5164,#2807,.T.);
#6126=EDGE_CURVE('',#5162,#5164,#2808,.T.);
#6127=EDGE_CURVE('',#5165,#5155,#2809,.T.);
#6128=EDGE_CURVE('',#5164,#5165,#2810,.T.);
#6129=EDGE_CURVE('',#5152,#5166,#2811,.T.);
#6130=EDGE_CURVE('',#5166,#5167,#2812,.T.);
#6131=EDGE_CURVE('',#5167,#5163,#2813,.T.);
#6132=EDGE_CURVE('',#5165,#5168,#2814,.T.);
#6133=EDGE_CURVE('',#5168,#5161,#2815,.T.);
#6134=EDGE_CURVE('',#5168,#5154,#2816,.T.);
#6135=EDGE_CURVE('',#5167,#5159,#2817,.T.);
#6136=EDGE_CURVE('',#5166,#5160,#2818,.T.);
#6137=EDGE_CURVE('',#5169,#5169,#4795,.T.);
#6138=EDGE_CURVE('',#5169,#5170,#2819,.T.);
#6139=EDGE_CURVE('',#5170,#5170,#4796,.T.);
#6140=EDGE_CURVE('',#5171,#5171,#4797,.T.);
#6141=EDGE_CURVE('',#5171,#5172,#2820,.T.);
#6142=EDGE_CURVE('',#5172,#5172,#4798,.T.);
#6143=EDGE_CURVE('',#5173,#5174,#2821,.T.);
#6144=EDGE_CURVE('',#5173,#5175,#2822,.T.);
#6145=EDGE_CURVE('',#5176,#5175,#2823,.T.);
#6146=EDGE_CURVE('',#5174,#5176,#2824,.T.);
#6147=EDGE_CURVE('',#5177,#5173,#2825,.T.);
#6148=EDGE_CURVE('',#5177,#5178,#2826,.T.);
#6149=EDGE_CURVE('',#5175,#5178,#2827,.T.);
#6150=EDGE_CURVE('',#5179,#5177,#2828,.T.);
#6151=EDGE_CURVE('',#5180,#5179,#2829,.T.);
#6152=EDGE_CURVE('',#5178,#5180,#2830,.T.);
#6153=EDGE_CURVE('',#5180,#5181,#2831,.T.);
#6154=EDGE_CURVE('',#5181,#5182,#2832,.T.);
#6155=EDGE_CURVE('',#5182,#5183,#2833,.T.);
#6156=EDGE_CURVE('',#5183,#5184,#2834,.T.);
#6157=EDGE_CURVE('',#5184,#5176,#2835,.T.);
#6158=EDGE_CURVE('',#5185,#5179,#2836,.T.);
#6159=EDGE_CURVE('',#5185,#5181,#2837,.T.);
#6160=EDGE_CURVE('',#5186,#5184,#2838,.T.);
#6161=EDGE_CURVE('',#5174,#5186,#2839,.T.);
#6162=EDGE_CURVE('',#5182,#5187,#2840,.T.);
#6163=EDGE_CURVE('',#5187,#5185,#2841,.T.);
#6164=EDGE_CURVE('',#5186,#5188,#2842,.T.);
#6165=EDGE_CURVE('',#5188,#5183,#2843,.T.);
#6166=EDGE_CURVE('',#5188,#5187,#2844,.T.);
#6167=EDGE_CURVE('',#5189,#5189,#4799,.T.);
#6168=EDGE_CURVE('',#5189,#5190,#2845,.T.);
#6169=EDGE_CURVE('',#5190,#5190,#4800,.T.);
#6170=EDGE_CURVE('',#5191,#5191,#4801,.T.);
#6171=EDGE_CURVE('',#5191,#5192,#2846,.T.);
#6172=EDGE_CURVE('',#5192,#5192,#4802,.T.);
#6173=EDGE_CURVE('',#5193,#5194,#2847,.T.);
#6174=EDGE_CURVE('',#5195,#5193,#2848,.T.);
#6175=EDGE_CURVE('',#5196,#5195,#2849,.T.);
#6176=EDGE_CURVE('',#5194,#5196,#2850,.T.);
#6177=EDGE_CURVE('',#5197,#5198,#2851,.T.);
#6178=EDGE_CURVE('',#5199,#5197,#2852,.T.);
#6179=EDGE_CURVE('',#5200,#5199,#2853,.T.);
#6180=EDGE_CURVE('',#5200,#5198,#2854,.T.);
#6181=EDGE_CURVE('',#5198,#5193,#2855,.T.);
#6182=EDGE_CURVE('',#5195,#5200,#2856,.T.);
#6183=EDGE_CURVE('',#5199,#5201,#2857,.T.);
#6184=EDGE_CURVE('',#5201,#5202,#2858,.T.);
#6185=EDGE_CURVE('',#5202,#5203,#2859,.T.);
#6186=EDGE_CURVE('',#5203,#5204,#2860,.T.);
#6187=EDGE_CURVE('',#5204,#5196,#2861,.T.);
#6188=EDGE_CURVE('',#5197,#5205,#2862,.T.);
#6189=EDGE_CURVE('',#5205,#5201,#2863,.T.);
#6190=EDGE_CURVE('',#5204,#5206,#2864,.T.);
#6191=EDGE_CURVE('',#5206,#5194,#2865,.T.);
#6192=EDGE_CURVE('',#5207,#5203,#2866,.T.);
#6193=EDGE_CURVE('',#5206,#5207,#2867,.T.);
#6194=EDGE_CURVE('',#5208,#5202,#2868,.T.);
#6195=EDGE_CURVE('',#5208,#5207,#2869,.T.);
#6196=EDGE_CURVE('',#5205,#5208,#2870,.T.);
#6197=EDGE_CURVE('',#5209,#5209,#4803,.T.);
#6198=EDGE_CURVE('',#5209,#5210,#2871,.T.);
#6199=EDGE_CURVE('',#5210,#5210,#4804,.T.);
#6200=EDGE_CURVE('',#5211,#5211,#4805,.T.);
#6201=EDGE_CURVE('',#5211,#5212,#2872,.T.);
#6202=EDGE_CURVE('',#5212,#5212,#4806,.T.);
#6203=EDGE_CURVE('',#5213,#5213,#4807,.T.);
#6204=EDGE_CURVE('',#5213,#5214,#2873,.T.);
#6205=EDGE_CURVE('',#5214,#5214,#4808,.T.);
#6206=EDGE_CURVE('',#5215,#5215,#4809,.T.);
#6207=EDGE_CURVE('',#5215,#5216,#2874,.T.);
#6208=EDGE_CURVE('',#5216,#5216,#4810,.T.);
#6209=EDGE_CURVE('',#5217,#5217,#4811,.T.);
#6210=EDGE_CURVE('',#5217,#5218,#2875,.T.);
#6211=EDGE_CURVE('',#5218,#5218,#4812,.T.);
#6212=EDGE_CURVE('',#5219,#5219,#4813,.T.);
#6213=EDGE_CURVE('',#5219,#5220,#2876,.T.);
#6214=EDGE_CURVE('',#5220,#5220,#4814,.T.);
#6215=EDGE_CURVE('',#5221,#5221,#4815,.T.);
#6216=EDGE_CURVE('',#5221,#5222,#2877,.T.);
#6217=EDGE_CURVE('',#5222,#5222,#4816,.T.);
#6218=EDGE_CURVE('',#5223,#5224,#2878,.T.);
#6219=EDGE_CURVE('',#5224,#5225,#2879,.T.);
#6220=EDGE_CURVE('',#5226,#5225,#2880,.T.);
#6221=EDGE_CURVE('',#5223,#5226,#2881,.T.);
#6222=EDGE_CURVE('',#5227,#5223,#2882,.T.);
#6223=EDGE_CURVE('',#5228,#5226,#2883,.T.);
#6224=EDGE_CURVE('',#5227,#5228,#2884,.T.);
#6225=EDGE_CURVE('',#5229,#5227,#2885,.T.);
#6226=EDGE_CURVE('',#5230,#5228,#2886,.T.);
#6227=EDGE_CURVE('',#5229,#5230,#2887,.T.);
#6228=EDGE_CURVE('',#5224,#5229,#2888,.T.);
#6229=EDGE_CURVE('',#5225,#5230,#2889,.T.);
#6230=EDGE_CURVE('',#5231,#5232,#2890,.T.);
#6231=EDGE_CURVE('',#5232,#5231,#4817,.T.);
#6232=EDGE_CURVE('',#5232,#5231,#259,.T.);
#6233=EDGE_CURVE('',#5233,#5234,#2891,.T.);
#6234=EDGE_CURVE('',#5233,#5235,#2892,.T.);
#6235=EDGE_CURVE('',#5235,#5236,#2893,.T.);
#6236=EDGE_CURVE('',#5234,#5236,#2894,.T.);
#6237=EDGE_CURVE('',#5237,#5237,#4818,.T.);
#6238=EDGE_CURVE('',#5238,#5238,#4819,.T.);
#6239=EDGE_CURVE('',#5239,#5233,#2895,.T.);
#6240=EDGE_CURVE('',#5239,#5240,#2896,.T.);
#6241=EDGE_CURVE('',#5240,#5235,#2897,.T.);
#6242=EDGE_CURVE('',#5234,#5239,#2898,.T.);
#6243=EDGE_CURVE('',#5236,#5240,#2899,.T.);
#6244=EDGE_CURVE('',#5241,#5241,#4820,.T.);
#6245=EDGE_CURVE('',#5241,#5237,#2900,.T.);
#6246=EDGE_CURVE('',#5242,#5242,#4821,.T.);
#6247=EDGE_CURVE('',#5242,#5238,#2901,.T.);
#6248=EDGE_CURVE('',#5243,#5244,#2902,.T.);
#6249=EDGE_CURVE('',#5243,#5245,#2903,.T.);
#6250=EDGE_CURVE('',#5246,#5245,#2904,.T.);
#6251=EDGE_CURVE('',#5244,#5246,#2905,.T.);
#6252=EDGE_CURVE('',#5244,#5247,#2906,.T.);
#6253=EDGE_CURVE('',#5248,#5246,#2907,.T.);
#6254=EDGE_CURVE('',#5247,#5248,#2908,.T.);
#6255=EDGE_CURVE('',#5247,#5243,#2909,.T.);
#6256=EDGE_CURVE('',#5245,#5248,#2910,.T.);
#6257=EDGE_CURVE('',#5249,#5250,#2911,.T.);
#6258=EDGE_CURVE('',#5250,#5249,#4822,.T.);
#6259=EDGE_CURVE('',#5250,#5249,#260,.T.);
#6260=EDGE_CURVE('',#5251,#5252,#2912,.T.);
#6261=EDGE_CURVE('',#5251,#5253,#2913,.T.);
#6262=EDGE_CURVE('',#5253,#5254,#2914,.T.);
#6263=EDGE_CURVE('',#5252,#5254,#2915,.T.);
#6264=EDGE_CURVE('',#5255,#5251,#2916,.T.);
#6265=EDGE_CURVE('',#5255,#5256,#2917,.T.);
#6266=EDGE_CURVE('',#5256,#5253,#2918,.T.);
#6267=EDGE_CURVE('',#5257,#5257,#4823,.T.);
#6268=EDGE_CURVE('',#5258,#5258,#4824,.T.);
#6269=EDGE_CURVE('',#5252,#5255,#2919,.T.);
#6270=EDGE_CURVE('',#5254,#5256,#2920,.T.);
#6271=EDGE_CURVE('',#5259,#5259,#4825,.T.);
#6272=EDGE_CURVE('',#5259,#5258,#2921,.T.);
#6273=EDGE_CURVE('',#5260,#5260,#4826,.T.);
#6274=EDGE_CURVE('',#5260,#5257,#2922,.T.);
#6275=EDGE_CURVE('',#5261,#5262,#2923,.T.);
#6276=EDGE_CURVE('',#5262,#5263,#2924,.T.);
#6277=EDGE_CURVE('',#5264,#5263,#2925,.T.);
#6278=EDGE_CURVE('',#5261,#5264,#2926,.T.);
#6279=EDGE_CURVE('',#5265,#5261,#2927,.T.);
#6280=EDGE_CURVE('',#5266,#5264,#2928,.T.);
#6281=EDGE_CURVE('',#5265,#5266,#2929,.T.);
#6282=EDGE_CURVE('',#5262,#5265,#2930,.T.);
#6283=EDGE_CURVE('',#5263,#5266,#2931,.T.);
#6284=EDGE_CURVE('',#5267,#5268,#235,.T.);
#6285=EDGE_CURVE('',#5269,#5267,#236,.T.);
#6286=EDGE_CURVE('',#5268,#5269,#237,.T.);
#6287=EDGE_CURVE('',#5268,#5270,#2932,.T.);
#6288=EDGE_CURVE('',#5271,#5270,#238,.T.);
#6289=EDGE_CURVE('',#5270,#5271,#239,.T.);
#6290=EDGE_CURVE('',#5272,#5272,#4827,.T.);
#6291=EDGE_CURVE('',#5272,#5273,#2933,.T.);
#6292=EDGE_CURVE('',#5273,#5273,#4828,.T.);
#6293=EDGE_CURVE('',#5274,#5274,#4829,.T.);
#6294=EDGE_CURVE('',#5274,#5275,#2934,.T.);
#6295=EDGE_CURVE('',#5275,#5275,#4830,.T.);
#6296=EDGE_CURVE('',#5276,#5276,#4831,.T.);
#6297=EDGE_CURVE('',#5276,#5268,#2935,.T.);
#6298=EDGE_CURVE('',#5269,#5277,#2936,.T.);
#6299=EDGE_CURVE('',#5277,#5277,#4832,.T.);
#6300=EDGE_CURVE('',#5278,#5278,#240,.T.);
#6301=EDGE_CURVE('',#5278,#5279,#2937,.T.);
#6302=EDGE_CURVE('',#5279,#5279,#241,.T.);
#6303=EDGE_CURVE('',#5280,#5280,#242,.T.);
#6304=EDGE_CURVE('',#5280,#5281,#2938,.T.);
#6305=EDGE_CURVE('',#5281,#5281,#243,.T.);
#6306=EDGE_CURVE('',#5282,#5283,#244,.T.);
#6307=EDGE_CURVE('',#5284,#5282,#245,.T.);
#6308=EDGE_CURVE('',#5283,#5284,#246,.T.);
#6309=EDGE_CURVE('',#5283,#5285,#2939,.T.);
#6310=EDGE_CURVE('',#5286,#5285,#247,.T.);
#6311=EDGE_CURVE('',#5285,#5286,#248,.T.);
#6312=EDGE_CURVE('',#5287,#5287,#4833,.T.);
#6313=EDGE_CURVE('',#5287,#5288,#2940,.T.);
#6314=EDGE_CURVE('',#5288,#5288,#4834,.T.);
#6315=EDGE_CURVE('',#5289,#5289,#4835,.T.);
#6316=EDGE_CURVE('',#5289,#5290,#2941,.T.);
#6317=EDGE_CURVE('',#5290,#5290,#4836,.T.);
#6318=EDGE_CURVE('',#5291,#5291,#4837,.T.);
#6319=EDGE_CURVE('',#5291,#5283,#2942,.T.);
#6320=EDGE_CURVE('',#5284,#5292,#2943,.T.);
#6321=EDGE_CURVE('',#5292,#5292,#4838,.T.);
#6322=EDGE_CURVE('',#5293,#5294,#249,.T.);
#6323=EDGE_CURVE('',#5295,#5293,#250,.T.);
#6324=EDGE_CURVE('',#5294,#5295,#251,.T.);
#6325=EDGE_CURVE('',#5294,#5296,#2944,.T.);
#6326=EDGE_CURVE('',#5297,#5296,#252,.T.);
#6327=EDGE_CURVE('',#5296,#5297,#253,.T.);
#6328=EDGE_CURVE('',#5298,#5298,#4839,.T.);
#6329=EDGE_CURVE('',#5298,#5299,#2945,.T.);
#6330=EDGE_CURVE('',#5299,#5299,#4840,.T.);
#6331=EDGE_CURVE('',#5300,#5300,#4841,.T.);
#6332=EDGE_CURVE('',#5300,#5301,#2946,.T.);
#6333=EDGE_CURVE('',#5301,#5301,#4842,.T.);
#6334=EDGE_CURVE('',#5302,#5302,#4843,.T.);
#6335=EDGE_CURVE('',#5302,#5294,#2947,.T.);
#6336=EDGE_CURVE('',#5295,#5303,#2948,.T.);
#6337=EDGE_CURVE('',#5303,#5303,#4844,.T.);
#6338=EDGE_CURVE('',#5304,#5305,#254,.T.);
#6339=EDGE_CURVE('',#5306,#5304,#255,.T.);
#6340=EDGE_CURVE('',#5305,#5306,#256,.T.);
#6341=EDGE_CURVE('',#5305,#5307,#2949,.T.);
#6342=EDGE_CURVE('',#5308,#5307,#257,.T.);
#6343=EDGE_CURVE('',#5307,#5308,#258,.T.);
#6344=EDGE_CURVE('',#5309,#5309,#4845,.T.);
#6345=EDGE_CURVE('',#5309,#5310,#2950,.T.);
#6346=EDGE_CURVE('',#5310,#5310,#4846,.T.);
#6347=EDGE_CURVE('',#5311,#5311,#4847,.T.);
#6348=EDGE_CURVE('',#5311,#5312,#2951,.T.);
#6349=EDGE_CURVE('',#5312,#5312,#4848,.T.);
#6350=EDGE_CURVE('',#5313,#5313,#4849,.T.);
#6351=EDGE_CURVE('',#5313,#5305,#2952,.T.);
#6352=EDGE_CURVE('',#5306,#5314,#2953,.T.);
#6353=EDGE_CURVE('',#5314,#5314,#4850,.T.);
#6354=EDGE_CURVE('',#5315,#5315,#4851,.T.);
#6355=EDGE_CURVE('',#5315,#5316,#2954,.T.);
#6356=EDGE_CURVE('',#5316,#5316,#4852,.T.);
#6357=EDGE_CURVE('',#5317,#5317,#4853,.T.);
#6358=EDGE_CURVE('',#5317,#5318,#2955,.T.);
#6359=EDGE_CURVE('',#5318,#5318,#4854,.T.);
#6360=EDGE_CURVE('',#5319,#5319,#4855,.T.);
#6361=EDGE_CURVE('',#5319,#5320,#2956,.T.);
#6362=EDGE_CURVE('',#5320,#5320,#4856,.T.);
#6363=EDGE_CURVE('',#5321,#5321,#4857,.T.);
#6364=EDGE_CURVE('',#5321,#5322,#2957,.T.);
#6365=EDGE_CURVE('',#5322,#5322,#4858,.T.);
#6366=EDGE_CURVE('',#5323,#5324,#2958,.T.);
#6367=EDGE_CURVE('',#5324,#5325,#2959,.T.);
#6368=EDGE_CURVE('',#5326,#5325,#2960,.T.);
#6369=EDGE_CURVE('',#5323,#5326,#2961,.T.);
#6370=EDGE_CURVE('',#5327,#5323,#2962,.T.);
#6371=EDGE_CURVE('',#5328,#5326,#2963,.T.);
#6372=EDGE_CURVE('',#5327,#5328,#2964,.T.);
#6373=EDGE_CURVE('',#5329,#5327,#2965,.T.);
#6374=EDGE_CURVE('',#5330,#5328,#2966,.T.);
#6375=EDGE_CURVE('',#5329,#5330,#2967,.T.);
#6376=EDGE_CURVE('',#5324,#5329,#2968,.T.);
#6377=EDGE_CURVE('',#5325,#5330,#2969,.T.);
#6378=EDGE_CURVE('',#5331,#5331,#4859,.T.);
#6379=EDGE_CURVE('',#5331,#5332,#2970,.T.);
#6380=EDGE_CURVE('',#5332,#5332,#4860,.T.);
#6381=EDGE_CURVE('',#5333,#5333,#4861,.T.);
#6382=EDGE_CURVE('',#5333,#5334,#2971,.T.);
#6383=EDGE_CURVE('',#5334,#5334,#4862,.T.);
#6384=EDGE_CURVE('',#5335,#5335,#4863,.T.);
#6385=EDGE_CURVE('',#5335,#5336,#2972,.T.);
#6386=EDGE_CURVE('',#5336,#5336,#4864,.T.);
#6387=EDGE_CURVE('',#5337,#5338,#2973,.T.);
#6388=EDGE_CURVE('',#5337,#5339,#2974,.T.);
#6389=EDGE_CURVE('',#5340,#5339,#2975,.T.);
#6390=EDGE_CURVE('',#5338,#5340,#2976,.T.);
#6391=EDGE_CURVE('',#5338,#5341,#2977,.T.);
#6392=EDGE_CURVE('',#5342,#5340,#2978,.T.);
#6393=EDGE_CURVE('',#5341,#5342,#2979,.T.);
#6394=EDGE_CURVE('',#5341,#5343,#2980,.T.);
#6395=EDGE_CURVE('',#5344,#5342,#2981,.T.);
#6396=EDGE_CURVE('',#5343,#5344,#2982,.T.);
#6397=EDGE_CURVE('',#5343,#5337,#2983,.T.);
#6398=EDGE_CURVE('',#5339,#5344,#2984,.T.);
#6399=EDGE_CURVE('',#5345,#5345,#4865,.T.);
#6400=EDGE_CURVE('',#5345,#5346,#2985,.T.);
#6401=EDGE_CURVE('',#5346,#5346,#4866,.T.);
#6402=EDGE_CURVE('',#5347,#5348,#2986,.T.);
#6403=EDGE_CURVE('',#5347,#5349,#2987,.T.);
#6404=EDGE_CURVE('',#5350,#5349,#2988,.T.);
#6405=EDGE_CURVE('',#5348,#5350,#2989,.T.);
#6406=EDGE_CURVE('',#5351,#5352,#2990,.T.);
#6407=EDGE_CURVE('',#5353,#5351,#2991,.T.);
#6408=EDGE_CURVE('',#5354,#5353,#2992,.T.);
#6409=EDGE_CURVE('',#5354,#5352,#2993,.T.);
#6410=EDGE_CURVE('',#5355,#5347,#2994,.T.);
#6411=EDGE_CURVE('',#5356,#5355,#2995,.T.);
#6412=EDGE_CURVE('',#5349,#5356,#2996,.T.);
#6413=EDGE_CURVE('',#5352,#5357,#2997,.T.);
#6414=EDGE_CURVE('',#5358,#5354,#2998,.T.);
#6415=EDGE_CURVE('',#5357,#5358,#2999,.T.);
#6416=EDGE_CURVE('',#5348,#5359,#3000,.T.);
#6417=EDGE_CURVE('',#5360,#5350,#3001,.T.);
#6418=EDGE_CURVE('',#5359,#5360,#3002,.T.);
#6419=EDGE_CURVE('',#5359,#5355,#3003,.T.);
#6420=EDGE_CURVE('',#5356,#5360,#3004,.T.);
#6421=EDGE_CURVE('',#5357,#5361,#3005,.T.);
#6422=EDGE_CURVE('',#5362,#5358,#3006,.T.);
#6423=EDGE_CURVE('',#5362,#5361,#3007,.T.);
#6424=EDGE_CURVE('',#5361,#5351,#3008,.T.);
#6425=EDGE_CURVE('',#5353,#5362,#3009,.T.);
#6426=EDGE_CURVE('',#5363,#5364,#3010,.T.);
#6427=EDGE_CURVE('',#5363,#5365,#3011,.T.);
#6428=EDGE_CURVE('',#5366,#5365,#3012,.T.);
#6429=EDGE_CURVE('',#5364,#5366,#3013,.T.);
#6430=EDGE_CURVE('',#5367,#5368,#3014,.T.);
#6431=EDGE_CURVE('',#5369,#5367,#3015,.T.);
#6432=EDGE_CURVE('',#5370,#5369,#3016,.T.);
#6433=EDGE_CURVE('',#5370,#5368,#3017,.T.);
#6434=EDGE_CURVE('',#5371,#5363,#3018,.T.);
#6435=EDGE_CURVE('',#5372,#5371,#3019,.T.);
#6436=EDGE_CURVE('',#5365,#5372,#3020,.T.);
#6437=EDGE_CURVE('',#5368,#5373,#3021,.T.);
#6438=EDGE_CURVE('',#5374,#5370,#3022,.T.);
#6439=EDGE_CURVE('',#5373,#5374,#3023,.T.);
#6440=EDGE_CURVE('',#5364,#5375,#3024,.T.);
#6441=EDGE_CURVE('',#5376,#5366,#3025,.T.);
#6442=EDGE_CURVE('',#5375,#5376,#3026,.T.);
#6443=EDGE_CURVE('',#5375,#5371,#3027,.T.);
#6444=EDGE_CURVE('',#5372,#5376,#3028,.T.);
#6445=EDGE_CURVE('',#5373,#5377,#3029,.T.);
#6446=EDGE_CURVE('',#5378,#5374,#3030,.T.);
#6447=EDGE_CURVE('',#5378,#5377,#3031,.T.);
#6448=EDGE_CURVE('',#5377,#5367,#3032,.T.);
#6449=EDGE_CURVE('',#5369,#5378,#3033,.T.);
#6450=EDGE_CURVE('',#5379,#5379,#4867,.T.);
#6451=EDGE_CURVE('',#5379,#5380,#3034,.T.);
#6452=EDGE_CURVE('',#5380,#5380,#4868,.T.);
#6453=EDGE_CURVE('',#5381,#5381,#4869,.T.);
#6454=EDGE_CURVE('',#5381,#5382,#3035,.T.);
#6455=EDGE_CURVE('',#5382,#5382,#4870,.T.);
#6456=EDGE_CURVE('',#5383,#5383,#4871,.T.);
#6457=EDGE_CURVE('',#5383,#5384,#3036,.T.);
#6458=EDGE_CURVE('',#5384,#5384,#4872,.T.);
#6459=EDGE_CURVE('',#5385,#5385,#4873,.T.);
#6460=EDGE_CURVE('',#5385,#5386,#3037,.T.);
#6461=EDGE_CURVE('',#5386,#5386,#4874,.T.);
#6462=EDGE_CURVE('',#5387,#5387,#4875,.T.);
#6463=EDGE_CURVE('',#5387,#5388,#3038,.T.);
#6464=EDGE_CURVE('',#5388,#5388,#4876,.T.);
#6465=EDGE_CURVE('',#5389,#5389,#4877,.T.);
#6466=EDGE_CURVE('',#5389,#5390,#3039,.T.);
#6467=EDGE_CURVE('',#5390,#5390,#4878,.T.);
#6468=EDGE_CURVE('',#5391,#5392,#3040,.T.);
#6469=EDGE_CURVE('',#5393,#5391,#3041,.T.);
#6470=EDGE_CURVE('',#5394,#5393,#3042,.T.);
#6471=EDGE_CURVE('',#5392,#5394,#3043,.T.);
#6472=EDGE_CURVE('',#5395,#5391,#3044,.T.);
#6473=EDGE_CURVE('',#5395,#5396,#3045,.T.);
#6474=EDGE_CURVE('',#5393,#5396,#3046,.T.);
#6475=EDGE_CURVE('',#5397,#5395,#3047,.T.);
#6476=EDGE_CURVE('',#5398,#5397,#3048,.T.);
#6477=EDGE_CURVE('',#5396,#5398,#3049,.T.);
#6478=EDGE_CURVE('',#5399,#5392,#3050,.T.);
#6479=EDGE_CURVE('',#5400,#5399,#3051,.T.);
#6480=EDGE_CURVE('',#5400,#5401,#3052,.T.);
#6481=EDGE_CURVE('',#5401,#5402,#3053,.T.);
#6482=EDGE_CURVE('',#5397,#5402,#3054,.T.);
#6483=EDGE_CURVE('',#5394,#5403,#3055,.T.);
#6484=EDGE_CURVE('',#5403,#5399,#3056,.T.);
#6485=EDGE_CURVE('',#5401,#5404,#3057,.T.);
#6486=EDGE_CURVE('',#5404,#5405,#3058,.T.);
#6487=EDGE_CURVE('',#5402,#5405,#3059,.T.);
#6488=EDGE_CURVE('',#5406,#5400,#3060,.T.);
#6489=EDGE_CURVE('',#5406,#5403,#3061,.T.);
#6490=EDGE_CURVE('',#5405,#5398,#3062,.T.);
#6491=EDGE_CURVE('',#5404,#5406,#3063,.T.);
#6492=EDGE_CURVE('',#5407,#5407,#4879,.T.);
#6493=EDGE_CURVE('',#5407,#5408,#3064,.T.);
#6494=EDGE_CURVE('',#5408,#5408,#4880,.T.);
#6495=EDGE_CURVE('',#5409,#5409,#4881,.T.);
#6496=EDGE_CURVE('',#5409,#5410,#3065,.T.);
#6497=EDGE_CURVE('',#5410,#5410,#4882,.T.);
#6498=EDGE_CURVE('',#5411,#5412,#3066,.T.);
#6499=EDGE_CURVE('',#5412,#5413,#3067,.T.);
#6500=EDGE_CURVE('',#5414,#5413,#3068,.T.);
#6501=EDGE_CURVE('',#5411,#5414,#3069,.T.);
#6502=EDGE_CURVE('',#5415,#5411,#3070,.T.);
#6503=EDGE_CURVE('',#5416,#5414,#3071,.T.);
#6504=EDGE_CURVE('',#5415,#5416,#3072,.T.);
#6505=EDGE_CURVE('',#5417,#5415,#3073,.T.);
#6506=EDGE_CURVE('',#5418,#5416,#3074,.T.);
#6507=EDGE_CURVE('',#5417,#5418,#3075,.T.);
#6508=EDGE_CURVE('',#5412,#5417,#3076,.T.);
#6509=EDGE_CURVE('',#5413,#5418,#3077,.T.);
#6510=EDGE_CURVE('',#5419,#5420,#3078,.T.);
#6511=EDGE_CURVE('',#5419,#5421,#3079,.T.);
#6512=EDGE_CURVE('',#5422,#5421,#3080,.T.);
#6513=EDGE_CURVE('',#5420,#5422,#3081,.T.);
#6514=EDGE_CURVE('',#5423,#5424,#3082,.T.);
#6515=EDGE_CURVE('',#5425,#5423,#3083,.T.);
#6516=EDGE_CURVE('',#5426,#5425,#3084,.T.);
#6517=EDGE_CURVE('',#5426,#5424,#3085,.T.);
#6518=EDGE_CURVE('',#5427,#5419,#3086,.T.);
#6519=EDGE_CURVE('',#5428,#5427,#3087,.T.);
#6520=EDGE_CURVE('',#5421,#5428,#3088,.T.);
#6521=EDGE_CURVE('',#5424,#5429,#3089,.T.);
#6522=EDGE_CURVE('',#5430,#5426,#3090,.T.);
#6523=EDGE_CURVE('',#5429,#5430,#3091,.T.);
#6524=EDGE_CURVE('',#5420,#5431,#3092,.T.);
#6525=EDGE_CURVE('',#5432,#5422,#3093,.T.);
#6526=EDGE_CURVE('',#5431,#5432,#3094,.T.);
#6527=EDGE_CURVE('',#5431,#5427,#3095,.T.);
#6528=EDGE_CURVE('',#5428,#5432,#3096,.T.);
#6529=EDGE_CURVE('',#5429,#5433,#3097,.T.);
#6530=EDGE_CURVE('',#5434,#5430,#3098,.T.);
#6531=EDGE_CURVE('',#5434,#5433,#3099,.T.);
#6532=EDGE_CURVE('',#5433,#5423,#3100,.T.);
#6533=EDGE_CURVE('',#5425,#5434,#3101,.T.);
#6534=EDGE_CURVE('',#5435,#5436,#3102,.T.);
#6535=EDGE_CURVE('',#5435,#5437,#3103,.T.);
#6536=EDGE_CURVE('',#5438,#5437,#3104,.T.);
#6537=EDGE_CURVE('',#5436,#5438,#3105,.T.);
#6538=EDGE_CURVE('',#5439,#5440,#3106,.T.);
#6539=EDGE_CURVE('',#5441,#5439,#3107,.T.);
#6540=EDGE_CURVE('',#5442,#5441,#3108,.T.);
#6541=EDGE_CURVE('',#5442,#5440,#3109,.T.);
#6542=EDGE_CURVE('',#5443,#5435,#3110,.T.);
#6543=EDGE_CURVE('',#5444,#5443,#3111,.T.);
#6544=EDGE_CURVE('',#5437,#5444,#3112,.T.);
#6545=EDGE_CURVE('',#5440,#5445,#3113,.T.);
#6546=EDGE_CURVE('',#5446,#5442,#3114,.T.);
#6547=EDGE_CURVE('',#5445,#5446,#3115,.T.);
#6548=EDGE_CURVE('',#5436,#5447,#3116,.T.);
#6549=EDGE_CURVE('',#5448,#5438,#3117,.T.);
#6550=EDGE_CURVE('',#5447,#5448,#3118,.T.);
#6551=EDGE_CURVE('',#5447,#5443,#3119,.T.);
#6552=EDGE_CURVE('',#5444,#5448,#3120,.T.);
#6553=EDGE_CURVE('',#5445,#5449,#3121,.T.);
#6554=EDGE_CURVE('',#5450,#5446,#3122,.T.);
#6555=EDGE_CURVE('',#5450,#5449,#3123,.T.);
#6556=EDGE_CURVE('',#5449,#5439,#3124,.T.);
#6557=EDGE_CURVE('',#5441,#5450,#3125,.T.);
#6558=EDGE_CURVE('',#5451,#5451,#4883,.T.);
#6559=EDGE_CURVE('',#5451,#5452,#3126,.T.);
#6560=EDGE_CURVE('',#5452,#5452,#4884,.T.);
#6561=EDGE_CURVE('',#5453,#5453,#4885,.T.);
#6562=EDGE_CURVE('',#5453,#5454,#3127,.T.);
#6563=EDGE_CURVE('',#5454,#5454,#4886,.T.);
#6564=EDGE_CURVE('',#5455,#5455,#4887,.T.);
#6565=EDGE_CURVE('',#5455,#5456,#3128,.T.);
#6566=EDGE_CURVE('',#5456,#5456,#4888,.T.);
#6567=EDGE_CURVE('',#5457,#5457,#4889,.T.);
#6568=EDGE_CURVE('',#5457,#5458,#3129,.T.);
#6569=EDGE_CURVE('',#5458,#5458,#4890,.T.);
#6570=EDGE_CURVE('',#5459,#5459,#4891,.T.);
#6571=EDGE_CURVE('',#5459,#5460,#3130,.T.);
#6572=EDGE_CURVE('',#5460,#5460,#4892,.T.);
#6573=EDGE_CURVE('',#5461,#5461,#4893,.T.);
#6574=EDGE_CURVE('',#5461,#5462,#3131,.T.);
#6575=EDGE_CURVE('',#5462,#5462,#4894,.T.);
#6576=EDGE_CURVE('',#5463,#5464,#3132,.T.);
#6577=EDGE_CURVE('',#5465,#5463,#3133,.T.);
#6578=EDGE_CURVE('',#5466,#5465,#3134,.T.);
#6579=EDGE_CURVE('',#5464,#5466,#3135,.T.);
#6580=EDGE_CURVE('',#5467,#5463,#3136,.T.);
#6581=EDGE_CURVE('',#5467,#5468,#3137,.T.);
#6582=EDGE_CURVE('',#5465,#5468,#3138,.T.);
#6583=EDGE_CURVE('',#5469,#5467,#3139,.T.);
#6584=EDGE_CURVE('',#5470,#5469,#3140,.T.);
#6585=EDGE_CURVE('',#5468,#5470,#3141,.T.);
#6586=EDGE_CURVE('',#5471,#5464,#3142,.T.);
#6587=EDGE_CURVE('',#5472,#5471,#3143,.T.);
#6588=EDGE_CURVE('',#5472,#5473,#3144,.T.);
#6589=EDGE_CURVE('',#5473,#5474,#3145,.T.);
#6590=EDGE_CURVE('',#5469,#5474,#3146,.T.);
#6591=EDGE_CURVE('',#5466,#5475,#3147,.T.);
#6592=EDGE_CURVE('',#5475,#5471,#3148,.T.);
#6593=EDGE_CURVE('',#5473,#5476,#3149,.T.);
#6594=EDGE_CURVE('',#5476,#5477,#3150,.T.);
#6595=EDGE_CURVE('',#5474,#5477,#3151,.T.);
#6596=EDGE_CURVE('',#5478,#5472,#3152,.T.);
#6597=EDGE_CURVE('',#5478,#5475,#3153,.T.);
#6598=EDGE_CURVE('',#5477,#5470,#3154,.T.);
#6599=EDGE_CURVE('',#5476,#5478,#3155,.T.);
#6600=EDGE_CURVE('',#5479,#5479,#4895,.T.);
#6601=EDGE_CURVE('',#5479,#5480,#3156,.T.);
#6602=EDGE_CURVE('',#5480,#5480,#4896,.T.);
#6603=EDGE_CURVE('',#5481,#5481,#4897,.T.);
#6604=EDGE_CURVE('',#5481,#5482,#3157,.T.);
#6605=EDGE_CURVE('',#5482,#5482,#4898,.T.);
#6606=EDGE_CURVE('',#5483,#5484,#3158,.T.);
#6607=EDGE_CURVE('',#5484,#5485,#3159,.T.);
#6608=EDGE_CURVE('',#5486,#5485,#3160,.T.);
#6609=EDGE_CURVE('',#5483,#5486,#3161,.T.);
#6610=EDGE_CURVE('',#5487,#5483,#3162,.T.);
#6611=EDGE_CURVE('',#5488,#5486,#3163,.T.);
#6612=EDGE_CURVE('',#5487,#5488,#3164,.T.);
#6613=EDGE_CURVE('',#5489,#5487,#3165,.T.);
#6614=EDGE_CURVE('',#5490,#5488,#3166,.T.);
#6615=EDGE_CURVE('',#5489,#5490,#3167,.T.);
#6616=EDGE_CURVE('',#5484,#5489,#3168,.T.);
#6617=EDGE_CURVE('',#5485,#5490,#3169,.T.);
#6618=EDGE_CURVE('',#5491,#5491,#4899,.T.);
#6619=EDGE_CURVE('',#5491,#5492,#3170,.T.);
#6620=EDGE_CURVE('',#5492,#5492,#4900,.T.);
#6621=EDGE_CURVE('',#5493,#5493,#4901,.T.);
#6622=EDGE_CURVE('',#5493,#5494,#3171,.T.);
#6623=EDGE_CURVE('',#5494,#5494,#4902,.T.);
#6624=EDGE_CURVE('',#5495,#5495,#4903,.T.);
#6625=EDGE_CURVE('',#5495,#5496,#3172,.T.);
#6626=EDGE_CURVE('',#5496,#5496,#4904,.T.);
#6627=EDGE_CURVE('',#5497,#5497,#4905,.T.);
#6628=EDGE_CURVE('',#5497,#5498,#3173,.T.);
#6629=EDGE_CURVE('',#5498,#5498,#4906,.T.);
#6630=EDGE_CURVE('',#5499,#5499,#4907,.T.);
#6631=EDGE_CURVE('',#5499,#5500,#3174,.T.);
#6632=EDGE_CURVE('',#5500,#5500,#4908,.T.);
#6633=EDGE_CURVE('',#5501,#5501,#4909,.T.);
#6634=EDGE_CURVE('',#5501,#5502,#3175,.T.);
#6635=EDGE_CURVE('',#5502,#5502,#4910,.T.);
#6636=EDGE_CURVE('',#5503,#5504,#3176,.T.);
#6637=EDGE_CURVE('',#5505,#5503,#3177,.T.);
#6638=EDGE_CURVE('',#5506,#5505,#3178,.T.);
#6639=EDGE_CURVE('',#5506,#5504,#3179,.T.);
#6640=EDGE_CURVE('',#5504,#5507,#3180,.T.);
#6641=EDGE_CURVE('',#5508,#5506,#3181,.T.);
#6642=EDGE_CURVE('',#5507,#5508,#3182,.T.);
#6643=EDGE_CURVE('',#5507,#5509,#3183,.T.);
#6644=EDGE_CURVE('',#5510,#5508,#3184,.T.);
#6645=EDGE_CURVE('',#5510,#5509,#3185,.T.);
#6646=EDGE_CURVE('',#5509,#5503,#3186,.T.);
#6647=EDGE_CURVE('',#5505,#5510,#3187,.T.);
#6648=EDGE_CURVE('',#5511,#5511,#4911,.T.);
#6649=EDGE_CURVE('',#5511,#5512,#3188,.T.);
#6650=EDGE_CURVE('',#5512,#5512,#4912,.T.);
#6651=EDGE_CURVE('',#5513,#5513,#4913,.T.);
#6652=EDGE_CURVE('',#5513,#5514,#3189,.T.);
#6653=EDGE_CURVE('',#5514,#5514,#4914,.T.);
#6654=EDGE_CURVE('',#5515,#5515,#4915,.T.);
#6655=EDGE_CURVE('',#5515,#5516,#3190,.T.);
#6656=EDGE_CURVE('',#5516,#5516,#4916,.T.);
#6657=EDGE_CURVE('',#5517,#5517,#4917,.T.);
#6658=EDGE_CURVE('',#5517,#5518,#3191,.T.);
#6659=EDGE_CURVE('',#5518,#5518,#4918,.T.);
#6660=EDGE_CURVE('',#5519,#5520,#4919,.T.);
#6661=EDGE_CURVE('',#5521,#5519,#3192,.T.);
#6662=EDGE_CURVE('',#5522,#5521,#4920,.T.);
#6663=EDGE_CURVE('',#5520,#5522,#3193,.T.);
#6664=EDGE_CURVE('',#5523,#5521,#3194,.T.);
#6665=EDGE_CURVE('',#5524,#5523,#3195,.T.);
#6666=EDGE_CURVE('',#5524,#5525,#3196,.T.);
#6667=EDGE_CURVE('',#5525,#5526,#3197,.T.);
#6668=EDGE_CURVE('',#5522,#5526,#3198,.T.);
#6669=EDGE_CURVE('',#5519,#5527,#3199,.T.);
#6670=EDGE_CURVE('',#5527,#5523,#3200,.T.);
#6671=EDGE_CURVE('',#5525,#5528,#3201,.T.);
#6672=EDGE_CURVE('',#5528,#5529,#3202,.T.);
#6673=EDGE_CURVE('',#5526,#5529,#3203,.T.);
#6674=EDGE_CURVE('',#5530,#5524,#3204,.T.);
#6675=EDGE_CURVE('',#5530,#5527,#3205,.T.);
#6676=EDGE_CURVE('',#5529,#5520,#3206,.T.);
#6677=EDGE_CURVE('',#5528,#5530,#3207,.T.);
#6678=EDGE_CURVE('',#5531,#5531,#4921,.T.);
#6679=EDGE_CURVE('',#5531,#5532,#3208,.T.);
#6680=EDGE_CURVE('',#5532,#5532,#4922,.T.);
#6681=EDGE_CURVE('',#5533,#5533,#4923,.T.);
#6682=EDGE_CURVE('',#5533,#5534,#3209,.T.);
#6683=EDGE_CURVE('',#5534,#5534,#4924,.T.);
#6684=EDGE_CURVE('',#5535,#5535,#4925,.T.);
#6685=EDGE_CURVE('',#5535,#5536,#3210,.T.);
#6686=EDGE_CURVE('',#5536,#5536,#4926,.T.);
#6687=EDGE_CURVE('',#5537,#5537,#4927,.T.);
#6688=EDGE_CURVE('',#5537,#5538,#3211,.T.);
#6689=EDGE_CURVE('',#5538,#5538,#4928,.T.);
#6690=EDGE_CURVE('',#5539,#5540,#3212,.T.);
#6691=EDGE_CURVE('',#5540,#5541,#3213,.T.);
#6692=EDGE_CURVE('',#5542,#5541,#3214,.T.);
#6693=EDGE_CURVE('',#5539,#5542,#3215,.T.);
#6694=EDGE_CURVE('',#5543,#5539,#3216,.T.);
#6695=EDGE_CURVE('',#5544,#5542,#3217,.T.);
#6696=EDGE_CURVE('',#5543,#5544,#3218,.T.);
#6697=EDGE_CURVE('',#5545,#5543,#3219,.T.);
#6698=EDGE_CURVE('',#5546,#5544,#3220,.T.);
#6699=EDGE_CURVE('',#5545,#5546,#3221,.T.);
#6700=EDGE_CURVE('',#5540,#5545,#3222,.T.);
#6701=EDGE_CURVE('',#5541,#5546,#3223,.T.);
#6702=EDGE_CURVE('',#5547,#5547,#4929,.T.);
#6703=EDGE_CURVE('',#5547,#5548,#3224,.T.);
#6704=EDGE_CURVE('',#5548,#5548,#4930,.T.);
#6705=EDGE_CURVE('',#5549,#5549,#4931,.T.);
#6706=EDGE_CURVE('',#5549,#5550,#3225,.T.);
#6707=EDGE_CURVE('',#5550,#5550,#4932,.T.);
#6708=EDGE_CURVE('',#5551,#5552,#3226,.T.);
#6709=EDGE_CURVE('',#5553,#5551,#3227,.T.);
#6710=EDGE_CURVE('',#5554,#5553,#3228,.T.);
#6711=EDGE_CURVE('',#5554,#5552,#3229,.T.);
#6712=EDGE_CURVE('',#5552,#5555,#3230,.T.);
#6713=EDGE_CURVE('',#5556,#5554,#3231,.T.);
#6714=EDGE_CURVE('',#5556,#5555,#3232,.T.);
#6715=EDGE_CURVE('',#5555,#5557,#3233,.T.);
#6716=EDGE_CURVE('',#5558,#5556,#3234,.T.);
#6717=EDGE_CURVE('',#5558,#5557,#3235,.T.);
#6718=EDGE_CURVE('',#5557,#5551,#3236,.T.);
#6719=EDGE_CURVE('',#5553,#5558,#3237,.T.);
#6720=EDGE_CURVE('',#5559,#5560,#3238,.T.);
#6721=EDGE_CURVE('',#5560,#5561,#3239,.T.);
#6722=EDGE_CURVE('',#5562,#5561,#3240,.T.);
#6723=EDGE_CURVE('',#5559,#5562,#3241,.T.);
#6724=EDGE_CURVE('',#5563,#5559,#3242,.T.);
#6725=EDGE_CURVE('',#5564,#5562,#3243,.T.);
#6726=EDGE_CURVE('',#5563,#5564,#3244,.T.);
#6727=EDGE_CURVE('',#5565,#5563,#3245,.T.);
#6728=EDGE_CURVE('',#5566,#5564,#3246,.T.);
#6729=EDGE_CURVE('',#5565,#5566,#3247,.T.);
#6730=EDGE_CURVE('',#5560,#5565,#3248,.T.);
#6731=EDGE_CURVE('',#5561,#5566,#3249,.T.);
#6732=EDGE_CURVE('',#5567,#5568,#3250,.T.);
#6733=EDGE_CURVE('',#5568,#5569,#3251,.T.);
#6734=EDGE_CURVE('',#5570,#5569,#3252,.T.);
#6735=EDGE_CURVE('',#5567,#5570,#3253,.T.);
#6736=EDGE_CURVE('',#5571,#5567,#3254,.T.);
#6737=EDGE_CURVE('',#5572,#5570,#3255,.T.);
#6738=EDGE_CURVE('',#5571,#5572,#3256,.T.);
#6739=EDGE_CURVE('',#5573,#5571,#3257,.T.);
#6740=EDGE_CURVE('',#5574,#5572,#3258,.T.);
#6741=EDGE_CURVE('',#5573,#5574,#3259,.T.);
#6742=EDGE_CURVE('',#5568,#5573,#3260,.T.);
#6743=EDGE_CURVE('',#5569,#5574,#3261,.T.);
#6744=EDGE_CURVE('',#5575,#5576,#3262,.T.);
#6745=EDGE_CURVE('',#5576,#5577,#3263,.T.);
#6746=EDGE_CURVE('',#5578,#5577,#3264,.T.);
#6747=EDGE_CURVE('',#5575,#5578,#3265,.T.);
#6748=EDGE_CURVE('',#5579,#5575,#3266,.T.);
#6749=EDGE_CURVE('',#5580,#5578,#3267,.T.);
#6750=EDGE_CURVE('',#5579,#5580,#3268,.T.);
#6751=EDGE_CURVE('',#5581,#5579,#3269,.T.);
#6752=EDGE_CURVE('',#5582,#5580,#3270,.T.);
#6753=EDGE_CURVE('',#5581,#5582,#3271,.T.);
#6754=EDGE_CURVE('',#5576,#5581,#3272,.T.);
#6755=EDGE_CURVE('',#5577,#5582,#3273,.T.);
#6756=EDGE_CURVE('',#5583,#5584,#3274,.T.);
#6757=EDGE_CURVE('',#5584,#5585,#3275,.T.);
#6758=EDGE_CURVE('',#5586,#5585,#3276,.T.);
#6759=EDGE_CURVE('',#5583,#5586,#3277,.T.);
#6760=EDGE_CURVE('',#5587,#5583,#3278,.T.);
#6761=EDGE_CURVE('',#5588,#5586,#3279,.T.);
#6762=EDGE_CURVE('',#5587,#5588,#3280,.T.);
#6763=EDGE_CURVE('',#5589,#5587,#3281,.T.);
#6764=EDGE_CURVE('',#5590,#5588,#3282,.T.);
#6765=EDGE_CURVE('',#5589,#5590,#3283,.T.);
#6766=EDGE_CURVE('',#5584,#5589,#3284,.T.);
#6767=EDGE_CURVE('',#5585,#5590,#3285,.T.);
#6768=EDGE_CURVE('',#5591,#5592,#3286,.T.);
#6769=EDGE_CURVE('',#5592,#5593,#3287,.T.);
#6770=EDGE_CURVE('',#5594,#5593,#3288,.T.);
#6771=EDGE_CURVE('',#5591,#5594,#3289,.T.);
#6772=EDGE_CURVE('',#5595,#5591,#3290,.T.);
#6773=EDGE_CURVE('',#5596,#5594,#3291,.T.);
#6774=EDGE_CURVE('',#5595,#5596,#3292,.T.);
#6775=EDGE_CURVE('',#5597,#5595,#3293,.T.);
#6776=EDGE_CURVE('',#5598,#5596,#3294,.T.);
#6777=EDGE_CURVE('',#5597,#5598,#3295,.T.);
#6778=EDGE_CURVE('',#5592,#5597,#3296,.T.);
#6779=EDGE_CURVE('',#5593,#5598,#3297,.T.);
#6780=EDGE_CURVE('',#5599,#5600,#3298,.T.);
#6781=EDGE_CURVE('',#5600,#5601,#3299,.T.);
#6782=EDGE_CURVE('',#5602,#5601,#3300,.T.);
#6783=EDGE_CURVE('',#5599,#5602,#3301,.T.);
#6784=EDGE_CURVE('',#5603,#5599,#3302,.T.);
#6785=EDGE_CURVE('',#5604,#5602,#3303,.T.);
#6786=EDGE_CURVE('',#5603,#5604,#3304,.T.);
#6787=EDGE_CURVE('',#5605,#5603,#3305,.T.);
#6788=EDGE_CURVE('',#5606,#5604,#3306,.T.);
#6789=EDGE_CURVE('',#5605,#5606,#3307,.T.);
#6790=EDGE_CURVE('',#5600,#5605,#3308,.T.);
#6791=EDGE_CURVE('',#5601,#5606,#3309,.T.);
#6792=EDGE_CURVE('',#5607,#5607,#4933,.T.);
#6793=EDGE_CURVE('',#5607,#5608,#3310,.T.);
#6794=EDGE_CURVE('',#5608,#5608,#4934,.T.);
#6795=EDGE_CURVE('',#5609,#5609,#4935,.T.);
#6796=EDGE_CURVE('',#5609,#5610,#3311,.T.);
#6797=EDGE_CURVE('',#5610,#5610,#4936,.T.);
#6798=EDGE_CURVE('',#5611,#5611,#4937,.T.);
#6799=EDGE_CURVE('',#5611,#5612,#3312,.T.);
#6800=EDGE_CURVE('',#5612,#5612,#4938,.T.);
#6801=EDGE_CURVE('',#5613,#5613,#4939,.T.);
#6802=EDGE_CURVE('',#5613,#5614,#3313,.T.);
#6803=EDGE_CURVE('',#5614,#5614,#4940,.T.);
#6804=EDGE_CURVE('',#5615,#5616,#3314,.T.);
#6805=EDGE_CURVE('',#5616,#5617,#3315,.T.);
#6806=EDGE_CURVE('',#5618,#5617,#3316,.T.);
#6807=EDGE_CURVE('',#5615,#5618,#3317,.T.);
#6808=EDGE_CURVE('',#5619,#5615,#3318,.T.);
#6809=EDGE_CURVE('',#5620,#5618,#3319,.T.);
#6810=EDGE_CURVE('',#5619,#5620,#3320,.T.);
#6811=EDGE_CURVE('',#5621,#5619,#3321,.T.);
#6812=EDGE_CURVE('',#5622,#5620,#3322,.T.);
#6813=EDGE_CURVE('',#5621,#5622,#3323,.T.);
#6814=EDGE_CURVE('',#5616,#5621,#3324,.T.);
#6815=EDGE_CURVE('',#5617,#5622,#3325,.T.);
#6816=EDGE_CURVE('',#5623,#5624,#3326,.T.);
#6817=EDGE_CURVE('',#5624,#5625,#3327,.T.);
#6818=EDGE_CURVE('',#5626,#5625,#3328,.T.);
#6819=EDGE_CURVE('',#5623,#5626,#3329,.T.);
#6820=EDGE_CURVE('',#5627,#5623,#3330,.T.);
#6821=EDGE_CURVE('',#5628,#5626,#3331,.T.);
#6822=EDGE_CURVE('',#5627,#5628,#3332,.T.);
#6823=EDGE_CURVE('',#5629,#5627,#3333,.T.);
#6824=EDGE_CURVE('',#5630,#5628,#3334,.T.);
#6825=EDGE_CURVE('',#5629,#5630,#3335,.T.);
#6826=EDGE_CURVE('',#5624,#5629,#3336,.T.);
#6827=EDGE_CURVE('',#5625,#5630,#3337,.T.);
#6828=EDGE_CURVE('',#5631,#5632,#3338,.T.);
#6829=EDGE_CURVE('',#5632,#5633,#3339,.T.);
#6830=EDGE_CURVE('',#5634,#5633,#3340,.T.);
#6831=EDGE_CURVE('',#5631,#5634,#3341,.T.);
#6832=EDGE_CURVE('',#5635,#5631,#3342,.T.);
#6833=EDGE_CURVE('',#5636,#5634,#3343,.T.);
#6834=EDGE_CURVE('',#5635,#5636,#3344,.T.);
#6835=EDGE_CURVE('',#5637,#5635,#3345,.T.);
#6836=EDGE_CURVE('',#5638,#5636,#3346,.T.);
#6837=EDGE_CURVE('',#5637,#5638,#3347,.T.);
#6838=EDGE_CURVE('',#5632,#5637,#3348,.T.);
#6839=EDGE_CURVE('',#5633,#5638,#3349,.T.);
#6840=EDGE_CURVE('',#5639,#5640,#3350,.T.);
#6841=EDGE_CURVE('',#5640,#5641,#3351,.T.);
#6842=EDGE_CURVE('',#5642,#5641,#3352,.T.);
#6843=EDGE_CURVE('',#5639,#5642,#3353,.T.);
#6844=EDGE_CURVE('',#5643,#5639,#3354,.T.);
#6845=EDGE_CURVE('',#5644,#5642,#3355,.T.);
#6846=EDGE_CURVE('',#5643,#5644,#3356,.T.);
#6847=EDGE_CURVE('',#5645,#5643,#3357,.T.);
#6848=EDGE_CURVE('',#5646,#5644,#3358,.T.);
#6849=EDGE_CURVE('',#5645,#5646,#3359,.T.);
#6850=EDGE_CURVE('',#5640,#5645,#3360,.T.);
#6851=EDGE_CURVE('',#5641,#5646,#3361,.T.);
#6852=EDGE_CURVE('',#5647,#5647,#4941,.T.);
#6853=EDGE_CURVE('',#5647,#5648,#3362,.T.);
#6854=EDGE_CURVE('',#5648,#5648,#4942,.T.);
#6855=EDGE_CURVE('',#5649,#5649,#4943,.T.);
#6856=EDGE_CURVE('',#5649,#5650,#3363,.T.);
#6857=EDGE_CURVE('',#5650,#5650,#4944,.T.);
#6858=EDGE_CURVE('',#5651,#5652,#3364,.T.);
#6859=EDGE_CURVE('',#5652,#5653,#3365,.T.);
#6860=EDGE_CURVE('',#5654,#5653,#3366,.T.);
#6861=EDGE_CURVE('',#5651,#5654,#3367,.T.);
#6862=EDGE_CURVE('',#5655,#5651,#3368,.T.);
#6863=EDGE_CURVE('',#5656,#5654,#3369,.T.);
#6864=EDGE_CURVE('',#5655,#5656,#3370,.T.);
#6865=EDGE_CURVE('',#5657,#5655,#3371,.T.);
#6866=EDGE_CURVE('',#5658,#5656,#3372,.T.);
#6867=EDGE_CURVE('',#5657,#5658,#3373,.T.);
#6868=EDGE_CURVE('',#5652,#5657,#3374,.T.);
#6869=EDGE_CURVE('',#5653,#5658,#3375,.T.);
#6870=EDGE_CURVE('',#5659,#5659,#4945,.T.);
#6871=EDGE_CURVE('',#5659,#5660,#3376,.T.);
#6872=EDGE_CURVE('',#5660,#5660,#4946,.T.);
#6873=EDGE_CURVE('',#5661,#5661,#4947,.T.);
#6874=EDGE_CURVE('',#5661,#5662,#3377,.T.);
#6875=EDGE_CURVE('',#5662,#5662,#4948,.T.);
#6876=EDGE_CURVE('',#5663,#5663,#4949,.T.);
#6877=EDGE_CURVE('',#5663,#5664,#3378,.T.);
#6878=EDGE_CURVE('',#5664,#5664,#4950,.T.);
#6879=EDGE_CURVE('',#5665,#5665,#4951,.T.);
#6880=EDGE_CURVE('',#5665,#5666,#3379,.T.);
#6881=EDGE_CURVE('',#5666,#5666,#4952,.T.);
#6882=EDGE_CURVE('',#5667,#5668,#3380,.T.);
#6883=EDGE_CURVE('',#5668,#5669,#3381,.T.);
#6884=EDGE_CURVE('',#5670,#5669,#3382,.T.);
#6885=EDGE_CURVE('',#5667,#5670,#3383,.T.);
#6886=EDGE_CURVE('',#5671,#5667,#3384,.T.);
#6887=EDGE_CURVE('',#5672,#5670,#3385,.T.);
#6888=EDGE_CURVE('',#5671,#5672,#3386,.T.);
#6889=EDGE_CURVE('',#5673,#5671,#3387,.T.);
#6890=EDGE_CURVE('',#5674,#5672,#3388,.T.);
#6891=EDGE_CURVE('',#5673,#5674,#3389,.T.);
#6892=EDGE_CURVE('',#5668,#5673,#3390,.T.);
#6893=EDGE_CURVE('',#5669,#5674,#3391,.T.);
#6894=EDGE_CURVE('',#5675,#5675,#4953,.T.);
#6895=EDGE_CURVE('',#5675,#5676,#3392,.T.);
#6896=EDGE_CURVE('',#5676,#5676,#4954,.T.);
#6897=EDGE_CURVE('',#5677,#5677,#4955,.T.);
#6898=EDGE_CURVE('',#5677,#5678,#3393,.T.);
#6899=EDGE_CURVE('',#5678,#5678,#4956,.T.);
#6900=EDGE_CURVE('',#5679,#5679,#4957,.T.);
#6901=EDGE_CURVE('',#5679,#5680,#3394,.T.);
#6902=EDGE_CURVE('',#5680,#5680,#4958,.T.);
#6903=EDGE_CURVE('',#5681,#5681,#4959,.T.);
#6904=EDGE_CURVE('',#5681,#5682,#3395,.T.);
#6905=EDGE_CURVE('',#5682,#5682,#4960,.T.);
#6906=EDGE_CURVE('',#5683,#5684,#3396,.T.);
#6907=EDGE_CURVE('',#5685,#5683,#3397,.T.);
#6908=EDGE_CURVE('',#5686,#5685,#3398,.T.);
#6909=EDGE_CURVE('',#5686,#5684,#3399,.T.);
#6910=EDGE_CURVE('',#5684,#5687,#3400,.T.);
#6911=EDGE_CURVE('',#5688,#5686,#3401,.T.);
#6912=EDGE_CURVE('',#5687,#5688,#3402,.T.);
#6913=EDGE_CURVE('',#5687,#5689,#3403,.T.);
#6914=EDGE_CURVE('',#5690,#5688,#3404,.T.);
#6915=EDGE_CURVE('',#5690,#5689,#3405,.T.);
#6916=EDGE_CURVE('',#5689,#5683,#3406,.T.);
#6917=EDGE_CURVE('',#5685,#5690,#3407,.T.);
#6918=EDGE_CURVE('',#5691,#5692,#3408,.T.);
#6919=EDGE_CURVE('',#5693,#5691,#3409,.T.);
#6920=EDGE_CURVE('',#5694,#5693,#3410,.T.);
#6921=EDGE_CURVE('',#5694,#5692,#3411,.T.);
#6922=EDGE_CURVE('',#5692,#5695,#3412,.T.);
#6923=EDGE_CURVE('',#5696,#5694,#3413,.T.);
#6924=EDGE_CURVE('',#5695,#5696,#3414,.T.);
#6925=EDGE_CURVE('',#5695,#5697,#3415,.T.);
#6926=EDGE_CURVE('',#5698,#5696,#3416,.T.);
#6927=EDGE_CURVE('',#5698,#5697,#3417,.T.);
#6928=EDGE_CURVE('',#5697,#5691,#3418,.T.);
#6929=EDGE_CURVE('',#5693,#5698,#3419,.T.);
#6930=EDGE_CURVE('',#5699,#5700,#3420,.T.);
#6931=EDGE_CURVE('',#5700,#5701,#3421,.T.);
#6932=EDGE_CURVE('',#5702,#5701,#3422,.T.);
#6933=EDGE_CURVE('',#5699,#5702,#3423,.T.);
#6934=EDGE_CURVE('',#5703,#5699,#3424,.T.);
#6935=EDGE_CURVE('',#5704,#5702,#3425,.T.);
#6936=EDGE_CURVE('',#5703,#5704,#3426,.T.);
#6937=EDGE_CURVE('',#5705,#5703,#3427,.T.);
#6938=EDGE_CURVE('',#5706,#5704,#3428,.T.);
#6939=EDGE_CURVE('',#5705,#5706,#3429,.T.);
#6940=EDGE_CURVE('',#5700,#5705,#3430,.T.);
#6941=EDGE_CURVE('',#5701,#5706,#3431,.T.);
#6942=EDGE_CURVE('',#5707,#5708,#3432,.T.);
#6943=EDGE_CURVE('',#5708,#5709,#3433,.T.);
#6944=EDGE_CURVE('',#5710,#5709,#3434,.T.);
#6945=EDGE_CURVE('',#5707,#5710,#3435,.T.);
#6946=EDGE_CURVE('',#5711,#5707,#3436,.T.);
#6947=EDGE_CURVE('',#5712,#5710,#3437,.T.);
#6948=EDGE_CURVE('',#5711,#5712,#3438,.T.);
#6949=EDGE_CURVE('',#5711,#5713,#3439,.T.);
#6950=EDGE_CURVE('',#5714,#5712,#3440,.T.);
#6951=EDGE_CURVE('',#5713,#5714,#3441,.T.);
#6952=EDGE_CURVE('',#5708,#5713,#3442,.T.);
#6953=EDGE_CURVE('',#5709,#5714,#3443,.T.);
#6954=EDGE_CURVE('',#5715,#5716,#3444,.T.);
#6955=EDGE_CURVE('',#5715,#5717,#3445,.T.);
#6956=EDGE_CURVE('',#5718,#5717,#3446,.T.);
#6957=EDGE_CURVE('',#5716,#5718,#3447,.T.);
#6958=EDGE_CURVE('',#5719,#5720,#3448,.T.);
#6959=EDGE_CURVE('',#5720,#5721,#3449,.T.);
#6960=EDGE_CURVE('',#5721,#5722,#3450,.T.);
#6961=EDGE_CURVE('',#5722,#5719,#3451,.T.);
#6962=EDGE_CURVE('',#5716,#5720,#3452,.T.);
#6963=EDGE_CURVE('',#5715,#5719,#3453,.T.);
#6964=EDGE_CURVE('',#5718,#5721,#3454,.T.);
#6965=EDGE_CURVE('',#5717,#5722,#3455,.T.);
#6966=EDGE_CURVE('',#5723,#5723,#4961,.T.);
#6967=EDGE_CURVE('',#5723,#5724,#3456,.T.);
#6968=EDGE_CURVE('',#5724,#5724,#4962,.T.);
#6969=EDGE_CURVE('',#5725,#5725,#4963,.T.);
#6970=EDGE_CURVE('',#5725,#5726,#3457,.T.);
#6971=EDGE_CURVE('',#5726,#5726,#4964,.T.);
#6972=EDGE_CURVE('',#5727,#5727,#4965,.T.);
#6973=EDGE_CURVE('',#5727,#5728,#3458,.T.);
#6974=EDGE_CURVE('',#5728,#5728,#4966,.T.);
#6975=EDGE_CURVE('',#5729,#5729,#4967,.T.);
#6976=EDGE_CURVE('',#5729,#5730,#3459,.T.);
#6977=EDGE_CURVE('',#5730,#5730,#4968,.T.);
#6978=EDGE_CURVE('',#5731,#5731,#4969,.T.);
#6979=EDGE_CURVE('',#5731,#5732,#3460,.T.);
#6980=EDGE_CURVE('',#5732,#5732,#4970,.T.);
#6981=EDGE_CURVE('',#5733,#5733,#4971,.T.);
#6982=EDGE_CURVE('',#5733,#5734,#3461,.T.);
#6983=EDGE_CURVE('',#5734,#5734,#4972,.T.);
#6984=EDGE_CURVE('',#5735,#5735,#4973,.T.);
#6985=EDGE_CURVE('',#5735,#5736,#3462,.T.);
#6986=EDGE_CURVE('',#5736,#5736,#4974,.T.);
#6987=EDGE_CURVE('',#5737,#5737,#4975,.T.);
#6988=EDGE_CURVE('',#5737,#5738,#3463,.T.);
#6989=EDGE_CURVE('',#5738,#5738,#4976,.T.);
#6990=EDGE_CURVE('',#5739,#5739,#4977,.T.);
#6991=EDGE_CURVE('',#5739,#5740,#3464,.T.);
#6992=EDGE_CURVE('',#5740,#5740,#4978,.T.);
#6993=EDGE_CURVE('',#5741,#5741,#4979,.T.);
#6994=EDGE_CURVE('',#5741,#5742,#3465,.T.);
#6995=EDGE_CURVE('',#5742,#5742,#4980,.T.);
#6996=EDGE_CURVE('',#5743,#5743,#4981,.T.);
#6997=EDGE_CURVE('',#5743,#5744,#3466,.T.);
#6998=EDGE_CURVE('',#5744,#5744,#4982,.T.);
#6999=EDGE_CURVE('',#5745,#5745,#4983,.T.);
#7000=EDGE_CURVE('',#5745,#5746,#3467,.T.);
#7001=EDGE_CURVE('',#5746,#5746,#4984,.T.);
#7002=EDGE_CURVE('',#5747,#5747,#4985,.T.);
#7003=EDGE_CURVE('',#5747,#5748,#3468,.T.);
#7004=EDGE_CURVE('',#5748,#5748,#4986,.T.);
#7005=EDGE_CURVE('',#5749,#5749,#4987,.T.);
#7006=EDGE_CURVE('',#5749,#5750,#3469,.T.);
#7007=EDGE_CURVE('',#5750,#5750,#4988,.T.);
#7008=EDGE_CURVE('',#5751,#5751,#4989,.T.);
#7009=EDGE_CURVE('',#5751,#5752,#3470,.T.);
#7010=EDGE_CURVE('',#5752,#5752,#4990,.T.);
#7011=EDGE_CURVE('',#5753,#5753,#4991,.T.);
#7012=EDGE_CURVE('',#5753,#5754,#3471,.T.);
#7013=EDGE_CURVE('',#5754,#5754,#4992,.T.);
#7014=EDGE_CURVE('',#5755,#5755,#4993,.T.);
#7015=EDGE_CURVE('',#5755,#5756,#3472,.T.);
#7016=EDGE_CURVE('',#5756,#5756,#4994,.T.);
#7017=EDGE_CURVE('',#5757,#5757,#4995,.T.);
#7018=EDGE_CURVE('',#5757,#5758,#3473,.T.);
#7019=EDGE_CURVE('',#5758,#5758,#4996,.T.);
#7020=EDGE_CURVE('',#5759,#5759,#4997,.T.);
#7021=EDGE_CURVE('',#5759,#5760,#3474,.T.);
#7022=EDGE_CURVE('',#5760,#5760,#4998,.T.);
#7023=EDGE_CURVE('',#5761,#5761,#4999,.T.);
#7024=EDGE_CURVE('',#5761,#5762,#3475,.T.);
#7025=EDGE_CURVE('',#5762,#5762,#5000,.T.);
#7026=EDGE_CURVE('',#5763,#5764,#3476,.T.);
#7027=EDGE_CURVE('',#5763,#5765,#3477,.T.);
#7028=EDGE_CURVE('',#5766,#5765,#3478,.T.);
#7029=EDGE_CURVE('',#5764,#5766,#3479,.T.);
#7030=EDGE_CURVE('',#5767,#5763,#3480,.T.);
#7031=EDGE_CURVE('',#5768,#5767,#3481,.T.);
#7032=EDGE_CURVE('',#5765,#5768,#3482,.T.);
#7033=EDGE_CURVE('',#5769,#5767,#3483,.T.);
#7034=EDGE_CURVE('',#5770,#5769,#3484,.T.);
#7035=EDGE_CURVE('',#5768,#5770,#3485,.T.);
#7036=EDGE_CURVE('',#5764,#5771,#3486,.T.);
#7037=EDGE_CURVE('',#5771,#5772,#3487,.T.);
#7038=EDGE_CURVE('',#5773,#5772,#3488,.T.);
#7039=EDGE_CURVE('',#5774,#5773,#3489,.T.);
#7040=EDGE_CURVE('',#5774,#5769,#3490,.T.);
#7041=EDGE_CURVE('',#5775,#5766,#3491,.T.);
#7042=EDGE_CURVE('',#5771,#5775,#3492,.T.);
#7043=EDGE_CURVE('',#5776,#5777,#3493,.T.);
#7044=EDGE_CURVE('',#5778,#5776,#3494,.T.);
#7045=EDGE_CURVE('',#5779,#5778,#3495,.T.);
#7046=EDGE_CURVE('',#5779,#5777,#3496,.T.);
#7047=EDGE_CURVE('',#5777,#5780,#3497,.T.);
#7048=EDGE_CURVE('',#5781,#5779,#3498,.T.);
#7049=EDGE_CURVE('',#5781,#5780,#3499,.T.);
#7050=EDGE_CURVE('',#5780,#5782,#3500,.T.);
#7051=EDGE_CURVE('',#5783,#5781,#3501,.T.);
#7052=EDGE_CURVE('',#5783,#5782,#3502,.T.);
#7053=EDGE_CURVE('',#5782,#5776,#3503,.T.);
#7054=EDGE_CURVE('',#5778,#5783,#3504,.T.);
#7055=EDGE_CURVE('',#5784,#5774,#3505,.T.);
#7056=EDGE_CURVE('',#5785,#5773,#3506,.T.);
#7057=EDGE_CURVE('',#5784,#5785,#3507,.T.);
#7058=EDGE_CURVE('',#5770,#5784,#3508,.T.);
#7059=EDGE_CURVE('',#5786,#5785,#3509,.T.);
#7060=EDGE_CURVE('',#5775,#5786,#3510,.T.);
#7061=EDGE_CURVE('',#5772,#5786,#3511,.T.);
#7062=EDGE_CURVE('',#5787,#5787,#5001,.T.);
#7063=EDGE_CURVE('',#5787,#5788,#3512,.T.);
#7064=EDGE_CURVE('',#5788,#5788,#5002,.T.);
#7065=EDGE_CURVE('',#5789,#5789,#5003,.T.);
#7066=EDGE_CURVE('',#5789,#5790,#3513,.T.);
#7067=EDGE_CURVE('',#5790,#5790,#5004,.T.);
#7068=EDGE_CURVE('',#5791,#5792,#3514,.T.);
#7069=EDGE_CURVE('',#5791,#5793,#3515,.T.);
#7070=EDGE_CURVE('',#5794,#5793,#3516,.T.);
#7071=EDGE_CURVE('',#5792,#5794,#3517,.T.);
#7072=EDGE_CURVE('',#5795,#5796,#3518,.T.);
#7073=EDGE_CURVE('',#5797,#5795,#3519,.T.);
#7074=EDGE_CURVE('',#5798,#5797,#3520,.T.);
#7075=EDGE_CURVE('',#5798,#5796,#3521,.T.);
#7076=EDGE_CURVE('',#5796,#5791,#3522,.T.);
#7077=EDGE_CURVE('',#5793,#5798,#3523,.T.);
#7078=EDGE_CURVE('',#5797,#5799,#3524,.T.);
#7079=EDGE_CURVE('',#5799,#5800,#3525,.T.);
#7080=EDGE_CURVE('',#5801,#5800,#3526,.T.);
#7081=EDGE_CURVE('',#5802,#5801,#3527,.T.);
#7082=EDGE_CURVE('',#5802,#5794,#3528,.T.);
#7083=EDGE_CURVE('',#5803,#5795,#3529,.T.);
#7084=EDGE_CURVE('',#5799,#5803,#3530,.T.);
#7085=EDGE_CURVE('',#5804,#5802,#3531,.T.);
#7086=EDGE_CURVE('',#5792,#5804,#3532,.T.);
#7087=EDGE_CURVE('',#5805,#5806,#3533,.T.);
#7088=EDGE_CURVE('',#5807,#5805,#3534,.T.);
#7089=EDGE_CURVE('',#5808,#5807,#3535,.T.);
#7090=EDGE_CURVE('',#5808,#5806,#3536,.T.);
#7091=EDGE_CURVE('',#5806,#5809,#3537,.T.);
#7092=EDGE_CURVE('',#5810,#5808,#3538,.T.);
#7093=EDGE_CURVE('',#5810,#5809,#3539,.T.);
#7094=EDGE_CURVE('',#5809,#5811,#3540,.T.);
#7095=EDGE_CURVE('',#5812,#5810,#3541,.T.);
#7096=EDGE_CURVE('',#5812,#5811,#3542,.T.);
#7097=EDGE_CURVE('',#5811,#5805,#3543,.T.);
#7098=EDGE_CURVE('',#5807,#5812,#3544,.T.);
#7099=EDGE_CURVE('',#5813,#5801,#3545,.T.);
#7100=EDGE_CURVE('',#5804,#5813,#3546,.T.);
#7101=EDGE_CURVE('',#5814,#5813,#3547,.T.);
#7102=EDGE_CURVE('',#5803,#5814,#3548,.T.);
#7103=EDGE_CURVE('',#5800,#5814,#3549,.T.);
#7104=EDGE_CURVE('',#5815,#5815,#5005,.T.);
#7105=EDGE_CURVE('',#5815,#5816,#3550,.T.);
#7106=EDGE_CURVE('',#5816,#5816,#5006,.T.);
#7107=EDGE_CURVE('',#5817,#5817,#5007,.T.);
#7108=EDGE_CURVE('',#5817,#5818,#3551,.T.);
#7109=EDGE_CURVE('',#5818,#5818,#5008,.T.);
#7110=EDGE_CURVE('',#5819,#5820,#3552,.T.);
#7111=EDGE_CURVE('',#5819,#5821,#3553,.T.);
#7112=EDGE_CURVE('',#5822,#5821,#3554,.T.);
#7113=EDGE_CURVE('',#5820,#5822,#3555,.T.);
#7114=EDGE_CURVE('',#5823,#5824,#3556,.T.);
#7115=EDGE_CURVE('',#5825,#5823,#3557,.T.);
#7116=EDGE_CURVE('',#5826,#5825,#3558,.T.);
#7117=EDGE_CURVE('',#5826,#5824,#3559,.T.);
#7118=EDGE_CURVE('',#5824,#5819,#3560,.T.);
#7119=EDGE_CURVE('',#5821,#5826,#3561,.T.);
#7120=EDGE_CURVE('',#5825,#5827,#3562,.T.);
#7121=EDGE_CURVE('',#5827,#5828,#3563,.T.);
#7122=EDGE_CURVE('',#5829,#5828,#3564,.T.);
#7123=EDGE_CURVE('',#5830,#5829,#3565,.T.);
#7124=EDGE_CURVE('',#5830,#5822,#3566,.T.);
#7125=EDGE_CURVE('',#5831,#5823,#3567,.T.);
#7126=EDGE_CURVE('',#5827,#5831,#3568,.T.);
#7127=EDGE_CURVE('',#5832,#5830,#3569,.T.);
#7128=EDGE_CURVE('',#5820,#5832,#3570,.T.);
#7129=EDGE_CURVE('',#5833,#5834,#3571,.T.);
#7130=EDGE_CURVE('',#5835,#5833,#3572,.T.);
#7131=EDGE_CURVE('',#5836,#5835,#3573,.T.);
#7132=EDGE_CURVE('',#5836,#5834,#3574,.T.);
#7133=EDGE_CURVE('',#5834,#5837,#3575,.T.);
#7134=EDGE_CURVE('',#5838,#5836,#3576,.T.);
#7135=EDGE_CURVE('',#5838,#5837,#3577,.T.);
#7136=EDGE_CURVE('',#5837,#5839,#3578,.T.);
#7137=EDGE_CURVE('',#5840,#5838,#3579,.T.);
#7138=EDGE_CURVE('',#5840,#5839,#3580,.T.);
#7139=EDGE_CURVE('',#5839,#5833,#3581,.T.);
#7140=EDGE_CURVE('',#5835,#5840,#3582,.T.);
#7141=EDGE_CURVE('',#5841,#5829,#3583,.T.);
#7142=EDGE_CURVE('',#5832,#5841,#3584,.T.);
#7143=EDGE_CURVE('',#5842,#5841,#3585,.T.);
#7144=EDGE_CURVE('',#5831,#5842,#3586,.T.);
#7145=EDGE_CURVE('',#5828,#5842,#3587,.T.);
#7146=EDGE_CURVE('',#5843,#5843,#5009,.T.);
#7147=EDGE_CURVE('',#5843,#5844,#3588,.T.);
#7148=EDGE_CURVE('',#5844,#5844,#5010,.T.);
#7149=EDGE_CURVE('',#5845,#5845,#5011,.T.);
#7150=EDGE_CURVE('',#5845,#5846,#3589,.T.);
#7151=EDGE_CURVE('',#5846,#5846,#5012,.T.);
#7152=EDGE_CURVE('',#5847,#5848,#3590,.T.);
#7153=EDGE_CURVE('',#5847,#5849,#3591,.T.);
#7154=EDGE_CURVE('',#5850,#5849,#3592,.T.);
#7155=EDGE_CURVE('',#5848,#5850,#3593,.T.);
#7156=EDGE_CURVE('',#5851,#5847,#3594,.T.);
#7157=EDGE_CURVE('',#5852,#5851,#3595,.T.);
#7158=EDGE_CURVE('',#5849,#5852,#3596,.T.);
#7159=EDGE_CURVE('',#5853,#5851,#3597,.T.);
#7160=EDGE_CURVE('',#5854,#5853,#3598,.T.);
#7161=EDGE_CURVE('',#5852,#5854,#3599,.T.);
#7162=EDGE_CURVE('',#5848,#5855,#3600,.T.);
#7163=EDGE_CURVE('',#5855,#5856,#3601,.T.);
#7164=EDGE_CURVE('',#5857,#5856,#3602,.T.);
#7165=EDGE_CURVE('',#5858,#5857,#3603,.T.);
#7166=EDGE_CURVE('',#5858,#5853,#3604,.T.);
#7167=EDGE_CURVE('',#5859,#5850,#3605,.T.);
#7168=EDGE_CURVE('',#5855,#5859,#3606,.T.);
#7169=EDGE_CURVE('',#5860,#5861,#3607,.T.);
#7170=EDGE_CURVE('',#5862,#5860,#3608,.T.);
#7171=EDGE_CURVE('',#5863,#5862,#3609,.T.);
#7172=EDGE_CURVE('',#5863,#5861,#3610,.T.);
#7173=EDGE_CURVE('',#5861,#5864,#3611,.T.);
#7174=EDGE_CURVE('',#5865,#5863,#3612,.T.);
#7175=EDGE_CURVE('',#5865,#5864,#3613,.T.);
#7176=EDGE_CURVE('',#5864,#5866,#3614,.T.);
#7177=EDGE_CURVE('',#5867,#5865,#3615,.T.);
#7178=EDGE_CURVE('',#5867,#5866,#3616,.T.);
#7179=EDGE_CURVE('',#5866,#5860,#3617,.T.);
#7180=EDGE_CURVE('',#5862,#5867,#3618,.T.);
#7181=EDGE_CURVE('',#5868,#5858,#3619,.T.);
#7182=EDGE_CURVE('',#5869,#5857,#3620,.T.);
#7183=EDGE_CURVE('',#5868,#5869,#3621,.T.);
#7184=EDGE_CURVE('',#5854,#5868,#3622,.T.);
#7185=EDGE_CURVE('',#5870,#5869,#3623,.T.);
#7186=EDGE_CURVE('',#5859,#5870,#3624,.T.);
#7187=EDGE_CURVE('',#5856,#5870,#3625,.T.);
#7188=EDGE_CURVE('',#5871,#5871,#5013,.T.);
#7189=EDGE_CURVE('',#5871,#5872,#3626,.T.);
#7190=EDGE_CURVE('',#5872,#5872,#5014,.T.);
#7191=EDGE_CURVE('',#5873,#5873,#5015,.T.);
#7192=EDGE_CURVE('',#5873,#5874,#3627,.T.);
#7193=EDGE_CURVE('',#5874,#5874,#5016,.T.);
#7194=EDGE_CURVE('',#5875,#5876,#3628,.T.);
#7195=EDGE_CURVE('',#5875,#5877,#3629,.T.);
#7196=EDGE_CURVE('',#5878,#5877,#3630,.T.);
#7197=EDGE_CURVE('',#5876,#5878,#3631,.T.);
#7198=EDGE_CURVE('',#5879,#5880,#3632,.T.);
#7199=EDGE_CURVE('',#5881,#5879,#3633,.T.);
#7200=EDGE_CURVE('',#5882,#5881,#3634,.T.);
#7201=EDGE_CURVE('',#5882,#5880,#3635,.T.);
#7202=EDGE_CURVE('',#5880,#5875,#3636,.T.);
#7203=EDGE_CURVE('',#5877,#5882,#3637,.T.);
#7204=EDGE_CURVE('',#5881,#5883,#3638,.T.);
#7205=EDGE_CURVE('',#5883,#5884,#3639,.T.);
#7206=EDGE_CURVE('',#5885,#5884,#3640,.T.);
#7207=EDGE_CURVE('',#5886,#5885,#3641,.T.);
#7208=EDGE_CURVE('',#5886,#5878,#3642,.T.);
#7209=EDGE_CURVE('',#5887,#5879,#3643,.T.);
#7210=EDGE_CURVE('',#5883,#5887,#3644,.T.);
#7211=EDGE_CURVE('',#5888,#5886,#3645,.T.);
#7212=EDGE_CURVE('',#5876,#5888,#3646,.T.);
#7213=EDGE_CURVE('',#5889,#5890,#3647,.T.);
#7214=EDGE_CURVE('',#5891,#5889,#3648,.T.);
#7215=EDGE_CURVE('',#5892,#5891,#3649,.T.);
#7216=EDGE_CURVE('',#5892,#5890,#3650,.T.);
#7217=EDGE_CURVE('',#5890,#5893,#3651,.T.);
#7218=EDGE_CURVE('',#5894,#5892,#3652,.T.);
#7219=EDGE_CURVE('',#5894,#5893,#3653,.T.);
#7220=EDGE_CURVE('',#5893,#5895,#3654,.T.);
#7221=EDGE_CURVE('',#5896,#5894,#3655,.T.);
#7222=EDGE_CURVE('',#5896,#5895,#3656,.T.);
#7223=EDGE_CURVE('',#5895,#5889,#3657,.T.);
#7224=EDGE_CURVE('',#5891,#5896,#3658,.T.);
#7225=EDGE_CURVE('',#5897,#5885,#3659,.T.);
#7226=EDGE_CURVE('',#5888,#5897,#3660,.T.);
#7227=EDGE_CURVE('',#5898,#5897,#3661,.T.);
#7228=EDGE_CURVE('',#5887,#5898,#3662,.T.);
#7229=EDGE_CURVE('',#5884,#5898,#3663,.T.);
#7230=EDGE_CURVE('',#5899,#5899,#5017,.T.);
#7231=EDGE_CURVE('',#5899,#5900,#3664,.T.);
#7232=EDGE_CURVE('',#5900,#5900,#5018,.T.);
#7233=EDGE_CURVE('',#5901,#5901,#5019,.T.);
#7234=EDGE_CURVE('',#5901,#5902,#3665,.T.);
#7235=EDGE_CURVE('',#5902,#5902,#5020,.T.);
#7236=EDGE_CURVE('',#5903,#5903,#5021,.T.);
#7237=EDGE_CURVE('',#5903,#5904,#3666,.T.);
#7238=EDGE_CURVE('',#5904,#5904,#5022,.T.);
#7239=EDGE_CURVE('',#5905,#5905,#5023,.T.);
#7240=EDGE_CURVE('',#5905,#5906,#3667,.T.);
#7241=EDGE_CURVE('',#5906,#5906,#5024,.T.);
#7242=EDGE_CURVE('',#5907,#5907,#5025,.T.);
#7243=EDGE_CURVE('',#5907,#5908,#3668,.T.);
#7244=EDGE_CURVE('',#5908,#5908,#5026,.T.);
#7245=EDGE_CURVE('',#5909,#5909,#5027,.T.);
#7246=EDGE_CURVE('',#5909,#5910,#3669,.T.);
#7247=EDGE_CURVE('',#5910,#5910,#5028,.T.);
#7248=EDGE_CURVE('',#5911,#5912,#3670,.T.);
#7249=EDGE_CURVE('',#5913,#5911,#3671,.T.);
#7250=EDGE_CURVE('',#5914,#5913,#3672,.T.);
#7251=EDGE_CURVE('',#5914,#5912,#3673,.T.);
#7252=EDGE_CURVE('',#5912,#5915,#3674,.T.);
#7253=EDGE_CURVE('',#5916,#5914,#3675,.T.);
#7254=EDGE_CURVE('',#5916,#5915,#3676,.T.);
#7255=EDGE_CURVE('',#5915,#5917,#3677,.T.);
#7256=EDGE_CURVE('',#5918,#5916,#3678,.T.);
#7257=EDGE_CURVE('',#5918,#5917,#3679,.T.);
#7258=EDGE_CURVE('',#5917,#5911,#3680,.T.);
#7259=EDGE_CURVE('',#5913,#5918,#3681,.T.);
#7260=EDGE_CURVE('',#5919,#5919,#5029,.T.);
#7261=EDGE_CURVE('',#5919,#5920,#3682,.T.);
#7262=EDGE_CURVE('',#5920,#5920,#5030,.T.);
#7263=EDGE_CURVE('',#5921,#5921,#5031,.T.);
#7264=EDGE_CURVE('',#5921,#5922,#3683,.T.);
#7265=EDGE_CURVE('',#5922,#5922,#5032,.T.);
#7266=EDGE_CURVE('',#5923,#5923,#5033,.T.);
#7267=EDGE_CURVE('',#5923,#5924,#3684,.T.);
#7268=EDGE_CURVE('',#5924,#5924,#5034,.T.);
#7269=EDGE_CURVE('',#5925,#5925,#5035,.T.);
#7270=EDGE_CURVE('',#5925,#5926,#3685,.T.);
#7271=EDGE_CURVE('',#5926,#5926,#5036,.T.);
#7272=EDGE_CURVE('',#5927,#5928,#3686,.T.);
#7273=EDGE_CURVE('',#5928,#5929,#3687,.T.);
#7274=EDGE_CURVE('',#5930,#5929,#3688,.T.);
#7275=EDGE_CURVE('',#5927,#5930,#3689,.T.);
#7276=EDGE_CURVE('',#5931,#5927,#3690,.T.);
#7277=EDGE_CURVE('',#5932,#5930,#3691,.T.);
#7278=EDGE_CURVE('',#5931,#5932,#3692,.T.);
#7279=EDGE_CURVE('',#5933,#5931,#3693,.T.);
#7280=EDGE_CURVE('',#5934,#5932,#3694,.T.);
#7281=EDGE_CURVE('',#5933,#5934,#3695,.T.);
#7282=EDGE_CURVE('',#5928,#5933,#3696,.T.);
#7283=EDGE_CURVE('',#5929,#5934,#3697,.T.);
#7284=EDGE_CURVE('',#5935,#5935,#5037,.T.);
#7285=EDGE_CURVE('',#5935,#5936,#3698,.T.);
#7286=EDGE_CURVE('',#5936,#5936,#5038,.T.);
#7287=EDGE_CURVE('',#5937,#5937,#5039,.T.);
#7288=EDGE_CURVE('',#5937,#5938,#3699,.T.);
#7289=EDGE_CURVE('',#5938,#5938,#5040,.T.);
#7290=EDGE_CURVE('',#5939,#5939,#5041,.T.);
#7291=EDGE_CURVE('',#5939,#5940,#3700,.T.);
#7292=EDGE_CURVE('',#5940,#5940,#5042,.T.);
#7293=EDGE_CURVE('',#5941,#5941,#5043,.T.);
#7294=EDGE_CURVE('',#5941,#5942,#3701,.T.);
#7295=EDGE_CURVE('',#5942,#5942,#5044,.T.);
#7296=EDGE_CURVE('',#5943,#5944,#3702,.T.);
#7297=EDGE_CURVE('',#5944,#5945,#3703,.T.);
#7298=EDGE_CURVE('',#5946,#5945,#3704,.T.);
#7299=EDGE_CURVE('',#5943,#5946,#3705,.T.);
#7300=EDGE_CURVE('',#5947,#5943,#3706,.T.);
#7301=EDGE_CURVE('',#5948,#5946,#3707,.T.);
#7302=EDGE_CURVE('',#5947,#5948,#3708,.T.);
#7303=EDGE_CURVE('',#5949,#5947,#3709,.T.);
#7304=EDGE_CURVE('',#5950,#5948,#3710,.T.);
#7305=EDGE_CURVE('',#5949,#5950,#3711,.T.);
#7306=EDGE_CURVE('',#5944,#5949,#3712,.T.);
#7307=EDGE_CURVE('',#5945,#5950,#3713,.T.);
#7308=ORIENTED_EDGE('',*,*,#5951,.F.);
#7309=ORIENTED_EDGE('',*,*,#5952,.T.);
#7310=ORIENTED_EDGE('',*,*,#5953,.F.);
#7311=ORIENTED_EDGE('',*,*,#5952,.F.);
#7312=ORIENTED_EDGE('',*,*,#5954,.F.);
#7313=ORIENTED_EDGE('',*,*,#5955,.T.);
#7314=ORIENTED_EDGE('',*,*,#5956,.F.);
#7315=ORIENTED_EDGE('',*,*,#5955,.F.);
#7316=ORIENTED_EDGE('',*,*,#5957,.F.);
#7317=ORIENTED_EDGE('',*,*,#5958,.T.);
#7318=ORIENTED_EDGE('',*,*,#5959,.F.);
#7319=ORIENTED_EDGE('',*,*,#5958,.F.);
#7320=ORIENTED_EDGE('',*,*,#5960,.F.);
#7321=ORIENTED_EDGE('',*,*,#5961,.T.);
#7322=ORIENTED_EDGE('',*,*,#5962,.F.);
#7323=ORIENTED_EDGE('',*,*,#5961,.F.);
#7324=ORIENTED_EDGE('',*,*,#5963,.F.);
#7325=ORIENTED_EDGE('',*,*,#5964,.T.);
#7326=ORIENTED_EDGE('',*,*,#5965,.F.);
#7327=ORIENTED_EDGE('',*,*,#5964,.F.);
#7328=ORIENTED_EDGE('',*,*,#5966,.F.);
#7329=ORIENTED_EDGE('',*,*,#5967,.T.);
#7330=ORIENTED_EDGE('',*,*,#5968,.F.);
#7331=ORIENTED_EDGE('',*,*,#5967,.F.);
#7332=ORIENTED_EDGE('',*,*,#5969,.F.);
#7333=ORIENTED_EDGE('',*,*,#5970,.T.);
#7334=ORIENTED_EDGE('',*,*,#5971,.F.);
#7335=ORIENTED_EDGE('',*,*,#5970,.F.);
#7336=ORIENTED_EDGE('',*,*,#5972,.F.);
#7337=ORIENTED_EDGE('',*,*,#5973,.T.);
#7338=ORIENTED_EDGE('',*,*,#5974,.F.);
#7339=ORIENTED_EDGE('',*,*,#5973,.F.);
#7340=ORIENTED_EDGE('',*,*,#5975,.F.);
#7341=ORIENTED_EDGE('',*,*,#5976,.T.);
#7342=ORIENTED_EDGE('',*,*,#5977,.F.);
#7343=ORIENTED_EDGE('',*,*,#5976,.F.);
#7344=ORIENTED_EDGE('',*,*,#5978,.F.);
#7345=ORIENTED_EDGE('',*,*,#5979,.T.);
#7346=ORIENTED_EDGE('',*,*,#5980,.F.);
#7347=ORIENTED_EDGE('',*,*,#5979,.F.);
#7348=ORIENTED_EDGE('',*,*,#5981,.F.);
#7349=ORIENTED_EDGE('',*,*,#5982,.T.);
#7350=ORIENTED_EDGE('',*,*,#5983,.F.);
#7351=ORIENTED_EDGE('',*,*,#5982,.F.);
#7352=ORIENTED_EDGE('',*,*,#5984,.F.);
#7353=ORIENTED_EDGE('',*,*,#5985,.T.);
#7354=ORIENTED_EDGE('',*,*,#5986,.F.);
#7355=ORIENTED_EDGE('',*,*,#5985,.F.);
#7356=ORIENTED_EDGE('',*,*,#5987,.F.);
#7357=ORIENTED_EDGE('',*,*,#5988,.F.);
#7358=ORIENTED_EDGE('',*,*,#5989,.F.);
#7359=ORIENTED_EDGE('',*,*,#5990,.T.);
#7360=ORIENTED_EDGE('',*,*,#5991,.F.);
#7361=ORIENTED_EDGE('',*,*,#5992,.T.);
#7362=ORIENTED_EDGE('',*,*,#5993,.F.);
#7363=ORIENTED_EDGE('',*,*,#5994,.F.);
#7364=ORIENTED_EDGE('',*,*,#5995,.F.);
#7365=ORIENTED_EDGE('',*,*,#5992,.F.);
#7366=ORIENTED_EDGE('',*,*,#5996,.F.);
#7367=ORIENTED_EDGE('',*,*,#5988,.T.);
#7368=ORIENTED_EDGE('',*,*,#5997,.F.);
#7369=ORIENTED_EDGE('',*,*,#5994,.T.);
#7370=ORIENTED_EDGE('',*,*,#5998,.F.);
#7371=ORIENTED_EDGE('',*,*,#5990,.F.);
#7372=ORIENTED_EDGE('',*,*,#5999,.F.);
#7373=ORIENTED_EDGE('',*,*,#6000,.F.);
#7374=ORIENTED_EDGE('',*,*,#6001,.F.);
#7375=ORIENTED_EDGE('',*,*,#6002,.T.);
#7376=ORIENTED_EDGE('',*,*,#6003,.F.);
#7377=ORIENTED_EDGE('',*,*,#6004,.T.);
#7378=ORIENTED_EDGE('',*,*,#6005,.F.);
#7379=ORIENTED_EDGE('',*,*,#6006,.F.);
#7380=ORIENTED_EDGE('',*,*,#6007,.F.);
#7381=ORIENTED_EDGE('',*,*,#6004,.F.);
#7382=ORIENTED_EDGE('',*,*,#6008,.F.);
#7383=ORIENTED_EDGE('',*,*,#6000,.T.);
#7384=ORIENTED_EDGE('',*,*,#6009,.F.);
#7385=ORIENTED_EDGE('',*,*,#6006,.T.);
#7386=ORIENTED_EDGE('',*,*,#6010,.F.);
#7387=ORIENTED_EDGE('',*,*,#6002,.F.);
#7388=ORIENTED_EDGE('',*,*,#6011,.F.);
#7389=ORIENTED_EDGE('',*,*,#6012,.F.);
#7390=ORIENTED_EDGE('',*,*,#6013,.F.);
#7391=ORIENTED_EDGE('',*,*,#6014,.T.);
#7392=ORIENTED_EDGE('',*,*,#6015,.F.);
#7393=ORIENTED_EDGE('',*,*,#6016,.T.);
#7394=ORIENTED_EDGE('',*,*,#6017,.F.);
#7395=ORIENTED_EDGE('',*,*,#6018,.F.);
#7396=ORIENTED_EDGE('',*,*,#6019,.F.);
#7397=ORIENTED_EDGE('',*,*,#6016,.F.);
#7398=ORIENTED_EDGE('',*,*,#6020,.F.);
#7399=ORIENTED_EDGE('',*,*,#6012,.T.);
#7400=ORIENTED_EDGE('',*,*,#6021,.F.);
#7401=ORIENTED_EDGE('',*,*,#6018,.T.);
#7402=ORIENTED_EDGE('',*,*,#6022,.F.);
#7403=ORIENTED_EDGE('',*,*,#6014,.F.);
#7404=ORIENTED_EDGE('',*,*,#6023,.F.);
#7405=ORIENTED_EDGE('',*,*,#6024,.F.);
#7406=ORIENTED_EDGE('',*,*,#6025,.F.);
#7407=ORIENTED_EDGE('',*,*,#6026,.T.);
#7408=ORIENTED_EDGE('',*,*,#6027,.F.);
#7409=ORIENTED_EDGE('',*,*,#6028,.T.);
#7410=ORIENTED_EDGE('',*,*,#6029,.F.);
#7411=ORIENTED_EDGE('',*,*,#6030,.F.);
#7412=ORIENTED_EDGE('',*,*,#6031,.F.);
#7413=ORIENTED_EDGE('',*,*,#6028,.F.);
#7414=ORIENTED_EDGE('',*,*,#6032,.F.);
#7415=ORIENTED_EDGE('',*,*,#6024,.T.);
#7416=ORIENTED_EDGE('',*,*,#6033,.F.);
#7417=ORIENTED_EDGE('',*,*,#6030,.T.);
#7418=ORIENTED_EDGE('',*,*,#6034,.F.);
#7419=ORIENTED_EDGE('',*,*,#6026,.F.);
#7420=ORIENTED_EDGE('',*,*,#6035,.F.);
#7421=ORIENTED_EDGE('',*,*,#6036,.T.);
#7422=ORIENTED_EDGE('',*,*,#6037,.F.);
#7423=ORIENTED_EDGE('',*,*,#6036,.F.);
#7424=ORIENTED_EDGE('',*,*,#6038,.F.);
#7425=ORIENTED_EDGE('',*,*,#6039,.T.);
#7426=ORIENTED_EDGE('',*,*,#6040,.F.);
#7427=ORIENTED_EDGE('',*,*,#6039,.F.);
#7428=ORIENTED_EDGE('',*,*,#6041,.F.);
#7429=ORIENTED_EDGE('',*,*,#6042,.T.);
#7430=ORIENTED_EDGE('',*,*,#6043,.F.);
#7431=ORIENTED_EDGE('',*,*,#6042,.F.);
#7432=ORIENTED_EDGE('',*,*,#6044,.F.);
#7433=ORIENTED_EDGE('',*,*,#6045,.T.);
#7434=ORIENTED_EDGE('',*,*,#6046,.F.);
#7435=ORIENTED_EDGE('',*,*,#6045,.F.);
#7436=ORIENTED_EDGE('',*,*,#6047,.F.);
#7437=ORIENTED_EDGE('',*,*,#6048,.T.);
#7438=ORIENTED_EDGE('',*,*,#6049,.F.);
#7439=ORIENTED_EDGE('',*,*,#6048,.F.);
#7440=ORIENTED_EDGE('',*,*,#6050,.F.);
#7441=ORIENTED_EDGE('',*,*,#6051,.T.);
#7442=ORIENTED_EDGE('',*,*,#6052,.F.);
#7443=ORIENTED_EDGE('',*,*,#6051,.F.);
#7444=ORIENTED_EDGE('',*,*,#6053,.F.);
#7445=ORIENTED_EDGE('',*,*,#6054,.T.);
#7446=ORIENTED_EDGE('',*,*,#6055,.F.);
#7447=ORIENTED_EDGE('',*,*,#6054,.F.);
#7448=ORIENTED_EDGE('',*,*,#6056,.F.);
#7449=ORIENTED_EDGE('',*,*,#6057,.T.);
#7450=ORIENTED_EDGE('',*,*,#6058,.F.);
#7451=ORIENTED_EDGE('',*,*,#6057,.F.);
#7452=ORIENTED_EDGE('',*,*,#6059,.F.);
#7453=ORIENTED_EDGE('',*,*,#6060,.T.);
#7454=ORIENTED_EDGE('',*,*,#6061,.F.);
#7455=ORIENTED_EDGE('',*,*,#6060,.F.);
#7456=ORIENTED_EDGE('',*,*,#6062,.F.);
#7457=ORIENTED_EDGE('',*,*,#6063,.T.);
#7458=ORIENTED_EDGE('',*,*,#6064,.F.);
#7459=ORIENTED_EDGE('',*,*,#6063,.F.);
#7460=ORIENTED_EDGE('',*,*,#6065,.F.);
#7461=ORIENTED_EDGE('',*,*,#6066,.T.);
#7462=ORIENTED_EDGE('',*,*,#6067,.F.);
#7463=ORIENTED_EDGE('',*,*,#6066,.F.);
#7464=ORIENTED_EDGE('',*,*,#6068,.F.);
#7465=ORIENTED_EDGE('',*,*,#6069,.T.);
#7466=ORIENTED_EDGE('',*,*,#6070,.F.);
#7467=ORIENTED_EDGE('',*,*,#6069,.F.);
#7468=ORIENTED_EDGE('',*,*,#6071,.F.);
#7469=ORIENTED_EDGE('',*,*,#6072,.T.);
#7470=ORIENTED_EDGE('',*,*,#6073,.F.);
#7471=ORIENTED_EDGE('',*,*,#6072,.F.);
#7472=ORIENTED_EDGE('',*,*,#6074,.F.);
#7473=ORIENTED_EDGE('',*,*,#6075,.T.);
#7474=ORIENTED_EDGE('',*,*,#6076,.F.);
#7475=ORIENTED_EDGE('',*,*,#6075,.F.);
#7476=ORIENTED_EDGE('',*,*,#6077,.F.);
#7477=ORIENTED_EDGE('',*,*,#6078,.T.);
#7478=ORIENTED_EDGE('',*,*,#6079,.F.);
#7479=ORIENTED_EDGE('',*,*,#6078,.F.);
#7480=ORIENTED_EDGE('',*,*,#6080,.F.);
#7481=ORIENTED_EDGE('',*,*,#6081,.T.);
#7482=ORIENTED_EDGE('',*,*,#6082,.F.);
#7483=ORIENTED_EDGE('',*,*,#6081,.F.);
#7484=ORIENTED_EDGE('',*,*,#6083,.F.);
#7485=ORIENTED_EDGE('',*,*,#6084,.T.);
#7486=ORIENTED_EDGE('',*,*,#6085,.F.);
#7487=ORIENTED_EDGE('',*,*,#6084,.F.);
#7488=ORIENTED_EDGE('',*,*,#6086,.F.);
#7489=ORIENTED_EDGE('',*,*,#6087,.T.);
#7490=ORIENTED_EDGE('',*,*,#6088,.F.);
#7491=ORIENTED_EDGE('',*,*,#6087,.F.);
#7492=ORIENTED_EDGE('',*,*,#6089,.F.);
#7493=ORIENTED_EDGE('',*,*,#6090,.T.);
#7494=ORIENTED_EDGE('',*,*,#6091,.F.);
#7495=ORIENTED_EDGE('',*,*,#6090,.F.);
#7496=ORIENTED_EDGE('',*,*,#6092,.F.);
#7497=ORIENTED_EDGE('',*,*,#6093,.T.);
#7498=ORIENTED_EDGE('',*,*,#6094,.F.);
#7499=ORIENTED_EDGE('',*,*,#6093,.F.);
#7500=ORIENTED_EDGE('',*,*,#6095,.F.);
#7501=ORIENTED_EDGE('',*,*,#6096,.T.);
#7502=ORIENTED_EDGE('',*,*,#6097,.F.);
#7503=ORIENTED_EDGE('',*,*,#6096,.F.);
#7504=ORIENTED_EDGE('',*,*,#6098,.F.);
#7505=ORIENTED_EDGE('',*,*,#6099,.T.);
#7506=ORIENTED_EDGE('',*,*,#6100,.F.);
#7507=ORIENTED_EDGE('',*,*,#6099,.F.);
#7508=ORIENTED_EDGE('',*,*,#6101,.F.);
#7509=ORIENTED_EDGE('',*,*,#6102,.T.);
#7510=ORIENTED_EDGE('',*,*,#6103,.F.);
#7511=ORIENTED_EDGE('',*,*,#6104,.F.);
#7512=ORIENTED_EDGE('',*,*,#6105,.F.);
#7513=ORIENTED_EDGE('',*,*,#6106,.T.);
#7514=ORIENTED_EDGE('',*,*,#6107,.F.);
#7515=ORIENTED_EDGE('',*,*,#6102,.F.);
#7516=ORIENTED_EDGE('',*,*,#6108,.F.);
#7517=ORIENTED_EDGE('',*,*,#6109,.F.);
#7518=ORIENTED_EDGE('',*,*,#6110,.F.);
#7519=ORIENTED_EDGE('',*,*,#6106,.F.);
#7520=ORIENTED_EDGE('',*,*,#6108,.T.);
#7521=ORIENTED_EDGE('',*,*,#6105,.T.);
#7522=ORIENTED_EDGE('',*,*,#6101,.T.);
#7523=ORIENTED_EDGE('',*,*,#6111,.T.);
#7524=ORIENTED_EDGE('',*,*,#6112,.T.);
#7525=ORIENTED_EDGE('',*,*,#6113,.T.);
#7526=ORIENTED_EDGE('',*,*,#6114,.T.);
#7527=ORIENTED_EDGE('',*,*,#6115,.T.);
#7528=ORIENTED_EDGE('',*,*,#6116,.T.);
#7529=ORIENTED_EDGE('',*,*,#6117,.T.);
#7530=ORIENTED_EDGE('',*,*,#6118,.T.);
#7531=ORIENTED_EDGE('',*,*,#6119,.T.);
#7532=ORIENTED_EDGE('',*,*,#5957,.T.);
#7533=ORIENTED_EDGE('',*,*,#5960,.T.);
#7534=ORIENTED_EDGE('',*,*,#5969,.T.);
#7535=ORIENTED_EDGE('',*,*,#5972,.T.);
#7536=ORIENTED_EDGE('',*,*,#5981,.T.);
#7537=ORIENTED_EDGE('',*,*,#5984,.T.);
#7538=ORIENTED_EDGE('',*,*,#6003,.T.);
#7539=ORIENTED_EDGE('',*,*,#6009,.T.);
#7540=ORIENTED_EDGE('',*,*,#6001,.T.);
#7541=ORIENTED_EDGE('',*,*,#6008,.T.);
#7542=ORIENTED_EDGE('',*,*,#6027,.T.);
#7543=ORIENTED_EDGE('',*,*,#6033,.T.);
#7544=ORIENTED_EDGE('',*,*,#6025,.T.);
#7545=ORIENTED_EDGE('',*,*,#6032,.T.);
#7546=ORIENTED_EDGE('',*,*,#6041,.T.);
#7547=ORIENTED_EDGE('',*,*,#6044,.T.);
#7548=ORIENTED_EDGE('',*,*,#6047,.T.);
#7549=ORIENTED_EDGE('',*,*,#6050,.T.);
#7550=ORIENTED_EDGE('',*,*,#6065,.T.);
#7551=ORIENTED_EDGE('',*,*,#6068,.T.);
#7552=ORIENTED_EDGE('',*,*,#6071,.T.);
#7553=ORIENTED_EDGE('',*,*,#6074,.T.);
#7554=ORIENTED_EDGE('',*,*,#6077,.T.);
#7555=ORIENTED_EDGE('',*,*,#6080,.T.);
#7556=ORIENTED_EDGE('',*,*,#6083,.T.);
#7557=ORIENTED_EDGE('',*,*,#6086,.T.);
#7558=ORIENTED_EDGE('',*,*,#6089,.T.);
#7559=ORIENTED_EDGE('',*,*,#6092,.T.);
#7560=ORIENTED_EDGE('',*,*,#6095,.T.);
#7561=ORIENTED_EDGE('',*,*,#6098,.T.);
#7562=ORIENTED_EDGE('',*,*,#6062,.T.);
#7563=ORIENTED_EDGE('',*,*,#6059,.T.);
#7564=ORIENTED_EDGE('',*,*,#6056,.T.);
#7565=ORIENTED_EDGE('',*,*,#6053,.T.);
#7566=ORIENTED_EDGE('',*,*,#6038,.T.);
#7567=ORIENTED_EDGE('',*,*,#6035,.T.);
#7568=ORIENTED_EDGE('',*,*,#6015,.T.);
#7569=ORIENTED_EDGE('',*,*,#6021,.T.);
#7570=ORIENTED_EDGE('',*,*,#6013,.T.);
#7571=ORIENTED_EDGE('',*,*,#6020,.T.);
#7572=ORIENTED_EDGE('',*,*,#5991,.T.);
#7573=ORIENTED_EDGE('',*,*,#5997,.T.);
#7574=ORIENTED_EDGE('',*,*,#5989,.T.);
#7575=ORIENTED_EDGE('',*,*,#5996,.T.);
#7576=ORIENTED_EDGE('',*,*,#5978,.T.);
#7577=ORIENTED_EDGE('',*,*,#5975,.T.);
#7578=ORIENTED_EDGE('',*,*,#5966,.T.);
#7579=ORIENTED_EDGE('',*,*,#5963,.T.);
#7580=ORIENTED_EDGE('',*,*,#5954,.T.);
#7581=ORIENTED_EDGE('',*,*,#5951,.T.);
#7582=ORIENTED_EDGE('',*,*,#6104,.T.);
#7583=ORIENTED_EDGE('',*,*,#6120,.F.);
#7584=ORIENTED_EDGE('',*,*,#6121,.T.);
#7585=ORIENTED_EDGE('',*,*,#6111,.F.);
#7586=ORIENTED_EDGE('',*,*,#6116,.F.);
#7587=ORIENTED_EDGE('',*,*,#6122,.T.);
#7588=ORIENTED_EDGE('',*,*,#6123,.F.);
#7589=ORIENTED_EDGE('',*,*,#6124,.F.);
#7590=ORIENTED_EDGE('',*,*,#6115,.F.);
#7591=ORIENTED_EDGE('',*,*,#6125,.T.);
#7592=ORIENTED_EDGE('',*,*,#6126,.F.);
#7593=ORIENTED_EDGE('',*,*,#6122,.F.);
#7594=ORIENTED_EDGE('',*,*,#6114,.F.);
#7595=ORIENTED_EDGE('',*,*,#6127,.F.);
#7596=ORIENTED_EDGE('',*,*,#6128,.F.);
#7597=ORIENTED_EDGE('',*,*,#6125,.F.);
#7598=ORIENTED_EDGE('',*,*,#6110,.T.);
#7599=ORIENTED_EDGE('',*,*,#6129,.T.);
#7600=ORIENTED_EDGE('',*,*,#6130,.T.);
#7601=ORIENTED_EDGE('',*,*,#6131,.T.);
#7602=ORIENTED_EDGE('',*,*,#6123,.T.);
#7603=ORIENTED_EDGE('',*,*,#6126,.T.);
#7604=ORIENTED_EDGE('',*,*,#6128,.T.);
#7605=ORIENTED_EDGE('',*,*,#6132,.T.);
#7606=ORIENTED_EDGE('',*,*,#6133,.T.);
#7607=ORIENTED_EDGE('',*,*,#6120,.T.);
#7608=ORIENTED_EDGE('',*,*,#6103,.T.);
#7609=ORIENTED_EDGE('',*,*,#6107,.T.);
#7610=ORIENTED_EDGE('',*,*,#5959,.T.);
#7611=ORIENTED_EDGE('',*,*,#5962,.T.);
#7612=ORIENTED_EDGE('',*,*,#5971,.T.);
#7613=ORIENTED_EDGE('',*,*,#5974,.T.);
#7614=ORIENTED_EDGE('',*,*,#5983,.T.);
#7615=ORIENTED_EDGE('',*,*,#5986,.T.);
#7616=ORIENTED_EDGE('',*,*,#6005,.T.);
#7617=ORIENTED_EDGE('',*,*,#6007,.T.);
#7618=ORIENTED_EDGE('',*,*,#5999,.T.);
#7619=ORIENTED_EDGE('',*,*,#6010,.T.);
#7620=ORIENTED_EDGE('',*,*,#6029,.T.);
#7621=ORIENTED_EDGE('',*,*,#6031,.T.);
#7622=ORIENTED_EDGE('',*,*,#6023,.T.);
#7623=ORIENTED_EDGE('',*,*,#6034,.T.);
#7624=ORIENTED_EDGE('',*,*,#6043,.T.);
#7625=ORIENTED_EDGE('',*,*,#6046,.T.);
#7626=ORIENTED_EDGE('',*,*,#6049,.T.);
#7627=ORIENTED_EDGE('',*,*,#6052,.T.);
#7628=ORIENTED_EDGE('',*,*,#6055,.T.);
#7629=ORIENTED_EDGE('',*,*,#6058,.T.);
#7630=ORIENTED_EDGE('',*,*,#6061,.T.);
#7631=ORIENTED_EDGE('',*,*,#6064,.T.);
#7632=ORIENTED_EDGE('',*,*,#6079,.T.);
#7633=ORIENTED_EDGE('',*,*,#6082,.T.);
#7634=ORIENTED_EDGE('',*,*,#6085,.T.);
#7635=ORIENTED_EDGE('',*,*,#6088,.T.);
#7636=ORIENTED_EDGE('',*,*,#6076,.T.);
#7637=ORIENTED_EDGE('',*,*,#6073,.T.);
#7638=ORIENTED_EDGE('',*,*,#6070,.T.);
#7639=ORIENTED_EDGE('',*,*,#6067,.T.);
#7640=ORIENTED_EDGE('',*,*,#6100,.T.);
#7641=ORIENTED_EDGE('',*,*,#6091,.T.);
#7642=ORIENTED_EDGE('',*,*,#6094,.T.);
#7643=ORIENTED_EDGE('',*,*,#6097,.T.);
#7644=ORIENTED_EDGE('',*,*,#6040,.T.);
#7645=ORIENTED_EDGE('',*,*,#6037,.T.);
#7646=ORIENTED_EDGE('',*,*,#6017,.T.);
#7647=ORIENTED_EDGE('',*,*,#6019,.T.);
#7648=ORIENTED_EDGE('',*,*,#6011,.T.);
#7649=ORIENTED_EDGE('',*,*,#6022,.T.);
#7650=ORIENTED_EDGE('',*,*,#5993,.T.);
#7651=ORIENTED_EDGE('',*,*,#5995,.T.);
#7652=ORIENTED_EDGE('',*,*,#5987,.T.);
#7653=ORIENTED_EDGE('',*,*,#5998,.T.);
#7654=ORIENTED_EDGE('',*,*,#5980,.T.);
#7655=ORIENTED_EDGE('',*,*,#5977,.T.);
#7656=ORIENTED_EDGE('',*,*,#5968,.T.);
#7657=ORIENTED_EDGE('',*,*,#5965,.T.);
#7658=ORIENTED_EDGE('',*,*,#5956,.T.);
#7659=ORIENTED_EDGE('',*,*,#5953,.T.);
#7660=ORIENTED_EDGE('',*,*,#6127,.T.);
#7661=ORIENTED_EDGE('',*,*,#6113,.F.);
#7662=ORIENTED_EDGE('',*,*,#6134,.F.);
#7663=ORIENTED_EDGE('',*,*,#6132,.F.);
#7664=ORIENTED_EDGE('',*,*,#6124,.T.);
#7665=ORIENTED_EDGE('',*,*,#6131,.F.);
#7666=ORIENTED_EDGE('',*,*,#6135,.T.);
#7667=ORIENTED_EDGE('',*,*,#6117,.F.);
#7668=ORIENTED_EDGE('',*,*,#6130,.F.);
#7669=ORIENTED_EDGE('',*,*,#6136,.T.);
#7670=ORIENTED_EDGE('',*,*,#6118,.F.);
#7671=ORIENTED_EDGE('',*,*,#6135,.F.);
#7672=ORIENTED_EDGE('',*,*,#6133,.F.);
#7673=ORIENTED_EDGE('',*,*,#6134,.T.);
#7674=ORIENTED_EDGE('',*,*,#6112,.F.);
#7675=ORIENTED_EDGE('',*,*,#6121,.F.);
#7676=ORIENTED_EDGE('',*,*,#6109,.T.);
#7677=ORIENTED_EDGE('',*,*,#6119,.F.);
#7678=ORIENTED_EDGE('',*,*,#6136,.F.);
#7679=ORIENTED_EDGE('',*,*,#6129,.F.);
#7680=ORIENTED_EDGE('',*,*,#6137,.F.);
#7681=ORIENTED_EDGE('',*,*,#6138,.T.);
#7682=ORIENTED_EDGE('',*,*,#6139,.F.);
#7683=ORIENTED_EDGE('',*,*,#6138,.F.);
#7684=ORIENTED_EDGE('',*,*,#6140,.F.);
#7685=ORIENTED_EDGE('',*,*,#6141,.T.);
#7686=ORIENTED_EDGE('',*,*,#6142,.F.);
#7687=ORIENTED_EDGE('',*,*,#6141,.F.);
#7688=ORIENTED_EDGE('',*,*,#6143,.F.);
#7689=ORIENTED_EDGE('',*,*,#6144,.T.);
#7690=ORIENTED_EDGE('',*,*,#6145,.F.);
#7691=ORIENTED_EDGE('',*,*,#6146,.F.);
#7692=ORIENTED_EDGE('',*,*,#6147,.F.);
#7693=ORIENTED_EDGE('',*,*,#6148,.T.);
#7694=ORIENTED_EDGE('',*,*,#6149,.F.);
#7695=ORIENTED_EDGE('',*,*,#6144,.F.);
#7696=ORIENTED_EDGE('',*,*,#6150,.F.);
#7697=ORIENTED_EDGE('',*,*,#6151,.F.);
#7698=ORIENTED_EDGE('',*,*,#6152,.F.);
#7699=ORIENTED_EDGE('',*,*,#6148,.F.);
#7700=ORIENTED_EDGE('',*,*,#6145,.T.);
#7701=ORIENTED_EDGE('',*,*,#6149,.T.);
#7702=ORIENTED_EDGE('',*,*,#6152,.T.);
#7703=ORIENTED_EDGE('',*,*,#6153,.T.);
#7704=ORIENTED_EDGE('',*,*,#6154,.T.);
#7705=ORIENTED_EDGE('',*,*,#6155,.T.);
#7706=ORIENTED_EDGE('',*,*,#6156,.T.);
#7707=ORIENTED_EDGE('',*,*,#6157,.T.);
#7708=ORIENTED_EDGE('',*,*,#6139,.T.);
#7709=ORIENTED_EDGE('',*,*,#6142,.T.);
#7710=ORIENTED_EDGE('',*,*,#6151,.T.);
#7711=ORIENTED_EDGE('',*,*,#6158,.F.);
#7712=ORIENTED_EDGE('',*,*,#6159,.T.);
#7713=ORIENTED_EDGE('',*,*,#6153,.F.);
#7714=ORIENTED_EDGE('',*,*,#6146,.T.);
#7715=ORIENTED_EDGE('',*,*,#6157,.F.);
#7716=ORIENTED_EDGE('',*,*,#6160,.F.);
#7717=ORIENTED_EDGE('',*,*,#6161,.F.);
#7718=ORIENTED_EDGE('',*,*,#6162,.F.);
#7719=ORIENTED_EDGE('',*,*,#6154,.F.);
#7720=ORIENTED_EDGE('',*,*,#6159,.F.);
#7721=ORIENTED_EDGE('',*,*,#6163,.F.);
#7722=ORIENTED_EDGE('',*,*,#6164,.F.);
#7723=ORIENTED_EDGE('',*,*,#6160,.T.);
#7724=ORIENTED_EDGE('',*,*,#6156,.F.);
#7725=ORIENTED_EDGE('',*,*,#6165,.F.);
#7726=ORIENTED_EDGE('',*,*,#6162,.T.);
#7727=ORIENTED_EDGE('',*,*,#6166,.F.);
#7728=ORIENTED_EDGE('',*,*,#6165,.T.);
#7729=ORIENTED_EDGE('',*,*,#6155,.F.);
#7730=ORIENTED_EDGE('',*,*,#6143,.T.);
#7731=ORIENTED_EDGE('',*,*,#6161,.T.);
#7732=ORIENTED_EDGE('',*,*,#6164,.T.);
#7733=ORIENTED_EDGE('',*,*,#6166,.T.);
#7734=ORIENTED_EDGE('',*,*,#6163,.T.);
#7735=ORIENTED_EDGE('',*,*,#6158,.T.);
#7736=ORIENTED_EDGE('',*,*,#6150,.T.);
#7737=ORIENTED_EDGE('',*,*,#6147,.T.);
#7738=ORIENTED_EDGE('',*,*,#6137,.T.);
#7739=ORIENTED_EDGE('',*,*,#6140,.T.);
#7740=ORIENTED_EDGE('',*,*,#6167,.F.);
#7741=ORIENTED_EDGE('',*,*,#6168,.T.);
#7742=ORIENTED_EDGE('',*,*,#6169,.F.);
#7743=ORIENTED_EDGE('',*,*,#6168,.F.);
#7744=ORIENTED_EDGE('',*,*,#6170,.F.);
#7745=ORIENTED_EDGE('',*,*,#6171,.T.);
#7746=ORIENTED_EDGE('',*,*,#6172,.F.);
#7747=ORIENTED_EDGE('',*,*,#6171,.F.);
#7748=ORIENTED_EDGE('',*,*,#6173,.F.);
#7749=ORIENTED_EDGE('',*,*,#6174,.F.);
#7750=ORIENTED_EDGE('',*,*,#6175,.F.);
#7751=ORIENTED_EDGE('',*,*,#6176,.F.);
#7752=ORIENTED_EDGE('',*,*,#6177,.F.);
#7753=ORIENTED_EDGE('',*,*,#6178,.F.);
#7754=ORIENTED_EDGE('',*,*,#6179,.F.);
#7755=ORIENTED_EDGE('',*,*,#6180,.T.);
#7756=ORIENTED_EDGE('',*,*,#6181,.F.);
#7757=ORIENTED_EDGE('',*,*,#6180,.F.);
#7758=ORIENTED_EDGE('',*,*,#6182,.F.);
#7759=ORIENTED_EDGE('',*,*,#6174,.T.);
#7760=ORIENTED_EDGE('',*,*,#6175,.T.);
#7761=ORIENTED_EDGE('',*,*,#6182,.T.);
#7762=ORIENTED_EDGE('',*,*,#6179,.T.);
#7763=ORIENTED_EDGE('',*,*,#6183,.T.);
#7764=ORIENTED_EDGE('',*,*,#6184,.T.);
#7765=ORIENTED_EDGE('',*,*,#6185,.T.);
#7766=ORIENTED_EDGE('',*,*,#6186,.T.);
#7767=ORIENTED_EDGE('',*,*,#6187,.T.);
#7768=ORIENTED_EDGE('',*,*,#6167,.T.);
#7769=ORIENTED_EDGE('',*,*,#6170,.T.);
#7770=ORIENTED_EDGE('',*,*,#6178,.T.);
#7771=ORIENTED_EDGE('',*,*,#6188,.T.);
#7772=ORIENTED_EDGE('',*,*,#6189,.T.);
#7773=ORIENTED_EDGE('',*,*,#6183,.F.);
#7774=ORIENTED_EDGE('',*,*,#6176,.T.);
#7775=ORIENTED_EDGE('',*,*,#6187,.F.);
#7776=ORIENTED_EDGE('',*,*,#6190,.T.);
#7777=ORIENTED_EDGE('',*,*,#6191,.T.);
#7778=ORIENTED_EDGE('',*,*,#6190,.F.);
#7779=ORIENTED_EDGE('',*,*,#6186,.F.);
#7780=ORIENTED_EDGE('',*,*,#6192,.F.);
#7781=ORIENTED_EDGE('',*,*,#6193,.F.);
#7782=ORIENTED_EDGE('',*,*,#6192,.T.);
#7783=ORIENTED_EDGE('',*,*,#6185,.F.);
#7784=ORIENTED_EDGE('',*,*,#6194,.F.);
#7785=ORIENTED_EDGE('',*,*,#6195,.T.);
#7786=ORIENTED_EDGE('',*,*,#6196,.T.);
#7787=ORIENTED_EDGE('',*,*,#6194,.T.);
#7788=ORIENTED_EDGE('',*,*,#6184,.F.);
#7789=ORIENTED_EDGE('',*,*,#6189,.F.);
#7790=ORIENTED_EDGE('',*,*,#6173,.T.);
#7791=ORIENTED_EDGE('',*,*,#6191,.F.);
#7792=ORIENTED_EDGE('',*,*,#6193,.T.);
#7793=ORIENTED_EDGE('',*,*,#6195,.F.);
#7794=ORIENTED_EDGE('',*,*,#6196,.F.);
#7795=ORIENTED_EDGE('',*,*,#6188,.F.);
#7796=ORIENTED_EDGE('',*,*,#6177,.T.);
#7797=ORIENTED_EDGE('',*,*,#6181,.T.);
#7798=ORIENTED_EDGE('',*,*,#6169,.T.);
#7799=ORIENTED_EDGE('',*,*,#6172,.T.);
#7800=ORIENTED_EDGE('',*,*,#6197,.F.);
#7801=ORIENTED_EDGE('',*,*,#6198,.T.);
#7802=ORIENTED_EDGE('',*,*,#6199,.F.);
#7803=ORIENTED_EDGE('',*,*,#6198,.F.);
#7804=ORIENTED_EDGE('',*,*,#6200,.F.);
#7805=ORIENTED_EDGE('',*,*,#6201,.T.);
#7806=ORIENTED_EDGE('',*,*,#6202,.F.);
#7807=ORIENTED_EDGE('',*,*,#6201,.F.);
#7808=ORIENTED_EDGE('',*,*,#6203,.F.);
#7809=ORIENTED_EDGE('',*,*,#6204,.T.);
#7810=ORIENTED_EDGE('',*,*,#6205,.F.);
#7811=ORIENTED_EDGE('',*,*,#6204,.F.);
#7812=ORIENTED_EDGE('',*,*,#6206,.F.);
#7813=ORIENTED_EDGE('',*,*,#6207,.T.);
#7814=ORIENTED_EDGE('',*,*,#6208,.F.);
#7815=ORIENTED_EDGE('',*,*,#6207,.F.);
#7816=ORIENTED_EDGE('',*,*,#6209,.F.);
#7817=ORIENTED_EDGE('',*,*,#6210,.T.);
#7818=ORIENTED_EDGE('',*,*,#6211,.F.);
#7819=ORIENTED_EDGE('',*,*,#6210,.F.);
#7820=ORIENTED_EDGE('',*,*,#6212,.F.);
#7821=ORIENTED_EDGE('',*,*,#6213,.T.);
#7822=ORIENTED_EDGE('',*,*,#6214,.F.);
#7823=ORIENTED_EDGE('',*,*,#6213,.F.);
#7824=ORIENTED_EDGE('',*,*,#6215,.F.);
#7825=ORIENTED_EDGE('',*,*,#6216,.T.);
#7826=ORIENTED_EDGE('',*,*,#6217,.F.);
#7827=ORIENTED_EDGE('',*,*,#6216,.F.);
#7828=ORIENTED_EDGE('',*,*,#6218,.T.);
#7829=ORIENTED_EDGE('',*,*,#6219,.T.);
#7830=ORIENTED_EDGE('',*,*,#6220,.F.);
#7831=ORIENTED_EDGE('',*,*,#6221,.F.);
#7832=ORIENTED_EDGE('',*,*,#6222,.T.);
#7833=ORIENTED_EDGE('',*,*,#6221,.T.);
#7834=ORIENTED_EDGE('',*,*,#6223,.F.);
#7835=ORIENTED_EDGE('',*,*,#6224,.F.);
#7836=ORIENTED_EDGE('',*,*,#6225,.T.);
#7837=ORIENTED_EDGE('',*,*,#6224,.T.);
#7838=ORIENTED_EDGE('',*,*,#6226,.F.);
#7839=ORIENTED_EDGE('',*,*,#6227,.F.);
#7840=ORIENTED_EDGE('',*,*,#6228,.T.);
#7841=ORIENTED_EDGE('',*,*,#6227,.T.);
#7842=ORIENTED_EDGE('',*,*,#6229,.F.);
#7843=ORIENTED_EDGE('',*,*,#6219,.F.);
#7844=ORIENTED_EDGE('',*,*,#6229,.T.);
#7845=ORIENTED_EDGE('',*,*,#6226,.T.);
#7846=ORIENTED_EDGE('',*,*,#6223,.T.);
#7847=ORIENTED_EDGE('',*,*,#6220,.T.);
#7848=ORIENTED_EDGE('',*,*,#6199,.T.);
#7849=ORIENTED_EDGE('',*,*,#6202,.T.);
#7850=ORIENTED_EDGE('',*,*,#6205,.T.);
#7851=ORIENTED_EDGE('',*,*,#6208,.T.);
#7852=ORIENTED_EDGE('',*,*,#6211,.T.);
#7853=ORIENTED_EDGE('',*,*,#6214,.T.);
#7854=ORIENTED_EDGE('',*,*,#6217,.T.);
#7855=ORIENTED_EDGE('',*,*,#6228,.F.);
#7856=ORIENTED_EDGE('',*,*,#6218,.F.);
#7857=ORIENTED_EDGE('',*,*,#6222,.F.);
#7858=ORIENTED_EDGE('',*,*,#6225,.F.);
#7859=ORIENTED_EDGE('',*,*,#6197,.T.);
#7860=ORIENTED_EDGE('',*,*,#6200,.T.);
#7861=ORIENTED_EDGE('',*,*,#6203,.T.);
#7862=ORIENTED_EDGE('',*,*,#6206,.T.);
#7863=ORIENTED_EDGE('',*,*,#6209,.T.);
#7864=ORIENTED_EDGE('',*,*,#6212,.T.);
#7865=ORIENTED_EDGE('',*,*,#6215,.T.);
#7866=ORIENTED_EDGE('',*,*,#6230,.F.);
#7867=ORIENTED_EDGE('',*,*,#6231,.F.);
#7868=ORIENTED_EDGE('',*,*,#6232,.F.);
#7869=ORIENTED_EDGE('',*,*,#6231,.T.);
#7870=ORIENTED_EDGE('',*,*,#6233,.F.);
#7871=ORIENTED_EDGE('',*,*,#6234,.T.);
#7872=ORIENTED_EDGE('',*,*,#6235,.T.);
#7873=ORIENTED_EDGE('',*,*,#6236,.F.);
#7874=ORIENTED_EDGE('',*,*,#6237,.T.);
#7875=ORIENTED_EDGE('',*,*,#6238,.T.);
#7876=ORIENTED_EDGE('',*,*,#6239,.F.);
#7877=ORIENTED_EDGE('',*,*,#6240,.T.);
#7878=ORIENTED_EDGE('',*,*,#6241,.T.);
#7879=ORIENTED_EDGE('',*,*,#6234,.F.);
#7880=ORIENTED_EDGE('',*,*,#6232,.T.);
#7881=ORIENTED_EDGE('',*,*,#6230,.T.);
#7882=ORIENTED_EDGE('',*,*,#6242,.F.);
#7883=ORIENTED_EDGE('',*,*,#6236,.T.);
#7884=ORIENTED_EDGE('',*,*,#6243,.T.);
#7885=ORIENTED_EDGE('',*,*,#6240,.F.);
#7886=ORIENTED_EDGE('',*,*,#6243,.F.);
#7887=ORIENTED_EDGE('',*,*,#6235,.F.);
#7888=ORIENTED_EDGE('',*,*,#6241,.F.);
#7889=ORIENTED_EDGE('',*,*,#6244,.F.);
#7890=ORIENTED_EDGE('',*,*,#6245,.T.);
#7891=ORIENTED_EDGE('',*,*,#6237,.F.);
#7892=ORIENTED_EDGE('',*,*,#6245,.F.);
#7893=ORIENTED_EDGE('',*,*,#6246,.F.);
#7894=ORIENTED_EDGE('',*,*,#6247,.T.);
#7895=ORIENTED_EDGE('',*,*,#6238,.F.);
#7896=ORIENTED_EDGE('',*,*,#6247,.F.);
#7897=ORIENTED_EDGE('',*,*,#6248,.F.);
#7898=ORIENTED_EDGE('',*,*,#6249,.T.);
#7899=ORIENTED_EDGE('',*,*,#6250,.F.);
#7900=ORIENTED_EDGE('',*,*,#6251,.F.);
#7901=ORIENTED_EDGE('',*,*,#6252,.F.);
#7902=ORIENTED_EDGE('',*,*,#6251,.T.);
#7903=ORIENTED_EDGE('',*,*,#6253,.F.);
#7904=ORIENTED_EDGE('',*,*,#6254,.F.);
#7905=ORIENTED_EDGE('',*,*,#6244,.T.);
#7906=ORIENTED_EDGE('',*,*,#6246,.T.);
#7907=ORIENTED_EDGE('',*,*,#6255,.F.);
#7908=ORIENTED_EDGE('',*,*,#6254,.T.);
#7909=ORIENTED_EDGE('',*,*,#6256,.F.);
#7910=ORIENTED_EDGE('',*,*,#6249,.F.);
#7911=ORIENTED_EDGE('',*,*,#6256,.T.);
#7912=ORIENTED_EDGE('',*,*,#6253,.T.);
#7913=ORIENTED_EDGE('',*,*,#6250,.T.);
#7914=ORIENTED_EDGE('',*,*,#6233,.T.);
#7915=ORIENTED_EDGE('',*,*,#6242,.T.);
#7916=ORIENTED_EDGE('',*,*,#6239,.T.);
#7917=ORIENTED_EDGE('',*,*,#6255,.T.);
#7918=ORIENTED_EDGE('',*,*,#6248,.T.);
#7919=ORIENTED_EDGE('',*,*,#6252,.T.);
#7920=ORIENTED_EDGE('',*,*,#6257,.F.);
#7921=ORIENTED_EDGE('',*,*,#6258,.F.);
#7922=ORIENTED_EDGE('',*,*,#6259,.F.);
#7923=ORIENTED_EDGE('',*,*,#6258,.T.);
#7924=ORIENTED_EDGE('',*,*,#6260,.F.);
#7925=ORIENTED_EDGE('',*,*,#6261,.T.);
#7926=ORIENTED_EDGE('',*,*,#6262,.T.);
#7927=ORIENTED_EDGE('',*,*,#6263,.F.);
#7928=ORIENTED_EDGE('',*,*,#6259,.T.);
#7929=ORIENTED_EDGE('',*,*,#6257,.T.);
#7930=ORIENTED_EDGE('',*,*,#6264,.F.);
#7931=ORIENTED_EDGE('',*,*,#6265,.T.);
#7932=ORIENTED_EDGE('',*,*,#6266,.T.);
#7933=ORIENTED_EDGE('',*,*,#6261,.F.);
#7934=ORIENTED_EDGE('',*,*,#6267,.T.);
#7935=ORIENTED_EDGE('',*,*,#6268,.T.);
#7936=ORIENTED_EDGE('',*,*,#6269,.F.);
#7937=ORIENTED_EDGE('',*,*,#6263,.T.);
#7938=ORIENTED_EDGE('',*,*,#6270,.T.);
#7939=ORIENTED_EDGE('',*,*,#6265,.F.);
#7940=ORIENTED_EDGE('',*,*,#6270,.F.);
#7941=ORIENTED_EDGE('',*,*,#6262,.F.);
#7942=ORIENTED_EDGE('',*,*,#6266,.F.);
#7943=ORIENTED_EDGE('',*,*,#6271,.F.);
#7944=ORIENTED_EDGE('',*,*,#6272,.T.);
#7945=ORIENTED_EDGE('',*,*,#6268,.F.);
#7946=ORIENTED_EDGE('',*,*,#6272,.F.);
#7947=ORIENTED_EDGE('',*,*,#6273,.F.);
#7948=ORIENTED_EDGE('',*,*,#6274,.T.);
#7949=ORIENTED_EDGE('',*,*,#6267,.F.);
#7950=ORIENTED_EDGE('',*,*,#6274,.F.);
#7951=ORIENTED_EDGE('',*,*,#6275,.T.);
#7952=ORIENTED_EDGE('',*,*,#6276,.T.);
#7953=ORIENTED_EDGE('',*,*,#6277,.F.);
#7954=ORIENTED_EDGE('',*,*,#6278,.F.);
#7955=ORIENTED_EDGE('',*,*,#6271,.T.);
#7956=ORIENTED_EDGE('',*,*,#6273,.T.);
#7957=ORIENTED_EDGE('',*,*,#6279,.T.);
#7958=ORIENTED_EDGE('',*,*,#6278,.T.);
#7959=ORIENTED_EDGE('',*,*,#6280,.F.);
#7960=ORIENTED_EDGE('',*,*,#6281,.F.);
#7961=ORIENTED_EDGE('',*,*,#6282,.T.);
#7962=ORIENTED_EDGE('',*,*,#6281,.T.);
#7963=ORIENTED_EDGE('',*,*,#6283,.F.);
#7964=ORIENTED_EDGE('',*,*,#6276,.F.);
#7965=ORIENTED_EDGE('',*,*,#6282,.F.);
#7966=ORIENTED_EDGE('',*,*,#6275,.F.);
#7967=ORIENTED_EDGE('',*,*,#6279,.F.);
#7968=ORIENTED_EDGE('',*,*,#6283,.T.);
#7969=ORIENTED_EDGE('',*,*,#6280,.T.);
#7970=ORIENTED_EDGE('',*,*,#6277,.T.);
#7971=ORIENTED_EDGE('',*,*,#6260,.T.);
#7972=ORIENTED_EDGE('',*,*,#6269,.T.);
#7973=ORIENTED_EDGE('',*,*,#6264,.T.);
#7974=ORIENTED_EDGE('',*,*,#6284,.F.);
#7975=ORIENTED_EDGE('',*,*,#6285,.F.);
#7976=ORIENTED_EDGE('',*,*,#6286,.F.);
#7977=ORIENTED_EDGE('',*,*,#6287,.T.);
#7978=ORIENTED_EDGE('',*,*,#6288,.F.);
#7979=ORIENTED_EDGE('',*,*,#6289,.F.);
#7980=ORIENTED_EDGE('',*,*,#6287,.F.);
#7981=ORIENTED_EDGE('',*,*,#6290,.F.);
#7982=ORIENTED_EDGE('',*,*,#6291,.T.);
#7983=ORIENTED_EDGE('',*,*,#6292,.T.);
#7984=ORIENTED_EDGE('',*,*,#6291,.F.);
#7985=ORIENTED_EDGE('',*,*,#6292,.F.);
#7986=ORIENTED_EDGE('',*,*,#6293,.F.);
#7987=ORIENTED_EDGE('',*,*,#6294,.T.);
#7988=ORIENTED_EDGE('',*,*,#6295,.T.);
#7989=ORIENTED_EDGE('',*,*,#6294,.F.);
#7990=ORIENTED_EDGE('',*,*,#6295,.F.);
#7991=ORIENTED_EDGE('',*,*,#6296,.F.);
#7992=ORIENTED_EDGE('',*,*,#6297,.T.);
#7993=ORIENTED_EDGE('',*,*,#6286,.T.);
#7994=ORIENTED_EDGE('',*,*,#6298,.T.);
#7995=ORIENTED_EDGE('',*,*,#6299,.T.);
#7996=ORIENTED_EDGE('',*,*,#6298,.F.);
#7997=ORIENTED_EDGE('',*,*,#6285,.T.);
#7998=ORIENTED_EDGE('',*,*,#6284,.T.);
#7999=ORIENTED_EDGE('',*,*,#6297,.F.);
#8000=ORIENTED_EDGE('',*,*,#6288,.T.);
#8001=ORIENTED_EDGE('',*,*,#6289,.T.);
#8002=ORIENTED_EDGE('',*,*,#6296,.T.);
#8003=ORIENTED_EDGE('',*,*,#6290,.T.);
#8004=ORIENTED_EDGE('',*,*,#6299,.F.);
#8005=ORIENTED_EDGE('',*,*,#6293,.T.);
#8006=ORIENTED_EDGE('',*,*,#6300,.F.);
#8007=ORIENTED_EDGE('',*,*,#6301,.T.);
#8008=ORIENTED_EDGE('',*,*,#6302,.F.);
#8009=ORIENTED_EDGE('',*,*,#6301,.F.);
#8010=ORIENTED_EDGE('',*,*,#6303,.F.);
#8011=ORIENTED_EDGE('',*,*,#6304,.T.);
#8012=ORIENTED_EDGE('',*,*,#6305,.F.);
#8013=ORIENTED_EDGE('',*,*,#6304,.F.);
#8014=ORIENTED_EDGE('',*,*,#6306,.F.);
#8015=ORIENTED_EDGE('',*,*,#6307,.F.);
#8016=ORIENTED_EDGE('',*,*,#6308,.F.);
#8017=ORIENTED_EDGE('',*,*,#6309,.T.);
#8018=ORIENTED_EDGE('',*,*,#6310,.F.);
#8019=ORIENTED_EDGE('',*,*,#6311,.F.);
#8020=ORIENTED_EDGE('',*,*,#6309,.F.);
#8021=ORIENTED_EDGE('',*,*,#6312,.F.);
#8022=ORIENTED_EDGE('',*,*,#6313,.T.);
#8023=ORIENTED_EDGE('',*,*,#6314,.T.);
#8024=ORIENTED_EDGE('',*,*,#6313,.F.);
#8025=ORIENTED_EDGE('',*,*,#6314,.F.);
#8026=ORIENTED_EDGE('',*,*,#6315,.F.);
#8027=ORIENTED_EDGE('',*,*,#6316,.T.);
#8028=ORIENTED_EDGE('',*,*,#6317,.T.);
#8029=ORIENTED_EDGE('',*,*,#6316,.F.);
#8030=ORIENTED_EDGE('',*,*,#6317,.F.);
#8031=ORIENTED_EDGE('',*,*,#6318,.F.);
#8032=ORIENTED_EDGE('',*,*,#6319,.T.);
#8033=ORIENTED_EDGE('',*,*,#6308,.T.);
#8034=ORIENTED_EDGE('',*,*,#6320,.T.);
#8035=ORIENTED_EDGE('',*,*,#6321,.T.);
#8036=ORIENTED_EDGE('',*,*,#6320,.F.);
#8037=ORIENTED_EDGE('',*,*,#6307,.T.);
#8038=ORIENTED_EDGE('',*,*,#6306,.T.);
#8039=ORIENTED_EDGE('',*,*,#6319,.F.);
#8040=ORIENTED_EDGE('',*,*,#6302,.T.);
#8041=ORIENTED_EDGE('',*,*,#6300,.T.);
#8042=ORIENTED_EDGE('',*,*,#6305,.T.);
#8043=ORIENTED_EDGE('',*,*,#6303,.T.);
#8044=ORIENTED_EDGE('',*,*,#6310,.T.);
#8045=ORIENTED_EDGE('',*,*,#6311,.T.);
#8046=ORIENTED_EDGE('',*,*,#6318,.T.);
#8047=ORIENTED_EDGE('',*,*,#6312,.T.);
#8048=ORIENTED_EDGE('',*,*,#6321,.F.);
#8049=ORIENTED_EDGE('',*,*,#6315,.T.);
#8050=ORIENTED_EDGE('',*,*,#6322,.F.);
#8051=ORIENTED_EDGE('',*,*,#6323,.F.);
#8052=ORIENTED_EDGE('',*,*,#6324,.F.);
#8053=ORIENTED_EDGE('',*,*,#6325,.T.);
#8054=ORIENTED_EDGE('',*,*,#6326,.F.);
#8055=ORIENTED_EDGE('',*,*,#6327,.F.);
#8056=ORIENTED_EDGE('',*,*,#6325,.F.);
#8057=ORIENTED_EDGE('',*,*,#6328,.F.);
#8058=ORIENTED_EDGE('',*,*,#6329,.T.);
#8059=ORIENTED_EDGE('',*,*,#6330,.T.);
#8060=ORIENTED_EDGE('',*,*,#6329,.F.);
#8061=ORIENTED_EDGE('',*,*,#6330,.F.);
#8062=ORIENTED_EDGE('',*,*,#6331,.F.);
#8063=ORIENTED_EDGE('',*,*,#6332,.T.);
#8064=ORIENTED_EDGE('',*,*,#6333,.T.);
#8065=ORIENTED_EDGE('',*,*,#6332,.F.);
#8066=ORIENTED_EDGE('',*,*,#6333,.F.);
#8067=ORIENTED_EDGE('',*,*,#6334,.F.);
#8068=ORIENTED_EDGE('',*,*,#6335,.T.);
#8069=ORIENTED_EDGE('',*,*,#6324,.T.);
#8070=ORIENTED_EDGE('',*,*,#6336,.T.);
#8071=ORIENTED_EDGE('',*,*,#6337,.T.);
#8072=ORIENTED_EDGE('',*,*,#6336,.F.);
#8073=ORIENTED_EDGE('',*,*,#6323,.T.);
#8074=ORIENTED_EDGE('',*,*,#6322,.T.);
#8075=ORIENTED_EDGE('',*,*,#6335,.F.);
#8076=ORIENTED_EDGE('',*,*,#6326,.T.);
#8077=ORIENTED_EDGE('',*,*,#6327,.T.);
#8078=ORIENTED_EDGE('',*,*,#6334,.T.);
#8079=ORIENTED_EDGE('',*,*,#6328,.T.);
#8080=ORIENTED_EDGE('',*,*,#6337,.F.);
#8081=ORIENTED_EDGE('',*,*,#6331,.T.);
#8082=ORIENTED_EDGE('',*,*,#6338,.F.);
#8083=ORIENTED_EDGE('',*,*,#6339,.F.);
#8084=ORIENTED_EDGE('',*,*,#6340,.F.);
#8085=ORIENTED_EDGE('',*,*,#6341,.T.);
#8086=ORIENTED_EDGE('',*,*,#6342,.F.);
#8087=ORIENTED_EDGE('',*,*,#6343,.F.);
#8088=ORIENTED_EDGE('',*,*,#6341,.F.);
#8089=ORIENTED_EDGE('',*,*,#6344,.F.);
#8090=ORIENTED_EDGE('',*,*,#6345,.T.);
#8091=ORIENTED_EDGE('',*,*,#6346,.T.);
#8092=ORIENTED_EDGE('',*,*,#6345,.F.);
#8093=ORIENTED_EDGE('',*,*,#6346,.F.);
#8094=ORIENTED_EDGE('',*,*,#6347,.F.);
#8095=ORIENTED_EDGE('',*,*,#6348,.T.);
#8096=ORIENTED_EDGE('',*,*,#6349,.T.);
#8097=ORIENTED_EDGE('',*,*,#6348,.F.);
#8098=ORIENTED_EDGE('',*,*,#6349,.F.);
#8099=ORIENTED_EDGE('',*,*,#6350,.F.);
#8100=ORIENTED_EDGE('',*,*,#6351,.T.);
#8101=ORIENTED_EDGE('',*,*,#6340,.T.);
#8102=ORIENTED_EDGE('',*,*,#6352,.T.);
#8103=ORIENTED_EDGE('',*,*,#6353,.T.);
#8104=ORIENTED_EDGE('',*,*,#6352,.F.);
#8105=ORIENTED_EDGE('',*,*,#6339,.T.);
#8106=ORIENTED_EDGE('',*,*,#6338,.T.);
#8107=ORIENTED_EDGE('',*,*,#6351,.F.);
#8108=ORIENTED_EDGE('',*,*,#6342,.T.);
#8109=ORIENTED_EDGE('',*,*,#6343,.T.);
#8110=ORIENTED_EDGE('',*,*,#6350,.T.);
#8111=ORIENTED_EDGE('',*,*,#6344,.T.);
#8112=ORIENTED_EDGE('',*,*,#6353,.F.);
#8113=ORIENTED_EDGE('',*,*,#6347,.T.);
#8114=ORIENTED_EDGE('',*,*,#6354,.F.);
#8115=ORIENTED_EDGE('',*,*,#6355,.T.);
#8116=ORIENTED_EDGE('',*,*,#6356,.T.);
#8117=ORIENTED_EDGE('',*,*,#6355,.F.);
#8118=ORIENTED_EDGE('',*,*,#6354,.T.);
#8119=ORIENTED_EDGE('',*,*,#6356,.F.);
#8120=ORIENTED_EDGE('',*,*,#6357,.F.);
#8121=ORIENTED_EDGE('',*,*,#6358,.T.);
#8122=ORIENTED_EDGE('',*,*,#6359,.F.);
#8123=ORIENTED_EDGE('',*,*,#6358,.F.);
#8124=ORIENTED_EDGE('',*,*,#6359,.T.);
#8125=ORIENTED_EDGE('',*,*,#6357,.T.);
#8126=ORIENTED_EDGE('',*,*,#6360,.F.);
#8127=ORIENTED_EDGE('',*,*,#6361,.T.);
#8128=ORIENTED_EDGE('',*,*,#6362,.F.);
#8129=ORIENTED_EDGE('',*,*,#6361,.F.);
#8130=ORIENTED_EDGE('',*,*,#6363,.F.);
#8131=ORIENTED_EDGE('',*,*,#6364,.T.);
#8132=ORIENTED_EDGE('',*,*,#6365,.F.);
#8133=ORIENTED_EDGE('',*,*,#6364,.F.);
#8134=ORIENTED_EDGE('',*,*,#6366,.T.);
#8135=ORIENTED_EDGE('',*,*,#6367,.T.);
#8136=ORIENTED_EDGE('',*,*,#6368,.F.);
#8137=ORIENTED_EDGE('',*,*,#6369,.F.);
#8138=ORIENTED_EDGE('',*,*,#6370,.T.);
#8139=ORIENTED_EDGE('',*,*,#6369,.T.);
#8140=ORIENTED_EDGE('',*,*,#6371,.F.);
#8141=ORIENTED_EDGE('',*,*,#6372,.F.);
#8142=ORIENTED_EDGE('',*,*,#6373,.T.);
#8143=ORIENTED_EDGE('',*,*,#6372,.T.);
#8144=ORIENTED_EDGE('',*,*,#6374,.F.);
#8145=ORIENTED_EDGE('',*,*,#6375,.F.);
#8146=ORIENTED_EDGE('',*,*,#6376,.T.);
#8147=ORIENTED_EDGE('',*,*,#6375,.T.);
#8148=ORIENTED_EDGE('',*,*,#6377,.F.);
#8149=ORIENTED_EDGE('',*,*,#6367,.F.);
#8150=ORIENTED_EDGE('',*,*,#6377,.T.);
#8151=ORIENTED_EDGE('',*,*,#6374,.T.);
#8152=ORIENTED_EDGE('',*,*,#6371,.T.);
#8153=ORIENTED_EDGE('',*,*,#6368,.T.);
#8154=ORIENTED_EDGE('',*,*,#6362,.T.);
#8155=ORIENTED_EDGE('',*,*,#6365,.T.);
#8156=ORIENTED_EDGE('',*,*,#6376,.F.);
#8157=ORIENTED_EDGE('',*,*,#6366,.F.);
#8158=ORIENTED_EDGE('',*,*,#6370,.F.);
#8159=ORIENTED_EDGE('',*,*,#6373,.F.);
#8160=ORIENTED_EDGE('',*,*,#6360,.T.);
#8161=ORIENTED_EDGE('',*,*,#6363,.T.);
#8162=ORIENTED_EDGE('',*,*,#6378,.F.);
#8163=ORIENTED_EDGE('',*,*,#6379,.T.);
#8164=ORIENTED_EDGE('',*,*,#6380,.F.);
#8165=ORIENTED_EDGE('',*,*,#6379,.F.);
#8166=ORIENTED_EDGE('',*,*,#6380,.T.);
#8167=ORIENTED_EDGE('',*,*,#6378,.T.);
#8168=ORIENTED_EDGE('',*,*,#6381,.F.);
#8169=ORIENTED_EDGE('',*,*,#6382,.T.);
#8170=ORIENTED_EDGE('',*,*,#6383,.F.);
#8171=ORIENTED_EDGE('',*,*,#6382,.F.);
#8172=ORIENTED_EDGE('',*,*,#6384,.F.);
#8173=ORIENTED_EDGE('',*,*,#6385,.T.);
#8174=ORIENTED_EDGE('',*,*,#6386,.F.);
#8175=ORIENTED_EDGE('',*,*,#6385,.F.);
#8176=ORIENTED_EDGE('',*,*,#6387,.F.);
#8177=ORIENTED_EDGE('',*,*,#6388,.T.);
#8178=ORIENTED_EDGE('',*,*,#6389,.F.);
#8179=ORIENTED_EDGE('',*,*,#6390,.F.);
#8180=ORIENTED_EDGE('',*,*,#6391,.F.);
#8181=ORIENTED_EDGE('',*,*,#6390,.T.);
#8182=ORIENTED_EDGE('',*,*,#6392,.F.);
#8183=ORIENTED_EDGE('',*,*,#6393,.F.);
#8184=ORIENTED_EDGE('',*,*,#6394,.F.);
#8185=ORIENTED_EDGE('',*,*,#6393,.T.);
#8186=ORIENTED_EDGE('',*,*,#6395,.F.);
#8187=ORIENTED_EDGE('',*,*,#6396,.F.);
#8188=ORIENTED_EDGE('',*,*,#6397,.F.);
#8189=ORIENTED_EDGE('',*,*,#6396,.T.);
#8190=ORIENTED_EDGE('',*,*,#6398,.F.);
#8191=ORIENTED_EDGE('',*,*,#6388,.F.);
#8192=ORIENTED_EDGE('',*,*,#6397,.T.);
#8193=ORIENTED_EDGE('',*,*,#6387,.T.);
#8194=ORIENTED_EDGE('',*,*,#6391,.T.);
#8195=ORIENTED_EDGE('',*,*,#6394,.T.);
#8196=ORIENTED_EDGE('',*,*,#6383,.T.);
#8197=ORIENTED_EDGE('',*,*,#6386,.T.);
#8198=ORIENTED_EDGE('',*,*,#6398,.T.);
#8199=ORIENTED_EDGE('',*,*,#6395,.T.);
#8200=ORIENTED_EDGE('',*,*,#6392,.T.);
#8201=ORIENTED_EDGE('',*,*,#6389,.T.);
#8202=ORIENTED_EDGE('',*,*,#6381,.T.);
#8203=ORIENTED_EDGE('',*,*,#6384,.T.);
#8204=ORIENTED_EDGE('',*,*,#6399,.F.);
#8205=ORIENTED_EDGE('',*,*,#6400,.T.);
#8206=ORIENTED_EDGE('',*,*,#6401,.T.);
#8207=ORIENTED_EDGE('',*,*,#6400,.F.);
#8208=ORIENTED_EDGE('',*,*,#6399,.T.);
#8209=ORIENTED_EDGE('',*,*,#6401,.F.);
#8210=ORIENTED_EDGE('',*,*,#6402,.F.);
#8211=ORIENTED_EDGE('',*,*,#6403,.T.);
#8212=ORIENTED_EDGE('',*,*,#6404,.F.);
#8213=ORIENTED_EDGE('',*,*,#6405,.F.);
#8214=ORIENTED_EDGE('',*,*,#6406,.F.);
#8215=ORIENTED_EDGE('',*,*,#6407,.F.);
#8216=ORIENTED_EDGE('',*,*,#6408,.F.);
#8217=ORIENTED_EDGE('',*,*,#6409,.T.);
#8218=ORIENTED_EDGE('',*,*,#6410,.F.);
#8219=ORIENTED_EDGE('',*,*,#6411,.F.);
#8220=ORIENTED_EDGE('',*,*,#6412,.F.);
#8221=ORIENTED_EDGE('',*,*,#6403,.F.);
#8222=ORIENTED_EDGE('',*,*,#6413,.F.);
#8223=ORIENTED_EDGE('',*,*,#6409,.F.);
#8224=ORIENTED_EDGE('',*,*,#6414,.F.);
#8225=ORIENTED_EDGE('',*,*,#6415,.F.);
#8226=ORIENTED_EDGE('',*,*,#6416,.F.);
#8227=ORIENTED_EDGE('',*,*,#6405,.T.);
#8228=ORIENTED_EDGE('',*,*,#6417,.F.);
#8229=ORIENTED_EDGE('',*,*,#6418,.F.);
#8230=ORIENTED_EDGE('',*,*,#6419,.F.);
#8231=ORIENTED_EDGE('',*,*,#6418,.T.);
#8232=ORIENTED_EDGE('',*,*,#6420,.F.);
#8233=ORIENTED_EDGE('',*,*,#6411,.T.);
#8234=ORIENTED_EDGE('',*,*,#6421,.F.);
#8235=ORIENTED_EDGE('',*,*,#6415,.T.);
#8236=ORIENTED_EDGE('',*,*,#6422,.F.);
#8237=ORIENTED_EDGE('',*,*,#6423,.T.);
#8238=ORIENTED_EDGE('',*,*,#6424,.F.);
#8239=ORIENTED_EDGE('',*,*,#6423,.F.);
#8240=ORIENTED_EDGE('',*,*,#6425,.F.);
#8241=ORIENTED_EDGE('',*,*,#6407,.T.);
#8242=ORIENTED_EDGE('',*,*,#6426,.F.);
#8243=ORIENTED_EDGE('',*,*,#6427,.T.);
#8244=ORIENTED_EDGE('',*,*,#6428,.F.);
#8245=ORIENTED_EDGE('',*,*,#6429,.F.);
#8246=ORIENTED_EDGE('',*,*,#6430,.F.);
#8247=ORIENTED_EDGE('',*,*,#6431,.F.);
#8248=ORIENTED_EDGE('',*,*,#6432,.F.);
#8249=ORIENTED_EDGE('',*,*,#6433,.T.);
#8250=ORIENTED_EDGE('',*,*,#6434,.F.);
#8251=ORIENTED_EDGE('',*,*,#6435,.F.);
#8252=ORIENTED_EDGE('',*,*,#6436,.F.);
#8253=ORIENTED_EDGE('',*,*,#6427,.F.);
#8254=ORIENTED_EDGE('',*,*,#6437,.F.);
#8255=ORIENTED_EDGE('',*,*,#6433,.F.);
#8256=ORIENTED_EDGE('',*,*,#6438,.F.);
#8257=ORIENTED_EDGE('',*,*,#6439,.F.);
#8258=ORIENTED_EDGE('',*,*,#6440,.F.);
#8259=ORIENTED_EDGE('',*,*,#6429,.T.);
#8260=ORIENTED_EDGE('',*,*,#6441,.F.);
#8261=ORIENTED_EDGE('',*,*,#6442,.F.);
#8262=ORIENTED_EDGE('',*,*,#6443,.F.);
#8263=ORIENTED_EDGE('',*,*,#6442,.T.);
#8264=ORIENTED_EDGE('',*,*,#6444,.F.);
#8265=ORIENTED_EDGE('',*,*,#6435,.T.);
#8266=ORIENTED_EDGE('',*,*,#6445,.F.);
#8267=ORIENTED_EDGE('',*,*,#6439,.T.);
#8268=ORIENTED_EDGE('',*,*,#6446,.F.);
#8269=ORIENTED_EDGE('',*,*,#6447,.T.);
#8270=ORIENTED_EDGE('',*,*,#6448,.F.);
#8271=ORIENTED_EDGE('',*,*,#6447,.F.);
#8272=ORIENTED_EDGE('',*,*,#6449,.F.);
#8273=ORIENTED_EDGE('',*,*,#6431,.T.);
#8274=ORIENTED_EDGE('',*,*,#6450,.F.);
#8275=ORIENTED_EDGE('',*,*,#6451,.T.);
#8276=ORIENTED_EDGE('',*,*,#6452,.T.);
#8277=ORIENTED_EDGE('',*,*,#6451,.F.);
#8278=ORIENTED_EDGE('',*,*,#6452,.F.);
#8279=ORIENTED_EDGE('',*,*,#6453,.F.);
#8280=ORIENTED_EDGE('',*,*,#6454,.T.);
#8281=ORIENTED_EDGE('',*,*,#6455,.T.);
#8282=ORIENTED_EDGE('',*,*,#6454,.F.);
#8283=ORIENTED_EDGE('',*,*,#6455,.F.);
#8284=ORIENTED_EDGE('',*,*,#6456,.F.);
#8285=ORIENTED_EDGE('',*,*,#6457,.T.);
#8286=ORIENTED_EDGE('',*,*,#6458,.T.);
#8287=ORIENTED_EDGE('',*,*,#6457,.F.);
#8288=ORIENTED_EDGE('',*,*,#6458,.F.);
#8289=ORIENTED_EDGE('',*,*,#6459,.F.);
#8290=ORIENTED_EDGE('',*,*,#6460,.T.);
#8291=ORIENTED_EDGE('',*,*,#6461,.T.);
#8292=ORIENTED_EDGE('',*,*,#6460,.F.);
#8293=ORIENTED_EDGE('',*,*,#6461,.F.);
#8294=ORIENTED_EDGE('',*,*,#6462,.F.);
#8295=ORIENTED_EDGE('',*,*,#6463,.T.);
#8296=ORIENTED_EDGE('',*,*,#6464,.T.);
#8297=ORIENTED_EDGE('',*,*,#6463,.F.);
#8298=ORIENTED_EDGE('',*,*,#6464,.F.);
#8299=ORIENTED_EDGE('',*,*,#6465,.F.);
#8300=ORIENTED_EDGE('',*,*,#6466,.T.);
#8301=ORIENTED_EDGE('',*,*,#6467,.T.);
#8302=ORIENTED_EDGE('',*,*,#6466,.F.);
#8303=ORIENTED_EDGE('',*,*,#6467,.F.);
#8304=ORIENTED_EDGE('',*,*,#6468,.F.);
#8305=ORIENTED_EDGE('',*,*,#6469,.F.);
#8306=ORIENTED_EDGE('',*,*,#6470,.F.);
#8307=ORIENTED_EDGE('',*,*,#6471,.F.);
#8308=ORIENTED_EDGE('',*,*,#6421,.T.);
#8309=ORIENTED_EDGE('',*,*,#6424,.T.);
#8310=ORIENTED_EDGE('',*,*,#6406,.T.);
#8311=ORIENTED_EDGE('',*,*,#6413,.T.);
#8312=ORIENTED_EDGE('',*,*,#6445,.T.);
#8313=ORIENTED_EDGE('',*,*,#6448,.T.);
#8314=ORIENTED_EDGE('',*,*,#6430,.T.);
#8315=ORIENTED_EDGE('',*,*,#6437,.T.);
#8316=ORIENTED_EDGE('',*,*,#6472,.F.);
#8317=ORIENTED_EDGE('',*,*,#6473,.T.);
#8318=ORIENTED_EDGE('',*,*,#6474,.F.);
#8319=ORIENTED_EDGE('',*,*,#6469,.T.);
#8320=ORIENTED_EDGE('',*,*,#6475,.F.);
#8321=ORIENTED_EDGE('',*,*,#6476,.F.);
#8322=ORIENTED_EDGE('',*,*,#6477,.F.);
#8323=ORIENTED_EDGE('',*,*,#6473,.F.);
#8324=ORIENTED_EDGE('',*,*,#6419,.T.);
#8325=ORIENTED_EDGE('',*,*,#6410,.T.);
#8326=ORIENTED_EDGE('',*,*,#6402,.T.);
#8327=ORIENTED_EDGE('',*,*,#6416,.T.);
#8328=ORIENTED_EDGE('',*,*,#6443,.T.);
#8329=ORIENTED_EDGE('',*,*,#6434,.T.);
#8330=ORIENTED_EDGE('',*,*,#6426,.T.);
#8331=ORIENTED_EDGE('',*,*,#6440,.T.);
#8332=ORIENTED_EDGE('',*,*,#6475,.T.);
#8333=ORIENTED_EDGE('',*,*,#6472,.T.);
#8334=ORIENTED_EDGE('',*,*,#6468,.T.);
#8335=ORIENTED_EDGE('',*,*,#6478,.F.);
#8336=ORIENTED_EDGE('',*,*,#6479,.F.);
#8337=ORIENTED_EDGE('',*,*,#6480,.T.);
#8338=ORIENTED_EDGE('',*,*,#6481,.T.);
#8339=ORIENTED_EDGE('',*,*,#6482,.F.);
#8340=ORIENTED_EDGE('',*,*,#6471,.T.);
#8341=ORIENTED_EDGE('',*,*,#6483,.T.);
#8342=ORIENTED_EDGE('',*,*,#6484,.T.);
#8343=ORIENTED_EDGE('',*,*,#6478,.T.);
#8344=ORIENTED_EDGE('',*,*,#6450,.T.);
#8345=ORIENTED_EDGE('',*,*,#6485,.T.);
#8346=ORIENTED_EDGE('',*,*,#6486,.T.);
#8347=ORIENTED_EDGE('',*,*,#6487,.F.);
#8348=ORIENTED_EDGE('',*,*,#6481,.F.);
#8349=ORIENTED_EDGE('',*,*,#6420,.T.);
#8350=ORIENTED_EDGE('',*,*,#6417,.T.);
#8351=ORIENTED_EDGE('',*,*,#6404,.T.);
#8352=ORIENTED_EDGE('',*,*,#6412,.T.);
#8353=ORIENTED_EDGE('',*,*,#6444,.T.);
#8354=ORIENTED_EDGE('',*,*,#6441,.T.);
#8355=ORIENTED_EDGE('',*,*,#6428,.T.);
#8356=ORIENTED_EDGE('',*,*,#6436,.T.);
#8357=ORIENTED_EDGE('',*,*,#6488,.T.);
#8358=ORIENTED_EDGE('',*,*,#6479,.T.);
#8359=ORIENTED_EDGE('',*,*,#6484,.F.);
#8360=ORIENTED_EDGE('',*,*,#6489,.F.);
#8361=ORIENTED_EDGE('',*,*,#6422,.T.);
#8362=ORIENTED_EDGE('',*,*,#6414,.T.);
#8363=ORIENTED_EDGE('',*,*,#6408,.T.);
#8364=ORIENTED_EDGE('',*,*,#6425,.T.);
#8365=ORIENTED_EDGE('',*,*,#6446,.T.);
#8366=ORIENTED_EDGE('',*,*,#6438,.T.);
#8367=ORIENTED_EDGE('',*,*,#6432,.T.);
#8368=ORIENTED_EDGE('',*,*,#6449,.T.);
#8369=ORIENTED_EDGE('',*,*,#6477,.T.);
#8370=ORIENTED_EDGE('',*,*,#6490,.F.);
#8371=ORIENTED_EDGE('',*,*,#6486,.F.);
#8372=ORIENTED_EDGE('',*,*,#6491,.T.);
#8373=ORIENTED_EDGE('',*,*,#6489,.T.);
#8374=ORIENTED_EDGE('',*,*,#6483,.F.);
#8375=ORIENTED_EDGE('',*,*,#6470,.T.);
#8376=ORIENTED_EDGE('',*,*,#6474,.T.);
#8377=ORIENTED_EDGE('',*,*,#6476,.T.);
#8378=ORIENTED_EDGE('',*,*,#6482,.T.);
#8379=ORIENTED_EDGE('',*,*,#6487,.T.);
#8380=ORIENTED_EDGE('',*,*,#6490,.T.);
#8381=ORIENTED_EDGE('',*,*,#6453,.T.);
#8382=ORIENTED_EDGE('',*,*,#6491,.F.);
#8383=ORIENTED_EDGE('',*,*,#6485,.F.);
#8384=ORIENTED_EDGE('',*,*,#6480,.F.);
#8385=ORIENTED_EDGE('',*,*,#6488,.F.);
#8386=ORIENTED_EDGE('',*,*,#6456,.T.);
#8387=ORIENTED_EDGE('',*,*,#6459,.T.);
#8388=ORIENTED_EDGE('',*,*,#6462,.T.);
#8389=ORIENTED_EDGE('',*,*,#6465,.T.);
#8390=ORIENTED_EDGE('',*,*,#6492,.F.);
#8391=ORIENTED_EDGE('',*,*,#6493,.T.);
#8392=ORIENTED_EDGE('',*,*,#6494,.F.);
#8393=ORIENTED_EDGE('',*,*,#6493,.F.);
#8394=ORIENTED_EDGE('',*,*,#6495,.F.);
#8395=ORIENTED_EDGE('',*,*,#6496,.T.);
#8396=ORIENTED_EDGE('',*,*,#6497,.F.);
#8397=ORIENTED_EDGE('',*,*,#6496,.F.);
#8398=ORIENTED_EDGE('',*,*,#6498,.T.);
#8399=ORIENTED_EDGE('',*,*,#6499,.T.);
#8400=ORIENTED_EDGE('',*,*,#6500,.F.);
#8401=ORIENTED_EDGE('',*,*,#6501,.F.);
#8402=ORIENTED_EDGE('',*,*,#6502,.T.);
#8403=ORIENTED_EDGE('',*,*,#6501,.T.);
#8404=ORIENTED_EDGE('',*,*,#6503,.F.);
#8405=ORIENTED_EDGE('',*,*,#6504,.F.);
#8406=ORIENTED_EDGE('',*,*,#6505,.T.);
#8407=ORIENTED_EDGE('',*,*,#6504,.T.);
#8408=ORIENTED_EDGE('',*,*,#6506,.F.);
#8409=ORIENTED_EDGE('',*,*,#6507,.F.);
#8410=ORIENTED_EDGE('',*,*,#6508,.T.);
#8411=ORIENTED_EDGE('',*,*,#6507,.T.);
#8412=ORIENTED_EDGE('',*,*,#6509,.F.);
#8413=ORIENTED_EDGE('',*,*,#6499,.F.);
#8414=ORIENTED_EDGE('',*,*,#6509,.T.);
#8415=ORIENTED_EDGE('',*,*,#6506,.T.);
#8416=ORIENTED_EDGE('',*,*,#6503,.T.);
#8417=ORIENTED_EDGE('',*,*,#6500,.T.);
#8418=ORIENTED_EDGE('',*,*,#6494,.T.);
#8419=ORIENTED_EDGE('',*,*,#6497,.T.);
#8420=ORIENTED_EDGE('',*,*,#6508,.F.);
#8421=ORIENTED_EDGE('',*,*,#6498,.F.);
#8422=ORIENTED_EDGE('',*,*,#6502,.F.);
#8423=ORIENTED_EDGE('',*,*,#6505,.F.);
#8424=ORIENTED_EDGE('',*,*,#6492,.T.);
#8425=ORIENTED_EDGE('',*,*,#6495,.T.);
#8426=ORIENTED_EDGE('',*,*,#6510,.F.);
#8427=ORIENTED_EDGE('',*,*,#6511,.T.);
#8428=ORIENTED_EDGE('',*,*,#6512,.F.);
#8429=ORIENTED_EDGE('',*,*,#6513,.F.);
#8430=ORIENTED_EDGE('',*,*,#6514,.F.);
#8431=ORIENTED_EDGE('',*,*,#6515,.F.);
#8432=ORIENTED_EDGE('',*,*,#6516,.F.);
#8433=ORIENTED_EDGE('',*,*,#6517,.T.);
#8434=ORIENTED_EDGE('',*,*,#6518,.F.);
#8435=ORIENTED_EDGE('',*,*,#6519,.F.);
#8436=ORIENTED_EDGE('',*,*,#6520,.F.);
#8437=ORIENTED_EDGE('',*,*,#6511,.F.);
#8438=ORIENTED_EDGE('',*,*,#6521,.F.);
#8439=ORIENTED_EDGE('',*,*,#6517,.F.);
#8440=ORIENTED_EDGE('',*,*,#6522,.F.);
#8441=ORIENTED_EDGE('',*,*,#6523,.F.);
#8442=ORIENTED_EDGE('',*,*,#6524,.F.);
#8443=ORIENTED_EDGE('',*,*,#6513,.T.);
#8444=ORIENTED_EDGE('',*,*,#6525,.F.);
#8445=ORIENTED_EDGE('',*,*,#6526,.F.);
#8446=ORIENTED_EDGE('',*,*,#6527,.F.);
#8447=ORIENTED_EDGE('',*,*,#6526,.T.);
#8448=ORIENTED_EDGE('',*,*,#6528,.F.);
#8449=ORIENTED_EDGE('',*,*,#6519,.T.);
#8450=ORIENTED_EDGE('',*,*,#6529,.F.);
#8451=ORIENTED_EDGE('',*,*,#6523,.T.);
#8452=ORIENTED_EDGE('',*,*,#6530,.F.);
#8453=ORIENTED_EDGE('',*,*,#6531,.T.);
#8454=ORIENTED_EDGE('',*,*,#6532,.F.);
#8455=ORIENTED_EDGE('',*,*,#6531,.F.);
#8456=ORIENTED_EDGE('',*,*,#6533,.F.);
#8457=ORIENTED_EDGE('',*,*,#6515,.T.);
#8458=ORIENTED_EDGE('',*,*,#6534,.F.);
#8459=ORIENTED_EDGE('',*,*,#6535,.T.);
#8460=ORIENTED_EDGE('',*,*,#6536,.F.);
#8461=ORIENTED_EDGE('',*,*,#6537,.F.);
#8462=ORIENTED_EDGE('',*,*,#6538,.F.);
#8463=ORIENTED_EDGE('',*,*,#6539,.F.);
#8464=ORIENTED_EDGE('',*,*,#6540,.F.);
#8465=ORIENTED_EDGE('',*,*,#6541,.T.);
#8466=ORIENTED_EDGE('',*,*,#6542,.F.);
#8467=ORIENTED_EDGE('',*,*,#6543,.F.);
#8468=ORIENTED_EDGE('',*,*,#6544,.F.);
#8469=ORIENTED_EDGE('',*,*,#6535,.F.);
#8470=ORIENTED_EDGE('',*,*,#6545,.F.);
#8471=ORIENTED_EDGE('',*,*,#6541,.F.);
#8472=ORIENTED_EDGE('',*,*,#6546,.F.);
#8473=ORIENTED_EDGE('',*,*,#6547,.F.);
#8474=ORIENTED_EDGE('',*,*,#6548,.F.);
#8475=ORIENTED_EDGE('',*,*,#6537,.T.);
#8476=ORIENTED_EDGE('',*,*,#6549,.F.);
#8477=ORIENTED_EDGE('',*,*,#6550,.F.);
#8478=ORIENTED_EDGE('',*,*,#6551,.F.);
#8479=ORIENTED_EDGE('',*,*,#6550,.T.);
#8480=ORIENTED_EDGE('',*,*,#6552,.F.);
#8481=ORIENTED_EDGE('',*,*,#6543,.T.);
#8482=ORIENTED_EDGE('',*,*,#6553,.F.);
#8483=ORIENTED_EDGE('',*,*,#6547,.T.);
#8484=ORIENTED_EDGE('',*,*,#6554,.F.);
#8485=ORIENTED_EDGE('',*,*,#6555,.T.);
#8486=ORIENTED_EDGE('',*,*,#6556,.F.);
#8487=ORIENTED_EDGE('',*,*,#6555,.F.);
#8488=ORIENTED_EDGE('',*,*,#6557,.F.);
#8489=ORIENTED_EDGE('',*,*,#6539,.T.);
#8490=ORIENTED_EDGE('',*,*,#6558,.F.);
#8491=ORIENTED_EDGE('',*,*,#6559,.T.);
#8492=ORIENTED_EDGE('',*,*,#6560,.T.);
#8493=ORIENTED_EDGE('',*,*,#6559,.F.);
#8494=ORIENTED_EDGE('',*,*,#6560,.F.);
#8495=ORIENTED_EDGE('',*,*,#6561,.F.);
#8496=ORIENTED_EDGE('',*,*,#6562,.T.);
#8497=ORIENTED_EDGE('',*,*,#6563,.T.);
#8498=ORIENTED_EDGE('',*,*,#6562,.F.);
#8499=ORIENTED_EDGE('',*,*,#6563,.F.);
#8500=ORIENTED_EDGE('',*,*,#6564,.F.);
#8501=ORIENTED_EDGE('',*,*,#6565,.T.);
#8502=ORIENTED_EDGE('',*,*,#6566,.T.);
#8503=ORIENTED_EDGE('',*,*,#6565,.F.);
#8504=ORIENTED_EDGE('',*,*,#6566,.F.);
#8505=ORIENTED_EDGE('',*,*,#6567,.F.);
#8506=ORIENTED_EDGE('',*,*,#6568,.T.);
#8507=ORIENTED_EDGE('',*,*,#6569,.T.);
#8508=ORIENTED_EDGE('',*,*,#6568,.F.);
#8509=ORIENTED_EDGE('',*,*,#6569,.F.);
#8510=ORIENTED_EDGE('',*,*,#6570,.F.);
#8511=ORIENTED_EDGE('',*,*,#6571,.T.);
#8512=ORIENTED_EDGE('',*,*,#6572,.T.);
#8513=ORIENTED_EDGE('',*,*,#6571,.F.);
#8514=ORIENTED_EDGE('',*,*,#6572,.F.);
#8515=ORIENTED_EDGE('',*,*,#6573,.F.);
#8516=ORIENTED_EDGE('',*,*,#6574,.T.);
#8517=ORIENTED_EDGE('',*,*,#6575,.T.);
#8518=ORIENTED_EDGE('',*,*,#6574,.F.);
#8519=ORIENTED_EDGE('',*,*,#6575,.F.);
#8520=ORIENTED_EDGE('',*,*,#6576,.F.);
#8521=ORIENTED_EDGE('',*,*,#6577,.F.);
#8522=ORIENTED_EDGE('',*,*,#6578,.F.);
#8523=ORIENTED_EDGE('',*,*,#6579,.F.);
#8524=ORIENTED_EDGE('',*,*,#6529,.T.);
#8525=ORIENTED_EDGE('',*,*,#6532,.T.);
#8526=ORIENTED_EDGE('',*,*,#6514,.T.);
#8527=ORIENTED_EDGE('',*,*,#6521,.T.);
#8528=ORIENTED_EDGE('',*,*,#6553,.T.);
#8529=ORIENTED_EDGE('',*,*,#6556,.T.);
#8530=ORIENTED_EDGE('',*,*,#6538,.T.);
#8531=ORIENTED_EDGE('',*,*,#6545,.T.);
#8532=ORIENTED_EDGE('',*,*,#6580,.F.);
#8533=ORIENTED_EDGE('',*,*,#6581,.T.);
#8534=ORIENTED_EDGE('',*,*,#6582,.F.);
#8535=ORIENTED_EDGE('',*,*,#6577,.T.);
#8536=ORIENTED_EDGE('',*,*,#6583,.F.);
#8537=ORIENTED_EDGE('',*,*,#6584,.F.);
#8538=ORIENTED_EDGE('',*,*,#6585,.F.);
#8539=ORIENTED_EDGE('',*,*,#6581,.F.);
#8540=ORIENTED_EDGE('',*,*,#6527,.T.);
#8541=ORIENTED_EDGE('',*,*,#6518,.T.);
#8542=ORIENTED_EDGE('',*,*,#6510,.T.);
#8543=ORIENTED_EDGE('',*,*,#6524,.T.);
#8544=ORIENTED_EDGE('',*,*,#6551,.T.);
#8545=ORIENTED_EDGE('',*,*,#6542,.T.);
#8546=ORIENTED_EDGE('',*,*,#6534,.T.);
#8547=ORIENTED_EDGE('',*,*,#6548,.T.);
#8548=ORIENTED_EDGE('',*,*,#6583,.T.);
#8549=ORIENTED_EDGE('',*,*,#6580,.T.);
#8550=ORIENTED_EDGE('',*,*,#6576,.T.);
#8551=ORIENTED_EDGE('',*,*,#6586,.F.);
#8552=ORIENTED_EDGE('',*,*,#6587,.F.);
#8553=ORIENTED_EDGE('',*,*,#6588,.T.);
#8554=ORIENTED_EDGE('',*,*,#6589,.T.);
#8555=ORIENTED_EDGE('',*,*,#6590,.F.);
#8556=ORIENTED_EDGE('',*,*,#6579,.T.);
#8557=ORIENTED_EDGE('',*,*,#6591,.T.);
#8558=ORIENTED_EDGE('',*,*,#6592,.T.);
#8559=ORIENTED_EDGE('',*,*,#6586,.T.);
#8560=ORIENTED_EDGE('',*,*,#6558,.T.);
#8561=ORIENTED_EDGE('',*,*,#6593,.T.);
#8562=ORIENTED_EDGE('',*,*,#6594,.T.);
#8563=ORIENTED_EDGE('',*,*,#6595,.F.);
#8564=ORIENTED_EDGE('',*,*,#6589,.F.);
#8565=ORIENTED_EDGE('',*,*,#6528,.T.);
#8566=ORIENTED_EDGE('',*,*,#6525,.T.);
#8567=ORIENTED_EDGE('',*,*,#6512,.T.);
#8568=ORIENTED_EDGE('',*,*,#6520,.T.);
#8569=ORIENTED_EDGE('',*,*,#6552,.T.);
#8570=ORIENTED_EDGE('',*,*,#6549,.T.);
#8571=ORIENTED_EDGE('',*,*,#6536,.T.);
#8572=ORIENTED_EDGE('',*,*,#6544,.T.);
#8573=ORIENTED_EDGE('',*,*,#6596,.T.);
#8574=ORIENTED_EDGE('',*,*,#6587,.T.);
#8575=ORIENTED_EDGE('',*,*,#6592,.F.);
#8576=ORIENTED_EDGE('',*,*,#6597,.F.);
#8577=ORIENTED_EDGE('',*,*,#6530,.T.);
#8578=ORIENTED_EDGE('',*,*,#6522,.T.);
#8579=ORIENTED_EDGE('',*,*,#6516,.T.);
#8580=ORIENTED_EDGE('',*,*,#6533,.T.);
#8581=ORIENTED_EDGE('',*,*,#6554,.T.);
#8582=ORIENTED_EDGE('',*,*,#6546,.T.);
#8583=ORIENTED_EDGE('',*,*,#6540,.T.);
#8584=ORIENTED_EDGE('',*,*,#6557,.T.);
#8585=ORIENTED_EDGE('',*,*,#6585,.T.);
#8586=ORIENTED_EDGE('',*,*,#6598,.F.);
#8587=ORIENTED_EDGE('',*,*,#6594,.F.);
#8588=ORIENTED_EDGE('',*,*,#6599,.T.);
#8589=ORIENTED_EDGE('',*,*,#6597,.T.);
#8590=ORIENTED_EDGE('',*,*,#6591,.F.);
#8591=ORIENTED_EDGE('',*,*,#6578,.T.);
#8592=ORIENTED_EDGE('',*,*,#6582,.T.);
#8593=ORIENTED_EDGE('',*,*,#6584,.T.);
#8594=ORIENTED_EDGE('',*,*,#6590,.T.);
#8595=ORIENTED_EDGE('',*,*,#6595,.T.);
#8596=ORIENTED_EDGE('',*,*,#6598,.T.);
#8597=ORIENTED_EDGE('',*,*,#6561,.T.);
#8598=ORIENTED_EDGE('',*,*,#6599,.F.);
#8599=ORIENTED_EDGE('',*,*,#6593,.F.);
#8600=ORIENTED_EDGE('',*,*,#6588,.F.);
#8601=ORIENTED_EDGE('',*,*,#6596,.F.);
#8602=ORIENTED_EDGE('',*,*,#6564,.T.);
#8603=ORIENTED_EDGE('',*,*,#6567,.T.);
#8604=ORIENTED_EDGE('',*,*,#6570,.T.);
#8605=ORIENTED_EDGE('',*,*,#6573,.T.);
#8606=ORIENTED_EDGE('',*,*,#6600,.F.);
#8607=ORIENTED_EDGE('',*,*,#6601,.T.);
#8608=ORIENTED_EDGE('',*,*,#6602,.F.);
#8609=ORIENTED_EDGE('',*,*,#6601,.F.);
#8610=ORIENTED_EDGE('',*,*,#6603,.F.);
#8611=ORIENTED_EDGE('',*,*,#6604,.T.);
#8612=ORIENTED_EDGE('',*,*,#6605,.F.);
#8613=ORIENTED_EDGE('',*,*,#6604,.F.);
#8614=ORIENTED_EDGE('',*,*,#6606,.T.);
#8615=ORIENTED_EDGE('',*,*,#6607,.T.);
#8616=ORIENTED_EDGE('',*,*,#6608,.F.);
#8617=ORIENTED_EDGE('',*,*,#6609,.F.);
#8618=ORIENTED_EDGE('',*,*,#6610,.T.);
#8619=ORIENTED_EDGE('',*,*,#6609,.T.);
#8620=ORIENTED_EDGE('',*,*,#6611,.F.);
#8621=ORIENTED_EDGE('',*,*,#6612,.F.);
#8622=ORIENTED_EDGE('',*,*,#6613,.T.);
#8623=ORIENTED_EDGE('',*,*,#6612,.T.);
#8624=ORIENTED_EDGE('',*,*,#6614,.F.);
#8625=ORIENTED_EDGE('',*,*,#6615,.F.);
#8626=ORIENTED_EDGE('',*,*,#6616,.T.);
#8627=ORIENTED_EDGE('',*,*,#6615,.T.);
#8628=ORIENTED_EDGE('',*,*,#6617,.F.);
#8629=ORIENTED_EDGE('',*,*,#6607,.F.);
#8630=ORIENTED_EDGE('',*,*,#6617,.T.);
#8631=ORIENTED_EDGE('',*,*,#6614,.T.);
#8632=ORIENTED_EDGE('',*,*,#6611,.T.);
#8633=ORIENTED_EDGE('',*,*,#6608,.T.);
#8634=ORIENTED_EDGE('',*,*,#6602,.T.);
#8635=ORIENTED_EDGE('',*,*,#6605,.T.);
#8636=ORIENTED_EDGE('',*,*,#6616,.F.);
#8637=ORIENTED_EDGE('',*,*,#6606,.F.);
#8638=ORIENTED_EDGE('',*,*,#6610,.F.);
#8639=ORIENTED_EDGE('',*,*,#6613,.F.);
#8640=ORIENTED_EDGE('',*,*,#6600,.T.);
#8641=ORIENTED_EDGE('',*,*,#6603,.T.);
#8642=ORIENTED_EDGE('',*,*,#6618,.F.);
#8643=ORIENTED_EDGE('',*,*,#6619,.T.);
#8644=ORIENTED_EDGE('',*,*,#6620,.T.);
#8645=ORIENTED_EDGE('',*,*,#6619,.F.);
#8646=ORIENTED_EDGE('',*,*,#6618,.T.);
#8647=ORIENTED_EDGE('',*,*,#6620,.F.);
#8648=ORIENTED_EDGE('',*,*,#6621,.F.);
#8649=ORIENTED_EDGE('',*,*,#6622,.T.);
#8650=ORIENTED_EDGE('',*,*,#6623,.F.);
#8651=ORIENTED_EDGE('',*,*,#6622,.F.);
#8652=ORIENTED_EDGE('',*,*,#6624,.F.);
#8653=ORIENTED_EDGE('',*,*,#6625,.T.);
#8654=ORIENTED_EDGE('',*,*,#6626,.T.);
#8655=ORIENTED_EDGE('',*,*,#6625,.F.);
#8656=ORIENTED_EDGE('',*,*,#6624,.T.);
#8657=ORIENTED_EDGE('',*,*,#6623,.T.);
#8658=ORIENTED_EDGE('',*,*,#6626,.F.);
#8659=ORIENTED_EDGE('',*,*,#6621,.T.);
#8660=ORIENTED_EDGE('',*,*,#6627,.F.);
#8661=ORIENTED_EDGE('',*,*,#6628,.T.);
#8662=ORIENTED_EDGE('',*,*,#6629,.F.);
#8663=ORIENTED_EDGE('',*,*,#6628,.F.);
#8664=ORIENTED_EDGE('',*,*,#6630,.F.);
#8665=ORIENTED_EDGE('',*,*,#6631,.T.);
#8666=ORIENTED_EDGE('',*,*,#6632,.F.);
#8667=ORIENTED_EDGE('',*,*,#6631,.F.);
#8668=ORIENTED_EDGE('',*,*,#6632,.T.);
#8669=ORIENTED_EDGE('',*,*,#6629,.T.);
#8670=ORIENTED_EDGE('',*,*,#6630,.T.);
#8671=ORIENTED_EDGE('',*,*,#6627,.T.);
#8672=ORIENTED_EDGE('',*,*,#6633,.F.);
#8673=ORIENTED_EDGE('',*,*,#6634,.T.);
#8674=ORIENTED_EDGE('',*,*,#6635,.T.);
#8675=ORIENTED_EDGE('',*,*,#6634,.F.);
#8676=ORIENTED_EDGE('',*,*,#6633,.T.);
#8677=ORIENTED_EDGE('',*,*,#6635,.F.);
#8678=ORIENTED_EDGE('',*,*,#6636,.F.);
#8679=ORIENTED_EDGE('',*,*,#6637,.F.);
#8680=ORIENTED_EDGE('',*,*,#6638,.F.);
#8681=ORIENTED_EDGE('',*,*,#6639,.T.);
#8682=ORIENTED_EDGE('',*,*,#6640,.F.);
#8683=ORIENTED_EDGE('',*,*,#6639,.F.);
#8684=ORIENTED_EDGE('',*,*,#6641,.F.);
#8685=ORIENTED_EDGE('',*,*,#6642,.F.);
#8686=ORIENTED_EDGE('',*,*,#6643,.F.);
#8687=ORIENTED_EDGE('',*,*,#6642,.T.);
#8688=ORIENTED_EDGE('',*,*,#6644,.F.);
#8689=ORIENTED_EDGE('',*,*,#6645,.T.);
#8690=ORIENTED_EDGE('',*,*,#6646,.F.);
#8691=ORIENTED_EDGE('',*,*,#6645,.F.);
#8692=ORIENTED_EDGE('',*,*,#6647,.F.);
#8693=ORIENTED_EDGE('',*,*,#6637,.T.);
#8694=ORIENTED_EDGE('',*,*,#6648,.F.);
#8695=ORIENTED_EDGE('',*,*,#6649,.T.);
#8696=ORIENTED_EDGE('',*,*,#6650,.T.);
#8697=ORIENTED_EDGE('',*,*,#6649,.F.);
#8698=ORIENTED_EDGE('',*,*,#6650,.F.);
#8699=ORIENTED_EDGE('',*,*,#6651,.F.);
#8700=ORIENTED_EDGE('',*,*,#6652,.T.);
#8701=ORIENTED_EDGE('',*,*,#6653,.T.);
#8702=ORIENTED_EDGE('',*,*,#6652,.F.);
#8703=ORIENTED_EDGE('',*,*,#6653,.F.);
#8704=ORIENTED_EDGE('',*,*,#6654,.F.);
#8705=ORIENTED_EDGE('',*,*,#6655,.T.);
#8706=ORIENTED_EDGE('',*,*,#6656,.T.);
#8707=ORIENTED_EDGE('',*,*,#6655,.F.);
#8708=ORIENTED_EDGE('',*,*,#6656,.F.);
#8709=ORIENTED_EDGE('',*,*,#6657,.F.);
#8710=ORIENTED_EDGE('',*,*,#6658,.T.);
#8711=ORIENTED_EDGE('',*,*,#6659,.T.);
#8712=ORIENTED_EDGE('',*,*,#6658,.F.);
#8713=ORIENTED_EDGE('',*,*,#6659,.F.);
#8714=ORIENTED_EDGE('',*,*,#6660,.F.);
#8715=ORIENTED_EDGE('',*,*,#6661,.F.);
#8716=ORIENTED_EDGE('',*,*,#6662,.F.);
#8717=ORIENTED_EDGE('',*,*,#6663,.F.);
#8718=ORIENTED_EDGE('',*,*,#6662,.T.);
#8719=ORIENTED_EDGE('',*,*,#6664,.F.);
#8720=ORIENTED_EDGE('',*,*,#6665,.F.);
#8721=ORIENTED_EDGE('',*,*,#6666,.T.);
#8722=ORIENTED_EDGE('',*,*,#6667,.T.);
#8723=ORIENTED_EDGE('',*,*,#6668,.F.);
#8724=ORIENTED_EDGE('',*,*,#6661,.T.);
#8725=ORIENTED_EDGE('',*,*,#6669,.T.);
#8726=ORIENTED_EDGE('',*,*,#6670,.T.);
#8727=ORIENTED_EDGE('',*,*,#6664,.T.);
#8728=ORIENTED_EDGE('',*,*,#6671,.T.);
#8729=ORIENTED_EDGE('',*,*,#6672,.T.);
#8730=ORIENTED_EDGE('',*,*,#6673,.F.);
#8731=ORIENTED_EDGE('',*,*,#6667,.F.);
#8732=ORIENTED_EDGE('',*,*,#6643,.T.);
#8733=ORIENTED_EDGE('',*,*,#6646,.T.);
#8734=ORIENTED_EDGE('',*,*,#6636,.T.);
#8735=ORIENTED_EDGE('',*,*,#6640,.T.);
#8736=ORIENTED_EDGE('',*,*,#6674,.T.);
#8737=ORIENTED_EDGE('',*,*,#6665,.T.);
#8738=ORIENTED_EDGE('',*,*,#6670,.F.);
#8739=ORIENTED_EDGE('',*,*,#6675,.F.);
#8740=ORIENTED_EDGE('',*,*,#6644,.T.);
#8741=ORIENTED_EDGE('',*,*,#6641,.T.);
#8742=ORIENTED_EDGE('',*,*,#6638,.T.);
#8743=ORIENTED_EDGE('',*,*,#6647,.T.);
#8744=ORIENTED_EDGE('',*,*,#6660,.T.);
#8745=ORIENTED_EDGE('',*,*,#6676,.F.);
#8746=ORIENTED_EDGE('',*,*,#6672,.F.);
#8747=ORIENTED_EDGE('',*,*,#6677,.T.);
#8748=ORIENTED_EDGE('',*,*,#6675,.T.);
#8749=ORIENTED_EDGE('',*,*,#6669,.F.);
#8750=ORIENTED_EDGE('',*,*,#6663,.T.);
#8751=ORIENTED_EDGE('',*,*,#6668,.T.);
#8752=ORIENTED_EDGE('',*,*,#6673,.T.);
#8753=ORIENTED_EDGE('',*,*,#6676,.T.);
#8754=ORIENTED_EDGE('',*,*,#6677,.F.);
#8755=ORIENTED_EDGE('',*,*,#6671,.F.);
#8756=ORIENTED_EDGE('',*,*,#6666,.F.);
#8757=ORIENTED_EDGE('',*,*,#6674,.F.);
#8758=ORIENTED_EDGE('',*,*,#6648,.T.);
#8759=ORIENTED_EDGE('',*,*,#6651,.T.);
#8760=ORIENTED_EDGE('',*,*,#6654,.T.);
#8761=ORIENTED_EDGE('',*,*,#6657,.T.);
#8762=ORIENTED_EDGE('',*,*,#6678,.F.);
#8763=ORIENTED_EDGE('',*,*,#6679,.T.);
#8764=ORIENTED_EDGE('',*,*,#6680,.F.);
#8765=ORIENTED_EDGE('',*,*,#6679,.F.);
#8766=ORIENTED_EDGE('',*,*,#6681,.F.);
#8767=ORIENTED_EDGE('',*,*,#6682,.T.);
#8768=ORIENTED_EDGE('',*,*,#6683,.T.);
#8769=ORIENTED_EDGE('',*,*,#6682,.F.);
#8770=ORIENTED_EDGE('',*,*,#6681,.T.);
#8771=ORIENTED_EDGE('',*,*,#6680,.T.);
#8772=ORIENTED_EDGE('',*,*,#6683,.F.);
#8773=ORIENTED_EDGE('',*,*,#6678,.T.);
#8774=ORIENTED_EDGE('',*,*,#6684,.F.);
#8775=ORIENTED_EDGE('',*,*,#6685,.T.);
#8776=ORIENTED_EDGE('',*,*,#6686,.F.);
#8777=ORIENTED_EDGE('',*,*,#6685,.F.);
#8778=ORIENTED_EDGE('',*,*,#6687,.F.);
#8779=ORIENTED_EDGE('',*,*,#6688,.T.);
#8780=ORIENTED_EDGE('',*,*,#6689,.T.);
#8781=ORIENTED_EDGE('',*,*,#6688,.F.);
#8782=ORIENTED_EDGE('',*,*,#6687,.T.);
#8783=ORIENTED_EDGE('',*,*,#6686,.T.);
#8784=ORIENTED_EDGE('',*,*,#6689,.F.);
#8785=ORIENTED_EDGE('',*,*,#6684,.T.);
#8786=ORIENTED_EDGE('',*,*,#6690,.T.);
#8787=ORIENTED_EDGE('',*,*,#6691,.T.);
#8788=ORIENTED_EDGE('',*,*,#6692,.F.);
#8789=ORIENTED_EDGE('',*,*,#6693,.F.);
#8790=ORIENTED_EDGE('',*,*,#6694,.T.);
#8791=ORIENTED_EDGE('',*,*,#6693,.T.);
#8792=ORIENTED_EDGE('',*,*,#6695,.F.);
#8793=ORIENTED_EDGE('',*,*,#6696,.F.);
#8794=ORIENTED_EDGE('',*,*,#6697,.T.);
#8795=ORIENTED_EDGE('',*,*,#6696,.T.);
#8796=ORIENTED_EDGE('',*,*,#6698,.F.);
#8797=ORIENTED_EDGE('',*,*,#6699,.F.);
#8798=ORIENTED_EDGE('',*,*,#6700,.T.);
#8799=ORIENTED_EDGE('',*,*,#6699,.T.);
#8800=ORIENTED_EDGE('',*,*,#6701,.F.);
#8801=ORIENTED_EDGE('',*,*,#6691,.F.);
#8802=ORIENTED_EDGE('',*,*,#6701,.T.);
#8803=ORIENTED_EDGE('',*,*,#6698,.T.);
#8804=ORIENTED_EDGE('',*,*,#6695,.T.);
#8805=ORIENTED_EDGE('',*,*,#6692,.T.);
#8806=ORIENTED_EDGE('',*,*,#6700,.F.);
#8807=ORIENTED_EDGE('',*,*,#6690,.F.);
#8808=ORIENTED_EDGE('',*,*,#6694,.F.);
#8809=ORIENTED_EDGE('',*,*,#6697,.F.);
#8810=ORIENTED_EDGE('',*,*,#6702,.F.);
#8811=ORIENTED_EDGE('',*,*,#6703,.T.);
#8812=ORIENTED_EDGE('',*,*,#6704,.F.);
#8813=ORIENTED_EDGE('',*,*,#6703,.F.);
#8814=ORIENTED_EDGE('',*,*,#6705,.F.);
#8815=ORIENTED_EDGE('',*,*,#6706,.T.);
#8816=ORIENTED_EDGE('',*,*,#6707,.F.);
#8817=ORIENTED_EDGE('',*,*,#6706,.F.);
#8818=ORIENTED_EDGE('',*,*,#6708,.F.);
#8819=ORIENTED_EDGE('',*,*,#6709,.F.);
#8820=ORIENTED_EDGE('',*,*,#6710,.F.);
#8821=ORIENTED_EDGE('',*,*,#6711,.T.);
#8822=ORIENTED_EDGE('',*,*,#6712,.F.);
#8823=ORIENTED_EDGE('',*,*,#6711,.F.);
#8824=ORIENTED_EDGE('',*,*,#6713,.F.);
#8825=ORIENTED_EDGE('',*,*,#6714,.T.);
#8826=ORIENTED_EDGE('',*,*,#6707,.T.);
#8827=ORIENTED_EDGE('',*,*,#6715,.F.);
#8828=ORIENTED_EDGE('',*,*,#6714,.F.);
#8829=ORIENTED_EDGE('',*,*,#6716,.F.);
#8830=ORIENTED_EDGE('',*,*,#6717,.T.);
#8831=ORIENTED_EDGE('',*,*,#6718,.F.);
#8832=ORIENTED_EDGE('',*,*,#6717,.F.);
#8833=ORIENTED_EDGE('',*,*,#6719,.F.);
#8834=ORIENTED_EDGE('',*,*,#6709,.T.);
#8835=ORIENTED_EDGE('',*,*,#6702,.T.);
#8836=ORIENTED_EDGE('',*,*,#6720,.T.);
#8837=ORIENTED_EDGE('',*,*,#6721,.T.);
#8838=ORIENTED_EDGE('',*,*,#6722,.F.);
#8839=ORIENTED_EDGE('',*,*,#6723,.F.);
#8840=ORIENTED_EDGE('',*,*,#6724,.T.);
#8841=ORIENTED_EDGE('',*,*,#6723,.T.);
#8842=ORIENTED_EDGE('',*,*,#6725,.F.);
#8843=ORIENTED_EDGE('',*,*,#6726,.F.);
#8844=ORIENTED_EDGE('',*,*,#6704,.T.);
#8845=ORIENTED_EDGE('',*,*,#6727,.T.);
#8846=ORIENTED_EDGE('',*,*,#6726,.T.);
#8847=ORIENTED_EDGE('',*,*,#6728,.F.);
#8848=ORIENTED_EDGE('',*,*,#6729,.F.);
#8849=ORIENTED_EDGE('',*,*,#6730,.T.);
#8850=ORIENTED_EDGE('',*,*,#6729,.T.);
#8851=ORIENTED_EDGE('',*,*,#6731,.F.);
#8852=ORIENTED_EDGE('',*,*,#6721,.F.);
#8853=ORIENTED_EDGE('',*,*,#6705,.T.);
#8854=ORIENTED_EDGE('',*,*,#6731,.T.);
#8855=ORIENTED_EDGE('',*,*,#6728,.T.);
#8856=ORIENTED_EDGE('',*,*,#6725,.T.);
#8857=ORIENTED_EDGE('',*,*,#6722,.T.);
#8858=ORIENTED_EDGE('',*,*,#6715,.T.);
#8859=ORIENTED_EDGE('',*,*,#6718,.T.);
#8860=ORIENTED_EDGE('',*,*,#6708,.T.);
#8861=ORIENTED_EDGE('',*,*,#6712,.T.);
#8862=ORIENTED_EDGE('',*,*,#6730,.F.);
#8863=ORIENTED_EDGE('',*,*,#6720,.F.);
#8864=ORIENTED_EDGE('',*,*,#6724,.F.);
#8865=ORIENTED_EDGE('',*,*,#6727,.F.);
#8866=ORIENTED_EDGE('',*,*,#6716,.T.);
#8867=ORIENTED_EDGE('',*,*,#6713,.T.);
#8868=ORIENTED_EDGE('',*,*,#6710,.T.);
#8869=ORIENTED_EDGE('',*,*,#6719,.T.);
#8870=ORIENTED_EDGE('',*,*,#6732,.T.);
#8871=ORIENTED_EDGE('',*,*,#6733,.T.);
#8872=ORIENTED_EDGE('',*,*,#6734,.F.);
#8873=ORIENTED_EDGE('',*,*,#6735,.F.);
#8874=ORIENTED_EDGE('',*,*,#6736,.T.);
#8875=ORIENTED_EDGE('',*,*,#6735,.T.);
#8876=ORIENTED_EDGE('',*,*,#6737,.F.);
#8877=ORIENTED_EDGE('',*,*,#6738,.F.);
#8878=ORIENTED_EDGE('',*,*,#6739,.T.);
#8879=ORIENTED_EDGE('',*,*,#6738,.T.);
#8880=ORIENTED_EDGE('',*,*,#6740,.F.);
#8881=ORIENTED_EDGE('',*,*,#6741,.F.);
#8882=ORIENTED_EDGE('',*,*,#6742,.T.);
#8883=ORIENTED_EDGE('',*,*,#6741,.T.);
#8884=ORIENTED_EDGE('',*,*,#6743,.F.);
#8885=ORIENTED_EDGE('',*,*,#6733,.F.);
#8886=ORIENTED_EDGE('',*,*,#6743,.T.);
#8887=ORIENTED_EDGE('',*,*,#6740,.T.);
#8888=ORIENTED_EDGE('',*,*,#6737,.T.);
#8889=ORIENTED_EDGE('',*,*,#6734,.T.);
#8890=ORIENTED_EDGE('',*,*,#6742,.F.);
#8891=ORIENTED_EDGE('',*,*,#6732,.F.);
#8892=ORIENTED_EDGE('',*,*,#6736,.F.);
#8893=ORIENTED_EDGE('',*,*,#6739,.F.);
#8894=ORIENTED_EDGE('',*,*,#6744,.T.);
#8895=ORIENTED_EDGE('',*,*,#6745,.T.);
#8896=ORIENTED_EDGE('',*,*,#6746,.F.);
#8897=ORIENTED_EDGE('',*,*,#6747,.F.);
#8898=ORIENTED_EDGE('',*,*,#6748,.T.);
#8899=ORIENTED_EDGE('',*,*,#6747,.T.);
#8900=ORIENTED_EDGE('',*,*,#6749,.F.);
#8901=ORIENTED_EDGE('',*,*,#6750,.F.);
#8902=ORIENTED_EDGE('',*,*,#6751,.T.);
#8903=ORIENTED_EDGE('',*,*,#6750,.T.);
#8904=ORIENTED_EDGE('',*,*,#6752,.F.);
#8905=ORIENTED_EDGE('',*,*,#6753,.F.);
#8906=ORIENTED_EDGE('',*,*,#6754,.T.);
#8907=ORIENTED_EDGE('',*,*,#6753,.T.);
#8908=ORIENTED_EDGE('',*,*,#6755,.F.);
#8909=ORIENTED_EDGE('',*,*,#6745,.F.);
#8910=ORIENTED_EDGE('',*,*,#6755,.T.);
#8911=ORIENTED_EDGE('',*,*,#6752,.T.);
#8912=ORIENTED_EDGE('',*,*,#6749,.T.);
#8913=ORIENTED_EDGE('',*,*,#6746,.T.);
#8914=ORIENTED_EDGE('',*,*,#6754,.F.);
#8915=ORIENTED_EDGE('',*,*,#6744,.F.);
#8916=ORIENTED_EDGE('',*,*,#6748,.F.);
#8917=ORIENTED_EDGE('',*,*,#6751,.F.);
#8918=ORIENTED_EDGE('',*,*,#6756,.T.);
#8919=ORIENTED_EDGE('',*,*,#6757,.T.);
#8920=ORIENTED_EDGE('',*,*,#6758,.F.);
#8921=ORIENTED_EDGE('',*,*,#6759,.F.);
#8922=ORIENTED_EDGE('',*,*,#6760,.T.);
#8923=ORIENTED_EDGE('',*,*,#6759,.T.);
#8924=ORIENTED_EDGE('',*,*,#6761,.F.);
#8925=ORIENTED_EDGE('',*,*,#6762,.F.);
#8926=ORIENTED_EDGE('',*,*,#6763,.T.);
#8927=ORIENTED_EDGE('',*,*,#6762,.T.);
#8928=ORIENTED_EDGE('',*,*,#6764,.F.);
#8929=ORIENTED_EDGE('',*,*,#6765,.F.);
#8930=ORIENTED_EDGE('',*,*,#6766,.T.);
#8931=ORIENTED_EDGE('',*,*,#6765,.T.);
#8932=ORIENTED_EDGE('',*,*,#6767,.F.);
#8933=ORIENTED_EDGE('',*,*,#6757,.F.);
#8934=ORIENTED_EDGE('',*,*,#6767,.T.);
#8935=ORIENTED_EDGE('',*,*,#6764,.T.);
#8936=ORIENTED_EDGE('',*,*,#6761,.T.);
#8937=ORIENTED_EDGE('',*,*,#6758,.T.);
#8938=ORIENTED_EDGE('',*,*,#6766,.F.);
#8939=ORIENTED_EDGE('',*,*,#6756,.F.);
#8940=ORIENTED_EDGE('',*,*,#6760,.F.);
#8941=ORIENTED_EDGE('',*,*,#6763,.F.);
#8942=ORIENTED_EDGE('',*,*,#6768,.T.);
#8943=ORIENTED_EDGE('',*,*,#6769,.T.);
#8944=ORIENTED_EDGE('',*,*,#6770,.F.);
#8945=ORIENTED_EDGE('',*,*,#6771,.F.);
#8946=ORIENTED_EDGE('',*,*,#6772,.T.);
#8947=ORIENTED_EDGE('',*,*,#6771,.T.);
#8948=ORIENTED_EDGE('',*,*,#6773,.F.);
#8949=ORIENTED_EDGE('',*,*,#6774,.F.);
#8950=ORIENTED_EDGE('',*,*,#6775,.T.);
#8951=ORIENTED_EDGE('',*,*,#6774,.T.);
#8952=ORIENTED_EDGE('',*,*,#6776,.F.);
#8953=ORIENTED_EDGE('',*,*,#6777,.F.);
#8954=ORIENTED_EDGE('',*,*,#6778,.T.);
#8955=ORIENTED_EDGE('',*,*,#6777,.T.);
#8956=ORIENTED_EDGE('',*,*,#6779,.F.);
#8957=ORIENTED_EDGE('',*,*,#6769,.F.);
#8958=ORIENTED_EDGE('',*,*,#6779,.T.);
#8959=ORIENTED_EDGE('',*,*,#6776,.T.);
#8960=ORIENTED_EDGE('',*,*,#6773,.T.);
#8961=ORIENTED_EDGE('',*,*,#6770,.T.);
#8962=ORIENTED_EDGE('',*,*,#6778,.F.);
#8963=ORIENTED_EDGE('',*,*,#6768,.F.);
#8964=ORIENTED_EDGE('',*,*,#6772,.F.);
#8965=ORIENTED_EDGE('',*,*,#6775,.F.);
#8966=ORIENTED_EDGE('',*,*,#6780,.T.);
#8967=ORIENTED_EDGE('',*,*,#6781,.T.);
#8968=ORIENTED_EDGE('',*,*,#6782,.F.);
#8969=ORIENTED_EDGE('',*,*,#6783,.F.);
#8970=ORIENTED_EDGE('',*,*,#6784,.T.);
#8971=ORIENTED_EDGE('',*,*,#6783,.T.);
#8972=ORIENTED_EDGE('',*,*,#6785,.F.);
#8973=ORIENTED_EDGE('',*,*,#6786,.F.);
#8974=ORIENTED_EDGE('',*,*,#6787,.T.);
#8975=ORIENTED_EDGE('',*,*,#6786,.T.);
#8976=ORIENTED_EDGE('',*,*,#6788,.F.);
#8977=ORIENTED_EDGE('',*,*,#6789,.F.);
#8978=ORIENTED_EDGE('',*,*,#6790,.T.);
#8979=ORIENTED_EDGE('',*,*,#6789,.T.);
#8980=ORIENTED_EDGE('',*,*,#6791,.F.);
#8981=ORIENTED_EDGE('',*,*,#6781,.F.);
#8982=ORIENTED_EDGE('',*,*,#6791,.T.);
#8983=ORIENTED_EDGE('',*,*,#6788,.T.);
#8984=ORIENTED_EDGE('',*,*,#6785,.T.);
#8985=ORIENTED_EDGE('',*,*,#6782,.T.);
#8986=ORIENTED_EDGE('',*,*,#6790,.F.);
#8987=ORIENTED_EDGE('',*,*,#6780,.F.);
#8988=ORIENTED_EDGE('',*,*,#6784,.F.);
#8989=ORIENTED_EDGE('',*,*,#6787,.F.);
#8990=ORIENTED_EDGE('',*,*,#6792,.F.);
#8991=ORIENTED_EDGE('',*,*,#6793,.T.);
#8992=ORIENTED_EDGE('',*,*,#6794,.F.);
#8993=ORIENTED_EDGE('',*,*,#6793,.F.);
#8994=ORIENTED_EDGE('',*,*,#6795,.F.);
#8995=ORIENTED_EDGE('',*,*,#6796,.T.);
#8996=ORIENTED_EDGE('',*,*,#6797,.F.);
#8997=ORIENTED_EDGE('',*,*,#6796,.F.);
#8998=ORIENTED_EDGE('',*,*,#6798,.F.);
#8999=ORIENTED_EDGE('',*,*,#6799,.T.);
#9000=ORIENTED_EDGE('',*,*,#6800,.F.);
#9001=ORIENTED_EDGE('',*,*,#6799,.F.);
#9002=ORIENTED_EDGE('',*,*,#6801,.F.);
#9003=ORIENTED_EDGE('',*,*,#6802,.T.);
#9004=ORIENTED_EDGE('',*,*,#6803,.F.);
#9005=ORIENTED_EDGE('',*,*,#6802,.F.);
#9006=ORIENTED_EDGE('',*,*,#6804,.T.);
#9007=ORIENTED_EDGE('',*,*,#6805,.T.);
#9008=ORIENTED_EDGE('',*,*,#6806,.F.);
#9009=ORIENTED_EDGE('',*,*,#6807,.F.);
#9010=ORIENTED_EDGE('',*,*,#6808,.T.);
#9011=ORIENTED_EDGE('',*,*,#6807,.T.);
#9012=ORIENTED_EDGE('',*,*,#6809,.F.);
#9013=ORIENTED_EDGE('',*,*,#6810,.F.);
#9014=ORIENTED_EDGE('',*,*,#6811,.T.);
#9015=ORIENTED_EDGE('',*,*,#6810,.T.);
#9016=ORIENTED_EDGE('',*,*,#6812,.F.);
#9017=ORIENTED_EDGE('',*,*,#6813,.F.);
#9018=ORIENTED_EDGE('',*,*,#6814,.T.);
#9019=ORIENTED_EDGE('',*,*,#6813,.T.);
#9020=ORIENTED_EDGE('',*,*,#6815,.F.);
#9021=ORIENTED_EDGE('',*,*,#6805,.F.);
#9022=ORIENTED_EDGE('',*,*,#6815,.T.);
#9023=ORIENTED_EDGE('',*,*,#6812,.T.);
#9024=ORIENTED_EDGE('',*,*,#6809,.T.);
#9025=ORIENTED_EDGE('',*,*,#6806,.T.);
#9026=ORIENTED_EDGE('',*,*,#6794,.T.);
#9027=ORIENTED_EDGE('',*,*,#6797,.T.);
#9028=ORIENTED_EDGE('',*,*,#6800,.T.);
#9029=ORIENTED_EDGE('',*,*,#6803,.T.);
#9030=ORIENTED_EDGE('',*,*,#6814,.F.);
#9031=ORIENTED_EDGE('',*,*,#6804,.F.);
#9032=ORIENTED_EDGE('',*,*,#6808,.F.);
#9033=ORIENTED_EDGE('',*,*,#6811,.F.);
#9034=ORIENTED_EDGE('',*,*,#6792,.T.);
#9035=ORIENTED_EDGE('',*,*,#6795,.T.);
#9036=ORIENTED_EDGE('',*,*,#6798,.T.);
#9037=ORIENTED_EDGE('',*,*,#6801,.T.);
#9038=ORIENTED_EDGE('',*,*,#6816,.T.);
#9039=ORIENTED_EDGE('',*,*,#6817,.T.);
#9040=ORIENTED_EDGE('',*,*,#6818,.F.);
#9041=ORIENTED_EDGE('',*,*,#6819,.F.);
#9042=ORIENTED_EDGE('',*,*,#6820,.T.);
#9043=ORIENTED_EDGE('',*,*,#6819,.T.);
#9044=ORIENTED_EDGE('',*,*,#6821,.F.);
#9045=ORIENTED_EDGE('',*,*,#6822,.F.);
#9046=ORIENTED_EDGE('',*,*,#6823,.T.);
#9047=ORIENTED_EDGE('',*,*,#6822,.T.);
#9048=ORIENTED_EDGE('',*,*,#6824,.F.);
#9049=ORIENTED_EDGE('',*,*,#6825,.F.);
#9050=ORIENTED_EDGE('',*,*,#6826,.T.);
#9051=ORIENTED_EDGE('',*,*,#6825,.T.);
#9052=ORIENTED_EDGE('',*,*,#6827,.F.);
#9053=ORIENTED_EDGE('',*,*,#6817,.F.);
#9054=ORIENTED_EDGE('',*,*,#6827,.T.);
#9055=ORIENTED_EDGE('',*,*,#6824,.T.);
#9056=ORIENTED_EDGE('',*,*,#6821,.T.);
#9057=ORIENTED_EDGE('',*,*,#6818,.T.);
#9058=ORIENTED_EDGE('',*,*,#6826,.F.);
#9059=ORIENTED_EDGE('',*,*,#6816,.F.);
#9060=ORIENTED_EDGE('',*,*,#6820,.F.);
#9061=ORIENTED_EDGE('',*,*,#6823,.F.);
#9062=ORIENTED_EDGE('',*,*,#6828,.T.);
#9063=ORIENTED_EDGE('',*,*,#6829,.T.);
#9064=ORIENTED_EDGE('',*,*,#6830,.F.);
#9065=ORIENTED_EDGE('',*,*,#6831,.F.);
#9066=ORIENTED_EDGE('',*,*,#6832,.T.);
#9067=ORIENTED_EDGE('',*,*,#6831,.T.);
#9068=ORIENTED_EDGE('',*,*,#6833,.F.);
#9069=ORIENTED_EDGE('',*,*,#6834,.F.);
#9070=ORIENTED_EDGE('',*,*,#6835,.T.);
#9071=ORIENTED_EDGE('',*,*,#6834,.T.);
#9072=ORIENTED_EDGE('',*,*,#6836,.F.);
#9073=ORIENTED_EDGE('',*,*,#6837,.F.);
#9074=ORIENTED_EDGE('',*,*,#6838,.T.);
#9075=ORIENTED_EDGE('',*,*,#6837,.T.);
#9076=ORIENTED_EDGE('',*,*,#6839,.F.);
#9077=ORIENTED_EDGE('',*,*,#6829,.F.);
#9078=ORIENTED_EDGE('',*,*,#6839,.T.);
#9079=ORIENTED_EDGE('',*,*,#6836,.T.);
#9080=ORIENTED_EDGE('',*,*,#6833,.T.);
#9081=ORIENTED_EDGE('',*,*,#6830,.T.);
#9082=ORIENTED_EDGE('',*,*,#6838,.F.);
#9083=ORIENTED_EDGE('',*,*,#6828,.F.);
#9084=ORIENTED_EDGE('',*,*,#6832,.F.);
#9085=ORIENTED_EDGE('',*,*,#6835,.F.);
#9086=ORIENTED_EDGE('',*,*,#6840,.T.);
#9087=ORIENTED_EDGE('',*,*,#6841,.T.);
#9088=ORIENTED_EDGE('',*,*,#6842,.F.);
#9089=ORIENTED_EDGE('',*,*,#6843,.F.);
#9090=ORIENTED_EDGE('',*,*,#6844,.T.);
#9091=ORIENTED_EDGE('',*,*,#6843,.T.);
#9092=ORIENTED_EDGE('',*,*,#6845,.F.);
#9093=ORIENTED_EDGE('',*,*,#6846,.F.);
#9094=ORIENTED_EDGE('',*,*,#6847,.T.);
#9095=ORIENTED_EDGE('',*,*,#6846,.T.);
#9096=ORIENTED_EDGE('',*,*,#6848,.F.);
#9097=ORIENTED_EDGE('',*,*,#6849,.F.);
#9098=ORIENTED_EDGE('',*,*,#6850,.T.);
#9099=ORIENTED_EDGE('',*,*,#6849,.T.);
#9100=ORIENTED_EDGE('',*,*,#6851,.F.);
#9101=ORIENTED_EDGE('',*,*,#6841,.F.);
#9102=ORIENTED_EDGE('',*,*,#6851,.T.);
#9103=ORIENTED_EDGE('',*,*,#6848,.T.);
#9104=ORIENTED_EDGE('',*,*,#6845,.T.);
#9105=ORIENTED_EDGE('',*,*,#6842,.T.);
#9106=ORIENTED_EDGE('',*,*,#6850,.F.);
#9107=ORIENTED_EDGE('',*,*,#6840,.F.);
#9108=ORIENTED_EDGE('',*,*,#6844,.F.);
#9109=ORIENTED_EDGE('',*,*,#6847,.F.);
#9110=ORIENTED_EDGE('',*,*,#6852,.F.);
#9111=ORIENTED_EDGE('',*,*,#6853,.T.);
#9112=ORIENTED_EDGE('',*,*,#6854,.F.);
#9113=ORIENTED_EDGE('',*,*,#6853,.F.);
#9114=ORIENTED_EDGE('',*,*,#6855,.F.);
#9115=ORIENTED_EDGE('',*,*,#6856,.T.);
#9116=ORIENTED_EDGE('',*,*,#6857,.F.);
#9117=ORIENTED_EDGE('',*,*,#6856,.F.);
#9118=ORIENTED_EDGE('',*,*,#6858,.T.);
#9119=ORIENTED_EDGE('',*,*,#6859,.T.);
#9120=ORIENTED_EDGE('',*,*,#6860,.F.);
#9121=ORIENTED_EDGE('',*,*,#6861,.F.);
#9122=ORIENTED_EDGE('',*,*,#6862,.T.);
#9123=ORIENTED_EDGE('',*,*,#6861,.T.);
#9124=ORIENTED_EDGE('',*,*,#6863,.F.);
#9125=ORIENTED_EDGE('',*,*,#6864,.F.);
#9126=ORIENTED_EDGE('',*,*,#6865,.T.);
#9127=ORIENTED_EDGE('',*,*,#6864,.T.);
#9128=ORIENTED_EDGE('',*,*,#6866,.F.);
#9129=ORIENTED_EDGE('',*,*,#6867,.F.);
#9130=ORIENTED_EDGE('',*,*,#6868,.T.);
#9131=ORIENTED_EDGE('',*,*,#6867,.T.);
#9132=ORIENTED_EDGE('',*,*,#6869,.F.);
#9133=ORIENTED_EDGE('',*,*,#6859,.F.);
#9134=ORIENTED_EDGE('',*,*,#6869,.T.);
#9135=ORIENTED_EDGE('',*,*,#6866,.T.);
#9136=ORIENTED_EDGE('',*,*,#6863,.T.);
#9137=ORIENTED_EDGE('',*,*,#6860,.T.);
#9138=ORIENTED_EDGE('',*,*,#6854,.T.);
#9139=ORIENTED_EDGE('',*,*,#6857,.T.);
#9140=ORIENTED_EDGE('',*,*,#6868,.F.);
#9141=ORIENTED_EDGE('',*,*,#6858,.F.);
#9142=ORIENTED_EDGE('',*,*,#6862,.F.);
#9143=ORIENTED_EDGE('',*,*,#6865,.F.);
#9144=ORIENTED_EDGE('',*,*,#6852,.T.);
#9145=ORIENTED_EDGE('',*,*,#6855,.T.);
#9146=ORIENTED_EDGE('',*,*,#6870,.F.);
#9147=ORIENTED_EDGE('',*,*,#6871,.T.);
#9148=ORIENTED_EDGE('',*,*,#6872,.F.);
#9149=ORIENTED_EDGE('',*,*,#6871,.F.);
#9150=ORIENTED_EDGE('',*,*,#6873,.F.);
#9151=ORIENTED_EDGE('',*,*,#6874,.T.);
#9152=ORIENTED_EDGE('',*,*,#6875,.F.);
#9153=ORIENTED_EDGE('',*,*,#6874,.F.);
#9154=ORIENTED_EDGE('',*,*,#6876,.F.);
#9155=ORIENTED_EDGE('',*,*,#6877,.T.);
#9156=ORIENTED_EDGE('',*,*,#6878,.F.);
#9157=ORIENTED_EDGE('',*,*,#6877,.F.);
#9158=ORIENTED_EDGE('',*,*,#6879,.F.);
#9159=ORIENTED_EDGE('',*,*,#6880,.T.);
#9160=ORIENTED_EDGE('',*,*,#6881,.F.);
#9161=ORIENTED_EDGE('',*,*,#6880,.F.);
#9162=ORIENTED_EDGE('',*,*,#6882,.T.);
#9163=ORIENTED_EDGE('',*,*,#6883,.T.);
#9164=ORIENTED_EDGE('',*,*,#6884,.F.);
#9165=ORIENTED_EDGE('',*,*,#6885,.F.);
#9166=ORIENTED_EDGE('',*,*,#6872,.T.);
#9167=ORIENTED_EDGE('',*,*,#6875,.T.);
#9168=ORIENTED_EDGE('',*,*,#6878,.T.);
#9169=ORIENTED_EDGE('',*,*,#6881,.T.);
#9170=ORIENTED_EDGE('',*,*,#6886,.T.);
#9171=ORIENTED_EDGE('',*,*,#6885,.T.);
#9172=ORIENTED_EDGE('',*,*,#6887,.F.);
#9173=ORIENTED_EDGE('',*,*,#6888,.F.);
#9174=ORIENTED_EDGE('',*,*,#6889,.T.);
#9175=ORIENTED_EDGE('',*,*,#6888,.T.);
#9176=ORIENTED_EDGE('',*,*,#6890,.F.);
#9177=ORIENTED_EDGE('',*,*,#6891,.F.);
#9178=ORIENTED_EDGE('',*,*,#6870,.T.);
#9179=ORIENTED_EDGE('',*,*,#6873,.T.);
#9180=ORIENTED_EDGE('',*,*,#6876,.T.);
#9181=ORIENTED_EDGE('',*,*,#6879,.T.);
#9182=ORIENTED_EDGE('',*,*,#6892,.T.);
#9183=ORIENTED_EDGE('',*,*,#6891,.T.);
#9184=ORIENTED_EDGE('',*,*,#6893,.F.);
#9185=ORIENTED_EDGE('',*,*,#6883,.F.);
#9186=ORIENTED_EDGE('',*,*,#6893,.T.);
#9187=ORIENTED_EDGE('',*,*,#6890,.T.);
#9188=ORIENTED_EDGE('',*,*,#6887,.T.);
#9189=ORIENTED_EDGE('',*,*,#6884,.T.);
#9190=ORIENTED_EDGE('',*,*,#6892,.F.);
#9191=ORIENTED_EDGE('',*,*,#6882,.F.);
#9192=ORIENTED_EDGE('',*,*,#6886,.F.);
#9193=ORIENTED_EDGE('',*,*,#6889,.F.);
#9194=ORIENTED_EDGE('',*,*,#6894,.F.);
#9195=ORIENTED_EDGE('',*,*,#6895,.T.);
#9196=ORIENTED_EDGE('',*,*,#6896,.F.);
#9197=ORIENTED_EDGE('',*,*,#6895,.F.);
#9198=ORIENTED_EDGE('',*,*,#6897,.F.);
#9199=ORIENTED_EDGE('',*,*,#6898,.T.);
#9200=ORIENTED_EDGE('',*,*,#6899,.F.);
#9201=ORIENTED_EDGE('',*,*,#6898,.F.);
#9202=ORIENTED_EDGE('',*,*,#6900,.F.);
#9203=ORIENTED_EDGE('',*,*,#6901,.T.);
#9204=ORIENTED_EDGE('',*,*,#6902,.F.);
#9205=ORIENTED_EDGE('',*,*,#6901,.F.);
#9206=ORIENTED_EDGE('',*,*,#6903,.F.);
#9207=ORIENTED_EDGE('',*,*,#6904,.T.);
#9208=ORIENTED_EDGE('',*,*,#6905,.F.);
#9209=ORIENTED_EDGE('',*,*,#6904,.F.);
#9210=ORIENTED_EDGE('',*,*,#6906,.F.);
#9211=ORIENTED_EDGE('',*,*,#6907,.F.);
#9212=ORIENTED_EDGE('',*,*,#6908,.F.);
#9213=ORIENTED_EDGE('',*,*,#6909,.T.);
#9214=ORIENTED_EDGE('',*,*,#6910,.F.);
#9215=ORIENTED_EDGE('',*,*,#6909,.F.);
#9216=ORIENTED_EDGE('',*,*,#6911,.F.);
#9217=ORIENTED_EDGE('',*,*,#6912,.F.);
#9218=ORIENTED_EDGE('',*,*,#6913,.F.);
#9219=ORIENTED_EDGE('',*,*,#6912,.T.);
#9220=ORIENTED_EDGE('',*,*,#6914,.F.);
#9221=ORIENTED_EDGE('',*,*,#6915,.T.);
#9222=ORIENTED_EDGE('',*,*,#6916,.F.);
#9223=ORIENTED_EDGE('',*,*,#6915,.F.);
#9224=ORIENTED_EDGE('',*,*,#6917,.F.);
#9225=ORIENTED_EDGE('',*,*,#6907,.T.);
#9226=ORIENTED_EDGE('',*,*,#6918,.F.);
#9227=ORIENTED_EDGE('',*,*,#6919,.F.);
#9228=ORIENTED_EDGE('',*,*,#6920,.F.);
#9229=ORIENTED_EDGE('',*,*,#6921,.T.);
#9230=ORIENTED_EDGE('',*,*,#6922,.F.);
#9231=ORIENTED_EDGE('',*,*,#6921,.F.);
#9232=ORIENTED_EDGE('',*,*,#6923,.F.);
#9233=ORIENTED_EDGE('',*,*,#6924,.F.);
#9234=ORIENTED_EDGE('',*,*,#6925,.F.);
#9235=ORIENTED_EDGE('',*,*,#6924,.T.);
#9236=ORIENTED_EDGE('',*,*,#6926,.F.);
#9237=ORIENTED_EDGE('',*,*,#6927,.T.);
#9238=ORIENTED_EDGE('',*,*,#6928,.F.);
#9239=ORIENTED_EDGE('',*,*,#6927,.F.);
#9240=ORIENTED_EDGE('',*,*,#6929,.F.);
#9241=ORIENTED_EDGE('',*,*,#6919,.T.);
#9242=ORIENTED_EDGE('',*,*,#6930,.T.);
#9243=ORIENTED_EDGE('',*,*,#6931,.T.);
#9244=ORIENTED_EDGE('',*,*,#6932,.F.);
#9245=ORIENTED_EDGE('',*,*,#6933,.F.);
#9246=ORIENTED_EDGE('',*,*,#6934,.T.);
#9247=ORIENTED_EDGE('',*,*,#6933,.T.);
#9248=ORIENTED_EDGE('',*,*,#6935,.F.);
#9249=ORIENTED_EDGE('',*,*,#6936,.F.);
#9250=ORIENTED_EDGE('',*,*,#6937,.T.);
#9251=ORIENTED_EDGE('',*,*,#6936,.T.);
#9252=ORIENTED_EDGE('',*,*,#6938,.F.);
#9253=ORIENTED_EDGE('',*,*,#6939,.F.);
#9254=ORIENTED_EDGE('',*,*,#6940,.T.);
#9255=ORIENTED_EDGE('',*,*,#6939,.T.);
#9256=ORIENTED_EDGE('',*,*,#6941,.F.);
#9257=ORIENTED_EDGE('',*,*,#6931,.F.);
#9258=ORIENTED_EDGE('',*,*,#6941,.T.);
#9259=ORIENTED_EDGE('',*,*,#6938,.T.);
#9260=ORIENTED_EDGE('',*,*,#6935,.T.);
#9261=ORIENTED_EDGE('',*,*,#6932,.T.);
#9262=ORIENTED_EDGE('',*,*,#6925,.T.);
#9263=ORIENTED_EDGE('',*,*,#6928,.T.);
#9264=ORIENTED_EDGE('',*,*,#6918,.T.);
#9265=ORIENTED_EDGE('',*,*,#6922,.T.);
#9266=ORIENTED_EDGE('',*,*,#6913,.T.);
#9267=ORIENTED_EDGE('',*,*,#6916,.T.);
#9268=ORIENTED_EDGE('',*,*,#6906,.T.);
#9269=ORIENTED_EDGE('',*,*,#6910,.T.);
#9270=ORIENTED_EDGE('',*,*,#6905,.T.);
#9271=ORIENTED_EDGE('',*,*,#6902,.T.);
#9272=ORIENTED_EDGE('',*,*,#6899,.T.);
#9273=ORIENTED_EDGE('',*,*,#6896,.T.);
#9274=ORIENTED_EDGE('',*,*,#6940,.F.);
#9275=ORIENTED_EDGE('',*,*,#6930,.F.);
#9276=ORIENTED_EDGE('',*,*,#6934,.F.);
#9277=ORIENTED_EDGE('',*,*,#6937,.F.);
#9278=ORIENTED_EDGE('',*,*,#6926,.T.);
#9279=ORIENTED_EDGE('',*,*,#6923,.T.);
#9280=ORIENTED_EDGE('',*,*,#6920,.T.);
#9281=ORIENTED_EDGE('',*,*,#6929,.T.);
#9282=ORIENTED_EDGE('',*,*,#6914,.T.);
#9283=ORIENTED_EDGE('',*,*,#6911,.T.);
#9284=ORIENTED_EDGE('',*,*,#6908,.T.);
#9285=ORIENTED_EDGE('',*,*,#6917,.T.);
#9286=ORIENTED_EDGE('',*,*,#6903,.T.);
#9287=ORIENTED_EDGE('',*,*,#6900,.T.);
#9288=ORIENTED_EDGE('',*,*,#6897,.T.);
#9289=ORIENTED_EDGE('',*,*,#6894,.T.);
#9290=ORIENTED_EDGE('',*,*,#6942,.T.);
#9291=ORIENTED_EDGE('',*,*,#6943,.T.);
#9292=ORIENTED_EDGE('',*,*,#6944,.F.);
#9293=ORIENTED_EDGE('',*,*,#6945,.F.);
#9294=ORIENTED_EDGE('',*,*,#6946,.T.);
#9295=ORIENTED_EDGE('',*,*,#6945,.T.);
#9296=ORIENTED_EDGE('',*,*,#6947,.F.);
#9297=ORIENTED_EDGE('',*,*,#6948,.F.);
#9298=ORIENTED_EDGE('',*,*,#6949,.F.);
#9299=ORIENTED_EDGE('',*,*,#6948,.T.);
#9300=ORIENTED_EDGE('',*,*,#6950,.F.);
#9301=ORIENTED_EDGE('',*,*,#6951,.F.);
#9302=ORIENTED_EDGE('',*,*,#6952,.T.);
#9303=ORIENTED_EDGE('',*,*,#6951,.T.);
#9304=ORIENTED_EDGE('',*,*,#6953,.F.);
#9305=ORIENTED_EDGE('',*,*,#6943,.F.);
#9306=ORIENTED_EDGE('',*,*,#6953,.T.);
#9307=ORIENTED_EDGE('',*,*,#6950,.T.);
#9308=ORIENTED_EDGE('',*,*,#6947,.T.);
#9309=ORIENTED_EDGE('',*,*,#6944,.T.);
#9310=ORIENTED_EDGE('',*,*,#6952,.F.);
#9311=ORIENTED_EDGE('',*,*,#6942,.F.);
#9312=ORIENTED_EDGE('',*,*,#6946,.F.);
#9313=ORIENTED_EDGE('',*,*,#6949,.T.);
#9314=ORIENTED_EDGE('',*,*,#6954,.F.);
#9315=ORIENTED_EDGE('',*,*,#6955,.T.);
#9316=ORIENTED_EDGE('',*,*,#6956,.F.);
#9317=ORIENTED_EDGE('',*,*,#6957,.F.);
#9318=ORIENTED_EDGE('',*,*,#6958,.T.);
#9319=ORIENTED_EDGE('',*,*,#6959,.T.);
#9320=ORIENTED_EDGE('',*,*,#6960,.T.);
#9321=ORIENTED_EDGE('',*,*,#6961,.T.);
#9322=ORIENTED_EDGE('',*,*,#6954,.T.);
#9323=ORIENTED_EDGE('',*,*,#6962,.T.);
#9324=ORIENTED_EDGE('',*,*,#6958,.F.);
#9325=ORIENTED_EDGE('',*,*,#6963,.F.);
#9326=ORIENTED_EDGE('',*,*,#6957,.T.);
#9327=ORIENTED_EDGE('',*,*,#6964,.T.);
#9328=ORIENTED_EDGE('',*,*,#6959,.F.);
#9329=ORIENTED_EDGE('',*,*,#6962,.F.);
#9330=ORIENTED_EDGE('',*,*,#6956,.T.);
#9331=ORIENTED_EDGE('',*,*,#6965,.T.);
#9332=ORIENTED_EDGE('',*,*,#6960,.F.);
#9333=ORIENTED_EDGE('',*,*,#6964,.F.);
#9334=ORIENTED_EDGE('',*,*,#6955,.F.);
#9335=ORIENTED_EDGE('',*,*,#6963,.T.);
#9336=ORIENTED_EDGE('',*,*,#6961,.F.);
#9337=ORIENTED_EDGE('',*,*,#6965,.F.);
#9338=ORIENTED_EDGE('',*,*,#6966,.F.);
#9339=ORIENTED_EDGE('',*,*,#6967,.T.);
#9340=ORIENTED_EDGE('',*,*,#6968,.T.);
#9341=ORIENTED_EDGE('',*,*,#6967,.F.);
#9342=ORIENTED_EDGE('',*,*,#6968,.F.);
#9343=ORIENTED_EDGE('',*,*,#6969,.F.);
#9344=ORIENTED_EDGE('',*,*,#6970,.T.);
#9345=ORIENTED_EDGE('',*,*,#6971,.T.);
#9346=ORIENTED_EDGE('',*,*,#6970,.F.);
#9347=ORIENTED_EDGE('',*,*,#6971,.F.);
#9348=ORIENTED_EDGE('',*,*,#6972,.F.);
#9349=ORIENTED_EDGE('',*,*,#6973,.T.);
#9350=ORIENTED_EDGE('',*,*,#6974,.T.);
#9351=ORIENTED_EDGE('',*,*,#6973,.F.);
#9352=ORIENTED_EDGE('',*,*,#6972,.T.);
#9353=ORIENTED_EDGE('',*,*,#6969,.T.);
#9354=ORIENTED_EDGE('',*,*,#6974,.F.);
#9355=ORIENTED_EDGE('',*,*,#6966,.T.);
#9356=ORIENTED_EDGE('',*,*,#6975,.F.);
#9357=ORIENTED_EDGE('',*,*,#6976,.T.);
#9358=ORIENTED_EDGE('',*,*,#6977,.T.);
#9359=ORIENTED_EDGE('',*,*,#6976,.F.);
#9360=ORIENTED_EDGE('',*,*,#6977,.F.);
#9361=ORIENTED_EDGE('',*,*,#6978,.F.);
#9362=ORIENTED_EDGE('',*,*,#6979,.T.);
#9363=ORIENTED_EDGE('',*,*,#6980,.T.);
#9364=ORIENTED_EDGE('',*,*,#6979,.F.);
#9365=ORIENTED_EDGE('',*,*,#6980,.F.);
#9366=ORIENTED_EDGE('',*,*,#6981,.F.);
#9367=ORIENTED_EDGE('',*,*,#6982,.T.);
#9368=ORIENTED_EDGE('',*,*,#6983,.T.);
#9369=ORIENTED_EDGE('',*,*,#6982,.F.);
#9370=ORIENTED_EDGE('',*,*,#6981,.T.);
#9371=ORIENTED_EDGE('',*,*,#6978,.T.);
#9372=ORIENTED_EDGE('',*,*,#6983,.F.);
#9373=ORIENTED_EDGE('',*,*,#6975,.T.);
#9374=ORIENTED_EDGE('',*,*,#6984,.F.);
#9375=ORIENTED_EDGE('',*,*,#6985,.T.);
#9376=ORIENTED_EDGE('',*,*,#6986,.T.);
#9377=ORIENTED_EDGE('',*,*,#6985,.F.);
#9378=ORIENTED_EDGE('',*,*,#6986,.F.);
#9379=ORIENTED_EDGE('',*,*,#6987,.F.);
#9380=ORIENTED_EDGE('',*,*,#6988,.T.);
#9381=ORIENTED_EDGE('',*,*,#6989,.T.);
#9382=ORIENTED_EDGE('',*,*,#6988,.F.);
#9383=ORIENTED_EDGE('',*,*,#6989,.F.);
#9384=ORIENTED_EDGE('',*,*,#6990,.F.);
#9385=ORIENTED_EDGE('',*,*,#6991,.T.);
#9386=ORIENTED_EDGE('',*,*,#6992,.T.);
#9387=ORIENTED_EDGE('',*,*,#6991,.F.);
#9388=ORIENTED_EDGE('',*,*,#6990,.T.);
#9389=ORIENTED_EDGE('',*,*,#6987,.T.);
#9390=ORIENTED_EDGE('',*,*,#6992,.F.);
#9391=ORIENTED_EDGE('',*,*,#6984,.T.);
#9392=ORIENTED_EDGE('',*,*,#6993,.F.);
#9393=ORIENTED_EDGE('',*,*,#6994,.T.);
#9394=ORIENTED_EDGE('',*,*,#6995,.T.);
#9395=ORIENTED_EDGE('',*,*,#6994,.F.);
#9396=ORIENTED_EDGE('',*,*,#6995,.F.);
#9397=ORIENTED_EDGE('',*,*,#6996,.F.);
#9398=ORIENTED_EDGE('',*,*,#6997,.T.);
#9399=ORIENTED_EDGE('',*,*,#6998,.T.);
#9400=ORIENTED_EDGE('',*,*,#6997,.F.);
#9401=ORIENTED_EDGE('',*,*,#6998,.F.);
#9402=ORIENTED_EDGE('',*,*,#6999,.F.);
#9403=ORIENTED_EDGE('',*,*,#7000,.T.);
#9404=ORIENTED_EDGE('',*,*,#7001,.T.);
#9405=ORIENTED_EDGE('',*,*,#7000,.F.);
#9406=ORIENTED_EDGE('',*,*,#6999,.T.);
#9407=ORIENTED_EDGE('',*,*,#6996,.T.);
#9408=ORIENTED_EDGE('',*,*,#7001,.F.);
#9409=ORIENTED_EDGE('',*,*,#6993,.T.);
#9410=ORIENTED_EDGE('',*,*,#7002,.F.);
#9411=ORIENTED_EDGE('',*,*,#7003,.T.);
#9412=ORIENTED_EDGE('',*,*,#7004,.T.);
#9413=ORIENTED_EDGE('',*,*,#7003,.F.);
#9414=ORIENTED_EDGE('',*,*,#7004,.F.);
#9415=ORIENTED_EDGE('',*,*,#7005,.F.);
#9416=ORIENTED_EDGE('',*,*,#7006,.T.);
#9417=ORIENTED_EDGE('',*,*,#7007,.T.);
#9418=ORIENTED_EDGE('',*,*,#7006,.F.);
#9419=ORIENTED_EDGE('',*,*,#7007,.F.);
#9420=ORIENTED_EDGE('',*,*,#7008,.F.);
#9421=ORIENTED_EDGE('',*,*,#7009,.T.);
#9422=ORIENTED_EDGE('',*,*,#7010,.T.);
#9423=ORIENTED_EDGE('',*,*,#7009,.F.);
#9424=ORIENTED_EDGE('',*,*,#7008,.T.);
#9425=ORIENTED_EDGE('',*,*,#7005,.T.);
#9426=ORIENTED_EDGE('',*,*,#7010,.F.);
#9427=ORIENTED_EDGE('',*,*,#7002,.T.);
#9428=ORIENTED_EDGE('',*,*,#7011,.F.);
#9429=ORIENTED_EDGE('',*,*,#7012,.T.);
#9430=ORIENTED_EDGE('',*,*,#7013,.T.);
#9431=ORIENTED_EDGE('',*,*,#7012,.F.);
#9432=ORIENTED_EDGE('',*,*,#7013,.F.);
#9433=ORIENTED_EDGE('',*,*,#7014,.F.);
#9434=ORIENTED_EDGE('',*,*,#7015,.T.);
#9435=ORIENTED_EDGE('',*,*,#7016,.T.);
#9436=ORIENTED_EDGE('',*,*,#7015,.F.);
#9437=ORIENTED_EDGE('',*,*,#7016,.F.);
#9438=ORIENTED_EDGE('',*,*,#7017,.F.);
#9439=ORIENTED_EDGE('',*,*,#7018,.T.);
#9440=ORIENTED_EDGE('',*,*,#7019,.T.);
#9441=ORIENTED_EDGE('',*,*,#7018,.F.);
#9442=ORIENTED_EDGE('',*,*,#7017,.T.);
#9443=ORIENTED_EDGE('',*,*,#7014,.T.);
#9444=ORIENTED_EDGE('',*,*,#7019,.F.);
#9445=ORIENTED_EDGE('',*,*,#7011,.T.);
#9446=ORIENTED_EDGE('',*,*,#7020,.F.);
#9447=ORIENTED_EDGE('',*,*,#7021,.T.);
#9448=ORIENTED_EDGE('',*,*,#7022,.F.);
#9449=ORIENTED_EDGE('',*,*,#7021,.F.);
#9450=ORIENTED_EDGE('',*,*,#7023,.F.);
#9451=ORIENTED_EDGE('',*,*,#7024,.T.);
#9452=ORIENTED_EDGE('',*,*,#7025,.F.);
#9453=ORIENTED_EDGE('',*,*,#7024,.F.);
#9454=ORIENTED_EDGE('',*,*,#7026,.F.);
#9455=ORIENTED_EDGE('',*,*,#7027,.T.);
#9456=ORIENTED_EDGE('',*,*,#7028,.F.);
#9457=ORIENTED_EDGE('',*,*,#7029,.F.);
#9458=ORIENTED_EDGE('',*,*,#7030,.F.);
#9459=ORIENTED_EDGE('',*,*,#7031,.F.);
#9460=ORIENTED_EDGE('',*,*,#7032,.F.);
#9461=ORIENTED_EDGE('',*,*,#7027,.F.);
#9462=ORIENTED_EDGE('',*,*,#7033,.F.);
#9463=ORIENTED_EDGE('',*,*,#7034,.F.);
#9464=ORIENTED_EDGE('',*,*,#7035,.F.);
#9465=ORIENTED_EDGE('',*,*,#7031,.T.);
#9466=ORIENTED_EDGE('',*,*,#7033,.T.);
#9467=ORIENTED_EDGE('',*,*,#7030,.T.);
#9468=ORIENTED_EDGE('',*,*,#7026,.T.);
#9469=ORIENTED_EDGE('',*,*,#7036,.T.);
#9470=ORIENTED_EDGE('',*,*,#7037,.T.);
#9471=ORIENTED_EDGE('',*,*,#7038,.F.);
#9472=ORIENTED_EDGE('',*,*,#7039,.F.);
#9473=ORIENTED_EDGE('',*,*,#7040,.T.);
#9474=ORIENTED_EDGE('',*,*,#7029,.T.);
#9475=ORIENTED_EDGE('',*,*,#7041,.F.);
#9476=ORIENTED_EDGE('',*,*,#7042,.F.);
#9477=ORIENTED_EDGE('',*,*,#7036,.F.);
#9478=ORIENTED_EDGE('',*,*,#7020,.T.);
#9479=ORIENTED_EDGE('',*,*,#7043,.F.);
#9480=ORIENTED_EDGE('',*,*,#7044,.F.);
#9481=ORIENTED_EDGE('',*,*,#7045,.F.);
#9482=ORIENTED_EDGE('',*,*,#7046,.T.);
#9483=ORIENTED_EDGE('',*,*,#7047,.F.);
#9484=ORIENTED_EDGE('',*,*,#7046,.F.);
#9485=ORIENTED_EDGE('',*,*,#7048,.F.);
#9486=ORIENTED_EDGE('',*,*,#7049,.T.);
#9487=ORIENTED_EDGE('',*,*,#7050,.F.);
#9488=ORIENTED_EDGE('',*,*,#7049,.F.);
#9489=ORIENTED_EDGE('',*,*,#7051,.F.);
#9490=ORIENTED_EDGE('',*,*,#7052,.T.);
#9491=ORIENTED_EDGE('',*,*,#7053,.F.);
#9492=ORIENTED_EDGE('',*,*,#7052,.F.);
#9493=ORIENTED_EDGE('',*,*,#7054,.F.);
#9494=ORIENTED_EDGE('',*,*,#7044,.T.);
#9495=ORIENTED_EDGE('',*,*,#7048,.T.);
#9496=ORIENTED_EDGE('',*,*,#7045,.T.);
#9497=ORIENTED_EDGE('',*,*,#7054,.T.);
#9498=ORIENTED_EDGE('',*,*,#7051,.T.);
#9499=ORIENTED_EDGE('',*,*,#7022,.T.);
#9500=ORIENTED_EDGE('',*,*,#7025,.T.);
#9501=ORIENTED_EDGE('',*,*,#7055,.T.);
#9502=ORIENTED_EDGE('',*,*,#7039,.T.);
#9503=ORIENTED_EDGE('',*,*,#7056,.F.);
#9504=ORIENTED_EDGE('',*,*,#7057,.F.);
#9505=ORIENTED_EDGE('',*,*,#7035,.T.);
#9506=ORIENTED_EDGE('',*,*,#7058,.T.);
#9507=ORIENTED_EDGE('',*,*,#7057,.T.);
#9508=ORIENTED_EDGE('',*,*,#7059,.F.);
#9509=ORIENTED_EDGE('',*,*,#7060,.F.);
#9510=ORIENTED_EDGE('',*,*,#7041,.T.);
#9511=ORIENTED_EDGE('',*,*,#7028,.T.);
#9512=ORIENTED_EDGE('',*,*,#7032,.T.);
#9513=ORIENTED_EDGE('',*,*,#7042,.T.);
#9514=ORIENTED_EDGE('',*,*,#7060,.T.);
#9515=ORIENTED_EDGE('',*,*,#7061,.F.);
#9516=ORIENTED_EDGE('',*,*,#7037,.F.);
#9517=ORIENTED_EDGE('',*,*,#7061,.T.);
#9518=ORIENTED_EDGE('',*,*,#7059,.T.);
#9519=ORIENTED_EDGE('',*,*,#7056,.T.);
#9520=ORIENTED_EDGE('',*,*,#7038,.T.);
#9521=ORIENTED_EDGE('',*,*,#7050,.T.);
#9522=ORIENTED_EDGE('',*,*,#7053,.T.);
#9523=ORIENTED_EDGE('',*,*,#7043,.T.);
#9524=ORIENTED_EDGE('',*,*,#7047,.T.);
#9525=ORIENTED_EDGE('',*,*,#7034,.T.);
#9526=ORIENTED_EDGE('',*,*,#7040,.F.);
#9527=ORIENTED_EDGE('',*,*,#7055,.F.);
#9528=ORIENTED_EDGE('',*,*,#7058,.F.);
#9529=ORIENTED_EDGE('',*,*,#7023,.T.);
#9530=ORIENTED_EDGE('',*,*,#7062,.F.);
#9531=ORIENTED_EDGE('',*,*,#7063,.T.);
#9532=ORIENTED_EDGE('',*,*,#7064,.F.);
#9533=ORIENTED_EDGE('',*,*,#7063,.F.);
#9534=ORIENTED_EDGE('',*,*,#7065,.F.);
#9535=ORIENTED_EDGE('',*,*,#7066,.T.);
#9536=ORIENTED_EDGE('',*,*,#7067,.F.);
#9537=ORIENTED_EDGE('',*,*,#7066,.F.);
#9538=ORIENTED_EDGE('',*,*,#7068,.F.);
#9539=ORIENTED_EDGE('',*,*,#7069,.T.);
#9540=ORIENTED_EDGE('',*,*,#7070,.F.);
#9541=ORIENTED_EDGE('',*,*,#7071,.F.);
#9542=ORIENTED_EDGE('',*,*,#7072,.F.);
#9543=ORIENTED_EDGE('',*,*,#7073,.F.);
#9544=ORIENTED_EDGE('',*,*,#7074,.F.);
#9545=ORIENTED_EDGE('',*,*,#7075,.T.);
#9546=ORIENTED_EDGE('',*,*,#7076,.F.);
#9547=ORIENTED_EDGE('',*,*,#7075,.F.);
#9548=ORIENTED_EDGE('',*,*,#7077,.F.);
#9549=ORIENTED_EDGE('',*,*,#7069,.F.);
#9550=ORIENTED_EDGE('',*,*,#7070,.T.);
#9551=ORIENTED_EDGE('',*,*,#7077,.T.);
#9552=ORIENTED_EDGE('',*,*,#7074,.T.);
#9553=ORIENTED_EDGE('',*,*,#7078,.T.);
#9554=ORIENTED_EDGE('',*,*,#7079,.T.);
#9555=ORIENTED_EDGE('',*,*,#7080,.F.);
#9556=ORIENTED_EDGE('',*,*,#7081,.F.);
#9557=ORIENTED_EDGE('',*,*,#7082,.T.);
#9558=ORIENTED_EDGE('',*,*,#7073,.T.);
#9559=ORIENTED_EDGE('',*,*,#7083,.F.);
#9560=ORIENTED_EDGE('',*,*,#7084,.F.);
#9561=ORIENTED_EDGE('',*,*,#7078,.F.);
#9562=ORIENTED_EDGE('',*,*,#7062,.T.);
#9563=ORIENTED_EDGE('',*,*,#7071,.T.);
#9564=ORIENTED_EDGE('',*,*,#7082,.F.);
#9565=ORIENTED_EDGE('',*,*,#7085,.F.);
#9566=ORIENTED_EDGE('',*,*,#7086,.F.);
#9567=ORIENTED_EDGE('',*,*,#7065,.T.);
#9568=ORIENTED_EDGE('',*,*,#7087,.F.);
#9569=ORIENTED_EDGE('',*,*,#7088,.F.);
#9570=ORIENTED_EDGE('',*,*,#7089,.F.);
#9571=ORIENTED_EDGE('',*,*,#7090,.T.);
#9572=ORIENTED_EDGE('',*,*,#7091,.F.);
#9573=ORIENTED_EDGE('',*,*,#7090,.F.);
#9574=ORIENTED_EDGE('',*,*,#7092,.F.);
#9575=ORIENTED_EDGE('',*,*,#7093,.T.);
#9576=ORIENTED_EDGE('',*,*,#7094,.F.);
#9577=ORIENTED_EDGE('',*,*,#7093,.F.);
#9578=ORIENTED_EDGE('',*,*,#7095,.F.);
#9579=ORIENTED_EDGE('',*,*,#7096,.T.);
#9580=ORIENTED_EDGE('',*,*,#7097,.F.);
#9581=ORIENTED_EDGE('',*,*,#7096,.F.);
#9582=ORIENTED_EDGE('',*,*,#7098,.F.);
#9583=ORIENTED_EDGE('',*,*,#7088,.T.);
#9584=ORIENTED_EDGE('',*,*,#7092,.T.);
#9585=ORIENTED_EDGE('',*,*,#7089,.T.);
#9586=ORIENTED_EDGE('',*,*,#7098,.T.);
#9587=ORIENTED_EDGE('',*,*,#7095,.T.);
#9588=ORIENTED_EDGE('',*,*,#7064,.T.);
#9589=ORIENTED_EDGE('',*,*,#7067,.T.);
#9590=ORIENTED_EDGE('',*,*,#7085,.T.);
#9591=ORIENTED_EDGE('',*,*,#7081,.T.);
#9592=ORIENTED_EDGE('',*,*,#7099,.F.);
#9593=ORIENTED_EDGE('',*,*,#7100,.F.);
#9594=ORIENTED_EDGE('',*,*,#7068,.T.);
#9595=ORIENTED_EDGE('',*,*,#7086,.T.);
#9596=ORIENTED_EDGE('',*,*,#7100,.T.);
#9597=ORIENTED_EDGE('',*,*,#7101,.F.);
#9598=ORIENTED_EDGE('',*,*,#7102,.F.);
#9599=ORIENTED_EDGE('',*,*,#7083,.T.);
#9600=ORIENTED_EDGE('',*,*,#7072,.T.);
#9601=ORIENTED_EDGE('',*,*,#7076,.T.);
#9602=ORIENTED_EDGE('',*,*,#7084,.T.);
#9603=ORIENTED_EDGE('',*,*,#7102,.T.);
#9604=ORIENTED_EDGE('',*,*,#7103,.F.);
#9605=ORIENTED_EDGE('',*,*,#7079,.F.);
#9606=ORIENTED_EDGE('',*,*,#7080,.T.);
#9607=ORIENTED_EDGE('',*,*,#7103,.T.);
#9608=ORIENTED_EDGE('',*,*,#7101,.T.);
#9609=ORIENTED_EDGE('',*,*,#7099,.T.);
#9610=ORIENTED_EDGE('',*,*,#7094,.T.);
#9611=ORIENTED_EDGE('',*,*,#7097,.T.);
#9612=ORIENTED_EDGE('',*,*,#7087,.T.);
#9613=ORIENTED_EDGE('',*,*,#7091,.T.);
#9614=ORIENTED_EDGE('',*,*,#7104,.F.);
#9615=ORIENTED_EDGE('',*,*,#7105,.T.);
#9616=ORIENTED_EDGE('',*,*,#7106,.F.);
#9617=ORIENTED_EDGE('',*,*,#7105,.F.);
#9618=ORIENTED_EDGE('',*,*,#7107,.F.);
#9619=ORIENTED_EDGE('',*,*,#7108,.T.);
#9620=ORIENTED_EDGE('',*,*,#7109,.F.);
#9621=ORIENTED_EDGE('',*,*,#7108,.F.);
#9622=ORIENTED_EDGE('',*,*,#7110,.F.);
#9623=ORIENTED_EDGE('',*,*,#7111,.T.);
#9624=ORIENTED_EDGE('',*,*,#7112,.F.);
#9625=ORIENTED_EDGE('',*,*,#7113,.F.);
#9626=ORIENTED_EDGE('',*,*,#7114,.F.);
#9627=ORIENTED_EDGE('',*,*,#7115,.F.);
#9628=ORIENTED_EDGE('',*,*,#7116,.F.);
#9629=ORIENTED_EDGE('',*,*,#7117,.T.);
#9630=ORIENTED_EDGE('',*,*,#7118,.F.);
#9631=ORIENTED_EDGE('',*,*,#7117,.F.);
#9632=ORIENTED_EDGE('',*,*,#7119,.F.);
#9633=ORIENTED_EDGE('',*,*,#7111,.F.);
#9634=ORIENTED_EDGE('',*,*,#7112,.T.);
#9635=ORIENTED_EDGE('',*,*,#7119,.T.);
#9636=ORIENTED_EDGE('',*,*,#7116,.T.);
#9637=ORIENTED_EDGE('',*,*,#7120,.T.);
#9638=ORIENTED_EDGE('',*,*,#7121,.T.);
#9639=ORIENTED_EDGE('',*,*,#7122,.F.);
#9640=ORIENTED_EDGE('',*,*,#7123,.F.);
#9641=ORIENTED_EDGE('',*,*,#7124,.T.);
#9642=ORIENTED_EDGE('',*,*,#7115,.T.);
#9643=ORIENTED_EDGE('',*,*,#7125,.F.);
#9644=ORIENTED_EDGE('',*,*,#7126,.F.);
#9645=ORIENTED_EDGE('',*,*,#7120,.F.);
#9646=ORIENTED_EDGE('',*,*,#7104,.T.);
#9647=ORIENTED_EDGE('',*,*,#7113,.T.);
#9648=ORIENTED_EDGE('',*,*,#7124,.F.);
#9649=ORIENTED_EDGE('',*,*,#7127,.F.);
#9650=ORIENTED_EDGE('',*,*,#7128,.F.);
#9651=ORIENTED_EDGE('',*,*,#7107,.T.);
#9652=ORIENTED_EDGE('',*,*,#7129,.F.);
#9653=ORIENTED_EDGE('',*,*,#7130,.F.);
#9654=ORIENTED_EDGE('',*,*,#7131,.F.);
#9655=ORIENTED_EDGE('',*,*,#7132,.T.);
#9656=ORIENTED_EDGE('',*,*,#7133,.F.);
#9657=ORIENTED_EDGE('',*,*,#7132,.F.);
#9658=ORIENTED_EDGE('',*,*,#7134,.F.);
#9659=ORIENTED_EDGE('',*,*,#7135,.T.);
#9660=ORIENTED_EDGE('',*,*,#7136,.F.);
#9661=ORIENTED_EDGE('',*,*,#7135,.F.);
#9662=ORIENTED_EDGE('',*,*,#7137,.F.);
#9663=ORIENTED_EDGE('',*,*,#7138,.T.);
#9664=ORIENTED_EDGE('',*,*,#7139,.F.);
#9665=ORIENTED_EDGE('',*,*,#7138,.F.);
#9666=ORIENTED_EDGE('',*,*,#7140,.F.);
#9667=ORIENTED_EDGE('',*,*,#7130,.T.);
#9668=ORIENTED_EDGE('',*,*,#7134,.T.);
#9669=ORIENTED_EDGE('',*,*,#7131,.T.);
#9670=ORIENTED_EDGE('',*,*,#7140,.T.);
#9671=ORIENTED_EDGE('',*,*,#7137,.T.);
#9672=ORIENTED_EDGE('',*,*,#7106,.T.);
#9673=ORIENTED_EDGE('',*,*,#7109,.T.);
#9674=ORIENTED_EDGE('',*,*,#7127,.T.);
#9675=ORIENTED_EDGE('',*,*,#7123,.T.);
#9676=ORIENTED_EDGE('',*,*,#7141,.F.);
#9677=ORIENTED_EDGE('',*,*,#7142,.F.);
#9678=ORIENTED_EDGE('',*,*,#7110,.T.);
#9679=ORIENTED_EDGE('',*,*,#7128,.T.);
#9680=ORIENTED_EDGE('',*,*,#7142,.T.);
#9681=ORIENTED_EDGE('',*,*,#7143,.F.);
#9682=ORIENTED_EDGE('',*,*,#7144,.F.);
#9683=ORIENTED_EDGE('',*,*,#7125,.T.);
#9684=ORIENTED_EDGE('',*,*,#7114,.T.);
#9685=ORIENTED_EDGE('',*,*,#7118,.T.);
#9686=ORIENTED_EDGE('',*,*,#7126,.T.);
#9687=ORIENTED_EDGE('',*,*,#7144,.T.);
#9688=ORIENTED_EDGE('',*,*,#7145,.F.);
#9689=ORIENTED_EDGE('',*,*,#7121,.F.);
#9690=ORIENTED_EDGE('',*,*,#7122,.T.);
#9691=ORIENTED_EDGE('',*,*,#7145,.T.);
#9692=ORIENTED_EDGE('',*,*,#7143,.T.);
#9693=ORIENTED_EDGE('',*,*,#7141,.T.);
#9694=ORIENTED_EDGE('',*,*,#7136,.T.);
#9695=ORIENTED_EDGE('',*,*,#7139,.T.);
#9696=ORIENTED_EDGE('',*,*,#7129,.T.);
#9697=ORIENTED_EDGE('',*,*,#7133,.T.);
#9698=ORIENTED_EDGE('',*,*,#7146,.F.);
#9699=ORIENTED_EDGE('',*,*,#7147,.T.);
#9700=ORIENTED_EDGE('',*,*,#7148,.F.);
#9701=ORIENTED_EDGE('',*,*,#7147,.F.);
#9702=ORIENTED_EDGE('',*,*,#7149,.F.);
#9703=ORIENTED_EDGE('',*,*,#7150,.T.);
#9704=ORIENTED_EDGE('',*,*,#7151,.F.);
#9705=ORIENTED_EDGE('',*,*,#7150,.F.);
#9706=ORIENTED_EDGE('',*,*,#7152,.F.);
#9707=ORIENTED_EDGE('',*,*,#7153,.T.);
#9708=ORIENTED_EDGE('',*,*,#7154,.F.);
#9709=ORIENTED_EDGE('',*,*,#7155,.F.);
#9710=ORIENTED_EDGE('',*,*,#7156,.F.);
#9711=ORIENTED_EDGE('',*,*,#7157,.F.);
#9712=ORIENTED_EDGE('',*,*,#7158,.F.);
#9713=ORIENTED_EDGE('',*,*,#7153,.F.);
#9714=ORIENTED_EDGE('',*,*,#7159,.F.);
#9715=ORIENTED_EDGE('',*,*,#7160,.F.);
#9716=ORIENTED_EDGE('',*,*,#7161,.F.);
#9717=ORIENTED_EDGE('',*,*,#7157,.T.);
#9718=ORIENTED_EDGE('',*,*,#7159,.T.);
#9719=ORIENTED_EDGE('',*,*,#7156,.T.);
#9720=ORIENTED_EDGE('',*,*,#7152,.T.);
#9721=ORIENTED_EDGE('',*,*,#7162,.T.);
#9722=ORIENTED_EDGE('',*,*,#7163,.T.);
#9723=ORIENTED_EDGE('',*,*,#7164,.F.);
#9724=ORIENTED_EDGE('',*,*,#7165,.F.);
#9725=ORIENTED_EDGE('',*,*,#7166,.T.);
#9726=ORIENTED_EDGE('',*,*,#7155,.T.);
#9727=ORIENTED_EDGE('',*,*,#7167,.F.);
#9728=ORIENTED_EDGE('',*,*,#7168,.F.);
#9729=ORIENTED_EDGE('',*,*,#7162,.F.);
#9730=ORIENTED_EDGE('',*,*,#7146,.T.);
#9731=ORIENTED_EDGE('',*,*,#7169,.F.);
#9732=ORIENTED_EDGE('',*,*,#7170,.F.);
#9733=ORIENTED_EDGE('',*,*,#7171,.F.);
#9734=ORIENTED_EDGE('',*,*,#7172,.T.);
#9735=ORIENTED_EDGE('',*,*,#7173,.F.);
#9736=ORIENTED_EDGE('',*,*,#7172,.F.);
#9737=ORIENTED_EDGE('',*,*,#7174,.F.);
#9738=ORIENTED_EDGE('',*,*,#7175,.T.);
#9739=ORIENTED_EDGE('',*,*,#7176,.F.);
#9740=ORIENTED_EDGE('',*,*,#7175,.F.);
#9741=ORIENTED_EDGE('',*,*,#7177,.F.);
#9742=ORIENTED_EDGE('',*,*,#7178,.T.);
#9743=ORIENTED_EDGE('',*,*,#7179,.F.);
#9744=ORIENTED_EDGE('',*,*,#7178,.F.);
#9745=ORIENTED_EDGE('',*,*,#7180,.F.);
#9746=ORIENTED_EDGE('',*,*,#7170,.T.);
#9747=ORIENTED_EDGE('',*,*,#7174,.T.);
#9748=ORIENTED_EDGE('',*,*,#7171,.T.);
#9749=ORIENTED_EDGE('',*,*,#7180,.T.);
#9750=ORIENTED_EDGE('',*,*,#7177,.T.);
#9751=ORIENTED_EDGE('',*,*,#7148,.T.);
#9752=ORIENTED_EDGE('',*,*,#7151,.T.);
#9753=ORIENTED_EDGE('',*,*,#7181,.T.);
#9754=ORIENTED_EDGE('',*,*,#7165,.T.);
#9755=ORIENTED_EDGE('',*,*,#7182,.F.);
#9756=ORIENTED_EDGE('',*,*,#7183,.F.);
#9757=ORIENTED_EDGE('',*,*,#7161,.T.);
#9758=ORIENTED_EDGE('',*,*,#7184,.T.);
#9759=ORIENTED_EDGE('',*,*,#7183,.T.);
#9760=ORIENTED_EDGE('',*,*,#7185,.F.);
#9761=ORIENTED_EDGE('',*,*,#7186,.F.);
#9762=ORIENTED_EDGE('',*,*,#7167,.T.);
#9763=ORIENTED_EDGE('',*,*,#7154,.T.);
#9764=ORIENTED_EDGE('',*,*,#7158,.T.);
#9765=ORIENTED_EDGE('',*,*,#7168,.T.);
#9766=ORIENTED_EDGE('',*,*,#7186,.T.);
#9767=ORIENTED_EDGE('',*,*,#7187,.F.);
#9768=ORIENTED_EDGE('',*,*,#7163,.F.);
#9769=ORIENTED_EDGE('',*,*,#7187,.T.);
#9770=ORIENTED_EDGE('',*,*,#7185,.T.);
#9771=ORIENTED_EDGE('',*,*,#7182,.T.);
#9772=ORIENTED_EDGE('',*,*,#7164,.T.);
#9773=ORIENTED_EDGE('',*,*,#7176,.T.);
#9774=ORIENTED_EDGE('',*,*,#7179,.T.);
#9775=ORIENTED_EDGE('',*,*,#7169,.T.);
#9776=ORIENTED_EDGE('',*,*,#7173,.T.);
#9777=ORIENTED_EDGE('',*,*,#7160,.T.);
#9778=ORIENTED_EDGE('',*,*,#7166,.F.);
#9779=ORIENTED_EDGE('',*,*,#7181,.F.);
#9780=ORIENTED_EDGE('',*,*,#7184,.F.);
#9781=ORIENTED_EDGE('',*,*,#7149,.T.);
#9782=ORIENTED_EDGE('',*,*,#7188,.F.);
#9783=ORIENTED_EDGE('',*,*,#7189,.T.);
#9784=ORIENTED_EDGE('',*,*,#7190,.F.);
#9785=ORIENTED_EDGE('',*,*,#7189,.F.);
#9786=ORIENTED_EDGE('',*,*,#7191,.F.);
#9787=ORIENTED_EDGE('',*,*,#7192,.T.);
#9788=ORIENTED_EDGE('',*,*,#7193,.F.);
#9789=ORIENTED_EDGE('',*,*,#7192,.F.);
#9790=ORIENTED_EDGE('',*,*,#7194,.F.);
#9791=ORIENTED_EDGE('',*,*,#7195,.T.);
#9792=ORIENTED_EDGE('',*,*,#7196,.F.);
#9793=ORIENTED_EDGE('',*,*,#7197,.F.);
#9794=ORIENTED_EDGE('',*,*,#7198,.F.);
#9795=ORIENTED_EDGE('',*,*,#7199,.F.);
#9796=ORIENTED_EDGE('',*,*,#7200,.F.);
#9797=ORIENTED_EDGE('',*,*,#7201,.T.);
#9798=ORIENTED_EDGE('',*,*,#7202,.F.);
#9799=ORIENTED_EDGE('',*,*,#7201,.F.);
#9800=ORIENTED_EDGE('',*,*,#7203,.F.);
#9801=ORIENTED_EDGE('',*,*,#7195,.F.);
#9802=ORIENTED_EDGE('',*,*,#7196,.T.);
#9803=ORIENTED_EDGE('',*,*,#7203,.T.);
#9804=ORIENTED_EDGE('',*,*,#7200,.T.);
#9805=ORIENTED_EDGE('',*,*,#7204,.T.);
#9806=ORIENTED_EDGE('',*,*,#7205,.T.);
#9807=ORIENTED_EDGE('',*,*,#7206,.F.);
#9808=ORIENTED_EDGE('',*,*,#7207,.F.);
#9809=ORIENTED_EDGE('',*,*,#7208,.T.);
#9810=ORIENTED_EDGE('',*,*,#7199,.T.);
#9811=ORIENTED_EDGE('',*,*,#7209,.F.);
#9812=ORIENTED_EDGE('',*,*,#7210,.F.);
#9813=ORIENTED_EDGE('',*,*,#7204,.F.);
#9814=ORIENTED_EDGE('',*,*,#7188,.T.);
#9815=ORIENTED_EDGE('',*,*,#7197,.T.);
#9816=ORIENTED_EDGE('',*,*,#7208,.F.);
#9817=ORIENTED_EDGE('',*,*,#7211,.F.);
#9818=ORIENTED_EDGE('',*,*,#7212,.F.);
#9819=ORIENTED_EDGE('',*,*,#7191,.T.);
#9820=ORIENTED_EDGE('',*,*,#7213,.F.);
#9821=ORIENTED_EDGE('',*,*,#7214,.F.);
#9822=ORIENTED_EDGE('',*,*,#7215,.F.);
#9823=ORIENTED_EDGE('',*,*,#7216,.T.);
#9824=ORIENTED_EDGE('',*,*,#7217,.F.);
#9825=ORIENTED_EDGE('',*,*,#7216,.F.);
#9826=ORIENTED_EDGE('',*,*,#7218,.F.);
#9827=ORIENTED_EDGE('',*,*,#7219,.T.);
#9828=ORIENTED_EDGE('',*,*,#7220,.F.);
#9829=ORIENTED_EDGE('',*,*,#7219,.F.);
#9830=ORIENTED_EDGE('',*,*,#7221,.F.);
#9831=ORIENTED_EDGE('',*,*,#7222,.T.);
#9832=ORIENTED_EDGE('',*,*,#7223,.F.);
#9833=ORIENTED_EDGE('',*,*,#7222,.F.);
#9834=ORIENTED_EDGE('',*,*,#7224,.F.);
#9835=ORIENTED_EDGE('',*,*,#7214,.T.);
#9836=ORIENTED_EDGE('',*,*,#7218,.T.);
#9837=ORIENTED_EDGE('',*,*,#7215,.T.);
#9838=ORIENTED_EDGE('',*,*,#7224,.T.);
#9839=ORIENTED_EDGE('',*,*,#7221,.T.);
#9840=ORIENTED_EDGE('',*,*,#7190,.T.);
#9841=ORIENTED_EDGE('',*,*,#7193,.T.);
#9842=ORIENTED_EDGE('',*,*,#7211,.T.);
#9843=ORIENTED_EDGE('',*,*,#7207,.T.);
#9844=ORIENTED_EDGE('',*,*,#7225,.F.);
#9845=ORIENTED_EDGE('',*,*,#7226,.F.);
#9846=ORIENTED_EDGE('',*,*,#7194,.T.);
#9847=ORIENTED_EDGE('',*,*,#7212,.T.);
#9848=ORIENTED_EDGE('',*,*,#7226,.T.);
#9849=ORIENTED_EDGE('',*,*,#7227,.F.);
#9850=ORIENTED_EDGE('',*,*,#7228,.F.);
#9851=ORIENTED_EDGE('',*,*,#7209,.T.);
#9852=ORIENTED_EDGE('',*,*,#7198,.T.);
#9853=ORIENTED_EDGE('',*,*,#7202,.T.);
#9854=ORIENTED_EDGE('',*,*,#7210,.T.);
#9855=ORIENTED_EDGE('',*,*,#7228,.T.);
#9856=ORIENTED_EDGE('',*,*,#7229,.F.);
#9857=ORIENTED_EDGE('',*,*,#7205,.F.);
#9858=ORIENTED_EDGE('',*,*,#7206,.T.);
#9859=ORIENTED_EDGE('',*,*,#7229,.T.);
#9860=ORIENTED_EDGE('',*,*,#7227,.T.);
#9861=ORIENTED_EDGE('',*,*,#7225,.T.);
#9862=ORIENTED_EDGE('',*,*,#7220,.T.);
#9863=ORIENTED_EDGE('',*,*,#7223,.T.);
#9864=ORIENTED_EDGE('',*,*,#7213,.T.);
#9865=ORIENTED_EDGE('',*,*,#7217,.T.);
#9866=ORIENTED_EDGE('',*,*,#7230,.F.);
#9867=ORIENTED_EDGE('',*,*,#7231,.T.);
#9868=ORIENTED_EDGE('',*,*,#7232,.F.);
#9869=ORIENTED_EDGE('',*,*,#7231,.F.);
#9870=ORIENTED_EDGE('',*,*,#7233,.F.);
#9871=ORIENTED_EDGE('',*,*,#7234,.T.);
#9872=ORIENTED_EDGE('',*,*,#7235,.F.);
#9873=ORIENTED_EDGE('',*,*,#7234,.F.);
#9874=ORIENTED_EDGE('',*,*,#7236,.F.);
#9875=ORIENTED_EDGE('',*,*,#7237,.T.);
#9876=ORIENTED_EDGE('',*,*,#7238,.T.);
#9877=ORIENTED_EDGE('',*,*,#7237,.F.);
#9878=ORIENTED_EDGE('',*,*,#7238,.F.);
#9879=ORIENTED_EDGE('',*,*,#7239,.F.);
#9880=ORIENTED_EDGE('',*,*,#7240,.T.);
#9881=ORIENTED_EDGE('',*,*,#7241,.T.);
#9882=ORIENTED_EDGE('',*,*,#7240,.F.);
#9883=ORIENTED_EDGE('',*,*,#7241,.F.);
#9884=ORIENTED_EDGE('',*,*,#7242,.F.);
#9885=ORIENTED_EDGE('',*,*,#7243,.T.);
#9886=ORIENTED_EDGE('',*,*,#7244,.T.);
#9887=ORIENTED_EDGE('',*,*,#7243,.F.);
#9888=ORIENTED_EDGE('',*,*,#7244,.F.);
#9889=ORIENTED_EDGE('',*,*,#7245,.F.);
#9890=ORIENTED_EDGE('',*,*,#7246,.T.);
#9891=ORIENTED_EDGE('',*,*,#7247,.T.);
#9892=ORIENTED_EDGE('',*,*,#7246,.F.);
#9893=ORIENTED_EDGE('',*,*,#7247,.F.);
#9894=ORIENTED_EDGE('',*,*,#7248,.F.);
#9895=ORIENTED_EDGE('',*,*,#7249,.F.);
#9896=ORIENTED_EDGE('',*,*,#7250,.F.);
#9897=ORIENTED_EDGE('',*,*,#7251,.T.);
#9898=ORIENTED_EDGE('',*,*,#7252,.F.);
#9899=ORIENTED_EDGE('',*,*,#7251,.F.);
#9900=ORIENTED_EDGE('',*,*,#7253,.F.);
#9901=ORIENTED_EDGE('',*,*,#7254,.T.);
#9902=ORIENTED_EDGE('',*,*,#7255,.F.);
#9903=ORIENTED_EDGE('',*,*,#7254,.F.);
#9904=ORIENTED_EDGE('',*,*,#7256,.F.);
#9905=ORIENTED_EDGE('',*,*,#7257,.T.);
#9906=ORIENTED_EDGE('',*,*,#7258,.F.);
#9907=ORIENTED_EDGE('',*,*,#7257,.F.);
#9908=ORIENTED_EDGE('',*,*,#7259,.F.);
#9909=ORIENTED_EDGE('',*,*,#7249,.T.);
#9910=ORIENTED_EDGE('',*,*,#7260,.F.);
#9911=ORIENTED_EDGE('',*,*,#7261,.T.);
#9912=ORIENTED_EDGE('',*,*,#7262,.F.);
#9913=ORIENTED_EDGE('',*,*,#7261,.F.);
#9914=ORIENTED_EDGE('',*,*,#7260,.T.);
#9915=ORIENTED_EDGE('',*,*,#7245,.T.);
#9916=ORIENTED_EDGE('',*,*,#7263,.F.);
#9917=ORIENTED_EDGE('',*,*,#7264,.T.);
#9918=ORIENTED_EDGE('',*,*,#7265,.F.);
#9919=ORIENTED_EDGE('',*,*,#7264,.F.);
#9920=ORIENTED_EDGE('',*,*,#7263,.T.);
#9921=ORIENTED_EDGE('',*,*,#7242,.T.);
#9922=ORIENTED_EDGE('',*,*,#7266,.F.);
#9923=ORIENTED_EDGE('',*,*,#7267,.T.);
#9924=ORIENTED_EDGE('',*,*,#7268,.F.);
#9925=ORIENTED_EDGE('',*,*,#7267,.F.);
#9926=ORIENTED_EDGE('',*,*,#7266,.T.);
#9927=ORIENTED_EDGE('',*,*,#7239,.T.);
#9928=ORIENTED_EDGE('',*,*,#7269,.F.);
#9929=ORIENTED_EDGE('',*,*,#7270,.T.);
#9930=ORIENTED_EDGE('',*,*,#7271,.F.);
#9931=ORIENTED_EDGE('',*,*,#7270,.F.);
#9932=ORIENTED_EDGE('',*,*,#7269,.T.);
#9933=ORIENTED_EDGE('',*,*,#7236,.T.);
#9934=ORIENTED_EDGE('',*,*,#7272,.T.);
#9935=ORIENTED_EDGE('',*,*,#7273,.T.);
#9936=ORIENTED_EDGE('',*,*,#7274,.F.);
#9937=ORIENTED_EDGE('',*,*,#7275,.F.);
#9938=ORIENTED_EDGE('',*,*,#7276,.T.);
#9939=ORIENTED_EDGE('',*,*,#7275,.T.);
#9940=ORIENTED_EDGE('',*,*,#7277,.F.);
#9941=ORIENTED_EDGE('',*,*,#7278,.F.);
#9942=ORIENTED_EDGE('',*,*,#7279,.T.);
#9943=ORIENTED_EDGE('',*,*,#7278,.T.);
#9944=ORIENTED_EDGE('',*,*,#7280,.F.);
#9945=ORIENTED_EDGE('',*,*,#7281,.F.);
#9946=ORIENTED_EDGE('',*,*,#7282,.T.);
#9947=ORIENTED_EDGE('',*,*,#7281,.T.);
#9948=ORIENTED_EDGE('',*,*,#7283,.F.);
#9949=ORIENTED_EDGE('',*,*,#7273,.F.);
#9950=ORIENTED_EDGE('',*,*,#7283,.T.);
#9951=ORIENTED_EDGE('',*,*,#7280,.T.);
#9952=ORIENTED_EDGE('',*,*,#7277,.T.);
#9953=ORIENTED_EDGE('',*,*,#7274,.T.);
#9954=ORIENTED_EDGE('',*,*,#7271,.T.);
#9955=ORIENTED_EDGE('',*,*,#7268,.T.);
#9956=ORIENTED_EDGE('',*,*,#7265,.T.);
#9957=ORIENTED_EDGE('',*,*,#7262,.T.);
#9958=ORIENTED_EDGE('',*,*,#7255,.T.);
#9959=ORIENTED_EDGE('',*,*,#7258,.T.);
#9960=ORIENTED_EDGE('',*,*,#7248,.T.);
#9961=ORIENTED_EDGE('',*,*,#7252,.T.);
#9962=ORIENTED_EDGE('',*,*,#7235,.T.);
#9963=ORIENTED_EDGE('',*,*,#7232,.T.);
#9964=ORIENTED_EDGE('',*,*,#7282,.F.);
#9965=ORIENTED_EDGE('',*,*,#7272,.F.);
#9966=ORIENTED_EDGE('',*,*,#7276,.F.);
#9967=ORIENTED_EDGE('',*,*,#7279,.F.);
#9968=ORIENTED_EDGE('',*,*,#7230,.T.);
#9969=ORIENTED_EDGE('',*,*,#7233,.T.);
#9970=ORIENTED_EDGE('',*,*,#7256,.T.);
#9971=ORIENTED_EDGE('',*,*,#7253,.T.);
#9972=ORIENTED_EDGE('',*,*,#7250,.T.);
#9973=ORIENTED_EDGE('',*,*,#7259,.T.);
#9974=ORIENTED_EDGE('',*,*,#7284,.F.);
#9975=ORIENTED_EDGE('',*,*,#7285,.T.);
#9976=ORIENTED_EDGE('',*,*,#7286,.F.);
#9977=ORIENTED_EDGE('',*,*,#7285,.F.);
#9978=ORIENTED_EDGE('',*,*,#7287,.F.);
#9979=ORIENTED_EDGE('',*,*,#7288,.T.);
#9980=ORIENTED_EDGE('',*,*,#7289,.F.);
#9981=ORIENTED_EDGE('',*,*,#7288,.F.);
#9982=ORIENTED_EDGE('',*,*,#7290,.F.);
#9983=ORIENTED_EDGE('',*,*,#7291,.T.);
#9984=ORIENTED_EDGE('',*,*,#7292,.F.);
#9985=ORIENTED_EDGE('',*,*,#7291,.F.);
#9986=ORIENTED_EDGE('',*,*,#7293,.F.);
#9987=ORIENTED_EDGE('',*,*,#7294,.T.);
#9988=ORIENTED_EDGE('',*,*,#7295,.F.);
#9989=ORIENTED_EDGE('',*,*,#7294,.F.);
#9990=ORIENTED_EDGE('',*,*,#7296,.T.);
#9991=ORIENTED_EDGE('',*,*,#7297,.T.);
#9992=ORIENTED_EDGE('',*,*,#7298,.F.);
#9993=ORIENTED_EDGE('',*,*,#7299,.F.);
#9994=ORIENTED_EDGE('',*,*,#7300,.T.);
#9995=ORIENTED_EDGE('',*,*,#7299,.T.);
#9996=ORIENTED_EDGE('',*,*,#7301,.F.);
#9997=ORIENTED_EDGE('',*,*,#7302,.F.);
#9998=ORIENTED_EDGE('',*,*,#7303,.T.);
#9999=ORIENTED_EDGE('',*,*,#7302,.T.);
#10000=ORIENTED_EDGE('',*,*,#7304,.F.);
#10001=ORIENTED_EDGE('',*,*,#7305,.F.);
#10002=ORIENTED_EDGE('',*,*,#7306,.T.);
#10003=ORIENTED_EDGE('',*,*,#7305,.T.);
#10004=ORIENTED_EDGE('',*,*,#7307,.F.);
#10005=ORIENTED_EDGE('',*,*,#7297,.F.);
#10006=ORIENTED_EDGE('',*,*,#7307,.T.);
#10007=ORIENTED_EDGE('',*,*,#7304,.T.);
#10008=ORIENTED_EDGE('',*,*,#7301,.T.);
#10009=ORIENTED_EDGE('',*,*,#7298,.T.);
#10010=ORIENTED_EDGE('',*,*,#7286,.T.);
#10011=ORIENTED_EDGE('',*,*,#7289,.T.);
#10012=ORIENTED_EDGE('',*,*,#7292,.T.);
#10013=ORIENTED_EDGE('',*,*,#7295,.T.);
#10014=ORIENTED_EDGE('',*,*,#7306,.F.);
#10015=ORIENTED_EDGE('',*,*,#7296,.F.);
#10016=ORIENTED_EDGE('',*,*,#7300,.F.);
#10017=ORIENTED_EDGE('',*,*,#7303,.F.);
#10018=ORIENTED_EDGE('',*,*,#7284,.T.);
#10019=ORIENTED_EDGE('',*,*,#7287,.T.);
#10020=ORIENTED_EDGE('',*,*,#7290,.T.);
#10021=ORIENTED_EDGE('',*,*,#7293,.T.);
#10022=CYLINDRICAL_SURFACE('',#11410,1.25);
#10023=CYLINDRICAL_SURFACE('',#11413,1.25);
#10024=CYLINDRICAL_SURFACE('',#11416,1.25);
#10025=CYLINDRICAL_SURFACE('',#11419,1.25);
#10026=CYLINDRICAL_SURFACE('',#11422,1.25);
#10027=CYLINDRICAL_SURFACE('',#11425,1.25);
#10028=CYLINDRICAL_SURFACE('',#11428,1.25);
#10029=CYLINDRICAL_SURFACE('',#11431,1.25);
#10030=CYLINDRICAL_SURFACE('',#11434,1.25);
#10031=CYLINDRICAL_SURFACE('',#11437,1.25);
#10032=CYLINDRICAL_SURFACE('',#11440,1.25);
#10033=CYLINDRICAL_SURFACE('',#11443,1.25);
#10034=CYLINDRICAL_SURFACE('',#11462,1.45);
#10035=CYLINDRICAL_SURFACE('',#11465,1.45);
#10036=CYLINDRICAL_SURFACE('',#11468,1.45);
#10037=CYLINDRICAL_SURFACE('',#11471,1.45);
#10038=CYLINDRICAL_SURFACE('',#11474,1.45);
#10039=CYLINDRICAL_SURFACE('',#11477,1.45);
#10040=CYLINDRICAL_SURFACE('',#11480,1.7);
#10041=CYLINDRICAL_SURFACE('',#11483,1.7);
#10042=CYLINDRICAL_SURFACE('',#11486,1.7);
#10043=CYLINDRICAL_SURFACE('',#11489,1.7);
#10044=CYLINDRICAL_SURFACE('',#11492,1.7);
#10045=CYLINDRICAL_SURFACE('',#11495,1.7);
#10046=CYLINDRICAL_SURFACE('',#11498,1.7);
#10047=CYLINDRICAL_SURFACE('',#11501,1.7);
#10048=CYLINDRICAL_SURFACE('',#11504,1.7);
#10049=CYLINDRICAL_SURFACE('',#11507,1.7);
#10050=CYLINDRICAL_SURFACE('',#11510,1.7);
#10051=CYLINDRICAL_SURFACE('',#11513,1.7);
#10052=CYLINDRICAL_SURFACE('',#11516,1.7);
#10053=CYLINDRICAL_SURFACE('',#11519,1.7);
#10054=CYLINDRICAL_SURFACE('',#11522,1.7);
#10055=CYLINDRICAL_SURFACE('',#11525,1.7);
#10056=CYLINDRICAL_SURFACE('',#11543,1.7);
#10057=CYLINDRICAL_SURFACE('',#11546,1.7);
#10058=CYLINDRICAL_SURFACE('',#11560,1.7);
#10059=CYLINDRICAL_SURFACE('',#11563,1.7);
#10060=CYLINDRICAL_SURFACE('',#11577,3.);
#10061=CYLINDRICAL_SURFACE('',#11580,1.7);
#10062=CYLINDRICAL_SURFACE('',#11583,1.7);
#10063=CYLINDRICAL_SURFACE('',#11586,1.7);
#10064=CYLINDRICAL_SURFACE('',#11589,1.7);
#10065=CYLINDRICAL_SURFACE('',#11592,1.7);
#10066=CYLINDRICAL_SURFACE('',#11595,1.7);
#10067=CYLINDRICAL_SURFACE('',#11607,1.25);
#10068=CYLINDRICAL_SURFACE('',#11615,1.7);
#10069=CYLINDRICAL_SURFACE('',#11617,1.7);
#10070=CYLINDRICAL_SURFACE('',#11627,1.25);
#10071=CYLINDRICAL_SURFACE('',#11635,1.7);
#10072=CYLINDRICAL_SURFACE('',#11637,1.7);
#10073=CYLINDRICAL_SURFACE('',#11645,1.25);
#10074=CYLINDRICAL_SURFACE('',#11646,1.25);
#10075=CYLINDRICAL_SURFACE('',#11650,1.25);
#10076=CYLINDRICAL_SURFACE('',#11654,3.);
#10077=CYLINDRICAL_SURFACE('',#11659,1.25);
#10078=CYLINDRICAL_SURFACE('',#11660,1.25);
#10079=CYLINDRICAL_SURFACE('',#11661,1.25);
#10080=CYLINDRICAL_SURFACE('',#11662,1.25);
#10081=CYLINDRICAL_SURFACE('',#11666,1.25);
#10082=CYLINDRICAL_SURFACE('',#11670,3.);
#10083=CYLINDRICAL_SURFACE('',#11675,1.25);
#10084=CYLINDRICAL_SURFACE('',#11676,1.25);
#10085=CYLINDRICAL_SURFACE('',#11680,1.25);
#10086=CYLINDRICAL_SURFACE('',#11684,3.);
#10087=CYLINDRICAL_SURFACE('',#11689,1.25);
#10088=CYLINDRICAL_SURFACE('',#11690,1.25);
#10089=CYLINDRICAL_SURFACE('',#11694,1.25);
#10090=CYLINDRICAL_SURFACE('',#11698,3.);
#10091=CYLINDRICAL_SURFACE('',#11712,21.);
#10092=CYLINDRICAL_SURFACE('',#11718,21.);
#10093=CYLINDRICAL_SURFACE('',#11724,1.7);
#10094=CYLINDRICAL_SURFACE('',#11727,1.7);
#10095=CYLINDRICAL_SURFACE('',#11737,10.);
#10096=CYLINDRICAL_SURFACE('',#11743,1.7);
#10097=CYLINDRICAL_SURFACE('',#11746,1.7);
#10098=CYLINDRICAL_SURFACE('',#11756,10.);
#10099=CYLINDRICAL_SURFACE('',#11778,1.25);
#10100=CYLINDRICAL_SURFACE('',#11782,1.25);
#10101=CYLINDRICAL_SURFACE('',#11786,1.25);
#10102=CYLINDRICAL_SURFACE('',#11790,1.25);
#10103=CYLINDRICAL_SURFACE('',#11794,1.25);
#10104=CYLINDRICAL_SURFACE('',#11798,1.25);
#10105=CYLINDRICAL_SURFACE('',#11813,1.7);
#10106=CYLINDRICAL_SURFACE('',#11816,1.7);
#10107=CYLINDRICAL_SURFACE('',#11842,1.25);
#10108=CYLINDRICAL_SURFACE('',#11846,1.25);
#10109=CYLINDRICAL_SURFACE('',#11850,1.25);
#10110=CYLINDRICAL_SURFACE('',#11854,1.25);
#10111=CYLINDRICAL_SURFACE('',#11858,1.25);
#10112=CYLINDRICAL_SURFACE('',#11862,1.25);
#10113=CYLINDRICAL_SURFACE('',#11877,1.7);
#10114=CYLINDRICAL_SURFACE('',#11880,1.7);
#10115=CYLINDRICAL_SURFACE('',#11901,2.);
#10116=CYLINDRICAL_SURFACE('',#11907,2.);
#10117=CYLINDRICAL_SURFACE('',#11910,6.5);
#10118=CYLINDRICAL_SURFACE('',#11916,2.);
#10119=CYLINDRICAL_SURFACE('',#11919,6.5);
#10120=CYLINDRICAL_SURFACE('',#11925,13.75);
#10121=CYLINDRICAL_SURFACE('',#11935,1.25);
#10122=CYLINDRICAL_SURFACE('',#11939,1.25);
#10123=CYLINDRICAL_SURFACE('',#11943,1.25);
#10124=CYLINDRICAL_SURFACE('',#11947,1.25);
#10125=CYLINDRICAL_SURFACE('',#11951,14.15);
#10126=CYLINDRICAL_SURFACE('',#11962,2.);
#10127=CYLINDRICAL_SURFACE('',#11965,10.);
#10128=CYLINDRICAL_SURFACE('',#11971,1.585);
#10129=CYLINDRICAL_SURFACE('',#11974,10.);
#10130=CYLINDRICAL_SURFACE('',#11987,2.);
#10131=CYLINDRICAL_SURFACE('',#11990,2.);
#10132=CYLINDRICAL_SURFACE('',#12049,1.3);
#10133=CYLINDRICAL_SURFACE('',#12052,1.3);
#10134=CYLINDRICAL_SURFACE('',#12055,1.3);
#10135=CYLINDRICAL_SURFACE('',#12058,1.3);
#10136=CYLINDRICAL_SURFACE('',#12086,1.);
#10137=CYLINDRICAL_SURFACE('',#12089,0.999999999999996);
#10138=CYLINDRICAL_SURFACE('',#12109,1.7);
#10139=CYLINDRICAL_SURFACE('',#12112,1.7);
#10140=CYLINDRICAL_SURFACE('',#12115,1.7);
#10141=CYLINDRICAL_SURFACE('',#12118,1.7);
#10142=CYLINDRICAL_SURFACE('',#12130,1.45);
#10143=CYLINDRICAL_SURFACE('',#12133,1.45);
#10144=CYLINDRICAL_SURFACE('',#12136,1.45);
#10145=CYLINDRICAL_SURFACE('',#12139,1.45);
#10146=CYLINDRICAL_SURFACE('',#12169,1.05);
#10147=CYLINDRICAL_SURFACE('',#12173,1.05);
#10148=CYLINDRICAL_SURFACE('',#12177,2.5);
#10149=CYLINDRICAL_SURFACE('',#12183,1.05);
#10150=CYLINDRICAL_SURFACE('',#12187,1.05);
#10151=CYLINDRICAL_SURFACE('',#12191,2.5);
#10152=CYLINDRICAL_SURFACE('',#12197,1.05);
#10153=CYLINDRICAL_SURFACE('',#12201,1.05);
#10154=CYLINDRICAL_SURFACE('',#12205,2.5);
#10155=CYLINDRICAL_SURFACE('',#12211,1.05);
#10156=CYLINDRICAL_SURFACE('',#12215,1.05);
#10157=CYLINDRICAL_SURFACE('',#12219,2.5);
#10158=CYLINDRICAL_SURFACE('',#12225,1.05);
#10159=CYLINDRICAL_SURFACE('',#12229,1.05);
#10160=CYLINDRICAL_SURFACE('',#12233,3.);
#10161=CYLINDRICAL_SURFACE('',#12239,1.05);
#10162=CYLINDRICAL_SURFACE('',#12243,1.05);
#10163=CYLINDRICAL_SURFACE('',#12247,3.);
#10164=CYLINDRICAL_SURFACE('',#12253,1.7);
#10165=CYLINDRICAL_SURFACE('',#12256,1.7);
#10166=CYLINDRICAL_SURFACE('',#12275,1.7);
#10167=CYLINDRICAL_SURFACE('',#12278,1.7);
#10168=CYLINDRICAL_SURFACE('',#12297,1.7);
#10169=CYLINDRICAL_SURFACE('',#12300,1.7);
#10170=CYLINDRICAL_SURFACE('',#12319,1.7);
#10171=CYLINDRICAL_SURFACE('',#12322,1.7);
#10172=CYLINDRICAL_SURFACE('',#12341,1.7);
#10173=CYLINDRICAL_SURFACE('',#12344,1.7);
#10174=CYLINDRICAL_SURFACE('',#12363,1.7);
#10175=CYLINDRICAL_SURFACE('',#12366,1.7);
#10176=CYLINDRICAL_SURFACE('',#12369,0.800000000000001);
#10177=CYLINDRICAL_SURFACE('',#12373,0.800000000000001);
#10178=CYLINDRICAL_SURFACE('',#12377,0.800000000000001);
#10179=CYLINDRICAL_SURFACE('',#12381,0.800000000000001);
#10180=CYLINDRICAL_SURFACE('',#12389,2.25);
#10181=CYLINDRICAL_SURFACE('',#12393,2.25);
#10182=CYLINDRICAL_SURFACE('',#12397,2.25);
#10183=CYLINDRICAL_SURFACE('',#12401,2.25);
#10184=CYLINDRICAL_SURFACE('',#12412,1.1);
#10185=CYLINDRICAL_SURFACE('',#12415,1.1);
#10186=CYLINDRICAL_SURFACE('',#12418,1.7);
#10187=CYLINDRICAL_SURFACE('',#12421,1.7);
#10188=ADVANCED_FACE('',(#1196),#10022,.F.);
#10189=ADVANCED_FACE('',(#1197),#10023,.F.);
#10190=ADVANCED_FACE('',(#1198),#10024,.F.);
#10191=ADVANCED_FACE('',(#1199),#10025,.F.);
#10192=ADVANCED_FACE('',(#1200),#10026,.F.);
#10193=ADVANCED_FACE('',(#1201),#10027,.F.);
#10194=ADVANCED_FACE('',(#1202),#10028,.F.);
#10195=ADVANCED_FACE('',(#1203),#10029,.F.);
#10196=ADVANCED_FACE('',(#1204),#10030,.F.);
#10197=ADVANCED_FACE('',(#1205),#10031,.F.);
#10198=ADVANCED_FACE('',(#1206),#10032,.F.);
#10199=ADVANCED_FACE('',(#1207),#10033,.F.);
#10200=ADVANCED_FACE('',(#1208),#750,.F.);
#10201=ADVANCED_FACE('',(#1209),#751,.F.);
#10202=ADVANCED_FACE('',(#1210),#752,.F.);
#10203=ADVANCED_FACE('',(#1211),#753,.F.);
#10204=ADVANCED_FACE('',(#1212),#754,.F.);
#10205=ADVANCED_FACE('',(#1213),#755,.F.);
#10206=ADVANCED_FACE('',(#1214),#756,.F.);
#10207=ADVANCED_FACE('',(#1215),#757,.F.);
#10208=ADVANCED_FACE('',(#1216),#758,.F.);
#10209=ADVANCED_FACE('',(#1217),#759,.F.);
#10210=ADVANCED_FACE('',(#1218),#760,.F.);
#10211=ADVANCED_FACE('',(#1219),#761,.F.);
#10212=ADVANCED_FACE('',(#1220),#762,.F.);
#10213=ADVANCED_FACE('',(#1221),#763,.F.);
#10214=ADVANCED_FACE('',(#1222),#764,.F.);
#10215=ADVANCED_FACE('',(#1223),#765,.F.);
#10216=ADVANCED_FACE('',(#1224),#10034,.F.);
#10217=ADVANCED_FACE('',(#1225),#10035,.F.);
#10218=ADVANCED_FACE('',(#1226),#10036,.F.);
#10219=ADVANCED_FACE('',(#1227),#10037,.F.);
#10220=ADVANCED_FACE('',(#1228),#10038,.F.);
#10221=ADVANCED_FACE('',(#1229),#10039,.F.);
#10222=ADVANCED_FACE('',(#1230),#10040,.F.);
#10223=ADVANCED_FACE('',(#1231),#10041,.F.);
#10224=ADVANCED_FACE('',(#1232),#10042,.F.);
#10225=ADVANCED_FACE('',(#1233),#10043,.F.);
#10226=ADVANCED_FACE('',(#1234),#10044,.F.);
#10227=ADVANCED_FACE('',(#1235),#10045,.F.);
#10228=ADVANCED_FACE('',(#1236),#10046,.F.);
#10229=ADVANCED_FACE('',(#1237),#10047,.F.);
#10230=ADVANCED_FACE('',(#1238),#10048,.F.);
#10231=ADVANCED_FACE('',(#1239),#10049,.F.);
#10232=ADVANCED_FACE('',(#1240),#10050,.F.);
#10233=ADVANCED_FACE('',(#1241),#10051,.F.);
#10234=ADVANCED_FACE('',(#1242),#10052,.F.);
#10235=ADVANCED_FACE('',(#1243),#10053,.F.);
#10236=ADVANCED_FACE('',(#1244),#10054,.F.);
#10237=ADVANCED_FACE('',(#1245),#10055,.F.);
#10238=ADVANCED_FACE('',(#1246),#766,.F.);
#10239=ADVANCED_FACE('',(#1247),#767,.F.);
#10240=ADVANCED_FACE('',(#1248),#768,.F.);
#10241=ADVANCED_FACE('',(#1249,#469,#470,#471,#472,#473,#474,#475,#476,
#477,#478,#479,#480,#481,#482,#483,#484,#485,#486,#487,#488,#489,#490,#491,
#492,#493,#494,#495,#496,#497,#498,#499,#500,#501,#502,#503,#504,#505,#506),
#769,.T.);
#10242=ADVANCED_FACE('',(#1250),#770,.T.);
#10243=ADVANCED_FACE('',(#1251),#771,.F.);
#10244=ADVANCED_FACE('',(#1252),#772,.F.);
#10245=ADVANCED_FACE('',(#1253),#773,.F.);
#10246=ADVANCED_FACE('',(#1254,#507,#508,#509,#510,#511,#512,#513,#514,
#515,#516,#517,#518,#519,#520,#521,#522,#523,#524,#525,#526,#527,#528,#529,
#530,#531,#532,#533,#534,#535,#536,#537,#538,#539,#540,#541,#542,#543,#544),
#774,.T.);
#10247=ADVANCED_FACE('',(#1255),#775,.T.);
#10248=ADVANCED_FACE('',(#1256),#776,.T.);
#10249=ADVANCED_FACE('',(#1257),#777,.T.);
#10250=ADVANCED_FACE('',(#1258),#778,.T.);
#10251=ADVANCED_FACE('',(#1259),#779,.T.);
#10252=ADVANCED_FACE('',(#1260),#10056,.F.);
#10253=ADVANCED_FACE('',(#1261),#10057,.F.);
#10254=ADVANCED_FACE('',(#1262),#780,.F.);
#10255=ADVANCED_FACE('',(#1263),#781,.F.);
#10256=ADVANCED_FACE('',(#1264),#782,.F.);
#10257=ADVANCED_FACE('',(#1265,#545,#546),#783,.T.);
#10258=ADVANCED_FACE('',(#1266),#784,.T.);
#10259=ADVANCED_FACE('',(#1267),#785,.T.);
#10260=ADVANCED_FACE('',(#1268),#786,.F.);
#10261=ADVANCED_FACE('',(#1269),#787,.T.);
#10262=ADVANCED_FACE('',(#1270),#788,.T.);
#10263=ADVANCED_FACE('',(#1271,#547,#548),#789,.F.);
#10264=ADVANCED_FACE('',(#1272),#10058,.F.);
#10265=ADVANCED_FACE('',(#1273),#10059,.F.);
#10266=ADVANCED_FACE('',(#1274),#790,.F.);
#10267=ADVANCED_FACE('',(#1275),#791,.F.);
#10268=ADVANCED_FACE('',(#1276),#792,.F.);
#10269=ADVANCED_FACE('',(#1277,#549,#550),#793,.T.);
#10270=ADVANCED_FACE('',(#1278),#794,.T.);
#10271=ADVANCED_FACE('',(#1279),#795,.T.);
#10272=ADVANCED_FACE('',(#1280),#796,.F.);
#10273=ADVANCED_FACE('',(#1281),#797,.T.);
#10274=ADVANCED_FACE('',(#1282),#798,.T.);
#10275=ADVANCED_FACE('',(#1283,#551,#552),#799,.T.);
#10276=ADVANCED_FACE('',(#1284),#10060,.F.);
#10277=ADVANCED_FACE('',(#1285),#10061,.F.);
#10278=ADVANCED_FACE('',(#1286),#10062,.F.);
#10279=ADVANCED_FACE('',(#1287),#10063,.F.);
#10280=ADVANCED_FACE('',(#1288),#10064,.F.);
#10281=ADVANCED_FACE('',(#1289),#10065,.F.);
#10282=ADVANCED_FACE('',(#1290),#10066,.F.);
#10283=ADVANCED_FACE('',(#1291),#800,.T.);
#10284=ADVANCED_FACE('',(#1292),#801,.T.);
#10285=ADVANCED_FACE('',(#1293),#802,.T.);
#10286=ADVANCED_FACE('',(#1294),#803,.T.);
#10287=ADVANCED_FACE('',(#1295,#553,#554,#555,#556,#557,#558,#559),#804,
 .T.);
#10288=ADVANCED_FACE('',(#1296,#560,#561,#562,#563,#564,#565,#566),#805,
 .F.);
#10289=ADVANCED_FACE('',(#1297),#806,.F.);
#10290=ADVANCED_FACE('',(#1298),#10067,.F.);
#10291=ADVANCED_FACE('',(#1299,#567,#568),#807,.F.);
#10292=ADVANCED_FACE('',(#1300,#569),#808,.F.);
#10293=ADVANCED_FACE('',(#1301),#809,.F.);
#10294=ADVANCED_FACE('',(#1302),#810,.F.);
#10295=ADVANCED_FACE('',(#1303),#10068,.F.);
#10296=ADVANCED_FACE('',(#1304),#10069,.F.);
#10297=ADVANCED_FACE('',(#1305),#811,.T.);
#10298=ADVANCED_FACE('',(#1306,#570,#571),#812,.T.);
#10299=ADVANCED_FACE('',(#1307),#813,.T.);
#10300=ADVANCED_FACE('',(#1308,#572),#814,.T.);
#10301=ADVANCED_FACE('',(#1309),#815,.F.);
#10302=ADVANCED_FACE('',(#1310),#816,.F.);
#10303=ADVANCED_FACE('',(#1311),#10070,.F.);
#10304=ADVANCED_FACE('',(#1312,#573),#817,.F.);
#10305=ADVANCED_FACE('',(#1313,#574,#575),#818,.F.);
#10306=ADVANCED_FACE('',(#1314),#819,.F.);
#10307=ADVANCED_FACE('',(#1315),#820,.F.);
#10308=ADVANCED_FACE('',(#1316),#10071,.F.);
#10309=ADVANCED_FACE('',(#1317),#10072,.F.);
#10310=ADVANCED_FACE('',(#1318,#576,#577),#821,.T.);
#10311=ADVANCED_FACE('',(#1319),#822,.T.);
#10312=ADVANCED_FACE('',(#1320),#823,.T.);
#10313=ADVANCED_FACE('',(#1321),#824,.T.);
#10314=ADVANCED_FACE('',(#1322,#578),#825,.T.);
#10315=ADVANCED_FACE('',(#1323),#10073,.F.);
#10316=ADVANCED_FACE('',(#1324),#10074,.F.);
#10317=ADVANCED_FACE('',(#1325),#826,.T.);
#10318=ADVANCED_FACE('',(#1326),#10075,.F.);
#10319=ADVANCED_FACE('',(#1327),#827,.F.);
#10320=ADVANCED_FACE('',(#1328,#579),#10076,.T.);
#10321=ADVANCED_FACE('',(#1329,#580),#828,.T.);
#10322=ADVANCED_FACE('',(#1330,#581),#829,.F.);
#10323=ADVANCED_FACE('',(#1331),#10077,.F.);
#10324=ADVANCED_FACE('',(#1332),#10078,.F.);
#10325=ADVANCED_FACE('',(#1333),#10079,.F.);
#10326=ADVANCED_FACE('',(#1334),#10080,.F.);
#10327=ADVANCED_FACE('',(#1335),#830,.T.);
#10328=ADVANCED_FACE('',(#1336),#10081,.F.);
#10329=ADVANCED_FACE('',(#1337),#831,.F.);
#10330=ADVANCED_FACE('',(#1338,#582,#583,#584,#585,#586),#10082,.T.);
#10331=ADVANCED_FACE('',(#1339,#587),#832,.T.);
#10332=ADVANCED_FACE('',(#1340,#588),#833,.F.);
#10333=ADVANCED_FACE('',(#1341),#10083,.F.);
#10334=ADVANCED_FACE('',(#1342),#10084,.F.);
#10335=ADVANCED_FACE('',(#1343),#834,.T.);
#10336=ADVANCED_FACE('',(#1344),#10085,.F.);
#10337=ADVANCED_FACE('',(#1345),#835,.F.);
#10338=ADVANCED_FACE('',(#1346,#589),#10086,.T.);
#10339=ADVANCED_FACE('',(#1347,#590),#836,.T.);
#10340=ADVANCED_FACE('',(#1348,#591),#837,.F.);
#10341=ADVANCED_FACE('',(#1349),#10087,.F.);
#10342=ADVANCED_FACE('',(#1350),#10088,.F.);
#10343=ADVANCED_FACE('',(#1351),#838,.T.);
#10344=ADVANCED_FACE('',(#1352),#10089,.F.);
#10345=ADVANCED_FACE('',(#1353),#839,.F.);
#10346=ADVANCED_FACE('',(#1354,#592),#10090,.T.);
#10347=ADVANCED_FACE('',(#1355,#593),#840,.T.);
#10348=ADVANCED_FACE('',(#1356,#594),#841,.F.);
#10349=ADVANCED_FACE('',(#1357),#10091,.T.);
#10350=ADVANCED_FACE('',(#1358),#842,.T.);
#10351=ADVANCED_FACE('',(#1359),#843,.F.);
#10352=ADVANCED_FACE('',(#1360),#10092,.T.);
#10353=ADVANCED_FACE('',(#1361),#844,.T.);
#10354=ADVANCED_FACE('',(#1362),#845,.F.);
#10355=ADVANCED_FACE('',(#1363),#10093,.F.);
#10356=ADVANCED_FACE('',(#1364),#10094,.F.);
#10357=ADVANCED_FACE('',(#1365),#846,.T.);
#10358=ADVANCED_FACE('',(#1366),#847,.T.);
#10359=ADVANCED_FACE('',(#1367),#848,.T.);
#10360=ADVANCED_FACE('',(#1368),#849,.T.);
#10361=ADVANCED_FACE('',(#1369,#595,#596),#850,.T.);
#10362=ADVANCED_FACE('',(#1370,#597,#598),#851,.F.);
#10363=ADVANCED_FACE('',(#1371),#10095,.T.);
#10364=ADVANCED_FACE('',(#1372),#852,.T.);
#10365=ADVANCED_FACE('',(#1373),#853,.F.);
#10366=ADVANCED_FACE('',(#1374),#10096,.F.);
#10367=ADVANCED_FACE('',(#1375),#10097,.F.);
#10368=ADVANCED_FACE('',(#1376),#854,.T.);
#10369=ADVANCED_FACE('',(#1377),#855,.T.);
#10370=ADVANCED_FACE('',(#1378),#856,.T.);
#10371=ADVANCED_FACE('',(#1379),#857,.T.);
#10372=ADVANCED_FACE('',(#1380,#599,#600),#858,.T.);
#10373=ADVANCED_FACE('',(#1381,#601,#602),#859,.T.);
#10374=ADVANCED_FACE('',(#1382),#10098,.T.);
#10375=ADVANCED_FACE('',(#1383),#860,.T.);
#10376=ADVANCED_FACE('',(#1384),#861,.F.);
#10377=ADVANCED_FACE('',(#1385),#862,.F.);
#10378=ADVANCED_FACE('',(#1386),#863,.F.);
#10379=ADVANCED_FACE('',(#1387),#864,.F.);
#10380=ADVANCED_FACE('',(#1388),#865,.F.);
#10381=ADVANCED_FACE('',(#1389),#866,.F.);
#10382=ADVANCED_FACE('',(#1390),#867,.F.);
#10383=ADVANCED_FACE('',(#1391),#868,.F.);
#10384=ADVANCED_FACE('',(#1392),#869,.F.);
#10385=ADVANCED_FACE('',(#1393),#870,.F.);
#10386=ADVANCED_FACE('',(#1394),#871,.F.);
#10387=ADVANCED_FACE('',(#1395),#872,.F.);
#10388=ADVANCED_FACE('',(#1396),#873,.F.);
#10389=ADVANCED_FACE('',(#1397),#874,.F.);
#10390=ADVANCED_FACE('',(#1398),#875,.F.);
#10391=ADVANCED_FACE('',(#1399),#876,.F.);
#10392=ADVANCED_FACE('',(#1400),#877,.F.);
#10393=ADVANCED_FACE('',(#1401),#10099,.F.);
#10394=ADVANCED_FACE('',(#1402),#878,.T.);
#10395=ADVANCED_FACE('',(#1403),#10100,.F.);
#10396=ADVANCED_FACE('',(#1404),#879,.T.);
#10397=ADVANCED_FACE('',(#1405),#10101,.F.);
#10398=ADVANCED_FACE('',(#1406),#880,.F.);
#10399=ADVANCED_FACE('',(#1407),#10102,.F.);
#10400=ADVANCED_FACE('',(#1408),#881,.F.);
#10401=ADVANCED_FACE('',(#1409),#10103,.F.);
#10402=ADVANCED_FACE('',(#1410),#882,.F.);
#10403=ADVANCED_FACE('',(#1411),#10104,.F.);
#10404=ADVANCED_FACE('',(#1412),#883,.F.);
#10405=ADVANCED_FACE('',(#1413,#603,#604),#884,.F.);
#10406=ADVANCED_FACE('',(#1414),#885,.T.);
#10407=ADVANCED_FACE('',(#1415,#605,#606),#886,.F.);
#10408=ADVANCED_FACE('',(#1416),#887,.T.);
#10409=ADVANCED_FACE('',(#1417,#607),#888,.T.);
#10410=ADVANCED_FACE('',(#1418,#608,#609),#889,.T.);
#10411=ADVANCED_FACE('',(#1419,#610,#611),#890,.T.);
#10412=ADVANCED_FACE('',(#1420),#891,.T.);
#10413=ADVANCED_FACE('',(#1421,#612),#892,.T.);
#10414=ADVANCED_FACE('',(#1422,#613,#614,#615,#616),#893,.F.);
#10415=ADVANCED_FACE('',(#1423),#10105,.F.);
#10416=ADVANCED_FACE('',(#1424),#10106,.F.);
#10417=ADVANCED_FACE('',(#1425),#894,.T.);
#10418=ADVANCED_FACE('',(#1426),#895,.T.);
#10419=ADVANCED_FACE('',(#1427),#896,.T.);
#10420=ADVANCED_FACE('',(#1428),#897,.T.);
#10421=ADVANCED_FACE('',(#1429,#617,#618),#898,.T.);
#10422=ADVANCED_FACE('',(#1430,#619,#620),#899,.F.);
#10423=ADVANCED_FACE('',(#1431),#900,.F.);
#10424=ADVANCED_FACE('',(#1432),#901,.F.);
#10425=ADVANCED_FACE('',(#1433),#902,.F.);
#10426=ADVANCED_FACE('',(#1434),#903,.F.);
#10427=ADVANCED_FACE('',(#1435),#904,.F.);
#10428=ADVANCED_FACE('',(#1436),#905,.F.);
#10429=ADVANCED_FACE('',(#1437),#906,.F.);
#10430=ADVANCED_FACE('',(#1438),#907,.F.);
#10431=ADVANCED_FACE('',(#1439),#908,.F.);
#10432=ADVANCED_FACE('',(#1440),#909,.F.);
#10433=ADVANCED_FACE('',(#1441),#910,.F.);
#10434=ADVANCED_FACE('',(#1442),#911,.F.);
#10435=ADVANCED_FACE('',(#1443),#912,.F.);
#10436=ADVANCED_FACE('',(#1444),#913,.F.);
#10437=ADVANCED_FACE('',(#1445),#914,.F.);
#10438=ADVANCED_FACE('',(#1446),#915,.F.);
#10439=ADVANCED_FACE('',(#1447),#10107,.F.);
#10440=ADVANCED_FACE('',(#1448),#916,.T.);
#10441=ADVANCED_FACE('',(#1449),#10108,.F.);
#10442=ADVANCED_FACE('',(#1450),#917,.T.);
#10443=ADVANCED_FACE('',(#1451),#10109,.F.);
#10444=ADVANCED_FACE('',(#1452),#918,.F.);
#10445=ADVANCED_FACE('',(#1453),#10110,.F.);
#10446=ADVANCED_FACE('',(#1454),#919,.F.);
#10447=ADVANCED_FACE('',(#1455),#10111,.F.);
#10448=ADVANCED_FACE('',(#1456),#920,.F.);
#10449=ADVANCED_FACE('',(#1457),#10112,.F.);
#10450=ADVANCED_FACE('',(#1458),#921,.F.);
#10451=ADVANCED_FACE('',(#1459,#621,#622),#922,.F.);
#10452=ADVANCED_FACE('',(#1460),#923,.T.);
#10453=ADVANCED_FACE('',(#1461,#623,#624),#924,.F.);
#10454=ADVANCED_FACE('',(#1462),#925,.T.);
#10455=ADVANCED_FACE('',(#1463,#625),#926,.T.);
#10456=ADVANCED_FACE('',(#1464,#626,#627),#927,.T.);
#10457=ADVANCED_FACE('',(#1465,#628,#629),#928,.T.);
#10458=ADVANCED_FACE('',(#1466),#929,.T.);
#10459=ADVANCED_FACE('',(#1467,#630),#930,.T.);
#10460=ADVANCED_FACE('',(#1468,#631,#632,#633,#634),#931,.F.);
#10461=ADVANCED_FACE('',(#1469),#10113,.F.);
#10462=ADVANCED_FACE('',(#1470),#10114,.F.);
#10463=ADVANCED_FACE('',(#1471),#932,.T.);
#10464=ADVANCED_FACE('',(#1472),#933,.T.);
#10465=ADVANCED_FACE('',(#1473),#934,.T.);
#10466=ADVANCED_FACE('',(#1474),#935,.T.);
#10467=ADVANCED_FACE('',(#1475,#635,#636),#936,.T.);
#10468=ADVANCED_FACE('',(#1476,#637,#638),#937,.F.);
#10469=ADVANCED_FACE('',(#1477),#10115,.T.);
#10470=ADVANCED_FACE('',(#1478),#938,.T.);
#10471=ADVANCED_FACE('',(#1479),#939,.F.);
#10472=ADVANCED_FACE('',(#1480),#10116,.F.);
#10473=ADVANCED_FACE('',(#1481),#10117,.T.);
#10474=ADVANCED_FACE('',(#1482,#639),#940,.T.);
#10475=ADVANCED_FACE('',(#1483,#640),#941,.F.);
#10476=ADVANCED_FACE('',(#1484),#10118,.F.);
#10477=ADVANCED_FACE('',(#1485),#10119,.T.);
#10478=ADVANCED_FACE('',(#1486,#641),#942,.T.);
#10479=ADVANCED_FACE('',(#1487,#642),#943,.F.);
#10480=ADVANCED_FACE('',(#1488),#10120,.T.);
#10481=ADVANCED_FACE('',(#1489),#944,.T.);
#10482=ADVANCED_FACE('',(#1490),#945,.F.);
#10483=ADVANCED_FACE('',(#1491),#946,.F.);
#10484=ADVANCED_FACE('',(#1492),#947,.F.);
#10485=ADVANCED_FACE('',(#1493),#948,.F.);
#10486=ADVANCED_FACE('',(#1494),#949,.F.);
#10487=ADVANCED_FACE('',(#1495),#10121,.F.);
#10488=ADVANCED_FACE('',(#1496),#950,.F.);
#10489=ADVANCED_FACE('',(#1497),#10122,.F.);
#10490=ADVANCED_FACE('',(#1498),#951,.F.);
#10491=ADVANCED_FACE('',(#1499),#10123,.F.);
#10492=ADVANCED_FACE('',(#1500),#952,.F.);
#10493=ADVANCED_FACE('',(#1501),#10124,.F.);
#10494=ADVANCED_FACE('',(#1502),#953,.F.);
#10495=ADVANCED_FACE('',(#1503),#10125,.F.);
#10496=ADVANCED_FACE('',(#1504),#954,.T.);
#10497=ADVANCED_FACE('',(#1505),#955,.T.);
#10498=ADVANCED_FACE('',(#1506,#643),#956,.T.);
#10499=ADVANCED_FACE('',(#1507,#644),#957,.T.);
#10500=ADVANCED_FACE('',(#1508),#958,.T.);
#10501=ADVANCED_FACE('',(#1509),#959,.T.);
#10502=ADVANCED_FACE('',(#1510,#645,#646,#647,#648),#960,.F.);
#10503=ADVANCED_FACE('',(#1511),#10126,.F.);
#10504=ADVANCED_FACE('',(#1512),#10127,.T.);
#10505=ADVANCED_FACE('',(#1513,#649),#961,.T.);
#10506=ADVANCED_FACE('',(#1514,#650),#962,.F.);
#10507=ADVANCED_FACE('',(#1515),#10128,.F.);
#10508=ADVANCED_FACE('',(#1516),#10129,.T.);
#10509=ADVANCED_FACE('',(#1517,#651),#963,.T.);
#10510=ADVANCED_FACE('',(#1518,#652),#964,.F.);
#10511=ADVANCED_FACE('',(#1519),#965,.T.);
#10512=ADVANCED_FACE('',(#1520),#966,.T.);
#10513=ADVANCED_FACE('',(#1521),#967,.T.);
#10514=ADVANCED_FACE('',(#1522),#968,.T.);
#10515=ADVANCED_FACE('',(#1523),#969,.T.);
#10516=ADVANCED_FACE('',(#1524),#970,.F.);
#10517=ADVANCED_FACE('',(#1525),#10130,.F.);
#10518=ADVANCED_FACE('',(#1526),#10131,.F.);
#10519=ADVANCED_FACE('',(#1527),#971,.F.);
#10520=ADVANCED_FACE('',(#1528,#653),#972,.F.);
#10521=ADVANCED_FACE('',(#1529),#973,.F.);
#10522=ADVANCED_FACE('',(#1530,#654),#974,.F.);
#10523=ADVANCED_FACE('',(#1531),#975,.T.);
#10524=ADVANCED_FACE('',(#1532,#655),#976,.T.);
#10525=ADVANCED_FACE('',(#1533),#977,.T.);
#10526=ADVANCED_FACE('',(#1534,#656),#978,.T.);
#10527=ADVANCED_FACE('',(#1535,#657),#979,.T.);
#10528=ADVANCED_FACE('',(#1536,#658),#980,.F.);
#10529=ADVANCED_FACE('',(#1537),#981,.T.);
#10530=ADVANCED_FACE('',(#1538),#982,.T.);
#10531=ADVANCED_FACE('',(#1539),#983,.T.);
#10532=ADVANCED_FACE('',(#1540),#984,.T.);
#10533=ADVANCED_FACE('',(#1541),#985,.T.);
#10534=ADVANCED_FACE('',(#1542),#986,.F.);
#10535=ADVANCED_FACE('',(#1543),#987,.T.);
#10536=ADVANCED_FACE('',(#1544),#988,.T.);
#10537=ADVANCED_FACE('',(#1545),#989,.T.);
#10538=ADVANCED_FACE('',(#1546),#990,.T.);
#10539=ADVANCED_FACE('',(#1547),#991,.T.);
#10540=ADVANCED_FACE('',(#1548),#992,.F.);
#10541=ADVANCED_FACE('',(#1549),#993,.T.);
#10542=ADVANCED_FACE('',(#1550),#994,.T.);
#10543=ADVANCED_FACE('',(#1551),#995,.T.);
#10544=ADVANCED_FACE('',(#1552),#996,.T.);
#10545=ADVANCED_FACE('',(#1553),#997,.T.);
#10546=ADVANCED_FACE('',(#1554),#998,.F.);
#10547=ADVANCED_FACE('',(#1555),#999,.T.);
#10548=ADVANCED_FACE('',(#1556),#1000,.T.);
#10549=ADVANCED_FACE('',(#1557),#1001,.T.);
#10550=ADVANCED_FACE('',(#1558),#1002,.T.);
#10551=ADVANCED_FACE('',(#1559),#1003,.T.);
#10552=ADVANCED_FACE('',(#1560),#1004,.F.);
#10553=ADVANCED_FACE('',(#1561),#1005,.T.);
#10554=ADVANCED_FACE('',(#1562),#1006,.T.);
#10555=ADVANCED_FACE('',(#1563),#1007,.T.);
#10556=ADVANCED_FACE('',(#1564),#1008,.T.);
#10557=ADVANCED_FACE('',(#1565),#1009,.T.);
#10558=ADVANCED_FACE('',(#1566),#1010,.F.);
#10559=ADVANCED_FACE('',(#1567),#10132,.F.);
#10560=ADVANCED_FACE('',(#1568),#10133,.F.);
#10561=ADVANCED_FACE('',(#1569),#10134,.F.);
#10562=ADVANCED_FACE('',(#1570),#10135,.F.);
#10563=ADVANCED_FACE('',(#1571),#1011,.T.);
#10564=ADVANCED_FACE('',(#1572),#1012,.T.);
#10565=ADVANCED_FACE('',(#1573),#1013,.T.);
#10566=ADVANCED_FACE('',(#1574),#1014,.T.);
#10567=ADVANCED_FACE('',(#1575,#659,#660,#661,#662),#1015,.T.);
#10568=ADVANCED_FACE('',(#1576,#663,#664,#665,#666),#1016,.F.);
#10569=ADVANCED_FACE('',(#1577),#1017,.T.);
#10570=ADVANCED_FACE('',(#1578),#1018,.T.);
#10571=ADVANCED_FACE('',(#1579),#1019,.T.);
#10572=ADVANCED_FACE('',(#1580),#1020,.T.);
#10573=ADVANCED_FACE('',(#1581),#1021,.T.);
#10574=ADVANCED_FACE('',(#1582),#1022,.F.);
#10575=ADVANCED_FACE('',(#1583),#1023,.T.);
#10576=ADVANCED_FACE('',(#1584),#1024,.T.);
#10577=ADVANCED_FACE('',(#1585),#1025,.T.);
#10578=ADVANCED_FACE('',(#1586),#1026,.T.);
#10579=ADVANCED_FACE('',(#1587),#1027,.T.);
#10580=ADVANCED_FACE('',(#1588),#1028,.F.);
#10581=ADVANCED_FACE('',(#1589),#1029,.T.);
#10582=ADVANCED_FACE('',(#1590),#1030,.T.);
#10583=ADVANCED_FACE('',(#1591),#1031,.T.);
#10584=ADVANCED_FACE('',(#1592),#1032,.T.);
#10585=ADVANCED_FACE('',(#1593),#1033,.T.);
#10586=ADVANCED_FACE('',(#1594),#1034,.F.);
#10587=ADVANCED_FACE('',(#1595),#10136,.F.);
#10588=ADVANCED_FACE('',(#1596),#10137,.F.);
#10589=ADVANCED_FACE('',(#1597),#1035,.T.);
#10590=ADVANCED_FACE('',(#1598),#1036,.T.);
#10591=ADVANCED_FACE('',(#1599),#1037,.T.);
#10592=ADVANCED_FACE('',(#1600),#1038,.T.);
#10593=ADVANCED_FACE('',(#1601,#667,#668),#1039,.T.);
#10594=ADVANCED_FACE('',(#1602,#669,#670),#1040,.F.);
#10595=ADVANCED_FACE('',(#1603),#10138,.F.);
#10596=ADVANCED_FACE('',(#1604),#10139,.F.);
#10597=ADVANCED_FACE('',(#1605),#10140,.F.);
#10598=ADVANCED_FACE('',(#1606),#10141,.F.);
#10599=ADVANCED_FACE('',(#1607,#671,#672,#673,#674),#1041,.T.);
#10600=ADVANCED_FACE('',(#1608),#1042,.T.);
#10601=ADVANCED_FACE('',(#1609,#675,#676,#677,#678),#1043,.T.);
#10602=ADVANCED_FACE('',(#1610),#1044,.T.);
#10603=ADVANCED_FACE('',(#1611),#1045,.T.);
#10604=ADVANCED_FACE('',(#1612),#1046,.F.);
#10605=ADVANCED_FACE('',(#1613),#10142,.F.);
#10606=ADVANCED_FACE('',(#1614),#10143,.F.);
#10607=ADVANCED_FACE('',(#1615),#10144,.F.);
#10608=ADVANCED_FACE('',(#1616),#10145,.F.);
#10609=ADVANCED_FACE('',(#1617),#1047,.F.);
#10610=ADVANCED_FACE('',(#1618),#1048,.F.);
#10611=ADVANCED_FACE('',(#1619),#1049,.F.);
#10612=ADVANCED_FACE('',(#1620),#1050,.F.);
#10613=ADVANCED_FACE('',(#1621),#1051,.F.);
#10614=ADVANCED_FACE('',(#1622),#1052,.F.);
#10615=ADVANCED_FACE('',(#1623),#1053,.F.);
#10616=ADVANCED_FACE('',(#1624),#1054,.F.);
#10617=ADVANCED_FACE('',(#1625),#1055,.T.);
#10618=ADVANCED_FACE('',(#1626),#1056,.T.);
#10619=ADVANCED_FACE('',(#1627),#1057,.T.);
#10620=ADVANCED_FACE('',(#1628),#1058,.T.);
#10621=ADVANCED_FACE('',(#1629,#679,#680,#681,#682,#683,#684),#1059,.T.);
#10622=ADVANCED_FACE('',(#1630,#685,#686,#687,#688,#689,#690),#1060,.F.);
#10623=ADVANCED_FACE('',(#1631),#1061,.T.);
#10624=ADVANCED_FACE('',(#1632),#1062,.T.);
#10625=ADVANCED_FACE('',(#1633),#1063,.T.);
#10626=ADVANCED_FACE('',(#1634),#1064,.T.);
#10627=ADVANCED_FACE('',(#1635),#1065,.T.);
#10628=ADVANCED_FACE('',(#1636),#1066,.F.);
#10629=ADVANCED_FACE('',(#1637),#1067,.F.);
#10630=ADVANCED_FACE('',(#1638),#1068,.T.);
#10631=ADVANCED_FACE('',(#1639),#1069,.T.);
#10632=ADVANCED_FACE('',(#1640),#1070,.T.);
#10633=ADVANCED_FACE('',(#1641),#1071,.T.);
#10634=ADVANCED_FACE('',(#1642),#1072,.T.);
#10635=ADVANCED_FACE('',(#1643),#10146,.F.);
#10636=ADVANCED_FACE('',(#1644),#1073,.F.);
#10637=ADVANCED_FACE('',(#1645),#10147,.F.);
#10638=ADVANCED_FACE('',(#1646),#1074,.T.);
#10639=ADVANCED_FACE('',(#1647),#10148,.T.);
#10640=ADVANCED_FACE('',(#1648,#691),#1075,.T.);
#10641=ADVANCED_FACE('',(#1649,#692),#1076,.F.);
#10642=ADVANCED_FACE('',(#1650),#10149,.F.);
#10643=ADVANCED_FACE('',(#1651),#1077,.F.);
#10644=ADVANCED_FACE('',(#1652),#10150,.F.);
#10645=ADVANCED_FACE('',(#1653),#1078,.T.);
#10646=ADVANCED_FACE('',(#1654),#10151,.T.);
#10647=ADVANCED_FACE('',(#1655,#693),#1079,.T.);
#10648=ADVANCED_FACE('',(#1656,#694),#1080,.F.);
#10649=ADVANCED_FACE('',(#1657),#10152,.F.);
#10650=ADVANCED_FACE('',(#1658),#1081,.F.);
#10651=ADVANCED_FACE('',(#1659),#10153,.F.);
#10652=ADVANCED_FACE('',(#1660),#1082,.T.);
#10653=ADVANCED_FACE('',(#1661),#10154,.T.);
#10654=ADVANCED_FACE('',(#1662,#695),#1083,.T.);
#10655=ADVANCED_FACE('',(#1663,#696),#1084,.F.);
#10656=ADVANCED_FACE('',(#1664),#10155,.F.);
#10657=ADVANCED_FACE('',(#1665),#1085,.F.);
#10658=ADVANCED_FACE('',(#1666),#10156,.F.);
#10659=ADVANCED_FACE('',(#1667),#1086,.T.);
#10660=ADVANCED_FACE('',(#1668),#10157,.T.);
#10661=ADVANCED_FACE('',(#1669,#697),#1087,.T.);
#10662=ADVANCED_FACE('',(#1670,#698),#1088,.F.);
#10663=ADVANCED_FACE('',(#1671),#10158,.F.);
#10664=ADVANCED_FACE('',(#1672),#1089,.F.);
#10665=ADVANCED_FACE('',(#1673),#10159,.F.);
#10666=ADVANCED_FACE('',(#1674),#1090,.T.);
#10667=ADVANCED_FACE('',(#1675),#10160,.T.);
#10668=ADVANCED_FACE('',(#1676,#699),#1091,.T.);
#10669=ADVANCED_FACE('',(#1677,#700),#1092,.F.);
#10670=ADVANCED_FACE('',(#1678),#10161,.F.);
#10671=ADVANCED_FACE('',(#1679),#1093,.F.);
#10672=ADVANCED_FACE('',(#1680),#10162,.F.);
#10673=ADVANCED_FACE('',(#1681),#1094,.T.);
#10674=ADVANCED_FACE('',(#1682),#10163,.T.);
#10675=ADVANCED_FACE('',(#1683,#701),#1095,.T.);
#10676=ADVANCED_FACE('',(#1684,#702),#1096,.F.);
#10677=ADVANCED_FACE('',(#1685),#10164,.F.);
#10678=ADVANCED_FACE('',(#1686),#10165,.F.);
#10679=ADVANCED_FACE('',(#1687),#1097,.F.);
#10680=ADVANCED_FACE('',(#1688),#1098,.F.);
#10681=ADVANCED_FACE('',(#1689),#1099,.F.);
#10682=ADVANCED_FACE('',(#1690),#1100,.T.);
#10683=ADVANCED_FACE('',(#1691,#703),#1101,.F.);
#10684=ADVANCED_FACE('',(#1692),#1102,.F.);
#10685=ADVANCED_FACE('',(#1693),#1103,.F.);
#10686=ADVANCED_FACE('',(#1694),#1104,.F.);
#10687=ADVANCED_FACE('',(#1695),#1105,.F.);
#10688=ADVANCED_FACE('',(#1696,#704,#705),#1106,.T.);
#10689=ADVANCED_FACE('',(#1697),#1107,.T.);
#10690=ADVANCED_FACE('',(#1698),#1108,.T.);
#10691=ADVANCED_FACE('',(#1699),#1109,.T.);
#10692=ADVANCED_FACE('',(#1700,#706),#1110,.T.);
#10693=ADVANCED_FACE('',(#1701,#707),#1111,.F.);
#10694=ADVANCED_FACE('',(#1702),#10166,.F.);
#10695=ADVANCED_FACE('',(#1703),#10167,.F.);
#10696=ADVANCED_FACE('',(#1704),#1112,.F.);
#10697=ADVANCED_FACE('',(#1705),#1113,.F.);
#10698=ADVANCED_FACE('',(#1706),#1114,.F.);
#10699=ADVANCED_FACE('',(#1707),#1115,.T.);
#10700=ADVANCED_FACE('',(#1708,#708),#1116,.F.);
#10701=ADVANCED_FACE('',(#1709,#709),#1117,.F.);
#10702=ADVANCED_FACE('',(#1710),#1118,.F.);
#10703=ADVANCED_FACE('',(#1711),#1119,.F.);
#10704=ADVANCED_FACE('',(#1712),#1120,.F.);
#10705=ADVANCED_FACE('',(#1713),#1121,.F.);
#10706=ADVANCED_FACE('',(#1714,#710,#711),#1122,.T.);
#10707=ADVANCED_FACE('',(#1715),#1123,.T.);
#10708=ADVANCED_FACE('',(#1716),#1124,.T.);
#10709=ADVANCED_FACE('',(#1717),#1125,.T.);
#10710=ADVANCED_FACE('',(#1718,#712),#1126,.T.);
#10711=ADVANCED_FACE('',(#1719),#10168,.F.);
#10712=ADVANCED_FACE('',(#1720),#10169,.F.);
#10713=ADVANCED_FACE('',(#1721),#1127,.F.);
#10714=ADVANCED_FACE('',(#1722),#1128,.F.);
#10715=ADVANCED_FACE('',(#1723),#1129,.F.);
#10716=ADVANCED_FACE('',(#1724),#1130,.T.);
#10717=ADVANCED_FACE('',(#1725,#713),#1131,.F.);
#10718=ADVANCED_FACE('',(#1726,#714),#1132,.F.);
#10719=ADVANCED_FACE('',(#1727),#1133,.F.);
#10720=ADVANCED_FACE('',(#1728),#1134,.F.);
#10721=ADVANCED_FACE('',(#1729),#1135,.F.);
#10722=ADVANCED_FACE('',(#1730),#1136,.F.);
#10723=ADVANCED_FACE('',(#1731,#715,#716),#1137,.T.);
#10724=ADVANCED_FACE('',(#1732),#1138,.T.);
#10725=ADVANCED_FACE('',(#1733),#1139,.T.);
#10726=ADVANCED_FACE('',(#1734),#1140,.T.);
#10727=ADVANCED_FACE('',(#1735,#717),#1141,.T.);
#10728=ADVANCED_FACE('',(#1736),#10170,.F.);
#10729=ADVANCED_FACE('',(#1737),#10171,.F.);
#10730=ADVANCED_FACE('',(#1738),#1142,.F.);
#10731=ADVANCED_FACE('',(#1739),#1143,.F.);
#10732=ADVANCED_FACE('',(#1740),#1144,.F.);
#10733=ADVANCED_FACE('',(#1741),#1145,.T.);
#10734=ADVANCED_FACE('',(#1742,#718),#1146,.F.);
#10735=ADVANCED_FACE('',(#1743),#1147,.F.);
#10736=ADVANCED_FACE('',(#1744),#1148,.F.);
#10737=ADVANCED_FACE('',(#1745),#1149,.F.);
#10738=ADVANCED_FACE('',(#1746),#1150,.F.);
#10739=ADVANCED_FACE('',(#1747,#719,#720),#1151,.T.);
#10740=ADVANCED_FACE('',(#1748),#1152,.T.);
#10741=ADVANCED_FACE('',(#1749),#1153,.T.);
#10742=ADVANCED_FACE('',(#1750),#1154,.T.);
#10743=ADVANCED_FACE('',(#1751,#721),#1155,.T.);
#10744=ADVANCED_FACE('',(#1752,#722),#1156,.F.);
#10745=ADVANCED_FACE('',(#1753),#10172,.F.);
#10746=ADVANCED_FACE('',(#1754),#10173,.F.);
#10747=ADVANCED_FACE('',(#1755),#1157,.F.);
#10748=ADVANCED_FACE('',(#1756),#1158,.F.);
#10749=ADVANCED_FACE('',(#1757),#1159,.F.);
#10750=ADVANCED_FACE('',(#1758),#1160,.T.);
#10751=ADVANCED_FACE('',(#1759,#723),#1161,.F.);
#10752=ADVANCED_FACE('',(#1760,#724),#1162,.F.);
#10753=ADVANCED_FACE('',(#1761),#1163,.F.);
#10754=ADVANCED_FACE('',(#1762),#1164,.F.);
#10755=ADVANCED_FACE('',(#1763),#1165,.F.);
#10756=ADVANCED_FACE('',(#1764),#1166,.F.);
#10757=ADVANCED_FACE('',(#1765,#725,#726),#1167,.T.);
#10758=ADVANCED_FACE('',(#1766),#1168,.T.);
#10759=ADVANCED_FACE('',(#1767),#1169,.T.);
#10760=ADVANCED_FACE('',(#1768),#1170,.T.);
#10761=ADVANCED_FACE('',(#1769,#727),#1171,.T.);
#10762=ADVANCED_FACE('',(#1770),#10174,.F.);
#10763=ADVANCED_FACE('',(#1771),#10175,.F.);
#10764=ADVANCED_FACE('',(#1772),#10176,.F.);
#10765=ADVANCED_FACE('',(#1773),#1172,.T.);
#10766=ADVANCED_FACE('',(#1774),#10177,.F.);
#10767=ADVANCED_FACE('',(#1775),#1173,.T.);
#10768=ADVANCED_FACE('',(#1776),#10178,.F.);
#10769=ADVANCED_FACE('',(#1777),#1174,.T.);
#10770=ADVANCED_FACE('',(#1778),#10179,.F.);
#10771=ADVANCED_FACE('',(#1779),#1175,.T.);
#10772=ADVANCED_FACE('',(#1780),#1176,.F.);
#10773=ADVANCED_FACE('',(#1781),#1177,.F.);
#10774=ADVANCED_FACE('',(#1782),#1178,.F.);
#10775=ADVANCED_FACE('',(#1783),#1179,.F.);
#10776=ADVANCED_FACE('',(#1784),#10180,.T.);
#10777=ADVANCED_FACE('',(#1785,#728),#1180,.T.);
#10778=ADVANCED_FACE('',(#1786),#10181,.T.);
#10779=ADVANCED_FACE('',(#1787,#729),#1181,.T.);
#10780=ADVANCED_FACE('',(#1788),#10182,.T.);
#10781=ADVANCED_FACE('',(#1789,#730),#1182,.T.);
#10782=ADVANCED_FACE('',(#1790),#10183,.T.);
#10783=ADVANCED_FACE('',(#1791,#731),#1183,.T.);
#10784=ADVANCED_FACE('',(#1792),#1184,.T.);
#10785=ADVANCED_FACE('',(#1793),#1185,.T.);
#10786=ADVANCED_FACE('',(#1794),#1186,.T.);
#10787=ADVANCED_FACE('',(#1795),#1187,.T.);
#10788=ADVANCED_FACE('',(#1796,#732,#733,#734,#735,#736,#737,#738),#1188,
 .T.);
#10789=ADVANCED_FACE('',(#1797,#739,#740,#741),#1189,.F.);
#10790=ADVANCED_FACE('',(#1798),#10184,.F.);
#10791=ADVANCED_FACE('',(#1799),#10185,.F.);
#10792=ADVANCED_FACE('',(#1800),#10186,.F.);
#10793=ADVANCED_FACE('',(#1801),#10187,.F.);
#10794=ADVANCED_FACE('',(#1802),#1190,.T.);
#10795=ADVANCED_FACE('',(#1803),#1191,.T.);
#10796=ADVANCED_FACE('',(#1804),#1192,.T.);
#10797=ADVANCED_FACE('',(#1805),#1193,.T.);
#10798=ADVANCED_FACE('',(#1806,#742,#743,#744,#745),#1194,.T.);
#10799=ADVANCED_FACE('',(#1807,#746,#747,#748,#749),#1195,.F.);
#10800=CLOSED_SHELL('',(#10188,#10189,#10190,#10191,#10192,#10193,#10194,
#10195,#10196,#10197,#10198,#10199,#10200,#10201,#10202,#10203,#10204,#10205,
#10206,#10207,#10208,#10209,#10210,#10211,#10212,#10213,#10214,#10215,#10216,
#10217,#10218,#10219,#10220,#10221,#10222,#10223,#10224,#10225,#10226,#10227,
#10228,#10229,#10230,#10231,#10232,#10233,#10234,#10235,#10236,#10237,#10238,
#10239,#10240,#10241,#10242,#10243,#10244,#10245,#10246,#10247,#10248,#10249,
#10250,#10251));
#10801=CLOSED_SHELL('',(#10252,#10253,#10254,#10255,#10256,#10257,#10258,
#10259,#10260,#10261,#10262,#10263));
#10802=CLOSED_SHELL('',(#10264,#10265,#10266,#10267,#10268,#10269,#10270,
#10271,#10272,#10273,#10274,#10275));
#10803=CLOSED_SHELL('',(#10276,#10277,#10278,#10279,#10280,#10281,#10282,
#10283,#10284,#10285,#10286,#10287,#10288));
#10804=CLOSED_SHELL('',(#10289,#10290,#10291,#10292,#10293,#10294,#10295,
#10296,#10297,#10298,#10299,#10300,#10301));
#10805=CLOSED_SHELL('',(#10302,#10303,#10304,#10305,#10306,#10307,#10308,
#10309,#10310,#10311,#10312,#10313,#10314));
#10806=CLOSED_SHELL('',(#10315,#10316,#10317,#10318,#10319,#10320,#10321,
#10322));
#10807=CLOSED_SHELL('',(#10323,#10324,#10325,#10326,#10327,#10328,#10329,
#10330,#10331,#10332));
#10808=CLOSED_SHELL('',(#10333,#10334,#10335,#10336,#10337,#10338,#10339,
#10340));
#10809=CLOSED_SHELL('',(#10341,#10342,#10343,#10344,#10345,#10346,#10347,
#10348));
#10810=CLOSED_SHELL('',(#10349,#10350,#10351));
#10811=CLOSED_SHELL('',(#10352,#10353,#10354));
#10812=CLOSED_SHELL('',(#10355,#10356,#10357,#10358,#10359,#10360,#10361,
#10362));
#10813=CLOSED_SHELL('',(#10363,#10364,#10365));
#10814=CLOSED_SHELL('',(#10366,#10367,#10368,#10369,#10370,#10371,#10372,
#10373));
#10815=CLOSED_SHELL('',(#10374,#10375,#10376));
#10816=CLOSED_SHELL('',(#10377,#10378,#10379,#10380,#10381,#10382,#10383,
#10384,#10385,#10386,#10387,#10388,#10389,#10390,#10391,#10392,#10393,#10394,
#10395,#10396,#10397,#10398,#10399,#10400,#10401,#10402,#10403,#10404,#10405,
#10406,#10407,#10408,#10409,#10410,#10411,#10412,#10413,#10414));
#10817=CLOSED_SHELL('',(#10415,#10416,#10417,#10418,#10419,#10420,#10421,
#10422));
#10818=CLOSED_SHELL('',(#10423,#10424,#10425,#10426,#10427,#10428,#10429,
#10430,#10431,#10432,#10433,#10434,#10435,#10436,#10437,#10438,#10439,#10440,
#10441,#10442,#10443,#10444,#10445,#10446,#10447,#10448,#10449,#10450,#10451,
#10452,#10453,#10454,#10455,#10456,#10457,#10458,#10459,#10460));
#10819=CLOSED_SHELL('',(#10461,#10462,#10463,#10464,#10465,#10466,#10467,
#10468));
#10820=CLOSED_SHELL('',(#10469,#10470,#10471));
#10821=CLOSED_SHELL('',(#10472,#10473,#10474,#10475));
#10822=CLOSED_SHELL('',(#10476,#10477,#10478,#10479));
#10823=CLOSED_SHELL('',(#10480,#10481,#10482));
#10824=CLOSED_SHELL('',(#10483,#10484,#10485,#10486,#10487,#10488,#10489,
#10490,#10491,#10492,#10493,#10494,#10495,#10496,#10497,#10498,#10499,#10500,
#10501,#10502));
#10825=CLOSED_SHELL('',(#10503,#10504,#10505,#10506));
#10826=CLOSED_SHELL('',(#10507,#10508,#10509,#10510));
#10827=CLOSED_SHELL('',(#10511,#10512,#10513,#10514,#10515,#10516));
#10828=CLOSED_SHELL('',(#10517,#10518,#10519,#10520,#10521,#10522,#10523,
#10524,#10525,#10526,#10527,#10528));
#10829=CLOSED_SHELL('',(#10529,#10530,#10531,#10532,#10533,#10534));
#10830=CLOSED_SHELL('',(#10535,#10536,#10537,#10538,#10539,#10540));
#10831=CLOSED_SHELL('',(#10541,#10542,#10543,#10544,#10545,#10546));
#10832=CLOSED_SHELL('',(#10547,#10548,#10549,#10550,#10551,#10552));
#10833=CLOSED_SHELL('',(#10553,#10554,#10555,#10556,#10557,#10558));
#10834=CLOSED_SHELL('',(#10559,#10560,#10561,#10562,#10563,#10564,#10565,
#10566,#10567,#10568));
#10835=CLOSED_SHELL('',(#10569,#10570,#10571,#10572,#10573,#10574));
#10836=CLOSED_SHELL('',(#10575,#10576,#10577,#10578,#10579,#10580));
#10837=CLOSED_SHELL('',(#10581,#10582,#10583,#10584,#10585,#10586));
#10838=CLOSED_SHELL('',(#10587,#10588,#10589,#10590,#10591,#10592,#10593,
#10594));
#10839=CLOSED_SHELL('',(#10595,#10596,#10597,#10598,#10599,#10600,#10601,
#10602,#10603,#10604));
#10840=CLOSED_SHELL('',(#10605,#10606,#10607,#10608,#10609,#10610,#10611,
#10612,#10613,#10614,#10615,#10616,#10617,#10618,#10619,#10620,#10621,#10622));
#10841=CLOSED_SHELL('',(#10623,#10624,#10625,#10626,#10627,#10628));
#10842=CLOSED_SHELL('',(#10629,#10630,#10631,#10632,#10633,#10634));
#10843=CLOSED_SHELL('',(#10635,#10636,#10637,#10638,#10639,#10640,#10641));
#10844=CLOSED_SHELL('',(#10642,#10643,#10644,#10645,#10646,#10647,#10648));
#10845=CLOSED_SHELL('',(#10649,#10650,#10651,#10652,#10653,#10654,#10655));
#10846=CLOSED_SHELL('',(#10656,#10657,#10658,#10659,#10660,#10661,#10662));
#10847=CLOSED_SHELL('',(#10663,#10664,#10665,#10666,#10667,#10668,#10669));
#10848=CLOSED_SHELL('',(#10670,#10671,#10672,#10673,#10674,#10675,#10676));
#10849=CLOSED_SHELL('',(#10677,#10678,#10679,#10680,#10681,#10682,#10683,
#10684,#10685,#10686,#10687,#10688,#10689,#10690,#10691,#10692,#10693));
#10850=CLOSED_SHELL('',(#10694,#10695,#10696,#10697,#10698,#10699,#10700,
#10701,#10702,#10703,#10704,#10705,#10706,#10707,#10708,#10709,#10710));
#10851=CLOSED_SHELL('',(#10711,#10712,#10713,#10714,#10715,#10716,#10717,
#10718,#10719,#10720,#10721,#10722,#10723,#10724,#10725,#10726,#10727));
#10852=CLOSED_SHELL('',(#10728,#10729,#10730,#10731,#10732,#10733,#10734,
#10735,#10736,#10737,#10738,#10739,#10740,#10741,#10742,#10743,#10744));
#10853=CLOSED_SHELL('',(#10745,#10746,#10747,#10748,#10749,#10750,#10751,
#10752,#10753,#10754,#10755,#10756,#10757,#10758,#10759,#10760,#10761));
#10854=CLOSED_SHELL('',(#10762,#10763,#10764,#10765,#10766,#10767,#10768,
#10769,#10770,#10771,#10772,#10773,#10774,#10775,#10776,#10777,#10778,#10779,
#10780,#10781,#10782,#10783,#10784,#10785,#10786,#10787,#10788,#10789));
#10855=CLOSED_SHELL('',(#10790,#10791,#10792,#10793,#10794,#10795,#10796,
#10797,#10798,#10799));
#10856=DERIVED_UNIT_ELEMENT(#10956,1.);
#10857=DERIVED_UNIT_ELEMENT(#19068,-3.);
#10858=DERIVED_UNIT_ELEMENT(#10956,1.);
#10859=DERIVED_UNIT_ELEMENT(#19068,-3.);
#10860=DERIVED_UNIT_ELEMENT(#10956,1.);
#10861=DERIVED_UNIT_ELEMENT(#19068,-3.);
#10862=DERIVED_UNIT_ELEMENT(#10956,1.);
#10863=DERIVED_UNIT_ELEMENT(#19068,-3.);
#10864=DERIVED_UNIT_ELEMENT(#10956,1.);
#10865=DERIVED_UNIT_ELEMENT(#19068,-3.);
#10866=DERIVED_UNIT_ELEMENT(#10956,1.);
#10867=DERIVED_UNIT_ELEMENT(#19068,-3.);
#10868=DERIVED_UNIT_ELEMENT(#10956,1.);
#10869=DERIVED_UNIT_ELEMENT(#19068,-3.);
#10870=DERIVED_UNIT_ELEMENT(#10956,1.);
#10871=DERIVED_UNIT_ELEMENT(#19068,-3.);
#10872=DERIVED_UNIT_ELEMENT(#10956,1.);
#10873=DERIVED_UNIT_ELEMENT(#19068,-3.);
#10874=DERIVED_UNIT_ELEMENT(#10956,1.);
#10875=DERIVED_UNIT_ELEMENT(#19068,-3.);
#10876=DERIVED_UNIT_ELEMENT(#10956,1.);
#10877=DERIVED_UNIT_ELEMENT(#19068,-3.);
#10878=DERIVED_UNIT_ELEMENT(#10956,1.);
#10879=DERIVED_UNIT_ELEMENT(#19068,-3.);
#10880=DERIVED_UNIT_ELEMENT(#10956,1.);
#10881=DERIVED_UNIT_ELEMENT(#19068,-3.);
#10882=DERIVED_UNIT_ELEMENT(#10956,1.);
#10883=DERIVED_UNIT_ELEMENT(#19068,-3.);
#10884=DERIVED_UNIT_ELEMENT(#10956,1.);
#10885=DERIVED_UNIT_ELEMENT(#19068,-3.);
#10886=DERIVED_UNIT_ELEMENT(#10956,1.);
#10887=DERIVED_UNIT_ELEMENT(#19068,-3.);
#10888=DERIVED_UNIT_ELEMENT(#10956,1.);
#10889=DERIVED_UNIT_ELEMENT(#19068,-3.);
#10890=DERIVED_UNIT_ELEMENT(#10956,1.);
#10891=DERIVED_UNIT_ELEMENT(#19068,-3.);
#10892=DERIVED_UNIT_ELEMENT(#10956,1.);
#10893=DERIVED_UNIT_ELEMENT(#19068,-3.);
#10894=DERIVED_UNIT_ELEMENT(#10956,1.);
#10895=DERIVED_UNIT_ELEMENT(#19068,-3.);
#10896=DERIVED_UNIT_ELEMENT(#10956,1.);
#10897=DERIVED_UNIT_ELEMENT(#19068,-3.);
#10898=DERIVED_UNIT_ELEMENT(#10956,1.);
#10899=DERIVED_UNIT_ELEMENT(#19068,-3.);
#10900=DERIVED_UNIT_ELEMENT(#10956,1.);
#10901=DERIVED_UNIT_ELEMENT(#19068,-3.);
#10902=DERIVED_UNIT_ELEMENT(#10956,1.);
#10903=DERIVED_UNIT_ELEMENT(#19068,-3.);
#10904=DERIVED_UNIT_ELEMENT(#10956,1.);
#10905=DERIVED_UNIT_ELEMENT(#19068,-3.);
#10906=DERIVED_UNIT_ELEMENT(#10956,1.);
#10907=DERIVED_UNIT_ELEMENT(#19068,-3.);
#10908=DERIVED_UNIT_ELEMENT(#10956,1.);
#10909=DERIVED_UNIT_ELEMENT(#19068,-3.);
#10910=DERIVED_UNIT_ELEMENT(#10956,1.);
#10911=DERIVED_UNIT_ELEMENT(#19068,-3.);
#10912=DERIVED_UNIT_ELEMENT(#10956,1.);
#10913=DERIVED_UNIT_ELEMENT(#19068,-3.);
#10914=DERIVED_UNIT_ELEMENT(#10956,1.);
#10915=DERIVED_UNIT_ELEMENT(#19068,-3.);
#10916=DERIVED_UNIT_ELEMENT(#10956,1.);
#10917=DERIVED_UNIT_ELEMENT(#19068,-3.);
#10918=DERIVED_UNIT_ELEMENT(#10956,1.);
#10919=DERIVED_UNIT_ELEMENT(#19068,-3.);
#10920=DERIVED_UNIT_ELEMENT(#10956,1.);
#10921=DERIVED_UNIT_ELEMENT(#19068,-3.);
#10922=DERIVED_UNIT_ELEMENT(#10956,1.);
#10923=DERIVED_UNIT_ELEMENT(#19068,-3.);
#10924=DERIVED_UNIT_ELEMENT(#10956,1.);
#10925=DERIVED_UNIT_ELEMENT(#19068,-3.);
#10926=DERIVED_UNIT_ELEMENT(#10956,1.);
#10927=DERIVED_UNIT_ELEMENT(#19068,-3.);
#10928=DERIVED_UNIT_ELEMENT(#10956,1.);
#10929=DERIVED_UNIT_ELEMENT(#19068,-3.);
#10930=DERIVED_UNIT_ELEMENT(#10956,1.);
#10931=DERIVED_UNIT_ELEMENT(#19068,-3.);
#10932=DERIVED_UNIT_ELEMENT(#10956,1.);
#10933=DERIVED_UNIT_ELEMENT(#19068,-3.);
#10934=DERIVED_UNIT_ELEMENT(#10956,1.);
#10935=DERIVED_UNIT_ELEMENT(#19068,-3.);
#10936=DERIVED_UNIT_ELEMENT(#10956,1.);
#10937=DERIVED_UNIT_ELEMENT(#19068,-3.);
#10938=DERIVED_UNIT_ELEMENT(#10956,1.);
#10939=DERIVED_UNIT_ELEMENT(#19068,-3.);
#10940=DERIVED_UNIT_ELEMENT(#10956,1.);
#10941=DERIVED_UNIT_ELEMENT(#19068,-3.);
#10942=DERIVED_UNIT_ELEMENT(#10956,1.);
#10943=DERIVED_UNIT_ELEMENT(#19068,-3.);
#10944=DERIVED_UNIT_ELEMENT(#10956,1.);
#10945=DERIVED_UNIT_ELEMENT(#19068,-3.);
#10946=DERIVED_UNIT_ELEMENT(#10956,1.);
#10947=DERIVED_UNIT_ELEMENT(#19068,-3.);
#10948=DERIVED_UNIT_ELEMENT(#10956,1.);
#10949=DERIVED_UNIT_ELEMENT(#19068,-3.);
#10950=DERIVED_UNIT_ELEMENT(#10956,1.);
#10951=DERIVED_UNIT_ELEMENT(#19068,-3.);
#10952=DERIVED_UNIT_ELEMENT(#10956,1.);
#10953=DERIVED_UNIT_ELEMENT(#19068,-3.);
#10954=DERIVED_UNIT_ELEMENT(#10956,1.);
#10955=DERIVED_UNIT_ELEMENT(#19068,-3.);
#10956=(
MASS_UNIT()
NAMED_UNIT(*)
SI_UNIT(.KILO.,.GRAM.)
);
#10957=DERIVED_UNIT((#10856,#10857));
#10958=DERIVED_UNIT((#10858,#10859));
#10959=DERIVED_UNIT((#10860,#10861));
#10960=DERIVED_UNIT((#10862,#10863));
#10961=DERIVED_UNIT((#10864,#10865));
#10962=DERIVED_UNIT((#10866,#10867));
#10963=DERIVED_UNIT((#10868,#10869));
#10964=DERIVED_UNIT((#10870,#10871));
#10965=DERIVED_UNIT((#10872,#10873));
#10966=DERIVED_UNIT((#10874,#10875));
#10967=DERIVED_UNIT((#10876,#10877));
#10968=DERIVED_UNIT((#10878,#10879));
#10969=DERIVED_UNIT((#10880,#10881));
#10970=DERIVED_UNIT((#10882,#10883));
#10971=DERIVED_UNIT((#10884,#10885));
#10972=DERIVED_UNIT((#10886,#10887));
#10973=DERIVED_UNIT((#10888,#10889));
#10974=DERIVED_UNIT((#10890,#10891));
#10975=DERIVED_UNIT((#10892,#10893));
#10976=DERIVED_UNIT((#10894,#10895));
#10977=DERIVED_UNIT((#10896,#10897));
#10978=DERIVED_UNIT((#10898,#10899));
#10979=DERIVED_UNIT((#10900,#10901));
#10980=DERIVED_UNIT((#10902,#10903));
#10981=DERIVED_UNIT((#10904,#10905));
#10982=DERIVED_UNIT((#10906,#10907));
#10983=DERIVED_UNIT((#10908,#10909));
#10984=DERIVED_UNIT((#10910,#10911));
#10985=DERIVED_UNIT((#10912,#10913));
#10986=DERIVED_UNIT((#10914,#10915));
#10987=DERIVED_UNIT((#10916,#10917));
#10988=DERIVED_UNIT((#10918,#10919));
#10989=DERIVED_UNIT((#10920,#10921));
#10990=DERIVED_UNIT((#10922,#10923));
#10991=DERIVED_UNIT((#10924,#10925));
#10992=DERIVED_UNIT((#10926,#10927));
#10993=DERIVED_UNIT((#10928,#10929));
#10994=DERIVED_UNIT((#10930,#10931));
#10995=DERIVED_UNIT((#10932,#10933));
#10996=DERIVED_UNIT((#10934,#10935));
#10997=DERIVED_UNIT((#10936,#10937));
#10998=DERIVED_UNIT((#10938,#10939));
#10999=DERIVED_UNIT((#10940,#10941));
#11000=DERIVED_UNIT((#10942,#10943));
#11001=DERIVED_UNIT((#10944,#10945));
#11002=DERIVED_UNIT((#10946,#10947));
#11003=DERIVED_UNIT((#10948,#10949));
#11004=DERIVED_UNIT((#10950,#10951));
#11005=DERIVED_UNIT((#10952,#10953));
#11006=DERIVED_UNIT((#10954,#10955));
#11007=MEASURE_REPRESENTATION_ITEM('density measure',
POSITIVE_RATIO_MEASURE(7850.),#10957);
#11008=MEASURE_REPRESENTATION_ITEM('density measure',
POSITIVE_RATIO_MEASURE(7850.),#10958);
#11009=MEASURE_REPRESENTATION_ITEM('density measure',
POSITIVE_RATIO_MEASURE(7850.),#10959);
#11010=MEASURE_REPRESENTATION_ITEM('density measure',
POSITIVE_RATIO_MEASURE(7850.),#10960);
#11011=MEASURE_REPRESENTATION_ITEM('density measure',
POSITIVE_RATIO_MEASURE(7850.),#10961);
#11012=MEASURE_REPRESENTATION_ITEM('density measure',
POSITIVE_RATIO_MEASURE(7850.),#10962);
#11013=MEASURE_REPRESENTATION_ITEM('density measure',
POSITIVE_RATIO_MEASURE(7850.),#10963);
#11014=MEASURE_REPRESENTATION_ITEM('density measure',
POSITIVE_RATIO_MEASURE(7850.),#10964);
#11015=MEASURE_REPRESENTATION_ITEM('density measure',
POSITIVE_RATIO_MEASURE(7850.),#10965);
#11016=MEASURE_REPRESENTATION_ITEM('density measure',
POSITIVE_RATIO_MEASURE(7850.),#10966);
#11017=MEASURE_REPRESENTATION_ITEM('density measure',
POSITIVE_RATIO_MEASURE(7850.),#10967);
#11018=MEASURE_REPRESENTATION_ITEM('density measure',
POSITIVE_RATIO_MEASURE(7850.),#10968);
#11019=MEASURE_REPRESENTATION_ITEM('density measure',
POSITIVE_RATIO_MEASURE(7850.),#10969);
#11020=MEASURE_REPRESENTATION_ITEM('density measure',
POSITIVE_RATIO_MEASURE(7850.),#10970);
#11021=MEASURE_REPRESENTATION_ITEM('density measure',
POSITIVE_RATIO_MEASURE(7850.),#10971);
#11022=MEASURE_REPRESENTATION_ITEM('density measure',
POSITIVE_RATIO_MEASURE(7850.),#10972);
#11023=MEASURE_REPRESENTATION_ITEM('density measure',
POSITIVE_RATIO_MEASURE(7850.),#10973);
#11024=MEASURE_REPRESENTATION_ITEM('density measure',
POSITIVE_RATIO_MEASURE(7850.),#10974);
#11025=MEASURE_REPRESENTATION_ITEM('density measure',
POSITIVE_RATIO_MEASURE(7850.),#10975);
#11026=MEASURE_REPRESENTATION_ITEM('density measure',
POSITIVE_RATIO_MEASURE(7850.),#10976);
#11027=MEASURE_REPRESENTATION_ITEM('density measure',
POSITIVE_RATIO_MEASURE(7850.),#10977);
#11028=MEASURE_REPRESENTATION_ITEM('density measure',
POSITIVE_RATIO_MEASURE(7850.),#10978);
#11029=MEASURE_REPRESENTATION_ITEM('density measure',
POSITIVE_RATIO_MEASURE(7850.),#10979);
#11030=MEASURE_REPRESENTATION_ITEM('density measure',
POSITIVE_RATIO_MEASURE(7850.),#10980);
#11031=MEASURE_REPRESENTATION_ITEM('density measure',
POSITIVE_RATIO_MEASURE(7850.),#10981);
#11032=MEASURE_REPRESENTATION_ITEM('density measure',
POSITIVE_RATIO_MEASURE(7850.),#10982);
#11033=MEASURE_REPRESENTATION_ITEM('density measure',
POSITIVE_RATIO_MEASURE(7850.),#10983);
#11034=MEASURE_REPRESENTATION_ITEM('density measure',
POSITIVE_RATIO_MEASURE(7850.),#10984);
#11035=MEASURE_REPRESENTATION_ITEM('density measure',
POSITIVE_RATIO_MEASURE(7850.),#10985);
#11036=MEASURE_REPRESENTATION_ITEM('density measure',
POSITIVE_RATIO_MEASURE(7850.),#10986);
#11037=MEASURE_REPRESENTATION_ITEM('density measure',
POSITIVE_RATIO_MEASURE(7850.),#10987);
#11038=MEASURE_REPRESENTATION_ITEM('density measure',
POSITIVE_RATIO_MEASURE(7850.),#10988);
#11039=MEASURE_REPRESENTATION_ITEM('density measure',
POSITIVE_RATIO_MEASURE(7850.),#10989);
#11040=MEASURE_REPRESENTATION_ITEM('density measure',
POSITIVE_RATIO_MEASURE(7850.),#10990);
#11041=MEASURE_REPRESENTATION_ITEM('density measure',
POSITIVE_RATIO_MEASURE(7850.),#10991);
#11042=MEASURE_REPRESENTATION_ITEM('density measure',
POSITIVE_RATIO_MEASURE(7850.),#10992);
#11043=MEASURE_REPRESENTATION_ITEM('density measure',
POSITIVE_RATIO_MEASURE(7850.),#10993);
#11044=MEASURE_REPRESENTATION_ITEM('density measure',
POSITIVE_RATIO_MEASURE(7850.),#10994);
#11045=MEASURE_REPRESENTATION_ITEM('density measure',
POSITIVE_RATIO_MEASURE(7850.),#10995);
#11046=MEASURE_REPRESENTATION_ITEM('density measure',
POSITIVE_RATIO_MEASURE(7850.),#10996);
#11047=MEASURE_REPRESENTATION_ITEM('density measure',
POSITIVE_RATIO_MEASURE(7850.),#10997);
#11048=MEASURE_REPRESENTATION_ITEM('density measure',
POSITIVE_RATIO_MEASURE(7850.),#10998);
#11049=MEASURE_REPRESENTATION_ITEM('density measure',
POSITIVE_RATIO_MEASURE(7850.),#10999);
#11050=MEASURE_REPRESENTATION_ITEM('density measure',
POSITIVE_RATIO_MEASURE(7850.),#11000);
#11051=MEASURE_REPRESENTATION_ITEM('density measure',
POSITIVE_RATIO_MEASURE(7850.),#11001);
#11052=MEASURE_REPRESENTATION_ITEM('density measure',
POSITIVE_RATIO_MEASURE(7850.),#11002);
#11053=MEASURE_REPRESENTATION_ITEM('density measure',
POSITIVE_RATIO_MEASURE(7850.),#11003);
#11054=MEASURE_REPRESENTATION_ITEM('density measure',
POSITIVE_RATIO_MEASURE(7850.),#11004);
#11055=MEASURE_REPRESENTATION_ITEM('density measure',
POSITIVE_RATIO_MEASURE(7850.),#11005);
#11056=MEASURE_REPRESENTATION_ITEM('density measure',
POSITIVE_RATIO_MEASURE(7850.),#11006);
#11057=PROPERTY_DEFINITION_REPRESENTATION(#11307,#11157);
#11058=PROPERTY_DEFINITION_REPRESENTATION(#11308,#11158);
#11059=PROPERTY_DEFINITION_REPRESENTATION(#11309,#11159);
#11060=PROPERTY_DEFINITION_REPRESENTATION(#11310,#11160);
#11061=PROPERTY_DEFINITION_REPRESENTATION(#11311,#11161);
#11062=PROPERTY_DEFINITION_REPRESENTATION(#11312,#11162);
#11063=PROPERTY_DEFINITION_REPRESENTATION(#11313,#11163);
#11064=PROPERTY_DEFINITION_REPRESENTATION(#11314,#11164);
#11065=PROPERTY_DEFINITION_REPRESENTATION(#11315,#11165);
#11066=PROPERTY_DEFINITION_REPRESENTATION(#11316,#11166);
#11067=PROPERTY_DEFINITION_REPRESENTATION(#11317,#11167);
#11068=PROPERTY_DEFINITION_REPRESENTATION(#11318,#11168);
#11069=PROPERTY_DEFINITION_REPRESENTATION(#11319,#11169);
#11070=PROPERTY_DEFINITION_REPRESENTATION(#11320,#11170);
#11071=PROPERTY_DEFINITION_REPRESENTATION(#11321,#11171);
#11072=PROPERTY_DEFINITION_REPRESENTATION(#11322,#11172);
#11073=PROPERTY_DEFINITION_REPRESENTATION(#11323,#11173);
#11074=PROPERTY_DEFINITION_REPRESENTATION(#11324,#11174);
#11075=PROPERTY_DEFINITION_REPRESENTATION(#11325,#11175);
#11076=PROPERTY_DEFINITION_REPRESENTATION(#11326,#11176);
#11077=PROPERTY_DEFINITION_REPRESENTATION(#11327,#11177);
#11078=PROPERTY_DEFINITION_REPRESENTATION(#11328,#11178);
#11079=PROPERTY_DEFINITION_REPRESENTATION(#11329,#11179);
#11080=PROPERTY_DEFINITION_REPRESENTATION(#11330,#11180);
#11081=PROPERTY_DEFINITION_REPRESENTATION(#11331,#11181);
#11082=PROPERTY_DEFINITION_REPRESENTATION(#11332,#11182);
#11083=PROPERTY_DEFINITION_REPRESENTATION(#11333,#11183);
#11084=PROPERTY_DEFINITION_REPRESENTATION(#11334,#11184);
#11085=PROPERTY_DEFINITION_REPRESENTATION(#11335,#11185);
#11086=PROPERTY_DEFINITION_REPRESENTATION(#11336,#11186);
#11087=PROPERTY_DEFINITION_REPRESENTATION(#11337,#11187);
#11088=PROPERTY_DEFINITION_REPRESENTATION(#11338,#11188);
#11089=PROPERTY_DEFINITION_REPRESENTATION(#11339,#11189);
#11090=PROPERTY_DEFINITION_REPRESENTATION(#11340,#11190);
#11091=PROPERTY_DEFINITION_REPRESENTATION(#11341,#11191);
#11092=PROPERTY_DEFINITION_REPRESENTATION(#11342,#11192);
#11093=PROPERTY_DEFINITION_REPRESENTATION(#11343,#11193);
#11094=PROPERTY_DEFINITION_REPRESENTATION(#11344,#11194);
#11095=PROPERTY_DEFINITION_REPRESENTATION(#11345,#11195);
#11096=PROPERTY_DEFINITION_REPRESENTATION(#11346,#11196);
#11097=PROPERTY_DEFINITION_REPRESENTATION(#11347,#11197);
#11098=PROPERTY_DEFINITION_REPRESENTATION(#11348,#11198);
#11099=PROPERTY_DEFINITION_REPRESENTATION(#11349,#11199);
#11100=PROPERTY_DEFINITION_REPRESENTATION(#11350,#11200);
#11101=PROPERTY_DEFINITION_REPRESENTATION(#11351,#11201);
#11102=PROPERTY_DEFINITION_REPRESENTATION(#11352,#11202);
#11103=PROPERTY_DEFINITION_REPRESENTATION(#11353,#11203);
#11104=PROPERTY_DEFINITION_REPRESENTATION(#11354,#11204);
#11105=PROPERTY_DEFINITION_REPRESENTATION(#11355,#11205);
#11106=PROPERTY_DEFINITION_REPRESENTATION(#11356,#11206);
#11107=PROPERTY_DEFINITION_REPRESENTATION(#11357,#11207);
#11108=PROPERTY_DEFINITION_REPRESENTATION(#11358,#11208);
#11109=PROPERTY_DEFINITION_REPRESENTATION(#11359,#11209);
#11110=PROPERTY_DEFINITION_REPRESENTATION(#11360,#11210);
#11111=PROPERTY_DEFINITION_REPRESENTATION(#11361,#11211);
#11112=PROPERTY_DEFINITION_REPRESENTATION(#11362,#11212);
#11113=PROPERTY_DEFINITION_REPRESENTATION(#11363,#11213);
#11114=PROPERTY_DEFINITION_REPRESENTATION(#11364,#11214);
#11115=PROPERTY_DEFINITION_REPRESENTATION(#11365,#11215);
#11116=PROPERTY_DEFINITION_REPRESENTATION(#11366,#11216);
#11117=PROPERTY_DEFINITION_REPRESENTATION(#11367,#11217);
#11118=PROPERTY_DEFINITION_REPRESENTATION(#11368,#11218);
#11119=PROPERTY_DEFINITION_REPRESENTATION(#11369,#11219);
#11120=PROPERTY_DEFINITION_REPRESENTATION(#11370,#11220);
#11121=PROPERTY_DEFINITION_REPRESENTATION(#11371,#11221);
#11122=PROPERTY_DEFINITION_REPRESENTATION(#11372,#11222);
#11123=PROPERTY_DEFINITION_REPRESENTATION(#11373,#11223);
#11124=PROPERTY_DEFINITION_REPRESENTATION(#11374,#11224);
#11125=PROPERTY_DEFINITION_REPRESENTATION(#11375,#11225);
#11126=PROPERTY_DEFINITION_REPRESENTATION(#11376,#11226);
#11127=PROPERTY_DEFINITION_REPRESENTATION(#11377,#11227);
#11128=PROPERTY_DEFINITION_REPRESENTATION(#11378,#11228);
#11129=PROPERTY_DEFINITION_REPRESENTATION(#11379,#11229);
#11130=PROPERTY_DEFINITION_REPRESENTATION(#11380,#11230);
#11131=PROPERTY_DEFINITION_REPRESENTATION(#11381,#11231);
#11132=PROPERTY_DEFINITION_REPRESENTATION(#11382,#11232);
#11133=PROPERTY_DEFINITION_REPRESENTATION(#11383,#11233);
#11134=PROPERTY_DEFINITION_REPRESENTATION(#11384,#11234);
#11135=PROPERTY_DEFINITION_REPRESENTATION(#11385,#11235);
#11136=PROPERTY_DEFINITION_REPRESENTATION(#11386,#11236);
#11137=PROPERTY_DEFINITION_REPRESENTATION(#11387,#11237);
#11138=PROPERTY_DEFINITION_REPRESENTATION(#11388,#11238);
#11139=PROPERTY_DEFINITION_REPRESENTATION(#11389,#11239);
#11140=PROPERTY_DEFINITION_REPRESENTATION(#11390,#11240);
#11141=PROPERTY_DEFINITION_REPRESENTATION(#11391,#11241);
#11142=PROPERTY_DEFINITION_REPRESENTATION(#11392,#11242);
#11143=PROPERTY_DEFINITION_REPRESENTATION(#11393,#11243);
#11144=PROPERTY_DEFINITION_REPRESENTATION(#11394,#11244);
#11145=PROPERTY_DEFINITION_REPRESENTATION(#11395,#11245);
#11146=PROPERTY_DEFINITION_REPRESENTATION(#11396,#11246);
#11147=PROPERTY_DEFINITION_REPRESENTATION(#11397,#11247);
#11148=PROPERTY_DEFINITION_REPRESENTATION(#11398,#11248);
#11149=PROPERTY_DEFINITION_REPRESENTATION(#11399,#11249);
#11150=PROPERTY_DEFINITION_REPRESENTATION(#11400,#11250);
#11151=PROPERTY_DEFINITION_REPRESENTATION(#11401,#11251);
#11152=PROPERTY_DEFINITION_REPRESENTATION(#11402,#11252);
#11153=PROPERTY_DEFINITION_REPRESENTATION(#11403,#11253);
#11154=PROPERTY_DEFINITION_REPRESENTATION(#11404,#11254);
#11155=PROPERTY_DEFINITION_REPRESENTATION(#11405,#11255);
#11156=PROPERTY_DEFINITION_REPRESENTATION(#11406,#11256);
#11157=REPRESENTATION('material name',(#11257),#19011);
#11158=REPRESENTATION('density',(#11007),#19011);
#11159=REPRESENTATION('material name',(#11258),#19012);
#11160=REPRESENTATION('density',(#11008),#19012);
#11161=REPRESENTATION('material name',(#11259),#19013);
#11162=REPRESENTATION('density',(#11009),#19013);
#11163=REPRESENTATION('material name',(#11260),#19014);
#11164=REPRESENTATION('density',(#11010),#19014);
#11165=REPRESENTATION('material name',(#11261),#19015);
#11166=REPRESENTATION('density',(#11011),#19015);
#11167=REPRESENTATION('material name',(#11262),#19016);
#11168=REPRESENTATION('density',(#11012),#19016);
#11169=REPRESENTATION('material name',(#11263),#19017);
#11170=REPRESENTATION('density',(#11013),#19017);
#11171=REPRESENTATION('material name',(#11264),#19019);
#11172=REPRESENTATION('density',(#11014),#19019);
#11173=REPRESENTATION('material name',(#11265),#19020);
#11174=REPRESENTATION('density',(#11015),#19020);
#11175=REPRESENTATION('material name',(#11266),#19021);
#11176=REPRESENTATION('density',(#11016),#19021);
#11177=REPRESENTATION('material name',(#11267),#19022);
#11178=REPRESENTATION('density',(#11017),#19022);
#11179=REPRESENTATION('material name',(#11268),#19023);
#11180=REPRESENTATION('density',(#11018),#19023);
#11181=REPRESENTATION('material name',(#11269),#19024);
#11182=REPRESENTATION('density',(#11019),#19024);
#11183=REPRESENTATION('material name',(#11270),#19025);
#11184=REPRESENTATION('density',(#11020),#19025);
#11185=REPRESENTATION('material name',(#11271),#19026);
#11186=REPRESENTATION('density',(#11021),#19026);
#11187=REPRESENTATION('material name',(#11272),#19027);
#11188=REPRESENTATION('density',(#11022),#19027);
#11189=REPRESENTATION('material name',(#11273),#19028);
#11190=REPRESENTATION('density',(#11023),#19028);
#11191=REPRESENTATION('material name',(#11274),#19030);
#11192=REPRESENTATION('density',(#11024),#19030);
#11193=REPRESENTATION('material name',(#11275),#19031);
#11194=REPRESENTATION('density',(#11025),#19031);
#11195=REPRESENTATION('material name',(#11276),#19032);
#11196=REPRESENTATION('density',(#11026),#19032);
#11197=REPRESENTATION('material name',(#11277),#19033);
#11198=REPRESENTATION('density',(#11027),#19033);
#11199=REPRESENTATION('material name',(#11278),#19034);
#11200=REPRESENTATION('density',(#11028),#19034);
#11201=REPRESENTATION('material name',(#11279),#19035);
#11202=REPRESENTATION('density',(#11029),#19035);
#11203=REPRESENTATION('material name',(#11280),#19036);
#11204=REPRESENTATION('density',(#11030),#19036);
#11205=REPRESENTATION('material name',(#11281),#19037);
#11206=REPRESENTATION('density',(#11031),#19037);
#11207=REPRESENTATION('material name',(#11282),#19038);
#11208=REPRESENTATION('density',(#11032),#19038);
#11209=REPRESENTATION('material name',(#11283),#19040);
#11210=REPRESENTATION('density',(#11033),#19040);
#11211=REPRESENTATION('material name',(#11284),#19041);
#11212=REPRESENTATION('density',(#11034),#19041);
#11213=REPRESENTATION('material name',(#11285),#19042);
#11214=REPRESENTATION('density',(#11035),#19042);
#11215=REPRESENTATION('material name',(#11286),#19043);
#11216=REPRESENTATION('density',(#11036),#19043);
#11217=REPRESENTATION('material name',(#11287),#19044);
#11218=REPRESENTATION('density',(#11037),#19044);
#11219=REPRESENTATION('material name',(#11288),#19045);
#11220=REPRESENTATION('density',(#11038),#19045);
#11221=REPRESENTATION('material name',(#11289),#19046);
#11222=REPRESENTATION('density',(#11039),#19046);
#11223=REPRESENTATION('material name',(#11290),#19048);
#11224=REPRESENTATION('density',(#11040),#19048);
#11225=REPRESENTATION('material name',(#11291),#19050);
#11226=REPRESENTATION('density',(#11041),#19050);
#11227=REPRESENTATION('material name',(#11292),#19051);
#11228=REPRESENTATION('density',(#11042),#19051);
#11229=REPRESENTATION('material name',(#11293),#19052);
#11230=REPRESENTATION('density',(#11043),#19052);
#11231=REPRESENTATION('material name',(#11294),#19053);
#11232=REPRESENTATION('density',(#11044),#19053);
#11233=REPRESENTATION('material name',(#11295),#19054);
#11234=REPRESENTATION('density',(#11045),#19054);
#11235=REPRESENTATION('material name',(#11296),#19055);
#11236=REPRESENTATION('density',(#11046),#19055);
#11237=REPRESENTATION('material name',(#11297),#19056);
#11238=REPRESENTATION('density',(#11047),#19056);
#11239=REPRESENTATION('material name',(#11298),#19057);
#11240=REPRESENTATION('density',(#11048),#19057);
#11241=REPRESENTATION('material name',(#11299),#19058);
#11242=REPRESENTATION('density',(#11049),#19058);
#11243=REPRESENTATION('material name',(#11300),#19059);
#11244=REPRESENTATION('density',(#11050),#19059);
#11245=REPRESENTATION('material name',(#11301),#19060);
#11246=REPRESENTATION('density',(#11051),#19060);
#11247=REPRESENTATION('material name',(#11302),#19061);
#11248=REPRESENTATION('density',(#11052),#19061);
#11249=REPRESENTATION('material name',(#11303),#19062);
#11250=REPRESENTATION('density',(#11053),#19062);
#11251=REPRESENTATION('material name',(#11304),#19063);
#11252=REPRESENTATION('density',(#11054),#19063);
#11253=REPRESENTATION('material name',(#11305),#19064);
#11254=REPRESENTATION('density',(#11055),#19064);
#11255=REPRESENTATION('material name',(#11306),#19065);
#11256=REPRESENTATION('density',(#11056),#19065);
#11257=DESCRIPTIVE_REPRESENTATION_ITEM('Steel','Steel');
#11258=DESCRIPTIVE_REPRESENTATION_ITEM('Steel','Steel');
#11259=DESCRIPTIVE_REPRESENTATION_ITEM('Steel','Steel');
#11260=DESCRIPTIVE_REPRESENTATION_ITEM('Steel','Steel');
#11261=DESCRIPTIVE_REPRESENTATION_ITEM('Steel','Steel');
#11262=DESCRIPTIVE_REPRESENTATION_ITEM('Steel','Steel');
#11263=DESCRIPTIVE_REPRESENTATION_ITEM('Steel','Steel');
#11264=DESCRIPTIVE_REPRESENTATION_ITEM('Steel','Steel');
#11265=DESCRIPTIVE_REPRESENTATION_ITEM('Steel','Steel');
#11266=DESCRIPTIVE_REPRESENTATION_ITEM('Steel','Steel');
#11267=DESCRIPTIVE_REPRESENTATION_ITEM('Steel','Steel');
#11268=DESCRIPTIVE_REPRESENTATION_ITEM('Steel','Steel');
#11269=DESCRIPTIVE_REPRESENTATION_ITEM('Steel','Steel');
#11270=DESCRIPTIVE_REPRESENTATION_ITEM('Steel','Steel');
#11271=DESCRIPTIVE_REPRESENTATION_ITEM('Steel','Steel');
#11272=DESCRIPTIVE_REPRESENTATION_ITEM('Steel','Steel');
#11273=DESCRIPTIVE_REPRESENTATION_ITEM('Steel','Steel');
#11274=DESCRIPTIVE_REPRESENTATION_ITEM('Steel','Steel');
#11275=DESCRIPTIVE_REPRESENTATION_ITEM('Steel','Steel');
#11276=DESCRIPTIVE_REPRESENTATION_ITEM('Steel','Steel');
#11277=DESCRIPTIVE_REPRESENTATION_ITEM('Steel','Steel');
#11278=DESCRIPTIVE_REPRESENTATION_ITEM('Steel','Steel');
#11279=DESCRIPTIVE_REPRESENTATION_ITEM('Steel','Steel');
#11280=DESCRIPTIVE_REPRESENTATION_ITEM('Steel','Steel');
#11281=DESCRIPTIVE_REPRESENTATION_ITEM('Steel','Steel');
#11282=DESCRIPTIVE_REPRESENTATION_ITEM('Steel','Steel');
#11283=DESCRIPTIVE_REPRESENTATION_ITEM('Steel','Steel');
#11284=DESCRIPTIVE_REPRESENTATION_ITEM('Steel','Steel');
#11285=DESCRIPTIVE_REPRESENTATION_ITEM('Steel','Steel');
#11286=DESCRIPTIVE_REPRESENTATION_ITEM('Steel','Steel');
#11287=DESCRIPTIVE_REPRESENTATION_ITEM('Steel','Steel');
#11288=DESCRIPTIVE_REPRESENTATION_ITEM('Steel','Steel');
#11289=DESCRIPTIVE_REPRESENTATION_ITEM('Steel','Steel');
#11290=DESCRIPTIVE_REPRESENTATION_ITEM('Steel','Steel');
#11291=DESCRIPTIVE_REPRESENTATION_ITEM('Steel','Steel');
#11292=DESCRIPTIVE_REPRESENTATION_ITEM('Steel','Steel');
#11293=DESCRIPTIVE_REPRESENTATION_ITEM('Steel','Steel');
#11294=DESCRIPTIVE_REPRESENTATION_ITEM('Steel','Steel');
#11295=DESCRIPTIVE_REPRESENTATION_ITEM('Steel','Steel');
#11296=DESCRIPTIVE_REPRESENTATION_ITEM('Steel','Steel');
#11297=DESCRIPTIVE_REPRESENTATION_ITEM('Steel','Steel');
#11298=DESCRIPTIVE_REPRESENTATION_ITEM('Steel','Steel');
#11299=DESCRIPTIVE_REPRESENTATION_ITEM('Steel','Steel');
#11300=DESCRIPTIVE_REPRESENTATION_ITEM('Steel','Steel');
#11301=DESCRIPTIVE_REPRESENTATION_ITEM('Steel','Steel');
#11302=DESCRIPTIVE_REPRESENTATION_ITEM('Steel','Steel');
#11303=DESCRIPTIVE_REPRESENTATION_ITEM('Steel','Steel');
#11304=DESCRIPTIVE_REPRESENTATION_ITEM('Steel','Steel');
#11305=DESCRIPTIVE_REPRESENTATION_ITEM('Steel','Steel');
#11306=DESCRIPTIVE_REPRESENTATION_ITEM('Steel','Steel');
#11307=PROPERTY_DEFINITION('material property','material name',#19301);
#11308=PROPERTY_DEFINITION('material property','density of part',#19301);
#11309=PROPERTY_DEFINITION('material property','material name',#19302);
#11310=PROPERTY_DEFINITION('material property','density of part',#19302);
#11311=PROPERTY_DEFINITION('material property','material name',#19303);
#11312=PROPERTY_DEFINITION('material property','density of part',#19303);
#11313=PROPERTY_DEFINITION('material property','material name',#19304);
#11314=PROPERTY_DEFINITION('material property','density of part',#19304);
#11315=PROPERTY_DEFINITION('material property','material name',#19305);
#11316=PROPERTY_DEFINITION('material property','density of part',#19305);
#11317=PROPERTY_DEFINITION('material property','material name',#19306);
#11318=PROPERTY_DEFINITION('material property','density of part',#19306);
#11319=PROPERTY_DEFINITION('material property','material name',#19307);
#11320=PROPERTY_DEFINITION('material property','density of part',#19307);
#11321=PROPERTY_DEFINITION('material property','material name',#19309);
#11322=PROPERTY_DEFINITION('material property','density of part',#19309);
#11323=PROPERTY_DEFINITION('material property','material name',#19310);
#11324=PROPERTY_DEFINITION('material property','density of part',#19310);
#11325=PROPERTY_DEFINITION('material property','material name',#19311);
#11326=PROPERTY_DEFINITION('material property','density of part',#19311);
#11327=PROPERTY_DEFINITION('material property','material name',#19312);
#11328=PROPERTY_DEFINITION('material property','density of part',#19312);
#11329=PROPERTY_DEFINITION('material property','material name',#19313);
#11330=PROPERTY_DEFINITION('material property','density of part',#19313);
#11331=PROPERTY_DEFINITION('material property','material name',#19314);
#11332=PROPERTY_DEFINITION('material property','density of part',#19314);
#11333=PROPERTY_DEFINITION('material property','material name',#19315);
#11334=PROPERTY_DEFINITION('material property','density of part',#19315);
#11335=PROPERTY_DEFINITION('material property','material name',#19316);
#11336=PROPERTY_DEFINITION('material property','density of part',#19316);
#11337=PROPERTY_DEFINITION('material property','material name',#19317);
#11338=PROPERTY_DEFINITION('material property','density of part',#19317);
#11339=PROPERTY_DEFINITION('material property','material name',#19318);
#11340=PROPERTY_DEFINITION('material property','density of part',#19318);
#11341=PROPERTY_DEFINITION('material property','material name',#19320);
#11342=PROPERTY_DEFINITION('material property','density of part',#19320);
#11343=PROPERTY_DEFINITION('material property','material name',#19321);
#11344=PROPERTY_DEFINITION('material property','density of part',#19321);
#11345=PROPERTY_DEFINITION('material property','material name',#19322);
#11346=PROPERTY_DEFINITION('material property','density of part',#19322);
#11347=PROPERTY_DEFINITION('material property','material name',#19323);
#11348=PROPERTY_DEFINITION('material property','density of part',#19323);
#11349=PROPERTY_DEFINITION('material property','material name',#19324);
#11350=PROPERTY_DEFINITION('material property','density of part',#19324);
#11351=PROPERTY_DEFINITION('material property','material name',#19325);
#11352=PROPERTY_DEFINITION('material property','density of part',#19325);
#11353=PROPERTY_DEFINITION('material property','material name',#19326);
#11354=PROPERTY_DEFINITION('material property','density of part',#19326);
#11355=PROPERTY_DEFINITION('material property','material name',#19327);
#11356=PROPERTY_DEFINITION('material property','density of part',#19327);
#11357=PROPERTY_DEFINITION('material property','material name',#19328);
#11358=PROPERTY_DEFINITION('material property','density of part',#19328);
#11359=PROPERTY_DEFINITION('material property','material name',#19330);
#11360=PROPERTY_DEFINITION('material property','density of part',#19330);
#11361=PROPERTY_DEFINITION('material property','material name',#19331);
#11362=PROPERTY_DEFINITION('material property','density of part',#19331);
#11363=PROPERTY_DEFINITION('material property','material name',#19332);
#11364=PROPERTY_DEFINITION('material property','density of part',#19332);
#11365=PROPERTY_DEFINITION('material property','material name',#19333);
#11366=PROPERTY_DEFINITION('material property','density of part',#19333);
#11367=PROPERTY_DEFINITION('material property','material name',#19334);
#11368=PROPERTY_DEFINITION('material property','density of part',#19334);
#11369=PROPERTY_DEFINITION('material property','material name',#19335);
#11370=PROPERTY_DEFINITION('material property','density of part',#19335);
#11371=PROPERTY_DEFINITION('material property','material name',#19336);
#11372=PROPERTY_DEFINITION('material property','density of part',#19336);
#11373=PROPERTY_DEFINITION('material property','material name',#19338);
#11374=PROPERTY_DEFINITION('material property','density of part',#19338);
#11375=PROPERTY_DEFINITION('material property','material name',#19340);
#11376=PROPERTY_DEFINITION('material property','density of part',#19340);
#11377=PROPERTY_DEFINITION('material property','material name',#19341);
#11378=PROPERTY_DEFINITION('material property','density of part',#19341);
#11379=PROPERTY_DEFINITION('material property','material name',#19342);
#11380=PROPERTY_DEFINITION('material property','density of part',#19342);
#11381=PROPERTY_DEFINITION('material property','material name',#19343);
#11382=PROPERTY_DEFINITION('material property','density of part',#19343);
#11383=PROPERTY_DEFINITION('material property','material name',#19344);
#11384=PROPERTY_DEFINITION('material property','density of part',#19344);
#11385=PROPERTY_DEFINITION('material property','material name',#19345);
#11386=PROPERTY_DEFINITION('material property','density of part',#19345);
#11387=PROPERTY_DEFINITION('material property','material name',#19346);
#11388=PROPERTY_DEFINITION('material property','density of part',#19346);
#11389=PROPERTY_DEFINITION('material property','material name',#19347);
#11390=PROPERTY_DEFINITION('material property','density of part',#19347);
#11391=PROPERTY_DEFINITION('material property','material name',#19348);
#11392=PROPERTY_DEFINITION('material property','density of part',#19348);
#11393=PROPERTY_DEFINITION('material property','material name',#19349);
#11394=PROPERTY_DEFINITION('material property','density of part',#19349);
#11395=PROPERTY_DEFINITION('material property','material name',#19350);
#11396=PROPERTY_DEFINITION('material property','density of part',#19350);
#11397=PROPERTY_DEFINITION('material property','material name',#19351);
#11398=PROPERTY_DEFINITION('material property','density of part',#19351);
#11399=PROPERTY_DEFINITION('material property','material name',#19352);
#11400=PROPERTY_DEFINITION('material property','density of part',#19352);
#11401=PROPERTY_DEFINITION('material property','material name',#19353);
#11402=PROPERTY_DEFINITION('material property','density of part',#19353);
#11403=PROPERTY_DEFINITION('material property','material name',#19354);
#11404=PROPERTY_DEFINITION('material property','density of part',#19354);
#11405=PROPERTY_DEFINITION('material property','material name',#19355);
#11406=PROPERTY_DEFINITION('material property','density of part',#19355);
#11407=AXIS2_PLACEMENT_3D('',#15555,#12452,#12453);
#11408=AXIS2_PLACEMENT_3D('',#15556,#12454,#12455);
#11409=AXIS2_PLACEMENT_3D('',#15557,#12456,#12457);
#11410=AXIS2_PLACEMENT_3D('',#15558,#12458,#12459);
#11411=AXIS2_PLACEMENT_3D('',#15560,#12460,#12461);
#11412=AXIS2_PLACEMENT_3D('',#15563,#12463,#12464);
#11413=AXIS2_PLACEMENT_3D('',#15564,#12465,#12466);
#11414=AXIS2_PLACEMENT_3D('',#15566,#12467,#12468);
#11415=AXIS2_PLACEMENT_3D('',#15569,#12470,#12471);
#11416=AXIS2_PLACEMENT_3D('',#15570,#12472,#12473);
#11417=AXIS2_PLACEMENT_3D('',#15572,#12474,#12475);
#11418=AXIS2_PLACEMENT_3D('',#15575,#12477,#12478);
#11419=AXIS2_PLACEMENT_3D('',#15576,#12479,#12480);
#11420=AXIS2_PLACEMENT_3D('',#15578,#12481,#12482);
#11421=AXIS2_PLACEMENT_3D('',#15581,#12484,#12485);
#11422=AXIS2_PLACEMENT_3D('',#15582,#12486,#12487);
#11423=AXIS2_PLACEMENT_3D('',#15584,#12488,#12489);
#11424=AXIS2_PLACEMENT_3D('',#15587,#12491,#12492);
#11425=AXIS2_PLACEMENT_3D('',#15588,#12493,#12494);
#11426=AXIS2_PLACEMENT_3D('',#15590,#12495,#12496);
#11427=AXIS2_PLACEMENT_3D('',#15593,#12498,#12499);
#11428=AXIS2_PLACEMENT_3D('',#15594,#12500,#12501);
#11429=AXIS2_PLACEMENT_3D('',#15596,#12502,#12503);
#11430=AXIS2_PLACEMENT_3D('',#15599,#12505,#12506);
#11431=AXIS2_PLACEMENT_3D('',#15600,#12507,#12508);
#11432=AXIS2_PLACEMENT_3D('',#15602,#12509,#12510);
#11433=AXIS2_PLACEMENT_3D('',#15605,#12512,#12513);
#11434=AXIS2_PLACEMENT_3D('',#15606,#12514,#12515);
#11435=AXIS2_PLACEMENT_3D('',#15608,#12516,#12517);
#11436=AXIS2_PLACEMENT_3D('',#15611,#12519,#12520);
#11437=AXIS2_PLACEMENT_3D('',#15612,#12521,#12522);
#11438=AXIS2_PLACEMENT_3D('',#15614,#12523,#12524);
#11439=AXIS2_PLACEMENT_3D('',#15617,#12526,#12527);
#11440=AXIS2_PLACEMENT_3D('',#15618,#12528,#12529);
#11441=AXIS2_PLACEMENT_3D('',#15620,#12530,#12531);
#11442=AXIS2_PLACEMENT_3D('',#15623,#12533,#12534);
#11443=AXIS2_PLACEMENT_3D('',#15624,#12535,#12536);
#11444=AXIS2_PLACEMENT_3D('',#15626,#12537,#12538);
#11445=AXIS2_PLACEMENT_3D('',#15629,#12540,#12541);
#11446=AXIS2_PLACEMENT_3D('',#15630,#12542,#12543);
#11447=AXIS2_PLACEMENT_3D('',#15639,#12548,#12549);
#11448=AXIS2_PLACEMENT_3D('',#15648,#12554,#12555);
#11449=AXIS2_PLACEMENT_3D('',#15651,#12558,#12559);
#11450=AXIS2_PLACEMENT_3D('',#15654,#12562,#12563);
#11451=AXIS2_PLACEMENT_3D('',#15663,#12568,#12569);
#11452=AXIS2_PLACEMENT_3D('',#15672,#12574,#12575);
#11453=AXIS2_PLACEMENT_3D('',#15675,#12578,#12579);
#11454=AXIS2_PLACEMENT_3D('',#15678,#12582,#12583);
#11455=AXIS2_PLACEMENT_3D('',#15687,#12588,#12589);
#11456=AXIS2_PLACEMENT_3D('',#15696,#12594,#12595);
#11457=AXIS2_PLACEMENT_3D('',#15699,#12598,#12599);
#11458=AXIS2_PLACEMENT_3D('',#15702,#12602,#12603);
#11459=AXIS2_PLACEMENT_3D('',#15711,#12608,#12609);
#11460=AXIS2_PLACEMENT_3D('',#15720,#12614,#12615);
#11461=AXIS2_PLACEMENT_3D('',#15723,#12618,#12619);
#11462=AXIS2_PLACEMENT_3D('',#15726,#12622,#12623);
#11463=AXIS2_PLACEMENT_3D('',#15728,#12624,#12625);
#11464=AXIS2_PLACEMENT_3D('',#15731,#12627,#12628);
#11465=AXIS2_PLACEMENT_3D('',#15732,#12629,#12630);
#11466=AXIS2_PLACEMENT_3D('',#15734,#12631,#12632);
#11467=AXIS2_PLACEMENT_3D('',#15737,#12634,#12635);
#11468=AXIS2_PLACEMENT_3D('',#15738,#12636,#12637);
#11469=AXIS2_PLACEMENT_3D('',#15740,#12638,#12639);
#11470=AXIS2_PLACEMENT_3D('',#15743,#12641,#12642);
#11471=AXIS2_PLACEMENT_3D('',#15744,#12643,#12644);
#11472=AXIS2_PLACEMENT_3D('',#15746,#12645,#12646);
#11473=AXIS2_PLACEMENT_3D('',#15749,#12648,#12649);
#11474=AXIS2_PLACEMENT_3D('',#15750,#12650,#12651);
#11475=AXIS2_PLACEMENT_3D('',#15752,#12652,#12653);
#11476=AXIS2_PLACEMENT_3D('',#15755,#12655,#12656);
#11477=AXIS2_PLACEMENT_3D('',#15756,#12657,#12658);
#11478=AXIS2_PLACEMENT_3D('',#15758,#12659,#12660);
#11479=AXIS2_PLACEMENT_3D('',#15761,#12662,#12663);
#11480=AXIS2_PLACEMENT_3D('',#15762,#12664,#12665);
#11481=AXIS2_PLACEMENT_3D('',#15764,#12666,#12667);
#11482=AXIS2_PLACEMENT_3D('',#15767,#12669,#12670);
#11483=AXIS2_PLACEMENT_3D('',#15768,#12671,#12672);
#11484=AXIS2_PLACEMENT_3D('',#15770,#12673,#12674);
#11485=AXIS2_PLACEMENT_3D('',#15773,#12676,#12677);
#11486=AXIS2_PLACEMENT_3D('',#15774,#12678,#12679);
#11487=AXIS2_PLACEMENT_3D('',#15776,#12680,#12681);
#11488=AXIS2_PLACEMENT_3D('',#15779,#12683,#12684);
#11489=AXIS2_PLACEMENT_3D('',#15780,#12685,#12686);
#11490=AXIS2_PLACEMENT_3D('',#15782,#12687,#12688);
#11491=AXIS2_PLACEMENT_3D('',#15785,#12690,#12691);
#11492=AXIS2_PLACEMENT_3D('',#15786,#12692,#12693);
#11493=AXIS2_PLACEMENT_3D('',#15788,#12694,#12695);
#11494=AXIS2_PLACEMENT_3D('',#15791,#12697,#12698);
#11495=AXIS2_PLACEMENT_3D('',#15792,#12699,#12700);
#11496=AXIS2_PLACEMENT_3D('',#15794,#12701,#12702);
#11497=AXIS2_PLACEMENT_3D('',#15797,#12704,#12705);
#11498=AXIS2_PLACEMENT_3D('',#15798,#12706,#12707);
#11499=AXIS2_PLACEMENT_3D('',#15800,#12708,#12709);
#11500=AXIS2_PLACEMENT_3D('',#15803,#12711,#12712);
#11501=AXIS2_PLACEMENT_3D('',#15804,#12713,#12714);
#11502=AXIS2_PLACEMENT_3D('',#15806,#12715,#12716);
#11503=AXIS2_PLACEMENT_3D('',#15809,#12718,#12719);
#11504=AXIS2_PLACEMENT_3D('',#15810,#12720,#12721);
#11505=AXIS2_PLACEMENT_3D('',#15812,#12722,#12723);
#11506=AXIS2_PLACEMENT_3D('',#15815,#12725,#12726);
#11507=AXIS2_PLACEMENT_3D('',#15816,#12727,#12728);
#11508=AXIS2_PLACEMENT_3D('',#15818,#12729,#12730);
#11509=AXIS2_PLACEMENT_3D('',#15821,#12732,#12733);
#11510=AXIS2_PLACEMENT_3D('',#15822,#12734,#12735);
#11511=AXIS2_PLACEMENT_3D('',#15824,#12736,#12737);
#11512=AXIS2_PLACEMENT_3D('',#15827,#12739,#12740);
#11513=AXIS2_PLACEMENT_3D('',#15828,#12741,#12742);
#11514=AXIS2_PLACEMENT_3D('',#15830,#12743,#12744);
#11515=AXIS2_PLACEMENT_3D('',#15833,#12746,#12747);
#11516=AXIS2_PLACEMENT_3D('',#15834,#12748,#12749);
#11517=AXIS2_PLACEMENT_3D('',#15836,#12750,#12751);
#11518=AXIS2_PLACEMENT_3D('',#15839,#12753,#12754);
#11519=AXIS2_PLACEMENT_3D('',#15840,#12755,#12756);
#11520=AXIS2_PLACEMENT_3D('',#15842,#12757,#12758);
#11521=AXIS2_PLACEMENT_3D('',#15845,#12760,#12761);
#11522=AXIS2_PLACEMENT_3D('',#15846,#12762,#12763);
#11523=AXIS2_PLACEMENT_3D('',#15848,#12764,#12765);
#11524=AXIS2_PLACEMENT_3D('',#15851,#12767,#12768);
#11525=AXIS2_PLACEMENT_3D('',#15852,#12769,#12770);
#11526=AXIS2_PLACEMENT_3D('',#15854,#12771,#12772);
#11527=AXIS2_PLACEMENT_3D('',#15857,#12774,#12775);
#11528=AXIS2_PLACEMENT_3D('',#15858,#12776,#12777);
#11529=AXIS2_PLACEMENT_3D('',#15867,#12782,#12783);
#11530=AXIS2_PLACEMENT_3D('',#15873,#12787,#12788);
#11531=AXIS2_PLACEMENT_3D('',#15879,#12792,#12793);
#11532=AXIS2_PLACEMENT_3D('',#15897,#12803,#12804);
#11533=AXIS2_PLACEMENT_3D('',#15901,#12807,#12808);
#11534=AXIS2_PLACEMENT_3D('',#15907,#12812,#12813);
#11535=AXIS2_PLACEMENT_3D('',#15911,#12816,#12817);
#11536=AXIS2_PLACEMENT_3D('',#15915,#12820,#12821);
#11537=AXIS2_PLACEMENT_3D('',#15924,#12827,#12828);
#11538=AXIS2_PLACEMENT_3D('',#15926,#12830,#12831);
#11539=AXIS2_PLACEMENT_3D('',#15928,#12833,#12834);
#11540=AXIS2_PLACEMENT_3D('',#15930,#12836,#12837);
#11541=AXIS2_PLACEMENT_3D('',#15931,#12838,#12839);
#11542=AXIS2_PLACEMENT_3D('',#15932,#12840,#12841);
#11543=AXIS2_PLACEMENT_3D('',#15933,#12842,#12843);
#11544=AXIS2_PLACEMENT_3D('',#15935,#12844,#12845);
#11545=AXIS2_PLACEMENT_3D('',#15938,#12847,#12848);
#11546=AXIS2_PLACEMENT_3D('',#15939,#12849,#12850);
#11547=AXIS2_PLACEMENT_3D('',#15941,#12851,#12852);
#11548=AXIS2_PLACEMENT_3D('',#15944,#12854,#12855);
#11549=AXIS2_PLACEMENT_3D('',#15945,#12856,#12857);
#11550=AXIS2_PLACEMENT_3D('',#15954,#12862,#12863);
#11551=AXIS2_PLACEMENT_3D('',#15960,#12867,#12868);
#11552=AXIS2_PLACEMENT_3D('',#15966,#12872,#12873);
#11553=AXIS2_PLACEMENT_3D('',#15976,#12879,#12880);
#11554=AXIS2_PLACEMENT_3D('',#15980,#12883,#12884);
#11555=AXIS2_PLACEMENT_3D('',#15984,#12887,#12888);
#11556=AXIS2_PLACEMENT_3D('',#15988,#12891,#12892);
#11557=AXIS2_PLACEMENT_3D('',#15992,#12895,#12896);
#11558=AXIS2_PLACEMENT_3D('',#15994,#12898,#12899);
#11559=AXIS2_PLACEMENT_3D('',#15995,#12900,#12901);
#11560=AXIS2_PLACEMENT_3D('',#15996,#12902,#12903);
#11561=AXIS2_PLACEMENT_3D('',#15998,#12904,#12905);
#11562=AXIS2_PLACEMENT_3D('',#16001,#12907,#12908);
#11563=AXIS2_PLACEMENT_3D('',#16002,#12909,#12910);
#11564=AXIS2_PLACEMENT_3D('',#16004,#12911,#12912);
#11565=AXIS2_PLACEMENT_3D('',#16007,#12914,#12915);
#11566=AXIS2_PLACEMENT_3D('',#16008,#12916,#12917);
#11567=AXIS2_PLACEMENT_3D('',#16017,#12922,#12923);
#11568=AXIS2_PLACEMENT_3D('',#16026,#12928,#12929);
#11569=AXIS2_PLACEMENT_3D('',#16029,#12932,#12933);
#11570=AXIS2_PLACEMENT_3D('',#16039,#12939,#12940);
#11571=AXIS2_PLACEMENT_3D('',#16043,#12943,#12944);
#11572=AXIS2_PLACEMENT_3D('',#16047,#12947,#12948);
#11573=AXIS2_PLACEMENT_3D('',#16051,#12951,#12952);
#11574=AXIS2_PLACEMENT_3D('',#16055,#12955,#12956);
#11575=AXIS2_PLACEMENT_3D('',#16057,#12958,#12959);
#11576=AXIS2_PLACEMENT_3D('',#16058,#12960,#12961);
#11577=AXIS2_PLACEMENT_3D('',#16059,#12962,#12963);
#11578=AXIS2_PLACEMENT_3D('',#16061,#12964,#12965);
#11579=AXIS2_PLACEMENT_3D('',#16064,#12967,#12968);
#11580=AXIS2_PLACEMENT_3D('',#16065,#12969,#12970);
#11581=AXIS2_PLACEMENT_3D('',#16067,#12971,#12972);
#11582=AXIS2_PLACEMENT_3D('',#16070,#12974,#12975);
#11583=AXIS2_PLACEMENT_3D('',#16071,#12976,#12977);
#11584=AXIS2_PLACEMENT_3D('',#16073,#12978,#12979);
#11585=AXIS2_PLACEMENT_3D('',#16076,#12981,#12982);
#11586=AXIS2_PLACEMENT_3D('',#16077,#12983,#12984);
#11587=AXIS2_PLACEMENT_3D('',#16079,#12985,#12986);
#11588=AXIS2_PLACEMENT_3D('',#16082,#12988,#12989);
#11589=AXIS2_PLACEMENT_3D('',#16083,#12990,#12991);
#11590=AXIS2_PLACEMENT_3D('',#16085,#12992,#12993);
#11591=AXIS2_PLACEMENT_3D('',#16088,#12995,#12996);
#11592=AXIS2_PLACEMENT_3D('',#16089,#12997,#12998);
#11593=AXIS2_PLACEMENT_3D('',#16091,#12999,#13000);
#11594=AXIS2_PLACEMENT_3D('',#16094,#13002,#13003);
#11595=AXIS2_PLACEMENT_3D('',#16095,#13004,#13005);
#11596=AXIS2_PLACEMENT_3D('',#16097,#13006,#13007);
#11597=AXIS2_PLACEMENT_3D('',#16100,#13009,#13010);
#11598=AXIS2_PLACEMENT_3D('',#16101,#13011,#13012);
#11599=AXIS2_PLACEMENT_3D('',#16110,#13017,#13018);
#11600=AXIS2_PLACEMENT_3D('',#16116,#13022,#13023);
#11601=AXIS2_PLACEMENT_3D('',#16122,#13027,#13028);
#11602=AXIS2_PLACEMENT_3D('',#16125,#13031,#13032);
#11603=AXIS2_PLACEMENT_3D('',#16126,#13033,#13034);
#11604=AXIS2_PLACEMENT_3D('',#16127,#13035,#13036);
#11605=AXIS2_PLACEMENT_3D('',#16128,#13037,#13038);
#11606=AXIS2_PLACEMENT_3D('',#16132,#13040,#13041);
#11607=AXIS2_PLACEMENT_3D('',#16133,#13042,#13043);
#11608=AXIS2_PLACEMENT_3D('',#16134,#13044,#13045);
#11609=AXIS2_PLACEMENT_3D('',#16135,#13046,#13047);
#11610=AXIS2_PLACEMENT_3D('',#16145,#13052,#13053);
#11611=AXIS2_PLACEMENT_3D('',#16147,#13054,#13055);
#11612=AXIS2_PLACEMENT_3D('',#16148,#13056,#13057);
#11613=AXIS2_PLACEMENT_3D('',#16154,#13061,#13062);
#11614=AXIS2_PLACEMENT_3D('',#16157,#13065,#13066);
#11615=AXIS2_PLACEMENT_3D('',#16158,#13067,#13068);
#11616=AXIS2_PLACEMENT_3D('',#16160,#13069,#13070);
#11617=AXIS2_PLACEMENT_3D('',#16162,#13072,#13073);
#11618=AXIS2_PLACEMENT_3D('',#16164,#13074,#13075);
#11619=AXIS2_PLACEMENT_3D('',#16166,#13077,#13078);
#11620=AXIS2_PLACEMENT_3D('',#16175,#13083,#13084);
#11621=AXIS2_PLACEMENT_3D('',#16181,#13088,#13089);
#11622=AXIS2_PLACEMENT_3D('',#16184,#13092,#13093);
#11623=AXIS2_PLACEMENT_3D('',#16185,#13094,#13095);
#11624=AXIS2_PLACEMENT_3D('',#16186,#13096,#13097);
#11625=AXIS2_PLACEMENT_3D('',#16187,#13098,#13099);
#11626=AXIS2_PLACEMENT_3D('',#16191,#13101,#13102);
#11627=AXIS2_PLACEMENT_3D('',#16192,#13103,#13104);
#11628=AXIS2_PLACEMENT_3D('',#16193,#13105,#13106);
#11629=AXIS2_PLACEMENT_3D('',#16194,#13107,#13108);
#11630=AXIS2_PLACEMENT_3D('',#16203,#13113,#13114);
#11631=AXIS2_PLACEMENT_3D('',#16210,#13118,#13119);
#11632=AXIS2_PLACEMENT_3D('',#16212,#13120,#13121);
#11633=AXIS2_PLACEMENT_3D('',#16213,#13122,#13123);
#11634=AXIS2_PLACEMENT_3D('',#16216,#13126,#13127);
#11635=AXIS2_PLACEMENT_3D('',#16217,#13128,#13129);
#11636=AXIS2_PLACEMENT_3D('',#16219,#13130,#13131);
#11637=AXIS2_PLACEMENT_3D('',#16221,#13133,#13134);
#11638=AXIS2_PLACEMENT_3D('',#16223,#13135,#13136);
#11639=AXIS2_PLACEMENT_3D('',#16225,#13138,#13139);
#11640=AXIS2_PLACEMENT_3D('',#16234,#13144,#13145);
#11641=AXIS2_PLACEMENT_3D('',#16240,#13149,#13150);
#11642=AXIS2_PLACEMENT_3D('',#16243,#13153,#13154);
#11643=AXIS2_PLACEMENT_3D('',#16244,#13155,#13156);
#11644=AXIS2_PLACEMENT_3D('',#16245,#13157,#13158);
#11645=AXIS2_PLACEMENT_3D('',#16246,#13159,#13160);
#11646=AXIS2_PLACEMENT_3D('',#16327,#13162,#13163);
#11647=AXIS2_PLACEMENT_3D('',#16329,#13164,#13165);
#11648=AXIS2_PLACEMENT_3D('',#16332,#13167,#13168);
#11649=AXIS2_PLACEMENT_3D('',#16333,#13169,#13170);
#11650=AXIS2_PLACEMENT_3D('',#16334,#13171,#13172);
#11651=AXIS2_PLACEMENT_3D('',#16336,#13173,#13174);
#11652=AXIS2_PLACEMENT_3D('',#16339,#13176,#13177);
#11653=AXIS2_PLACEMENT_3D('',#16340,#13178,#13179);
#11654=AXIS2_PLACEMENT_3D('',#16341,#13180,#13181);
#11655=AXIS2_PLACEMENT_3D('',#16343,#13182,#13183);
#11656=AXIS2_PLACEMENT_3D('',#16347,#13186,#13187);
#11657=AXIS2_PLACEMENT_3D('',#16348,#13188,#13189);
#11658=AXIS2_PLACEMENT_3D('',#16349,#13190,#13191);
#11659=AXIS2_PLACEMENT_3D('',#16350,#13192,#13193);
#11660=AXIS2_PLACEMENT_3D('',#16422,#13195,#13196);
#11661=AXIS2_PLACEMENT_3D('',#16494,#13198,#13199);
#11662=AXIS2_PLACEMENT_3D('',#16575,#13201,#13202);
#11663=AXIS2_PLACEMENT_3D('',#16577,#13203,#13204);
#11664=AXIS2_PLACEMENT_3D('',#16580,#13206,#13207);
#11665=AXIS2_PLACEMENT_3D('',#16581,#13208,#13209);
#11666=AXIS2_PLACEMENT_3D('',#16582,#13210,#13211);
#11667=AXIS2_PLACEMENT_3D('',#16584,#13212,#13213);
#11668=AXIS2_PLACEMENT_3D('',#16587,#13215,#13216);
#11669=AXIS2_PLACEMENT_3D('',#16588,#13217,#13218);
#11670=AXIS2_PLACEMENT_3D('',#16589,#13219,#13220);
#11671=AXIS2_PLACEMENT_3D('',#16591,#13221,#13222);
#11672=AXIS2_PLACEMENT_3D('',#16595,#13225,#13226);
#11673=AXIS2_PLACEMENT_3D('',#16596,#13227,#13228);
#11674=AXIS2_PLACEMENT_3D('',#16597,#13229,#13230);
#11675=AXIS2_PLACEMENT_3D('',#16598,#13231,#13232);
#11676=AXIS2_PLACEMENT_3D('',#16679,#13234,#13235);
#11677=AXIS2_PLACEMENT_3D('',#16681,#13236,#13237);
#11678=AXIS2_PLACEMENT_3D('',#16684,#13239,#13240);
#11679=AXIS2_PLACEMENT_3D('',#16685,#13241,#13242);
#11680=AXIS2_PLACEMENT_3D('',#16686,#13243,#13244);
#11681=AXIS2_PLACEMENT_3D('',#16688,#13245,#13246);
#11682=AXIS2_PLACEMENT_3D('',#16691,#13248,#13249);
#11683=AXIS2_PLACEMENT_3D('',#16692,#13250,#13251);
#11684=AXIS2_PLACEMENT_3D('',#16693,#13252,#13253);
#11685=AXIS2_PLACEMENT_3D('',#16695,#13254,#13255);
#11686=AXIS2_PLACEMENT_3D('',#16699,#13258,#13259);
#11687=AXIS2_PLACEMENT_3D('',#16700,#13260,#13261);
#11688=AXIS2_PLACEMENT_3D('',#16701,#13262,#13263);
#11689=AXIS2_PLACEMENT_3D('',#16702,#13264,#13265);
#11690=AXIS2_PLACEMENT_3D('',#16783,#13267,#13268);
#11691=AXIS2_PLACEMENT_3D('',#16785,#13269,#13270);
#11692=AXIS2_PLACEMENT_3D('',#16788,#13272,#13273);
#11693=AXIS2_PLACEMENT_3D('',#16789,#13274,#13275);
#11694=AXIS2_PLACEMENT_3D('',#16790,#13276,#13277);
#11695=AXIS2_PLACEMENT_3D('',#16792,#13278,#13279);
#11696=AXIS2_PLACEMENT_3D('',#16795,#13281,#13282);
#11697=AXIS2_PLACEMENT_3D('',#16796,#13283,#13284);
#11698=AXIS2_PLACEMENT_3D('',#16797,#13285,#13286);
#11699=AXIS2_PLACEMENT_3D('',#16799,#13287,#13288);
#11700=AXIS2_PLACEMENT_3D('',#16803,#13291,#13292);
#11701=AXIS2_PLACEMENT_3D('',#16804,#13293,#13294);
#11702=AXIS2_PLACEMENT_3D('',#16805,#13295,#13296);
#11703=AXIS2_PLACEMENT_3D('',#16806,#13297,#13298);
#11704=AXIS2_PLACEMENT_3D('',#16807,#13299,#13300);
#11705=AXIS2_PLACEMENT_3D('',#16808,#13301,#13302);
#11706=AXIS2_PLACEMENT_3D('',#16809,#13303,#13304);
#11707=AXIS2_PLACEMENT_3D('',#16810,#13305,#13306);
#11708=AXIS2_PLACEMENT_3D('',#16811,#13307,#13308);
#11709=AXIS2_PLACEMENT_3D('',#16812,#13309,#13310);
#11710=AXIS2_PLACEMENT_3D('',#16813,#13311,#13312);
#11711=AXIS2_PLACEMENT_3D('',#16814,#13313,#13314);
#11712=AXIS2_PLACEMENT_3D('',#16815,#13315,#13316);
#11713=AXIS2_PLACEMENT_3D('',#16817,#13317,#13318);
#11714=AXIS2_PLACEMENT_3D('',#16820,#13320,#13321);
#11715=AXIS2_PLACEMENT_3D('',#16821,#13322,#13323);
#11716=AXIS2_PLACEMENT_3D('',#16822,#13324,#13325);
#11717=AXIS2_PLACEMENT_3D('',#16823,#13326,#13327);
#11718=AXIS2_PLACEMENT_3D('',#16824,#13328,#13329);
#11719=AXIS2_PLACEMENT_3D('',#16826,#13330,#13331);
#11720=AXIS2_PLACEMENT_3D('',#16829,#13333,#13334);
#11721=AXIS2_PLACEMENT_3D('',#16830,#13335,#13336);
#11722=AXIS2_PLACEMENT_3D('',#16831,#13337,#13338);
#11723=AXIS2_PLACEMENT_3D('',#16832,#13339,#13340);
#11724=AXIS2_PLACEMENT_3D('',#16833,#13341,#13342);
#11725=AXIS2_PLACEMENT_3D('',#16835,#13343,#13344);
#11726=AXIS2_PLACEMENT_3D('',#16838,#13346,#13347);
#11727=AXIS2_PLACEMENT_3D('',#16839,#13348,#13349);
#11728=AXIS2_PLACEMENT_3D('',#16841,#13350,#13351);
#11729=AXIS2_PLACEMENT_3D('',#16844,#13353,#13354);
#11730=AXIS2_PLACEMENT_3D('',#16845,#13355,#13356);
#11731=AXIS2_PLACEMENT_3D('',#16854,#13361,#13362);
#11732=AXIS2_PLACEMENT_3D('',#16860,#13366,#13367);
#11733=AXIS2_PLACEMENT_3D('',#16866,#13371,#13372);
#11734=AXIS2_PLACEMENT_3D('',#16869,#13375,#13376);
#11735=AXIS2_PLACEMENT_3D('',#16870,#13377,#13378);
#11736=AXIS2_PLACEMENT_3D('',#16871,#13379,#13380);
#11737=AXIS2_PLACEMENT_3D('',#16872,#13381,#13382);
#11738=AXIS2_PLACEMENT_3D('',#16874,#13383,#13384);
#11739=AXIS2_PLACEMENT_3D('',#16877,#13386,#13387);
#11740=AXIS2_PLACEMENT_3D('',#16878,#13388,#13389);
#11741=AXIS2_PLACEMENT_3D('',#16879,#13390,#13391);
#11742=AXIS2_PLACEMENT_3D('',#16880,#13392,#13393);
#11743=AXIS2_PLACEMENT_3D('',#16881,#13394,#13395);
#11744=AXIS2_PLACEMENT_3D('',#16883,#13396,#13397);
#11745=AXIS2_PLACEMENT_3D('',#16886,#13399,#13400);
#11746=AXIS2_PLACEMENT_3D('',#16887,#13401,#13402);
#11747=AXIS2_PLACEMENT_3D('',#16889,#13403,#13404);
#11748=AXIS2_PLACEMENT_3D('',#16892,#13406,#13407);
#11749=AXIS2_PLACEMENT_3D('',#16893,#13408,#13409);
#11750=AXIS2_PLACEMENT_3D('',#16902,#13414,#13415);
#11751=AXIS2_PLACEMENT_3D('',#16908,#13419,#13420);
#11752=AXIS2_PLACEMENT_3D('',#16914,#13424,#13425);
#11753=AXIS2_PLACEMENT_3D('',#16917,#13428,#13429);
#11754=AXIS2_PLACEMENT_3D('',#16918,#13430,#13431);
#11755=AXIS2_PLACEMENT_3D('',#16919,#13432,#13433);
#11756=AXIS2_PLACEMENT_3D('',#16920,#13434,#13435);
#11757=AXIS2_PLACEMENT_3D('',#16922,#13436,#13437);
#11758=AXIS2_PLACEMENT_3D('',#16925,#13439,#13440);
#11759=AXIS2_PLACEMENT_3D('',#16926,#13441,#13442);
#11760=AXIS2_PLACEMENT_3D('',#16927,#13443,#13444);
#11761=AXIS2_PLACEMENT_3D('',#16928,#13445,#13446);
#11762=AXIS2_PLACEMENT_3D('',#16929,#13447,#13448);
#11763=AXIS2_PLACEMENT_3D('',#16938,#13453,#13454);
#11764=AXIS2_PLACEMENT_3D('',#16947,#13459,#13460);
#11765=AXIS2_PLACEMENT_3D('',#16953,#13464,#13465);
#11766=AXIS2_PLACEMENT_3D('',#16959,#13469,#13470);
#11767=AXIS2_PLACEMENT_3D('',#16965,#13474,#13475);
#11768=AXIS2_PLACEMENT_3D('',#16968,#13478,#13479);
#11769=AXIS2_PLACEMENT_3D('',#16974,#13483,#13484);
#11770=AXIS2_PLACEMENT_3D('',#16977,#13487,#13488);
#11771=AXIS2_PLACEMENT_3D('',#16986,#13493,#13494);
#11772=AXIS2_PLACEMENT_3D('',#16995,#13499,#13500);
#11773=AXIS2_PLACEMENT_3D('',#17001,#13504,#13505);
#11774=AXIS2_PLACEMENT_3D('',#17007,#13509,#13510);
#11775=AXIS2_PLACEMENT_3D('',#17013,#13514,#13515);
#11776=AXIS2_PLACEMENT_3D('',#17016,#13518,#13519);
#11777=AXIS2_PLACEMENT_3D('',#17022,#13523,#13524);
#11778=AXIS2_PLACEMENT_3D('',#17025,#13527,#13528);
#11779=AXIS2_PLACEMENT_3D('',#17027,#13529,#13530);
#11780=AXIS2_PLACEMENT_3D('',#17030,#13532,#13533);
#11781=AXIS2_PLACEMENT_3D('',#17031,#13534,#13535);
#11782=AXIS2_PLACEMENT_3D('',#17032,#13536,#13537);
#11783=AXIS2_PLACEMENT_3D('',#17034,#13538,#13539);
#11784=AXIS2_PLACEMENT_3D('',#17037,#13541,#13542);
#11785=AXIS2_PLACEMENT_3D('',#17038,#13543,#13544);
#11786=AXIS2_PLACEMENT_3D('',#17039,#13545,#13546);
#11787=AXIS2_PLACEMENT_3D('',#17041,#13547,#13548);
#11788=AXIS2_PLACEMENT_3D('',#17044,#13550,#13551);
#11789=AXIS2_PLACEMENT_3D('',#17045,#13552,#13553);
#11790=AXIS2_PLACEMENT_3D('',#17046,#13554,#13555);
#11791=AXIS2_PLACEMENT_3D('',#17048,#13556,#13557);
#11792=AXIS2_PLACEMENT_3D('',#17051,#13559,#13560);
#11793=AXIS2_PLACEMENT_3D('',#17052,#13561,#13562);
#11794=AXIS2_PLACEMENT_3D('',#17053,#13563,#13564);
#11795=AXIS2_PLACEMENT_3D('',#17055,#13565,#13566);
#11796=AXIS2_PLACEMENT_3D('',#17058,#13568,#13569);
#11797=AXIS2_PLACEMENT_3D('',#17059,#13570,#13571);
#11798=AXIS2_PLACEMENT_3D('',#17060,#13572,#13573);
#11799=AXIS2_PLACEMENT_3D('',#17062,#13574,#13575);
#11800=AXIS2_PLACEMENT_3D('',#17065,#13577,#13578);
#11801=AXIS2_PLACEMENT_3D('',#17066,#13579,#13580);
#11802=AXIS2_PLACEMENT_3D('',#17067,#13581,#13582);
#11803=AXIS2_PLACEMENT_3D('',#17076,#13587,#13588);
#11804=AXIS2_PLACEMENT_3D('',#17082,#13592,#13593);
#11805=AXIS2_PLACEMENT_3D('',#17088,#13597,#13598);
#11806=AXIS2_PLACEMENT_3D('',#17098,#13604,#13605);
#11807=AXIS2_PLACEMENT_3D('',#17102,#13608,#13609);
#11808=AXIS2_PLACEMENT_3D('',#17108,#13613,#13614);
#11809=AXIS2_PLACEMENT_3D('',#17112,#13617,#13618);
#11810=AXIS2_PLACEMENT_3D('',#17115,#13621,#13622);
#11811=AXIS2_PLACEMENT_3D('',#17116,#13623,#13624);
#11812=AXIS2_PLACEMENT_3D('',#17117,#13625,#13626);
#11813=AXIS2_PLACEMENT_3D('',#17118,#13627,#13628);
#11814=AXIS2_PLACEMENT_3D('',#17120,#13629,#13630);
#11815=AXIS2_PLACEMENT_3D('',#17123,#13632,#13633);
#11816=AXIS2_PLACEMENT_3D('',#17124,#13634,#13635);
#11817=AXIS2_PLACEMENT_3D('',#17126,#13636,#13637);
#11818=AXIS2_PLACEMENT_3D('',#17129,#13639,#13640);
#11819=AXIS2_PLACEMENT_3D('',#17130,#13641,#13642);
#11820=AXIS2_PLACEMENT_3D('',#17139,#13647,#13648);
#11821=AXIS2_PLACEMENT_3D('',#17145,#13652,#13653);
#11822=AXIS2_PLACEMENT_3D('',#17151,#13657,#13658);
#11823=AXIS2_PLACEMENT_3D('',#17154,#13661,#13662);
#11824=AXIS2_PLACEMENT_3D('',#17155,#13663,#13664);
#11825=AXIS2_PLACEMENT_3D('',#17156,#13665,#13666);
#11826=AXIS2_PLACEMENT_3D('',#17157,#13667,#13668);
#11827=AXIS2_PLACEMENT_3D('',#17166,#13673,#13674);
#11828=AXIS2_PLACEMENT_3D('',#17175,#13679,#13680);
#11829=AXIS2_PLACEMENT_3D('',#17181,#13684,#13685);
#11830=AXIS2_PLACEMENT_3D('',#17187,#13689,#13690);
#11831=AXIS2_PLACEMENT_3D('',#17193,#13694,#13695);
#11832=AXIS2_PLACEMENT_3D('',#17196,#13698,#13699);
#11833=AXIS2_PLACEMENT_3D('',#17202,#13703,#13704);
#11834=AXIS2_PLACEMENT_3D('',#17205,#13707,#13708);
#11835=AXIS2_PLACEMENT_3D('',#17214,#13713,#13714);
#11836=AXIS2_PLACEMENT_3D('',#17223,#13719,#13720);
#11837=AXIS2_PLACEMENT_3D('',#17229,#13724,#13725);
#11838=AXIS2_PLACEMENT_3D('',#17235,#13729,#13730);
#11839=AXIS2_PLACEMENT_3D('',#17241,#13734,#13735);
#11840=AXIS2_PLACEMENT_3D('',#17244,#13738,#13739);
#11841=AXIS2_PLACEMENT_3D('',#17250,#13743,#13744);
#11842=AXIS2_PLACEMENT_3D('',#17253,#13747,#13748);
#11843=AXIS2_PLACEMENT_3D('',#17255,#13749,#13750);
#11844=AXIS2_PLACEMENT_3D('',#17258,#13752,#13753);
#11845=AXIS2_PLACEMENT_3D('',#17259,#13754,#13755);
#11846=AXIS2_PLACEMENT_3D('',#17260,#13756,#13757);
#11847=AXIS2_PLACEMENT_3D('',#17262,#13758,#13759);
#11848=AXIS2_PLACEMENT_3D('',#17265,#13761,#13762);
#11849=AXIS2_PLACEMENT_3D('',#17266,#13763,#13764);
#11850=AXIS2_PLACEMENT_3D('',#17267,#13765,#13766);
#11851=AXIS2_PLACEMENT_3D('',#17269,#13767,#13768);
#11852=AXIS2_PLACEMENT_3D('',#17272,#13770,#13771);
#11853=AXIS2_PLACEMENT_3D('',#17273,#13772,#13773);
#11854=AXIS2_PLACEMENT_3D('',#17274,#13774,#13775);
#11855=AXIS2_PLACEMENT_3D('',#17276,#13776,#13777);
#11856=AXIS2_PLACEMENT_3D('',#17279,#13779,#13780);
#11857=AXIS2_PLACEMENT_3D('',#17280,#13781,#13782);
#11858=AXIS2_PLACEMENT_3D('',#17281,#13783,#13784);
#11859=AXIS2_PLACEMENT_3D('',#17283,#13785,#13786);
#11860=AXIS2_PLACEMENT_3D('',#17286,#13788,#13789);
#11861=AXIS2_PLACEMENT_3D('',#17287,#13790,#13791);
#11862=AXIS2_PLACEMENT_3D('',#17288,#13792,#13793);
#11863=AXIS2_PLACEMENT_3D('',#17290,#13794,#13795);
#11864=AXIS2_PLACEMENT_3D('',#17293,#13797,#13798);
#11865=AXIS2_PLACEMENT_3D('',#17294,#13799,#13800);
#11866=AXIS2_PLACEMENT_3D('',#17295,#13801,#13802);
#11867=AXIS2_PLACEMENT_3D('',#17304,#13807,#13808);
#11868=AXIS2_PLACEMENT_3D('',#17310,#13812,#13813);
#11869=AXIS2_PLACEMENT_3D('',#17316,#13817,#13818);
#11870=AXIS2_PLACEMENT_3D('',#17326,#13824,#13825);
#11871=AXIS2_PLACEMENT_3D('',#17330,#13828,#13829);
#11872=AXIS2_PLACEMENT_3D('',#17336,#13833,#13834);
#11873=AXIS2_PLACEMENT_3D('',#17340,#13837,#13838);
#11874=AXIS2_PLACEMENT_3D('',#17343,#13841,#13842);
#11875=AXIS2_PLACEMENT_3D('',#17344,#13843,#13844);
#11876=AXIS2_PLACEMENT_3D('',#17345,#13845,#13846);
#11877=AXIS2_PLACEMENT_3D('',#17346,#13847,#13848);
#11878=AXIS2_PLACEMENT_3D('',#17348,#13849,#13850);
#11879=AXIS2_PLACEMENT_3D('',#17351,#13852,#13853);
#11880=AXIS2_PLACEMENT_3D('',#17352,#13854,#13855);
#11881=AXIS2_PLACEMENT_3D('',#17354,#13856,#13857);
#11882=AXIS2_PLACEMENT_3D('',#17357,#13859,#13860);
#11883=AXIS2_PLACEMENT_3D('',#17358,#13861,#13862);
#11884=AXIS2_PLACEMENT_3D('',#17367,#13867,#13868);
#11885=AXIS2_PLACEMENT_3D('',#17373,#13872,#13873);
#11886=AXIS2_PLACEMENT_3D('',#17379,#13877,#13878);
#11887=AXIS2_PLACEMENT_3D('',#17382,#13881,#13882);
#11888=AXIS2_PLACEMENT_3D('',#17383,#13883,#13884);
#11889=AXIS2_PLACEMENT_3D('',#17384,#13885,#13886);
#11890=AXIS2_PLACEMENT_3D('',#17385,#13887,#13888);
#11891=AXIS2_PLACEMENT_3D('',#17386,#13889,#13890);
#11892=AXIS2_PLACEMENT_3D('',#17387,#13891,#13892);
#11893=AXIS2_PLACEMENT_3D('',#17388,#13893,#13894);
#11894=AXIS2_PLACEMENT_3D('',#17389,#13895,#13896);
#11895=AXIS2_PLACEMENT_3D('',#17390,#13897,#13898);
#11896=AXIS2_PLACEMENT_3D('',#17391,#13899,#13900);
#11897=AXIS2_PLACEMENT_3D('',#17392,#13901,#13902);
#11898=AXIS2_PLACEMENT_3D('',#17393,#13903,#13904);
#11899=AXIS2_PLACEMENT_3D('',#17394,#13905,#13906);
#11900=AXIS2_PLACEMENT_3D('',#17395,#13907,#13908);
#11901=AXIS2_PLACEMENT_3D('',#17396,#13909,#13910);
#11902=AXIS2_PLACEMENT_3D('',#17398,#13911,#13912);
#11903=AXIS2_PLACEMENT_3D('',#17401,#13914,#13915);
#11904=AXIS2_PLACEMENT_3D('',#17402,#13916,#13917);
#11905=AXIS2_PLACEMENT_3D('',#17403,#13918,#13919);
#11906=AXIS2_PLACEMENT_3D('',#17404,#13920,#13921);
#11907=AXIS2_PLACEMENT_3D('',#17405,#13922,#13923);
#11908=AXIS2_PLACEMENT_3D('',#17407,#13924,#13925);
#11909=AXIS2_PLACEMENT_3D('',#17410,#13927,#13928);
#11910=AXIS2_PLACEMENT_3D('',#17411,#13929,#13930);
#11911=AXIS2_PLACEMENT_3D('',#17413,#13931,#13932);
#11912=AXIS2_PLACEMENT_3D('',#17416,#13934,#13935);
#11913=AXIS2_PLACEMENT_3D('',#17417,#13936,#13937);
#11914=AXIS2_PLACEMENT_3D('',#17418,#13938,#13939);
#11915=AXIS2_PLACEMENT_3D('',#17419,#13940,#13941);
#11916=AXIS2_PLACEMENT_3D('',#17420,#13942,#13943);
#11917=AXIS2_PLACEMENT_3D('',#17422,#13944,#13945);
#11918=AXIS2_PLACEMENT_3D('',#17425,#13947,#13948);
#11919=AXIS2_PLACEMENT_3D('',#17426,#13949,#13950);
#11920=AXIS2_PLACEMENT_3D('',#17428,#13951,#13952);
#11921=AXIS2_PLACEMENT_3D('',#17431,#13954,#13955);
#11922=AXIS2_PLACEMENT_3D('',#17432,#13956,#13957);
#11923=AXIS2_PLACEMENT_3D('',#17433,#13958,#13959);
#11924=AXIS2_PLACEMENT_3D('',#17434,#13960,#13961);
#11925=AXIS2_PLACEMENT_3D('',#17435,#13962,#13963);
#11926=AXIS2_PLACEMENT_3D('',#17437,#13964,#13965);
#11927=AXIS2_PLACEMENT_3D('',#17440,#13967,#13968);
#11928=AXIS2_PLACEMENT_3D('',#17441,#13969,#13970);
#11929=AXIS2_PLACEMENT_3D('',#17442,#13971,#13972);
#11930=AXIS2_PLACEMENT_3D('',#17443,#13973,#13974);
#11931=AXIS2_PLACEMENT_3D('',#17444,#13975,#13976);
#11932=AXIS2_PLACEMENT_3D('',#17453,#13981,#13982);
#11933=AXIS2_PLACEMENT_3D('',#17459,#13986,#13987);
#11934=AXIS2_PLACEMENT_3D('',#17465,#13991,#13992);
#11935=AXIS2_PLACEMENT_3D('',#17468,#13995,#13996);
#11936=AXIS2_PLACEMENT_3D('',#17470,#13997,#13998);
#11937=AXIS2_PLACEMENT_3D('',#17473,#14000,#14001);
#11938=AXIS2_PLACEMENT_3D('',#17474,#14002,#14003);
#11939=AXIS2_PLACEMENT_3D('',#17475,#14004,#14005);
#11940=AXIS2_PLACEMENT_3D('',#17477,#14006,#14007);
#11941=AXIS2_PLACEMENT_3D('',#17480,#14009,#14010);
#11942=AXIS2_PLACEMENT_3D('',#17481,#14011,#14012);
#11943=AXIS2_PLACEMENT_3D('',#17482,#14013,#14014);
#11944=AXIS2_PLACEMENT_3D('',#17484,#14015,#14016);
#11945=AXIS2_PLACEMENT_3D('',#17487,#14018,#14019);
#11946=AXIS2_PLACEMENT_3D('',#17488,#14020,#14021);
#11947=AXIS2_PLACEMENT_3D('',#17489,#14022,#14023);
#11948=AXIS2_PLACEMENT_3D('',#17491,#14024,#14025);
#11949=AXIS2_PLACEMENT_3D('',#17494,#14027,#14028);
#11950=AXIS2_PLACEMENT_3D('',#17495,#14029,#14030);
#11951=AXIS2_PLACEMENT_3D('',#17496,#14031,#14032);
#11952=AXIS2_PLACEMENT_3D('',#17499,#14033,#14034);
#11953=AXIS2_PLACEMENT_3D('',#17503,#14036,#14037);
#11954=AXIS2_PLACEMENT_3D('',#17505,#14039,#14040);
#11955=AXIS2_PLACEMENT_3D('',#17515,#14046,#14047);
#11956=AXIS2_PLACEMENT_3D('',#17519,#14050,#14051);
#11957=AXIS2_PLACEMENT_3D('',#17525,#14055,#14056);
#11958=AXIS2_PLACEMENT_3D('',#17529,#14059,#14060);
#11959=AXIS2_PLACEMENT_3D('',#17532,#14063,#14064);
#11960=AXIS2_PLACEMENT_3D('',#17533,#14065,#14066);
#11961=AXIS2_PLACEMENT_3D('',#17534,#14067,#14068);
#11962=AXIS2_PLACEMENT_3D('',#17535,#14069,#14070);
#11963=AXIS2_PLACEMENT_3D('',#17537,#14071,#14072);
#11964=AXIS2_PLACEMENT_3D('',#17540,#14074,#14075);
#11965=AXIS2_PLACEMENT_3D('',#17541,#14076,#14077);
#11966=AXIS2_PLACEMENT_3D('',#17543,#14078,#14079);
#11967=AXIS2_PLACEMENT_3D('',#17546,#14081,#14082);
#11968=AXIS2_PLACEMENT_3D('',#17547,#14083,#14084);
#11969=AXIS2_PLACEMENT_3D('',#17548,#14085,#14086);
#11970=AXIS2_PLACEMENT_3D('',#17549,#14087,#14088);
#11971=AXIS2_PLACEMENT_3D('',#17550,#14089,#14090);
#11972=AXIS2_PLACEMENT_3D('',#17552,#14091,#14092);
#11973=AXIS2_PLACEMENT_3D('',#17555,#14094,#14095);
#11974=AXIS2_PLACEMENT_3D('',#17556,#14096,#14097);
#11975=AXIS2_PLACEMENT_3D('',#17558,#14098,#14099);
#11976=AXIS2_PLACEMENT_3D('',#17561,#14101,#14102);
#11977=AXIS2_PLACEMENT_3D('',#17562,#14103,#14104);
#11978=AXIS2_PLACEMENT_3D('',#17563,#14105,#14106);
#11979=AXIS2_PLACEMENT_3D('',#17564,#14107,#14108);
#11980=AXIS2_PLACEMENT_3D('',#17565,#14109,#14110);
#11981=AXIS2_PLACEMENT_3D('',#17574,#14115,#14116);
#11982=AXIS2_PLACEMENT_3D('',#17580,#14120,#14121);
#11983=AXIS2_PLACEMENT_3D('',#17586,#14125,#14126);
#11984=AXIS2_PLACEMENT_3D('',#17589,#14129,#14130);
#11985=AXIS2_PLACEMENT_3D('',#17590,#14131,#14132);
#11986=AXIS2_PLACEMENT_3D('',#17591,#14133,#14134);
#11987=AXIS2_PLACEMENT_3D('',#17592,#14135,#14136);
#11988=AXIS2_PLACEMENT_3D('',#17594,#14137,#14138);
#11989=AXIS2_PLACEMENT_3D('',#17597,#14140,#14141);
#11990=AXIS2_PLACEMENT_3D('',#17598,#14142,#14143);
#11991=AXIS2_PLACEMENT_3D('',#17600,#14144,#14145);
#11992=AXIS2_PLACEMENT_3D('',#17603,#14147,#14148);
#11993=AXIS2_PLACEMENT_3D('',#17604,#14149,#14150);
#11994=AXIS2_PLACEMENT_3D('',#17613,#14155,#14156);
#11995=AXIS2_PLACEMENT_3D('',#17619,#14160,#14161);
#11996=AXIS2_PLACEMENT_3D('',#17625,#14165,#14166);
#11997=AXIS2_PLACEMENT_3D('',#17628,#14169,#14170);
#11998=AXIS2_PLACEMENT_3D('',#17637,#14175,#14176);
#11999=AXIS2_PLACEMENT_3D('',#17643,#14180,#14181);
#12000=AXIS2_PLACEMENT_3D('',#17649,#14185,#14186);
#12001=AXIS2_PLACEMENT_3D('',#17652,#14189,#14190);
#12002=AXIS2_PLACEMENT_3D('',#17653,#14191,#14192);
#12003=AXIS2_PLACEMENT_3D('',#17654,#14193,#14194);
#12004=AXIS2_PLACEMENT_3D('',#17655,#14195,#14196);
#12005=AXIS2_PLACEMENT_3D('',#17656,#14197,#14198);
#12006=AXIS2_PLACEMENT_3D('',#17657,#14199,#14200);
#12007=AXIS2_PLACEMENT_3D('',#17658,#14201,#14202);
#12008=AXIS2_PLACEMENT_3D('',#17659,#14203,#14204);
#12009=AXIS2_PLACEMENT_3D('',#17660,#14205,#14206);
#12010=AXIS2_PLACEMENT_3D('',#17661,#14207,#14208);
#12011=AXIS2_PLACEMENT_3D('',#17662,#14209,#14210);
#12012=AXIS2_PLACEMENT_3D('',#17663,#14211,#14212);
#12013=AXIS2_PLACEMENT_3D('',#17664,#14213,#14214);
#12014=AXIS2_PLACEMENT_3D('',#17665,#14215,#14216);
#12015=AXIS2_PLACEMENT_3D('',#17674,#14221,#14222);
#12016=AXIS2_PLACEMENT_3D('',#17680,#14226,#14227);
#12017=AXIS2_PLACEMENT_3D('',#17686,#14231,#14232);
#12018=AXIS2_PLACEMENT_3D('',#17689,#14235,#14236);
#12019=AXIS2_PLACEMENT_3D('',#17690,#14237,#14238);
#12020=AXIS2_PLACEMENT_3D('',#17691,#14239,#14240);
#12021=AXIS2_PLACEMENT_3D('',#17692,#14241,#14242);
#12022=AXIS2_PLACEMENT_3D('',#17701,#14247,#14248);
#12023=AXIS2_PLACEMENT_3D('',#17707,#14252,#14253);
#12024=AXIS2_PLACEMENT_3D('',#17713,#14257,#14258);
#12025=AXIS2_PLACEMENT_3D('',#17716,#14261,#14262);
#12026=AXIS2_PLACEMENT_3D('',#17717,#14263,#14264);
#12027=AXIS2_PLACEMENT_3D('',#17718,#14265,#14266);
#12028=AXIS2_PLACEMENT_3D('',#17719,#14267,#14268);
#12029=AXIS2_PLACEMENT_3D('',#17728,#14273,#14274);
#12030=AXIS2_PLACEMENT_3D('',#17734,#14278,#14279);
#12031=AXIS2_PLACEMENT_3D('',#17740,#14283,#14284);
#12032=AXIS2_PLACEMENT_3D('',#17743,#14287,#14288);
#12033=AXIS2_PLACEMENT_3D('',#17744,#14289,#14290);
#12034=AXIS2_PLACEMENT_3D('',#17745,#14291,#14292);
#12035=AXIS2_PLACEMENT_3D('',#17746,#14293,#14294);
#12036=AXIS2_PLACEMENT_3D('',#17755,#14299,#14300);
#12037=AXIS2_PLACEMENT_3D('',#17761,#14304,#14305);
#12038=AXIS2_PLACEMENT_3D('',#17767,#14309,#14310);
#12039=AXIS2_PLACEMENT_3D('',#17770,#14313,#14314);
#12040=AXIS2_PLACEMENT_3D('',#17771,#14315,#14316);
#12041=AXIS2_PLACEMENT_3D('',#17772,#14317,#14318);
#12042=AXIS2_PLACEMENT_3D('',#17773,#14319,#14320);
#12043=AXIS2_PLACEMENT_3D('',#17782,#14325,#14326);
#12044=AXIS2_PLACEMENT_3D('',#17788,#14330,#14331);
#12045=AXIS2_PLACEMENT_3D('',#17794,#14335,#14336);
#12046=AXIS2_PLACEMENT_3D('',#17797,#14339,#14340);
#12047=AXIS2_PLACEMENT_3D('',#17798,#14341,#14342);
#12048=AXIS2_PLACEMENT_3D('',#17799,#14343,#14344);
#12049=AXIS2_PLACEMENT_3D('',#17800,#14345,#14346);
#12050=AXIS2_PLACEMENT_3D('',#17802,#14347,#14348);
#12051=AXIS2_PLACEMENT_3D('',#17805,#14350,#14351);
#12052=AXIS2_PLACEMENT_3D('',#17806,#14352,#14353);
#12053=AXIS2_PLACEMENT_3D('',#17808,#14354,#14355);
#12054=AXIS2_PLACEMENT_3D('',#17811,#14357,#14358);
#12055=AXIS2_PLACEMENT_3D('',#17812,#14359,#14360);
#12056=AXIS2_PLACEMENT_3D('',#17814,#14361,#14362);
#12057=AXIS2_PLACEMENT_3D('',#17817,#14364,#14365);
#12058=AXIS2_PLACEMENT_3D('',#17818,#14366,#14367);
#12059=AXIS2_PLACEMENT_3D('',#17820,#14368,#14369);
#12060=AXIS2_PLACEMENT_3D('',#17823,#14371,#14372);
#12061=AXIS2_PLACEMENT_3D('',#17824,#14373,#14374);
#12062=AXIS2_PLACEMENT_3D('',#17833,#14379,#14380);
#12063=AXIS2_PLACEMENT_3D('',#17839,#14384,#14385);
#12064=AXIS2_PLACEMENT_3D('',#17845,#14389,#14390);
#12065=AXIS2_PLACEMENT_3D('',#17848,#14393,#14394);
#12066=AXIS2_PLACEMENT_3D('',#17849,#14395,#14396);
#12067=AXIS2_PLACEMENT_3D('',#17850,#14397,#14398);
#12068=AXIS2_PLACEMENT_3D('',#17859,#14403,#14404);
#12069=AXIS2_PLACEMENT_3D('',#17865,#14408,#14409);
#12070=AXIS2_PLACEMENT_3D('',#17871,#14413,#14414);
#12071=AXIS2_PLACEMENT_3D('',#17874,#14417,#14418);
#12072=AXIS2_PLACEMENT_3D('',#17875,#14419,#14420);
#12073=AXIS2_PLACEMENT_3D('',#17876,#14421,#14422);
#12074=AXIS2_PLACEMENT_3D('',#17885,#14427,#14428);
#12075=AXIS2_PLACEMENT_3D('',#17891,#14432,#14433);
#12076=AXIS2_PLACEMENT_3D('',#17897,#14437,#14438);
#12077=AXIS2_PLACEMENT_3D('',#17900,#14441,#14442);
#12078=AXIS2_PLACEMENT_3D('',#17901,#14443,#14444);
#12079=AXIS2_PLACEMENT_3D('',#17902,#14445,#14446);
#12080=AXIS2_PLACEMENT_3D('',#17911,#14451,#14452);
#12081=AXIS2_PLACEMENT_3D('',#17917,#14456,#14457);
#12082=AXIS2_PLACEMENT_3D('',#17923,#14461,#14462);
#12083=AXIS2_PLACEMENT_3D('',#17926,#14465,#14466);
#12084=AXIS2_PLACEMENT_3D('',#17927,#14467,#14468);
#12085=AXIS2_PLACEMENT_3D('',#17928,#14469,#14470);
#12086=AXIS2_PLACEMENT_3D('',#17929,#14471,#14472);
#12087=AXIS2_PLACEMENT_3D('',#17931,#14473,#14474);
#12088=AXIS2_PLACEMENT_3D('',#17934,#14476,#14477);
#12089=AXIS2_PLACEMENT_3D('',#17935,#14478,#14479);
#12090=AXIS2_PLACEMENT_3D('',#17937,#14480,#14481);
#12091=AXIS2_PLACEMENT_3D('',#17940,#14483,#14484);
#12092=AXIS2_PLACEMENT_3D('',#17941,#14485,#14486);
#12093=AXIS2_PLACEMENT_3D('',#17950,#14491,#14492);
#12094=AXIS2_PLACEMENT_3D('',#17956,#14496,#14497);
#12095=AXIS2_PLACEMENT_3D('',#17962,#14501,#14502);
#12096=AXIS2_PLACEMENT_3D('',#17965,#14505,#14506);
#12097=AXIS2_PLACEMENT_3D('',#17966,#14507,#14508);
#12098=AXIS2_PLACEMENT_3D('',#17967,#14509,#14510);
#12099=AXIS2_PLACEMENT_3D('',#17968,#14511,#14512);
#12100=AXIS2_PLACEMENT_3D('',#17969,#14513,#14514);
#12101=AXIS2_PLACEMENT_3D('',#17970,#14515,#14516);
#12102=AXIS2_PLACEMENT_3D('',#17971,#14517,#14518);
#12103=AXIS2_PLACEMENT_3D('',#17972,#14519,#14520);
#12104=AXIS2_PLACEMENT_3D('',#17973,#14521,#14522);
#12105=AXIS2_PLACEMENT_3D('',#17974,#14523,#14524);
#12106=AXIS2_PLACEMENT_3D('',#17975,#14525,#14526);
#12107=AXIS2_PLACEMENT_3D('',#17976,#14527,#14528);
#12108=AXIS2_PLACEMENT_3D('',#17977,#14529,#14530);
#12109=AXIS2_PLACEMENT_3D('',#17978,#14531,#14532);
#12110=AXIS2_PLACEMENT_3D('',#17980,#14533,#14534);
#12111=AXIS2_PLACEMENT_3D('',#17983,#14536,#14537);
#12112=AXIS2_PLACEMENT_3D('',#17984,#14538,#14539);
#12113=AXIS2_PLACEMENT_3D('',#17986,#14540,#14541);
#12114=AXIS2_PLACEMENT_3D('',#17989,#14543,#14544);
#12115=AXIS2_PLACEMENT_3D('',#17990,#14545,#14546);
#12116=AXIS2_PLACEMENT_3D('',#17992,#14547,#14548);
#12117=AXIS2_PLACEMENT_3D('',#17995,#14550,#14551);
#12118=AXIS2_PLACEMENT_3D('',#17996,#14552,#14553);
#12119=AXIS2_PLACEMENT_3D('',#17998,#14554,#14555);
#12120=AXIS2_PLACEMENT_3D('',#18001,#14557,#14558);
#12121=AXIS2_PLACEMENT_3D('',#18002,#14559,#14560);
#12122=AXIS2_PLACEMENT_3D('',#18011,#14565,#14566);
#12123=AXIS2_PLACEMENT_3D('',#18017,#14570,#14571);
#12124=AXIS2_PLACEMENT_3D('',#18023,#14575,#14576);
#12125=AXIS2_PLACEMENT_3D('',#18026,#14579,#14580);
#12126=AXIS2_PLACEMENT_3D('',#18027,#14581,#14582);
#12127=AXIS2_PLACEMENT_3D('',#18028,#14583,#14584);
#12128=AXIS2_PLACEMENT_3D('',#18029,#14585,#14586);
#12129=AXIS2_PLACEMENT_3D('',#18030,#14587,#14588);
#12130=AXIS2_PLACEMENT_3D('',#18031,#14589,#14590);
#12131=AXIS2_PLACEMENT_3D('',#18033,#14591,#14592);
#12132=AXIS2_PLACEMENT_3D('',#18036,#14594,#14595);
#12133=AXIS2_PLACEMENT_3D('',#18037,#14596,#14597);
#12134=AXIS2_PLACEMENT_3D('',#18039,#14598,#14599);
#12135=AXIS2_PLACEMENT_3D('',#18042,#14601,#14602);
#12136=AXIS2_PLACEMENT_3D('',#18043,#14603,#14604);
#12137=AXIS2_PLACEMENT_3D('',#18045,#14605,#14606);
#12138=AXIS2_PLACEMENT_3D('',#18048,#14608,#14609);
#12139=AXIS2_PLACEMENT_3D('',#18049,#14610,#14611);
#12140=AXIS2_PLACEMENT_3D('',#18051,#14612,#14613);
#12141=AXIS2_PLACEMENT_3D('',#18054,#14615,#14616);
#12142=AXIS2_PLACEMENT_3D('',#18055,#14617,#14618);
#12143=AXIS2_PLACEMENT_3D('',#18064,#14623,#14624);
#12144=AXIS2_PLACEMENT_3D('',#18070,#14628,#14629);
#12145=AXIS2_PLACEMENT_3D('',#18076,#14633,#14634);
#12146=AXIS2_PLACEMENT_3D('',#18079,#14637,#14638);
#12147=AXIS2_PLACEMENT_3D('',#18088,#14643,#14644);
#12148=AXIS2_PLACEMENT_3D('',#18094,#14648,#14649);
#12149=AXIS2_PLACEMENT_3D('',#18100,#14653,#14654);
#12150=AXIS2_PLACEMENT_3D('',#18103,#14657,#14658);
#12151=AXIS2_PLACEMENT_3D('',#18112,#14663,#14664);
#12152=AXIS2_PLACEMENT_3D('',#18118,#14668,#14669);
#12153=AXIS2_PLACEMENT_3D('',#18124,#14673,#14674);
#12154=AXIS2_PLACEMENT_3D('',#18127,#14677,#14678);
#12155=AXIS2_PLACEMENT_3D('',#18128,#14679,#14680);
#12156=AXIS2_PLACEMENT_3D('',#18129,#14681,#14682);
#12157=AXIS2_PLACEMENT_3D('',#18138,#14687,#14688);
#12158=AXIS2_PLACEMENT_3D('',#18144,#14692,#14693);
#12159=AXIS2_PLACEMENT_3D('',#18150,#14697,#14698);
#12160=AXIS2_PLACEMENT_3D('',#18153,#14701,#14702);
#12161=AXIS2_PLACEMENT_3D('',#18154,#14703,#14704);
#12162=AXIS2_PLACEMENT_3D('',#18155,#14705,#14706);
#12163=AXIS2_PLACEMENT_3D('',#18164,#14711,#14712);
#12164=AXIS2_PLACEMENT_3D('',#18173,#14717,#14718);
#12165=AXIS2_PLACEMENT_3D('',#18176,#14721,#14722);
#12166=AXIS2_PLACEMENT_3D('',#18178,#14724,#14725);
#12167=AXIS2_PLACEMENT_3D('',#18180,#14727,#14728);
#12168=AXIS2_PLACEMENT_3D('',#18181,#14729,#14730);
#12169=AXIS2_PLACEMENT_3D('',#18182,#14731,#14732);
#12170=AXIS2_PLACEMENT_3D('',#18184,#14733,#14734);
#12171=AXIS2_PLACEMENT_3D('',#18187,#14736,#14737);
#12172=AXIS2_PLACEMENT_3D('',#18188,#14738,#14739);
#12173=AXIS2_PLACEMENT_3D('',#18189,#14740,#14741);
#12174=AXIS2_PLACEMENT_3D('',#18191,#14742,#14743);
#12175=AXIS2_PLACEMENT_3D('',#18194,#14745,#14746);
#12176=AXIS2_PLACEMENT_3D('',#18195,#14747,#14748);
#12177=AXIS2_PLACEMENT_3D('',#18196,#14749,#14750);
#12178=AXIS2_PLACEMENT_3D('',#18198,#14751,#14752);
#12179=AXIS2_PLACEMENT_3D('',#18201,#14754,#14755);
#12180=AXIS2_PLACEMENT_3D('',#18202,#14756,#14757);
#12181=AXIS2_PLACEMENT_3D('',#18203,#14758,#14759);
#12182=AXIS2_PLACEMENT_3D('',#18204,#14760,#14761);
#12183=AXIS2_PLACEMENT_3D('',#18205,#14762,#14763);
#12184=AXIS2_PLACEMENT_3D('',#18207,#14764,#14765);
#12185=AXIS2_PLACEMENT_3D('',#18210,#14767,#14768);
#12186=AXIS2_PLACEMENT_3D('',#18211,#14769,#14770);
#12187=AXIS2_PLACEMENT_3D('',#18212,#14771,#14772);
#12188=AXIS2_PLACEMENT_3D('',#18214,#14773,#14774);
#12189=AXIS2_PLACEMENT_3D('',#18217,#14776,#14777);
#12190=AXIS2_PLACEMENT_3D('',#18218,#14778,#14779);
#12191=AXIS2_PLACEMENT_3D('',#18219,#14780,#14781);
#12192=AXIS2_PLACEMENT_3D('',#18221,#14782,#14783);
#12193=AXIS2_PLACEMENT_3D('',#18224,#14785,#14786);
#12194=AXIS2_PLACEMENT_3D('',#18225,#14787,#14788);
#12195=AXIS2_PLACEMENT_3D('',#18226,#14789,#14790);
#12196=AXIS2_PLACEMENT_3D('',#18227,#14791,#14792);
#12197=AXIS2_PLACEMENT_3D('',#18228,#14793,#14794);
#12198=AXIS2_PLACEMENT_3D('',#18230,#14795,#14796);
#12199=AXIS2_PLACEMENT_3D('',#18233,#14798,#14799);
#12200=AXIS2_PLACEMENT_3D('',#18234,#14800,#14801);
#12201=AXIS2_PLACEMENT_3D('',#18235,#14802,#14803);
#12202=AXIS2_PLACEMENT_3D('',#18237,#14804,#14805);
#12203=AXIS2_PLACEMENT_3D('',#18240,#14807,#14808);
#12204=AXIS2_PLACEMENT_3D('',#18241,#14809,#14810);
#12205=AXIS2_PLACEMENT_3D('',#18242,#14811,#14812);
#12206=AXIS2_PLACEMENT_3D('',#18244,#14813,#14814);
#12207=AXIS2_PLACEMENT_3D('',#18247,#14816,#14817);
#12208=AXIS2_PLACEMENT_3D('',#18248,#14818,#14819);
#12209=AXIS2_PLACEMENT_3D('',#18249,#14820,#14821);
#12210=AXIS2_PLACEMENT_3D('',#18250,#14822,#14823);
#12211=AXIS2_PLACEMENT_3D('',#18251,#14824,#14825);
#12212=AXIS2_PLACEMENT_3D('',#18253,#14826,#14827);
#12213=AXIS2_PLACEMENT_3D('',#18256,#14829,#14830);
#12214=AXIS2_PLACEMENT_3D('',#18257,#14831,#14832);
#12215=AXIS2_PLACEMENT_3D('',#18258,#14833,#14834);
#12216=AXIS2_PLACEMENT_3D('',#18260,#14835,#14836);
#12217=AXIS2_PLACEMENT_3D('',#18263,#14838,#14839);
#12218=AXIS2_PLACEMENT_3D('',#18264,#14840,#14841);
#12219=AXIS2_PLACEMENT_3D('',#18265,#14842,#14843);
#12220=AXIS2_PLACEMENT_3D('',#18267,#14844,#14845);
#12221=AXIS2_PLACEMENT_3D('',#18270,#14847,#14848);
#12222=AXIS2_PLACEMENT_3D('',#18271,#14849,#14850);
#12223=AXIS2_PLACEMENT_3D('',#18272,#14851,#14852);
#12224=AXIS2_PLACEMENT_3D('',#18273,#14853,#14854);
#12225=AXIS2_PLACEMENT_3D('',#18274,#14855,#14856);
#12226=AXIS2_PLACEMENT_3D('',#18276,#14857,#14858);
#12227=AXIS2_PLACEMENT_3D('',#18279,#14860,#14861);
#12228=AXIS2_PLACEMENT_3D('',#18280,#14862,#14863);
#12229=AXIS2_PLACEMENT_3D('',#18281,#14864,#14865);
#12230=AXIS2_PLACEMENT_3D('',#18283,#14866,#14867);
#12231=AXIS2_PLACEMENT_3D('',#18286,#14869,#14870);
#12232=AXIS2_PLACEMENT_3D('',#18287,#14871,#14872);
#12233=AXIS2_PLACEMENT_3D('',#18288,#14873,#14874);
#12234=AXIS2_PLACEMENT_3D('',#18290,#14875,#14876);
#12235=AXIS2_PLACEMENT_3D('',#18293,#14878,#14879);
#12236=AXIS2_PLACEMENT_3D('',#18294,#14880,#14881);
#12237=AXIS2_PLACEMENT_3D('',#18295,#14882,#14883);
#12238=AXIS2_PLACEMENT_3D('',#18296,#14884,#14885);
#12239=AXIS2_PLACEMENT_3D('',#18297,#14886,#14887);
#12240=AXIS2_PLACEMENT_3D('',#18299,#14888,#14889);
#12241=AXIS2_PLACEMENT_3D('',#18302,#14891,#14892);
#12242=AXIS2_PLACEMENT_3D('',#18303,#14893,#14894);
#12243=AXIS2_PLACEMENT_3D('',#18304,#14895,#14896);
#12244=AXIS2_PLACEMENT_3D('',#18306,#14897,#14898);
#12245=AXIS2_PLACEMENT_3D('',#18309,#14900,#14901);
#12246=AXIS2_PLACEMENT_3D('',#18310,#14902,#14903);
#12247=AXIS2_PLACEMENT_3D('',#18311,#14904,#14905);
#12248=AXIS2_PLACEMENT_3D('',#18313,#14906,#14907);
#12249=AXIS2_PLACEMENT_3D('',#18316,#14909,#14910);
#12250=AXIS2_PLACEMENT_3D('',#18317,#14911,#14912);
#12251=AXIS2_PLACEMENT_3D('',#18318,#14913,#14914);
#12252=AXIS2_PLACEMENT_3D('',#18319,#14915,#14916);
#12253=AXIS2_PLACEMENT_3D('',#18320,#14917,#14918);
#12254=AXIS2_PLACEMENT_3D('',#18322,#14919,#14920);
#12255=AXIS2_PLACEMENT_3D('',#18325,#14922,#14923);
#12256=AXIS2_PLACEMENT_3D('',#18326,#14924,#14925);
#12257=AXIS2_PLACEMENT_3D('',#18328,#14926,#14927);
#12258=AXIS2_PLACEMENT_3D('',#18331,#14929,#14930);
#12259=AXIS2_PLACEMENT_3D('',#18332,#14931,#14932);
#12260=AXIS2_PLACEMENT_3D('',#18341,#14937,#14938);
#12261=AXIS2_PLACEMENT_3D('',#18347,#14942,#14943);
#12262=AXIS2_PLACEMENT_3D('',#18353,#14947,#14948);
#12263=AXIS2_PLACEMENT_3D('',#18363,#14954,#14955);
#12264=AXIS2_PLACEMENT_3D('',#18367,#14958,#14959);
#12265=AXIS2_PLACEMENT_3D('',#18376,#14964,#14965);
#12266=AXIS2_PLACEMENT_3D('',#18382,#14969,#14970);
#12267=AXIS2_PLACEMENT_3D('',#18388,#14974,#14975);
#12268=AXIS2_PLACEMENT_3D('',#18391,#14978,#14979);
#12269=AXIS2_PLACEMENT_3D('',#18392,#14980,#14981);
#12270=AXIS2_PLACEMENT_3D('',#18398,#14985,#14986);
#12271=AXIS2_PLACEMENT_3D('',#18403,#14990,#14991);
#12272=AXIS2_PLACEMENT_3D('',#18405,#14993,#14994);
#12273=AXIS2_PLACEMENT_3D('',#18406,#14995,#14996);
#12274=AXIS2_PLACEMENT_3D('',#18407,#14997,#14998);
#12275=AXIS2_PLACEMENT_3D('',#18408,#14999,#15000);
#12276=AXIS2_PLACEMENT_3D('',#18410,#15001,#15002);
#12277=AXIS2_PLACEMENT_3D('',#18413,#15004,#15005);
#12278=AXIS2_PLACEMENT_3D('',#18414,#15006,#15007);
#12279=AXIS2_PLACEMENT_3D('',#18416,#15008,#15009);
#12280=AXIS2_PLACEMENT_3D('',#18419,#15011,#15012);
#12281=AXIS2_PLACEMENT_3D('',#18420,#15013,#15014);
#12282=AXIS2_PLACEMENT_3D('',#18429,#15019,#15020);
#12283=AXIS2_PLACEMENT_3D('',#18438,#15025,#15026);
#12284=AXIS2_PLACEMENT_3D('',#18441,#15029,#15030);
#12285=AXIS2_PLACEMENT_3D('',#18451,#15036,#15037);
#12286=AXIS2_PLACEMENT_3D('',#18455,#15040,#15041);
#12287=AXIS2_PLACEMENT_3D('',#18459,#15044,#15045);
#12288=AXIS2_PLACEMENT_3D('',#18468,#15050,#15051);
#12289=AXIS2_PLACEMENT_3D('',#18474,#15055,#15056);
#12290=AXIS2_PLACEMENT_3D('',#18480,#15060,#15061);
#12291=AXIS2_PLACEMENT_3D('',#18483,#15064,#15065);
#12292=AXIS2_PLACEMENT_3D('',#18484,#15066,#15067);
#12293=AXIS2_PLACEMENT_3D('',#18488,#15070,#15071);
#12294=AXIS2_PLACEMENT_3D('',#18492,#15074,#15075);
#12295=AXIS2_PLACEMENT_3D('',#18494,#15077,#15078);
#12296=AXIS2_PLACEMENT_3D('',#18495,#15079,#15080);
#12297=AXIS2_PLACEMENT_3D('',#18496,#15081,#15082);
#12298=AXIS2_PLACEMENT_3D('',#18498,#15083,#15084);
#12299=AXIS2_PLACEMENT_3D('',#18501,#15086,#15087);
#12300=AXIS2_PLACEMENT_3D('',#18502,#15088,#15089);
#12301=AXIS2_PLACEMENT_3D('',#18504,#15090,#15091);
#12302=AXIS2_PLACEMENT_3D('',#18507,#15093,#15094);
#12303=AXIS2_PLACEMENT_3D('',#18508,#15095,#15096);
#12304=AXIS2_PLACEMENT_3D('',#18517,#15101,#15102);
#12305=AXIS2_PLACEMENT_3D('',#18526,#15107,#15108);
#12306=AXIS2_PLACEMENT_3D('',#18529,#15111,#15112);
#12307=AXIS2_PLACEMENT_3D('',#18539,#15118,#15119);
#12308=AXIS2_PLACEMENT_3D('',#18543,#15122,#15123);
#12309=AXIS2_PLACEMENT_3D('',#18547,#15126,#15127);
#12310=AXIS2_PLACEMENT_3D('',#18556,#15132,#15133);
#12311=AXIS2_PLACEMENT_3D('',#18562,#15137,#15138);
#12312=AXIS2_PLACEMENT_3D('',#18568,#15142,#15143);
#12313=AXIS2_PLACEMENT_3D('',#18571,#15146,#15147);
#12314=AXIS2_PLACEMENT_3D('',#18572,#15148,#15149);
#12315=AXIS2_PLACEMENT_3D('',#18576,#15152,#15153);
#12316=AXIS2_PLACEMENT_3D('',#18580,#15156,#15157);
#12317=AXIS2_PLACEMENT_3D('',#18582,#15159,#15160);
#12318=AXIS2_PLACEMENT_3D('',#18583,#15161,#15162);
#12319=AXIS2_PLACEMENT_3D('',#18584,#15163,#15164);
#12320=AXIS2_PLACEMENT_3D('',#18586,#15165,#15166);
#12321=AXIS2_PLACEMENT_3D('',#18589,#15168,#15169);
#12322=AXIS2_PLACEMENT_3D('',#18590,#15170,#15171);
#12323=AXIS2_PLACEMENT_3D('',#18592,#15172,#15173);
#12324=AXIS2_PLACEMENT_3D('',#18595,#15175,#15176);
#12325=AXIS2_PLACEMENT_3D('',#18596,#15177,#15178);
#12326=AXIS2_PLACEMENT_3D('',#18605,#15183,#15184);
#12327=AXIS2_PLACEMENT_3D('',#18611,#15188,#15189);
#12328=AXIS2_PLACEMENT_3D('',#18617,#15193,#15194);
#12329=AXIS2_PLACEMENT_3D('',#18627,#15200,#15201);
#12330=AXIS2_PLACEMENT_3D('',#18631,#15204,#15205);
#12331=AXIS2_PLACEMENT_3D('',#18640,#15210,#15211);
#12332=AXIS2_PLACEMENT_3D('',#18646,#15215,#15216);
#12333=AXIS2_PLACEMENT_3D('',#18652,#15220,#15221);
#12334=AXIS2_PLACEMENT_3D('',#18655,#15224,#15225);
#12335=AXIS2_PLACEMENT_3D('',#18656,#15226,#15227);
#12336=AXIS2_PLACEMENT_3D('',#18662,#15231,#15232);
#12337=AXIS2_PLACEMENT_3D('',#18667,#15236,#15237);
#12338=AXIS2_PLACEMENT_3D('',#18669,#15239,#15240);
#12339=AXIS2_PLACEMENT_3D('',#18670,#15241,#15242);
#12340=AXIS2_PLACEMENT_3D('',#18671,#15243,#15244);
#12341=AXIS2_PLACEMENT_3D('',#18672,#15245,#15246);
#12342=AXIS2_PLACEMENT_3D('',#18674,#15247,#15248);
#12343=AXIS2_PLACEMENT_3D('',#18677,#15250,#15251);
#12344=AXIS2_PLACEMENT_3D('',#18678,#15252,#15253);
#12345=AXIS2_PLACEMENT_3D('',#18680,#15254,#15255);
#12346=AXIS2_PLACEMENT_3D('',#18683,#15257,#15258);
#12347=AXIS2_PLACEMENT_3D('',#18684,#15259,#15260);
#12348=AXIS2_PLACEMENT_3D('',#18693,#15265,#15266);
#12349=AXIS2_PLACEMENT_3D('',#18702,#15271,#15272);
#12350=AXIS2_PLACEMENT_3D('',#18705,#15275,#15276);
#12351=AXIS2_PLACEMENT_3D('',#18715,#15282,#15283);
#12352=AXIS2_PLACEMENT_3D('',#18719,#15286,#15287);
#12353=AXIS2_PLACEMENT_3D('',#18723,#15290,#15291);
#12354=AXIS2_PLACEMENT_3D('',#18732,#15296,#15297);
#12355=AXIS2_PLACEMENT_3D('',#18738,#15301,#15302);
#12356=AXIS2_PLACEMENT_3D('',#18744,#15306,#15307);
#12357=AXIS2_PLACEMENT_3D('',#18747,#15310,#15311);
#12358=AXIS2_PLACEMENT_3D('',#18748,#15312,#15313);
#12359=AXIS2_PLACEMENT_3D('',#18752,#15316,#15317);
#12360=AXIS2_PLACEMENT_3D('',#18756,#15320,#15321);
#12361=AXIS2_PLACEMENT_3D('',#18758,#15323,#15324);
#12362=AXIS2_PLACEMENT_3D('',#18759,#15325,#15326);
#12363=AXIS2_PLACEMENT_3D('',#18760,#15327,#15328);
#12364=AXIS2_PLACEMENT_3D('',#18762,#15329,#15330);
#12365=AXIS2_PLACEMENT_3D('',#18765,#15332,#15333);
#12366=AXIS2_PLACEMENT_3D('',#18766,#15334,#15335);
#12367=AXIS2_PLACEMENT_3D('',#18768,#15336,#15337);
#12368=AXIS2_PLACEMENT_3D('',#18771,#15339,#15340);
#12369=AXIS2_PLACEMENT_3D('',#18772,#15341,#15342);
#12370=AXIS2_PLACEMENT_3D('',#18774,#15343,#15344);
#12371=AXIS2_PLACEMENT_3D('',#18777,#15346,#15347);
#12372=AXIS2_PLACEMENT_3D('',#18778,#15348,#15349);
#12373=AXIS2_PLACEMENT_3D('',#18779,#15350,#15351);
#12374=AXIS2_PLACEMENT_3D('',#18781,#15352,#15353);
#12375=AXIS2_PLACEMENT_3D('',#18784,#15355,#15356);
#12376=AXIS2_PLACEMENT_3D('',#18785,#15357,#15358);
#12377=AXIS2_PLACEMENT_3D('',#18786,#15359,#15360);
#12378=AXIS2_PLACEMENT_3D('',#18788,#15361,#15362);
#12379=AXIS2_PLACEMENT_3D('',#18791,#15364,#15365);
#12380=AXIS2_PLACEMENT_3D('',#18792,#15366,#15367);
#12381=AXIS2_PLACEMENT_3D('',#18793,#15368,#15369);
#12382=AXIS2_PLACEMENT_3D('',#18795,#15370,#15371);
#12383=AXIS2_PLACEMENT_3D('',#18798,#15373,#15374);
#12384=AXIS2_PLACEMENT_3D('',#18799,#15375,#15376);
#12385=AXIS2_PLACEMENT_3D('',#18800,#15377,#15378);
#12386=AXIS2_PLACEMENT_3D('',#18809,#15383,#15384);
#12387=AXIS2_PLACEMENT_3D('',#18815,#15388,#15389);
#12388=AXIS2_PLACEMENT_3D('',#18821,#15393,#15394);
#12389=AXIS2_PLACEMENT_3D('',#18824,#15397,#15398);
#12390=AXIS2_PLACEMENT_3D('',#18826,#15399,#15400);
#12391=AXIS2_PLACEMENT_3D('',#18829,#15402,#15403);
#12392=AXIS2_PLACEMENT_3D('',#18830,#15404,#15405);
#12393=AXIS2_PLACEMENT_3D('',#18831,#15406,#15407);
#12394=AXIS2_PLACEMENT_3D('',#18833,#15408,#15409);
#12395=AXIS2_PLACEMENT_3D('',#18836,#15411,#15412);
#12396=AXIS2_PLACEMENT_3D('',#18837,#15413,#15414);
#12397=AXIS2_PLACEMENT_3D('',#18838,#15415,#15416);
#12398=AXIS2_PLACEMENT_3D('',#18840,#15417,#15418);
#12399=AXIS2_PLACEMENT_3D('',#18843,#15420,#15421);
#12400=AXIS2_PLACEMENT_3D('',#18844,#15422,#15423);
#12401=AXIS2_PLACEMENT_3D('',#18845,#15424,#15425);
#12402=AXIS2_PLACEMENT_3D('',#18847,#15426,#15427);
#12403=AXIS2_PLACEMENT_3D('',#18850,#15429,#15430);
#12404=AXIS2_PLACEMENT_3D('',#18851,#15431,#15432);
#12405=AXIS2_PLACEMENT_3D('',#18852,#15433,#15434);
#12406=AXIS2_PLACEMENT_3D('',#18861,#15439,#15440);
#12407=AXIS2_PLACEMENT_3D('',#18867,#15444,#15445);
#12408=AXIS2_PLACEMENT_3D('',#18873,#15449,#15450);
#12409=AXIS2_PLACEMENT_3D('',#18876,#15453,#15454);
#12410=AXIS2_PLACEMENT_3D('',#18877,#15455,#15456);
#12411=AXIS2_PLACEMENT_3D('',#18878,#15457,#15458);
#12412=AXIS2_PLACEMENT_3D('',#18879,#15459,#15460);
#12413=AXIS2_PLACEMENT_3D('',#18881,#15461,#15462);
#12414=AXIS2_PLACEMENT_3D('',#18884,#15464,#15465);
#12415=AXIS2_PLACEMENT_3D('',#18885,#15466,#15467);
#12416=AXIS2_PLACEMENT_3D('',#18887,#15468,#15469);
#12417=AXIS2_PLACEMENT_3D('',#18890,#15471,#15472);
#12418=AXIS2_PLACEMENT_3D('',#18891,#15473,#15474);
#12419=AXIS2_PLACEMENT_3D('',#18893,#15475,#15476);
#12420=AXIS2_PLACEMENT_3D('',#18896,#15478,#15479);
#12421=AXIS2_PLACEMENT_3D('',#18897,#15480,#15481);
#12422=AXIS2_PLACEMENT_3D('',#18899,#15482,#15483);
#12423=AXIS2_PLACEMENT_3D('',#18902,#15485,#15486);
#12424=AXIS2_PLACEMENT_3D('',#18903,#15487,#15488);
#12425=AXIS2_PLACEMENT_3D('',#18912,#15493,#15494);
#12426=AXIS2_PLACEMENT_3D('',#18918,#15498,#15499);
#12427=AXIS2_PLACEMENT_3D('',#18924,#15503,#15504);
#12428=AXIS2_PLACEMENT_3D('',#18927,#15507,#15508);
#12429=AXIS2_PLACEMENT_3D('',#18928,#15509,#15510);
#12430=AXIS2_PLACEMENT_3D('',#18929,#15511,#15512);
#12431=AXIS2_PLACEMENT_3D('',#18930,#15513,#15514);
#12432=AXIS2_PLACEMENT_3D('',#18931,#15515,#15516);
#12433=AXIS2_PLACEMENT_3D('',#18932,#15517,#15518);
#12434=AXIS2_PLACEMENT_3D('',#18933,#15519,#15520);
#12435=AXIS2_PLACEMENT_3D('',#18934,#15521,#15522);
#12436=AXIS2_PLACEMENT_3D('',#18935,#15523,#15524);
#12437=AXIS2_PLACEMENT_3D('',#18936,#15525,#15526);
#12438=AXIS2_PLACEMENT_3D('',#18937,#15527,#15528);
#12439=AXIS2_PLACEMENT_3D('',#18938,#15529,#15530);
#12440=AXIS2_PLACEMENT_3D('',#18939,#15531,#15532);
#12441=AXIS2_PLACEMENT_3D('',#18940,#15533,#15534);
#12442=AXIS2_PLACEMENT_3D('',#18941,#15535,#15536);
#12443=AXIS2_PLACEMENT_3D('',#18942,#15537,#15538);
#12444=AXIS2_PLACEMENT_3D('',#18943,#15539,#15540);
#12445=AXIS2_PLACEMENT_3D('',#18944,#15541,#15542);
#12446=AXIS2_PLACEMENT_3D('',#18945,#15543,#15544);
#12447=AXIS2_PLACEMENT_3D('',#18946,#15545,#15546);
#12448=AXIS2_PLACEMENT_3D('',#18947,#15547,#15548);
#12449=AXIS2_PLACEMENT_3D('',#18948,#15549,#15550);
#12450=AXIS2_PLACEMENT_3D('',#18949,#15551,#15552);
#12451=AXIS2_PLACEMENT_3D('',#18950,#15553,#15554);
#12452=DIRECTION('axis',(0.,0.,1.));
#12453=DIRECTION('refdir',(1.,0.,0.));
#12454=DIRECTION('axis',(0.,0.,1.));
#12455=DIRECTION('refdir',(1.,0.,0.));
#12456=DIRECTION('axis',(0.,0.,1.));
#12457=DIRECTION('refdir',(1.,0.,0.));
#12458=DIRECTION('center_axis',(0.,0.,1.));
#12459=DIRECTION('ref_axis',(1.,0.,0.));
#12460=DIRECTION('center_axis',(0.,0.,1.));
#12461=DIRECTION('ref_axis',(1.,0.,0.));
#12462=DIRECTION('',(0.,0.,1.));
#12463=DIRECTION('center_axis',(0.,0.,-1.));
#12464=DIRECTION('ref_axis',(1.,0.,0.));
#12465=DIRECTION('center_axis',(0.,0.,1.));
#12466=DIRECTION('ref_axis',(1.,0.,0.));
#12467=DIRECTION('center_axis',(0.,0.,1.));
#12468=DIRECTION('ref_axis',(1.,0.,0.));
#12469=DIRECTION('',(0.,0.,1.));
#12470=DIRECTION('center_axis',(0.,0.,-1.));
#12471=DIRECTION('ref_axis',(1.,0.,0.));
#12472=DIRECTION('center_axis',(0.,0.,1.));
#12473=DIRECTION('ref_axis',(1.,0.,0.));
#12474=DIRECTION('center_axis',(0.,0.,1.));
#12475=DIRECTION('ref_axis',(1.,0.,0.));
#12476=DIRECTION('',(0.,0.,1.));
#12477=DIRECTION('center_axis',(0.,0.,-1.));
#12478=DIRECTION('ref_axis',(1.,0.,0.));
#12479=DIRECTION('center_axis',(0.,0.,1.));
#12480=DIRECTION('ref_axis',(1.,0.,0.));
#12481=DIRECTION('center_axis',(0.,0.,1.));
#12482=DIRECTION('ref_axis',(1.,0.,0.));
#12483=DIRECTION('',(0.,0.,1.));
#12484=DIRECTION('center_axis',(0.,0.,-1.));
#12485=DIRECTION('ref_axis',(1.,0.,0.));
#12486=DIRECTION('center_axis',(0.,0.,1.));
#12487=DIRECTION('ref_axis',(1.,0.,0.));
#12488=DIRECTION('center_axis',(0.,0.,1.));
#12489=DIRECTION('ref_axis',(1.,0.,0.));
#12490=DIRECTION('',(0.,0.,1.));
#12491=DIRECTION('center_axis',(0.,0.,-1.));
#12492=DIRECTION('ref_axis',(1.,0.,0.));
#12493=DIRECTION('center_axis',(0.,0.,1.));
#12494=DIRECTION('ref_axis',(1.,0.,0.));
#12495=DIRECTION('center_axis',(0.,0.,1.));
#12496=DIRECTION('ref_axis',(1.,0.,0.));
#12497=DIRECTION('',(0.,0.,1.));
#12498=DIRECTION('center_axis',(0.,0.,-1.));
#12499=DIRECTION('ref_axis',(1.,0.,0.));
#12500=DIRECTION('center_axis',(0.,0.,1.));
#12501=DIRECTION('ref_axis',(1.,0.,0.));
#12502=DIRECTION('center_axis',(0.,0.,1.));
#12503=DIRECTION('ref_axis',(1.,0.,0.));
#12504=DIRECTION('',(0.,0.,1.));
#12505=DIRECTION('center_axis',(0.,0.,-1.));
#12506=DIRECTION('ref_axis',(1.,0.,0.));
#12507=DIRECTION('center_axis',(0.,0.,1.));
#12508=DIRECTION('ref_axis',(1.,0.,0.));
#12509=DIRECTION('center_axis',(0.,0.,1.));
#12510=DIRECTION('ref_axis',(1.,0.,0.));
#12511=DIRECTION('',(0.,0.,1.));
#12512=DIRECTION('center_axis',(0.,0.,-1.));
#12513=DIRECTION('ref_axis',(1.,0.,0.));
#12514=DIRECTION('center_axis',(0.,0.,1.));
#12515=DIRECTION('ref_axis',(1.,0.,0.));
#12516=DIRECTION('center_axis',(0.,0.,1.));
#12517=DIRECTION('ref_axis',(1.,0.,0.));
#12518=DIRECTION('',(0.,0.,1.));
#12519=DIRECTION('center_axis',(0.,0.,-1.));
#12520=DIRECTION('ref_axis',(1.,0.,0.));
#12521=DIRECTION('center_axis',(0.,0.,1.));
#12522=DIRECTION('ref_axis',(1.,0.,0.));
#12523=DIRECTION('center_axis',(0.,0.,1.));
#12524=DIRECTION('ref_axis',(1.,0.,0.));
#12525=DIRECTION('',(0.,0.,1.));
#12526=DIRECTION('center_axis',(0.,0.,-1.));
#12527=DIRECTION('ref_axis',(1.,0.,0.));
#12528=DIRECTION('center_axis',(0.,0.,1.));
#12529=DIRECTION('ref_axis',(1.,0.,0.));
#12530=DIRECTION('center_axis',(0.,0.,1.));
#12531=DIRECTION('ref_axis',(1.,0.,0.));
#12532=DIRECTION('',(0.,0.,1.));
#12533=DIRECTION('center_axis',(0.,0.,-1.));
#12534=DIRECTION('ref_axis',(1.,0.,0.));
#12535=DIRECTION('center_axis',(0.,0.,1.));
#12536=DIRECTION('ref_axis',(1.,0.,0.));
#12537=DIRECTION('center_axis',(0.,0.,1.));
#12538=DIRECTION('ref_axis',(1.,0.,0.));
#12539=DIRECTION('',(0.,0.,1.));
#12540=DIRECTION('center_axis',(0.,0.,-1.));
#12541=DIRECTION('ref_axis',(1.,0.,0.));
#12542=DIRECTION('center_axis',(1.,0.,0.));
#12543=DIRECTION('ref_axis',(0.,1.,0.));
#12544=DIRECTION('',(0.,-1.,0.));
#12545=DIRECTION('',(0.,0.,1.));
#12546=DIRECTION('',(0.,1.,0.));
#12547=DIRECTION('',(0.,0.,1.));
#12548=DIRECTION('center_axis',(-1.,0.,0.));
#12549=DIRECTION('ref_axis',(0.,-1.,0.));
#12550=DIRECTION('',(0.,-1.,0.));
#12551=DIRECTION('',(0.,0.,1.));
#12552=DIRECTION('',(0.,1.,0.));
#12553=DIRECTION('',(0.,0.,1.));
#12554=DIRECTION('center_axis',(0.,1.,0.));
#12555=DIRECTION('ref_axis',(-1.,0.,0.));
#12556=DIRECTION('',(1.,0.,0.));
#12557=DIRECTION('',(-1.,0.,0.));
#12558=DIRECTION('center_axis',(0.,-1.,0.));
#12559=DIRECTION('ref_axis',(1.,0.,0.));
#12560=DIRECTION('',(1.,0.,0.));
#12561=DIRECTION('',(-1.,0.,0.));
#12562=DIRECTION('center_axis',(1.,0.,0.));
#12563=DIRECTION('ref_axis',(0.,1.,0.));
#12564=DIRECTION('',(0.,-1.,0.));
#12565=DIRECTION('',(0.,0.,1.));
#12566=DIRECTION('',(0.,1.,0.));
#12567=DIRECTION('',(0.,0.,1.));
#12568=DIRECTION('center_axis',(-1.,0.,0.));
#12569=DIRECTION('ref_axis',(0.,-1.,0.));
#12570=DIRECTION('',(0.,-1.,0.));
#12571=DIRECTION('',(0.,0.,1.));
#12572=DIRECTION('',(0.,1.,0.));
#12573=DIRECTION('',(0.,0.,1.));
#12574=DIRECTION('center_axis',(0.,1.,0.));
#12575=DIRECTION('ref_axis',(-1.,0.,0.));
#12576=DIRECTION('',(1.,0.,0.));
#12577=DIRECTION('',(-1.,0.,0.));
#12578=DIRECTION('center_axis',(0.,-1.,0.));
#12579=DIRECTION('ref_axis',(1.,0.,0.));
#12580=DIRECTION('',(1.,0.,0.));
#12581=DIRECTION('',(-1.,0.,0.));
#12582=DIRECTION('center_axis',(1.,0.,0.));
#12583=DIRECTION('ref_axis',(0.,1.,0.));
#12584=DIRECTION('',(0.,-1.,0.));
#12585=DIRECTION('',(0.,0.,1.));
#12586=DIRECTION('',(0.,1.,0.));
#12587=DIRECTION('',(0.,0.,1.));
#12588=DIRECTION('center_axis',(-1.,0.,0.));
#12589=DIRECTION('ref_axis',(0.,-1.,0.));
#12590=DIRECTION('',(0.,-1.,0.));
#12591=DIRECTION('',(0.,0.,1.));
#12592=DIRECTION('',(0.,1.,0.));
#12593=DIRECTION('',(0.,0.,1.));
#12594=DIRECTION('center_axis',(0.,1.,0.));
#12595=DIRECTION('ref_axis',(-1.,0.,0.));
#12596=DIRECTION('',(1.,0.,0.));
#12597=DIRECTION('',(-1.,0.,0.));
#12598=DIRECTION('center_axis',(0.,-1.,0.));
#12599=DIRECTION('ref_axis',(1.,0.,0.));
#12600=DIRECTION('',(1.,0.,0.));
#12601=DIRECTION('',(-1.,0.,0.));
#12602=DIRECTION('center_axis',(1.,0.,0.));
#12603=DIRECTION('ref_axis',(0.,1.,0.));
#12604=DIRECTION('',(0.,-1.,0.));
#12605=DIRECTION('',(0.,0.,1.));
#12606=DIRECTION('',(0.,1.,0.));
#12607=DIRECTION('',(0.,0.,1.));
#12608=DIRECTION('center_axis',(-1.,0.,0.));
#12609=DIRECTION('ref_axis',(0.,-1.,0.));
#12610=DIRECTION('',(0.,-1.,0.));
#12611=DIRECTION('',(0.,0.,1.));
#12612=DIRECTION('',(0.,1.,0.));
#12613=DIRECTION('',(0.,0.,1.));
#12614=DIRECTION('center_axis',(0.,1.,0.));
#12615=DIRECTION('ref_axis',(-1.,0.,0.));
#12616=DIRECTION('',(1.,0.,0.));
#12617=DIRECTION('',(-1.,0.,0.));
#12618=DIRECTION('center_axis',(0.,-1.,0.));
#12619=DIRECTION('ref_axis',(1.,0.,0.));
#12620=DIRECTION('',(1.,0.,0.));
#12621=DIRECTION('',(-1.,0.,0.));
#12622=DIRECTION('center_axis',(0.,0.,1.));
#12623=DIRECTION('ref_axis',(1.,0.,0.));
#12624=DIRECTION('center_axis',(0.,0.,1.));
#12625=DIRECTION('ref_axis',(1.,0.,0.));
#12626=DIRECTION('',(0.,0.,1.));
#12627=DIRECTION('center_axis',(0.,0.,-1.));
#12628=DIRECTION('ref_axis',(1.,0.,0.));
#12629=DIRECTION('center_axis',(0.,0.,1.));
#12630=DIRECTION('ref_axis',(1.,0.,0.));
#12631=DIRECTION('center_axis',(0.,0.,1.));
#12632=DIRECTION('ref_axis',(1.,0.,0.));
#12633=DIRECTION('',(0.,0.,1.));
#12634=DIRECTION('center_axis',(0.,0.,-1.));
#12635=DIRECTION('ref_axis',(1.,0.,0.));
#12636=DIRECTION('center_axis',(0.,0.,1.));
#12637=DIRECTION('ref_axis',(1.,0.,0.));
#12638=DIRECTION('center_axis',(0.,0.,1.));
#12639=DIRECTION('ref_axis',(1.,0.,0.));
#12640=DIRECTION('',(0.,0.,1.));
#12641=DIRECTION('center_axis',(0.,0.,-1.));
#12642=DIRECTION('ref_axis',(1.,0.,0.));
#12643=DIRECTION('center_axis',(0.,0.,1.));
#12644=DIRECTION('ref_axis',(1.,0.,0.));
#12645=DIRECTION('center_axis',(0.,0.,1.));
#12646=DIRECTION('ref_axis',(1.,0.,0.));
#12647=DIRECTION('',(0.,0.,1.));
#12648=DIRECTION('center_axis',(0.,0.,-1.));
#12649=DIRECTION('ref_axis',(1.,0.,0.));
#12650=DIRECTION('center_axis',(0.,0.,1.));
#12651=DIRECTION('ref_axis',(1.,0.,0.));
#12652=DIRECTION('center_axis',(0.,0.,1.));
#12653=DIRECTION('ref_axis',(1.,0.,0.));
#12654=DIRECTION('',(0.,0.,1.));
#12655=DIRECTION('center_axis',(0.,0.,-1.));
#12656=DIRECTION('ref_axis',(1.,0.,0.));
#12657=DIRECTION('center_axis',(0.,0.,1.));
#12658=DIRECTION('ref_axis',(1.,0.,0.));
#12659=DIRECTION('center_axis',(0.,0.,1.));
#12660=DIRECTION('ref_axis',(1.,0.,0.));
#12661=DIRECTION('',(0.,0.,1.));
#12662=DIRECTION('center_axis',(0.,0.,-1.));
#12663=DIRECTION('ref_axis',(1.,0.,0.));
#12664=DIRECTION('center_axis',(0.,0.,1.));
#12665=DIRECTION('ref_axis',(1.,0.,0.));
#12666=DIRECTION('center_axis',(0.,0.,1.));
#12667=DIRECTION('ref_axis',(1.,0.,0.));
#12668=DIRECTION('',(0.,0.,1.));
#12669=DIRECTION('center_axis',(0.,0.,-1.));
#12670=DIRECTION('ref_axis',(1.,0.,0.));
#12671=DIRECTION('center_axis',(0.,0.,1.));
#12672=DIRECTION('ref_axis',(1.,0.,0.));
#12673=DIRECTION('center_axis',(0.,0.,1.));
#12674=DIRECTION('ref_axis',(1.,0.,0.));
#12675=DIRECTION('',(0.,0.,1.));
#12676=DIRECTION('center_axis',(0.,0.,-1.));
#12677=DIRECTION('ref_axis',(1.,0.,0.));
#12678=DIRECTION('center_axis',(0.,0.,1.));
#12679=DIRECTION('ref_axis',(1.,0.,0.));
#12680=DIRECTION('center_axis',(0.,0.,1.));
#12681=DIRECTION('ref_axis',(1.,0.,0.));
#12682=DIRECTION('',(0.,0.,1.));
#12683=DIRECTION('center_axis',(0.,0.,-1.));
#12684=DIRECTION('ref_axis',(1.,0.,0.));
#12685=DIRECTION('center_axis',(0.,0.,1.));
#12686=DIRECTION('ref_axis',(1.,0.,0.));
#12687=DIRECTION('center_axis',(0.,0.,1.));
#12688=DIRECTION('ref_axis',(1.,0.,0.));
#12689=DIRECTION('',(0.,0.,1.));
#12690=DIRECTION('center_axis',(0.,0.,-1.));
#12691=DIRECTION('ref_axis',(1.,0.,0.));
#12692=DIRECTION('center_axis',(0.,0.,1.));
#12693=DIRECTION('ref_axis',(1.,0.,0.));
#12694=DIRECTION('center_axis',(0.,0.,1.));
#12695=DIRECTION('ref_axis',(1.,0.,0.));
#12696=DIRECTION('',(0.,0.,1.));
#12697=DIRECTION('center_axis',(0.,0.,-1.));
#12698=DIRECTION('ref_axis',(1.,0.,0.));
#12699=DIRECTION('center_axis',(0.,0.,1.));
#12700=DIRECTION('ref_axis',(1.,0.,0.));
#12701=DIRECTION('center_axis',(0.,0.,1.));
#12702=DIRECTION('ref_axis',(1.,0.,0.));
#12703=DIRECTION('',(0.,0.,1.));
#12704=DIRECTION('center_axis',(0.,0.,-1.));
#12705=DIRECTION('ref_axis',(1.,0.,0.));
#12706=DIRECTION('center_axis',(0.,0.,1.));
#12707=DIRECTION('ref_axis',(1.,0.,0.));
#12708=DIRECTION('center_axis',(0.,0.,1.));
#12709=DIRECTION('ref_axis',(1.,0.,0.));
#12710=DIRECTION('',(0.,0.,1.));
#12711=DIRECTION('center_axis',(0.,0.,-1.));
#12712=DIRECTION('ref_axis',(1.,0.,0.));
#12713=DIRECTION('center_axis',(0.,0.,1.));
#12714=DIRECTION('ref_axis',(1.,0.,0.));
#12715=DIRECTION('center_axis',(0.,0.,1.));
#12716=DIRECTION('ref_axis',(1.,0.,0.));
#12717=DIRECTION('',(0.,0.,1.));
#12718=DIRECTION('center_axis',(0.,0.,-1.));
#12719=DIRECTION('ref_axis',(1.,0.,0.));
#12720=DIRECTION('center_axis',(0.,0.,1.));
#12721=DIRECTION('ref_axis',(1.,0.,0.));
#12722=DIRECTION('center_axis',(0.,0.,1.));
#12723=DIRECTION('ref_axis',(1.,0.,0.));
#12724=DIRECTION('',(0.,0.,1.));
#12725=DIRECTION('center_axis',(0.,0.,-1.));
#12726=DIRECTION('ref_axis',(1.,0.,0.));
#12727=DIRECTION('center_axis',(0.,0.,1.));
#12728=DIRECTION('ref_axis',(1.,0.,0.));
#12729=DIRECTION('center_axis',(0.,0.,1.));
#12730=DIRECTION('ref_axis',(1.,0.,0.));
#12731=DIRECTION('',(0.,0.,1.));
#12732=DIRECTION('center_axis',(0.,0.,-1.));
#12733=DIRECTION('ref_axis',(1.,0.,0.));
#12734=DIRECTION('center_axis',(0.,0.,1.));
#12735=DIRECTION('ref_axis',(1.,0.,0.));
#12736=DIRECTION('center_axis',(0.,0.,1.));
#12737=DIRECTION('ref_axis',(1.,0.,0.));
#12738=DIRECTION('',(0.,0.,1.));
#12739=DIRECTION('center_axis',(0.,0.,-1.));
#12740=DIRECTION('ref_axis',(1.,0.,0.));
#12741=DIRECTION('center_axis',(0.,0.,1.));
#12742=DIRECTION('ref_axis',(1.,0.,0.));
#12743=DIRECTION('center_axis',(0.,0.,1.));
#12744=DIRECTION('ref_axis',(1.,0.,0.));
#12745=DIRECTION('',(0.,0.,1.));
#12746=DIRECTION('center_axis',(0.,0.,-1.));
#12747=DIRECTION('ref_axis',(1.,0.,0.));
#12748=DIRECTION('center_axis',(0.,0.,1.));
#12749=DIRECTION('ref_axis',(1.,0.,0.));
#12750=DIRECTION('center_axis',(0.,0.,1.));
#12751=DIRECTION('ref_axis',(1.,0.,0.));
#12752=DIRECTION('',(0.,0.,1.));
#12753=DIRECTION('center_axis',(0.,0.,-1.));
#12754=DIRECTION('ref_axis',(1.,0.,0.));
#12755=DIRECTION('center_axis',(0.,0.,1.));
#12756=DIRECTION('ref_axis',(1.,0.,0.));
#12757=DIRECTION('center_axis',(0.,0.,1.));
#12758=DIRECTION('ref_axis',(1.,0.,0.));
#12759=DIRECTION('',(0.,0.,1.));
#12760=DIRECTION('center_axis',(0.,0.,-1.));
#12761=DIRECTION('ref_axis',(1.,0.,0.));
#12762=DIRECTION('center_axis',(0.,0.,1.));
#12763=DIRECTION('ref_axis',(1.,0.,0.));
#12764=DIRECTION('center_axis',(0.,0.,1.));
#12765=DIRECTION('ref_axis',(1.,0.,0.));
#12766=DIRECTION('',(0.,0.,1.));
#12767=DIRECTION('center_axis',(0.,0.,-1.));
#12768=DIRECTION('ref_axis',(1.,0.,0.));
#12769=DIRECTION('center_axis',(0.,0.,1.));
#12770=DIRECTION('ref_axis',(1.,0.,0.));
#12771=DIRECTION('center_axis',(0.,0.,1.));
#12772=DIRECTION('ref_axis',(1.,0.,0.));
#12773=DIRECTION('',(0.,0.,1.));
#12774=DIRECTION('center_axis',(0.,0.,-1.));
#12775=DIRECTION('ref_axis',(1.,0.,0.));
#12776=DIRECTION('center_axis',(0.,-1.,0.));
#12777=DIRECTION('ref_axis',(1.,0.,0.));
#12778=DIRECTION('',(1.,0.,0.));
#12779=DIRECTION('',(0.,0.,1.));
#12780=DIRECTION('',(-1.,0.,0.));
#12781=DIRECTION('',(0.,0.,1.));
#12782=DIRECTION('center_axis',(-1.,0.,0.));
#12783=DIRECTION('ref_axis',(0.,-1.,0.));
#12784=DIRECTION('',(0.,-1.,0.));
#12785=DIRECTION('',(0.,0.,1.));
#12786=DIRECTION('',(0.,1.,0.));
#12787=DIRECTION('center_axis',(0.,1.,0.));
#12788=DIRECTION('ref_axis',(-1.,0.,0.));
#12789=DIRECTION('',(-1.,0.,0.));
#12790=DIRECTION('',(0.,0.,-1.));
#12791=DIRECTION('',(1.,0.,0.));
#12792=DIRECTION('center_axis',(0.,0.,-1.));
#12793=DIRECTION('ref_axis',(-1.,0.,0.));
#12794=DIRECTION('',(0.,-1.,0.));
#12795=DIRECTION('',(-1.,0.,0.));
#12796=DIRECTION('',(0.,1.,0.));
#12797=DIRECTION('',(1.,0.,0.));
#12798=DIRECTION('',(0.,1.,0.));
#12799=DIRECTION('',(-1.,0.,0.));
#12800=DIRECTION('',(0.,1.,0.));
#12801=DIRECTION('',(1.,0.,0.));
#12802=DIRECTION('',(0.,-1.,0.));
#12803=DIRECTION('center_axis',(1.,0.,0.));
#12804=DIRECTION('ref_axis',(0.,-1.,0.));
#12805=DIRECTION('',(0.,1.,0.));
#12806=DIRECTION('',(0.,0.,-1.));
#12807=DIRECTION('center_axis',(0.,1.,0.));
#12808=DIRECTION('ref_axis',(-1.,0.,0.));
#12809=DIRECTION('',(0.,0.,1.));
#12810=DIRECTION('',(1.,0.,0.));
#12811=DIRECTION('',(0.,0.,1.));
#12812=DIRECTION('center_axis',(1.,0.,0.));
#12813=DIRECTION('ref_axis',(0.,1.,0.));
#12814=DIRECTION('',(0.,0.,1.));
#12815=DIRECTION('',(0.,-1.,0.));
#12816=DIRECTION('center_axis',(0.,-1.,0.));
#12817=DIRECTION('ref_axis',(1.,0.,0.));
#12818=DIRECTION('',(0.,0.,-1.));
#12819=DIRECTION('',(-1.,0.,0.));
#12820=DIRECTION('center_axis',(0.,0.,1.));
#12821=DIRECTION('ref_axis',(1.,0.,0.));
#12822=DIRECTION('',(0.,1.,0.));
#12823=DIRECTION('',(-1.,0.,0.));
#12824=DIRECTION('',(0.,-1.,0.));
#12825=DIRECTION('',(0.,-1.,0.));
#12826=DIRECTION('',(1.,0.,0.));
#12827=DIRECTION('center_axis',(-1.,0.,0.));
#12828=DIRECTION('ref_axis',(0.,1.,0.));
#12829=DIRECTION('',(0.,0.,-1.));
#12830=DIRECTION('center_axis',(-1.,0.,0.));
#12831=DIRECTION('ref_axis',(0.,1.,0.));
#12832=DIRECTION('',(0.,0.,-1.));
#12833=DIRECTION('center_axis',(0.,1.,0.));
#12834=DIRECTION('ref_axis',(1.,0.,0.));
#12835=DIRECTION('',(0.,0.,-1.));
#12836=DIRECTION('center_axis',(0.,-1.,0.));
#12837=DIRECTION('ref_axis',(-1.,0.,0.));
#12838=DIRECTION('center_axis',(1.,0.,0.));
#12839=DIRECTION('ref_axis',(0.,-1.,0.));
#12840=DIRECTION('axis',(0.,0.,1.));
#12841=DIRECTION('refdir',(1.,0.,0.));
#12842=DIRECTION('center_axis',(1.,0.,0.));
#12843=DIRECTION('ref_axis',(0.,0.,-1.));
#12844=DIRECTION('center_axis',(1.,0.,0.));
#12845=DIRECTION('ref_axis',(0.,0.,-1.));
#12846=DIRECTION('',(1.,0.,0.));
#12847=DIRECTION('center_axis',(-1.,0.,0.));
#12848=DIRECTION('ref_axis',(0.,0.,-1.));
#12849=DIRECTION('center_axis',(1.,0.,0.));
#12850=DIRECTION('ref_axis',(0.,0.,-1.));
#12851=DIRECTION('center_axis',(1.,0.,0.));
#12852=DIRECTION('ref_axis',(0.,0.,-1.));
#12853=DIRECTION('',(1.,0.,0.));
#12854=DIRECTION('center_axis',(-1.,0.,0.));
#12855=DIRECTION('ref_axis',(0.,0.,-1.));
#12856=DIRECTION('center_axis',(0.,-1.,0.));
#12857=DIRECTION('ref_axis',(0.,0.,-1.));
#12858=DIRECTION('',(0.,0.,-1.));
#12859=DIRECTION('',(1.,0.,0.));
#12860=DIRECTION('',(0.,0.,1.));
#12861=DIRECTION('',(1.,0.,0.));
#12862=DIRECTION('center_axis',(0.,0.,1.));
#12863=DIRECTION('ref_axis',(0.,-1.,0.));
#12864=DIRECTION('',(0.,-1.,0.));
#12865=DIRECTION('',(1.,0.,0.));
#12866=DIRECTION('',(0.,1.,0.));
#12867=DIRECTION('center_axis',(0.,1.,0.));
#12868=DIRECTION('ref_axis',(0.,0.,1.));
#12869=DIRECTION('',(0.,0.,1.));
#12870=DIRECTION('',(-1.,0.,0.));
#12871=DIRECTION('',(0.,0.,-1.));
#12872=DIRECTION('center_axis',(1.,0.,0.));
#12873=DIRECTION('ref_axis',(0.,0.,-1.));
#12874=DIRECTION('',(0.,1.,0.));
#12875=DIRECTION('',(0.,0.,1.));
#12876=DIRECTION('',(0.,-1.,0.));
#12877=DIRECTION('',(0.,0.,-1.));
#12878=DIRECTION('',(0.,1.,0.));
#12879=DIRECTION('center_axis',(0.,0.,-1.));
#12880=DIRECTION('ref_axis',(0.,1.,0.));
#12881=DIRECTION('',(0.,-1.,0.));
#12882=DIRECTION('',(1.,0.,0.));
#12883=DIRECTION('center_axis',(0.,0.,-1.));
#12884=DIRECTION('ref_axis',(0.,1.,0.));
#12885=DIRECTION('',(1.,0.,0.));
#12886=DIRECTION('',(0.,-1.,0.));
#12887=DIRECTION('center_axis',(0.,-1.,0.));
#12888=DIRECTION('ref_axis',(0.,0.,-1.));
#12889=DIRECTION('',(-1.,0.,0.));
#12890=DIRECTION('',(0.,0.,-1.));
#12891=DIRECTION('center_axis',(0.,-1.,0.));
#12892=DIRECTION('ref_axis',(0.,0.,-1.));
#12893=DIRECTION('',(0.,0.,1.));
#12894=DIRECTION('',(1.,0.,0.));
#12895=DIRECTION('center_axis',(0.,0.,1.));
#12896=DIRECTION('ref_axis',(0.,-1.,0.));
#12897=DIRECTION('',(0.,1.,0.));
#12898=DIRECTION('center_axis',(1.,0.,0.));
#12899=DIRECTION('ref_axis',(0.,0.,-1.));
#12900=DIRECTION('axis',(0.,0.,1.));
#12901=DIRECTION('refdir',(1.,0.,0.));
#12902=DIRECTION('center_axis',(1.,0.,0.));
#12903=DIRECTION('ref_axis',(0.,0.,-1.));
#12904=DIRECTION('center_axis',(1.,0.,0.));
#12905=DIRECTION('ref_axis',(0.,0.,-1.));
#12906=DIRECTION('',(1.,0.,0.));
#12907=DIRECTION('center_axis',(-1.,0.,0.));
#12908=DIRECTION('ref_axis',(0.,0.,-1.));
#12909=DIRECTION('center_axis',(1.,0.,0.));
#12910=DIRECTION('ref_axis',(0.,0.,-1.));
#12911=DIRECTION('center_axis',(1.,0.,0.));
#12912=DIRECTION('ref_axis',(0.,0.,-1.));
#12913=DIRECTION('',(1.,0.,0.));
#12914=DIRECTION('center_axis',(-1.,0.,0.));
#12915=DIRECTION('ref_axis',(0.,0.,-1.));
#12916=DIRECTION('center_axis',(0.,1.,0.));
#12917=DIRECTION('ref_axis',(0.,0.,1.));
#12918=DIRECTION('',(0.,0.,-1.));
#12919=DIRECTION('',(1.,0.,0.));
#12920=DIRECTION('',(0.,0.,1.));
#12921=DIRECTION('',(-1.,0.,0.));
#12922=DIRECTION('center_axis',(0.,-1.,0.));
#12923=DIRECTION('ref_axis',(0.,0.,-1.));
#12924=DIRECTION('',(0.,0.,1.));
#12925=DIRECTION('',(1.,0.,0.));
#12926=DIRECTION('',(0.,0.,-1.));
#12927=DIRECTION('',(1.,0.,0.));
#12928=DIRECTION('center_axis',(0.,0.,1.));
#12929=DIRECTION('ref_axis',(0.,-1.,0.));
#12930=DIRECTION('',(0.,1.,0.));
#12931=DIRECTION('',(0.,-1.,0.));
#12932=DIRECTION('center_axis',(-1.,0.,0.));
#12933=DIRECTION('ref_axis',(0.,0.,1.));
#12934=DIRECTION('',(0.,-1.,0.));
#12935=DIRECTION('',(0.,0.,1.));
#12936=DIRECTION('',(0.,1.,0.));
#12937=DIRECTION('',(0.,0.,-1.));
#12938=DIRECTION('',(0.,-1.,0.));
#12939=DIRECTION('center_axis',(0.,0.,-1.));
#12940=DIRECTION('ref_axis',(0.,-1.,0.));
#12941=DIRECTION('',(0.,-1.,0.));
#12942=DIRECTION('',(-1.,0.,0.));
#12943=DIRECTION('center_axis',(0.,0.,-1.));
#12944=DIRECTION('ref_axis',(0.,-1.,0.));
#12945=DIRECTION('',(1.,0.,0.));
#12946=DIRECTION('',(0.,-1.,0.));
#12947=DIRECTION('center_axis',(0.,-1.,0.));
#12948=DIRECTION('ref_axis',(0.,0.,-1.));
#12949=DIRECTION('',(-1.,0.,0.));
#12950=DIRECTION('',(0.,0.,1.));
#12951=DIRECTION('center_axis',(0.,0.,1.));
#12952=DIRECTION('ref_axis',(0.,1.,0.));
#12953=DIRECTION('',(-1.,0.,0.));
#12954=DIRECTION('',(0.,1.,0.));
#12955=DIRECTION('center_axis',(0.,-1.,0.));
#12956=DIRECTION('ref_axis',(0.,0.,1.));
#12957=DIRECTION('',(0.,0.,1.));
#12958=DIRECTION('center_axis',(1.,0.,0.));
#12959=DIRECTION('ref_axis',(0.,0.,-1.));
#12960=DIRECTION('axis',(0.,0.,1.));
#12961=DIRECTION('refdir',(1.,0.,0.));
#12962=DIRECTION('center_axis',(0.,0.,1.));
#12963=DIRECTION('ref_axis',(1.,0.,0.));
#12964=DIRECTION('center_axis',(0.,0.,1.));
#12965=DIRECTION('ref_axis',(1.,0.,0.));
#12966=DIRECTION('',(0.,0.,1.));
#12967=DIRECTION('center_axis',(0.,0.,-1.));
#12968=DIRECTION('ref_axis',(1.,0.,0.));
#12969=DIRECTION('center_axis',(0.,0.,1.));
#12970=DIRECTION('ref_axis',(1.,0.,0.));
#12971=DIRECTION('center_axis',(0.,0.,1.));
#12972=DIRECTION('ref_axis',(1.,0.,0.));
#12973=DIRECTION('',(0.,0.,1.));
#12974=DIRECTION('center_axis',(0.,0.,-1.));
#12975=DIRECTION('ref_axis',(1.,0.,0.));
#12976=DIRECTION('center_axis',(0.,0.,1.));
#12977=DIRECTION('ref_axis',(1.,0.,0.));
#12978=DIRECTION('center_axis',(0.,0.,1.));
#12979=DIRECTION('ref_axis',(1.,0.,0.));
#12980=DIRECTION('',(0.,0.,1.));
#12981=DIRECTION('center_axis',(0.,0.,-1.));
#12982=DIRECTION('ref_axis',(1.,0.,0.));
#12983=DIRECTION('center_axis',(0.,0.,1.));
#12984=DIRECTION('ref_axis',(1.,0.,0.));
#12985=DIRECTION('center_axis',(0.,0.,1.));
#12986=DIRECTION('ref_axis',(1.,0.,0.));
#12987=DIRECTION('',(0.,0.,1.));
#12988=DIRECTION('center_axis',(0.,0.,-1.));
#12989=DIRECTION('ref_axis',(1.,0.,0.));
#12990=DIRECTION('center_axis',(0.,0.,1.));
#12991=DIRECTION('ref_axis',(1.,0.,0.));
#12992=DIRECTION('center_axis',(0.,0.,1.));
#12993=DIRECTION('ref_axis',(1.,0.,0.));
#12994=DIRECTION('',(0.,0.,1.));
#12995=DIRECTION('center_axis',(0.,0.,-1.));
#12996=DIRECTION('ref_axis',(1.,0.,0.));
#12997=DIRECTION('center_axis',(0.,0.,1.));
#12998=DIRECTION('ref_axis',(1.,0.,0.));
#12999=DIRECTION('center_axis',(0.,0.,1.));
#13000=DIRECTION('ref_axis',(1.,0.,0.));
#13001=DIRECTION('',(0.,0.,1.));
#13002=DIRECTION('center_axis',(0.,0.,-1.));
#13003=DIRECTION('ref_axis',(1.,0.,0.));
#13004=DIRECTION('center_axis',(0.,0.,1.));
#13005=DIRECTION('ref_axis',(1.,0.,0.));
#13006=DIRECTION('center_axis',(0.,0.,1.));
#13007=DIRECTION('ref_axis',(1.,0.,0.));
#13008=DIRECTION('',(0.,0.,1.));
#13009=DIRECTION('center_axis',(0.,0.,-1.));
#13010=DIRECTION('ref_axis',(1.,0.,0.));
#13011=DIRECTION('center_axis',(0.,-1.,0.));
#13012=DIRECTION('ref_axis',(1.,0.,0.));
#13013=DIRECTION('',(1.,0.,0.));
#13014=DIRECTION('',(0.,0.,1.));
#13015=DIRECTION('',(1.,0.,0.));
#13016=DIRECTION('',(0.,0.,1.));
#13017=DIRECTION('center_axis',(-1.,0.,0.));
#13018=DIRECTION('ref_axis',(0.,-1.,0.));
#13019=DIRECTION('',(0.,-1.,0.));
#13020=DIRECTION('',(0.,-1.,0.));
#13021=DIRECTION('',(0.,0.,1.));
#13022=DIRECTION('center_axis',(0.,1.,0.));
#13023=DIRECTION('ref_axis',(-1.,0.,0.));
#13024=DIRECTION('',(-1.,0.,0.));
#13025=DIRECTION('',(-1.,0.,0.));
#13026=DIRECTION('',(0.,0.,1.));
#13027=DIRECTION('center_axis',(1.,0.,0.));
#13028=DIRECTION('ref_axis',(0.,1.,0.));
#13029=DIRECTION('',(0.,1.,0.));
#13030=DIRECTION('',(0.,1.,0.));
#13031=DIRECTION('center_axis',(0.,0.,1.));
#13032=DIRECTION('ref_axis',(1.,0.,0.));
#13033=DIRECTION('center_axis',(0.,0.,1.));
#13034=DIRECTION('ref_axis',(1.,0.,0.));
#13035=DIRECTION('axis',(0.,0.,1.));
#13036=DIRECTION('refdir',(1.,0.,0.));
#13037=DIRECTION('center_axis',(0.,0.,1.));
#13038=DIRECTION('ref_axis',(1.,0.,0.));
#13039=DIRECTION('',(1.,0.,0.));
#13040=DIRECTION('center_axis',(0.,0.,1.));
#13041=DIRECTION('ref_axis',(1.,0.,0.));
#13042=DIRECTION('center_axis',(0.,0.,1.));
#13043=DIRECTION('ref_axis',(1.,0.,0.));
#13044=DIRECTION('center_axis',(0.,0.841879138963874,0.539666114720432));
#13045=DIRECTION('ref_axis',(0.,0.539666114720432,-0.841879138963874));
#13046=DIRECTION('center_axis',(0.,0.,-1.));
#13047=DIRECTION('ref_axis',(0.,-1.,0.));
#13048=DIRECTION('',(0.,-1.,0.));
#13049=DIRECTION('',(-1.,0.,0.));
#13050=DIRECTION('',(0.,-1.,0.));
#13051=DIRECTION('',(-1.,0.,0.));
#13052=DIRECTION('center_axis',(0.,0.,-1.));
#13053=DIRECTION('ref_axis',(1.,0.,0.));
#13054=DIRECTION('center_axis',(0.,0.,-1.));
#13055=DIRECTION('ref_axis',(1.,0.,0.));
#13056=DIRECTION('center_axis',(0.,0.841879138963874,0.539666114720432));
#13057=DIRECTION('ref_axis',(0.,0.539666114720432,-0.841879138963874));
#13058=DIRECTION('',(0.,0.539666114720432,-0.841879138963874));
#13059=DIRECTION('',(-1.,0.,0.));
#13060=DIRECTION('',(0.,0.539666114720432,-0.841879138963874));
#13061=DIRECTION('center_axis',(0.,-1.,0.));
#13062=DIRECTION('ref_axis',(0.,0.,1.));
#13063=DIRECTION('',(0.,0.,1.));
#13064=DIRECTION('',(0.,0.,1.));
#13065=DIRECTION('center_axis',(-1.,0.,0.));
#13066=DIRECTION('ref_axis',(0.,0.,1.));
#13067=DIRECTION('center_axis',(0.,0.,1.));
#13068=DIRECTION('ref_axis',(1.,0.,0.));
#13069=DIRECTION('center_axis',(0.,0.,1.));
#13070=DIRECTION('ref_axis',(1.,0.,0.));
#13071=DIRECTION('',(0.,0.,1.));
#13072=DIRECTION('center_axis',(0.,0.,1.));
#13073=DIRECTION('ref_axis',(1.,0.,0.));
#13074=DIRECTION('center_axis',(0.,0.,1.));
#13075=DIRECTION('ref_axis',(1.,0.,0.));
#13076=DIRECTION('',(0.,0.,1.));
#13077=DIRECTION('center_axis',(0.,0.841879138963874,0.539666114720432));
#13078=DIRECTION('ref_axis',(0.,-0.539666114720432,0.841879138963874));
#13079=DIRECTION('',(0.,0.539666114720432,-0.841879138963874));
#13080=DIRECTION('',(1.,0.,0.));
#13081=DIRECTION('',(0.,-0.539666114720432,0.841879138963874));
#13082=DIRECTION('',(1.,0.,0.));
#13083=DIRECTION('center_axis',(0.,0.,-1.));
#13084=DIRECTION('ref_axis',(0.,1.,0.));
#13085=DIRECTION('',(0.,-1.,0.));
#13086=DIRECTION('',(0.,1.,0.));
#13087=DIRECTION('',(1.,0.,0.));
#13088=DIRECTION('center_axis',(0.,-1.,0.));
#13089=DIRECTION('ref_axis',(0.,0.,-1.));
#13090=DIRECTION('',(0.,0.,1.));
#13091=DIRECTION('',(0.,0.,-1.));
#13092=DIRECTION('center_axis',(1.,0.,0.));
#13093=DIRECTION('ref_axis',(0.,0.,-1.));
#13094=DIRECTION('center_axis',(1.,0.,0.));
#13095=DIRECTION('ref_axis',(0.,0.,-1.));
#13096=DIRECTION('axis',(0.,0.,1.));
#13097=DIRECTION('refdir',(1.,0.,0.));
#13098=DIRECTION('center_axis',(0.,0.,1.));
#13099=DIRECTION('ref_axis',(1.,0.,0.));
#13100=DIRECTION('',(1.,0.,0.));
#13101=DIRECTION('center_axis',(0.,0.,1.));
#13102=DIRECTION('ref_axis',(1.,0.,0.));
#13103=DIRECTION('center_axis',(0.,0.,1.));
#13104=DIRECTION('ref_axis',(1.,0.,0.));
#13105=DIRECTION('center_axis',(0.,0.841879138963874,0.539666114720432));
#13106=DIRECTION('ref_axis',(0.,0.539666114720432,-0.841879138963874));
#13107=DIRECTION('center_axis',(0.,0.841879138963874,0.539666114720432));
#13108=DIRECTION('ref_axis',(0.,-0.539666114720432,0.841879138963874));
#13109=DIRECTION('',(0.,-0.539666114720432,0.841879138963874));
#13110=DIRECTION('',(1.,0.,0.));
#13111=DIRECTION('',(0.,-0.539666114720432,0.841879138963874));
#13112=DIRECTION('',(1.,0.,0.));
#13113=DIRECTION('center_axis',(0.,0.,-1.));
#13114=DIRECTION('ref_axis',(0.,1.,0.));
#13115=DIRECTION('',(0.,1.,0.));
#13116=DIRECTION('',(1.,0.,0.));
#13117=DIRECTION('',(0.,1.,0.));
#13118=DIRECTION('center_axis',(0.,0.,-1.));
#13119=DIRECTION('ref_axis',(1.,0.,0.));
#13120=DIRECTION('center_axis',(0.,0.,-1.));
#13121=DIRECTION('ref_axis',(1.,0.,0.));
#13122=DIRECTION('center_axis',(0.,-1.,0.));
#13123=DIRECTION('ref_axis',(0.,0.,-1.));
#13124=DIRECTION('',(0.,0.,-1.));
#13125=DIRECTION('',(0.,0.,-1.));
#13126=DIRECTION('center_axis',(1.,0.,0.));
#13127=DIRECTION('ref_axis',(0.,0.,-1.));
#13128=DIRECTION('center_axis',(0.,0.,1.));
#13129=DIRECTION('ref_axis',(1.,0.,0.));
#13130=DIRECTION('center_axis',(0.,0.,1.));
#13131=DIRECTION('ref_axis',(1.,0.,0.));
#13132=DIRECTION('',(0.,0.,1.));
#13133=DIRECTION('center_axis',(0.,0.,1.));
#13134=DIRECTION('ref_axis',(1.,0.,0.));
#13135=DIRECTION('center_axis',(0.,0.,1.));
#13136=DIRECTION('ref_axis',(1.,0.,0.));
#13137=DIRECTION('',(0.,0.,1.));
#13138=DIRECTION('center_axis',(0.,0.,-1.));
#13139=DIRECTION('ref_axis',(0.,-1.,0.));
#13140=DIRECTION('',(0.,-1.,0.));
#13141=DIRECTION('',(-1.,0.,0.));
#13142=DIRECTION('',(0.,-1.,0.));
#13143=DIRECTION('',(-1.,0.,0.));
#13144=DIRECTION('center_axis',(0.,0.841879138963874,0.539666114720432));
#13145=DIRECTION('ref_axis',(0.,0.539666114720432,-0.841879138963874));
#13146=DIRECTION('',(0.,0.539666114720432,-0.841879138963874));
#13147=DIRECTION('',(0.,0.539666114720432,-0.841879138963874));
#13148=DIRECTION('',(-1.,0.,0.));
#13149=DIRECTION('center_axis',(0.,-1.,0.));
#13150=DIRECTION('ref_axis',(0.,0.,1.));
#13151=DIRECTION('',(0.,0.,1.));
#13152=DIRECTION('',(0.,0.,1.));
#13153=DIRECTION('center_axis',(1.,0.,0.));
#13154=DIRECTION('ref_axis',(0.,0.,-1.));
#13155=DIRECTION('center_axis',(-1.,0.,0.));
#13156=DIRECTION('ref_axis',(0.,0.,1.));
#13157=DIRECTION('axis',(0.,0.,1.));
#13158=DIRECTION('refdir',(1.,0.,0.));
#13159=DIRECTION('center_axis',(1.,0.,0.));
#13160=DIRECTION('ref_axis',(0.,0.,-1.));
#13161=DIRECTION('',(1.,0.,0.));
#13162=DIRECTION('center_axis',(0.,0.,-1.));
#13163=DIRECTION('ref_axis',(1.,0.,0.));
#13164=DIRECTION('center_axis',(0.,0.,-1.));
#13165=DIRECTION('ref_axis',(1.,0.,0.));
#13166=DIRECTION('',(0.,0.,-1.));
#13167=DIRECTION('center_axis',(0.,0.,-1.));
#13168=DIRECTION('ref_axis',(1.,0.,0.));
#13169=DIRECTION('center_axis',(0.,0.,1.));
#13170=DIRECTION('ref_axis',(1.,0.,0.));
#13171=DIRECTION('center_axis',(0.,0.,1.));
#13172=DIRECTION('ref_axis',(1.,0.,0.));
#13173=DIRECTION('center_axis',(0.,0.,1.));
#13174=DIRECTION('ref_axis',(1.,0.,0.));
#13175=DIRECTION('',(0.,0.,1.));
#13176=DIRECTION('center_axis',(0.,0.,1.));
#13177=DIRECTION('ref_axis',(1.,0.,0.));
#13178=DIRECTION('center_axis',(0.,0.,1.));
#13179=DIRECTION('ref_axis',(1.,0.,0.));
#13180=DIRECTION('center_axis',(0.,0.,1.));
#13181=DIRECTION('ref_axis',(1.,0.,0.));
#13182=DIRECTION('center_axis',(0.,0.,1.));
#13183=DIRECTION('ref_axis',(1.,0.,0.));
#13184=DIRECTION('',(0.,0.,-1.));
#13185=DIRECTION('',(0.,0.,-1.));
#13186=DIRECTION('center_axis',(0.,0.,1.));
#13187=DIRECTION('ref_axis',(1.,0.,0.));
#13188=DIRECTION('center_axis',(0.,0.,1.));
#13189=DIRECTION('ref_axis',(1.,0.,0.));
#13190=DIRECTION('center_axis',(0.,0.,1.));
#13191=DIRECTION('ref_axis',(1.,0.,0.));
#13192=DIRECTION('center_axis',(0.,1.,0.));
#13193=DIRECTION('ref_axis',(1.,0.,0.));
#13194=DIRECTION('',(0.,1.,0.));
#13195=DIRECTION('center_axis',(0.,1.,0.));
#13196=DIRECTION('ref_axis',(1.,0.,0.));
#13197=DIRECTION('',(0.,1.,0.));
#13198=DIRECTION('center_axis',(1.,0.,0.));
#13199=DIRECTION('ref_axis',(0.,0.,-1.));
#13200=DIRECTION('',(1.,0.,0.));
#13201=DIRECTION('center_axis',(0.,0.,-1.));
#13202=DIRECTION('ref_axis',(1.,0.,0.));
#13203=DIRECTION('center_axis',(0.,0.,-1.));
#13204=DIRECTION('ref_axis',(1.,0.,0.));
#13205=DIRECTION('',(0.,0.,-1.));
#13206=DIRECTION('center_axis',(0.,0.,-1.));
#13207=DIRECTION('ref_axis',(1.,0.,0.));
#13208=DIRECTION('center_axis',(0.,0.,1.));
#13209=DIRECTION('ref_axis',(1.,0.,0.));
#13210=DIRECTION('center_axis',(0.,0.,1.));
#13211=DIRECTION('ref_axis',(1.,0.,0.));
#13212=DIRECTION('center_axis',(0.,0.,1.));
#13213=DIRECTION('ref_axis',(1.,0.,0.));
#13214=DIRECTION('',(0.,0.,1.));
#13215=DIRECTION('center_axis',(0.,0.,1.));
#13216=DIRECTION('ref_axis',(1.,0.,0.));
#13217=DIRECTION('center_axis',(0.,0.,1.));
#13218=DIRECTION('ref_axis',(1.,0.,0.));
#13219=DIRECTION('center_axis',(0.,0.,1.));
#13220=DIRECTION('ref_axis',(1.,0.,0.));
#13221=DIRECTION('center_axis',(0.,0.,1.));
#13222=DIRECTION('ref_axis',(1.,0.,0.));
#13223=DIRECTION('',(0.,0.,-1.));
#13224=DIRECTION('',(0.,0.,-1.));
#13225=DIRECTION('center_axis',(0.,0.,1.));
#13226=DIRECTION('ref_axis',(1.,0.,0.));
#13227=DIRECTION('center_axis',(0.,0.,1.));
#13228=DIRECTION('ref_axis',(1.,0.,0.));
#13229=DIRECTION('center_axis',(0.,0.,1.));
#13230=DIRECTION('ref_axis',(1.,0.,0.));
#13231=DIRECTION('center_axis',(1.,0.,0.));
#13232=DIRECTION('ref_axis',(0.,0.,-1.));
#13233=DIRECTION('',(1.,0.,0.));
#13234=DIRECTION('center_axis',(0.,0.,-1.));
#13235=DIRECTION('ref_axis',(1.,0.,0.));
#13236=DIRECTION('center_axis',(0.,0.,-1.));
#13237=DIRECTION('ref_axis',(1.,0.,0.));
#13238=DIRECTION('',(0.,0.,-1.));
#13239=DIRECTION('center_axis',(0.,0.,-1.));
#13240=DIRECTION('ref_axis',(1.,0.,0.));
#13241=DIRECTION('center_axis',(0.,0.,1.));
#13242=DIRECTION('ref_axis',(1.,0.,0.));
#13243=DIRECTION('center_axis',(0.,0.,1.));
#13244=DIRECTION('ref_axis',(1.,0.,0.));
#13245=DIRECTION('center_axis',(0.,0.,1.));
#13246=DIRECTION('ref_axis',(1.,0.,0.));
#13247=DIRECTION('',(0.,0.,1.));
#13248=DIRECTION('center_axis',(0.,0.,1.));
#13249=DIRECTION('ref_axis',(1.,0.,0.));
#13250=DIRECTION('center_axis',(0.,0.,1.));
#13251=DIRECTION('ref_axis',(1.,0.,0.));
#13252=DIRECTION('center_axis',(0.,0.,1.));
#13253=DIRECTION('ref_axis',(1.,0.,0.));
#13254=DIRECTION('center_axis',(0.,0.,1.));
#13255=DIRECTION('ref_axis',(1.,0.,0.));
#13256=DIRECTION('',(0.,0.,-1.));
#13257=DIRECTION('',(0.,0.,-1.));
#13258=DIRECTION('center_axis',(0.,0.,1.));
#13259=DIRECTION('ref_axis',(1.,0.,0.));
#13260=DIRECTION('center_axis',(0.,0.,1.));
#13261=DIRECTION('ref_axis',(1.,0.,0.));
#13262=DIRECTION('center_axis',(0.,0.,1.));
#13263=DIRECTION('ref_axis',(1.,0.,0.));
#13264=DIRECTION('center_axis',(1.,0.,0.));
#13265=DIRECTION('ref_axis',(0.,0.,-1.));
#13266=DIRECTION('',(1.,0.,0.));
#13267=DIRECTION('center_axis',(0.,0.,-1.));
#13268=DIRECTION('ref_axis',(1.,0.,0.));
#13269=DIRECTION('center_axis',(0.,0.,-1.));
#13270=DIRECTION('ref_axis',(1.,0.,0.));
#13271=DIRECTION('',(0.,0.,-1.));
#13272=DIRECTION('center_axis',(0.,0.,-1.));
#13273=DIRECTION('ref_axis',(1.,0.,0.));
#13274=DIRECTION('center_axis',(0.,0.,1.));
#13275=DIRECTION('ref_axis',(1.,0.,0.));
#13276=DIRECTION('center_axis',(0.,0.,1.));
#13277=DIRECTION('ref_axis',(1.,0.,0.));
#13278=DIRECTION('center_axis',(0.,0.,1.));
#13279=DIRECTION('ref_axis',(1.,0.,0.));
#13280=DIRECTION('',(0.,0.,1.));
#13281=DIRECTION('center_axis',(0.,0.,1.));
#13282=DIRECTION('ref_axis',(1.,0.,0.));
#13283=DIRECTION('center_axis',(0.,0.,1.));
#13284=DIRECTION('ref_axis',(1.,0.,0.));
#13285=DIRECTION('center_axis',(0.,0.,1.));
#13286=DIRECTION('ref_axis',(1.,0.,0.));
#13287=DIRECTION('center_axis',(0.,0.,1.));
#13288=DIRECTION('ref_axis',(1.,0.,0.));
#13289=DIRECTION('',(0.,0.,-1.));
#13290=DIRECTION('',(0.,0.,-1.));
#13291=DIRECTION('center_axis',(0.,0.,1.));
#13292=DIRECTION('ref_axis',(1.,0.,0.));
#13293=DIRECTION('center_axis',(0.,0.,1.));
#13294=DIRECTION('ref_axis',(1.,0.,0.));
#13295=DIRECTION('center_axis',(0.,0.,1.));
#13296=DIRECTION('ref_axis',(1.,0.,0.));
#13297=DIRECTION('',(0.,0.,1.));
#13298=DIRECTION('',(1.,0.,0.));
#13299=DIRECTION('',(0.,0.,1.));
#13300=DIRECTION('',(1.,0.,0.));
#13301=DIRECTION('',(0.,0.,1.));
#13302=DIRECTION('',(1.,0.,0.));
#13303=DIRECTION('',(0.,0.,1.));
#13304=DIRECTION('',(1.,0.,0.));
#13305=DIRECTION('',(0.,0.,1.));
#13306=DIRECTION('',(1.,0.,0.));
#13307=DIRECTION('',(0.,0.,1.));
#13308=DIRECTION('',(1.,0.,0.));
#13309=DIRECTION('',(0.,0.,1.));
#13310=DIRECTION('',(1.,0.,0.));
#13311=DIRECTION('axis',(0.,0.,1.));
#13312=DIRECTION('refdir',(1.,0.,0.));
#13313=DIRECTION('axis',(0.,0.,1.));
#13314=DIRECTION('refdir',(1.,0.,0.));
#13315=DIRECTION('center_axis',(1.,0.,0.));
#13316=DIRECTION('ref_axis',(0.,0.,-1.));
#13317=DIRECTION('center_axis',(1.,0.,0.));
#13318=DIRECTION('ref_axis',(0.,0.,-1.));
#13319=DIRECTION('',(-1.,0.,0.));
#13320=DIRECTION('center_axis',(1.,0.,0.));
#13321=DIRECTION('ref_axis',(0.,0.,-1.));
#13322=DIRECTION('center_axis',(1.,0.,0.));
#13323=DIRECTION('ref_axis',(0.,0.,-1.));
#13324=DIRECTION('center_axis',(1.,0.,0.));
#13325=DIRECTION('ref_axis',(0.,0.,-1.));
#13326=DIRECTION('axis',(0.,0.,1.));
#13327=DIRECTION('refdir',(1.,0.,0.));
#13328=DIRECTION('center_axis',(-1.,0.,0.));
#13329=DIRECTION('ref_axis',(0.,0.,-1.));
#13330=DIRECTION('center_axis',(-1.,0.,0.));
#13331=DIRECTION('ref_axis',(0.,0.,-1.));
#13332=DIRECTION('',(1.,0.,0.));
#13333=DIRECTION('center_axis',(1.,0.,0.));
#13334=DIRECTION('ref_axis',(0.,0.,-1.));
#13335=DIRECTION('center_axis',(1.,0.,0.));
#13336=DIRECTION('ref_axis',(0.,0.,-1.));
#13337=DIRECTION('center_axis',(1.,0.,0.));
#13338=DIRECTION('ref_axis',(0.,0.,-1.));
#13339=DIRECTION('axis',(0.,0.,1.));
#13340=DIRECTION('refdir',(1.,0.,0.));
#13341=DIRECTION('center_axis',(1.,0.,0.));
#13342=DIRECTION('ref_axis',(0.,0.,-1.));
#13343=DIRECTION('center_axis',(1.,0.,0.));
#13344=DIRECTION('ref_axis',(0.,0.,-1.));
#13345=DIRECTION('',(1.,0.,0.));
#13346=DIRECTION('center_axis',(-1.,0.,0.));
#13347=DIRECTION('ref_axis',(0.,0.,-1.));
#13348=DIRECTION('center_axis',(1.,0.,0.));
#13349=DIRECTION('ref_axis',(0.,0.,-1.));
#13350=DIRECTION('center_axis',(1.,0.,0.));
#13351=DIRECTION('ref_axis',(0.,0.,-1.));
#13352=DIRECTION('',(1.,0.,0.));
#13353=DIRECTION('center_axis',(-1.,0.,0.));
#13354=DIRECTION('ref_axis',(0.,0.,-1.));
#13355=DIRECTION('center_axis',(0.,-1.,0.));
#13356=DIRECTION('ref_axis',(0.,0.,-1.));
#13357=DIRECTION('',(0.,0.,-1.));
#13358=DIRECTION('',(1.,0.,0.));
#13359=DIRECTION('',(0.,0.,-1.));
#13360=DIRECTION('',(1.,0.,0.));
#13361=DIRECTION('center_axis',(0.,0.,1.));
#13362=DIRECTION('ref_axis',(0.,-1.,0.));
#13363=DIRECTION('',(0.,-1.,0.));
#13364=DIRECTION('',(0.,-1.,0.));
#13365=DIRECTION('',(1.,0.,0.));
#13366=DIRECTION('center_axis',(0.,1.,0.));
#13367=DIRECTION('ref_axis',(0.,0.,1.));
#13368=DIRECTION('',(0.,0.,1.));
#13369=DIRECTION('',(0.,0.,1.));
#13370=DIRECTION('',(1.,0.,0.));
#13371=DIRECTION('center_axis',(0.,0.,-1.));
#13372=DIRECTION('ref_axis',(0.,1.,0.));
#13373=DIRECTION('',(0.,1.,0.));
#13374=DIRECTION('',(0.,1.,0.));
#13375=DIRECTION('center_axis',(1.,0.,0.));
#13376=DIRECTION('ref_axis',(0.,0.,-1.));
#13377=DIRECTION('center_axis',(1.,0.,0.));
#13378=DIRECTION('ref_axis',(0.,0.,-1.));
#13379=DIRECTION('axis',(0.,0.,1.));
#13380=DIRECTION('refdir',(1.,0.,0.));
#13381=DIRECTION('center_axis',(-1.,0.,0.));
#13382=DIRECTION('ref_axis',(0.,0.,-1.));
#13383=DIRECTION('center_axis',(-1.,0.,0.));
#13384=DIRECTION('ref_axis',(0.,0.,-1.));
#13385=DIRECTION('',(1.,0.,0.));
#13386=DIRECTION('center_axis',(1.,0.,0.));
#13387=DIRECTION('ref_axis',(0.,0.,-1.));
#13388=DIRECTION('center_axis',(1.,0.,0.));
#13389=DIRECTION('ref_axis',(0.,0.,-1.));
#13390=DIRECTION('center_axis',(1.,0.,0.));
#13391=DIRECTION('ref_axis',(0.,0.,-1.));
#13392=DIRECTION('axis',(0.,0.,1.));
#13393=DIRECTION('refdir',(1.,0.,0.));
#13394=DIRECTION('center_axis',(1.,0.,0.));
#13395=DIRECTION('ref_axis',(0.,0.,-1.));
#13396=DIRECTION('center_axis',(1.,0.,0.));
#13397=DIRECTION('ref_axis',(0.,0.,-1.));
#13398=DIRECTION('',(1.,0.,0.));
#13399=DIRECTION('center_axis',(-1.,0.,0.));
#13400=DIRECTION('ref_axis',(0.,0.,-1.));
#13401=DIRECTION('center_axis',(1.,0.,0.));
#13402=DIRECTION('ref_axis',(0.,0.,-1.));
#13403=DIRECTION('center_axis',(1.,0.,0.));
#13404=DIRECTION('ref_axis',(0.,0.,-1.));
#13405=DIRECTION('',(1.,0.,0.));
#13406=DIRECTION('center_axis',(-1.,0.,0.));
#13407=DIRECTION('ref_axis',(0.,0.,-1.));
#13408=DIRECTION('center_axis',(0.,1.,0.));
#13409=DIRECTION('ref_axis',(0.,0.,-1.));
#13410=DIRECTION('',(0.,0.,1.));
#13411=DIRECTION('',(-1.,0.,0.));
#13412=DIRECTION('',(0.,0.,-1.));
#13413=DIRECTION('',(-1.,0.,0.));
#13414=DIRECTION('center_axis',(0.,0.,1.));
#13415=DIRECTION('ref_axis',(0.,1.,0.));
#13416=DIRECTION('',(0.,-1.,0.));
#13417=DIRECTION('',(0.,1.,0.));
#13418=DIRECTION('',(-1.,0.,0.));
#13419=DIRECTION('center_axis',(0.,-1.,0.));
#13420=DIRECTION('ref_axis',(0.,0.,1.));
#13421=DIRECTION('',(0.,0.,-1.));
#13422=DIRECTION('',(0.,0.,1.));
#13423=DIRECTION('',(-1.,0.,0.));
#13424=DIRECTION('center_axis',(0.,0.,-1.));
#13425=DIRECTION('ref_axis',(0.,-1.,0.));
#13426=DIRECTION('',(0.,1.,0.));
#13427=DIRECTION('',(0.,-1.,0.));
#13428=DIRECTION('center_axis',(1.,0.,0.));
#13429=DIRECTION('ref_axis',(0.,0.,-1.));
#13430=DIRECTION('center_axis',(-1.,0.,0.));
#13431=DIRECTION('ref_axis',(0.,0.,1.));
#13432=DIRECTION('axis',(0.,0.,1.));
#13433=DIRECTION('refdir',(1.,0.,0.));
#13434=DIRECTION('center_axis',(1.,0.,0.));
#13435=DIRECTION('ref_axis',(0.,0.,-1.));
#13436=DIRECTION('center_axis',(1.,0.,0.));
#13437=DIRECTION('ref_axis',(0.,0.,-1.));
#13438=DIRECTION('',(-1.,0.,0.));
#13439=DIRECTION('center_axis',(1.,0.,0.));
#13440=DIRECTION('ref_axis',(0.,0.,-1.));
#13441=DIRECTION('center_axis',(1.,0.,0.));
#13442=DIRECTION('ref_axis',(0.,0.,-1.));
#13443=DIRECTION('center_axis',(1.,0.,0.));
#13444=DIRECTION('ref_axis',(0.,0.,-1.));
#13445=DIRECTION('axis',(0.,0.,1.));
#13446=DIRECTION('refdir',(1.,0.,0.));
#13447=DIRECTION('center_axis',(1.,0.,0.));
#13448=DIRECTION('ref_axis',(0.,0.,-1.));
#13449=DIRECTION('',(0.,0.,-1.));
#13450=DIRECTION('',(0.,1.,0.));
#13451=DIRECTION('',(0.,0.,1.));
#13452=DIRECTION('',(0.,1.,0.));
#13453=DIRECTION('center_axis',(1.,0.,0.));
#13454=DIRECTION('ref_axis',(0.,0.,-1.));
#13455=DIRECTION('',(0.,0.,1.));
#13456=DIRECTION('',(0.,1.,0.));
#13457=DIRECTION('',(0.,0.,-1.));
#13458=DIRECTION('',(0.,1.,0.));
#13459=DIRECTION('center_axis',(0.,0.,1.));
#13460=DIRECTION('ref_axis',(1.,0.,0.));
#13461=DIRECTION('',(1.,0.,0.));
#13462=DIRECTION('',(0.,-1.,0.));
#13463=DIRECTION('',(-1.,0.,0.));
#13464=DIRECTION('center_axis',(0.,0.,1.));
#13465=DIRECTION('ref_axis',(1.,0.,0.));
#13466=DIRECTION('',(-1.,0.,0.));
#13467=DIRECTION('',(1.,0.,0.));
#13468=DIRECTION('',(0.,-1.,0.));
#13469=DIRECTION('center_axis',(0.,0.,-1.));
#13470=DIRECTION('ref_axis',(-1.,0.,0.));
#13471=DIRECTION('',(-1.,0.,0.));
#13472=DIRECTION('',(1.,0.,0.));
#13473=DIRECTION('',(0.,1.,0.));
#13474=DIRECTION('center_axis',(-1.,0.,0.));
#13475=DIRECTION('ref_axis',(0.,0.,1.));
#13476=DIRECTION('',(0.,0.,1.));
#13477=DIRECTION('',(0.,0.,-1.));
#13478=DIRECTION('center_axis',(-1.,0.,0.));
#13479=DIRECTION('ref_axis',(0.,0.,1.));
#13480=DIRECTION('',(0.,0.,-1.));
#13481=DIRECTION('',(0.,0.,1.));
#13482=DIRECTION('',(0.,1.,0.));
#13483=DIRECTION('center_axis',(0.,0.,-1.));
#13484=DIRECTION('ref_axis',(-1.,0.,0.));
#13485=DIRECTION('',(1.,0.,0.));
#13486=DIRECTION('',(-1.,0.,0.));
#13487=DIRECTION('center_axis',(1.,0.,0.));
#13488=DIRECTION('ref_axis',(0.,0.,-1.));
#13489=DIRECTION('',(0.,0.,-1.));
#13490=DIRECTION('',(0.,1.,0.));
#13491=DIRECTION('',(0.,0.,1.));
#13492=DIRECTION('',(0.,1.,0.));
#13493=DIRECTION('center_axis',(1.,0.,0.));
#13494=DIRECTION('ref_axis',(0.,0.,-1.));
#13495=DIRECTION('',(0.,0.,1.));
#13496=DIRECTION('',(0.,1.,0.));
#13497=DIRECTION('',(0.,0.,-1.));
#13498=DIRECTION('',(0.,1.,0.));
#13499=DIRECTION('center_axis',(0.,0.,1.));
#13500=DIRECTION('ref_axis',(1.,0.,0.));
#13501=DIRECTION('',(1.,0.,0.));
#13502=DIRECTION('',(0.,-1.,0.));
#13503=DIRECTION('',(-1.,0.,0.));
#13504=DIRECTION('center_axis',(0.,0.,1.));
#13505=DIRECTION('ref_axis',(1.,0.,0.));
#13506=DIRECTION('',(-1.,0.,0.));
#13507=DIRECTION('',(1.,0.,0.));
#13508=DIRECTION('',(0.,-1.,0.));
#13509=DIRECTION('center_axis',(0.,0.,-1.));
#13510=DIRECTION('ref_axis',(-1.,0.,0.));
#13511=DIRECTION('',(-1.,0.,0.));
#13512=DIRECTION('',(1.,0.,0.));
#13513=DIRECTION('',(0.,1.,0.));
#13514=DIRECTION('center_axis',(-1.,0.,0.));
#13515=DIRECTION('ref_axis',(0.,0.,1.));
#13516=DIRECTION('',(0.,0.,1.));
#13517=DIRECTION('',(0.,0.,-1.));
#13518=DIRECTION('center_axis',(-1.,0.,0.));
#13519=DIRECTION('ref_axis',(0.,0.,1.));
#13520=DIRECTION('',(0.,0.,-1.));
#13521=DIRECTION('',(0.,0.,1.));
#13522=DIRECTION('',(0.,1.,0.));
#13523=DIRECTION('center_axis',(0.,0.,-1.));
#13524=DIRECTION('ref_axis',(-1.,0.,0.));
#13525=DIRECTION('',(1.,0.,0.));
#13526=DIRECTION('',(-1.,0.,0.));
#13527=DIRECTION('center_axis',(0.,0.,-1.));
#13528=DIRECTION('ref_axis',(1.,0.,0.));
#13529=DIRECTION('center_axis',(0.,0.,-1.));
#13530=DIRECTION('ref_axis',(1.,0.,0.));
#13531=DIRECTION('',(0.,0.,-1.));
#13532=DIRECTION('center_axis',(0.,0.,-1.));
#13533=DIRECTION('ref_axis',(1.,0.,0.));
#13534=DIRECTION('center_axis',(0.,0.,1.));
#13535=DIRECTION('ref_axis',(1.,0.,0.));
#13536=DIRECTION('center_axis',(0.,0.,-1.));
#13537=DIRECTION('ref_axis',(1.,0.,0.));
#13538=DIRECTION('center_axis',(0.,0.,-1.));
#13539=DIRECTION('ref_axis',(1.,0.,0.));
#13540=DIRECTION('',(0.,0.,-1.));
#13541=DIRECTION('center_axis',(0.,0.,-1.));
#13542=DIRECTION('ref_axis',(1.,0.,0.));
#13543=DIRECTION('center_axis',(0.,0.,1.));
#13544=DIRECTION('ref_axis',(1.,0.,0.));
#13545=DIRECTION('center_axis',(0.,0.,1.));
#13546=DIRECTION('ref_axis',(1.,0.,0.));
#13547=DIRECTION('center_axis',(0.,0.,1.));
#13548=DIRECTION('ref_axis',(1.,0.,0.));
#13549=DIRECTION('',(0.,0.,1.));
#13550=DIRECTION('center_axis',(0.,0.,1.));
#13551=DIRECTION('ref_axis',(1.,0.,0.));
#13552=DIRECTION('center_axis',(0.,0.,1.));
#13553=DIRECTION('ref_axis',(1.,0.,0.));
#13554=DIRECTION('center_axis',(0.,0.,1.));
#13555=DIRECTION('ref_axis',(1.,0.,0.));
#13556=DIRECTION('center_axis',(0.,0.,1.));
#13557=DIRECTION('ref_axis',(1.,0.,0.));
#13558=DIRECTION('',(0.,0.,1.));
#13559=DIRECTION('center_axis',(0.,0.,1.));
#13560=DIRECTION('ref_axis',(1.,0.,0.));
#13561=DIRECTION('center_axis',(0.,0.,1.));
#13562=DIRECTION('ref_axis',(1.,0.,0.));
#13563=DIRECTION('center_axis',(0.,0.,1.));
#13564=DIRECTION('ref_axis',(1.,0.,0.));
#13565=DIRECTION('center_axis',(0.,0.,1.));
#13566=DIRECTION('ref_axis',(1.,0.,0.));
#13567=DIRECTION('',(0.,0.,1.));
#13568=DIRECTION('center_axis',(0.,0.,1.));
#13569=DIRECTION('ref_axis',(1.,0.,0.));
#13570=DIRECTION('center_axis',(0.,0.,1.));
#13571=DIRECTION('ref_axis',(1.,0.,0.));
#13572=DIRECTION('center_axis',(0.,0.,1.));
#13573=DIRECTION('ref_axis',(1.,0.,0.));
#13574=DIRECTION('center_axis',(0.,0.,1.));
#13575=DIRECTION('ref_axis',(1.,0.,0.));
#13576=DIRECTION('',(0.,0.,1.));
#13577=DIRECTION('center_axis',(0.,0.,1.));
#13578=DIRECTION('ref_axis',(1.,0.,0.));
#13579=DIRECTION('center_axis',(0.,0.,1.));
#13580=DIRECTION('ref_axis',(1.,0.,0.));
#13581=DIRECTION('center_axis',(0.,-1.,0.));
#13582=DIRECTION('ref_axis',(1.,0.,0.));
#13583=DIRECTION('',(0.,0.,1.));
#13584=DIRECTION('',(1.,0.,0.));
#13585=DIRECTION('',(0.,0.,-1.));
#13586=DIRECTION('',(-1.,0.,0.));
#13587=DIRECTION('center_axis',(0.,0.,1.));
#13588=DIRECTION('ref_axis',(1.,0.,0.));
#13589=DIRECTION('',(0.,-1.,0.));
#13590=DIRECTION('',(-1.,0.,0.));
#13591=DIRECTION('',(0.,1.,0.));
#13592=DIRECTION('center_axis',(0.,1.,0.));
#13593=DIRECTION('ref_axis',(-1.,0.,0.));
#13594=DIRECTION('',(0.,0.,-1.));
#13595=DIRECTION('',(1.,0.,0.));
#13596=DIRECTION('',(0.,0.,1.));
#13597=DIRECTION('center_axis',(1.,0.,0.));
#13598=DIRECTION('ref_axis',(0.,1.,0.));
#13599=DIRECTION('',(0.,1.,0.));
#13600=DIRECTION('',(0.,0.,1.));
#13601=DIRECTION('',(0.,1.,0.));
#13602=DIRECTION('',(0.,0.,1.));
#13603=DIRECTION('',(0.,1.,0.));
#13604=DIRECTION('center_axis',(0.,0.,1.));
#13605=DIRECTION('ref_axis',(1.,0.,0.));
#13606=DIRECTION('',(0.,-1.,0.));
#13607=DIRECTION('',(1.,0.,0.));
#13608=DIRECTION('center_axis',(0.,1.,0.));
#13609=DIRECTION('ref_axis',(-1.,0.,0.));
#13610=DIRECTION('',(-1.,0.,0.));
#13611=DIRECTION('',(0.,0.,1.));
#13612=DIRECTION('',(-1.,0.,0.));
#13613=DIRECTION('center_axis',(0.,-1.,0.));
#13614=DIRECTION('ref_axis',(1.,0.,0.));
#13615=DIRECTION('',(1.,0.,0.));
#13616=DIRECTION('',(0.,0.,1.));
#13617=DIRECTION('center_axis',(-1.,0.,0.));
#13618=DIRECTION('ref_axis',(0.,-1.,0.));
#13619=DIRECTION('',(0.,-1.,0.));
#13620=DIRECTION('',(0.,-1.,0.));
#13621=DIRECTION('center_axis',(0.,0.,1.));
#13622=DIRECTION('ref_axis',(1.,0.,0.));
#13623=DIRECTION('center_axis',(0.,0.,1.));
#13624=DIRECTION('ref_axis',(1.,0.,0.));
#13625=DIRECTION('axis',(0.,0.,1.));
#13626=DIRECTION('refdir',(1.,0.,0.));
#13627=DIRECTION('center_axis',(0.,0.,1.));
#13628=DIRECTION('ref_axis',(1.,0.,0.));
#13629=DIRECTION('center_axis',(0.,0.,1.));
#13630=DIRECTION('ref_axis',(1.,0.,0.));
#13631=DIRECTION('',(0.,0.,1.));
#13632=DIRECTION('center_axis',(0.,0.,-1.));
#13633=DIRECTION('ref_axis',(1.,0.,0.));
#13634=DIRECTION('center_axis',(0.,0.,1.));
#13635=DIRECTION('ref_axis',(1.,0.,0.));
#13636=DIRECTION('center_axis',(0.,0.,1.));
#13637=DIRECTION('ref_axis',(1.,0.,0.));
#13638=DIRECTION('',(0.,0.,1.));
#13639=DIRECTION('center_axis',(0.,0.,-1.));
#13640=DIRECTION('ref_axis',(1.,0.,0.));
#13641=DIRECTION('center_axis',(0.,1.,0.));
#13642=DIRECTION('ref_axis',(-1.,0.,0.));
#13643=DIRECTION('',(-1.,0.,0.));
#13644=DIRECTION('',(0.,0.,1.));
#13645=DIRECTION('',(-1.,0.,0.));
#13646=DIRECTION('',(0.,0.,1.));
#13647=DIRECTION('center_axis',(1.,0.,0.));
#13648=DIRECTION('ref_axis',(0.,1.,0.));
#13649=DIRECTION('',(0.,1.,0.));
#13650=DIRECTION('',(0.,1.,0.));
#13651=DIRECTION('',(0.,0.,1.));
#13652=DIRECTION('center_axis',(0.,-1.,0.));
#13653=DIRECTION('ref_axis',(1.,0.,0.));
#13654=DIRECTION('',(1.,0.,0.));
#13655=DIRECTION('',(1.,0.,0.));
#13656=DIRECTION('',(0.,0.,1.));
#13657=DIRECTION('center_axis',(-1.,0.,0.));
#13658=DIRECTION('ref_axis',(0.,-1.,0.));
#13659=DIRECTION('',(0.,-1.,0.));
#13660=DIRECTION('',(0.,-1.,0.));
#13661=DIRECTION('center_axis',(0.,0.,1.));
#13662=DIRECTION('ref_axis',(1.,0.,0.));
#13663=DIRECTION('center_axis',(0.,0.,1.));
#13664=DIRECTION('ref_axis',(1.,0.,0.));
#13665=DIRECTION('axis',(0.,0.,1.));
#13666=DIRECTION('refdir',(1.,0.,0.));
#13667=DIRECTION('center_axis',(1.,0.,0.));
#13668=DIRECTION('ref_axis',(0.,0.,-1.));
#13669=DIRECTION('',(0.,0.,-1.));
#13670=DIRECTION('',(0.,1.,0.));
#13671=DIRECTION('',(0.,0.,1.));
#13672=DIRECTION('',(0.,1.,0.));
#13673=DIRECTION('center_axis',(1.,0.,0.));
#13674=DIRECTION('ref_axis',(0.,0.,-1.));
#13675=DIRECTION('',(0.,0.,1.));
#13676=DIRECTION('',(0.,1.,0.));
#13677=DIRECTION('',(0.,0.,-1.));
#13678=DIRECTION('',(0.,1.,0.));
#13679=DIRECTION('center_axis',(0.,0.,1.));
#13680=DIRECTION('ref_axis',(1.,0.,0.));
#13681=DIRECTION('',(1.,0.,0.));
#13682=DIRECTION('',(0.,-1.,0.));
#13683=DIRECTION('',(-1.,0.,0.));
#13684=DIRECTION('center_axis',(0.,0.,1.));
#13685=DIRECTION('ref_axis',(1.,0.,0.));
#13686=DIRECTION('',(-1.,0.,0.));
#13687=DIRECTION('',(1.,0.,0.));
#13688=DIRECTION('',(0.,-1.,0.));
#13689=DIRECTION('center_axis',(0.,0.,-1.));
#13690=DIRECTION('ref_axis',(-1.,0.,0.));
#13691=DIRECTION('',(-1.,0.,0.));
#13692=DIRECTION('',(1.,0.,0.));
#13693=DIRECTION('',(0.,1.,0.));
#13694=DIRECTION('center_axis',(-1.,0.,0.));
#13695=DIRECTION('ref_axis',(0.,0.,1.));
#13696=DIRECTION('',(0.,0.,1.));
#13697=DIRECTION('',(0.,0.,-1.));
#13698=DIRECTION('center_axis',(-1.,0.,0.));
#13699=DIRECTION('ref_axis',(0.,0.,1.));
#13700=DIRECTION('',(0.,0.,-1.));
#13701=DIRECTION('',(0.,0.,1.));
#13702=DIRECTION('',(0.,1.,0.));
#13703=DIRECTION('center_axis',(0.,0.,-1.));
#13704=DIRECTION('ref_axis',(-1.,0.,0.));
#13705=DIRECTION('',(1.,0.,0.));
#13706=DIRECTION('',(-1.,0.,0.));
#13707=DIRECTION('center_axis',(1.,0.,0.));
#13708=DIRECTION('ref_axis',(0.,0.,-1.));
#13709=DIRECTION('',(0.,0.,-1.));
#13710=DIRECTION('',(0.,1.,0.));
#13711=DIRECTION('',(0.,0.,1.));
#13712=DIRECTION('',(0.,1.,0.));
#13713=DIRECTION('center_axis',(1.,0.,0.));
#13714=DIRECTION('ref_axis',(0.,0.,-1.));
#13715=DIRECTION('',(0.,0.,1.));
#13716=DIRECTION('',(0.,1.,0.));
#13717=DIRECTION('',(0.,0.,-1.));
#13718=DIRECTION('',(0.,1.,0.));
#13719=DIRECTION('center_axis',(0.,0.,1.));
#13720=DIRECTION('ref_axis',(1.,0.,0.));
#13721=DIRECTION('',(1.,0.,0.));
#13722=DIRECTION('',(0.,-1.,0.));
#13723=DIRECTION('',(-1.,0.,0.));
#13724=DIRECTION('center_axis',(0.,0.,1.));
#13725=DIRECTION('ref_axis',(1.,0.,0.));
#13726=DIRECTION('',(-1.,0.,0.));
#13727=DIRECTION('',(1.,0.,0.));
#13728=DIRECTION('',(0.,-1.,0.));
#13729=DIRECTION('center_axis',(0.,0.,-1.));
#13730=DIRECTION('ref_axis',(-1.,0.,0.));
#13731=DIRECTION('',(-1.,0.,0.));
#13732=DIRECTION('',(1.,0.,0.));
#13733=DIRECTION('',(0.,1.,0.));
#13734=DIRECTION('center_axis',(-1.,0.,0.));
#13735=DIRECTION('ref_axis',(0.,0.,1.));
#13736=DIRECTION('',(0.,0.,1.));
#13737=DIRECTION('',(0.,0.,-1.));
#13738=DIRECTION('center_axis',(-1.,0.,0.));
#13739=DIRECTION('ref_axis',(0.,0.,1.));
#13740=DIRECTION('',(0.,0.,-1.));
#13741=DIRECTION('',(0.,0.,1.));
#13742=DIRECTION('',(0.,1.,0.));
#13743=DIRECTION('center_axis',(0.,0.,-1.));
#13744=DIRECTION('ref_axis',(-1.,0.,0.));
#13745=DIRECTION('',(1.,0.,0.));
#13746=DIRECTION('',(-1.,0.,0.));
#13747=DIRECTION('center_axis',(0.,0.,-1.));
#13748=DIRECTION('ref_axis',(1.,0.,0.));
#13749=DIRECTION('center_axis',(0.,0.,-1.));
#13750=DIRECTION('ref_axis',(1.,0.,0.));
#13751=DIRECTION('',(0.,0.,-1.));
#13752=DIRECTION('center_axis',(0.,0.,-1.));
#13753=DIRECTION('ref_axis',(1.,0.,0.));
#13754=DIRECTION('center_axis',(0.,0.,1.));
#13755=DIRECTION('ref_axis',(1.,0.,0.));
#13756=DIRECTION('center_axis',(0.,0.,-1.));
#13757=DIRECTION('ref_axis',(1.,0.,0.));
#13758=DIRECTION('center_axis',(0.,0.,-1.));
#13759=DIRECTION('ref_axis',(1.,0.,0.));
#13760=DIRECTION('',(0.,0.,-1.));
#13761=DIRECTION('center_axis',(0.,0.,-1.));
#13762=DIRECTION('ref_axis',(1.,0.,0.));
#13763=DIRECTION('center_axis',(0.,0.,1.));
#13764=DIRECTION('ref_axis',(1.,0.,0.));
#13765=DIRECTION('center_axis',(0.,0.,1.));
#13766=DIRECTION('ref_axis',(1.,0.,0.));
#13767=DIRECTION('center_axis',(0.,0.,1.));
#13768=DIRECTION('ref_axis',(1.,0.,0.));
#13769=DIRECTION('',(0.,0.,1.));
#13770=DIRECTION('center_axis',(0.,0.,1.));
#13771=DIRECTION('ref_axis',(1.,0.,0.));
#13772=DIRECTION('center_axis',(0.,0.,1.));
#13773=DIRECTION('ref_axis',(1.,0.,0.));
#13774=DIRECTION('center_axis',(0.,0.,1.));
#13775=DIRECTION('ref_axis',(1.,0.,0.));
#13776=DIRECTION('center_axis',(0.,0.,1.));
#13777=DIRECTION('ref_axis',(1.,0.,0.));
#13778=DIRECTION('',(0.,0.,1.));
#13779=DIRECTION('center_axis',(0.,0.,1.));
#13780=DIRECTION('ref_axis',(1.,0.,0.));
#13781=DIRECTION('center_axis',(0.,0.,1.));
#13782=DIRECTION('ref_axis',(1.,0.,0.));
#13783=DIRECTION('center_axis',(0.,0.,1.));
#13784=DIRECTION('ref_axis',(1.,0.,0.));
#13785=DIRECTION('center_axis',(0.,0.,1.));
#13786=DIRECTION('ref_axis',(1.,0.,0.));
#13787=DIRECTION('',(0.,0.,1.));
#13788=DIRECTION('center_axis',(0.,0.,1.));
#13789=DIRECTION('ref_axis',(1.,0.,0.));
#13790=DIRECTION('center_axis',(0.,0.,1.));
#13791=DIRECTION('ref_axis',(1.,0.,0.));
#13792=DIRECTION('center_axis',(0.,0.,1.));
#13793=DIRECTION('ref_axis',(1.,0.,0.));
#13794=DIRECTION('center_axis',(0.,0.,1.));
#13795=DIRECTION('ref_axis',(1.,0.,0.));
#13796=DIRECTION('',(0.,0.,1.));
#13797=DIRECTION('center_axis',(0.,0.,1.));
#13798=DIRECTION('ref_axis',(1.,0.,0.));
#13799=DIRECTION('center_axis',(0.,0.,1.));
#13800=DIRECTION('ref_axis',(1.,0.,0.));
#13801=DIRECTION('center_axis',(0.,-1.,0.));
#13802=DIRECTION('ref_axis',(1.,0.,0.));
#13803=DIRECTION('',(0.,0.,1.));
#13804=DIRECTION('',(1.,0.,0.));
#13805=DIRECTION('',(0.,0.,-1.));
#13806=DIRECTION('',(-1.,0.,0.));
#13807=DIRECTION('center_axis',(0.,0.,1.));
#13808=DIRECTION('ref_axis',(1.,0.,0.));
#13809=DIRECTION('',(0.,-1.,0.));
#13810=DIRECTION('',(-1.,0.,0.));
#13811=DIRECTION('',(0.,1.,0.));
#13812=DIRECTION('center_axis',(0.,1.,0.));
#13813=DIRECTION('ref_axis',(-1.,0.,0.));
#13814=DIRECTION('',(0.,0.,-1.));
#13815=DIRECTION('',(1.,0.,0.));
#13816=DIRECTION('',(0.,0.,1.));
#13817=DIRECTION('center_axis',(1.,0.,0.));
#13818=DIRECTION('ref_axis',(0.,1.,0.));
#13819=DIRECTION('',(0.,1.,0.));
#13820=DIRECTION('',(0.,0.,1.));
#13821=DIRECTION('',(0.,1.,0.));
#13822=DIRECTION('',(0.,0.,1.));
#13823=DIRECTION('',(0.,1.,0.));
#13824=DIRECTION('center_axis',(0.,0.,1.));
#13825=DIRECTION('ref_axis',(1.,0.,0.));
#13826=DIRECTION('',(0.,-1.,0.));
#13827=DIRECTION('',(1.,0.,0.));
#13828=DIRECTION('center_axis',(0.,1.,0.));
#13829=DIRECTION('ref_axis',(-1.,0.,0.));
#13830=DIRECTION('',(-1.,0.,0.));
#13831=DIRECTION('',(0.,0.,1.));
#13832=DIRECTION('',(-1.,0.,0.));
#13833=DIRECTION('center_axis',(0.,-1.,0.));
#13834=DIRECTION('ref_axis',(1.,0.,0.));
#13835=DIRECTION('',(1.,0.,0.));
#13836=DIRECTION('',(0.,0.,1.));
#13837=DIRECTION('center_axis',(-1.,0.,0.));
#13838=DIRECTION('ref_axis',(0.,-1.,0.));
#13839=DIRECTION('',(0.,-1.,0.));
#13840=DIRECTION('',(0.,-1.,0.));
#13841=DIRECTION('center_axis',(0.,0.,1.));
#13842=DIRECTION('ref_axis',(1.,0.,0.));
#13843=DIRECTION('center_axis',(0.,0.,1.));
#13844=DIRECTION('ref_axis',(1.,0.,0.));
#13845=DIRECTION('axis',(0.,0.,1.));
#13846=DIRECTION('refdir',(1.,0.,0.));
#13847=DIRECTION('center_axis',(0.,0.,1.));
#13848=DIRECTION('ref_axis',(1.,0.,0.));
#13849=DIRECTION('center_axis',(0.,0.,1.));
#13850=DIRECTION('ref_axis',(1.,0.,0.));
#13851=DIRECTION('',(0.,0.,1.));
#13852=DIRECTION('center_axis',(0.,0.,-1.));
#13853=DIRECTION('ref_axis',(1.,0.,0.));
#13854=DIRECTION('center_axis',(0.,0.,1.));
#13855=DIRECTION('ref_axis',(1.,0.,0.));
#13856=DIRECTION('center_axis',(0.,0.,1.));
#13857=DIRECTION('ref_axis',(1.,0.,0.));
#13858=DIRECTION('',(0.,0.,1.));
#13859=DIRECTION('center_axis',(0.,0.,-1.));
#13860=DIRECTION('ref_axis',(1.,0.,0.));
#13861=DIRECTION('center_axis',(0.,1.,0.));
#13862=DIRECTION('ref_axis',(-1.,0.,0.));
#13863=DIRECTION('',(-1.,0.,0.));
#13864=DIRECTION('',(0.,0.,1.));
#13865=DIRECTION('',(-1.,0.,0.));
#13866=DIRECTION('',(0.,0.,1.));
#13867=DIRECTION('center_axis',(1.,0.,0.));
#13868=DIRECTION('ref_axis',(0.,1.,0.));
#13869=DIRECTION('',(0.,1.,0.));
#13870=DIRECTION('',(0.,1.,0.));
#13871=DIRECTION('',(0.,0.,1.));
#13872=DIRECTION('center_axis',(0.,-1.,0.));
#13873=DIRECTION('ref_axis',(1.,0.,0.));
#13874=DIRECTION('',(1.,0.,0.));
#13875=DIRECTION('',(1.,0.,0.));
#13876=DIRECTION('',(0.,0.,1.));
#13877=DIRECTION('center_axis',(-1.,0.,0.));
#13878=DIRECTION('ref_axis',(0.,-1.,0.));
#13879=DIRECTION('',(0.,-1.,0.));
#13880=DIRECTION('',(0.,-1.,0.));
#13881=DIRECTION('center_axis',(0.,0.,1.));
#13882=DIRECTION('ref_axis',(1.,0.,0.));
#13883=DIRECTION('center_axis',(0.,0.,1.));
#13884=DIRECTION('ref_axis',(1.,0.,0.));
#13885=DIRECTION('',(0.,0.,1.));
#13886=DIRECTION('',(1.,0.,0.));
#13887=DIRECTION('',(0.,0.,1.));
#13888=DIRECTION('',(1.,0.,0.));
#13889=DIRECTION('',(0.,0.,1.));
#13890=DIRECTION('',(1.,0.,0.));
#13891=DIRECTION('',(0.,0.,1.));
#13892=DIRECTION('',(1.,0.,0.));
#13893=DIRECTION('',(0.,0.,1.));
#13894=DIRECTION('',(1.,0.,0.));
#13895=DIRECTION('',(0.,0.,1.));
#13896=DIRECTION('',(1.,0.,0.));
#13897=DIRECTION('',(0.,0.,1.));
#13898=DIRECTION('',(1.,0.,0.));
#13899=DIRECTION('',(0.,0.,1.));
#13900=DIRECTION('',(1.,0.,0.));
#13901=DIRECTION('',(0.,0.,1.));
#13902=DIRECTION('',(1.,0.,0.));
#13903=DIRECTION('',(0.,0.,1.));
#13904=DIRECTION('',(1.,0.,0.));
#13905=DIRECTION('axis',(0.,0.,1.));
#13906=DIRECTION('refdir',(1.,0.,0.));
#13907=DIRECTION('axis',(0.,0.,1.));
#13908=DIRECTION('refdir',(1.,0.,0.));
#13909=DIRECTION('center_axis',(1.,0.,0.));
#13910=DIRECTION('ref_axis',(0.,0.,-1.));
#13911=DIRECTION('center_axis',(1.,0.,0.));
#13912=DIRECTION('ref_axis',(0.,0.,-1.));
#13913=DIRECTION('',(-1.,0.,0.));
#13914=DIRECTION('center_axis',(1.,0.,0.));
#13915=DIRECTION('ref_axis',(0.,0.,-1.));
#13916=DIRECTION('center_axis',(1.,0.,0.));
#13917=DIRECTION('ref_axis',(0.,0.,-1.));
#13918=DIRECTION('center_axis',(1.,0.,0.));
#13919=DIRECTION('ref_axis',(0.,0.,-1.));
#13920=DIRECTION('axis',(0.,0.,1.));
#13921=DIRECTION('refdir',(1.,0.,0.));
#13922=DIRECTION('center_axis',(1.,0.,0.));
#13923=DIRECTION('ref_axis',(0.,0.,-1.));
#13924=DIRECTION('center_axis',(1.,0.,0.));
#13925=DIRECTION('ref_axis',(0.,0.,-1.));
#13926=DIRECTION('',(1.,0.,0.));
#13927=DIRECTION('center_axis',(-1.,0.,0.));
#13928=DIRECTION('ref_axis',(0.,0.,-1.));
#13929=DIRECTION('center_axis',(1.,0.,0.));
#13930=DIRECTION('ref_axis',(0.,0.,-1.));
#13931=DIRECTION('center_axis',(1.,0.,0.));
#13932=DIRECTION('ref_axis',(0.,0.,-1.));
#13933=DIRECTION('',(-1.,0.,0.));
#13934=DIRECTION('center_axis',(1.,0.,0.));
#13935=DIRECTION('ref_axis',(0.,0.,-1.));
#13936=DIRECTION('center_axis',(1.,0.,0.));
#13937=DIRECTION('ref_axis',(0.,0.,-1.));
#13938=DIRECTION('center_axis',(1.,0.,0.));
#13939=DIRECTION('ref_axis',(0.,0.,-1.));
#13940=DIRECTION('axis',(0.,0.,1.));
#13941=DIRECTION('refdir',(1.,0.,0.));
#13942=DIRECTION('center_axis',(1.,0.,0.));
#13943=DIRECTION('ref_axis',(0.,0.,-1.));
#13944=DIRECTION('center_axis',(1.,0.,0.));
#13945=DIRECTION('ref_axis',(0.,0.,-1.));
#13946=DIRECTION('',(1.,0.,0.));
#13947=DIRECTION('center_axis',(-1.,0.,0.));
#13948=DIRECTION('ref_axis',(0.,0.,-1.));
#13949=DIRECTION('center_axis',(-1.,0.,0.));
#13950=DIRECTION('ref_axis',(0.,0.,-1.));
#13951=DIRECTION('center_axis',(-1.,0.,0.));
#13952=DIRECTION('ref_axis',(0.,0.,-1.));
#13953=DIRECTION('',(1.,0.,0.));
#13954=DIRECTION('center_axis',(1.,0.,0.));
#13955=DIRECTION('ref_axis',(0.,0.,-1.));
#13956=DIRECTION('center_axis',(1.,0.,0.));
#13957=DIRECTION('ref_axis',(0.,0.,-1.));
#13958=DIRECTION('center_axis',(1.,0.,0.));
#13959=DIRECTION('ref_axis',(0.,0.,-1.));
#13960=DIRECTION('axis',(0.,0.,1.));
#13961=DIRECTION('refdir',(1.,0.,0.));
#13962=DIRECTION('center_axis',(1.,0.,0.));
#13963=DIRECTION('ref_axis',(0.,0.,-1.));
#13964=DIRECTION('center_axis',(1.,0.,0.));
#13965=DIRECTION('ref_axis',(0.,0.,-1.));
#13966=DIRECTION('',(-1.,0.,0.));
#13967=DIRECTION('center_axis',(1.,0.,0.));
#13968=DIRECTION('ref_axis',(0.,0.,-1.));
#13969=DIRECTION('center_axis',(1.,0.,0.));
#13970=DIRECTION('ref_axis',(0.,0.,-1.));
#13971=DIRECTION('center_axis',(1.,0.,0.));
#13972=DIRECTION('ref_axis',(0.,0.,-1.));
#13973=DIRECTION('axis',(0.,0.,1.));
#13974=DIRECTION('refdir',(1.,0.,0.));
#13975=DIRECTION('center_axis',(1.,0.,0.));
#13976=DIRECTION('ref_axis',(0.,0.,-1.));
#13977=DIRECTION('',(0.,0.,1.));
#13978=DIRECTION('',(0.,1.,0.));
#13979=DIRECTION('',(0.,0.,-1.));
#13980=DIRECTION('',(0.,1.,0.));
#13981=DIRECTION('center_axis',(0.,0.,1.));
#13982=DIRECTION('ref_axis',(1.,0.,0.));
#13983=DIRECTION('',(-1.,0.,0.));
#13984=DIRECTION('',(1.,0.,0.));
#13985=DIRECTION('',(0.,-1.,0.));
#13986=DIRECTION('center_axis',(-1.,0.,0.));
#13987=DIRECTION('ref_axis',(0.,0.,1.));
#13988=DIRECTION('',(0.,0.,-1.));
#13989=DIRECTION('',(0.,0.,1.));
#13990=DIRECTION('',(0.,1.,0.));
#13991=DIRECTION('center_axis',(0.,0.,-1.));
#13992=DIRECTION('ref_axis',(-1.,0.,0.));
#13993=DIRECTION('',(1.,0.,0.));
#13994=DIRECTION('',(-1.,0.,0.));
#13995=DIRECTION('center_axis',(0.,0.,1.));
#13996=DIRECTION('ref_axis',(1.,0.,0.));
#13997=DIRECTION('center_axis',(0.,0.,1.));
#13998=DIRECTION('ref_axis',(1.,0.,0.));
#13999=DIRECTION('',(0.,0.,1.));
#14000=DIRECTION('center_axis',(0.,0.,1.));
#14001=DIRECTION('ref_axis',(1.,0.,0.));
#14002=DIRECTION('center_axis',(0.,0.,1.));
#14003=DIRECTION('ref_axis',(1.,0.,0.));
#14004=DIRECTION('center_axis',(0.,0.,1.));
#14005=DIRECTION('ref_axis',(1.,0.,0.));
#14006=DIRECTION('center_axis',(0.,0.,1.));
#14007=DIRECTION('ref_axis',(1.,0.,0.));
#14008=DIRECTION('',(0.,0.,1.));
#14009=DIRECTION('center_axis',(0.,0.,1.));
#14010=DIRECTION('ref_axis',(1.,0.,0.));
#14011=DIRECTION('center_axis',(0.,0.,1.));
#14012=DIRECTION('ref_axis',(1.,0.,0.));
#14013=DIRECTION('center_axis',(0.,0.,1.));
#14014=DIRECTION('ref_axis',(1.,0.,0.));
#14015=DIRECTION('center_axis',(0.,0.,1.));
#14016=DIRECTION('ref_axis',(1.,0.,0.));
#14017=DIRECTION('',(0.,0.,1.));
#14018=DIRECTION('center_axis',(0.,0.,1.));
#14019=DIRECTION('ref_axis',(1.,0.,0.));
#14020=DIRECTION('center_axis',(0.,0.,1.));
#14021=DIRECTION('ref_axis',(1.,0.,0.));
#14022=DIRECTION('center_axis',(0.,0.,1.));
#14023=DIRECTION('ref_axis',(1.,0.,0.));
#14024=DIRECTION('center_axis',(0.,0.,1.));
#14025=DIRECTION('ref_axis',(1.,0.,0.));
#14026=DIRECTION('',(0.,0.,1.));
#14027=DIRECTION('center_axis',(0.,0.,1.));
#14028=DIRECTION('ref_axis',(1.,0.,0.));
#14029=DIRECTION('center_axis',(0.,0.,1.));
#14030=DIRECTION('ref_axis',(1.,0.,0.));
#14031=DIRECTION('center_axis',(1.,0.,0.));
#14032=DIRECTION('ref_axis',(0.,0.,-1.));
#14033=DIRECTION('center_axis',(1.,0.,0.));
#14034=DIRECTION('ref_axis',(0.,0.,-1.));
#14035=DIRECTION('',(-1.,0.,0.));
#14036=DIRECTION('center_axis',(-1.,0.,0.));
#14037=DIRECTION('ref_axis',(0.,0.,-1.));
#14038=DIRECTION('',(1.,0.,0.));
#14039=DIRECTION('center_axis',(1.,0.,0.));
#14040=DIRECTION('ref_axis',(0.,1.,0.));
#14041=DIRECTION('',(0.,1.,0.));
#14042=DIRECTION('',(0.,0.,1.));
#14043=DIRECTION('',(0.,1.,0.));
#14044=DIRECTION('',(0.,0.,1.));
#14045=DIRECTION('',(0.,1.,0.));
#14046=DIRECTION('center_axis',(0.,0.,1.));
#14047=DIRECTION('ref_axis',(1.,0.,0.));
#14048=DIRECTION('',(0.,-1.,0.));
#14049=DIRECTION('',(1.,0.,0.));
#14050=DIRECTION('center_axis',(0.,1.,0.));
#14051=DIRECTION('ref_axis',(-1.,0.,0.));
#14052=DIRECTION('',(-1.,0.,0.));
#14053=DIRECTION('',(0.,0.,1.));
#14054=DIRECTION('',(-1.,0.,0.));
#14055=DIRECTION('center_axis',(0.,-1.,0.));
#14056=DIRECTION('ref_axis',(1.,0.,0.));
#14057=DIRECTION('',(1.,0.,0.));
#14058=DIRECTION('',(0.,0.,1.));
#14059=DIRECTION('center_axis',(-1.,0.,0.));
#14060=DIRECTION('ref_axis',(0.,-1.,0.));
#14061=DIRECTION('',(0.,-1.,0.));
#14062=DIRECTION('',(0.,-1.,0.));
#14063=DIRECTION('center_axis',(0.,0.,1.));
#14064=DIRECTION('ref_axis',(1.,0.,0.));
#14065=DIRECTION('center_axis',(0.,0.,1.));
#14066=DIRECTION('ref_axis',(1.,0.,0.));
#14067=DIRECTION('axis',(0.,0.,1.));
#14068=DIRECTION('refdir',(1.,0.,0.));
#14069=DIRECTION('center_axis',(1.,0.,0.));
#14070=DIRECTION('ref_axis',(0.,0.,-1.));
#14071=DIRECTION('center_axis',(1.,0.,0.));
#14072=DIRECTION('ref_axis',(0.,0.,-1.));
#14073=DIRECTION('',(1.,0.,0.));
#14074=DIRECTION('center_axis',(-1.,0.,0.));
#14075=DIRECTION('ref_axis',(0.,0.,-1.));
#14076=DIRECTION('center_axis',(1.,0.,0.));
#14077=DIRECTION('ref_axis',(0.,0.,-1.));
#14078=DIRECTION('center_axis',(1.,0.,0.));
#14079=DIRECTION('ref_axis',(0.,0.,-1.));
#14080=DIRECTION('',(-1.,0.,0.));
#14081=DIRECTION('center_axis',(1.,0.,0.));
#14082=DIRECTION('ref_axis',(0.,0.,-1.));
#14083=DIRECTION('center_axis',(1.,0.,0.));
#14084=DIRECTION('ref_axis',(0.,0.,-1.));
#14085=DIRECTION('center_axis',(1.,0.,0.));
#14086=DIRECTION('ref_axis',(0.,0.,-1.));
#14087=DIRECTION('axis',(0.,0.,1.));
#14088=DIRECTION('refdir',(1.,0.,0.));
#14089=DIRECTION('center_axis',(1.,0.,0.));
#14090=DIRECTION('ref_axis',(0.,0.,-1.));
#14091=DIRECTION('center_axis',(1.,0.,0.));
#14092=DIRECTION('ref_axis',(0.,0.,-1.));
#14093=DIRECTION('',(1.,0.,0.));
#14094=DIRECTION('center_axis',(-1.,0.,0.));
#14095=DIRECTION('ref_axis',(0.,0.,-1.));
#14096=DIRECTION('center_axis',(1.,0.,0.));
#14097=DIRECTION('ref_axis',(0.,0.,-1.));
#14098=DIRECTION('center_axis',(1.,0.,0.));
#14099=DIRECTION('ref_axis',(0.,0.,-1.));
#14100=DIRECTION('',(-1.,0.,0.));
#14101=DIRECTION('center_axis',(1.,0.,0.));
#14102=DIRECTION('ref_axis',(0.,0.,-1.));
#14103=DIRECTION('center_axis',(1.,0.,0.));
#14104=DIRECTION('ref_axis',(0.,0.,-1.));
#14105=DIRECTION('center_axis',(1.,0.,0.));
#14106=DIRECTION('ref_axis',(0.,0.,-1.));
#14107=DIRECTION('axis',(0.,0.,1.));
#14108=DIRECTION('refdir',(1.,0.,0.));
#14109=DIRECTION('center_axis',(0.,1.,0.));
#14110=DIRECTION('ref_axis',(-1.,0.,0.));
#14111=DIRECTION('',(-1.,0.,0.));
#14112=DIRECTION('',(0.,0.,1.));
#14113=DIRECTION('',(-1.,0.,0.));
#14114=DIRECTION('',(0.,0.,1.));
#14115=DIRECTION('center_axis',(1.,0.,0.));
#14116=DIRECTION('ref_axis',(0.,1.,0.));
#14117=DIRECTION('',(0.,1.,0.));
#14118=DIRECTION('',(0.,1.,0.));
#14119=DIRECTION('',(0.,0.,1.));
#14120=DIRECTION('center_axis',(0.,-1.,0.));
#14121=DIRECTION('ref_axis',(1.,0.,0.));
#14122=DIRECTION('',(1.,0.,0.));
#14123=DIRECTION('',(1.,0.,0.));
#14124=DIRECTION('',(0.,0.,1.));
#14125=DIRECTION('center_axis',(-1.,0.,0.));
#14126=DIRECTION('ref_axis',(0.,-1.,0.));
#14127=DIRECTION('',(0.,-1.,0.));
#14128=DIRECTION('',(0.,-1.,0.));
#14129=DIRECTION('center_axis',(0.,0.,1.));
#14130=DIRECTION('ref_axis',(1.,0.,0.));
#14131=DIRECTION('center_axis',(0.,0.,1.));
#14132=DIRECTION('ref_axis',(1.,0.,0.));
#14133=DIRECTION('axis',(0.,0.,1.));
#14134=DIRECTION('refdir',(1.,0.,0.));
#14135=DIRECTION('center_axis',(1.,0.,0.));
#14136=DIRECTION('ref_axis',(0.,0.,-1.));
#14137=DIRECTION('center_axis',(1.,0.,0.));
#14138=DIRECTION('ref_axis',(0.,0.,-1.));
#14139=DIRECTION('',(1.,0.,0.));
#14140=DIRECTION('center_axis',(-1.,0.,0.));
#14141=DIRECTION('ref_axis',(0.,0.,-1.));
#14142=DIRECTION('center_axis',(1.,0.,0.));
#14143=DIRECTION('ref_axis',(0.,0.,-1.));
#14144=DIRECTION('center_axis',(1.,0.,0.));
#14145=DIRECTION('ref_axis',(0.,0.,-1.));
#14146=DIRECTION('',(1.,0.,0.));
#14147=DIRECTION('center_axis',(-1.,0.,0.));
#14148=DIRECTION('ref_axis',(0.,0.,-1.));
#14149=DIRECTION('center_axis',(0.,-1.,0.));
#14150=DIRECTION('ref_axis',(1.,0.,0.));
#14151=DIRECTION('',(-1.,0.,0.));
#14152=DIRECTION('',(0.,0.,1.));
#14153=DIRECTION('',(1.,0.,0.));
#14154=DIRECTION('',(0.,0.,1.));
#14155=DIRECTION('center_axis',(-1.,0.,0.));
#14156=DIRECTION('ref_axis',(0.,-1.,0.));
#14157=DIRECTION('',(0.,1.,0.));
#14158=DIRECTION('',(0.,-1.,0.));
#14159=DIRECTION('',(0.,0.,1.));
#14160=DIRECTION('center_axis',(0.,1.,0.));
#14161=DIRECTION('ref_axis',(-1.,0.,0.));
#14162=DIRECTION('',(1.,0.,0.));
#14163=DIRECTION('',(-1.,0.,0.));
#14164=DIRECTION('',(0.,0.,1.));
#14165=DIRECTION('center_axis',(1.,0.,0.));
#14166=DIRECTION('ref_axis',(0.,1.,0.));
#14167=DIRECTION('',(0.,-1.,0.));
#14168=DIRECTION('',(0.,1.,0.));
#14169=DIRECTION('center_axis',(0.,1.,0.));
#14170=DIRECTION('ref_axis',(-1.,0.,0.));
#14171=DIRECTION('',(-1.,0.,0.));
#14172=DIRECTION('',(0.,0.,1.));
#14173=DIRECTION('',(-1.,0.,0.));
#14174=DIRECTION('',(0.,0.,1.));
#14175=DIRECTION('center_axis',(1.,0.,0.));
#14176=DIRECTION('ref_axis',(0.,1.,0.));
#14177=DIRECTION('',(0.,1.,0.));
#14178=DIRECTION('',(0.,1.,0.));
#14179=DIRECTION('',(0.,0.,1.));
#14180=DIRECTION('center_axis',(0.,-1.,0.));
#14181=DIRECTION('ref_axis',(1.,0.,0.));
#14182=DIRECTION('',(1.,0.,0.));
#14183=DIRECTION('',(1.,0.,0.));
#14184=DIRECTION('',(0.,0.,1.));
#14185=DIRECTION('center_axis',(-1.,0.,0.));
#14186=DIRECTION('ref_axis',(0.,-1.,0.));
#14187=DIRECTION('',(0.,-1.,0.));
#14188=DIRECTION('',(0.,-1.,0.));
#14189=DIRECTION('center_axis',(0.,0.,1.));
#14190=DIRECTION('ref_axis',(1.,0.,0.));
#14191=DIRECTION('center_axis',(0.,0.,1.));
#14192=DIRECTION('ref_axis',(1.,0.,0.));
#14193=DIRECTION('',(0.,0.,1.));
#14194=DIRECTION('',(1.,0.,0.));
#14195=DIRECTION('',(0.,0.,1.));
#14196=DIRECTION('',(1.,0.,0.));
#14197=DIRECTION('',(0.,0.,1.));
#14198=DIRECTION('',(1.,0.,0.));
#14199=DIRECTION('',(0.,0.,1.));
#14200=DIRECTION('',(1.,0.,0.));
#14201=DIRECTION('',(0.,0.,1.));
#14202=DIRECTION('',(1.,0.,0.));
#14203=DIRECTION('',(0.,0.,1.));
#14204=DIRECTION('',(1.,0.,0.));
#14205=DIRECTION('',(0.,0.,1.));
#14206=DIRECTION('',(1.,0.,0.));
#14207=DIRECTION('',(0.,0.,1.));
#14208=DIRECTION('',(1.,0.,0.));
#14209=DIRECTION('',(0.,0.,1.));
#14210=DIRECTION('',(1.,0.,0.));
#14211=DIRECTION('axis',(0.,0.,1.));
#14212=DIRECTION('refdir',(1.,0.,0.));
#14213=DIRECTION('axis',(0.,0.,1.));
#14214=DIRECTION('refdir',(1.,0.,0.));
#14215=DIRECTION('center_axis',(0.,1.,0.));
#14216=DIRECTION('ref_axis',(-1.,0.,0.));
#14217=DIRECTION('',(-1.,0.,0.));
#14218=DIRECTION('',(0.,0.,1.));
#14219=DIRECTION('',(-1.,0.,0.));
#14220=DIRECTION('',(0.,0.,1.));
#14221=DIRECTION('center_axis',(1.,0.,0.));
#14222=DIRECTION('ref_axis',(0.,1.,0.));
#14223=DIRECTION('',(0.,1.,0.));
#14224=DIRECTION('',(0.,1.,0.));
#14225=DIRECTION('',(0.,0.,1.));
#14226=DIRECTION('center_axis',(0.,-1.,0.));
#14227=DIRECTION('ref_axis',(1.,0.,0.));
#14228=DIRECTION('',(1.,0.,0.));
#14229=DIRECTION('',(1.,0.,0.));
#14230=DIRECTION('',(0.,0.,1.));
#14231=DIRECTION('center_axis',(-1.,0.,0.));
#14232=DIRECTION('ref_axis',(0.,-1.,0.));
#14233=DIRECTION('',(0.,-1.,0.));
#14234=DIRECTION('',(0.,-1.,0.));
#14235=DIRECTION('center_axis',(0.,0.,1.));
#14236=DIRECTION('ref_axis',(1.,0.,0.));
#14237=DIRECTION('center_axis',(0.,0.,1.));
#14238=DIRECTION('ref_axis',(1.,0.,0.));
#14239=DIRECTION('axis',(0.,0.,1.));
#14240=DIRECTION('refdir',(1.,0.,0.));
#14241=DIRECTION('center_axis',(0.,1.,0.));
#14242=DIRECTION('ref_axis',(-1.,0.,0.));
#14243=DIRECTION('',(-1.,0.,0.));
#14244=DIRECTION('',(0.,0.,1.));
#14245=DIRECTION('',(-1.,0.,0.));
#14246=DIRECTION('',(0.,0.,1.));
#14247=DIRECTION('center_axis',(1.,0.,0.));
#14248=DIRECTION('ref_axis',(0.,1.,0.));
#14249=DIRECTION('',(0.,1.,0.));
#14250=DIRECTION('',(0.,1.,0.));
#14251=DIRECTION('',(0.,0.,1.));
#14252=DIRECTION('center_axis',(0.,-1.,0.));
#14253=DIRECTION('ref_axis',(1.,0.,0.));
#14254=DIRECTION('',(1.,0.,0.));
#14255=DIRECTION('',(1.,0.,0.));
#14256=DIRECTION('',(0.,0.,1.));
#14257=DIRECTION('center_axis',(-1.,0.,0.));
#14258=DIRECTION('ref_axis',(0.,-1.,0.));
#14259=DIRECTION('',(0.,-1.,0.));
#14260=DIRECTION('',(0.,-1.,0.));
#14261=DIRECTION('center_axis',(0.,0.,1.));
#14262=DIRECTION('ref_axis',(1.,0.,0.));
#14263=DIRECTION('center_axis',(0.,0.,1.));
#14264=DIRECTION('ref_axis',(1.,0.,0.));
#14265=DIRECTION('axis',(0.,0.,1.));
#14266=DIRECTION('refdir',(1.,0.,0.));
#14267=DIRECTION('center_axis',(2.61228946970625E-16,1.,0.));
#14268=DIRECTION('ref_axis',(-1.,2.61228946970625E-16,0.));
#14269=DIRECTION('',(-1.,2.61228946970625E-16,0.));
#14270=DIRECTION('',(0.,0.,1.));
#14271=DIRECTION('',(-1.,2.61228946970625E-16,0.));
#14272=DIRECTION('',(0.,0.,1.));
#14273=DIRECTION('center_axis',(1.,0.,0.));
#14274=DIRECTION('ref_axis',(0.,1.,0.));
#14275=DIRECTION('',(0.,1.,0.));
#14276=DIRECTION('',(0.,1.,0.));
#14277=DIRECTION('',(0.,0.,1.));
#14278=DIRECTION('center_axis',(0.,-1.,0.));
#14279=DIRECTION('ref_axis',(1.,0.,0.));
#14280=DIRECTION('',(1.,0.,0.));
#14281=DIRECTION('',(1.,0.,0.));
#14282=DIRECTION('',(0.,0.,1.));
#14283=DIRECTION('center_axis',(-1.,0.,0.));
#14284=DIRECTION('ref_axis',(0.,-1.,0.));
#14285=DIRECTION('',(0.,-1.,0.));
#14286=DIRECTION('',(0.,-1.,0.));
#14287=DIRECTION('center_axis',(0.,0.,1.));
#14288=DIRECTION('ref_axis',(1.,0.,0.));
#14289=DIRECTION('center_axis',(0.,0.,1.));
#14290=DIRECTION('ref_axis',(1.,0.,0.));
#14291=DIRECTION('axis',(0.,0.,1.));
#14292=DIRECTION('refdir',(1.,0.,0.));
#14293=DIRECTION('center_axis',(0.,1.,0.));
#14294=DIRECTION('ref_axis',(-1.,0.,0.));
#14295=DIRECTION('',(-1.,0.,0.));
#14296=DIRECTION('',(0.,0.,1.));
#14297=DIRECTION('',(-1.,0.,0.));
#14298=DIRECTION('',(0.,0.,1.));
#14299=DIRECTION('center_axis',(1.,0.,0.));
#14300=DIRECTION('ref_axis',(0.,1.,0.));
#14301=DIRECTION('',(0.,1.,0.));
#14302=DIRECTION('',(0.,1.,0.));
#14303=DIRECTION('',(0.,0.,1.));
#14304=DIRECTION('center_axis',(0.,-1.,0.));
#14305=DIRECTION('ref_axis',(1.,0.,0.));
#14306=DIRECTION('',(1.,0.,0.));
#14307=DIRECTION('',(1.,0.,0.));
#14308=DIRECTION('',(0.,0.,1.));
#14309=DIRECTION('center_axis',(-1.,0.,0.));
#14310=DIRECTION('ref_axis',(0.,-1.,0.));
#14311=DIRECTION('',(0.,-1.,0.));
#14312=DIRECTION('',(0.,-1.,0.));
#14313=DIRECTION('center_axis',(0.,0.,1.));
#14314=DIRECTION('ref_axis',(1.,0.,0.));
#14315=DIRECTION('center_axis',(0.,0.,1.));
#14316=DIRECTION('ref_axis',(1.,0.,0.));
#14317=DIRECTION('axis',(0.,0.,1.));
#14318=DIRECTION('refdir',(1.,0.,0.));
#14319=DIRECTION('center_axis',(0.,1.,0.));
#14320=DIRECTION('ref_axis',(-1.,0.,0.));
#14321=DIRECTION('',(-1.,0.,0.));
#14322=DIRECTION('',(0.,0.,1.));
#14323=DIRECTION('',(-1.,0.,0.));
#14324=DIRECTION('',(0.,0.,1.));
#14325=DIRECTION('center_axis',(1.,6.23720800351211E-17,0.));
#14326=DIRECTION('ref_axis',(-6.23720800351211E-17,1.,0.));
#14327=DIRECTION('',(-6.23720800351211E-17,1.,0.));
#14328=DIRECTION('',(-6.23720800351211E-17,1.,0.));
#14329=DIRECTION('',(0.,0.,1.));
#14330=DIRECTION('center_axis',(0.,-1.,0.));
#14331=DIRECTION('ref_axis',(1.,0.,0.));
#14332=DIRECTION('',(1.,0.,0.));
#14333=DIRECTION('',(1.,0.,0.));
#14334=DIRECTION('',(0.,0.,1.));
#14335=DIRECTION('center_axis',(-1.,0.,0.));
#14336=DIRECTION('ref_axis',(0.,-1.,0.));
#14337=DIRECTION('',(0.,-1.,0.));
#14338=DIRECTION('',(0.,-1.,0.));
#14339=DIRECTION('center_axis',(0.,0.,1.));
#14340=DIRECTION('ref_axis',(1.,0.,0.));
#14341=DIRECTION('center_axis',(0.,0.,1.));
#14342=DIRECTION('ref_axis',(1.,0.,0.));
#14343=DIRECTION('axis',(0.,0.,1.));
#14344=DIRECTION('refdir',(1.,0.,0.));
#14345=DIRECTION('center_axis',(0.,0.,1.));
#14346=DIRECTION('ref_axis',(1.,0.,0.));
#14347=DIRECTION('center_axis',(0.,0.,1.));
#14348=DIRECTION('ref_axis',(1.,0.,0.));
#14349=DIRECTION('',(0.,0.,1.));
#14350=DIRECTION('center_axis',(0.,0.,-1.));
#14351=DIRECTION('ref_axis',(1.,0.,0.));
#14352=DIRECTION('center_axis',(0.,0.,1.));
#14353=DIRECTION('ref_axis',(1.,0.,0.));
#14354=DIRECTION('center_axis',(0.,0.,1.));
#14355=DIRECTION('ref_axis',(1.,0.,0.));
#14356=DIRECTION('',(0.,0.,1.));
#14357=DIRECTION('center_axis',(0.,0.,-1.));
#14358=DIRECTION('ref_axis',(1.,0.,0.));
#14359=DIRECTION('center_axis',(0.,0.,1.));
#14360=DIRECTION('ref_axis',(1.,0.,0.));
#14361=DIRECTION('center_axis',(0.,0.,1.));
#14362=DIRECTION('ref_axis',(1.,0.,0.));
#14363=DIRECTION('',(0.,0.,1.));
#14364=DIRECTION('center_axis',(0.,0.,-1.));
#14365=DIRECTION('ref_axis',(1.,0.,0.));
#14366=DIRECTION('center_axis',(0.,0.,1.));
#14367=DIRECTION('ref_axis',(1.,0.,0.));
#14368=DIRECTION('center_axis',(0.,0.,1.));
#14369=DIRECTION('ref_axis',(1.,0.,0.));
#14370=DIRECTION('',(0.,0.,1.));
#14371=DIRECTION('center_axis',(0.,0.,-1.));
#14372=DIRECTION('ref_axis',(1.,0.,0.));
#14373=DIRECTION('center_axis',(0.,1.,0.));
#14374=DIRECTION('ref_axis',(-1.,0.,0.));
#14375=DIRECTION('',(-1.,0.,0.));
#14376=DIRECTION('',(0.,0.,1.));
#14377=DIRECTION('',(-1.,0.,0.));
#14378=DIRECTION('',(0.,0.,1.));
#14379=DIRECTION('center_axis',(1.,0.,0.));
#14380=DIRECTION('ref_axis',(0.,1.,0.));
#14381=DIRECTION('',(0.,1.,0.));
#14382=DIRECTION('',(0.,1.,0.));
#14383=DIRECTION('',(0.,0.,1.));
#14384=DIRECTION('center_axis',(0.,-1.,0.));
#14385=DIRECTION('ref_axis',(1.,0.,0.));
#14386=DIRECTION('',(1.,0.,0.));
#14387=DIRECTION('',(1.,0.,0.));
#14388=DIRECTION('',(0.,0.,1.));
#14389=DIRECTION('center_axis',(-1.,0.,0.));
#14390=DIRECTION('ref_axis',(0.,-1.,0.));
#14391=DIRECTION('',(0.,-1.,0.));
#14392=DIRECTION('',(0.,-1.,0.));
#14393=DIRECTION('center_axis',(0.,0.,1.));
#14394=DIRECTION('ref_axis',(1.,0.,0.));
#14395=DIRECTION('center_axis',(0.,0.,1.));
#14396=DIRECTION('ref_axis',(1.,0.,0.));
#14397=DIRECTION('center_axis',(0.,1.,0.));
#14398=DIRECTION('ref_axis',(-1.,0.,0.));
#14399=DIRECTION('',(-1.,0.,0.));
#14400=DIRECTION('',(0.,0.,1.));
#14401=DIRECTION('',(-1.,0.,0.));
#14402=DIRECTION('',(0.,0.,1.));
#14403=DIRECTION('center_axis',(1.,5.01142337504411E-17,0.));
#14404=DIRECTION('ref_axis',(-5.01142337504411E-17,1.,0.));
#14405=DIRECTION('',(-5.01142337504411E-17,1.,0.));
#14406=DIRECTION('',(-5.01142337504411E-17,1.,0.));
#14407=DIRECTION('',(0.,0.,1.));
#14408=DIRECTION('center_axis',(0.,-1.,0.));
#14409=DIRECTION('ref_axis',(1.,0.,0.));
#14410=DIRECTION('',(1.,0.,0.));
#14411=DIRECTION('',(1.,0.,0.));
#14412=DIRECTION('',(0.,0.,1.));
#14413=DIRECTION('center_axis',(-1.,0.,0.));
#14414=DIRECTION('ref_axis',(0.,-1.,0.));
#14415=DIRECTION('',(0.,-1.,0.));
#14416=DIRECTION('',(0.,-1.,0.));
#14417=DIRECTION('center_axis',(0.,0.,1.));
#14418=DIRECTION('ref_axis',(1.,0.,0.));
#14419=DIRECTION('center_axis',(0.,0.,1.));
#14420=DIRECTION('ref_axis',(1.,0.,0.));
#14421=DIRECTION('center_axis',(0.,1.,0.));
#14422=DIRECTION('ref_axis',(-1.,0.,0.));
#14423=DIRECTION('',(-1.,0.,0.));
#14424=DIRECTION('',(0.,0.,1.));
#14425=DIRECTION('',(-1.,0.,0.));
#14426=DIRECTION('',(0.,0.,1.));
#14427=DIRECTION('center_axis',(1.,8.7419135797256E-16,0.));
#14428=DIRECTION('ref_axis',(-8.7419135797256E-16,1.,0.));
#14429=DIRECTION('',(-8.7419135797256E-16,1.,0.));
#14430=DIRECTION('',(-8.7419135797256E-16,1.,0.));
#14431=DIRECTION('',(0.,0.,1.));
#14432=DIRECTION('center_axis',(0.,-1.,0.));
#14433=DIRECTION('ref_axis',(1.,0.,0.));
#14434=DIRECTION('',(1.,0.,0.));
#14435=DIRECTION('',(1.,0.,0.));
#14436=DIRECTION('',(0.,0.,1.));
#14437=DIRECTION('center_axis',(-1.,0.,0.));
#14438=DIRECTION('ref_axis',(0.,-1.,0.));
#14439=DIRECTION('',(0.,-1.,0.));
#14440=DIRECTION('',(0.,-1.,0.));
#14441=DIRECTION('center_axis',(0.,0.,1.));
#14442=DIRECTION('ref_axis',(1.,0.,0.));
#14443=DIRECTION('center_axis',(0.,0.,1.));
#14444=DIRECTION('ref_axis',(1.,0.,0.));
#14445=DIRECTION('center_axis',(0.,1.,0.));
#14446=DIRECTION('ref_axis',(-1.,0.,0.));
#14447=DIRECTION('',(-1.,0.,0.));
#14448=DIRECTION('',(0.,0.,1.));
#14449=DIRECTION('',(-1.,0.,0.));
#14450=DIRECTION('',(0.,0.,1.));
#14451=DIRECTION('center_axis',(1.,8.74191357972564E-16,0.));
#14452=DIRECTION('ref_axis',(-8.74191357972564E-16,1.,0.));
#14453=DIRECTION('',(-8.74191357972564E-16,1.,0.));
#14454=DIRECTION('',(-8.74191357972564E-16,1.,0.));
#14455=DIRECTION('',(0.,0.,1.));
#14456=DIRECTION('center_axis',(0.,-1.,0.));
#14457=DIRECTION('ref_axis',(1.,0.,0.));
#14458=DIRECTION('',(1.,0.,0.));
#14459=DIRECTION('',(1.,0.,0.));
#14460=DIRECTION('',(0.,0.,1.));
#14461=DIRECTION('center_axis',(-1.,0.,0.));
#14462=DIRECTION('ref_axis',(0.,-1.,0.));
#14463=DIRECTION('',(0.,-1.,0.));
#14464=DIRECTION('',(0.,-1.,0.));
#14465=DIRECTION('center_axis',(0.,0.,1.));
#14466=DIRECTION('ref_axis',(1.,0.,0.));
#14467=DIRECTION('center_axis',(0.,0.,1.));
#14468=DIRECTION('ref_axis',(1.,0.,0.));
#14469=DIRECTION('axis',(0.,0.,1.));
#14470=DIRECTION('refdir',(1.,0.,0.));
#14471=DIRECTION('center_axis',(0.,0.,1.));
#14472=DIRECTION('ref_axis',(1.,0.,0.));
#14473=DIRECTION('center_axis',(0.,0.,1.));
#14474=DIRECTION('ref_axis',(1.,0.,0.));
#14475=DIRECTION('',(0.,0.,1.));
#14476=DIRECTION('center_axis',(0.,0.,-1.));
#14477=DIRECTION('ref_axis',(1.,0.,0.));
#14478=DIRECTION('center_axis',(0.,0.,1.));
#14479=DIRECTION('ref_axis',(1.,0.,0.));
#14480=DIRECTION('center_axis',(0.,0.,1.));
#14481=DIRECTION('ref_axis',(1.,0.,0.));
#14482=DIRECTION('',(0.,0.,1.));
#14483=DIRECTION('center_axis',(0.,0.,-1.));
#14484=DIRECTION('ref_axis',(1.,0.,0.));
#14485=DIRECTION('center_axis',(0.,1.,0.));
#14486=DIRECTION('ref_axis',(-1.,0.,0.));
#14487=DIRECTION('',(-1.,0.,0.));
#14488=DIRECTION('',(0.,0.,1.));
#14489=DIRECTION('',(-1.,0.,0.));
#14490=DIRECTION('',(0.,0.,1.));
#14491=DIRECTION('center_axis',(1.,0.,0.));
#14492=DIRECTION('ref_axis',(0.,1.,0.));
#14493=DIRECTION('',(0.,1.,0.));
#14494=DIRECTION('',(0.,1.,0.));
#14495=DIRECTION('',(0.,0.,1.));
#14496=DIRECTION('center_axis',(0.,-1.,0.));
#14497=DIRECTION('ref_axis',(1.,0.,0.));
#14498=DIRECTION('',(1.,0.,0.));
#14499=DIRECTION('',(1.,0.,0.));
#14500=DIRECTION('',(0.,0.,1.));
#14501=DIRECTION('center_axis',(-1.,0.,0.));
#14502=DIRECTION('ref_axis',(0.,-1.,0.));
#14503=DIRECTION('',(0.,-1.,0.));
#14504=DIRECTION('',(0.,-1.,0.));
#14505=DIRECTION('center_axis',(0.,0.,1.));
#14506=DIRECTION('ref_axis',(1.,0.,0.));
#14507=DIRECTION('center_axis',(0.,0.,1.));
#14508=DIRECTION('ref_axis',(1.,0.,0.));
#14509=DIRECTION('',(0.,0.,1.));
#14510=DIRECTION('',(1.,0.,0.));
#14511=DIRECTION('',(0.,0.,1.));
#14512=DIRECTION('',(1.,0.,0.));
#14513=DIRECTION('',(0.,0.,1.));
#14514=DIRECTION('',(1.,0.,0.));
#14515=DIRECTION('',(0.,0.,1.));
#14516=DIRECTION('',(1.,0.,0.));
#14517=DIRECTION('',(0.,0.,1.));
#14518=DIRECTION('',(1.,0.,0.));
#14519=DIRECTION('',(0.,0.,1.));
#14520=DIRECTION('',(1.,0.,0.));
#14521=DIRECTION('',(0.,0.,1.));
#14522=DIRECTION('',(1.,0.,0.));
#14523=DIRECTION('axis',(0.,0.,1.));
#14524=DIRECTION('refdir',(1.,0.,0.));
#14525=DIRECTION('axis',(0.,0.,1.));
#14526=DIRECTION('refdir',(1.,0.,0.));
#14527=DIRECTION('axis',(0.,0.,1.));
#14528=DIRECTION('refdir',(1.,0.,0.));
#14529=DIRECTION('axis',(0.,0.,1.));
#14530=DIRECTION('refdir',(1.,0.,0.));
#14531=DIRECTION('center_axis',(0.,1.,0.));
#14532=DIRECTION('ref_axis',(1.,0.,0.));
#14533=DIRECTION('center_axis',(0.,1.,0.));
#14534=DIRECTION('ref_axis',(1.,0.,0.));
#14535=DIRECTION('',(0.,1.,0.));
#14536=DIRECTION('center_axis',(0.,-1.,0.));
#14537=DIRECTION('ref_axis',(1.,0.,0.));
#14538=DIRECTION('center_axis',(0.,1.,0.));
#14539=DIRECTION('ref_axis',(1.,0.,0.));
#14540=DIRECTION('center_axis',(0.,1.,0.));
#14541=DIRECTION('ref_axis',(1.,0.,0.));
#14542=DIRECTION('',(0.,1.,0.));
#14543=DIRECTION('center_axis',(0.,-1.,0.));
#14544=DIRECTION('ref_axis',(1.,0.,0.));
#14545=DIRECTION('center_axis',(0.,1.,0.));
#14546=DIRECTION('ref_axis',(1.,0.,0.));
#14547=DIRECTION('center_axis',(0.,1.,0.));
#14548=DIRECTION('ref_axis',(1.,0.,0.));
#14549=DIRECTION('',(0.,1.,0.));
#14550=DIRECTION('center_axis',(0.,-1.,0.));
#14551=DIRECTION('ref_axis',(1.,0.,0.));
#14552=DIRECTION('center_axis',(0.,1.,0.));
#14553=DIRECTION('ref_axis',(1.,0.,0.));
#14554=DIRECTION('center_axis',(0.,1.,0.));
#14555=DIRECTION('ref_axis',(1.,0.,0.));
#14556=DIRECTION('',(0.,1.,0.));
#14557=DIRECTION('center_axis',(0.,-1.,0.));
#14558=DIRECTION('ref_axis',(1.,0.,0.));
#14559=DIRECTION('center_axis',(0.,1.,0.));
#14560=DIRECTION('ref_axis',(-1.,0.,0.));
#14561=DIRECTION('',(-1.,0.,0.));
#14562=DIRECTION('',(0.,0.,1.));
#14563=DIRECTION('',(-1.,0.,0.));
#14564=DIRECTION('',(0.,0.,1.));
#14565=DIRECTION('center_axis',(1.,0.,0.));
#14566=DIRECTION('ref_axis',(0.,1.,0.));
#14567=DIRECTION('',(0.,1.,0.));
#14568=DIRECTION('',(0.,1.,0.));
#14569=DIRECTION('',(0.,0.,1.));
#14570=DIRECTION('center_axis',(0.,-1.,0.));
#14571=DIRECTION('ref_axis',(1.,0.,0.));
#14572=DIRECTION('',(1.,0.,0.));
#14573=DIRECTION('',(1.,0.,0.));
#14574=DIRECTION('',(0.,0.,1.));
#14575=DIRECTION('center_axis',(-1.,0.,0.));
#14576=DIRECTION('ref_axis',(0.,-1.,0.));
#14577=DIRECTION('',(0.,-1.,0.));
#14578=DIRECTION('',(0.,-1.,0.));
#14579=DIRECTION('center_axis',(0.,0.,1.));
#14580=DIRECTION('ref_axis',(1.,0.,0.));
#14581=DIRECTION('center_axis',(0.,0.,1.));
#14582=DIRECTION('ref_axis',(1.,0.,0.));
#14583=DIRECTION('',(0.,0.,1.));
#14584=DIRECTION('',(1.,0.,0.));
#14585=DIRECTION('axis',(0.,0.,1.));
#14586=DIRECTION('refdir',(1.,0.,0.));
#14587=DIRECTION('axis',(0.,0.,1.));
#14588=DIRECTION('refdir',(1.,0.,0.));
#14589=DIRECTION('center_axis',(0.,0.,1.));
#14590=DIRECTION('ref_axis',(1.,0.,0.));
#14591=DIRECTION('center_axis',(0.,0.,1.));
#14592=DIRECTION('ref_axis',(1.,0.,0.));
#14593=DIRECTION('',(0.,0.,1.));
#14594=DIRECTION('center_axis',(0.,0.,-1.));
#14595=DIRECTION('ref_axis',(1.,0.,0.));
#14596=DIRECTION('center_axis',(0.,0.,1.));
#14597=DIRECTION('ref_axis',(1.,0.,0.));
#14598=DIRECTION('center_axis',(0.,0.,1.));
#14599=DIRECTION('ref_axis',(1.,0.,0.));
#14600=DIRECTION('',(0.,0.,1.));
#14601=DIRECTION('center_axis',(0.,0.,-1.));
#14602=DIRECTION('ref_axis',(1.,0.,0.));
#14603=DIRECTION('center_axis',(0.,0.,1.));
#14604=DIRECTION('ref_axis',(1.,0.,0.));
#14605=DIRECTION('center_axis',(0.,0.,1.));
#14606=DIRECTION('ref_axis',(1.,0.,0.));
#14607=DIRECTION('',(0.,0.,1.));
#14608=DIRECTION('center_axis',(0.,0.,-1.));
#14609=DIRECTION('ref_axis',(1.,0.,0.));
#14610=DIRECTION('center_axis',(0.,0.,1.));
#14611=DIRECTION('ref_axis',(1.,0.,0.));
#14612=DIRECTION('center_axis',(0.,0.,1.));
#14613=DIRECTION('ref_axis',(1.,0.,0.));
#14614=DIRECTION('',(0.,0.,1.));
#14615=DIRECTION('center_axis',(0.,0.,-1.));
#14616=DIRECTION('ref_axis',(1.,0.,0.));
#14617=DIRECTION('center_axis',(0.,-1.,0.));
#14618=DIRECTION('ref_axis',(1.,0.,0.));
#14619=DIRECTION('',(-1.,0.,0.));
#14620=DIRECTION('',(0.,0.,1.));
#14621=DIRECTION('',(1.,0.,0.));
#14622=DIRECTION('',(0.,0.,1.));
#14623=DIRECTION('center_axis',(-1.,0.,0.));
#14624=DIRECTION('ref_axis',(0.,-1.,0.));
#14625=DIRECTION('',(0.,1.,0.));
#14626=DIRECTION('',(0.,-1.,0.));
#14627=DIRECTION('',(0.,0.,-1.));
#14628=DIRECTION('center_axis',(0.,1.,0.));
#14629=DIRECTION('ref_axis',(-1.,0.,0.));
#14630=DIRECTION('',(1.,0.,0.));
#14631=DIRECTION('',(-1.,0.,0.));
#14632=DIRECTION('',(0.,0.,1.));
#14633=DIRECTION('center_axis',(1.,0.,0.));
#14634=DIRECTION('ref_axis',(0.,1.,0.));
#14635=DIRECTION('',(0.,-1.,0.));
#14636=DIRECTION('',(0.,1.,0.));
#14637=DIRECTION('center_axis',(0.,-1.,0.));
#14638=DIRECTION('ref_axis',(1.,0.,0.));
#14639=DIRECTION('',(-1.,0.,0.));
#14640=DIRECTION('',(0.,0.,1.));
#14641=DIRECTION('',(1.,0.,0.));
#14642=DIRECTION('',(0.,0.,1.));
#14643=DIRECTION('center_axis',(-1.,0.,0.));
#14644=DIRECTION('ref_axis',(0.,-1.,0.));
#14645=DIRECTION('',(0.,1.,0.));
#14646=DIRECTION('',(0.,-1.,0.));
#14647=DIRECTION('',(0.,0.,-1.));
#14648=DIRECTION('center_axis',(0.,1.,0.));
#14649=DIRECTION('ref_axis',(-1.,0.,0.));
#14650=DIRECTION('',(1.,0.,0.));
#14651=DIRECTION('',(-1.,0.,0.));
#14652=DIRECTION('',(0.,0.,1.));
#14653=DIRECTION('center_axis',(1.,0.,0.));
#14654=DIRECTION('ref_axis',(0.,1.,0.));
#14655=DIRECTION('',(0.,-1.,0.));
#14656=DIRECTION('',(0.,1.,0.));
#14657=DIRECTION('center_axis',(0.,1.,0.));
#14658=DIRECTION('ref_axis',(-1.,0.,0.));
#14659=DIRECTION('',(-1.,0.,0.));
#14660=DIRECTION('',(0.,0.,1.));
#14661=DIRECTION('',(-1.,0.,0.));
#14662=DIRECTION('',(0.,0.,1.));
#14663=DIRECTION('center_axis',(1.,0.,0.));
#14664=DIRECTION('ref_axis',(0.,1.,0.));
#14665=DIRECTION('',(0.,1.,0.));
#14666=DIRECTION('',(0.,1.,0.));
#14667=DIRECTION('',(0.,0.,1.));
#14668=DIRECTION('center_axis',(0.,-1.,0.));
#14669=DIRECTION('ref_axis',(1.,0.,0.));
#14670=DIRECTION('',(1.,0.,0.));
#14671=DIRECTION('',(1.,0.,0.));
#14672=DIRECTION('',(0.,0.,1.));
#14673=DIRECTION('center_axis',(-1.,0.,0.));
#14674=DIRECTION('ref_axis',(0.,-1.,0.));
#14675=DIRECTION('',(0.,-1.,0.));
#14676=DIRECTION('',(0.,-1.,0.));
#14677=DIRECTION('center_axis',(0.,0.,1.));
#14678=DIRECTION('ref_axis',(1.,0.,0.));
#14679=DIRECTION('center_axis',(0.,0.,1.));
#14680=DIRECTION('ref_axis',(1.,0.,0.));
#14681=DIRECTION('center_axis',(0.,1.,0.));
#14682=DIRECTION('ref_axis',(-1.,0.,0.));
#14683=DIRECTION('',(-1.,0.,0.));
#14684=DIRECTION('',(0.,0.,1.));
#14685=DIRECTION('',(-1.,0.,0.));
#14686=DIRECTION('',(0.,0.,1.));
#14687=DIRECTION('center_axis',(1.,0.,0.));
#14688=DIRECTION('ref_axis',(0.,1.,0.));
#14689=DIRECTION('',(0.,1.,0.));
#14690=DIRECTION('',(0.,1.,0.));
#14691=DIRECTION('',(0.,0.,1.));
#14692=DIRECTION('center_axis',(0.,-1.,0.));
#14693=DIRECTION('ref_axis',(1.,0.,0.));
#14694=DIRECTION('',(-1.,0.,0.));
#14695=DIRECTION('',(1.,0.,0.));
#14696=DIRECTION('',(0.,0.,1.));
#14697=DIRECTION('center_axis',(-1.,0.,0.));
#14698=DIRECTION('ref_axis',(0.,-1.,0.));
#14699=DIRECTION('',(0.,-1.,0.));
#14700=DIRECTION('',(0.,-1.,0.));
#14701=DIRECTION('center_axis',(0.,0.,1.));
#14702=DIRECTION('ref_axis',(1.,0.,0.));
#14703=DIRECTION('center_axis',(0.,0.,1.));
#14704=DIRECTION('ref_axis',(1.,0.,0.));
#14705=DIRECTION('center_axis',(0.,0.,1.));
#14706=DIRECTION('ref_axis',(1.,0.,0.));
#14707=DIRECTION('',(0.,-1.,0.));
#14708=DIRECTION('',(1.,0.,0.));
#14709=DIRECTION('',(0.,1.,0.));
#14710=DIRECTION('',(1.,0.,0.));
#14711=DIRECTION('center_axis',(0.,0.,1.));
#14712=DIRECTION('ref_axis',(1.,0.,0.));
#14713=DIRECTION('',(0.,-1.,0.));
#14714=DIRECTION('',(1.,0.,0.));
#14715=DIRECTION('',(0.,1.,0.));
#14716=DIRECTION('',(-1.,0.,0.));
#14717=DIRECTION('center_axis',(-1.,0.,0.));
#14718=DIRECTION('ref_axis',(0.,-1.,0.));
#14719=DIRECTION('',(0.,0.,1.));
#14720=DIRECTION('',(0.,0.,1.));
#14721=DIRECTION('center_axis',(0.,-1.,0.));
#14722=DIRECTION('ref_axis',(1.,0.,0.));
#14723=DIRECTION('',(0.,0.,1.));
#14724=DIRECTION('center_axis',(1.,0.,0.));
#14725=DIRECTION('ref_axis',(0.,1.,0.));
#14726=DIRECTION('',(0.,0.,1.));
#14727=DIRECTION('center_axis',(0.,1.,0.));
#14728=DIRECTION('ref_axis',(-1.,0.,0.));
#14729=DIRECTION('axis',(0.,0.,1.));
#14730=DIRECTION('refdir',(1.,0.,0.));
#14731=DIRECTION('center_axis',(0.,0.,1.));
#14732=DIRECTION('ref_axis',(1.,0.,0.));
#14733=DIRECTION('center_axis',(0.,0.,1.));
#14734=DIRECTION('ref_axis',(1.,0.,0.));
#14735=DIRECTION('',(0.,0.,1.));
#14736=DIRECTION('center_axis',(0.,0.,1.));
#14737=DIRECTION('ref_axis',(1.,0.,0.));
#14738=DIRECTION('center_axis',(0.,0.,1.));
#14739=DIRECTION('ref_axis',(1.,0.,0.));
#14740=DIRECTION('center_axis',(0.,0.,-1.));
#14741=DIRECTION('ref_axis',(1.,0.,0.));
#14742=DIRECTION('center_axis',(0.,0.,-1.));
#14743=DIRECTION('ref_axis',(1.,0.,0.));
#14744=DIRECTION('',(0.,0.,-1.));
#14745=DIRECTION('center_axis',(0.,0.,-1.));
#14746=DIRECTION('ref_axis',(1.,0.,0.));
#14747=DIRECTION('center_axis',(0.,0.,1.));
#14748=DIRECTION('ref_axis',(1.,0.,0.));
#14749=DIRECTION('center_axis',(0.,0.,1.));
#14750=DIRECTION('ref_axis',(1.,0.,0.));
#14751=DIRECTION('center_axis',(0.,0.,1.));
#14752=DIRECTION('ref_axis',(1.,0.,0.));
#14753=DIRECTION('',(0.,0.,-1.));
#14754=DIRECTION('center_axis',(0.,0.,1.));
#14755=DIRECTION('ref_axis',(1.,0.,0.));
#14756=DIRECTION('center_axis',(0.,0.,1.));
#14757=DIRECTION('ref_axis',(1.,0.,0.));
#14758=DIRECTION('center_axis',(0.,0.,1.));
#14759=DIRECTION('ref_axis',(1.,0.,0.));
#14760=DIRECTION('axis',(0.,0.,1.));
#14761=DIRECTION('refdir',(1.,0.,0.));
#14762=DIRECTION('center_axis',(0.,0.,1.));
#14763=DIRECTION('ref_axis',(1.,0.,0.));
#14764=DIRECTION('center_axis',(0.,0.,1.));
#14765=DIRECTION('ref_axis',(1.,0.,0.));
#14766=DIRECTION('',(0.,0.,1.));
#14767=DIRECTION('center_axis',(0.,0.,1.));
#14768=DIRECTION('ref_axis',(1.,0.,0.));
#14769=DIRECTION('center_axis',(0.,0.,1.));
#14770=DIRECTION('ref_axis',(1.,0.,0.));
#14771=DIRECTION('center_axis',(0.,0.,-1.));
#14772=DIRECTION('ref_axis',(1.,0.,0.));
#14773=DIRECTION('center_axis',(0.,0.,-1.));
#14774=DIRECTION('ref_axis',(1.,0.,0.));
#14775=DIRECTION('',(0.,0.,-1.));
#14776=DIRECTION('center_axis',(0.,0.,-1.));
#14777=DIRECTION('ref_axis',(1.,0.,0.));
#14778=DIRECTION('center_axis',(0.,0.,1.));
#14779=DIRECTION('ref_axis',(1.,0.,0.));
#14780=DIRECTION('center_axis',(0.,0.,1.));
#14781=DIRECTION('ref_axis',(1.,0.,0.));
#14782=DIRECTION('center_axis',(0.,0.,1.));
#14783=DIRECTION('ref_axis',(1.,0.,0.));
#14784=DIRECTION('',(0.,0.,-1.));
#14785=DIRECTION('center_axis',(0.,0.,1.));
#14786=DIRECTION('ref_axis',(1.,0.,0.));
#14787=DIRECTION('center_axis',(0.,0.,1.));
#14788=DIRECTION('ref_axis',(1.,0.,0.));
#14789=DIRECTION('center_axis',(0.,0.,1.));
#14790=DIRECTION('ref_axis',(1.,0.,0.));
#14791=DIRECTION('axis',(0.,0.,1.));
#14792=DIRECTION('refdir',(1.,0.,0.));
#14793=DIRECTION('center_axis',(0.,0.,1.));
#14794=DIRECTION('ref_axis',(1.,0.,0.));
#14795=DIRECTION('center_axis',(0.,0.,1.));
#14796=DIRECTION('ref_axis',(1.,0.,0.));
#14797=DIRECTION('',(0.,0.,1.));
#14798=DIRECTION('center_axis',(0.,0.,1.));
#14799=DIRECTION('ref_axis',(1.,0.,0.));
#14800=DIRECTION('center_axis',(0.,0.,1.));
#14801=DIRECTION('ref_axis',(1.,0.,0.));
#14802=DIRECTION('center_axis',(0.,0.,-1.));
#14803=DIRECTION('ref_axis',(1.,0.,0.));
#14804=DIRECTION('center_axis',(0.,0.,-1.));
#14805=DIRECTION('ref_axis',(1.,0.,0.));
#14806=DIRECTION('',(0.,0.,-1.));
#14807=DIRECTION('center_axis',(0.,0.,-1.));
#14808=DIRECTION('ref_axis',(1.,0.,0.));
#14809=DIRECTION('center_axis',(0.,0.,1.));
#14810=DIRECTION('ref_axis',(1.,0.,0.));
#14811=DIRECTION('center_axis',(0.,0.,1.));
#14812=DIRECTION('ref_axis',(1.,0.,0.));
#14813=DIRECTION('center_axis',(0.,0.,1.));
#14814=DIRECTION('ref_axis',(1.,0.,0.));
#14815=DIRECTION('',(0.,0.,-1.));
#14816=DIRECTION('center_axis',(0.,0.,1.));
#14817=DIRECTION('ref_axis',(1.,0.,0.));
#14818=DIRECTION('center_axis',(0.,0.,1.));
#14819=DIRECTION('ref_axis',(1.,0.,0.));
#14820=DIRECTION('center_axis',(0.,0.,1.));
#14821=DIRECTION('ref_axis',(1.,0.,0.));
#14822=DIRECTION('axis',(0.,0.,1.));
#14823=DIRECTION('refdir',(1.,0.,0.));
#14824=DIRECTION('center_axis',(0.,0.,1.));
#14825=DIRECTION('ref_axis',(1.,0.,0.));
#14826=DIRECTION('center_axis',(0.,0.,1.));
#14827=DIRECTION('ref_axis',(1.,0.,0.));
#14828=DIRECTION('',(0.,0.,1.));
#14829=DIRECTION('center_axis',(0.,0.,1.));
#14830=DIRECTION('ref_axis',(1.,0.,0.));
#14831=DIRECTION('center_axis',(0.,0.,1.));
#14832=DIRECTION('ref_axis',(1.,0.,0.));
#14833=DIRECTION('center_axis',(0.,0.,-1.));
#14834=DIRECTION('ref_axis',(1.,0.,0.));
#14835=DIRECTION('center_axis',(0.,0.,-1.));
#14836=DIRECTION('ref_axis',(1.,0.,0.));
#14837=DIRECTION('',(0.,0.,-1.));
#14838=DIRECTION('center_axis',(0.,0.,-1.));
#14839=DIRECTION('ref_axis',(1.,0.,0.));
#14840=DIRECTION('center_axis',(0.,0.,1.));
#14841=DIRECTION('ref_axis',(1.,0.,0.));
#14842=DIRECTION('center_axis',(0.,0.,1.));
#14843=DIRECTION('ref_axis',(1.,0.,0.));
#14844=DIRECTION('center_axis',(0.,0.,1.));
#14845=DIRECTION('ref_axis',(1.,0.,0.));
#14846=DIRECTION('',(0.,0.,-1.));
#14847=DIRECTION('center_axis',(0.,0.,1.));
#14848=DIRECTION('ref_axis',(1.,0.,0.));
#14849=DIRECTION('center_axis',(0.,0.,1.));
#14850=DIRECTION('ref_axis',(1.,0.,0.));
#14851=DIRECTION('center_axis',(0.,0.,1.));
#14852=DIRECTION('ref_axis',(1.,0.,0.));
#14853=DIRECTION('axis',(0.,0.,1.));
#14854=DIRECTION('refdir',(1.,0.,0.));
#14855=DIRECTION('center_axis',(0.,0.,1.));
#14856=DIRECTION('ref_axis',(1.,0.,0.));
#14857=DIRECTION('center_axis',(0.,0.,1.));
#14858=DIRECTION('ref_axis',(1.,0.,0.));
#14859=DIRECTION('',(0.,0.,1.));
#14860=DIRECTION('center_axis',(0.,0.,1.));
#14861=DIRECTION('ref_axis',(1.,0.,0.));
#14862=DIRECTION('center_axis',(0.,0.,1.));
#14863=DIRECTION('ref_axis',(1.,0.,0.));
#14864=DIRECTION('center_axis',(0.,0.,-1.));
#14865=DIRECTION('ref_axis',(1.,0.,0.));
#14866=DIRECTION('center_axis',(0.,0.,-1.));
#14867=DIRECTION('ref_axis',(1.,0.,0.));
#14868=DIRECTION('',(0.,0.,-1.));
#14869=DIRECTION('center_axis',(0.,0.,-1.));
#14870=DIRECTION('ref_axis',(1.,0.,0.));
#14871=DIRECTION('center_axis',(0.,0.,1.));
#14872=DIRECTION('ref_axis',(1.,0.,0.));
#14873=DIRECTION('center_axis',(0.,0.,1.));
#14874=DIRECTION('ref_axis',(1.,0.,0.));
#14875=DIRECTION('center_axis',(0.,0.,1.));
#14876=DIRECTION('ref_axis',(1.,0.,0.));
#14877=DIRECTION('',(0.,0.,-1.));
#14878=DIRECTION('center_axis',(0.,0.,1.));
#14879=DIRECTION('ref_axis',(1.,0.,0.));
#14880=DIRECTION('center_axis',(0.,0.,1.));
#14881=DIRECTION('ref_axis',(1.,0.,0.));
#14882=DIRECTION('center_axis',(0.,0.,1.));
#14883=DIRECTION('ref_axis',(1.,0.,0.));
#14884=DIRECTION('axis',(0.,0.,1.));
#14885=DIRECTION('refdir',(1.,0.,0.));
#14886=DIRECTION('center_axis',(0.,0.,1.));
#14887=DIRECTION('ref_axis',(1.,0.,0.));
#14888=DIRECTION('center_axis',(0.,0.,1.));
#14889=DIRECTION('ref_axis',(1.,0.,0.));
#14890=DIRECTION('',(0.,0.,1.));
#14891=DIRECTION('center_axis',(0.,0.,1.));
#14892=DIRECTION('ref_axis',(1.,0.,0.));
#14893=DIRECTION('center_axis',(0.,0.,1.));
#14894=DIRECTION('ref_axis',(1.,0.,0.));
#14895=DIRECTION('center_axis',(0.,0.,-1.));
#14896=DIRECTION('ref_axis',(1.,0.,0.));
#14897=DIRECTION('center_axis',(0.,0.,-1.));
#14898=DIRECTION('ref_axis',(1.,0.,0.));
#14899=DIRECTION('',(0.,0.,-1.));
#14900=DIRECTION('center_axis',(0.,0.,-1.));
#14901=DIRECTION('ref_axis',(1.,0.,0.));
#14902=DIRECTION('center_axis',(0.,0.,1.));
#14903=DIRECTION('ref_axis',(1.,0.,0.));
#14904=DIRECTION('center_axis',(0.,0.,1.));
#14905=DIRECTION('ref_axis',(1.,0.,0.));
#14906=DIRECTION('center_axis',(0.,0.,1.));
#14907=DIRECTION('ref_axis',(1.,0.,0.));
#14908=DIRECTION('',(0.,0.,-1.));
#14909=DIRECTION('center_axis',(0.,0.,1.));
#14910=DIRECTION('ref_axis',(1.,0.,0.));
#14911=DIRECTION('center_axis',(0.,0.,1.));
#14912=DIRECTION('ref_axis',(1.,0.,0.));
#14913=DIRECTION('center_axis',(0.,0.,1.));
#14914=DIRECTION('ref_axis',(1.,0.,0.));
#14915=DIRECTION('axis',(0.,0.,1.));
#14916=DIRECTION('refdir',(1.,0.,0.));
#14917=DIRECTION('center_axis',(0.,0.,1.));
#14918=DIRECTION('ref_axis',(1.,0.,0.));
#14919=DIRECTION('center_axis',(0.,0.,1.));
#14920=DIRECTION('ref_axis',(1.,0.,0.));
#14921=DIRECTION('',(0.,0.,1.));
#14922=DIRECTION('center_axis',(0.,0.,-1.));
#14923=DIRECTION('ref_axis',(1.,0.,0.));
#14924=DIRECTION('center_axis',(0.,0.,1.));
#14925=DIRECTION('ref_axis',(1.,0.,0.));
#14926=DIRECTION('center_axis',(0.,0.,1.));
#14927=DIRECTION('ref_axis',(1.,0.,0.));
#14928=DIRECTION('',(0.,0.,1.));
#14929=DIRECTION('center_axis',(0.,0.,-1.));
#14930=DIRECTION('ref_axis',(1.,0.,0.));
#14931=DIRECTION('center_axis',(-1.,0.,0.));
#14932=DIRECTION('ref_axis',(0.,-1.,0.));
#14933=DIRECTION('',(0.,0.,-1.));
#14934=DIRECTION('',(0.,-1.,0.));
#14935=DIRECTION('',(0.,0.,1.));
#14936=DIRECTION('',(0.,-1.,0.));
#14937=DIRECTION('center_axis',(0.,0.,1.));
#14938=DIRECTION('ref_axis',(1.,0.,0.));
#14939=DIRECTION('',(-1.,-1.17173933997378E-16,0.));
#14940=DIRECTION('',(0.,1.,0.));
#14941=DIRECTION('',(1.,0.,0.));
#14942=DIRECTION('center_axis',(1.,0.,0.));
#14943=DIRECTION('ref_axis',(0.,1.,0.));
#14944=DIRECTION('',(0.,0.,1.));
#14945=DIRECTION('',(0.,1.,0.));
#14946=DIRECTION('',(0.,0.,-1.));
#14947=DIRECTION('center_axis',(-1.17173933997378E-16,1.,0.));
#14948=DIRECTION('ref_axis',(-1.,-1.17173933997378E-16,0.));
#14949=DIRECTION('',(-1.,-1.17173933997378E-16,0.));
#14950=DIRECTION('',(0.,0.,1.));
#14951=DIRECTION('',(-1.,-1.17173933997378E-16,0.));
#14952=DIRECTION('',(0.,0.,1.));
#14953=DIRECTION('',(-1.,-1.17173933997378E-16,0.));
#14954=DIRECTION('center_axis',(0.,0.,1.));
#14955=DIRECTION('ref_axis',(1.,0.,0.));
#14956=DIRECTION('',(1.,0.,0.));
#14957=DIRECTION('',(0.,-1.,0.));
#14958=DIRECTION('center_axis',(0.,-1.,0.));
#14959=DIRECTION('ref_axis',(1.,0.,0.));
#14960=DIRECTION('',(-1.,0.,0.));
#14961=DIRECTION('',(0.,0.,1.));
#14962=DIRECTION('',(1.,0.,0.));
#14963=DIRECTION('',(0.,0.,1.));
#14964=DIRECTION('center_axis',(-1.,0.,0.));
#14965=DIRECTION('ref_axis',(0.,-1.,0.));
#14966=DIRECTION('',(0.,1.,0.));
#14967=DIRECTION('',(0.,-1.,0.));
#14968=DIRECTION('',(0.,0.,1.));
#14969=DIRECTION('center_axis',(0.,1.,0.));
#14970=DIRECTION('ref_axis',(-1.,0.,0.));
#14971=DIRECTION('',(1.,0.,0.));
#14972=DIRECTION('',(-1.,0.,0.));
#14973=DIRECTION('',(0.,0.,1.));
#14974=DIRECTION('center_axis',(1.,0.,0.));
#14975=DIRECTION('ref_axis',(0.,1.,0.));
#14976=DIRECTION('',(0.,-1.,0.));
#14977=DIRECTION('',(0.,1.,0.));
#14978=DIRECTION('center_axis',(0.,0.,1.));
#14979=DIRECTION('ref_axis',(1.,0.,0.));
#14980=DIRECTION('center_axis',(1.,0.,0.));
#14981=DIRECTION('ref_axis',(0.,1.,0.));
#14982=DIRECTION('',(0.,1.,0.));
#14983=DIRECTION('',(0.,1.,0.));
#14984=DIRECTION('',(0.,0.,1.));
#14985=DIRECTION('center_axis',(0.,-1.,0.));
#14986=DIRECTION('ref_axis',(1.,0.,0.));
#14987=DIRECTION('',(1.,0.,0.));
#14988=DIRECTION('',(1.,0.,0.));
#14989=DIRECTION('',(0.,0.,1.));
#14990=DIRECTION('center_axis',(-1.,0.,0.));
#14991=DIRECTION('ref_axis',(0.,-1.,0.));
#14992=DIRECTION('',(0.,-1.,0.));
#14993=DIRECTION('center_axis',(0.,0.,1.));
#14994=DIRECTION('ref_axis',(1.,0.,0.));
#14995=DIRECTION('center_axis',(0.,0.,1.));
#14996=DIRECTION('ref_axis',(1.,0.,0.));
#14997=DIRECTION('axis',(0.,0.,1.));
#14998=DIRECTION('refdir',(1.,0.,0.));
#14999=DIRECTION('center_axis',(0.,0.,1.));
#15000=DIRECTION('ref_axis',(1.,0.,0.));
#15001=DIRECTION('center_axis',(0.,0.,1.));
#15002=DIRECTION('ref_axis',(1.,0.,0.));
#15003=DIRECTION('',(0.,0.,1.));
#15004=DIRECTION('center_axis',(0.,0.,-1.));
#15005=DIRECTION('ref_axis',(1.,0.,0.));
#15006=DIRECTION('center_axis',(0.,0.,1.));
#15007=DIRECTION('ref_axis',(1.,0.,0.));
#15008=DIRECTION('center_axis',(0.,0.,1.));
#15009=DIRECTION('ref_axis',(1.,0.,0.));
#15010=DIRECTION('',(0.,0.,1.));
#15011=DIRECTION('center_axis',(0.,0.,-1.));
#15012=DIRECTION('ref_axis',(1.,0.,0.));
#15013=DIRECTION('center_axis',(0.,1.,0.));
#15014=DIRECTION('ref_axis',(-1.,0.,0.));
#15015=DIRECTION('',(0.,0.,-1.));
#15016=DIRECTION('',(-1.,0.,0.));
#15017=DIRECTION('',(0.,0.,1.));
#15018=DIRECTION('',(-1.,0.,0.));
#15019=DIRECTION('center_axis',(0.,-1.,0.));
#15020=DIRECTION('ref_axis',(1.,0.,0.));
#15021=DIRECTION('',(0.,0.,1.));
#15022=DIRECTION('',(1.,0.,0.));
#15023=DIRECTION('',(0.,0.,-1.));
#15024=DIRECTION('',(1.,0.,0.));
#15025=DIRECTION('center_axis',(0.,0.,1.));
#15026=DIRECTION('ref_axis',(1.,0.,0.));
#15027=DIRECTION('',(0.,1.,0.));
#15028=DIRECTION('',(0.,-1.,0.));
#15029=DIRECTION('center_axis',(-1.,0.,0.));
#15030=DIRECTION('ref_axis',(0.,-1.,0.));
#15031=DIRECTION('',(0.,-1.,0.));
#15032=DIRECTION('',(0.,0.,1.));
#15033=DIRECTION('',(0.,-1.,0.));
#15034=DIRECTION('',(0.,0.,1.));
#15035=DIRECTION('',(0.,-1.,0.));
#15036=DIRECTION('center_axis',(0.,0.,1.));
#15037=DIRECTION('ref_axis',(1.,0.,0.));
#15038=DIRECTION('',(0.,1.,0.));
#15039=DIRECTION('',(1.,0.,0.));
#15040=DIRECTION('center_axis',(0.,0.,1.));
#15041=DIRECTION('ref_axis',(1.,0.,0.));
#15042=DIRECTION('',(-1.,-1.55275947500022E-16,0.));
#15043=DIRECTION('',(0.,1.,0.));
#15044=DIRECTION('center_axis',(0.,-1.,0.));
#15045=DIRECTION('ref_axis',(1.,0.,0.));
#15046=DIRECTION('',(-1.,0.,0.));
#15047=DIRECTION('',(0.,0.,1.));
#15048=DIRECTION('',(1.,0.,0.));
#15049=DIRECTION('',(0.,0.,1.));
#15050=DIRECTION('center_axis',(-1.,0.,0.));
#15051=DIRECTION('ref_axis',(0.,-1.,0.));
#15052=DIRECTION('',(0.,1.,0.));
#15053=DIRECTION('',(0.,-1.,0.));
#15054=DIRECTION('',(0.,0.,1.));
#15055=DIRECTION('center_axis',(0.,1.,0.));
#15056=DIRECTION('ref_axis',(-1.,0.,0.));
#15057=DIRECTION('',(1.,0.,0.));
#15058=DIRECTION('',(-1.,0.,0.));
#15059=DIRECTION('',(0.,0.,1.));
#15060=DIRECTION('center_axis',(1.,0.,0.));
#15061=DIRECTION('ref_axis',(0.,1.,0.));
#15062=DIRECTION('',(0.,-1.,0.));
#15063=DIRECTION('',(0.,1.,0.));
#15064=DIRECTION('center_axis',(0.,0.,1.));
#15065=DIRECTION('ref_axis',(1.,0.,0.));
#15066=DIRECTION('center_axis',(-1.55275947500022E-16,1.,0.));
#15067=DIRECTION('ref_axis',(-1.,-1.55275947500022E-16,0.));
#15068=DIRECTION('',(-1.,-1.55275947500022E-16,0.));
#15069=DIRECTION('',(0.,0.,1.));
#15070=DIRECTION('center_axis',(1.,0.,0.));
#15071=DIRECTION('ref_axis',(0.,1.,0.));
#15072=DIRECTION('',(0.,1.,0.));
#15073=DIRECTION('',(0.,0.,1.));
#15074=DIRECTION('center_axis',(0.,-1.,0.));
#15075=DIRECTION('ref_axis',(1.,0.,0.));
#15076=DIRECTION('',(1.,0.,0.));
#15077=DIRECTION('center_axis',(0.,0.,1.));
#15078=DIRECTION('ref_axis',(1.,0.,0.));
#15079=DIRECTION('axis',(0.,0.,1.));
#15080=DIRECTION('refdir',(1.,0.,0.));
#15081=DIRECTION('center_axis',(0.,0.,1.));
#15082=DIRECTION('ref_axis',(1.,0.,0.));
#15083=DIRECTION('center_axis',(0.,0.,1.));
#15084=DIRECTION('ref_axis',(1.,0.,0.));
#15085=DIRECTION('',(0.,0.,1.));
#15086=DIRECTION('center_axis',(0.,0.,-1.));
#15087=DIRECTION('ref_axis',(1.,0.,0.));
#15088=DIRECTION('center_axis',(0.,0.,1.));
#15089=DIRECTION('ref_axis',(1.,0.,0.));
#15090=DIRECTION('center_axis',(0.,0.,1.));
#15091=DIRECTION('ref_axis',(1.,0.,0.));
#15092=DIRECTION('',(0.,0.,1.));
#15093=DIRECTION('center_axis',(0.,0.,-1.));
#15094=DIRECTION('ref_axis',(1.,0.,0.));
#15095=DIRECTION('center_axis',(0.,1.,0.));
#15096=DIRECTION('ref_axis',(-1.,0.,0.));
#15097=DIRECTION('',(0.,0.,-1.));
#15098=DIRECTION('',(-1.,0.,0.));
#15099=DIRECTION('',(0.,0.,1.));
#15100=DIRECTION('',(-1.,0.,0.));
#15101=DIRECTION('center_axis',(0.,-1.,0.));
#15102=DIRECTION('ref_axis',(1.,0.,0.));
#15103=DIRECTION('',(0.,0.,1.));
#15104=DIRECTION('',(1.,0.,0.));
#15105=DIRECTION('',(0.,0.,-1.));
#15106=DIRECTION('',(1.,0.,0.));
#15107=DIRECTION('center_axis',(0.,0.,1.));
#15108=DIRECTION('ref_axis',(1.,0.,0.));
#15109=DIRECTION('',(0.,1.,0.));
#15110=DIRECTION('',(0.,-1.,0.));
#15111=DIRECTION('center_axis',(-1.,0.,0.));
#15112=DIRECTION('ref_axis',(0.,-1.,0.));
#15113=DIRECTION('',(0.,-1.,0.));
#15114=DIRECTION('',(0.,0.,1.));
#15115=DIRECTION('',(0.,-1.,0.));
#15116=DIRECTION('',(0.,0.,1.));
#15117=DIRECTION('',(0.,-1.,0.));
#15118=DIRECTION('center_axis',(0.,0.,1.));
#15119=DIRECTION('ref_axis',(1.,0.,0.));
#15120=DIRECTION('',(0.,1.,0.));
#15121=DIRECTION('',(1.,0.,0.));
#15122=DIRECTION('center_axis',(0.,0.,1.));
#15123=DIRECTION('ref_axis',(1.,0.,0.));
#15124=DIRECTION('',(-1.,0.,0.));
#15125=DIRECTION('',(0.,1.,0.));
#15126=DIRECTION('center_axis',(0.,-1.,0.));
#15127=DIRECTION('ref_axis',(1.,0.,0.));
#15128=DIRECTION('',(-1.,0.,0.));
#15129=DIRECTION('',(0.,0.,1.));
#15130=DIRECTION('',(1.,0.,0.));
#15131=DIRECTION('',(0.,0.,1.));
#15132=DIRECTION('center_axis',(-1.,0.,0.));
#15133=DIRECTION('ref_axis',(0.,-1.,0.));
#15134=DIRECTION('',(0.,1.,0.));
#15135=DIRECTION('',(0.,-1.,0.));
#15136=DIRECTION('',(0.,0.,1.));
#15137=DIRECTION('center_axis',(0.,1.,0.));
#15138=DIRECTION('ref_axis',(-1.,0.,0.));
#15139=DIRECTION('',(1.,0.,0.));
#15140=DIRECTION('',(-1.,0.,0.));
#15141=DIRECTION('',(0.,0.,1.));
#15142=DIRECTION('center_axis',(1.,0.,0.));
#15143=DIRECTION('ref_axis',(0.,1.,0.));
#15144=DIRECTION('',(0.,-1.,0.));
#15145=DIRECTION('',(0.,1.,0.));
#15146=DIRECTION('center_axis',(0.,0.,1.));
#15147=DIRECTION('ref_axis',(1.,0.,0.));
#15148=DIRECTION('center_axis',(0.,1.,0.));
#15149=DIRECTION('ref_axis',(-1.,0.,0.));
#15150=DIRECTION('',(-1.,0.,0.));
#15151=DIRECTION('',(0.,0.,1.));
#15152=DIRECTION('center_axis',(1.,0.,0.));
#15153=DIRECTION('ref_axis',(0.,1.,0.));
#15154=DIRECTION('',(0.,1.,0.));
#15155=DIRECTION('',(0.,0.,1.));
#15156=DIRECTION('center_axis',(0.,-1.,0.));
#15157=DIRECTION('ref_axis',(1.,0.,0.));
#15158=DIRECTION('',(1.,0.,0.));
#15159=DIRECTION('center_axis',(0.,0.,1.));
#15160=DIRECTION('ref_axis',(1.,0.,0.));
#15161=DIRECTION('axis',(0.,0.,1.));
#15162=DIRECTION('refdir',(1.,0.,0.));
#15163=DIRECTION('center_axis',(0.,0.,1.));
#15164=DIRECTION('ref_axis',(1.,0.,0.));
#15165=DIRECTION('center_axis',(0.,0.,1.));
#15166=DIRECTION('ref_axis',(1.,0.,0.));
#15167=DIRECTION('',(0.,0.,1.));
#15168=DIRECTION('center_axis',(0.,0.,-1.));
#15169=DIRECTION('ref_axis',(1.,0.,0.));
#15170=DIRECTION('center_axis',(0.,0.,1.));
#15171=DIRECTION('ref_axis',(1.,0.,0.));
#15172=DIRECTION('center_axis',(0.,0.,1.));
#15173=DIRECTION('ref_axis',(1.,0.,0.));
#15174=DIRECTION('',(0.,0.,1.));
#15175=DIRECTION('center_axis',(0.,0.,-1.));
#15176=DIRECTION('ref_axis',(1.,0.,0.));
#15177=DIRECTION('center_axis',(-1.,0.,0.));
#15178=DIRECTION('ref_axis',(0.,-1.,0.));
#15179=DIRECTION('',(0.,0.,-1.));
#15180=DIRECTION('',(0.,-1.,0.));
#15181=DIRECTION('',(0.,0.,1.));
#15182=DIRECTION('',(0.,-1.,0.));
#15183=DIRECTION('center_axis',(0.,0.,1.));
#15184=DIRECTION('ref_axis',(1.,0.,0.));
#15185=DIRECTION('',(-1.,0.,0.));
#15186=DIRECTION('',(0.,1.,0.));
#15187=DIRECTION('',(1.,0.,0.));
#15188=DIRECTION('center_axis',(1.,0.,0.));
#15189=DIRECTION('ref_axis',(0.,1.,0.));
#15190=DIRECTION('',(0.,0.,1.));
#15191=DIRECTION('',(0.,1.,0.));
#15192=DIRECTION('',(0.,0.,-1.));
#15193=DIRECTION('center_axis',(0.,1.,0.));
#15194=DIRECTION('ref_axis',(-1.,0.,0.));
#15195=DIRECTION('',(-1.,0.,0.));
#15196=DIRECTION('',(0.,0.,1.));
#15197=DIRECTION('',(-1.,0.,0.));
#15198=DIRECTION('',(0.,0.,1.));
#15199=DIRECTION('',(-1.,0.,0.));
#15200=DIRECTION('center_axis',(0.,0.,1.));
#15201=DIRECTION('ref_axis',(1.,0.,0.));
#15202=DIRECTION('',(1.,0.,0.));
#15203=DIRECTION('',(0.,-1.,0.));
#15204=DIRECTION('center_axis',(0.,-1.,0.));
#15205=DIRECTION('ref_axis',(1.,0.,0.));
#15206=DIRECTION('',(-1.,0.,0.));
#15207=DIRECTION('',(0.,0.,1.));
#15208=DIRECTION('',(1.,0.,0.));
#15209=DIRECTION('',(0.,0.,1.));
#15210=DIRECTION('center_axis',(-1.,0.,0.));
#15211=DIRECTION('ref_axis',(0.,-1.,0.));
#15212=DIRECTION('',(0.,1.,0.));
#15213=DIRECTION('',(0.,-1.,0.));
#15214=DIRECTION('',(0.,0.,1.));
#15215=DIRECTION('center_axis',(0.,1.,0.));
#15216=DIRECTION('ref_axis',(-1.,0.,0.));
#15217=DIRECTION('',(1.,0.,0.));
#15218=DIRECTION('',(-1.,0.,0.));
#15219=DIRECTION('',(0.,0.,1.));
#15220=DIRECTION('center_axis',(1.,0.,0.));
#15221=DIRECTION('ref_axis',(0.,1.,0.));
#15222=DIRECTION('',(0.,-1.,0.));
#15223=DIRECTION('',(0.,1.,0.));
#15224=DIRECTION('center_axis',(0.,0.,1.));
#15225=DIRECTION('ref_axis',(1.,0.,0.));
#15226=DIRECTION('center_axis',(1.,1.18108832406931E-16,0.));
#15227=DIRECTION('ref_axis',(-1.18108832406931E-16,1.,0.));
#15228=DIRECTION('',(-1.18108832406931E-16,1.,0.));
#15229=DIRECTION('',(-1.18108832406931E-16,1.,0.));
#15230=DIRECTION('',(0.,0.,1.));
#15231=DIRECTION('center_axis',(0.,-1.,0.));
#15232=DIRECTION('ref_axis',(1.,0.,0.));
#15233=DIRECTION('',(1.,0.,0.));
#15234=DIRECTION('',(1.,0.,0.));
#15235=DIRECTION('',(0.,0.,1.));
#15236=DIRECTION('center_axis',(-1.,0.,0.));
#15237=DIRECTION('ref_axis',(0.,-1.,0.));
#15238=DIRECTION('',(0.,-1.,0.));
#15239=DIRECTION('center_axis',(0.,0.,1.));
#15240=DIRECTION('ref_axis',(1.,0.,0.));
#15241=DIRECTION('center_axis',(0.,0.,1.));
#15242=DIRECTION('ref_axis',(1.,0.,0.));
#15243=DIRECTION('axis',(0.,0.,1.));
#15244=DIRECTION('refdir',(1.,0.,0.));
#15245=DIRECTION('center_axis',(0.,0.,1.));
#15246=DIRECTION('ref_axis',(1.,0.,0.));
#15247=DIRECTION('center_axis',(0.,0.,1.));
#15248=DIRECTION('ref_axis',(1.,0.,0.));
#15249=DIRECTION('',(0.,0.,1.));
#15250=DIRECTION('center_axis',(0.,0.,-1.));
#15251=DIRECTION('ref_axis',(1.,0.,0.));
#15252=DIRECTION('center_axis',(0.,0.,1.));
#15253=DIRECTION('ref_axis',(1.,0.,0.));
#15254=DIRECTION('center_axis',(0.,0.,1.));
#15255=DIRECTION('ref_axis',(1.,0.,0.));
#15256=DIRECTION('',(0.,0.,1.));
#15257=DIRECTION('center_axis',(0.,0.,-1.));
#15258=DIRECTION('ref_axis',(1.,0.,0.));
#15259=DIRECTION('center_axis',(0.,1.,0.));
#15260=DIRECTION('ref_axis',(-1.,0.,0.));
#15261=DIRECTION('',(0.,0.,-1.));
#15262=DIRECTION('',(-1.,0.,0.));
#15263=DIRECTION('',(0.,0.,1.));
#15264=DIRECTION('',(-1.,0.,0.));
#15265=DIRECTION('center_axis',(0.,-1.,0.));
#15266=DIRECTION('ref_axis',(1.,0.,0.));
#15267=DIRECTION('',(0.,0.,1.));
#15268=DIRECTION('',(1.,0.,0.));
#15269=DIRECTION('',(0.,0.,-1.));
#15270=DIRECTION('',(1.,0.,0.));
#15271=DIRECTION('center_axis',(0.,0.,1.));
#15272=DIRECTION('ref_axis',(1.,0.,0.));
#15273=DIRECTION('',(0.,1.,0.));
#15274=DIRECTION('',(0.,-1.,0.));
#15275=DIRECTION('center_axis',(-1.,0.,0.));
#15276=DIRECTION('ref_axis',(0.,-1.,0.));
#15277=DIRECTION('',(0.,-1.,0.));
#15278=DIRECTION('',(0.,0.,1.));
#15279=DIRECTION('',(0.,-1.,0.));
#15280=DIRECTION('',(0.,0.,1.));
#15281=DIRECTION('',(0.,-1.,0.));
#15282=DIRECTION('center_axis',(0.,0.,1.));
#15283=DIRECTION('ref_axis',(1.,0.,0.));
#15284=DIRECTION('',(0.,1.,0.));
#15285=DIRECTION('',(1.,0.,0.));
#15286=DIRECTION('center_axis',(0.,0.,1.));
#15287=DIRECTION('ref_axis',(1.,0.,0.));
#15288=DIRECTION('',(-1.,0.,0.));
#15289=DIRECTION('',(0.,1.,0.));
#15290=DIRECTION('center_axis',(0.,-1.,0.));
#15291=DIRECTION('ref_axis',(1.,0.,0.));
#15292=DIRECTION('',(-1.,0.,0.));
#15293=DIRECTION('',(0.,0.,1.));
#15294=DIRECTION('',(1.,0.,0.));
#15295=DIRECTION('',(0.,0.,1.));
#15296=DIRECTION('center_axis',(-1.,0.,0.));
#15297=DIRECTION('ref_axis',(0.,-1.,0.));
#15298=DIRECTION('',(0.,1.,0.));
#15299=DIRECTION('',(0.,-1.,0.));
#15300=DIRECTION('',(0.,0.,1.));
#15301=DIRECTION('center_axis',(0.,1.,0.));
#15302=DIRECTION('ref_axis',(-1.,0.,0.));
#15303=DIRECTION('',(1.,0.,0.));
#15304=DIRECTION('',(-1.,0.,0.));
#15305=DIRECTION('',(0.,0.,1.));
#15306=DIRECTION('center_axis',(1.,-6.10012650892943E-17,0.));
#15307=DIRECTION('ref_axis',(6.10012650892943E-17,1.,0.));
#15308=DIRECTION('',(-6.10012650892943E-17,-1.,0.));
#15309=DIRECTION('',(6.10012650892943E-17,1.,0.));
#15310=DIRECTION('center_axis',(0.,0.,1.));
#15311=DIRECTION('ref_axis',(1.,0.,0.));
#15312=DIRECTION('center_axis',(0.,1.,0.));
#15313=DIRECTION('ref_axis',(-1.,0.,0.));
#15314=DIRECTION('',(-1.,0.,0.));
#15315=DIRECTION('',(0.,0.,1.));
#15316=DIRECTION('center_axis',(1.,0.,0.));
#15317=DIRECTION('ref_axis',(0.,1.,0.));
#15318=DIRECTION('',(0.,1.,0.));
#15319=DIRECTION('',(0.,0.,1.));
#15320=DIRECTION('center_axis',(0.,-1.,0.));
#15321=DIRECTION('ref_axis',(1.,0.,0.));
#15322=DIRECTION('',(1.,0.,0.));
#15323=DIRECTION('center_axis',(0.,0.,1.));
#15324=DIRECTION('ref_axis',(1.,0.,0.));
#15325=DIRECTION('axis',(0.,0.,1.));
#15326=DIRECTION('refdir',(1.,0.,0.));
#15327=DIRECTION('center_axis',(0.,0.,1.));
#15328=DIRECTION('ref_axis',(1.,0.,0.));
#15329=DIRECTION('center_axis',(0.,0.,1.));
#15330=DIRECTION('ref_axis',(1.,0.,0.));
#15331=DIRECTION('',(0.,0.,1.));
#15332=DIRECTION('center_axis',(0.,0.,-1.));
#15333=DIRECTION('ref_axis',(1.,0.,0.));
#15334=DIRECTION('center_axis',(0.,0.,1.));
#15335=DIRECTION('ref_axis',(1.,0.,0.));
#15336=DIRECTION('center_axis',(0.,0.,1.));
#15337=DIRECTION('ref_axis',(1.,0.,0.));
#15338=DIRECTION('',(0.,0.,1.));
#15339=DIRECTION('center_axis',(0.,0.,-1.));
#15340=DIRECTION('ref_axis',(1.,0.,0.));
#15341=DIRECTION('center_axis',(0.,0.,-1.));
#15342=DIRECTION('ref_axis',(1.,0.,0.));
#15343=DIRECTION('center_axis',(0.,0.,-1.));
#15344=DIRECTION('ref_axis',(1.,0.,0.));
#15345=DIRECTION('',(0.,0.,-1.));
#15346=DIRECTION('center_axis',(0.,0.,-1.));
#15347=DIRECTION('ref_axis',(1.,0.,0.));
#15348=DIRECTION('center_axis',(0.,0.,1.));
#15349=DIRECTION('ref_axis',(1.,0.,0.));
#15350=DIRECTION('center_axis',(0.,0.,-1.));
#15351=DIRECTION('ref_axis',(1.,0.,0.));
#15352=DIRECTION('center_axis',(0.,0.,-1.));
#15353=DIRECTION('ref_axis',(1.,0.,0.));
#15354=DIRECTION('',(0.,0.,-1.));
#15355=DIRECTION('center_axis',(0.,0.,-1.));
#15356=DIRECTION('ref_axis',(1.,0.,0.));
#15357=DIRECTION('center_axis',(0.,0.,1.));
#15358=DIRECTION('ref_axis',(1.,0.,0.));
#15359=DIRECTION('center_axis',(0.,0.,-1.));
#15360=DIRECTION('ref_axis',(1.,0.,0.));
#15361=DIRECTION('center_axis',(0.,0.,-1.));
#15362=DIRECTION('ref_axis',(1.,0.,0.));
#15363=DIRECTION('',(0.,0.,-1.));
#15364=DIRECTION('center_axis',(0.,0.,-1.));
#15365=DIRECTION('ref_axis',(1.,0.,0.));
#15366=DIRECTION('center_axis',(0.,0.,1.));
#15367=DIRECTION('ref_axis',(1.,0.,0.));
#15368=DIRECTION('center_axis',(0.,0.,-1.));
#15369=DIRECTION('ref_axis',(1.,0.,0.));
#15370=DIRECTION('center_axis',(0.,0.,-1.));
#15371=DIRECTION('ref_axis',(1.,0.,0.));
#15372=DIRECTION('',(0.,0.,-1.));
#15373=DIRECTION('center_axis',(0.,0.,-1.));
#15374=DIRECTION('ref_axis',(1.,0.,0.));
#15375=DIRECTION('center_axis',(0.,0.,1.));
#15376=DIRECTION('ref_axis',(1.,0.,0.));
#15377=DIRECTION('center_axis',(0.,-1.,0.));
#15378=DIRECTION('ref_axis',(1.,0.,0.));
#15379=DIRECTION('',(-1.,0.,0.));
#15380=DIRECTION('',(0.,0.,1.));
#15381=DIRECTION('',(1.,0.,0.));
#15382=DIRECTION('',(0.,0.,1.));
#15383=DIRECTION('center_axis',(-1.,0.,0.));
#15384=DIRECTION('ref_axis',(0.,-1.,0.));
#15385=DIRECTION('',(0.,1.,0.));
#15386=DIRECTION('',(0.,-1.,0.));
#15387=DIRECTION('',(0.,0.,1.));
#15388=DIRECTION('center_axis',(0.,1.,0.));
#15389=DIRECTION('ref_axis',(-1.,0.,0.));
#15390=DIRECTION('',(1.,0.,0.));
#15391=DIRECTION('',(-1.,0.,0.));
#15392=DIRECTION('',(0.,0.,1.));
#15393=DIRECTION('center_axis',(1.,0.,0.));
#15394=DIRECTION('ref_axis',(0.,1.,0.));
#15395=DIRECTION('',(0.,-1.,0.));
#15396=DIRECTION('',(0.,1.,0.));
#15397=DIRECTION('center_axis',(0.,0.,1.));
#15398=DIRECTION('ref_axis',(1.,0.,0.));
#15399=DIRECTION('center_axis',(0.,0.,1.));
#15400=DIRECTION('ref_axis',(1.,0.,0.));
#15401=DIRECTION('',(0.,0.,-1.));
#15402=DIRECTION('center_axis',(0.,0.,-1.));
#15403=DIRECTION('ref_axis',(1.,0.,0.));
#15404=DIRECTION('center_axis',(0.,0.,1.));
#15405=DIRECTION('ref_axis',(1.,0.,0.));
#15406=DIRECTION('center_axis',(0.,0.,1.));
#15407=DIRECTION('ref_axis',(1.,0.,0.));
#15408=DIRECTION('center_axis',(0.,0.,1.));
#15409=DIRECTION('ref_axis',(1.,0.,0.));
#15410=DIRECTION('',(0.,0.,-1.));
#15411=DIRECTION('center_axis',(0.,0.,-1.));
#15412=DIRECTION('ref_axis',(1.,0.,0.));
#15413=DIRECTION('center_axis',(0.,0.,1.));
#15414=DIRECTION('ref_axis',(1.,0.,0.));
#15415=DIRECTION('center_axis',(0.,0.,1.));
#15416=DIRECTION('ref_axis',(1.,0.,0.));
#15417=DIRECTION('center_axis',(0.,0.,1.));
#15418=DIRECTION('ref_axis',(1.,0.,0.));
#15419=DIRECTION('',(0.,0.,-1.));
#15420=DIRECTION('center_axis',(0.,0.,-1.));
#15421=DIRECTION('ref_axis',(1.,0.,0.));
#15422=DIRECTION('center_axis',(0.,0.,1.));
#15423=DIRECTION('ref_axis',(1.,0.,0.));
#15424=DIRECTION('center_axis',(0.,0.,1.));
#15425=DIRECTION('ref_axis',(1.,0.,0.));
#15426=DIRECTION('center_axis',(0.,0.,1.));
#15427=DIRECTION('ref_axis',(1.,0.,0.));
#15428=DIRECTION('',(0.,0.,-1.));
#15429=DIRECTION('center_axis',(0.,0.,-1.));
#15430=DIRECTION('ref_axis',(1.,0.,0.));
#15431=DIRECTION('center_axis',(0.,0.,1.));
#15432=DIRECTION('ref_axis',(1.,0.,0.));
#15433=DIRECTION('center_axis',(0.,1.,0.));
#15434=DIRECTION('ref_axis',(-1.,0.,0.));
#15435=DIRECTION('',(-1.,0.,0.));
#15436=DIRECTION('',(0.,0.,1.));
#15437=DIRECTION('',(-1.,0.,0.));
#15438=DIRECTION('',(0.,0.,1.));
#15439=DIRECTION('center_axis',(1.,0.,0.));
#15440=DIRECTION('ref_axis',(0.,1.,0.));
#15441=DIRECTION('',(0.,1.,0.));
#15442=DIRECTION('',(0.,1.,0.));
#15443=DIRECTION('',(0.,0.,1.));
#15444=DIRECTION('center_axis',(0.,-1.,0.));
#15445=DIRECTION('ref_axis',(1.,0.,0.));
#15446=DIRECTION('',(1.,0.,0.));
#15447=DIRECTION('',(1.,0.,0.));
#15448=DIRECTION('',(0.,0.,1.));
#15449=DIRECTION('center_axis',(-1.,0.,0.));
#15450=DIRECTION('ref_axis',(0.,-1.,0.));
#15451=DIRECTION('',(0.,-1.,0.));
#15452=DIRECTION('',(0.,-1.,0.));
#15453=DIRECTION('center_axis',(0.,0.,1.));
#15454=DIRECTION('ref_axis',(1.,0.,0.));
#15455=DIRECTION('center_axis',(0.,0.,1.));
#15456=DIRECTION('ref_axis',(1.,0.,0.));
#15457=DIRECTION('axis',(0.,0.,1.));
#15458=DIRECTION('refdir',(1.,0.,0.));
#15459=DIRECTION('center_axis',(0.,0.,1.));
#15460=DIRECTION('ref_axis',(1.,0.,0.));
#15461=DIRECTION('center_axis',(0.,0.,1.));
#15462=DIRECTION('ref_axis',(1.,0.,0.));
#15463=DIRECTION('',(0.,0.,1.));
#15464=DIRECTION('center_axis',(0.,0.,-1.));
#15465=DIRECTION('ref_axis',(1.,0.,0.));
#15466=DIRECTION('center_axis',(0.,0.,1.));
#15467=DIRECTION('ref_axis',(1.,0.,0.));
#15468=DIRECTION('center_axis',(0.,0.,1.));
#15469=DIRECTION('ref_axis',(1.,0.,0.));
#15470=DIRECTION('',(0.,0.,1.));
#15471=DIRECTION('center_axis',(0.,0.,-1.));
#15472=DIRECTION('ref_axis',(1.,0.,0.));
#15473=DIRECTION('center_axis',(0.,0.,1.));
#15474=DIRECTION('ref_axis',(1.,0.,0.));
#15475=DIRECTION('center_axis',(0.,0.,1.));
#15476=DIRECTION('ref_axis',(1.,0.,0.));
#15477=DIRECTION('',(0.,0.,1.));
#15478=DIRECTION('center_axis',(0.,0.,-1.));
#15479=DIRECTION('ref_axis',(1.,0.,0.));
#15480=DIRECTION('center_axis',(0.,0.,1.));
#15481=DIRECTION('ref_axis',(1.,0.,0.));
#15482=DIRECTION('center_axis',(0.,0.,1.));
#15483=DIRECTION('ref_axis',(1.,0.,0.));
#15484=DIRECTION('',(0.,0.,1.));
#15485=DIRECTION('center_axis',(0.,0.,-1.));
#15486=DIRECTION('ref_axis',(1.,0.,0.));
#15487=DIRECTION('center_axis',(0.,1.,0.));
#15488=DIRECTION('ref_axis',(-1.,0.,0.));
#15489=DIRECTION('',(-1.,0.,0.));
#15490=DIRECTION('',(0.,0.,1.));
#15491=DIRECTION('',(-1.,0.,0.));
#15492=DIRECTION('',(0.,0.,1.));
#15493=DIRECTION('center_axis',(1.,0.,0.));
#15494=DIRECTION('ref_axis',(0.,1.,0.));
#15495=DIRECTION('',(0.,1.,0.));
#15496=DIRECTION('',(0.,1.,0.));
#15497=DIRECTION('',(0.,0.,1.));
#15498=DIRECTION('center_axis',(0.,-1.,0.));
#15499=DIRECTION('ref_axis',(1.,0.,0.));
#15500=DIRECTION('',(1.,0.,0.));
#15501=DIRECTION('',(1.,0.,0.));
#15502=DIRECTION('',(0.,0.,1.));
#15503=DIRECTION('center_axis',(-1.,0.,0.));
#15504=DIRECTION('ref_axis',(0.,-1.,0.));
#15505=DIRECTION('',(0.,-1.,0.));
#15506=DIRECTION('',(0.,-1.,0.));
#15507=DIRECTION('center_axis',(0.,0.,1.));
#15508=DIRECTION('ref_axis',(1.,0.,0.));
#15509=DIRECTION('center_axis',(0.,0.,1.));
#15510=DIRECTION('ref_axis',(1.,0.,0.));
#15511=DIRECTION('',(0.,0.,1.));
#15512=DIRECTION('',(1.,0.,0.));
#15513=DIRECTION('',(0.,0.,1.));
#15514=DIRECTION('',(1.,0.,0.));
#15515=DIRECTION('',(0.,0.,1.));
#15516=DIRECTION('',(1.,0.,0.));
#15517=DIRECTION('',(0.,0.,1.));
#15518=DIRECTION('',(1.,0.,0.));
#15519=DIRECTION('',(0.,0.,1.));
#15520=DIRECTION('',(1.,0.,0.));
#15521=DIRECTION('',(0.,0.,1.));
#15522=DIRECTION('',(1.,0.,0.));
#15523=DIRECTION('',(0.,0.,1.));
#15524=DIRECTION('',(1.,0.,0.));
#15525=DIRECTION('',(0.,0.,1.));
#15526=DIRECTION('',(1.,0.,0.));
#15527=DIRECTION('',(0.,0.,1.));
#15528=DIRECTION('',(1.,0.,0.));
#15529=DIRECTION('',(0.,0.,1.));
#15530=DIRECTION('',(1.,0.,0.));
#15531=DIRECTION('',(0.,0.,1.));
#15532=DIRECTION('',(1.,0.,0.));
#15533=DIRECTION('',(0.,0.,1.));
#15534=DIRECTION('',(1.,0.,0.));
#15535=DIRECTION('',(0.,0.,1.));
#15536=DIRECTION('',(1.,0.,0.));
#15537=DIRECTION('',(0.,0.,1.));
#15538=DIRECTION('',(1.,0.,0.));
#15539=DIRECTION('',(0.,0.,1.));
#15540=DIRECTION('',(1.,0.,0.));
#15541=DIRECTION('',(0.,0.,1.));
#15542=DIRECTION('',(1.,0.,0.));
#15543=DIRECTION('',(0.,0.,1.));
#15544=DIRECTION('',(1.,0.,0.));
#15545=DIRECTION('',(0.,1.,2.22044604925031E-16));
#15546=DIRECTION('',(1.,0.,0.));
#15547=DIRECTION('',(0.,1.,2.22044604925031E-16));
#15548=DIRECTION('',(1.,0.,0.));
#15549=DIRECTION('',(0.,1.,2.22044604925031E-16));
#15550=DIRECTION('',(1.,0.,0.));
#15551=DIRECTION('',(0.,1.,2.22044604925031E-16));
#15552=DIRECTION('',(1.,0.,0.));
#15553=DIRECTION('',(0.,1.,2.22044604925031E-16));
#15554=DIRECTION('',(1.,0.,0.));
#15555=CARTESIAN_POINT('',(0.,0.,0.));
#15556=CARTESIAN_POINT('',(0.,0.,0.));
#15557=CARTESIAN_POINT('',(0.,0.,0.));
#15558=CARTESIAN_POINT('Origin',(-15.,-38.,1.));
#15559=CARTESIAN_POINT('',(-16.25,-38.,3.));
#15560=CARTESIAN_POINT('Origin',(-15.,-38.,3.));
#15561=CARTESIAN_POINT('',(-16.25,-38.,5.));
#15562=CARTESIAN_POINT('',(-16.25,-38.,1.));
#15563=CARTESIAN_POINT('Origin',(-15.,-38.,5.));
#15564=CARTESIAN_POINT('Origin',(15.,-38.,1.));
#15565=CARTESIAN_POINT('',(13.75,-38.,3.));
#15566=CARTESIAN_POINT('Origin',(15.,-38.,3.));
#15567=CARTESIAN_POINT('',(13.75,-38.,5.));
#15568=CARTESIAN_POINT('',(13.75,-38.,1.));
#15569=CARTESIAN_POINT('Origin',(15.,-38.,5.));
#15570=CARTESIAN_POINT('Origin',(-4.,-80.,1.));
#15571=CARTESIAN_POINT('',(-5.25,-80.,3.));
#15572=CARTESIAN_POINT('Origin',(-4.,-80.,3.));
#15573=CARTESIAN_POINT('',(-5.25,-80.,5.));
#15574=CARTESIAN_POINT('',(-5.25,-80.,1.));
#15575=CARTESIAN_POINT('Origin',(-4.,-80.,5.));
#15576=CARTESIAN_POINT('Origin',(-4.,-70.,1.));
#15577=CARTESIAN_POINT('',(-5.25,-70.,3.));
#15578=CARTESIAN_POINT('Origin',(-4.,-70.,3.));
#15579=CARTESIAN_POINT('',(-5.25,-70.,5.));
#15580=CARTESIAN_POINT('',(-5.25,-70.,1.));
#15581=CARTESIAN_POINT('Origin',(-4.,-70.,5.));
#15582=CARTESIAN_POINT('Origin',(-31.,-74.,1.));
#15583=CARTESIAN_POINT('',(-32.25,-74.,3.));
#15584=CARTESIAN_POINT('Origin',(-31.,-74.,3.));
#15585=CARTESIAN_POINT('',(-32.25,-74.,5.));
#15586=CARTESIAN_POINT('',(-32.25,-74.,1.));
#15587=CARTESIAN_POINT('Origin',(-31.,-74.,5.));
#15588=CARTESIAN_POINT('Origin',(-21.,-74.,1.));
#15589=CARTESIAN_POINT('',(-22.25,-74.,3.));
#15590=CARTESIAN_POINT('Origin',(-21.,-74.,3.));
#15591=CARTESIAN_POINT('',(-22.25,-74.,5.));
#15592=CARTESIAN_POINT('',(-22.25,-74.,1.));
#15593=CARTESIAN_POINT('Origin',(-21.,-74.,5.));
#15594=CARTESIAN_POINT('Origin',(66.,-72.,1.));
#15595=CARTESIAN_POINT('',(64.75,-72.,3.));
#15596=CARTESIAN_POINT('Origin',(66.,-72.,3.));
#15597=CARTESIAN_POINT('',(64.75,-72.,5.));
#15598=CARTESIAN_POINT('',(64.75,-72.,1.));
#15599=CARTESIAN_POINT('Origin',(66.,-72.,5.));
#15600=CARTESIAN_POINT('Origin',(66.,-30.,1.));
#15601=CARTESIAN_POINT('',(64.75,-30.,3.));
#15602=CARTESIAN_POINT('Origin',(66.,-30.,3.));
#15603=CARTESIAN_POINT('',(64.75,-30.,5.));
#15604=CARTESIAN_POINT('',(64.75,-30.,1.));
#15605=CARTESIAN_POINT('Origin',(66.,-30.,5.));
#15606=CARTESIAN_POINT('Origin',(-52.,-80.5,1.));
#15607=CARTESIAN_POINT('',(-53.25,-80.5,3.));
#15608=CARTESIAN_POINT('Origin',(-52.,-80.5,3.));
#15609=CARTESIAN_POINT('',(-53.25,-80.5,5.));
#15610=CARTESIAN_POINT('',(-53.25,-80.5,1.));
#15611=CARTESIAN_POINT('Origin',(-52.,-80.5,5.));
#15612=CARTESIAN_POINT('Origin',(-52.,-45.5,1.));
#15613=CARTESIAN_POINT('',(-53.25,-45.5,3.));
#15614=CARTESIAN_POINT('Origin',(-52.,-45.5,3.));
#15615=CARTESIAN_POINT('',(-53.25,-45.5,5.));
#15616=CARTESIAN_POINT('',(-53.25,-45.5,1.));
#15617=CARTESIAN_POINT('Origin',(-52.,-45.5,5.));
#15618=CARTESIAN_POINT('Origin',(21.85,28.,1.));
#15619=CARTESIAN_POINT('',(20.6,28.,3.));
#15620=CARTESIAN_POINT('Origin',(21.85,28.,3.));
#15621=CARTESIAN_POINT('',(20.6,28.,5.));
#15622=CARTESIAN_POINT('',(20.6,28.,1.));
#15623=CARTESIAN_POINT('Origin',(21.85,28.,5.));
#15624=CARTESIAN_POINT('Origin',(48.15,28.,1.));
#15625=CARTESIAN_POINT('',(46.9,28.,3.));
#15626=CARTESIAN_POINT('Origin',(48.15,28.,3.));
#15627=CARTESIAN_POINT('',(46.9,28.,5.));
#15628=CARTESIAN_POINT('',(46.9,28.,1.));
#15629=CARTESIAN_POINT('Origin',(48.15,28.,5.));
#15630=CARTESIAN_POINT('Origin',(12.7,34.,1.));
#15631=CARTESIAN_POINT('',(12.7,40.,5.));
#15632=CARTESIAN_POINT('',(12.7,34.,5.));
#15633=CARTESIAN_POINT('',(12.7,17.,5.));
#15634=CARTESIAN_POINT('',(12.7,40.,3.));
#15635=CARTESIAN_POINT('',(12.7,40.,1.));
#15636=CARTESIAN_POINT('',(12.7,34.,3.));
#15637=CARTESIAN_POINT('',(12.7,17.,3.));
#15638=CARTESIAN_POINT('',(12.7,34.,1.));
#15639=CARTESIAN_POINT('Origin',(9.3,40.,1.));
#15640=CARTESIAN_POINT('',(9.3,40.,3.));
#15641=CARTESIAN_POINT('',(9.3,34.,3.));
#15642=CARTESIAN_POINT('',(9.3,20.,3.));
#15643=CARTESIAN_POINT('',(9.3,40.,5.));
#15644=CARTESIAN_POINT('',(9.3,40.,1.));
#15645=CARTESIAN_POINT('',(9.3,34.,5.));
#15646=CARTESIAN_POINT('',(9.3,20.,5.));
#15647=CARTESIAN_POINT('',(9.3,34.,1.));
#15648=CARTESIAN_POINT('Origin',(12.7,40.,1.));
#15649=CARTESIAN_POINT('',(6.35,40.,5.));
#15650=CARTESIAN_POINT('',(6.35,40.,3.));
#15651=CARTESIAN_POINT('Origin',(9.3,34.,1.));
#15652=CARTESIAN_POINT('',(4.65,34.,3.));
#15653=CARTESIAN_POINT('',(4.65,34.,5.));
#15654=CARTESIAN_POINT('Origin',(-9.3,34.,1.));
#15655=CARTESIAN_POINT('',(-9.3,40.,5.));
#15656=CARTESIAN_POINT('',(-9.3,34.,5.));
#15657=CARTESIAN_POINT('',(-9.3,17.,5.));
#15658=CARTESIAN_POINT('',(-9.3,40.,3.));
#15659=CARTESIAN_POINT('',(-9.3,40.,1.));
#15660=CARTESIAN_POINT('',(-9.3,34.,3.));
#15661=CARTESIAN_POINT('',(-9.3,17.,3.));
#15662=CARTESIAN_POINT('',(-9.3,34.,1.));
#15663=CARTESIAN_POINT('Origin',(-12.7,40.,1.));
#15664=CARTESIAN_POINT('',(-12.7,40.,3.));
#15665=CARTESIAN_POINT('',(-12.7,34.,3.));
#15666=CARTESIAN_POINT('',(-12.7,20.,3.));
#15667=CARTESIAN_POINT('',(-12.7,40.,5.));
#15668=CARTESIAN_POINT('',(-12.7,40.,1.));
#15669=CARTESIAN_POINT('',(-12.7,34.,5.));
#15670=CARTESIAN_POINT('',(-12.7,20.,5.));
#15671=CARTESIAN_POINT('',(-12.7,34.,1.));
#15672=CARTESIAN_POINT('Origin',(-9.3,40.,1.));
#15673=CARTESIAN_POINT('',(-4.65,40.,5.));
#15674=CARTESIAN_POINT('',(-4.65,40.,3.));
#15675=CARTESIAN_POINT('Origin',(-12.7,34.,1.));
#15676=CARTESIAN_POINT('',(-6.35,34.,3.));
#15677=CARTESIAN_POINT('',(-6.35,34.,5.));
#15678=CARTESIAN_POINT('Origin',(12.7,13.,1.));
#15679=CARTESIAN_POINT('',(12.7,19.,5.));
#15680=CARTESIAN_POINT('',(12.7,13.,5.));
#15681=CARTESIAN_POINT('',(12.7,6.5,5.));
#15682=CARTESIAN_POINT('',(12.7,19.,3.));
#15683=CARTESIAN_POINT('',(12.7,19.,1.));
#15684=CARTESIAN_POINT('',(12.7,13.,3.));
#15685=CARTESIAN_POINT('',(12.7,6.5,3.));
#15686=CARTESIAN_POINT('',(12.7,13.,1.));
#15687=CARTESIAN_POINT('Origin',(9.3,19.,1.));
#15688=CARTESIAN_POINT('',(9.3,19.,3.));
#15689=CARTESIAN_POINT('',(9.3,13.,3.));
#15690=CARTESIAN_POINT('',(9.3,9.5,3.));
#15691=CARTESIAN_POINT('',(9.3,19.,5.));
#15692=CARTESIAN_POINT('',(9.3,19.,1.));
#15693=CARTESIAN_POINT('',(9.3,13.,5.));
#15694=CARTESIAN_POINT('',(9.3,9.5,5.));
#15695=CARTESIAN_POINT('',(9.3,13.,1.));
#15696=CARTESIAN_POINT('Origin',(12.7,19.,1.));
#15697=CARTESIAN_POINT('',(6.35,19.,5.));
#15698=CARTESIAN_POINT('',(6.35,19.,3.));
#15699=CARTESIAN_POINT('Origin',(9.3,13.,1.));
#15700=CARTESIAN_POINT('',(4.65,13.,3.));
#15701=CARTESIAN_POINT('',(4.65,13.,5.));
#15702=CARTESIAN_POINT('Origin',(-9.3,13.,1.));
#15703=CARTESIAN_POINT('',(-9.3,19.,5.));
#15704=CARTESIAN_POINT('',(-9.3,13.,5.));
#15705=CARTESIAN_POINT('',(-9.3,6.5,5.));
#15706=CARTESIAN_POINT('',(-9.3,19.,3.));
#15707=CARTESIAN_POINT('',(-9.3,19.,1.));
#15708=CARTESIAN_POINT('',(-9.3,13.,3.));
#15709=CARTESIAN_POINT('',(-9.3,6.5,3.));
#15710=CARTESIAN_POINT('',(-9.3,13.,1.));
#15711=CARTESIAN_POINT('Origin',(-12.7,19.,1.));
#15712=CARTESIAN_POINT('',(-12.7,19.,3.));
#15713=CARTESIAN_POINT('',(-12.7,13.,3.));
#15714=CARTESIAN_POINT('',(-12.7,9.5,3.));
#15715=CARTESIAN_POINT('',(-12.7,19.,5.));
#15716=CARTESIAN_POINT('',(-12.7,19.,1.));
#15717=CARTESIAN_POINT('',(-12.7,13.,5.));
#15718=CARTESIAN_POINT('',(-12.7,9.5,5.));
#15719=CARTESIAN_POINT('',(-12.7,13.,1.));
#15720=CARTESIAN_POINT('Origin',(-9.3,19.,1.));
#15721=CARTESIAN_POINT('',(-4.65,19.,5.));
#15722=CARTESIAN_POINT('',(-4.65,19.,3.));
#15723=CARTESIAN_POINT('Origin',(-12.7,13.,1.));
#15724=CARTESIAN_POINT('',(-6.35,13.,3.));
#15725=CARTESIAN_POINT('',(-6.35,13.,5.));
#15726=CARTESIAN_POINT('Origin',(32.5,-70.,1.));
#15727=CARTESIAN_POINT('',(31.05,-70.,3.));
#15728=CARTESIAN_POINT('Origin',(32.5,-70.,3.));
#15729=CARTESIAN_POINT('',(31.05,-70.,5.));
#15730=CARTESIAN_POINT('',(31.05,-70.,1.));
#15731=CARTESIAN_POINT('Origin',(32.5,-70.,5.));
#15732=CARTESIAN_POINT('Origin',(51.5,-70.,1.));
#15733=CARTESIAN_POINT('',(50.05,-70.,3.));
#15734=CARTESIAN_POINT('Origin',(51.5,-70.,3.));
#15735=CARTESIAN_POINT('',(50.05,-70.,5.));
#15736=CARTESIAN_POINT('',(50.05,-70.,1.));
#15737=CARTESIAN_POINT('Origin',(51.5,-70.,5.));
#15738=CARTESIAN_POINT('Origin',(-34.,-46.,1.));
#15739=CARTESIAN_POINT('',(-35.45,-46.,3.));
#15740=CARTESIAN_POINT('Origin',(-34.,-46.,3.));
#15741=CARTESIAN_POINT('',(-35.45,-46.,5.));
#15742=CARTESIAN_POINT('',(-35.45,-46.,1.));
#15743=CARTESIAN_POINT('Origin',(-34.,-46.,5.));
#15744=CARTESIAN_POINT('Origin',(34.,-30.,1.));
#15745=CARTESIAN_POINT('',(32.55,-30.,3.));
#15746=CARTESIAN_POINT('Origin',(34.,-30.,3.));
#15747=CARTESIAN_POINT('',(32.55,-30.,5.));
#15748=CARTESIAN_POINT('',(32.55,-30.,1.));
#15749=CARTESIAN_POINT('Origin',(34.,-30.,5.));
#15750=CARTESIAN_POINT('Origin',(-34.,-30.,1.));
#15751=CARTESIAN_POINT('',(-35.45,-30.,3.));
#15752=CARTESIAN_POINT('Origin',(-34.,-30.,3.));
#15753=CARTESIAN_POINT('',(-35.45,-30.,5.));
#15754=CARTESIAN_POINT('',(-35.45,-30.,1.));
#15755=CARTESIAN_POINT('Origin',(-34.,-30.,5.));
#15756=CARTESIAN_POINT('Origin',(34.,-46.,1.));
#15757=CARTESIAN_POINT('',(32.55,-46.,3.));
#15758=CARTESIAN_POINT('Origin',(34.,-46.,3.));
#15759=CARTESIAN_POINT('',(32.55,-46.,5.));
#15760=CARTESIAN_POINT('',(32.55,-46.,1.));
#15761=CARTESIAN_POINT('Origin',(34.,-46.,5.));
#15762=CARTESIAN_POINT('Origin',(51.,-14.,0.));
#15763=CARTESIAN_POINT('',(49.3,-14.,3.));
#15764=CARTESIAN_POINT('Origin',(51.,-14.,3.));
#15765=CARTESIAN_POINT('',(49.3,-14.,5.));
#15766=CARTESIAN_POINT('',(49.3,-14.,0.));
#15767=CARTESIAN_POINT('Origin',(51.,-14.,5.));
#15768=CARTESIAN_POINT('Origin',(38.7,14.,0.));
#15769=CARTESIAN_POINT('',(37.,14.,3.));
#15770=CARTESIAN_POINT('Origin',(38.7,14.,3.));
#15771=CARTESIAN_POINT('',(37.,14.,5.));
#15772=CARTESIAN_POINT('',(37.,14.,0.));
#15773=CARTESIAN_POINT('Origin',(38.7,14.,5.));
#15774=CARTESIAN_POINT('Origin',(38.7,-14.,0.));
#15775=CARTESIAN_POINT('',(37.,-14.,3.));
#15776=CARTESIAN_POINT('Origin',(38.7,-14.,3.));
#15777=CARTESIAN_POINT('',(37.,-14.,5.));
#15778=CARTESIAN_POINT('',(37.,-14.,0.));
#15779=CARTESIAN_POINT('Origin',(38.7,-14.,5.));
#15780=CARTESIAN_POINT('Origin',(51.,14.,0.));
#15781=CARTESIAN_POINT('',(49.3,14.,3.));
#15782=CARTESIAN_POINT('Origin',(51.,14.,3.));
#15783=CARTESIAN_POINT('',(49.3,14.,5.));
#15784=CARTESIAN_POINT('',(49.3,14.,0.));
#15785=CARTESIAN_POINT('Origin',(51.,14.,5.));
#15786=CARTESIAN_POINT('Origin',(-38.7,-14.,0.));
#15787=CARTESIAN_POINT('',(-40.4,-14.,3.));
#15788=CARTESIAN_POINT('Origin',(-38.7,-14.,3.));
#15789=CARTESIAN_POINT('',(-40.4,-14.,5.));
#15790=CARTESIAN_POINT('',(-40.4,-14.,0.));
#15791=CARTESIAN_POINT('Origin',(-38.7,-14.,5.));
#15792=CARTESIAN_POINT('Origin',(-51.,14.,0.));
#15793=CARTESIAN_POINT('',(-52.7,14.,3.));
#15794=CARTESIAN_POINT('Origin',(-51.,14.,3.));
#15795=CARTESIAN_POINT('',(-52.7,14.,5.));
#15796=CARTESIAN_POINT('',(-52.7,14.,0.));
#15797=CARTESIAN_POINT('Origin',(-51.,14.,5.));
#15798=CARTESIAN_POINT('Origin',(-51.,-14.,0.));
#15799=CARTESIAN_POINT('',(-52.7,-14.,3.));
#15800=CARTESIAN_POINT('Origin',(-51.,-14.,3.));
#15801=CARTESIAN_POINT('',(-52.7,-14.,5.));
#15802=CARTESIAN_POINT('',(-52.7,-14.,0.));
#15803=CARTESIAN_POINT('Origin',(-51.,-14.,5.));
#15804=CARTESIAN_POINT('Origin',(-38.7,14.,0.));
#15805=CARTESIAN_POINT('',(-40.4,14.,3.));
#15806=CARTESIAN_POINT('Origin',(-38.7,14.,3.));
#15807=CARTESIAN_POINT('',(-40.4,14.,5.));
#15808=CARTESIAN_POINT('',(-40.4,14.,0.));
#15809=CARTESIAN_POINT('Origin',(-38.7,14.,5.));
#15810=CARTESIAN_POINT('Origin',(73.,80.,0.));
#15811=CARTESIAN_POINT('',(71.3,80.,3.));
#15812=CARTESIAN_POINT('Origin',(73.,80.,3.));
#15813=CARTESIAN_POINT('',(71.3,80.,5.));
#15814=CARTESIAN_POINT('',(71.3,80.,0.));
#15815=CARTESIAN_POINT('Origin',(73.,80.,5.));
#15816=CARTESIAN_POINT('Origin',(50.,50.,0.));
#15817=CARTESIAN_POINT('',(48.3,50.,3.));
#15818=CARTESIAN_POINT('Origin',(50.,50.,3.));
#15819=CARTESIAN_POINT('',(48.3,50.,5.));
#15820=CARTESIAN_POINT('',(48.3,50.,0.));
#15821=CARTESIAN_POINT('Origin',(50.,50.,5.));
#15822=CARTESIAN_POINT('Origin',(-73.,80.,0.));
#15823=CARTESIAN_POINT('',(-74.7,80.,3.));
#15824=CARTESIAN_POINT('Origin',(-73.,80.,3.));
#15825=CARTESIAN_POINT('',(-74.7,80.,5.));
#15826=CARTESIAN_POINT('',(-74.7,80.,0.));
#15827=CARTESIAN_POINT('Origin',(-73.,80.,5.));
#15828=CARTESIAN_POINT('Origin',(-50.,50.,0.));
#15829=CARTESIAN_POINT('',(-51.7,50.,3.));
#15830=CARTESIAN_POINT('Origin',(-50.,50.,3.));
#15831=CARTESIAN_POINT('',(-51.7,50.,5.));
#15832=CARTESIAN_POINT('',(-51.7,50.,0.));
#15833=CARTESIAN_POINT('Origin',(-50.,50.,5.));
#15834=CARTESIAN_POINT('Origin',(-75.,35.,0.));
#15835=CARTESIAN_POINT('',(-76.7,35.,3.));
#15836=CARTESIAN_POINT('Origin',(-75.,35.,3.));
#15837=CARTESIAN_POINT('',(-76.7,35.,5.));
#15838=CARTESIAN_POINT('',(-76.7,35.,0.));
#15839=CARTESIAN_POINT('Origin',(-75.,35.,5.));
#15840=CARTESIAN_POINT('Origin',(75.,-85.,0.));
#15841=CARTESIAN_POINT('',(73.3,-85.,3.));
#15842=CARTESIAN_POINT('Origin',(75.,-85.,3.));
#15843=CARTESIAN_POINT('',(73.3,-85.,5.));
#15844=CARTESIAN_POINT('',(73.3,-85.,0.));
#15845=CARTESIAN_POINT('Origin',(75.,-85.,5.));
#15846=CARTESIAN_POINT('Origin',(-75.,-85.,0.));
#15847=CARTESIAN_POINT('',(-76.7,-85.,3.));
#15848=CARTESIAN_POINT('Origin',(-75.,-85.,3.));
#15849=CARTESIAN_POINT('',(-76.7,-85.,5.));
#15850=CARTESIAN_POINT('',(-76.7,-85.,0.));
#15851=CARTESIAN_POINT('Origin',(-75.,-85.,5.));
#15852=CARTESIAN_POINT('Origin',(75.,35.,0.));
#15853=CARTESIAN_POINT('',(73.3,35.,3.));
#15854=CARTESIAN_POINT('Origin',(75.,35.,3.));
#15855=CARTESIAN_POINT('',(73.3,35.,5.));
#15856=CARTESIAN_POINT('',(73.3,35.,0.));
#15857=CARTESIAN_POINT('Origin',(75.,35.,5.));
#15858=CARTESIAN_POINT('Origin',(58.,-24.,5.));
#15859=CARTESIAN_POINT('',(58.,-24.,3.));
#15860=CARTESIAN_POINT('',(80.,-24.,3.));
#15861=CARTESIAN_POINT('',(29.,-24.,3.));
#15862=CARTESIAN_POINT('',(58.,-24.,5.));
#15863=CARTESIAN_POINT('',(58.,-24.,5.));
#15864=CARTESIAN_POINT('',(80.,-24.,5.));
#15865=CARTESIAN_POINT('',(29.,-24.,5.));
#15866=CARTESIAN_POINT('',(80.,-24.,5.));
#15867=CARTESIAN_POINT('Origin',(58.,24.,5.));
#15868=CARTESIAN_POINT('',(58.,24.,3.));
#15869=CARTESIAN_POINT('',(58.,12.,3.));
#15870=CARTESIAN_POINT('',(58.,24.,5.));
#15871=CARTESIAN_POINT('',(58.,24.,5.));
#15872=CARTESIAN_POINT('',(58.,12.,5.));
#15873=CARTESIAN_POINT('Origin',(90.,24.,5.));
#15874=CARTESIAN_POINT('',(80.,24.,3.));
#15875=CARTESIAN_POINT('',(45.,24.,3.));
#15876=CARTESIAN_POINT('',(80.,24.,5.));
#15877=CARTESIAN_POINT('',(80.,24.,5.));
#15878=CARTESIAN_POINT('',(45.,24.,5.));
#15879=CARTESIAN_POINT('Origin',(0.,0.,3.));
#15880=CARTESIAN_POINT('',(80.,-90.,3.));
#15881=CARTESIAN_POINT('',(80.,-90.,3.));
#15882=CARTESIAN_POINT('',(-80.,-90.,3.));
#15883=CARTESIAN_POINT('',(-80.,-90.,3.));
#15884=CARTESIAN_POINT('',(-80.,-24.,3.));
#15885=CARTESIAN_POINT('',(-80.,90.,3.));
#15886=CARTESIAN_POINT('',(-58.,-24.,3.));
#15887=CARTESIAN_POINT('',(-45.,-24.,3.));
#15888=CARTESIAN_POINT('',(-58.,24.,3.));
#15889=CARTESIAN_POINT('',(-58.,-12.,3.));
#15890=CARTESIAN_POINT('',(-80.,24.,3.));
#15891=CARTESIAN_POINT('',(-29.,24.,3.));
#15892=CARTESIAN_POINT('',(-80.,90.,3.));
#15893=CARTESIAN_POINT('',(-80.,90.,3.));
#15894=CARTESIAN_POINT('',(80.,90.,3.));
#15895=CARTESIAN_POINT('',(80.,90.,3.));
#15896=CARTESIAN_POINT('',(80.,-90.,3.));
#15897=CARTESIAN_POINT('Origin',(80.,90.,5.));
#15898=CARTESIAN_POINT('',(80.,-90.,5.));
#15899=CARTESIAN_POINT('',(80.,-90.,5.));
#15900=CARTESIAN_POINT('',(80.,-90.,5.));
#15901=CARTESIAN_POINT('Origin',(-58.,24.,5.));
#15902=CARTESIAN_POINT('',(-58.,24.,5.));
#15903=CARTESIAN_POINT('',(-58.,24.,5.));
#15904=CARTESIAN_POINT('',(-80.,24.,5.));
#15905=CARTESIAN_POINT('',(-29.,24.,5.));
#15906=CARTESIAN_POINT('',(-80.,24.,5.));
#15907=CARTESIAN_POINT('Origin',(-58.,-24.,5.));
#15908=CARTESIAN_POINT('',(-58.,-24.,5.));
#15909=CARTESIAN_POINT('',(-58.,-24.,5.));
#15910=CARTESIAN_POINT('',(-58.,-12.,5.));
#15911=CARTESIAN_POINT('Origin',(-90.,-24.,5.));
#15912=CARTESIAN_POINT('',(-80.,-24.,5.));
#15913=CARTESIAN_POINT('',(-80.,-24.,5.));
#15914=CARTESIAN_POINT('',(-45.,-24.,5.));
#15915=CARTESIAN_POINT('Origin',(0.,0.,5.));
#15916=CARTESIAN_POINT('',(80.,90.,5.));
#15917=CARTESIAN_POINT('',(80.,-90.,5.));
#15918=CARTESIAN_POINT('',(-80.,90.,5.));
#15919=CARTESIAN_POINT('',(80.,90.,5.));
#15920=CARTESIAN_POINT('',(-80.,90.,5.));
#15921=CARTESIAN_POINT('',(-80.,-90.,5.));
#15922=CARTESIAN_POINT('',(-80.,90.,5.));
#15923=CARTESIAN_POINT('',(-80.,-90.,5.));
#15924=CARTESIAN_POINT('Origin',(-80.,-90.,5.));
#15925=CARTESIAN_POINT('',(-80.,-90.,5.));
#15926=CARTESIAN_POINT('Origin',(-80.,-90.,5.));
#15927=CARTESIAN_POINT('',(-80.,90.,5.));
#15928=CARTESIAN_POINT('Origin',(-80.,90.,5.));
#15929=CARTESIAN_POINT('',(80.,90.,5.));
#15930=CARTESIAN_POINT('Origin',(80.,-90.,5.));
#15931=CARTESIAN_POINT('Origin',(80.,90.,5.));
#15932=CARTESIAN_POINT('',(0.,0.,0.));
#15933=CARTESIAN_POINT('Origin',(-80.,-85.,44.));
#15934=CARTESIAN_POINT('',(-80.,-85.,45.7));
#15935=CARTESIAN_POINT('Origin',(-80.,-85.,44.));
#15936=CARTESIAN_POINT('',(-78.,-85.,45.7));
#15937=CARTESIAN_POINT('',(-80.,-85.,45.7));
#15938=CARTESIAN_POINT('Origin',(-78.,-85.,44.));
#15939=CARTESIAN_POINT('Origin',(-80.,35.,44.));
#15940=CARTESIAN_POINT('',(-80.,35.,45.7));
#15941=CARTESIAN_POINT('Origin',(-80.,35.,44.));
#15942=CARTESIAN_POINT('',(-78.,35.,45.7));
#15943=CARTESIAN_POINT('',(-80.,35.,45.7));
#15944=CARTESIAN_POINT('Origin',(-78.,35.,44.));
#15945=CARTESIAN_POINT('Origin',(-80.,-26.,47.));
#15946=CARTESIAN_POINT('',(-80.,-26.,47.));
#15947=CARTESIAN_POINT('',(-80.,-26.,5.));
#15948=CARTESIAN_POINT('',(-80.,-26.,45.5));
#15949=CARTESIAN_POINT('',(-78.,-26.,47.));
#15950=CARTESIAN_POINT('',(-80.,-26.,47.));
#15951=CARTESIAN_POINT('',(-78.,-26.,5.));
#15952=CARTESIAN_POINT('',(-78.,-26.,45.5));
#15953=CARTESIAN_POINT('',(-80.,-26.,5.));
#15954=CARTESIAN_POINT('Origin',(-80.,26.,47.));
#15955=CARTESIAN_POINT('',(-80.,26.,47.));
#15956=CARTESIAN_POINT('',(-80.,13.,47.));
#15957=CARTESIAN_POINT('',(-78.,26.,47.));
#15958=CARTESIAN_POINT('',(-80.,26.,47.));
#15959=CARTESIAN_POINT('',(-78.,13.,47.));
#15960=CARTESIAN_POINT('Origin',(-80.,26.,-5.));
#15961=CARTESIAN_POINT('',(-80.,26.,5.));
#15962=CARTESIAN_POINT('',(-80.,26.,19.5));
#15963=CARTESIAN_POINT('',(-78.,26.,5.));
#15964=CARTESIAN_POINT('',(-80.,26.,5.));
#15965=CARTESIAN_POINT('',(-78.,26.,19.5));
#15966=CARTESIAN_POINT('Origin',(-78.,0.,44.));
#15967=CARTESIAN_POINT('',(-78.,40.,5.));
#15968=CARTESIAN_POINT('',(-78.,90.,5.));
#15969=CARTESIAN_POINT('',(-78.,40.,83.));
#15970=CARTESIAN_POINT('',(-78.,40.,74.5));
#15971=CARTESIAN_POINT('',(-78.,-90.,83.));
#15972=CARTESIAN_POINT('',(-78.,-90.,83.));
#15973=CARTESIAN_POINT('',(-78.,-90.,5.));
#15974=CARTESIAN_POINT('',(-78.,-90.,5.));
#15975=CARTESIAN_POINT('',(-78.,90.,5.));
#15976=CARTESIAN_POINT('Origin',(-80.,-90.,5.));
#15977=CARTESIAN_POINT('',(-80.,40.,5.));
#15978=CARTESIAN_POINT('',(-80.,90.,5.));
#15979=CARTESIAN_POINT('',(-80.,40.,5.));
#15980=CARTESIAN_POINT('Origin',(-80.,-90.,5.));
#15981=CARTESIAN_POINT('',(-80.,-90.,5.));
#15982=CARTESIAN_POINT('',(-80.,-90.,5.));
#15983=CARTESIAN_POINT('',(-80.,90.,5.));
#15984=CARTESIAN_POINT('Origin',(-80.,40.,105.));
#15985=CARTESIAN_POINT('',(-80.,40.,83.));
#15986=CARTESIAN_POINT('',(-80.,40.,83.));
#15987=CARTESIAN_POINT('',(-80.,40.,74.5));
#15988=CARTESIAN_POINT('Origin',(-80.,-90.,83.));
#15989=CARTESIAN_POINT('',(-80.,-90.,83.));
#15990=CARTESIAN_POINT('',(-80.,-90.,5.));
#15991=CARTESIAN_POINT('',(-80.,-90.,83.));
#15992=CARTESIAN_POINT('Origin',(-80.,90.,83.));
#15993=CARTESIAN_POINT('',(-80.,-90.,83.));
#15994=CARTESIAN_POINT('Origin',(-80.,0.,44.));
#15995=CARTESIAN_POINT('',(0.,0.,0.));
#15996=CARTESIAN_POINT('Origin',(80.,-85.,44.));
#15997=CARTESIAN_POINT('',(78.,-85.,45.7));
#15998=CARTESIAN_POINT('Origin',(78.,-85.,44.));
#15999=CARTESIAN_POINT('',(80.,-85.,45.7));
#16000=CARTESIAN_POINT('',(80.,-85.,45.7));
#16001=CARTESIAN_POINT('Origin',(80.,-85.,44.));
#16002=CARTESIAN_POINT('Origin',(80.,35.,44.));
#16003=CARTESIAN_POINT('',(78.,35.,45.7));
#16004=CARTESIAN_POINT('Origin',(78.,35.,44.));
#16005=CARTESIAN_POINT('',(80.,35.,45.7));
#16006=CARTESIAN_POINT('',(80.,35.,45.7));
#16007=CARTESIAN_POINT('Origin',(80.,35.,44.));
#16008=CARTESIAN_POINT('Origin',(80.,26.,-5.));
#16009=CARTESIAN_POINT('',(80.,26.,47.));
#16010=CARTESIAN_POINT('',(80.,26.,5.));
#16011=CARTESIAN_POINT('',(80.,26.,19.5));
#16012=CARTESIAN_POINT('',(78.,26.,47.));
#16013=CARTESIAN_POINT('',(80.,26.,47.));
#16014=CARTESIAN_POINT('',(78.,26.,5.));
#16015=CARTESIAN_POINT('',(78.,26.,19.5));
#16016=CARTESIAN_POINT('',(80.,26.,5.));
#16017=CARTESIAN_POINT('Origin',(80.,-26.,47.));
#16018=CARTESIAN_POINT('',(80.,-26.,5.));
#16019=CARTESIAN_POINT('',(80.,-26.,47.));
#16020=CARTESIAN_POINT('',(80.,-26.,45.5));
#16021=CARTESIAN_POINT('',(78.,-26.,5.));
#16022=CARTESIAN_POINT('',(80.,-26.,5.));
#16023=CARTESIAN_POINT('',(78.,-26.,47.));
#16024=CARTESIAN_POINT('',(78.,-26.,45.5));
#16025=CARTESIAN_POINT('',(80.,-26.,47.));
#16026=CARTESIAN_POINT('Origin',(80.,26.,47.));
#16027=CARTESIAN_POINT('',(80.,13.,47.));
#16028=CARTESIAN_POINT('',(78.,13.,47.));
#16029=CARTESIAN_POINT('Origin',(78.,0.,44.));
#16030=CARTESIAN_POINT('',(78.,-90.,5.));
#16031=CARTESIAN_POINT('',(78.,90.,5.));
#16032=CARTESIAN_POINT('',(78.,-90.,83.));
#16033=CARTESIAN_POINT('',(78.,-90.,5.));
#16034=CARTESIAN_POINT('',(78.,40.,83.));
#16035=CARTESIAN_POINT('',(78.,-90.,83.));
#16036=CARTESIAN_POINT('',(78.,40.,5.));
#16037=CARTESIAN_POINT('',(78.,40.,74.5));
#16038=CARTESIAN_POINT('',(78.,90.,5.));
#16039=CARTESIAN_POINT('Origin',(80.,90.,5.));
#16040=CARTESIAN_POINT('',(80.,-90.,5.));
#16041=CARTESIAN_POINT('',(80.,90.,5.));
#16042=CARTESIAN_POINT('',(80.,-90.,5.));
#16043=CARTESIAN_POINT('Origin',(80.,90.,5.));
#16044=CARTESIAN_POINT('',(80.,40.,5.));
#16045=CARTESIAN_POINT('',(80.,40.,5.));
#16046=CARTESIAN_POINT('',(80.,90.,5.));
#16047=CARTESIAN_POINT('Origin',(80.,40.,105.));
#16048=CARTESIAN_POINT('',(80.,40.,83.));
#16049=CARTESIAN_POINT('',(80.,40.,83.));
#16050=CARTESIAN_POINT('',(80.,40.,74.5));
#16051=CARTESIAN_POINT('Origin',(80.,-90.,83.));
#16052=CARTESIAN_POINT('',(80.,-90.,83.));
#16053=CARTESIAN_POINT('',(80.,-90.,83.));
#16054=CARTESIAN_POINT('',(80.,-90.,83.));
#16055=CARTESIAN_POINT('Origin',(80.,-90.,5.));
#16056=CARTESIAN_POINT('',(80.,-90.,5.));
#16057=CARTESIAN_POINT('Origin',(80.,0.,44.));
#16058=CARTESIAN_POINT('',(0.,0.,0.));
#16059=CARTESIAN_POINT('Origin',(42.,-70.,82.));
#16060=CARTESIAN_POINT('',(39.,-70.,83.));
#16061=CARTESIAN_POINT('Origin',(42.,-70.,83.));
#16062=CARTESIAN_POINT('',(39.,-70.,85.));
#16063=CARTESIAN_POINT('',(39.,-70.,82.));
#16064=CARTESIAN_POINT('Origin',(42.,-70.,85.));
#16065=CARTESIAN_POINT('Origin',(0.,24.75,81.));
#16066=CARTESIAN_POINT('',(-1.7,24.75,83.));
#16067=CARTESIAN_POINT('Origin',(0.,24.75,83.));
#16068=CARTESIAN_POINT('',(-1.7,24.75,85.));
#16069=CARTESIAN_POINT('',(-1.7,24.75,81.));
#16070=CARTESIAN_POINT('Origin',(0.,24.75,85.));
#16071=CARTESIAN_POINT('Origin',(-75.,35.,81.));
#16072=CARTESIAN_POINT('',(-76.7,35.,83.));
#16073=CARTESIAN_POINT('Origin',(-75.,35.,83.));
#16074=CARTESIAN_POINT('',(-76.7,35.,85.));
#16075=CARTESIAN_POINT('',(-76.7,35.,81.));
#16076=CARTESIAN_POINT('Origin',(-75.,35.,85.));
#16077=CARTESIAN_POINT('Origin',(75.,-85.,81.));
#16078=CARTESIAN_POINT('',(73.3,-85.,83.));
#16079=CARTESIAN_POINT('Origin',(75.,-85.,83.));
#16080=CARTESIAN_POINT('',(73.3,-85.,85.));
#16081=CARTESIAN_POINT('',(73.3,-85.,81.));
#16082=CARTESIAN_POINT('Origin',(75.,-85.,85.));
#16083=CARTESIAN_POINT('Origin',(-75.,-85.,81.));
#16084=CARTESIAN_POINT('',(-76.7,-85.,83.));
#16085=CARTESIAN_POINT('Origin',(-75.,-85.,83.));
#16086=CARTESIAN_POINT('',(-76.7,-85.,85.));
#16087=CARTESIAN_POINT('',(-76.7,-85.,81.));
#16088=CARTESIAN_POINT('Origin',(-75.,-85.,85.));
#16089=CARTESIAN_POINT('Origin',(75.,35.,81.));
#16090=CARTESIAN_POINT('',(73.3,35.,83.));
#16091=CARTESIAN_POINT('Origin',(75.,35.,83.));
#16092=CARTESIAN_POINT('',(73.3,35.,85.));
#16093=CARTESIAN_POINT('',(73.3,35.,81.));
#16094=CARTESIAN_POINT('Origin',(75.,35.,85.));
#16095=CARTESIAN_POINT('Origin',(0.,-24.75,81.));
#16096=CARTESIAN_POINT('',(-1.7,-24.75,83.));
#16097=CARTESIAN_POINT('Origin',(0.,-24.75,83.));
#16098=CARTESIAN_POINT('',(-1.7,-24.75,85.));
#16099=CARTESIAN_POINT('',(-1.7,-24.75,81.));
#16100=CARTESIAN_POINT('Origin',(0.,-24.75,85.));
#16101=CARTESIAN_POINT('Origin',(-80.,-90.,83.));
#16102=CARTESIAN_POINT('',(-80.,-90.,83.));
#16103=CARTESIAN_POINT('',(80.,-90.,83.));
#16104=CARTESIAN_POINT('',(-80.,-90.,83.));
#16105=CARTESIAN_POINT('',(80.,-90.,85.));
#16106=CARTESIAN_POINT('',(80.,-90.,83.));
#16107=CARTESIAN_POINT('',(-80.,-90.,85.));
#16108=CARTESIAN_POINT('',(-80.,-90.,85.));
#16109=CARTESIAN_POINT('',(-80.,-90.,83.));
#16110=CARTESIAN_POINT('Origin',(-80.,90.,83.));
#16111=CARTESIAN_POINT('',(-80.,90.,83.));
#16112=CARTESIAN_POINT('',(-80.,90.,83.));
#16113=CARTESIAN_POINT('',(-80.,90.,85.));
#16114=CARTESIAN_POINT('',(-80.,90.,85.));
#16115=CARTESIAN_POINT('',(-80.,90.,83.));
#16116=CARTESIAN_POINT('Origin',(80.,90.,83.));
#16117=CARTESIAN_POINT('',(80.,90.,83.));
#16118=CARTESIAN_POINT('',(80.,90.,83.));
#16119=CARTESIAN_POINT('',(80.,90.,85.));
#16120=CARTESIAN_POINT('',(80.,90.,85.));
#16121=CARTESIAN_POINT('',(80.,90.,83.));
#16122=CARTESIAN_POINT('Origin',(80.,-90.,83.));
#16123=CARTESIAN_POINT('',(80.,-90.,83.));
#16124=CARTESIAN_POINT('',(80.,-90.,85.));
#16125=CARTESIAN_POINT('Origin',(0.,0.,85.));
#16126=CARTESIAN_POINT('Origin',(0.,0.,83.));
#16127=CARTESIAN_POINT('',(0.,0.,0.));
#16128=CARTESIAN_POINT('Origin',(-73.,80.,15.));
#16129=CARTESIAN_POINT('',(-74.0852910550217,80.6201961995127,15.));
#16130=CARTESIAN_POINT('',(-71.9147089449783,80.6201961995127,15.));
#16131=CARTESIAN_POINT('',(-54.,80.6201961995127,15.));
#16132=CARTESIAN_POINT('Origin',(-73.,80.,15.));
#16133=CARTESIAN_POINT('Origin',(-73.,80.,5.));
#16134=CARTESIAN_POINT('Origin',(-73.,80.,15.9675060712398));
#16135=CARTESIAN_POINT('Origin',(-35.,85.427888507205,7.5));
#16136=CARTESIAN_POINT('',(-35.,85.427888507205,7.5));
#16137=CARTESIAN_POINT('',(-35.,42.5,7.5));
#16138=CARTESIAN_POINT('',(-35.,75.2139442536025,7.5));
#16139=CARTESIAN_POINT('',(-77.5,85.427888507205,7.5));
#16140=CARTESIAN_POINT('',(-35.,85.427888507205,7.5));
#16141=CARTESIAN_POINT('',(-77.5,42.5,7.5));
#16142=CARTESIAN_POINT('',(-77.5,42.5,7.5));
#16143=CARTESIAN_POINT('',(-35.,42.5,7.5));
#16144=CARTESIAN_POINT('',(-74.7,80.,7.5));
#16145=CARTESIAN_POINT('Origin',(-73.,80.,7.5));
#16146=CARTESIAN_POINT('',(-51.7,50.,7.5));
#16147=CARTESIAN_POINT('Origin',(-50.,50.,7.5));
#16148=CARTESIAN_POINT('Origin',(-35.,42.5,74.4675060712398));
#16149=CARTESIAN_POINT('',(-35.,42.5,74.4675060712398));
#16150=CARTESIAN_POINT('',(-35.,52.6976510762952,58.5591703922194));
#16151=CARTESIAN_POINT('',(-77.5,42.5,74.4675060712398));
#16152=CARTESIAN_POINT('',(-35.,42.5,74.4675060712398));
#16153=CARTESIAN_POINT('',(-77.5,85.427888507205,7.5));
#16154=CARTESIAN_POINT('Origin',(-35.,42.5,7.5));
#16155=CARTESIAN_POINT('',(-35.,42.5,25.75));
#16156=CARTESIAN_POINT('',(-77.5,42.5,74.4675060712398));
#16157=CARTESIAN_POINT('Origin',(-77.5,63.9639442536025,40.9837530356199));
#16158=CARTESIAN_POINT('Origin',(-73.,80.,0.));
#16159=CARTESIAN_POINT('',(-74.7,80.,5.));
#16160=CARTESIAN_POINT('Origin',(-73.,80.,5.));
#16161=CARTESIAN_POINT('',(-74.7,80.,0.));
#16162=CARTESIAN_POINT('Origin',(-50.,50.,0.));
#16163=CARTESIAN_POINT('',(-51.7,50.,5.));
#16164=CARTESIAN_POINT('Origin',(-50.,50.,5.));
#16165=CARTESIAN_POINT('',(-51.7,50.,0.));
#16166=CARTESIAN_POINT('Origin',(-80.,90.,5.));
#16167=CARTESIAN_POINT('',(-80.,40.,83.));
#16168=CARTESIAN_POINT('',(-80.,90.,5.));
#16169=CARTESIAN_POINT('',(-80.,40.,83.));
#16170=CARTESIAN_POINT('',(-35.,40.,83.));
#16171=CARTESIAN_POINT('',(-80.,40.,83.));
#16172=CARTESIAN_POINT('',(-35.,90.,5.));
#16173=CARTESIAN_POINT('',(-35.,40.,83.));
#16174=CARTESIAN_POINT('',(-80.,90.,5.));
#16175=CARTESIAN_POINT('Origin',(-80.,40.,5.));
#16176=CARTESIAN_POINT('',(-80.,40.,5.));
#16177=CARTESIAN_POINT('',(-80.,90.,5.));
#16178=CARTESIAN_POINT('',(-35.,40.,5.));
#16179=CARTESIAN_POINT('',(-35.,90.,5.));
#16180=CARTESIAN_POINT('',(-80.,40.,5.));
#16181=CARTESIAN_POINT('Origin',(-80.,40.,83.));
#16182=CARTESIAN_POINT('',(-80.,40.,5.));
#16183=CARTESIAN_POINT('',(-35.,40.,5.));
#16184=CARTESIAN_POINT('Origin',(-35.,65.,44.));
#16185=CARTESIAN_POINT('Origin',(-80.,65.,44.));
#16186=CARTESIAN_POINT('',(0.,0.,0.));
#16187=CARTESIAN_POINT('Origin',(73.,80.,15.));
#16188=CARTESIAN_POINT('',(71.9147089449783,80.6201961995127,15.));
#16189=CARTESIAN_POINT('',(74.0852910550217,80.6201961995127,15.));
#16190=CARTESIAN_POINT('',(54.,80.6201961995127,15.));
#16191=CARTESIAN_POINT('Origin',(73.,80.,15.));
#16192=CARTESIAN_POINT('Origin',(73.,80.,5.));
#16193=CARTESIAN_POINT('Origin',(73.,80.,15.9675060712398));
#16194=CARTESIAN_POINT('Origin',(35.,85.427888507205,7.5));
#16195=CARTESIAN_POINT('',(35.,85.427888507205,7.5));
#16196=CARTESIAN_POINT('',(35.,42.5,74.4675060712398));
#16197=CARTESIAN_POINT('',(35.,74.1615953298977,25.0754173565995));
#16198=CARTESIAN_POINT('',(77.5,85.427888507205,7.5));
#16199=CARTESIAN_POINT('',(35.,85.427888507205,7.5));
#16200=CARTESIAN_POINT('',(77.5,42.5,74.4675060712398));
#16201=CARTESIAN_POINT('',(77.5,85.427888507205,7.5));
#16202=CARTESIAN_POINT('',(35.,42.5,74.4675060712398));
#16203=CARTESIAN_POINT('Origin',(35.,42.5,7.5));
#16204=CARTESIAN_POINT('',(35.,42.5,7.5));
#16205=CARTESIAN_POINT('',(35.,53.75,7.5));
#16206=CARTESIAN_POINT('',(77.5,42.5,7.5));
#16207=CARTESIAN_POINT('',(35.,42.5,7.5));
#16208=CARTESIAN_POINT('',(77.5,42.5,7.5));
#16209=CARTESIAN_POINT('',(48.3,50.,7.5));
#16210=CARTESIAN_POINT('Origin',(50.,50.,7.5));
#16211=CARTESIAN_POINT('',(71.3,80.,7.5));
#16212=CARTESIAN_POINT('Origin',(73.,80.,7.5));
#16213=CARTESIAN_POINT('Origin',(35.,42.5,74.4675060712398));
#16214=CARTESIAN_POINT('',(35.,42.5,59.2337530356199));
#16215=CARTESIAN_POINT('',(77.5,42.5,74.4675060712398));
#16216=CARTESIAN_POINT('Origin',(77.5,63.9639442536025,40.9837530356199));
#16217=CARTESIAN_POINT('Origin',(73.,80.,0.));
#16218=CARTESIAN_POINT('',(71.3,80.,5.));
#16219=CARTESIAN_POINT('Origin',(73.,80.,5.));
#16220=CARTESIAN_POINT('',(71.3,80.,0.));
#16221=CARTESIAN_POINT('Origin',(50.,50.,0.));
#16222=CARTESIAN_POINT('',(48.3,50.,5.));
#16223=CARTESIAN_POINT('Origin',(50.,50.,5.));
#16224=CARTESIAN_POINT('',(48.3,50.,0.));
#16225=CARTESIAN_POINT('Origin',(80.,90.,5.));
#16226=CARTESIAN_POINT('',(80.,90.,5.));
#16227=CARTESIAN_POINT('',(80.,40.,5.));
#16228=CARTESIAN_POINT('',(80.,90.,5.));
#16229=CARTESIAN_POINT('',(35.,40.,5.));
#16230=CARTESIAN_POINT('',(80.,40.,5.));
#16231=CARTESIAN_POINT('',(35.,90.,5.));
#16232=CARTESIAN_POINT('',(35.,90.,5.));
#16233=CARTESIAN_POINT('',(80.,90.,5.));
#16234=CARTESIAN_POINT('Origin',(80.,40.,83.));
#16235=CARTESIAN_POINT('',(80.,40.,83.));
#16236=CARTESIAN_POINT('',(80.,40.,83.));
#16237=CARTESIAN_POINT('',(35.,40.,83.));
#16238=CARTESIAN_POINT('',(35.,40.,83.));
#16239=CARTESIAN_POINT('',(80.,40.,83.));
#16240=CARTESIAN_POINT('Origin',(80.,40.,5.));
#16241=CARTESIAN_POINT('',(80.,40.,5.));
#16242=CARTESIAN_POINT('',(35.,40.,5.));
#16243=CARTESIAN_POINT('Origin',(80.,65.,44.));
#16244=CARTESIAN_POINT('Origin',(35.,65.,44.));
#16245=CARTESIAN_POINT('',(0.,0.,0.));
#16246=CARTESIAN_POINT('Origin',(0.,35.,44.));
#16247=CARTESIAN_POINT('',(-77.7271780286589,36.25,44.));
#16248=CARTESIAN_POINT('',(-78.,35.,45.25));
#16249=CARTESIAN_POINT('Ctrl Pts',(-77.7271780286589,36.25,44.));
#16250=CARTESIAN_POINT('Ctrl Pts',(-77.7271780286589,36.25,44.159180142775));
#16251=CARTESIAN_POINT('Ctrl Pts',(-77.7425911552851,36.2177886377558,44.3274083088824));
#16252=CARTESIAN_POINT('Ctrl Pts',(-77.7959642377917,36.0896784059584,44.6346706079299));
#16253=CARTESIAN_POINT('Ctrl Pts',(-77.8329297249278,35.9938577153043,44.773909237662));
#16254=CARTESIAN_POINT('Ctrl Pts',(-77.9007017731149,35.7740421302726,44.9937248226937));
#16255=CARTESIAN_POINT('Ctrl Pts',(-77.9362124722172,35.6347539743335,45.0896458410237));
#16256=CARTESIAN_POINT('Ctrl Pts',(-77.9861570524429,35.3272955115955,45.2178334734283));
#16257=CARTESIAN_POINT('Ctrl Pts',(-78.,35.1589877898662,45.25));
#16258=CARTESIAN_POINT('Ctrl Pts',(-78.,35.,45.25));
#16259=CARTESIAN_POINT('',(-78.,35.,42.75));
#16260=CARTESIAN_POINT('Ctrl Pts',(-78.,35.,42.75));
#16261=CARTESIAN_POINT('Ctrl Pts',(-78.,35.1589877898662,42.75));
#16262=CARTESIAN_POINT('Ctrl Pts',(-77.9861570524429,35.3272955115954,42.7821665265717));
#16263=CARTESIAN_POINT('Ctrl Pts',(-77.9362124722172,35.6347539743335,42.9103541589763));
#16264=CARTESIAN_POINT('Ctrl Pts',(-77.9007017731149,35.7740421302726,43.0062751773063));
#16265=CARTESIAN_POINT('Ctrl Pts',(-77.8329297249278,35.9938577153043,43.226090762338));
#16266=CARTESIAN_POINT('Ctrl Pts',(-77.7959642377917,36.0896784059584,43.3653293920701));
#16267=CARTESIAN_POINT('Ctrl Pts',(-77.7425911552851,36.2177886377558,43.6725916911176));
#16268=CARTESIAN_POINT('Ctrl Pts',(-77.7271780286589,36.25,43.840819857225));
#16269=CARTESIAN_POINT('Ctrl Pts',(-77.7271780286589,36.25,44.));
#16270=CARTESIAN_POINT('Ctrl Pts',(-78.,35.,45.25));
#16271=CARTESIAN_POINT('Ctrl Pts',(-78.,34.8410122101338,45.25));
#16272=CARTESIAN_POINT('Ctrl Pts',(-77.9861570524429,34.6727044884046,45.2178334734283));
#16273=CARTESIAN_POINT('Ctrl Pts',(-77.9362124722172,34.3652460256665,45.0896458410237));
#16274=CARTESIAN_POINT('Ctrl Pts',(-77.9007017731149,34.2259578697274,44.9937248226937));
#16275=CARTESIAN_POINT('Ctrl Pts',(-77.8329297249278,34.0061422846957,44.773909237662));
#16276=CARTESIAN_POINT('Ctrl Pts',(-77.7959642377917,33.9103215940416,44.6346706079299));
#16277=CARTESIAN_POINT('Ctrl Pts',(-77.7425911552851,33.7822113622442,44.3274083088824));
#16278=CARTESIAN_POINT('Ctrl Pts',(-77.7271780286589,33.75,44.159180142775));
#16279=CARTESIAN_POINT('Ctrl Pts',(-77.7271780286589,33.75,43.8408198572251));
#16280=CARTESIAN_POINT('Ctrl Pts',(-77.7425911552851,33.7822113622442,43.6725916911176));
#16281=CARTESIAN_POINT('Ctrl Pts',(-77.7959642377917,33.9103215940416,43.3653293920702));
#16282=CARTESIAN_POINT('Ctrl Pts',(-77.8329297249278,34.0061422846957,43.226090762338));
#16283=CARTESIAN_POINT('Ctrl Pts',(-77.9007017731149,34.2259578697274,43.0062751773063));
#16284=CARTESIAN_POINT('Ctrl Pts',(-77.9362124722172,34.3652460256665,42.9103541589763));
#16285=CARTESIAN_POINT('Ctrl Pts',(-77.9861570524429,34.6727044884045,42.7821665265717));
#16286=CARTESIAN_POINT('Ctrl Pts',(-78.,34.8410122101338,42.75));
#16287=CARTESIAN_POINT('Ctrl Pts',(-78.,35.,42.75));
#16288=CARTESIAN_POINT('',(-72.,35.,45.25));
#16289=CARTESIAN_POINT('',(0.,35.,45.25));
#16290=CARTESIAN_POINT('',(-72.2728219713411,36.25,44.));
#16291=CARTESIAN_POINT('Ctrl Pts',(-72.2728219713411,36.25,44.));
#16292=CARTESIAN_POINT('Ctrl Pts',(-72.2728219713411,36.25,43.840819857225));
#16293=CARTESIAN_POINT('Ctrl Pts',(-72.2574088447149,36.2177886377558,43.6725916911176));
#16294=CARTESIAN_POINT('Ctrl Pts',(-72.2040357622083,36.0896784059584,43.3653293920701));
#16295=CARTESIAN_POINT('Ctrl Pts',(-72.1670702750722,35.9938577153043,43.226090762338));
#16296=CARTESIAN_POINT('Ctrl Pts',(-72.0992982268851,35.7740421302726,43.0062751773063));
#16297=CARTESIAN_POINT('Ctrl Pts',(-72.0637875277828,35.6347539743335,42.9103541589763));
#16298=CARTESIAN_POINT('Ctrl Pts',(-72.0138429475571,35.3272955115955,42.7821665265717));
#16299=CARTESIAN_POINT('Ctrl Pts',(-72.,35.1589877898662,42.75));
#16300=CARTESIAN_POINT('Ctrl Pts',(-72.,34.8410122101338,42.75));
#16301=CARTESIAN_POINT('Ctrl Pts',(-72.0138429475571,34.6727044884045,42.7821665265717));
#16302=CARTESIAN_POINT('Ctrl Pts',(-72.0637875277828,34.3652460256665,42.9103541589763));
#16303=CARTESIAN_POINT('Ctrl Pts',(-72.0992982268851,34.2259578697274,43.0062751773063));
#16304=CARTESIAN_POINT('Ctrl Pts',(-72.1670702750722,34.0061422846957,43.226090762338));
#16305=CARTESIAN_POINT('Ctrl Pts',(-72.2040357622083,33.9103215940416,43.3653293920702));
#16306=CARTESIAN_POINT('Ctrl Pts',(-72.2574088447149,33.7822113622442,43.6725916911176));
#16307=CARTESIAN_POINT('Ctrl Pts',(-72.2728219713411,33.75,43.8408198572251));
#16308=CARTESIAN_POINT('Ctrl Pts',(-72.2728219713411,33.75,44.159180142775));
#16309=CARTESIAN_POINT('Ctrl Pts',(-72.2574088447149,33.7822113622442,44.3274083088824));
#16310=CARTESIAN_POINT('Ctrl Pts',(-72.2040357622083,33.9103215940416,44.6346706079299));
#16311=CARTESIAN_POINT('Ctrl Pts',(-72.1670702750722,34.0061422846957,44.773909237662));
#16312=CARTESIAN_POINT('Ctrl Pts',(-72.0992982268851,34.2259578697274,44.9937248226937));
#16313=CARTESIAN_POINT('Ctrl Pts',(-72.0637875277828,34.3652460256665,45.0896458410237));
#16314=CARTESIAN_POINT('Ctrl Pts',(-72.013842947557,34.6727044884045,45.2178334734283));
#16315=CARTESIAN_POINT('Ctrl Pts',(-72.,34.8410122101338,45.25));
#16316=CARTESIAN_POINT('Ctrl Pts',(-72.,35.,45.25));
#16317=CARTESIAN_POINT('Ctrl Pts',(-72.,35.,45.25));
#16318=CARTESIAN_POINT('Ctrl Pts',(-72.,35.1589877898662,45.25));
#16319=CARTESIAN_POINT('Ctrl Pts',(-72.0138429475571,35.3272955115954,45.2178334734283));
#16320=CARTESIAN_POINT('Ctrl Pts',(-72.0637875277828,35.6347539743335,45.0896458410237));
#16321=CARTESIAN_POINT('Ctrl Pts',(-72.0992982268851,35.7740421302726,44.9937248226937));
#16322=CARTESIAN_POINT('Ctrl Pts',(-72.1670702750722,35.9938577153043,44.773909237662));
#16323=CARTESIAN_POINT('Ctrl Pts',(-72.2040357622083,36.0896784059584,44.6346706079299));
#16324=CARTESIAN_POINT('Ctrl Pts',(-72.2574088447149,36.2177886377558,44.3274083088824));
#16325=CARTESIAN_POINT('Ctrl Pts',(-72.2728219713411,36.25,44.159180142775));
#16326=CARTESIAN_POINT('Ctrl Pts',(-72.2728219713411,36.25,44.));
#16327=CARTESIAN_POINT('Origin',(-75.,35.,83.));
#16328=CARTESIAN_POINT('',(-76.25,35.,83.));
#16329=CARTESIAN_POINT('Origin',(-75.,35.,83.));
#16330=CARTESIAN_POINT('',(-76.25,35.,73.));
#16331=CARTESIAN_POINT('',(-76.25,35.,83.));
#16332=CARTESIAN_POINT('Origin',(-75.,35.,73.));
#16333=CARTESIAN_POINT('Origin',(-75.,35.,73.));
#16334=CARTESIAN_POINT('Origin',(-75.,35.,5.));
#16335=CARTESIAN_POINT('',(-76.25,35.,5.));
#16336=CARTESIAN_POINT('Origin',(-75.,35.,5.));
#16337=CARTESIAN_POINT('',(-76.25,35.,15.));
#16338=CARTESIAN_POINT('',(-76.25,35.,5.));
#16339=CARTESIAN_POINT('Origin',(-75.,35.,15.));
#16340=CARTESIAN_POINT('Origin',(-75.,35.,15.));
#16341=CARTESIAN_POINT('Origin',(-75.,35.,5.));
#16342=CARTESIAN_POINT('',(-78.,35.,83.));
#16343=CARTESIAN_POINT('Origin',(-75.,35.,83.));
#16344=CARTESIAN_POINT('',(-78.,35.,5.));
#16345=CARTESIAN_POINT('',(-78.,35.,5.));
#16346=CARTESIAN_POINT('',(-78.,35.,5.));
#16347=CARTESIAN_POINT('Origin',(-75.,35.,5.));
#16348=CARTESIAN_POINT('Origin',(-75.,35.,83.));
#16349=CARTESIAN_POINT('Origin',(-75.,35.,5.));
#16350=CARTESIAN_POINT('Origin',(75.,0.,55.));
#16351=CARTESIAN_POINT('',(73.75,-87.7271780286589,55.));
#16352=CARTESIAN_POINT('Ctrl Pts',(73.75,-87.7271780286589,55.));
#16353=CARTESIAN_POINT('Ctrl Pts',(73.75,-87.7271780286589,55.1591801427749));
#16354=CARTESIAN_POINT('Ctrl Pts',(73.7822113622442,-87.7425911552851,55.3274083088824));
#16355=CARTESIAN_POINT('Ctrl Pts',(73.9103215940416,-87.7959642377917,55.6346706079298));
#16356=CARTESIAN_POINT('Ctrl Pts',(74.0061422846957,-87.8329297249278,55.773909237662));
#16357=CARTESIAN_POINT('Ctrl Pts',(74.2259578697274,-87.9007017731149,55.9937248226937));
#16358=CARTESIAN_POINT('Ctrl Pts',(74.3652460256665,-87.9362124722172,56.0896458410237));
#16359=CARTESIAN_POINT('Ctrl Pts',(74.6727044884045,-87.986157052443,56.2178334734283));
#16360=CARTESIAN_POINT('Ctrl Pts',(74.8410122101338,-88.,56.25));
#16361=CARTESIAN_POINT('Ctrl Pts',(75.1589877898662,-88.,56.25));
#16362=CARTESIAN_POINT('Ctrl Pts',(75.3272955115955,-87.986157052443,56.2178334734283));
#16363=CARTESIAN_POINT('Ctrl Pts',(75.6347539743335,-87.9362124722172,56.0896458410237));
#16364=CARTESIAN_POINT('Ctrl Pts',(75.7740421302726,-87.9007017731149,55.9937248226937));
#16365=CARTESIAN_POINT('Ctrl Pts',(75.9938577153043,-87.8329297249278,55.773909237662));
#16366=CARTESIAN_POINT('Ctrl Pts',(76.0896784059584,-87.7959642377917,55.6346706079298));
#16367=CARTESIAN_POINT('Ctrl Pts',(76.2177886377558,-87.7425911552851,55.3274083088824));
#16368=CARTESIAN_POINT('Ctrl Pts',(76.25,-87.7271780286589,55.1591801427749));
#16369=CARTESIAN_POINT('Ctrl Pts',(76.25,-87.7271780286589,54.840819857225));
#16370=CARTESIAN_POINT('Ctrl Pts',(76.2177886377558,-87.7425911552851,54.6725916911176));
#16371=CARTESIAN_POINT('Ctrl Pts',(76.0896784059584,-87.7959642377917,54.3653293920701));
#16372=CARTESIAN_POINT('Ctrl Pts',(75.9938577153043,-87.8329297249278,54.2260907623379));
#16373=CARTESIAN_POINT('Ctrl Pts',(75.7740421302726,-87.9007017731149,54.0062751773063));
#16374=CARTESIAN_POINT('Ctrl Pts',(75.6347539743335,-87.9362124722172,53.9103541589763));
#16375=CARTESIAN_POINT('Ctrl Pts',(75.3272955115954,-87.9861570524429,53.7821665265717));
#16376=CARTESIAN_POINT('Ctrl Pts',(75.1589877898662,-88.,53.75));
#16377=CARTESIAN_POINT('Ctrl Pts',(74.8410122101338,-88.,53.75));
#16378=CARTESIAN_POINT('Ctrl Pts',(74.6727044884045,-87.9861570524429,53.7821665265717));
#16379=CARTESIAN_POINT('Ctrl Pts',(74.3652460256665,-87.9362124722172,53.9103541589763));
#16380=CARTESIAN_POINT('Ctrl Pts',(74.2259578697274,-87.9007017731149,54.0062751773063));
#16381=CARTESIAN_POINT('Ctrl Pts',(74.0061422846957,-87.8329297249278,54.2260907623379));
#16382=CARTESIAN_POINT('Ctrl Pts',(73.9103215940416,-87.7959642377917,54.3653293920701));
#16383=CARTESIAN_POINT('Ctrl Pts',(73.7822113622442,-87.7425911552851,54.6725916911176));
#16384=CARTESIAN_POINT('Ctrl Pts',(73.75,-87.7271780286589,54.840819857225));
#16385=CARTESIAN_POINT('Ctrl Pts',(73.75,-87.7271780286589,55.));
#16386=CARTESIAN_POINT('',(73.75,-82.2728219713411,55.));
#16387=CARTESIAN_POINT('',(73.75,0.,55.));
#16388=CARTESIAN_POINT('Ctrl Pts',(73.75,-82.2728219713411,55.));
#16389=CARTESIAN_POINT('Ctrl Pts',(73.75,-82.2728219713411,54.840819857225));
#16390=CARTESIAN_POINT('Ctrl Pts',(73.7822113622442,-82.2574088447149,54.6725916911176));
#16391=CARTESIAN_POINT('Ctrl Pts',(73.9103215940416,-82.2040357622083,54.3653293920701));
#16392=CARTESIAN_POINT('Ctrl Pts',(74.0061422846957,-82.1670702750722,54.2260907623379));
#16393=CARTESIAN_POINT('Ctrl Pts',(74.2259578697274,-82.0992982268851,54.0062751773063));
#16394=CARTESIAN_POINT('Ctrl Pts',(74.3652460256665,-82.0637875277828,53.9103541589763));
#16395=CARTESIAN_POINT('Ctrl Pts',(74.6727044884045,-82.0138429475571,53.7821665265717));
#16396=CARTESIAN_POINT('Ctrl Pts',(74.8410122101338,-82.,53.75));
#16397=CARTESIAN_POINT('Ctrl Pts',(75.1589877898662,-82.,53.75));
#16398=CARTESIAN_POINT('Ctrl Pts',(75.3272955115955,-82.0138429475571,53.7821665265717));
#16399=CARTESIAN_POINT('Ctrl Pts',(75.6347539743335,-82.0637875277828,53.9103541589763));
#16400=CARTESIAN_POINT('Ctrl Pts',(75.7740421302726,-82.0992982268851,54.0062751773063));
#16401=CARTESIAN_POINT('Ctrl Pts',(75.9938577153043,-82.1670702750722,54.2260907623379));
#16402=CARTESIAN_POINT('Ctrl Pts',(76.0896784059584,-82.2040357622083,54.3653293920701));
#16403=CARTESIAN_POINT('Ctrl Pts',(76.2177886377558,-82.2574088447149,54.6725916911176));
#16404=CARTESIAN_POINT('Ctrl Pts',(76.25,-82.2728219713411,54.840819857225));
#16405=CARTESIAN_POINT('Ctrl Pts',(76.25,-82.2728219713411,55.1591801427749));
#16406=CARTESIAN_POINT('Ctrl Pts',(76.2177886377558,-82.2574088447149,55.3274083088824));
#16407=CARTESIAN_POINT('Ctrl Pts',(76.0896784059584,-82.2040357622083,55.6346706079299));
#16408=CARTESIAN_POINT('Ctrl Pts',(75.9938577153043,-82.1670702750722,55.773909237662));
#16409=CARTESIAN_POINT('Ctrl Pts',(75.7740421302726,-82.0992982268851,55.9937248226937));
#16410=CARTESIAN_POINT('Ctrl Pts',(75.6347539743335,-82.0637875277828,56.0896458410237));
#16411=CARTESIAN_POINT('Ctrl Pts',(75.3272955115954,-82.0138429475571,56.2178334734283));
#16412=CARTESIAN_POINT('Ctrl Pts',(75.1589877898662,-82.,56.25));
#16413=CARTESIAN_POINT('Ctrl Pts',(74.8410122101338,-82.,56.25));
#16414=CARTESIAN_POINT('Ctrl Pts',(74.6727044884045,-82.013842947557,56.2178334734283));
#16415=CARTESIAN_POINT('Ctrl Pts',(74.3652460256665,-82.0637875277828,56.0896458410237));
#16416=CARTESIAN_POINT('Ctrl Pts',(74.2259578697274,-82.0992982268851,55.9937248226937));
#16417=CARTESIAN_POINT('Ctrl Pts',(74.0061422846957,-82.1670702750722,55.773909237662));
#16418=CARTESIAN_POINT('Ctrl Pts',(73.9103215940416,-82.2040357622083,55.6346706079298));
#16419=CARTESIAN_POINT('Ctrl Pts',(73.7822113622442,-82.2574088447149,55.3274083088824));
#16420=CARTESIAN_POINT('Ctrl Pts',(73.75,-82.2728219713411,55.1591801427749));
#16421=CARTESIAN_POINT('Ctrl Pts',(73.75,-82.2728219713411,55.));
#16422=CARTESIAN_POINT('Origin',(75.,0.,20.));
#16423=CARTESIAN_POINT('',(73.75,-87.7271780286589,20.));
#16424=CARTESIAN_POINT('Ctrl Pts',(73.75,-87.7271780286589,20.));
#16425=CARTESIAN_POINT('Ctrl Pts',(73.75,-87.7271780286589,20.159180142775));
#16426=CARTESIAN_POINT('Ctrl Pts',(73.7822113622442,-87.7425911552851,20.3274083088824));
#16427=CARTESIAN_POINT('Ctrl Pts',(73.9103215940416,-87.7959642377917,20.6346706079299));
#16428=CARTESIAN_POINT('Ctrl Pts',(74.0061422846957,-87.8329297249278,20.773909237662));
#16429=CARTESIAN_POINT('Ctrl Pts',(74.2259578697274,-87.9007017731149,20.9937248226937));
#16430=CARTESIAN_POINT('Ctrl Pts',(74.3652460256665,-87.9362124722172,21.0896458410237));
#16431=CARTESIAN_POINT('Ctrl Pts',(74.6727044884046,-87.9861570524429,21.2178334734283));
#16432=CARTESIAN_POINT('Ctrl Pts',(74.8410122101338,-88.,21.25));
#16433=CARTESIAN_POINT('Ctrl Pts',(75.1589877898662,-88.,21.25));
#16434=CARTESIAN_POINT('Ctrl Pts',(75.3272955115955,-87.9861570524429,21.2178334734283));
#16435=CARTESIAN_POINT('Ctrl Pts',(75.6347539743335,-87.9362124722172,21.0896458410237));
#16436=CARTESIAN_POINT('Ctrl Pts',(75.7740421302726,-87.9007017731149,20.9937248226937));
#16437=CARTESIAN_POINT('Ctrl Pts',(75.9938577153043,-87.8329297249278,20.773909237662));
#16438=CARTESIAN_POINT('Ctrl Pts',(76.0896784059584,-87.7959642377917,20.6346706079299));
#16439=CARTESIAN_POINT('Ctrl Pts',(76.2177886377558,-87.7425911552851,20.3274083088824));
#16440=CARTESIAN_POINT('Ctrl Pts',(76.25,-87.7271780286589,20.159180142775));
#16441=CARTESIAN_POINT('Ctrl Pts',(76.25,-87.7271780286589,19.840819857225));
#16442=CARTESIAN_POINT('Ctrl Pts',(76.2177886377558,-87.7425911552851,19.6725916911176));
#16443=CARTESIAN_POINT('Ctrl Pts',(76.0896784059584,-87.7959642377917,19.3653293920701));
#16444=CARTESIAN_POINT('Ctrl Pts',(75.9938577153043,-87.8329297249278,19.226090762338));
#16445=CARTESIAN_POINT('Ctrl Pts',(75.7740421302726,-87.9007017731149,19.0062751773063));
#16446=CARTESIAN_POINT('Ctrl Pts',(75.6347539743335,-87.9362124722172,18.9103541589763));
#16447=CARTESIAN_POINT('Ctrl Pts',(75.3272955115955,-87.9861570524429,18.7821665265717));
#16448=CARTESIAN_POINT('Ctrl Pts',(75.1589877898662,-88.,18.75));
#16449=CARTESIAN_POINT('Ctrl Pts',(74.8410122101338,-88.,18.75));
#16450=CARTESIAN_POINT('Ctrl Pts',(74.6727044884045,-87.9861570524429,18.7821665265717));
#16451=CARTESIAN_POINT('Ctrl Pts',(74.3652460256665,-87.9362124722172,18.9103541589763));
#16452=CARTESIAN_POINT('Ctrl Pts',(74.2259578697274,-87.9007017731149,19.0062751773063));
#16453=CARTESIAN_POINT('Ctrl Pts',(74.0061422846957,-87.8329297249278,19.226090762338));
#16454=CARTESIAN_POINT('Ctrl Pts',(73.9103215940416,-87.7959642377917,19.3653293920701));
#16455=CARTESIAN_POINT('Ctrl Pts',(73.7822113622442,-87.7425911552851,19.6725916911176));
#16456=CARTESIAN_POINT('Ctrl Pts',(73.75,-87.7271780286589,19.840819857225));
#16457=CARTESIAN_POINT('Ctrl Pts',(73.75,-87.7271780286589,20.));
#16458=CARTESIAN_POINT('',(73.75,-82.2728219713411,20.));
#16459=CARTESIAN_POINT('',(73.75,0.,20.));
#16460=CARTESIAN_POINT('Ctrl Pts',(73.75,-82.2728219713411,20.));
#16461=CARTESIAN_POINT('Ctrl Pts',(73.75,-82.2728219713411,19.840819857225));
#16462=CARTESIAN_POINT('Ctrl Pts',(73.7822113622442,-82.2574088447149,19.6725916911176));
#16463=CARTESIAN_POINT('Ctrl Pts',(73.9103215940416,-82.2040357622083,19.3653293920701));
#16464=CARTESIAN_POINT('Ctrl Pts',(74.0061422846957,-82.1670702750722,19.226090762338));
#16465=CARTESIAN_POINT('Ctrl Pts',(74.2259578697274,-82.0992982268851,19.0062751773063));
#16466=CARTESIAN_POINT('Ctrl Pts',(74.3652460256665,-82.0637875277828,18.9103541589763));
#16467=CARTESIAN_POINT('Ctrl Pts',(74.6727044884046,-82.0138429475571,18.7821665265717));
#16468=CARTESIAN_POINT('Ctrl Pts',(74.8410122101338,-82.,18.75));
#16469=CARTESIAN_POINT('Ctrl Pts',(75.1589877898662,-82.,18.75));
#16470=CARTESIAN_POINT('Ctrl Pts',(75.3272955115955,-82.0138429475571,18.7821665265717));
#16471=CARTESIAN_POINT('Ctrl Pts',(75.6347539743335,-82.0637875277828,18.9103541589763));
#16472=CARTESIAN_POINT('Ctrl Pts',(75.7740421302726,-82.0992982268851,19.0062751773063));
#16473=CARTESIAN_POINT('Ctrl Pts',(75.9938577153043,-82.1670702750722,19.226090762338));
#16474=CARTESIAN_POINT('Ctrl Pts',(76.0896784059584,-82.2040357622083,19.3653293920701));
#16475=CARTESIAN_POINT('Ctrl Pts',(76.2177886377558,-82.2574088447149,19.6725916911176));
#16476=CARTESIAN_POINT('Ctrl Pts',(76.25,-82.2728219713411,19.840819857225));
#16477=CARTESIAN_POINT('Ctrl Pts',(76.25,-82.2728219713411,20.159180142775));
#16478=CARTESIAN_POINT('Ctrl Pts',(76.2177886377558,-82.2574088447149,20.3274083088824));
#16479=CARTESIAN_POINT('Ctrl Pts',(76.0896784059584,-82.2040357622083,20.6346706079299));
#16480=CARTESIAN_POINT('Ctrl Pts',(75.9938577153043,-82.1670702750722,20.773909237662));
#16481=CARTESIAN_POINT('Ctrl Pts',(75.7740421302726,-82.0992982268851,20.9937248226937));
#16482=CARTESIAN_POINT('Ctrl Pts',(75.6347539743335,-82.0637875277828,21.0896458410237));
#16483=CARTESIAN_POINT('Ctrl Pts',(75.3272955115955,-82.0138429475571,21.2178334734283));
#16484=CARTESIAN_POINT('Ctrl Pts',(75.1589877898662,-82.,21.25));
#16485=CARTESIAN_POINT('Ctrl Pts',(74.8410122101338,-82.,21.25));
#16486=CARTESIAN_POINT('Ctrl Pts',(74.6727044884045,-82.0138429475571,21.2178334734283));
#16487=CARTESIAN_POINT('Ctrl Pts',(74.3652460256665,-82.0637875277828,21.0896458410237));
#16488=CARTESIAN_POINT('Ctrl Pts',(74.2259578697274,-82.0992982268851,20.9937248226937));
#16489=CARTESIAN_POINT('Ctrl Pts',(74.0061422846957,-82.1670702750722,20.773909237662));
#16490=CARTESIAN_POINT('Ctrl Pts',(73.9103215940416,-82.2040357622083,20.6346706079299));
#16491=CARTESIAN_POINT('Ctrl Pts',(73.7822113622442,-82.2574088447149,20.3274083088824));
#16492=CARTESIAN_POINT('Ctrl Pts',(73.75,-82.2728219713411,20.159180142775));
#16493=CARTESIAN_POINT('Ctrl Pts',(73.75,-82.2728219713411,20.));
#16494=CARTESIAN_POINT('Origin',(0.,-85.,44.));
#16495=CARTESIAN_POINT('',(72.2728219713411,-83.75,44.));
#16496=CARTESIAN_POINT('',(72.,-85.,45.25));
#16497=CARTESIAN_POINT('Ctrl Pts',(72.2728219713411,-83.75,44.));
#16498=CARTESIAN_POINT('Ctrl Pts',(72.2728219713411,-83.75,44.159180142775));
#16499=CARTESIAN_POINT('Ctrl Pts',(72.2574088447149,-83.7822113622442,44.3274083088824));
#16500=CARTESIAN_POINT('Ctrl Pts',(72.2040357622083,-83.9103215940416,44.6346706079299));
#16501=CARTESIAN_POINT('Ctrl Pts',(72.1670702750722,-84.0061422846957,44.773909237662));
#16502=CARTESIAN_POINT('Ctrl Pts',(72.0992982268851,-84.2259578697274,44.9937248226937));
#16503=CARTESIAN_POINT('Ctrl Pts',(72.0637875277828,-84.3652460256665,45.0896458410237));
#16504=CARTESIAN_POINT('Ctrl Pts',(72.0138429475571,-84.6727044884045,45.2178334734283));
#16505=CARTESIAN_POINT('Ctrl Pts',(72.,-84.8410122101338,45.25));
#16506=CARTESIAN_POINT('Ctrl Pts',(72.,-85.,45.25));
#16507=CARTESIAN_POINT('',(72.,-85.,42.75));
#16508=CARTESIAN_POINT('Ctrl Pts',(72.,-85.,42.75));
#16509=CARTESIAN_POINT('Ctrl Pts',(72.,-84.8410122101338,42.75));
#16510=CARTESIAN_POINT('Ctrl Pts',(72.0138429475571,-84.6727044884045,42.7821665265717));
#16511=CARTESIAN_POINT('Ctrl Pts',(72.0637875277828,-84.3652460256665,42.9103541589763));
#16512=CARTESIAN_POINT('Ctrl Pts',(72.0992982268851,-84.2259578697274,43.0062751773063));
#16513=CARTESIAN_POINT('Ctrl Pts',(72.1670702750722,-84.0061422846957,43.226090762338));
#16514=CARTESIAN_POINT('Ctrl Pts',(72.2040357622083,-83.9103215940416,43.3653293920701));
#16515=CARTESIAN_POINT('Ctrl Pts',(72.2574088447149,-83.7822113622442,43.6725916911176));
#16516=CARTESIAN_POINT('Ctrl Pts',(72.2728219713411,-83.75,43.8408198572251));
#16517=CARTESIAN_POINT('Ctrl Pts',(72.2728219713411,-83.75,44.));
#16518=CARTESIAN_POINT('Ctrl Pts',(72.,-85.,45.25));
#16519=CARTESIAN_POINT('Ctrl Pts',(72.,-85.1589877898662,45.25));
#16520=CARTESIAN_POINT('Ctrl Pts',(72.0138429475571,-85.3272955115955,45.2178334734283));
#16521=CARTESIAN_POINT('Ctrl Pts',(72.0637875277828,-85.6347539743335,45.0896458410237));
#16522=CARTESIAN_POINT('Ctrl Pts',(72.0992982268851,-85.7740421302726,44.9937248226937));
#16523=CARTESIAN_POINT('Ctrl Pts',(72.1670702750722,-85.9938577153043,44.773909237662));
#16524=CARTESIAN_POINT('Ctrl Pts',(72.2040357622083,-86.0896784059584,44.6346706079299));
#16525=CARTESIAN_POINT('Ctrl Pts',(72.2574088447149,-86.2177886377558,44.3274083088824));
#16526=CARTESIAN_POINT('Ctrl Pts',(72.2728219713411,-86.25,44.159180142775));
#16527=CARTESIAN_POINT('Ctrl Pts',(72.2728219713411,-86.25,43.8408198572251));
#16528=CARTESIAN_POINT('Ctrl Pts',(72.2574088447149,-86.2177886377558,43.6725916911176));
#16529=CARTESIAN_POINT('Ctrl Pts',(72.2040357622083,-86.0896784059584,43.3653293920701));
#16530=CARTESIAN_POINT('Ctrl Pts',(72.1670702750722,-85.9938577153043,43.226090762338));
#16531=CARTESIAN_POINT('Ctrl Pts',(72.0992982268851,-85.7740421302726,43.0062751773063));
#16532=CARTESIAN_POINT('Ctrl Pts',(72.0637875277828,-85.6347539743335,42.9103541589763));
#16533=CARTESIAN_POINT('Ctrl Pts',(72.0138429475571,-85.3272955115955,42.7821665265717));
#16534=CARTESIAN_POINT('Ctrl Pts',(72.,-85.1589877898662,42.75));
#16535=CARTESIAN_POINT('Ctrl Pts',(72.,-85.,42.75));
#16536=CARTESIAN_POINT('',(78.,-85.,45.25));
#16537=CARTESIAN_POINT('',(0.,-85.,45.25));
#16538=CARTESIAN_POINT('',(77.7271780286589,-83.75,44.));
#16539=CARTESIAN_POINT('Ctrl Pts',(77.7271780286589,-83.75,44.));
#16540=CARTESIAN_POINT('Ctrl Pts',(77.7271780286589,-83.75,43.8408198572251));
#16541=CARTESIAN_POINT('Ctrl Pts',(77.7425911552851,-83.7822113622442,43.6725916911176));
#16542=CARTESIAN_POINT('Ctrl Pts',(77.7959642377917,-83.9103215940416,43.3653293920701));
#16543=CARTESIAN_POINT('Ctrl Pts',(77.8329297249278,-84.0061422846957,43.226090762338));
#16544=CARTESIAN_POINT('Ctrl Pts',(77.9007017731149,-84.2259578697274,43.0062751773063));
#16545=CARTESIAN_POINT('Ctrl Pts',(77.9362124722172,-84.3652460256665,42.9103541589763));
#16546=CARTESIAN_POINT('Ctrl Pts',(77.9861570524429,-84.6727044884045,42.7821665265717));
#16547=CARTESIAN_POINT('Ctrl Pts',(78.,-84.8410122101338,42.75));
#16548=CARTESIAN_POINT('Ctrl Pts',(78.,-85.1589877898662,42.75));
#16549=CARTESIAN_POINT('Ctrl Pts',(77.9861570524429,-85.3272955115955,42.7821665265717));
#16550=CARTESIAN_POINT('Ctrl Pts',(77.9362124722172,-85.6347539743335,42.9103541589763));
#16551=CARTESIAN_POINT('Ctrl Pts',(77.9007017731149,-85.7740421302726,43.0062751773063));
#16552=CARTESIAN_POINT('Ctrl Pts',(77.8329297249278,-85.9938577153043,43.226090762338));
#16553=CARTESIAN_POINT('Ctrl Pts',(77.7959642377917,-86.0896784059584,43.3653293920701));
#16554=CARTESIAN_POINT('Ctrl Pts',(77.7425911552851,-86.2177886377558,43.6725916911176));
#16555=CARTESIAN_POINT('Ctrl Pts',(77.7271780286589,-86.25,43.8408198572251));
#16556=CARTESIAN_POINT('Ctrl Pts',(77.7271780286589,-86.25,44.159180142775));
#16557=CARTESIAN_POINT('Ctrl Pts',(77.7425911552851,-86.2177886377558,44.3274083088824));
#16558=CARTESIAN_POINT('Ctrl Pts',(77.7959642377917,-86.0896784059584,44.6346706079299));
#16559=CARTESIAN_POINT('Ctrl Pts',(77.8329297249278,-85.9938577153043,44.773909237662));
#16560=CARTESIAN_POINT('Ctrl Pts',(77.9007017731149,-85.7740421302726,44.9937248226937));
#16561=CARTESIAN_POINT('Ctrl Pts',(77.9362124722172,-85.6347539743335,45.0896458410237));
#16562=CARTESIAN_POINT('Ctrl Pts',(77.9861570524429,-85.3272955115955,45.2178334734283));
#16563=CARTESIAN_POINT('Ctrl Pts',(78.,-85.1589877898662,45.25));
#16564=CARTESIAN_POINT('Ctrl Pts',(78.,-85.,45.25));
#16565=CARTESIAN_POINT('Ctrl Pts',(78.,-85.,45.25));
#16566=CARTESIAN_POINT('Ctrl Pts',(78.,-84.8410122101338,45.25));
#16567=CARTESIAN_POINT('Ctrl Pts',(77.9861570524429,-84.6727044884045,45.2178334734283));
#16568=CARTESIAN_POINT('Ctrl Pts',(77.9362124722172,-84.3652460256665,45.0896458410237));
#16569=CARTESIAN_POINT('Ctrl Pts',(77.9007017731149,-84.2259578697274,44.9937248226937));
#16570=CARTESIAN_POINT('Ctrl Pts',(77.8329297249278,-84.0061422846957,44.773909237662));
#16571=CARTESIAN_POINT('Ctrl Pts',(77.7959642377917,-83.9103215940416,44.6346706079299));
#16572=CARTESIAN_POINT('Ctrl Pts',(77.7425911552851,-83.7822113622442,44.3274083088824));
#16573=CARTESIAN_POINT('Ctrl Pts',(77.7271780286589,-83.75,44.159180142775));
#16574=CARTESIAN_POINT('Ctrl Pts',(77.7271780286589,-83.75,44.));
#16575=CARTESIAN_POINT('Origin',(75.,-85.,83.));
#16576=CARTESIAN_POINT('',(73.75,-85.,83.));
#16577=CARTESIAN_POINT('Origin',(75.,-85.,83.));
#16578=CARTESIAN_POINT('',(73.75,-85.,73.));
#16579=CARTESIAN_POINT('',(73.75,-85.,83.));
#16580=CARTESIAN_POINT('Origin',(75.,-85.,73.));
#16581=CARTESIAN_POINT('Origin',(75.,-85.,73.));
#16582=CARTESIAN_POINT('Origin',(75.,-85.,5.));
#16583=CARTESIAN_POINT('',(73.75,-85.,5.));
#16584=CARTESIAN_POINT('Origin',(75.,-85.,5.));
#16585=CARTESIAN_POINT('',(73.75,-85.,15.));
#16586=CARTESIAN_POINT('',(73.75,-85.,5.));
#16587=CARTESIAN_POINT('Origin',(75.,-85.,15.));
#16588=CARTESIAN_POINT('Origin',(75.,-85.,15.));
#16589=CARTESIAN_POINT('Origin',(75.,-85.,5.));
#16590=CARTESIAN_POINT('',(72.,-85.,83.));
#16591=CARTESIAN_POINT('Origin',(75.,-85.,83.));
#16592=CARTESIAN_POINT('',(72.,-85.,5.));
#16593=CARTESIAN_POINT('',(72.,-85.,5.));
#16594=CARTESIAN_POINT('',(72.,-85.,5.));
#16595=CARTESIAN_POINT('Origin',(75.,-85.,5.));
#16596=CARTESIAN_POINT('Origin',(75.,-85.,83.));
#16597=CARTESIAN_POINT('Origin',(75.,-85.,5.));
#16598=CARTESIAN_POINT('Origin',(0.,-85.,44.));
#16599=CARTESIAN_POINT('',(-77.7271780286589,-83.75,44.));
#16600=CARTESIAN_POINT('',(-78.,-85.,45.25));
#16601=CARTESIAN_POINT('Ctrl Pts',(-77.7271780286589,-83.75,44.));
#16602=CARTESIAN_POINT('Ctrl Pts',(-77.7271780286589,-83.75,44.159180142775));
#16603=CARTESIAN_POINT('Ctrl Pts',(-77.7425911552851,-83.7822113622442,
44.3274083088824));
#16604=CARTESIAN_POINT('Ctrl Pts',(-77.7959642377917,-83.9103215940416,
44.6346706079299));
#16605=CARTESIAN_POINT('Ctrl Pts',(-77.8329297249278,-84.0061422846957,
44.773909237662));
#16606=CARTESIAN_POINT('Ctrl Pts',(-77.9007017731149,-84.2259578697274,
44.9937248226937));
#16607=CARTESIAN_POINT('Ctrl Pts',(-77.9362124722172,-84.3652460256665,
45.0896458410237));
#16608=CARTESIAN_POINT('Ctrl Pts',(-77.9861570524429,-84.6727044884045,
45.2178334734283));
#16609=CARTESIAN_POINT('Ctrl Pts',(-78.,-84.8410122101338,45.25));
#16610=CARTESIAN_POINT('Ctrl Pts',(-78.,-85.,45.25));
#16611=CARTESIAN_POINT('',(-78.,-85.,42.75));
#16612=CARTESIAN_POINT('Ctrl Pts',(-78.,-85.,42.75));
#16613=CARTESIAN_POINT('Ctrl Pts',(-78.,-84.8410122101338,42.75));
#16614=CARTESIAN_POINT('Ctrl Pts',(-77.9861570524429,-84.6727044884045,
42.7821665265717));
#16615=CARTESIAN_POINT('Ctrl Pts',(-77.9362124722172,-84.3652460256665,
42.9103541589763));
#16616=CARTESIAN_POINT('Ctrl Pts',(-77.9007017731149,-84.2259578697274,
43.0062751773063));
#16617=CARTESIAN_POINT('Ctrl Pts',(-77.8329297249278,-84.0061422846957,
43.226090762338));
#16618=CARTESIAN_POINT('Ctrl Pts',(-77.7959642377917,-83.9103215940416,
43.3653293920701));
#16619=CARTESIAN_POINT('Ctrl Pts',(-77.7425911552851,-83.7822113622442,
43.6725916911176));
#16620=CARTESIAN_POINT('Ctrl Pts',(-77.7271780286589,-83.75,43.8408198572251));
#16621=CARTESIAN_POINT('Ctrl Pts',(-77.7271780286589,-83.75,44.));
#16622=CARTESIAN_POINT('Ctrl Pts',(-78.,-85.,45.25));
#16623=CARTESIAN_POINT('Ctrl Pts',(-78.,-85.1589877898662,45.25));
#16624=CARTESIAN_POINT('Ctrl Pts',(-77.9861570524429,-85.3272955115955,
45.2178334734283));
#16625=CARTESIAN_POINT('Ctrl Pts',(-77.9362124722172,-85.6347539743335,
45.0896458410237));
#16626=CARTESIAN_POINT('Ctrl Pts',(-77.9007017731149,-85.7740421302726,
44.9937248226937));
#16627=CARTESIAN_POINT('Ctrl Pts',(-77.8329297249278,-85.9938577153043,
44.773909237662));
#16628=CARTESIAN_POINT('Ctrl Pts',(-77.7959642377917,-86.0896784059584,
44.6346706079299));
#16629=CARTESIAN_POINT('Ctrl Pts',(-77.7425911552851,-86.2177886377558,
44.3274083088824));
#16630=CARTESIAN_POINT('Ctrl Pts',(-77.7271780286589,-86.25,44.159180142775));
#16631=CARTESIAN_POINT('Ctrl Pts',(-77.7271780286589,-86.25,43.8408198572251));
#16632=CARTESIAN_POINT('Ctrl Pts',(-77.7425911552851,-86.2177886377558,
43.6725916911176));
#16633=CARTESIAN_POINT('Ctrl Pts',(-77.7959642377917,-86.0896784059584,
43.3653293920701));
#16634=CARTESIAN_POINT('Ctrl Pts',(-77.8329297249278,-85.9938577153043,
43.226090762338));
#16635=CARTESIAN_POINT('Ctrl Pts',(-77.9007017731149,-85.7740421302726,
43.0062751773063));
#16636=CARTESIAN_POINT('Ctrl Pts',(-77.9362124722172,-85.6347539743335,
42.9103541589763));
#16637=CARTESIAN_POINT('Ctrl Pts',(-77.9861570524429,-85.3272955115955,
42.7821665265717));
#16638=CARTESIAN_POINT('Ctrl Pts',(-78.,-85.1589877898662,42.75));
#16639=CARTESIAN_POINT('Ctrl Pts',(-78.,-85.,42.75));
#16640=CARTESIAN_POINT('',(-72.,-85.,45.25));
#16641=CARTESIAN_POINT('',(0.,-85.,45.25));
#16642=CARTESIAN_POINT('',(-72.2728219713411,-83.75,44.));
#16643=CARTESIAN_POINT('Ctrl Pts',(-72.2728219713411,-83.75,44.));
#16644=CARTESIAN_POINT('Ctrl Pts',(-72.2728219713411,-83.75,43.8408198572251));
#16645=CARTESIAN_POINT('Ctrl Pts',(-72.2574088447149,-83.7822113622442,
43.6725916911176));
#16646=CARTESIAN_POINT('Ctrl Pts',(-72.2040357622083,-83.9103215940416,
43.3653293920701));
#16647=CARTESIAN_POINT('Ctrl Pts',(-72.1670702750722,-84.0061422846957,
43.226090762338));
#16648=CARTESIAN_POINT('Ctrl Pts',(-72.0992982268851,-84.2259578697274,
43.0062751773063));
#16649=CARTESIAN_POINT('Ctrl Pts',(-72.0637875277828,-84.3652460256665,
42.9103541589763));
#16650=CARTESIAN_POINT('Ctrl Pts',(-72.0138429475571,-84.6727044884045,
42.7821665265717));
#16651=CARTESIAN_POINT('Ctrl Pts',(-72.,-84.8410122101338,42.75));
#16652=CARTESIAN_POINT('Ctrl Pts',(-72.,-85.1589877898662,42.75));
#16653=CARTESIAN_POINT('Ctrl Pts',(-72.0138429475571,-85.3272955115955,
42.7821665265717));
#16654=CARTESIAN_POINT('Ctrl Pts',(-72.0637875277828,-85.6347539743335,
42.9103541589763));
#16655=CARTESIAN_POINT('Ctrl Pts',(-72.0992982268851,-85.7740421302726,
43.0062751773063));
#16656=CARTESIAN_POINT('Ctrl Pts',(-72.1670702750722,-85.9938577153043,
43.226090762338));
#16657=CARTESIAN_POINT('Ctrl Pts',(-72.2040357622083,-86.0896784059584,
43.3653293920701));
#16658=CARTESIAN_POINT('Ctrl Pts',(-72.2574088447149,-86.2177886377558,
43.6725916911176));
#16659=CARTESIAN_POINT('Ctrl Pts',(-72.2728219713411,-86.25,43.8408198572251));
#16660=CARTESIAN_POINT('Ctrl Pts',(-72.2728219713411,-86.25,44.159180142775));
#16661=CARTESIAN_POINT('Ctrl Pts',(-72.2574088447149,-86.2177886377558,
44.3274083088824));
#16662=CARTESIAN_POINT('Ctrl Pts',(-72.2040357622083,-86.0896784059584,
44.6346706079299));
#16663=CARTESIAN_POINT('Ctrl Pts',(-72.1670702750722,-85.9938577153043,
44.773909237662));
#16664=CARTESIAN_POINT('Ctrl Pts',(-72.0992982268851,-85.7740421302726,
44.9937248226937));
#16665=CARTESIAN_POINT('Ctrl Pts',(-72.0637875277828,-85.6347539743335,
45.0896458410237));
#16666=CARTESIAN_POINT('Ctrl Pts',(-72.0138429475571,-85.3272955115955,
45.2178334734283));
#16667=CARTESIAN_POINT('Ctrl Pts',(-72.,-85.1589877898662,45.25));
#16668=CARTESIAN_POINT('Ctrl Pts',(-72.,-85.,45.25));
#16669=CARTESIAN_POINT('Ctrl Pts',(-72.,-85.,45.25));
#16670=CARTESIAN_POINT('Ctrl Pts',(-72.,-84.8410122101338,45.25));
#16671=CARTESIAN_POINT('Ctrl Pts',(-72.0138429475571,-84.6727044884045,
45.2178334734283));
#16672=CARTESIAN_POINT('Ctrl Pts',(-72.0637875277828,-84.3652460256665,
45.0896458410237));
#16673=CARTESIAN_POINT('Ctrl Pts',(-72.0992982268851,-84.2259578697274,
44.9937248226937));
#16674=CARTESIAN_POINT('Ctrl Pts',(-72.1670702750722,-84.0061422846957,
44.773909237662));
#16675=CARTESIAN_POINT('Ctrl Pts',(-72.2040357622083,-83.9103215940416,
44.6346706079299));
#16676=CARTESIAN_POINT('Ctrl Pts',(-72.2574088447149,-83.7822113622442,
44.3274083088824));
#16677=CARTESIAN_POINT('Ctrl Pts',(-72.2728219713411,-83.75,44.159180142775));
#16678=CARTESIAN_POINT('Ctrl Pts',(-72.2728219713411,-83.75,44.));
#16679=CARTESIAN_POINT('Origin',(-75.,-85.,83.));
#16680=CARTESIAN_POINT('',(-76.25,-85.,83.));
#16681=CARTESIAN_POINT('Origin',(-75.,-85.,83.));
#16682=CARTESIAN_POINT('',(-76.25,-85.,73.));
#16683=CARTESIAN_POINT('',(-76.25,-85.,83.));
#16684=CARTESIAN_POINT('Origin',(-75.,-85.,73.));
#16685=CARTESIAN_POINT('Origin',(-75.,-85.,73.));
#16686=CARTESIAN_POINT('Origin',(-75.,-85.,5.));
#16687=CARTESIAN_POINT('',(-76.25,-85.,5.));
#16688=CARTESIAN_POINT('Origin',(-75.,-85.,5.));
#16689=CARTESIAN_POINT('',(-76.25,-85.,15.));
#16690=CARTESIAN_POINT('',(-76.25,-85.,5.));
#16691=CARTESIAN_POINT('Origin',(-75.,-85.,15.));
#16692=CARTESIAN_POINT('Origin',(-75.,-85.,15.));
#16693=CARTESIAN_POINT('Origin',(-75.,-85.,5.));
#16694=CARTESIAN_POINT('',(-78.,-85.,83.));
#16695=CARTESIAN_POINT('Origin',(-75.,-85.,83.));
#16696=CARTESIAN_POINT('',(-78.,-85.,5.));
#16697=CARTESIAN_POINT('',(-78.,-85.,5.));
#16698=CARTESIAN_POINT('',(-78.,-85.,5.));
#16699=CARTESIAN_POINT('Origin',(-75.,-85.,5.));
#16700=CARTESIAN_POINT('Origin',(-75.,-85.,83.));
#16701=CARTESIAN_POINT('Origin',(-75.,-85.,5.));
#16702=CARTESIAN_POINT('Origin',(0.,35.,44.));
#16703=CARTESIAN_POINT('',(72.2728219713411,36.25,44.));
#16704=CARTESIAN_POINT('',(72.,35.,45.25));
#16705=CARTESIAN_POINT('Ctrl Pts',(72.2728219713411,36.25,44.));
#16706=CARTESIAN_POINT('Ctrl Pts',(72.2728219713411,36.25,44.159180142775));
#16707=CARTESIAN_POINT('Ctrl Pts',(72.2574088447149,36.2177886377558,44.3274083088824));
#16708=CARTESIAN_POINT('Ctrl Pts',(72.2040357622083,36.0896784059584,44.6346706079299));
#16709=CARTESIAN_POINT('Ctrl Pts',(72.1670702750722,35.9938577153043,44.773909237662));
#16710=CARTESIAN_POINT('Ctrl Pts',(72.0992982268851,35.7740421302726,44.9937248226937));
#16711=CARTESIAN_POINT('Ctrl Pts',(72.0637875277828,35.6347539743335,45.0896458410237));
#16712=CARTESIAN_POINT('Ctrl Pts',(72.0138429475571,35.3272955115955,45.2178334734283));
#16713=CARTESIAN_POINT('Ctrl Pts',(72.,35.1589877898662,45.25));
#16714=CARTESIAN_POINT('Ctrl Pts',(72.,35.,45.25));
#16715=CARTESIAN_POINT('',(72.,35.,42.75));
#16716=CARTESIAN_POINT('Ctrl Pts',(72.,35.,42.75));
#16717=CARTESIAN_POINT('Ctrl Pts',(72.,35.1589877898662,42.75));
#16718=CARTESIAN_POINT('Ctrl Pts',(72.0138429475571,35.3272955115954,42.7821665265717));
#16719=CARTESIAN_POINT('Ctrl Pts',(72.0637875277828,35.6347539743335,42.9103541589763));
#16720=CARTESIAN_POINT('Ctrl Pts',(72.0992982268851,35.7740421302726,43.0062751773063));
#16721=CARTESIAN_POINT('Ctrl Pts',(72.1670702750722,35.9938577153043,43.226090762338));
#16722=CARTESIAN_POINT('Ctrl Pts',(72.2040357622083,36.0896784059584,43.3653293920701));
#16723=CARTESIAN_POINT('Ctrl Pts',(72.2574088447149,36.2177886377558,43.6725916911176));
#16724=CARTESIAN_POINT('Ctrl Pts',(72.2728219713411,36.25,43.840819857225));
#16725=CARTESIAN_POINT('Ctrl Pts',(72.2728219713411,36.25,44.));
#16726=CARTESIAN_POINT('Ctrl Pts',(72.,35.,45.25));
#16727=CARTESIAN_POINT('Ctrl Pts',(72.,34.8410122101338,45.25));
#16728=CARTESIAN_POINT('Ctrl Pts',(72.0138429475571,34.6727044884045,45.2178334734283));
#16729=CARTESIAN_POINT('Ctrl Pts',(72.0637875277828,34.3652460256665,45.0896458410237));
#16730=CARTESIAN_POINT('Ctrl Pts',(72.0992982268851,34.2259578697274,44.9937248226937));
#16731=CARTESIAN_POINT('Ctrl Pts',(72.1670702750722,34.0061422846957,44.773909237662));
#16732=CARTESIAN_POINT('Ctrl Pts',(72.2040357622083,33.9103215940416,44.6346706079299));
#16733=CARTESIAN_POINT('Ctrl Pts',(72.2574088447149,33.7822113622442,44.3274083088824));
#16734=CARTESIAN_POINT('Ctrl Pts',(72.2728219713411,33.75,44.159180142775));
#16735=CARTESIAN_POINT('Ctrl Pts',(72.2728219713411,33.75,43.8408198572251));
#16736=CARTESIAN_POINT('Ctrl Pts',(72.2574088447149,33.7822113622442,43.6725916911176));
#16737=CARTESIAN_POINT('Ctrl Pts',(72.2040357622083,33.9103215940416,43.3653293920702));
#16738=CARTESIAN_POINT('Ctrl Pts',(72.1670702750722,34.0061422846957,43.226090762338));
#16739=CARTESIAN_POINT('Ctrl Pts',(72.0992982268851,34.2259578697274,43.0062751773063));
#16740=CARTESIAN_POINT('Ctrl Pts',(72.0637875277828,34.3652460256665,42.9103541589763));
#16741=CARTESIAN_POINT('Ctrl Pts',(72.0138429475571,34.6727044884045,42.7821665265717));
#16742=CARTESIAN_POINT('Ctrl Pts',(72.,34.8410122101338,42.75));
#16743=CARTESIAN_POINT('Ctrl Pts',(72.,35.,42.75));
#16744=CARTESIAN_POINT('',(78.,35.,45.25));
#16745=CARTESIAN_POINT('',(0.,35.,45.25));
#16746=CARTESIAN_POINT('',(77.7271780286589,36.25,44.));
#16747=CARTESIAN_POINT('Ctrl Pts',(77.7271780286589,36.25,44.));
#16748=CARTESIAN_POINT('Ctrl Pts',(77.7271780286589,36.25,43.840819857225));
#16749=CARTESIAN_POINT('Ctrl Pts',(77.7425911552851,36.2177886377558,43.6725916911176));
#16750=CARTESIAN_POINT('Ctrl Pts',(77.7959642377917,36.0896784059584,43.3653293920701));
#16751=CARTESIAN_POINT('Ctrl Pts',(77.8329297249278,35.9938577153043,43.226090762338));
#16752=CARTESIAN_POINT('Ctrl Pts',(77.9007017731149,35.7740421302726,43.0062751773063));
#16753=CARTESIAN_POINT('Ctrl Pts',(77.9362124722172,35.6347539743335,42.9103541589763));
#16754=CARTESIAN_POINT('Ctrl Pts',(77.9861570524429,35.3272955115955,42.7821665265717));
#16755=CARTESIAN_POINT('Ctrl Pts',(78.,35.1589877898662,42.75));
#16756=CARTESIAN_POINT('Ctrl Pts',(78.,34.8410122101338,42.75));
#16757=CARTESIAN_POINT('Ctrl Pts',(77.9861570524429,34.6727044884046,42.7821665265717));
#16758=CARTESIAN_POINT('Ctrl Pts',(77.9362124722172,34.3652460256665,42.9103541589763));
#16759=CARTESIAN_POINT('Ctrl Pts',(77.9007017731149,34.2259578697274,43.0062751773063));
#16760=CARTESIAN_POINT('Ctrl Pts',(77.8329297249278,34.0061422846957,43.226090762338));
#16761=CARTESIAN_POINT('Ctrl Pts',(77.7959642377917,33.9103215940416,43.3653293920702));
#16762=CARTESIAN_POINT('Ctrl Pts',(77.7425911552851,33.7822113622442,43.6725916911176));
#16763=CARTESIAN_POINT('Ctrl Pts',(77.7271780286589,33.75,43.8408198572251));
#16764=CARTESIAN_POINT('Ctrl Pts',(77.7271780286589,33.75,44.159180142775));
#16765=CARTESIAN_POINT('Ctrl Pts',(77.7425911552851,33.7822113622442,44.3274083088824));
#16766=CARTESIAN_POINT('Ctrl Pts',(77.7959642377917,33.9103215940416,44.6346706079299));
#16767=CARTESIAN_POINT('Ctrl Pts',(77.8329297249278,34.0061422846957,44.773909237662));
#16768=CARTESIAN_POINT('Ctrl Pts',(77.9007017731149,34.2259578697274,44.9937248226937));
#16769=CARTESIAN_POINT('Ctrl Pts',(77.9362124722172,34.3652460256665,45.0896458410237));
#16770=CARTESIAN_POINT('Ctrl Pts',(77.986157052443,34.6727044884045,45.2178334734283));
#16771=CARTESIAN_POINT('Ctrl Pts',(78.,34.8410122101338,45.25));
#16772=CARTESIAN_POINT('Ctrl Pts',(78.,35.,45.25));
#16773=CARTESIAN_POINT('Ctrl Pts',(78.,35.,45.25));
#16774=CARTESIAN_POINT('Ctrl Pts',(78.,35.1589877898662,45.25));
#16775=CARTESIAN_POINT('Ctrl Pts',(77.9861570524429,35.3272955115954,45.2178334734283));
#16776=CARTESIAN_POINT('Ctrl Pts',(77.9362124722172,35.6347539743335,45.0896458410237));
#16777=CARTESIAN_POINT('Ctrl Pts',(77.9007017731149,35.7740421302726,44.9937248226937));
#16778=CARTESIAN_POINT('Ctrl Pts',(77.8329297249278,35.9938577153043,44.773909237662));
#16779=CARTESIAN_POINT('Ctrl Pts',(77.7959642377917,36.0896784059584,44.6346706079299));
#16780=CARTESIAN_POINT('Ctrl Pts',(77.7425911552851,36.2177886377558,44.3274083088824));
#16781=CARTESIAN_POINT('Ctrl Pts',(77.7271780286589,36.25,44.159180142775));
#16782=CARTESIAN_POINT('Ctrl Pts',(77.7271780286589,36.25,44.));
#16783=CARTESIAN_POINT('Origin',(75.,35.,83.));
#16784=CARTESIAN_POINT('',(73.75,35.,83.));
#16785=CARTESIAN_POINT('Origin',(75.,35.,83.));
#16786=CARTESIAN_POINT('',(73.75,35.,73.));
#16787=CARTESIAN_POINT('',(73.75,35.,83.));
#16788=CARTESIAN_POINT('Origin',(75.,35.,73.));
#16789=CARTESIAN_POINT('Origin',(75.,35.,73.));
#16790=CARTESIAN_POINT('Origin',(75.,35.,5.));
#16791=CARTESIAN_POINT('',(73.75,35.,5.));
#16792=CARTESIAN_POINT('Origin',(75.,35.,5.));
#16793=CARTESIAN_POINT('',(73.75,35.,15.));
#16794=CARTESIAN_POINT('',(73.75,35.,5.));
#16795=CARTESIAN_POINT('Origin',(75.,35.,15.));
#16796=CARTESIAN_POINT('Origin',(75.,35.,15.));
#16797=CARTESIAN_POINT('Origin',(75.,35.,5.));
#16798=CARTESIAN_POINT('',(72.,35.,83.));
#16799=CARTESIAN_POINT('Origin',(75.,35.,83.));
#16800=CARTESIAN_POINT('',(72.,35.,5.));
#16801=CARTESIAN_POINT('',(72.,35.,5.));
#16802=CARTESIAN_POINT('',(72.,35.,5.));
#16803=CARTESIAN_POINT('Origin',(75.,35.,5.));
#16804=CARTESIAN_POINT('Origin',(75.,35.,83.));
#16805=CARTESIAN_POINT('Origin',(75.,35.,5.));
#16806=CARTESIAN_POINT('',(0.,0.,0.));
#16807=CARTESIAN_POINT('',(0.,0.,0.));
#16808=CARTESIAN_POINT('',(0.,0.,0.));
#16809=CARTESIAN_POINT('',(0.,0.,0.));
#16810=CARTESIAN_POINT('',(0.,0.,0.));
#16811=CARTESIAN_POINT('',(0.,0.,0.));
#16812=CARTESIAN_POINT('',(0.,0.,0.));
#16813=CARTESIAN_POINT('',(0.,0.,0.));
#16814=CARTESIAN_POINT('',(0.,0.,0.));
#16815=CARTESIAN_POINT('Origin',(-80.,0.,21.));
#16816=CARTESIAN_POINT('',(-61.,-2.57175827820944E-15,42.));
#16817=CARTESIAN_POINT('Origin',(-61.,0.,21.));
#16818=CARTESIAN_POINT('',(-80.,-2.57175827820944E-15,42.));
#16819=CARTESIAN_POINT('',(-80.,-2.57175827820944E-15,42.));
#16820=CARTESIAN_POINT('Origin',(-80.,0.,21.));
#16821=CARTESIAN_POINT('Origin',(-61.,0.,21.));
#16822=CARTESIAN_POINT('Origin',(-80.,0.,21.));
#16823=CARTESIAN_POINT('',(0.,0.,0.));
#16824=CARTESIAN_POINT('Origin',(80.,0.,21.));
#16825=CARTESIAN_POINT('',(61.,-2.57175827820944E-15,42.));
#16826=CARTESIAN_POINT('Origin',(61.,0.,21.));
#16827=CARTESIAN_POINT('',(80.,-2.57175827820944E-15,42.));
#16828=CARTESIAN_POINT('',(80.,2.57175827820944E-15,42.));
#16829=CARTESIAN_POINT('Origin',(80.,0.,21.));
#16830=CARTESIAN_POINT('Origin',(80.,0.,21.));
#16831=CARTESIAN_POINT('Origin',(61.,0.,21.));
#16832=CARTESIAN_POINT('',(0.,0.,0.));
#16833=CARTESIAN_POINT('Origin',(-61.,-8.75,21.));
#16834=CARTESIAN_POINT('',(-61.,-8.75,22.7));
#16835=CARTESIAN_POINT('Origin',(-61.,-8.75,21.));
#16836=CARTESIAN_POINT('',(-37.,-8.75,22.7));
#16837=CARTESIAN_POINT('',(-61.,-8.75,22.7));
#16838=CARTESIAN_POINT('Origin',(-37.,-8.75,21.));
#16839=CARTESIAN_POINT('Origin',(-61.,8.75,21.));
#16840=CARTESIAN_POINT('',(-61.,8.75,22.7));
#16841=CARTESIAN_POINT('Origin',(-61.,8.75,21.));
#16842=CARTESIAN_POINT('',(-37.,8.75,22.7));
#16843=CARTESIAN_POINT('',(-61.,8.75,22.7));
#16844=CARTESIAN_POINT('Origin',(-37.,8.75,21.));
#16845=CARTESIAN_POINT('Origin',(-61.,-11.,30.));
#16846=CARTESIAN_POINT('',(-61.,-11.,30.));
#16847=CARTESIAN_POINT('',(-61.,-11.,12.));
#16848=CARTESIAN_POINT('',(-61.,-11.,30.));
#16849=CARTESIAN_POINT('',(-37.,-11.,12.));
#16850=CARTESIAN_POINT('',(-61.,-11.,12.));
#16851=CARTESIAN_POINT('',(-37.,-11.,30.));
#16852=CARTESIAN_POINT('',(-37.,-11.,30.));
#16853=CARTESIAN_POINT('',(-61.,-11.,30.));
#16854=CARTESIAN_POINT('Origin',(-61.,11.,30.));
#16855=CARTESIAN_POINT('',(-61.,11.,30.));
#16856=CARTESIAN_POINT('',(-61.,11.,30.));
#16857=CARTESIAN_POINT('',(-37.,11.,30.));
#16858=CARTESIAN_POINT('',(-37.,11.,30.));
#16859=CARTESIAN_POINT('',(-61.,11.,30.));
#16860=CARTESIAN_POINT('Origin',(-61.,11.,12.));
#16861=CARTESIAN_POINT('',(-61.,11.,12.));
#16862=CARTESIAN_POINT('',(-61.,11.,12.));
#16863=CARTESIAN_POINT('',(-37.,11.,12.));
#16864=CARTESIAN_POINT('',(-37.,11.,12.));
#16865=CARTESIAN_POINT('',(-61.,11.,12.));
#16866=CARTESIAN_POINT('Origin',(-61.,-11.,12.));
#16867=CARTESIAN_POINT('',(-61.,-11.,12.));
#16868=CARTESIAN_POINT('',(-37.,-11.,12.));
#16869=CARTESIAN_POINT('Origin',(-37.,0.,21.));
#16870=CARTESIAN_POINT('Origin',(-61.,0.,21.));
#16871=CARTESIAN_POINT('',(0.,0.,0.));
#16872=CARTESIAN_POINT('Origin',(-3.7,0.,21.));
#16873=CARTESIAN_POINT('',(-28.7,-1.22464679914735E-15,31.));
#16874=CARTESIAN_POINT('Origin',(-28.7,0.,21.));
#16875=CARTESIAN_POINT('',(-3.7,-1.22464679914735E-15,31.));
#16876=CARTESIAN_POINT('',(-3.7,1.22464679914735E-15,31.));
#16877=CARTESIAN_POINT('Origin',(-3.7,0.,21.));
#16878=CARTESIAN_POINT('Origin',(-3.7,0.,21.));
#16879=CARTESIAN_POINT('Origin',(-28.7,0.,21.));
#16880=CARTESIAN_POINT('',(0.,0.,0.));
#16881=CARTESIAN_POINT('Origin',(61.,-8.75,21.));
#16882=CARTESIAN_POINT('',(37.,-8.75,22.7));
#16883=CARTESIAN_POINT('Origin',(37.,-8.75,21.));
#16884=CARTESIAN_POINT('',(61.,-8.75,22.7));
#16885=CARTESIAN_POINT('',(61.,-8.75,22.7));
#16886=CARTESIAN_POINT('Origin',(61.,-8.75,21.));
#16887=CARTESIAN_POINT('Origin',(61.,8.75,21.));
#16888=CARTESIAN_POINT('',(37.,8.75,22.7));
#16889=CARTESIAN_POINT('Origin',(37.,8.75,21.));
#16890=CARTESIAN_POINT('',(61.,8.75,22.7));
#16891=CARTESIAN_POINT('',(61.,8.75,22.7));
#16892=CARTESIAN_POINT('Origin',(61.,8.75,21.));
#16893=CARTESIAN_POINT('Origin',(61.,11.,30.));
#16894=CARTESIAN_POINT('',(61.,11.,12.));
#16895=CARTESIAN_POINT('',(61.,11.,30.));
#16896=CARTESIAN_POINT('',(61.,11.,12.));
#16897=CARTESIAN_POINT('',(37.,11.,12.));
#16898=CARTESIAN_POINT('',(61.,11.,12.));
#16899=CARTESIAN_POINT('',(37.,11.,30.));
#16900=CARTESIAN_POINT('',(37.,11.,12.));
#16901=CARTESIAN_POINT('',(61.,11.,30.));
#16902=CARTESIAN_POINT('Origin',(61.,-11.,30.));
#16903=CARTESIAN_POINT('',(61.,-11.,30.));
#16904=CARTESIAN_POINT('',(61.,11.,30.));
#16905=CARTESIAN_POINT('',(37.,-11.,30.));
#16906=CARTESIAN_POINT('',(37.,11.,30.));
#16907=CARTESIAN_POINT('',(61.,-11.,30.));
#16908=CARTESIAN_POINT('Origin',(61.,-11.,12.));
#16909=CARTESIAN_POINT('',(61.,-11.,12.));
#16910=CARTESIAN_POINT('',(61.,-11.,30.));
#16911=CARTESIAN_POINT('',(37.,-11.,12.));
#16912=CARTESIAN_POINT('',(37.,-11.,30.));
#16913=CARTESIAN_POINT('',(61.,-11.,12.));
#16914=CARTESIAN_POINT('Origin',(61.,11.,12.));
#16915=CARTESIAN_POINT('',(61.,-11.,12.));
#16916=CARTESIAN_POINT('',(37.,-11.,12.));
#16917=CARTESIAN_POINT('Origin',(61.,0.,21.));
#16918=CARTESIAN_POINT('Origin',(37.,0.,21.));
#16919=CARTESIAN_POINT('',(0.,0.,0.));
#16920=CARTESIAN_POINT('Origin',(3.7,0.,21.));
#16921=CARTESIAN_POINT('',(28.7,-1.22464679914735E-15,31.));
#16922=CARTESIAN_POINT('Origin',(28.7,0.,21.));
#16923=CARTESIAN_POINT('',(3.7,-1.22464679914735E-15,31.));
#16924=CARTESIAN_POINT('',(3.7,-1.22464679914735E-15,31.));
#16925=CARTESIAN_POINT('Origin',(3.7,0.,21.));
#16926=CARTESIAN_POINT('Origin',(28.7,0.,21.));
#16927=CARTESIAN_POINT('Origin',(3.7,0.,21.));
#16928=CARTESIAN_POINT('',(0.,0.,0.));
#16929=CARTESIAN_POINT('Origin',(-36.2,0.,26.));
#16930=CARTESIAN_POINT('',(-36.2,11.5,26.));
#16931=CARTESIAN_POINT('',(-36.2,11.5,15.5));
#16932=CARTESIAN_POINT('',(-36.2,11.5,19.));
#16933=CARTESIAN_POINT('',(-36.2,16.5,26.));
#16934=CARTESIAN_POINT('',(-36.2,0.,26.));
#16935=CARTESIAN_POINT('',(-36.2,16.5,15.5));
#16936=CARTESIAN_POINT('',(-36.2,16.5,15.5));
#16937=CARTESIAN_POINT('',(-36.2,0.,15.5));
#16938=CARTESIAN_POINT('Origin',(-36.2,0.,26.));
#16939=CARTESIAN_POINT('',(-36.2,-11.5,15.5));
#16940=CARTESIAN_POINT('',(-36.2,-11.5,26.));
#16941=CARTESIAN_POINT('',(-36.2,-11.5,19.));
#16942=CARTESIAN_POINT('',(-36.2,-16.5,15.5));
#16943=CARTESIAN_POINT('',(-36.2,0.,15.5));
#16944=CARTESIAN_POINT('',(-36.2,-16.5,26.));
#16945=CARTESIAN_POINT('',(-36.2,-16.5,15.5));
#16946=CARTESIAN_POINT('',(-36.2,0.,26.));
#16947=CARTESIAN_POINT('Origin',(-42.2,0.,26.));
#16948=CARTESIAN_POINT('',(-42.2,11.5,26.));
#16949=CARTESIAN_POINT('',(-35.95,11.5,26.));
#16950=CARTESIAN_POINT('',(-42.2,16.5,26.));
#16951=CARTESIAN_POINT('',(-42.2,0.,26.));
#16952=CARTESIAN_POINT('',(-38.45,16.5,26.));
#16953=CARTESIAN_POINT('Origin',(-42.2,0.,26.));
#16954=CARTESIAN_POINT('',(-42.2,-11.5,26.));
#16955=CARTESIAN_POINT('',(-51.1,-11.5,26.));
#16956=CARTESIAN_POINT('',(-42.2,-16.5,26.));
#16957=CARTESIAN_POINT('',(-48.6,-16.5,26.));
#16958=CARTESIAN_POINT('',(-42.2,0.,26.));
#16959=CARTESIAN_POINT('Origin',(-36.2,0.,15.5));
#16960=CARTESIAN_POINT('',(-42.2,11.5,15.5));
#16961=CARTESIAN_POINT('',(-32.95,11.5,15.5));
#16962=CARTESIAN_POINT('',(-42.2,16.5,15.5));
#16963=CARTESIAN_POINT('',(-35.45,16.5,15.5));
#16964=CARTESIAN_POINT('',(-42.2,0.,15.5));
#16965=CARTESIAN_POINT('Origin',(-42.2,0.,15.5));
#16966=CARTESIAN_POINT('',(-42.2,11.5,13.75));
#16967=CARTESIAN_POINT('',(-42.2,16.5,10.25));
#16968=CARTESIAN_POINT('Origin',(-42.2,0.,15.5));
#16969=CARTESIAN_POINT('',(-42.2,-11.5,15.5));
#16970=CARTESIAN_POINT('',(-42.2,-11.5,13.75));
#16971=CARTESIAN_POINT('',(-42.2,-16.5,15.5));
#16972=CARTESIAN_POINT('',(-42.2,-16.5,10.25));
#16973=CARTESIAN_POINT('',(-42.2,0.,15.5));
#16974=CARTESIAN_POINT('Origin',(-36.2,0.,15.5));
#16975=CARTESIAN_POINT('',(-48.1,-11.5,15.5));
#16976=CARTESIAN_POINT('',(-45.6,-16.5,15.5));
#16977=CARTESIAN_POINT('Origin',(-47.5,0.,26.));
#16978=CARTESIAN_POINT('',(-47.5,11.5,26.));
#16979=CARTESIAN_POINT('',(-47.5,11.5,15.5));
#16980=CARTESIAN_POINT('',(-47.5,11.5,19.));
#16981=CARTESIAN_POINT('',(-47.5,16.5,26.));
#16982=CARTESIAN_POINT('',(-47.5,0.,26.));
#16983=CARTESIAN_POINT('',(-47.5,16.5,15.5));
#16984=CARTESIAN_POINT('',(-47.5,16.5,15.5));
#16985=CARTESIAN_POINT('',(-47.5,0.,15.5));
#16986=CARTESIAN_POINT('Origin',(-47.5,0.,26.));
#16987=CARTESIAN_POINT('',(-47.5,-11.5,15.5));
#16988=CARTESIAN_POINT('',(-47.5,-11.5,26.));
#16989=CARTESIAN_POINT('',(-47.5,-11.5,19.));
#16990=CARTESIAN_POINT('',(-47.5,-16.5,15.5));
#16991=CARTESIAN_POINT('',(-47.5,0.,15.5));
#16992=CARTESIAN_POINT('',(-47.5,-16.5,26.));
#16993=CARTESIAN_POINT('',(-47.5,-16.5,15.5));
#16994=CARTESIAN_POINT('',(-47.5,0.,26.));
#16995=CARTESIAN_POINT('Origin',(-53.5,0.,26.));
#16996=CARTESIAN_POINT('',(-53.5,11.5,26.));
#16997=CARTESIAN_POINT('',(-41.6,11.5,26.));
#16998=CARTESIAN_POINT('',(-53.5,16.5,26.));
#16999=CARTESIAN_POINT('',(-53.5,0.,26.));
#17000=CARTESIAN_POINT('',(-44.1,16.5,26.));
#17001=CARTESIAN_POINT('Origin',(-53.5,0.,26.));
#17002=CARTESIAN_POINT('',(-53.5,-11.5,26.));
#17003=CARTESIAN_POINT('',(-56.75,-11.5,26.));
#17004=CARTESIAN_POINT('',(-53.5,-16.5,26.));
#17005=CARTESIAN_POINT('',(-54.25,-16.5,26.));
#17006=CARTESIAN_POINT('',(-53.5,0.,26.));
#17007=CARTESIAN_POINT('Origin',(-47.5,0.,15.5));
#17008=CARTESIAN_POINT('',(-53.5,11.5,15.5));
#17009=CARTESIAN_POINT('',(-38.6,11.5,15.5));
#17010=CARTESIAN_POINT('',(-53.5,16.5,15.5));
#17011=CARTESIAN_POINT('',(-41.1,16.5,15.5));
#17012=CARTESIAN_POINT('',(-53.5,0.,15.5));
#17013=CARTESIAN_POINT('Origin',(-53.5,0.,15.5));
#17014=CARTESIAN_POINT('',(-53.5,11.5,13.75));
#17015=CARTESIAN_POINT('',(-53.5,16.5,10.25));
#17016=CARTESIAN_POINT('Origin',(-53.5,0.,15.5));
#17017=CARTESIAN_POINT('',(-53.5,-11.5,15.5));
#17018=CARTESIAN_POINT('',(-53.5,-11.5,13.75));
#17019=CARTESIAN_POINT('',(-53.5,-16.5,15.5));
#17020=CARTESIAN_POINT('',(-53.5,-16.5,10.25));
#17021=CARTESIAN_POINT('',(-53.5,0.,15.5));
#17022=CARTESIAN_POINT('Origin',(-47.5,0.,15.5));
#17023=CARTESIAN_POINT('',(-53.75,-11.5,15.5));
#17024=CARTESIAN_POINT('',(-51.25,-16.5,15.5));
#17025=CARTESIAN_POINT('Origin',(-44.85,-14.,28.5));
#17026=CARTESIAN_POINT('',(-46.1,-14.,28.5));
#17027=CARTESIAN_POINT('Origin',(-44.85,-14.,28.5));
#17028=CARTESIAN_POINT('',(-46.1,-14.,20.5));
#17029=CARTESIAN_POINT('',(-46.1,-14.,28.5));
#17030=CARTESIAN_POINT('Origin',(-44.85,-14.,20.5));
#17031=CARTESIAN_POINT('Origin',(-44.85,-14.,20.5));
#17032=CARTESIAN_POINT('Origin',(-44.85,14.,28.5));
#17033=CARTESIAN_POINT('',(-46.1,14.,28.5));
#17034=CARTESIAN_POINT('Origin',(-44.85,14.,28.5));
#17035=CARTESIAN_POINT('',(-46.1,14.,20.5));
#17036=CARTESIAN_POINT('',(-46.1,14.,28.5));
#17037=CARTESIAN_POINT('Origin',(-44.85,14.,20.5));
#17038=CARTESIAN_POINT('Origin',(-44.85,14.,20.5));
#17039=CARTESIAN_POINT('Origin',(-38.7,-14.,5.));
#17040=CARTESIAN_POINT('',(-39.95,-14.,5.));
#17041=CARTESIAN_POINT('Origin',(-38.7,-14.,5.));
#17042=CARTESIAN_POINT('',(-39.95,-14.,10.));
#17043=CARTESIAN_POINT('',(-39.95,-14.,5.));
#17044=CARTESIAN_POINT('Origin',(-38.7,-14.,10.));
#17045=CARTESIAN_POINT('Origin',(-38.7,-14.,10.));
#17046=CARTESIAN_POINT('Origin',(-51.,14.,5.));
#17047=CARTESIAN_POINT('',(-52.25,14.,5.));
#17048=CARTESIAN_POINT('Origin',(-51.,14.,5.));
#17049=CARTESIAN_POINT('',(-52.25,14.,10.));
#17050=CARTESIAN_POINT('',(-52.25,14.,5.));
#17051=CARTESIAN_POINT('Origin',(-51.,14.,10.));
#17052=CARTESIAN_POINT('Origin',(-51.,14.,10.));
#17053=CARTESIAN_POINT('Origin',(-51.,-14.,5.));
#17054=CARTESIAN_POINT('',(-52.25,-14.,5.));
#17055=CARTESIAN_POINT('Origin',(-51.,-14.,5.));
#17056=CARTESIAN_POINT('',(-52.25,-14.,10.));
#17057=CARTESIAN_POINT('',(-52.25,-14.,5.));
#17058=CARTESIAN_POINT('Origin',(-51.,-14.,10.));
#17059=CARTESIAN_POINT('Origin',(-51.,-14.,10.));
#17060=CARTESIAN_POINT('Origin',(-38.7,14.,5.));
#17061=CARTESIAN_POINT('',(-39.95,14.,5.));
#17062=CARTESIAN_POINT('Origin',(-38.7,14.,5.));
#17063=CARTESIAN_POINT('',(-39.95,14.,10.));
#17064=CARTESIAN_POINT('',(-39.95,14.,5.));
#17065=CARTESIAN_POINT('Origin',(-38.7,14.,10.));
#17066=CARTESIAN_POINT('Origin',(-38.7,14.,10.));
#17067=CARTESIAN_POINT('Origin',(-60.,-11.5,12.));
#17068=CARTESIAN_POINT('',(-34.7,-11.5,12.));
#17069=CARTESIAN_POINT('',(-34.7,-11.5,28.5));
#17070=CARTESIAN_POINT('',(-34.7,-11.5,8.5));
#17071=CARTESIAN_POINT('',(-55.,-11.5,12.));
#17072=CARTESIAN_POINT('',(-60.,-11.5,12.));
#17073=CARTESIAN_POINT('',(-55.,-11.5,28.5));
#17074=CARTESIAN_POINT('',(-55.,-11.5,8.5));
#17075=CARTESIAN_POINT('',(-52.425,-11.5,28.5));
#17076=CARTESIAN_POINT('Origin',(-44.85,0.,12.));
#17077=CARTESIAN_POINT('',(-34.7,11.5,12.));
#17078=CARTESIAN_POINT('',(-34.7,-8.25,12.));
#17079=CARTESIAN_POINT('',(-55.,11.5,12.));
#17080=CARTESIAN_POINT('',(-29.7,11.5,12.));
#17081=CARTESIAN_POINT('',(-55.,8.25,12.));
#17082=CARTESIAN_POINT('Origin',(-29.7,11.5,12.));
#17083=CARTESIAN_POINT('',(-34.7,11.5,28.5));
#17084=CARTESIAN_POINT('',(-34.7,11.5,8.5));
#17085=CARTESIAN_POINT('',(-55.,11.5,28.5));
#17086=CARTESIAN_POINT('',(-37.275,11.5,28.5));
#17087=CARTESIAN_POINT('',(-55.,11.5,8.5));
#17088=CARTESIAN_POINT('Origin',(-34.7,-16.5,5.));
#17089=CARTESIAN_POINT('',(-34.7,-16.5,28.5));
#17090=CARTESIAN_POINT('',(-34.7,-16.5,28.5));
#17091=CARTESIAN_POINT('',(-34.7,-16.5,5.));
#17092=CARTESIAN_POINT('',(-34.7,-16.5,5.));
#17093=CARTESIAN_POINT('',(-34.7,16.5,5.));
#17094=CARTESIAN_POINT('',(-34.7,-16.5,5.));
#17095=CARTESIAN_POINT('',(-34.7,16.5,28.5));
#17096=CARTESIAN_POINT('',(-34.7,16.5,5.));
#17097=CARTESIAN_POINT('',(-34.7,-16.5,28.5));
#17098=CARTESIAN_POINT('Origin',(-44.85,0.,28.5));
#17099=CARTESIAN_POINT('',(-55.,-16.5,28.5));
#17100=CARTESIAN_POINT('',(-55.,16.5,28.5));
#17101=CARTESIAN_POINT('',(-55.,-16.5,28.5));
#17102=CARTESIAN_POINT('Origin',(-34.7,16.5,5.));
#17103=CARTESIAN_POINT('',(-55.,16.5,5.));
#17104=CARTESIAN_POINT('',(-34.7,16.5,5.));
#17105=CARTESIAN_POINT('',(-55.,16.5,28.5));
#17106=CARTESIAN_POINT('',(-55.,16.5,5.));
#17107=CARTESIAN_POINT('',(-34.7,16.5,28.5));
#17108=CARTESIAN_POINT('Origin',(-55.,-16.5,5.));
#17109=CARTESIAN_POINT('',(-55.,-16.5,5.));
#17110=CARTESIAN_POINT('',(-55.,-16.5,5.));
#17111=CARTESIAN_POINT('',(-55.,-16.5,5.));
#17112=CARTESIAN_POINT('Origin',(-55.,16.5,5.));
#17113=CARTESIAN_POINT('',(-55.,16.5,28.5));
#17114=CARTESIAN_POINT('',(-55.,16.5,5.));
#17115=CARTESIAN_POINT('Origin',(-44.85,0.,28.5));
#17116=CARTESIAN_POINT('Origin',(-44.85,0.,5.));
#17117=CARTESIAN_POINT('',(0.,0.,0.));
#17118=CARTESIAN_POINT('Origin',(-44.85,-14.,0.));
#17119=CARTESIAN_POINT('',(-46.55,-14.,30.));
#17120=CARTESIAN_POINT('Origin',(-44.85,-14.,30.));
#17121=CARTESIAN_POINT('',(-46.55,-14.,33.));
#17122=CARTESIAN_POINT('',(-46.55,-14.,0.));
#17123=CARTESIAN_POINT('Origin',(-44.85,-14.,33.));
#17124=CARTESIAN_POINT('Origin',(-44.85,14.,0.));
#17125=CARTESIAN_POINT('',(-46.55,14.,30.));
#17126=CARTESIAN_POINT('Origin',(-44.85,14.,30.));
#17127=CARTESIAN_POINT('',(-46.55,14.,33.));
#17128=CARTESIAN_POINT('',(-46.55,14.,0.));
#17129=CARTESIAN_POINT('Origin',(-44.85,14.,33.));
#17130=CARTESIAN_POINT('Origin',(-39.85,16.5,30.));
#17131=CARTESIAN_POINT('',(-39.85,16.5,30.));
#17132=CARTESIAN_POINT('',(-49.85,16.5,30.));
#17133=CARTESIAN_POINT('',(-39.85,16.5,30.));
#17134=CARTESIAN_POINT('',(-49.85,16.5,33.));
#17135=CARTESIAN_POINT('',(-49.85,16.5,30.));
#17136=CARTESIAN_POINT('',(-39.85,16.5,33.));
#17137=CARTESIAN_POINT('',(-39.85,16.5,33.));
#17138=CARTESIAN_POINT('',(-39.85,16.5,30.));
#17139=CARTESIAN_POINT('Origin',(-39.85,-16.5,30.));
#17140=CARTESIAN_POINT('',(-39.85,-16.5,30.));
#17141=CARTESIAN_POINT('',(-39.85,-16.5,30.));
#17142=CARTESIAN_POINT('',(-39.85,-16.5,33.));
#17143=CARTESIAN_POINT('',(-39.85,-16.5,33.));
#17144=CARTESIAN_POINT('',(-39.85,-16.5,30.));
#17145=CARTESIAN_POINT('Origin',(-49.85,-16.5,30.));
#17146=CARTESIAN_POINT('',(-49.85,-16.5,30.));
#17147=CARTESIAN_POINT('',(-49.85,-16.5,30.));
#17148=CARTESIAN_POINT('',(-49.85,-16.5,33.));
#17149=CARTESIAN_POINT('',(-49.85,-16.5,33.));
#17150=CARTESIAN_POINT('',(-49.85,-16.5,30.));
#17151=CARTESIAN_POINT('Origin',(-49.85,16.5,30.));
#17152=CARTESIAN_POINT('',(-49.85,16.5,30.));
#17153=CARTESIAN_POINT('',(-49.85,16.5,33.));
#17154=CARTESIAN_POINT('Origin',(-44.85,0.,33.));
#17155=CARTESIAN_POINT('Origin',(-44.85,0.,30.));
#17156=CARTESIAN_POINT('',(0.,0.,0.));
#17157=CARTESIAN_POINT('Origin',(53.5,0.,26.));
#17158=CARTESIAN_POINT('',(53.5,11.5,26.));
#17159=CARTESIAN_POINT('',(53.5,11.5,15.5));
#17160=CARTESIAN_POINT('',(53.5,11.5,19.));
#17161=CARTESIAN_POINT('',(53.5,16.5,26.));
#17162=CARTESIAN_POINT('',(53.5,0.,26.));
#17163=CARTESIAN_POINT('',(53.5,16.5,15.5));
#17164=CARTESIAN_POINT('',(53.5,16.5,15.5));
#17165=CARTESIAN_POINT('',(53.5,0.,15.5));
#17166=CARTESIAN_POINT('Origin',(53.5,0.,26.));
#17167=CARTESIAN_POINT('',(53.5,-11.5,15.5));
#17168=CARTESIAN_POINT('',(53.5,-11.5,26.));
#17169=CARTESIAN_POINT('',(53.5,-11.5,19.));
#17170=CARTESIAN_POINT('',(53.5,-16.5,15.5));
#17171=CARTESIAN_POINT('',(53.5,0.,15.5));
#17172=CARTESIAN_POINT('',(53.5,-16.5,26.));
#17173=CARTESIAN_POINT('',(53.5,-16.5,15.5));
#17174=CARTESIAN_POINT('',(53.5,0.,26.));
#17175=CARTESIAN_POINT('Origin',(47.5,0.,26.));
#17176=CARTESIAN_POINT('',(47.5,11.5,26.));
#17177=CARTESIAN_POINT('',(53.75,11.5,26.));
#17178=CARTESIAN_POINT('',(47.5,16.5,26.));
#17179=CARTESIAN_POINT('',(47.5,0.,26.));
#17180=CARTESIAN_POINT('',(51.25,16.5,26.));
#17181=CARTESIAN_POINT('Origin',(47.5,0.,26.));
#17182=CARTESIAN_POINT('',(47.5,-11.5,26.));
#17183=CARTESIAN_POINT('',(38.6,-11.5,26.));
#17184=CARTESIAN_POINT('',(47.5,-16.5,26.));
#17185=CARTESIAN_POINT('',(41.1,-16.5,26.));
#17186=CARTESIAN_POINT('',(47.5,0.,26.));
#17187=CARTESIAN_POINT('Origin',(53.5,0.,15.5));
#17188=CARTESIAN_POINT('',(47.5,11.5,15.5));
#17189=CARTESIAN_POINT('',(56.75,11.5,15.5));
#17190=CARTESIAN_POINT('',(47.5,16.5,15.5));
#17191=CARTESIAN_POINT('',(54.25,16.5,15.5));
#17192=CARTESIAN_POINT('',(47.5,0.,15.5));
#17193=CARTESIAN_POINT('Origin',(47.5,0.,15.5));
#17194=CARTESIAN_POINT('',(47.5,11.5,13.75));
#17195=CARTESIAN_POINT('',(47.5,16.5,10.25));
#17196=CARTESIAN_POINT('Origin',(47.5,0.,15.5));
#17197=CARTESIAN_POINT('',(47.5,-11.5,15.5));
#17198=CARTESIAN_POINT('',(47.5,-11.5,13.75));
#17199=CARTESIAN_POINT('',(47.5,-16.5,15.5));
#17200=CARTESIAN_POINT('',(47.5,-16.5,10.25));
#17201=CARTESIAN_POINT('',(47.5,0.,15.5));
#17202=CARTESIAN_POINT('Origin',(53.5,0.,15.5));
#17203=CARTESIAN_POINT('',(41.6,-11.5,15.5));
#17204=CARTESIAN_POINT('',(44.1,-16.5,15.5));
#17205=CARTESIAN_POINT('Origin',(42.2,0.,26.));
#17206=CARTESIAN_POINT('',(42.2,11.5,26.));
#17207=CARTESIAN_POINT('',(42.2,11.5,15.5));
#17208=CARTESIAN_POINT('',(42.2,11.5,19.));
#17209=CARTESIAN_POINT('',(42.2,16.5,26.));
#17210=CARTESIAN_POINT('',(42.2,0.,26.));
#17211=CARTESIAN_POINT('',(42.2,16.5,15.5));
#17212=CARTESIAN_POINT('',(42.2,16.5,15.5));
#17213=CARTESIAN_POINT('',(42.2,0.,15.5));
#17214=CARTESIAN_POINT('Origin',(42.2,0.,26.));
#17215=CARTESIAN_POINT('',(42.2,-11.5,15.5));
#17216=CARTESIAN_POINT('',(42.2,-11.5,26.));
#17217=CARTESIAN_POINT('',(42.2,-11.5,19.));
#17218=CARTESIAN_POINT('',(42.2,-16.5,15.5));
#17219=CARTESIAN_POINT('',(42.2,0.,15.5));
#17220=CARTESIAN_POINT('',(42.2,-16.5,26.));
#17221=CARTESIAN_POINT('',(42.2,-16.5,15.5));
#17222=CARTESIAN_POINT('',(42.2,0.,26.));
#17223=CARTESIAN_POINT('Origin',(36.2,0.,26.));
#17224=CARTESIAN_POINT('',(36.2,11.5,26.));
#17225=CARTESIAN_POINT('',(48.1,11.5,26.));
#17226=CARTESIAN_POINT('',(36.2,16.5,26.));
#17227=CARTESIAN_POINT('',(36.2,0.,26.));
#17228=CARTESIAN_POINT('',(45.6,16.5,26.));
#17229=CARTESIAN_POINT('Origin',(36.2,0.,26.));
#17230=CARTESIAN_POINT('',(36.2,-11.5,26.));
#17231=CARTESIAN_POINT('',(32.95,-11.5,26.));
#17232=CARTESIAN_POINT('',(36.2,-16.5,26.));
#17233=CARTESIAN_POINT('',(35.45,-16.5,26.));
#17234=CARTESIAN_POINT('',(36.2,0.,26.));
#17235=CARTESIAN_POINT('Origin',(42.2,0.,15.5));
#17236=CARTESIAN_POINT('',(36.2,11.5,15.5));
#17237=CARTESIAN_POINT('',(51.1,11.5,15.5));
#17238=CARTESIAN_POINT('',(36.2,16.5,15.5));
#17239=CARTESIAN_POINT('',(48.6,16.5,15.5));
#17240=CARTESIAN_POINT('',(36.2,0.,15.5));
#17241=CARTESIAN_POINT('Origin',(36.2,0.,15.5));
#17242=CARTESIAN_POINT('',(36.2,11.5,13.75));
#17243=CARTESIAN_POINT('',(36.2,16.5,10.25));
#17244=CARTESIAN_POINT('Origin',(36.2,0.,15.5));
#17245=CARTESIAN_POINT('',(36.2,-11.5,15.5));
#17246=CARTESIAN_POINT('',(36.2,-11.5,13.75));
#17247=CARTESIAN_POINT('',(36.2,-16.5,15.5));
#17248=CARTESIAN_POINT('',(36.2,-16.5,10.25));
#17249=CARTESIAN_POINT('',(36.2,0.,15.5));
#17250=CARTESIAN_POINT('Origin',(42.2,0.,15.5));
#17251=CARTESIAN_POINT('',(35.95,-11.5,15.5));
#17252=CARTESIAN_POINT('',(38.45,-16.5,15.5));
#17253=CARTESIAN_POINT('Origin',(44.85,-14.,28.5));
#17254=CARTESIAN_POINT('',(43.6,-14.,28.5));
#17255=CARTESIAN_POINT('Origin',(44.85,-14.,28.5));
#17256=CARTESIAN_POINT('',(43.6,-14.,20.5));
#17257=CARTESIAN_POINT('',(43.6,-14.,28.5));
#17258=CARTESIAN_POINT('Origin',(44.85,-14.,20.5));
#17259=CARTESIAN_POINT('Origin',(44.85,-14.,20.5));
#17260=CARTESIAN_POINT('Origin',(44.85,14.,28.5));
#17261=CARTESIAN_POINT('',(43.6,14.,28.5));
#17262=CARTESIAN_POINT('Origin',(44.85,14.,28.5));
#17263=CARTESIAN_POINT('',(43.6,14.,20.5));
#17264=CARTESIAN_POINT('',(43.6,14.,28.5));
#17265=CARTESIAN_POINT('Origin',(44.85,14.,20.5));
#17266=CARTESIAN_POINT('Origin',(44.85,14.,20.5));
#17267=CARTESIAN_POINT('Origin',(51.,-14.,5.));
#17268=CARTESIAN_POINT('',(49.75,-14.,5.));
#17269=CARTESIAN_POINT('Origin',(51.,-14.,5.));
#17270=CARTESIAN_POINT('',(49.75,-14.,10.));
#17271=CARTESIAN_POINT('',(49.75,-14.,5.));
#17272=CARTESIAN_POINT('Origin',(51.,-14.,10.));
#17273=CARTESIAN_POINT('Origin',(51.,-14.,10.));
#17274=CARTESIAN_POINT('Origin',(38.7,14.,5.));
#17275=CARTESIAN_POINT('',(37.45,14.,5.));
#17276=CARTESIAN_POINT('Origin',(38.7,14.,5.));
#17277=CARTESIAN_POINT('',(37.45,14.,10.));
#17278=CARTESIAN_POINT('',(37.45,14.,5.));
#17279=CARTESIAN_POINT('Origin',(38.7,14.,10.));
#17280=CARTESIAN_POINT('Origin',(38.7,14.,10.));
#17281=CARTESIAN_POINT('Origin',(38.7,-14.,5.));
#17282=CARTESIAN_POINT('',(37.45,-14.,5.));
#17283=CARTESIAN_POINT('Origin',(38.7,-14.,5.));
#17284=CARTESIAN_POINT('',(37.45,-14.,10.));
#17285=CARTESIAN_POINT('',(37.45,-14.,5.));
#17286=CARTESIAN_POINT('Origin',(38.7,-14.,10.));
#17287=CARTESIAN_POINT('Origin',(38.7,-14.,10.));
#17288=CARTESIAN_POINT('Origin',(51.,14.,5.));
#17289=CARTESIAN_POINT('',(49.75,14.,5.));
#17290=CARTESIAN_POINT('Origin',(51.,14.,5.));
#17291=CARTESIAN_POINT('',(49.75,14.,10.));
#17292=CARTESIAN_POINT('',(49.75,14.,5.));
#17293=CARTESIAN_POINT('Origin',(51.,14.,10.));
#17294=CARTESIAN_POINT('Origin',(51.,14.,10.));
#17295=CARTESIAN_POINT('Origin',(29.7,-11.5,12.));
#17296=CARTESIAN_POINT('',(55.,-11.5,12.));
#17297=CARTESIAN_POINT('',(55.,-11.5,28.5));
#17298=CARTESIAN_POINT('',(55.,-11.5,8.5));
#17299=CARTESIAN_POINT('',(34.7,-11.5,12.));
#17300=CARTESIAN_POINT('',(29.7,-11.5,12.));
#17301=CARTESIAN_POINT('',(34.7,-11.5,28.5));
#17302=CARTESIAN_POINT('',(34.7,-11.5,8.5));
#17303=CARTESIAN_POINT('',(37.275,-11.5,28.5));
#17304=CARTESIAN_POINT('Origin',(44.85,0.,12.));
#17305=CARTESIAN_POINT('',(55.,11.5,12.));
#17306=CARTESIAN_POINT('',(55.,-8.25,12.));
#17307=CARTESIAN_POINT('',(34.7,11.5,12.));
#17308=CARTESIAN_POINT('',(60.,11.5,12.));
#17309=CARTESIAN_POINT('',(34.7,8.25,12.));
#17310=CARTESIAN_POINT('Origin',(60.,11.5,12.));
#17311=CARTESIAN_POINT('',(55.,11.5,28.5));
#17312=CARTESIAN_POINT('',(55.,11.5,8.5));
#17313=CARTESIAN_POINT('',(34.7,11.5,28.5));
#17314=CARTESIAN_POINT('',(52.425,11.5,28.5));
#17315=CARTESIAN_POINT('',(34.7,11.5,8.5));
#17316=CARTESIAN_POINT('Origin',(55.,-16.5,5.));
#17317=CARTESIAN_POINT('',(55.,-16.5,28.5));
#17318=CARTESIAN_POINT('',(55.,-16.5,28.5));
#17319=CARTESIAN_POINT('',(55.,-16.5,5.));
#17320=CARTESIAN_POINT('',(55.,-16.5,5.));
#17321=CARTESIAN_POINT('',(55.,16.5,5.));
#17322=CARTESIAN_POINT('',(55.,-16.5,5.));
#17323=CARTESIAN_POINT('',(55.,16.5,28.5));
#17324=CARTESIAN_POINT('',(55.,16.5,5.));
#17325=CARTESIAN_POINT('',(55.,-16.5,28.5));
#17326=CARTESIAN_POINT('Origin',(44.85,0.,28.5));
#17327=CARTESIAN_POINT('',(34.7,-16.5,28.5));
#17328=CARTESIAN_POINT('',(34.7,16.5,28.5));
#17329=CARTESIAN_POINT('',(34.7,-16.5,28.5));
#17330=CARTESIAN_POINT('Origin',(55.,16.5,5.));
#17331=CARTESIAN_POINT('',(34.7,16.5,5.));
#17332=CARTESIAN_POINT('',(55.,16.5,5.));
#17333=CARTESIAN_POINT('',(34.7,16.5,28.5));
#17334=CARTESIAN_POINT('',(34.7,16.5,5.));
#17335=CARTESIAN_POINT('',(55.,16.5,28.5));
#17336=CARTESIAN_POINT('Origin',(34.7,-16.5,5.));
#17337=CARTESIAN_POINT('',(34.7,-16.5,5.));
#17338=CARTESIAN_POINT('',(34.7,-16.5,5.));
#17339=CARTESIAN_POINT('',(34.7,-16.5,5.));
#17340=CARTESIAN_POINT('Origin',(34.7,16.5,5.));
#17341=CARTESIAN_POINT('',(34.7,16.5,28.5));
#17342=CARTESIAN_POINT('',(34.7,16.5,5.));
#17343=CARTESIAN_POINT('Origin',(44.85,0.,28.5));
#17344=CARTESIAN_POINT('Origin',(44.85,0.,5.));
#17345=CARTESIAN_POINT('',(0.,0.,0.));
#17346=CARTESIAN_POINT('Origin',(44.85,-14.,0.));
#17347=CARTESIAN_POINT('',(43.15,-14.,30.));
#17348=CARTESIAN_POINT('Origin',(44.85,-14.,30.));
#17349=CARTESIAN_POINT('',(43.15,-14.,33.));
#17350=CARTESIAN_POINT('',(43.15,-14.,0.));
#17351=CARTESIAN_POINT('Origin',(44.85,-14.,33.));
#17352=CARTESIAN_POINT('Origin',(44.85,14.,0.));
#17353=CARTESIAN_POINT('',(43.15,14.,30.));
#17354=CARTESIAN_POINT('Origin',(44.85,14.,30.));
#17355=CARTESIAN_POINT('',(43.15,14.,33.));
#17356=CARTESIAN_POINT('',(43.15,14.,0.));
#17357=CARTESIAN_POINT('Origin',(44.85,14.,33.));
#17358=CARTESIAN_POINT('Origin',(49.85,16.5,30.));
#17359=CARTESIAN_POINT('',(49.85,16.5,30.));
#17360=CARTESIAN_POINT('',(39.85,16.5,30.));
#17361=CARTESIAN_POINT('',(49.85,16.5,30.));
#17362=CARTESIAN_POINT('',(39.85,16.5,33.));
#17363=CARTESIAN_POINT('',(39.85,16.5,30.));
#17364=CARTESIAN_POINT('',(49.85,16.5,33.));
#17365=CARTESIAN_POINT('',(49.85,16.5,33.));
#17366=CARTESIAN_POINT('',(49.85,16.5,30.));
#17367=CARTESIAN_POINT('Origin',(49.85,-16.5,30.));
#17368=CARTESIAN_POINT('',(49.85,-16.5,30.));
#17369=CARTESIAN_POINT('',(49.85,-16.5,30.));
#17370=CARTESIAN_POINT('',(49.85,-16.5,33.));
#17371=CARTESIAN_POINT('',(49.85,-16.5,33.));
#17372=CARTESIAN_POINT('',(49.85,-16.5,30.));
#17373=CARTESIAN_POINT('Origin',(39.85,-16.5,30.));
#17374=CARTESIAN_POINT('',(39.85,-16.5,30.));
#17375=CARTESIAN_POINT('',(39.85,-16.5,30.));
#17376=CARTESIAN_POINT('',(39.85,-16.5,33.));
#17377=CARTESIAN_POINT('',(39.85,-16.5,33.));
#17378=CARTESIAN_POINT('',(39.85,-16.5,30.));
#17379=CARTESIAN_POINT('Origin',(39.85,16.5,30.));
#17380=CARTESIAN_POINT('',(39.85,16.5,30.));
#17381=CARTESIAN_POINT('',(39.85,16.5,33.));
#17382=CARTESIAN_POINT('Origin',(44.85,0.,33.));
#17383=CARTESIAN_POINT('Origin',(44.85,0.,30.));
#17384=CARTESIAN_POINT('',(0.,0.,0.));
#17385=CARTESIAN_POINT('',(0.,0.,0.));
#17386=CARTESIAN_POINT('',(0.,0.,0.));
#17387=CARTESIAN_POINT('',(0.,0.,0.));
#17388=CARTESIAN_POINT('',(0.,0.,0.));
#17389=CARTESIAN_POINT('',(0.,0.,0.));
#17390=CARTESIAN_POINT('',(0.,0.,0.));
#17391=CARTESIAN_POINT('',(0.,0.,0.));
#17392=CARTESIAN_POINT('',(0.,0.,0.));
#17393=CARTESIAN_POINT('',(0.,0.,0.));
#17394=CARTESIAN_POINT('',(0.,0.,0.));
#17395=CARTESIAN_POINT('',(0.,0.,0.));
#17396=CARTESIAN_POINT('Origin',(-32.5,75.,38.5));
#17397=CARTESIAN_POINT('',(32.5,75.,40.5));
#17398=CARTESIAN_POINT('Origin',(32.5,75.,38.5));
#17399=CARTESIAN_POINT('',(-32.5,75.,40.5));
#17400=CARTESIAN_POINT('',(-32.5,75.,40.5));
#17401=CARTESIAN_POINT('Origin',(-32.5,75.,38.5));
#17402=CARTESIAN_POINT('Origin',(32.5,75.,38.5));
#17403=CARTESIAN_POINT('Origin',(-32.5,75.,38.5));
#17404=CARTESIAN_POINT('',(0.,0.,0.));
#17405=CARTESIAN_POINT('Origin',(0.,75.,38.5));
#17406=CARTESIAN_POINT('',(-32.5,75.,40.5));
#17407=CARTESIAN_POINT('Origin',(-32.5,75.,38.5));
#17408=CARTESIAN_POINT('',(-22.5,75.,40.5));
#17409=CARTESIAN_POINT('',(0.,75.,40.5));
#17410=CARTESIAN_POINT('Origin',(-22.5,75.,38.5));
#17411=CARTESIAN_POINT('Origin',(-32.5,75.,38.5));
#17412=CARTESIAN_POINT('',(-22.5,75.,45.));
#17413=CARTESIAN_POINT('Origin',(-22.5,75.,38.5));
#17414=CARTESIAN_POINT('',(-32.5,75.,45.));
#17415=CARTESIAN_POINT('',(-32.5,75.,45.));
#17416=CARTESIAN_POINT('Origin',(-32.5,75.,38.5));
#17417=CARTESIAN_POINT('Origin',(-22.5,75.,38.5));
#17418=CARTESIAN_POINT('Origin',(-32.5,75.,38.5));
#17419=CARTESIAN_POINT('',(0.,0.,0.));
#17420=CARTESIAN_POINT('Origin',(0.,75.,38.5));
#17421=CARTESIAN_POINT('',(22.5,75.,40.5));
#17422=CARTESIAN_POINT('Origin',(22.5,75.,38.5));
#17423=CARTESIAN_POINT('',(32.5,75.,40.5));
#17424=CARTESIAN_POINT('',(0.,75.,40.5));
#17425=CARTESIAN_POINT('Origin',(32.5,75.,38.5));
#17426=CARTESIAN_POINT('Origin',(32.5,75.,38.5));
#17427=CARTESIAN_POINT('',(22.5,75.,45.));
#17428=CARTESIAN_POINT('Origin',(22.5,75.,38.5));
#17429=CARTESIAN_POINT('',(32.5,75.,45.));
#17430=CARTESIAN_POINT('',(32.5,75.,45.));
#17431=CARTESIAN_POINT('Origin',(32.5,75.,38.5));
#17432=CARTESIAN_POINT('Origin',(32.5,75.,38.5));
#17433=CARTESIAN_POINT('Origin',(22.5,75.,38.5));
#17434=CARTESIAN_POINT('',(0.,0.,0.));
#17435=CARTESIAN_POINT('Origin',(-15.,25.75,38.5));
#17436=CARTESIAN_POINT('',(15.,25.75,52.25));
#17437=CARTESIAN_POINT('Origin',(15.,25.75,38.5));
#17438=CARTESIAN_POINT('',(-15.,25.75,52.25));
#17439=CARTESIAN_POINT('',(-15.,25.75,52.25));
#17440=CARTESIAN_POINT('Origin',(-15.,25.75,38.5));
#17441=CARTESIAN_POINT('Origin',(15.,25.75,38.5));
#17442=CARTESIAN_POINT('Origin',(-15.,25.75,38.5));
#17443=CARTESIAN_POINT('',(0.,0.,0.));
#17444=CARTESIAN_POINT('Origin',(9.,0.,19.));
#17445=CARTESIAN_POINT('',(9.,41.,8.));
#17446=CARTESIAN_POINT('',(9.,41.,19.));
#17447=CARTESIAN_POINT('',(9.,41.,12.));
#17448=CARTESIAN_POINT('',(9.,12.,8.));
#17449=CARTESIAN_POINT('',(9.,0.,8.));
#17450=CARTESIAN_POINT('',(9.,12.,19.));
#17451=CARTESIAN_POINT('',(9.,12.,12.));
#17452=CARTESIAN_POINT('',(9.,0.,19.));
#17453=CARTESIAN_POINT('Origin',(-9.,0.,19.));
#17454=CARTESIAN_POINT('',(-9.,41.,19.));
#17455=CARTESIAN_POINT('',(3.,41.,19.));
#17456=CARTESIAN_POINT('',(-9.,12.,19.));
#17457=CARTESIAN_POINT('',(-12.,12.,19.));
#17458=CARTESIAN_POINT('',(-9.,0.,19.));
#17459=CARTESIAN_POINT('Origin',(-9.,0.,8.));
#17460=CARTESIAN_POINT('',(-9.,41.,8.));
#17461=CARTESIAN_POINT('',(-9.,41.,6.5));
#17462=CARTESIAN_POINT('',(-9.,12.,8.));
#17463=CARTESIAN_POINT('',(-9.,12.,6.5));
#17464=CARTESIAN_POINT('',(-9.,0.,8.));
#17465=CARTESIAN_POINT('Origin',(9.,0.,8.));
#17466=CARTESIAN_POINT('',(12.,41.,8.));
#17467=CARTESIAN_POINT('',(-3.,12.,8.));
#17468=CARTESIAN_POINT('Origin',(-11.,37.,5.));
#17469=CARTESIAN_POINT('',(-12.25,37.,5.));
#17470=CARTESIAN_POINT('Origin',(-11.,37.,5.));
#17471=CARTESIAN_POINT('',(-12.25,37.,13.));
#17472=CARTESIAN_POINT('',(-12.25,37.,5.));
#17473=CARTESIAN_POINT('Origin',(-11.,37.,13.));
#17474=CARTESIAN_POINT('Origin',(-11.,37.,13.));
#17475=CARTESIAN_POINT('Origin',(11.,16.,5.));
#17476=CARTESIAN_POINT('',(9.75,16.,5.));
#17477=CARTESIAN_POINT('Origin',(11.,16.,5.));
#17478=CARTESIAN_POINT('',(9.75,16.,13.));
#17479=CARTESIAN_POINT('',(9.75,16.,5.));
#17480=CARTESIAN_POINT('Origin',(11.,16.,13.));
#17481=CARTESIAN_POINT('Origin',(11.,16.,13.));
#17482=CARTESIAN_POINT('Origin',(-11.,16.,5.));
#17483=CARTESIAN_POINT('',(-12.25,16.,5.));
#17484=CARTESIAN_POINT('Origin',(-11.,16.,5.));
#17485=CARTESIAN_POINT('',(-12.25,16.,13.));
#17486=CARTESIAN_POINT('',(-12.25,16.,5.));
#17487=CARTESIAN_POINT('Origin',(-11.,16.,13.));
#17488=CARTESIAN_POINT('Origin',(-11.,16.,13.));
#17489=CARTESIAN_POINT('Origin',(11.,37.,5.));
#17490=CARTESIAN_POINT('',(9.75,37.,5.));
#17491=CARTESIAN_POINT('Origin',(11.,37.,5.));
#17492=CARTESIAN_POINT('',(9.75,37.,13.));
#17493=CARTESIAN_POINT('',(9.75,37.,5.));
#17494=CARTESIAN_POINT('Origin',(11.,37.,13.));
#17495=CARTESIAN_POINT('Origin',(11.,37.,13.));
#17496=CARTESIAN_POINT('Origin',(0.,25.75,38.5));
#17497=CARTESIAN_POINT('',(-15.,14.0785605000925,30.5));
#17498=CARTESIAN_POINT('',(-15.,37.4214394999075,30.5));
#17499=CARTESIAN_POINT('Origin',(-15.,25.75,38.5));
#17500=CARTESIAN_POINT('',(15.,14.0785605000925,30.5));
#17501=CARTESIAN_POINT('',(0.,14.0785605000925,30.5));
#17502=CARTESIAN_POINT('',(15.,37.4214394999075,30.5));
#17503=CARTESIAN_POINT('Origin',(15.,25.75,38.5));
#17504=CARTESIAN_POINT('',(0.,37.4214394999075,30.5));
#17505=CARTESIAN_POINT('Origin',(15.,12.,5.));
#17506=CARTESIAN_POINT('',(15.,12.,30.5));
#17507=CARTESIAN_POINT('',(15.,12.,30.5));
#17508=CARTESIAN_POINT('',(15.,12.,5.));
#17509=CARTESIAN_POINT('',(15.,12.,5.));
#17510=CARTESIAN_POINT('',(15.,41.,5.));
#17511=CARTESIAN_POINT('',(15.,12.,5.));
#17512=CARTESIAN_POINT('',(15.,41.,30.5));
#17513=CARTESIAN_POINT('',(15.,41.,5.));
#17514=CARTESIAN_POINT('',(15.,12.,30.5));
#17515=CARTESIAN_POINT('Origin',(0.,26.5,30.5));
#17516=CARTESIAN_POINT('',(-15.,12.,30.5));
#17517=CARTESIAN_POINT('',(-15.,41.,30.5));
#17518=CARTESIAN_POINT('',(-15.,12.,30.5));
#17519=CARTESIAN_POINT('Origin',(15.,41.,5.));
#17520=CARTESIAN_POINT('',(-15.,41.,5.));
#17521=CARTESIAN_POINT('',(15.,41.,5.));
#17522=CARTESIAN_POINT('',(-15.,41.,30.5));
#17523=CARTESIAN_POINT('',(-15.,41.,5.));
#17524=CARTESIAN_POINT('',(15.,41.,30.5));
#17525=CARTESIAN_POINT('Origin',(-15.,12.,5.));
#17526=CARTESIAN_POINT('',(-15.,12.,5.));
#17527=CARTESIAN_POINT('',(-15.,12.,5.));
#17528=CARTESIAN_POINT('',(-15.,12.,5.));
#17529=CARTESIAN_POINT('Origin',(-15.,41.,5.));
#17530=CARTESIAN_POINT('',(-15.,41.,30.5));
#17531=CARTESIAN_POINT('',(-15.,41.,5.));
#17532=CARTESIAN_POINT('Origin',(0.,26.5,30.5));
#17533=CARTESIAN_POINT('Origin',(0.,26.5,5.));
#17534=CARTESIAN_POINT('',(0.,0.,0.));
#17535=CARTESIAN_POINT('Origin',(0.,75.,38.5));
#17536=CARTESIAN_POINT('',(16.,75.,40.5));
#17537=CARTESIAN_POINT('Origin',(16.,75.,38.5));
#17538=CARTESIAN_POINT('',(22.,75.,40.5));
#17539=CARTESIAN_POINT('',(0.,75.,40.5));
#17540=CARTESIAN_POINT('Origin',(22.,75.,38.5));
#17541=CARTESIAN_POINT('Origin',(16.,75.,38.5));
#17542=CARTESIAN_POINT('',(22.,75.,48.5));
#17543=CARTESIAN_POINT('Origin',(22.,75.,38.5));
#17544=CARTESIAN_POINT('',(16.,75.,48.5));
#17545=CARTESIAN_POINT('',(16.,75.,48.5));
#17546=CARTESIAN_POINT('Origin',(16.,75.,38.5));
#17547=CARTESIAN_POINT('Origin',(22.,75.,38.5));
#17548=CARTESIAN_POINT('Origin',(16.,75.,38.5));
#17549=CARTESIAN_POINT('',(0.,0.,0.));
#17550=CARTESIAN_POINT('Origin',(0.,25.75,38.5));
#17551=CARTESIAN_POINT('',(16.,25.75,40.085));
#17552=CARTESIAN_POINT('Origin',(16.,25.75,38.5));
#17553=CARTESIAN_POINT('',(22.,25.75,40.085));
#17554=CARTESIAN_POINT('',(0.,25.75,40.085));
#17555=CARTESIAN_POINT('Origin',(22.,25.75,38.5));
#17556=CARTESIAN_POINT('Origin',(16.,25.75,38.5));
#17557=CARTESIAN_POINT('',(22.,25.75,48.5));
#17558=CARTESIAN_POINT('Origin',(22.,25.75,38.5));
#17559=CARTESIAN_POINT('',(16.,25.75,48.5));
#17560=CARTESIAN_POINT('',(16.,25.75,48.5));
#17561=CARTESIAN_POINT('Origin',(16.,25.75,38.5));
#17562=CARTESIAN_POINT('Origin',(22.,25.75,38.5));
#17563=CARTESIAN_POINT('Origin',(16.,25.75,38.5));
#17564=CARTESIAN_POINT('',(0.,0.,0.));
#17565=CARTESIAN_POINT('Origin',(52.15,36.65,7.));
#17566=CARTESIAN_POINT('',(52.15,36.65,7.));
#17567=CARTESIAN_POINT('',(17.85,36.65,7.));
#17568=CARTESIAN_POINT('',(52.15,36.65,7.));
#17569=CARTESIAN_POINT('',(17.85,36.65,11.5));
#17570=CARTESIAN_POINT('',(17.85,36.65,7.));
#17571=CARTESIAN_POINT('',(52.15,36.65,11.5));
#17572=CARTESIAN_POINT('',(52.15,36.65,11.5));
#17573=CARTESIAN_POINT('',(52.15,36.65,7.));
#17574=CARTESIAN_POINT('Origin',(52.15,19.35,7.));
#17575=CARTESIAN_POINT('',(52.15,19.35,7.));
#17576=CARTESIAN_POINT('',(52.15,19.35,7.));
#17577=CARTESIAN_POINT('',(52.15,19.35,11.5));
#17578=CARTESIAN_POINT('',(52.15,19.35,11.5));
#17579=CARTESIAN_POINT('',(52.15,19.35,7.));
#17580=CARTESIAN_POINT('Origin',(17.85,19.35,7.));
#17581=CARTESIAN_POINT('',(17.85,19.35,7.));
#17582=CARTESIAN_POINT('',(17.85,19.35,7.));
#17583=CARTESIAN_POINT('',(17.85,19.35,11.5));
#17584=CARTESIAN_POINT('',(17.85,19.35,11.5));
#17585=CARTESIAN_POINT('',(17.85,19.35,7.));
#17586=CARTESIAN_POINT('Origin',(17.85,36.65,7.));
#17587=CARTESIAN_POINT('',(17.85,36.65,7.));
#17588=CARTESIAN_POINT('',(17.85,36.65,11.5));
#17589=CARTESIAN_POINT('Origin',(35.,28.,11.5));
#17590=CARTESIAN_POINT('Origin',(35.,28.,7.));
#17591=CARTESIAN_POINT('',(0.,0.,0.));
#17592=CARTESIAN_POINT('Origin',(0.,75.,38.5));
#17593=CARTESIAN_POINT('',(10.,75.,40.5));
#17594=CARTESIAN_POINT('Origin',(10.,75.,38.5));
#17595=CARTESIAN_POINT('',(14.,75.,40.5));
#17596=CARTESIAN_POINT('',(0.,75.,40.5));
#17597=CARTESIAN_POINT('Origin',(14.,75.,38.5));
#17598=CARTESIAN_POINT('Origin',(0.,75.,38.5));
#17599=CARTESIAN_POINT('',(-20.,75.,40.5));
#17600=CARTESIAN_POINT('Origin',(-20.,75.,38.5));
#17601=CARTESIAN_POINT('',(-16.,75.,40.5));
#17602=CARTESIAN_POINT('',(0.,75.,40.5));
#17603=CARTESIAN_POINT('Origin',(-16.,75.,38.5));
#17604=CARTESIAN_POINT('Origin',(-16.,52.5,28.));
#17605=CARTESIAN_POINT('',(10.,52.5,48.5));
#17606=CARTESIAN_POINT('',(-16.,52.5,48.5));
#17607=CARTESIAN_POINT('',(-9.5,52.5,48.5));
#17608=CARTESIAN_POINT('',(10.,52.5,28.5));
#17609=CARTESIAN_POINT('',(10.,52.5,28.));
#17610=CARTESIAN_POINT('',(-16.,52.5,28.5));
#17611=CARTESIAN_POINT('',(-9.5,52.5,28.5));
#17612=CARTESIAN_POINT('',(-16.,52.5,28.));
#17613=CARTESIAN_POINT('Origin',(-16.,97.5,28.));
#17614=CARTESIAN_POINT('',(-16.,97.5,48.5));
#17615=CARTESIAN_POINT('',(-16.,86.25,48.5));
#17616=CARTESIAN_POINT('',(-16.,97.5,28.5));
#17617=CARTESIAN_POINT('',(-16.,86.25,28.5));
#17618=CARTESIAN_POINT('',(-16.,97.5,28.));
#17619=CARTESIAN_POINT('Origin',(10.,97.5,28.));
#17620=CARTESIAN_POINT('',(10.,97.5,48.5));
#17621=CARTESIAN_POINT('',(3.5,97.5,48.5));
#17622=CARTESIAN_POINT('',(10.,97.5,28.5));
#17623=CARTESIAN_POINT('',(3.5,97.5,28.5));
#17624=CARTESIAN_POINT('',(10.,97.5,28.));
#17625=CARTESIAN_POINT('Origin',(10.,52.5,28.));
#17626=CARTESIAN_POINT('',(10.,63.75,48.5));
#17627=CARTESIAN_POINT('',(10.,63.75,28.5));
#17628=CARTESIAN_POINT('Origin',(14.,107.5,28.5));
#17629=CARTESIAN_POINT('',(14.,107.5,28.5));
#17630=CARTESIAN_POINT('',(-20.,107.5,28.5));
#17631=CARTESIAN_POINT('',(14.,107.5,28.5));
#17632=CARTESIAN_POINT('',(-20.,107.5,48.5));
#17633=CARTESIAN_POINT('',(-20.,107.5,28.5));
#17634=CARTESIAN_POINT('',(14.,107.5,48.5));
#17635=CARTESIAN_POINT('',(14.,107.5,48.5));
#17636=CARTESIAN_POINT('',(14.,107.5,28.5));
#17637=CARTESIAN_POINT('Origin',(14.,42.5,28.5));
#17638=CARTESIAN_POINT('',(14.,42.5,28.5));
#17639=CARTESIAN_POINT('',(14.,42.5,28.5));
#17640=CARTESIAN_POINT('',(14.,42.5,48.5));
#17641=CARTESIAN_POINT('',(14.,42.5,48.5));
#17642=CARTESIAN_POINT('',(14.,42.5,28.5));
#17643=CARTESIAN_POINT('Origin',(-20.,42.5,28.5));
#17644=CARTESIAN_POINT('',(-20.,42.5,28.5));
#17645=CARTESIAN_POINT('',(-20.,42.5,28.5));
#17646=CARTESIAN_POINT('',(-20.,42.5,48.5));
#17647=CARTESIAN_POINT('',(-20.,42.5,48.5));
#17648=CARTESIAN_POINT('',(-20.,42.5,28.5));
#17649=CARTESIAN_POINT('Origin',(-20.,107.5,28.5));
#17650=CARTESIAN_POINT('',(-20.,107.5,28.5));
#17651=CARTESIAN_POINT('',(-20.,107.5,48.5));
#17652=CARTESIAN_POINT('Origin',(-3.,75.,48.5));
#17653=CARTESIAN_POINT('Origin',(-3.,75.,28.5));
#17654=CARTESIAN_POINT('',(0.,0.,0.));
#17655=CARTESIAN_POINT('',(0.,0.,0.));
#17656=CARTESIAN_POINT('',(0.,0.,0.));
#17657=CARTESIAN_POINT('',(0.,0.,0.));
#17658=CARTESIAN_POINT('',(0.,0.,0.));
#17659=CARTESIAN_POINT('',(0.,0.,0.));
#17660=CARTESIAN_POINT('',(0.,0.,0.));
#17661=CARTESIAN_POINT('',(0.,0.,0.));
#17662=CARTESIAN_POINT('',(0.,0.,0.));
#17663=CARTESIAN_POINT('',(0.,0.,0.));
#17664=CARTESIAN_POINT('',(0.,0.,0.));
#17665=CARTESIAN_POINT('Origin',(52.,-20.5,34.6));
#17666=CARTESIAN_POINT('',(52.,-20.5,34.6));
#17667=CARTESIAN_POINT('',(-52.,-20.5,34.6));
#17668=CARTESIAN_POINT('',(52.,-20.5,34.6));
#17669=CARTESIAN_POINT('',(-52.,-20.5,61.6));
#17670=CARTESIAN_POINT('',(-52.,-20.5,34.6));
#17671=CARTESIAN_POINT('',(52.,-20.5,61.6));
#17672=CARTESIAN_POINT('',(52.,-20.5,61.6));
#17673=CARTESIAN_POINT('',(52.,-20.5,34.6));
#17674=CARTESIAN_POINT('Origin',(52.,-55.5,34.6));
#17675=CARTESIAN_POINT('',(52.,-55.5,34.6));
#17676=CARTESIAN_POINT('',(52.,-55.5,34.6));
#17677=CARTESIAN_POINT('',(52.,-55.5,61.6));
#17678=CARTESIAN_POINT('',(52.,-55.5,61.6));
#17679=CARTESIAN_POINT('',(52.,-55.5,34.6));
#17680=CARTESIAN_POINT('Origin',(-52.,-55.5,34.6));
#17681=CARTESIAN_POINT('',(-52.,-55.5,34.6));
#17682=CARTESIAN_POINT('',(-52.,-55.5,34.6));
#17683=CARTESIAN_POINT('',(-52.,-55.5,61.6));
#17684=CARTESIAN_POINT('',(-52.,-55.5,61.6));
#17685=CARTESIAN_POINT('',(-52.,-55.5,34.6));
#17686=CARTESIAN_POINT('Origin',(-52.,-20.5,34.6));
#17687=CARTESIAN_POINT('',(-52.,-20.5,34.6));
#17688=CARTESIAN_POINT('',(-52.,-20.5,61.6));
#17689=CARTESIAN_POINT('Origin',(0.,-38.,61.6));
#17690=CARTESIAN_POINT('Origin',(0.,-38.,34.6));
#17691=CARTESIAN_POINT('',(0.,0.,0.));
#17692=CARTESIAN_POINT('Origin',(-39.5,-41.5,7.));
#17693=CARTESIAN_POINT('',(-39.5,-41.5,7.));
#17694=CARTESIAN_POINT('',(-64.5,-41.5,7.));
#17695=CARTESIAN_POINT('',(-39.5,-41.5,7.));
#17696=CARTESIAN_POINT('',(-64.5,-41.5,22.));
#17697=CARTESIAN_POINT('',(-64.5,-41.5,7.));
#17698=CARTESIAN_POINT('',(-39.5,-41.5,22.));
#17699=CARTESIAN_POINT('',(-39.5,-41.5,22.));
#17700=CARTESIAN_POINT('',(-39.5,-41.5,7.));
#17701=CARTESIAN_POINT('Origin',(-39.5,-84.5,7.));
#17702=CARTESIAN_POINT('',(-39.5,-84.5,7.));
#17703=CARTESIAN_POINT('',(-39.5,-84.5,7.));
#17704=CARTESIAN_POINT('',(-39.5,-84.5,22.));
#17705=CARTESIAN_POINT('',(-39.5,-84.5,22.));
#17706=CARTESIAN_POINT('',(-39.5,-84.5,7.));
#17707=CARTESIAN_POINT('Origin',(-64.5,-84.5,7.));
#17708=CARTESIAN_POINT('',(-64.5,-84.5,7.));
#17709=CARTESIAN_POINT('',(-64.5,-84.5,7.));
#17710=CARTESIAN_POINT('',(-64.5,-84.5,22.));
#17711=CARTESIAN_POINT('',(-64.5,-84.5,22.));
#17712=CARTESIAN_POINT('',(-64.5,-84.5,7.));
#17713=CARTESIAN_POINT('Origin',(-64.5,-41.5,7.));
#17714=CARTESIAN_POINT('',(-64.5,-41.5,7.));
#17715=CARTESIAN_POINT('',(-64.5,-41.5,22.));
#17716=CARTESIAN_POINT('Origin',(-52.,-63.,22.));
#17717=CARTESIAN_POINT('Origin',(-52.,-63.,7.));
#17718=CARTESIAN_POINT('',(0.,0.,0.));
#17719=CARTESIAN_POINT('Origin',(74.5,-26.,7.));
#17720=CARTESIAN_POINT('',(74.5,-26.,7.));
#17721=CARTESIAN_POINT('',(57.5,-26.,7.));
#17722=CARTESIAN_POINT('',(74.5,-26.,7.));
#17723=CARTESIAN_POINT('',(57.5,-26.,17.));
#17724=CARTESIAN_POINT('',(57.5,-26.,7.));
#17725=CARTESIAN_POINT('',(74.5,-26.,17.));
#17726=CARTESIAN_POINT('',(74.5,-26.,17.));
#17727=CARTESIAN_POINT('',(74.5,-26.,7.));
#17728=CARTESIAN_POINT('Origin',(74.5,-76.,7.));
#17729=CARTESIAN_POINT('',(74.5,-76.,7.));
#17730=CARTESIAN_POINT('',(74.5,-76.,7.));
#17731=CARTESIAN_POINT('',(74.5,-76.,17.));
#17732=CARTESIAN_POINT('',(74.5,-76.,17.));
#17733=CARTESIAN_POINT('',(74.5,-76.,7.));
#17734=CARTESIAN_POINT('Origin',(57.5,-76.,7.));
#17735=CARTESIAN_POINT('',(57.5,-76.,7.));
#17736=CARTESIAN_POINT('',(57.5,-76.,7.));
#17737=CARTESIAN_POINT('',(57.5,-76.,17.));
#17738=CARTESIAN_POINT('',(57.5,-76.,17.));
#17739=CARTESIAN_POINT('',(57.5,-76.,7.));
#17740=CARTESIAN_POINT('Origin',(57.5,-26.,7.));
#17741=CARTESIAN_POINT('',(57.5,-26.,7.));
#17742=CARTESIAN_POINT('',(57.5,-26.,17.));
#17743=CARTESIAN_POINT('Origin',(66.,-51.,17.));
#17744=CARTESIAN_POINT('Origin',(66.,-51.,7.));
#17745=CARTESIAN_POINT('',(0.,0.,0.));
#17746=CARTESIAN_POINT('Origin',(-17.1,-66.4,7.));
#17747=CARTESIAN_POINT('',(-17.1,-66.4,7.));
#17748=CARTESIAN_POINT('',(-34.9,-66.4,7.));
#17749=CARTESIAN_POINT('',(-17.1,-66.4,7.));
#17750=CARTESIAN_POINT('',(-34.9,-66.4,10.));
#17751=CARTESIAN_POINT('',(-34.9,-66.4,7.));
#17752=CARTESIAN_POINT('',(-17.1,-66.4,10.));
#17753=CARTESIAN_POINT('',(-17.1,-66.4,10.));
#17754=CARTESIAN_POINT('',(-17.1,-66.4,7.));
#17755=CARTESIAN_POINT('Origin',(-17.1,-81.6,7.));
#17756=CARTESIAN_POINT('',(-17.1,-81.6,7.));
#17757=CARTESIAN_POINT('',(-17.1,-81.6,7.));
#17758=CARTESIAN_POINT('',(-17.1,-81.6,10.));
#17759=CARTESIAN_POINT('',(-17.1,-81.6,10.));
#17760=CARTESIAN_POINT('',(-17.1,-81.6,7.));
#17761=CARTESIAN_POINT('Origin',(-34.9,-81.6,7.));
#17762=CARTESIAN_POINT('',(-34.9,-81.6,7.));
#17763=CARTESIAN_POINT('',(-34.9,-81.6,7.));
#17764=CARTESIAN_POINT('',(-34.9,-81.6,10.));
#17765=CARTESIAN_POINT('',(-34.9,-81.6,10.));
#17766=CARTESIAN_POINT('',(-34.9,-81.6,7.));
#17767=CARTESIAN_POINT('Origin',(-34.9,-66.4,7.));
#17768=CARTESIAN_POINT('',(-34.9,-66.4,7.));
#17769=CARTESIAN_POINT('',(-34.9,-66.4,10.));
#17770=CARTESIAN_POINT('Origin',(-26.,-74.,10.));
#17771=CARTESIAN_POINT('Origin',(-26.,-74.,7.));
#17772=CARTESIAN_POINT('',(0.,0.,0.));
#17773=CARTESIAN_POINT('Origin',(3.6,-66.1,7.));
#17774=CARTESIAN_POINT('',(3.6,-66.1,7.));
#17775=CARTESIAN_POINT('',(-11.6,-66.1,7.));
#17776=CARTESIAN_POINT('',(3.6,-66.1,7.));
#17777=CARTESIAN_POINT('',(-11.6,-66.1,10.));
#17778=CARTESIAN_POINT('',(-11.6,-66.1,7.));
#17779=CARTESIAN_POINT('',(3.6,-66.1,10.));
#17780=CARTESIAN_POINT('',(3.6,-66.1,10.));
#17781=CARTESIAN_POINT('',(3.6,-66.1,7.));
#17782=CARTESIAN_POINT('Origin',(3.6,-83.9,7.));
#17783=CARTESIAN_POINT('',(3.6,-83.9,7.));
#17784=CARTESIAN_POINT('',(3.6,-83.9,7.));
#17785=CARTESIAN_POINT('',(3.6,-83.9,10.));
#17786=CARTESIAN_POINT('',(3.6,-83.9,10.));
#17787=CARTESIAN_POINT('',(3.6,-83.9,7.));
#17788=CARTESIAN_POINT('Origin',(-11.6,-83.9,7.));
#17789=CARTESIAN_POINT('',(-11.6,-83.9,7.));
#17790=CARTESIAN_POINT('',(-11.6,-83.9,7.));
#17791=CARTESIAN_POINT('',(-11.6,-83.9,10.));
#17792=CARTESIAN_POINT('',(-11.6,-83.9,10.));
#17793=CARTESIAN_POINT('',(-11.6,-83.9,7.));
#17794=CARTESIAN_POINT('Origin',(-11.6,-66.1,7.));
#17795=CARTESIAN_POINT('',(-11.6,-66.1,7.));
#17796=CARTESIAN_POINT('',(-11.6,-66.1,10.));
#17797=CARTESIAN_POINT('Origin',(-4.,-75.,10.));
#17798=CARTESIAN_POINT('Origin',(-4.,-75.,7.));
#17799=CARTESIAN_POINT('',(0.,0.,0.));
#17800=CARTESIAN_POINT('Origin',(23.6,-49.7,24.));
#17801=CARTESIAN_POINT('',(22.3,-49.7,25.));
#17802=CARTESIAN_POINT('Origin',(23.6,-49.7,25.));
#17803=CARTESIAN_POINT('',(22.3,-49.7,26.6));
#17804=CARTESIAN_POINT('',(22.3,-49.7,24.));
#17805=CARTESIAN_POINT('Origin',(23.6,-49.7,26.6));
#17806=CARTESIAN_POINT('Origin',(-23.6,-26.3,24.));
#17807=CARTESIAN_POINT('',(-24.9,-26.3,25.));
#17808=CARTESIAN_POINT('Origin',(-23.6,-26.3,25.));
#17809=CARTESIAN_POINT('',(-24.9,-26.3,26.6));
#17810=CARTESIAN_POINT('',(-24.9,-26.3,24.));
#17811=CARTESIAN_POINT('Origin',(-23.6,-26.3,26.6));
#17812=CARTESIAN_POINT('Origin',(-23.6,-49.7,24.));
#17813=CARTESIAN_POINT('',(-24.9,-49.7,25.));
#17814=CARTESIAN_POINT('Origin',(-23.6,-49.7,25.));
#17815=CARTESIAN_POINT('',(-24.9,-49.7,26.6));
#17816=CARTESIAN_POINT('',(-24.9,-49.7,24.));
#17817=CARTESIAN_POINT('Origin',(-23.6,-49.7,26.6));
#17818=CARTESIAN_POINT('Origin',(23.6,-26.3,24.));
#17819=CARTESIAN_POINT('',(22.3,-26.3,25.));
#17820=CARTESIAN_POINT('Origin',(23.6,-26.3,25.));
#17821=CARTESIAN_POINT('',(22.3,-26.3,26.6));
#17822=CARTESIAN_POINT('',(22.3,-26.3,24.));
#17823=CARTESIAN_POINT('Origin',(23.6,-26.3,26.6));
#17824=CARTESIAN_POINT('Origin',(25.75,-23.85,25.));
#17825=CARTESIAN_POINT('',(25.75,-23.85,25.));
#17826=CARTESIAN_POINT('',(-25.75,-23.85,25.));
#17827=CARTESIAN_POINT('',(25.75,-23.85,25.));
#17828=CARTESIAN_POINT('',(-25.75,-23.85,26.6));
#17829=CARTESIAN_POINT('',(-25.75,-23.85,25.));
#17830=CARTESIAN_POINT('',(25.75,-23.85,26.6));
#17831=CARTESIAN_POINT('',(25.75,-23.85,26.6));
#17832=CARTESIAN_POINT('',(25.75,-23.85,25.));
#17833=CARTESIAN_POINT('Origin',(25.75,-52.15,25.));
#17834=CARTESIAN_POINT('',(25.75,-52.15,25.));
#17835=CARTESIAN_POINT('',(25.75,-52.15,25.));
#17836=CARTESIAN_POINT('',(25.75,-52.15,26.6));
#17837=CARTESIAN_POINT('',(25.75,-52.15,26.6));
#17838=CARTESIAN_POINT('',(25.75,-52.15,25.));
#17839=CARTESIAN_POINT('Origin',(-25.75,-52.15,25.));
#17840=CARTESIAN_POINT('',(-25.75,-52.15,25.));
#17841=CARTESIAN_POINT('',(-25.75,-52.15,25.));
#17842=CARTESIAN_POINT('',(-25.75,-52.15,26.6));
#17843=CARTESIAN_POINT('',(-25.75,-52.15,26.6));
#17844=CARTESIAN_POINT('',(-25.75,-52.15,25.));
#17845=CARTESIAN_POINT('Origin',(-25.75,-23.85,25.));
#17846=CARTESIAN_POINT('',(-25.75,-23.85,25.));
#17847=CARTESIAN_POINT('',(-25.75,-23.85,26.6));
#17848=CARTESIAN_POINT('Origin',(0.,-38.,26.6));
#17849=CARTESIAN_POINT('Origin',(0.,-38.,25.));
#17850=CARTESIAN_POINT('Origin',(-0.25,-29.,26.6));
#17851=CARTESIAN_POINT('',(-0.25,-29.,26.6));
#17852=CARTESIAN_POINT('',(-25.75,-29.,26.6));
#17853=CARTESIAN_POINT('',(-0.25,-29.,26.6));
#17854=CARTESIAN_POINT('',(-25.75,-29.,29.7));
#17855=CARTESIAN_POINT('',(-25.75,-29.,26.6));
#17856=CARTESIAN_POINT('',(-0.249999999999999,-29.,29.7));
#17857=CARTESIAN_POINT('',(-0.25,-29.,29.7));
#17858=CARTESIAN_POINT('',(-0.25,-29.,26.6));
#17859=CARTESIAN_POINT('Origin',(-0.249999999999999,-47.,26.6));
#17860=CARTESIAN_POINT('',(-0.249999999999999,-47.,26.6));
#17861=CARTESIAN_POINT('',(-0.249999999999999,-47.,26.6));
#17862=CARTESIAN_POINT('',(-0.249999999999999,-47.,29.7));
#17863=CARTESIAN_POINT('',(-0.249999999999999,-47.,29.7));
#17864=CARTESIAN_POINT('',(-0.249999999999999,-47.,26.6));
#17865=CARTESIAN_POINT('Origin',(-25.75,-47.,26.6));
#17866=CARTESIAN_POINT('',(-25.75,-47.,26.6));
#17867=CARTESIAN_POINT('',(-25.75,-47.,26.6));
#17868=CARTESIAN_POINT('',(-25.75,-47.,29.7));
#17869=CARTESIAN_POINT('',(-25.75,-47.,29.7));
#17870=CARTESIAN_POINT('',(-25.75,-47.,26.6));
#17871=CARTESIAN_POINT('Origin',(-25.75,-29.,26.6));
#17872=CARTESIAN_POINT('',(-25.75,-29.,26.6));
#17873=CARTESIAN_POINT('',(-25.75,-29.,29.7));
#17874=CARTESIAN_POINT('Origin',(-13.,-38.,29.7));
#17875=CARTESIAN_POINT('Origin',(-13.,-38.,26.6));
#17876=CARTESIAN_POINT('Origin',(14.88,-49.43,8.5));
#17877=CARTESIAN_POINT('',(14.88,-49.43,8.5));
#17878=CARTESIAN_POINT('',(-20.72,-49.43,8.5));
#17879=CARTESIAN_POINT('',(14.88,-49.43,8.5));
#17880=CARTESIAN_POINT('',(-20.72,-49.43,25.));
#17881=CARTESIAN_POINT('',(-20.72,-49.43,8.5));
#17882=CARTESIAN_POINT('',(14.88,-49.43,25.));
#17883=CARTESIAN_POINT('',(14.88,-49.43,25.));
#17884=CARTESIAN_POINT('',(14.88,-49.43,8.5));
#17885=CARTESIAN_POINT('Origin',(14.88,-51.97,8.5));
#17886=CARTESIAN_POINT('',(14.88,-51.97,8.5));
#17887=CARTESIAN_POINT('',(14.88,-51.97,8.5));
#17888=CARTESIAN_POINT('',(14.88,-51.97,25.));
#17889=CARTESIAN_POINT('',(14.88,-51.97,25.));
#17890=CARTESIAN_POINT('',(14.88,-51.97,8.5));
#17891=CARTESIAN_POINT('Origin',(-20.72,-51.97,8.5));
#17892=CARTESIAN_POINT('',(-20.72,-51.97,8.5));
#17893=CARTESIAN_POINT('',(-20.72,-51.97,8.5));
#17894=CARTESIAN_POINT('',(-20.72,-51.97,25.));
#17895=CARTESIAN_POINT('',(-20.72,-51.97,25.));
#17896=CARTESIAN_POINT('',(-20.72,-51.97,8.5));
#17897=CARTESIAN_POINT('Origin',(-20.72,-49.43,8.5));
#17898=CARTESIAN_POINT('',(-20.72,-49.43,8.5));
#17899=CARTESIAN_POINT('',(-20.72,-49.43,25.));
#17900=CARTESIAN_POINT('Origin',(-2.92,-50.7,25.));
#17901=CARTESIAN_POINT('Origin',(-2.92,-50.7,8.5));
#17902=CARTESIAN_POINT('Origin',(14.88,-24.03,8.5));
#17903=CARTESIAN_POINT('',(14.88,-24.03,8.5));
#17904=CARTESIAN_POINT('',(-20.72,-24.03,8.5));
#17905=CARTESIAN_POINT('',(14.88,-24.03,8.5));
#17906=CARTESIAN_POINT('',(-20.72,-24.03,25.));
#17907=CARTESIAN_POINT('',(-20.72,-24.03,8.5));
#17908=CARTESIAN_POINT('',(14.88,-24.03,25.));
#17909=CARTESIAN_POINT('',(14.88,-24.03,25.));
#17910=CARTESIAN_POINT('',(14.88,-24.03,8.5));
#17911=CARTESIAN_POINT('Origin',(14.88,-26.57,8.5));
#17912=CARTESIAN_POINT('',(14.88,-26.57,8.5));
#17913=CARTESIAN_POINT('',(14.88,-26.57,8.5));
#17914=CARTESIAN_POINT('',(14.88,-26.57,25.));
#17915=CARTESIAN_POINT('',(14.88,-26.57,25.));
#17916=CARTESIAN_POINT('',(14.88,-26.57,8.5));
#17917=CARTESIAN_POINT('Origin',(-20.72,-26.57,8.5));
#17918=CARTESIAN_POINT('',(-20.72,-26.57,8.5));
#17919=CARTESIAN_POINT('',(-20.72,-26.57,8.5));
#17920=CARTESIAN_POINT('',(-20.72,-26.57,25.));
#17921=CARTESIAN_POINT('',(-20.72,-26.57,25.));
#17922=CARTESIAN_POINT('',(-20.72,-26.57,8.5));
#17923=CARTESIAN_POINT('Origin',(-20.72,-24.03,8.5));
#17924=CARTESIAN_POINT('',(-20.72,-24.03,8.5));
#17925=CARTESIAN_POINT('',(-20.72,-24.03,25.));
#17926=CARTESIAN_POINT('Origin',(-2.92,-25.3,25.));
#17927=CARTESIAN_POINT('Origin',(-2.92,-25.3,8.5));
#17928=CARTESIAN_POINT('',(0.,0.,0.));
#17929=CARTESIAN_POINT('Origin',(38.19,-70.,48.));
#17930=CARTESIAN_POINT('',(37.19,-70.,49.));
#17931=CARTESIAN_POINT('Origin',(38.19,-70.,49.));
#17932=CARTESIAN_POINT('',(37.19,-70.,55.35));
#17933=CARTESIAN_POINT('',(37.19,-70.,48.));
#17934=CARTESIAN_POINT('Origin',(38.19,-70.,55.35));
#17935=CARTESIAN_POINT('Origin',(45.81,-70.,48.));
#17936=CARTESIAN_POINT('',(44.81,-70.,49.));
#17937=CARTESIAN_POINT('Origin',(45.81,-70.,49.));
#17938=CARTESIAN_POINT('',(44.81,-70.,55.35));
#17939=CARTESIAN_POINT('',(44.81,-70.,48.));
#17940=CARTESIAN_POINT('Origin',(45.81,-70.,55.35));
#17941=CARTESIAN_POINT('Origin',(48.35,-63.65,49.));
#17942=CARTESIAN_POINT('',(48.35,-63.65,49.));
#17943=CARTESIAN_POINT('',(35.65,-63.65,49.));
#17944=CARTESIAN_POINT('',(48.35,-63.65,49.));
#17945=CARTESIAN_POINT('',(35.65,-63.65,55.35));
#17946=CARTESIAN_POINT('',(35.65,-63.65,49.));
#17947=CARTESIAN_POINT('',(48.35,-63.65,55.35));
#17948=CARTESIAN_POINT('',(48.35,-63.65,55.35));
#17949=CARTESIAN_POINT('',(48.35,-63.65,49.));
#17950=CARTESIAN_POINT('Origin',(48.35,-76.35,49.));
#17951=CARTESIAN_POINT('',(48.35,-76.35,49.));
#17952=CARTESIAN_POINT('',(48.35,-76.35,49.));
#17953=CARTESIAN_POINT('',(48.35,-76.35,55.35));
#17954=CARTESIAN_POINT('',(48.35,-76.35,55.35));
#17955=CARTESIAN_POINT('',(48.35,-76.35,49.));
#17956=CARTESIAN_POINT('Origin',(35.65,-76.35,49.));
#17957=CARTESIAN_POINT('',(35.65,-76.35,49.));
#17958=CARTESIAN_POINT('',(35.65,-76.35,49.));
#17959=CARTESIAN_POINT('',(35.65,-76.35,55.35));
#17960=CARTESIAN_POINT('',(35.65,-76.35,55.35));
#17961=CARTESIAN_POINT('',(35.65,-76.35,49.));
#17962=CARTESIAN_POINT('Origin',(35.65,-63.65,49.));
#17963=CARTESIAN_POINT('',(35.65,-63.65,49.));
#17964=CARTESIAN_POINT('',(35.65,-63.65,55.35));
#17965=CARTESIAN_POINT('Origin',(42.,-70.,55.35));
#17966=CARTESIAN_POINT('Origin',(42.,-70.,49.));
#17967=CARTESIAN_POINT('',(0.,0.,0.));
#17968=CARTESIAN_POINT('',(0.,0.,0.));
#17969=CARTESIAN_POINT('',(0.,0.,0.));
#17970=CARTESIAN_POINT('',(0.,0.,0.));
#17971=CARTESIAN_POINT('',(0.,0.,0.));
#17972=CARTESIAN_POINT('',(0.,0.,0.));
#17973=CARTESIAN_POINT('',(0.,0.,0.));
#17974=CARTESIAN_POINT('',(0.,0.,0.));
#17975=CARTESIAN_POINT('',(0.,0.,0.));
#17976=CARTESIAN_POINT('',(0.,0.,0.));
#17977=CARTESIAN_POINT('',(0.,0.,0.));
#17978=CARTESIAN_POINT('Origin',(-75.,0.,55.));
#17979=CARTESIAN_POINT('',(-76.7,-90.,55.));
#17980=CARTESIAN_POINT('Origin',(-75.,-90.,55.));
#17981=CARTESIAN_POINT('',(-76.7,-88.,55.));
#17982=CARTESIAN_POINT('',(-76.7,0.,55.));
#17983=CARTESIAN_POINT('Origin',(-75.,-88.,55.));
#17984=CARTESIAN_POINT('Origin',(-75.,0.,20.));
#17985=CARTESIAN_POINT('',(-76.7,-90.,20.));
#17986=CARTESIAN_POINT('Origin',(-75.,-90.,20.));
#17987=CARTESIAN_POINT('',(-76.7,-88.,20.));
#17988=CARTESIAN_POINT('',(-76.7,0.,20.));
#17989=CARTESIAN_POINT('Origin',(-75.,-88.,20.));
#17990=CARTESIAN_POINT('Origin',(75.,0.,55.));
#17991=CARTESIAN_POINT('',(73.3,-90.,55.));
#17992=CARTESIAN_POINT('Origin',(75.,-90.,55.));
#17993=CARTESIAN_POINT('',(73.3,-88.,55.));
#17994=CARTESIAN_POINT('',(73.3,0.,55.));
#17995=CARTESIAN_POINT('Origin',(75.,-88.,55.));
#17996=CARTESIAN_POINT('Origin',(75.,0.,20.));
#17997=CARTESIAN_POINT('',(73.3,-90.,20.));
#17998=CARTESIAN_POINT('Origin',(75.,-90.,20.));
#17999=CARTESIAN_POINT('',(73.3,-88.,20.));
#18000=CARTESIAN_POINT('',(73.3,0.,20.));
#18001=CARTESIAN_POINT('Origin',(75.,-88.,20.));
#18002=CARTESIAN_POINT('Origin',(78.,-88.,5.));
#18003=CARTESIAN_POINT('',(78.,-88.,5.));
#18004=CARTESIAN_POINT('',(-78.,-88.,5.));
#18005=CARTESIAN_POINT('',(78.,-88.,5.));
#18006=CARTESIAN_POINT('',(-78.,-88.,83.));
#18007=CARTESIAN_POINT('',(-78.,-88.,5.));
#18008=CARTESIAN_POINT('',(78.,-88.,83.));
#18009=CARTESIAN_POINT('',(78.,-88.,83.));
#18010=CARTESIAN_POINT('',(78.,-88.,5.));
#18011=CARTESIAN_POINT('Origin',(78.,-90.,5.));
#18012=CARTESIAN_POINT('',(78.,-90.,5.));
#18013=CARTESIAN_POINT('',(78.,-90.,5.));
#18014=CARTESIAN_POINT('',(78.,-90.,83.));
#18015=CARTESIAN_POINT('',(78.,-90.,83.));
#18016=CARTESIAN_POINT('',(78.,-90.,5.));
#18017=CARTESIAN_POINT('Origin',(-78.,-90.,5.));
#18018=CARTESIAN_POINT('',(-78.,-90.,5.));
#18019=CARTESIAN_POINT('',(-78.,-90.,5.));
#18020=CARTESIAN_POINT('',(-78.,-90.,83.));
#18021=CARTESIAN_POINT('',(-78.,-90.,83.));
#18022=CARTESIAN_POINT('',(-78.,-90.,5.));
#18023=CARTESIAN_POINT('Origin',(-78.,-88.,5.));
#18024=CARTESIAN_POINT('',(-78.,-88.,5.));
#18025=CARTESIAN_POINT('',(-78.,-88.,83.));
#18026=CARTESIAN_POINT('Origin',(0.,-89.,83.));
#18027=CARTESIAN_POINT('Origin',(0.,-89.,5.));
#18028=CARTESIAN_POINT('',(0.,0.,0.));
#18029=CARTESIAN_POINT('',(0.,0.,0.));
#18030=CARTESIAN_POINT('',(0.,0.,0.));
#18031=CARTESIAN_POINT('Origin',(-34.,-46.,31.6));
#18032=CARTESIAN_POINT('',(-35.45,-46.,32.6));
#18033=CARTESIAN_POINT('Origin',(-34.,-46.,32.6));
#18034=CARTESIAN_POINT('',(-35.45,-46.,34.6));
#18035=CARTESIAN_POINT('',(-35.45,-46.,31.6));
#18036=CARTESIAN_POINT('Origin',(-34.,-46.,34.6));
#18037=CARTESIAN_POINT('Origin',(34.,-30.,31.6));
#18038=CARTESIAN_POINT('',(32.55,-30.,32.6));
#18039=CARTESIAN_POINT('Origin',(34.,-30.,32.6));
#18040=CARTESIAN_POINT('',(32.55,-30.,34.6));
#18041=CARTESIAN_POINT('',(32.55,-30.,31.6));
#18042=CARTESIAN_POINT('Origin',(34.,-30.,34.6));
#18043=CARTESIAN_POINT('Origin',(-34.,-30.,31.6));
#18044=CARTESIAN_POINT('',(-35.45,-30.,32.6));
#18045=CARTESIAN_POINT('Origin',(-34.,-30.,32.6));
#18046=CARTESIAN_POINT('',(-35.45,-30.,34.6));
#18047=CARTESIAN_POINT('',(-35.45,-30.,31.6));
#18048=CARTESIAN_POINT('Origin',(-34.,-30.,34.6));
#18049=CARTESIAN_POINT('Origin',(34.,-46.,31.6));
#18050=CARTESIAN_POINT('',(32.55,-46.,32.6));
#18051=CARTESIAN_POINT('Origin',(34.,-46.,32.6));
#18052=CARTESIAN_POINT('',(32.55,-46.,34.6));
#18053=CARTESIAN_POINT('',(32.55,-46.,31.6));
#18054=CARTESIAN_POINT('Origin',(34.,-46.,34.6));
#18055=CARTESIAN_POINT('Origin',(-39.,-43.,32.6));
#18056=CARTESIAN_POINT('',(-35.,-43.,34.6));
#18057=CARTESIAN_POINT('',(-39.,-43.,34.6));
#18058=CARTESIAN_POINT('',(-19.5,-43.,34.6));
#18059=CARTESIAN_POINT('',(-35.,-43.,32.6));
#18060=CARTESIAN_POINT('',(-35.,-43.,32.6));
#18061=CARTESIAN_POINT('',(-39.,-43.,32.6));
#18062=CARTESIAN_POINT('',(-19.5,-43.,32.6));
#18063=CARTESIAN_POINT('',(-39.,-43.,32.6));
#18064=CARTESIAN_POINT('Origin',(-39.,-33.,32.6));
#18065=CARTESIAN_POINT('',(-39.,-33.,34.6));
#18066=CARTESIAN_POINT('',(-39.,-35.5,34.6));
#18067=CARTESIAN_POINT('',(-39.,-33.,32.6));
#18068=CARTESIAN_POINT('',(-39.,-35.5,32.6));
#18069=CARTESIAN_POINT('',(-39.,-33.,32.6));
#18070=CARTESIAN_POINT('Origin',(-35.,-33.,32.6));
#18071=CARTESIAN_POINT('',(-35.,-33.,34.6));
#18072=CARTESIAN_POINT('',(-17.5,-33.,34.6));
#18073=CARTESIAN_POINT('',(-35.,-33.,32.6));
#18074=CARTESIAN_POINT('',(-17.5,-33.,32.6));
#18075=CARTESIAN_POINT('',(-35.,-33.,32.6));
#18076=CARTESIAN_POINT('Origin',(-35.,-43.,32.6));
#18077=CARTESIAN_POINT('',(-35.,-40.5,34.6));
#18078=CARTESIAN_POINT('',(-35.,-40.5,32.6));
#18079=CARTESIAN_POINT('Origin',(35.,-43.,32.6));
#18080=CARTESIAN_POINT('',(39.,-43.,34.6));
#18081=CARTESIAN_POINT('',(35.,-43.,34.6));
#18082=CARTESIAN_POINT('',(17.5,-43.,34.6));
#18083=CARTESIAN_POINT('',(39.,-43.,32.6));
#18084=CARTESIAN_POINT('',(39.,-43.,32.6));
#18085=CARTESIAN_POINT('',(35.,-43.,32.6));
#18086=CARTESIAN_POINT('',(17.5,-43.,32.6));
#18087=CARTESIAN_POINT('',(35.,-43.,32.6));
#18088=CARTESIAN_POINT('Origin',(35.,-33.,32.6));
#18089=CARTESIAN_POINT('',(35.,-33.,34.6));
#18090=CARTESIAN_POINT('',(35.,-35.5,34.6));
#18091=CARTESIAN_POINT('',(35.,-33.,32.6));
#18092=CARTESIAN_POINT('',(35.,-35.5,32.6));
#18093=CARTESIAN_POINT('',(35.,-33.,32.6));
#18094=CARTESIAN_POINT('Origin',(39.,-33.,32.6));
#18095=CARTESIAN_POINT('',(39.,-33.,34.6));
#18096=CARTESIAN_POINT('',(19.5,-33.,34.6));
#18097=CARTESIAN_POINT('',(39.,-33.,32.6));
#18098=CARTESIAN_POINT('',(19.5,-33.,32.6));
#18099=CARTESIAN_POINT('',(39.,-33.,32.6));
#18100=CARTESIAN_POINT('Origin',(39.,-43.,32.6));
#18101=CARTESIAN_POINT('',(39.,-40.5,34.6));
#18102=CARTESIAN_POINT('',(39.,-40.5,32.6));
#18103=CARTESIAN_POINT('Origin',(52.,-20.5,32.6));
#18104=CARTESIAN_POINT('',(52.,-20.5,32.6));
#18105=CARTESIAN_POINT('',(-52.,-20.5,32.6));
#18106=CARTESIAN_POINT('',(52.,-20.5,32.6));
#18107=CARTESIAN_POINT('',(-52.,-20.5,34.6));
#18108=CARTESIAN_POINT('',(-52.,-20.5,32.6));
#18109=CARTESIAN_POINT('',(52.,-20.5,34.6));
#18110=CARTESIAN_POINT('',(52.,-20.5,34.6));
#18111=CARTESIAN_POINT('',(52.,-20.5,32.6));
#18112=CARTESIAN_POINT('Origin',(52.,-55.5,32.6));
#18113=CARTESIAN_POINT('',(52.,-55.5,32.6));
#18114=CARTESIAN_POINT('',(52.,-55.5,32.6));
#18115=CARTESIAN_POINT('',(52.,-55.5,34.6));
#18116=CARTESIAN_POINT('',(52.,-55.5,34.6));
#18117=CARTESIAN_POINT('',(52.,-55.5,32.6));
#18118=CARTESIAN_POINT('Origin',(-52.,-55.5,32.6));
#18119=CARTESIAN_POINT('',(-52.,-55.5,32.6));
#18120=CARTESIAN_POINT('',(-52.,-55.5,32.6));
#18121=CARTESIAN_POINT('',(-52.,-55.5,34.6));
#18122=CARTESIAN_POINT('',(-52.,-55.5,34.6));
#18123=CARTESIAN_POINT('',(-52.,-55.5,32.6));
#18124=CARTESIAN_POINT('Origin',(-52.,-20.5,32.6));
#18125=CARTESIAN_POINT('',(-52.,-20.5,32.6));
#18126=CARTESIAN_POINT('',(-52.,-20.5,34.6));
#18127=CARTESIAN_POINT('Origin',(0.,-38.,34.6));
#18128=CARTESIAN_POINT('Origin',(0.,-38.,32.6));
#18129=CARTESIAN_POINT('Origin',(52.,-18.5,34.6));
#18130=CARTESIAN_POINT('',(52.,-18.5,34.6));
#18131=CARTESIAN_POINT('',(-52.,-18.5,34.6));
#18132=CARTESIAN_POINT('',(52.,-18.5,34.6));
#18133=CARTESIAN_POINT('',(-52.,-18.5,39.6));
#18134=CARTESIAN_POINT('',(-52.,-18.5,34.6));
#18135=CARTESIAN_POINT('',(52.,-18.5,39.6));
#18136=CARTESIAN_POINT('',(52.,-18.5,39.6));
#18137=CARTESIAN_POINT('',(52.,-18.5,34.6));
#18138=CARTESIAN_POINT('Origin',(52.,-20.5,34.6));
#18139=CARTESIAN_POINT('',(52.,-20.5,34.6));
#18140=CARTESIAN_POINT('',(52.,-20.5,34.6));
#18141=CARTESIAN_POINT('',(52.,-20.5,39.6));
#18142=CARTESIAN_POINT('',(52.,-20.5,39.6));
#18143=CARTESIAN_POINT('',(52.,-20.5,34.6));
#18144=CARTESIAN_POINT('Origin',(-52.,-20.5,34.6));
#18145=CARTESIAN_POINT('',(-52.,-20.5,34.6));
#18146=CARTESIAN_POINT('',(52.,-20.5,34.6));
#18147=CARTESIAN_POINT('',(-52.,-20.5,39.6));
#18148=CARTESIAN_POINT('',(-52.,-20.5,39.6));
#18149=CARTESIAN_POINT('',(-52.,-20.5,34.6));
#18150=CARTESIAN_POINT('Origin',(-52.,-18.5,34.6));
#18151=CARTESIAN_POINT('',(-52.,-18.5,34.6));
#18152=CARTESIAN_POINT('',(-52.,-18.5,39.6));
#18153=CARTESIAN_POINT('Origin',(0.,-19.5,39.6));
#18154=CARTESIAN_POINT('Origin',(0.,-19.5,34.6));
#18155=CARTESIAN_POINT('Origin',(0.,-56.5,34.6));
#18156=CARTESIAN_POINT('',(-52.,-55.5,34.6));
#18157=CARTESIAN_POINT('',(-52.,-57.5,34.6));
#18158=CARTESIAN_POINT('',(-52.,-55.5,34.6));
#18159=CARTESIAN_POINT('',(52.,-55.5,34.6));
#18160=CARTESIAN_POINT('',(-52.,-55.5,34.6));
#18161=CARTESIAN_POINT('',(52.,-57.5,34.6));
#18162=CARTESIAN_POINT('',(52.,-57.5,34.6));
#18163=CARTESIAN_POINT('',(-52.,-57.5,34.6));
#18164=CARTESIAN_POINT('Origin',(0.,-56.5,39.6));
#18165=CARTESIAN_POINT('',(-52.,-55.5,39.6));
#18166=CARTESIAN_POINT('',(-52.,-57.5,39.6));
#18167=CARTESIAN_POINT('',(-52.,-55.5,39.6));
#18168=CARTESIAN_POINT('',(52.,-57.5,39.6));
#18169=CARTESIAN_POINT('',(-52.,-57.5,39.6));
#18170=CARTESIAN_POINT('',(52.,-55.5,39.6));
#18171=CARTESIAN_POINT('',(52.,-57.5,39.6));
#18172=CARTESIAN_POINT('',(52.,-55.5,39.6));
#18173=CARTESIAN_POINT('Origin',(-52.,-55.5,34.6));
#18174=CARTESIAN_POINT('',(-52.,-57.5,34.6));
#18175=CARTESIAN_POINT('',(-52.,-55.5,34.6));
#18176=CARTESIAN_POINT('Origin',(-52.,-57.5,34.6));
#18177=CARTESIAN_POINT('',(52.,-57.5,34.6));
#18178=CARTESIAN_POINT('Origin',(52.,-57.5,34.6));
#18179=CARTESIAN_POINT('',(52.,-55.5,34.6));
#18180=CARTESIAN_POINT('Origin',(52.,-55.5,34.6));
#18181=CARTESIAN_POINT('',(0.,0.,0.));
#18182=CARTESIAN_POINT('Origin',(-34.,-30.,5.));
#18183=CARTESIAN_POINT('',(-35.05,-30.,5.));
#18184=CARTESIAN_POINT('Origin',(-34.,-30.,5.));
#18185=CARTESIAN_POINT('',(-35.05,-30.,13.));
#18186=CARTESIAN_POINT('',(-35.05,-30.,5.));
#18187=CARTESIAN_POINT('Origin',(-34.,-30.,13.));
#18188=CARTESIAN_POINT('Origin',(-34.,-30.,13.));
#18189=CARTESIAN_POINT('Origin',(-34.,-30.,32.6));
#18190=CARTESIAN_POINT('',(-35.05,-30.,32.6));
#18191=CARTESIAN_POINT('Origin',(-34.,-30.,32.6));
#18192=CARTESIAN_POINT('',(-35.05,-30.,24.6));
#18193=CARTESIAN_POINT('',(-35.05,-30.,32.6));
#18194=CARTESIAN_POINT('Origin',(-34.,-30.,24.6));
#18195=CARTESIAN_POINT('Origin',(-34.,-30.,24.6));
#18196=CARTESIAN_POINT('Origin',(-34.,-30.,5.));
#18197=CARTESIAN_POINT('',(-36.5,-30.,32.6));
#18198=CARTESIAN_POINT('Origin',(-34.,-30.,32.6));
#18199=CARTESIAN_POINT('',(-36.5,-30.,5.));
#18200=CARTESIAN_POINT('',(-36.5,-30.,5.));
#18201=CARTESIAN_POINT('Origin',(-34.,-30.,5.));
#18202=CARTESIAN_POINT('Origin',(-34.,-30.,32.6));
#18203=CARTESIAN_POINT('Origin',(-34.,-30.,5.));
#18204=CARTESIAN_POINT('',(0.,0.,0.));
#18205=CARTESIAN_POINT('Origin',(34.,-30.,5.));
#18206=CARTESIAN_POINT('',(32.95,-30.,5.));
#18207=CARTESIAN_POINT('Origin',(34.,-30.,5.));
#18208=CARTESIAN_POINT('',(32.95,-30.,13.));
#18209=CARTESIAN_POINT('',(32.95,-30.,5.));
#18210=CARTESIAN_POINT('Origin',(34.,-30.,13.));
#18211=CARTESIAN_POINT('Origin',(34.,-30.,13.));
#18212=CARTESIAN_POINT('Origin',(34.,-30.,32.6));
#18213=CARTESIAN_POINT('',(32.95,-30.,32.6));
#18214=CARTESIAN_POINT('Origin',(34.,-30.,32.6));
#18215=CARTESIAN_POINT('',(32.95,-30.,24.6));
#18216=CARTESIAN_POINT('',(32.95,-30.,32.6));
#18217=CARTESIAN_POINT('Origin',(34.,-30.,24.6));
#18218=CARTESIAN_POINT('Origin',(34.,-30.,24.6));
#18219=CARTESIAN_POINT('Origin',(34.,-30.,5.));
#18220=CARTESIAN_POINT('',(31.5,-30.,32.6));
#18221=CARTESIAN_POINT('Origin',(34.,-30.,32.6));
#18222=CARTESIAN_POINT('',(31.5,-30.,5.));
#18223=CARTESIAN_POINT('',(31.5,-30.,5.));
#18224=CARTESIAN_POINT('Origin',(34.,-30.,5.));
#18225=CARTESIAN_POINT('Origin',(34.,-30.,32.6));
#18226=CARTESIAN_POINT('Origin',(34.,-30.,5.));
#18227=CARTESIAN_POINT('',(0.,0.,0.));
#18228=CARTESIAN_POINT('Origin',(-34.,-46.,5.));
#18229=CARTESIAN_POINT('',(-35.05,-46.,5.));
#18230=CARTESIAN_POINT('Origin',(-34.,-46.,5.));
#18231=CARTESIAN_POINT('',(-35.05,-46.,13.));
#18232=CARTESIAN_POINT('',(-35.05,-46.,5.));
#18233=CARTESIAN_POINT('Origin',(-34.,-46.,13.));
#18234=CARTESIAN_POINT('Origin',(-34.,-46.,13.));
#18235=CARTESIAN_POINT('Origin',(-34.,-46.,32.6));
#18236=CARTESIAN_POINT('',(-35.05,-46.,32.6));
#18237=CARTESIAN_POINT('Origin',(-34.,-46.,32.6));
#18238=CARTESIAN_POINT('',(-35.05,-46.,24.6));
#18239=CARTESIAN_POINT('',(-35.05,-46.,32.6));
#18240=CARTESIAN_POINT('Origin',(-34.,-46.,24.6));
#18241=CARTESIAN_POINT('Origin',(-34.,-46.,24.6));
#18242=CARTESIAN_POINT('Origin',(-34.,-46.,5.));
#18243=CARTESIAN_POINT('',(-36.5,-46.,32.6));
#18244=CARTESIAN_POINT('Origin',(-34.,-46.,32.6));
#18245=CARTESIAN_POINT('',(-36.5,-46.,5.));
#18246=CARTESIAN_POINT('',(-36.5,-46.,5.));
#18247=CARTESIAN_POINT('Origin',(-34.,-46.,5.));
#18248=CARTESIAN_POINT('Origin',(-34.,-46.,32.6));
#18249=CARTESIAN_POINT('Origin',(-34.,-46.,5.));
#18250=CARTESIAN_POINT('',(0.,0.,0.));
#18251=CARTESIAN_POINT('Origin',(34.,-46.,5.));
#18252=CARTESIAN_POINT('',(32.95,-46.,5.));
#18253=CARTESIAN_POINT('Origin',(34.,-46.,5.));
#18254=CARTESIAN_POINT('',(32.95,-46.,13.));
#18255=CARTESIAN_POINT('',(32.95,-46.,5.));
#18256=CARTESIAN_POINT('Origin',(34.,-46.,13.));
#18257=CARTESIAN_POINT('Origin',(34.,-46.,13.));
#18258=CARTESIAN_POINT('Origin',(34.,-46.,32.6));
#18259=CARTESIAN_POINT('',(32.95,-46.,32.6));
#18260=CARTESIAN_POINT('Origin',(34.,-46.,32.6));
#18261=CARTESIAN_POINT('',(32.95,-46.,24.6));
#18262=CARTESIAN_POINT('',(32.95,-46.,32.6));
#18263=CARTESIAN_POINT('Origin',(34.,-46.,24.6));
#18264=CARTESIAN_POINT('Origin',(34.,-46.,24.6));
#18265=CARTESIAN_POINT('Origin',(34.,-46.,5.));
#18266=CARTESIAN_POINT('',(31.5,-46.,32.6));
#18267=CARTESIAN_POINT('Origin',(34.,-46.,32.6));
#18268=CARTESIAN_POINT('',(31.5,-46.,5.));
#18269=CARTESIAN_POINT('',(31.5,-46.,5.));
#18270=CARTESIAN_POINT('Origin',(34.,-46.,5.));
#18271=CARTESIAN_POINT('Origin',(34.,-46.,32.6));
#18272=CARTESIAN_POINT('Origin',(34.,-46.,5.));
#18273=CARTESIAN_POINT('',(0.,0.,0.));
#18274=CARTESIAN_POINT('Origin',(32.5,-70.,5.));
#18275=CARTESIAN_POINT('',(31.45,-70.,5.));
#18276=CARTESIAN_POINT('Origin',(32.5,-70.,5.));
#18277=CARTESIAN_POINT('',(31.45,-70.,13.));
#18278=CARTESIAN_POINT('',(31.45,-70.,5.));
#18279=CARTESIAN_POINT('Origin',(32.5,-70.,13.));
#18280=CARTESIAN_POINT('Origin',(32.5,-70.,13.));
#18281=CARTESIAN_POINT('Origin',(32.5,-70.,45.));
#18282=CARTESIAN_POINT('',(31.45,-70.,45.));
#18283=CARTESIAN_POINT('Origin',(32.5,-70.,45.));
#18284=CARTESIAN_POINT('',(31.45,-70.,37.));
#18285=CARTESIAN_POINT('',(31.45,-70.,45.));
#18286=CARTESIAN_POINT('Origin',(32.5,-70.,37.));
#18287=CARTESIAN_POINT('Origin',(32.5,-70.,37.));
#18288=CARTESIAN_POINT('Origin',(32.5,-70.,5.));
#18289=CARTESIAN_POINT('',(29.5,-70.,45.));
#18290=CARTESIAN_POINT('Origin',(32.5,-70.,45.));
#18291=CARTESIAN_POINT('',(29.5,-70.,5.));
#18292=CARTESIAN_POINT('',(29.5,-70.,5.));
#18293=CARTESIAN_POINT('Origin',(32.5,-70.,5.));
#18294=CARTESIAN_POINT('Origin',(32.5,-70.,45.));
#18295=CARTESIAN_POINT('Origin',(32.5,-70.,5.));
#18296=CARTESIAN_POINT('',(0.,0.,0.));
#18297=CARTESIAN_POINT('Origin',(51.5,-70.,5.));
#18298=CARTESIAN_POINT('',(50.45,-70.,5.));
#18299=CARTESIAN_POINT('Origin',(51.5,-70.,5.));
#18300=CARTESIAN_POINT('',(50.45,-70.,13.));
#18301=CARTESIAN_POINT('',(50.45,-70.,5.));
#18302=CARTESIAN_POINT('Origin',(51.5,-70.,13.));
#18303=CARTESIAN_POINT('Origin',(51.5,-70.,13.));
#18304=CARTESIAN_POINT('Origin',(51.5,-70.,45.));
#18305=CARTESIAN_POINT('',(50.45,-70.,45.));
#18306=CARTESIAN_POINT('Origin',(51.5,-70.,45.));
#18307=CARTESIAN_POINT('',(50.45,-70.,37.));
#18308=CARTESIAN_POINT('',(50.45,-70.,45.));
#18309=CARTESIAN_POINT('Origin',(51.5,-70.,37.));
#18310=CARTESIAN_POINT('Origin',(51.5,-70.,37.));
#18311=CARTESIAN_POINT('Origin',(51.5,-70.,5.));
#18312=CARTESIAN_POINT('',(48.5,-70.,45.));
#18313=CARTESIAN_POINT('Origin',(51.5,-70.,45.));
#18314=CARTESIAN_POINT('',(48.5,-70.,5.));
#18315=CARTESIAN_POINT('',(48.5,-70.,5.));
#18316=CARTESIAN_POINT('Origin',(51.5,-70.,5.));
#18317=CARTESIAN_POINT('Origin',(51.5,-70.,45.));
#18318=CARTESIAN_POINT('Origin',(51.5,-70.,5.));
#18319=CARTESIAN_POINT('',(0.,0.,0.));
#18320=CARTESIAN_POINT('Origin',(21.85,28.,4.));
#18321=CARTESIAN_POINT('',(20.15,28.,5.));
#18322=CARTESIAN_POINT('Origin',(21.85,28.,5.));
#18323=CARTESIAN_POINT('',(20.15,28.,7.));
#18324=CARTESIAN_POINT('',(20.15,28.,4.));
#18325=CARTESIAN_POINT('Origin',(21.85,28.,7.));
#18326=CARTESIAN_POINT('Origin',(48.15,28.,4.));
#18327=CARTESIAN_POINT('',(46.45,28.,5.));
#18328=CARTESIAN_POINT('Origin',(48.15,28.,5.));
#18329=CARTESIAN_POINT('',(46.45,28.,7.));
#18330=CARTESIAN_POINT('',(46.45,28.,4.));
#18331=CARTESIAN_POINT('Origin',(48.15,28.,7.));
#18332=CARTESIAN_POINT('Origin',(33.,39.45,4.));
#18333=CARTESIAN_POINT('',(33.,38.45,6.2));
#18334=CARTESIAN_POINT('',(33.,38.45,5.));
#18335=CARTESIAN_POINT('',(33.,38.45,4.5));
#18336=CARTESIAN_POINT('',(33.,17.55,6.2));
#18337=CARTESIAN_POINT('',(33.,39.45,6.2));
#18338=CARTESIAN_POINT('',(33.,17.55,5.));
#18339=CARTESIAN_POINT('',(33.,17.55,4.5));
#18340=CARTESIAN_POINT('',(33.,33.725,5.));
#18341=CARTESIAN_POINT('Origin',(35.,28.,6.2));
#18342=CARTESIAN_POINT('',(37.,38.45,6.2));
#18343=CARTESIAN_POINT('',(44.475,38.45,6.2));
#18344=CARTESIAN_POINT('',(37.,17.55,6.2));
#18345=CARTESIAN_POINT('',(37.,16.55,6.2));
#18346=CARTESIAN_POINT('',(25.525,17.55,6.2));
#18347=CARTESIAN_POINT('Origin',(37.,16.55,4.));
#18348=CARTESIAN_POINT('',(37.,38.45,5.));
#18349=CARTESIAN_POINT('',(37.,38.45,4.5));
#18350=CARTESIAN_POINT('',(37.,17.55,5.));
#18351=CARTESIAN_POINT('',(37.,22.275,5.));
#18352=CARTESIAN_POINT('',(37.,17.55,4.5));
#18353=CARTESIAN_POINT('Origin',(53.95,38.45,5.));
#18354=CARTESIAN_POINT('',(16.05,38.45,5.));
#18355=CARTESIAN_POINT('',(53.95,38.45,5.));
#18356=CARTESIAN_POINT('',(16.05,38.45,10.5));
#18357=CARTESIAN_POINT('',(16.05,38.45,5.));
#18358=CARTESIAN_POINT('',(53.95,38.45,10.5));
#18359=CARTESIAN_POINT('',(53.95,38.45,10.5));
#18360=CARTESIAN_POINT('',(53.95,38.45,5.));
#18361=CARTESIAN_POINT('',(53.95,38.45,5.));
#18362=CARTESIAN_POINT('',(53.95,38.45,5.));
#18363=CARTESIAN_POINT('Origin',(35.,28.,5.));
#18364=CARTESIAN_POINT('',(16.05,17.55,5.));
#18365=CARTESIAN_POINT('',(16.05,17.55,5.));
#18366=CARTESIAN_POINT('',(16.05,38.45,5.));
#18367=CARTESIAN_POINT('Origin',(17.65,19.15,7.));
#18368=CARTESIAN_POINT('',(52.35,19.15,10.5));
#18369=CARTESIAN_POINT('',(17.65,19.15,10.5));
#18370=CARTESIAN_POINT('',(26.325,19.15,10.5));
#18371=CARTESIAN_POINT('',(52.35,19.15,7.));
#18372=CARTESIAN_POINT('',(52.35,19.15,7.));
#18373=CARTESIAN_POINT('',(17.65,19.15,7.));
#18374=CARTESIAN_POINT('',(17.65,19.15,7.));
#18375=CARTESIAN_POINT('',(17.65,19.15,7.));
#18376=CARTESIAN_POINT('Origin',(17.65,36.85,7.));
#18377=CARTESIAN_POINT('',(17.65,36.85,10.5));
#18378=CARTESIAN_POINT('',(17.65,32.425,10.5));
#18379=CARTESIAN_POINT('',(17.65,36.85,7.));
#18380=CARTESIAN_POINT('',(17.65,36.85,7.));
#18381=CARTESIAN_POINT('',(17.65,36.85,7.));
#18382=CARTESIAN_POINT('Origin',(52.35,36.85,7.));
#18383=CARTESIAN_POINT('',(52.35,36.85,10.5));
#18384=CARTESIAN_POINT('',(43.675,36.85,10.5));
#18385=CARTESIAN_POINT('',(52.35,36.85,7.));
#18386=CARTESIAN_POINT('',(52.35,36.85,7.));
#18387=CARTESIAN_POINT('',(52.35,36.85,7.));
#18388=CARTESIAN_POINT('Origin',(52.35,19.15,7.));
#18389=CARTESIAN_POINT('',(52.35,23.575,10.5));
#18390=CARTESIAN_POINT('',(52.35,19.15,7.));
#18391=CARTESIAN_POINT('Origin',(35.,28.,7.));
#18392=CARTESIAN_POINT('Origin',(53.95,17.55,5.));
#18393=CARTESIAN_POINT('',(53.95,17.55,5.));
#18394=CARTESIAN_POINT('',(53.95,17.55,5.));
#18395=CARTESIAN_POINT('',(53.95,17.55,10.5));
#18396=CARTESIAN_POINT('',(53.95,17.55,10.5));
#18397=CARTESIAN_POINT('',(53.95,17.55,5.));
#18398=CARTESIAN_POINT('Origin',(16.05,17.55,5.));
#18399=CARTESIAN_POINT('',(16.05,17.55,5.));
#18400=CARTESIAN_POINT('',(16.05,17.55,10.5));
#18401=CARTESIAN_POINT('',(16.05,17.55,10.5));
#18402=CARTESIAN_POINT('',(16.05,17.55,5.));
#18403=CARTESIAN_POINT('Origin',(16.05,38.45,5.));
#18404=CARTESIAN_POINT('',(16.05,38.45,10.5));
#18405=CARTESIAN_POINT('Origin',(35.,28.,10.5));
#18406=CARTESIAN_POINT('Origin',(35.,28.,5.));
#18407=CARTESIAN_POINT('',(0.,0.,0.));
#18408=CARTESIAN_POINT('Origin',(-52.,-80.5,4.));
#18409=CARTESIAN_POINT('',(-53.7,-80.5,5.));
#18410=CARTESIAN_POINT('Origin',(-52.,-80.5,5.));
#18411=CARTESIAN_POINT('',(-53.7,-80.5,7.));
#18412=CARTESIAN_POINT('',(-53.7,-80.5,4.));
#18413=CARTESIAN_POINT('Origin',(-52.,-80.5,7.));
#18414=CARTESIAN_POINT('Origin',(-52.,-45.5,4.));
#18415=CARTESIAN_POINT('',(-53.7,-45.5,5.));
#18416=CARTESIAN_POINT('Origin',(-52.,-45.5,5.));
#18417=CARTESIAN_POINT('',(-53.7,-45.5,7.));
#18418=CARTESIAN_POINT('',(-53.7,-45.5,4.));
#18419=CARTESIAN_POINT('Origin',(-52.,-45.5,7.));
#18420=CARTESIAN_POINT('Origin',(-36.7,-61.,4.));
#18421=CARTESIAN_POINT('',(-37.7,-61.,6.2));
#18422=CARTESIAN_POINT('',(-37.7,-61.,5.));
#18423=CARTESIAN_POINT('',(-37.7,-61.,4.5));
#18424=CARTESIAN_POINT('',(-66.3,-61.,6.2));
#18425=CARTESIAN_POINT('',(-36.7,-61.,6.2));
#18426=CARTESIAN_POINT('',(-66.3,-61.,5.));
#18427=CARTESIAN_POINT('',(-66.3,-61.,4.5));
#18428=CARTESIAN_POINT('',(-44.35,-61.,5.));
#18429=CARTESIAN_POINT('Origin',(-67.3,-65.,4.));
#18430=CARTESIAN_POINT('',(-37.7,-65.,5.));
#18431=CARTESIAN_POINT('',(-37.7,-65.,6.2));
#18432=CARTESIAN_POINT('',(-37.7,-65.,4.5));
#18433=CARTESIAN_POINT('',(-66.3,-65.,5.));
#18434=CARTESIAN_POINT('',(-59.65,-65.,5.));
#18435=CARTESIAN_POINT('',(-66.3,-65.,6.2));
#18436=CARTESIAN_POINT('',(-66.3,-65.,4.5));
#18437=CARTESIAN_POINT('',(-67.3,-65.,6.2));
#18438=CARTESIAN_POINT('Origin',(-52.,-63.,6.2));
#18439=CARTESIAN_POINT('',(-37.7,-74.65,6.2));
#18440=CARTESIAN_POINT('',(-66.3,-51.35,6.2));
#18441=CARTESIAN_POINT('Origin',(-66.3,-39.7,5.));
#18442=CARTESIAN_POINT('',(-66.3,-86.3,5.));
#18443=CARTESIAN_POINT('',(-66.3,-39.7,5.));
#18444=CARTESIAN_POINT('',(-66.3,-86.3,21.));
#18445=CARTESIAN_POINT('',(-66.3,-86.3,5.));
#18446=CARTESIAN_POINT('',(-66.3,-39.7,21.));
#18447=CARTESIAN_POINT('',(-66.3,-39.7,21.));
#18448=CARTESIAN_POINT('',(-66.3,-39.7,5.));
#18449=CARTESIAN_POINT('',(-66.3,-39.7,5.));
#18450=CARTESIAN_POINT('',(-66.3,-39.7,5.));
#18451=CARTESIAN_POINT('Origin',(-52.,-63.,5.));
#18452=CARTESIAN_POINT('',(-37.7,-86.3,5.));
#18453=CARTESIAN_POINT('',(-37.7,-86.3,5.));
#18454=CARTESIAN_POINT('',(-66.3,-86.3,5.));
#18455=CARTESIAN_POINT('Origin',(-52.,-63.,5.));
#18456=CARTESIAN_POINT('',(-37.7,-39.7,5.));
#18457=CARTESIAN_POINT('',(-37.7,-39.7,5.));
#18458=CARTESIAN_POINT('',(-37.7,-86.3,5.));
#18459=CARTESIAN_POINT('Origin',(-64.7,-84.7,7.));
#18460=CARTESIAN_POINT('',(-39.3,-84.7,21.));
#18461=CARTESIAN_POINT('',(-64.7,-84.7,21.));
#18462=CARTESIAN_POINT('',(-58.35,-84.7,21.));
#18463=CARTESIAN_POINT('',(-39.3,-84.7,7.));
#18464=CARTESIAN_POINT('',(-39.3,-84.7,7.));
#18465=CARTESIAN_POINT('',(-64.7,-84.7,7.));
#18466=CARTESIAN_POINT('',(-64.7,-84.7,7.));
#18467=CARTESIAN_POINT('',(-64.7,-84.7,7.));
#18468=CARTESIAN_POINT('Origin',(-64.7,-41.3,7.));
#18469=CARTESIAN_POINT('',(-64.7,-41.3,21.));
#18470=CARTESIAN_POINT('',(-64.7,-52.15,21.));
#18471=CARTESIAN_POINT('',(-64.7,-41.3,7.));
#18472=CARTESIAN_POINT('',(-64.7,-41.3,7.));
#18473=CARTESIAN_POINT('',(-64.7,-41.3,7.));
#18474=CARTESIAN_POINT('Origin',(-39.3,-41.3,7.));
#18475=CARTESIAN_POINT('',(-39.3,-41.3,21.));
#18476=CARTESIAN_POINT('',(-45.65,-41.3,21.));
#18477=CARTESIAN_POINT('',(-39.3,-41.3,7.));
#18478=CARTESIAN_POINT('',(-39.3,-41.3,7.));
#18479=CARTESIAN_POINT('',(-39.3,-41.3,7.));
#18480=CARTESIAN_POINT('Origin',(-39.3,-84.7,7.));
#18481=CARTESIAN_POINT('',(-39.3,-73.85,21.));
#18482=CARTESIAN_POINT('',(-39.3,-84.7,7.));
#18483=CARTESIAN_POINT('Origin',(-52.,-63.,7.));
#18484=CARTESIAN_POINT('Origin',(-37.7,-39.7,5.));
#18485=CARTESIAN_POINT('',(-37.7,-39.7,21.));
#18486=CARTESIAN_POINT('',(-37.7,-39.7,21.));
#18487=CARTESIAN_POINT('',(-37.7,-39.7,5.));
#18488=CARTESIAN_POINT('Origin',(-37.7,-86.3,5.));
#18489=CARTESIAN_POINT('',(-37.7,-86.3,21.));
#18490=CARTESIAN_POINT('',(-37.7,-86.3,21.));
#18491=CARTESIAN_POINT('',(-37.7,-86.3,5.));
#18492=CARTESIAN_POINT('Origin',(-66.3,-86.3,5.));
#18493=CARTESIAN_POINT('',(-66.3,-86.3,21.));
#18494=CARTESIAN_POINT('Origin',(-52.,-63.,21.));
#18495=CARTESIAN_POINT('',(0.,0.,0.));
#18496=CARTESIAN_POINT('Origin',(66.,-72.,4.));
#18497=CARTESIAN_POINT('',(64.3,-72.,5.));
#18498=CARTESIAN_POINT('Origin',(66.,-72.,5.));
#18499=CARTESIAN_POINT('',(64.3,-72.,7.));
#18500=CARTESIAN_POINT('',(64.3,-72.,4.));
#18501=CARTESIAN_POINT('Origin',(66.,-72.,7.));
#18502=CARTESIAN_POINT('Origin',(66.,-30.,4.));
#18503=CARTESIAN_POINT('',(64.3,-30.,5.));
#18504=CARTESIAN_POINT('Origin',(66.,-30.,5.));
#18505=CARTESIAN_POINT('',(64.3,-30.,7.));
#18506=CARTESIAN_POINT('',(64.3,-30.,4.));
#18507=CARTESIAN_POINT('Origin',(66.,-30.,7.));
#18508=CARTESIAN_POINT('Origin',(77.3,-49.,4.));
#18509=CARTESIAN_POINT('',(76.3,-49.,6.2));
#18510=CARTESIAN_POINT('',(76.3,-49.,5.));
#18511=CARTESIAN_POINT('',(76.3,-49.,4.5));
#18512=CARTESIAN_POINT('',(55.7,-49.,6.2));
#18513=CARTESIAN_POINT('',(77.3,-49.,6.2));
#18514=CARTESIAN_POINT('',(55.7,-49.,5.));
#18515=CARTESIAN_POINT('',(55.7,-49.,4.5));
#18516=CARTESIAN_POINT('',(71.65,-49.,5.));
#18517=CARTESIAN_POINT('Origin',(54.7,-53.,4.));
#18518=CARTESIAN_POINT('',(76.3,-53.,5.));
#18519=CARTESIAN_POINT('',(76.3,-53.,6.2));
#18520=CARTESIAN_POINT('',(76.3,-53.,4.5));
#18521=CARTESIAN_POINT('',(55.7,-53.,5.));
#18522=CARTESIAN_POINT('',(60.35,-53.,5.));
#18523=CARTESIAN_POINT('',(55.7,-53.,6.2));
#18524=CARTESIAN_POINT('',(55.7,-53.,4.5));
#18525=CARTESIAN_POINT('',(54.7,-53.,6.2));
#18526=CARTESIAN_POINT('Origin',(66.,-51.,6.2));
#18527=CARTESIAN_POINT('',(76.3,-64.4,6.2));
#18528=CARTESIAN_POINT('',(55.7,-37.6,6.2));
#18529=CARTESIAN_POINT('Origin',(55.7,-24.2,5.));
#18530=CARTESIAN_POINT('',(55.7,-77.8,5.));
#18531=CARTESIAN_POINT('',(55.7,-24.2,5.));
#18532=CARTESIAN_POINT('',(55.7,-77.8,16.));
#18533=CARTESIAN_POINT('',(55.7,-77.8,5.));
#18534=CARTESIAN_POINT('',(55.7,-24.2,16.));
#18535=CARTESIAN_POINT('',(55.7,-24.2,16.));
#18536=CARTESIAN_POINT('',(55.7,-24.2,5.));
#18537=CARTESIAN_POINT('',(55.7,-24.2,5.));
#18538=CARTESIAN_POINT('',(55.7,-24.2,5.));
#18539=CARTESIAN_POINT('Origin',(66.,-51.,5.));
#18540=CARTESIAN_POINT('',(76.3,-77.8,5.));
#18541=CARTESIAN_POINT('',(76.3,-77.8,5.));
#18542=CARTESIAN_POINT('',(55.7,-77.8,5.));
#18543=CARTESIAN_POINT('Origin',(66.,-51.,5.));
#18544=CARTESIAN_POINT('',(76.3,-24.2,5.));
#18545=CARTESIAN_POINT('',(76.3,-24.2,5.));
#18546=CARTESIAN_POINT('',(76.3,-77.8,5.));
#18547=CARTESIAN_POINT('Origin',(57.3,-76.2,7.));
#18548=CARTESIAN_POINT('',(74.7,-76.2,16.));
#18549=CARTESIAN_POINT('',(57.3,-76.2,16.));
#18550=CARTESIAN_POINT('',(61.65,-76.2,16.));
#18551=CARTESIAN_POINT('',(74.7,-76.2,7.));
#18552=CARTESIAN_POINT('',(74.7,-76.2,7.));
#18553=CARTESIAN_POINT('',(57.3,-76.2,7.));
#18554=CARTESIAN_POINT('',(57.3,-76.2,7.));
#18555=CARTESIAN_POINT('',(57.3,-76.2,7.));
#18556=CARTESIAN_POINT('Origin',(57.3,-25.8,7.));
#18557=CARTESIAN_POINT('',(57.3,-25.8,16.));
#18558=CARTESIAN_POINT('',(57.3,-38.4,16.));
#18559=CARTESIAN_POINT('',(57.3,-25.8,7.));
#18560=CARTESIAN_POINT('',(57.3,-25.8,7.));
#18561=CARTESIAN_POINT('',(57.3,-25.8,7.));
#18562=CARTESIAN_POINT('Origin',(74.7,-25.8,7.));
#18563=CARTESIAN_POINT('',(74.7,-25.8,16.));
#18564=CARTESIAN_POINT('',(70.35,-25.8,16.));
#18565=CARTESIAN_POINT('',(74.7,-25.8,7.));
#18566=CARTESIAN_POINT('',(74.7,-25.8,7.));
#18567=CARTESIAN_POINT('',(74.7,-25.8,7.));
#18568=CARTESIAN_POINT('Origin',(74.7,-76.2,7.));
#18569=CARTESIAN_POINT('',(74.7,-63.6,16.));
#18570=CARTESIAN_POINT('',(74.7,-76.2,7.));
#18571=CARTESIAN_POINT('Origin',(66.,-51.,7.));
#18572=CARTESIAN_POINT('Origin',(76.3,-24.2,5.));
#18573=CARTESIAN_POINT('',(76.3,-24.2,16.));
#18574=CARTESIAN_POINT('',(76.3,-24.2,16.));
#18575=CARTESIAN_POINT('',(76.3,-24.2,5.));
#18576=CARTESIAN_POINT('Origin',(76.3,-77.8,5.));
#18577=CARTESIAN_POINT('',(76.3,-77.8,16.));
#18578=CARTESIAN_POINT('',(76.3,-77.8,16.));
#18579=CARTESIAN_POINT('',(76.3,-77.8,5.));
#18580=CARTESIAN_POINT('Origin',(55.7,-77.8,5.));
#18581=CARTESIAN_POINT('',(55.7,-77.8,16.));
#18582=CARTESIAN_POINT('Origin',(66.,-51.,16.));
#18583=CARTESIAN_POINT('',(0.,0.,0.));
#18584=CARTESIAN_POINT('Origin',(-31.,-74.,4.));
#18585=CARTESIAN_POINT('',(-32.7,-74.,5.));
#18586=CARTESIAN_POINT('Origin',(-31.,-74.,5.));
#18587=CARTESIAN_POINT('',(-32.7,-74.,7.));
#18588=CARTESIAN_POINT('',(-32.7,-74.,4.));
#18589=CARTESIAN_POINT('Origin',(-31.,-74.,7.));
#18590=CARTESIAN_POINT('Origin',(-21.,-74.,4.));
#18591=CARTESIAN_POINT('',(-22.7,-74.,5.));
#18592=CARTESIAN_POINT('Origin',(-21.,-74.,5.));
#18593=CARTESIAN_POINT('',(-22.7,-74.,7.));
#18594=CARTESIAN_POINT('',(-22.7,-74.,4.));
#18595=CARTESIAN_POINT('Origin',(-21.,-74.,7.));
#18596=CARTESIAN_POINT('Origin',(-28.,-63.6,4.));
#18597=CARTESIAN_POINT('',(-28.,-64.6,6.2));
#18598=CARTESIAN_POINT('',(-28.,-64.6,5.));
#18599=CARTESIAN_POINT('',(-28.,-64.6,4.5));
#18600=CARTESIAN_POINT('',(-28.,-83.4,6.2));
#18601=CARTESIAN_POINT('',(-28.,-63.6,6.2));
#18602=CARTESIAN_POINT('',(-28.,-83.4,5.));
#18603=CARTESIAN_POINT('',(-28.,-83.4,4.5));
#18604=CARTESIAN_POINT('',(-28.,-68.8,5.));
#18605=CARTESIAN_POINT('Origin',(-26.,-74.,6.2));
#18606=CARTESIAN_POINT('',(-24.,-64.6,6.2));
#18607=CARTESIAN_POINT('',(-20.65,-64.6,6.2));
#18608=CARTESIAN_POINT('',(-24.,-83.4,6.2));
#18609=CARTESIAN_POINT('',(-24.,-84.4,6.2));
#18610=CARTESIAN_POINT('',(-31.35,-83.4,6.2));
#18611=CARTESIAN_POINT('Origin',(-24.,-84.4,4.));
#18612=CARTESIAN_POINT('',(-24.,-64.6,5.));
#18613=CARTESIAN_POINT('',(-24.,-64.6,4.5));
#18614=CARTESIAN_POINT('',(-24.,-83.4,5.));
#18615=CARTESIAN_POINT('',(-24.,-79.2,5.));
#18616=CARTESIAN_POINT('',(-24.,-83.4,4.5));
#18617=CARTESIAN_POINT('Origin',(-15.3,-64.6,5.));
#18618=CARTESIAN_POINT('',(-36.7,-64.6,5.));
#18619=CARTESIAN_POINT('',(-15.3,-64.6,5.));
#18620=CARTESIAN_POINT('',(-36.7,-64.6,9.));
#18621=CARTESIAN_POINT('',(-36.7,-64.6,5.));
#18622=CARTESIAN_POINT('',(-15.3,-64.6,9.));
#18623=CARTESIAN_POINT('',(-15.3,-64.6,9.));
#18624=CARTESIAN_POINT('',(-15.3,-64.6,5.));
#18625=CARTESIAN_POINT('',(-15.3,-64.6,5.));
#18626=CARTESIAN_POINT('',(-15.3,-64.6,5.));
#18627=CARTESIAN_POINT('Origin',(-26.,-74.,5.));
#18628=CARTESIAN_POINT('',(-36.7,-83.4,5.));
#18629=CARTESIAN_POINT('',(-36.7,-83.4,5.));
#18630=CARTESIAN_POINT('',(-36.7,-64.6,5.));
#18631=CARTESIAN_POINT('Origin',(-35.1,-81.8,7.));
#18632=CARTESIAN_POINT('',(-16.9,-81.8,9.));
#18633=CARTESIAN_POINT('',(-35.1,-81.8,9.));
#18634=CARTESIAN_POINT('',(-30.55,-81.8,9.));
#18635=CARTESIAN_POINT('',(-16.9,-81.8,7.));
#18636=CARTESIAN_POINT('',(-16.9,-81.8,7.));
#18637=CARTESIAN_POINT('',(-35.1,-81.8,7.));
#18638=CARTESIAN_POINT('',(-35.1,-81.8,7.));
#18639=CARTESIAN_POINT('',(-35.1,-81.8,7.));
#18640=CARTESIAN_POINT('Origin',(-35.1,-66.2,7.));
#18641=CARTESIAN_POINT('',(-35.1,-66.2,9.));
#18642=CARTESIAN_POINT('',(-35.1,-70.1,9.));
#18643=CARTESIAN_POINT('',(-35.1,-66.2,7.));
#18644=CARTESIAN_POINT('',(-35.1,-66.2,7.));
#18645=CARTESIAN_POINT('',(-35.1,-66.2,7.));
#18646=CARTESIAN_POINT('Origin',(-16.9,-66.2,7.));
#18647=CARTESIAN_POINT('',(-16.9,-66.2,9.));
#18648=CARTESIAN_POINT('',(-21.45,-66.2,9.));
#18649=CARTESIAN_POINT('',(-16.9,-66.2,7.));
#18650=CARTESIAN_POINT('',(-16.9,-66.2,7.));
#18651=CARTESIAN_POINT('',(-16.9,-66.2,7.));
#18652=CARTESIAN_POINT('Origin',(-16.9,-81.8,7.));
#18653=CARTESIAN_POINT('',(-16.9,-77.9,9.));
#18654=CARTESIAN_POINT('',(-16.9,-81.8,7.));
#18655=CARTESIAN_POINT('Origin',(-26.,-74.,7.));
#18656=CARTESIAN_POINT('Origin',(-15.3,-83.4,5.));
#18657=CARTESIAN_POINT('',(-15.3,-83.4,5.));
#18658=CARTESIAN_POINT('',(-15.3,-83.4,5.));
#18659=CARTESIAN_POINT('',(-15.3,-83.4,9.));
#18660=CARTESIAN_POINT('',(-15.3,-83.4,9.));
#18661=CARTESIAN_POINT('',(-15.3,-83.4,5.));
#18662=CARTESIAN_POINT('Origin',(-36.7,-83.4,5.));
#18663=CARTESIAN_POINT('',(-36.7,-83.4,5.));
#18664=CARTESIAN_POINT('',(-36.7,-83.4,9.));
#18665=CARTESIAN_POINT('',(-36.7,-83.4,9.));
#18666=CARTESIAN_POINT('',(-36.7,-83.4,5.));
#18667=CARTESIAN_POINT('Origin',(-36.7,-64.6,5.));
#18668=CARTESIAN_POINT('',(-36.7,-64.6,9.));
#18669=CARTESIAN_POINT('Origin',(-26.,-74.,9.));
#18670=CARTESIAN_POINT('Origin',(-26.,-74.,5.));
#18671=CARTESIAN_POINT('',(0.,0.,0.));
#18672=CARTESIAN_POINT('Origin',(-4.,-80.,4.));
#18673=CARTESIAN_POINT('',(-5.7,-80.,5.));
#18674=CARTESIAN_POINT('Origin',(-4.,-80.,5.));
#18675=CARTESIAN_POINT('',(-5.7,-80.,7.));
#18676=CARTESIAN_POINT('',(-5.7,-80.,4.));
#18677=CARTESIAN_POINT('Origin',(-4.,-80.,7.));
#18678=CARTESIAN_POINT('Origin',(-4.,-70.,4.));
#18679=CARTESIAN_POINT('',(-5.7,-70.,5.));
#18680=CARTESIAN_POINT('Origin',(-4.,-70.,5.));
#18681=CARTESIAN_POINT('',(-5.7,-70.,7.));
#18682=CARTESIAN_POINT('',(-5.7,-70.,4.));
#18683=CARTESIAN_POINT('Origin',(-4.,-70.,7.));
#18684=CARTESIAN_POINT('Origin',(6.4,-73.,4.));
#18685=CARTESIAN_POINT('',(5.4,-73.,6.2));
#18686=CARTESIAN_POINT('',(5.4,-73.,5.));
#18687=CARTESIAN_POINT('',(5.4,-73.,4.5));
#18688=CARTESIAN_POINT('',(-13.4,-73.,6.2));
#18689=CARTESIAN_POINT('',(6.4,-73.,6.2));
#18690=CARTESIAN_POINT('',(-13.4,-73.,5.));
#18691=CARTESIAN_POINT('',(-13.4,-73.,4.5));
#18692=CARTESIAN_POINT('',(1.2,-73.,5.));
#18693=CARTESIAN_POINT('Origin',(-14.4,-77.,4.));
#18694=CARTESIAN_POINT('',(5.4,-77.,5.));
#18695=CARTESIAN_POINT('',(5.4,-77.,6.2));
#18696=CARTESIAN_POINT('',(5.4,-77.,4.5));
#18697=CARTESIAN_POINT('',(-13.4,-77.,5.));
#18698=CARTESIAN_POINT('',(-9.2,-77.,5.));
#18699=CARTESIAN_POINT('',(-13.4,-77.,6.2));
#18700=CARTESIAN_POINT('',(-13.4,-77.,4.5));
#18701=CARTESIAN_POINT('',(-14.4,-77.,6.2));
#18702=CARTESIAN_POINT('Origin',(-4.,-75.,6.2));
#18703=CARTESIAN_POINT('',(5.4,-80.35,6.2));
#18704=CARTESIAN_POINT('',(-13.4,-69.65,6.2));
#18705=CARTESIAN_POINT('Origin',(-13.4,-64.3,5.));
#18706=CARTESIAN_POINT('',(-13.4,-85.7,5.));
#18707=CARTESIAN_POINT('',(-13.4,-64.3,5.));
#18708=CARTESIAN_POINT('',(-13.4,-85.7,9.));
#18709=CARTESIAN_POINT('',(-13.4,-85.7,5.));
#18710=CARTESIAN_POINT('',(-13.4,-64.3,9.));
#18711=CARTESIAN_POINT('',(-13.4,-64.3,9.));
#18712=CARTESIAN_POINT('',(-13.4,-64.3,5.));
#18713=CARTESIAN_POINT('',(-13.4,-64.3,5.));
#18714=CARTESIAN_POINT('',(-13.4,-64.3,5.));
#18715=CARTESIAN_POINT('Origin',(-4.,-75.,5.));
#18716=CARTESIAN_POINT('',(5.4,-85.7,5.));
#18717=CARTESIAN_POINT('',(5.4,-85.7,5.));
#18718=CARTESIAN_POINT('',(-13.4,-85.7,5.));
#18719=CARTESIAN_POINT('Origin',(-4.,-75.,5.));
#18720=CARTESIAN_POINT('',(5.4,-64.3,5.));
#18721=CARTESIAN_POINT('',(5.4,-64.3,5.));
#18722=CARTESIAN_POINT('',(5.4,-85.7,5.));
#18723=CARTESIAN_POINT('Origin',(-11.8,-84.1,7.));
#18724=CARTESIAN_POINT('',(3.8,-84.1,9.));
#18725=CARTESIAN_POINT('',(-11.8,-84.1,9.));
#18726=CARTESIAN_POINT('',(-7.9,-84.1,9.));
#18727=CARTESIAN_POINT('',(3.8,-84.1,7.));
#18728=CARTESIAN_POINT('',(3.8,-84.1,7.));
#18729=CARTESIAN_POINT('',(-11.8,-84.1,7.));
#18730=CARTESIAN_POINT('',(-11.8,-84.1,7.));
#18731=CARTESIAN_POINT('',(-11.8,-84.1,7.));
#18732=CARTESIAN_POINT('Origin',(-11.8,-65.9,7.));
#18733=CARTESIAN_POINT('',(-11.8,-65.9,9.));
#18734=CARTESIAN_POINT('',(-11.8,-70.45,9.));
#18735=CARTESIAN_POINT('',(-11.8,-65.9,7.));
#18736=CARTESIAN_POINT('',(-11.8,-65.9,7.));
#18737=CARTESIAN_POINT('',(-11.8,-65.9,7.));
#18738=CARTESIAN_POINT('Origin',(3.8,-65.9,7.));
#18739=CARTESIAN_POINT('',(3.8,-65.9,9.));
#18740=CARTESIAN_POINT('',(-0.1,-65.9,9.));
#18741=CARTESIAN_POINT('',(3.8,-65.9,7.));
#18742=CARTESIAN_POINT('',(3.8,-65.9,7.));
#18743=CARTESIAN_POINT('',(3.8,-65.9,7.));
#18744=CARTESIAN_POINT('Origin',(3.8,-84.1,7.));
#18745=CARTESIAN_POINT('',(3.8,-79.55,9.));
#18746=CARTESIAN_POINT('',(3.8,-84.1,7.));
#18747=CARTESIAN_POINT('Origin',(-4.,-75.,7.));
#18748=CARTESIAN_POINT('Origin',(5.4,-64.3,5.));
#18749=CARTESIAN_POINT('',(5.4,-64.3,9.));
#18750=CARTESIAN_POINT('',(5.4,-64.3,9.));
#18751=CARTESIAN_POINT('',(5.4,-64.3,5.));
#18752=CARTESIAN_POINT('Origin',(5.4,-85.7,5.));
#18753=CARTESIAN_POINT('',(5.4,-85.7,9.));
#18754=CARTESIAN_POINT('',(5.4,-85.7,9.));
#18755=CARTESIAN_POINT('',(5.4,-85.7,5.));
#18756=CARTESIAN_POINT('Origin',(-13.4,-85.7,5.));
#18757=CARTESIAN_POINT('',(-13.4,-85.7,9.));
#18758=CARTESIAN_POINT('Origin',(-4.,-75.,9.));
#18759=CARTESIAN_POINT('',(0.,0.,0.));
#18760=CARTESIAN_POINT('Origin',(-15.,-38.,4.));
#18761=CARTESIAN_POINT('',(-16.7,-38.,5.));
#18762=CARTESIAN_POINT('Origin',(-15.,-38.,5.));
#18763=CARTESIAN_POINT('',(-16.7,-38.,7.));
#18764=CARTESIAN_POINT('',(-16.7,-38.,4.));
#18765=CARTESIAN_POINT('Origin',(-15.,-38.,7.));
#18766=CARTESIAN_POINT('Origin',(15.,-38.,4.));
#18767=CARTESIAN_POINT('',(13.3,-38.,5.));
#18768=CARTESIAN_POINT('Origin',(15.,-38.,5.));
#18769=CARTESIAN_POINT('',(13.3,-38.,7.));
#18770=CARTESIAN_POINT('',(13.3,-38.,4.));
#18771=CARTESIAN_POINT('Origin',(15.,-38.,7.));
#18772=CARTESIAN_POINT('Origin',(23.6,-49.7,25.));
#18773=CARTESIAN_POINT('',(22.8,-49.7,25.));
#18774=CARTESIAN_POINT('Origin',(23.6,-49.7,25.));
#18775=CARTESIAN_POINT('',(22.8,-49.7,17.));
#18776=CARTESIAN_POINT('',(22.8,-49.7,25.));
#18777=CARTESIAN_POINT('Origin',(23.6,-49.7,17.));
#18778=CARTESIAN_POINT('Origin',(23.6,-49.7,17.));
#18779=CARTESIAN_POINT('Origin',(-23.6,-26.3,25.));
#18780=CARTESIAN_POINT('',(-24.4,-26.3,25.));
#18781=CARTESIAN_POINT('Origin',(-23.6,-26.3,25.));
#18782=CARTESIAN_POINT('',(-24.4,-26.3,17.));
#18783=CARTESIAN_POINT('',(-24.4,-26.3,25.));
#18784=CARTESIAN_POINT('Origin',(-23.6,-26.3,17.));
#18785=CARTESIAN_POINT('Origin',(-23.6,-26.3,17.));
#18786=CARTESIAN_POINT('Origin',(-23.6,-49.7,25.));
#18787=CARTESIAN_POINT('',(-24.4,-49.7,25.));
#18788=CARTESIAN_POINT('Origin',(-23.6,-49.7,25.));
#18789=CARTESIAN_POINT('',(-24.4,-49.7,17.));
#18790=CARTESIAN_POINT('',(-24.4,-49.7,25.));
#18791=CARTESIAN_POINT('Origin',(-23.6,-49.7,17.));
#18792=CARTESIAN_POINT('Origin',(-23.6,-49.7,17.));
#18793=CARTESIAN_POINT('Origin',(23.6,-26.3,25.));
#18794=CARTESIAN_POINT('',(22.8,-26.3,25.));
#18795=CARTESIAN_POINT('Origin',(23.6,-26.3,25.));
#18796=CARTESIAN_POINT('',(22.8,-26.3,17.));
#18797=CARTESIAN_POINT('',(22.8,-26.3,25.));
#18798=CARTESIAN_POINT('Origin',(23.6,-26.3,17.));
#18799=CARTESIAN_POINT('Origin',(23.6,-26.3,17.));
#18800=CARTESIAN_POINT('Origin',(-9.,-47.15,4.));
#18801=CARTESIAN_POINT('',(9.,-47.15,7.));
#18802=CARTESIAN_POINT('',(-9.,-47.15,7.));
#18803=CARTESIAN_POINT('',(-4.5,-47.15,7.));
#18804=CARTESIAN_POINT('',(9.,-47.15,5.));
#18805=CARTESIAN_POINT('',(9.,-47.15,4.));
#18806=CARTESIAN_POINT('',(-9.,-47.15,5.));
#18807=CARTESIAN_POINT('',(-4.5,-47.15,5.));
#18808=CARTESIAN_POINT('',(-9.,-47.15,4.));
#18809=CARTESIAN_POINT('Origin',(-9.,-28.85,4.));
#18810=CARTESIAN_POINT('',(-9.,-28.85,7.));
#18811=CARTESIAN_POINT('',(-9.,-33.425,7.));
#18812=CARTESIAN_POINT('',(-9.,-28.85,5.));
#18813=CARTESIAN_POINT('',(-9.,-33.425,5.));
#18814=CARTESIAN_POINT('',(-9.,-28.85,4.));
#18815=CARTESIAN_POINT('Origin',(9.,-28.85,4.));
#18816=CARTESIAN_POINT('',(9.,-28.85,7.));
#18817=CARTESIAN_POINT('',(4.5,-28.85,7.));
#18818=CARTESIAN_POINT('',(9.,-28.85,5.));
#18819=CARTESIAN_POINT('',(4.5,-28.85,5.));
#18820=CARTESIAN_POINT('',(9.,-28.85,4.));
#18821=CARTESIAN_POINT('Origin',(9.,-47.15,4.));
#18822=CARTESIAN_POINT('',(9.,-42.575,7.));
#18823=CARTESIAN_POINT('',(9.,-42.575,5.));
#18824=CARTESIAN_POINT('Origin',(23.6,-26.3,7.));
#18825=CARTESIAN_POINT('',(21.35,-26.3,25.));
#18826=CARTESIAN_POINT('Origin',(23.6,-26.3,25.));
#18827=CARTESIAN_POINT('',(21.35,-26.3,7.));
#18828=CARTESIAN_POINT('',(21.35,-26.3,7.));
#18829=CARTESIAN_POINT('Origin',(23.6,-26.3,7.));
#18830=CARTESIAN_POINT('Origin',(23.6,-26.3,25.));
#18831=CARTESIAN_POINT('Origin',(-23.6,-49.7,7.));
#18832=CARTESIAN_POINT('',(-25.85,-49.7,25.));
#18833=CARTESIAN_POINT('Origin',(-23.6,-49.7,25.));
#18834=CARTESIAN_POINT('',(-25.85,-49.7,7.));
#18835=CARTESIAN_POINT('',(-25.85,-49.7,7.));
#18836=CARTESIAN_POINT('Origin',(-23.6,-49.7,7.));
#18837=CARTESIAN_POINT('Origin',(-23.6,-49.7,25.));
#18838=CARTESIAN_POINT('Origin',(-23.6,-26.3,7.));
#18839=CARTESIAN_POINT('',(-25.85,-26.3,25.));
#18840=CARTESIAN_POINT('Origin',(-23.6,-26.3,25.));
#18841=CARTESIAN_POINT('',(-25.85,-26.3,7.));
#18842=CARTESIAN_POINT('',(-25.85,-26.3,7.));
#18843=CARTESIAN_POINT('Origin',(-23.6,-26.3,7.));
#18844=CARTESIAN_POINT('Origin',(-23.6,-26.3,25.));
#18845=CARTESIAN_POINT('Origin',(23.6,-49.7,7.));
#18846=CARTESIAN_POINT('',(21.35,-49.7,25.));
#18847=CARTESIAN_POINT('Origin',(23.6,-49.7,25.));
#18848=CARTESIAN_POINT('',(21.35,-49.7,7.));
#18849=CARTESIAN_POINT('',(21.35,-49.7,7.));
#18850=CARTESIAN_POINT('Origin',(23.6,-49.7,7.));
#18851=CARTESIAN_POINT('Origin',(23.6,-49.7,25.));
#18852=CARTESIAN_POINT('Origin',(27.75,-21.85,5.));
#18853=CARTESIAN_POINT('',(27.75,-21.85,5.));
#18854=CARTESIAN_POINT('',(-27.75,-21.85,5.));
#18855=CARTESIAN_POINT('',(27.75,-21.85,5.));
#18856=CARTESIAN_POINT('',(-27.75,-21.85,7.));
#18857=CARTESIAN_POINT('',(-27.75,-21.85,5.));
#18858=CARTESIAN_POINT('',(27.75,-21.85,7.));
#18859=CARTESIAN_POINT('',(27.75,-21.85,7.));
#18860=CARTESIAN_POINT('',(27.75,-21.85,5.));
#18861=CARTESIAN_POINT('Origin',(27.75,-54.15,5.));
#18862=CARTESIAN_POINT('',(27.75,-54.15,5.));
#18863=CARTESIAN_POINT('',(27.75,-54.15,5.));
#18864=CARTESIAN_POINT('',(27.75,-54.15,7.));
#18865=CARTESIAN_POINT('',(27.75,-54.15,7.));
#18866=CARTESIAN_POINT('',(27.75,-54.15,5.));
#18867=CARTESIAN_POINT('Origin',(-27.75,-54.15,5.));
#18868=CARTESIAN_POINT('',(-27.75,-54.15,5.));
#18869=CARTESIAN_POINT('',(-27.75,-54.15,5.));
#18870=CARTESIAN_POINT('',(-27.75,-54.15,7.));
#18871=CARTESIAN_POINT('',(-27.75,-54.15,7.));
#18872=CARTESIAN_POINT('',(-27.75,-54.15,5.));
#18873=CARTESIAN_POINT('Origin',(-27.75,-21.85,5.));
#18874=CARTESIAN_POINT('',(-27.75,-21.85,5.));
#18875=CARTESIAN_POINT('',(-27.75,-21.85,7.));
#18876=CARTESIAN_POINT('Origin',(0.,-38.,7.));
#18877=CARTESIAN_POINT('Origin',(0.,-38.,5.));
#18878=CARTESIAN_POINT('',(0.,0.,0.));
#18879=CARTESIAN_POINT('Origin',(38.19,-70.,44.));
#18880=CARTESIAN_POINT('',(37.09,-70.,45.));
#18881=CARTESIAN_POINT('Origin',(38.19,-70.,45.));
#18882=CARTESIAN_POINT('',(37.09,-70.,49.));
#18883=CARTESIAN_POINT('',(37.09,-70.,44.));
#18884=CARTESIAN_POINT('Origin',(38.19,-70.,49.));
#18885=CARTESIAN_POINT('Origin',(45.81,-70.,44.));
#18886=CARTESIAN_POINT('',(44.71,-70.,45.));
#18887=CARTESIAN_POINT('Origin',(45.81,-70.,45.));
#18888=CARTESIAN_POINT('',(44.71,-70.,49.));
#18889=CARTESIAN_POINT('',(44.71,-70.,44.));
#18890=CARTESIAN_POINT('Origin',(45.81,-70.,49.));
#18891=CARTESIAN_POINT('Origin',(32.5,-70.,44.));
#18892=CARTESIAN_POINT('',(30.8,-70.,45.));
#18893=CARTESIAN_POINT('Origin',(32.5,-70.,45.));
#18894=CARTESIAN_POINT('',(30.8,-70.,49.));
#18895=CARTESIAN_POINT('',(30.8,-70.,44.));
#18896=CARTESIAN_POINT('Origin',(32.5,-70.,49.));
#18897=CARTESIAN_POINT('Origin',(51.5,-70.,44.));
#18898=CARTESIAN_POINT('',(49.8,-70.,45.));
#18899=CARTESIAN_POINT('Origin',(51.5,-70.,45.));
#18900=CARTESIAN_POINT('',(49.8,-70.,49.));
#18901=CARTESIAN_POINT('',(49.8,-70.,44.));
#18902=CARTESIAN_POINT('Origin',(51.5,-70.,49.));
#18903=CARTESIAN_POINT('Origin',(56.,-61.,45.));
#18904=CARTESIAN_POINT('',(56.,-61.,45.));
#18905=CARTESIAN_POINT('',(28.,-61.,45.));
#18906=CARTESIAN_POINT('',(56.,-61.,45.));
#18907=CARTESIAN_POINT('',(28.,-61.,49.));
#18908=CARTESIAN_POINT('',(28.,-61.,45.));
#18909=CARTESIAN_POINT('',(56.,-61.,49.));
#18910=CARTESIAN_POINT('',(56.,-61.,49.));
#18911=CARTESIAN_POINT('',(56.,-61.,45.));
#18912=CARTESIAN_POINT('Origin',(56.,-79.,45.));
#18913=CARTESIAN_POINT('',(56.,-79.,45.));
#18914=CARTESIAN_POINT('',(56.,-79.,45.));
#18915=CARTESIAN_POINT('',(56.,-79.,49.));
#18916=CARTESIAN_POINT('',(56.,-79.,49.));
#18917=CARTESIAN_POINT('',(56.,-79.,45.));
#18918=CARTESIAN_POINT('Origin',(28.,-79.,45.));
#18919=CARTESIAN_POINT('',(28.,-79.,45.));
#18920=CARTESIAN_POINT('',(28.,-79.,45.));
#18921=CARTESIAN_POINT('',(28.,-79.,49.));
#18922=CARTESIAN_POINT('',(28.,-79.,49.));
#18923=CARTESIAN_POINT('',(28.,-79.,45.));
#18924=CARTESIAN_POINT('Origin',(28.,-61.,45.));
#18925=CARTESIAN_POINT('',(28.,-61.,45.));
#18926=CARTESIAN_POINT('',(28.,-61.,49.));
#18927=CARTESIAN_POINT('Origin',(42.,-70.,49.));
#18928=CARTESIAN_POINT('Origin',(42.,-70.,45.));
#18929=CARTESIAN_POINT('',(0.,0.,0.));
#18930=CARTESIAN_POINT('',(0.,0.,0.));
#18931=CARTESIAN_POINT('',(0.,0.,0.));
#18932=CARTESIAN_POINT('',(0.,0.,0.));
#18933=CARTESIAN_POINT('',(0.,0.,0.));
#18934=CARTESIAN_POINT('',(0.,0.,0.));
#18935=CARTESIAN_POINT('',(0.,0.,0.));
#18936=CARTESIAN_POINT('',(0.,0.,0.));
#18937=CARTESIAN_POINT('',(0.,0.,0.));
#18938=CARTESIAN_POINT('',(0.,0.,0.));
#18939=CARTESIAN_POINT('',(0.,0.,0.));
#18940=CARTESIAN_POINT('',(0.,0.,0.));
#18941=CARTESIAN_POINT('',(0.,0.,0.));
#18942=CARTESIAN_POINT('',(0.,0.,0.));
#18943=CARTESIAN_POINT('',(0.,0.,0.));
#18944=CARTESIAN_POINT('',(0.,0.,0.));
#18945=CARTESIAN_POINT('',(0.,0.,0.));
#18946=CARTESIAN_POINT('',(0.,0.,0.));
#18947=CARTESIAN_POINT('',(0.,0.,0.));
#18948=CARTESIAN_POINT('',(0.,0.,0.));
#18949=CARTESIAN_POINT('',(0.,0.,0.));
#18950=CARTESIAN_POINT('',(0.,0.,0.));
#18951=UNCERTAINTY_MEASURE_WITH_UNIT(LENGTH_MEASURE(0.01),#19067,
'DISTANCE_ACCURACY_VALUE',
'Maximum model space distance between geometric entities at asserted c
onnectivities');
#18952=UNCERTAINTY_MEASURE_WITH_UNIT(LENGTH_MEASURE(0.01),#19067,
'DISTANCE_ACCURACY_VALUE',
'Maximum model space distance between geometric entities at asserted c
onnectivities');
#18953=UNCERTAINTY_MEASURE_WITH_UNIT(LENGTH_MEASURE(0.01),#19067,
'DISTANCE_ACCURACY_VALUE',
'Maximum model space distance between geometric entities at asserted c
onnectivities');
#18954=UNCERTAINTY_MEASURE_WITH_UNIT(LENGTH_MEASURE(0.01),#19067,
'DISTANCE_ACCURACY_VALUE',
'Maximum model space distance between geometric entities at asserted c
onnectivities');
#18955=UNCERTAINTY_MEASURE_WITH_UNIT(LENGTH_MEASURE(0.01),#19067,
'DISTANCE_ACCURACY_VALUE',
'Maximum model space distance between geometric entities at asserted c
onnectivities');
#18956=UNCERTAINTY_MEASURE_WITH_UNIT(LENGTH_MEASURE(0.01),#19067,
'DISTANCE_ACCURACY_VALUE',
'Maximum model space distance between geometric entities at asserted c
onnectivities');
#18957=UNCERTAINTY_MEASURE_WITH_UNIT(LENGTH_MEASURE(0.01),#19067,
'DISTANCE_ACCURACY_VALUE',
'Maximum model space distance between geometric entities at asserted c
onnectivities');
#18958=UNCERTAINTY_MEASURE_WITH_UNIT(LENGTH_MEASURE(0.01),#19067,
'DISTANCE_ACCURACY_VALUE',
'Maximum model space distance between geometric entities at asserted c
onnectivities');
#18959=UNCERTAINTY_MEASURE_WITH_UNIT(LENGTH_MEASURE(0.01),#19067,
'DISTANCE_ACCURACY_VALUE',
'Maximum model space distance between geometric entities at asserted c
onnectivities');
#18960=UNCERTAINTY_MEASURE_WITH_UNIT(LENGTH_MEASURE(0.01),#19067,
'DISTANCE_ACCURACY_VALUE',
'Maximum model space distance between geometric entities at asserted c
onnectivities');
#18961=UNCERTAINTY_MEASURE_WITH_UNIT(LENGTH_MEASURE(0.01),#19067,
'DISTANCE_ACCURACY_VALUE',
'Maximum model space distance between geometric entities at asserted c
onnectivities');
#18962=UNCERTAINTY_MEASURE_WITH_UNIT(LENGTH_MEASURE(0.01),#19067,
'DISTANCE_ACCURACY_VALUE',
'Maximum model space distance between geometric entities at asserted c
onnectivities');
#18963=UNCERTAINTY_MEASURE_WITH_UNIT(LENGTH_MEASURE(0.01),#19067,
'DISTANCE_ACCURACY_VALUE',
'Maximum model space distance between geometric entities at asserted c
onnectivities');
#18964=UNCERTAINTY_MEASURE_WITH_UNIT(LENGTH_MEASURE(0.01),#19067,
'DISTANCE_ACCURACY_VALUE',
'Maximum model space distance between geometric entities at asserted c
onnectivities');
#18965=UNCERTAINTY_MEASURE_WITH_UNIT(LENGTH_MEASURE(0.01),#19067,
'DISTANCE_ACCURACY_VALUE',
'Maximum model space distance between geometric entities at asserted c
onnectivities');
#18966=UNCERTAINTY_MEASURE_WITH_UNIT(LENGTH_MEASURE(0.01),#19067,
'DISTANCE_ACCURACY_VALUE',
'Maximum model space distance between geometric entities at asserted c
onnectivities');
#18967=UNCERTAINTY_MEASURE_WITH_UNIT(LENGTH_MEASURE(0.01),#19067,
'DISTANCE_ACCURACY_VALUE',
'Maximum model space distance between geometric entities at asserted c
onnectivities');
#18968=UNCERTAINTY_MEASURE_WITH_UNIT(LENGTH_MEASURE(0.01),#19067,
'DISTANCE_ACCURACY_VALUE',
'Maximum model space distance between geometric entities at asserted c
onnectivities');
#18969=UNCERTAINTY_MEASURE_WITH_UNIT(LENGTH_MEASURE(0.01),#19067,
'DISTANCE_ACCURACY_VALUE',
'Maximum model space distance between geometric entities at asserted c
onnectivities');
#18970=UNCERTAINTY_MEASURE_WITH_UNIT(LENGTH_MEASURE(0.01),#19067,
'DISTANCE_ACCURACY_VALUE',
'Maximum model space distance between geometric entities at asserted c
onnectivities');
#18971=UNCERTAINTY_MEASURE_WITH_UNIT(LENGTH_MEASURE(0.01),#19067,
'DISTANCE_ACCURACY_VALUE',
'Maximum model space distance between geometric entities at asserted c
onnectivities');
#18972=UNCERTAINTY_MEASURE_WITH_UNIT(LENGTH_MEASURE(0.01),#19067,
'DISTANCE_ACCURACY_VALUE',
'Maximum model space distance between geometric entities at asserted c
onnectivities');
#18973=UNCERTAINTY_MEASURE_WITH_UNIT(LENGTH_MEASURE(0.01),#19067,
'DISTANCE_ACCURACY_VALUE',
'Maximum model space distance between geometric entities at asserted c
onnectivities');
#18974=UNCERTAINTY_MEASURE_WITH_UNIT(LENGTH_MEASURE(0.01),#19067,
'DISTANCE_ACCURACY_VALUE',
'Maximum model space distance between geometric entities at asserted c
onnectivities');
#18975=UNCERTAINTY_MEASURE_WITH_UNIT(LENGTH_MEASURE(0.01),#19067,
'DISTANCE_ACCURACY_VALUE',
'Maximum model space distance between geometric entities at asserted c
onnectivities');
#18976=UNCERTAINTY_MEASURE_WITH_UNIT(LENGTH_MEASURE(0.01),#19067,
'DISTANCE_ACCURACY_VALUE',
'Maximum model space distance between geometric entities at asserted c
onnectivities');
#18977=UNCERTAINTY_MEASURE_WITH_UNIT(LENGTH_MEASURE(0.01),#19067,
'DISTANCE_ACCURACY_VALUE',
'Maximum model space distance between geometric entities at asserted c
onnectivities');
#18978=UNCERTAINTY_MEASURE_WITH_UNIT(LENGTH_MEASURE(0.01),#19067,
'DISTANCE_ACCURACY_VALUE',
'Maximum model space distance between geometric entities at asserted c
onnectivities');
#18979=UNCERTAINTY_MEASURE_WITH_UNIT(LENGTH_MEASURE(0.01),#19067,
'DISTANCE_ACCURACY_VALUE',
'Maximum model space distance between geometric entities at asserted c
onnectivities');
#18980=UNCERTAINTY_MEASURE_WITH_UNIT(LENGTH_MEASURE(0.01),#19067,
'DISTANCE_ACCURACY_VALUE',
'Maximum model space distance between geometric entities at asserted c
onnectivities');
#18981=UNCERTAINTY_MEASURE_WITH_UNIT(LENGTH_MEASURE(0.01),#19067,
'DISTANCE_ACCURACY_VALUE',
'Maximum model space distance between geometric entities at asserted c
onnectivities');
#18982=UNCERTAINTY_MEASURE_WITH_UNIT(LENGTH_MEASURE(0.01),#19067,
'DISTANCE_ACCURACY_VALUE',
'Maximum model space distance between geometric entities at asserted c
onnectivities');
#18983=UNCERTAINTY_MEASURE_WITH_UNIT(LENGTH_MEASURE(0.01),#19067,
'DISTANCE_ACCURACY_VALUE',
'Maximum model space distance between geometric entities at asserted c
onnectivities');
#18984=UNCERTAINTY_MEASURE_WITH_UNIT(LENGTH_MEASURE(0.01),#19067,
'DISTANCE_ACCURACY_VALUE',
'Maximum model space distance between geometric entities at asserted c
onnectivities');
#18985=UNCERTAINTY_MEASURE_WITH_UNIT(LENGTH_MEASURE(0.01),#19067,
'DISTANCE_ACCURACY_VALUE',
'Maximum model space distance between geometric entities at asserted c
onnectivities');
#18986=UNCERTAINTY_MEASURE_WITH_UNIT(LENGTH_MEASURE(0.01),#19067,
'DISTANCE_ACCURACY_VALUE',
'Maximum model space distance between geometric entities at asserted c
onnectivities');
#18987=UNCERTAINTY_MEASURE_WITH_UNIT(LENGTH_MEASURE(0.01),#19067,
'DISTANCE_ACCURACY_VALUE',
'Maximum model space distance between geometric entities at asserted c
onnectivities');
#18988=UNCERTAINTY_MEASURE_WITH_UNIT(LENGTH_MEASURE(0.01),#19067,
'DISTANCE_ACCURACY_VALUE',
'Maximum model space distance between geometric entities at asserted c
onnectivities');
#18989=UNCERTAINTY_MEASURE_WITH_UNIT(LENGTH_MEASURE(0.01),#19067,
'DISTANCE_ACCURACY_VALUE',
'Maximum model space distance between geometric entities at asserted c
onnectivities');
#18990=UNCERTAINTY_MEASURE_WITH_UNIT(LENGTH_MEASURE(0.01),#19067,
'DISTANCE_ACCURACY_VALUE',
'Maximum model space distance between geometric entities at asserted c
onnectivities');
#18991=UNCERTAINTY_MEASURE_WITH_UNIT(LENGTH_MEASURE(0.01),#19067,
'DISTANCE_ACCURACY_VALUE',
'Maximum model space distance between geometric entities at asserted c
onnectivities');
#18992=UNCERTAINTY_MEASURE_WITH_UNIT(LENGTH_MEASURE(0.01),#19067,
'DISTANCE_ACCURACY_VALUE',
'Maximum model space distance between geometric entities at asserted c
onnectivities');
#18993=UNCERTAINTY_MEASURE_WITH_UNIT(LENGTH_MEASURE(0.01),#19067,
'DISTANCE_ACCURACY_VALUE',
'Maximum model space distance between geometric entities at asserted c
onnectivities');
#18994=UNCERTAINTY_MEASURE_WITH_UNIT(LENGTH_MEASURE(0.01),#19067,
'DISTANCE_ACCURACY_VALUE',
'Maximum model space distance between geometric entities at asserted c
onnectivities');
#18995=UNCERTAINTY_MEASURE_WITH_UNIT(LENGTH_MEASURE(0.01),#19067,
'DISTANCE_ACCURACY_VALUE',
'Maximum model space distance between geometric entities at asserted c
onnectivities');
#18996=UNCERTAINTY_MEASURE_WITH_UNIT(LENGTH_MEASURE(0.01),#19067,
'DISTANCE_ACCURACY_VALUE',
'Maximum model space distance between geometric entities at asserted c
onnectivities');
#18997=UNCERTAINTY_MEASURE_WITH_UNIT(LENGTH_MEASURE(0.01),#19067,
'DISTANCE_ACCURACY_VALUE',
'Maximum model space distance between geometric entities at asserted c
onnectivities');
#18998=UNCERTAINTY_MEASURE_WITH_UNIT(LENGTH_MEASURE(0.01),#19067,
'DISTANCE_ACCURACY_VALUE',
'Maximum model space distance between geometric entities at asserted c
onnectivities');
#18999=UNCERTAINTY_MEASURE_WITH_UNIT(LENGTH_MEASURE(0.01),#19067,
'DISTANCE_ACCURACY_VALUE',
'Maximum model space distance between geometric entities at asserted c
onnectivities');
#19000=UNCERTAINTY_MEASURE_WITH_UNIT(LENGTH_MEASURE(0.01),#19067,
'DISTANCE_ACCURACY_VALUE',
'Maximum model space distance between geometric entities at asserted c
onnectivities');
#19001=UNCERTAINTY_MEASURE_WITH_UNIT(LENGTH_MEASURE(0.01),#19067,
'DISTANCE_ACCURACY_VALUE',
'Maximum model space distance between geometric entities at asserted c
onnectivities');
#19002=UNCERTAINTY_MEASURE_WITH_UNIT(LENGTH_MEASURE(0.01),#19067,
'DISTANCE_ACCURACY_VALUE',
'Maximum model space distance between geometric entities at asserted c
onnectivities');
#19003=UNCERTAINTY_MEASURE_WITH_UNIT(LENGTH_MEASURE(0.01),#19067,
'DISTANCE_ACCURACY_VALUE',
'Maximum model space distance between geometric entities at asserted c
onnectivities');
#19004=UNCERTAINTY_MEASURE_WITH_UNIT(LENGTH_MEASURE(0.01),#19067,
'DISTANCE_ACCURACY_VALUE',
'Maximum model space distance between geometric entities at asserted c
onnectivities');
#19005=UNCERTAINTY_MEASURE_WITH_UNIT(LENGTH_MEASURE(0.01),#19067,
'DISTANCE_ACCURACY_VALUE',
'Maximum model space distance between geometric entities at asserted c
onnectivities');
#19006=UNCERTAINTY_MEASURE_WITH_UNIT(LENGTH_MEASURE(0.01),#19067,
'DISTANCE_ACCURACY_VALUE',
'Maximum model space distance between geometric entities at asserted c
onnectivities');
#19007=UNCERTAINTY_MEASURE_WITH_UNIT(LENGTH_MEASURE(0.01),#19067,
'DISTANCE_ACCURACY_VALUE',
'Maximum model space distance between geometric entities at asserted c
onnectivities');
#19008=UNCERTAINTY_MEASURE_WITH_UNIT(LENGTH_MEASURE(0.01),#19067,
'DISTANCE_ACCURACY_VALUE',
'Maximum model space distance between geometric entities at asserted c
onnectivities');
#19009=(
GEOMETRIC_REPRESENTATION_CONTEXT(3)
GLOBAL_UNCERTAINTY_ASSIGNED_CONTEXT((#18951))
GLOBAL_UNIT_ASSIGNED_CONTEXT((#19067,#19069,#19070))
REPRESENTATION_CONTEXT('','3D')
);
#19010=(
GEOMETRIC_REPRESENTATION_CONTEXT(3)
GLOBAL_UNCERTAINTY_ASSIGNED_CONTEXT((#18952))
GLOBAL_UNIT_ASSIGNED_CONTEXT((#19067,#19069,#19070))
REPRESENTATION_CONTEXT('','3D')
);
#19011=(
GEOMETRIC_REPRESENTATION_CONTEXT(3)
GLOBAL_UNCERTAINTY_ASSIGNED_CONTEXT((#18953))
GLOBAL_UNIT_ASSIGNED_CONTEXT((#19067,#19069,#19070))
REPRESENTATION_CONTEXT('','3D')
);
#19012=(
GEOMETRIC_REPRESENTATION_CONTEXT(3)
GLOBAL_UNCERTAINTY_ASSIGNED_CONTEXT((#18954))
GLOBAL_UNIT_ASSIGNED_CONTEXT((#19067,#19069,#19070))
REPRESENTATION_CONTEXT('','3D')
);
#19013=(
GEOMETRIC_REPRESENTATION_CONTEXT(3)
GLOBAL_UNCERTAINTY_ASSIGNED_CONTEXT((#18955))
GLOBAL_UNIT_ASSIGNED_CONTEXT((#19067,#19069,#19070))
REPRESENTATION_CONTEXT('','3D')
);
#19014=(
GEOMETRIC_REPRESENTATION_CONTEXT(3)
GLOBAL_UNCERTAINTY_ASSIGNED_CONTEXT((#18956))
GLOBAL_UNIT_ASSIGNED_CONTEXT((#19067,#19069,#19070))
REPRESENTATION_CONTEXT('','3D')
);
#19015=(
GEOMETRIC_REPRESENTATION_CONTEXT(3)
GLOBAL_UNCERTAINTY_ASSIGNED_CONTEXT((#18957))
GLOBAL_UNIT_ASSIGNED_CONTEXT((#19067,#19069,#19070))
REPRESENTATION_CONTEXT('','3D')
);
#19016=(
GEOMETRIC_REPRESENTATION_CONTEXT(3)
GLOBAL_UNCERTAINTY_ASSIGNED_CONTEXT((#18958))
GLOBAL_UNIT_ASSIGNED_CONTEXT((#19067,#19069,#19070))
REPRESENTATION_CONTEXT('','3D')
);
#19017=(
GEOMETRIC_REPRESENTATION_CONTEXT(3)
GLOBAL_UNCERTAINTY_ASSIGNED_CONTEXT((#18959))
GLOBAL_UNIT_ASSIGNED_CONTEXT((#19067,#19069,#19070))
REPRESENTATION_CONTEXT('','3D')
);
#19018=(
GEOMETRIC_REPRESENTATION_CONTEXT(3)
GLOBAL_UNCERTAINTY_ASSIGNED_CONTEXT((#18960))
GLOBAL_UNIT_ASSIGNED_CONTEXT((#19067,#19069,#19070))
REPRESENTATION_CONTEXT('','3D')
);
#19019=(
GEOMETRIC_REPRESENTATION_CONTEXT(3)
GLOBAL_UNCERTAINTY_ASSIGNED_CONTEXT((#18961))
GLOBAL_UNIT_ASSIGNED_CONTEXT((#19067,#19069,#19070))
REPRESENTATION_CONTEXT('','3D')
);
#19020=(
GEOMETRIC_REPRESENTATION_CONTEXT(3)
GLOBAL_UNCERTAINTY_ASSIGNED_CONTEXT((#18962))
GLOBAL_UNIT_ASSIGNED_CONTEXT((#19067,#19069,#19070))
REPRESENTATION_CONTEXT('','3D')
);
#19021=(
GEOMETRIC_REPRESENTATION_CONTEXT(3)
GLOBAL_UNCERTAINTY_ASSIGNED_CONTEXT((#18963))
GLOBAL_UNIT_ASSIGNED_CONTEXT((#19067,#19069,#19070))
REPRESENTATION_CONTEXT('','3D')
);
#19022=(
GEOMETRIC_REPRESENTATION_CONTEXT(3)
GLOBAL_UNCERTAINTY_ASSIGNED_CONTEXT((#18964))
GLOBAL_UNIT_ASSIGNED_CONTEXT((#19067,#19069,#19070))
REPRESENTATION_CONTEXT('','3D')
);
#19023=(
GEOMETRIC_REPRESENTATION_CONTEXT(3)
GLOBAL_UNCERTAINTY_ASSIGNED_CONTEXT((#18965))
GLOBAL_UNIT_ASSIGNED_CONTEXT((#19067,#19069,#19070))
REPRESENTATION_CONTEXT('','3D')
);
#19024=(
GEOMETRIC_REPRESENTATION_CONTEXT(3)
GLOBAL_UNCERTAINTY_ASSIGNED_CONTEXT((#18966))
GLOBAL_UNIT_ASSIGNED_CONTEXT((#19067,#19069,#19070))
REPRESENTATION_CONTEXT('','3D')
);
#19025=(
GEOMETRIC_REPRESENTATION_CONTEXT(3)
GLOBAL_UNCERTAINTY_ASSIGNED_CONTEXT((#18967))
GLOBAL_UNIT_ASSIGNED_CONTEXT((#19067,#19069,#19070))
REPRESENTATION_CONTEXT('','3D')
);
#19026=(
GEOMETRIC_REPRESENTATION_CONTEXT(3)
GLOBAL_UNCERTAINTY_ASSIGNED_CONTEXT((#18968))
GLOBAL_UNIT_ASSIGNED_CONTEXT((#19067,#19069,#19070))
REPRESENTATION_CONTEXT('','3D')
);
#19027=(
GEOMETRIC_REPRESENTATION_CONTEXT(3)
GLOBAL_UNCERTAINTY_ASSIGNED_CONTEXT((#18969))
GLOBAL_UNIT_ASSIGNED_CONTEXT((#19067,#19069,#19070))
REPRESENTATION_CONTEXT('','3D')
);
#19028=(
GEOMETRIC_REPRESENTATION_CONTEXT(3)
GLOBAL_UNCERTAINTY_ASSIGNED_CONTEXT((#18970))
GLOBAL_UNIT_ASSIGNED_CONTEXT((#19067,#19069,#19070))
REPRESENTATION_CONTEXT('','3D')
);
#19029=(
GEOMETRIC_REPRESENTATION_CONTEXT(3)
GLOBAL_UNCERTAINTY_ASSIGNED_CONTEXT((#18971))
GLOBAL_UNIT_ASSIGNED_CONTEXT((#19067,#19069,#19070))
REPRESENTATION_CONTEXT('','3D')
);
#19030=(
GEOMETRIC_REPRESENTATION_CONTEXT(3)
GLOBAL_UNCERTAINTY_ASSIGNED_CONTEXT((#18972))
GLOBAL_UNIT_ASSIGNED_CONTEXT((#19067,#19069,#19070))
REPRESENTATION_CONTEXT('','3D')
);
#19031=(
GEOMETRIC_REPRESENTATION_CONTEXT(3)
GLOBAL_UNCERTAINTY_ASSIGNED_CONTEXT((#18973))
GLOBAL_UNIT_ASSIGNED_CONTEXT((#19067,#19069,#19070))
REPRESENTATION_CONTEXT('','3D')
);
#19032=(
GEOMETRIC_REPRESENTATION_CONTEXT(3)
GLOBAL_UNCERTAINTY_ASSIGNED_CONTEXT((#18974))
GLOBAL_UNIT_ASSIGNED_CONTEXT((#19067,#19069,#19070))
REPRESENTATION_CONTEXT('','3D')
);
#19033=(
GEOMETRIC_REPRESENTATION_CONTEXT(3)
GLOBAL_UNCERTAINTY_ASSIGNED_CONTEXT((#18975))
GLOBAL_UNIT_ASSIGNED_CONTEXT((#19067,#19069,#19070))
REPRESENTATION_CONTEXT('','3D')
);
#19034=(
GEOMETRIC_REPRESENTATION_CONTEXT(3)
GLOBAL_UNCERTAINTY_ASSIGNED_CONTEXT((#18976))
GLOBAL_UNIT_ASSIGNED_CONTEXT((#19067,#19069,#19070))
REPRESENTATION_CONTEXT('','3D')
);
#19035=(
GEOMETRIC_REPRESENTATION_CONTEXT(3)
GLOBAL_UNCERTAINTY_ASSIGNED_CONTEXT((#18977))
GLOBAL_UNIT_ASSIGNED_CONTEXT((#19067,#19069,#19070))
REPRESENTATION_CONTEXT('','3D')
);
#19036=(
GEOMETRIC_REPRESENTATION_CONTEXT(3)
GLOBAL_UNCERTAINTY_ASSIGNED_CONTEXT((#18978))
GLOBAL_UNIT_ASSIGNED_CONTEXT((#19067,#19069,#19070))
REPRESENTATION_CONTEXT('','3D')
);
#19037=(
GEOMETRIC_REPRESENTATION_CONTEXT(3)
GLOBAL_UNCERTAINTY_ASSIGNED_CONTEXT((#18979))
GLOBAL_UNIT_ASSIGNED_CONTEXT((#19067,#19069,#19070))
REPRESENTATION_CONTEXT('','3D')
);
#19038=(
GEOMETRIC_REPRESENTATION_CONTEXT(3)
GLOBAL_UNCERTAINTY_ASSIGNED_CONTEXT((#18980))
GLOBAL_UNIT_ASSIGNED_CONTEXT((#19067,#19069,#19070))
REPRESENTATION_CONTEXT('','3D')
);
#19039=(
GEOMETRIC_REPRESENTATION_CONTEXT(3)
GLOBAL_UNCERTAINTY_ASSIGNED_CONTEXT((#18981))
GLOBAL_UNIT_ASSIGNED_CONTEXT((#19067,#19069,#19070))
REPRESENTATION_CONTEXT('','3D')
);
#19040=(
GEOMETRIC_REPRESENTATION_CONTEXT(3)
GLOBAL_UNCERTAINTY_ASSIGNED_CONTEXT((#18982))
GLOBAL_UNIT_ASSIGNED_CONTEXT((#19067,#19069,#19070))
REPRESENTATION_CONTEXT('','3D')
);
#19041=(
GEOMETRIC_REPRESENTATION_CONTEXT(3)
GLOBAL_UNCERTAINTY_ASSIGNED_CONTEXT((#18983))
GLOBAL_UNIT_ASSIGNED_CONTEXT((#19067,#19069,#19070))
REPRESENTATION_CONTEXT('','3D')
);
#19042=(
GEOMETRIC_REPRESENTATION_CONTEXT(3)
GLOBAL_UNCERTAINTY_ASSIGNED_CONTEXT((#18984))
GLOBAL_UNIT_ASSIGNED_CONTEXT((#19067,#19069,#19070))
REPRESENTATION_CONTEXT('','3D')
);
#19043=(
GEOMETRIC_REPRESENTATION_CONTEXT(3)
GLOBAL_UNCERTAINTY_ASSIGNED_CONTEXT((#18985))
GLOBAL_UNIT_ASSIGNED_CONTEXT((#19067,#19069,#19070))
REPRESENTATION_CONTEXT('','3D')
);
#19044=(
GEOMETRIC_REPRESENTATION_CONTEXT(3)
GLOBAL_UNCERTAINTY_ASSIGNED_CONTEXT((#18986))
GLOBAL_UNIT_ASSIGNED_CONTEXT((#19067,#19069,#19070))
REPRESENTATION_CONTEXT('','3D')
);
#19045=(
GEOMETRIC_REPRESENTATION_CONTEXT(3)
GLOBAL_UNCERTAINTY_ASSIGNED_CONTEXT((#18987))
GLOBAL_UNIT_ASSIGNED_CONTEXT((#19067,#19069,#19070))
REPRESENTATION_CONTEXT('','3D')
);
#19046=(
GEOMETRIC_REPRESENTATION_CONTEXT(3)
GLOBAL_UNCERTAINTY_ASSIGNED_CONTEXT((#18988))
GLOBAL_UNIT_ASSIGNED_CONTEXT((#19067,#19069,#19070))
REPRESENTATION_CONTEXT('','3D')
);
#19047=(
GEOMETRIC_REPRESENTATION_CONTEXT(3)
GLOBAL_UNCERTAINTY_ASSIGNED_CONTEXT((#18989))
GLOBAL_UNIT_ASSIGNED_CONTEXT((#19067,#19069,#19070))
REPRESENTATION_CONTEXT('','3D')
);
#19048=(
GEOMETRIC_REPRESENTATION_CONTEXT(3)
GLOBAL_UNCERTAINTY_ASSIGNED_CONTEXT((#18990))
GLOBAL_UNIT_ASSIGNED_CONTEXT((#19067,#19069,#19070))
REPRESENTATION_CONTEXT('','3D')
);
#19049=(
GEOMETRIC_REPRESENTATION_CONTEXT(3)
GLOBAL_UNCERTAINTY_ASSIGNED_CONTEXT((#18991))
GLOBAL_UNIT_ASSIGNED_CONTEXT((#19067,#19069,#19070))
REPRESENTATION_CONTEXT('','3D')
);
#19050=(
GEOMETRIC_REPRESENTATION_CONTEXT(3)
GLOBAL_UNCERTAINTY_ASSIGNED_CONTEXT((#18992))
GLOBAL_UNIT_ASSIGNED_CONTEXT((#19067,#19069,#19070))
REPRESENTATION_CONTEXT('','3D')
);
#19051=(
GEOMETRIC_REPRESENTATION_CONTEXT(3)
GLOBAL_UNCERTAINTY_ASSIGNED_CONTEXT((#18993))
GLOBAL_UNIT_ASSIGNED_CONTEXT((#19067,#19069,#19070))
REPRESENTATION_CONTEXT('','3D')
);
#19052=(
GEOMETRIC_REPRESENTATION_CONTEXT(3)
GLOBAL_UNCERTAINTY_ASSIGNED_CONTEXT((#18994))
GLOBAL_UNIT_ASSIGNED_CONTEXT((#19067,#19069,#19070))
REPRESENTATION_CONTEXT('','3D')
);
#19053=(
GEOMETRIC_REPRESENTATION_CONTEXT(3)
GLOBAL_UNCERTAINTY_ASSIGNED_CONTEXT((#18995))
GLOBAL_UNIT_ASSIGNED_CONTEXT((#19067,#19069,#19070))
REPRESENTATION_CONTEXT('','3D')
);
#19054=(
GEOMETRIC_REPRESENTATION_CONTEXT(3)
GLOBAL_UNCERTAINTY_ASSIGNED_CONTEXT((#18996))
GLOBAL_UNIT_ASSIGNED_CONTEXT((#19067,#19069,#19070))
REPRESENTATION_CONTEXT('','3D')
);
#19055=(
GEOMETRIC_REPRESENTATION_CONTEXT(3)
GLOBAL_UNCERTAINTY_ASSIGNED_CONTEXT((#18997))
GLOBAL_UNIT_ASSIGNED_CONTEXT((#19067,#19069,#19070))
REPRESENTATION_CONTEXT('','3D')
);
#19056=(
GEOMETRIC_REPRESENTATION_CONTEXT(3)
GLOBAL_UNCERTAINTY_ASSIGNED_CONTEXT((#18998))
GLOBAL_UNIT_ASSIGNED_CONTEXT((#19067,#19069,#19070))
REPRESENTATION_CONTEXT('','3D')
);
#19057=(
GEOMETRIC_REPRESENTATION_CONTEXT(3)
GLOBAL_UNCERTAINTY_ASSIGNED_CONTEXT((#18999))
GLOBAL_UNIT_ASSIGNED_CONTEXT((#19067,#19069,#19070))
REPRESENTATION_CONTEXT('','3D')
);
#19058=(
GEOMETRIC_REPRESENTATION_CONTEXT(3)
GLOBAL_UNCERTAINTY_ASSIGNED_CONTEXT((#19000))
GLOBAL_UNIT_ASSIGNED_CONTEXT((#19067,#19069,#19070))
REPRESENTATION_CONTEXT('','3D')
);
#19059=(
GEOMETRIC_REPRESENTATION_CONTEXT(3)
GLOBAL_UNCERTAINTY_ASSIGNED_CONTEXT((#19001))
GLOBAL_UNIT_ASSIGNED_CONTEXT((#19067,#19069,#19070))
REPRESENTATION_CONTEXT('','3D')
);
#19060=(
GEOMETRIC_REPRESENTATION_CONTEXT(3)
GLOBAL_UNCERTAINTY_ASSIGNED_CONTEXT((#19002))
GLOBAL_UNIT_ASSIGNED_CONTEXT((#19067,#19069,#19070))
REPRESENTATION_CONTEXT('','3D')
);
#19061=(
GEOMETRIC_REPRESENTATION_CONTEXT(3)
GLOBAL_UNCERTAINTY_ASSIGNED_CONTEXT((#19003))
GLOBAL_UNIT_ASSIGNED_CONTEXT((#19067,#19069,#19070))
REPRESENTATION_CONTEXT('','3D')
);
#19062=(
GEOMETRIC_REPRESENTATION_CONTEXT(3)
GLOBAL_UNCERTAINTY_ASSIGNED_CONTEXT((#19004))
GLOBAL_UNIT_ASSIGNED_CONTEXT((#19067,#19069,#19070))
REPRESENTATION_CONTEXT('','3D')
);
#19063=(
GEOMETRIC_REPRESENTATION_CONTEXT(3)
GLOBAL_UNCERTAINTY_ASSIGNED_CONTEXT((#19005))
GLOBAL_UNIT_ASSIGNED_CONTEXT((#19067,#19069,#19070))
REPRESENTATION_CONTEXT('','3D')
);
#19064=(
GEOMETRIC_REPRESENTATION_CONTEXT(3)
GLOBAL_UNCERTAINTY_ASSIGNED_CONTEXT((#19006))
GLOBAL_UNIT_ASSIGNED_CONTEXT((#19067,#19069,#19070))
REPRESENTATION_CONTEXT('','3D')
);
#19065=(
GEOMETRIC_REPRESENTATION_CONTEXT(3)
GLOBAL_UNCERTAINTY_ASSIGNED_CONTEXT((#19007))
GLOBAL_UNIT_ASSIGNED_CONTEXT((#19067,#19069,#19070))
REPRESENTATION_CONTEXT('','3D')
);
#19066=(
GEOMETRIC_REPRESENTATION_CONTEXT(3)
GLOBAL_UNCERTAINTY_ASSIGNED_CONTEXT((#19008))
GLOBAL_UNIT_ASSIGNED_CONTEXT((#19067,#19069,#19070))
REPRESENTATION_CONTEXT('','3D')
);
#19067=(
LENGTH_UNIT()
NAMED_UNIT(*)
SI_UNIT(.MILLI.,.METRE.)
);
#19068=(
LENGTH_UNIT()
NAMED_UNIT(*)
SI_UNIT($,.METRE.)
);
#19069=(
NAMED_UNIT(*)
PLANE_ANGLE_UNIT()
SI_UNIT($,.RADIAN.)
);
#19070=(
NAMED_UNIT(*)
SI_UNIT($,.STERADIAN.)
SOLID_ANGLE_UNIT()
);
#19071=SHAPE_DEFINITION_REPRESENTATION(#19128,#19241);
#19072=SHAPE_DEFINITION_REPRESENTATION(#19129,#19242);
#19073=SHAPE_DEFINITION_REPRESENTATION(#19130,#19243);
#19074=SHAPE_DEFINITION_REPRESENTATION(#19131,#19244);
#19075=SHAPE_DEFINITION_REPRESENTATION(#19132,#19245);
#19076=SHAPE_DEFINITION_REPRESENTATION(#19133,#19246);
#19077=SHAPE_DEFINITION_REPRESENTATION(#19134,#19247);
#19078=SHAPE_DEFINITION_REPRESENTATION(#19135,#19248);
#19079=SHAPE_DEFINITION_REPRESENTATION(#19136,#19249);
#19080=SHAPE_DEFINITION_REPRESENTATION(#19144,#19250);
#19081=SHAPE_DEFINITION_REPRESENTATION(#19145,#19251);
#19082=SHAPE_DEFINITION_REPRESENTATION(#19146,#19252);
#19083=SHAPE_DEFINITION_REPRESENTATION(#19147,#19253);
#19084=SHAPE_DEFINITION_REPRESENTATION(#19148,#19254);
#19085=SHAPE_DEFINITION_REPRESENTATION(#19149,#19255);
#19086=SHAPE_DEFINITION_REPRESENTATION(#19150,#19256);
#19087=SHAPE_DEFINITION_REPRESENTATION(#19151,#19257);
#19088=SHAPE_DEFINITION_REPRESENTATION(#19152,#19258);
#19089=SHAPE_DEFINITION_REPRESENTATION(#19153,#19259);
#19090=SHAPE_DEFINITION_REPRESENTATION(#19154,#19260);
#19091=SHAPE_DEFINITION_REPRESENTATION(#19165,#19261);
#19092=SHAPE_DEFINITION_REPRESENTATION(#19166,#19262);
#19093=SHAPE_DEFINITION_REPRESENTATION(#19167,#19263);
#19094=SHAPE_DEFINITION_REPRESENTATION(#19168,#19264);
#19095=SHAPE_DEFINITION_REPRESENTATION(#19169,#19265);
#19096=SHAPE_DEFINITION_REPRESENTATION(#19170,#19266);
#19097=SHAPE_DEFINITION_REPRESENTATION(#19171,#19267);
#19098=SHAPE_DEFINITION_REPRESENTATION(#19172,#19268);
#19099=SHAPE_DEFINITION_REPRESENTATION(#19173,#19269);
#19100=SHAPE_DEFINITION_REPRESENTATION(#19174,#19270);
#19101=SHAPE_DEFINITION_REPRESENTATION(#19184,#19271);
#19102=SHAPE_DEFINITION_REPRESENTATION(#19185,#19272);
#19103=SHAPE_DEFINITION_REPRESENTATION(#19186,#19273);
#19104=SHAPE_DEFINITION_REPRESENTATION(#19187,#19274);
#19105=SHAPE_DEFINITION_REPRESENTATION(#19188,#19275);
#19106=SHAPE_DEFINITION_REPRESENTATION(#19189,#19276);
#19107=SHAPE_DEFINITION_REPRESENTATION(#19190,#19277);
#19108=SHAPE_DEFINITION_REPRESENTATION(#19191,#19278);
#19109=SHAPE_DEFINITION_REPRESENTATION(#19199,#19279);
#19110=SHAPE_DEFINITION_REPRESENTATION(#19200,#19280);
#19111=SHAPE_DEFINITION_REPRESENTATION(#19201,#19281);
#19112=SHAPE_DEFINITION_REPRESENTATION(#19202,#19282);
#19113=SHAPE_DEFINITION_REPRESENTATION(#19204,#19283);
#19114=SHAPE_DEFINITION_REPRESENTATION(#19205,#19284);
#19115=SHAPE_DEFINITION_REPRESENTATION(#19206,#19285);
#19116=SHAPE_DEFINITION_REPRESENTATION(#19207,#19286);
#19117=SHAPE_DEFINITION_REPRESENTATION(#19208,#19287);
#19118=SHAPE_DEFINITION_REPRESENTATION(#19209,#19288);
#19119=SHAPE_DEFINITION_REPRESENTATION(#19210,#19289);
#19120=SHAPE_DEFINITION_REPRESENTATION(#19211,#19290);
#19121=SHAPE_DEFINITION_REPRESENTATION(#19212,#19291);
#19122=SHAPE_DEFINITION_REPRESENTATION(#19213,#19292);
#19123=SHAPE_DEFINITION_REPRESENTATION(#19214,#19293);
#19124=SHAPE_DEFINITION_REPRESENTATION(#19215,#19294);
#19125=SHAPE_DEFINITION_REPRESENTATION(#19216,#19295);
#19126=SHAPE_DEFINITION_REPRESENTATION(#19217,#19296);
#19127=SHAPE_DEFINITION_REPRESENTATION(#19218,#19297);
#19128=PRODUCT_DEFINITION_SHAPE('',$,#19299);
#19129=PRODUCT_DEFINITION_SHAPE('',$,#19300);
#19130=PRODUCT_DEFINITION_SHAPE('',$,#19301);
#19131=PRODUCT_DEFINITION_SHAPE('',$,#19302);
#19132=PRODUCT_DEFINITION_SHAPE('',$,#19303);
#19133=PRODUCT_DEFINITION_SHAPE('',$,#19304);
#19134=PRODUCT_DEFINITION_SHAPE('',$,#19305);
#19135=PRODUCT_DEFINITION_SHAPE('',$,#19306);
#19136=PRODUCT_DEFINITION_SHAPE('',$,#19307);
#19137=PRODUCT_DEFINITION_SHAPE($,$,#179);
#19138=PRODUCT_DEFINITION_SHAPE($,$,#180);
#19139=PRODUCT_DEFINITION_SHAPE($,$,#181);
#19140=PRODUCT_DEFINITION_SHAPE($,$,#182);
#19141=PRODUCT_DEFINITION_SHAPE($,$,#183);
#19142=PRODUCT_DEFINITION_SHAPE($,$,#184);
#19143=PRODUCT_DEFINITION_SHAPE($,$,#185);
#19144=PRODUCT_DEFINITION_SHAPE('',$,#19308);
#19145=PRODUCT_DEFINITION_SHAPE('',$,#19309);
#19146=PRODUCT_DEFINITION_SHAPE('',$,#19310);
#19147=PRODUCT_DEFINITION_SHAPE('',$,#19311);
#19148=PRODUCT_DEFINITION_SHAPE('',$,#19312);
#19149=PRODUCT_DEFINITION_SHAPE('',$,#19313);
#19150=PRODUCT_DEFINITION_SHAPE('',$,#19314);
#19151=PRODUCT_DEFINITION_SHAPE('',$,#19315);
#19152=PRODUCT_DEFINITION_SHAPE('',$,#19316);
#19153=PRODUCT_DEFINITION_SHAPE('',$,#19317);
#19154=PRODUCT_DEFINITION_SHAPE('',$,#19318);
#19155=PRODUCT_DEFINITION_SHAPE($,$,#186);
#19156=PRODUCT_DEFINITION_SHAPE($,$,#187);
#19157=PRODUCT_DEFINITION_SHAPE($,$,#188);
#19158=PRODUCT_DEFINITION_SHAPE($,$,#189);
#19159=PRODUCT_DEFINITION_SHAPE($,$,#190);
#19160=PRODUCT_DEFINITION_SHAPE($,$,#191);
#19161=PRODUCT_DEFINITION_SHAPE($,$,#192);
#19162=PRODUCT_DEFINITION_SHAPE($,$,#193);
#19163=PRODUCT_DEFINITION_SHAPE($,$,#194);
#19164=PRODUCT_DEFINITION_SHAPE($,$,#195);
#19165=PRODUCT_DEFINITION_SHAPE('',$,#19319);
#19166=PRODUCT_DEFINITION_SHAPE('',$,#19320);
#19167=PRODUCT_DEFINITION_SHAPE('',$,#19321);
#19168=PRODUCT_DEFINITION_SHAPE('',$,#19322);
#19169=PRODUCT_DEFINITION_SHAPE('',$,#19323);
#19170=PRODUCT_DEFINITION_SHAPE('',$,#19324);
#19171=PRODUCT_DEFINITION_SHAPE('',$,#19325);
#19172=PRODUCT_DEFINITION_SHAPE('',$,#19326);
#19173=PRODUCT_DEFINITION_SHAPE('',$,#19327);
#19174=PRODUCT_DEFINITION_SHAPE('',$,#19328);
#19175=PRODUCT_DEFINITION_SHAPE($,$,#196);
#19176=PRODUCT_DEFINITION_SHAPE($,$,#197);
#19177=PRODUCT_DEFINITION_SHAPE($,$,#198);
#19178=PRODUCT_DEFINITION_SHAPE($,$,#199);
#19179=PRODUCT_DEFINITION_SHAPE($,$,#200);
#19180=PRODUCT_DEFINITION_SHAPE($,$,#201);
#19181=PRODUCT_DEFINITION_SHAPE($,$,#202);
#19182=PRODUCT_DEFINITION_SHAPE($,$,#203);
#19183=PRODUCT_DEFINITION_SHAPE($,$,#204);
#19184=PRODUCT_DEFINITION_SHAPE('',$,#19329);
#19185=PRODUCT_DEFINITION_SHAPE('',$,#19330);
#19186=PRODUCT_DEFINITION_SHAPE('',$,#19331);
#19187=PRODUCT_DEFINITION_SHAPE('',$,#19332);
#19188=PRODUCT_DEFINITION_SHAPE('',$,#19333);
#19189=PRODUCT_DEFINITION_SHAPE('',$,#19334);
#19190=PRODUCT_DEFINITION_SHAPE('',$,#19335);
#19191=PRODUCT_DEFINITION_SHAPE('',$,#19336);
#19192=PRODUCT_DEFINITION_SHAPE($,$,#205);
#19193=PRODUCT_DEFINITION_SHAPE($,$,#206);
#19194=PRODUCT_DEFINITION_SHAPE($,$,#207);
#19195=PRODUCT_DEFINITION_SHAPE($,$,#208);
#19196=PRODUCT_DEFINITION_SHAPE($,$,#209);
#19197=PRODUCT_DEFINITION_SHAPE($,$,#210);
#19198=PRODUCT_DEFINITION_SHAPE($,$,#211);
#19199=PRODUCT_DEFINITION_SHAPE('',$,#19337);
#19200=PRODUCT_DEFINITION_SHAPE('',$,#19338);
#19201=PRODUCT_DEFINITION_SHAPE('',$,#19339);
#19202=PRODUCT_DEFINITION_SHAPE('',$,#19340);
#19203=PRODUCT_DEFINITION_SHAPE($,$,#212);
#19204=PRODUCT_DEFINITION_SHAPE('',$,#19341);
#19205=PRODUCT_DEFINITION_SHAPE('',$,#19342);
#19206=PRODUCT_DEFINITION_SHAPE('',$,#19343);
#19207=PRODUCT_DEFINITION_SHAPE('',$,#19344);
#19208=PRODUCT_DEFINITION_SHAPE('',$,#19345);
#19209=PRODUCT_DEFINITION_SHAPE('',$,#19346);
#19210=PRODUCT_DEFINITION_SHAPE('',$,#19347);
#19211=PRODUCT_DEFINITION_SHAPE('',$,#19348);
#19212=PRODUCT_DEFINITION_SHAPE('',$,#19349);
#19213=PRODUCT_DEFINITION_SHAPE('',$,#19350);
#19214=PRODUCT_DEFINITION_SHAPE('',$,#19351);
#19215=PRODUCT_DEFINITION_SHAPE('',$,#19352);
#19216=PRODUCT_DEFINITION_SHAPE('',$,#19353);
#19217=PRODUCT_DEFINITION_SHAPE('',$,#19354);
#19218=PRODUCT_DEFINITION_SHAPE('',$,#19355);
#19219=PRODUCT_DEFINITION_SHAPE($,$,#213);
#19220=PRODUCT_DEFINITION_SHAPE($,$,#214);
#19221=PRODUCT_DEFINITION_SHAPE($,$,#215);
#19222=PRODUCT_DEFINITION_SHAPE($,$,#216);
#19223=PRODUCT_DEFINITION_SHAPE($,$,#217);
#19224=PRODUCT_DEFINITION_SHAPE($,$,#218);
#19225=PRODUCT_DEFINITION_SHAPE($,$,#219);
#19226=PRODUCT_DEFINITION_SHAPE($,$,#220);
#19227=PRODUCT_DEFINITION_SHAPE($,$,#221);
#19228=PRODUCT_DEFINITION_SHAPE($,$,#222);
#19229=PRODUCT_DEFINITION_SHAPE($,$,#223);
#19230=PRODUCT_DEFINITION_SHAPE($,$,#224);
#19231=PRODUCT_DEFINITION_SHAPE($,$,#225);
#19232=PRODUCT_DEFINITION_SHAPE($,$,#226);
#19233=PRODUCT_DEFINITION_SHAPE($,$,#227);
#19234=PRODUCT_DEFINITION_SHAPE($,$,#228);
#19235=PRODUCT_DEFINITION_SHAPE($,$,#229);
#19236=PRODUCT_DEFINITION_SHAPE($,$,#230);
#19237=PRODUCT_DEFINITION_SHAPE($,$,#231);
#19238=PRODUCT_DEFINITION_SHAPE($,$,#232);
#19239=PRODUCT_DEFINITION_SHAPE($,$,#233);
#19240=PRODUCT_DEFINITION_SHAPE($,$,#234);
#19241=SHAPE_REPRESENTATION('',(#11407,#12447,#12448,#12449,#12450,#12451),
#19009);
#19242=SHAPE_REPRESENTATION('',(#11408,#11703,#11704,#11705,#11706,#11707,
#11708,#11709),#19010);
#19243=SHAPE_REPRESENTATION('',(#11409),#19011);
#19244=SHAPE_REPRESENTATION('',(#11542),#19012);
#19245=SHAPE_REPRESENTATION('',(#11559),#19013);
#19246=SHAPE_REPRESENTATION('',(#11576),#19014);
#19247=SHAPE_REPRESENTATION('',(#11604),#19015);
#19248=SHAPE_REPRESENTATION('',(#11624),#19016);
#19249=SHAPE_REPRESENTATION('',(#11644),#19017);
#19250=SHAPE_REPRESENTATION('',(#11710,#11889,#11890,#11891,#11892,#11893,
#11894,#11895,#11896,#11897,#11898),#19018);
#19251=SHAPE_REPRESENTATION('',(#11711),#19019);
#19252=SHAPE_REPRESENTATION('',(#11717),#19020);
#19253=SHAPE_REPRESENTATION('',(#11723),#19021);
#19254=SHAPE_REPRESENTATION('',(#11736),#19022);
#19255=SHAPE_REPRESENTATION('',(#11742),#19023);
#19256=SHAPE_REPRESENTATION('',(#11755),#19024);
#19257=SHAPE_REPRESENTATION('',(#11761),#19025);
#19258=SHAPE_REPRESENTATION('',(#11812),#19026);
#19259=SHAPE_REPRESENTATION('',(#11825),#19027);
#19260=SHAPE_REPRESENTATION('',(#11876),#19028);
#19261=SHAPE_REPRESENTATION('',(#11899,#12003,#12004,#12005,#12006,#12007,
#12008,#12009,#12010,#12011),#19029);
#19262=SHAPE_REPRESENTATION('',(#11900),#19030);
#19263=SHAPE_REPRESENTATION('',(#11906),#19031);
#19264=SHAPE_REPRESENTATION('',(#11915),#19032);
#19265=SHAPE_REPRESENTATION('',(#11924),#19033);
#19266=SHAPE_REPRESENTATION('',(#11930),#19034);
#19267=SHAPE_REPRESENTATION('',(#11961),#19035);
#19268=SHAPE_REPRESENTATION('',(#11970),#19036);
#19269=SHAPE_REPRESENTATION('',(#11979),#19037);
#19270=SHAPE_REPRESENTATION('',(#11986),#19038);
#19271=SHAPE_REPRESENTATION('',(#12012,#12098,#12099,#12100,#12101,#12102,
#12103,#12104),#19039);
#19272=SHAPE_REPRESENTATION('',(#12013),#19040);
#19273=SHAPE_REPRESENTATION('',(#12020),#19041);
#19274=SHAPE_REPRESENTATION('',(#12027),#19042);
#19275=SHAPE_REPRESENTATION('',(#12034),#19043);
#19276=SHAPE_REPRESENTATION('',(#12041),#19044);
#19277=SHAPE_REPRESENTATION('',(#12048),#19045);
#19278=SHAPE_REPRESENTATION('',(#12085),#19046);
#19279=SHAPE_REPRESENTATION('',(#12105,#12430,#12431,#12432,#12433,#12434,
#12435,#12436,#12437,#12438,#12439,#12440,#12441,#12442,#12443,#12444,#12445,
#12446),#19047);
#19280=SHAPE_REPRESENTATION('',(#12106),#19048);
#19281=SHAPE_REPRESENTATION('',(#12107,#12127),#19049);
#19282=SHAPE_REPRESENTATION('',(#12108),#19050);
#19283=SHAPE_REPRESENTATION('',(#12128),#19051);
#19284=SHAPE_REPRESENTATION('',(#12129),#19052);
#19285=SHAPE_REPRESENTATION('',(#12168),#19053);
#19286=SHAPE_REPRESENTATION('',(#12182),#19054);
#19287=SHAPE_REPRESENTATION('',(#12196),#19055);
#19288=SHAPE_REPRESENTATION('',(#12210),#19056);
#19289=SHAPE_REPRESENTATION('',(#12224),#19057);
#19290=SHAPE_REPRESENTATION('',(#12238),#19058);
#19291=SHAPE_REPRESENTATION('',(#12252),#19059);
#19292=SHAPE_REPRESENTATION('',(#12274),#19060);
#19293=SHAPE_REPRESENTATION('',(#12296),#19061);
#19294=SHAPE_REPRESENTATION('',(#12318),#19062);
#19295=SHAPE_REPRESENTATION('',(#12340),#19063);
#19296=SHAPE_REPRESENTATION('',(#12362),#19064);
#19297=SHAPE_REPRESENTATION('',(#12411),#19065);
#19298=PRODUCT_DEFINITION_CONTEXT('part definition',#19471,'design');
#19299=PRODUCT_DEFINITION('2026-09-22-20-04-37-960','robot2',#19356,#19298);
#19300=PRODUCT_DEFINITION('2026-09-22-20-04-48-798','01_Chassis',#19357,
#19298);
#19301=PRODUCT_DEFINITION('2026-09-22-20-10-09-073','Base_Plate_Al',#19358,
#19298);
#19302=PRODUCT_DEFINITION('2026-09-22-20-12-27-334',
'Left_Side_Plate_Al',#19359,#19298);
#19303=PRODUCT_DEFINITION('2026-09-22-20-12-27-362',
'Right_Side_Plate_Al',#19360,#19298);
#19304=PRODUCT_DEFINITION('2026-09-22-20-17-28-654','Top_Cover',#19361,
#19298);
#19305=PRODUCT_DEFINITION('2026-09-22-21-16-08-475','Front_Wedge_L',#19362,
#19298);
#19306=PRODUCT_DEFINITION('2026-09-22-21-16-09-075','Front_Wedge_R',#19363,
#19298);
#19307=PRODUCT_DEFINITION('2026-09-22-21-40-15-382',
'Standoffs_Fasteners',#19364,#19298);
#19308=PRODUCT_DEFINITION('2026-09-22-20-04-48-802','02_Drivetrain',#19365,
#19298);
#19309=PRODUCT_DEFINITION('2026-09-22-20-14-47-754','Left_Wheel',#19366,
#19298);
#19310=PRODUCT_DEFINITION('2026-09-22-20-14-47-792','Right_Wheel',#19367,
#19298);
#19311=PRODUCT_DEFINITION('2026-09-22-20-34-57-722','TT_Gearbox_L',#19368,
#19298);
#19312=PRODUCT_DEFINITION('2026-09-22-20-34-57-795','TT_Motor_Can_L',#19369,
#19298);
#19313=PRODUCT_DEFINITION('2026-09-22-20-34-57-849','TT_Gearbox_R',#19370,
#19298);
#19314=PRODUCT_DEFINITION('2026-09-22-20-34-57-901','TT_Motor_Can_R',#19371,
#19298);
#19315=PRODUCT_DEFINITION('2026-09-22-22-50-56-103','TT_Motor_Mount_L',
#19372,#19298);
#19316=PRODUCT_DEFINITION('2026-09-22-22-50-56-432','TT_Motor_Clamp_L',
#19373,#19298);
#19317=PRODUCT_DEFINITION('2026-09-22-22-50-56-745','TT_Motor_Mount_R',
#19374,#19298);
#19318=PRODUCT_DEFINITION('2026-09-22-22-50-57-029','TT_Motor_Clamp_R',
#19375,#19298);
#19319=PRODUCT_DEFINITION('2026-09-22-20-04-48-804','03_Front_Spinner',
#19376,#19298);
#19320=PRODUCT_DEFINITION('2026-09-22-21-17-04-467','Spinner_Shaft',#19377,
#19298);
#19321=PRODUCT_DEFINITION('2026-09-22-21-17-04-732','Left_Support',#19378,
#19298);
#19322=PRODUCT_DEFINITION('2026-09-22-21-17-05-000','Right_Support',#19379,
#19298);
#19323=PRODUCT_DEFINITION('2026-09-22-21-17-05-645','Spinner_Motor',#19380,
#19298);
#19324=PRODUCT_DEFINITION('2026-09-22-22-28-33-537',
'Spinner_Motor_Cradle',#19381,#19298);
#19325=PRODUCT_DEFINITION('2026-09-23-02-03-55-828','Weapon_Pulley',#19382,
#19298);
#19326=PRODUCT_DEFINITION('2026-09-23-02-03-56-507','Motor_Pulley',#19383,
#19298);
#19327=PRODUCT_DEFINITION('2026-09-23-02-25-34-565','ESC_Tekko32',#19384,
#19298);
#19328=PRODUCT_DEFINITION('2026-09-23-22-33-54-752',
'Beater_Rotor_Concept',#19385,#19298);
#19329=PRODUCT_DEFINITION('2026-09-22-20-04-48-807','05_Electronics',#19386,
#19298);
#19330=PRODUCT_DEFINITION('2026-09-22-20-50-05-757','Battery_and_Tray',
#19387,#19298);
#19331=PRODUCT_DEFINITION('2026-09-23-02-25-37-427','Rx_ER6',#19388,#19298);
#19332=PRODUCT_DEFINITION('2026-09-23-02-25-40-527','UBEC_5A',#19389,#19298);
#19333=PRODUCT_DEFINITION('2026-09-23-02-25-43-941','DRV8874_A',#19390,
#19298);
#19334=PRODUCT_DEFINITION('2026-09-23-02-25-47-286','DRV8874_B',#19391,
#19298);
#19335=PRODUCT_DEFINITION('2026-09-23-02-47-40-033','ESP32_DevKit',#19392,
#19298);
#19336=PRODUCT_DEFINITION('2026-09-23-21-12-34-998',
'FingerTech_Mini_Switch_Envelope',#19393,#19298);
#19337=PRODUCT_DEFINITION('2026-09-22-20-04-48-809','06_3D_Printed',#19394,
#19298);
#19338=PRODUCT_DEFINITION('2026-09-22-20-49-00-878','Wire_Clips',#19395,
#19298);
#19339=PRODUCT_DEFINITION('2026-09-22-20-49-00-891',
'Non_Structural_Covers',#19396,#19298);
#19340=PRODUCT_DEFINITION('2026-09-22-23-34-46-416','Rear_Panel',#19397,
#19298);
#19341=PRODUCT_DEFINITION('2026-09-22-20-49-00-904','TPU_Bumpers',#19398,
#19298);
#19342=PRODUCT_DEFINITION('2026-09-22-21-42-45-679','Battery_Holder',#19399,
#19298);
#19343=PRODUCT_DEFINITION('2026-09-22-23-22-03-101','Batt_Post_1',#19400,
#19298);
#19344=PRODUCT_DEFINITION('2026-09-22-23-22-04-161','Batt_Post_2',#19401,
#19298);
#19345=PRODUCT_DEFINITION('2026-09-22-23-22-05-011','Batt_Post_3',#19402,
#19298);
#19346=PRODUCT_DEFINITION('2026-09-22-23-22-05-941','Batt_Post_4',#19403,
#19298);
#19347=PRODUCT_DEFINITION('2026-09-22-23-30-32-609','Disconnect_Post_1',
#19404,#19298);
#19348=PRODUCT_DEFINITION('2026-09-22-23-30-32-928','Disconnect_Post_2',
#19405,#19298);
#19349=PRODUCT_DEFINITION('2026-09-23-02-25-35-125',
'Holder_ESC_Tekko32',#19406,#19298);
#19350=PRODUCT_DEFINITION('2026-09-23-02-25-38-082','Holder_Rx_ER6',#19407,
#19298);
#19351=PRODUCT_DEFINITION('2026-09-23-02-25-41-161','Holder_UBEC_5A',#19408,
#19298);
#19352=PRODUCT_DEFINITION('2026-09-23-02-25-44-578','Holder_DRV8874_A',
#19409,#19298);
#19353=PRODUCT_DEFINITION('2026-09-23-02-25-47-976','Holder_DRV8874_B',
#19410,#19298);
#19354=PRODUCT_DEFINITION('2026-09-23-02-47-40-739','Holder_ESP32',#19411,
#19298);
#19355=PRODUCT_DEFINITION('2026-09-23-21-12-34-593',
'FingerTech_Switch_Adapter',#19412,#19298);
#19356=PRODUCT_DEFINITION_FORMATION('',$,#19473);
#19357=PRODUCT_DEFINITION_FORMATION('',$,#19474);
#19358=PRODUCT_DEFINITION_FORMATION('',$,#19475);
#19359=PRODUCT_DEFINITION_FORMATION('',$,#19476);
#19360=PRODUCT_DEFINITION_FORMATION('',$,#19477);
#19361=PRODUCT_DEFINITION_FORMATION('',$,#19478);
#19362=PRODUCT_DEFINITION_FORMATION('',$,#19479);
#19363=PRODUCT_DEFINITION_FORMATION('',$,#19480);
#19364=PRODUCT_DEFINITION_FORMATION('',$,#19481);
#19365=PRODUCT_DEFINITION_FORMATION('',$,#19482);
#19366=PRODUCT_DEFINITION_FORMATION('',$,#19483);
#19367=PRODUCT_DEFINITION_FORMATION('',$,#19484);
#19368=PRODUCT_DEFINITION_FORMATION('',$,#19485);
#19369=PRODUCT_DEFINITION_FORMATION('',$,#19486);
#19370=PRODUCT_DEFINITION_FORMATION('',$,#19487);
#19371=PRODUCT_DEFINITION_FORMATION('',$,#19488);
#19372=PRODUCT_DEFINITION_FORMATION('',$,#19489);
#19373=PRODUCT_DEFINITION_FORMATION('',$,#19490);
#19374=PRODUCT_DEFINITION_FORMATION('',$,#19491);
#19375=PRODUCT_DEFINITION_FORMATION('',$,#19492);
#19376=PRODUCT_DEFINITION_FORMATION('',$,#19493);
#19377=PRODUCT_DEFINITION_FORMATION('',$,#19494);
#19378=PRODUCT_DEFINITION_FORMATION('',$,#19495);
#19379=PRODUCT_DEFINITION_FORMATION('',$,#19496);
#19380=PRODUCT_DEFINITION_FORMATION('',$,#19497);
#19381=PRODUCT_DEFINITION_FORMATION('',$,#19498);
#19382=PRODUCT_DEFINITION_FORMATION('',$,#19499);
#19383=PRODUCT_DEFINITION_FORMATION('',$,#19500);
#19384=PRODUCT_DEFINITION_FORMATION('',$,#19501);
#19385=PRODUCT_DEFINITION_FORMATION('',$,#19502);
#19386=PRODUCT_DEFINITION_FORMATION('',$,#19503);
#19387=PRODUCT_DEFINITION_FORMATION('',$,#19504);
#19388=PRODUCT_DEFINITION_FORMATION('',$,#19505);
#19389=PRODUCT_DEFINITION_FORMATION('',$,#19506);
#19390=PRODUCT_DEFINITION_FORMATION('',$,#19507);
#19391=PRODUCT_DEFINITION_FORMATION('',$,#19508);
#19392=PRODUCT_DEFINITION_FORMATION('',$,#19509);
#19393=PRODUCT_DEFINITION_FORMATION('',$,#19510);
#19394=PRODUCT_DEFINITION_FORMATION('',$,#19511);
#19395=PRODUCT_DEFINITION_FORMATION('',$,#19512);
#19396=PRODUCT_DEFINITION_FORMATION('',$,#19513);
#19397=PRODUCT_DEFINITION_FORMATION('',$,#19514);
#19398=PRODUCT_DEFINITION_FORMATION('',$,#19515);
#19399=PRODUCT_DEFINITION_FORMATION('',$,#19516);
#19400=PRODUCT_DEFINITION_FORMATION('',$,#19517);
#19401=PRODUCT_DEFINITION_FORMATION('',$,#19518);
#19402=PRODUCT_DEFINITION_FORMATION('',$,#19519);
#19403=PRODUCT_DEFINITION_FORMATION('',$,#19520);
#19404=PRODUCT_DEFINITION_FORMATION('',$,#19521);
#19405=PRODUCT_DEFINITION_FORMATION('',$,#19522);
#19406=PRODUCT_DEFINITION_FORMATION('',$,#19523);
#19407=PRODUCT_DEFINITION_FORMATION('',$,#19524);
#19408=PRODUCT_DEFINITION_FORMATION('',$,#19525);
#19409=PRODUCT_DEFINITION_FORMATION('',$,#19526);
#19410=PRODUCT_DEFINITION_FORMATION('',$,#19527);
#19411=PRODUCT_DEFINITION_FORMATION('',$,#19528);
#19412=PRODUCT_DEFINITION_FORMATION('',$,#19529);
#19413=PRODUCT_RELATED_PRODUCT_CATEGORY('robot2','robot2',(#19473));
#19414=PRODUCT_RELATED_PRODUCT_CATEGORY('01_Chassis','01_Chassis',(#19474));
#19415=PRODUCT_RELATED_PRODUCT_CATEGORY('Base_Plate_Al','Base_Plate_Al',
(#19475));
#19416=PRODUCT_RELATED_PRODUCT_CATEGORY('Left_Side_Plate_Al',
'Left_Side_Plate_Al',(#19476));
#19417=PRODUCT_RELATED_PRODUCT_CATEGORY('Right_Side_Plate_Al',
'Right_Side_Plate_Al',(#19477));
#19418=PRODUCT_RELATED_PRODUCT_CATEGORY('Top_Cover','Top_Cover',(#19478));
#19419=PRODUCT_RELATED_PRODUCT_CATEGORY('Front_Wedge_L','Front_Wedge_L',
(#19479));
#19420=PRODUCT_RELATED_PRODUCT_CATEGORY('Front_Wedge_R','Front_Wedge_R',
(#19480));
#19421=PRODUCT_RELATED_PRODUCT_CATEGORY('Standoffs_Fasteners',
'Standoffs_Fasteners',(#19481));
#19422=PRODUCT_RELATED_PRODUCT_CATEGORY('02_Drivetrain','02_Drivetrain',
(#19482));
#19423=PRODUCT_RELATED_PRODUCT_CATEGORY('Left_Wheel','Left_Wheel',(#19483));
#19424=PRODUCT_RELATED_PRODUCT_CATEGORY('Right_Wheel','Right_Wheel',(#19484));
#19425=PRODUCT_RELATED_PRODUCT_CATEGORY('TT_Gearbox_L','TT_Gearbox_L',(#19485));
#19426=PRODUCT_RELATED_PRODUCT_CATEGORY('TT_Motor_Can_L',
'TT_Motor_Can_L',(#19486));
#19427=PRODUCT_RELATED_PRODUCT_CATEGORY('TT_Gearbox_R','TT_Gearbox_R',(#19487));
#19428=PRODUCT_RELATED_PRODUCT_CATEGORY('TT_Motor_Can_R',
'TT_Motor_Can_R',(#19488));
#19429=PRODUCT_RELATED_PRODUCT_CATEGORY('TT_Motor_Mount_L',
'TT_Motor_Mount_L',(#19489));
#19430=PRODUCT_RELATED_PRODUCT_CATEGORY('TT_Motor_Clamp_L',
'TT_Motor_Clamp_L',(#19490));
#19431=PRODUCT_RELATED_PRODUCT_CATEGORY('TT_Motor_Mount_R',
'TT_Motor_Mount_R',(#19491));
#19432=PRODUCT_RELATED_PRODUCT_CATEGORY('TT_Motor_Clamp_R',
'TT_Motor_Clamp_R',(#19492));
#19433=PRODUCT_RELATED_PRODUCT_CATEGORY('03_Front_Spinner',
'03_Front_Spinner',(#19493));
#19434=PRODUCT_RELATED_PRODUCT_CATEGORY('Spinner_Shaft','Spinner_Shaft',
(#19494));
#19435=PRODUCT_RELATED_PRODUCT_CATEGORY('Left_Support','Left_Support',(#19495));
#19436=PRODUCT_RELATED_PRODUCT_CATEGORY('Right_Support','Right_Support',
(#19496));
#19437=PRODUCT_RELATED_PRODUCT_CATEGORY('Spinner_Motor','Spinner_Motor',
(#19497));
#19438=PRODUCT_RELATED_PRODUCT_CATEGORY('Spinner_Motor_Cradle',
'Spinner_Motor_Cradle',(#19498));
#19439=PRODUCT_RELATED_PRODUCT_CATEGORY('Weapon_Pulley','Weapon_Pulley',
(#19499));
#19440=PRODUCT_RELATED_PRODUCT_CATEGORY('Motor_Pulley','Motor_Pulley',(#19500));
#19441=PRODUCT_RELATED_PRODUCT_CATEGORY('ESC_Tekko32','ESC_Tekko32',(#19501));
#19442=PRODUCT_RELATED_PRODUCT_CATEGORY('Beater_Rotor_Concept',
'Beater_Rotor_Concept',(#19502));
#19443=PRODUCT_RELATED_PRODUCT_CATEGORY('05_Electronics',
'05_Electronics',(#19503));
#19444=PRODUCT_RELATED_PRODUCT_CATEGORY('Battery_and_Tray',
'Battery_and_Tray',(#19504));
#19445=PRODUCT_RELATED_PRODUCT_CATEGORY('Rx_ER6','Rx_ER6',(#19505));
#19446=PRODUCT_RELATED_PRODUCT_CATEGORY('UBEC_5A','UBEC_5A',(#19506));
#19447=PRODUCT_RELATED_PRODUCT_CATEGORY('DRV8874_A','DRV8874_A',(#19507));
#19448=PRODUCT_RELATED_PRODUCT_CATEGORY('DRV8874_B','DRV8874_B',(#19508));
#19449=PRODUCT_RELATED_PRODUCT_CATEGORY('ESP32_DevKit','ESP32_DevKit',(#19509));
#19450=PRODUCT_RELATED_PRODUCT_CATEGORY(
'FingerTech_Mini_Switch_Envelope','FingerTech_Mini_Switch_Envelope',(#19510));
#19451=PRODUCT_RELATED_PRODUCT_CATEGORY('06_3D_Printed','06_3D_Printed',
(#19511));
#19452=PRODUCT_RELATED_PRODUCT_CATEGORY('Wire_Clips','Wire_Clips',(#19512));
#19453=PRODUCT_RELATED_PRODUCT_CATEGORY('Non_Structural_Covers',
'Non_Structural_Covers',(#19513));
#19454=PRODUCT_RELATED_PRODUCT_CATEGORY('Rear_Panel','Rear_Panel',(#19514));
#19455=PRODUCT_RELATED_PRODUCT_CATEGORY('TPU_Bumpers','TPU_Bumpers',(#19515));
#19456=PRODUCT_RELATED_PRODUCT_CATEGORY('Battery_Holder',
'Battery_Holder',(#19516));
#19457=PRODUCT_RELATED_PRODUCT_CATEGORY('Batt_Post_1','Batt_Post_1',(#19517));
#19458=PRODUCT_RELATED_PRODUCT_CATEGORY('Batt_Post_2','Batt_Post_2',(#19518));
#19459=PRODUCT_RELATED_PRODUCT_CATEGORY('Batt_Post_3','Batt_Post_3',(#19519));
#19460=PRODUCT_RELATED_PRODUCT_CATEGORY('Batt_Post_4','Batt_Post_4',(#19520));
#19461=PRODUCT_RELATED_PRODUCT_CATEGORY('Disconnect_Post_1',
'Disconnect_Post_1',(#19521));
#19462=PRODUCT_RELATED_PRODUCT_CATEGORY('Disconnect_Post_2',
'Disconnect_Post_2',(#19522));
#19463=PRODUCT_RELATED_PRODUCT_CATEGORY('Holder_ESC_Tekko32',
'Holder_ESC_Tekko32',(#19523));
#19464=PRODUCT_RELATED_PRODUCT_CATEGORY('Holder_Rx_ER6','Holder_Rx_ER6',
(#19524));
#19465=PRODUCT_RELATED_PRODUCT_CATEGORY('Holder_UBEC_5A',
'Holder_UBEC_5A',(#19525));
#19466=PRODUCT_RELATED_PRODUCT_CATEGORY('Holder_DRV8874_A',
'Holder_DRV8874_A',(#19526));
#19467=PRODUCT_RELATED_PRODUCT_CATEGORY('Holder_DRV8874_B',
'Holder_DRV8874_B',(#19527));
#19468=PRODUCT_RELATED_PRODUCT_CATEGORY('Holder_ESP32','Holder_ESP32',(#19528));
#19469=PRODUCT_RELATED_PRODUCT_CATEGORY('FingerTech_Switch_Adapter',
'FingerTech_Switch_Adapter',(#19529));
#19470=APPLICATION_PROTOCOL_DEFINITION('international standard',
'automotive_design',2009,#19471);
#19471=APPLICATION_CONTEXT(
'Core Data for Automotive Mechanical Design Process');
#19472=PRODUCT_CONTEXT('part definition',#19471,'mechanical');
#19473=PRODUCT('2026-09-22-20-04-37-960','robot2',$,(#19472));
#19474=PRODUCT('2026-09-22-20-04-48-798','01_Chassis',$,(#19472));
#19475=PRODUCT('2026-09-22-20-10-09-073','Base_Plate_Al',$,(#19472));
#19476=PRODUCT('2026-09-22-20-12-27-334','Left_Side_Plate_Al',$,(#19472));
#19477=PRODUCT('2026-09-22-20-12-27-362','Right_Side_Plate_Al',$,(#19472));
#19478=PRODUCT('2026-09-22-20-17-28-654','Top_Cover',$,(#19472));
#19479=PRODUCT('2026-09-22-21-16-08-475','Front_Wedge_L',$,(#19472));
#19480=PRODUCT('2026-09-22-21-16-09-075','Front_Wedge_R',$,(#19472));
#19481=PRODUCT('2026-09-22-21-40-15-382','Standoffs_Fasteners',$,(#19472));
#19482=PRODUCT('2026-09-22-20-04-48-802','02_Drivetrain',$,(#19472));
#19483=PRODUCT('2026-09-22-20-14-47-754','Left_Wheel',$,(#19472));
#19484=PRODUCT('2026-09-22-20-14-47-792','Right_Wheel',$,(#19472));
#19485=PRODUCT('2026-09-22-20-34-57-722','TT_Gearbox_L',$,(#19472));
#19486=PRODUCT('2026-09-22-20-34-57-795','TT_Motor_Can_L',$,(#19472));
#19487=PRODUCT('2026-09-22-20-34-57-849','TT_Gearbox_R',$,(#19472));
#19488=PRODUCT('2026-09-22-20-34-57-901','TT_Motor_Can_R',$,(#19472));
#19489=PRODUCT('2026-09-22-22-50-56-103','TT_Motor_Mount_L',$,(#19472));
#19490=PRODUCT('2026-09-22-22-50-56-432','TT_Motor_Clamp_L',$,(#19472));
#19491=PRODUCT('2026-09-22-22-50-56-745','TT_Motor_Mount_R',$,(#19472));
#19492=PRODUCT('2026-09-22-22-50-57-029','TT_Motor_Clamp_R',$,(#19472));
#19493=PRODUCT('2026-09-22-20-04-48-804','03_Front_Spinner',$,(#19472));
#19494=PRODUCT('2026-09-22-21-17-04-467','Spinner_Shaft',$,(#19472));
#19495=PRODUCT('2026-09-22-21-17-04-732','Left_Support',$,(#19472));
#19496=PRODUCT('2026-09-22-21-17-05-000','Right_Support',$,(#19472));
#19497=PRODUCT('2026-09-22-21-17-05-645','Spinner_Motor',$,(#19472));
#19498=PRODUCT('2026-09-22-22-28-33-537','Spinner_Motor_Cradle',$,(#19472));
#19499=PRODUCT('2026-09-23-02-03-55-828','Weapon_Pulley',$,(#19472));
#19500=PRODUCT('2026-09-23-02-03-56-507','Motor_Pulley',$,(#19472));
#19501=PRODUCT('2026-09-23-02-25-34-565','ESC_Tekko32',$,(#19472));
#19502=PRODUCT('2026-09-23-22-33-54-752','Beater_Rotor_Concept',$,(#19472));
#19503=PRODUCT('2026-09-22-20-04-48-807','05_Electronics',$,(#19472));
#19504=PRODUCT('2026-09-22-20-50-05-757','Battery_and_Tray',$,(#19472));
#19505=PRODUCT('2026-09-23-02-25-37-427','Rx_ER6',$,(#19472));
#19506=PRODUCT('2026-09-23-02-25-40-527','UBEC_5A',$,(#19472));
#19507=PRODUCT('2026-09-23-02-25-43-941','DRV8874_A',$,(#19472));
#19508=PRODUCT('2026-09-23-02-25-47-286','DRV8874_B',$,(#19472));
#19509=PRODUCT('2026-09-23-02-47-40-033','ESP32_DevKit',$,(#19472));
#19510=PRODUCT('2026-09-23-21-12-34-998',
'FingerTech_Mini_Switch_Envelope',$,(#19472));
#19511=PRODUCT('2026-09-22-20-04-48-809','06_3D_Printed',$,(#19472));
#19512=PRODUCT('2026-09-22-20-49-00-878','Wire_Clips',$,(#19472));
#19513=PRODUCT('2026-09-22-20-49-00-891','Non_Structural_Covers',$,(#19472));
#19514=PRODUCT('2026-09-22-23-34-46-416','Rear_Panel',$,(#19472));
#19515=PRODUCT('2026-09-22-20-49-00-904','TPU_Bumpers',$,(#19472));
#19516=PRODUCT('2026-09-22-21-42-45-679','Battery_Holder',$,(#19472));
#19517=PRODUCT('2026-09-22-23-22-03-101','Batt_Post_1',$,(#19472));
#19518=PRODUCT('2026-09-22-23-22-04-161','Batt_Post_2',$,(#19472));
#19519=PRODUCT('2026-09-22-23-22-05-011','Batt_Post_3',$,(#19472));
#19520=PRODUCT('2026-09-22-23-22-05-941','Batt_Post_4',$,(#19472));
#19521=PRODUCT('2026-09-22-23-30-32-609','Disconnect_Post_1',$,(#19472));
#19522=PRODUCT('2026-09-22-23-30-32-928','Disconnect_Post_2',$,(#19472));
#19523=PRODUCT('2026-09-23-02-25-35-125','Holder_ESC_Tekko32',$,(#19472));
#19524=PRODUCT('2026-09-23-02-25-38-082','Holder_Rx_ER6',$,(#19472));
#19525=PRODUCT('2026-09-23-02-25-41-161','Holder_UBEC_5A',$,(#19472));
#19526=PRODUCT('2026-09-23-02-25-44-578','Holder_DRV8874_A',$,(#19472));
#19527=PRODUCT('2026-09-23-02-25-47-976','Holder_DRV8874_B',$,(#19472));
#19528=PRODUCT('2026-09-23-02-47-40-739','Holder_ESP32',$,(#19472));
#19529=PRODUCT('2026-09-23-21-12-34-593','FingerTech_Switch_Adapter',$,
(#19472));
#19530=PRESENTATION_STYLE_ASSIGNMENT((#19534));
#19531=PRESENTATION_STYLE_ASSIGNMENT((#19535));
#19532=PRESENTATION_STYLE_ASSIGNMENT((#19536));
#19533=PRESENTATION_STYLE_ASSIGNMENT((#19537));
#19534=SURFACE_STYLE_USAGE(.BOTH.,#19538);
#19535=SURFACE_STYLE_USAGE(.BOTH.,#19539);
#19536=SURFACE_STYLE_USAGE(.BOTH.,#19540);
#19537=SURFACE_STYLE_USAGE(.BOTH.,#19541);
#19538=SURFACE_SIDE_STYLE('',(#19542));
#19539=SURFACE_SIDE_STYLE('',(#19543));
#19540=SURFACE_SIDE_STYLE('',(#19544));
#19541=SURFACE_SIDE_STYLE('',(#19545));
#19542=SURFACE_STYLE_FILL_AREA(#19546);
#19543=SURFACE_STYLE_FILL_AREA(#19547);
#19544=SURFACE_STYLE_FILL_AREA(#19548);
#19545=SURFACE_STYLE_FILL_AREA(#19549);
#19546=FILL_AREA_STYLE('Steel - Satin',(#19550));
#19547=FILL_AREA_STYLE('Aluminum - Satin',(#19551));
#19548=FILL_AREA_STYLE('Nylon 6-6 (White)',(#19552));
#19549=FILL_AREA_STYLE('ABS (White)',(#19553));
#19550=FILL_AREA_STYLE_COLOUR('Steel - Satin',#19554);
#19551=FILL_AREA_STYLE_COLOUR('Aluminum - Satin',#19555);
#19552=FILL_AREA_STYLE_COLOUR('Nylon 6-6 (White)',#19556);
#19553=FILL_AREA_STYLE_COLOUR('ABS (White)',#19557);
#19554=COLOUR_RGB('Steel - Satin',0.627450980392157,0.627450980392157,0.627450980392157);
#19555=COLOUR_RGB('Aluminum - Satin',0.96078431372549,0.96078431372549,
0.964705882352941);
#19556=COLOUR_RGB('Nylon 6-6 (White)',0.972549019607843,0.968627450980392,
0.929411764705882);
#19557=COLOUR_RGB('ABS (White)',0.964705882352941,0.964705882352941,0.952941176470588);
ENDSEC;
END-ISO-10303-21;
