ISO-10303-21;
HEADER;
/* Generated by software containing ST-Developer
 * from STEP Tools, Inc. (www.steptools.com) 
 */

FILE_DESCRIPTION(
/* description */ (''),
/* implementation_level */ '2;1');

FILE_NAME(
/* name */ 'robot2_items_1_3_active_lifter_2026-10-01.step',
/* time_stamp */ '2026-10-01T19:27:09+07:00',
/* author */ (''),
/* organization */ (''),
/* preprocessor_version */ 'ST-DEVELOPER v20.2',
/* originating_system */ 'Autodesk Translation Framework v15.15.0.0',
/* authorisation */ '');

FILE_SCHEMA (('AUTOMOTIVE_DESIGN { 1 0 10303 214 3 1 1 }'));
ENDSEC;

DATA;
#10=MECHANICAL_DESIGN_GEOMETRIC_PRESENTATION_REPRESENTATION('',(#413,#414,
#415,#416,#417,#418,#419,#420,#421,#422,#423,#424,#425,#426,#427,#428,#429,
#430,#431,#432,#433,#434,#435,#436,#437,#438,#439,#440,#441,#442,#443,#444,
#445,#446,#447,#448,#449,#450,#451,#452,#453,#454,#455,#456,#457,#458,#459,
#460,#461,#462,#463,#464,#465,#466,#467,#468,#469,#470,#471,#472,#473),
#19351);
#11=ITEM_DEFINED_TRANSFORMATION($,$,#11486,#11828);
#12=ITEM_DEFINED_TRANSFORMATION($,$,#11655,#11829);
#13=ITEM_DEFINED_TRANSFORMATION($,$,#11678,#11830);
#14=ITEM_DEFINED_TRANSFORMATION($,$,#11701,#11831);
#15=ITEM_DEFINED_TRANSFORMATION($,$,#11729,#11832);
#16=ITEM_DEFINED_TRANSFORMATION($,$,#11749,#11833);
#17=ITEM_DEFINED_TRANSFORMATION($,$,#11769,#11834);
#18=ITEM_DEFINED_TRANSFORMATION($,$,#11836,#11876);
#19=ITEM_DEFINED_TRANSFORMATION($,$,#11856,#11877);
#20=ITEM_DEFINED_TRANSFORMATION($,$,#11879,#11920);
#21=ITEM_DEFINED_TRANSFORMATION($,$,#11886,#11921);
#22=ITEM_DEFINED_TRANSFORMATION($,$,#11893,#11922);
#23=ITEM_DEFINED_TRANSFORMATION($,$,#11900,#11923);
#24=ITEM_DEFINED_TRANSFORMATION($,$,#11913,#11924);
#25=ITEM_DEFINED_TRANSFORMATION($,$,#11928,#11947);
#26=ITEM_DEFINED_TRANSFORMATION($,$,#11926,#12135);
#27=ITEM_DEFINED_TRANSFORMATION($,$,#11927,#12136);
#28=ITEM_DEFINED_TRANSFORMATION($,$,#11948,#12137);
#29=ITEM_DEFINED_TRANSFORMATION($,$,#11949,#12138);
#30=ITEM_DEFINED_TRANSFORMATION($,$,#11988,#12139);
#31=ITEM_DEFINED_TRANSFORMATION($,$,#12002,#12140);
#32=ITEM_DEFINED_TRANSFORMATION($,$,#12016,#12141);
#33=ITEM_DEFINED_TRANSFORMATION($,$,#12030,#12142);
#34=ITEM_DEFINED_TRANSFORMATION($,$,#12044,#12143);
#35=ITEM_DEFINED_TRANSFORMATION($,$,#12058,#12144);
#36=ITEM_DEFINED_TRANSFORMATION($,$,#12072,#12145);
#37=ITEM_DEFINED_TRANSFORMATION($,$,#12094,#12146);
#38=ITEM_DEFINED_TRANSFORMATION($,$,#12116,#12147);
#39=ITEM_DEFINED_TRANSFORMATION($,$,#12149,#12387);
#40=ITEM_DEFINED_TRANSFORMATION($,$,#12156,#12388);
#41=ITEM_DEFINED_TRANSFORMATION($,$,#12175,#12389);
#42=ITEM_DEFINED_TRANSFORMATION($,$,#12195,#12390);
#43=ITEM_DEFINED_TRANSFORMATION($,$,#12215,#12391);
#44=ITEM_DEFINED_TRANSFORMATION($,$,#12237,#12392);
#45=ITEM_DEFINED_TRANSFORMATION($,$,#12248,#12393);
#46=ITEM_DEFINED_TRANSFORMATION($,$,#12255,#12394);
#47=ITEM_DEFINED_TRANSFORMATION($,$,#12262,#12395);
#48=ITEM_DEFINED_TRANSFORMATION($,$,#12275,#12396);
#49=ITEM_DEFINED_TRANSFORMATION($,$,#12288,#12397);
#50=ITEM_DEFINED_TRANSFORMATION($,$,#12295,#12398);
#51=ITEM_DEFINED_TRANSFORMATION($,$,#12310,#12399);
#52=ITEM_DEFINED_TRANSFORMATION($,$,#12320,#12400);
#53=ITEM_DEFINED_TRANSFORMATION($,$,#12330,#12401);
#54=ITEM_DEFINED_TRANSFORMATION($,$,#12345,#12402);
#55=ITEM_DEFINED_TRANSFORMATION($,$,#12355,#12403);
#56=ITEM_DEFINED_TRANSFORMATION($,$,#12365,#12404);
#57=ITEM_DEFINED_TRANSFORMATION($,$,#12376,#12405);
#58=ITEM_DEFINED_TRANSFORMATION($,$,#12407,#12569);
#59=ITEM_DEFINED_TRANSFORMATION($,$,#12413,#12570);
#60=ITEM_DEFINED_TRANSFORMATION($,$,#12419,#12571);
#61=ITEM_DEFINED_TRANSFORMATION($,$,#12441,#12572);
#62=ITEM_DEFINED_TRANSFORMATION($,$,#12473,#12573);
#63=ITEM_DEFINED_TRANSFORMATION($,$,#12488,#12574);
#64=ITEM_DEFINED_TRANSFORMATION($,$,#12494,#12575);
#65=ITEM_DEFINED_TRANSFORMATION($,$,#12500,#12576);
#66=ITEM_DEFINED_TRANSFORMATION($,$,#12522,#12577);
#67=ITEM_DEFINED_TRANSFORMATION($,$,#12554,#12578);
#68=ITEM_DEFINED_TRANSFORMATION($,$,#12580,#12610);
#69=ITEM_DEFINED_TRANSFORMATION($,$,#12595,#12611);
#70=ITEM_DEFINED_TRANSFORMATION($,$,#11485,#12612);
#71=ITEM_DEFINED_TRANSFORMATION($,$,#11835,#12613);
#72=ITEM_DEFINED_TRANSFORMATION($,$,#11878,#12614);
#73=ITEM_DEFINED_TRANSFORMATION($,$,#11925,#12615);
#74=ITEM_DEFINED_TRANSFORMATION($,$,#12148,#12616);
#75=ITEM_DEFINED_TRANSFORMATION($,$,#12406,#12617);
#76=ITEM_DEFINED_TRANSFORMATION($,$,#12579,#12618);
#77=(
REPRESENTATION_RELATIONSHIP($,$,#19558,#19557)
REPRESENTATION_RELATIONSHIP_WITH_TRANSFORMATION(#11)
SHAPE_REPRESENTATION_RELATIONSHIP()
);
#78=(
REPRESENTATION_RELATIONSHIP($,$,#19559,#19557)
REPRESENTATION_RELATIONSHIP_WITH_TRANSFORMATION(#12)
SHAPE_REPRESENTATION_RELATIONSHIP()
);
#79=(
REPRESENTATION_RELATIONSHIP($,$,#19560,#19557)
REPRESENTATION_RELATIONSHIP_WITH_TRANSFORMATION(#13)
SHAPE_REPRESENTATION_RELATIONSHIP()
);
#80=(
REPRESENTATION_RELATIONSHIP($,$,#19561,#19557)
REPRESENTATION_RELATIONSHIP_WITH_TRANSFORMATION(#14)
SHAPE_REPRESENTATION_RELATIONSHIP()
);
#81=(
REPRESENTATION_RELATIONSHIP($,$,#19562,#19557)
REPRESENTATION_RELATIONSHIP_WITH_TRANSFORMATION(#15)
SHAPE_REPRESENTATION_RELATIONSHIP()
);
#82=(
REPRESENTATION_RELATIONSHIP($,$,#19563,#19557)
REPRESENTATION_RELATIONSHIP_WITH_TRANSFORMATION(#16)
SHAPE_REPRESENTATION_RELATIONSHIP()
);
#83=(
REPRESENTATION_RELATIONSHIP($,$,#19564,#19557)
REPRESENTATION_RELATIONSHIP_WITH_TRANSFORMATION(#17)
SHAPE_REPRESENTATION_RELATIONSHIP()
);
#84=(
REPRESENTATION_RELATIONSHIP($,$,#19566,#19565)
REPRESENTATION_RELATIONSHIP_WITH_TRANSFORMATION(#18)
SHAPE_REPRESENTATION_RELATIONSHIP()
);
#85=(
REPRESENTATION_RELATIONSHIP($,$,#19567,#19565)
REPRESENTATION_RELATIONSHIP_WITH_TRANSFORMATION(#19)
SHAPE_REPRESENTATION_RELATIONSHIP()
);
#86=(
REPRESENTATION_RELATIONSHIP($,$,#19569,#19568)
REPRESENTATION_RELATIONSHIP_WITH_TRANSFORMATION(#20)
SHAPE_REPRESENTATION_RELATIONSHIP()
);
#87=(
REPRESENTATION_RELATIONSHIP($,$,#19570,#19568)
REPRESENTATION_RELATIONSHIP_WITH_TRANSFORMATION(#21)
SHAPE_REPRESENTATION_RELATIONSHIP()
);
#88=(
REPRESENTATION_RELATIONSHIP($,$,#19571,#19568)
REPRESENTATION_RELATIONSHIP_WITH_TRANSFORMATION(#22)
SHAPE_REPRESENTATION_RELATIONSHIP()
);
#89=(
REPRESENTATION_RELATIONSHIP($,$,#19572,#19568)
REPRESENTATION_RELATIONSHIP_WITH_TRANSFORMATION(#23)
SHAPE_REPRESENTATION_RELATIONSHIP()
);
#90=(
REPRESENTATION_RELATIONSHIP($,$,#19573,#19568)
REPRESENTATION_RELATIONSHIP_WITH_TRANSFORMATION(#24)
SHAPE_REPRESENTATION_RELATIONSHIP()
);
#91=(
REPRESENTATION_RELATIONSHIP($,$,#19577,#19576)
REPRESENTATION_RELATIONSHIP_WITH_TRANSFORMATION(#25)
SHAPE_REPRESENTATION_RELATIONSHIP()
);
#92=(
REPRESENTATION_RELATIONSHIP($,$,#19575,#19574)
REPRESENTATION_RELATIONSHIP_WITH_TRANSFORMATION(#26)
SHAPE_REPRESENTATION_RELATIONSHIP()
);
#93=(
REPRESENTATION_RELATIONSHIP($,$,#19576,#19574)
REPRESENTATION_RELATIONSHIP_WITH_TRANSFORMATION(#27)
SHAPE_REPRESENTATION_RELATIONSHIP()
);
#94=(
REPRESENTATION_RELATIONSHIP($,$,#19578,#19574)
REPRESENTATION_RELATIONSHIP_WITH_TRANSFORMATION(#28)
SHAPE_REPRESENTATION_RELATIONSHIP()
);
#95=(
REPRESENTATION_RELATIONSHIP($,$,#19579,#19574)
REPRESENTATION_RELATIONSHIP_WITH_TRANSFORMATION(#29)
SHAPE_REPRESENTATION_RELATIONSHIP()
);
#96=(
REPRESENTATION_RELATIONSHIP($,$,#19580,#19574)
REPRESENTATION_RELATIONSHIP_WITH_TRANSFORMATION(#30)
SHAPE_REPRESENTATION_RELATIONSHIP()
);
#97=(
REPRESENTATION_RELATIONSHIP($,$,#19581,#19574)
REPRESENTATION_RELATIONSHIP_WITH_TRANSFORMATION(#31)
SHAPE_REPRESENTATION_RELATIONSHIP()
);
#98=(
REPRESENTATION_RELATIONSHIP($,$,#19582,#19574)
REPRESENTATION_RELATIONSHIP_WITH_TRANSFORMATION(#32)
SHAPE_REPRESENTATION_RELATIONSHIP()
);
#99=(
REPRESENTATION_RELATIONSHIP($,$,#19583,#19574)
REPRESENTATION_RELATIONSHIP_WITH_TRANSFORMATION(#33)
SHAPE_REPRESENTATION_RELATIONSHIP()
);
#100=(
REPRESENTATION_RELATIONSHIP($,$,#19584,#19574)
REPRESENTATION_RELATIONSHIP_WITH_TRANSFORMATION(#34)
SHAPE_REPRESENTATION_RELATIONSHIP()
);
#101=(
REPRESENTATION_RELATIONSHIP($,$,#19585,#19574)
REPRESENTATION_RELATIONSHIP_WITH_TRANSFORMATION(#35)
SHAPE_REPRESENTATION_RELATIONSHIP()
);
#102=(
REPRESENTATION_RELATIONSHIP($,$,#19586,#19574)
REPRESENTATION_RELATIONSHIP_WITH_TRANSFORMATION(#36)
SHAPE_REPRESENTATION_RELATIONSHIP()
);
#103=(
REPRESENTATION_RELATIONSHIP($,$,#19587,#19574)
REPRESENTATION_RELATIONSHIP_WITH_TRANSFORMATION(#37)
SHAPE_REPRESENTATION_RELATIONSHIP()
);
#104=(
REPRESENTATION_RELATIONSHIP($,$,#19588,#19574)
REPRESENTATION_RELATIONSHIP_WITH_TRANSFORMATION(#38)
SHAPE_REPRESENTATION_RELATIONSHIP()
);
#105=(
REPRESENTATION_RELATIONSHIP($,$,#19590,#19589)
REPRESENTATION_RELATIONSHIP_WITH_TRANSFORMATION(#39)
SHAPE_REPRESENTATION_RELATIONSHIP()
);
#106=(
REPRESENTATION_RELATIONSHIP($,$,#19591,#19589)
REPRESENTATION_RELATIONSHIP_WITH_TRANSFORMATION(#40)
SHAPE_REPRESENTATION_RELATIONSHIP()
);
#107=(
REPRESENTATION_RELATIONSHIP($,$,#19592,#19589)
REPRESENTATION_RELATIONSHIP_WITH_TRANSFORMATION(#41)
SHAPE_REPRESENTATION_RELATIONSHIP()
);
#108=(
REPRESENTATION_RELATIONSHIP($,$,#19593,#19589)
REPRESENTATION_RELATIONSHIP_WITH_TRANSFORMATION(#42)
SHAPE_REPRESENTATION_RELATIONSHIP()
);
#109=(
REPRESENTATION_RELATIONSHIP($,$,#19594,#19589)
REPRESENTATION_RELATIONSHIP_WITH_TRANSFORMATION(#43)
SHAPE_REPRESENTATION_RELATIONSHIP()
);
#110=(
REPRESENTATION_RELATIONSHIP($,$,#19595,#19589)
REPRESENTATION_RELATIONSHIP_WITH_TRANSFORMATION(#44)
SHAPE_REPRESENTATION_RELATIONSHIP()
);
#111=(
REPRESENTATION_RELATIONSHIP($,$,#19596,#19589)
REPRESENTATION_RELATIONSHIP_WITH_TRANSFORMATION(#45)
SHAPE_REPRESENTATION_RELATIONSHIP()
);
#112=(
REPRESENTATION_RELATIONSHIP($,$,#19597,#19589)
REPRESENTATION_RELATIONSHIP_WITH_TRANSFORMATION(#46)
SHAPE_REPRESENTATION_RELATIONSHIP()
);
#113=(
REPRESENTATION_RELATIONSHIP($,$,#19598,#19589)
REPRESENTATION_RELATIONSHIP_WITH_TRANSFORMATION(#47)
SHAPE_REPRESENTATION_RELATIONSHIP()
);
#114=(
REPRESENTATION_RELATIONSHIP($,$,#19599,#19589)
REPRESENTATION_RELATIONSHIP_WITH_TRANSFORMATION(#48)
SHAPE_REPRESENTATION_RELATIONSHIP()
);
#115=(
REPRESENTATION_RELATIONSHIP($,$,#19600,#19589)
REPRESENTATION_RELATIONSHIP_WITH_TRANSFORMATION(#49)
SHAPE_REPRESENTATION_RELATIONSHIP()
);
#116=(
REPRESENTATION_RELATIONSHIP($,$,#19601,#19589)
REPRESENTATION_RELATIONSHIP_WITH_TRANSFORMATION(#50)
SHAPE_REPRESENTATION_RELATIONSHIP()
);
#117=(
REPRESENTATION_RELATIONSHIP($,$,#19602,#19589)
REPRESENTATION_RELATIONSHIP_WITH_TRANSFORMATION(#51)
SHAPE_REPRESENTATION_RELATIONSHIP()
);
#118=(
REPRESENTATION_RELATIONSHIP($,$,#19603,#19589)
REPRESENTATION_RELATIONSHIP_WITH_TRANSFORMATION(#52)
SHAPE_REPRESENTATION_RELATIONSHIP()
);
#119=(
REPRESENTATION_RELATIONSHIP($,$,#19604,#19589)
REPRESENTATION_RELATIONSHIP_WITH_TRANSFORMATION(#53)
SHAPE_REPRESENTATION_RELATIONSHIP()
);
#120=(
REPRESENTATION_RELATIONSHIP($,$,#19605,#19589)
REPRESENTATION_RELATIONSHIP_WITH_TRANSFORMATION(#54)
SHAPE_REPRESENTATION_RELATIONSHIP()
);
#121=(
REPRESENTATION_RELATIONSHIP($,$,#19606,#19589)
REPRESENTATION_RELATIONSHIP_WITH_TRANSFORMATION(#55)
SHAPE_REPRESENTATION_RELATIONSHIP()
);
#122=(
REPRESENTATION_RELATIONSHIP($,$,#19607,#19589)
REPRESENTATION_RELATIONSHIP_WITH_TRANSFORMATION(#56)
SHAPE_REPRESENTATION_RELATIONSHIP()
);
#123=(
REPRESENTATION_RELATIONSHIP($,$,#19608,#19589)
REPRESENTATION_RELATIONSHIP_WITH_TRANSFORMATION(#57)
SHAPE_REPRESENTATION_RELATIONSHIP()
);
#124=(
REPRESENTATION_RELATIONSHIP($,$,#19610,#19609)
REPRESENTATION_RELATIONSHIP_WITH_TRANSFORMATION(#58)
SHAPE_REPRESENTATION_RELATIONSHIP()
);
#125=(
REPRESENTATION_RELATIONSHIP($,$,#19611,#19609)
REPRESENTATION_RELATIONSHIP_WITH_TRANSFORMATION(#59)
SHAPE_REPRESENTATION_RELATIONSHIP()
);
#126=(
REPRESENTATION_RELATIONSHIP($,$,#19612,#19609)
REPRESENTATION_RELATIONSHIP_WITH_TRANSFORMATION(#60)
SHAPE_REPRESENTATION_RELATIONSHIP()
);
#127=(
REPRESENTATION_RELATIONSHIP($,$,#19613,#19609)
REPRESENTATION_RELATIONSHIP_WITH_TRANSFORMATION(#61)
SHAPE_REPRESENTATION_RELATIONSHIP()
);
#128=(
REPRESENTATION_RELATIONSHIP($,$,#19614,#19609)
REPRESENTATION_RELATIONSHIP_WITH_TRANSFORMATION(#62)
SHAPE_REPRESENTATION_RELATIONSHIP()
);
#129=(
REPRESENTATION_RELATIONSHIP($,$,#19615,#19609)
REPRESENTATION_RELATIONSHIP_WITH_TRANSFORMATION(#63)
SHAPE_REPRESENTATION_RELATIONSHIP()
);
#130=(
REPRESENTATION_RELATIONSHIP($,$,#19616,#19609)
REPRESENTATION_RELATIONSHIP_WITH_TRANSFORMATION(#64)
SHAPE_REPRESENTATION_RELATIONSHIP()
);
#131=(
REPRESENTATION_RELATIONSHIP($,$,#19617,#19609)
REPRESENTATION_RELATIONSHIP_WITH_TRANSFORMATION(#65)
SHAPE_REPRESENTATION_RELATIONSHIP()
);
#132=(
REPRESENTATION_RELATIONSHIP($,$,#19618,#19609)
REPRESENTATION_RELATIONSHIP_WITH_TRANSFORMATION(#66)
SHAPE_REPRESENTATION_RELATIONSHIP()
);
#133=(
REPRESENTATION_RELATIONSHIP($,$,#19619,#19609)
REPRESENTATION_RELATIONSHIP_WITH_TRANSFORMATION(#67)
SHAPE_REPRESENTATION_RELATIONSHIP()
);
#134=(
REPRESENTATION_RELATIONSHIP($,$,#19621,#19620)
REPRESENTATION_RELATIONSHIP_WITH_TRANSFORMATION(#68)
SHAPE_REPRESENTATION_RELATIONSHIP()
);
#135=(
REPRESENTATION_RELATIONSHIP($,$,#19622,#19620)
REPRESENTATION_RELATIONSHIP_WITH_TRANSFORMATION(#69)
SHAPE_REPRESENTATION_RELATIONSHIP()
);
#136=(
REPRESENTATION_RELATIONSHIP($,$,#19557,#19556)
REPRESENTATION_RELATIONSHIP_WITH_TRANSFORMATION(#70)
SHAPE_REPRESENTATION_RELATIONSHIP()
);
#137=(
REPRESENTATION_RELATIONSHIP($,$,#19565,#19556)
REPRESENTATION_RELATIONSHIP_WITH_TRANSFORMATION(#71)
SHAPE_REPRESENTATION_RELATIONSHIP()
);
#138=(
REPRESENTATION_RELATIONSHIP($,$,#19568,#19556)
REPRESENTATION_RELATIONSHIP_WITH_TRANSFORMATION(#72)
SHAPE_REPRESENTATION_RELATIONSHIP()
);
#139=(
REPRESENTATION_RELATIONSHIP($,$,#19574,#19556)
REPRESENTATION_RELATIONSHIP_WITH_TRANSFORMATION(#73)
SHAPE_REPRESENTATION_RELATIONSHIP()
);
#140=(
REPRESENTATION_RELATIONSHIP($,$,#19589,#19556)
REPRESENTATION_RELATIONSHIP_WITH_TRANSFORMATION(#74)
SHAPE_REPRESENTATION_RELATIONSHIP()
);
#141=(
REPRESENTATION_RELATIONSHIP($,$,#19609,#19556)
REPRESENTATION_RELATIONSHIP_WITH_TRANSFORMATION(#75)
SHAPE_REPRESENTATION_RELATIONSHIP()
);
#142=(
REPRESENTATION_RELATIONSHIP($,$,#19620,#19556)
REPRESENTATION_RELATIONSHIP_WITH_TRANSFORMATION(#76)
SHAPE_REPRESENTATION_RELATIONSHIP()
);
#143=CONTEXT_DEPENDENT_SHAPE_REPRESENTATION(#77,#19432);
#144=CONTEXT_DEPENDENT_SHAPE_REPRESENTATION(#78,#19433);
#145=CONTEXT_DEPENDENT_SHAPE_REPRESENTATION(#79,#19434);
#146=CONTEXT_DEPENDENT_SHAPE_REPRESENTATION(#80,#19435);
#147=CONTEXT_DEPENDENT_SHAPE_REPRESENTATION(#81,#19436);
#148=CONTEXT_DEPENDENT_SHAPE_REPRESENTATION(#82,#19437);
#149=CONTEXT_DEPENDENT_SHAPE_REPRESENTATION(#83,#19438);
#150=CONTEXT_DEPENDENT_SHAPE_REPRESENTATION(#84,#19442);
#151=CONTEXT_DEPENDENT_SHAPE_REPRESENTATION(#85,#19443);
#152=CONTEXT_DEPENDENT_SHAPE_REPRESENTATION(#86,#19450);
#153=CONTEXT_DEPENDENT_SHAPE_REPRESENTATION(#87,#19451);
#154=CONTEXT_DEPENDENT_SHAPE_REPRESENTATION(#88,#19452);
#155=CONTEXT_DEPENDENT_SHAPE_REPRESENTATION(#89,#19453);
#156=CONTEXT_DEPENDENT_SHAPE_REPRESENTATION(#90,#19454);
#157=CONTEXT_DEPENDENT_SHAPE_REPRESENTATION(#91,#19459);
#158=CONTEXT_DEPENDENT_SHAPE_REPRESENTATION(#92,#19471);
#159=CONTEXT_DEPENDENT_SHAPE_REPRESENTATION(#93,#19472);
#160=CONTEXT_DEPENDENT_SHAPE_REPRESENTATION(#94,#19473);
#161=CONTEXT_DEPENDENT_SHAPE_REPRESENTATION(#95,#19474);
#162=CONTEXT_DEPENDENT_SHAPE_REPRESENTATION(#96,#19475);
#163=CONTEXT_DEPENDENT_SHAPE_REPRESENTATION(#97,#19476);
#164=CONTEXT_DEPENDENT_SHAPE_REPRESENTATION(#98,#19477);
#165=CONTEXT_DEPENDENT_SHAPE_REPRESENTATION(#99,#19478);
#166=CONTEXT_DEPENDENT_SHAPE_REPRESENTATION(#100,#19479);
#167=CONTEXT_DEPENDENT_SHAPE_REPRESENTATION(#101,#19480);
#168=CONTEXT_DEPENDENT_SHAPE_REPRESENTATION(#102,#19481);
#169=CONTEXT_DEPENDENT_SHAPE_REPRESENTATION(#103,#19482);
#170=CONTEXT_DEPENDENT_SHAPE_REPRESENTATION(#104,#19483);
#171=CONTEXT_DEPENDENT_SHAPE_REPRESENTATION(#105,#19504);
#172=CONTEXT_DEPENDENT_SHAPE_REPRESENTATION(#106,#19505);
#173=CONTEXT_DEPENDENT_SHAPE_REPRESENTATION(#107,#19506);
#174=CONTEXT_DEPENDENT_SHAPE_REPRESENTATION(#108,#19507);
#175=CONTEXT_DEPENDENT_SHAPE_REPRESENTATION(#109,#19508);
#176=CONTEXT_DEPENDENT_SHAPE_REPRESENTATION(#110,#19509);
#177=CONTEXT_DEPENDENT_SHAPE_REPRESENTATION(#111,#19510);
#178=CONTEXT_DEPENDENT_SHAPE_REPRESENTATION(#112,#19511);
#179=CONTEXT_DEPENDENT_SHAPE_REPRESENTATION(#113,#19512);
#180=CONTEXT_DEPENDENT_SHAPE_REPRESENTATION(#114,#19513);
#181=CONTEXT_DEPENDENT_SHAPE_REPRESENTATION(#115,#19514);
#182=CONTEXT_DEPENDENT_SHAPE_REPRESENTATION(#116,#19515);
#183=CONTEXT_DEPENDENT_SHAPE_REPRESENTATION(#117,#19516);
#184=CONTEXT_DEPENDENT_SHAPE_REPRESENTATION(#118,#19517);
#185=CONTEXT_DEPENDENT_SHAPE_REPRESENTATION(#119,#19518);
#186=CONTEXT_DEPENDENT_SHAPE_REPRESENTATION(#120,#19519);
#187=CONTEXT_DEPENDENT_SHAPE_REPRESENTATION(#121,#19520);
#188=CONTEXT_DEPENDENT_SHAPE_REPRESENTATION(#122,#19521);
#189=CONTEXT_DEPENDENT_SHAPE_REPRESENTATION(#123,#19522);
#190=CONTEXT_DEPENDENT_SHAPE_REPRESENTATION(#124,#19534);
#191=CONTEXT_DEPENDENT_SHAPE_REPRESENTATION(#125,#19535);
#192=CONTEXT_DEPENDENT_SHAPE_REPRESENTATION(#126,#19536);
#193=CONTEXT_DEPENDENT_SHAPE_REPRESENTATION(#127,#19537);
#194=CONTEXT_DEPENDENT_SHAPE_REPRESENTATION(#128,#19538);
#195=CONTEXT_DEPENDENT_SHAPE_REPRESENTATION(#129,#19539);
#196=CONTEXT_DEPENDENT_SHAPE_REPRESENTATION(#130,#19540);
#197=CONTEXT_DEPENDENT_SHAPE_REPRESENTATION(#131,#19541);
#198=CONTEXT_DEPENDENT_SHAPE_REPRESENTATION(#132,#19542);
#199=CONTEXT_DEPENDENT_SHAPE_REPRESENTATION(#133,#19543);
#200=CONTEXT_DEPENDENT_SHAPE_REPRESENTATION(#134,#19547);
#201=CONTEXT_DEPENDENT_SHAPE_REPRESENTATION(#135,#19548);
#202=CONTEXT_DEPENDENT_SHAPE_REPRESENTATION(#136,#19549);
#203=CONTEXT_DEPENDENT_SHAPE_REPRESENTATION(#137,#19550);
#204=CONTEXT_DEPENDENT_SHAPE_REPRESENTATION(#138,#19551);
#205=CONTEXT_DEPENDENT_SHAPE_REPRESENTATION(#139,#19552);
#206=CONTEXT_DEPENDENT_SHAPE_REPRESENTATION(#140,#19553);
#207=CONTEXT_DEPENDENT_SHAPE_REPRESENTATION(#141,#19554);
#208=CONTEXT_DEPENDENT_SHAPE_REPRESENTATION(#142,#19555);
#209=NEXT_ASSEMBLY_USAGE_OCCURRENCE('Base_Plate_Al:1','Base_Plate_Al:1',
'Base_Plate_Al:1',#19625,#19626,'Base_Plate_Al:1');
#210=NEXT_ASSEMBLY_USAGE_OCCURRENCE('Left_Side_Plate_Al:1',
'Left_Side_Plate_Al:1','Left_Side_Plate_Al:1',#19625,#19627,
'Left_Side_Plate_Al:1');
#211=NEXT_ASSEMBLY_USAGE_OCCURRENCE('Right_Side_Plate_Al:1',
'Right_Side_Plate_Al:1','Right_Side_Plate_Al:1',#19625,#19628,
'Right_Side_Plate_Al:1');
#212=NEXT_ASSEMBLY_USAGE_OCCURRENCE('Top_Cover:1','Top_Cover:1',
'Top_Cover:1',#19625,#19629,'Top_Cover:1');
#213=NEXT_ASSEMBLY_USAGE_OCCURRENCE('Front_Wedge_L:1','Front_Wedge_L:1',
'Front_Wedge_L:1',#19625,#19630,'Front_Wedge_L:1');
#214=NEXT_ASSEMBLY_USAGE_OCCURRENCE('Front_Wedge_R:1','Front_Wedge_R:1',
'Front_Wedge_R:1',#19625,#19631,'Front_Wedge_R:1');
#215=NEXT_ASSEMBLY_USAGE_OCCURRENCE('Standoffs_Fasteners:1',
'Standoffs_Fasteners:1','Standoffs_Fasteners:1',#19625,#19632,
'Standoffs_Fasteners:1');
#216=NEXT_ASSEMBLY_USAGE_OCCURRENCE('Left_Wheel:1','Left_Wheel:1',
'Left_Wheel:1',#19633,#19634,'Left_Wheel:1');
#217=NEXT_ASSEMBLY_USAGE_OCCURRENCE('Right_Wheel:1','Right_Wheel:1',
'Right_Wheel:1',#19633,#19635,'Right_Wheel:1');
#218=NEXT_ASSEMBLY_USAGE_OCCURRENCE('Battery_and_Tray:1',
'Battery_and_Tray:1','Battery_and_Tray:1',#19636,#19637,
'Battery_and_Tray:1');
#219=NEXT_ASSEMBLY_USAGE_OCCURRENCE('Rx_ER6:1','Rx_ER6:1','Rx_ER6:1',#19636,
#19638,'Rx_ER6:1');
#220=NEXT_ASSEMBLY_USAGE_OCCURRENCE('UBEC_5A:1','UBEC_5A:1','UBEC_5A:1',
#19636,#19639,'UBEC_5A:1');
#221=NEXT_ASSEMBLY_USAGE_OCCURRENCE('FingerTech_Mini_Switch_Envelope:1',
'FingerTech_Mini_Switch_Envelope:1','FingerTech_Mini_Switch_Envelope:1',
#19636,#19640,'FingerTech_Mini_Switch_Envelope:1');
#222=NEXT_ASSEMBLY_USAGE_OCCURRENCE(
'BBB_Dual_Brushed_ESC_v2_Envelope:1',
'BBB_Dual_Brushed_ESC_v2_Envelope:1',
'BBB_Dual_Brushed_ESC_v2_Envelope:1',#19636,#19641,
'BBB_Dual_Brushed_ESC_v2_Envelope:1');
#223=NEXT_ASSEMBLY_USAGE_OCCURRENCE('Rear_Panel:1','Rear_Panel:1',
'Rear_Panel:1',#19644,#19645,'Rear_Panel:1');
#224=NEXT_ASSEMBLY_USAGE_OCCURRENCE('Wire_Clips:1','Wire_Clips:1',
'Wire_Clips:1',#19642,#19643,'Wire_Clips:1');
#225=NEXT_ASSEMBLY_USAGE_OCCURRENCE('Non_Structural_Covers:1',
'Non_Structural_Covers:1','Non_Structural_Covers:1',#19642,#19644,
'Non_Structural_Covers:1');
#226=NEXT_ASSEMBLY_USAGE_OCCURRENCE('TPU_Bumpers:1','TPU_Bumpers:1',
'TPU_Bumpers:1',#19642,#19646,'TPU_Bumpers:1');
#227=NEXT_ASSEMBLY_USAGE_OCCURRENCE('Battery_Holder:1',
'Battery_Holder:1','Battery_Holder:1',#19642,#19647,'Battery_Holder:1');
#228=NEXT_ASSEMBLY_USAGE_OCCURRENCE('Batt_Post_1:1','Batt_Post_1:1',
'Batt_Post_1:1',#19642,#19648,'Batt_Post_1:1');
#229=NEXT_ASSEMBLY_USAGE_OCCURRENCE('Batt_Post_2:1','Batt_Post_2:1',
'Batt_Post_2:1',#19642,#19649,'Batt_Post_2:1');
#230=NEXT_ASSEMBLY_USAGE_OCCURRENCE('Batt_Post_3:1','Batt_Post_3:1',
'Batt_Post_3:1',#19642,#19650,'Batt_Post_3:1');
#231=NEXT_ASSEMBLY_USAGE_OCCURRENCE('Batt_Post_4:1','Batt_Post_4:1',
'Batt_Post_4:1',#19642,#19651,'Batt_Post_4:1');
#232=NEXT_ASSEMBLY_USAGE_OCCURRENCE('Disconnect_Post_1:1',
'Disconnect_Post_1:1','Disconnect_Post_1:1',#19642,#19652,
'Disconnect_Post_1:1');
#233=NEXT_ASSEMBLY_USAGE_OCCURRENCE('Disconnect_Post_2:1',
'Disconnect_Post_2:1','Disconnect_Post_2:1',#19642,#19653,
'Disconnect_Post_2:1');
#234=NEXT_ASSEMBLY_USAGE_OCCURRENCE('Holder_Rx_ER6:1','Holder_Rx_ER6:1',
'Holder_Rx_ER6:1',#19642,#19654,'Holder_Rx_ER6:1');
#235=NEXT_ASSEMBLY_USAGE_OCCURRENCE('Holder_UBEC_5A:1',
'Holder_UBEC_5A:1','Holder_UBEC_5A:1',#19642,#19655,'Holder_UBEC_5A:1');
#236=NEXT_ASSEMBLY_USAGE_OCCURRENCE('FingerTech_Switch_Adapter:1',
'FingerTech_Switch_Adapter:1','FingerTech_Switch_Adapter:1',#19642,#19656,
'FingerTech_Switch_Adapter:1');
#237=NEXT_ASSEMBLY_USAGE_OCCURRENCE('Lifter_Spatula_62mm:1',
'Lifter_Spatula_62mm:1','Lifter_Spatula_62mm:1',#19657,#19658,
'Lifter_Spatula_62mm:1');
#238=NEXT_ASSEMBLY_USAGE_OCCURRENCE('Lifter_Hinge_Boss:1',
'Lifter_Hinge_Boss:1','Lifter_Hinge_Boss:1',#19657,#19659,
'Lifter_Hinge_Boss:1');
#239=NEXT_ASSEMBLY_USAGE_OCCURRENCE('Lifter_Pivot_Support_L:1',
'Lifter_Pivot_Support_L:1','Lifter_Pivot_Support_L:1',#19657,#19660,
'Lifter_Pivot_Support_L:1');
#240=NEXT_ASSEMBLY_USAGE_OCCURRENCE('Lifter_Pivot_Support_R:1',
'Lifter_Pivot_Support_R:1','Lifter_Pivot_Support_R:1',#19657,#19661,
'Lifter_Pivot_Support_R:1');
#241=NEXT_ASSEMBLY_USAGE_OCCURRENCE('Lifter_Pivot_Pin_6mm:1',
'Lifter_Pivot_Pin_6mm:1','Lifter_Pivot_Pin_6mm:1',#19657,#19662,
'Lifter_Pivot_Pin_6mm:1');
#242=NEXT_ASSEMBLY_USAGE_OCCURRENCE('Repeat_40kg_Servo_MaxEnvelope:1',
'Repeat_40kg_Servo_MaxEnvelope:1','Repeat_40kg_Servo_MaxEnvelope:1',#19657,
#19663,'Repeat_40kg_Servo_MaxEnvelope:1');
#243=NEXT_ASSEMBLY_USAGE_OCCURRENCE('Lifter_Servo_Base_Rail_L:1',
'Lifter_Servo_Base_Rail_L:1','Lifter_Servo_Base_Rail_L:1',#19657,#19664,
'Lifter_Servo_Base_Rail_L:1');
#244=NEXT_ASSEMBLY_USAGE_OCCURRENCE('Lifter_Servo_Base_Rail_R:1',
'Lifter_Servo_Base_Rail_R:1','Lifter_Servo_Base_Rail_R:1',#19657,#19665,
'Lifter_Servo_Base_Rail_R:1');
#245=NEXT_ASSEMBLY_USAGE_OCCURRENCE('Lifter_Aluminium_Horn:1',
'Lifter_Aluminium_Horn:1','Lifter_Aluminium_Horn:1',#19657,#19666,
'Lifter_Aluminium_Horn:1');
#246=NEXT_ASSEMBLY_USAGE_OCCURRENCE('Lifter_Connecting_Rod:1',
'Lifter_Connecting_Rod:1','Lifter_Connecting_Rod:1',#19657,#19667,
'Lifter_Connecting_Rod:1');
#247=NEXT_ASSEMBLY_USAGE_OCCURRENCE('Lifter_Lower_Hard_Stop:1',
'Lifter_Lower_Hard_Stop:1','Lifter_Lower_Hard_Stop:1',#19657,#19668,
'Lifter_Lower_Hard_Stop:1');
#248=NEXT_ASSEMBLY_USAGE_OCCURRENCE('Lifter_Servo_Clamp_Bar_L:1',
'Lifter_Servo_Clamp_Bar_L:1','Lifter_Servo_Clamp_Bar_L:1',#19657,#19669,
'Lifter_Servo_Clamp_Bar_L:1');
#249=NEXT_ASSEMBLY_USAGE_OCCURRENCE('Lifter_Servo_Clamp_Post_L_Rear:1',
'Lifter_Servo_Clamp_Post_L_Rear:1','Lifter_Servo_Clamp_Post_L_Rear:1',#19657,
#19670,'Lifter_Servo_Clamp_Post_L_Rear:1');
#250=NEXT_ASSEMBLY_USAGE_OCCURRENCE('Lifter_Servo_Clamp_Post_L_Front:1',
'Lifter_Servo_Clamp_Post_L_Front:1','Lifter_Servo_Clamp_Post_L_Front:1',
#19657,#19671,'Lifter_Servo_Clamp_Post_L_Front:1');
#251=NEXT_ASSEMBLY_USAGE_OCCURRENCE('Lifter_Servo_Clamp_Bar_R:1',
'Lifter_Servo_Clamp_Bar_R:1','Lifter_Servo_Clamp_Bar_R:1',#19657,#19672,
'Lifter_Servo_Clamp_Bar_R:1');
#252=NEXT_ASSEMBLY_USAGE_OCCURRENCE('Lifter_Servo_Clamp_Post_R_Rear:1',
'Lifter_Servo_Clamp_Post_R_Rear:1','Lifter_Servo_Clamp_Post_R_Rear:1',#19657,
#19673,'Lifter_Servo_Clamp_Post_R_Rear:1');
#253=NEXT_ASSEMBLY_USAGE_OCCURRENCE('Lifter_Servo_Clamp_Post_R_Front:1',
'Lifter_Servo_Clamp_Post_R_Front:1','Lifter_Servo_Clamp_Post_R_Front:1',
#19657,#19674,'Lifter_Servo_Clamp_Post_R_Front:1');
#254=NEXT_ASSEMBLY_USAGE_OCCURRENCE('Lifter_Pin_C_Clip_L:1',
'Lifter_Pin_C_Clip_L:1','Lifter_Pin_C_Clip_L:1',#19657,#19675,
'Lifter_Pin_C_Clip_L:1');
#255=NEXT_ASSEMBLY_USAGE_OCCURRENCE('Lifter_Pin_C_Clip_R:1',
'Lifter_Pin_C_Clip_R:1','Lifter_Pin_C_Clip_R:1',#19657,#19676,
'Lifter_Pin_C_Clip_R:1');
#256=NEXT_ASSEMBLY_USAGE_OCCURRENCE('BBB_22mm_Gearmotor_L:1',
'BBB_22mm_Gearmotor_L:1','BBB_22mm_Gearmotor_L:1',#19677,#19678,
'BBB_22mm_Gearmotor_L:1');
#257=NEXT_ASSEMBLY_USAGE_OCCURRENCE('BBB_4mm_Output_Shaft_L:1',
'BBB_4mm_Output_Shaft_L:1','BBB_4mm_Output_Shaft_L:1',#19677,#19679,
'BBB_4mm_Output_Shaft_L:1');
#258=NEXT_ASSEMBLY_USAGE_OCCURRENCE('BBB_Face_Mount_26mm_L:1',
'BBB_Face_Mount_26mm_L:1','BBB_Face_Mount_26mm_L:1',#19677,#19680,
'BBB_Face_Mount_26mm_L:1');
#259=NEXT_ASSEMBLY_USAGE_OCCURRENCE('BBB_Motor_Cradle_L:1',
'BBB_Motor_Cradle_L:1','BBB_Motor_Cradle_L:1',#19677,#19681,
'BBB_Motor_Cradle_L:1');
#260=NEXT_ASSEMBLY_USAGE_OCCURRENCE('Repeat_4mm_Clamp_Hub_L:1',
'Repeat_4mm_Clamp_Hub_L:1','Repeat_4mm_Clamp_Hub_L:1',#19677,#19682,
'Repeat_4mm_Clamp_Hub_L:1');
#261=NEXT_ASSEMBLY_USAGE_OCCURRENCE('BBB_22mm_Gearmotor_R:1',
'BBB_22mm_Gearmotor_R:1','BBB_22mm_Gearmotor_R:1',#19677,#19683,
'BBB_22mm_Gearmotor_R:1');
#262=NEXT_ASSEMBLY_USAGE_OCCURRENCE('BBB_4mm_Output_Shaft_R:1',
'BBB_4mm_Output_Shaft_R:1','BBB_4mm_Output_Shaft_R:1',#19677,#19684,
'BBB_4mm_Output_Shaft_R:1');
#263=NEXT_ASSEMBLY_USAGE_OCCURRENCE('BBB_Face_Mount_26mm_R:1',
'BBB_Face_Mount_26mm_R:1','BBB_Face_Mount_26mm_R:1',#19677,#19685,
'BBB_Face_Mount_26mm_R:1');
#264=NEXT_ASSEMBLY_USAGE_OCCURRENCE('BBB_Motor_Cradle_R:1',
'BBB_Motor_Cradle_R:1','BBB_Motor_Cradle_R:1',#19677,#19686,
'BBB_Motor_Cradle_R:1');
#265=NEXT_ASSEMBLY_USAGE_OCCURRENCE('Repeat_4mm_Clamp_Hub_R:1',
'Repeat_4mm_Clamp_Hub_R:1','Repeat_4mm_Clamp_Hub_R:1',#19677,#19687,
'Repeat_4mm_Clamp_Hub_R:1');
#266=NEXT_ASSEMBLY_USAGE_OCCURRENCE('Battery_Clamp_Bar_1:1',
'Battery_Clamp_Bar_1:1','Battery_Clamp_Bar_1:1',#19688,#19689,
'Battery_Clamp_Bar_1:1');
#267=NEXT_ASSEMBLY_USAGE_OCCURRENCE('Battery_Clamp_Bar_2:1',
'Battery_Clamp_Bar_2:1','Battery_Clamp_Bar_2:1',#19688,#19690,
'Battery_Clamp_Bar_2:1');
#268=NEXT_ASSEMBLY_USAGE_OCCURRENCE('01_Chassis:1','01_Chassis:1',
'01_Chassis:1',#19624,#19625,'01_Chassis:1');
#269=NEXT_ASSEMBLY_USAGE_OCCURRENCE('02_Drivetrain:1','02_Drivetrain:1',
'02_Drivetrain:1',#19624,#19633,'02_Drivetrain:1');
#270=NEXT_ASSEMBLY_USAGE_OCCURRENCE('05_Electronics:1',
'05_Electronics:1','05_Electronics:1',#19624,#19636,'05_Electronics:1');
#271=NEXT_ASSEMBLY_USAGE_OCCURRENCE('06_3D_Printed:1','06_3D_Printed:1',
'06_3D_Printed:1',#19624,#19642,'06_3D_Printed:1');
#272=NEXT_ASSEMBLY_USAGE_OCCURRENCE('07_Wedge_Lifter_Option:1',
'07_Wedge_Lifter_Option:1','07_Wedge_Lifter_Option:1',#19624,#19657,
'07_Wedge_Lifter_Option:1');
#273=NEXT_ASSEMBLY_USAGE_OCCURRENCE('09_3S_Drive_Upgrade:1',
'09_3S_Drive_Upgrade:1','09_3S_Drive_Upgrade:1',#19624,#19677,
'09_3S_Drive_Upgrade:1');
#274=NEXT_ASSEMBLY_USAGE_OCCURRENCE('10_Battery_Restraints:1',
'10_Battery_Restraints:1','10_Battery_Restraints:1',#19624,#19688,
'10_Battery_Restraints:1');
#275=B_SPLINE_CURVE_WITH_KNOTS('',3,(#16610,#16611,#16612,#16613,#16614,
#16615,#16616,#16617,#16618,#16619),.UNSPECIFIED.,.F.,.F.,(4,2,2,2,4),(0.,
0.0477540428324852,0.0955080856649705,0.143204422624823,0.190900759584675),
 .UNSPECIFIED.);
#276=B_SPLINE_CURVE_WITH_KNOTS('',3,(#16621,#16622,#16623,#16624,#16625,
#16626,#16627,#16628,#16629,#16630),.UNSPECIFIED.,.F.,.F.,(4,2,2,2,4),(0.572702278754025,
0.620398615713877,0.66809495267373,0.715848995506215,0.7636030383387),
 .UNSPECIFIED.);
#277=B_SPLINE_CURVE_WITH_KNOTS('',3,(#16631,#16632,#16633,#16634,#16635,
#16636,#16637,#16638,#16639,#16640,#16641,#16642,#16643,#16644,#16645,#16646,
#16647,#16648),.UNSPECIFIED.,.F.,.F.,(4,2,2,2,2,2,2,2,4),(0.190900759584675,
0.238597096544527,0.286293433504379,0.334047476336865,0.38180151916935,
0.429555562001835,0.47730960483432,0.525005941794173,0.572702278754025),
 .UNSPECIFIED.);
#278=B_SPLINE_CURVE_WITH_KNOTS('',3,(#16652,#16653,#16654,#16655,#16656,
#16657,#16658,#16659,#16660,#16661,#16662,#16663,#16664,#16665,#16666,#16667,
#16668,#16669,#16670,#16671,#16672,#16673,#16674,#16675,#16676,#16677),
 .UNSPECIFIED.,.F.,.F.,(4,2,2,2,2,2,2,2,2,2,2,2,4),(0.,0.0477540428324852,
0.0955080856649705,0.143204422624823,0.190900759584675,0.238597096544527,
0.28629343350438,0.334047476336865,0.38180151916935,0.429555562001835,0.477309604834321,
0.525005941794173,0.572702278754025),.UNSPECIFIED.);
#279=B_SPLINE_CURVE_WITH_KNOTS('',3,(#16678,#16679,#16680,#16681,#16682,
#16683,#16684,#16685,#16686,#16687),.UNSPECIFIED.,.F.,.F.,(4,2,2,2,4),(0.572702278754025,
0.620398615713877,0.66809495267373,0.715848995506215,0.7636030383387),
 .UNSPECIFIED.);
#280=B_SPLINE_CURVE_WITH_KNOTS('',3,(#16713,#16714,#16715,#16716,#16717,
#16718,#16719,#16720,#16721,#16722,#16723,#16724,#16725,#16726,#16727,#16728,
#16729,#16730,#16731,#16732,#16733,#16734,#16735,#16736,#16737,#16738,#16739,
#16740,#16741,#16742,#16743,#16744,#16745,#16746),.UNSPECIFIED.,.T.,.F.,
(4,2,2,2,2,2,2,2,2,2,2,2,2,2,2,2,4),(0.,0.0477540428324855,0.095508085664971,
0.143204422624824,0.190900759584677,0.238597096544529,0.286293433504382,
0.334047476336867,0.381801519169353,0.429555562001838,0.477309604834323,
0.525005941794176,0.572702278754028,0.62039861571388,0.668094952673732,
0.715848995506217,0.763603038338702),.UNSPECIFIED.);
#281=B_SPLINE_CURVE_WITH_KNOTS('',3,(#16749,#16750,#16751,#16752,#16753,
#16754,#16755,#16756,#16757,#16758,#16759,#16760,#16761,#16762,#16763,#16764,
#16765,#16766,#16767,#16768,#16769,#16770,#16771,#16772,#16773,#16774,#16775,
#16776,#16777,#16778,#16779,#16780,#16781,#16782),.UNSPECIFIED.,.T.,.F.,
(4,2,2,2,2,2,2,2,2,2,2,2,2,2,2,2,4),(0.,0.0477540428324852,0.0955080856649704,
0.143204422624823,0.190900759584675,0.238597096544527,0.286293433504379,
0.334047476336864,0.381801519169349,0.429555562001835,0.47730960483432,
0.525005941794173,0.572702278754026,0.620398615713879,0.668094952673731,
0.715848995506217,0.763603038338702),.UNSPECIFIED.);
#282=B_SPLINE_CURVE_WITH_KNOTS('',3,(#16785,#16786,#16787,#16788,#16789,
#16790,#16791,#16792,#16793,#16794,#16795,#16796,#16797,#16798,#16799,#16800,
#16801,#16802,#16803,#16804,#16805,#16806,#16807,#16808,#16809,#16810,#16811,
#16812,#16813,#16814,#16815,#16816,#16817,#16818),.UNSPECIFIED.,.T.,.F.,
(4,2,2,2,2,2,2,2,2,2,2,2,2,2,2,2,4),(0.,0.0477540428324852,0.0955080856649705,
0.143204422624823,0.190900759584675,0.238597096544527,0.28629343350438,
0.334047476336865,0.38180151916935,0.429555562001836,0.477309604834321,
0.525005941794173,0.572702278754026,0.620398615713878,0.66809495267373,
0.715848995506216,0.763603038338701),.UNSPECIFIED.);
#283=B_SPLINE_CURVE_WITH_KNOTS('',3,(#16821,#16822,#16823,#16824,#16825,
#16826,#16827,#16828,#16829,#16830,#16831,#16832,#16833,#16834,#16835,#16836,
#16837,#16838,#16839,#16840,#16841,#16842,#16843,#16844,#16845,#16846,#16847,
#16848,#16849,#16850,#16851,#16852,#16853,#16854),.UNSPECIFIED.,.T.,.F.,
(4,2,2,2,2,2,2,2,2,2,2,2,2,2,2,2,4),(0.,0.0477540428324855,0.0955080856649709,
0.143204422624823,0.190900759584675,0.238597096544528,0.28629343350438,
0.334047476336865,0.381801519169351,0.429555562001836,0.477309604834321,
0.525005941794173,0.572702278754026,0.620398615713878,0.66809495267373,
0.715848995506216,0.763603038338701),.UNSPECIFIED.);
#284=B_SPLINE_CURVE_WITH_KNOTS('',3,(#16858,#16859,#16860,#16861,#16862,
#16863,#16864,#16865,#16866,#16867),.UNSPECIFIED.,.F.,.F.,(4,2,2,2,4),(0.,
0.047754042832485,0.09550808566497,0.143204422624823,0.190900759584675),
 .UNSPECIFIED.);
#285=B_SPLINE_CURVE_WITH_KNOTS('',3,(#16869,#16870,#16871,#16872,#16873,
#16874,#16875,#16876,#16877,#16878),.UNSPECIFIED.,.F.,.F.,(4,2,2,2,4),(0.572702278754026,
0.620398615713879,0.668094952673732,0.715848995506217,0.763603038338702),
 .UNSPECIFIED.);
#286=B_SPLINE_CURVE_WITH_KNOTS('',3,(#16879,#16880,#16881,#16882,#16883,
#16884,#16885,#16886,#16887,#16888,#16889,#16890,#16891,#16892,#16893,#16894,
#16895,#16896),.UNSPECIFIED.,.F.,.F.,(4,2,2,2,2,2,2,2,4),(0.190900759584675,
0.238597096544528,0.286293433504381,0.334047476336866,0.381801519169351,
0.429555562001836,0.477309604834321,0.525005941794173,0.572702278754026),
 .UNSPECIFIED.);
#287=B_SPLINE_CURVE_WITH_KNOTS('',3,(#16900,#16901,#16902,#16903,#16904,
#16905,#16906,#16907,#16908,#16909,#16910,#16911,#16912,#16913,#16914,#16915,
#16916,#16917,#16918,#16919,#16920,#16921,#16922,#16923,#16924,#16925),
 .UNSPECIFIED.,.F.,.F.,(4,2,2,2,2,2,2,2,2,2,2,2,4),(0.,0.047754042832485,
0.09550808566497,0.143204422624823,0.190900759584675,0.238597096544528,
0.286293433504381,0.334047476336866,0.381801519169351,0.429555562001836,
0.477309604834321,0.525005941794173,0.572702278754026),.UNSPECIFIED.);
#288=B_SPLINE_CURVE_WITH_KNOTS('',3,(#16926,#16927,#16928,#16929,#16930,
#16931,#16932,#16933,#16934,#16935),.UNSPECIFIED.,.F.,.F.,(4,2,2,2,4),(0.572702278754026,
0.620398615713879,0.668094952673732,0.715848995506217,0.763603038338702),
 .UNSPECIFIED.);
#289=B_SPLINE_CURVE_WITH_KNOTS('',3,(#16962,#16963,#16964,#16965,#16966,
#16967,#16968,#16969,#16970,#16971),.UNSPECIFIED.,.F.,.F.,(4,2,2,2,4),(0.,
0.047754042832485,0.09550808566497,0.143204422624823,0.190900759584675),
 .UNSPECIFIED.);
#290=B_SPLINE_CURVE_WITH_KNOTS('',3,(#16973,#16974,#16975,#16976,#16977,
#16978,#16979,#16980,#16981,#16982),.UNSPECIFIED.,.F.,.F.,(4,2,2,2,4),(0.572702278754026,
0.620398615713879,0.668094952673732,0.715848995506217,0.763603038338702),
 .UNSPECIFIED.);
#291=B_SPLINE_CURVE_WITH_KNOTS('',3,(#16983,#16984,#16985,#16986,#16987,
#16988,#16989,#16990,#16991,#16992,#16993,#16994,#16995,#16996,#16997,#16998,
#16999,#17000),.UNSPECIFIED.,.F.,.F.,(4,2,2,2,2,2,2,2,4),(0.190900759584675,
0.238597096544528,0.286293433504381,0.334047476336866,0.381801519169351,
0.429555562001836,0.477309604834321,0.525005941794173,0.572702278754026),
 .UNSPECIFIED.);
#292=B_SPLINE_CURVE_WITH_KNOTS('',3,(#17004,#17005,#17006,#17007,#17008,
#17009,#17010,#17011,#17012,#17013,#17014,#17015,#17016,#17017,#17018,#17019,
#17020,#17021,#17022,#17023,#17024,#17025,#17026,#17027,#17028,#17029),
 .UNSPECIFIED.,.F.,.F.,(4,2,2,2,2,2,2,2,2,2,2,2,4),(0.,0.047754042832485,
0.09550808566497,0.143204422624823,0.190900759584675,0.238597096544528,
0.286293433504381,0.334047476336866,0.381801519169351,0.429555562001836,
0.477309604834321,0.525005941794173,0.572702278754026),.UNSPECIFIED.);
#293=B_SPLINE_CURVE_WITH_KNOTS('',3,(#17030,#17031,#17032,#17033,#17034,
#17035,#17036,#17037,#17038,#17039),.UNSPECIFIED.,.F.,.F.,(4,2,2,2,4),(0.572702278754026,
0.620398615713879,0.668094952673732,0.715848995506217,0.763603038338702),
 .UNSPECIFIED.);
#294=B_SPLINE_CURVE_WITH_KNOTS('',3,(#17066,#17067,#17068,#17069,#17070,
#17071,#17072,#17073,#17074,#17075),.UNSPECIFIED.,.F.,.F.,(4,2,2,2,4),(0.,
0.0477540428324852,0.0955080856649705,0.143204422624823,0.190900759584675),
 .UNSPECIFIED.);
#295=B_SPLINE_CURVE_WITH_KNOTS('',3,(#17077,#17078,#17079,#17080,#17081,
#17082,#17083,#17084,#17085,#17086),.UNSPECIFIED.,.F.,.F.,(4,2,2,2,4),(0.572702278754025,
0.620398615713877,0.66809495267373,0.715848995506215,0.7636030383387),
 .UNSPECIFIED.);
#296=B_SPLINE_CURVE_WITH_KNOTS('',3,(#17087,#17088,#17089,#17090,#17091,
#17092,#17093,#17094,#17095,#17096,#17097,#17098,#17099,#17100,#17101,#17102,
#17103,#17104),.UNSPECIFIED.,.F.,.F.,(4,2,2,2,2,2,2,2,4),(0.190900759584675,
0.238597096544527,0.286293433504379,0.334047476336865,0.38180151916935,
0.429555562001835,0.47730960483432,0.525005941794173,0.572702278754025),
 .UNSPECIFIED.);
#297=B_SPLINE_CURVE_WITH_KNOTS('',3,(#17108,#17109,#17110,#17111,#17112,
#17113,#17114,#17115,#17116,#17117,#17118,#17119,#17120,#17121,#17122,#17123,
#17124,#17125,#17126,#17127,#17128,#17129,#17130,#17131,#17132,#17133),
 .UNSPECIFIED.,.F.,.F.,(4,2,2,2,2,2,2,2,2,2,2,2,4),(0.,0.0477540428324852,
0.0955080856649705,0.143204422624823,0.190900759584675,0.238597096544527,
0.28629343350438,0.334047476336865,0.38180151916935,0.429555562001835,0.477309604834321,
0.525005941794173,0.572702278754025),.UNSPECIFIED.);
#298=B_SPLINE_CURVE_WITH_KNOTS('',3,(#17134,#17135,#17136,#17137,#17138,
#17139,#17140,#17141,#17142,#17143),.UNSPECIFIED.,.F.,.F.,(4,2,2,2,4),(0.572702278754025,
0.620398615713877,0.66809495267373,0.715848995506215,0.7636030383387),
 .UNSPECIFIED.);
#299=ELLIPSE('',#11733,2.31624696438009,1.25);
#300=ELLIPSE('',#11753,2.31624696438009,1.25);
#301=SHAPE_REPRESENTATION_RELATIONSHIP('SRR','None',#19558,#357);
#302=SHAPE_REPRESENTATION_RELATIONSHIP('SRR','None',#19559,#358);
#303=SHAPE_REPRESENTATION_RELATIONSHIP('SRR','None',#19560,#359);
#304=SHAPE_REPRESENTATION_RELATIONSHIP('SRR','None',#19561,#360);
#305=SHAPE_REPRESENTATION_RELATIONSHIP('SRR','None',#19562,#361);
#306=SHAPE_REPRESENTATION_RELATIONSHIP('SRR','None',#19563,#362);
#307=SHAPE_REPRESENTATION_RELATIONSHIP('SRR','None',#19564,#363);
#308=SHAPE_REPRESENTATION_RELATIONSHIP('SRR','None',#19566,#364);
#309=SHAPE_REPRESENTATION_RELATIONSHIP('SRR','None',#19567,#365);
#310=SHAPE_REPRESENTATION_RELATIONSHIP('SRR','None',#19569,#366);
#311=SHAPE_REPRESENTATION_RELATIONSHIP('SRR','None',#19570,#367);
#312=SHAPE_REPRESENTATION_RELATIONSHIP('SRR','None',#19571,#368);
#313=SHAPE_REPRESENTATION_RELATIONSHIP('SRR','None',#19572,#369);
#314=SHAPE_REPRESENTATION_RELATIONSHIP('SRR','None',#19573,#370);
#315=SHAPE_REPRESENTATION_RELATIONSHIP('SRR','None',#19577,#371);
#316=SHAPE_REPRESENTATION_RELATIONSHIP('SRR','None',#19579,#372);
#317=SHAPE_REPRESENTATION_RELATIONSHIP('SRR','None',#19580,#373);
#318=SHAPE_REPRESENTATION_RELATIONSHIP('SRR','None',#19581,#374);
#319=SHAPE_REPRESENTATION_RELATIONSHIP('SRR','None',#19582,#375);
#320=SHAPE_REPRESENTATION_RELATIONSHIP('SRR','None',#19583,#376);
#321=SHAPE_REPRESENTATION_RELATIONSHIP('SRR','None',#19584,#377);
#322=SHAPE_REPRESENTATION_RELATIONSHIP('SRR','None',#19585,#378);
#323=SHAPE_REPRESENTATION_RELATIONSHIP('SRR','None',#19586,#379);
#324=SHAPE_REPRESENTATION_RELATIONSHIP('SRR','None',#19587,#380);
#325=SHAPE_REPRESENTATION_RELATIONSHIP('SRR','None',#19588,#381);
#326=SHAPE_REPRESENTATION_RELATIONSHIP('SRR','None',#19590,#382);
#327=SHAPE_REPRESENTATION_RELATIONSHIP('SRR','None',#19591,#383);
#328=SHAPE_REPRESENTATION_RELATIONSHIP('SRR','None',#19592,#384);
#329=SHAPE_REPRESENTATION_RELATIONSHIP('SRR','None',#19593,#385);
#330=SHAPE_REPRESENTATION_RELATIONSHIP('SRR','None',#19594,#386);
#331=SHAPE_REPRESENTATION_RELATIONSHIP('SRR','None',#19595,#387);
#332=SHAPE_REPRESENTATION_RELATIONSHIP('SRR','None',#19596,#388);
#333=SHAPE_REPRESENTATION_RELATIONSHIP('SRR','None',#19597,#389);
#334=SHAPE_REPRESENTATION_RELATIONSHIP('SRR','None',#19598,#390);
#335=SHAPE_REPRESENTATION_RELATIONSHIP('SRR','None',#19599,#391);
#336=SHAPE_REPRESENTATION_RELATIONSHIP('SRR','None',#19600,#392);
#337=SHAPE_REPRESENTATION_RELATIONSHIP('SRR','None',#19601,#393);
#338=SHAPE_REPRESENTATION_RELATIONSHIP('SRR','None',#19602,#394);
#339=SHAPE_REPRESENTATION_RELATIONSHIP('SRR','None',#19603,#395);
#340=SHAPE_REPRESENTATION_RELATIONSHIP('SRR','None',#19604,#396);
#341=SHAPE_REPRESENTATION_RELATIONSHIP('SRR','None',#19605,#397);
#342=SHAPE_REPRESENTATION_RELATIONSHIP('SRR','None',#19606,#398);
#343=SHAPE_REPRESENTATION_RELATIONSHIP('SRR','None',#19607,#399);
#344=SHAPE_REPRESENTATION_RELATIONSHIP('SRR','None',#19608,#400);
#345=SHAPE_REPRESENTATION_RELATIONSHIP('SRR','None',#19610,#401);
#346=SHAPE_REPRESENTATION_RELATIONSHIP('SRR','None',#19611,#402);
#347=SHAPE_REPRESENTATION_RELATIONSHIP('SRR','None',#19612,#403);
#348=SHAPE_REPRESENTATION_RELATIONSHIP('SRR','None',#19613,#404);
#349=SHAPE_REPRESENTATION_RELATIONSHIP('SRR','None',#19614,#405);
#350=SHAPE_REPRESENTATION_RELATIONSHIP('SRR','None',#19615,#406);
#351=SHAPE_REPRESENTATION_RELATIONSHIP('SRR','None',#19616,#407);
#352=SHAPE_REPRESENTATION_RELATIONSHIP('SRR','None',#19617,#408);
#353=SHAPE_REPRESENTATION_RELATIONSHIP('SRR','None',#19618,#409);
#354=SHAPE_REPRESENTATION_RELATIONSHIP('SRR','None',#19619,#410);
#355=SHAPE_REPRESENTATION_RELATIONSHIP('SRR','None',#19621,#411);
#356=SHAPE_REPRESENTATION_RELATIONSHIP('SRR','None',#19622,#412);
#357=ADVANCED_BREP_SHAPE_REPRESENTATION('',(#474),#19286);
#358=ADVANCED_BREP_SHAPE_REPRESENTATION('',(#475),#19287);
#359=ADVANCED_BREP_SHAPE_REPRESENTATION('',(#476),#19288);
#360=ADVANCED_BREP_SHAPE_REPRESENTATION('',(#477),#19289);
#361=ADVANCED_BREP_SHAPE_REPRESENTATION('',(#478),#19290);
#362=ADVANCED_BREP_SHAPE_REPRESENTATION('',(#479),#19291);
#363=ADVANCED_BREP_SHAPE_REPRESENTATION('',(#480,#481,#482,#483),#19292);
#364=ADVANCED_BREP_SHAPE_REPRESENTATION('',(#484),#19294);
#365=ADVANCED_BREP_SHAPE_REPRESENTATION('',(#485),#19295);
#366=ADVANCED_BREP_SHAPE_REPRESENTATION('',(#486),#19297);
#367=ADVANCED_BREP_SHAPE_REPRESENTATION('',(#487),#19298);
#368=ADVANCED_BREP_SHAPE_REPRESENTATION('',(#488),#19299);
#369=ADVANCED_BREP_SHAPE_REPRESENTATION('',(#489),#19300);
#370=ADVANCED_BREP_SHAPE_REPRESENTATION('',(#490),#19301);
#371=ADVANCED_BREP_SHAPE_REPRESENTATION('',(#491),#19305);
#372=ADVANCED_BREP_SHAPE_REPRESENTATION('',(#492,#493,#494),#19307);
#373=ADVANCED_BREP_SHAPE_REPRESENTATION('',(#495),#19308);
#374=ADVANCED_BREP_SHAPE_REPRESENTATION('',(#496),#19309);
#375=ADVANCED_BREP_SHAPE_REPRESENTATION('',(#497),#19310);
#376=ADVANCED_BREP_SHAPE_REPRESENTATION('',(#498),#19311);
#377=ADVANCED_BREP_SHAPE_REPRESENTATION('',(#499),#19312);
#378=ADVANCED_BREP_SHAPE_REPRESENTATION('',(#500),#19313);
#379=ADVANCED_BREP_SHAPE_REPRESENTATION('',(#501),#19314);
#380=ADVANCED_BREP_SHAPE_REPRESENTATION('',(#502),#19315);
#381=ADVANCED_BREP_SHAPE_REPRESENTATION('',(#503),#19316);
#382=ADVANCED_BREP_SHAPE_REPRESENTATION('',(#504),#19318);
#383=ADVANCED_BREP_SHAPE_REPRESENTATION('',(#505),#19319);
#384=ADVANCED_BREP_SHAPE_REPRESENTATION('',(#506),#19320);
#385=ADVANCED_BREP_SHAPE_REPRESENTATION('',(#507),#19321);
#386=ADVANCED_BREP_SHAPE_REPRESENTATION('',(#508),#19322);
#387=ADVANCED_BREP_SHAPE_REPRESENTATION('',(#509),#19323);
#388=ADVANCED_BREP_SHAPE_REPRESENTATION('',(#510),#19324);
#389=ADVANCED_BREP_SHAPE_REPRESENTATION('',(#511),#19325);
#390=ADVANCED_BREP_SHAPE_REPRESENTATION('',(#512),#19326);
#391=ADVANCED_BREP_SHAPE_REPRESENTATION('',(#513),#19327);
#392=ADVANCED_BREP_SHAPE_REPRESENTATION('',(#514),#19328);
#393=ADVANCED_BREP_SHAPE_REPRESENTATION('',(#515),#19329);
#394=ADVANCED_BREP_SHAPE_REPRESENTATION('',(#516),#19330);
#395=ADVANCED_BREP_SHAPE_REPRESENTATION('',(#517),#19331);
#396=ADVANCED_BREP_SHAPE_REPRESENTATION('',(#518),#19332);
#397=ADVANCED_BREP_SHAPE_REPRESENTATION('',(#519),#19333);
#398=ADVANCED_BREP_SHAPE_REPRESENTATION('',(#520),#19334);
#399=ADVANCED_BREP_SHAPE_REPRESENTATION('',(#521),#19335);
#400=ADVANCED_BREP_SHAPE_REPRESENTATION('',(#522),#19336);
#401=ADVANCED_BREP_SHAPE_REPRESENTATION('',(#523),#19338);
#402=ADVANCED_BREP_SHAPE_REPRESENTATION('',(#524),#19339);
#403=ADVANCED_BREP_SHAPE_REPRESENTATION('',(#525),#19340);
#404=ADVANCED_BREP_SHAPE_REPRESENTATION('',(#526),#19341);
#405=ADVANCED_BREP_SHAPE_REPRESENTATION('',(#527),#19342);
#406=ADVANCED_BREP_SHAPE_REPRESENTATION('',(#528),#19343);
#407=ADVANCED_BREP_SHAPE_REPRESENTATION('',(#529),#19344);
#408=ADVANCED_BREP_SHAPE_REPRESENTATION('',(#530),#19345);
#409=ADVANCED_BREP_SHAPE_REPRESENTATION('',(#531),#19346);
#410=ADVANCED_BREP_SHAPE_REPRESENTATION('',(#532),#19347);
#411=ADVANCED_BREP_SHAPE_REPRESENTATION('',(#533),#19349);
#412=ADVANCED_BREP_SHAPE_REPRESENTATION('',(#534),#19350);
#413=STYLED_ITEM('',(#19896),#474);
#414=STYLED_ITEM('',(#19896),#475);
#415=STYLED_ITEM('',(#19896),#476);
#416=STYLED_ITEM('',(#19897),#477);
#417=STYLED_ITEM('',(#19896),#478);
#418=STYLED_ITEM('',(#19896),#479);
#419=STYLED_ITEM('',(#19896),#480);
#420=STYLED_ITEM('',(#19896),#481);
#421=STYLED_ITEM('',(#19896),#482);
#422=STYLED_ITEM('',(#19896),#483);
#423=STYLED_ITEM('',(#19898),#484);
#424=STYLED_ITEM('',(#19898),#485);
#425=STYLED_ITEM('',(#19898),#486);
#426=STYLED_ITEM('',(#19898),#487);
#427=STYLED_ITEM('',(#19898),#488);
#428=STYLED_ITEM('',(#19897),#489);
#429=STYLED_ITEM('',(#19895),#490);
#430=STYLED_ITEM('',(#19897),#491);
#431=STYLED_ITEM('',(#19897),#492);
#432=STYLED_ITEM('',(#19897),#493);
#433=STYLED_ITEM('',(#19897),#494);
#434=STYLED_ITEM('',(#19897),#495);
#435=STYLED_ITEM('',(#19897),#496);
#436=STYLED_ITEM('',(#19897),#497);
#437=STYLED_ITEM('',(#19897),#498);
#438=STYLED_ITEM('',(#19896),#499);
#439=STYLED_ITEM('',(#19896),#500);
#440=STYLED_ITEM('',(#19897),#501);
#441=STYLED_ITEM('',(#19897),#502);
#442=STYLED_ITEM('',(#19897),#503);
#443=STYLED_ITEM('',(#19896),#504);
#444=STYLED_ITEM('',(#19896),#505);
#445=STYLED_ITEM('',(#19896),#506);
#446=STYLED_ITEM('',(#19896),#507);
#447=STYLED_ITEM('',(#19895),#508);
#448=STYLED_ITEM('',(#19895),#509);
#449=STYLED_ITEM('',(#19896),#510);
#450=STYLED_ITEM('',(#19896),#511);
#451=STYLED_ITEM('',(#19896),#512);
#452=STYLED_ITEM('',(#19896),#513);
#453=STYLED_ITEM('',(#19896),#514);
#454=STYLED_ITEM('',(#19896),#515);
#455=STYLED_ITEM('',(#19896),#516);
#456=STYLED_ITEM('',(#19896),#517);
#457=STYLED_ITEM('',(#19896),#518);
#458=STYLED_ITEM('',(#19896),#519);
#459=STYLED_ITEM('',(#19896),#520);
#460=STYLED_ITEM('',(#19895),#521);
#461=STYLED_ITEM('',(#19895),#522);
#462=STYLED_ITEM('',(#19896),#523);
#463=STYLED_ITEM('',(#19896),#524);
#464=STYLED_ITEM('',(#19896),#525);
#465=STYLED_ITEM('',(#19896),#526);
#466=STYLED_ITEM('',(#19896),#527);
#467=STYLED_ITEM('',(#19896),#528);
#468=STYLED_ITEM('',(#19896),#529);
#469=STYLED_ITEM('',(#19896),#530);
#470=STYLED_ITEM('',(#19896),#531);
#471=STYLED_ITEM('',(#19896),#532);
#472=STYLED_ITEM('',(#19896),#533);
#473=STYLED_ITEM('',(#19896),#534);
#474=MANIFOLD_SOLID_BREP('Base_Plate_Al',#10784);
#475=MANIFOLD_SOLID_BREP('Left_Side_Plate_Al',#10785);
#476=MANIFOLD_SOLID_BREP('Right_Side_Plate_Al',#10786);
#477=MANIFOLD_SOLID_BREP('Top_Cover',#10787);
#478=MANIFOLD_SOLID_BREP('Front_Wedge_L',#10788);
#479=MANIFOLD_SOLID_BREP('Front_Wedge_R',#10789);
#480=MANIFOLD_SOLID_BREP('Standoff_1',#10790);
#481=MANIFOLD_SOLID_BREP('Standoff_2',#10791);
#482=MANIFOLD_SOLID_BREP('Standoff_3',#10792);
#483=MANIFOLD_SOLID_BREP('Standoff_4',#10793);
#484=MANIFOLD_SOLID_BREP('Left_Wheel',#10794);
#485=MANIFOLD_SOLID_BREP('Right_Wheel',#10795);
#486=MANIFOLD_SOLID_BREP('Battery_and_Tray',#10796);
#487=MANIFOLD_SOLID_BREP('Rx_ER6',#10797);
#488=MANIFOLD_SOLID_BREP('UBEC_5A',#10798);
#489=MANIFOLD_SOLID_BREP('FingerTech_Mini_Switch_Envelope',#10799);
#490=MANIFOLD_SOLID_BREP('BBB_Dual_Brushed_ESC_v2_Envelope',#10800);
#491=MANIFOLD_SOLID_BREP('Rear_Panel',#10801);
#492=MANIFOLD_SOLID_BREP('Battery_Holder',#10802);
#493=MANIFOLD_SOLID_BREP('Battery_Holder',#10803);
#494=MANIFOLD_SOLID_BREP('Battery_Holder',#10804);
#495=MANIFOLD_SOLID_BREP('Batt_Post_1',#10805);
#496=MANIFOLD_SOLID_BREP('Batt_Post_2',#10806);
#497=MANIFOLD_SOLID_BREP('Batt_Post_3',#10807);
#498=MANIFOLD_SOLID_BREP('Batt_Post_4',#10808);
#499=MANIFOLD_SOLID_BREP('Disconnect_Post_1',#10809);
#500=MANIFOLD_SOLID_BREP('Disconnect_Post_2',#10810);
#501=MANIFOLD_SOLID_BREP('Holder_Rx_ER6',#10811);
#502=MANIFOLD_SOLID_BREP('Holder_UBEC_5A',#10812);
#503=MANIFOLD_SOLID_BREP('FingerTech_Switch_Adapter',#10813);
#504=MANIFOLD_SOLID_BREP('Lifter_Spatula_62mm',#10814);
#505=MANIFOLD_SOLID_BREP('Lifter_Hinge_Boss',#10815);
#506=MANIFOLD_SOLID_BREP('Lifter_Pivot_Support_L',#10816);
#507=MANIFOLD_SOLID_BREP('Lifter_Pivot_Support_R',#10817);
#508=MANIFOLD_SOLID_BREP('Lifter_Pivot_Pin_6mm',#10818);
#509=MANIFOLD_SOLID_BREP('Repeat_40kg_Servo_MaxEnvelope',#10819);
#510=MANIFOLD_SOLID_BREP('Lifter_Servo_Base_Rail_L',#10820);
#511=MANIFOLD_SOLID_BREP('Lifter_Servo_Base_Rail_R',#10821);
#512=MANIFOLD_SOLID_BREP('Lifter_Aluminium_Horn',#10822);
#513=MANIFOLD_SOLID_BREP('Lifter_Connecting_Rod',#10823);
#514=MANIFOLD_SOLID_BREP('Lifter_Lower_Hard_Stop',#10824);
#515=MANIFOLD_SOLID_BREP('Lifter_Servo_Clamp_Bar_L',#10825);
#516=MANIFOLD_SOLID_BREP('Lifter_Servo_Clamp_Post_L_Rear',#10826);
#517=MANIFOLD_SOLID_BREP('Lifter_Servo_Clamp_Post_L_Front',#10827);
#518=MANIFOLD_SOLID_BREP('Lifter_Servo_Clamp_Bar_R',#10828);
#519=MANIFOLD_SOLID_BREP('Lifter_Servo_Clamp_Post_R_Rear',#10829);
#520=MANIFOLD_SOLID_BREP('Lifter_Servo_Clamp_Post_R_Front',#10830);
#521=MANIFOLD_SOLID_BREP('Lifter_Pin_C_Clip_L',#10831);
#522=MANIFOLD_SOLID_BREP('Lifter_Pin_C_Clip_R',#10832);
#523=MANIFOLD_SOLID_BREP('BBB_22mm_Gearmotor_L',#10833);
#524=MANIFOLD_SOLID_BREP('BBB_4mm_Output_Shaft_L',#10834);
#525=MANIFOLD_SOLID_BREP('BBB_Face_Mount_26mm_L',#10835);
#526=MANIFOLD_SOLID_BREP('BBB_Motor_Cradle_L',#10836);
#527=MANIFOLD_SOLID_BREP('Repeat_4mm_Clamp_Hub_L',#10837);
#528=MANIFOLD_SOLID_BREP('BBB_22mm_Gearmotor_R',#10838);
#529=MANIFOLD_SOLID_BREP('BBB_4mm_Output_Shaft_R',#10839);
#530=MANIFOLD_SOLID_BREP('BBB_Face_Mount_26mm_R',#10840);
#531=MANIFOLD_SOLID_BREP('BBB_Motor_Cradle_R',#10841);
#532=MANIFOLD_SOLID_BREP('Repeat_4mm_Clamp_Hub_R',#10842);
#533=MANIFOLD_SOLID_BREP('Battery_Clamp_Bar_1',#10843);
#534=MANIFOLD_SOLID_BREP('Battery_Clamp_Bar_2',#10844);
#535=FACE_BOUND('',#1933,.T.);
#536=FACE_BOUND('',#1934,.T.);
#537=FACE_BOUND('',#1935,.T.);
#538=FACE_BOUND('',#1936,.T.);
#539=FACE_BOUND('',#1937,.T.);
#540=FACE_BOUND('',#1938,.T.);
#541=FACE_BOUND('',#1939,.T.);
#542=FACE_BOUND('',#1940,.T.);
#543=FACE_BOUND('',#1941,.T.);
#544=FACE_BOUND('',#1942,.T.);
#545=FACE_BOUND('',#1943,.T.);
#546=FACE_BOUND('',#1944,.T.);
#547=FACE_BOUND('',#1945,.T.);
#548=FACE_BOUND('',#1946,.T.);
#549=FACE_BOUND('',#1947,.T.);
#550=FACE_BOUND('',#1948,.T.);
#551=FACE_BOUND('',#1949,.T.);
#552=FACE_BOUND('',#1950,.T.);
#553=FACE_BOUND('',#1951,.T.);
#554=FACE_BOUND('',#1952,.T.);
#555=FACE_BOUND('',#1953,.T.);
#556=FACE_BOUND('',#1954,.T.);
#557=FACE_BOUND('',#1955,.T.);
#558=FACE_BOUND('',#1956,.T.);
#559=FACE_BOUND('',#1957,.T.);
#560=FACE_BOUND('',#1958,.T.);
#561=FACE_BOUND('',#1959,.T.);
#562=FACE_BOUND('',#1960,.T.);
#563=FACE_BOUND('',#1961,.T.);
#564=FACE_BOUND('',#1962,.T.);
#565=FACE_BOUND('',#1963,.T.);
#566=FACE_BOUND('',#1964,.T.);
#567=FACE_BOUND('',#1965,.T.);
#568=FACE_BOUND('',#1966,.T.);
#569=FACE_BOUND('',#1967,.T.);
#570=FACE_BOUND('',#1968,.T.);
#571=FACE_BOUND('',#1969,.T.);
#572=FACE_BOUND('',#1970,.T.);
#573=FACE_BOUND('',#1971,.T.);
#574=FACE_BOUND('',#1972,.T.);
#575=FACE_BOUND('',#1973,.T.);
#576=FACE_BOUND('',#1974,.T.);
#577=FACE_BOUND('',#1975,.T.);
#578=FACE_BOUND('',#1976,.T.);
#579=FACE_BOUND('',#1977,.T.);
#580=FACE_BOUND('',#1978,.T.);
#581=FACE_BOUND('',#1984,.T.);
#582=FACE_BOUND('',#1985,.T.);
#583=FACE_BOUND('',#1986,.T.);
#584=FACE_BOUND('',#1987,.T.);
#585=FACE_BOUND('',#1988,.T.);
#586=FACE_BOUND('',#1989,.T.);
#587=FACE_BOUND('',#1990,.T.);
#588=FACE_BOUND('',#1991,.T.);
#589=FACE_BOUND('',#1992,.T.);
#590=FACE_BOUND('',#1993,.T.);
#591=FACE_BOUND('',#1994,.T.);
#592=FACE_BOUND('',#1995,.T.);
#593=FACE_BOUND('',#1996,.T.);
#594=FACE_BOUND('',#1997,.T.);
#595=FACE_BOUND('',#1998,.T.);
#596=FACE_BOUND('',#1999,.T.);
#597=FACE_BOUND('',#2000,.T.);
#598=FACE_BOUND('',#2001,.T.);
#599=FACE_BOUND('',#2002,.T.);
#600=FACE_BOUND('',#2003,.T.);
#601=FACE_BOUND('',#2004,.T.);
#602=FACE_BOUND('',#2005,.T.);
#603=FACE_BOUND('',#2006,.T.);
#604=FACE_BOUND('',#2007,.T.);
#605=FACE_BOUND('',#2008,.T.);
#606=FACE_BOUND('',#2009,.T.);
#607=FACE_BOUND('',#2010,.T.);
#608=FACE_BOUND('',#2011,.T.);
#609=FACE_BOUND('',#2012,.T.);
#610=FACE_BOUND('',#2013,.T.);
#611=FACE_BOUND('',#2014,.T.);
#612=FACE_BOUND('',#2015,.T.);
#613=FACE_BOUND('',#2016,.T.);
#614=FACE_BOUND('',#2017,.T.);
#615=FACE_BOUND('',#2018,.T.);
#616=FACE_BOUND('',#2019,.T.);
#617=FACE_BOUND('',#2020,.T.);
#618=FACE_BOUND('',#2021,.T.);
#619=FACE_BOUND('',#2022,.T.);
#620=FACE_BOUND('',#2023,.T.);
#621=FACE_BOUND('',#2024,.T.);
#622=FACE_BOUND('',#2025,.T.);
#623=FACE_BOUND('',#2026,.T.);
#624=FACE_BOUND('',#2027,.T.);
#625=FACE_BOUND('',#2028,.T.);
#626=FACE_BOUND('',#2029,.T.);
#627=FACE_BOUND('',#2043,.T.);
#628=FACE_BOUND('',#2044,.T.);
#629=FACE_BOUND('',#2045,.T.);
#630=FACE_BOUND('',#2046,.T.);
#631=FACE_BOUND('',#2053,.T.);
#632=FACE_BOUND('',#2054,.T.);
#633=FACE_BOUND('',#2055,.T.);
#634=FACE_BOUND('',#2056,.T.);
#635=FACE_BOUND('',#2065,.T.);
#636=FACE_BOUND('',#2066,.T.);
#637=FACE_BOUND('',#2067,.T.);
#638=FACE_BOUND('',#2068,.T.);
#639=FACE_BOUND('',#2075,.T.);
#640=FACE_BOUND('',#2076,.T.);
#641=FACE_BOUND('',#2077,.T.);
#642=FACE_BOUND('',#2078,.T.);
#643=FACE_BOUND('',#2091,.T.);
#644=FACE_BOUND('',#2092,.T.);
#645=FACE_BOUND('',#2093,.T.);
#646=FACE_BOUND('',#2094,.T.);
#647=FACE_BOUND('',#2095,.T.);
#648=FACE_BOUND('',#2096,.T.);
#649=FACE_BOUND('',#2097,.T.);
#650=FACE_BOUND('',#2099,.T.);
#651=FACE_BOUND('',#2100,.T.);
#652=FACE_BOUND('',#2101,.T.);
#653=FACE_BOUND('',#2102,.T.);
#654=FACE_BOUND('',#2103,.T.);
#655=FACE_BOUND('',#2104,.T.);
#656=FACE_BOUND('',#2105,.T.);
#657=FACE_BOUND('',#2109,.T.);
#658=FACE_BOUND('',#2110,.T.);
#659=FACE_BOUND('',#2112,.T.);
#660=FACE_BOUND('',#2119,.T.);
#661=FACE_BOUND('',#2120,.T.);
#662=FACE_BOUND('',#2123,.T.);
#663=FACE_BOUND('',#2128,.T.);
#664=FACE_BOUND('',#2130,.T.);
#665=FACE_BOUND('',#2131,.T.);
#666=FACE_BOUND('',#2137,.T.);
#667=FACE_BOUND('',#2138,.T.);
#668=FACE_BOUND('',#2143,.T.);
#669=FACE_BOUND('',#2150,.T.);
#670=FACE_BOUND('',#2152,.T.);
#671=FACE_BOUND('',#2154,.T.);
#672=FACE_BOUND('',#2163,.T.);
#673=FACE_BOUND('',#2164,.T.);
#674=FACE_BOUND('',#2165,.T.);
#675=FACE_BOUND('',#2166,.T.);
#676=FACE_BOUND('',#2167,.T.);
#677=FACE_BOUND('',#2169,.T.);
#678=FACE_BOUND('',#2171,.T.);
#679=FACE_BOUND('',#2178,.T.);
#680=FACE_BOUND('',#2180,.T.);
#681=FACE_BOUND('',#2182,.T.);
#682=FACE_BOUND('',#2189,.T.);
#683=FACE_BOUND('',#2191,.T.);
#684=FACE_BOUND('',#2193,.T.);
#685=FACE_BOUND('',#2200,.T.);
#686=FACE_BOUND('',#2201,.T.);
#687=FACE_BOUND('',#2202,.T.);
#688=FACE_BOUND('',#2205,.T.);
#689=FACE_BOUND('',#2207,.T.);
#690=FACE_BOUND('',#2208,.T.);
#691=FACE_BOUND('',#2215,.T.);
#692=FACE_BOUND('',#2216,.T.);
#693=FACE_BOUND('',#2217,.T.);
#694=FACE_BOUND('',#2220,.T.);
#695=FACE_BOUND('',#2221,.T.);
#696=FACE_BOUND('',#2223,.T.);
#697=FACE_BOUND('',#2249,.T.);
#698=FACE_BOUND('',#2250,.T.);
#699=FACE_BOUND('',#2252,.T.);
#700=FACE_BOUND('',#2253,.T.);
#701=FACE_BOUND('',#2265,.T.);
#702=FACE_BOUND('',#2266,.T.);
#703=FACE_BOUND('',#2267,.T.);
#704=FACE_BOUND('',#2268,.T.);
#705=FACE_BOUND('',#2271,.T.);
#706=FACE_BOUND('',#2272,.T.);
#707=FACE_BOUND('',#2273,.T.);
#708=FACE_BOUND('',#2274,.T.);
#709=FACE_BOUND('',#2295,.T.);
#710=FACE_BOUND('',#2296,.T.);
#711=FACE_BOUND('',#2297,.T.);
#712=FACE_BOUND('',#2298,.T.);
#713=FACE_BOUND('',#2299,.T.);
#714=FACE_BOUND('',#2300,.T.);
#715=FACE_BOUND('',#2302,.T.);
#716=FACE_BOUND('',#2303,.T.);
#717=FACE_BOUND('',#2304,.T.);
#718=FACE_BOUND('',#2305,.T.);
#719=FACE_BOUND('',#2306,.T.);
#720=FACE_BOUND('',#2307,.T.);
#721=FACE_BOUND('',#2326,.T.);
#722=FACE_BOUND('',#2328,.T.);
#723=FACE_BOUND('',#2335,.T.);
#724=FACE_BOUND('',#2337,.T.);
#725=FACE_BOUND('',#2344,.T.);
#726=FACE_BOUND('',#2346,.T.);
#727=FACE_BOUND('',#2353,.T.);
#728=FACE_BOUND('',#2355,.T.);
#729=FACE_BOUND('',#2362,.T.);
#730=FACE_BOUND('',#2364,.T.);
#731=FACE_BOUND('',#2371,.T.);
#732=FACE_BOUND('',#2373,.T.);
#733=FACE_BOUND('',#2381,.T.);
#734=FACE_BOUND('',#2383,.T.);
#735=FACE_BOUND('',#2389,.T.);
#736=FACE_BOUND('',#2390,.T.);
#737=FACE_BOUND('',#2395,.T.);
#738=FACE_BOUND('',#2403,.T.);
#739=FACE_BOUND('',#2405,.T.);
#740=FACE_BOUND('',#2411,.T.);
#741=FACE_BOUND('',#2412,.T.);
#742=FACE_BOUND('',#2417,.T.);
#743=FACE_BOUND('',#2427,.T.);
#744=FACE_BOUND('',#2428,.T.);
#745=FACE_BOUND('',#2429,.T.);
#746=FACE_BOUND('',#2430,.T.);
#747=FACE_BOUND('',#2432,.T.);
#748=FACE_BOUND('',#2433,.T.);
#749=FACE_BOUND('',#2434,.T.);
#750=FACE_BOUND('',#2435,.T.);
#751=FACE_BOUND('',#2444,.T.);
#752=FACE_BOUND('',#2447,.T.);
#753=FACE_BOUND('',#2455,.T.);
#754=FACE_BOUND('',#2457,.T.);
#755=FACE_BOUND('',#2462,.T.);
#756=FACE_BOUND('',#2470,.T.);
#757=FACE_BOUND('',#2471,.T.);
#758=FACE_BOUND('',#2473,.T.);
#759=FACE_BOUND('',#2479,.T.);
#760=FACE_BOUND('',#2487,.T.);
#761=FACE_BOUND('',#2488,.T.);
#762=FACE_BOUND('',#2492,.T.);
#763=FACE_BOUND('',#2496,.T.);
#764=FACE_BOUND('',#2498,.T.);
#765=FACE_BOUND('',#2502,.T.);
#766=FACE_BOUND('',#2504,.T.);
#767=FACE_BOUND('',#2515,.T.);
#768=FACE_BOUND('',#2537,.T.);
#769=FACE_BOUND('',#2538,.T.);
#770=FACE_BOUND('',#2540,.T.);
#771=FACE_BOUND('',#2541,.T.);
#772=FACE_BOUND('',#2549,.T.);
#773=FACE_BOUND('',#2550,.T.);
#774=FACE_BOUND('',#2552,.T.);
#775=FACE_BOUND('',#2553,.T.);
#776=FACE_BOUND('',#2576,.T.);
#777=FACE_BOUND('',#2578,.T.);
#778=FACE_BOUND('',#2585,.T.);
#779=FACE_BOUND('',#2587,.T.);
#780=FACE_BOUND('',#2604,.T.);
#781=FACE_BOUND('',#2606,.T.);
#782=FACE_BOUND('',#2613,.T.);
#783=FACE_BOUND('',#2615,.T.);
#784=FACE_BOUND('',#2641,.T.);
#785=FACE_BOUND('',#2642,.T.);
#786=FACE_BOUND('',#2643,.T.);
#787=FACE_BOUND('',#2644,.T.);
#788=FACE_BOUND('',#2645,.T.);
#789=FACE_BOUND('',#2648,.T.);
#790=FACE_BOUND('',#2649,.T.);
#791=FACE_BOUND('',#2650,.T.);
#792=FACE_BOUND('',#2651,.T.);
#793=FACE_BOUND('',#2652,.T.);
#794=FACE_BOUND('',#2659,.T.);
#795=FACE_BOUND('',#2660,.T.);
#796=FACE_BOUND('',#2661,.T.);
#797=FACE_BOUND('',#2662,.T.);
#798=FACE_BOUND('',#2663,.T.);
#799=FACE_BOUND('',#2675,.T.);
#800=FACE_BOUND('',#2676,.T.);
#801=FACE_BOUND('',#2677,.T.);
#802=FACE_BOUND('',#2678,.T.);
#803=FACE_BOUND('',#2679,.T.);
#804=FACE_BOUND('',#2682,.T.);
#805=FACE_BOUND('',#2683,.T.);
#806=FACE_BOUND('',#2689,.T.);
#807=FACE_BOUND('',#2690,.T.);
#808=FACE_BOUND('',#2691,.T.);
#809=FACE_BOUND('',#2693,.T.);
#810=FACE_BOUND('',#2694,.T.);
#811=FACE_BOUND('',#2695,.T.);
#812=FACE_BOUND('',#2709,.T.);
#813=FACE_BOUND('',#2710,.T.);
#814=FACE_BOUND('',#2711,.T.);
#815=FACE_BOUND('',#2712,.T.);
#816=FACE_BOUND('',#2713,.T.);
#817=FACE_BOUND('',#2716,.T.);
#818=FACE_BOUND('',#2717,.T.);
#819=FACE_BOUND('',#2718,.T.);
#820=FACE_BOUND('',#2719,.T.);
#821=FACE_BOUND('',#2720,.T.);
#822=FACE_BOUND('',#2727,.T.);
#823=FACE_BOUND('',#2728,.T.);
#824=FACE_BOUND('',#2729,.T.);
#825=FACE_BOUND('',#2730,.T.);
#826=FACE_BOUND('',#2731,.T.);
#827=FACE_BOUND('',#2743,.T.);
#828=FACE_BOUND('',#2744,.T.);
#829=FACE_BOUND('',#2745,.T.);
#830=FACE_BOUND('',#2746,.T.);
#831=FACE_BOUND('',#2747,.T.);
#832=FACE_BOUND('',#2750,.T.);
#833=FACE_BOUND('',#2751,.T.);
#834=FACE_BOUND('',#2757,.T.);
#835=FACE_BOUND('',#2758,.T.);
#836=FACE_BOUND('',#2759,.T.);
#837=FACE_BOUND('',#2761,.T.);
#838=FACE_BOUND('',#2762,.T.);
#839=FACE_BOUND('',#2763,.T.);
#840=FACE_BOUND('',#2770,.T.);
#841=FACE_BOUND('',#2773,.T.);
#842=FACE_BOUND('',#2782,.T.);
#843=FACE_BOUND('',#2785,.T.);
#844=PLANE('',#11571);
#845=PLANE('',#11572);
#846=PLANE('',#11573);
#847=PLANE('',#11574);
#848=PLANE('',#11575);
#849=PLANE('',#11576);
#850=PLANE('',#11577);
#851=PLANE('',#11578);
#852=PLANE('',#11579);
#853=PLANE('',#11580);
#854=PLANE('',#11581);
#855=PLANE('',#11582);
#856=PLANE('',#11583);
#857=PLANE('',#11584);
#858=PLANE('',#11585);
#859=PLANE('',#11586);
#860=PLANE('',#11641);
#861=PLANE('',#11642);
#862=PLANE('',#11643);
#863=PLANE('',#11644);
#864=PLANE('',#11645);
#865=PLANE('',#11646);
#866=PLANE('',#11647);
#867=PLANE('',#11648);
#868=PLANE('',#11649);
#869=PLANE('',#11650);
#870=PLANE('',#11651);
#871=PLANE('',#11652);
#872=PLANE('',#11653);
#873=PLANE('',#11654);
#874=PLANE('',#11668);
#875=PLANE('',#11669);
#876=PLANE('',#11670);
#877=PLANE('',#11671);
#878=PLANE('',#11672);
#879=PLANE('',#11673);
#880=PLANE('',#11674);
#881=PLANE('',#11675);
#882=PLANE('',#11676);
#883=PLANE('',#11677);
#884=PLANE('',#11691);
#885=PLANE('',#11692);
#886=PLANE('',#11693);
#887=PLANE('',#11694);
#888=PLANE('',#11695);
#889=PLANE('',#11696);
#890=PLANE('',#11697);
#891=PLANE('',#11698);
#892=PLANE('',#11699);
#893=PLANE('',#11700);
#894=PLANE('',#11723);
#895=PLANE('',#11724);
#896=PLANE('',#11725);
#897=PLANE('',#11726);
#898=PLANE('',#11727);
#899=PLANE('',#11728);
#900=PLANE('',#11730);
#901=PLANE('',#11734);
#902=PLANE('',#11737);
#903=PLANE('',#11738);
#904=PLANE('',#11739);
#905=PLANE('',#11744);
#906=PLANE('',#11745);
#907=PLANE('',#11746);
#908=PLANE('',#11747);
#909=PLANE('',#11748);
#910=PLANE('',#11750);
#911=PLANE('',#11754);
#912=PLANE('',#11755);
#913=PLANE('',#11758);
#914=PLANE('',#11759);
#915=PLANE('',#11764);
#916=PLANE('',#11765);
#917=PLANE('',#11766);
#918=PLANE('',#11767);
#919=PLANE('',#11768);
#920=PLANE('',#11774);
#921=PLANE('',#11778);
#922=PLANE('',#11782);
#923=PLANE('',#11783);
#924=PLANE('',#11790);
#925=PLANE('',#11794);
#926=PLANE('',#11798);
#927=PLANE('',#11799);
#928=PLANE('',#11804);
#929=PLANE('',#11808);
#930=PLANE('',#11812);
#931=PLANE('',#11813);
#932=PLANE('',#11818);
#933=PLANE('',#11822);
#934=PLANE('',#11826);
#935=PLANE('',#11827);
#936=PLANE('',#11846);
#937=PLANE('',#11850);
#938=PLANE('',#11854);
#939=PLANE('',#11855);
#940=PLANE('',#11866);
#941=PLANE('',#11870);
#942=PLANE('',#11874);
#943=PLANE('',#11875);
#944=PLANE('',#11880);
#945=PLANE('',#11881);
#946=PLANE('',#11882);
#947=PLANE('',#11883);
#948=PLANE('',#11884);
#949=PLANE('',#11885);
#950=PLANE('',#11887);
#951=PLANE('',#11888);
#952=PLANE('',#11889);
#953=PLANE('',#11890);
#954=PLANE('',#11891);
#955=PLANE('',#11892);
#956=PLANE('',#11894);
#957=PLANE('',#11895);
#958=PLANE('',#11896);
#959=PLANE('',#11897);
#960=PLANE('',#11898);
#961=PLANE('',#11899);
#962=PLANE('',#11907);
#963=PLANE('',#11908);
#964=PLANE('',#11909);
#965=PLANE('',#11910);
#966=PLANE('',#11911);
#967=PLANE('',#11912);
#968=PLANE('',#11914);
#969=PLANE('',#11915);
#970=PLANE('',#11916);
#971=PLANE('',#11917);
#972=PLANE('',#11918);
#973=PLANE('',#11919);
#974=PLANE('',#11941);
#975=PLANE('',#11942);
#976=PLANE('',#11943);
#977=PLANE('',#11944);
#978=PLANE('',#11945);
#979=PLANE('',#11946);
#980=PLANE('',#11962);
#981=PLANE('',#11963);
#982=PLANE('',#11964);
#983=PLANE('',#11965);
#984=PLANE('',#11966);
#985=PLANE('',#11967);
#986=PLANE('',#11968);
#987=PLANE('',#11969);
#988=PLANE('',#11970);
#989=PLANE('',#11971);
#990=PLANE('',#11972);
#991=PLANE('',#11973);
#992=PLANE('',#11974);
#993=PLANE('',#11975);
#994=PLANE('',#11976);
#995=PLANE('',#11977);
#996=PLANE('',#11978);
#997=PLANE('',#11979);
#998=PLANE('',#11980);
#999=PLANE('',#11981);
#1000=PLANE('',#11982);
#1001=PLANE('',#11983);
#1002=PLANE('',#11984);
#1003=PLANE('',#11985);
#1004=PLANE('',#11986);
#1005=PLANE('',#11987);
#1006=PLANE('',#11992);
#1007=PLANE('',#11996);
#1008=PLANE('',#12000);
#1009=PLANE('',#12001);
#1010=PLANE('',#12006);
#1011=PLANE('',#12010);
#1012=PLANE('',#12014);
#1013=PLANE('',#12015);
#1014=PLANE('',#12020);
#1015=PLANE('',#12024);
#1016=PLANE('',#12028);
#1017=PLANE('',#12029);
#1018=PLANE('',#12034);
#1019=PLANE('',#12038);
#1020=PLANE('',#12042);
#1021=PLANE('',#12043);
#1022=PLANE('',#12048);
#1023=PLANE('',#12052);
#1024=PLANE('',#12056);
#1025=PLANE('',#12057);
#1026=PLANE('',#12062);
#1027=PLANE('',#12066);
#1028=PLANE('',#12070);
#1029=PLANE('',#12071);
#1030=PLANE('',#12079);
#1031=PLANE('',#12080);
#1032=PLANE('',#12081);
#1033=PLANE('',#12082);
#1034=PLANE('',#12083);
#1035=PLANE('',#12084);
#1036=PLANE('',#12085);
#1037=PLANE('',#12086);
#1038=PLANE('',#12087);
#1039=PLANE('',#12088);
#1040=PLANE('',#12089);
#1041=PLANE('',#12090);
#1042=PLANE('',#12091);
#1043=PLANE('',#12092);
#1044=PLANE('',#12093);
#1045=PLANE('',#12101);
#1046=PLANE('',#12102);
#1047=PLANE('',#12103);
#1048=PLANE('',#12104);
#1049=PLANE('',#12105);
#1050=PLANE('',#12106);
#1051=PLANE('',#12107);
#1052=PLANE('',#12108);
#1053=PLANE('',#12109);
#1054=PLANE('',#12110);
#1055=PLANE('',#12111);
#1056=PLANE('',#12112);
#1057=PLANE('',#12113);
#1058=PLANE('',#12114);
#1059=PLANE('',#12115);
#1060=PLANE('',#12129);
#1061=PLANE('',#12130);
#1062=PLANE('',#12131);
#1063=PLANE('',#12132);
#1064=PLANE('',#12133);
#1065=PLANE('',#12134);
#1066=PLANE('',#12150);
#1067=PLANE('',#12151);
#1068=PLANE('',#12152);
#1069=PLANE('',#12153);
#1070=PLANE('',#12154);
#1071=PLANE('',#12155);
#1072=PLANE('',#12160);
#1073=PLANE('',#12161);
#1074=PLANE('',#12162);
#1075=PLANE('',#12163);
#1076=PLANE('',#12164);
#1077=PLANE('',#12165);
#1078=PLANE('',#12166);
#1079=PLANE('',#12170);
#1080=PLANE('',#12171);
#1081=PLANE('',#12172);
#1082=PLANE('',#12173);
#1083=PLANE('',#12174);
#1084=PLANE('',#12176);
#1085=PLANE('',#12177);
#1086=PLANE('',#12179);
#1087=PLANE('',#12183);
#1088=PLANE('',#12187);
#1089=PLANE('',#12188);
#1090=PLANE('',#12189);
#1091=PLANE('',#12190);
#1092=PLANE('',#12193);
#1093=PLANE('',#12194);
#1094=PLANE('',#12196);
#1095=PLANE('',#12197);
#1096=PLANE('',#12199);
#1097=PLANE('',#12203);
#1098=PLANE('',#12207);
#1099=PLANE('',#12208);
#1100=PLANE('',#12209);
#1101=PLANE('',#12210);
#1102=PLANE('',#12213);
#1103=PLANE('',#12214);
#1104=PLANE('',#12219);
#1105=PLANE('',#12221);
#1106=PLANE('',#12228);
#1107=PLANE('',#12229);
#1108=PLANE('',#12233);
#1109=PLANE('',#12235);
#1110=PLANE('',#12241);
#1111=PLANE('',#12242);
#1112=PLANE('',#12243);
#1113=PLANE('',#12244);
#1114=PLANE('',#12245);
#1115=PLANE('',#12246);
#1116=PLANE('',#12247);
#1117=PLANE('',#12249);
#1118=PLANE('',#12250);
#1119=PLANE('',#12251);
#1120=PLANE('',#12252);
#1121=PLANE('',#12253);
#1122=PLANE('',#12254);
#1123=PLANE('',#12256);
#1124=PLANE('',#12257);
#1125=PLANE('',#12258);
#1126=PLANE('',#12259);
#1127=PLANE('',#12260);
#1128=PLANE('',#12261);
#1129=PLANE('',#12269);
#1130=PLANE('',#12270);
#1131=PLANE('',#12271);
#1132=PLANE('',#12272);
#1133=PLANE('',#12273);
#1134=PLANE('',#12274);
#1135=PLANE('',#12282);
#1136=PLANE('',#12283);
#1137=PLANE('',#12284);
#1138=PLANE('',#12285);
#1139=PLANE('',#12286);
#1140=PLANE('',#12287);
#1141=PLANE('',#12289);
#1142=PLANE('',#12290);
#1143=PLANE('',#12291);
#1144=PLANE('',#12292);
#1145=PLANE('',#12293);
#1146=PLANE('',#12294);
#1147=PLANE('',#12302);
#1148=PLANE('',#12303);
#1149=PLANE('',#12304);
#1150=PLANE('',#12305);
#1151=PLANE('',#12306);
#1152=PLANE('',#12307);
#1153=PLANE('',#12308);
#1154=PLANE('',#12309);
#1155=PLANE('',#12314);
#1156=PLANE('',#12315);
#1157=PLANE('',#12316);
#1158=PLANE('',#12317);
#1159=PLANE('',#12318);
#1160=PLANE('',#12319);
#1161=PLANE('',#12324);
#1162=PLANE('',#12325);
#1163=PLANE('',#12326);
#1164=PLANE('',#12327);
#1165=PLANE('',#12328);
#1166=PLANE('',#12329);
#1167=PLANE('',#12337);
#1168=PLANE('',#12338);
#1169=PLANE('',#12339);
#1170=PLANE('',#12340);
#1171=PLANE('',#12341);
#1172=PLANE('',#12342);
#1173=PLANE('',#12343);
#1174=PLANE('',#12344);
#1175=PLANE('',#12349);
#1176=PLANE('',#12350);
#1177=PLANE('',#12351);
#1178=PLANE('',#12352);
#1179=PLANE('',#12353);
#1180=PLANE('',#12354);
#1181=PLANE('',#12359);
#1182=PLANE('',#12360);
#1183=PLANE('',#12361);
#1184=PLANE('',#12362);
#1185=PLANE('',#12363);
#1186=PLANE('',#12364);
#1187=PLANE('',#12369);
#1188=PLANE('',#12370);
#1189=PLANE('',#12372);
#1190=PLANE('',#12373);
#1191=PLANE('',#12380);
#1192=PLANE('',#12381);
#1193=PLANE('',#12383);
#1194=PLANE('',#12384);
#1195=PLANE('',#12411);
#1196=PLANE('',#12412);
#1197=PLANE('',#12417);
#1198=PLANE('',#12418);
#1199=PLANE('',#12435);
#1200=PLANE('',#12436);
#1201=PLANE('',#12437);
#1202=PLANE('',#12438);
#1203=PLANE('',#12439);
#1204=PLANE('',#12440);
#1205=PLANE('',#12442);
#1206=PLANE('',#12443);
#1207=PLANE('',#12444);
#1208=PLANE('',#12445);
#1209=PLANE('',#12454);
#1210=PLANE('',#12458);
#1211=PLANE('',#12469);
#1212=PLANE('',#12470);
#1213=PLANE('',#12471);
#1214=PLANE('',#12472);
#1215=PLANE('',#12486);
#1216=PLANE('',#12487);
#1217=PLANE('',#12492);
#1218=PLANE('',#12493);
#1219=PLANE('',#12498);
#1220=PLANE('',#12499);
#1221=PLANE('',#12516);
#1222=PLANE('',#12517);
#1223=PLANE('',#12518);
#1224=PLANE('',#12519);
#1225=PLANE('',#12520);
#1226=PLANE('',#12521);
#1227=PLANE('',#12523);
#1228=PLANE('',#12524);
#1229=PLANE('',#12525);
#1230=PLANE('',#12526);
#1231=PLANE('',#12535);
#1232=PLANE('',#12539);
#1233=PLANE('',#12550);
#1234=PLANE('',#12551);
#1235=PLANE('',#12552);
#1236=PLANE('',#12553);
#1237=PLANE('',#12567);
#1238=PLANE('',#12568);
#1239=PLANE('',#12584);
#1240=PLANE('',#12588);
#1241=PLANE('',#12589);
#1242=PLANE('',#12590);
#1243=PLANE('',#12591);
#1244=PLANE('',#12592);
#1245=PLANE('',#12593);
#1246=PLANE('',#12594);
#1247=PLANE('',#12599);
#1248=PLANE('',#12603);
#1249=PLANE('',#12604);
#1250=PLANE('',#12605);
#1251=PLANE('',#12606);
#1252=PLANE('',#12607);
#1253=PLANE('',#12608);
#1254=PLANE('',#12609);
#1255=FACE_OUTER_BOUND('',#1867,.T.);
#1256=FACE_OUTER_BOUND('',#1868,.T.);
#1257=FACE_OUTER_BOUND('',#1869,.T.);
#1258=FACE_OUTER_BOUND('',#1870,.T.);
#1259=FACE_OUTER_BOUND('',#1871,.T.);
#1260=FACE_OUTER_BOUND('',#1872,.T.);
#1261=FACE_OUTER_BOUND('',#1873,.T.);
#1262=FACE_OUTER_BOUND('',#1874,.T.);
#1263=FACE_OUTER_BOUND('',#1875,.T.);
#1264=FACE_OUTER_BOUND('',#1876,.T.);
#1265=FACE_OUTER_BOUND('',#1877,.T.);
#1266=FACE_OUTER_BOUND('',#1878,.T.);
#1267=FACE_OUTER_BOUND('',#1879,.T.);
#1268=FACE_OUTER_BOUND('',#1880,.T.);
#1269=FACE_OUTER_BOUND('',#1881,.T.);
#1270=FACE_OUTER_BOUND('',#1882,.T.);
#1271=FACE_OUTER_BOUND('',#1883,.T.);
#1272=FACE_OUTER_BOUND('',#1884,.T.);
#1273=FACE_OUTER_BOUND('',#1885,.T.);
#1274=FACE_OUTER_BOUND('',#1886,.T.);
#1275=FACE_OUTER_BOUND('',#1887,.T.);
#1276=FACE_OUTER_BOUND('',#1888,.T.);
#1277=FACE_OUTER_BOUND('',#1889,.T.);
#1278=FACE_OUTER_BOUND('',#1890,.T.);
#1279=FACE_OUTER_BOUND('',#1891,.T.);
#1280=FACE_OUTER_BOUND('',#1892,.T.);
#1281=FACE_OUTER_BOUND('',#1893,.T.);
#1282=FACE_OUTER_BOUND('',#1894,.T.);
#1283=FACE_OUTER_BOUND('',#1895,.T.);
#1284=FACE_OUTER_BOUND('',#1896,.T.);
#1285=FACE_OUTER_BOUND('',#1897,.T.);
#1286=FACE_OUTER_BOUND('',#1898,.T.);
#1287=FACE_OUTER_BOUND('',#1899,.T.);
#1288=FACE_OUTER_BOUND('',#1900,.T.);
#1289=FACE_OUTER_BOUND('',#1901,.T.);
#1290=FACE_OUTER_BOUND('',#1902,.T.);
#1291=FACE_OUTER_BOUND('',#1903,.T.);
#1292=FACE_OUTER_BOUND('',#1904,.T.);
#1293=FACE_OUTER_BOUND('',#1905,.T.);
#1294=FACE_OUTER_BOUND('',#1906,.T.);
#1295=FACE_OUTER_BOUND('',#1907,.T.);
#1296=FACE_OUTER_BOUND('',#1908,.T.);
#1297=FACE_OUTER_BOUND('',#1909,.T.);
#1298=FACE_OUTER_BOUND('',#1910,.T.);
#1299=FACE_OUTER_BOUND('',#1911,.T.);
#1300=FACE_OUTER_BOUND('',#1912,.T.);
#1301=FACE_OUTER_BOUND('',#1913,.T.);
#1302=FACE_OUTER_BOUND('',#1914,.T.);
#1303=FACE_OUTER_BOUND('',#1915,.T.);
#1304=FACE_OUTER_BOUND('',#1916,.T.);
#1305=FACE_OUTER_BOUND('',#1917,.T.);
#1306=FACE_OUTER_BOUND('',#1918,.T.);
#1307=FACE_OUTER_BOUND('',#1919,.T.);
#1308=FACE_OUTER_BOUND('',#1920,.T.);
#1309=FACE_OUTER_BOUND('',#1921,.T.);
#1310=FACE_OUTER_BOUND('',#1922,.T.);
#1311=FACE_OUTER_BOUND('',#1923,.T.);
#1312=FACE_OUTER_BOUND('',#1924,.T.);
#1313=FACE_OUTER_BOUND('',#1925,.T.);
#1314=FACE_OUTER_BOUND('',#1926,.T.);
#1315=FACE_OUTER_BOUND('',#1927,.T.);
#1316=FACE_OUTER_BOUND('',#1928,.T.);
#1317=FACE_OUTER_BOUND('',#1929,.T.);
#1318=FACE_OUTER_BOUND('',#1930,.T.);
#1319=FACE_OUTER_BOUND('',#1931,.T.);
#1320=FACE_OUTER_BOUND('',#1932,.T.);
#1321=FACE_OUTER_BOUND('',#1979,.T.);
#1322=FACE_OUTER_BOUND('',#1980,.T.);
#1323=FACE_OUTER_BOUND('',#1981,.T.);
#1324=FACE_OUTER_BOUND('',#1982,.T.);
#1325=FACE_OUTER_BOUND('',#1983,.T.);
#1326=FACE_OUTER_BOUND('',#2030,.T.);
#1327=FACE_OUTER_BOUND('',#2031,.T.);
#1328=FACE_OUTER_BOUND('',#2032,.T.);
#1329=FACE_OUTER_BOUND('',#2033,.T.);
#1330=FACE_OUTER_BOUND('',#2034,.T.);
#1331=FACE_OUTER_BOUND('',#2035,.T.);
#1332=FACE_OUTER_BOUND('',#2036,.T.);
#1333=FACE_OUTER_BOUND('',#2037,.T.);
#1334=FACE_OUTER_BOUND('',#2038,.T.);
#1335=FACE_OUTER_BOUND('',#2039,.T.);
#1336=FACE_OUTER_BOUND('',#2040,.T.);
#1337=FACE_OUTER_BOUND('',#2041,.T.);
#1338=FACE_OUTER_BOUND('',#2042,.T.);
#1339=FACE_OUTER_BOUND('',#2047,.T.);
#1340=FACE_OUTER_BOUND('',#2048,.T.);
#1341=FACE_OUTER_BOUND('',#2049,.T.);
#1342=FACE_OUTER_BOUND('',#2050,.T.);
#1343=FACE_OUTER_BOUND('',#2051,.T.);
#1344=FACE_OUTER_BOUND('',#2052,.T.);
#1345=FACE_OUTER_BOUND('',#2057,.T.);
#1346=FACE_OUTER_BOUND('',#2058,.T.);
#1347=FACE_OUTER_BOUND('',#2059,.T.);
#1348=FACE_OUTER_BOUND('',#2060,.T.);
#1349=FACE_OUTER_BOUND('',#2061,.T.);
#1350=FACE_OUTER_BOUND('',#2062,.T.);
#1351=FACE_OUTER_BOUND('',#2063,.T.);
#1352=FACE_OUTER_BOUND('',#2064,.T.);
#1353=FACE_OUTER_BOUND('',#2069,.T.);
#1354=FACE_OUTER_BOUND('',#2070,.T.);
#1355=FACE_OUTER_BOUND('',#2071,.T.);
#1356=FACE_OUTER_BOUND('',#2072,.T.);
#1357=FACE_OUTER_BOUND('',#2073,.T.);
#1358=FACE_OUTER_BOUND('',#2074,.T.);
#1359=FACE_OUTER_BOUND('',#2079,.T.);
#1360=FACE_OUTER_BOUND('',#2080,.T.);
#1361=FACE_OUTER_BOUND('',#2081,.T.);
#1362=FACE_OUTER_BOUND('',#2082,.T.);
#1363=FACE_OUTER_BOUND('',#2083,.T.);
#1364=FACE_OUTER_BOUND('',#2084,.T.);
#1365=FACE_OUTER_BOUND('',#2085,.T.);
#1366=FACE_OUTER_BOUND('',#2086,.T.);
#1367=FACE_OUTER_BOUND('',#2087,.T.);
#1368=FACE_OUTER_BOUND('',#2088,.T.);
#1369=FACE_OUTER_BOUND('',#2089,.T.);
#1370=FACE_OUTER_BOUND('',#2090,.T.);
#1371=FACE_OUTER_BOUND('',#2098,.T.);
#1372=FACE_OUTER_BOUND('',#2106,.T.);
#1373=FACE_OUTER_BOUND('',#2107,.T.);
#1374=FACE_OUTER_BOUND('',#2108,.T.);
#1375=FACE_OUTER_BOUND('',#2111,.T.);
#1376=FACE_OUTER_BOUND('',#2113,.T.);
#1377=FACE_OUTER_BOUND('',#2114,.T.);
#1378=FACE_OUTER_BOUND('',#2115,.T.);
#1379=FACE_OUTER_BOUND('',#2116,.T.);
#1380=FACE_OUTER_BOUND('',#2117,.T.);
#1381=FACE_OUTER_BOUND('',#2118,.T.);
#1382=FACE_OUTER_BOUND('',#2121,.T.);
#1383=FACE_OUTER_BOUND('',#2122,.T.);
#1384=FACE_OUTER_BOUND('',#2124,.T.);
#1385=FACE_OUTER_BOUND('',#2125,.T.);
#1386=FACE_OUTER_BOUND('',#2126,.T.);
#1387=FACE_OUTER_BOUND('',#2127,.T.);
#1388=FACE_OUTER_BOUND('',#2129,.T.);
#1389=FACE_OUTER_BOUND('',#2132,.T.);
#1390=FACE_OUTER_BOUND('',#2133,.T.);
#1391=FACE_OUTER_BOUND('',#2134,.T.);
#1392=FACE_OUTER_BOUND('',#2135,.T.);
#1393=FACE_OUTER_BOUND('',#2136,.T.);
#1394=FACE_OUTER_BOUND('',#2139,.T.);
#1395=FACE_OUTER_BOUND('',#2140,.T.);
#1396=FACE_OUTER_BOUND('',#2141,.T.);
#1397=FACE_OUTER_BOUND('',#2142,.T.);
#1398=FACE_OUTER_BOUND('',#2144,.T.);
#1399=FACE_OUTER_BOUND('',#2145,.T.);
#1400=FACE_OUTER_BOUND('',#2146,.T.);
#1401=FACE_OUTER_BOUND('',#2147,.T.);
#1402=FACE_OUTER_BOUND('',#2148,.T.);
#1403=FACE_OUTER_BOUND('',#2149,.T.);
#1404=FACE_OUTER_BOUND('',#2151,.T.);
#1405=FACE_OUTER_BOUND('',#2153,.T.);
#1406=FACE_OUTER_BOUND('',#2155,.T.);
#1407=FACE_OUTER_BOUND('',#2156,.T.);
#1408=FACE_OUTER_BOUND('',#2157,.T.);
#1409=FACE_OUTER_BOUND('',#2158,.T.);
#1410=FACE_OUTER_BOUND('',#2159,.T.);
#1411=FACE_OUTER_BOUND('',#2160,.T.);
#1412=FACE_OUTER_BOUND('',#2161,.T.);
#1413=FACE_OUTER_BOUND('',#2162,.T.);
#1414=FACE_OUTER_BOUND('',#2168,.T.);
#1415=FACE_OUTER_BOUND('',#2170,.T.);
#1416=FACE_OUTER_BOUND('',#2172,.T.);
#1417=FACE_OUTER_BOUND('',#2173,.T.);
#1418=FACE_OUTER_BOUND('',#2174,.T.);
#1419=FACE_OUTER_BOUND('',#2175,.T.);
#1420=FACE_OUTER_BOUND('',#2176,.T.);
#1421=FACE_OUTER_BOUND('',#2177,.T.);
#1422=FACE_OUTER_BOUND('',#2179,.T.);
#1423=FACE_OUTER_BOUND('',#2181,.T.);
#1424=FACE_OUTER_BOUND('',#2183,.T.);
#1425=FACE_OUTER_BOUND('',#2184,.T.);
#1426=FACE_OUTER_BOUND('',#2185,.T.);
#1427=FACE_OUTER_BOUND('',#2186,.T.);
#1428=FACE_OUTER_BOUND('',#2187,.T.);
#1429=FACE_OUTER_BOUND('',#2188,.T.);
#1430=FACE_OUTER_BOUND('',#2190,.T.);
#1431=FACE_OUTER_BOUND('',#2192,.T.);
#1432=FACE_OUTER_BOUND('',#2194,.T.);
#1433=FACE_OUTER_BOUND('',#2195,.T.);
#1434=FACE_OUTER_BOUND('',#2196,.T.);
#1435=FACE_OUTER_BOUND('',#2197,.T.);
#1436=FACE_OUTER_BOUND('',#2198,.T.);
#1437=FACE_OUTER_BOUND('',#2199,.T.);
#1438=FACE_OUTER_BOUND('',#2203,.T.);
#1439=FACE_OUTER_BOUND('',#2204,.T.);
#1440=FACE_OUTER_BOUND('',#2206,.T.);
#1441=FACE_OUTER_BOUND('',#2209,.T.);
#1442=FACE_OUTER_BOUND('',#2210,.T.);
#1443=FACE_OUTER_BOUND('',#2211,.T.);
#1444=FACE_OUTER_BOUND('',#2212,.T.);
#1445=FACE_OUTER_BOUND('',#2213,.T.);
#1446=FACE_OUTER_BOUND('',#2214,.T.);
#1447=FACE_OUTER_BOUND('',#2218,.T.);
#1448=FACE_OUTER_BOUND('',#2219,.T.);
#1449=FACE_OUTER_BOUND('',#2222,.T.);
#1450=FACE_OUTER_BOUND('',#2224,.T.);
#1451=FACE_OUTER_BOUND('',#2225,.T.);
#1452=FACE_OUTER_BOUND('',#2226,.T.);
#1453=FACE_OUTER_BOUND('',#2227,.T.);
#1454=FACE_OUTER_BOUND('',#2228,.T.);
#1455=FACE_OUTER_BOUND('',#2229,.T.);
#1456=FACE_OUTER_BOUND('',#2230,.T.);
#1457=FACE_OUTER_BOUND('',#2231,.T.);
#1458=FACE_OUTER_BOUND('',#2232,.T.);
#1459=FACE_OUTER_BOUND('',#2233,.T.);
#1460=FACE_OUTER_BOUND('',#2234,.T.);
#1461=FACE_OUTER_BOUND('',#2235,.T.);
#1462=FACE_OUTER_BOUND('',#2236,.T.);
#1463=FACE_OUTER_BOUND('',#2237,.T.);
#1464=FACE_OUTER_BOUND('',#2238,.T.);
#1465=FACE_OUTER_BOUND('',#2239,.T.);
#1466=FACE_OUTER_BOUND('',#2240,.T.);
#1467=FACE_OUTER_BOUND('',#2241,.T.);
#1468=FACE_OUTER_BOUND('',#2242,.T.);
#1469=FACE_OUTER_BOUND('',#2243,.T.);
#1470=FACE_OUTER_BOUND('',#2244,.T.);
#1471=FACE_OUTER_BOUND('',#2245,.T.);
#1472=FACE_OUTER_BOUND('',#2246,.T.);
#1473=FACE_OUTER_BOUND('',#2247,.T.);
#1474=FACE_OUTER_BOUND('',#2248,.T.);
#1475=FACE_OUTER_BOUND('',#2251,.T.);
#1476=FACE_OUTER_BOUND('',#2254,.T.);
#1477=FACE_OUTER_BOUND('',#2255,.T.);
#1478=FACE_OUTER_BOUND('',#2256,.T.);
#1479=FACE_OUTER_BOUND('',#2257,.T.);
#1480=FACE_OUTER_BOUND('',#2258,.T.);
#1481=FACE_OUTER_BOUND('',#2259,.T.);
#1482=FACE_OUTER_BOUND('',#2260,.T.);
#1483=FACE_OUTER_BOUND('',#2261,.T.);
#1484=FACE_OUTER_BOUND('',#2262,.T.);
#1485=FACE_OUTER_BOUND('',#2263,.T.);
#1486=FACE_OUTER_BOUND('',#2264,.T.);
#1487=FACE_OUTER_BOUND('',#2269,.T.);
#1488=FACE_OUTER_BOUND('',#2270,.T.);
#1489=FACE_OUTER_BOUND('',#2275,.T.);
#1490=FACE_OUTER_BOUND('',#2276,.T.);
#1491=FACE_OUTER_BOUND('',#2277,.T.);
#1492=FACE_OUTER_BOUND('',#2278,.T.);
#1493=FACE_OUTER_BOUND('',#2279,.T.);
#1494=FACE_OUTER_BOUND('',#2280,.T.);
#1495=FACE_OUTER_BOUND('',#2281,.T.);
#1496=FACE_OUTER_BOUND('',#2282,.T.);
#1497=FACE_OUTER_BOUND('',#2283,.T.);
#1498=FACE_OUTER_BOUND('',#2284,.T.);
#1499=FACE_OUTER_BOUND('',#2285,.T.);
#1500=FACE_OUTER_BOUND('',#2286,.T.);
#1501=FACE_OUTER_BOUND('',#2287,.T.);
#1502=FACE_OUTER_BOUND('',#2288,.T.);
#1503=FACE_OUTER_BOUND('',#2289,.T.);
#1504=FACE_OUTER_BOUND('',#2290,.T.);
#1505=FACE_OUTER_BOUND('',#2291,.T.);
#1506=FACE_OUTER_BOUND('',#2292,.T.);
#1507=FACE_OUTER_BOUND('',#2293,.T.);
#1508=FACE_OUTER_BOUND('',#2294,.T.);
#1509=FACE_OUTER_BOUND('',#2301,.T.);
#1510=FACE_OUTER_BOUND('',#2308,.T.);
#1511=FACE_OUTER_BOUND('',#2309,.T.);
#1512=FACE_OUTER_BOUND('',#2310,.T.);
#1513=FACE_OUTER_BOUND('',#2311,.T.);
#1514=FACE_OUTER_BOUND('',#2312,.T.);
#1515=FACE_OUTER_BOUND('',#2313,.T.);
#1516=FACE_OUTER_BOUND('',#2314,.T.);
#1517=FACE_OUTER_BOUND('',#2315,.T.);
#1518=FACE_OUTER_BOUND('',#2316,.T.);
#1519=FACE_OUTER_BOUND('',#2317,.T.);
#1520=FACE_OUTER_BOUND('',#2318,.T.);
#1521=FACE_OUTER_BOUND('',#2319,.T.);
#1522=FACE_OUTER_BOUND('',#2320,.T.);
#1523=FACE_OUTER_BOUND('',#2321,.T.);
#1524=FACE_OUTER_BOUND('',#2322,.T.);
#1525=FACE_OUTER_BOUND('',#2323,.T.);
#1526=FACE_OUTER_BOUND('',#2324,.T.);
#1527=FACE_OUTER_BOUND('',#2325,.T.);
#1528=FACE_OUTER_BOUND('',#2327,.T.);
#1529=FACE_OUTER_BOUND('',#2329,.T.);
#1530=FACE_OUTER_BOUND('',#2330,.T.);
#1531=FACE_OUTER_BOUND('',#2331,.T.);
#1532=FACE_OUTER_BOUND('',#2332,.T.);
#1533=FACE_OUTER_BOUND('',#2333,.T.);
#1534=FACE_OUTER_BOUND('',#2334,.T.);
#1535=FACE_OUTER_BOUND('',#2336,.T.);
#1536=FACE_OUTER_BOUND('',#2338,.T.);
#1537=FACE_OUTER_BOUND('',#2339,.T.);
#1538=FACE_OUTER_BOUND('',#2340,.T.);
#1539=FACE_OUTER_BOUND('',#2341,.T.);
#1540=FACE_OUTER_BOUND('',#2342,.T.);
#1541=FACE_OUTER_BOUND('',#2343,.T.);
#1542=FACE_OUTER_BOUND('',#2345,.T.);
#1543=FACE_OUTER_BOUND('',#2347,.T.);
#1544=FACE_OUTER_BOUND('',#2348,.T.);
#1545=FACE_OUTER_BOUND('',#2349,.T.);
#1546=FACE_OUTER_BOUND('',#2350,.T.);
#1547=FACE_OUTER_BOUND('',#2351,.T.);
#1548=FACE_OUTER_BOUND('',#2352,.T.);
#1549=FACE_OUTER_BOUND('',#2354,.T.);
#1550=FACE_OUTER_BOUND('',#2356,.T.);
#1551=FACE_OUTER_BOUND('',#2357,.T.);
#1552=FACE_OUTER_BOUND('',#2358,.T.);
#1553=FACE_OUTER_BOUND('',#2359,.T.);
#1554=FACE_OUTER_BOUND('',#2360,.T.);
#1555=FACE_OUTER_BOUND('',#2361,.T.);
#1556=FACE_OUTER_BOUND('',#2363,.T.);
#1557=FACE_OUTER_BOUND('',#2365,.T.);
#1558=FACE_OUTER_BOUND('',#2366,.T.);
#1559=FACE_OUTER_BOUND('',#2367,.T.);
#1560=FACE_OUTER_BOUND('',#2368,.T.);
#1561=FACE_OUTER_BOUND('',#2369,.T.);
#1562=FACE_OUTER_BOUND('',#2370,.T.);
#1563=FACE_OUTER_BOUND('',#2372,.T.);
#1564=FACE_OUTER_BOUND('',#2374,.T.);
#1565=FACE_OUTER_BOUND('',#2375,.T.);
#1566=FACE_OUTER_BOUND('',#2376,.T.);
#1567=FACE_OUTER_BOUND('',#2377,.T.);
#1568=FACE_OUTER_BOUND('',#2378,.T.);
#1569=FACE_OUTER_BOUND('',#2379,.T.);
#1570=FACE_OUTER_BOUND('',#2380,.T.);
#1571=FACE_OUTER_BOUND('',#2382,.T.);
#1572=FACE_OUTER_BOUND('',#2384,.T.);
#1573=FACE_OUTER_BOUND('',#2385,.T.);
#1574=FACE_OUTER_BOUND('',#2386,.T.);
#1575=FACE_OUTER_BOUND('',#2387,.T.);
#1576=FACE_OUTER_BOUND('',#2388,.T.);
#1577=FACE_OUTER_BOUND('',#2391,.T.);
#1578=FACE_OUTER_BOUND('',#2392,.T.);
#1579=FACE_OUTER_BOUND('',#2393,.T.);
#1580=FACE_OUTER_BOUND('',#2394,.T.);
#1581=FACE_OUTER_BOUND('',#2396,.T.);
#1582=FACE_OUTER_BOUND('',#2397,.T.);
#1583=FACE_OUTER_BOUND('',#2398,.T.);
#1584=FACE_OUTER_BOUND('',#2399,.T.);
#1585=FACE_OUTER_BOUND('',#2400,.T.);
#1586=FACE_OUTER_BOUND('',#2401,.T.);
#1587=FACE_OUTER_BOUND('',#2402,.T.);
#1588=FACE_OUTER_BOUND('',#2404,.T.);
#1589=FACE_OUTER_BOUND('',#2406,.T.);
#1590=FACE_OUTER_BOUND('',#2407,.T.);
#1591=FACE_OUTER_BOUND('',#2408,.T.);
#1592=FACE_OUTER_BOUND('',#2409,.T.);
#1593=FACE_OUTER_BOUND('',#2410,.T.);
#1594=FACE_OUTER_BOUND('',#2413,.T.);
#1595=FACE_OUTER_BOUND('',#2414,.T.);
#1596=FACE_OUTER_BOUND('',#2415,.T.);
#1597=FACE_OUTER_BOUND('',#2416,.T.);
#1598=FACE_OUTER_BOUND('',#2418,.T.);
#1599=FACE_OUTER_BOUND('',#2419,.T.);
#1600=FACE_OUTER_BOUND('',#2420,.T.);
#1601=FACE_OUTER_BOUND('',#2421,.T.);
#1602=FACE_OUTER_BOUND('',#2422,.T.);
#1603=FACE_OUTER_BOUND('',#2423,.T.);
#1604=FACE_OUTER_BOUND('',#2424,.T.);
#1605=FACE_OUTER_BOUND('',#2425,.T.);
#1606=FACE_OUTER_BOUND('',#2426,.T.);
#1607=FACE_OUTER_BOUND('',#2431,.T.);
#1608=FACE_OUTER_BOUND('',#2436,.T.);
#1609=FACE_OUTER_BOUND('',#2437,.T.);
#1610=FACE_OUTER_BOUND('',#2438,.T.);
#1611=FACE_OUTER_BOUND('',#2439,.T.);
#1612=FACE_OUTER_BOUND('',#2440,.T.);
#1613=FACE_OUTER_BOUND('',#2441,.T.);
#1614=FACE_OUTER_BOUND('',#2442,.T.);
#1615=FACE_OUTER_BOUND('',#2443,.T.);
#1616=FACE_OUTER_BOUND('',#2445,.T.);
#1617=FACE_OUTER_BOUND('',#2446,.T.);
#1618=FACE_OUTER_BOUND('',#2448,.T.);
#1619=FACE_OUTER_BOUND('',#2449,.T.);
#1620=FACE_OUTER_BOUND('',#2450,.T.);
#1621=FACE_OUTER_BOUND('',#2451,.T.);
#1622=FACE_OUTER_BOUND('',#2452,.T.);
#1623=FACE_OUTER_BOUND('',#2453,.T.);
#1624=FACE_OUTER_BOUND('',#2454,.T.);
#1625=FACE_OUTER_BOUND('',#2456,.T.);
#1626=FACE_OUTER_BOUND('',#2458,.T.);
#1627=FACE_OUTER_BOUND('',#2459,.T.);
#1628=FACE_OUTER_BOUND('',#2460,.T.);
#1629=FACE_OUTER_BOUND('',#2461,.T.);
#1630=FACE_OUTER_BOUND('',#2463,.T.);
#1631=FACE_OUTER_BOUND('',#2464,.T.);
#1632=FACE_OUTER_BOUND('',#2465,.T.);
#1633=FACE_OUTER_BOUND('',#2466,.T.);
#1634=FACE_OUTER_BOUND('',#2467,.T.);
#1635=FACE_OUTER_BOUND('',#2468,.T.);
#1636=FACE_OUTER_BOUND('',#2469,.T.);
#1637=FACE_OUTER_BOUND('',#2472,.T.);
#1638=FACE_OUTER_BOUND('',#2474,.T.);
#1639=FACE_OUTER_BOUND('',#2475,.T.);
#1640=FACE_OUTER_BOUND('',#2476,.T.);
#1641=FACE_OUTER_BOUND('',#2477,.T.);
#1642=FACE_OUTER_BOUND('',#2478,.T.);
#1643=FACE_OUTER_BOUND('',#2480,.T.);
#1644=FACE_OUTER_BOUND('',#2481,.T.);
#1645=FACE_OUTER_BOUND('',#2482,.T.);
#1646=FACE_OUTER_BOUND('',#2483,.T.);
#1647=FACE_OUTER_BOUND('',#2484,.T.);
#1648=FACE_OUTER_BOUND('',#2485,.T.);
#1649=FACE_OUTER_BOUND('',#2486,.T.);
#1650=FACE_OUTER_BOUND('',#2489,.T.);
#1651=FACE_OUTER_BOUND('',#2490,.T.);
#1652=FACE_OUTER_BOUND('',#2491,.T.);
#1653=FACE_OUTER_BOUND('',#2493,.T.);
#1654=FACE_OUTER_BOUND('',#2494,.T.);
#1655=FACE_OUTER_BOUND('',#2495,.T.);
#1656=FACE_OUTER_BOUND('',#2497,.T.);
#1657=FACE_OUTER_BOUND('',#2499,.T.);
#1658=FACE_OUTER_BOUND('',#2500,.T.);
#1659=FACE_OUTER_BOUND('',#2501,.T.);
#1660=FACE_OUTER_BOUND('',#2503,.T.);
#1661=FACE_OUTER_BOUND('',#2505,.T.);
#1662=FACE_OUTER_BOUND('',#2506,.T.);
#1663=FACE_OUTER_BOUND('',#2507,.T.);
#1664=FACE_OUTER_BOUND('',#2508,.T.);
#1665=FACE_OUTER_BOUND('',#2509,.T.);
#1666=FACE_OUTER_BOUND('',#2510,.T.);
#1667=FACE_OUTER_BOUND('',#2511,.T.);
#1668=FACE_OUTER_BOUND('',#2512,.T.);
#1669=FACE_OUTER_BOUND('',#2513,.T.);
#1670=FACE_OUTER_BOUND('',#2514,.T.);
#1671=FACE_OUTER_BOUND('',#2516,.T.);
#1672=FACE_OUTER_BOUND('',#2517,.T.);
#1673=FACE_OUTER_BOUND('',#2518,.T.);
#1674=FACE_OUTER_BOUND('',#2519,.T.);
#1675=FACE_OUTER_BOUND('',#2520,.T.);
#1676=FACE_OUTER_BOUND('',#2521,.T.);
#1677=FACE_OUTER_BOUND('',#2522,.T.);
#1678=FACE_OUTER_BOUND('',#2523,.T.);
#1679=FACE_OUTER_BOUND('',#2524,.T.);
#1680=FACE_OUTER_BOUND('',#2525,.T.);
#1681=FACE_OUTER_BOUND('',#2526,.T.);
#1682=FACE_OUTER_BOUND('',#2527,.T.);
#1683=FACE_OUTER_BOUND('',#2528,.T.);
#1684=FACE_OUTER_BOUND('',#2529,.T.);
#1685=FACE_OUTER_BOUND('',#2530,.T.);
#1686=FACE_OUTER_BOUND('',#2531,.T.);
#1687=FACE_OUTER_BOUND('',#2532,.T.);
#1688=FACE_OUTER_BOUND('',#2533,.T.);
#1689=FACE_OUTER_BOUND('',#2534,.T.);
#1690=FACE_OUTER_BOUND('',#2535,.T.);
#1691=FACE_OUTER_BOUND('',#2536,.T.);
#1692=FACE_OUTER_BOUND('',#2539,.T.);
#1693=FACE_OUTER_BOUND('',#2542,.T.);
#1694=FACE_OUTER_BOUND('',#2543,.T.);
#1695=FACE_OUTER_BOUND('',#2544,.T.);
#1696=FACE_OUTER_BOUND('',#2545,.T.);
#1697=FACE_OUTER_BOUND('',#2546,.T.);
#1698=FACE_OUTER_BOUND('',#2547,.T.);
#1699=FACE_OUTER_BOUND('',#2548,.T.);
#1700=FACE_OUTER_BOUND('',#2551,.T.);
#1701=FACE_OUTER_BOUND('',#2554,.T.);
#1702=FACE_OUTER_BOUND('',#2555,.T.);
#1703=FACE_OUTER_BOUND('',#2556,.T.);
#1704=FACE_OUTER_BOUND('',#2557,.T.);
#1705=FACE_OUTER_BOUND('',#2558,.T.);
#1706=FACE_OUTER_BOUND('',#2559,.T.);
#1707=FACE_OUTER_BOUND('',#2560,.T.);
#1708=FACE_OUTER_BOUND('',#2561,.T.);
#1709=FACE_OUTER_BOUND('',#2562,.T.);
#1710=FACE_OUTER_BOUND('',#2563,.T.);
#1711=FACE_OUTER_BOUND('',#2564,.T.);
#1712=FACE_OUTER_BOUND('',#2565,.T.);
#1713=FACE_OUTER_BOUND('',#2566,.T.);
#1714=FACE_OUTER_BOUND('',#2567,.T.);
#1715=FACE_OUTER_BOUND('',#2568,.T.);
#1716=FACE_OUTER_BOUND('',#2569,.T.);
#1717=FACE_OUTER_BOUND('',#2570,.T.);
#1718=FACE_OUTER_BOUND('',#2571,.T.);
#1719=FACE_OUTER_BOUND('',#2572,.T.);
#1720=FACE_OUTER_BOUND('',#2573,.T.);
#1721=FACE_OUTER_BOUND('',#2574,.T.);
#1722=FACE_OUTER_BOUND('',#2575,.T.);
#1723=FACE_OUTER_BOUND('',#2577,.T.);
#1724=FACE_OUTER_BOUND('',#2579,.T.);
#1725=FACE_OUTER_BOUND('',#2580,.T.);
#1726=FACE_OUTER_BOUND('',#2581,.T.);
#1727=FACE_OUTER_BOUND('',#2582,.T.);
#1728=FACE_OUTER_BOUND('',#2583,.T.);
#1729=FACE_OUTER_BOUND('',#2584,.T.);
#1730=FACE_OUTER_BOUND('',#2586,.T.);
#1731=FACE_OUTER_BOUND('',#2588,.T.);
#1732=FACE_OUTER_BOUND('',#2589,.T.);
#1733=FACE_OUTER_BOUND('',#2590,.T.);
#1734=FACE_OUTER_BOUND('',#2591,.T.);
#1735=FACE_OUTER_BOUND('',#2592,.T.);
#1736=FACE_OUTER_BOUND('',#2593,.T.);
#1737=FACE_OUTER_BOUND('',#2594,.T.);
#1738=FACE_OUTER_BOUND('',#2595,.T.);
#1739=FACE_OUTER_BOUND('',#2596,.T.);
#1740=FACE_OUTER_BOUND('',#2597,.T.);
#1741=FACE_OUTER_BOUND('',#2598,.T.);
#1742=FACE_OUTER_BOUND('',#2599,.T.);
#1743=FACE_OUTER_BOUND('',#2600,.T.);
#1744=FACE_OUTER_BOUND('',#2601,.T.);
#1745=FACE_OUTER_BOUND('',#2602,.T.);
#1746=FACE_OUTER_BOUND('',#2603,.T.);
#1747=FACE_OUTER_BOUND('',#2605,.T.);
#1748=FACE_OUTER_BOUND('',#2607,.T.);
#1749=FACE_OUTER_BOUND('',#2608,.T.);
#1750=FACE_OUTER_BOUND('',#2609,.T.);
#1751=FACE_OUTER_BOUND('',#2610,.T.);
#1752=FACE_OUTER_BOUND('',#2611,.T.);
#1753=FACE_OUTER_BOUND('',#2612,.T.);
#1754=FACE_OUTER_BOUND('',#2614,.T.);
#1755=FACE_OUTER_BOUND('',#2616,.T.);
#1756=FACE_OUTER_BOUND('',#2617,.T.);
#1757=FACE_OUTER_BOUND('',#2618,.T.);
#1758=FACE_OUTER_BOUND('',#2619,.T.);
#1759=FACE_OUTER_BOUND('',#2620,.T.);
#1760=FACE_OUTER_BOUND('',#2621,.T.);
#1761=FACE_OUTER_BOUND('',#2622,.T.);
#1762=FACE_OUTER_BOUND('',#2623,.T.);
#1763=FACE_OUTER_BOUND('',#2624,.T.);
#1764=FACE_OUTER_BOUND('',#2625,.T.);
#1765=FACE_OUTER_BOUND('',#2626,.T.);
#1766=FACE_OUTER_BOUND('',#2627,.T.);
#1767=FACE_OUTER_BOUND('',#2628,.T.);
#1768=FACE_OUTER_BOUND('',#2629,.T.);
#1769=FACE_OUTER_BOUND('',#2630,.T.);
#1770=FACE_OUTER_BOUND('',#2631,.T.);
#1771=FACE_OUTER_BOUND('',#2632,.T.);
#1772=FACE_OUTER_BOUND('',#2633,.T.);
#1773=FACE_OUTER_BOUND('',#2634,.T.);
#1774=FACE_OUTER_BOUND('',#2635,.T.);
#1775=FACE_OUTER_BOUND('',#2636,.T.);
#1776=FACE_OUTER_BOUND('',#2637,.T.);
#1777=FACE_OUTER_BOUND('',#2638,.T.);
#1778=FACE_OUTER_BOUND('',#2639,.T.);
#1779=FACE_OUTER_BOUND('',#2640,.T.);
#1780=FACE_OUTER_BOUND('',#2646,.T.);
#1781=FACE_OUTER_BOUND('',#2647,.T.);
#1782=FACE_OUTER_BOUND('',#2653,.T.);
#1783=FACE_OUTER_BOUND('',#2654,.T.);
#1784=FACE_OUTER_BOUND('',#2655,.T.);
#1785=FACE_OUTER_BOUND('',#2656,.T.);
#1786=FACE_OUTER_BOUND('',#2657,.T.);
#1787=FACE_OUTER_BOUND('',#2658,.T.);
#1788=FACE_OUTER_BOUND('',#2664,.T.);
#1789=FACE_OUTER_BOUND('',#2665,.T.);
#1790=FACE_OUTER_BOUND('',#2666,.T.);
#1791=FACE_OUTER_BOUND('',#2667,.T.);
#1792=FACE_OUTER_BOUND('',#2668,.T.);
#1793=FACE_OUTER_BOUND('',#2669,.T.);
#1794=FACE_OUTER_BOUND('',#2670,.T.);
#1795=FACE_OUTER_BOUND('',#2671,.T.);
#1796=FACE_OUTER_BOUND('',#2672,.T.);
#1797=FACE_OUTER_BOUND('',#2673,.T.);
#1798=FACE_OUTER_BOUND('',#2674,.T.);
#1799=FACE_OUTER_BOUND('',#2680,.T.);
#1800=FACE_OUTER_BOUND('',#2681,.T.);
#1801=FACE_OUTER_BOUND('',#2684,.T.);
#1802=FACE_OUTER_BOUND('',#2685,.T.);
#1803=FACE_OUTER_BOUND('',#2686,.T.);
#1804=FACE_OUTER_BOUND('',#2687,.T.);
#1805=FACE_OUTER_BOUND('',#2688,.T.);
#1806=FACE_OUTER_BOUND('',#2692,.T.);
#1807=FACE_OUTER_BOUND('',#2696,.T.);
#1808=FACE_OUTER_BOUND('',#2697,.T.);
#1809=FACE_OUTER_BOUND('',#2698,.T.);
#1810=FACE_OUTER_BOUND('',#2699,.T.);
#1811=FACE_OUTER_BOUND('',#2700,.T.);
#1812=FACE_OUTER_BOUND('',#2701,.T.);
#1813=FACE_OUTER_BOUND('',#2702,.T.);
#1814=FACE_OUTER_BOUND('',#2703,.T.);
#1815=FACE_OUTER_BOUND('',#2704,.T.);
#1816=FACE_OUTER_BOUND('',#2705,.T.);
#1817=FACE_OUTER_BOUND('',#2706,.T.);
#1818=FACE_OUTER_BOUND('',#2707,.T.);
#1819=FACE_OUTER_BOUND('',#2708,.T.);
#1820=FACE_OUTER_BOUND('',#2714,.T.);
#1821=FACE_OUTER_BOUND('',#2715,.T.);
#1822=FACE_OUTER_BOUND('',#2721,.T.);
#1823=FACE_OUTER_BOUND('',#2722,.T.);
#1824=FACE_OUTER_BOUND('',#2723,.T.);
#1825=FACE_OUTER_BOUND('',#2724,.T.);
#1826=FACE_OUTER_BOUND('',#2725,.T.);
#1827=FACE_OUTER_BOUND('',#2726,.T.);
#1828=FACE_OUTER_BOUND('',#2732,.T.);
#1829=FACE_OUTER_BOUND('',#2733,.T.);
#1830=FACE_OUTER_BOUND('',#2734,.T.);
#1831=FACE_OUTER_BOUND('',#2735,.T.);
#1832=FACE_OUTER_BOUND('',#2736,.T.);
#1833=FACE_OUTER_BOUND('',#2737,.T.);
#1834=FACE_OUTER_BOUND('',#2738,.T.);
#1835=FACE_OUTER_BOUND('',#2739,.T.);
#1836=FACE_OUTER_BOUND('',#2740,.T.);
#1837=FACE_OUTER_BOUND('',#2741,.T.);
#1838=FACE_OUTER_BOUND('',#2742,.T.);
#1839=FACE_OUTER_BOUND('',#2748,.T.);
#1840=FACE_OUTER_BOUND('',#2749,.T.);
#1841=FACE_OUTER_BOUND('',#2752,.T.);
#1842=FACE_OUTER_BOUND('',#2753,.T.);
#1843=FACE_OUTER_BOUND('',#2754,.T.);
#1844=FACE_OUTER_BOUND('',#2755,.T.);
#1845=FACE_OUTER_BOUND('',#2756,.T.);
#1846=FACE_OUTER_BOUND('',#2760,.T.);
#1847=FACE_OUTER_BOUND('',#2764,.T.);
#1848=FACE_OUTER_BOUND('',#2765,.T.);
#1849=FACE_OUTER_BOUND('',#2766,.T.);
#1850=FACE_OUTER_BOUND('',#2767,.T.);
#1851=FACE_OUTER_BOUND('',#2768,.T.);
#1852=FACE_OUTER_BOUND('',#2769,.T.);
#1853=FACE_OUTER_BOUND('',#2771,.T.);
#1854=FACE_OUTER_BOUND('',#2772,.T.);
#1855=FACE_OUTER_BOUND('',#2774,.T.);
#1856=FACE_OUTER_BOUND('',#2775,.T.);
#1857=FACE_OUTER_BOUND('',#2776,.T.);
#1858=FACE_OUTER_BOUND('',#2777,.T.);
#1859=FACE_OUTER_BOUND('',#2778,.T.);
#1860=FACE_OUTER_BOUND('',#2779,.T.);
#1861=FACE_OUTER_BOUND('',#2780,.T.);
#1862=FACE_OUTER_BOUND('',#2781,.T.);
#1863=FACE_OUTER_BOUND('',#2783,.T.);
#1864=FACE_OUTER_BOUND('',#2784,.T.);
#1865=FACE_OUTER_BOUND('',#2786,.T.);
#1866=FACE_OUTER_BOUND('',#2787,.T.);
#1867=EDGE_LOOP('',(#7281,#7282,#7283,#7284));
#1868=EDGE_LOOP('',(#7285,#7286,#7287,#7288));
#1869=EDGE_LOOP('',(#7289,#7290,#7291,#7292));
#1870=EDGE_LOOP('',(#7293,#7294,#7295,#7296));
#1871=EDGE_LOOP('',(#7297,#7298,#7299,#7300));
#1872=EDGE_LOOP('',(#7301,#7302,#7303,#7304));
#1873=EDGE_LOOP('',(#7305,#7306,#7307,#7308));
#1874=EDGE_LOOP('',(#7309,#7310,#7311,#7312));
#1875=EDGE_LOOP('',(#7313,#7314,#7315,#7316));
#1876=EDGE_LOOP('',(#7317,#7318,#7319,#7320));
#1877=EDGE_LOOP('',(#7321,#7322,#7323,#7324));
#1878=EDGE_LOOP('',(#7325,#7326,#7327,#7328));
#1879=EDGE_LOOP('',(#7329,#7330,#7331,#7332));
#1880=EDGE_LOOP('',(#7333,#7334,#7335,#7336));
#1881=EDGE_LOOP('',(#7337,#7338,#7339,#7340));
#1882=EDGE_LOOP('',(#7341,#7342,#7343,#7344));
#1883=EDGE_LOOP('',(#7345,#7346,#7347,#7348));
#1884=EDGE_LOOP('',(#7349,#7350,#7351,#7352));
#1885=EDGE_LOOP('',(#7353,#7354,#7355,#7356));
#1886=EDGE_LOOP('',(#7357,#7358,#7359,#7360));
#1887=EDGE_LOOP('',(#7361,#7362,#7363,#7364));
#1888=EDGE_LOOP('',(#7365,#7366,#7367,#7368));
#1889=EDGE_LOOP('',(#7369,#7370,#7371,#7372));
#1890=EDGE_LOOP('',(#7373,#7374,#7375,#7376));
#1891=EDGE_LOOP('',(#7377,#7378,#7379,#7380));
#1892=EDGE_LOOP('',(#7381,#7382,#7383,#7384));
#1893=EDGE_LOOP('',(#7385,#7386,#7387,#7388));
#1894=EDGE_LOOP('',(#7389,#7390,#7391,#7392));
#1895=EDGE_LOOP('',(#7393,#7394,#7395,#7396));
#1896=EDGE_LOOP('',(#7397,#7398,#7399,#7400));
#1897=EDGE_LOOP('',(#7401,#7402,#7403,#7404));
#1898=EDGE_LOOP('',(#7405,#7406,#7407,#7408));
#1899=EDGE_LOOP('',(#7409,#7410,#7411,#7412));
#1900=EDGE_LOOP('',(#7413,#7414,#7415,#7416));
#1901=EDGE_LOOP('',(#7417,#7418,#7419,#7420));
#1902=EDGE_LOOP('',(#7421,#7422,#7423,#7424));
#1903=EDGE_LOOP('',(#7425,#7426,#7427,#7428));
#1904=EDGE_LOOP('',(#7429,#7430,#7431,#7432));
#1905=EDGE_LOOP('',(#7433,#7434,#7435,#7436));
#1906=EDGE_LOOP('',(#7437,#7438,#7439,#7440));
#1907=EDGE_LOOP('',(#7441,#7442,#7443,#7444));
#1908=EDGE_LOOP('',(#7445,#7446,#7447,#7448));
#1909=EDGE_LOOP('',(#7449,#7450,#7451,#7452));
#1910=EDGE_LOOP('',(#7453,#7454,#7455,#7456));
#1911=EDGE_LOOP('',(#7457,#7458,#7459,#7460));
#1912=EDGE_LOOP('',(#7461,#7462,#7463,#7464));
#1913=EDGE_LOOP('',(#7465,#7466,#7467,#7468));
#1914=EDGE_LOOP('',(#7469,#7470,#7471,#7472));
#1915=EDGE_LOOP('',(#7473,#7474,#7475,#7476));
#1916=EDGE_LOOP('',(#7477,#7478,#7479,#7480));
#1917=EDGE_LOOP('',(#7481,#7482,#7483,#7484));
#1918=EDGE_LOOP('',(#7485,#7486,#7487,#7488));
#1919=EDGE_LOOP('',(#7489,#7490,#7491,#7492));
#1920=EDGE_LOOP('',(#7493,#7494,#7495,#7496));
#1921=EDGE_LOOP('',(#7497,#7498,#7499,#7500));
#1922=EDGE_LOOP('',(#7501,#7502,#7503,#7504));
#1923=EDGE_LOOP('',(#7505,#7506,#7507,#7508));
#1924=EDGE_LOOP('',(#7509,#7510,#7511,#7512));
#1925=EDGE_LOOP('',(#7513,#7514,#7515,#7516));
#1926=EDGE_LOOP('',(#7517,#7518,#7519,#7520));
#1927=EDGE_LOOP('',(#7521,#7522,#7523,#7524));
#1928=EDGE_LOOP('',(#7525,#7526,#7527,#7528));
#1929=EDGE_LOOP('',(#7529,#7530,#7531,#7532));
#1930=EDGE_LOOP('',(#7533,#7534,#7535,#7536));
#1931=EDGE_LOOP('',(#7537,#7538,#7539,#7540));
#1932=EDGE_LOOP('',(#7541,#7542,#7543,#7544,#7545,#7546,#7547,#7548,#7549,
#7550,#7551,#7552));
#1933=EDGE_LOOP('',(#7553));
#1934=EDGE_LOOP('',(#7554));
#1935=EDGE_LOOP('',(#7555));
#1936=EDGE_LOOP('',(#7556));
#1937=EDGE_LOOP('',(#7557));
#1938=EDGE_LOOP('',(#7558));
#1939=EDGE_LOOP('',(#7559));
#1940=EDGE_LOOP('',(#7560));
#1941=EDGE_LOOP('',(#7561,#7562,#7563,#7564));
#1942=EDGE_LOOP('',(#7565,#7566,#7567,#7568));
#1943=EDGE_LOOP('',(#7569));
#1944=EDGE_LOOP('',(#7570));
#1945=EDGE_LOOP('',(#7571,#7572));
#1946=EDGE_LOOP('',(#7573));
#1947=EDGE_LOOP('',(#7574));
#1948=EDGE_LOOP('',(#7575,#7576));
#1949=EDGE_LOOP('',(#7577));
#1950=EDGE_LOOP('',(#7578));
#1951=EDGE_LOOP('',(#7579));
#1952=EDGE_LOOP('',(#7580));
#1953=EDGE_LOOP('',(#7581));
#1954=EDGE_LOOP('',(#7582));
#1955=EDGE_LOOP('',(#7583));
#1956=EDGE_LOOP('',(#7584));
#1957=EDGE_LOOP('',(#7585));
#1958=EDGE_LOOP('',(#7586,#7587));
#1959=EDGE_LOOP('',(#7588,#7589));
#1960=EDGE_LOOP('',(#7590));
#1961=EDGE_LOOP('',(#7591));
#1962=EDGE_LOOP('',(#7592));
#1963=EDGE_LOOP('',(#7593));
#1964=EDGE_LOOP('',(#7594));
#1965=EDGE_LOOP('',(#7595,#7596,#7597,#7598));
#1966=EDGE_LOOP('',(#7599,#7600,#7601,#7602));
#1967=EDGE_LOOP('',(#7603));
#1968=EDGE_LOOP('',(#7604));
#1969=EDGE_LOOP('',(#7605));
#1970=EDGE_LOOP('',(#7606));
#1971=EDGE_LOOP('',(#7607));
#1972=EDGE_LOOP('',(#7608));
#1973=EDGE_LOOP('',(#7609));
#1974=EDGE_LOOP('',(#7610));
#1975=EDGE_LOOP('',(#7611));
#1976=EDGE_LOOP('',(#7612));
#1977=EDGE_LOOP('',(#7613));
#1978=EDGE_LOOP('',(#7614));
#1979=EDGE_LOOP('',(#7615,#7616,#7617,#7618));
#1980=EDGE_LOOP('',(#7619,#7620,#7621,#7622));
#1981=EDGE_LOOP('',(#7623,#7624,#7625,#7626));
#1982=EDGE_LOOP('',(#7627,#7628,#7629,#7630));
#1983=EDGE_LOOP('',(#7631,#7632,#7633,#7634,#7635,#7636,#7637,#7638,#7639,
#7640,#7641,#7642));
#1984=EDGE_LOOP('',(#7643,#7644));
#1985=EDGE_LOOP('',(#7645,#7646));
#1986=EDGE_LOOP('',(#7647));
#1987=EDGE_LOOP('',(#7648));
#1988=EDGE_LOOP('',(#7649));
#1989=EDGE_LOOP('',(#7650));
#1990=EDGE_LOOP('',(#7651));
#1991=EDGE_LOOP('',(#7652));
#1992=EDGE_LOOP('',(#7653));
#1993=EDGE_LOOP('',(#7654));
#1994=EDGE_LOOP('',(#7655,#7656,#7657,#7658));
#1995=EDGE_LOOP('',(#7659,#7660,#7661,#7662));
#1996=EDGE_LOOP('',(#7663));
#1997=EDGE_LOOP('',(#7664));
#1998=EDGE_LOOP('',(#7665));
#1999=EDGE_LOOP('',(#7666));
#2000=EDGE_LOOP('',(#7667));
#2001=EDGE_LOOP('',(#7668));
#2002=EDGE_LOOP('',(#7669));
#2003=EDGE_LOOP('',(#7670));
#2004=EDGE_LOOP('',(#7671));
#2005=EDGE_LOOP('',(#7672));
#2006=EDGE_LOOP('',(#7673));
#2007=EDGE_LOOP('',(#7674));
#2008=EDGE_LOOP('',(#7675));
#2009=EDGE_LOOP('',(#7676));
#2010=EDGE_LOOP('',(#7677));
#2011=EDGE_LOOP('',(#7678));
#2012=EDGE_LOOP('',(#7679));
#2013=EDGE_LOOP('',(#7680));
#2014=EDGE_LOOP('',(#7681,#7682,#7683,#7684));
#2015=EDGE_LOOP('',(#7685,#7686,#7687,#7688));
#2016=EDGE_LOOP('',(#7689));
#2017=EDGE_LOOP('',(#7690));
#2018=EDGE_LOOP('',(#7691));
#2019=EDGE_LOOP('',(#7692));
#2020=EDGE_LOOP('',(#7693));
#2021=EDGE_LOOP('',(#7694));
#2022=EDGE_LOOP('',(#7695));
#2023=EDGE_LOOP('',(#7696));
#2024=EDGE_LOOP('',(#7697,#7698));
#2025=EDGE_LOOP('',(#7699,#7700));
#2026=EDGE_LOOP('',(#7701));
#2027=EDGE_LOOP('',(#7702));
#2028=EDGE_LOOP('',(#7703));
#2029=EDGE_LOOP('',(#7704));
#2030=EDGE_LOOP('',(#7705,#7706,#7707,#7708));
#2031=EDGE_LOOP('',(#7709,#7710,#7711,#7712));
#2032=EDGE_LOOP('',(#7713,#7714,#7715,#7716));
#2033=EDGE_LOOP('',(#7717,#7718,#7719,#7720));
#2034=EDGE_LOOP('',(#7721,#7722,#7723,#7724));
#2035=EDGE_LOOP('',(#7725,#7726,#7727,#7728));
#2036=EDGE_LOOP('',(#7729,#7730,#7731,#7732));
#2037=EDGE_LOOP('',(#7733,#7734,#7735,#7736));
#2038=EDGE_LOOP('',(#7737,#7738,#7739,#7740));
#2039=EDGE_LOOP('',(#7741,#7742,#7743,#7744));
#2040=EDGE_LOOP('',(#7745,#7746,#7747,#7748));
#2041=EDGE_LOOP('',(#7749,#7750,#7751,#7752));
#2042=EDGE_LOOP('',(#7753,#7754,#7755,#7756,#7757,#7758,#7759,#7760));
#2043=EDGE_LOOP('',(#7761));
#2044=EDGE_LOOP('',(#7762));
#2045=EDGE_LOOP('',(#7763));
#2046=EDGE_LOOP('',(#7764));
#2047=EDGE_LOOP('',(#7765,#7766,#7767,#7768));
#2048=EDGE_LOOP('',(#7769,#7770,#7771,#7772));
#2049=EDGE_LOOP('',(#7773,#7774,#7775,#7776));
#2050=EDGE_LOOP('',(#7777,#7778,#7779,#7780));
#2051=EDGE_LOOP('',(#7781,#7782,#7783,#7784));
#2052=EDGE_LOOP('',(#7785,#7786,#7787,#7788,#7789,#7790,#7791,#7792));
#2053=EDGE_LOOP('',(#7793));
#2054=EDGE_LOOP('',(#7794));
#2055=EDGE_LOOP('',(#7795));
#2056=EDGE_LOOP('',(#7796));
#2057=EDGE_LOOP('',(#7797,#7798,#7799,#7800));
#2058=EDGE_LOOP('',(#7801,#7802,#7803,#7804));
#2059=EDGE_LOOP('',(#7805,#7806,#7807,#7808));
#2060=EDGE_LOOP('',(#7809,#7810,#7811,#7812));
#2061=EDGE_LOOP('',(#7813,#7814,#7815,#7816));
#2062=EDGE_LOOP('',(#7817,#7818,#7819,#7820));
#2063=EDGE_LOOP('',(#7821,#7822,#7823,#7824));
#2064=EDGE_LOOP('',(#7825,#7826,#7827,#7828,#7829,#7830,#7831,#7832));
#2065=EDGE_LOOP('',(#7833));
#2066=EDGE_LOOP('',(#7834));
#2067=EDGE_LOOP('',(#7835));
#2068=EDGE_LOOP('',(#7836));
#2069=EDGE_LOOP('',(#7837,#7838,#7839,#7840));
#2070=EDGE_LOOP('',(#7841,#7842,#7843,#7844));
#2071=EDGE_LOOP('',(#7845,#7846,#7847,#7848));
#2072=EDGE_LOOP('',(#7849,#7850,#7851,#7852));
#2073=EDGE_LOOP('',(#7853,#7854,#7855,#7856));
#2074=EDGE_LOOP('',(#7857,#7858,#7859,#7860,#7861,#7862,#7863,#7864));
#2075=EDGE_LOOP('',(#7865));
#2076=EDGE_LOOP('',(#7866));
#2077=EDGE_LOOP('',(#7867));
#2078=EDGE_LOOP('',(#7868));
#2079=EDGE_LOOP('',(#7869,#7870,#7871,#7872));
#2080=EDGE_LOOP('',(#7873,#7874,#7875,#7876));
#2081=EDGE_LOOP('',(#7877,#7878,#7879,#7880));
#2082=EDGE_LOOP('',(#7881,#7882,#7883,#7884));
#2083=EDGE_LOOP('',(#7885,#7886,#7887,#7888));
#2084=EDGE_LOOP('',(#7889,#7890,#7891,#7892));
#2085=EDGE_LOOP('',(#7893,#7894,#7895,#7896));
#2086=EDGE_LOOP('',(#7897,#7898,#7899,#7900));
#2087=EDGE_LOOP('',(#7901,#7902,#7903,#7904));
#2088=EDGE_LOOP('',(#7905,#7906,#7907,#7908));
#2089=EDGE_LOOP('',(#7909,#7910,#7911,#7912));
#2090=EDGE_LOOP('',(#7913,#7914,#7915,#7916));
#2091=EDGE_LOOP('',(#7917));
#2092=EDGE_LOOP('',(#7918));
#2093=EDGE_LOOP('',(#7919));
#2094=EDGE_LOOP('',(#7920));
#2095=EDGE_LOOP('',(#7921));
#2096=EDGE_LOOP('',(#7922));
#2097=EDGE_LOOP('',(#7923));
#2098=EDGE_LOOP('',(#7924,#7925,#7926,#7927));
#2099=EDGE_LOOP('',(#7928));
#2100=EDGE_LOOP('',(#7929));
#2101=EDGE_LOOP('',(#7930));
#2102=EDGE_LOOP('',(#7931));
#2103=EDGE_LOOP('',(#7932));
#2104=EDGE_LOOP('',(#7933));
#2105=EDGE_LOOP('',(#7934));
#2106=EDGE_LOOP('',(#7935,#7936));
#2107=EDGE_LOOP('',(#7937,#7938));
#2108=EDGE_LOOP('',(#7939,#7940,#7941,#7942));
#2109=EDGE_LOOP('',(#7943));
#2110=EDGE_LOOP('',(#7944));
#2111=EDGE_LOOP('',(#7945,#7946,#7947,#7948));
#2112=EDGE_LOOP('',(#7949,#7950));
#2113=EDGE_LOOP('',(#7951,#7952,#7953,#7954));
#2114=EDGE_LOOP('',(#7955,#7956,#7957));
#2115=EDGE_LOOP('',(#7958,#7959,#7960,#7961));
#2116=EDGE_LOOP('',(#7962,#7963,#7964,#7965));
#2117=EDGE_LOOP('',(#7966,#7967,#7968,#7969));
#2118=EDGE_LOOP('',(#7970,#7971,#7972,#7973));
#2119=EDGE_LOOP('',(#7974));
#2120=EDGE_LOOP('',(#7975));
#2121=EDGE_LOOP('',(#7976,#7977,#7978,#7979));
#2122=EDGE_LOOP('',(#7980,#7981,#7982));
#2123=EDGE_LOOP('',(#7983,#7984,#7985));
#2124=EDGE_LOOP('',(#7986,#7987,#7988));
#2125=EDGE_LOOP('',(#7989,#7990));
#2126=EDGE_LOOP('',(#7991,#7992));
#2127=EDGE_LOOP('',(#7993,#7994,#7995,#7996));
#2128=EDGE_LOOP('',(#7997,#7998));
#2129=EDGE_LOOP('',(#7999,#8000,#8001,#8002));
#2130=EDGE_LOOP('',(#8003));
#2131=EDGE_LOOP('',(#8004));
#2132=EDGE_LOOP('',(#8005,#8006,#8007,#8008));
#2133=EDGE_LOOP('',(#8009,#8010,#8011));
#2134=EDGE_LOOP('',(#8012,#8013,#8014,#8015));
#2135=EDGE_LOOP('',(#8016,#8017,#8018,#8019));
#2136=EDGE_LOOP('',(#8020,#8021,#8022,#8023));
#2137=EDGE_LOOP('',(#8024));
#2138=EDGE_LOOP('',(#8025));
#2139=EDGE_LOOP('',(#8026,#8027,#8028,#8029));
#2140=EDGE_LOOP('',(#8030,#8031,#8032,#8033));
#2141=EDGE_LOOP('',(#8034,#8035,#8036));
#2142=EDGE_LOOP('',(#8037,#8038,#8039));
#2143=EDGE_LOOP('',(#8040,#8041,#8042));
#2144=EDGE_LOOP('',(#8043,#8044,#8045,#8046,#8047,#8048,#8049));
#2145=EDGE_LOOP('',(#8050,#8051,#8052,#8053));
#2146=EDGE_LOOP('',(#8054));
#2147=EDGE_LOOP('',(#8055,#8056,#8057,#8058));
#2148=EDGE_LOOP('',(#8059));
#2149=EDGE_LOOP('',(#8060,#8061,#8062,#8063,#8064,#8065,#8066,#8067,#8068));
#2150=EDGE_LOOP('',(#8069,#8070));
#2151=EDGE_LOOP('',(#8071));
#2152=EDGE_LOOP('',(#8072));
#2153=EDGE_LOOP('',(#8073));
#2154=EDGE_LOOP('',(#8074));
#2155=EDGE_LOOP('',(#8075,#8076,#8077,#8078));
#2156=EDGE_LOOP('',(#8079,#8080,#8081,#8082));
#2157=EDGE_LOOP('',(#8083,#8084,#8085,#8086,#8087,#8088,#8089));
#2158=EDGE_LOOP('',(#8090,#8091,#8092,#8093));
#2159=EDGE_LOOP('',(#8094));
#2160=EDGE_LOOP('',(#8095,#8096,#8097,#8098));
#2161=EDGE_LOOP('',(#8099));
#2162=EDGE_LOOP('',(#8100,#8101,#8102,#8103,#8104,#8105,#8106,#8107,#8108));
#2163=EDGE_LOOP('',(#8109));
#2164=EDGE_LOOP('',(#8110));
#2165=EDGE_LOOP('',(#8111));
#2166=EDGE_LOOP('',(#8112));
#2167=EDGE_LOOP('',(#8113,#8114));
#2168=EDGE_LOOP('',(#8115));
#2169=EDGE_LOOP('',(#8116));
#2170=EDGE_LOOP('',(#8117));
#2171=EDGE_LOOP('',(#8118));
#2172=EDGE_LOOP('',(#8119,#8120,#8121,#8122,#8123,#8124,#8125));
#2173=EDGE_LOOP('',(#8126,#8127,#8128,#8129));
#2174=EDGE_LOOP('',(#8130));
#2175=EDGE_LOOP('',(#8131,#8132,#8133,#8134));
#2176=EDGE_LOOP('',(#8135));
#2177=EDGE_LOOP('',(#8136,#8137,#8138,#8139,#8140,#8141,#8142,#8143,#8144));
#2178=EDGE_LOOP('',(#8145,#8146));
#2179=EDGE_LOOP('',(#8147));
#2180=EDGE_LOOP('',(#8148));
#2181=EDGE_LOOP('',(#8149));
#2182=EDGE_LOOP('',(#8150));
#2183=EDGE_LOOP('',(#8151,#8152,#8153,#8154,#8155,#8156,#8157));
#2184=EDGE_LOOP('',(#8158,#8159,#8160,#8161));
#2185=EDGE_LOOP('',(#8162));
#2186=EDGE_LOOP('',(#8163,#8164,#8165,#8166));
#2187=EDGE_LOOP('',(#8167));
#2188=EDGE_LOOP('',(#8168,#8169,#8170,#8171,#8172,#8173,#8174,#8175,#8176));
#2189=EDGE_LOOP('',(#8177,#8178));
#2190=EDGE_LOOP('',(#8179));
#2191=EDGE_LOOP('',(#8180));
#2192=EDGE_LOOP('',(#8181));
#2193=EDGE_LOOP('',(#8182));
#2194=EDGE_LOOP('',(#8183,#8184,#8185,#8186));
#2195=EDGE_LOOP('',(#8187,#8188,#8189,#8190));
#2196=EDGE_LOOP('',(#8191,#8192,#8193,#8194));
#2197=EDGE_LOOP('',(#8195));
#2198=EDGE_LOOP('',(#8196,#8197,#8198,#8199));
#2199=EDGE_LOOP('',(#8200));
#2200=EDGE_LOOP('',(#8201));
#2201=EDGE_LOOP('',(#8202));
#2202=EDGE_LOOP('',(#8203));
#2203=EDGE_LOOP('',(#8204,#8205,#8206,#8207));
#2204=EDGE_LOOP('',(#8208));
#2205=EDGE_LOOP('',(#8209));
#2206=EDGE_LOOP('',(#8210));
#2207=EDGE_LOOP('',(#8211));
#2208=EDGE_LOOP('',(#8212));
#2209=EDGE_LOOP('',(#8213,#8214,#8215,#8216));
#2210=EDGE_LOOP('',(#8217,#8218,#8219,#8220));
#2211=EDGE_LOOP('',(#8221,#8222,#8223,#8224));
#2212=EDGE_LOOP('',(#8225));
#2213=EDGE_LOOP('',(#8226,#8227,#8228,#8229));
#2214=EDGE_LOOP('',(#8230));
#2215=EDGE_LOOP('',(#8231));
#2216=EDGE_LOOP('',(#8232));
#2217=EDGE_LOOP('',(#8233));
#2218=EDGE_LOOP('',(#8234,#8235,#8236,#8237));
#2219=EDGE_LOOP('',(#8238));
#2220=EDGE_LOOP('',(#8239));
#2221=EDGE_LOOP('',(#8240));
#2222=EDGE_LOOP('',(#8241));
#2223=EDGE_LOOP('',(#8242));
#2224=EDGE_LOOP('',(#8243,#8244,#8245,#8246));
#2225=EDGE_LOOP('',(#8247,#8248,#8249,#8250));
#2226=EDGE_LOOP('',(#8251,#8252,#8253,#8254));
#2227=EDGE_LOOP('',(#8255,#8256,#8257,#8258));
#2228=EDGE_LOOP('',(#8259,#8260,#8261,#8262));
#2229=EDGE_LOOP('',(#8263,#8264,#8265,#8266));
#2230=EDGE_LOOP('',(#8267,#8268,#8269,#8270));
#2231=EDGE_LOOP('',(#8271,#8272,#8273,#8274));
#2232=EDGE_LOOP('',(#8275,#8276,#8277,#8278));
#2233=EDGE_LOOP('',(#8279,#8280,#8281,#8282));
#2234=EDGE_LOOP('',(#8283,#8284,#8285,#8286));
#2235=EDGE_LOOP('',(#8287,#8288,#8289,#8290));
#2236=EDGE_LOOP('',(#8291,#8292,#8293,#8294));
#2237=EDGE_LOOP('',(#8295,#8296,#8297,#8298));
#2238=EDGE_LOOP('',(#8299,#8300,#8301,#8302));
#2239=EDGE_LOOP('',(#8303,#8304,#8305,#8306));
#2240=EDGE_LOOP('',(#8307,#8308,#8309,#8310));
#2241=EDGE_LOOP('',(#8311,#8312,#8313,#8314));
#2242=EDGE_LOOP('',(#8315,#8316,#8317,#8318));
#2243=EDGE_LOOP('',(#8319,#8320,#8321,#8322));
#2244=EDGE_LOOP('',(#8323,#8324,#8325,#8326));
#2245=EDGE_LOOP('',(#8327,#8328,#8329,#8330));
#2246=EDGE_LOOP('',(#8331,#8332,#8333,#8334));
#2247=EDGE_LOOP('',(#8335,#8336,#8337,#8338));
#2248=EDGE_LOOP('',(#8339,#8340,#8341,#8342));
#2249=EDGE_LOOP('',(#8343));
#2250=EDGE_LOOP('',(#8344));
#2251=EDGE_LOOP('',(#8345,#8346,#8347,#8348));
#2252=EDGE_LOOP('',(#8349));
#2253=EDGE_LOOP('',(#8350));
#2254=EDGE_LOOP('',(#8351,#8352,#8353,#8354));
#2255=EDGE_LOOP('',(#8355,#8356,#8357,#8358));
#2256=EDGE_LOOP('',(#8359,#8360,#8361,#8362));
#2257=EDGE_LOOP('',(#8363,#8364,#8365,#8366));
#2258=EDGE_LOOP('',(#8367,#8368,#8369,#8370));
#2259=EDGE_LOOP('',(#8371,#8372,#8373,#8374));
#2260=EDGE_LOOP('',(#8375,#8376,#8377,#8378));
#2261=EDGE_LOOP('',(#8379,#8380,#8381,#8382));
#2262=EDGE_LOOP('',(#8383,#8384,#8385,#8386));
#2263=EDGE_LOOP('',(#8387,#8388,#8389,#8390));
#2264=EDGE_LOOP('',(#8391,#8392,#8393,#8394));
#2265=EDGE_LOOP('',(#8395));
#2266=EDGE_LOOP('',(#8396));
#2267=EDGE_LOOP('',(#8397));
#2268=EDGE_LOOP('',(#8398));
#2269=EDGE_LOOP('',(#8399,#8400,#8401,#8402));
#2270=EDGE_LOOP('',(#8403,#8404,#8405,#8406));
#2271=EDGE_LOOP('',(#8407));
#2272=EDGE_LOOP('',(#8408));
#2273=EDGE_LOOP('',(#8409));
#2274=EDGE_LOOP('',(#8410));
#2275=EDGE_LOOP('',(#8411,#8412,#8413,#8414));
#2276=EDGE_LOOP('',(#8415,#8416,#8417,#8418));
#2277=EDGE_LOOP('',(#8419,#8420,#8421,#8422));
#2278=EDGE_LOOP('',(#8423,#8424,#8425,#8426));
#2279=EDGE_LOOP('',(#8427,#8428,#8429,#8430));
#2280=EDGE_LOOP('',(#8431,#8432,#8433,#8434));
#2281=EDGE_LOOP('',(#8435,#8436,#8437,#8438));
#2282=EDGE_LOOP('',(#8439,#8440,#8441,#8442));
#2283=EDGE_LOOP('',(#8443,#8444,#8445,#8446));
#2284=EDGE_LOOP('',(#8447,#8448,#8449,#8450));
#2285=EDGE_LOOP('',(#8451,#8452,#8453,#8454));
#2286=EDGE_LOOP('',(#8455,#8456,#8457,#8458));
#2287=EDGE_LOOP('',(#8459,#8460,#8461,#8462));
#2288=EDGE_LOOP('',(#8463,#8464,#8465,#8466));
#2289=EDGE_LOOP('',(#8467,#8468,#8469,#8470));
#2290=EDGE_LOOP('',(#8471,#8472,#8473,#8474));
#2291=EDGE_LOOP('',(#8475,#8476,#8477,#8478));
#2292=EDGE_LOOP('',(#8479,#8480,#8481,#8482));
#2293=EDGE_LOOP('',(#8483,#8484,#8485,#8486));
#2294=EDGE_LOOP('',(#8487,#8488,#8489,#8490));
#2295=EDGE_LOOP('',(#8491,#8492,#8493,#8494));
#2296=EDGE_LOOP('',(#8495,#8496,#8497,#8498));
#2297=EDGE_LOOP('',(#8499));
#2298=EDGE_LOOP('',(#8500));
#2299=EDGE_LOOP('',(#8501));
#2300=EDGE_LOOP('',(#8502));
#2301=EDGE_LOOP('',(#8503,#8504,#8505,#8506));
#2302=EDGE_LOOP('',(#8507,#8508,#8509,#8510));
#2303=EDGE_LOOP('',(#8511,#8512,#8513,#8514));
#2304=EDGE_LOOP('',(#8515));
#2305=EDGE_LOOP('',(#8516));
#2306=EDGE_LOOP('',(#8517));
#2307=EDGE_LOOP('',(#8518));
#2308=EDGE_LOOP('',(#8519,#8520,#8521,#8522));
#2309=EDGE_LOOP('',(#8523,#8524,#8525,#8526));
#2310=EDGE_LOOP('',(#8527,#8528,#8529,#8530));
#2311=EDGE_LOOP('',(#8531,#8532,#8533,#8534));
#2312=EDGE_LOOP('',(#8535,#8536,#8537,#8538));
#2313=EDGE_LOOP('',(#8539,#8540,#8541,#8542));
#2314=EDGE_LOOP('',(#8543,#8544,#8545,#8546));
#2315=EDGE_LOOP('',(#8547,#8548,#8549,#8550));
#2316=EDGE_LOOP('',(#8551,#8552,#8553,#8554));
#2317=EDGE_LOOP('',(#8555,#8556,#8557,#8558));
#2318=EDGE_LOOP('',(#8559,#8560,#8561,#8562));
#2319=EDGE_LOOP('',(#8563,#8564,#8565,#8566));
#2320=EDGE_LOOP('',(#8567,#8568,#8569,#8570));
#2321=EDGE_LOOP('',(#8571));
#2322=EDGE_LOOP('',(#8572,#8573,#8574,#8575));
#2323=EDGE_LOOP('',(#8576));
#2324=EDGE_LOOP('',(#8577,#8578,#8579,#8580));
#2325=EDGE_LOOP('',(#8581));
#2326=EDGE_LOOP('',(#8582));
#2327=EDGE_LOOP('',(#8583));
#2328=EDGE_LOOP('',(#8584));
#2329=EDGE_LOOP('',(#8585,#8586,#8587,#8588));
#2330=EDGE_LOOP('',(#8589));
#2331=EDGE_LOOP('',(#8590,#8591,#8592,#8593));
#2332=EDGE_LOOP('',(#8594));
#2333=EDGE_LOOP('',(#8595,#8596,#8597,#8598));
#2334=EDGE_LOOP('',(#8599));
#2335=EDGE_LOOP('',(#8600));
#2336=EDGE_LOOP('',(#8601));
#2337=EDGE_LOOP('',(#8602));
#2338=EDGE_LOOP('',(#8603,#8604,#8605,#8606));
#2339=EDGE_LOOP('',(#8607));
#2340=EDGE_LOOP('',(#8608,#8609,#8610,#8611));
#2341=EDGE_LOOP('',(#8612));
#2342=EDGE_LOOP('',(#8613,#8614,#8615,#8616));
#2343=EDGE_LOOP('',(#8617));
#2344=EDGE_LOOP('',(#8618));
#2345=EDGE_LOOP('',(#8619));
#2346=EDGE_LOOP('',(#8620));
#2347=EDGE_LOOP('',(#8621,#8622,#8623,#8624));
#2348=EDGE_LOOP('',(#8625));
#2349=EDGE_LOOP('',(#8626,#8627,#8628,#8629));
#2350=EDGE_LOOP('',(#8630));
#2351=EDGE_LOOP('',(#8631,#8632,#8633,#8634));
#2352=EDGE_LOOP('',(#8635));
#2353=EDGE_LOOP('',(#8636));
#2354=EDGE_LOOP('',(#8637));
#2355=EDGE_LOOP('',(#8638));
#2356=EDGE_LOOP('',(#8639,#8640,#8641,#8642));
#2357=EDGE_LOOP('',(#8643));
#2358=EDGE_LOOP('',(#8644,#8645,#8646,#8647));
#2359=EDGE_LOOP('',(#8648));
#2360=EDGE_LOOP('',(#8649,#8650,#8651,#8652));
#2361=EDGE_LOOP('',(#8653));
#2362=EDGE_LOOP('',(#8654));
#2363=EDGE_LOOP('',(#8655));
#2364=EDGE_LOOP('',(#8656));
#2365=EDGE_LOOP('',(#8657,#8658,#8659,#8660));
#2366=EDGE_LOOP('',(#8661));
#2367=EDGE_LOOP('',(#8662,#8663,#8664,#8665));
#2368=EDGE_LOOP('',(#8666));
#2369=EDGE_LOOP('',(#8667,#8668,#8669,#8670));
#2370=EDGE_LOOP('',(#8671));
#2371=EDGE_LOOP('',(#8672));
#2372=EDGE_LOOP('',(#8673));
#2373=EDGE_LOOP('',(#8674));
#2374=EDGE_LOOP('',(#8675,#8676,#8677,#8678));
#2375=EDGE_LOOP('',(#8679,#8680,#8681,#8682));
#2376=EDGE_LOOP('',(#8683,#8684,#8685,#8686));
#2377=EDGE_LOOP('',(#8687,#8688,#8689,#8690));
#2378=EDGE_LOOP('',(#8691,#8692,#8693,#8694));
#2379=EDGE_LOOP('',(#8695,#8696,#8697,#8698,#8699,#8700,#8701,#8702));
#2380=EDGE_LOOP('',(#8703,#8704,#8705,#8706));
#2381=EDGE_LOOP('',(#8707));
#2382=EDGE_LOOP('',(#8708,#8709,#8710,#8711));
#2383=EDGE_LOOP('',(#8712));
#2384=EDGE_LOOP('',(#8713,#8714,#8715,#8716));
#2385=EDGE_LOOP('',(#8717,#8718,#8719,#8720));
#2386=EDGE_LOOP('',(#8721,#8722,#8723,#8724));
#2387=EDGE_LOOP('',(#8725,#8726,#8727,#8728));
#2388=EDGE_LOOP('',(#8729,#8730,#8731,#8732));
#2389=EDGE_LOOP('',(#8733));
#2390=EDGE_LOOP('',(#8734));
#2391=EDGE_LOOP('',(#8735,#8736,#8737,#8738));
#2392=EDGE_LOOP('',(#8739,#8740,#8741,#8742,#8743,#8744,#8745,#8746));
#2393=EDGE_LOOP('',(#8747,#8748,#8749,#8750));
#2394=EDGE_LOOP('',(#8751,#8752,#8753,#8754));
#2395=EDGE_LOOP('',(#8755,#8756,#8757,#8758));
#2396=EDGE_LOOP('',(#8759,#8760,#8761,#8762));
#2397=EDGE_LOOP('',(#8763,#8764,#8765,#8766));
#2398=EDGE_LOOP('',(#8767,#8768,#8769,#8770));
#2399=EDGE_LOOP('',(#8771,#8772,#8773,#8774));
#2400=EDGE_LOOP('',(#8775,#8776,#8777,#8778));
#2401=EDGE_LOOP('',(#8779,#8780,#8781,#8782,#8783,#8784,#8785,#8786));
#2402=EDGE_LOOP('',(#8787,#8788,#8789,#8790));
#2403=EDGE_LOOP('',(#8791));
#2404=EDGE_LOOP('',(#8792,#8793,#8794,#8795));
#2405=EDGE_LOOP('',(#8796));
#2406=EDGE_LOOP('',(#8797,#8798,#8799,#8800));
#2407=EDGE_LOOP('',(#8801,#8802,#8803,#8804));
#2408=EDGE_LOOP('',(#8805,#8806,#8807,#8808));
#2409=EDGE_LOOP('',(#8809,#8810,#8811,#8812));
#2410=EDGE_LOOP('',(#8813,#8814,#8815,#8816));
#2411=EDGE_LOOP('',(#8817));
#2412=EDGE_LOOP('',(#8818));
#2413=EDGE_LOOP('',(#8819,#8820,#8821,#8822));
#2414=EDGE_LOOP('',(#8823,#8824,#8825,#8826,#8827,#8828,#8829,#8830));
#2415=EDGE_LOOP('',(#8831,#8832,#8833,#8834));
#2416=EDGE_LOOP('',(#8835,#8836,#8837,#8838));
#2417=EDGE_LOOP('',(#8839,#8840,#8841,#8842));
#2418=EDGE_LOOP('',(#8843,#8844,#8845,#8846));
#2419=EDGE_LOOP('',(#8847,#8848,#8849,#8850));
#2420=EDGE_LOOP('',(#8851,#8852,#8853,#8854));
#2421=EDGE_LOOP('',(#8855,#8856,#8857,#8858));
#2422=EDGE_LOOP('',(#8859,#8860,#8861,#8862));
#2423=EDGE_LOOP('',(#8863,#8864,#8865,#8866));
#2424=EDGE_LOOP('',(#8867,#8868,#8869,#8870));
#2425=EDGE_LOOP('',(#8871,#8872,#8873,#8874));
#2426=EDGE_LOOP('',(#8875,#8876,#8877,#8878));
#2427=EDGE_LOOP('',(#8879));
#2428=EDGE_LOOP('',(#8880));
#2429=EDGE_LOOP('',(#8881));
#2430=EDGE_LOOP('',(#8882));
#2431=EDGE_LOOP('',(#8883,#8884,#8885,#8886));
#2432=EDGE_LOOP('',(#8887));
#2433=EDGE_LOOP('',(#8888));
#2434=EDGE_LOOP('',(#8889));
#2435=EDGE_LOOP('',(#8890));
#2436=EDGE_LOOP('',(#8891,#8892,#8893,#8894));
#2437=EDGE_LOOP('',(#8895,#8896,#8897,#8898));
#2438=EDGE_LOOP('',(#8899,#8900,#8901,#8902));
#2439=EDGE_LOOP('',(#8903,#8904,#8905,#8906));
#2440=EDGE_LOOP('',(#8907,#8908,#8909,#8910));
#2441=EDGE_LOOP('',(#8911,#8912,#8913,#8914));
#2442=EDGE_LOOP('',(#8915,#8916,#8917,#8918));
#2443=EDGE_LOOP('',(#8919,#8920,#8921,#8922,#8923,#8924));
#2444=EDGE_LOOP('',(#8925));
#2445=EDGE_LOOP('',(#8926,#8927,#8928,#8929));
#2446=EDGE_LOOP('',(#8930,#8931,#8932,#8933,#8934,#8935));
#2447=EDGE_LOOP('',(#8936));
#2448=EDGE_LOOP('',(#8937,#8938,#8939,#8940));
#2449=EDGE_LOOP('',(#8941,#8942,#8943,#8944));
#2450=EDGE_LOOP('',(#8945,#8946,#8947,#8948));
#2451=EDGE_LOOP('',(#8949,#8950,#8951,#8952,#8953,#8954,#8955,#8956));
#2452=EDGE_LOOP('',(#8957,#8958,#8959,#8960));
#2453=EDGE_LOOP('',(#8961,#8962,#8963,#8964));
#2454=EDGE_LOOP('',(#8965,#8966,#8967,#8968));
#2455=EDGE_LOOP('',(#8969));
#2456=EDGE_LOOP('',(#8970,#8971,#8972,#8973));
#2457=EDGE_LOOP('',(#8974));
#2458=EDGE_LOOP('',(#8975,#8976,#8977,#8978,#8979,#8980,#8981,#8982));
#2459=EDGE_LOOP('',(#8983,#8984,#8985,#8986));
#2460=EDGE_LOOP('',(#8987,#8988,#8989,#8990));
#2461=EDGE_LOOP('',(#8991,#8992,#8993,#8994));
#2462=EDGE_LOOP('',(#8995));
#2463=EDGE_LOOP('',(#8996,#8997,#8998,#8999,#9000,#9001));
#2464=EDGE_LOOP('',(#9002,#9003,#9004,#9005));
#2465=EDGE_LOOP('',(#9006));
#2466=EDGE_LOOP('',(#9007,#9008,#9009,#9010));
#2467=EDGE_LOOP('',(#9011));
#2468=EDGE_LOOP('',(#9012,#9013,#9014,#9015));
#2469=EDGE_LOOP('',(#9016,#9017,#9018,#9019));
#2470=EDGE_LOOP('',(#9020));
#2471=EDGE_LOOP('',(#9021));
#2472=EDGE_LOOP('',(#9022,#9023,#9024,#9025));
#2473=EDGE_LOOP('',(#9026));
#2474=EDGE_LOOP('',(#9027,#9028,#9029,#9030));
#2475=EDGE_LOOP('',(#9031,#9032,#9033,#9034,#9035,#9036));
#2476=EDGE_LOOP('',(#9037,#9038,#9039,#9040));
#2477=EDGE_LOOP('',(#9041,#9042,#9043,#9044));
#2478=EDGE_LOOP('',(#9045,#9046,#9047,#9048));
#2479=EDGE_LOOP('',(#9049));
#2480=EDGE_LOOP('',(#9050,#9051,#9052,#9053,#9054,#9055));
#2481=EDGE_LOOP('',(#9056,#9057,#9058,#9059));
#2482=EDGE_LOOP('',(#9060));
#2483=EDGE_LOOP('',(#9061,#9062,#9063,#9064));
#2484=EDGE_LOOP('',(#9065));
#2485=EDGE_LOOP('',(#9066,#9067,#9068,#9069));
#2486=EDGE_LOOP('',(#9070,#9071,#9072,#9073));
#2487=EDGE_LOOP('',(#9074));
#2488=EDGE_LOOP('',(#9075));
#2489=EDGE_LOOP('',(#9076,#9077,#9078,#9079,#9080,#9081));
#2490=EDGE_LOOP('',(#9082,#9083,#9084,#9085));
#2491=EDGE_LOOP('',(#9086,#9087,#9088,#9089));
#2492=EDGE_LOOP('',(#9090));
#2493=EDGE_LOOP('',(#9091,#9092,#9093,#9094));
#2494=EDGE_LOOP('',(#9095,#9096,#9097,#9098));
#2495=EDGE_LOOP('',(#9099));
#2496=EDGE_LOOP('',(#9100));
#2497=EDGE_LOOP('',(#9101));
#2498=EDGE_LOOP('',(#9102));
#2499=EDGE_LOOP('',(#9103,#9104,#9105,#9106));
#2500=EDGE_LOOP('',(#9107,#9108,#9109,#9110));
#2501=EDGE_LOOP('',(#9111));
#2502=EDGE_LOOP('',(#9112));
#2503=EDGE_LOOP('',(#9113));
#2504=EDGE_LOOP('',(#9114));
#2505=EDGE_LOOP('',(#9115,#9116,#9117,#9118));
#2506=EDGE_LOOP('',(#9119));
#2507=EDGE_LOOP('',(#9120));
#2508=EDGE_LOOP('',(#9121,#9122,#9123,#9124));
#2509=EDGE_LOOP('',(#9125,#9126,#9127,#9128));
#2510=EDGE_LOOP('',(#9129));
#2511=EDGE_LOOP('',(#9130,#9131,#9132,#9133));
#2512=EDGE_LOOP('',(#9134,#9135,#9136,#9137));
#2513=EDGE_LOOP('',(#9138,#9139,#9140,#9141));
#2514=EDGE_LOOP('',(#9142,#9143,#9144,#9145));
#2515=EDGE_LOOP('',(#9146));
#2516=EDGE_LOOP('',(#9147,#9148,#9149,#9150));
#2517=EDGE_LOOP('',(#9151,#9152,#9153,#9154));
#2518=EDGE_LOOP('',(#9155,#9156,#9157,#9158));
#2519=EDGE_LOOP('',(#9159,#9160,#9161,#9162));
#2520=EDGE_LOOP('',(#9163,#9164,#9165,#9166));
#2521=EDGE_LOOP('',(#9167,#9168,#9169,#9170));
#2522=EDGE_LOOP('',(#9171,#9172,#9173,#9174));
#2523=EDGE_LOOP('',(#9175,#9176,#9177,#9178));
#2524=EDGE_LOOP('',(#9179,#9180,#9181,#9182));
#2525=EDGE_LOOP('',(#9183,#9184,#9185,#9186));
#2526=EDGE_LOOP('',(#9187,#9188,#9189,#9190));
#2527=EDGE_LOOP('',(#9191,#9192,#9193,#9194));
#2528=EDGE_LOOP('',(#9195,#9196,#9197,#9198));
#2529=EDGE_LOOP('',(#9199,#9200,#9201,#9202));
#2530=EDGE_LOOP('',(#9203,#9204,#9205,#9206));
#2531=EDGE_LOOP('',(#9207,#9208,#9209,#9210));
#2532=EDGE_LOOP('',(#9211,#9212,#9213,#9214));
#2533=EDGE_LOOP('',(#9215,#9216,#9217,#9218));
#2534=EDGE_LOOP('',(#9219,#9220,#9221,#9222));
#2535=EDGE_LOOP('',(#9223,#9224,#9225,#9226));
#2536=EDGE_LOOP('',(#9227,#9228,#9229,#9230));
#2537=EDGE_LOOP('',(#9231));
#2538=EDGE_LOOP('',(#9232));
#2539=EDGE_LOOP('',(#9233,#9234,#9235,#9236));
#2540=EDGE_LOOP('',(#9237));
#2541=EDGE_LOOP('',(#9238));
#2542=EDGE_LOOP('',(#9239,#9240,#9241,#9242));
#2543=EDGE_LOOP('',(#9243,#9244,#9245,#9246));
#2544=EDGE_LOOP('',(#9247,#9248,#9249,#9250));
#2545=EDGE_LOOP('',(#9251,#9252,#9253,#9254));
#2546=EDGE_LOOP('',(#9255,#9256,#9257,#9258));
#2547=EDGE_LOOP('',(#9259,#9260,#9261,#9262));
#2548=EDGE_LOOP('',(#9263,#9264,#9265,#9266));
#2549=EDGE_LOOP('',(#9267));
#2550=EDGE_LOOP('',(#9268));
#2551=EDGE_LOOP('',(#9269,#9270,#9271,#9272));
#2552=EDGE_LOOP('',(#9273));
#2553=EDGE_LOOP('',(#9274));
#2554=EDGE_LOOP('',(#9275,#9276,#9277,#9278));
#2555=EDGE_LOOP('',(#9279,#9280,#9281,#9282));
#2556=EDGE_LOOP('',(#9283,#9284,#9285,#9286));
#2557=EDGE_LOOP('',(#9287,#9288,#9289,#9290));
#2558=EDGE_LOOP('',(#9291,#9292,#9293,#9294));
#2559=EDGE_LOOP('',(#9295,#9296,#9297,#9298));
#2560=EDGE_LOOP('',(#9299,#9300,#9301,#9302));
#2561=EDGE_LOOP('',(#9303,#9304,#9305,#9306));
#2562=EDGE_LOOP('',(#9307,#9308,#9309,#9310));
#2563=EDGE_LOOP('',(#9311,#9312,#9313,#9314));
#2564=EDGE_LOOP('',(#9315,#9316,#9317,#9318,#9319,#9320,#9321,#9322));
#2565=EDGE_LOOP('',(#9323,#9324,#9325,#9326));
#2566=EDGE_LOOP('',(#9327,#9328,#9329,#9330));
#2567=EDGE_LOOP('',(#9331,#9332,#9333,#9334));
#2568=EDGE_LOOP('',(#9335,#9336,#9337,#9338));
#2569=EDGE_LOOP('',(#9339,#9340,#9341,#9342,#9343,#9344,#9345,#9346));
#2570=EDGE_LOOP('',(#9347,#9348,#9349,#9350));
#2571=EDGE_LOOP('',(#9351,#9352,#9353,#9354));
#2572=EDGE_LOOP('',(#9355,#9356,#9357,#9358));
#2573=EDGE_LOOP('',(#9359,#9360,#9361,#9362));
#2574=EDGE_LOOP('',(#9363,#9364,#9365,#9366));
#2575=EDGE_LOOP('',(#9367,#9368,#9369,#9370));
#2576=EDGE_LOOP('',(#9371));
#2577=EDGE_LOOP('',(#9372,#9373,#9374,#9375));
#2578=EDGE_LOOP('',(#9376));
#2579=EDGE_LOOP('',(#9377,#9378,#9379,#9380));
#2580=EDGE_LOOP('',(#9381,#9382,#9383,#9384));
#2581=EDGE_LOOP('',(#9385,#9386,#9387,#9388));
#2582=EDGE_LOOP('',(#9389,#9390,#9391,#9392));
#2583=EDGE_LOOP('',(#9393,#9394,#9395,#9396));
#2584=EDGE_LOOP('',(#9397,#9398,#9399,#9400));
#2585=EDGE_LOOP('',(#9401));
#2586=EDGE_LOOP('',(#9402,#9403,#9404,#9405));
#2587=EDGE_LOOP('',(#9406));
#2588=EDGE_LOOP('',(#9407,#9408,#9409,#9410));
#2589=EDGE_LOOP('',(#9411,#9412,#9413,#9414));
#2590=EDGE_LOOP('',(#9415,#9416,#9417,#9418));
#2591=EDGE_LOOP('',(#9419,#9420,#9421,#9422));
#2592=EDGE_LOOP('',(#9423,#9424,#9425,#9426,#9427,#9428,#9429,#9430));
#2593=EDGE_LOOP('',(#9431,#9432,#9433,#9434));
#2594=EDGE_LOOP('',(#9435,#9436,#9437,#9438));
#2595=EDGE_LOOP('',(#9439,#9440,#9441,#9442));
#2596=EDGE_LOOP('',(#9443,#9444,#9445,#9446));
#2597=EDGE_LOOP('',(#9447,#9448,#9449,#9450,#9451,#9452,#9453,#9454));
#2598=EDGE_LOOP('',(#9455,#9456,#9457,#9458));
#2599=EDGE_LOOP('',(#9459,#9460,#9461,#9462));
#2600=EDGE_LOOP('',(#9463,#9464,#9465,#9466));
#2601=EDGE_LOOP('',(#9467,#9468,#9469,#9470));
#2602=EDGE_LOOP('',(#9471,#9472,#9473,#9474));
#2603=EDGE_LOOP('',(#9475,#9476,#9477,#9478));
#2604=EDGE_LOOP('',(#9479));
#2605=EDGE_LOOP('',(#9480,#9481,#9482,#9483));
#2606=EDGE_LOOP('',(#9484));
#2607=EDGE_LOOP('',(#9485,#9486,#9487,#9488));
#2608=EDGE_LOOP('',(#9489,#9490,#9491,#9492));
#2609=EDGE_LOOP('',(#9493,#9494,#9495,#9496));
#2610=EDGE_LOOP('',(#9497,#9498,#9499,#9500));
#2611=EDGE_LOOP('',(#9501,#9502,#9503,#9504));
#2612=EDGE_LOOP('',(#9505,#9506,#9507,#9508));
#2613=EDGE_LOOP('',(#9509));
#2614=EDGE_LOOP('',(#9510,#9511,#9512,#9513));
#2615=EDGE_LOOP('',(#9514));
#2616=EDGE_LOOP('',(#9515,#9516,#9517,#9518));
#2617=EDGE_LOOP('',(#9519,#9520,#9521,#9522));
#2618=EDGE_LOOP('',(#9523,#9524,#9525,#9526));
#2619=EDGE_LOOP('',(#9527,#9528,#9529,#9530));
#2620=EDGE_LOOP('',(#9531,#9532,#9533,#9534));
#2621=EDGE_LOOP('',(#9535,#9536,#9537,#9538));
#2622=EDGE_LOOP('',(#9539,#9540,#9541,#9542));
#2623=EDGE_LOOP('',(#9543,#9544,#9545,#9546));
#2624=EDGE_LOOP('',(#9547,#9548,#9549,#9550));
#2625=EDGE_LOOP('',(#9551,#9552,#9553,#9554));
#2626=EDGE_LOOP('',(#9555,#9556,#9557,#9558));
#2627=EDGE_LOOP('',(#9559,#9560,#9561,#9562));
#2628=EDGE_LOOP('',(#9563,#9564,#9565,#9566));
#2629=EDGE_LOOP('',(#9567));
#2630=EDGE_LOOP('',(#9568));
#2631=EDGE_LOOP('',(#9569,#9570,#9571,#9572));
#2632=EDGE_LOOP('',(#9573));
#2633=EDGE_LOOP('',(#9574));
#2634=EDGE_LOOP('',(#9575,#9576,#9577,#9578));
#2635=EDGE_LOOP('',(#9579,#9580,#9581,#9582));
#2636=EDGE_LOOP('',(#9583,#9584,#9585,#9586));
#2637=EDGE_LOOP('',(#9587,#9588,#9589,#9590));
#2638=EDGE_LOOP('',(#9591,#9592,#9593,#9594));
#2639=EDGE_LOOP('',(#9595,#9596,#9597,#9598));
#2640=EDGE_LOOP('',(#9599,#9600,#9601,#9602));
#2641=EDGE_LOOP('',(#9603));
#2642=EDGE_LOOP('',(#9604));
#2643=EDGE_LOOP('',(#9605));
#2644=EDGE_LOOP('',(#9606));
#2645=EDGE_LOOP('',(#9607));
#2646=EDGE_LOOP('',(#9608,#9609,#9610,#9611));
#2647=EDGE_LOOP('',(#9612,#9613,#9614,#9615));
#2648=EDGE_LOOP('',(#9616));
#2649=EDGE_LOOP('',(#9617));
#2650=EDGE_LOOP('',(#9618));
#2651=EDGE_LOOP('',(#9619));
#2652=EDGE_LOOP('',(#9620));
#2653=EDGE_LOOP('',(#9621,#9622,#9623,#9624));
#2654=EDGE_LOOP('',(#9625,#9626,#9627,#9628));
#2655=EDGE_LOOP('',(#9629,#9630,#9631,#9632));
#2656=EDGE_LOOP('',(#9633,#9634,#9635,#9636));
#2657=EDGE_LOOP('',(#9637,#9638,#9639,#9640));
#2658=EDGE_LOOP('',(#9641,#9642,#9643,#9644,#9645,#9646));
#2659=EDGE_LOOP('',(#9647));
#2660=EDGE_LOOP('',(#9648));
#2661=EDGE_LOOP('',(#9649));
#2662=EDGE_LOOP('',(#9650));
#2663=EDGE_LOOP('',(#9651));
#2664=EDGE_LOOP('',(#9652,#9653,#9654,#9655));
#2665=EDGE_LOOP('',(#9656));
#2666=EDGE_LOOP('',(#9657,#9658,#9659,#9660));
#2667=EDGE_LOOP('',(#9661));
#2668=EDGE_LOOP('',(#9662,#9663,#9664,#9665));
#2669=EDGE_LOOP('',(#9666,#9667,#9668,#9669));
#2670=EDGE_LOOP('',(#9670,#9671,#9672,#9673));
#2671=EDGE_LOOP('',(#9674,#9675,#9676,#9677));
#2672=EDGE_LOOP('',(#9678,#9679,#9680,#9681));
#2673=EDGE_LOOP('',(#9682,#9683,#9684,#9685));
#2674=EDGE_LOOP('',(#9686,#9687,#9688,#9689,#9690,#9691));
#2675=EDGE_LOOP('',(#9692));
#2676=EDGE_LOOP('',(#9693));
#2677=EDGE_LOOP('',(#9694));
#2678=EDGE_LOOP('',(#9695));
#2679=EDGE_LOOP('',(#9696));
#2680=EDGE_LOOP('',(#9697,#9698,#9699,#9700));
#2681=EDGE_LOOP('',(#9701,#9702,#9703,#9704));
#2682=EDGE_LOOP('',(#9705));
#2683=EDGE_LOOP('',(#9706));
#2684=EDGE_LOOP('',(#9707,#9708,#9709,#9710));
#2685=EDGE_LOOP('',(#9711,#9712,#9713,#9714));
#2686=EDGE_LOOP('',(#9715,#9716,#9717,#9718));
#2687=EDGE_LOOP('',(#9719,#9720,#9721,#9722));
#2688=EDGE_LOOP('',(#9723));
#2689=EDGE_LOOP('',(#9724));
#2690=EDGE_LOOP('',(#9725));
#2691=EDGE_LOOP('',(#9726));
#2692=EDGE_LOOP('',(#9727));
#2693=EDGE_LOOP('',(#9728));
#2694=EDGE_LOOP('',(#9729));
#2695=EDGE_LOOP('',(#9730));
#2696=EDGE_LOOP('',(#9731,#9732,#9733,#9734));
#2697=EDGE_LOOP('',(#9735));
#2698=EDGE_LOOP('',(#9736));
#2699=EDGE_LOOP('',(#9737,#9738,#9739,#9740));
#2700=EDGE_LOOP('',(#9741));
#2701=EDGE_LOOP('',(#9742));
#2702=EDGE_LOOP('',(#9743,#9744,#9745,#9746));
#2703=EDGE_LOOP('',(#9747,#9748,#9749,#9750));
#2704=EDGE_LOOP('',(#9751,#9752,#9753,#9754));
#2705=EDGE_LOOP('',(#9755,#9756,#9757,#9758));
#2706=EDGE_LOOP('',(#9759,#9760,#9761,#9762));
#2707=EDGE_LOOP('',(#9763,#9764,#9765,#9766));
#2708=EDGE_LOOP('',(#9767,#9768,#9769,#9770));
#2709=EDGE_LOOP('',(#9771));
#2710=EDGE_LOOP('',(#9772));
#2711=EDGE_LOOP('',(#9773));
#2712=EDGE_LOOP('',(#9774));
#2713=EDGE_LOOP('',(#9775));
#2714=EDGE_LOOP('',(#9776,#9777,#9778,#9779));
#2715=EDGE_LOOP('',(#9780,#9781,#9782,#9783));
#2716=EDGE_LOOP('',(#9784));
#2717=EDGE_LOOP('',(#9785));
#2718=EDGE_LOOP('',(#9786));
#2719=EDGE_LOOP('',(#9787));
#2720=EDGE_LOOP('',(#9788));
#2721=EDGE_LOOP('',(#9789,#9790,#9791,#9792));
#2722=EDGE_LOOP('',(#9793,#9794,#9795,#9796));
#2723=EDGE_LOOP('',(#9797,#9798,#9799,#9800));
#2724=EDGE_LOOP('',(#9801,#9802,#9803,#9804));
#2725=EDGE_LOOP('',(#9805,#9806,#9807,#9808));
#2726=EDGE_LOOP('',(#9809,#9810,#9811,#9812,#9813,#9814));
#2727=EDGE_LOOP('',(#9815));
#2728=EDGE_LOOP('',(#9816));
#2729=EDGE_LOOP('',(#9817));
#2730=EDGE_LOOP('',(#9818));
#2731=EDGE_LOOP('',(#9819));
#2732=EDGE_LOOP('',(#9820,#9821,#9822,#9823));
#2733=EDGE_LOOP('',(#9824));
#2734=EDGE_LOOP('',(#9825,#9826,#9827,#9828));
#2735=EDGE_LOOP('',(#9829));
#2736=EDGE_LOOP('',(#9830,#9831,#9832,#9833));
#2737=EDGE_LOOP('',(#9834,#9835,#9836,#9837));
#2738=EDGE_LOOP('',(#9838,#9839,#9840,#9841));
#2739=EDGE_LOOP('',(#9842,#9843,#9844,#9845));
#2740=EDGE_LOOP('',(#9846,#9847,#9848,#9849));
#2741=EDGE_LOOP('',(#9850,#9851,#9852,#9853));
#2742=EDGE_LOOP('',(#9854,#9855,#9856,#9857,#9858,#9859));
#2743=EDGE_LOOP('',(#9860));
#2744=EDGE_LOOP('',(#9861));
#2745=EDGE_LOOP('',(#9862));
#2746=EDGE_LOOP('',(#9863));
#2747=EDGE_LOOP('',(#9864));
#2748=EDGE_LOOP('',(#9865,#9866,#9867,#9868));
#2749=EDGE_LOOP('',(#9869,#9870,#9871,#9872));
#2750=EDGE_LOOP('',(#9873));
#2751=EDGE_LOOP('',(#9874));
#2752=EDGE_LOOP('',(#9875,#9876,#9877,#9878));
#2753=EDGE_LOOP('',(#9879,#9880,#9881,#9882));
#2754=EDGE_LOOP('',(#9883,#9884,#9885,#9886));
#2755=EDGE_LOOP('',(#9887,#9888,#9889,#9890));
#2756=EDGE_LOOP('',(#9891));
#2757=EDGE_LOOP('',(#9892));
#2758=EDGE_LOOP('',(#9893));
#2759=EDGE_LOOP('',(#9894));
#2760=EDGE_LOOP('',(#9895));
#2761=EDGE_LOOP('',(#9896));
#2762=EDGE_LOOP('',(#9897));
#2763=EDGE_LOOP('',(#9898));
#2764=EDGE_LOOP('',(#9899,#9900,#9901,#9902));
#2765=EDGE_LOOP('',(#9903));
#2766=EDGE_LOOP('',(#9904,#9905,#9906,#9907));
#2767=EDGE_LOOP('',(#9908));
#2768=EDGE_LOOP('',(#9909,#9910,#9911,#9912));
#2769=EDGE_LOOP('',(#9913,#9914,#9915,#9916));
#2770=EDGE_LOOP('',(#9917));
#2771=EDGE_LOOP('',(#9918,#9919,#9920,#9921));
#2772=EDGE_LOOP('',(#9922,#9923,#9924,#9925));
#2773=EDGE_LOOP('',(#9926));
#2774=EDGE_LOOP('',(#9927,#9928,#9929,#9930));
#2775=EDGE_LOOP('',(#9931,#9932,#9933,#9934));
#2776=EDGE_LOOP('',(#9935,#9936,#9937,#9938));
#2777=EDGE_LOOP('',(#9939));
#2778=EDGE_LOOP('',(#9940,#9941,#9942,#9943));
#2779=EDGE_LOOP('',(#9944));
#2780=EDGE_LOOP('',(#9945,#9946,#9947,#9948));
#2781=EDGE_LOOP('',(#9949,#9950,#9951,#9952));
#2782=EDGE_LOOP('',(#9953));
#2783=EDGE_LOOP('',(#9954,#9955,#9956,#9957));
#2784=EDGE_LOOP('',(#9958,#9959,#9960,#9961));
#2785=EDGE_LOOP('',(#9962));
#2786=EDGE_LOOP('',(#9963,#9964,#9965,#9966));
#2787=EDGE_LOOP('',(#9967,#9968,#9969,#9970));
#2788=LINE('',#15827,#3719);
#2789=LINE('',#15833,#3720);
#2790=LINE('',#15839,#3721);
#2791=LINE('',#15845,#3722);
#2792=LINE('',#15850,#3723);
#2793=LINE('',#15854,#3724);
#2794=LINE('',#15859,#3725);
#2795=LINE('',#15863,#3726);
#2796=LINE('',#15874,#3727);
#2797=LINE('',#15878,#3728);
#2798=LINE('',#15883,#3729);
#2799=LINE('',#15887,#3730);
#2800=LINE('',#15899,#3731);
#2801=LINE('',#15905,#3732);
#2802=LINE('',#15911,#3733);
#2803=LINE('',#15917,#3734);
#2804=LINE('',#15923,#3735);
#2805=LINE('',#15929,#3736);
#2806=LINE('',#15935,#3737);
#2807=LINE('',#15941,#3738);
#2808=LINE('',#15947,#3739);
#2809=LINE('',#15953,#3740);
#2810=LINE('',#15959,#3741);
#2811=LINE('',#15965,#3742);
#2812=LINE('',#15971,#3743);
#2813=LINE('',#15977,#3744);
#2814=LINE('',#15983,#3745);
#2815=LINE('',#15989,#3746);
#2816=LINE('',#15994,#3747);
#2817=LINE('',#15996,#3748);
#2818=LINE('',#15998,#3749);
#2819=LINE('',#15999,#3750);
#2820=LINE('',#16003,#3751);
#2821=LINE('',#16005,#3752);
#2822=LINE('',#16007,#3753);
#2823=LINE('',#16008,#3754);
#2824=LINE('',#16010,#3755);
#2825=LINE('',#16011,#3756);
#2826=LINE('',#16013,#3757);
#2827=LINE('',#16014,#3758);
#2828=LINE('',#16018,#3759);
#2829=LINE('',#16020,#3760);
#2830=LINE('',#16022,#3761);
#2831=LINE('',#16023,#3762);
#2832=LINE('',#16027,#3763);
#2833=LINE('',#16029,#3764);
#2834=LINE('',#16031,#3765);
#2835=LINE('',#16032,#3766);
#2836=LINE('',#16034,#3767);
#2837=LINE('',#16035,#3768);
#2838=LINE('',#16037,#3769);
#2839=LINE('',#16038,#3770);
#2840=LINE('',#16042,#3771);
#2841=LINE('',#16044,#3772);
#2842=LINE('',#16046,#3773);
#2843=LINE('',#16047,#3774);
#2844=LINE('',#16051,#3775);
#2845=LINE('',#16053,#3776);
#2846=LINE('',#16055,#3777);
#2847=LINE('',#16056,#3778);
#2848=LINE('',#16058,#3779);
#2849=LINE('',#16059,#3780);
#2850=LINE('',#16061,#3781);
#2851=LINE('',#16062,#3782);
#2852=LINE('',#16066,#3783);
#2853=LINE('',#16068,#3784);
#2854=LINE('',#16070,#3785);
#2855=LINE('',#16071,#3786);
#2856=LINE('',#16075,#3787);
#2857=LINE('',#16077,#3788);
#2858=LINE('',#16079,#3789);
#2859=LINE('',#16080,#3790);
#2860=LINE('',#16082,#3791);
#2861=LINE('',#16083,#3792);
#2862=LINE('',#16085,#3793);
#2863=LINE('',#16086,#3794);
#2864=LINE('',#16091,#3795);
#2865=LINE('',#16097,#3796);
#2866=LINE('',#16103,#3797);
#2867=LINE('',#16109,#3798);
#2868=LINE('',#16115,#3799);
#2869=LINE('',#16121,#3800);
#2870=LINE('',#16127,#3801);
#2871=LINE('',#16133,#3802);
#2872=LINE('',#16139,#3803);
#2873=LINE('',#16145,#3804);
#2874=LINE('',#16151,#3805);
#2875=LINE('',#16157,#3806);
#2876=LINE('',#16163,#3807);
#2877=LINE('',#16169,#3808);
#2878=LINE('',#16175,#3809);
#2879=LINE('',#16181,#3810);
#2880=LINE('',#16187,#3811);
#2881=LINE('',#16193,#3812);
#2882=LINE('',#16198,#3813);
#2883=LINE('',#16200,#3814);
#2884=LINE('',#16202,#3815);
#2885=LINE('',#16203,#3816);
#2886=LINE('',#16206,#3817);
#2887=LINE('',#16208,#3818);
#2888=LINE('',#16209,#3819);
#2889=LINE('',#16212,#3820);
#2890=LINE('',#16214,#3821);
#2891=LINE('',#16215,#3822);
#2892=LINE('',#16218,#3823);
#2893=LINE('',#16220,#3824);
#2894=LINE('',#16222,#3825);
#2895=LINE('',#16224,#3826);
#2896=LINE('',#16226,#3827);
#2897=LINE('',#16228,#3828);
#2898=LINE('',#16230,#3829);
#2899=LINE('',#16232,#3830);
#2900=LINE('',#16233,#3831);
#2901=LINE('',#16236,#3832);
#2902=LINE('',#16237,#3833);
#2903=LINE('',#16240,#3834);
#2904=LINE('',#16242,#3835);
#2905=LINE('',#16243,#3836);
#2906=LINE('',#16246,#3837);
#2907=LINE('',#16247,#3838);
#2908=LINE('',#16250,#3839);
#2909=LINE('',#16251,#3840);
#2910=LINE('',#16254,#3841);
#2911=LINE('',#16256,#3842);
#2912=LINE('',#16257,#3843);
#2913=LINE('',#16259,#3844);
#2914=LINE('',#16260,#3845);
#2915=LINE('',#16262,#3846);
#2916=LINE('',#16264,#3847);
#2917=LINE('',#16266,#3848);
#2918=LINE('',#16274,#3849);
#2919=LINE('',#16280,#3850);
#2920=LINE('',#16286,#3851);
#2921=LINE('',#16292,#3852);
#2922=LINE('',#16297,#3853);
#2923=LINE('',#16299,#3854);
#2924=LINE('',#16301,#3855);
#2925=LINE('',#16302,#3856);
#2926=LINE('',#16305,#3857);
#2927=LINE('',#16307,#3858);
#2928=LINE('',#16308,#3859);
#2929=LINE('',#16311,#3860);
#2930=LINE('',#16313,#3861);
#2931=LINE('',#16314,#3862);
#2932=LINE('',#16317,#3863);
#2933=LINE('',#16319,#3864);
#2934=LINE('',#16321,#3865);
#2935=LINE('',#16323,#3866);
#2936=LINE('',#16324,#3867);
#2937=LINE('',#16327,#3868);
#2938=LINE('',#16328,#3869);
#2939=LINE('',#16331,#3870);
#2940=LINE('',#16332,#3871);
#2941=LINE('',#16335,#3872);
#2942=LINE('',#16336,#3873);
#2943=LINE('',#16339,#3874);
#2944=LINE('',#16340,#3875);
#2945=LINE('',#16342,#3876);
#2946=LINE('',#16349,#3877);
#2947=LINE('',#16355,#3878);
#2948=LINE('',#16361,#3879);
#2949=LINE('',#16367,#3880);
#2950=LINE('',#16372,#3881);
#2951=LINE('',#16374,#3882);
#2952=LINE('',#16376,#3883);
#2953=LINE('',#16377,#3884);
#2954=LINE('',#16381,#3885);
#2955=LINE('',#16383,#3886);
#2956=LINE('',#16385,#3887);
#2957=LINE('',#16386,#3888);
#2958=LINE('',#16388,#3889);
#2959=LINE('',#16389,#3890);
#2960=LINE('',#16392,#3891);
#2961=LINE('',#16394,#3892);
#2962=LINE('',#16396,#3893);
#2963=LINE('',#16398,#3894);
#2964=LINE('',#16399,#3895);
#2965=LINE('',#16402,#3896);
#2966=LINE('',#16403,#3897);
#2967=LINE('',#16406,#3898);
#2968=LINE('',#16407,#3899);
#2969=LINE('',#16410,#3900);
#2970=LINE('',#16411,#3901);
#2971=LINE('',#16414,#3902);
#2972=LINE('',#16415,#3903);
#2973=LINE('',#16417,#3904);
#2974=LINE('',#16424,#3905);
#2975=LINE('',#16430,#3906);
#2976=LINE('',#16436,#3907);
#2977=LINE('',#16442,#3908);
#2978=LINE('',#16448,#3909);
#2979=LINE('',#16454,#3910);
#2980=LINE('',#16460,#3911);
#2981=LINE('',#16465,#3912);
#2982=LINE('',#16467,#3913);
#2983=LINE('',#16469,#3914);
#2984=LINE('',#16470,#3915);
#2985=LINE('',#16473,#3916);
#2986=LINE('',#16475,#3917);
#2987=LINE('',#16476,#3918);
#2988=LINE('',#16479,#3919);
#2989=LINE('',#16481,#3920);
#2990=LINE('',#16482,#3921);
#2991=LINE('',#16484,#3922);
#2992=LINE('',#16485,#3923);
#2993=LINE('',#16492,#3924);
#2994=LINE('',#16499,#3925);
#2995=LINE('',#16501,#3926);
#2996=LINE('',#16503,#3927);
#2997=LINE('',#16504,#3928);
#2998=LINE('',#16511,#3929);
#2999=LINE('',#16513,#3930);
#3000=LINE('',#16514,#3931);
#3001=LINE('',#16516,#3932);
#3002=LINE('',#16517,#3933);
#3003=LINE('',#16522,#3934);
#3004=LINE('',#16526,#3935);
#3005=LINE('',#16530,#3936);
#3006=LINE('',#16532,#3937);
#3007=LINE('',#16534,#3938);
#3008=LINE('',#16535,#3939);
#3009=LINE('',#16538,#3940);
#3010=LINE('',#16540,#3941);
#3011=LINE('',#16541,#3942);
#3012=LINE('',#16543,#3943);
#3013=LINE('',#16544,#3944);
#3014=LINE('',#16551,#3945);
#3015=LINE('',#16558,#3946);
#3016=LINE('',#16560,#3947);
#3017=LINE('',#16562,#3948);
#3018=LINE('',#16563,#3949);
#3019=LINE('',#16566,#3950);
#3020=LINE('',#16568,#3951);
#3021=LINE('',#16569,#3952);
#3022=LINE('',#16575,#3953);
#3023=LINE('',#16576,#3954);
#3024=LINE('',#16581,#3955);
#3025=LINE('',#16585,#3956);
#3026=LINE('',#16589,#3957);
#3027=LINE('',#16591,#3958);
#3028=LINE('',#16593,#3959);
#3029=LINE('',#16594,#3960);
#3030=LINE('',#16597,#3961);
#3031=LINE('',#16599,#3962);
#3032=LINE('',#16600,#3963);
#3033=LINE('',#16602,#3964);
#3034=LINE('',#16603,#3965);
#3035=LINE('',#16650,#3966);
#3036=LINE('',#16692,#3967);
#3037=LINE('',#16699,#3968);
#3038=LINE('',#16705,#3969);
#3039=LINE('',#16707,#3970);
#3040=LINE('',#16748,#3971);
#3041=LINE('',#16820,#3972);
#3042=LINE('',#16898,#3973);
#3043=LINE('',#16940,#3974);
#3044=LINE('',#16947,#3975);
#3045=LINE('',#16953,#3976);
#3046=LINE('',#16955,#3977);
#3047=LINE('',#17002,#3978);
#3048=LINE('',#17044,#3979);
#3049=LINE('',#17051,#3980);
#3050=LINE('',#17057,#3981);
#3051=LINE('',#17059,#3982);
#3052=LINE('',#17106,#3983);
#3053=LINE('',#17148,#3984);
#3054=LINE('',#17155,#3985);
#3055=LINE('',#17161,#3986);
#3056=LINE('',#17163,#3987);
#3057=LINE('',#17180,#3988);
#3058=LINE('',#17186,#3989);
#3059=LINE('',#17192,#3990);
#3060=LINE('',#17199,#3991);
#3061=LINE('',#17206,#3992);
#3062=LINE('',#17215,#3993);
#3063=LINE('',#17221,#3994);
#3064=LINE('',#17227,#3995);
#3065=LINE('',#17234,#3996);
#3066=LINE('',#17241,#3997);
#3067=LINE('',#17252,#3998);
#3068=LINE('',#17254,#3999);
#3069=LINE('',#17256,#4000);
#3070=LINE('',#17257,#4001);
#3071=LINE('',#17260,#4002);
#3072=LINE('',#17262,#4003);
#3073=LINE('',#17263,#4004);
#3074=LINE('',#17266,#4005);
#3075=LINE('',#17268,#4006);
#3076=LINE('',#17269,#4007);
#3077=LINE('',#17271,#4008);
#3078=LINE('',#17272,#4009);
#3079=LINE('',#17279,#4010);
#3080=LINE('',#17281,#4011);
#3081=LINE('',#17283,#4012);
#3082=LINE('',#17284,#4013);
#3083=LINE('',#17287,#4014);
#3084=LINE('',#17289,#4015);
#3085=LINE('',#17290,#4016);
#3086=LINE('',#17293,#4017);
#3087=LINE('',#17295,#4018);
#3088=LINE('',#17296,#4019);
#3089=LINE('',#17298,#4020);
#3090=LINE('',#17299,#4021);
#3091=LINE('',#17306,#4022);
#3092=LINE('',#17308,#4023);
#3093=LINE('',#17310,#4024);
#3094=LINE('',#17311,#4025);
#3095=LINE('',#17314,#4026);
#3096=LINE('',#17316,#4027);
#3097=LINE('',#17317,#4028);
#3098=LINE('',#17320,#4029);
#3099=LINE('',#17322,#4030);
#3100=LINE('',#17323,#4031);
#3101=LINE('',#17325,#4032);
#3102=LINE('',#17326,#4033);
#3103=LINE('',#17334,#4034);
#3104=LINE('',#17340,#4035);
#3105=LINE('',#17345,#4036);
#3106=LINE('',#17347,#4037);
#3107=LINE('',#17349,#4038);
#3108=LINE('',#17350,#4039);
#3109=LINE('',#17353,#4040);
#3110=LINE('',#17355,#4041);
#3111=LINE('',#17356,#4042);
#3112=LINE('',#17359,#4043);
#3113=LINE('',#17361,#4044);
#3114=LINE('',#17362,#4045);
#3115=LINE('',#17364,#4046);
#3116=LINE('',#17365,#4047);
#3117=LINE('',#17372,#4048);
#3118=LINE('',#17374,#4049);
#3119=LINE('',#17376,#4050);
#3120=LINE('',#17377,#4051);
#3121=LINE('',#17380,#4052);
#3122=LINE('',#17382,#4053);
#3123=LINE('',#17383,#4054);
#3124=LINE('',#17386,#4055);
#3125=LINE('',#17388,#4056);
#3126=LINE('',#17389,#4057);
#3127=LINE('',#17391,#4058);
#3128=LINE('',#17392,#4059);
#3129=LINE('',#17408,#4060);
#3130=LINE('',#17414,#4061);
#3131=LINE('',#17420,#4062);
#3132=LINE('',#17426,#4063);
#3133=LINE('',#17431,#4064);
#3134=LINE('',#17433,#4065);
#3135=LINE('',#17435,#4066);
#3136=LINE('',#17436,#4067);
#3137=LINE('',#17439,#4068);
#3138=LINE('',#17441,#4069);
#3139=LINE('',#17442,#4070);
#3140=LINE('',#17445,#4071);
#3141=LINE('',#17447,#4072);
#3142=LINE('',#17448,#4073);
#3143=LINE('',#17450,#4074);
#3144=LINE('',#17451,#4075);
#3145=LINE('',#17461,#4076);
#3146=LINE('',#17467,#4077);
#3147=LINE('',#17473,#4078);
#3148=LINE('',#17479,#4079);
#3149=LINE('',#17484,#4080);
#3150=LINE('',#17486,#4081);
#3151=LINE('',#17488,#4082);
#3152=LINE('',#17489,#4083);
#3153=LINE('',#17492,#4084);
#3154=LINE('',#17494,#4085);
#3155=LINE('',#17495,#4086);
#3156=LINE('',#17498,#4087);
#3157=LINE('',#17500,#4088);
#3158=LINE('',#17501,#4089);
#3159=LINE('',#17503,#4090);
#3160=LINE('',#17504,#4091);
#3161=LINE('',#17508,#4092);
#3162=LINE('',#17510,#4093);
#3163=LINE('',#17512,#4094);
#3164=LINE('',#17513,#4095);
#3165=LINE('',#17516,#4096);
#3166=LINE('',#17518,#4097);
#3167=LINE('',#17519,#4098);
#3168=LINE('',#17522,#4099);
#3169=LINE('',#17524,#4100);
#3170=LINE('',#17525,#4101);
#3171=LINE('',#17527,#4102);
#3172=LINE('',#17528,#4103);
#3173=LINE('',#17532,#4104);
#3174=LINE('',#17534,#4105);
#3175=LINE('',#17536,#4106);
#3176=LINE('',#17537,#4107);
#3177=LINE('',#17540,#4108);
#3178=LINE('',#17542,#4109);
#3179=LINE('',#17543,#4110);
#3180=LINE('',#17546,#4111);
#3181=LINE('',#17548,#4112);
#3182=LINE('',#17549,#4113);
#3183=LINE('',#17551,#4114);
#3184=LINE('',#17552,#4115);
#3185=LINE('',#17558,#4116);
#3186=LINE('',#17560,#4117);
#3187=LINE('',#17562,#4118);
#3188=LINE('',#17563,#4119);
#3189=LINE('',#17566,#4120);
#3190=LINE('',#17568,#4121);
#3191=LINE('',#17569,#4122);
#3192=LINE('',#17572,#4123);
#3193=LINE('',#17574,#4124);
#3194=LINE('',#17575,#4125);
#3195=LINE('',#17577,#4126);
#3196=LINE('',#17578,#4127);
#3197=LINE('',#17584,#4128);
#3198=LINE('',#17586,#4129);
#3199=LINE('',#17588,#4130);
#3200=LINE('',#17589,#4131);
#3201=LINE('',#17593,#4132);
#3202=LINE('',#17595,#4133);
#3203=LINE('',#17597,#4134);
#3204=LINE('',#17598,#4135);
#3205=LINE('',#17600,#4136);
#3206=LINE('',#17601,#4137);
#3207=LINE('',#17603,#4138);
#3208=LINE('',#17605,#4139);
#3209=LINE('',#17612,#4140);
#3210=LINE('',#17619,#4141);
#3211=LINE('',#17626,#4142);
#3212=LINE('',#17635,#4143);
#3213=LINE('',#17642,#4144);
#3214=LINE('',#17649,#4145);
#3215=LINE('',#17658,#4146);
#3216=LINE('',#17665,#4147);
#3217=LINE('',#17672,#4148);
#3218=LINE('',#17681,#4149);
#3219=LINE('',#17688,#4150);
#3220=LINE('',#17695,#4151);
#3221=LINE('',#17704,#4152);
#3222=LINE('',#17711,#4153);
#3223=LINE('',#17718,#4154);
#3224=LINE('',#17727,#4155);
#3225=LINE('',#17734,#4156);
#3226=LINE('',#17741,#4157);
#3227=LINE('',#17750,#4158);
#3228=LINE('',#17756,#4159);
#3229=LINE('',#17761,#4160);
#3230=LINE('',#17763,#4161);
#3231=LINE('',#17765,#4162);
#3232=LINE('',#17766,#4163);
#3233=LINE('',#17770,#4164);
#3234=LINE('',#17772,#4165);
#3235=LINE('',#17774,#4166);
#3236=LINE('',#17775,#4167);
#3237=LINE('',#17777,#4168);
#3238=LINE('',#17778,#4169);
#3239=LINE('',#17781,#4170);
#3240=LINE('',#17783,#4171);
#3241=LINE('',#17785,#4172);
#3242=LINE('',#17787,#4173);
#3243=LINE('',#17788,#4174);
#3244=LINE('',#17791,#4175);
#3245=LINE('',#17792,#4176);
#3246=LINE('',#17795,#4177);
#3247=LINE('',#17796,#4178);
#3248=LINE('',#17800,#4179);
#3249=LINE('',#17802,#4180);
#3250=LINE('',#17804,#4181);
#3251=LINE('',#17805,#4182);
#3252=LINE('',#17808,#4183);
#3253=LINE('',#17810,#4184);
#3254=LINE('',#17811,#4185);
#3255=LINE('',#17814,#4186);
#3256=LINE('',#17816,#4187);
#3257=LINE('',#17817,#4188);
#3258=LINE('',#17819,#4189);
#3259=LINE('',#17820,#4190);
#3260=LINE('',#17824,#4191);
#3261=LINE('',#17825,#4192);
#3262=LINE('',#17828,#4193);
#3263=LINE('',#17829,#4194);
#3264=LINE('',#17831,#4195);
#3265=LINE('',#17838,#4196);
#3266=LINE('',#17844,#4197);
#3267=LINE('',#17849,#4198);
#3268=LINE('',#17851,#4199);
#3269=LINE('',#17853,#4200);
#3270=LINE('',#17854,#4201);
#3271=LINE('',#17858,#4202);
#3272=LINE('',#17860,#4203);
#3273=LINE('',#17862,#4204);
#3274=LINE('',#17863,#4205);
#3275=LINE('',#17865,#4206);
#3276=LINE('',#17866,#4207);
#3277=LINE('',#17869,#4208);
#3278=LINE('',#17871,#4209);
#3279=LINE('',#17873,#4210);
#3280=LINE('',#17875,#4211);
#3281=LINE('',#17876,#4212);
#3282=LINE('',#17879,#4213);
#3283=LINE('',#17880,#4214);
#3284=LINE('',#17883,#4215);
#3285=LINE('',#17884,#4216);
#3286=LINE('',#17888,#4217);
#3287=LINE('',#17890,#4218);
#3288=LINE('',#17892,#4219);
#3289=LINE('',#17893,#4220);
#3290=LINE('',#17896,#4221);
#3291=LINE('',#17898,#4222);
#3292=LINE('',#17899,#4223);
#3293=LINE('',#17902,#4224);
#3294=LINE('',#17904,#4225);
#3295=LINE('',#17905,#4226);
#3296=LINE('',#17907,#4227);
#3297=LINE('',#17908,#4228);
#3298=LINE('',#17912,#4229);
#3299=LINE('',#17913,#4230);
#3300=LINE('',#17916,#4231);
#3301=LINE('',#17917,#4232);
#3302=LINE('',#17919,#4233);
#3303=LINE('',#17926,#4234);
#3304=LINE('',#17932,#4235);
#3305=LINE('',#17938,#4236);
#3306=LINE('',#17944,#4237);
#3307=LINE('',#17949,#4238);
#3308=LINE('',#17951,#4239);
#3309=LINE('',#17953,#4240);
#3310=LINE('',#17954,#4241);
#3311=LINE('',#17957,#4242);
#3312=LINE('',#17959,#4243);
#3313=LINE('',#17960,#4244);
#3314=LINE('',#17963,#4245);
#3315=LINE('',#17965,#4246);
#3316=LINE('',#17966,#4247);
#3317=LINE('',#17968,#4248);
#3318=LINE('',#17969,#4249);
#3319=LINE('',#17990,#4250);
#3320=LINE('',#17992,#4251);
#3321=LINE('',#17994,#4252);
#3322=LINE('',#17995,#4253);
#3323=LINE('',#17998,#4254);
#3324=LINE('',#18000,#4255);
#3325=LINE('',#18001,#4256);
#3326=LINE('',#18004,#4257);
#3327=LINE('',#18006,#4258);
#3328=LINE('',#18007,#4259);
#3329=LINE('',#18009,#4260);
#3330=LINE('',#18010,#4261);
#3331=LINE('',#18018,#4262);
#3332=LINE('',#18023,#4263);
#3333=LINE('',#18025,#4264);
#3334=LINE('',#18027,#4265);
#3335=LINE('',#18029,#4266);
#3336=LINE('',#18031,#4267);
#3337=LINE('',#18032,#4268);
#3338=LINE('',#18035,#4269);
#3339=LINE('',#18037,#4270);
#3340=LINE('',#18038,#4271);
#3341=LINE('',#18041,#4272);
#3342=LINE('',#18043,#4273);
#3343=LINE('',#18045,#4274);
#3344=LINE('',#18047,#4275);
#3345=LINE('',#18048,#4276);
#3346=LINE('',#18050,#4277);
#3347=LINE('',#18051,#4278);
#3348=LINE('',#18053,#4279);
#3349=LINE('',#18057,#4280);
#3350=LINE('',#18059,#4281);
#3351=LINE('',#18061,#4282);
#3352=LINE('',#18063,#4283);
#3353=LINE('',#18064,#4284);
#3354=LINE('',#18069,#4285);
#3355=LINE('',#18074,#4286);
#3356=LINE('',#18076,#4287);
#3357=LINE('',#18078,#4288);
#3358=LINE('',#18079,#4289);
#3359=LINE('',#18081,#4290);
#3360=LINE('',#18082,#4291);
#3361=LINE('',#18084,#4292);
#3362=LINE('',#18085,#4293);
#3363=LINE('',#18092,#4294);
#3364=LINE('',#18094,#4295);
#3365=LINE('',#18096,#4296);
#3366=LINE('',#18097,#4297);
#3367=LINE('',#18100,#4298);
#3368=LINE('',#18102,#4299);
#3369=LINE('',#18103,#4300);
#3370=LINE('',#18108,#4301);
#3371=LINE('',#18110,#4302);
#3372=LINE('',#18112,#4303);
#3373=LINE('',#18113,#4304);
#3374=LINE('',#18118,#4305);
#3375=LINE('',#18125,#4306);
#3376=LINE('',#18130,#4307);
#3377=LINE('',#18131,#4308);
#3378=LINE('',#18134,#4309);
#3379=LINE('',#18135,#4310);
#3380=LINE('',#18138,#4311);
#3381=LINE('',#18139,#4312);
#3382=LINE('',#18143,#4313);
#3383=LINE('',#18145,#4314);
#3384=LINE('',#18151,#4315);
#3385=LINE('',#18153,#4316);
#3386=LINE('',#18155,#4317);
#3387=LINE('',#18156,#4318);
#3388=LINE('',#18159,#4319);
#3389=LINE('',#18161,#4320);
#3390=LINE('',#18162,#4321);
#3391=LINE('',#18167,#4322);
#3392=LINE('',#18169,#4323);
#3393=LINE('',#18171,#4324);
#3394=LINE('',#18172,#4325);
#3395=LINE('',#18177,#4326);
#3396=LINE('',#18184,#4327);
#3397=LINE('',#18189,#4328);
#3398=LINE('',#18190,#4329);
#3399=LINE('',#18193,#4330);
#3400=LINE('',#18194,#4331);
#3401=LINE('',#18197,#4332);
#3402=LINE('',#18198,#4333);
#3403=LINE('',#18201,#4334);
#3404=LINE('',#18204,#4335);
#3405=LINE('',#18211,#4336);
#3406=LINE('',#18221,#4337);
#3407=LINE('',#18227,#4338);
#3408=LINE('',#18235,#4339);
#3409=LINE('',#18242,#4340);
#3410=LINE('',#18248,#4341);
#3411=LINE('',#18254,#4342);
#3412=LINE('',#18256,#4343);
#3413=LINE('',#18258,#4344);
#3414=LINE('',#18259,#4345);
#3415=LINE('',#18262,#4346);
#3416=LINE('',#18264,#4347);
#3417=LINE('',#18265,#4348);
#3418=LINE('',#18268,#4349);
#3419=LINE('',#18270,#4350);
#3420=LINE('',#18271,#4351);
#3421=LINE('',#18273,#4352);
#3422=LINE('',#18274,#4353);
#3423=LINE('',#18281,#4354);
#3424=LINE('',#18283,#4355);
#3425=LINE('',#18285,#4356);
#3426=LINE('',#18286,#4357);
#3427=LINE('',#18289,#4358);
#3428=LINE('',#18291,#4359);
#3429=LINE('',#18292,#4360);
#3430=LINE('',#18295,#4361);
#3431=LINE('',#18297,#4362);
#3432=LINE('',#18298,#4363);
#3433=LINE('',#18300,#4364);
#3434=LINE('',#18301,#4365);
#3435=LINE('',#18308,#4366);
#3436=LINE('',#18310,#4367);
#3437=LINE('',#18312,#4368);
#3438=LINE('',#18313,#4369);
#3439=LINE('',#18316,#4370);
#3440=LINE('',#18318,#4371);
#3441=LINE('',#18319,#4372);
#3442=LINE('',#18322,#4373);
#3443=LINE('',#18324,#4374);
#3444=LINE('',#18325,#4375);
#3445=LINE('',#18327,#4376);
#3446=LINE('',#18328,#4377);
#3447=LINE('',#18336,#4378);
#3448=LINE('',#18342,#4379);
#3449=LINE('',#18347,#4380);
#3450=LINE('',#18349,#4381);
#3451=LINE('',#18351,#4382);
#3452=LINE('',#18352,#4383);
#3453=LINE('',#18355,#4384);
#3454=LINE('',#18357,#4385);
#3455=LINE('',#18358,#4386);
#3456=LINE('',#18361,#4387);
#3457=LINE('',#18363,#4388);
#3458=LINE('',#18364,#4389);
#3459=LINE('',#18366,#4390);
#3460=LINE('',#18367,#4391);
#3461=LINE('',#18375,#4392);
#3462=LINE('',#18381,#4393);
#3463=LINE('',#18386,#4394);
#3464=LINE('',#18388,#4395);
#3465=LINE('',#18390,#4396);
#3466=LINE('',#18391,#4397);
#3467=LINE('',#18394,#4398);
#3468=LINE('',#18396,#4399);
#3469=LINE('',#18397,#4400);
#3470=LINE('',#18400,#4401);
#3471=LINE('',#18402,#4402);
#3472=LINE('',#18403,#4403);
#3473=LINE('',#18405,#4404);
#3474=LINE('',#18406,#4405);
#3475=LINE('',#18413,#4406);
#3476=LINE('',#18415,#4407);
#3477=LINE('',#18417,#4408);
#3478=LINE('',#18418,#4409);
#3479=LINE('',#18421,#4410);
#3480=LINE('',#18423,#4411);
#3481=LINE('',#18424,#4412);
#3482=LINE('',#18427,#4413);
#3483=LINE('',#18429,#4414);
#3484=LINE('',#18430,#4415);
#3485=LINE('',#18432,#4416);
#3486=LINE('',#18433,#4417);
#3487=LINE('',#18440,#4418);
#3488=LINE('',#18444,#4419);
#3489=LINE('',#18449,#4420);
#3490=LINE('',#18453,#4421);
#3491=LINE('',#18457,#4422);
#3492=LINE('',#18459,#4423);
#3493=LINE('',#18460,#4424);
#3494=LINE('',#18463,#4425);
#3495=LINE('',#18465,#4426);
#3496=LINE('',#18466,#4427);
#3497=LINE('',#18469,#4428);
#3498=LINE('',#18470,#4429);
#3499=LINE('',#18472,#4430);
#3500=LINE('',#18473,#4431);
#3501=LINE('',#18476,#4432);
#3502=LINE('',#18477,#4433);
#3503=LINE('',#18480,#4434);
#3504=LINE('',#18481,#4435);
#3505=LINE('',#18483,#4436);
#3506=LINE('',#18485,#4437);
#3507=LINE('',#18492,#4438);
#3508=LINE('',#18497,#4439);
#3509=LINE('',#18499,#4440);
#3510=LINE('',#18501,#4441);
#3511=LINE('',#18502,#4442);
#3512=LINE('',#18505,#4443);
#3513=LINE('',#18507,#4444);
#3514=LINE('',#18508,#4445);
#3515=LINE('',#18511,#4446);
#3516=LINE('',#18513,#4447);
#3517=LINE('',#18514,#4448);
#3518=LINE('',#18516,#4449);
#3519=LINE('',#18517,#4450);
#3520=LINE('',#18525,#4451);
#3521=LINE('',#18530,#4452);
#3522=LINE('',#18532,#4453);
#3523=LINE('',#18534,#4454);
#3524=LINE('',#18535,#4455);
#3525=LINE('',#18538,#4456);
#3526=LINE('',#18540,#4457);
#3527=LINE('',#18541,#4458);
#3528=LINE('',#18544,#4459);
#3529=LINE('',#18546,#4460);
#3530=LINE('',#18547,#4461);
#3531=LINE('',#18549,#4462);
#3532=LINE('',#18550,#4463);
#3533=LINE('',#18557,#4464);
#3534=LINE('',#18561,#4465);
#3535=LINE('',#18566,#4466);
#3536=LINE('',#18570,#4467);
#3537=LINE('',#18574,#4468);
#3538=LINE('',#18576,#4469);
#3539=LINE('',#18577,#4470);
#3540=LINE('',#18580,#4471);
#3541=LINE('',#18582,#4472);
#3542=LINE('',#18583,#4473);
#3543=LINE('',#18586,#4474);
#3544=LINE('',#18587,#4475);
#3545=LINE('',#18589,#4476);
#3546=LINE('',#18590,#4477);
#3547=LINE('',#18593,#4478);
#3548=LINE('',#18594,#4479);
#3549=LINE('',#18597,#4480);
#3550=LINE('',#18598,#4481);
#3551=LINE('',#18600,#4482);
#3552=LINE('',#18602,#4483);
#3553=LINE('',#18609,#4484);
#3554=LINE('',#18614,#4485);
#3555=LINE('',#18616,#4486);
#3556=LINE('',#18618,#4487);
#3557=LINE('',#18619,#4488);
#3558=LINE('',#18622,#4489);
#3559=LINE('',#18624,#4490);
#3560=LINE('',#18625,#4491);
#3561=LINE('',#18628,#4492);
#3562=LINE('',#18630,#4493);
#3563=LINE('',#18631,#4494);
#3564=LINE('',#18633,#4495);
#3565=LINE('',#18634,#4496);
#3566=LINE('',#18642,#4497);
#3567=LINE('',#18647,#4498);
#3568=LINE('',#18649,#4499);
#3569=LINE('',#18651,#4500);
#3570=LINE('',#18652,#4501);
#3571=LINE('',#18655,#4502);
#3572=LINE('',#18657,#4503);
#3573=LINE('',#18658,#4504);
#3574=LINE('',#18661,#4505);
#3575=LINE('',#18663,#4506);
#3576=LINE('',#18664,#4507);
#3577=LINE('',#18666,#4508);
#3578=LINE('',#18667,#4509);
#3579=LINE('',#18674,#4510);
#3580=LINE('',#18678,#4511);
#3581=LINE('',#18682,#4512);
#3582=LINE('',#18684,#4513);
#3583=LINE('',#18685,#4514);
#3584=LINE('',#18688,#4515);
#3585=LINE('',#18692,#4516);
#3586=LINE('',#18693,#4517);
#3587=LINE('',#18701,#4518);
#3588=LINE('',#18705,#4519);
#3589=LINE('',#18709,#4520);
#3590=LINE('',#18711,#4521);
#3591=LINE('',#18712,#4522);
#3592=LINE('',#18715,#4523);
#3593=LINE('',#18719,#4524);
#3594=LINE('',#18720,#4525);
#3595=LINE('',#18749,#4526);
#3596=LINE('',#18758,#4527);
#3597=LINE('',#18767,#4528);
#3598=LINE('',#18773,#4529);
#3599=LINE('',#18779,#4530);
#3600=LINE('',#18785,#4531);
#3601=LINE('',#18791,#4532);
#3602=LINE('',#18796,#4533);
#3603=LINE('',#18798,#4534);
#3604=LINE('',#18800,#4535);
#3605=LINE('',#18801,#4536);
#3606=LINE('',#18804,#4537);
#3607=LINE('',#18806,#4538);
#3608=LINE('',#18807,#4539);
#3609=LINE('',#18810,#4540);
#3610=LINE('',#18812,#4541);
#3611=LINE('',#18813,#4542);
#3612=LINE('',#18815,#4543);
#3613=LINE('',#18816,#4544);
#3614=LINE('',#18823,#4545);
#3615=LINE('',#18825,#4546);
#3616=LINE('',#18827,#4547);
#3617=LINE('',#18828,#4548);
#3618=LINE('',#18831,#4549);
#3619=LINE('',#18833,#4550);
#3620=LINE('',#18834,#4551);
#3621=LINE('',#18837,#4552);
#3622=LINE('',#18839,#4553);
#3623=LINE('',#18840,#4554);
#3624=LINE('',#18843,#4555);
#3625=LINE('',#18845,#4556);
#3626=LINE('',#18846,#4557);
#3627=LINE('',#18861,#4558);
#3628=LINE('',#18868,#4559);
#3629=LINE('',#18873,#4560);
#3630=LINE('',#18877,#4561);
#3631=LINE('',#18881,#4562);
#3632=LINE('',#18885,#4563);
#3633=LINE('',#18889,#4564);
#3634=LINE('',#18893,#4565);
#3635=LINE('',#18895,#4566);
#3636=LINE('',#18896,#4567);
#3637=LINE('',#18898,#4568);
#3638=LINE('',#18899,#4569);
#3639=LINE('',#18907,#4570);
#3640=LINE('',#18913,#4571);
#3641=LINE('',#18919,#4572);
#3642=LINE('',#18925,#4573);
#3643=LINE('',#18934,#4574);
#3644=LINE('',#18943,#4575);
#3645=LINE('',#18952,#4576);
#3646=LINE('',#18958,#4577);
#3647=LINE('',#18964,#4578);
#3648=LINE('',#18970,#4579);
#3649=LINE('',#18976,#4580);
#3650=LINE('',#18981,#4581);
#3651=LINE('',#18983,#4582);
#3652=LINE('',#18985,#4583);
#3653=LINE('',#18986,#4584);
#3654=LINE('',#18989,#4585);
#3655=LINE('',#18991,#4586);
#3656=LINE('',#18992,#4587);
#3657=LINE('',#18995,#4588);
#3658=LINE('',#18997,#4589);
#3659=LINE('',#18998,#4590);
#3660=LINE('',#19000,#4591);
#3661=LINE('',#19001,#4592);
#3662=LINE('',#19008,#4593);
#3663=LINE('',#19010,#4594);
#3664=LINE('',#19012,#4595);
#3665=LINE('',#19013,#4596);
#3666=LINE('',#19016,#4597);
#3667=LINE('',#19018,#4598);
#3668=LINE('',#19019,#4599);
#3669=LINE('',#19022,#4600);
#3670=LINE('',#19024,#4601);
#3671=LINE('',#19025,#4602);
#3672=LINE('',#19028,#4603);
#3673=LINE('',#19030,#4604);
#3674=LINE('',#19031,#4605);
#3675=LINE('',#19046,#4606);
#3676=LINE('',#19053,#4607);
#3677=LINE('',#19058,#4608);
#3678=LINE('',#19062,#4609);
#3679=LINE('',#19066,#4610);
#3680=LINE('',#19070,#4611);
#3681=LINE('',#19074,#4612);
#3682=LINE('',#19078,#4613);
#3683=LINE('',#19080,#4614);
#3684=LINE('',#19081,#4615);
#3685=LINE('',#19083,#4616);
#3686=LINE('',#19084,#4617);
#3687=LINE('',#19092,#4618);
#3688=LINE('',#19098,#4619);
#3689=LINE('',#19104,#4620);
#3690=LINE('',#19110,#4621);
#3691=LINE('',#19130,#4622);
#3692=LINE('',#19137,#4623);
#3693=LINE('',#19143,#4624);
#3694=LINE('',#19145,#4625);
#3695=LINE('',#19147,#4626);
#3696=LINE('',#19148,#4627);
#3697=LINE('',#19151,#4628);
#3698=LINE('',#19153,#4629);
#3699=LINE('',#19154,#4630);
#3700=LINE('',#19157,#4631);
#3701=LINE('',#19159,#4632);
#3702=LINE('',#19160,#4633);
#3703=LINE('',#19162,#4634);
#3704=LINE('',#19163,#4635);
#3705=LINE('',#19171,#4636);
#3706=LINE('',#19178,#4637);
#3707=LINE('',#19184,#4638);
#3708=LINE('',#19186,#4639);
#3709=LINE('',#19188,#4640);
#3710=LINE('',#19189,#4641);
#3711=LINE('',#19192,#4642);
#3712=LINE('',#19194,#4643);
#3713=LINE('',#19195,#4644);
#3714=LINE('',#19198,#4645);
#3715=LINE('',#19200,#4646);
#3716=LINE('',#19201,#4647);
#3717=LINE('',#19203,#4648);
#3718=LINE('',#19204,#4649);
#3719=VECTOR('',#12629,1.7);
#3720=VECTOR('',#12636,1.7);
#3721=VECTOR('',#12643,1.7);
#3722=VECTOR('',#12650,1.7);
#3723=VECTOR('',#12655,10.);
#3724=VECTOR('',#12658,10.);
#3725=VECTOR('',#12663,10.);
#3726=VECTOR('',#12666,10.);
#3727=VECTOR('',#12683,10.);
#3728=VECTOR('',#12686,10.);
#3729=VECTOR('',#12691,10.);
#3730=VECTOR('',#12694,10.);
#3731=VECTOR('',#12713,1.7);
#3732=VECTOR('',#12720,1.7);
#3733=VECTOR('',#12727,1.7);
#3734=VECTOR('',#12734,1.7);
#3735=VECTOR('',#12741,1.25);
#3736=VECTOR('',#12748,1.25);
#3737=VECTOR('',#12755,1.25);
#3738=VECTOR('',#12762,1.25);
#3739=VECTOR('',#12769,1.25);
#3740=VECTOR('',#12776,1.25);
#3741=VECTOR('',#12783,1.25);
#3742=VECTOR('',#12790,1.25);
#3743=VECTOR('',#12797,1.25);
#3744=VECTOR('',#12804,1.25);
#3745=VECTOR('',#12811,1.25);
#3746=VECTOR('',#12818,1.25);
#3747=VECTOR('',#12823,10.);
#3748=VECTOR('',#12824,10.);
#3749=VECTOR('',#12825,10.);
#3750=VECTOR('',#12826,10.);
#3751=VECTOR('',#12829,10.);
#3752=VECTOR('',#12830,10.);
#3753=VECTOR('',#12831,10.);
#3754=VECTOR('',#12832,10.);
#3755=VECTOR('',#12835,10.);
#3756=VECTOR('',#12836,10.);
#3757=VECTOR('',#12839,10.);
#3758=VECTOR('',#12840,10.);
#3759=VECTOR('',#12843,10.);
#3760=VECTOR('',#12844,10.);
#3761=VECTOR('',#12845,10.);
#3762=VECTOR('',#12846,10.);
#3763=VECTOR('',#12849,10.);
#3764=VECTOR('',#12850,10.);
#3765=VECTOR('',#12851,10.);
#3766=VECTOR('',#12852,10.);
#3767=VECTOR('',#12855,10.);
#3768=VECTOR('',#12856,10.);
#3769=VECTOR('',#12859,10.);
#3770=VECTOR('',#12860,10.);
#3771=VECTOR('',#12863,10.);
#3772=VECTOR('',#12864,10.);
#3773=VECTOR('',#12865,10.);
#3774=VECTOR('',#12866,10.);
#3775=VECTOR('',#12869,10.);
#3776=VECTOR('',#12870,10.);
#3777=VECTOR('',#12871,10.);
#3778=VECTOR('',#12872,10.);
#3779=VECTOR('',#12875,10.);
#3780=VECTOR('',#12876,10.);
#3781=VECTOR('',#12879,10.);
#3782=VECTOR('',#12880,10.);
#3783=VECTOR('',#12883,10.);
#3784=VECTOR('',#12884,10.);
#3785=VECTOR('',#12885,10.);
#3786=VECTOR('',#12886,10.);
#3787=VECTOR('',#12889,10.);
#3788=VECTOR('',#12890,10.);
#3789=VECTOR('',#12891,10.);
#3790=VECTOR('',#12892,10.);
#3791=VECTOR('',#12895,10.);
#3792=VECTOR('',#12896,10.);
#3793=VECTOR('',#12899,10.);
#3794=VECTOR('',#12900,10.);
#3795=VECTOR('',#12905,1.45);
#3796=VECTOR('',#12912,1.45);
#3797=VECTOR('',#12919,1.45);
#3798=VECTOR('',#12926,1.45);
#3799=VECTOR('',#12933,1.45);
#3800=VECTOR('',#12940,1.45);
#3801=VECTOR('',#12947,1.7);
#3802=VECTOR('',#12954,1.7);
#3803=VECTOR('',#12961,1.7);
#3804=VECTOR('',#12968,1.7);
#3805=VECTOR('',#12975,1.7);
#3806=VECTOR('',#12982,1.7);
#3807=VECTOR('',#12989,1.7);
#3808=VECTOR('',#12996,1.7);
#3809=VECTOR('',#13003,1.7);
#3810=VECTOR('',#13010,1.7);
#3811=VECTOR('',#13017,1.7);
#3812=VECTOR('',#13024,1.7);
#3813=VECTOR('',#13029,10.);
#3814=VECTOR('',#13030,10.);
#3815=VECTOR('',#13031,10.);
#3816=VECTOR('',#13032,10.);
#3817=VECTOR('',#13035,10.);
#3818=VECTOR('',#13036,10.);
#3819=VECTOR('',#13037,10.);
#3820=VECTOR('',#13040,10.);
#3821=VECTOR('',#13041,10.);
#3822=VECTOR('',#13042,10.);
#3823=VECTOR('',#13045,10.);
#3824=VECTOR('',#13046,10.);
#3825=VECTOR('',#13047,10.);
#3826=VECTOR('',#13048,10.);
#3827=VECTOR('',#13049,10.);
#3828=VECTOR('',#13050,10.);
#3829=VECTOR('',#13051,10.);
#3830=VECTOR('',#13052,10.);
#3831=VECTOR('',#13053,10.);
#3832=VECTOR('',#13056,10.);
#3833=VECTOR('',#13057,10.);
#3834=VECTOR('',#13060,10.);
#3835=VECTOR('',#13061,10.);
#3836=VECTOR('',#13062,10.);
#3837=VECTOR('',#13065,10.);
#3838=VECTOR('',#13066,10.);
#3839=VECTOR('',#13069,10.);
#3840=VECTOR('',#13070,10.);
#3841=VECTOR('',#13073,10.);
#3842=VECTOR('',#13074,10.);
#3843=VECTOR('',#13075,10.);
#3844=VECTOR('',#13076,10.);
#3845=VECTOR('',#13077,10.);
#3846=VECTOR('',#13080,10.);
#3847=VECTOR('',#13083,10.);
#3848=VECTOR('',#13086,10.);
#3849=VECTOR('',#13097,1.7);
#3850=VECTOR('',#13104,1.7);
#3851=VECTOR('',#13111,1.7);
#3852=VECTOR('',#13118,1.7);
#3853=VECTOR('',#13123,10.);
#3854=VECTOR('',#13124,10.);
#3855=VECTOR('',#13125,10.);
#3856=VECTOR('',#13126,10.);
#3857=VECTOR('',#13129,10.);
#3858=VECTOR('',#13130,10.);
#3859=VECTOR('',#13131,10.);
#3860=VECTOR('',#13134,10.);
#3861=VECTOR('',#13135,10.);
#3862=VECTOR('',#13136,10.);
#3863=VECTOR('',#13139,10.);
#3864=VECTOR('',#13140,10.);
#3865=VECTOR('',#13141,10.);
#3866=VECTOR('',#13142,10.);
#3867=VECTOR('',#13143,10.);
#3868=VECTOR('',#13146,10.);
#3869=VECTOR('',#13147,10.);
#3870=VECTOR('',#13150,10.);
#3871=VECTOR('',#13151,10.);
#3872=VECTOR('',#13154,10.);
#3873=VECTOR('',#13155,10.);
#3874=VECTOR('',#13158,10.);
#3875=VECTOR('',#13159,10.);
#3876=VECTOR('',#13162,10.);
#3877=VECTOR('',#13171,1.7);
#3878=VECTOR('',#13178,1.7);
#3879=VECTOR('',#13185,1.7);
#3880=VECTOR('',#13192,1.7);
#3881=VECTOR('',#13197,10.);
#3882=VECTOR('',#13198,10.);
#3883=VECTOR('',#13199,10.);
#3884=VECTOR('',#13200,10.);
#3885=VECTOR('',#13203,10.);
#3886=VECTOR('',#13204,10.);
#3887=VECTOR('',#13205,10.);
#3888=VECTOR('',#13206,10.);
#3889=VECTOR('',#13209,10.);
#3890=VECTOR('',#13210,10.);
#3891=VECTOR('',#13213,10.);
#3892=VECTOR('',#13214,10.);
#3893=VECTOR('',#13215,10.);
#3894=VECTOR('',#13216,10.);
#3895=VECTOR('',#13217,10.);
#3896=VECTOR('',#13220,10.);
#3897=VECTOR('',#13221,10.);
#3898=VECTOR('',#13224,10.);
#3899=VECTOR('',#13225,10.);
#3900=VECTOR('',#13228,10.);
#3901=VECTOR('',#13229,10.);
#3902=VECTOR('',#13232,10.);
#3903=VECTOR('',#13233,10.);
#3904=VECTOR('',#13236,10.);
#3905=VECTOR('',#13245,3.);
#3906=VECTOR('',#13252,1.7);
#3907=VECTOR('',#13259,1.7);
#3908=VECTOR('',#13266,1.7);
#3909=VECTOR('',#13273,1.7);
#3910=VECTOR('',#13280,1.7);
#3911=VECTOR('',#13287,1.7);
#3912=VECTOR('',#13292,10.);
#3913=VECTOR('',#13293,10.);
#3914=VECTOR('',#13294,10.);
#3915=VECTOR('',#13295,10.);
#3916=VECTOR('',#13298,10.);
#3917=VECTOR('',#13299,10.);
#3918=VECTOR('',#13300,10.);
#3919=VECTOR('',#13303,10.);
#3920=VECTOR('',#13304,10.);
#3921=VECTOR('',#13305,10.);
#3922=VECTOR('',#13308,10.);
#3923=VECTOR('',#13309,10.);
#3924=VECTOR('',#13318,10.);
#3925=VECTOR('',#13327,10.);
#3926=VECTOR('',#13328,10.);
#3927=VECTOR('',#13329,10.);
#3928=VECTOR('',#13330,10.);
#3929=VECTOR('',#13337,10.);
#3930=VECTOR('',#13338,10.);
#3931=VECTOR('',#13339,10.);
#3932=VECTOR('',#13342,10.);
#3933=VECTOR('',#13343,10.);
#3934=VECTOR('',#13350,1.7);
#3935=VECTOR('',#13355,1.7);
#3936=VECTOR('',#13358,10.);
#3937=VECTOR('',#13359,10.);
#3938=VECTOR('',#13360,10.);
#3939=VECTOR('',#13361,10.);
#3940=VECTOR('',#13364,10.);
#3941=VECTOR('',#13365,10.);
#3942=VECTOR('',#13366,10.);
#3943=VECTOR('',#13369,10.);
#3944=VECTOR('',#13370,10.);
#3945=VECTOR('',#13379,10.);
#3946=VECTOR('',#13388,10.);
#3947=VECTOR('',#13389,10.);
#3948=VECTOR('',#13390,10.);
#3949=VECTOR('',#13391,10.);
#3950=VECTOR('',#13394,10.);
#3951=VECTOR('',#13395,10.);
#3952=VECTOR('',#13396,10.);
#3953=VECTOR('',#13403,10.);
#3954=VECTOR('',#13404,10.);
#3955=VECTOR('',#13411,1.7);
#3956=VECTOR('',#13416,1.7);
#3957=VECTOR('',#13419,10.);
#3958=VECTOR('',#13420,10.);
#3959=VECTOR('',#13421,10.);
#3960=VECTOR('',#13422,10.);
#3961=VECTOR('',#13425,10.);
#3962=VECTOR('',#13426,10.);
#3963=VECTOR('',#13427,10.);
#3964=VECTOR('',#13430,10.);
#3965=VECTOR('',#13431,10.);
#3966=VECTOR('',#13440,1.25);
#3967=VECTOR('',#13445,1.25);
#3968=VECTOR('',#13454,1.25);
#3969=VECTOR('',#13463,3.);
#3970=VECTOR('',#13464,3.);
#3971=VECTOR('',#13473,1.25);
#3972=VECTOR('',#13476,1.25);
#3973=VECTOR('',#13479,1.25);
#3974=VECTOR('',#13484,1.25);
#3975=VECTOR('',#13493,1.25);
#3976=VECTOR('',#13502,3.);
#3977=VECTOR('',#13503,3.);
#3978=VECTOR('',#13512,1.25);
#3979=VECTOR('',#13517,1.25);
#3980=VECTOR('',#13526,1.25);
#3981=VECTOR('',#13535,3.);
#3982=VECTOR('',#13536,3.);
#3983=VECTOR('',#13545,1.25);
#3984=VECTOR('',#13550,1.25);
#3985=VECTOR('',#13559,1.25);
#3986=VECTOR('',#13568,3.);
#3987=VECTOR('',#13569,3.);
#3988=VECTOR('',#13598,1.7);
#3989=VECTOR('',#13605,1.7);
#3990=VECTOR('',#13612,2.1);
#3991=VECTOR('',#13621,8.1);
#3992=VECTOR('',#13630,21.);
#3993=VECTOR('',#13643,1.7);
#3994=VECTOR('',#13650,1.7);
#3995=VECTOR('',#13657,2.1);
#3996=VECTOR('',#13666,8.1);
#3997=VECTOR('',#13675,21.);
#3998=VECTOR('',#13692,10.);
#3999=VECTOR('',#13693,10.);
#4000=VECTOR('',#13694,10.);
#4001=VECTOR('',#13695,10.);
#4002=VECTOR('',#13698,10.);
#4003=VECTOR('',#13699,10.);
#4004=VECTOR('',#13700,10.);
#4005=VECTOR('',#13703,10.);
#4006=VECTOR('',#13704,10.);
#4007=VECTOR('',#13705,10.);
#4008=VECTOR('',#13708,10.);
#4009=VECTOR('',#13709,10.);
#4010=VECTOR('',#13718,10.);
#4011=VECTOR('',#13719,10.);
#4012=VECTOR('',#13720,10.);
#4013=VECTOR('',#13721,10.);
#4014=VECTOR('',#13724,10.);
#4015=VECTOR('',#13725,10.);
#4016=VECTOR('',#13726,10.);
#4017=VECTOR('',#13729,10.);
#4018=VECTOR('',#13730,10.);
#4019=VECTOR('',#13731,10.);
#4020=VECTOR('',#13734,10.);
#4021=VECTOR('',#13735,10.);
#4022=VECTOR('',#13744,10.);
#4023=VECTOR('',#13745,10.);
#4024=VECTOR('',#13746,10.);
#4025=VECTOR('',#13747,10.);
#4026=VECTOR('',#13750,10.);
#4027=VECTOR('',#13751,10.);
#4028=VECTOR('',#13752,10.);
#4029=VECTOR('',#13755,10.);
#4030=VECTOR('',#13756,10.);
#4031=VECTOR('',#13757,10.);
#4032=VECTOR('',#13760,10.);
#4033=VECTOR('',#13761,10.);
#4034=VECTOR('',#13772,1.);
#4035=VECTOR('',#13779,0.999999999999997);
#4036=VECTOR('',#13784,10.);
#4037=VECTOR('',#13785,10.);
#4038=VECTOR('',#13786,10.);
#4039=VECTOR('',#13787,10.);
#4040=VECTOR('',#13790,10.);
#4041=VECTOR('',#13791,10.);
#4042=VECTOR('',#13792,10.);
#4043=VECTOR('',#13795,10.);
#4044=VECTOR('',#13796,10.);
#4045=VECTOR('',#13797,10.);
#4046=VECTOR('',#13800,10.);
#4047=VECTOR('',#13801,10.);
#4048=VECTOR('',#13810,10.);
#4049=VECTOR('',#13811,10.);
#4050=VECTOR('',#13812,10.);
#4051=VECTOR('',#13813,10.);
#4052=VECTOR('',#13816,10.);
#4053=VECTOR('',#13817,10.);
#4054=VECTOR('',#13818,10.);
#4055=VECTOR('',#13821,10.);
#4056=VECTOR('',#13822,10.);
#4057=VECTOR('',#13823,10.);
#4058=VECTOR('',#13826,10.);
#4059=VECTOR('',#13827,10.);
#4060=VECTOR('',#13854,1.7);
#4061=VECTOR('',#13861,1.7);
#4062=VECTOR('',#13868,1.7);
#4063=VECTOR('',#13875,1.7);
#4064=VECTOR('',#13880,10.);
#4065=VECTOR('',#13881,10.);
#4066=VECTOR('',#13882,10.);
#4067=VECTOR('',#13883,10.);
#4068=VECTOR('',#13886,10.);
#4069=VECTOR('',#13887,10.);
#4070=VECTOR('',#13888,10.);
#4071=VECTOR('',#13891,10.);
#4072=VECTOR('',#13892,10.);
#4073=VECTOR('',#13893,10.);
#4074=VECTOR('',#13896,10.);
#4075=VECTOR('',#13897,10.);
#4076=VECTOR('',#13912,1.45);
#4077=VECTOR('',#13919,1.45);
#4078=VECTOR('',#13926,1.45);
#4079=VECTOR('',#13933,1.45);
#4080=VECTOR('',#13938,10.);
#4081=VECTOR('',#13939,10.);
#4082=VECTOR('',#13940,10.);
#4083=VECTOR('',#13941,10.);
#4084=VECTOR('',#13944,10.);
#4085=VECTOR('',#13945,10.);
#4086=VECTOR('',#13946,10.);
#4087=VECTOR('',#13949,10.);
#4088=VECTOR('',#13950,10.);
#4089=VECTOR('',#13951,10.);
#4090=VECTOR('',#13954,10.);
#4091=VECTOR('',#13955,10.);
#4092=VECTOR('',#13958,10.);
#4093=VECTOR('',#13959,10.);
#4094=VECTOR('',#13960,10.);
#4095=VECTOR('',#13961,10.);
#4096=VECTOR('',#13964,10.);
#4097=VECTOR('',#13965,10.);
#4098=VECTOR('',#13966,10.);
#4099=VECTOR('',#13969,10.);
#4100=VECTOR('',#13970,10.);
#4101=VECTOR('',#13971,10.);
#4102=VECTOR('',#13974,10.);
#4103=VECTOR('',#13975,10.);
#4104=VECTOR('',#13978,10.);
#4105=VECTOR('',#13979,10.);
#4106=VECTOR('',#13980,10.);
#4107=VECTOR('',#13981,10.);
#4108=VECTOR('',#13984,10.);
#4109=VECTOR('',#13985,10.);
#4110=VECTOR('',#13986,10.);
#4111=VECTOR('',#13989,10.);
#4112=VECTOR('',#13990,10.);
#4113=VECTOR('',#13991,10.);
#4114=VECTOR('',#13994,10.);
#4115=VECTOR('',#13995,10.);
#4116=VECTOR('',#14002,10.);
#4117=VECTOR('',#14003,10.);
#4118=VECTOR('',#14004,10.);
#4119=VECTOR('',#14005,10.);
#4120=VECTOR('',#14008,10.);
#4121=VECTOR('',#14009,10.);
#4122=VECTOR('',#14010,10.);
#4123=VECTOR('',#14013,10.);
#4124=VECTOR('',#14014,10.);
#4125=VECTOR('',#14015,10.);
#4126=VECTOR('',#14018,10.);
#4127=VECTOR('',#14019,10.);
#4128=VECTOR('',#14026,10.);
#4129=VECTOR('',#14027,10.);
#4130=VECTOR('',#14028,10.);
#4131=VECTOR('',#14029,10.);
#4132=VECTOR('',#14032,10.);
#4133=VECTOR('',#14033,10.);
#4134=VECTOR('',#14034,10.);
#4135=VECTOR('',#14035,10.);
#4136=VECTOR('',#14038,10.);
#4137=VECTOR('',#14039,10.);
#4138=VECTOR('',#14042,10.);
#4139=VECTOR('',#14045,10.);
#4140=VECTOR('',#14054,1.05);
#4141=VECTOR('',#14063,1.05);
#4142=VECTOR('',#14072,2.5);
#4143=VECTOR('',#14085,1.05);
#4144=VECTOR('',#14094,1.05);
#4145=VECTOR('',#14103,2.5);
#4146=VECTOR('',#14116,1.05);
#4147=VECTOR('',#14125,1.05);
#4148=VECTOR('',#14134,2.5);
#4149=VECTOR('',#14147,1.05);
#4150=VECTOR('',#14156,1.05);
#4151=VECTOR('',#14165,2.5);
#4152=VECTOR('',#14178,1.05);
#4153=VECTOR('',#14187,1.05);
#4154=VECTOR('',#14196,3.);
#4155=VECTOR('',#14209,1.05);
#4156=VECTOR('',#14218,1.05);
#4157=VECTOR('',#14227,3.);
#4158=VECTOR('',#14240,1.7);
#4159=VECTOR('',#14247,1.7);
#4160=VECTOR('',#14252,10.);
#4161=VECTOR('',#14253,10.);
#4162=VECTOR('',#14254,10.);
#4163=VECTOR('',#14255,10.);
#4164=VECTOR('',#14258,10.);
#4165=VECTOR('',#14259,10.);
#4166=VECTOR('',#14260,10.);
#4167=VECTOR('',#14261,10.);
#4168=VECTOR('',#14264,10.);
#4169=VECTOR('',#14265,10.);
#4170=VECTOR('',#14268,10.);
#4171=VECTOR('',#14269,10.);
#4172=VECTOR('',#14270,10.);
#4173=VECTOR('',#14271,10.);
#4174=VECTOR('',#14272,10.);
#4175=VECTOR('',#14275,10.);
#4176=VECTOR('',#14276,10.);
#4177=VECTOR('',#14279,10.);
#4178=VECTOR('',#14280,10.);
#4179=VECTOR('',#14283,10.);
#4180=VECTOR('',#14284,10.);
#4181=VECTOR('',#14285,10.);
#4182=VECTOR('',#14286,10.);
#4183=VECTOR('',#14289,10.);
#4184=VECTOR('',#14290,10.);
#4185=VECTOR('',#14291,10.);
#4186=VECTOR('',#14294,10.);
#4187=VECTOR('',#14295,10.);
#4188=VECTOR('',#14296,10.);
#4189=VECTOR('',#14299,10.);
#4190=VECTOR('',#14300,10.);
#4191=VECTOR('',#14305,10.);
#4192=VECTOR('',#14306,10.);
#4193=VECTOR('',#14309,10.);
#4194=VECTOR('',#14310,10.);
#4195=VECTOR('',#14313,10.);
#4196=VECTOR('',#14322,1.7);
#4197=VECTOR('',#14329,1.7);
#4198=VECTOR('',#14334,10.);
#4199=VECTOR('',#14335,10.);
#4200=VECTOR('',#14336,10.);
#4201=VECTOR('',#14337,10.);
#4202=VECTOR('',#14340,10.);
#4203=VECTOR('',#14341,10.);
#4204=VECTOR('',#14342,10.);
#4205=VECTOR('',#14343,10.);
#4206=VECTOR('',#14346,10.);
#4207=VECTOR('',#14347,10.);
#4208=VECTOR('',#14350,10.);
#4209=VECTOR('',#14351,10.);
#4210=VECTOR('',#14352,10.);
#4211=VECTOR('',#14353,10.);
#4212=VECTOR('',#14354,10.);
#4213=VECTOR('',#14357,10.);
#4214=VECTOR('',#14358,10.);
#4215=VECTOR('',#14361,10.);
#4216=VECTOR('',#14362,10.);
#4217=VECTOR('',#14365,10.);
#4218=VECTOR('',#14366,10.);
#4219=VECTOR('',#14367,10.);
#4220=VECTOR('',#14368,10.);
#4221=VECTOR('',#14371,10.);
#4222=VECTOR('',#14372,10.);
#4223=VECTOR('',#14373,10.);
#4224=VECTOR('',#14376,10.);
#4225=VECTOR('',#14377,10.);
#4226=VECTOR('',#14378,10.);
#4227=VECTOR('',#14381,10.);
#4228=VECTOR('',#14382,10.);
#4229=VECTOR('',#14387,10.);
#4230=VECTOR('',#14388,10.);
#4231=VECTOR('',#14391,10.);
#4232=VECTOR('',#14392,10.);
#4233=VECTOR('',#14395,10.);
#4234=VECTOR('',#14404,1.1);
#4235=VECTOR('',#14411,1.1);
#4236=VECTOR('',#14418,1.7);
#4237=VECTOR('',#14425,1.7);
#4238=VECTOR('',#14430,10.);
#4239=VECTOR('',#14431,10.);
#4240=VECTOR('',#14432,10.);
#4241=VECTOR('',#14433,10.);
#4242=VECTOR('',#14436,10.);
#4243=VECTOR('',#14437,10.);
#4244=VECTOR('',#14438,10.);
#4245=VECTOR('',#14441,10.);
#4246=VECTOR('',#14442,10.);
#4247=VECTOR('',#14443,10.);
#4248=VECTOR('',#14446,10.);
#4249=VECTOR('',#14447,10.);
#4250=VECTOR('',#14484,10.);
#4251=VECTOR('',#14485,10.);
#4252=VECTOR('',#14486,10.);
#4253=VECTOR('',#14487,10.);
#4254=VECTOR('',#14490,10.);
#4255=VECTOR('',#14491,10.);
#4256=VECTOR('',#14492,10.);
#4257=VECTOR('',#14495,10.);
#4258=VECTOR('',#14496,10.);
#4259=VECTOR('',#14497,10.);
#4260=VECTOR('',#14500,10.);
#4261=VECTOR('',#14501,10.);
#4262=VECTOR('',#14512,1.6);
#4263=VECTOR('',#14517,10.);
#4264=VECTOR('',#14518,10.);
#4265=VECTOR('',#14519,10.);
#4266=VECTOR('',#14520,10.);
#4267=VECTOR('',#14521,10.);
#4268=VECTOR('',#14522,10.);
#4269=VECTOR('',#14525,10.);
#4270=VECTOR('',#14526,10.);
#4271=VECTOR('',#14527,10.);
#4272=VECTOR('',#14530,10.);
#4273=VECTOR('',#14531,10.);
#4274=VECTOR('',#14532,10.);
#4275=VECTOR('',#14533,10.);
#4276=VECTOR('',#14534,10.);
#4277=VECTOR('',#14537,10.);
#4278=VECTOR('',#14538,10.);
#4279=VECTOR('',#14541,10.);
#4280=VECTOR('',#14546,10.);
#4281=VECTOR('',#14547,10.);
#4282=VECTOR('',#14548,10.);
#4283=VECTOR('',#14549,10.);
#4284=VECTOR('',#14550,10.);
#4285=VECTOR('',#14555,3.2);
#4286=VECTOR('',#14560,10.);
#4287=VECTOR('',#14561,10.);
#4288=VECTOR('',#14562,10.);
#4289=VECTOR('',#14563,10.);
#4290=VECTOR('',#14566,10.);
#4291=VECTOR('',#14567,10.);
#4292=VECTOR('',#14570,10.);
#4293=VECTOR('',#14571,10.);
#4294=VECTOR('',#14580,10.);
#4295=VECTOR('',#14581,10.);
#4296=VECTOR('',#14582,10.);
#4297=VECTOR('',#14583,10.);
#4298=VECTOR('',#14586,10.);
#4299=VECTOR('',#14587,10.);
#4300=VECTOR('',#14588,10.);
#4301=VECTOR('',#14593,10.);
#4302=VECTOR('',#14594,10.);
#4303=VECTOR('',#14595,10.);
#4304=VECTOR('',#14596,10.);
#4305=VECTOR('',#14601,1.25);
#4306=VECTOR('',#14610,1.25);
#4307=VECTOR('',#14617,10.);
#4308=VECTOR('',#14618,10.);
#4309=VECTOR('',#14621,10.);
#4310=VECTOR('',#14622,10.);
#4311=VECTOR('',#14625,10.);
#4312=VECTOR('',#14626,10.);
#4313=VECTOR('',#14631,3.2);
#4314=VECTOR('',#14634,10.);
#4315=VECTOR('',#14641,10.);
#4316=VECTOR('',#14642,10.);
#4317=VECTOR('',#14643,10.);
#4318=VECTOR('',#14644,10.);
#4319=VECTOR('',#14647,10.);
#4320=VECTOR('',#14648,10.);
#4321=VECTOR('',#14649,10.);
#4322=VECTOR('',#14654,10.);
#4323=VECTOR('',#14655,10.);
#4324=VECTOR('',#14656,10.);
#4325=VECTOR('',#14657,10.);
#4326=VECTOR('',#14662,1.25);
#4327=VECTOR('',#14671,1.25);
#4328=VECTOR('',#14678,10.);
#4329=VECTOR('',#14679,10.);
#4330=VECTOR('',#14682,10.);
#4331=VECTOR('',#14683,10.);
#4332=VECTOR('',#14686,10.);
#4333=VECTOR('',#14687,10.);
#4334=VECTOR('',#14690,3.2);
#4335=VECTOR('',#14695,10.);
#4336=VECTOR('',#14704,2.5);
#4337=VECTOR('',#14717,3.);
#4338=VECTOR('',#14724,2.5);
#4339=VECTOR('',#14735,3.);
#4340=VECTOR('',#14746,3.);
#4341=VECTOR('',#14753,1.5);
#4342=VECTOR('',#14760,10.);
#4343=VECTOR('',#14761,10.);
#4344=VECTOR('',#14762,10.);
#4345=VECTOR('',#14763,10.);
#4346=VECTOR('',#14766,10.);
#4347=VECTOR('',#14767,10.);
#4348=VECTOR('',#14768,10.);
#4349=VECTOR('',#14771,10.);
#4350=VECTOR('',#14772,10.);
#4351=VECTOR('',#14773,10.);
#4352=VECTOR('',#14776,10.);
#4353=VECTOR('',#14777,10.);
#4354=VECTOR('',#14786,10.);
#4355=VECTOR('',#14787,10.);
#4356=VECTOR('',#14788,10.);
#4357=VECTOR('',#14789,10.);
#4358=VECTOR('',#14792,10.);
#4359=VECTOR('',#14793,10.);
#4360=VECTOR('',#14794,10.);
#4361=VECTOR('',#14797,10.);
#4362=VECTOR('',#14798,10.);
#4363=VECTOR('',#14799,10.);
#4364=VECTOR('',#14802,10.);
#4365=VECTOR('',#14803,10.);
#4366=VECTOR('',#14812,10.);
#4367=VECTOR('',#14813,10.);
#4368=VECTOR('',#14814,10.);
#4369=VECTOR('',#14815,10.);
#4370=VECTOR('',#14818,10.);
#4371=VECTOR('',#14819,10.);
#4372=VECTOR('',#14820,10.);
#4373=VECTOR('',#14823,10.);
#4374=VECTOR('',#14824,10.);
#4375=VECTOR('',#14825,10.);
#4376=VECTOR('',#14828,10.);
#4377=VECTOR('',#14829,10.);
#4378=VECTOR('',#14840,1.6);
#4379=VECTOR('',#14847,1.6);
#4380=VECTOR('',#14852,10.);
#4381=VECTOR('',#14853,10.);
#4382=VECTOR('',#14854,10.);
#4383=VECTOR('',#14855,10.);
#4384=VECTOR('',#14858,10.);
#4385=VECTOR('',#14859,10.);
#4386=VECTOR('',#14860,10.);
#4387=VECTOR('',#14863,10.);
#4388=VECTOR('',#14864,10.);
#4389=VECTOR('',#14865,10.);
#4390=VECTOR('',#14868,10.);
#4391=VECTOR('',#14869,10.);
#4392=VECTOR('',#14880,1.6);
#4393=VECTOR('',#14887,1.6);
#4394=VECTOR('',#14892,10.);
#4395=VECTOR('',#14893,10.);
#4396=VECTOR('',#14894,10.);
#4397=VECTOR('',#14895,10.);
#4398=VECTOR('',#14898,10.);
#4399=VECTOR('',#14899,10.);
#4400=VECTOR('',#14900,10.);
#4401=VECTOR('',#14903,10.);
#4402=VECTOR('',#14904,10.);
#4403=VECTOR('',#14905,10.);
#4404=VECTOR('',#14908,10.);
#4405=VECTOR('',#14909,10.);
#4406=VECTOR('',#14918,10.);
#4407=VECTOR('',#14919,10.);
#4408=VECTOR('',#14920,10.);
#4409=VECTOR('',#14921,10.);
#4410=VECTOR('',#14924,10.);
#4411=VECTOR('',#14925,10.);
#4412=VECTOR('',#14926,10.);
#4413=VECTOR('',#14929,10.);
#4414=VECTOR('',#14930,10.);
#4415=VECTOR('',#14931,10.);
#4416=VECTOR('',#14934,10.);
#4417=VECTOR('',#14935,10.);
#4418=VECTOR('',#14944,10.);
#4419=VECTOR('',#14947,10.);
#4420=VECTOR('',#14952,10.);
#4421=VECTOR('',#14955,10.);
#4422=VECTOR('',#14960,10.);
#4423=VECTOR('',#14961,10.);
#4424=VECTOR('',#14962,10.);
#4425=VECTOR('',#14965,10.);
#4426=VECTOR('',#14966,10.);
#4427=VECTOR('',#14967,10.);
#4428=VECTOR('',#14970,10.);
#4429=VECTOR('',#14971,10.);
#4430=VECTOR('',#14972,10.);
#4431=VECTOR('',#14973,10.);
#4432=VECTOR('',#14976,10.);
#4433=VECTOR('',#14977,10.);
#4434=VECTOR('',#14980,10.);
#4435=VECTOR('',#14981,10.);
#4436=VECTOR('',#14984,10.);
#4437=VECTOR('',#14987,10.);
#4438=VECTOR('',#14996,1.25);
#4439=VECTOR('',#15001,10.);
#4440=VECTOR('',#15002,10.);
#4441=VECTOR('',#15003,10.);
#4442=VECTOR('',#15004,10.);
#4443=VECTOR('',#15007,10.);
#4444=VECTOR('',#15008,10.);
#4445=VECTOR('',#15009,10.);
#4446=VECTOR('',#15012,10.);
#4447=VECTOR('',#15013,10.);
#4448=VECTOR('',#15014,10.);
#4449=VECTOR('',#15017,10.);
#4450=VECTOR('',#15018,10.);
#4451=VECTOR('',#15029,1.25);
#4452=VECTOR('',#15034,10.);
#4453=VECTOR('',#15035,10.);
#4454=VECTOR('',#15036,10.);
#4455=VECTOR('',#15037,10.);
#4456=VECTOR('',#15040,10.);
#4457=VECTOR('',#15041,10.);
#4458=VECTOR('',#15042,10.);
#4459=VECTOR('',#15045,10.);
#4460=VECTOR('',#15046,10.);
#4461=VECTOR('',#15047,10.);
#4462=VECTOR('',#15050,10.);
#4463=VECTOR('',#15051,10.);
#4464=VECTOR('',#15060,10.);
#4465=VECTOR('',#15063,10.);
#4466=VECTOR('',#15068,10.);
#4467=VECTOR('',#15071,10.);
#4468=VECTOR('',#15076,10.);
#4469=VECTOR('',#15077,10.);
#4470=VECTOR('',#15078,10.);
#4471=VECTOR('',#15081,10.);
#4472=VECTOR('',#15082,10.);
#4473=VECTOR('',#15083,10.);
#4474=VECTOR('',#15086,10.);
#4475=VECTOR('',#15087,10.);
#4476=VECTOR('',#15088,10.);
#4477=VECTOR('',#15089,10.);
#4478=VECTOR('',#15092,10.);
#4479=VECTOR('',#15093,10.);
#4480=VECTOR('',#15096,10.);
#4481=VECTOR('',#15097,10.);
#4482=VECTOR('',#15100,10.);
#4483=VECTOR('',#15103,10.);
#4484=VECTOR('',#15112,1.25);
#4485=VECTOR('',#15117,10.);
#4486=VECTOR('',#15118,10.);
#4487=VECTOR('',#15119,10.);
#4488=VECTOR('',#15120,10.);
#4489=VECTOR('',#15123,10.);
#4490=VECTOR('',#15124,10.);
#4491=VECTOR('',#15125,10.);
#4492=VECTOR('',#15128,10.);
#4493=VECTOR('',#15129,10.);
#4494=VECTOR('',#15130,10.);
#4495=VECTOR('',#15133,10.);
#4496=VECTOR('',#15134,10.);
#4497=VECTOR('',#15145,1.25);
#4498=VECTOR('',#15150,10.);
#4499=VECTOR('',#15151,10.);
#4500=VECTOR('',#15152,10.);
#4501=VECTOR('',#15153,10.);
#4502=VECTOR('',#15156,10.);
#4503=VECTOR('',#15157,10.);
#4504=VECTOR('',#15158,10.);
#4505=VECTOR('',#15161,10.);
#4506=VECTOR('',#15162,10.);
#4507=VECTOR('',#15163,10.);
#4508=VECTOR('',#15166,10.);
#4509=VECTOR('',#15167,10.);
#4510=VECTOR('',#15176,10.);
#4511=VECTOR('',#15179,10.);
#4512=VECTOR('',#15184,10.);
#4513=VECTOR('',#15185,10.);
#4514=VECTOR('',#15186,10.);
#4515=VECTOR('',#15189,10.);
#4516=VECTOR('',#15194,10.);
#4517=VECTOR('',#15195,10.);
#4518=VECTOR('',#15206,10.);
#4519=VECTOR('',#15209,10.);
#4520=VECTOR('',#15214,10.);
#4521=VECTOR('',#15215,10.);
#4522=VECTOR('',#15216,10.);
#4523=VECTOR('',#15219,10.);
#4524=VECTOR('',#15224,10.);
#4525=VECTOR('',#15225,10.);
#4526=VECTOR('',#15278,11.);
#4527=VECTOR('',#15291,2.);
#4528=VECTOR('',#15304,1.6);
#4529=VECTOR('',#15311,1.6);
#4530=VECTOR('',#15318,1.6);
#4531=VECTOR('',#15325,1.6);
#4532=VECTOR('',#15332,11.1);
#4533=VECTOR('',#15337,10.);
#4534=VECTOR('',#15338,10.);
#4535=VECTOR('',#15339,10.);
#4536=VECTOR('',#15340,10.);
#4537=VECTOR('',#15343,10.);
#4538=VECTOR('',#15344,10.);
#4539=VECTOR('',#15345,10.);
#4540=VECTOR('',#15348,10.);
#4541=VECTOR('',#15349,10.);
#4542=VECTOR('',#15350,10.);
#4543=VECTOR('',#15353,10.);
#4544=VECTOR('',#15354,10.);
#4545=VECTOR('',#15363,10.);
#4546=VECTOR('',#15364,10.);
#4547=VECTOR('',#15365,10.);
#4548=VECTOR('',#15366,10.);
#4549=VECTOR('',#15369,10.);
#4550=VECTOR('',#15370,10.);
#4551=VECTOR('',#15371,10.);
#4552=VECTOR('',#15374,10.);
#4553=VECTOR('',#15375,10.);
#4554=VECTOR('',#15376,10.);
#4555=VECTOR('',#15379,10.);
#4556=VECTOR('',#15380,10.);
#4557=VECTOR('',#15381,10.);
#4558=VECTOR('',#15396,1.25);
#4559=VECTOR('',#15405,1.25);
#4560=VECTOR('',#15412,1.25);
#4561=VECTOR('',#15417,1.25);
#4562=VECTOR('',#15422,1.25);
#4563=VECTOR('',#15427,1.25);
#4564=VECTOR('',#15432,11.1);
#4565=VECTOR('',#15437,10.);
#4566=VECTOR('',#15438,10.);
#4567=VECTOR('',#15439,10.);
#4568=VECTOR('',#15442,10.);
#4569=VECTOR('',#15443,10.);
#4570=VECTOR('',#15454,1.25);
#4571=VECTOR('',#15461,1.25);
#4572=VECTOR('',#15468,2.);
#4573=VECTOR('',#15475,8.);
#4574=VECTOR('',#15488,11.);
#4575=VECTOR('',#15501,2.);
#4576=VECTOR('',#15514,1.6);
#4577=VECTOR('',#15521,1.6);
#4578=VECTOR('',#15528,1.6);
#4579=VECTOR('',#15535,1.6);
#4580=VECTOR('',#15542,11.1);
#4581=VECTOR('',#15547,10.);
#4582=VECTOR('',#15548,10.);
#4583=VECTOR('',#15549,10.);
#4584=VECTOR('',#15550,10.);
#4585=VECTOR('',#15553,10.);
#4586=VECTOR('',#15554,10.);
#4587=VECTOR('',#15555,10.);
#4588=VECTOR('',#15558,10.);
#4589=VECTOR('',#15559,10.);
#4590=VECTOR('',#15560,10.);
#4591=VECTOR('',#15563,10.);
#4592=VECTOR('',#15564,10.);
#4593=VECTOR('',#15573,10.);
#4594=VECTOR('',#15574,10.);
#4595=VECTOR('',#15575,10.);
#4596=VECTOR('',#15576,10.);
#4597=VECTOR('',#15579,10.);
#4598=VECTOR('',#15580,10.);
#4599=VECTOR('',#15581,10.);
#4600=VECTOR('',#15584,10.);
#4601=VECTOR('',#15585,10.);
#4602=VECTOR('',#15586,10.);
#4603=VECTOR('',#15589,10.);
#4604=VECTOR('',#15590,10.);
#4605=VECTOR('',#15591,10.);
#4606=VECTOR('',#15606,1.25);
#4607=VECTOR('',#15615,1.25);
#4608=VECTOR('',#15622,1.25);
#4609=VECTOR('',#15627,1.25);
#4610=VECTOR('',#15632,1.25);
#4611=VECTOR('',#15637,1.25);
#4612=VECTOR('',#15642,11.1);
#4613=VECTOR('',#15647,10.);
#4614=VECTOR('',#15648,10.);
#4615=VECTOR('',#15649,10.);
#4616=VECTOR('',#15652,10.);
#4617=VECTOR('',#15653,10.);
#4618=VECTOR('',#15664,1.25);
#4619=VECTOR('',#15671,1.25);
#4620=VECTOR('',#15678,2.);
#4621=VECTOR('',#15685,8.);
#4622=VECTOR('',#15720,1.25);
#4623=VECTOR('',#15729,1.25);
#4624=VECTOR('',#15736,10.);
#4625=VECTOR('',#15737,10.);
#4626=VECTOR('',#15738,10.);
#4627=VECTOR('',#15739,10.);
#4628=VECTOR('',#15742,10.);
#4629=VECTOR('',#15743,10.);
#4630=VECTOR('',#15744,10.);
#4631=VECTOR('',#15747,10.);
#4632=VECTOR('',#15748,10.);
#4633=VECTOR('',#15749,10.);
#4634=VECTOR('',#15752,10.);
#4635=VECTOR('',#15753,10.);
#4636=VECTOR('',#15764,1.25);
#4637=VECTOR('',#15773,1.25);
#4638=VECTOR('',#15780,10.);
#4639=VECTOR('',#15781,10.);
#4640=VECTOR('',#15782,10.);
#4641=VECTOR('',#15783,10.);
#4642=VECTOR('',#15786,10.);
#4643=VECTOR('',#15787,10.);
#4644=VECTOR('',#15788,10.);
#4645=VECTOR('',#15791,10.);
#4646=VECTOR('',#15792,10.);
#4647=VECTOR('',#15793,10.);
#4648=VECTOR('',#15796,10.);
#4649=VECTOR('',#15797,10.);
#4650=CIRCLE('',#11488,1.7);
#4651=CIRCLE('',#11489,1.7);
#4652=CIRCLE('',#11491,1.7);
#4653=CIRCLE('',#11492,1.7);
#4654=CIRCLE('',#11494,1.7);
#4655=CIRCLE('',#11495,1.7);
#4656=CIRCLE('',#11497,1.7);
#4657=CIRCLE('',#11498,1.7);
#4658=CIRCLE('',#11500,1.7);
#4659=CIRCLE('',#11501,1.7);
#4660=CIRCLE('',#11503,1.7);
#4661=CIRCLE('',#11504,1.7);
#4662=CIRCLE('',#11506,1.7);
#4663=CIRCLE('',#11507,1.7);
#4664=CIRCLE('',#11509,1.7);
#4665=CIRCLE('',#11510,1.7);
#4666=CIRCLE('',#11512,1.7);
#4667=CIRCLE('',#11513,1.7);
#4668=CIRCLE('',#11515,1.7);
#4669=CIRCLE('',#11516,1.7);
#4670=CIRCLE('',#11518,1.7);
#4671=CIRCLE('',#11519,1.7);
#4672=CIRCLE('',#11521,1.7);
#4673=CIRCLE('',#11522,1.7);
#4674=CIRCLE('',#11524,1.7);
#4675=CIRCLE('',#11525,1.7);
#4676=CIRCLE('',#11527,1.7);
#4677=CIRCLE('',#11528,1.7);
#4678=CIRCLE('',#11530,1.7);
#4679=CIRCLE('',#11531,1.7);
#4680=CIRCLE('',#11533,1.7);
#4681=CIRCLE('',#11534,1.7);
#4682=CIRCLE('',#11536,1.25);
#4683=CIRCLE('',#11537,1.25);
#4684=CIRCLE('',#11539,1.25);
#4685=CIRCLE('',#11540,1.25);
#4686=CIRCLE('',#11542,1.25);
#4687=CIRCLE('',#11543,1.25);
#4688=CIRCLE('',#11545,1.25);
#4689=CIRCLE('',#11546,1.25);
#4690=CIRCLE('',#11548,1.25);
#4691=CIRCLE('',#11549,1.25);
#4692=CIRCLE('',#11551,1.25);
#4693=CIRCLE('',#11552,1.25);
#4694=CIRCLE('',#11554,1.25);
#4695=CIRCLE('',#11555,1.25);
#4696=CIRCLE('',#11557,1.25);
#4697=CIRCLE('',#11558,1.25);
#4698=CIRCLE('',#11560,1.25);
#4699=CIRCLE('',#11561,1.25);
#4700=CIRCLE('',#11563,1.25);
#4701=CIRCLE('',#11564,1.25);
#4702=CIRCLE('',#11566,1.25);
#4703=CIRCLE('',#11567,1.25);
#4704=CIRCLE('',#11569,1.25);
#4705=CIRCLE('',#11570,1.25);
#4706=CIRCLE('',#11588,1.45);
#4707=CIRCLE('',#11589,1.45);
#4708=CIRCLE('',#11591,1.45);
#4709=CIRCLE('',#11592,1.45);
#4710=CIRCLE('',#11594,1.45);
#4711=CIRCLE('',#11595,1.45);
#4712=CIRCLE('',#11597,1.45);
#4713=CIRCLE('',#11598,1.45);
#4714=CIRCLE('',#11600,1.45);
#4715=CIRCLE('',#11601,1.45);
#4716=CIRCLE('',#11603,1.45);
#4717=CIRCLE('',#11604,1.45);
#4718=CIRCLE('',#11606,1.7);
#4719=CIRCLE('',#11607,1.7);
#4720=CIRCLE('',#11609,1.7);
#4721=CIRCLE('',#11610,1.7);
#4722=CIRCLE('',#11612,1.7);
#4723=CIRCLE('',#11613,1.7);
#4724=CIRCLE('',#11615,1.7);
#4725=CIRCLE('',#11616,1.7);
#4726=CIRCLE('',#11618,1.7);
#4727=CIRCLE('',#11619,1.7);
#4728=CIRCLE('',#11621,1.7);
#4729=CIRCLE('',#11622,1.7);
#4730=CIRCLE('',#11624,1.7);
#4731=CIRCLE('',#11625,1.7);
#4732=CIRCLE('',#11627,1.7);
#4733=CIRCLE('',#11628,1.7);
#4734=CIRCLE('',#11630,1.7);
#4735=CIRCLE('',#11631,1.7);
#4736=CIRCLE('',#11633,1.7);
#4737=CIRCLE('',#11634,1.7);
#4738=CIRCLE('',#11636,1.7);
#4739=CIRCLE('',#11637,1.7);
#4740=CIRCLE('',#11639,1.7);
#4741=CIRCLE('',#11640,1.7);
#4742=CIRCLE('',#11657,1.7);
#4743=CIRCLE('',#11658,1.7);
#4744=CIRCLE('',#11660,1.7);
#4745=CIRCLE('',#11661,1.7);
#4746=CIRCLE('',#11663,1.7);
#4747=CIRCLE('',#11664,1.7);
#4748=CIRCLE('',#11666,1.7);
#4749=CIRCLE('',#11667,1.7);
#4750=CIRCLE('',#11680,1.7);
#4751=CIRCLE('',#11681,1.7);
#4752=CIRCLE('',#11683,1.7);
#4753=CIRCLE('',#11684,1.7);
#4754=CIRCLE('',#11686,1.7);
#4755=CIRCLE('',#11687,1.7);
#4756=CIRCLE('',#11689,1.7);
#4757=CIRCLE('',#11690,1.7);
#4758=CIRCLE('',#11703,3.);
#4759=CIRCLE('',#11704,3.);
#4760=CIRCLE('',#11706,1.7);
#4761=CIRCLE('',#11707,1.7);
#4762=CIRCLE('',#11709,1.7);
#4763=CIRCLE('',#11710,1.7);
#4764=CIRCLE('',#11712,1.7);
#4765=CIRCLE('',#11713,1.7);
#4766=CIRCLE('',#11715,1.7);
#4767=CIRCLE('',#11716,1.7);
#4768=CIRCLE('',#11718,1.7);
#4769=CIRCLE('',#11719,1.7);
#4770=CIRCLE('',#11721,1.7);
#4771=CIRCLE('',#11722,1.7);
#4772=CIRCLE('',#11731,1.25);
#4773=CIRCLE('',#11735,1.7);
#4774=CIRCLE('',#11736,1.7);
#4775=CIRCLE('',#11741,1.7);
#4776=CIRCLE('',#11743,1.7);
#4777=CIRCLE('',#11751,1.25);
#4778=CIRCLE('',#11756,1.7);
#4779=CIRCLE('',#11757,1.7);
#4780=CIRCLE('',#11761,1.7);
#4781=CIRCLE('',#11763,1.7);
#4782=CIRCLE('',#11772,1.25);
#4783=CIRCLE('',#11773,1.25);
#4784=CIRCLE('',#11776,1.25);
#4785=CIRCLE('',#11777,1.25);
#4786=CIRCLE('',#11780,3.);
#4787=CIRCLE('',#11781,3.);
#4788=CIRCLE('',#11788,1.25);
#4789=CIRCLE('',#11789,1.25);
#4790=CIRCLE('',#11792,1.25);
#4791=CIRCLE('',#11793,1.25);
#4792=CIRCLE('',#11796,3.);
#4793=CIRCLE('',#11797,3.);
#4794=CIRCLE('',#11802,1.25);
#4795=CIRCLE('',#11803,1.25);
#4796=CIRCLE('',#11806,1.25);
#4797=CIRCLE('',#11807,1.25);
#4798=CIRCLE('',#11810,3.);
#4799=CIRCLE('',#11811,3.);
#4800=CIRCLE('',#11816,1.25);
#4801=CIRCLE('',#11817,1.25);
#4802=CIRCLE('',#11820,1.25);
#4803=CIRCLE('',#11821,1.25);
#4804=CIRCLE('',#11824,3.);
#4805=CIRCLE('',#11825,3.);
#4806=CIRCLE('',#11838,1.7);
#4807=CIRCLE('',#11839,1.7);
#4808=CIRCLE('',#11841,1.7);
#4809=CIRCLE('',#11842,1.7);
#4810=CIRCLE('',#11844,2.1);
#4811=CIRCLE('',#11845,2.1);
#4812=CIRCLE('',#11848,8.1);
#4813=CIRCLE('',#11849,8.1);
#4814=CIRCLE('',#11852,21.);
#4815=CIRCLE('',#11853,21.);
#4816=CIRCLE('',#11858,1.7);
#4817=CIRCLE('',#11859,1.7);
#4818=CIRCLE('',#11861,1.7);
#4819=CIRCLE('',#11862,1.7);
#4820=CIRCLE('',#11864,2.1);
#4821=CIRCLE('',#11865,2.1);
#4822=CIRCLE('',#11868,8.1);
#4823=CIRCLE('',#11869,8.1);
#4824=CIRCLE('',#11872,21.);
#4825=CIRCLE('',#11873,21.);
#4826=CIRCLE('',#11902,1.);
#4827=CIRCLE('',#11903,1.);
#4828=CIRCLE('',#11905,0.999999999999996);
#4829=CIRCLE('',#11906,0.999999999999996);
#4830=CIRCLE('',#11930,1.7);
#4831=CIRCLE('',#11931,1.7);
#4832=CIRCLE('',#11933,1.7);
#4833=CIRCLE('',#11934,1.7);
#4834=CIRCLE('',#11936,1.7);
#4835=CIRCLE('',#11937,1.7);
#4836=CIRCLE('',#11939,1.7);
#4837=CIRCLE('',#11940,1.7);
#4838=CIRCLE('',#11951,1.45);
#4839=CIRCLE('',#11952,1.45);
#4840=CIRCLE('',#11954,1.45);
#4841=CIRCLE('',#11955,1.45);
#4842=CIRCLE('',#11957,1.45);
#4843=CIRCLE('',#11958,1.45);
#4844=CIRCLE('',#11960,1.45);
#4845=CIRCLE('',#11961,1.45);
#4846=CIRCLE('',#11990,1.05);
#4847=CIRCLE('',#11991,1.05);
#4848=CIRCLE('',#11994,1.05);
#4849=CIRCLE('',#11995,1.05);
#4850=CIRCLE('',#11998,2.5);
#4851=CIRCLE('',#11999,2.5);
#4852=CIRCLE('',#12004,1.05);
#4853=CIRCLE('',#12005,1.05);
#4854=CIRCLE('',#12008,1.05);
#4855=CIRCLE('',#12009,1.05);
#4856=CIRCLE('',#12012,2.5);
#4857=CIRCLE('',#12013,2.5);
#4858=CIRCLE('',#12018,1.05);
#4859=CIRCLE('',#12019,1.05);
#4860=CIRCLE('',#12022,1.05);
#4861=CIRCLE('',#12023,1.05);
#4862=CIRCLE('',#12026,2.5);
#4863=CIRCLE('',#12027,2.5);
#4864=CIRCLE('',#12032,1.05);
#4865=CIRCLE('',#12033,1.05);
#4866=CIRCLE('',#12036,1.05);
#4867=CIRCLE('',#12037,1.05);
#4868=CIRCLE('',#12040,2.5);
#4869=CIRCLE('',#12041,2.5);
#4870=CIRCLE('',#12046,1.05);
#4871=CIRCLE('',#12047,1.05);
#4872=CIRCLE('',#12050,1.05);
#4873=CIRCLE('',#12051,1.05);
#4874=CIRCLE('',#12054,3.);
#4875=CIRCLE('',#12055,3.);
#4876=CIRCLE('',#12060,1.05);
#4877=CIRCLE('',#12061,1.05);
#4878=CIRCLE('',#12064,1.05);
#4879=CIRCLE('',#12065,1.05);
#4880=CIRCLE('',#12068,3.);
#4881=CIRCLE('',#12069,3.);
#4882=CIRCLE('',#12074,1.7);
#4883=CIRCLE('',#12075,1.7);
#4884=CIRCLE('',#12077,1.7);
#4885=CIRCLE('',#12078,1.7);
#4886=CIRCLE('',#12096,1.7);
#4887=CIRCLE('',#12097,1.7);
#4888=CIRCLE('',#12099,1.7);
#4889=CIRCLE('',#12100,1.7);
#4890=CIRCLE('',#12118,1.1);
#4891=CIRCLE('',#12119,1.1);
#4892=CIRCLE('',#12121,1.1);
#4893=CIRCLE('',#12122,1.1);
#4894=CIRCLE('',#12124,1.7);
#4895=CIRCLE('',#12125,1.7);
#4896=CIRCLE('',#12127,1.7);
#4897=CIRCLE('',#12128,1.7);
#4898=CIRCLE('',#12158,1.6);
#4899=CIRCLE('',#12159,1.6);
#4900=CIRCLE('',#12168,3.2);
#4901=CIRCLE('',#12169,3.2);
#4902=CIRCLE('',#12178,3.2);
#4903=CIRCLE('',#12181,1.25);
#4904=CIRCLE('',#12182,1.25);
#4905=CIRCLE('',#12185,1.25);
#4906=CIRCLE('',#12186,1.25);
#4907=CIRCLE('',#12191,3.2);
#4908=CIRCLE('',#12198,3.2);
#4909=CIRCLE('',#12201,1.25);
#4910=CIRCLE('',#12202,1.25);
#4911=CIRCLE('',#12205,1.25);
#4912=CIRCLE('',#12206,1.25);
#4913=CIRCLE('',#12212,3.2);
#4914=CIRCLE('',#12217,2.5);
#4915=CIRCLE('',#12218,2.5);
#4916=CIRCLE('',#12220,3.);
#4917=CIRCLE('',#12222,3.);
#4918=CIRCLE('',#12224,3.);
#4919=CIRCLE('',#12226,2.5);
#4920=CIRCLE('',#12227,2.5);
#4921=CIRCLE('',#12230,3.);
#4922=CIRCLE('',#12232,3.);
#4923=CIRCLE('',#12234,3.);
#4924=CIRCLE('',#12239,1.5);
#4925=CIRCLE('',#12240,1.5);
#4926=CIRCLE('',#12264,1.6);
#4927=CIRCLE('',#12265,1.6);
#4928=CIRCLE('',#12267,1.6);
#4929=CIRCLE('',#12268,1.6);
#4930=CIRCLE('',#12277,1.6);
#4931=CIRCLE('',#12278,1.6);
#4932=CIRCLE('',#12280,1.6);
#4933=CIRCLE('',#12281,1.6);
#4934=CIRCLE('',#12297,1.7);
#4935=CIRCLE('',#12298,1.7);
#4936=CIRCLE('',#12300,1.7);
#4937=CIRCLE('',#12301,1.7);
#4938=CIRCLE('',#12312,1.25);
#4939=CIRCLE('',#12313,1.25);
#4940=CIRCLE('',#12322,1.25);
#4941=CIRCLE('',#12323,1.25);
#4942=CIRCLE('',#12332,1.7);
#4943=CIRCLE('',#12333,1.7);
#4944=CIRCLE('',#12335,1.7);
#4945=CIRCLE('',#12336,1.7);
#4946=CIRCLE('',#12347,1.25);
#4947=CIRCLE('',#12348,1.25);
#4948=CIRCLE('',#12357,1.25);
#4949=CIRCLE('',#12358,1.25);
#4950=CIRCLE('',#12367,4.);
#4951=CIRCLE('',#12368,4.);
#4952=CIRCLE('',#12371,2.5);
#4953=CIRCLE('',#12374,2.5);
#4954=CIRCLE('',#12378,4.);
#4955=CIRCLE('',#12379,4.);
#4956=CIRCLE('',#12382,2.5);
#4957=CIRCLE('',#12385,2.5);
#4958=CIRCLE('',#12409,11.);
#4959=CIRCLE('',#12410,11.);
#4960=CIRCLE('',#12415,2.);
#4961=CIRCLE('',#12416,2.);
#4962=CIRCLE('',#12421,1.6);
#4963=CIRCLE('',#12422,1.6);
#4964=CIRCLE('',#12424,1.6);
#4965=CIRCLE('',#12425,1.6);
#4966=CIRCLE('',#12427,1.6);
#4967=CIRCLE('',#12428,1.6);
#4968=CIRCLE('',#12430,1.6);
#4969=CIRCLE('',#12431,1.6);
#4970=CIRCLE('',#12433,11.1);
#4971=CIRCLE('',#12434,11.1);
#4972=CIRCLE('',#12446,1.25);
#4973=CIRCLE('',#12447,1.25);
#4974=CIRCLE('',#12448,1.25);
#4975=CIRCLE('',#12449,1.25);
#4976=CIRCLE('',#12450,11.1);
#4977=CIRCLE('',#12452,1.25);
#4978=CIRCLE('',#12453,1.25);
#4979=CIRCLE('',#12456,1.25);
#4980=CIRCLE('',#12457,1.25);
#4981=CIRCLE('',#12460,1.25);
#4982=CIRCLE('',#12462,1.25);
#4983=CIRCLE('',#12464,1.25);
#4984=CIRCLE('',#12466,1.25);
#4985=CIRCLE('',#12468,11.1);
#4986=CIRCLE('',#12475,1.25);
#4987=CIRCLE('',#12476,1.25);
#4988=CIRCLE('',#12478,1.25);
#4989=CIRCLE('',#12479,1.25);
#4990=CIRCLE('',#12481,2.);
#4991=CIRCLE('',#12482,2.);
#4992=CIRCLE('',#12484,8.);
#4993=CIRCLE('',#12485,8.);
#4994=CIRCLE('',#12490,11.);
#4995=CIRCLE('',#12491,11.);
#4996=CIRCLE('',#12496,2.);
#4997=CIRCLE('',#12497,2.);
#4998=CIRCLE('',#12502,1.6);
#4999=CIRCLE('',#12503,1.6);
#5000=CIRCLE('',#12505,1.6);
#5001=CIRCLE('',#12506,1.6);
#5002=CIRCLE('',#12508,1.6);
#5003=CIRCLE('',#12509,1.6);
#5004=CIRCLE('',#12511,1.6);
#5005=CIRCLE('',#12512,1.6);
#5006=CIRCLE('',#12514,11.1);
#5007=CIRCLE('',#12515,11.1);
#5008=CIRCLE('',#12527,1.25);
#5009=CIRCLE('',#12528,1.25);
#5010=CIRCLE('',#12529,1.25);
#5011=CIRCLE('',#12530,1.25);
#5012=CIRCLE('',#12531,11.1);
#5013=CIRCLE('',#12533,1.25);
#5014=CIRCLE('',#12534,1.25);
#5015=CIRCLE('',#12537,1.25);
#5016=CIRCLE('',#12538,1.25);
#5017=CIRCLE('',#12541,1.25);
#5018=CIRCLE('',#12543,1.25);
#5019=CIRCLE('',#12545,1.25);
#5020=CIRCLE('',#12547,1.25);
#5021=CIRCLE('',#12549,11.1);
#5022=CIRCLE('',#12556,1.25);
#5023=CIRCLE('',#12557,1.25);
#5024=CIRCLE('',#12559,1.25);
#5025=CIRCLE('',#12560,1.25);
#5026=CIRCLE('',#12562,2.);
#5027=CIRCLE('',#12563,2.);
#5028=CIRCLE('',#12565,8.);
#5029=CIRCLE('',#12566,8.);
#5030=CIRCLE('',#12582,1.25);
#5031=CIRCLE('',#12583,1.25);
#5032=CIRCLE('',#12586,1.25);
#5033=CIRCLE('',#12587,1.25);
#5034=CIRCLE('',#12597,1.25);
#5035=CIRCLE('',#12598,1.25);
#5036=CIRCLE('',#12601,1.25);
#5037=CIRCLE('',#12602,1.25);
#5038=VERTEX_POINT('',#15824);
#5039=VERTEX_POINT('',#15826);
#5040=VERTEX_POINT('',#15830);
#5041=VERTEX_POINT('',#15832);
#5042=VERTEX_POINT('',#15836);
#5043=VERTEX_POINT('',#15838);
#5044=VERTEX_POINT('',#15842);
#5045=VERTEX_POINT('',#15844);
#5046=VERTEX_POINT('',#15848);
#5047=VERTEX_POINT('',#15849);
#5048=VERTEX_POINT('',#15851);
#5049=VERTEX_POINT('',#15853);
#5050=VERTEX_POINT('',#15857);
#5051=VERTEX_POINT('',#15858);
#5052=VERTEX_POINT('',#15860);
#5053=VERTEX_POINT('',#15862);
#5054=VERTEX_POINT('',#15872);
#5055=VERTEX_POINT('',#15873);
#5056=VERTEX_POINT('',#15875);
#5057=VERTEX_POINT('',#15877);
#5058=VERTEX_POINT('',#15881);
#5059=VERTEX_POINT('',#15882);
#5060=VERTEX_POINT('',#15884);
#5061=VERTEX_POINT('',#15886);
#5062=VERTEX_POINT('',#15896);
#5063=VERTEX_POINT('',#15898);
#5064=VERTEX_POINT('',#15902);
#5065=VERTEX_POINT('',#15904);
#5066=VERTEX_POINT('',#15908);
#5067=VERTEX_POINT('',#15910);
#5068=VERTEX_POINT('',#15914);
#5069=VERTEX_POINT('',#15916);
#5070=VERTEX_POINT('',#15920);
#5071=VERTEX_POINT('',#15922);
#5072=VERTEX_POINT('',#15926);
#5073=VERTEX_POINT('',#15928);
#5074=VERTEX_POINT('',#15932);
#5075=VERTEX_POINT('',#15934);
#5076=VERTEX_POINT('',#15938);
#5077=VERTEX_POINT('',#15940);
#5078=VERTEX_POINT('',#15944);
#5079=VERTEX_POINT('',#15946);
#5080=VERTEX_POINT('',#15950);
#5081=VERTEX_POINT('',#15952);
#5082=VERTEX_POINT('',#15956);
#5083=VERTEX_POINT('',#15958);
#5084=VERTEX_POINT('',#15962);
#5085=VERTEX_POINT('',#15964);
#5086=VERTEX_POINT('',#15968);
#5087=VERTEX_POINT('',#15970);
#5088=VERTEX_POINT('',#15974);
#5089=VERTEX_POINT('',#15976);
#5090=VERTEX_POINT('',#15980);
#5091=VERTEX_POINT('',#15982);
#5092=VERTEX_POINT('',#15986);
#5093=VERTEX_POINT('',#15988);
#5094=VERTEX_POINT('',#15992);
#5095=VERTEX_POINT('',#15993);
#5096=VERTEX_POINT('',#15995);
#5097=VERTEX_POINT('',#15997);
#5098=VERTEX_POINT('',#16001);
#5099=VERTEX_POINT('',#16002);
#5100=VERTEX_POINT('',#16004);
#5101=VERTEX_POINT('',#16006);
#5102=VERTEX_POINT('',#16016);
#5103=VERTEX_POINT('',#16017);
#5104=VERTEX_POINT('',#16019);
#5105=VERTEX_POINT('',#16021);
#5106=VERTEX_POINT('',#16025);
#5107=VERTEX_POINT('',#16026);
#5108=VERTEX_POINT('',#16028);
#5109=VERTEX_POINT('',#16030);
#5110=VERTEX_POINT('',#16040);
#5111=VERTEX_POINT('',#16041);
#5112=VERTEX_POINT('',#16043);
#5113=VERTEX_POINT('',#16045);
#5114=VERTEX_POINT('',#16049);
#5115=VERTEX_POINT('',#16050);
#5116=VERTEX_POINT('',#16052);
#5117=VERTEX_POINT('',#16054);
#5118=VERTEX_POINT('',#16064);
#5119=VERTEX_POINT('',#16065);
#5120=VERTEX_POINT('',#16067);
#5121=VERTEX_POINT('',#16069);
#5122=VERTEX_POINT('',#16073);
#5123=VERTEX_POINT('',#16074);
#5124=VERTEX_POINT('',#16076);
#5125=VERTEX_POINT('',#16078);
#5126=VERTEX_POINT('',#16088);
#5127=VERTEX_POINT('',#16090);
#5128=VERTEX_POINT('',#16094);
#5129=VERTEX_POINT('',#16096);
#5130=VERTEX_POINT('',#16100);
#5131=VERTEX_POINT('',#16102);
#5132=VERTEX_POINT('',#16106);
#5133=VERTEX_POINT('',#16108);
#5134=VERTEX_POINT('',#16112);
#5135=VERTEX_POINT('',#16114);
#5136=VERTEX_POINT('',#16118);
#5137=VERTEX_POINT('',#16120);
#5138=VERTEX_POINT('',#16124);
#5139=VERTEX_POINT('',#16126);
#5140=VERTEX_POINT('',#16130);
#5141=VERTEX_POINT('',#16132);
#5142=VERTEX_POINT('',#16136);
#5143=VERTEX_POINT('',#16138);
#5144=VERTEX_POINT('',#16142);
#5145=VERTEX_POINT('',#16144);
#5146=VERTEX_POINT('',#16148);
#5147=VERTEX_POINT('',#16150);
#5148=VERTEX_POINT('',#16154);
#5149=VERTEX_POINT('',#16156);
#5150=VERTEX_POINT('',#16160);
#5151=VERTEX_POINT('',#16162);
#5152=VERTEX_POINT('',#16166);
#5153=VERTEX_POINT('',#16168);
#5154=VERTEX_POINT('',#16172);
#5155=VERTEX_POINT('',#16174);
#5156=VERTEX_POINT('',#16178);
#5157=VERTEX_POINT('',#16180);
#5158=VERTEX_POINT('',#16184);
#5159=VERTEX_POINT('',#16186);
#5160=VERTEX_POINT('',#16190);
#5161=VERTEX_POINT('',#16192);
#5162=VERTEX_POINT('',#16196);
#5163=VERTEX_POINT('',#16197);
#5164=VERTEX_POINT('',#16199);
#5165=VERTEX_POINT('',#16201);
#5166=VERTEX_POINT('',#16205);
#5167=VERTEX_POINT('',#16207);
#5168=VERTEX_POINT('',#16211);
#5169=VERTEX_POINT('',#16213);
#5170=VERTEX_POINT('',#16217);
#5171=VERTEX_POINT('',#16219);
#5172=VERTEX_POINT('',#16221);
#5173=VERTEX_POINT('',#16223);
#5174=VERTEX_POINT('',#16225);
#5175=VERTEX_POINT('',#16227);
#5176=VERTEX_POINT('',#16229);
#5177=VERTEX_POINT('',#16231);
#5178=VERTEX_POINT('',#16235);
#5179=VERTEX_POINT('',#16239);
#5180=VERTEX_POINT('',#16241);
#5181=VERTEX_POINT('',#16245);
#5182=VERTEX_POINT('',#16249);
#5183=VERTEX_POINT('',#16253);
#5184=VERTEX_POINT('',#16255);
#5185=VERTEX_POINT('',#16258);
#5186=VERTEX_POINT('',#16271);
#5187=VERTEX_POINT('',#16273);
#5188=VERTEX_POINT('',#16277);
#5189=VERTEX_POINT('',#16279);
#5190=VERTEX_POINT('',#16283);
#5191=VERTEX_POINT('',#16285);
#5192=VERTEX_POINT('',#16289);
#5193=VERTEX_POINT('',#16291);
#5194=VERTEX_POINT('',#16295);
#5195=VERTEX_POINT('',#16296);
#5196=VERTEX_POINT('',#16298);
#5197=VERTEX_POINT('',#16300);
#5198=VERTEX_POINT('',#16304);
#5199=VERTEX_POINT('',#16306);
#5200=VERTEX_POINT('',#16310);
#5201=VERTEX_POINT('',#16312);
#5202=VERTEX_POINT('',#16316);
#5203=VERTEX_POINT('',#16318);
#5204=VERTEX_POINT('',#16320);
#5205=VERTEX_POINT('',#16322);
#5206=VERTEX_POINT('',#16326);
#5207=VERTEX_POINT('',#16330);
#5208=VERTEX_POINT('',#16334);
#5209=VERTEX_POINT('',#16338);
#5210=VERTEX_POINT('',#16346);
#5211=VERTEX_POINT('',#16348);
#5212=VERTEX_POINT('',#16352);
#5213=VERTEX_POINT('',#16354);
#5214=VERTEX_POINT('',#16358);
#5215=VERTEX_POINT('',#16360);
#5216=VERTEX_POINT('',#16364);
#5217=VERTEX_POINT('',#16366);
#5218=VERTEX_POINT('',#16370);
#5219=VERTEX_POINT('',#16371);
#5220=VERTEX_POINT('',#16373);
#5221=VERTEX_POINT('',#16375);
#5222=VERTEX_POINT('',#16379);
#5223=VERTEX_POINT('',#16380);
#5224=VERTEX_POINT('',#16382);
#5225=VERTEX_POINT('',#16384);
#5226=VERTEX_POINT('',#16391);
#5227=VERTEX_POINT('',#16393);
#5228=VERTEX_POINT('',#16395);
#5229=VERTEX_POINT('',#16397);
#5230=VERTEX_POINT('',#16401);
#5231=VERTEX_POINT('',#16405);
#5232=VERTEX_POINT('',#16409);
#5233=VERTEX_POINT('',#16413);
#5234=VERTEX_POINT('',#16421);
#5235=VERTEX_POINT('',#16423);
#5236=VERTEX_POINT('',#16427);
#5237=VERTEX_POINT('',#16429);
#5238=VERTEX_POINT('',#16433);
#5239=VERTEX_POINT('',#16435);
#5240=VERTEX_POINT('',#16439);
#5241=VERTEX_POINT('',#16441);
#5242=VERTEX_POINT('',#16445);
#5243=VERTEX_POINT('',#16447);
#5244=VERTEX_POINT('',#16451);
#5245=VERTEX_POINT('',#16453);
#5246=VERTEX_POINT('',#16457);
#5247=VERTEX_POINT('',#16459);
#5248=VERTEX_POINT('',#16463);
#5249=VERTEX_POINT('',#16464);
#5250=VERTEX_POINT('',#16466);
#5251=VERTEX_POINT('',#16468);
#5252=VERTEX_POINT('',#16472);
#5253=VERTEX_POINT('',#16474);
#5254=VERTEX_POINT('',#16478);
#5255=VERTEX_POINT('',#16480);
#5256=VERTEX_POINT('',#16490);
#5257=VERTEX_POINT('',#16491);
#5258=VERTEX_POINT('',#16497);
#5259=VERTEX_POINT('',#16498);
#5260=VERTEX_POINT('',#16500);
#5261=VERTEX_POINT('',#16502);
#5262=VERTEX_POINT('',#16505);
#5263=VERTEX_POINT('',#16507);
#5264=VERTEX_POINT('',#16510);
#5265=VERTEX_POINT('',#16512);
#5266=VERTEX_POINT('',#16520);
#5267=VERTEX_POINT('',#16524);
#5268=VERTEX_POINT('',#16528);
#5269=VERTEX_POINT('',#16529);
#5270=VERTEX_POINT('',#16531);
#5271=VERTEX_POINT('',#16533);
#5272=VERTEX_POINT('',#16537);
#5273=VERTEX_POINT('',#16539);
#5274=VERTEX_POINT('',#16549);
#5275=VERTEX_POINT('',#16550);
#5276=VERTEX_POINT('',#16556);
#5277=VERTEX_POINT('',#16557);
#5278=VERTEX_POINT('',#16559);
#5279=VERTEX_POINT('',#16561);
#5280=VERTEX_POINT('',#16565);
#5281=VERTEX_POINT('',#16567);
#5282=VERTEX_POINT('',#16570);
#5283=VERTEX_POINT('',#16572);
#5284=VERTEX_POINT('',#16579);
#5285=VERTEX_POINT('',#16583);
#5286=VERTEX_POINT('',#16587);
#5287=VERTEX_POINT('',#16588);
#5288=VERTEX_POINT('',#16590);
#5289=VERTEX_POINT('',#16592);
#5290=VERTEX_POINT('',#16596);
#5291=VERTEX_POINT('',#16598);
#5292=VERTEX_POINT('',#16608);
#5293=VERTEX_POINT('',#16609);
#5294=VERTEX_POINT('',#16620);
#5295=VERTEX_POINT('',#16649);
#5296=VERTEX_POINT('',#16651);
#5297=VERTEX_POINT('',#16689);
#5298=VERTEX_POINT('',#16691);
#5299=VERTEX_POINT('',#16696);
#5300=VERTEX_POINT('',#16698);
#5301=VERTEX_POINT('',#16703);
#5302=VERTEX_POINT('',#16706);
#5303=VERTEX_POINT('',#16712);
#5304=VERTEX_POINT('',#16747);
#5305=VERTEX_POINT('',#16784);
#5306=VERTEX_POINT('',#16819);
#5307=VERTEX_POINT('',#16856);
#5308=VERTEX_POINT('',#16857);
#5309=VERTEX_POINT('',#16868);
#5310=VERTEX_POINT('',#16897);
#5311=VERTEX_POINT('',#16899);
#5312=VERTEX_POINT('',#16937);
#5313=VERTEX_POINT('',#16939);
#5314=VERTEX_POINT('',#16944);
#5315=VERTEX_POINT('',#16946);
#5316=VERTEX_POINT('',#16951);
#5317=VERTEX_POINT('',#16954);
#5318=VERTEX_POINT('',#16960);
#5319=VERTEX_POINT('',#16961);
#5320=VERTEX_POINT('',#16972);
#5321=VERTEX_POINT('',#17001);
#5322=VERTEX_POINT('',#17003);
#5323=VERTEX_POINT('',#17041);
#5324=VERTEX_POINT('',#17043);
#5325=VERTEX_POINT('',#17048);
#5326=VERTEX_POINT('',#17050);
#5327=VERTEX_POINT('',#17055);
#5328=VERTEX_POINT('',#17058);
#5329=VERTEX_POINT('',#17064);
#5330=VERTEX_POINT('',#17065);
#5331=VERTEX_POINT('',#17076);
#5332=VERTEX_POINT('',#17105);
#5333=VERTEX_POINT('',#17107);
#5334=VERTEX_POINT('',#17145);
#5335=VERTEX_POINT('',#17147);
#5336=VERTEX_POINT('',#17152);
#5337=VERTEX_POINT('',#17154);
#5338=VERTEX_POINT('',#17159);
#5339=VERTEX_POINT('',#17162);
#5340=VERTEX_POINT('',#17177);
#5341=VERTEX_POINT('',#17179);
#5342=VERTEX_POINT('',#17183);
#5343=VERTEX_POINT('',#17185);
#5344=VERTEX_POINT('',#17189);
#5345=VERTEX_POINT('',#17191);
#5346=VERTEX_POINT('',#17196);
#5347=VERTEX_POINT('',#17198);
#5348=VERTEX_POINT('',#17203);
#5349=VERTEX_POINT('',#17205);
#5350=VERTEX_POINT('',#17212);
#5351=VERTEX_POINT('',#17214);
#5352=VERTEX_POINT('',#17218);
#5353=VERTEX_POINT('',#17220);
#5354=VERTEX_POINT('',#17224);
#5355=VERTEX_POINT('',#17226);
#5356=VERTEX_POINT('',#17231);
#5357=VERTEX_POINT('',#17233);
#5358=VERTEX_POINT('',#17238);
#5359=VERTEX_POINT('',#17240);
#5360=VERTEX_POINT('',#17250);
#5361=VERTEX_POINT('',#17251);
#5362=VERTEX_POINT('',#17253);
#5363=VERTEX_POINT('',#17255);
#5364=VERTEX_POINT('',#17259);
#5365=VERTEX_POINT('',#17261);
#5366=VERTEX_POINT('',#17265);
#5367=VERTEX_POINT('',#17267);
#5368=VERTEX_POINT('',#17277);
#5369=VERTEX_POINT('',#17278);
#5370=VERTEX_POINT('',#17280);
#5371=VERTEX_POINT('',#17282);
#5372=VERTEX_POINT('',#17286);
#5373=VERTEX_POINT('',#17288);
#5374=VERTEX_POINT('',#17292);
#5375=VERTEX_POINT('',#17294);
#5376=VERTEX_POINT('',#17304);
#5377=VERTEX_POINT('',#17305);
#5378=VERTEX_POINT('',#17307);
#5379=VERTEX_POINT('',#17309);
#5380=VERTEX_POINT('',#17313);
#5381=VERTEX_POINT('',#17315);
#5382=VERTEX_POINT('',#17319);
#5383=VERTEX_POINT('',#17321);
#5384=VERTEX_POINT('',#17331);
#5385=VERTEX_POINT('',#17333);
#5386=VERTEX_POINT('',#17337);
#5387=VERTEX_POINT('',#17339);
#5388=VERTEX_POINT('',#17343);
#5389=VERTEX_POINT('',#17344);
#5390=VERTEX_POINT('',#17346);
#5391=VERTEX_POINT('',#17348);
#5392=VERTEX_POINT('',#17352);
#5393=VERTEX_POINT('',#17354);
#5394=VERTEX_POINT('',#17358);
#5395=VERTEX_POINT('',#17360);
#5396=VERTEX_POINT('',#17370);
#5397=VERTEX_POINT('',#17371);
#5398=VERTEX_POINT('',#17373);
#5399=VERTEX_POINT('',#17375);
#5400=VERTEX_POINT('',#17379);
#5401=VERTEX_POINT('',#17381);
#5402=VERTEX_POINT('',#17385);
#5403=VERTEX_POINT('',#17387);
#5404=VERTEX_POINT('',#17405);
#5405=VERTEX_POINT('',#17407);
#5406=VERTEX_POINT('',#17411);
#5407=VERTEX_POINT('',#17413);
#5408=VERTEX_POINT('',#17417);
#5409=VERTEX_POINT('',#17419);
#5410=VERTEX_POINT('',#17423);
#5411=VERTEX_POINT('',#17425);
#5412=VERTEX_POINT('',#17429);
#5413=VERTEX_POINT('',#17430);
#5414=VERTEX_POINT('',#17432);
#5415=VERTEX_POINT('',#17434);
#5416=VERTEX_POINT('',#17438);
#5417=VERTEX_POINT('',#17440);
#5418=VERTEX_POINT('',#17444);
#5419=VERTEX_POINT('',#17446);
#5420=VERTEX_POINT('',#17458);
#5421=VERTEX_POINT('',#17460);
#5422=VERTEX_POINT('',#17464);
#5423=VERTEX_POINT('',#17466);
#5424=VERTEX_POINT('',#17470);
#5425=VERTEX_POINT('',#17472);
#5426=VERTEX_POINT('',#17476);
#5427=VERTEX_POINT('',#17478);
#5428=VERTEX_POINT('',#17482);
#5429=VERTEX_POINT('',#17483);
#5430=VERTEX_POINT('',#17485);
#5431=VERTEX_POINT('',#17487);
#5432=VERTEX_POINT('',#17491);
#5433=VERTEX_POINT('',#17493);
#5434=VERTEX_POINT('',#17497);
#5435=VERTEX_POINT('',#17499);
#5436=VERTEX_POINT('',#17506);
#5437=VERTEX_POINT('',#17507);
#5438=VERTEX_POINT('',#17509);
#5439=VERTEX_POINT('',#17511);
#5440=VERTEX_POINT('',#17515);
#5441=VERTEX_POINT('',#17517);
#5442=VERTEX_POINT('',#17521);
#5443=VERTEX_POINT('',#17523);
#5444=VERTEX_POINT('',#17530);
#5445=VERTEX_POINT('',#17531);
#5446=VERTEX_POINT('',#17533);
#5447=VERTEX_POINT('',#17535);
#5448=VERTEX_POINT('',#17539);
#5449=VERTEX_POINT('',#17541);
#5450=VERTEX_POINT('',#17545);
#5451=VERTEX_POINT('',#17547);
#5452=VERTEX_POINT('',#17556);
#5453=VERTEX_POINT('',#17557);
#5454=VERTEX_POINT('',#17559);
#5455=VERTEX_POINT('',#17561);
#5456=VERTEX_POINT('',#17565);
#5457=VERTEX_POINT('',#17567);
#5458=VERTEX_POINT('',#17571);
#5459=VERTEX_POINT('',#17573);
#5460=VERTEX_POINT('',#17582);
#5461=VERTEX_POINT('',#17583);
#5462=VERTEX_POINT('',#17585);
#5463=VERTEX_POINT('',#17587);
#5464=VERTEX_POINT('',#17591);
#5465=VERTEX_POINT('',#17592);
#5466=VERTEX_POINT('',#17594);
#5467=VERTEX_POINT('',#17596);
#5468=VERTEX_POINT('',#17609);
#5469=VERTEX_POINT('',#17611);
#5470=VERTEX_POINT('',#17616);
#5471=VERTEX_POINT('',#17618);
#5472=VERTEX_POINT('',#17623);
#5473=VERTEX_POINT('',#17625);
#5474=VERTEX_POINT('',#17632);
#5475=VERTEX_POINT('',#17634);
#5476=VERTEX_POINT('',#17639);
#5477=VERTEX_POINT('',#17641);
#5478=VERTEX_POINT('',#17646);
#5479=VERTEX_POINT('',#17648);
#5480=VERTEX_POINT('',#17655);
#5481=VERTEX_POINT('',#17657);
#5482=VERTEX_POINT('',#17662);
#5483=VERTEX_POINT('',#17664);
#5484=VERTEX_POINT('',#17669);
#5485=VERTEX_POINT('',#17671);
#5486=VERTEX_POINT('',#17678);
#5487=VERTEX_POINT('',#17680);
#5488=VERTEX_POINT('',#17685);
#5489=VERTEX_POINT('',#17687);
#5490=VERTEX_POINT('',#17692);
#5491=VERTEX_POINT('',#17694);
#5492=VERTEX_POINT('',#17701);
#5493=VERTEX_POINT('',#17703);
#5494=VERTEX_POINT('',#17708);
#5495=VERTEX_POINT('',#17710);
#5496=VERTEX_POINT('',#17715);
#5497=VERTEX_POINT('',#17717);
#5498=VERTEX_POINT('',#17724);
#5499=VERTEX_POINT('',#17726);
#5500=VERTEX_POINT('',#17731);
#5501=VERTEX_POINT('',#17733);
#5502=VERTEX_POINT('',#17738);
#5503=VERTEX_POINT('',#17740);
#5504=VERTEX_POINT('',#17747);
#5505=VERTEX_POINT('',#17749);
#5506=VERTEX_POINT('',#17753);
#5507=VERTEX_POINT('',#17755);
#5508=VERTEX_POINT('',#17759);
#5509=VERTEX_POINT('',#17760);
#5510=VERTEX_POINT('',#17762);
#5511=VERTEX_POINT('',#17764);
#5512=VERTEX_POINT('',#17768);
#5513=VERTEX_POINT('',#17769);
#5514=VERTEX_POINT('',#17771);
#5515=VERTEX_POINT('',#17773);
#5516=VERTEX_POINT('',#17780);
#5517=VERTEX_POINT('',#17782);
#5518=VERTEX_POINT('',#17784);
#5519=VERTEX_POINT('',#17786);
#5520=VERTEX_POINT('',#17790);
#5521=VERTEX_POINT('',#17794);
#5522=VERTEX_POINT('',#17798);
#5523=VERTEX_POINT('',#17799);
#5524=VERTEX_POINT('',#17801);
#5525=VERTEX_POINT('',#17803);
#5526=VERTEX_POINT('',#17807);
#5527=VERTEX_POINT('',#17809);
#5528=VERTEX_POINT('',#17813);
#5529=VERTEX_POINT('',#17815);
#5530=VERTEX_POINT('',#17823);
#5531=VERTEX_POINT('',#17827);
#5532=VERTEX_POINT('',#17835);
#5533=VERTEX_POINT('',#17837);
#5534=VERTEX_POINT('',#17841);
#5535=VERTEX_POINT('',#17843);
#5536=VERTEX_POINT('',#17847);
#5537=VERTEX_POINT('',#17848);
#5538=VERTEX_POINT('',#17850);
#5539=VERTEX_POINT('',#17852);
#5540=VERTEX_POINT('',#17856);
#5541=VERTEX_POINT('',#17857);
#5542=VERTEX_POINT('',#17859);
#5543=VERTEX_POINT('',#17861);
#5544=VERTEX_POINT('',#17868);
#5545=VERTEX_POINT('',#17870);
#5546=VERTEX_POINT('',#17872);
#5547=VERTEX_POINT('',#17874);
#5548=VERTEX_POINT('',#17878);
#5549=VERTEX_POINT('',#17882);
#5550=VERTEX_POINT('',#17886);
#5551=VERTEX_POINT('',#17887);
#5552=VERTEX_POINT('',#17889);
#5553=VERTEX_POINT('',#17891);
#5554=VERTEX_POINT('',#17895);
#5555=VERTEX_POINT('',#17897);
#5556=VERTEX_POINT('',#17901);
#5557=VERTEX_POINT('',#17903);
#5558=VERTEX_POINT('',#17911);
#5559=VERTEX_POINT('',#17915);
#5560=VERTEX_POINT('',#17923);
#5561=VERTEX_POINT('',#17925);
#5562=VERTEX_POINT('',#17929);
#5563=VERTEX_POINT('',#17931);
#5564=VERTEX_POINT('',#17935);
#5565=VERTEX_POINT('',#17937);
#5566=VERTEX_POINT('',#17941);
#5567=VERTEX_POINT('',#17943);
#5568=VERTEX_POINT('',#17947);
#5569=VERTEX_POINT('',#17948);
#5570=VERTEX_POINT('',#17950);
#5571=VERTEX_POINT('',#17952);
#5572=VERTEX_POINT('',#17956);
#5573=VERTEX_POINT('',#17958);
#5574=VERTEX_POINT('',#17962);
#5575=VERTEX_POINT('',#17964);
#5576=VERTEX_POINT('',#17988);
#5577=VERTEX_POINT('',#17989);
#5578=VERTEX_POINT('',#17991);
#5579=VERTEX_POINT('',#17993);
#5580=VERTEX_POINT('',#17997);
#5581=VERTEX_POINT('',#17999);
#5582=VERTEX_POINT('',#18003);
#5583=VERTEX_POINT('',#18005);
#5584=VERTEX_POINT('',#18015);
#5585=VERTEX_POINT('',#18017);
#5586=VERTEX_POINT('',#18021);
#5587=VERTEX_POINT('',#18022);
#5588=VERTEX_POINT('',#18024);
#5589=VERTEX_POINT('',#18026);
#5590=VERTEX_POINT('',#18028);
#5591=VERTEX_POINT('',#18030);
#5592=VERTEX_POINT('',#18034);
#5593=VERTEX_POINT('',#18036);
#5594=VERTEX_POINT('',#18040);
#5595=VERTEX_POINT('',#18042);
#5596=VERTEX_POINT('',#18044);
#5597=VERTEX_POINT('',#18046);
#5598=VERTEX_POINT('',#18056);
#5599=VERTEX_POINT('',#18058);
#5600=VERTEX_POINT('',#18060);
#5601=VERTEX_POINT('',#18062);
#5602=VERTEX_POINT('',#18066);
#5603=VERTEX_POINT('',#18068);
#5604=VERTEX_POINT('',#18072);
#5605=VERTEX_POINT('',#18073);
#5606=VERTEX_POINT('',#18075);
#5607=VERTEX_POINT('',#18077);
#5608=VERTEX_POINT('',#18090);
#5609=VERTEX_POINT('',#18091);
#5610=VERTEX_POINT('',#18093);
#5611=VERTEX_POINT('',#18095);
#5612=VERTEX_POINT('',#18099);
#5613=VERTEX_POINT('',#18101);
#5614=VERTEX_POINT('',#18104);
#5615=VERTEX_POINT('',#18107);
#5616=VERTEX_POINT('',#18109);
#5617=VERTEX_POINT('',#18111);
#5618=VERTEX_POINT('',#18115);
#5619=VERTEX_POINT('',#18117);
#5620=VERTEX_POINT('',#18122);
#5621=VERTEX_POINT('',#18124);
#5622=VERTEX_POINT('',#18129);
#5623=VERTEX_POINT('',#18133);
#5624=VERTEX_POINT('',#18137);
#5625=VERTEX_POINT('',#18140);
#5626=VERTEX_POINT('',#18149);
#5627=VERTEX_POINT('',#18150);
#5628=VERTEX_POINT('',#18152);
#5629=VERTEX_POINT('',#18154);
#5630=VERTEX_POINT('',#18158);
#5631=VERTEX_POINT('',#18160);
#5632=VERTEX_POINT('',#18163);
#5633=VERTEX_POINT('',#18166);
#5634=VERTEX_POINT('',#18168);
#5635=VERTEX_POINT('',#18170);
#5636=VERTEX_POINT('',#18174);
#5637=VERTEX_POINT('',#18176);
#5638=VERTEX_POINT('',#18181);
#5639=VERTEX_POINT('',#18183);
#5640=VERTEX_POINT('',#18188);
#5641=VERTEX_POINT('',#18192);
#5642=VERTEX_POINT('',#18196);
#5643=VERTEX_POINT('',#18200);
#5644=VERTEX_POINT('',#18208);
#5645=VERTEX_POINT('',#18210);
#5646=VERTEX_POINT('',#18214);
#5647=VERTEX_POINT('',#18217);
#5648=VERTEX_POINT('',#18220);
#5649=VERTEX_POINT('',#18224);
#5650=VERTEX_POINT('',#18226);
#5651=VERTEX_POINT('',#18231);
#5652=VERTEX_POINT('',#18234);
#5653=VERTEX_POINT('',#18238);
#5654=VERTEX_POINT('',#18245);
#5655=VERTEX_POINT('',#18247);
#5656=VERTEX_POINT('',#18252);
#5657=VERTEX_POINT('',#18253);
#5658=VERTEX_POINT('',#18255);
#5659=VERTEX_POINT('',#18257);
#5660=VERTEX_POINT('',#18261);
#5661=VERTEX_POINT('',#18263);
#5662=VERTEX_POINT('',#18267);
#5663=VERTEX_POINT('',#18269);
#5664=VERTEX_POINT('',#18279);
#5665=VERTEX_POINT('',#18280);
#5666=VERTEX_POINT('',#18282);
#5667=VERTEX_POINT('',#18284);
#5668=VERTEX_POINT('',#18288);
#5669=VERTEX_POINT('',#18290);
#5670=VERTEX_POINT('',#18294);
#5671=VERTEX_POINT('',#18296);
#5672=VERTEX_POINT('',#18306);
#5673=VERTEX_POINT('',#18307);
#5674=VERTEX_POINT('',#18309);
#5675=VERTEX_POINT('',#18311);
#5676=VERTEX_POINT('',#18315);
#5677=VERTEX_POINT('',#18317);
#5678=VERTEX_POINT('',#18321);
#5679=VERTEX_POINT('',#18323);
#5680=VERTEX_POINT('',#18333);
#5681=VERTEX_POINT('',#18335);
#5682=VERTEX_POINT('',#18339);
#5683=VERTEX_POINT('',#18341);
#5684=VERTEX_POINT('',#18345);
#5685=VERTEX_POINT('',#18346);
#5686=VERTEX_POINT('',#18348);
#5687=VERTEX_POINT('',#18350);
#5688=VERTEX_POINT('',#18354);
#5689=VERTEX_POINT('',#18356);
#5690=VERTEX_POINT('',#18360);
#5691=VERTEX_POINT('',#18362);
#5692=VERTEX_POINT('',#18372);
#5693=VERTEX_POINT('',#18374);
#5694=VERTEX_POINT('',#18378);
#5695=VERTEX_POINT('',#18380);
#5696=VERTEX_POINT('',#18384);
#5697=VERTEX_POINT('',#18385);
#5698=VERTEX_POINT('',#18387);
#5699=VERTEX_POINT('',#18389);
#5700=VERTEX_POINT('',#18393);
#5701=VERTEX_POINT('',#18395);
#5702=VERTEX_POINT('',#18399);
#5703=VERTEX_POINT('',#18401);
#5704=VERTEX_POINT('',#18411);
#5705=VERTEX_POINT('',#18412);
#5706=VERTEX_POINT('',#18414);
#5707=VERTEX_POINT('',#18416);
#5708=VERTEX_POINT('',#18420);
#5709=VERTEX_POINT('',#18422);
#5710=VERTEX_POINT('',#18426);
#5711=VERTEX_POINT('',#18428);
#5712=VERTEX_POINT('',#18438);
#5713=VERTEX_POINT('',#18439);
#5714=VERTEX_POINT('',#18441);
#5715=VERTEX_POINT('',#18443);
#5716=VERTEX_POINT('',#18447);
#5717=VERTEX_POINT('',#18448);
#5718=VERTEX_POINT('',#18450);
#5719=VERTEX_POINT('',#18452);
#5720=VERTEX_POINT('',#18456);
#5721=VERTEX_POINT('',#18458);
#5722=VERTEX_POINT('',#18462);
#5723=VERTEX_POINT('',#18464);
#5724=VERTEX_POINT('',#18468);
#5725=VERTEX_POINT('',#18471);
#5726=VERTEX_POINT('',#18475);
#5727=VERTEX_POINT('',#18479);
#5728=VERTEX_POINT('',#18489);
#5729=VERTEX_POINT('',#18491);
#5730=VERTEX_POINT('',#18495);
#5731=VERTEX_POINT('',#18496);
#5732=VERTEX_POINT('',#18498);
#5733=VERTEX_POINT('',#18500);
#5734=VERTEX_POINT('',#18504);
#5735=VERTEX_POINT('',#18506);
#5736=VERTEX_POINT('',#18510);
#5737=VERTEX_POINT('',#18512);
#5738=VERTEX_POINT('',#18522);
#5739=VERTEX_POINT('',#18524);
#5740=VERTEX_POINT('',#18528);
#5741=VERTEX_POINT('',#18529);
#5742=VERTEX_POINT('',#18531);
#5743=VERTEX_POINT('',#18533);
#5744=VERTEX_POINT('',#18537);
#5745=VERTEX_POINT('',#18539);
#5746=VERTEX_POINT('',#18543);
#5747=VERTEX_POINT('',#18545);
#5748=VERTEX_POINT('',#18555);
#5749=VERTEX_POINT('',#18556);
#5750=VERTEX_POINT('',#18558);
#5751=VERTEX_POINT('',#18560);
#5752=VERTEX_POINT('',#18564);
#5753=VERTEX_POINT('',#18565);
#5754=VERTEX_POINT('',#18567);
#5755=VERTEX_POINT('',#18569);
#5756=VERTEX_POINT('',#18573);
#5757=VERTEX_POINT('',#18575);
#5758=VERTEX_POINT('',#18579);
#5759=VERTEX_POINT('',#18581);
#5760=VERTEX_POINT('',#18585);
#5761=VERTEX_POINT('',#18588);
#5762=VERTEX_POINT('',#18592);
#5763=VERTEX_POINT('',#18596);
#5764=VERTEX_POINT('',#18606);
#5765=VERTEX_POINT('',#18608);
#5766=VERTEX_POINT('',#18612);
#5767=VERTEX_POINT('',#18613);
#5768=VERTEX_POINT('',#18615);
#5769=VERTEX_POINT('',#18617);
#5770=VERTEX_POINT('',#18621);
#5771=VERTEX_POINT('',#18623);
#5772=VERTEX_POINT('',#18627);
#5773=VERTEX_POINT('',#18629);
#5774=VERTEX_POINT('',#18639);
#5775=VERTEX_POINT('',#18641);
#5776=VERTEX_POINT('',#18645);
#5777=VERTEX_POINT('',#18646);
#5778=VERTEX_POINT('',#18648);
#5779=VERTEX_POINT('',#18650);
#5780=VERTEX_POINT('',#18654);
#5781=VERTEX_POINT('',#18656);
#5782=VERTEX_POINT('',#18660);
#5783=VERTEX_POINT('',#18662);
#5784=VERTEX_POINT('',#18672);
#5785=VERTEX_POINT('',#18673);
#5786=VERTEX_POINT('',#18675);
#5787=VERTEX_POINT('',#18677);
#5788=VERTEX_POINT('',#18681);
#5789=VERTEX_POINT('',#18683);
#5790=VERTEX_POINT('',#18687);
#5791=VERTEX_POINT('',#18691);
#5792=VERTEX_POINT('',#18699);
#5793=VERTEX_POINT('',#18700);
#5794=VERTEX_POINT('',#18702);
#5795=VERTEX_POINT('',#18704);
#5796=VERTEX_POINT('',#18708);
#5797=VERTEX_POINT('',#18710);
#5798=VERTEX_POINT('',#18714);
#5799=VERTEX_POINT('',#18718);
#5800=VERTEX_POINT('',#18746);
#5801=VERTEX_POINT('',#18748);
#5802=VERTEX_POINT('',#18755);
#5803=VERTEX_POINT('',#18757);
#5804=VERTEX_POINT('',#18764);
#5805=VERTEX_POINT('',#18766);
#5806=VERTEX_POINT('',#18770);
#5807=VERTEX_POINT('',#18772);
#5808=VERTEX_POINT('',#18776);
#5809=VERTEX_POINT('',#18778);
#5810=VERTEX_POINT('',#18782);
#5811=VERTEX_POINT('',#18784);
#5812=VERTEX_POINT('',#18788);
#5813=VERTEX_POINT('',#18790);
#5814=VERTEX_POINT('',#18794);
#5815=VERTEX_POINT('',#18795);
#5816=VERTEX_POINT('',#18797);
#5817=VERTEX_POINT('',#18799);
#5818=VERTEX_POINT('',#18803);
#5819=VERTEX_POINT('',#18805);
#5820=VERTEX_POINT('',#18809);
#5821=VERTEX_POINT('',#18811);
#5822=VERTEX_POINT('',#18821);
#5823=VERTEX_POINT('',#18822);
#5824=VERTEX_POINT('',#18824);
#5825=VERTEX_POINT('',#18826);
#5826=VERTEX_POINT('',#18830);
#5827=VERTEX_POINT('',#18832);
#5828=VERTEX_POINT('',#18836);
#5829=VERTEX_POINT('',#18838);
#5830=VERTEX_POINT('',#18842);
#5831=VERTEX_POINT('',#18844);
#5832=VERTEX_POINT('',#18847);
#5833=VERTEX_POINT('',#18849);
#5834=VERTEX_POINT('',#18851);
#5835=VERTEX_POINT('',#18853);
#5836=VERTEX_POINT('',#18855);
#5837=VERTEX_POINT('',#18858);
#5838=VERTEX_POINT('',#18860);
#5839=VERTEX_POINT('',#18865);
#5840=VERTEX_POINT('',#18867);
#5841=VERTEX_POINT('',#18872);
#5842=VERTEX_POINT('',#18876);
#5843=VERTEX_POINT('',#18880);
#5844=VERTEX_POINT('',#18884);
#5845=VERTEX_POINT('',#18888);
#5846=VERTEX_POINT('',#18892);
#5847=VERTEX_POINT('',#18894);
#5848=VERTEX_POINT('',#18904);
#5849=VERTEX_POINT('',#18906);
#5850=VERTEX_POINT('',#18910);
#5851=VERTEX_POINT('',#18912);
#5852=VERTEX_POINT('',#18916);
#5853=VERTEX_POINT('',#18918);
#5854=VERTEX_POINT('',#18922);
#5855=VERTEX_POINT('',#18924);
#5856=VERTEX_POINT('',#18931);
#5857=VERTEX_POINT('',#18933);
#5858=VERTEX_POINT('',#18940);
#5859=VERTEX_POINT('',#18942);
#5860=VERTEX_POINT('',#18949);
#5861=VERTEX_POINT('',#18951);
#5862=VERTEX_POINT('',#18955);
#5863=VERTEX_POINT('',#18957);
#5864=VERTEX_POINT('',#18961);
#5865=VERTEX_POINT('',#18963);
#5866=VERTEX_POINT('',#18967);
#5867=VERTEX_POINT('',#18969);
#5868=VERTEX_POINT('',#18973);
#5869=VERTEX_POINT('',#18975);
#5870=VERTEX_POINT('',#18979);
#5871=VERTEX_POINT('',#18980);
#5872=VERTEX_POINT('',#18982);
#5873=VERTEX_POINT('',#18984);
#5874=VERTEX_POINT('',#18988);
#5875=VERTEX_POINT('',#18990);
#5876=VERTEX_POINT('',#18994);
#5877=VERTEX_POINT('',#18996);
#5878=VERTEX_POINT('',#19006);
#5879=VERTEX_POINT('',#19007);
#5880=VERTEX_POINT('',#19009);
#5881=VERTEX_POINT('',#19011);
#5882=VERTEX_POINT('',#19015);
#5883=VERTEX_POINT('',#19017);
#5884=VERTEX_POINT('',#19021);
#5885=VERTEX_POINT('',#19023);
#5886=VERTEX_POINT('',#19027);
#5887=VERTEX_POINT('',#19029);
#5888=VERTEX_POINT('',#19032);
#5889=VERTEX_POINT('',#19034);
#5890=VERTEX_POINT('',#19036);
#5891=VERTEX_POINT('',#19038);
#5892=VERTEX_POINT('',#19040);
#5893=VERTEX_POINT('',#19043);
#5894=VERTEX_POINT('',#19045);
#5895=VERTEX_POINT('',#19050);
#5896=VERTEX_POINT('',#19052);
#5897=VERTEX_POINT('',#19057);
#5898=VERTEX_POINT('',#19061);
#5899=VERTEX_POINT('',#19065);
#5900=VERTEX_POINT('',#19069);
#5901=VERTEX_POINT('',#19073);
#5902=VERTEX_POINT('',#19077);
#5903=VERTEX_POINT('',#19079);
#5904=VERTEX_POINT('',#19089);
#5905=VERTEX_POINT('',#19091);
#5906=VERTEX_POINT('',#19095);
#5907=VERTEX_POINT('',#19097);
#5908=VERTEX_POINT('',#19101);
#5909=VERTEX_POINT('',#19103);
#5910=VERTEX_POINT('',#19107);
#5911=VERTEX_POINT('',#19109);
#5912=VERTEX_POINT('',#19127);
#5913=VERTEX_POINT('',#19129);
#5914=VERTEX_POINT('',#19134);
#5915=VERTEX_POINT('',#19136);
#5916=VERTEX_POINT('',#19141);
#5917=VERTEX_POINT('',#19142);
#5918=VERTEX_POINT('',#19144);
#5919=VERTEX_POINT('',#19146);
#5920=VERTEX_POINT('',#19150);
#5921=VERTEX_POINT('',#19152);
#5922=VERTEX_POINT('',#19156);
#5923=VERTEX_POINT('',#19158);
#5924=VERTEX_POINT('',#19168);
#5925=VERTEX_POINT('',#19170);
#5926=VERTEX_POINT('',#19175);
#5927=VERTEX_POINT('',#19177);
#5928=VERTEX_POINT('',#19182);
#5929=VERTEX_POINT('',#19183);
#5930=VERTEX_POINT('',#19185);
#5931=VERTEX_POINT('',#19187);
#5932=VERTEX_POINT('',#19191);
#5933=VERTEX_POINT('',#19193);
#5934=VERTEX_POINT('',#19197);
#5935=VERTEX_POINT('',#19199);
#5936=EDGE_CURVE('',#5038,#5038,#4650,.T.);
#5937=EDGE_CURVE('',#5038,#5039,#2788,.T.);
#5938=EDGE_CURVE('',#5039,#5039,#4651,.T.);
#5939=EDGE_CURVE('',#5040,#5040,#4652,.T.);
#5940=EDGE_CURVE('',#5040,#5041,#2789,.T.);
#5941=EDGE_CURVE('',#5041,#5041,#4653,.T.);
#5942=EDGE_CURVE('',#5042,#5042,#4654,.T.);
#5943=EDGE_CURVE('',#5042,#5043,#2790,.T.);
#5944=EDGE_CURVE('',#5043,#5043,#4655,.T.);
#5945=EDGE_CURVE('',#5044,#5044,#4656,.T.);
#5946=EDGE_CURVE('',#5044,#5045,#2791,.T.);
#5947=EDGE_CURVE('',#5045,#5045,#4657,.T.);
#5948=EDGE_CURVE('',#5046,#5047,#2792,.T.);
#5949=EDGE_CURVE('',#5048,#5046,#4658,.T.);
#5950=EDGE_CURVE('',#5049,#5048,#2793,.T.);
#5951=EDGE_CURVE('',#5047,#5049,#4659,.T.);
#5952=EDGE_CURVE('',#5050,#5051,#2794,.T.);
#5953=EDGE_CURVE('',#5052,#5050,#4660,.T.);
#5954=EDGE_CURVE('',#5053,#5052,#2795,.T.);
#5955=EDGE_CURVE('',#5051,#5053,#4661,.T.);
#5956=EDGE_CURVE('',#5046,#5048,#4662,.T.);
#5957=EDGE_CURVE('',#5049,#5047,#4663,.T.);
#5958=EDGE_CURVE('',#5050,#5052,#4664,.T.);
#5959=EDGE_CURVE('',#5053,#5051,#4665,.T.);
#5960=EDGE_CURVE('',#5054,#5055,#2796,.T.);
#5961=EDGE_CURVE('',#5056,#5054,#4666,.T.);
#5962=EDGE_CURVE('',#5057,#5056,#2797,.T.);
#5963=EDGE_CURVE('',#5055,#5057,#4667,.T.);
#5964=EDGE_CURVE('',#5058,#5059,#2798,.T.);
#5965=EDGE_CURVE('',#5060,#5058,#4668,.T.);
#5966=EDGE_CURVE('',#5061,#5060,#2799,.T.);
#5967=EDGE_CURVE('',#5059,#5061,#4669,.T.);
#5968=EDGE_CURVE('',#5054,#5056,#4670,.T.);
#5969=EDGE_CURVE('',#5057,#5055,#4671,.T.);
#5970=EDGE_CURVE('',#5058,#5060,#4672,.T.);
#5971=EDGE_CURVE('',#5061,#5059,#4673,.T.);
#5972=EDGE_CURVE('',#5062,#5062,#4674,.T.);
#5973=EDGE_CURVE('',#5062,#5063,#2800,.T.);
#5974=EDGE_CURVE('',#5063,#5063,#4675,.T.);
#5975=EDGE_CURVE('',#5064,#5064,#4676,.T.);
#5976=EDGE_CURVE('',#5064,#5065,#2801,.T.);
#5977=EDGE_CURVE('',#5065,#5065,#4677,.T.);
#5978=EDGE_CURVE('',#5066,#5066,#4678,.T.);
#5979=EDGE_CURVE('',#5066,#5067,#2802,.T.);
#5980=EDGE_CURVE('',#5067,#5067,#4679,.T.);
#5981=EDGE_CURVE('',#5068,#5068,#4680,.T.);
#5982=EDGE_CURVE('',#5068,#5069,#2803,.T.);
#5983=EDGE_CURVE('',#5069,#5069,#4681,.T.);
#5984=EDGE_CURVE('',#5070,#5070,#4682,.T.);
#5985=EDGE_CURVE('',#5070,#5071,#2804,.T.);
#5986=EDGE_CURVE('',#5071,#5071,#4683,.T.);
#5987=EDGE_CURVE('',#5072,#5072,#4684,.T.);
#5988=EDGE_CURVE('',#5072,#5073,#2805,.T.);
#5989=EDGE_CURVE('',#5073,#5073,#4685,.T.);
#5990=EDGE_CURVE('',#5074,#5074,#4686,.T.);
#5991=EDGE_CURVE('',#5074,#5075,#2806,.T.);
#5992=EDGE_CURVE('',#5075,#5075,#4687,.T.);
#5993=EDGE_CURVE('',#5076,#5076,#4688,.T.);
#5994=EDGE_CURVE('',#5076,#5077,#2807,.T.);
#5995=EDGE_CURVE('',#5077,#5077,#4689,.T.);
#5996=EDGE_CURVE('',#5078,#5078,#4690,.T.);
#5997=EDGE_CURVE('',#5078,#5079,#2808,.T.);
#5998=EDGE_CURVE('',#5079,#5079,#4691,.T.);
#5999=EDGE_CURVE('',#5080,#5080,#4692,.T.);
#6000=EDGE_CURVE('',#5080,#5081,#2809,.T.);
#6001=EDGE_CURVE('',#5081,#5081,#4693,.T.);
#6002=EDGE_CURVE('',#5082,#5082,#4694,.T.);
#6003=EDGE_CURVE('',#5082,#5083,#2810,.T.);
#6004=EDGE_CURVE('',#5083,#5083,#4695,.T.);
#6005=EDGE_CURVE('',#5084,#5084,#4696,.T.);
#6006=EDGE_CURVE('',#5084,#5085,#2811,.T.);
#6007=EDGE_CURVE('',#5085,#5085,#4697,.T.);
#6008=EDGE_CURVE('',#5086,#5086,#4698,.T.);
#6009=EDGE_CURVE('',#5086,#5087,#2812,.T.);
#6010=EDGE_CURVE('',#5087,#5087,#4699,.T.);
#6011=EDGE_CURVE('',#5088,#5088,#4700,.T.);
#6012=EDGE_CURVE('',#5088,#5089,#2813,.T.);
#6013=EDGE_CURVE('',#5089,#5089,#4701,.T.);
#6014=EDGE_CURVE('',#5090,#5090,#4702,.T.);
#6015=EDGE_CURVE('',#5090,#5091,#2814,.T.);
#6016=EDGE_CURVE('',#5091,#5091,#4703,.T.);
#6017=EDGE_CURVE('',#5092,#5092,#4704,.T.);
#6018=EDGE_CURVE('',#5092,#5093,#2815,.T.);
#6019=EDGE_CURVE('',#5093,#5093,#4705,.T.);
#6020=EDGE_CURVE('',#5094,#5095,#2816,.T.);
#6021=EDGE_CURVE('',#5096,#5094,#2817,.T.);
#6022=EDGE_CURVE('',#5097,#5096,#2818,.T.);
#6023=EDGE_CURVE('',#5097,#5095,#2819,.T.);
#6024=EDGE_CURVE('',#5098,#5099,#2820,.T.);
#6025=EDGE_CURVE('',#5098,#5100,#2821,.T.);
#6026=EDGE_CURVE('',#5101,#5100,#2822,.T.);
#6027=EDGE_CURVE('',#5099,#5101,#2823,.T.);
#6028=EDGE_CURVE('',#5100,#5094,#2824,.T.);
#6029=EDGE_CURVE('',#5096,#5098,#2825,.T.);
#6030=EDGE_CURVE('',#5099,#5097,#2826,.T.);
#6031=EDGE_CURVE('',#5095,#5101,#2827,.T.);
#6032=EDGE_CURVE('',#5102,#5103,#2828,.T.);
#6033=EDGE_CURVE('',#5104,#5102,#2829,.T.);
#6034=EDGE_CURVE('',#5105,#5104,#2830,.T.);
#6035=EDGE_CURVE('',#5105,#5103,#2831,.T.);
#6036=EDGE_CURVE('',#5106,#5107,#2832,.T.);
#6037=EDGE_CURVE('',#5106,#5108,#2833,.T.);
#6038=EDGE_CURVE('',#5109,#5108,#2834,.T.);
#6039=EDGE_CURVE('',#5107,#5109,#2835,.T.);
#6040=EDGE_CURVE('',#5108,#5102,#2836,.T.);
#6041=EDGE_CURVE('',#5104,#5106,#2837,.T.);
#6042=EDGE_CURVE('',#5107,#5105,#2838,.T.);
#6043=EDGE_CURVE('',#5103,#5109,#2839,.T.);
#6044=EDGE_CURVE('',#5110,#5111,#2840,.T.);
#6045=EDGE_CURVE('',#5112,#5110,#2841,.T.);
#6046=EDGE_CURVE('',#5113,#5112,#2842,.T.);
#6047=EDGE_CURVE('',#5113,#5111,#2843,.T.);
#6048=EDGE_CURVE('',#5114,#5115,#2844,.T.);
#6049=EDGE_CURVE('',#5114,#5116,#2845,.T.);
#6050=EDGE_CURVE('',#5117,#5116,#2846,.T.);
#6051=EDGE_CURVE('',#5115,#5117,#2847,.T.);
#6052=EDGE_CURVE('',#5116,#5110,#2848,.T.);
#6053=EDGE_CURVE('',#5112,#5114,#2849,.T.);
#6054=EDGE_CURVE('',#5115,#5113,#2850,.T.);
#6055=EDGE_CURVE('',#5111,#5117,#2851,.T.);
#6056=EDGE_CURVE('',#5118,#5119,#2852,.T.);
#6057=EDGE_CURVE('',#5120,#5118,#2853,.T.);
#6058=EDGE_CURVE('',#5121,#5120,#2854,.T.);
#6059=EDGE_CURVE('',#5121,#5119,#2855,.T.);
#6060=EDGE_CURVE('',#5122,#5123,#2856,.T.);
#6061=EDGE_CURVE('',#5122,#5124,#2857,.T.);
#6062=EDGE_CURVE('',#5125,#5124,#2858,.T.);
#6063=EDGE_CURVE('',#5123,#5125,#2859,.T.);
#6064=EDGE_CURVE('',#5124,#5118,#2860,.T.);
#6065=EDGE_CURVE('',#5120,#5122,#2861,.T.);
#6066=EDGE_CURVE('',#5123,#5121,#2862,.T.);
#6067=EDGE_CURVE('',#5119,#5125,#2863,.T.);
#6068=EDGE_CURVE('',#5126,#5126,#4706,.T.);
#6069=EDGE_CURVE('',#5126,#5127,#2864,.T.);
#6070=EDGE_CURVE('',#5127,#5127,#4707,.T.);
#6071=EDGE_CURVE('',#5128,#5128,#4708,.T.);
#6072=EDGE_CURVE('',#5128,#5129,#2865,.T.);
#6073=EDGE_CURVE('',#5129,#5129,#4709,.T.);
#6074=EDGE_CURVE('',#5130,#5130,#4710,.T.);
#6075=EDGE_CURVE('',#5130,#5131,#2866,.T.);
#6076=EDGE_CURVE('',#5131,#5131,#4711,.T.);
#6077=EDGE_CURVE('',#5132,#5132,#4712,.T.);
#6078=EDGE_CURVE('',#5132,#5133,#2867,.T.);
#6079=EDGE_CURVE('',#5133,#5133,#4713,.T.);
#6080=EDGE_CURVE('',#5134,#5134,#4714,.T.);
#6081=EDGE_CURVE('',#5134,#5135,#2868,.T.);
#6082=EDGE_CURVE('',#5135,#5135,#4715,.T.);
#6083=EDGE_CURVE('',#5136,#5136,#4716,.T.);
#6084=EDGE_CURVE('',#5136,#5137,#2869,.T.);
#6085=EDGE_CURVE('',#5137,#5137,#4717,.T.);
#6086=EDGE_CURVE('',#5138,#5138,#4718,.T.);
#6087=EDGE_CURVE('',#5138,#5139,#2870,.T.);
#6088=EDGE_CURVE('',#5139,#5139,#4719,.T.);
#6089=EDGE_CURVE('',#5140,#5140,#4720,.T.);
#6090=EDGE_CURVE('',#5140,#5141,#2871,.T.);
#6091=EDGE_CURVE('',#5141,#5141,#4721,.T.);
#6092=EDGE_CURVE('',#5142,#5142,#4722,.T.);
#6093=EDGE_CURVE('',#5142,#5143,#2872,.T.);
#6094=EDGE_CURVE('',#5143,#5143,#4723,.T.);
#6095=EDGE_CURVE('',#5144,#5144,#4724,.T.);
#6096=EDGE_CURVE('',#5144,#5145,#2873,.T.);
#6097=EDGE_CURVE('',#5145,#5145,#4725,.T.);
#6098=EDGE_CURVE('',#5146,#5146,#4726,.T.);
#6099=EDGE_CURVE('',#5146,#5147,#2874,.T.);
#6100=EDGE_CURVE('',#5147,#5147,#4727,.T.);
#6101=EDGE_CURVE('',#5148,#5148,#4728,.T.);
#6102=EDGE_CURVE('',#5148,#5149,#2875,.T.);
#6103=EDGE_CURVE('',#5149,#5149,#4729,.T.);
#6104=EDGE_CURVE('',#5150,#5150,#4730,.T.);
#6105=EDGE_CURVE('',#5150,#5151,#2876,.T.);
#6106=EDGE_CURVE('',#5151,#5151,#4731,.T.);
#6107=EDGE_CURVE('',#5152,#5152,#4732,.T.);
#6108=EDGE_CURVE('',#5152,#5153,#2877,.T.);
#6109=EDGE_CURVE('',#5153,#5153,#4733,.T.);
#6110=EDGE_CURVE('',#5154,#5154,#4734,.T.);
#6111=EDGE_CURVE('',#5154,#5155,#2878,.T.);
#6112=EDGE_CURVE('',#5155,#5155,#4735,.T.);
#6113=EDGE_CURVE('',#5156,#5156,#4736,.T.);
#6114=EDGE_CURVE('',#5156,#5157,#2879,.T.);
#6115=EDGE_CURVE('',#5157,#5157,#4737,.T.);
#6116=EDGE_CURVE('',#5158,#5158,#4738,.T.);
#6117=EDGE_CURVE('',#5158,#5159,#2880,.T.);
#6118=EDGE_CURVE('',#5159,#5159,#4739,.T.);
#6119=EDGE_CURVE('',#5160,#5160,#4740,.T.);
#6120=EDGE_CURVE('',#5160,#5161,#2881,.T.);
#6121=EDGE_CURVE('',#5161,#5161,#4741,.T.);
#6122=EDGE_CURVE('',#5162,#5163,#2882,.T.);
#6123=EDGE_CURVE('',#5162,#5164,#2883,.T.);
#6124=EDGE_CURVE('',#5165,#5164,#2884,.T.);
#6125=EDGE_CURVE('',#5163,#5165,#2885,.T.);
#6126=EDGE_CURVE('',#5166,#5162,#2886,.T.);
#6127=EDGE_CURVE('',#5166,#5167,#2887,.T.);
#6128=EDGE_CURVE('',#5164,#5167,#2888,.T.);
#6129=EDGE_CURVE('',#5168,#5166,#2889,.T.);
#6130=EDGE_CURVE('',#5169,#5168,#2890,.T.);
#6131=EDGE_CURVE('',#5167,#5169,#2891,.T.);
#6132=EDGE_CURVE('',#5163,#5170,#2892,.T.);
#6133=EDGE_CURVE('',#5170,#5171,#2893,.T.);
#6134=EDGE_CURVE('',#5171,#5172,#2894,.T.);
#6135=EDGE_CURVE('',#5172,#5173,#2895,.T.);
#6136=EDGE_CURVE('',#5173,#5174,#2896,.T.);
#6137=EDGE_CURVE('',#5174,#5175,#2897,.T.);
#6138=EDGE_CURVE('',#5175,#5176,#2898,.T.);
#6139=EDGE_CURVE('',#5176,#5177,#2899,.T.);
#6140=EDGE_CURVE('',#5177,#5168,#2900,.T.);
#6141=EDGE_CURVE('',#5178,#5165,#2901,.T.);
#6142=EDGE_CURVE('',#5178,#5170,#2902,.T.);
#6143=EDGE_CURVE('',#5174,#5179,#2903,.T.);
#6144=EDGE_CURVE('',#5180,#5179,#2904,.T.);
#6145=EDGE_CURVE('',#5175,#5180,#2905,.T.);
#6146=EDGE_CURVE('',#5173,#5181,#2906,.T.);
#6147=EDGE_CURVE('',#5179,#5181,#2907,.T.);
#6148=EDGE_CURVE('',#5182,#5172,#2908,.T.);
#6149=EDGE_CURVE('',#5181,#5182,#2909,.T.);
#6150=EDGE_CURVE('',#5169,#5183,#2910,.T.);
#6151=EDGE_CURVE('',#5183,#5184,#2911,.T.);
#6152=EDGE_CURVE('',#5184,#5180,#2912,.T.);
#6153=EDGE_CURVE('',#5182,#5185,#2913,.T.);
#6154=EDGE_CURVE('',#5185,#5178,#2914,.T.);
#6155=EDGE_CURVE('',#5185,#5171,#2915,.T.);
#6156=EDGE_CURVE('',#5184,#5176,#2916,.T.);
#6157=EDGE_CURVE('',#5183,#5177,#2917,.T.);
#6158=EDGE_CURVE('',#5186,#5186,#4742,.T.);
#6159=EDGE_CURVE('',#5186,#5187,#2918,.T.);
#6160=EDGE_CURVE('',#5187,#5187,#4743,.T.);
#6161=EDGE_CURVE('',#5188,#5188,#4744,.T.);
#6162=EDGE_CURVE('',#5188,#5189,#2919,.T.);
#6163=EDGE_CURVE('',#5189,#5189,#4745,.T.);
#6164=EDGE_CURVE('',#5190,#5190,#4746,.T.);
#6165=EDGE_CURVE('',#5190,#5191,#2920,.T.);
#6166=EDGE_CURVE('',#5191,#5191,#4747,.T.);
#6167=EDGE_CURVE('',#5192,#5192,#4748,.T.);
#6168=EDGE_CURVE('',#5192,#5193,#2921,.T.);
#6169=EDGE_CURVE('',#5193,#5193,#4749,.T.);
#6170=EDGE_CURVE('',#5194,#5195,#2922,.T.);
#6171=EDGE_CURVE('',#5194,#5196,#2923,.T.);
#6172=EDGE_CURVE('',#5197,#5196,#2924,.T.);
#6173=EDGE_CURVE('',#5195,#5197,#2925,.T.);
#6174=EDGE_CURVE('',#5198,#5194,#2926,.T.);
#6175=EDGE_CURVE('',#5198,#5199,#2927,.T.);
#6176=EDGE_CURVE('',#5196,#5199,#2928,.T.);
#6177=EDGE_CURVE('',#5200,#5198,#2929,.T.);
#6178=EDGE_CURVE('',#5201,#5200,#2930,.T.);
#6179=EDGE_CURVE('',#5199,#5201,#2931,.T.);
#6180=EDGE_CURVE('',#5201,#5202,#2932,.T.);
#6181=EDGE_CURVE('',#5202,#5203,#2933,.T.);
#6182=EDGE_CURVE('',#5203,#5204,#2934,.T.);
#6183=EDGE_CURVE('',#5204,#5205,#2935,.T.);
#6184=EDGE_CURVE('',#5205,#5197,#2936,.T.);
#6185=EDGE_CURVE('',#5206,#5200,#2937,.T.);
#6186=EDGE_CURVE('',#5206,#5202,#2938,.T.);
#6187=EDGE_CURVE('',#5207,#5205,#2939,.T.);
#6188=EDGE_CURVE('',#5195,#5207,#2940,.T.);
#6189=EDGE_CURVE('',#5203,#5208,#2941,.T.);
#6190=EDGE_CURVE('',#5208,#5206,#2942,.T.);
#6191=EDGE_CURVE('',#5207,#5209,#2943,.T.);
#6192=EDGE_CURVE('',#5209,#5204,#2944,.T.);
#6193=EDGE_CURVE('',#5209,#5208,#2945,.T.);
#6194=EDGE_CURVE('',#5210,#5210,#4750,.T.);
#6195=EDGE_CURVE('',#5210,#5211,#2946,.T.);
#6196=EDGE_CURVE('',#5211,#5211,#4751,.T.);
#6197=EDGE_CURVE('',#5212,#5212,#4752,.T.);
#6198=EDGE_CURVE('',#5212,#5213,#2947,.T.);
#6199=EDGE_CURVE('',#5213,#5213,#4753,.T.);
#6200=EDGE_CURVE('',#5214,#5214,#4754,.T.);
#6201=EDGE_CURVE('',#5214,#5215,#2948,.T.);
#6202=EDGE_CURVE('',#5215,#5215,#4755,.T.);
#6203=EDGE_CURVE('',#5216,#5216,#4756,.T.);
#6204=EDGE_CURVE('',#5216,#5217,#2949,.T.);
#6205=EDGE_CURVE('',#5217,#5217,#4757,.T.);
#6206=EDGE_CURVE('',#5218,#5219,#2950,.T.);
#6207=EDGE_CURVE('',#5220,#5218,#2951,.T.);
#6208=EDGE_CURVE('',#5221,#5220,#2952,.T.);
#6209=EDGE_CURVE('',#5219,#5221,#2953,.T.);
#6210=EDGE_CURVE('',#5222,#5223,#2954,.T.);
#6211=EDGE_CURVE('',#5224,#5222,#2955,.T.);
#6212=EDGE_CURVE('',#5225,#5224,#2956,.T.);
#6213=EDGE_CURVE('',#5225,#5223,#2957,.T.);
#6214=EDGE_CURVE('',#5223,#5218,#2958,.T.);
#6215=EDGE_CURVE('',#5220,#5225,#2959,.T.);
#6216=EDGE_CURVE('',#5224,#5226,#2960,.T.);
#6217=EDGE_CURVE('',#5226,#5227,#2961,.T.);
#6218=EDGE_CURVE('',#5227,#5228,#2962,.T.);
#6219=EDGE_CURVE('',#5228,#5229,#2963,.T.);
#6220=EDGE_CURVE('',#5229,#5221,#2964,.T.);
#6221=EDGE_CURVE('',#5222,#5230,#2965,.T.);
#6222=EDGE_CURVE('',#5230,#5226,#2966,.T.);
#6223=EDGE_CURVE('',#5229,#5231,#2967,.T.);
#6224=EDGE_CURVE('',#5231,#5219,#2968,.T.);
#6225=EDGE_CURVE('',#5232,#5228,#2969,.T.);
#6226=EDGE_CURVE('',#5231,#5232,#2970,.T.);
#6227=EDGE_CURVE('',#5233,#5227,#2971,.T.);
#6228=EDGE_CURVE('',#5233,#5232,#2972,.T.);
#6229=EDGE_CURVE('',#5230,#5233,#2973,.T.);
#6230=EDGE_CURVE('',#5234,#5234,#4758,.T.);
#6231=EDGE_CURVE('',#5234,#5235,#2974,.T.);
#6232=EDGE_CURVE('',#5235,#5235,#4759,.T.);
#6233=EDGE_CURVE('',#5236,#5236,#4760,.T.);
#6234=EDGE_CURVE('',#5236,#5237,#2975,.T.);
#6235=EDGE_CURVE('',#5237,#5237,#4761,.T.);
#6236=EDGE_CURVE('',#5238,#5238,#4762,.T.);
#6237=EDGE_CURVE('',#5238,#5239,#2976,.T.);
#6238=EDGE_CURVE('',#5239,#5239,#4763,.T.);
#6239=EDGE_CURVE('',#5240,#5240,#4764,.T.);
#6240=EDGE_CURVE('',#5240,#5241,#2977,.T.);
#6241=EDGE_CURVE('',#5241,#5241,#4765,.T.);
#6242=EDGE_CURVE('',#5242,#5242,#4766,.T.);
#6243=EDGE_CURVE('',#5242,#5243,#2978,.T.);
#6244=EDGE_CURVE('',#5243,#5243,#4767,.T.);
#6245=EDGE_CURVE('',#5244,#5244,#4768,.T.);
#6246=EDGE_CURVE('',#5244,#5245,#2979,.T.);
#6247=EDGE_CURVE('',#5245,#5245,#4769,.T.);
#6248=EDGE_CURVE('',#5246,#5246,#4770,.T.);
#6249=EDGE_CURVE('',#5246,#5247,#2980,.T.);
#6250=EDGE_CURVE('',#5247,#5247,#4771,.T.);
#6251=EDGE_CURVE('',#5248,#5249,#2981,.T.);
#6252=EDGE_CURVE('',#5249,#5250,#2982,.T.);
#6253=EDGE_CURVE('',#5251,#5250,#2983,.T.);
#6254=EDGE_CURVE('',#5248,#5251,#2984,.T.);
#6255=EDGE_CURVE('',#5252,#5248,#2985,.T.);
#6256=EDGE_CURVE('',#5253,#5251,#2986,.T.);
#6257=EDGE_CURVE('',#5252,#5253,#2987,.T.);
#6258=EDGE_CURVE('',#5254,#5252,#2988,.T.);
#6259=EDGE_CURVE('',#5255,#5253,#2989,.T.);
#6260=EDGE_CURVE('',#5254,#5255,#2990,.T.);
#6261=EDGE_CURVE('',#5249,#5254,#2991,.T.);
#6262=EDGE_CURVE('',#5250,#5255,#2992,.T.);
#6263=EDGE_CURVE('',#5256,#5257,#2993,.T.);
#6264=EDGE_CURVE('',#5257,#5256,#4772,.T.);
#6265=EDGE_CURVE('',#5257,#5256,#299,.T.);
#6266=EDGE_CURVE('',#5258,#5259,#2994,.T.);
#6267=EDGE_CURVE('',#5258,#5260,#2995,.T.);
#6268=EDGE_CURVE('',#5260,#5261,#2996,.T.);
#6269=EDGE_CURVE('',#5259,#5261,#2997,.T.);
#6270=EDGE_CURVE('',#5262,#5262,#4773,.T.);
#6271=EDGE_CURVE('',#5263,#5263,#4774,.T.);
#6272=EDGE_CURVE('',#5264,#5258,#2998,.T.);
#6273=EDGE_CURVE('',#5264,#5265,#2999,.T.);
#6274=EDGE_CURVE('',#5265,#5260,#3000,.T.);
#6275=EDGE_CURVE('',#5259,#5264,#3001,.T.);
#6276=EDGE_CURVE('',#5261,#5265,#3002,.T.);
#6277=EDGE_CURVE('',#5266,#5266,#4775,.T.);
#6278=EDGE_CURVE('',#5266,#5262,#3003,.T.);
#6279=EDGE_CURVE('',#5267,#5267,#4776,.T.);
#6280=EDGE_CURVE('',#5267,#5263,#3004,.T.);
#6281=EDGE_CURVE('',#5268,#5269,#3005,.T.);
#6282=EDGE_CURVE('',#5268,#5270,#3006,.T.);
#6283=EDGE_CURVE('',#5271,#5270,#3007,.T.);
#6284=EDGE_CURVE('',#5269,#5271,#3008,.T.);
#6285=EDGE_CURVE('',#5269,#5272,#3009,.T.);
#6286=EDGE_CURVE('',#5273,#5271,#3010,.T.);
#6287=EDGE_CURVE('',#5272,#5273,#3011,.T.);
#6288=EDGE_CURVE('',#5272,#5268,#3012,.T.);
#6289=EDGE_CURVE('',#5270,#5273,#3013,.T.);
#6290=EDGE_CURVE('',#5274,#5275,#3014,.T.);
#6291=EDGE_CURVE('',#5275,#5274,#4777,.T.);
#6292=EDGE_CURVE('',#5275,#5274,#300,.T.);
#6293=EDGE_CURVE('',#5276,#5277,#3015,.T.);
#6294=EDGE_CURVE('',#5276,#5278,#3016,.T.);
#6295=EDGE_CURVE('',#5278,#5279,#3017,.T.);
#6296=EDGE_CURVE('',#5277,#5279,#3018,.T.);
#6297=EDGE_CURVE('',#5280,#5276,#3019,.T.);
#6298=EDGE_CURVE('',#5280,#5281,#3020,.T.);
#6299=EDGE_CURVE('',#5281,#5278,#3021,.T.);
#6300=EDGE_CURVE('',#5282,#5282,#4778,.T.);
#6301=EDGE_CURVE('',#5283,#5283,#4779,.T.);
#6302=EDGE_CURVE('',#5277,#5280,#3022,.T.);
#6303=EDGE_CURVE('',#5279,#5281,#3023,.T.);
#6304=EDGE_CURVE('',#5284,#5284,#4780,.T.);
#6305=EDGE_CURVE('',#5284,#5283,#3024,.T.);
#6306=EDGE_CURVE('',#5285,#5285,#4781,.T.);
#6307=EDGE_CURVE('',#5285,#5282,#3025,.T.);
#6308=EDGE_CURVE('',#5286,#5287,#3026,.T.);
#6309=EDGE_CURVE('',#5287,#5288,#3027,.T.);
#6310=EDGE_CURVE('',#5289,#5288,#3028,.T.);
#6311=EDGE_CURVE('',#5286,#5289,#3029,.T.);
#6312=EDGE_CURVE('',#5290,#5286,#3030,.T.);
#6313=EDGE_CURVE('',#5291,#5289,#3031,.T.);
#6314=EDGE_CURVE('',#5290,#5291,#3032,.T.);
#6315=EDGE_CURVE('',#5287,#5290,#3033,.T.);
#6316=EDGE_CURVE('',#5288,#5291,#3034,.T.);
#6317=EDGE_CURVE('',#5292,#5293,#275,.T.);
#6318=EDGE_CURVE('',#5294,#5292,#276,.T.);
#6319=EDGE_CURVE('',#5293,#5294,#277,.T.);
#6320=EDGE_CURVE('',#5293,#5295,#3035,.T.);
#6321=EDGE_CURVE('',#5296,#5295,#278,.T.);
#6322=EDGE_CURVE('',#5295,#5296,#279,.T.);
#6323=EDGE_CURVE('',#5297,#5297,#4782,.T.);
#6324=EDGE_CURVE('',#5297,#5298,#3036,.T.);
#6325=EDGE_CURVE('',#5298,#5298,#4783,.T.);
#6326=EDGE_CURVE('',#5299,#5299,#4784,.T.);
#6327=EDGE_CURVE('',#5299,#5300,#3037,.T.);
#6328=EDGE_CURVE('',#5300,#5300,#4785,.T.);
#6329=EDGE_CURVE('',#5301,#5301,#4786,.T.);
#6330=EDGE_CURVE('',#5301,#5293,#3038,.T.);
#6331=EDGE_CURVE('',#5294,#5302,#3039,.T.);
#6332=EDGE_CURVE('',#5302,#5302,#4787,.T.);
#6333=EDGE_CURVE('',#5303,#5303,#280,.T.);
#6334=EDGE_CURVE('',#5303,#5304,#3040,.T.);
#6335=EDGE_CURVE('',#5304,#5304,#281,.T.);
#6336=EDGE_CURVE('',#5305,#5305,#282,.T.);
#6337=EDGE_CURVE('',#5305,#5306,#3041,.T.);
#6338=EDGE_CURVE('',#5306,#5306,#283,.T.);
#6339=EDGE_CURVE('',#5307,#5308,#284,.T.);
#6340=EDGE_CURVE('',#5309,#5307,#285,.T.);
#6341=EDGE_CURVE('',#5308,#5309,#286,.T.);
#6342=EDGE_CURVE('',#5308,#5310,#3042,.T.);
#6343=EDGE_CURVE('',#5311,#5310,#287,.T.);
#6344=EDGE_CURVE('',#5310,#5311,#288,.T.);
#6345=EDGE_CURVE('',#5312,#5312,#4788,.T.);
#6346=EDGE_CURVE('',#5312,#5313,#3043,.T.);
#6347=EDGE_CURVE('',#5313,#5313,#4789,.T.);
#6348=EDGE_CURVE('',#5314,#5314,#4790,.T.);
#6349=EDGE_CURVE('',#5314,#5315,#3044,.T.);
#6350=EDGE_CURVE('',#5315,#5315,#4791,.T.);
#6351=EDGE_CURVE('',#5316,#5316,#4792,.T.);
#6352=EDGE_CURVE('',#5316,#5308,#3045,.T.);
#6353=EDGE_CURVE('',#5309,#5317,#3046,.T.);
#6354=EDGE_CURVE('',#5317,#5317,#4793,.T.);
#6355=EDGE_CURVE('',#5318,#5319,#289,.T.);
#6356=EDGE_CURVE('',#5320,#5318,#290,.T.);
#6357=EDGE_CURVE('',#5319,#5320,#291,.T.);
#6358=EDGE_CURVE('',#5319,#5321,#3047,.T.);
#6359=EDGE_CURVE('',#5322,#5321,#292,.T.);
#6360=EDGE_CURVE('',#5321,#5322,#293,.T.);
#6361=EDGE_CURVE('',#5323,#5323,#4794,.T.);
#6362=EDGE_CURVE('',#5323,#5324,#3048,.T.);
#6363=EDGE_CURVE('',#5324,#5324,#4795,.T.);
#6364=EDGE_CURVE('',#5325,#5325,#4796,.T.);
#6365=EDGE_CURVE('',#5325,#5326,#3049,.T.);
#6366=EDGE_CURVE('',#5326,#5326,#4797,.T.);
#6367=EDGE_CURVE('',#5327,#5327,#4798,.T.);
#6368=EDGE_CURVE('',#5327,#5319,#3050,.T.);
#6369=EDGE_CURVE('',#5320,#5328,#3051,.T.);
#6370=EDGE_CURVE('',#5328,#5328,#4799,.T.);
#6371=EDGE_CURVE('',#5329,#5330,#294,.T.);
#6372=EDGE_CURVE('',#5331,#5329,#295,.T.);
#6373=EDGE_CURVE('',#5330,#5331,#296,.T.);
#6374=EDGE_CURVE('',#5330,#5332,#3052,.T.);
#6375=EDGE_CURVE('',#5333,#5332,#297,.T.);
#6376=EDGE_CURVE('',#5332,#5333,#298,.T.);
#6377=EDGE_CURVE('',#5334,#5334,#4800,.T.);
#6378=EDGE_CURVE('',#5334,#5335,#3053,.T.);
#6379=EDGE_CURVE('',#5335,#5335,#4801,.T.);
#6380=EDGE_CURVE('',#5336,#5336,#4802,.T.);
#6381=EDGE_CURVE('',#5336,#5337,#3054,.T.);
#6382=EDGE_CURVE('',#5337,#5337,#4803,.T.);
#6383=EDGE_CURVE('',#5338,#5338,#4804,.T.);
#6384=EDGE_CURVE('',#5338,#5330,#3055,.T.);
#6385=EDGE_CURVE('',#5331,#5339,#3056,.T.);
#6386=EDGE_CURVE('',#5339,#5339,#4805,.T.);
#6387=EDGE_CURVE('',#5340,#5340,#4806,.T.);
#6388=EDGE_CURVE('',#5340,#5341,#3057,.T.);
#6389=EDGE_CURVE('',#5341,#5341,#4807,.T.);
#6390=EDGE_CURVE('',#5342,#5342,#4808,.T.);
#6391=EDGE_CURVE('',#5342,#5343,#3058,.T.);
#6392=EDGE_CURVE('',#5343,#5343,#4809,.T.);
#6393=EDGE_CURVE('',#5344,#5344,#4810,.T.);
#6394=EDGE_CURVE('',#5344,#5345,#3059,.T.);
#6395=EDGE_CURVE('',#5345,#5345,#4811,.T.);
#6396=EDGE_CURVE('',#5346,#5346,#4812,.T.);
#6397=EDGE_CURVE('',#5346,#5347,#3060,.T.);
#6398=EDGE_CURVE('',#5347,#5347,#4813,.T.);
#6399=EDGE_CURVE('',#5348,#5348,#4814,.T.);
#6400=EDGE_CURVE('',#5348,#5349,#3061,.T.);
#6401=EDGE_CURVE('',#5349,#5349,#4815,.T.);
#6402=EDGE_CURVE('',#5350,#5350,#4816,.T.);
#6403=EDGE_CURVE('',#5350,#5351,#3062,.T.);
#6404=EDGE_CURVE('',#5351,#5351,#4817,.T.);
#6405=EDGE_CURVE('',#5352,#5352,#4818,.T.);
#6406=EDGE_CURVE('',#5352,#5353,#3063,.T.);
#6407=EDGE_CURVE('',#5353,#5353,#4819,.T.);
#6408=EDGE_CURVE('',#5354,#5354,#4820,.T.);
#6409=EDGE_CURVE('',#5354,#5355,#3064,.T.);
#6410=EDGE_CURVE('',#5355,#5355,#4821,.T.);
#6411=EDGE_CURVE('',#5356,#5356,#4822,.T.);
#6412=EDGE_CURVE('',#5356,#5357,#3065,.T.);
#6413=EDGE_CURVE('',#5357,#5357,#4823,.T.);
#6414=EDGE_CURVE('',#5358,#5358,#4824,.T.);
#6415=EDGE_CURVE('',#5358,#5359,#3066,.T.);
#6416=EDGE_CURVE('',#5359,#5359,#4825,.T.);
#6417=EDGE_CURVE('',#5360,#5361,#3067,.T.);
#6418=EDGE_CURVE('',#5361,#5362,#3068,.T.);
#6419=EDGE_CURVE('',#5363,#5362,#3069,.T.);
#6420=EDGE_CURVE('',#5360,#5363,#3070,.T.);
#6421=EDGE_CURVE('',#5364,#5360,#3071,.T.);
#6422=EDGE_CURVE('',#5365,#5363,#3072,.T.);
#6423=EDGE_CURVE('',#5364,#5365,#3073,.T.);
#6424=EDGE_CURVE('',#5366,#5364,#3074,.T.);
#6425=EDGE_CURVE('',#5367,#5365,#3075,.T.);
#6426=EDGE_CURVE('',#5366,#5367,#3076,.T.);
#6427=EDGE_CURVE('',#5361,#5366,#3077,.T.);
#6428=EDGE_CURVE('',#5362,#5367,#3078,.T.);
#6429=EDGE_CURVE('',#5368,#5369,#3079,.T.);
#6430=EDGE_CURVE('',#5369,#5370,#3080,.T.);
#6431=EDGE_CURVE('',#5371,#5370,#3081,.T.);
#6432=EDGE_CURVE('',#5368,#5371,#3082,.T.);
#6433=EDGE_CURVE('',#5372,#5368,#3083,.T.);
#6434=EDGE_CURVE('',#5373,#5371,#3084,.T.);
#6435=EDGE_CURVE('',#5372,#5373,#3085,.T.);
#6436=EDGE_CURVE('',#5374,#5372,#3086,.T.);
#6437=EDGE_CURVE('',#5375,#5373,#3087,.T.);
#6438=EDGE_CURVE('',#5374,#5375,#3088,.T.);
#6439=EDGE_CURVE('',#5369,#5374,#3089,.T.);
#6440=EDGE_CURVE('',#5370,#5375,#3090,.T.);
#6441=EDGE_CURVE('',#5376,#5377,#3091,.T.);
#6442=EDGE_CURVE('',#5377,#5378,#3092,.T.);
#6443=EDGE_CURVE('',#5379,#5378,#3093,.T.);
#6444=EDGE_CURVE('',#5376,#5379,#3094,.T.);
#6445=EDGE_CURVE('',#5380,#5376,#3095,.T.);
#6446=EDGE_CURVE('',#5381,#5379,#3096,.T.);
#6447=EDGE_CURVE('',#5380,#5381,#3097,.T.);
#6448=EDGE_CURVE('',#5382,#5380,#3098,.T.);
#6449=EDGE_CURVE('',#5383,#5381,#3099,.T.);
#6450=EDGE_CURVE('',#5382,#5383,#3100,.T.);
#6451=EDGE_CURVE('',#5377,#5382,#3101,.T.);
#6452=EDGE_CURVE('',#5378,#5383,#3102,.T.);
#6453=EDGE_CURVE('',#5384,#5384,#4826,.T.);
#6454=EDGE_CURVE('',#5384,#5385,#3103,.T.);
#6455=EDGE_CURVE('',#5385,#5385,#4827,.T.);
#6456=EDGE_CURVE('',#5386,#5386,#4828,.T.);
#6457=EDGE_CURVE('',#5386,#5387,#3104,.T.);
#6458=EDGE_CURVE('',#5387,#5387,#4829,.T.);
#6459=EDGE_CURVE('',#5388,#5389,#3105,.T.);
#6460=EDGE_CURVE('',#5389,#5390,#3106,.T.);
#6461=EDGE_CURVE('',#5391,#5390,#3107,.T.);
#6462=EDGE_CURVE('',#5388,#5391,#3108,.T.);
#6463=EDGE_CURVE('',#5392,#5388,#3109,.T.);
#6464=EDGE_CURVE('',#5393,#5391,#3110,.T.);
#6465=EDGE_CURVE('',#5392,#5393,#3111,.T.);
#6466=EDGE_CURVE('',#5394,#5392,#3112,.T.);
#6467=EDGE_CURVE('',#5395,#5393,#3113,.T.);
#6468=EDGE_CURVE('',#5394,#5395,#3114,.T.);
#6469=EDGE_CURVE('',#5389,#5394,#3115,.T.);
#6470=EDGE_CURVE('',#5390,#5395,#3116,.T.);
#6471=EDGE_CURVE('',#5396,#5397,#3117,.T.);
#6472=EDGE_CURVE('',#5397,#5398,#3118,.T.);
#6473=EDGE_CURVE('',#5399,#5398,#3119,.T.);
#6474=EDGE_CURVE('',#5396,#5399,#3120,.T.);
#6475=EDGE_CURVE('',#5400,#5396,#3121,.T.);
#6476=EDGE_CURVE('',#5401,#5399,#3122,.T.);
#6477=EDGE_CURVE('',#5400,#5401,#3123,.T.);
#6478=EDGE_CURVE('',#5402,#5400,#3124,.T.);
#6479=EDGE_CURVE('',#5403,#5401,#3125,.T.);
#6480=EDGE_CURVE('',#5402,#5403,#3126,.T.);
#6481=EDGE_CURVE('',#5397,#5402,#3127,.T.);
#6482=EDGE_CURVE('',#5398,#5403,#3128,.T.);
#6483=EDGE_CURVE('',#5404,#5404,#4830,.T.);
#6484=EDGE_CURVE('',#5404,#5405,#3129,.T.);
#6485=EDGE_CURVE('',#5405,#5405,#4831,.T.);
#6486=EDGE_CURVE('',#5406,#5406,#4832,.T.);
#6487=EDGE_CURVE('',#5406,#5407,#3130,.T.);
#6488=EDGE_CURVE('',#5407,#5407,#4833,.T.);
#6489=EDGE_CURVE('',#5408,#5408,#4834,.T.);
#6490=EDGE_CURVE('',#5408,#5409,#3131,.T.);
#6491=EDGE_CURVE('',#5409,#5409,#4835,.T.);
#6492=EDGE_CURVE('',#5410,#5410,#4836,.T.);
#6493=EDGE_CURVE('',#5410,#5411,#3132,.T.);
#6494=EDGE_CURVE('',#5411,#5411,#4837,.T.);
#6495=EDGE_CURVE('',#5412,#5413,#3133,.T.);
#6496=EDGE_CURVE('',#5413,#5414,#3134,.T.);
#6497=EDGE_CURVE('',#5415,#5414,#3135,.T.);
#6498=EDGE_CURVE('',#5412,#5415,#3136,.T.);
#6499=EDGE_CURVE('',#5416,#5412,#3137,.T.);
#6500=EDGE_CURVE('',#5417,#5415,#3138,.T.);
#6501=EDGE_CURVE('',#5416,#5417,#3139,.T.);
#6502=EDGE_CURVE('',#5418,#5416,#3140,.T.);
#6503=EDGE_CURVE('',#5419,#5417,#3141,.T.);
#6504=EDGE_CURVE('',#5418,#5419,#3142,.T.);
#6505=EDGE_CURVE('',#5413,#5418,#3143,.T.);
#6506=EDGE_CURVE('',#5414,#5419,#3144,.T.);
#6507=EDGE_CURVE('',#5420,#5420,#4838,.T.);
#6508=EDGE_CURVE('',#5420,#5421,#3145,.T.);
#6509=EDGE_CURVE('',#5421,#5421,#4839,.T.);
#6510=EDGE_CURVE('',#5422,#5422,#4840,.T.);
#6511=EDGE_CURVE('',#5422,#5423,#3146,.T.);
#6512=EDGE_CURVE('',#5423,#5423,#4841,.T.);
#6513=EDGE_CURVE('',#5424,#5424,#4842,.T.);
#6514=EDGE_CURVE('',#5424,#5425,#3147,.T.);
#6515=EDGE_CURVE('',#5425,#5425,#4843,.T.);
#6516=EDGE_CURVE('',#5426,#5426,#4844,.T.);
#6517=EDGE_CURVE('',#5426,#5427,#3148,.T.);
#6518=EDGE_CURVE('',#5427,#5427,#4845,.T.);
#6519=EDGE_CURVE('',#5428,#5429,#3149,.T.);
#6520=EDGE_CURVE('',#5430,#5428,#3150,.T.);
#6521=EDGE_CURVE('',#5431,#5430,#3151,.T.);
#6522=EDGE_CURVE('',#5431,#5429,#3152,.T.);
#6523=EDGE_CURVE('',#5429,#5432,#3153,.T.);
#6524=EDGE_CURVE('',#5433,#5431,#3154,.T.);
#6525=EDGE_CURVE('',#5432,#5433,#3155,.T.);
#6526=EDGE_CURVE('',#5432,#5434,#3156,.T.);
#6527=EDGE_CURVE('',#5435,#5433,#3157,.T.);
#6528=EDGE_CURVE('',#5435,#5434,#3158,.T.);
#6529=EDGE_CURVE('',#5434,#5428,#3159,.T.);
#6530=EDGE_CURVE('',#5430,#5435,#3160,.T.);
#6531=EDGE_CURVE('',#5436,#5437,#3161,.T.);
#6532=EDGE_CURVE('',#5438,#5436,#3162,.T.);
#6533=EDGE_CURVE('',#5439,#5438,#3163,.T.);
#6534=EDGE_CURVE('',#5439,#5437,#3164,.T.);
#6535=EDGE_CURVE('',#5437,#5440,#3165,.T.);
#6536=EDGE_CURVE('',#5441,#5439,#3166,.T.);
#6537=EDGE_CURVE('',#5440,#5441,#3167,.T.);
#6538=EDGE_CURVE('',#5440,#5442,#3168,.T.);
#6539=EDGE_CURVE('',#5443,#5441,#3169,.T.);
#6540=EDGE_CURVE('',#5443,#5442,#3170,.T.);
#6541=EDGE_CURVE('',#5442,#5436,#3171,.T.);
#6542=EDGE_CURVE('',#5438,#5443,#3172,.T.);
#6543=EDGE_CURVE('',#5444,#5445,#3173,.T.);
#6544=EDGE_CURVE('',#5445,#5446,#3174,.T.);
#6545=EDGE_CURVE('',#5447,#5446,#3175,.T.);
#6546=EDGE_CURVE('',#5444,#5447,#3176,.T.);
#6547=EDGE_CURVE('',#5448,#5444,#3177,.T.);
#6548=EDGE_CURVE('',#5449,#5447,#3178,.T.);
#6549=EDGE_CURVE('',#5448,#5449,#3179,.T.);
#6550=EDGE_CURVE('',#5450,#5448,#3180,.T.);
#6551=EDGE_CURVE('',#5451,#5449,#3181,.T.);
#6552=EDGE_CURVE('',#5450,#5451,#3182,.T.);
#6553=EDGE_CURVE('',#5445,#5450,#3183,.T.);
#6554=EDGE_CURVE('',#5446,#5451,#3184,.T.);
#6555=EDGE_CURVE('',#5452,#5453,#3185,.T.);
#6556=EDGE_CURVE('',#5453,#5454,#3186,.T.);
#6557=EDGE_CURVE('',#5455,#5454,#3187,.T.);
#6558=EDGE_CURVE('',#5452,#5455,#3188,.T.);
#6559=EDGE_CURVE('',#5456,#5452,#3189,.T.);
#6560=EDGE_CURVE('',#5457,#5455,#3190,.T.);
#6561=EDGE_CURVE('',#5456,#5457,#3191,.T.);
#6562=EDGE_CURVE('',#5456,#5458,#3192,.T.);
#6563=EDGE_CURVE('',#5459,#5457,#3193,.T.);
#6564=EDGE_CURVE('',#5458,#5459,#3194,.T.);
#6565=EDGE_CURVE('',#5453,#5458,#3195,.T.);
#6566=EDGE_CURVE('',#5454,#5459,#3196,.T.);
#6567=EDGE_CURVE('',#5460,#5461,#3197,.T.);
#6568=EDGE_CURVE('',#5460,#5462,#3198,.T.);
#6569=EDGE_CURVE('',#5463,#5462,#3199,.T.);
#6570=EDGE_CURVE('',#5461,#5463,#3200,.T.);
#6571=EDGE_CURVE('',#5464,#5465,#3201,.T.);
#6572=EDGE_CURVE('',#5465,#5466,#3202,.T.);
#6573=EDGE_CURVE('',#5466,#5467,#3203,.T.);
#6574=EDGE_CURVE('',#5467,#5464,#3204,.T.);
#6575=EDGE_CURVE('',#5461,#5465,#3205,.T.);
#6576=EDGE_CURVE('',#5460,#5464,#3206,.T.);
#6577=EDGE_CURVE('',#5463,#5466,#3207,.T.);
#6578=EDGE_CURVE('',#5462,#5467,#3208,.T.);
#6579=EDGE_CURVE('',#5468,#5468,#4846,.T.);
#6580=EDGE_CURVE('',#5468,#5469,#3209,.T.);
#6581=EDGE_CURVE('',#5469,#5469,#4847,.T.);
#6582=EDGE_CURVE('',#5470,#5470,#4848,.T.);
#6583=EDGE_CURVE('',#5470,#5471,#3210,.T.);
#6584=EDGE_CURVE('',#5471,#5471,#4849,.T.);
#6585=EDGE_CURVE('',#5472,#5472,#4850,.T.);
#6586=EDGE_CURVE('',#5472,#5473,#3211,.T.);
#6587=EDGE_CURVE('',#5473,#5473,#4851,.T.);
#6588=EDGE_CURVE('',#5474,#5474,#4852,.T.);
#6589=EDGE_CURVE('',#5474,#5475,#3212,.T.);
#6590=EDGE_CURVE('',#5475,#5475,#4853,.T.);
#6591=EDGE_CURVE('',#5476,#5476,#4854,.T.);
#6592=EDGE_CURVE('',#5476,#5477,#3213,.T.);
#6593=EDGE_CURVE('',#5477,#5477,#4855,.T.);
#6594=EDGE_CURVE('',#5478,#5478,#4856,.T.);
#6595=EDGE_CURVE('',#5478,#5479,#3214,.T.);
#6596=EDGE_CURVE('',#5479,#5479,#4857,.T.);
#6597=EDGE_CURVE('',#5480,#5480,#4858,.T.);
#6598=EDGE_CURVE('',#5480,#5481,#3215,.T.);
#6599=EDGE_CURVE('',#5481,#5481,#4859,.T.);
#6600=EDGE_CURVE('',#5482,#5482,#4860,.T.);
#6601=EDGE_CURVE('',#5482,#5483,#3216,.T.);
#6602=EDGE_CURVE('',#5483,#5483,#4861,.T.);
#6603=EDGE_CURVE('',#5484,#5484,#4862,.T.);
#6604=EDGE_CURVE('',#5484,#5485,#3217,.T.);
#6605=EDGE_CURVE('',#5485,#5485,#4863,.T.);
#6606=EDGE_CURVE('',#5486,#5486,#4864,.T.);
#6607=EDGE_CURVE('',#5486,#5487,#3218,.T.);
#6608=EDGE_CURVE('',#5487,#5487,#4865,.T.);
#6609=EDGE_CURVE('',#5488,#5488,#4866,.T.);
#6610=EDGE_CURVE('',#5488,#5489,#3219,.T.);
#6611=EDGE_CURVE('',#5489,#5489,#4867,.T.);
#6612=EDGE_CURVE('',#5490,#5490,#4868,.T.);
#6613=EDGE_CURVE('',#5490,#5491,#3220,.T.);
#6614=EDGE_CURVE('',#5491,#5491,#4869,.T.);
#6615=EDGE_CURVE('',#5492,#5492,#4870,.T.);
#6616=EDGE_CURVE('',#5492,#5493,#3221,.T.);
#6617=EDGE_CURVE('',#5493,#5493,#4871,.T.);
#6618=EDGE_CURVE('',#5494,#5494,#4872,.T.);
#6619=EDGE_CURVE('',#5494,#5495,#3222,.T.);
#6620=EDGE_CURVE('',#5495,#5495,#4873,.T.);
#6621=EDGE_CURVE('',#5496,#5496,#4874,.T.);
#6622=EDGE_CURVE('',#5496,#5497,#3223,.T.);
#6623=EDGE_CURVE('',#5497,#5497,#4875,.T.);
#6624=EDGE_CURVE('',#5498,#5498,#4876,.T.);
#6625=EDGE_CURVE('',#5498,#5499,#3224,.T.);
#6626=EDGE_CURVE('',#5499,#5499,#4877,.T.);
#6627=EDGE_CURVE('',#5500,#5500,#4878,.T.);
#6628=EDGE_CURVE('',#5500,#5501,#3225,.T.);
#6629=EDGE_CURVE('',#5501,#5501,#4879,.T.);
#6630=EDGE_CURVE('',#5502,#5502,#4880,.T.);
#6631=EDGE_CURVE('',#5502,#5503,#3226,.T.);
#6632=EDGE_CURVE('',#5503,#5503,#4881,.T.);
#6633=EDGE_CURVE('',#5504,#5504,#4882,.T.);
#6634=EDGE_CURVE('',#5504,#5505,#3227,.T.);
#6635=EDGE_CURVE('',#5505,#5505,#4883,.T.);
#6636=EDGE_CURVE('',#5506,#5506,#4884,.T.);
#6637=EDGE_CURVE('',#5506,#5507,#3228,.T.);
#6638=EDGE_CURVE('',#5507,#5507,#4885,.T.);
#6639=EDGE_CURVE('',#5508,#5509,#3229,.T.);
#6640=EDGE_CURVE('',#5508,#5510,#3230,.T.);
#6641=EDGE_CURVE('',#5511,#5510,#3231,.T.);
#6642=EDGE_CURVE('',#5509,#5511,#3232,.T.);
#6643=EDGE_CURVE('',#5512,#5513,#3233,.T.);
#6644=EDGE_CURVE('',#5514,#5512,#3234,.T.);
#6645=EDGE_CURVE('',#5515,#5514,#3235,.T.);
#6646=EDGE_CURVE('',#5515,#5513,#3236,.T.);
#6647=EDGE_CURVE('',#5513,#5508,#3237,.T.);
#6648=EDGE_CURVE('',#5510,#5515,#3238,.T.);
#6649=EDGE_CURVE('',#5514,#5516,#3239,.T.);
#6650=EDGE_CURVE('',#5516,#5517,#3240,.T.);
#6651=EDGE_CURVE('',#5518,#5517,#3241,.T.);
#6652=EDGE_CURVE('',#5519,#5518,#3242,.T.);
#6653=EDGE_CURVE('',#5519,#5511,#3243,.T.);
#6654=EDGE_CURVE('',#5520,#5512,#3244,.T.);
#6655=EDGE_CURVE('',#5516,#5520,#3245,.T.);
#6656=EDGE_CURVE('',#5521,#5519,#3246,.T.);
#6657=EDGE_CURVE('',#5509,#5521,#3247,.T.);
#6658=EDGE_CURVE('',#5522,#5523,#3248,.T.);
#6659=EDGE_CURVE('',#5524,#5522,#3249,.T.);
#6660=EDGE_CURVE('',#5525,#5524,#3250,.T.);
#6661=EDGE_CURVE('',#5525,#5523,#3251,.T.);
#6662=EDGE_CURVE('',#5523,#5526,#3252,.T.);
#6663=EDGE_CURVE('',#5527,#5525,#3253,.T.);
#6664=EDGE_CURVE('',#5527,#5526,#3254,.T.);
#6665=EDGE_CURVE('',#5526,#5528,#3255,.T.);
#6666=EDGE_CURVE('',#5529,#5527,#3256,.T.);
#6667=EDGE_CURVE('',#5529,#5528,#3257,.T.);
#6668=EDGE_CURVE('',#5528,#5522,#3258,.T.);
#6669=EDGE_CURVE('',#5524,#5529,#3259,.T.);
#6670=EDGE_CURVE('',#5530,#5518,#3260,.T.);
#6671=EDGE_CURVE('',#5521,#5530,#3261,.T.);
#6672=EDGE_CURVE('',#5531,#5530,#3262,.T.);
#6673=EDGE_CURVE('',#5520,#5531,#3263,.T.);
#6674=EDGE_CURVE('',#5517,#5531,#3264,.T.);
#6675=EDGE_CURVE('',#5532,#5532,#4886,.T.);
#6676=EDGE_CURVE('',#5532,#5533,#3265,.T.);
#6677=EDGE_CURVE('',#5533,#5533,#4887,.T.);
#6678=EDGE_CURVE('',#5534,#5534,#4888,.T.);
#6679=EDGE_CURVE('',#5534,#5535,#3266,.T.);
#6680=EDGE_CURVE('',#5535,#5535,#4889,.T.);
#6681=EDGE_CURVE('',#5536,#5537,#3267,.T.);
#6682=EDGE_CURVE('',#5536,#5538,#3268,.T.);
#6683=EDGE_CURVE('',#5539,#5538,#3269,.T.);
#6684=EDGE_CURVE('',#5537,#5539,#3270,.T.);
#6685=EDGE_CURVE('',#5540,#5541,#3271,.T.);
#6686=EDGE_CURVE('',#5542,#5540,#3272,.T.);
#6687=EDGE_CURVE('',#5543,#5542,#3273,.T.);
#6688=EDGE_CURVE('',#5543,#5541,#3274,.T.);
#6689=EDGE_CURVE('',#5541,#5536,#3275,.T.);
#6690=EDGE_CURVE('',#5538,#5543,#3276,.T.);
#6691=EDGE_CURVE('',#5542,#5544,#3277,.T.);
#6692=EDGE_CURVE('',#5544,#5545,#3278,.T.);
#6693=EDGE_CURVE('',#5546,#5545,#3279,.T.);
#6694=EDGE_CURVE('',#5547,#5546,#3280,.T.);
#6695=EDGE_CURVE('',#5547,#5539,#3281,.T.);
#6696=EDGE_CURVE('',#5548,#5540,#3282,.T.);
#6697=EDGE_CURVE('',#5544,#5548,#3283,.T.);
#6698=EDGE_CURVE('',#5549,#5547,#3284,.T.);
#6699=EDGE_CURVE('',#5537,#5549,#3285,.T.);
#6700=EDGE_CURVE('',#5550,#5551,#3286,.T.);
#6701=EDGE_CURVE('',#5552,#5550,#3287,.T.);
#6702=EDGE_CURVE('',#5553,#5552,#3288,.T.);
#6703=EDGE_CURVE('',#5553,#5551,#3289,.T.);
#6704=EDGE_CURVE('',#5551,#5554,#3290,.T.);
#6705=EDGE_CURVE('',#5555,#5553,#3291,.T.);
#6706=EDGE_CURVE('',#5555,#5554,#3292,.T.);
#6707=EDGE_CURVE('',#5554,#5556,#3293,.T.);
#6708=EDGE_CURVE('',#5557,#5555,#3294,.T.);
#6709=EDGE_CURVE('',#5557,#5556,#3295,.T.);
#6710=EDGE_CURVE('',#5556,#5550,#3296,.T.);
#6711=EDGE_CURVE('',#5552,#5557,#3297,.T.);
#6712=EDGE_CURVE('',#5558,#5546,#3298,.T.);
#6713=EDGE_CURVE('',#5549,#5558,#3299,.T.);
#6714=EDGE_CURVE('',#5559,#5558,#3300,.T.);
#6715=EDGE_CURVE('',#5548,#5559,#3301,.T.);
#6716=EDGE_CURVE('',#5545,#5559,#3302,.T.);
#6717=EDGE_CURVE('',#5560,#5560,#4890,.T.);
#6718=EDGE_CURVE('',#5560,#5561,#3303,.T.);
#6719=EDGE_CURVE('',#5561,#5561,#4891,.T.);
#6720=EDGE_CURVE('',#5562,#5562,#4892,.T.);
#6721=EDGE_CURVE('',#5562,#5563,#3304,.T.);
#6722=EDGE_CURVE('',#5563,#5563,#4893,.T.);
#6723=EDGE_CURVE('',#5564,#5564,#4894,.T.);
#6724=EDGE_CURVE('',#5564,#5565,#3305,.T.);
#6725=EDGE_CURVE('',#5565,#5565,#4895,.T.);
#6726=EDGE_CURVE('',#5566,#5566,#4896,.T.);
#6727=EDGE_CURVE('',#5566,#5567,#3306,.T.);
#6728=EDGE_CURVE('',#5567,#5567,#4897,.T.);
#6729=EDGE_CURVE('',#5568,#5569,#3307,.T.);
#6730=EDGE_CURVE('',#5569,#5570,#3308,.T.);
#6731=EDGE_CURVE('',#5571,#5570,#3309,.T.);
#6732=EDGE_CURVE('',#5568,#5571,#3310,.T.);
#6733=EDGE_CURVE('',#5572,#5568,#3311,.T.);
#6734=EDGE_CURVE('',#5573,#5571,#3312,.T.);
#6735=EDGE_CURVE('',#5572,#5573,#3313,.T.);
#6736=EDGE_CURVE('',#5574,#5572,#3314,.T.);
#6737=EDGE_CURVE('',#5575,#5573,#3315,.T.);
#6738=EDGE_CURVE('',#5574,#5575,#3316,.T.);
#6739=EDGE_CURVE('',#5569,#5574,#3317,.T.);
#6740=EDGE_CURVE('',#5570,#5575,#3318,.T.);
#6741=EDGE_CURVE('',#5576,#5577,#3319,.T.);
#6742=EDGE_CURVE('',#5577,#5578,#3320,.T.);
#6743=EDGE_CURVE('',#5579,#5578,#3321,.T.);
#6744=EDGE_CURVE('',#5576,#5579,#3322,.T.);
#6745=EDGE_CURVE('',#5580,#5576,#3323,.T.);
#6746=EDGE_CURVE('',#5581,#5579,#3324,.T.);
#6747=EDGE_CURVE('',#5580,#5581,#3325,.T.);
#6748=EDGE_CURVE('',#5582,#5580,#3326,.T.);
#6749=EDGE_CURVE('',#5583,#5581,#3327,.T.);
#6750=EDGE_CURVE('',#5582,#5583,#3328,.T.);
#6751=EDGE_CURVE('',#5577,#5582,#3329,.T.);
#6752=EDGE_CURVE('',#5578,#5583,#3330,.T.);
#6753=EDGE_CURVE('',#5584,#5584,#4898,.T.);
#6754=EDGE_CURVE('',#5584,#5585,#3331,.T.);
#6755=EDGE_CURVE('',#5585,#5585,#4899,.T.);
#6756=EDGE_CURVE('',#5586,#5587,#3332,.T.);
#6757=EDGE_CURVE('',#5586,#5588,#3333,.T.);
#6758=EDGE_CURVE('',#5589,#5588,#3334,.T.);
#6759=EDGE_CURVE('',#5590,#5589,#3335,.T.);
#6760=EDGE_CURVE('',#5590,#5591,#3336,.T.);
#6761=EDGE_CURVE('',#5587,#5591,#3337,.T.);
#6762=EDGE_CURVE('',#5592,#5586,#3338,.T.);
#6763=EDGE_CURVE('',#5592,#5593,#3339,.T.);
#6764=EDGE_CURVE('',#5588,#5593,#3340,.T.);
#6765=EDGE_CURVE('',#5594,#5592,#3341,.T.);
#6766=EDGE_CURVE('',#5595,#5594,#3342,.T.);
#6767=EDGE_CURVE('',#5595,#5596,#3343,.T.);
#6768=EDGE_CURVE('',#5596,#5597,#3344,.T.);
#6769=EDGE_CURVE('',#5593,#5597,#3345,.T.);
#6770=EDGE_CURVE('',#5591,#5595,#3346,.T.);
#6771=EDGE_CURVE('',#5596,#5590,#3347,.T.);
#6772=EDGE_CURVE('',#5597,#5589,#3348,.T.);
#6773=EDGE_CURVE('',#5598,#5594,#3349,.T.);
#6774=EDGE_CURVE('',#5599,#5598,#3350,.T.);
#6775=EDGE_CURVE('',#5599,#5600,#3351,.T.);
#6776=EDGE_CURVE('',#5600,#5601,#3352,.T.);
#6777=EDGE_CURVE('',#5587,#5601,#3353,.T.);
#6778=EDGE_CURVE('',#5602,#5602,#4900,.T.);
#6779=EDGE_CURVE('',#5602,#5603,#3354,.T.);
#6780=EDGE_CURVE('',#5603,#5603,#4901,.T.);
#6781=EDGE_CURVE('',#5604,#5605,#3355,.T.);
#6782=EDGE_CURVE('',#5605,#5606,#3356,.T.);
#6783=EDGE_CURVE('',#5607,#5606,#3357,.T.);
#6784=EDGE_CURVE('',#5604,#5607,#3358,.T.);
#6785=EDGE_CURVE('',#5600,#5604,#3359,.T.);
#6786=EDGE_CURVE('',#5601,#5607,#3360,.T.);
#6787=EDGE_CURVE('',#5605,#5599,#3361,.T.);
#6788=EDGE_CURVE('',#5606,#5598,#3362,.T.);
#6789=EDGE_CURVE('',#5608,#5609,#3363,.T.);
#6790=EDGE_CURVE('',#5610,#5608,#3364,.T.);
#6791=EDGE_CURVE('',#5611,#5610,#3365,.T.);
#6792=EDGE_CURVE('',#5611,#5609,#3366,.T.);
#6793=EDGE_CURVE('',#5611,#5612,#3367,.T.);
#6794=EDGE_CURVE('',#5613,#5612,#3368,.T.);
#6795=EDGE_CURVE('',#5609,#5613,#3369,.T.);
#6796=EDGE_CURVE('',#5614,#5614,#4902,.T.);
#6797=EDGE_CURVE('',#5615,#5610,#3370,.T.);
#6798=EDGE_CURVE('',#5615,#5616,#3371,.T.);
#6799=EDGE_CURVE('',#5616,#5617,#3372,.T.);
#6800=EDGE_CURVE('',#5612,#5617,#3373,.T.);
#6801=EDGE_CURVE('',#5618,#5618,#4903,.T.);
#6802=EDGE_CURVE('',#5618,#5619,#3374,.T.);
#6803=EDGE_CURVE('',#5619,#5619,#4904,.T.);
#6804=EDGE_CURVE('',#5620,#5620,#4905,.T.);
#6805=EDGE_CURVE('',#5620,#5621,#3375,.T.);
#6806=EDGE_CURVE('',#5621,#5621,#4906,.T.);
#6807=EDGE_CURVE('',#5622,#5608,#3376,.T.);
#6808=EDGE_CURVE('',#5622,#5615,#3377,.T.);
#6809=EDGE_CURVE('',#5616,#5623,#3378,.T.);
#6810=EDGE_CURVE('',#5623,#5622,#3379,.T.);
#6811=EDGE_CURVE('',#5623,#5624,#3380,.T.);
#6812=EDGE_CURVE('',#5617,#5624,#3381,.T.);
#6813=EDGE_CURVE('',#5625,#5625,#4907,.T.);
#6814=EDGE_CURVE('',#5625,#5614,#3382,.T.);
#6815=EDGE_CURVE('',#5624,#5613,#3383,.T.);
#6816=EDGE_CURVE('',#5626,#5627,#3384,.T.);
#6817=EDGE_CURVE('',#5628,#5626,#3385,.T.);
#6818=EDGE_CURVE('',#5629,#5628,#3386,.T.);
#6819=EDGE_CURVE('',#5629,#5627,#3387,.T.);
#6820=EDGE_CURVE('',#5629,#5630,#3388,.T.);
#6821=EDGE_CURVE('',#5631,#5630,#3389,.T.);
#6822=EDGE_CURVE('',#5627,#5631,#3390,.T.);
#6823=EDGE_CURVE('',#5632,#5632,#4908,.T.);
#6824=EDGE_CURVE('',#5633,#5628,#3391,.T.);
#6825=EDGE_CURVE('',#5633,#5634,#3392,.T.);
#6826=EDGE_CURVE('',#5634,#5635,#3393,.T.);
#6827=EDGE_CURVE('',#5630,#5635,#3394,.T.);
#6828=EDGE_CURVE('',#5636,#5636,#4909,.T.);
#6829=EDGE_CURVE('',#5636,#5637,#3395,.T.);
#6830=EDGE_CURVE('',#5637,#5637,#4910,.T.);
#6831=EDGE_CURVE('',#5638,#5638,#4911,.T.);
#6832=EDGE_CURVE('',#5638,#5639,#3396,.T.);
#6833=EDGE_CURVE('',#5639,#5639,#4912,.T.);
#6834=EDGE_CURVE('',#5640,#5626,#3397,.T.);
#6835=EDGE_CURVE('',#5640,#5633,#3398,.T.);
#6836=EDGE_CURVE('',#5641,#5640,#3399,.T.);
#6837=EDGE_CURVE('',#5634,#5641,#3400,.T.);
#6838=EDGE_CURVE('',#5642,#5631,#3401,.T.);
#6839=EDGE_CURVE('',#5641,#5642,#3402,.T.);
#6840=EDGE_CURVE('',#5632,#5643,#3403,.T.);
#6841=EDGE_CURVE('',#5643,#5643,#4913,.T.);
#6842=EDGE_CURVE('',#5635,#5642,#3404,.T.);
#6843=EDGE_CURVE('',#5644,#5644,#4914,.T.);
#6844=EDGE_CURVE('',#5644,#5645,#3405,.T.);
#6845=EDGE_CURVE('',#5645,#5645,#4915,.T.);
#6846=EDGE_CURVE('',#5646,#5646,#4916,.T.);
#6847=EDGE_CURVE('',#5647,#5647,#4917,.T.);
#6848=EDGE_CURVE('',#5647,#5648,#3406,.T.);
#6849=EDGE_CURVE('',#5648,#5648,#4918,.T.);
#6850=EDGE_CURVE('',#5649,#5649,#4919,.T.);
#6851=EDGE_CURVE('',#5649,#5650,#3407,.T.);
#6852=EDGE_CURVE('',#5650,#5650,#4920,.T.);
#6853=EDGE_CURVE('',#5651,#5651,#4921,.T.);
#6854=EDGE_CURVE('',#5651,#5652,#3408,.T.);
#6855=EDGE_CURVE('',#5652,#5652,#4922,.T.);
#6856=EDGE_CURVE('',#5653,#5653,#4923,.T.);
#6857=EDGE_CURVE('',#5653,#5646,#3409,.T.);
#6858=EDGE_CURVE('',#5654,#5654,#4924,.T.);
#6859=EDGE_CURVE('',#5654,#5655,#3410,.T.);
#6860=EDGE_CURVE('',#5655,#5655,#4925,.T.);
#6861=EDGE_CURVE('',#5656,#5657,#3411,.T.);
#6862=EDGE_CURVE('',#5657,#5658,#3412,.T.);
#6863=EDGE_CURVE('',#5659,#5658,#3413,.T.);
#6864=EDGE_CURVE('',#5656,#5659,#3414,.T.);
#6865=EDGE_CURVE('',#5660,#5656,#3415,.T.);
#6866=EDGE_CURVE('',#5661,#5659,#3416,.T.);
#6867=EDGE_CURVE('',#5660,#5661,#3417,.T.);
#6868=EDGE_CURVE('',#5662,#5660,#3418,.T.);
#6869=EDGE_CURVE('',#5663,#5661,#3419,.T.);
#6870=EDGE_CURVE('',#5662,#5663,#3420,.T.);
#6871=EDGE_CURVE('',#5657,#5662,#3421,.T.);
#6872=EDGE_CURVE('',#5658,#5663,#3422,.T.);
#6873=EDGE_CURVE('',#5664,#5665,#3423,.T.);
#6874=EDGE_CURVE('',#5665,#5666,#3424,.T.);
#6875=EDGE_CURVE('',#5667,#5666,#3425,.T.);
#6876=EDGE_CURVE('',#5664,#5667,#3426,.T.);
#6877=EDGE_CURVE('',#5668,#5664,#3427,.T.);
#6878=EDGE_CURVE('',#5669,#5667,#3428,.T.);
#6879=EDGE_CURVE('',#5668,#5669,#3429,.T.);
#6880=EDGE_CURVE('',#5670,#5668,#3430,.T.);
#6881=EDGE_CURVE('',#5671,#5669,#3431,.T.);
#6882=EDGE_CURVE('',#5670,#5671,#3432,.T.);
#6883=EDGE_CURVE('',#5665,#5670,#3433,.T.);
#6884=EDGE_CURVE('',#5666,#5671,#3434,.T.);
#6885=EDGE_CURVE('',#5672,#5673,#3435,.T.);
#6886=EDGE_CURVE('',#5673,#5674,#3436,.T.);
#6887=EDGE_CURVE('',#5675,#5674,#3437,.T.);
#6888=EDGE_CURVE('',#5672,#5675,#3438,.T.);
#6889=EDGE_CURVE('',#5676,#5672,#3439,.T.);
#6890=EDGE_CURVE('',#5677,#5675,#3440,.T.);
#6891=EDGE_CURVE('',#5676,#5677,#3441,.T.);
#6892=EDGE_CURVE('',#5678,#5676,#3442,.T.);
#6893=EDGE_CURVE('',#5679,#5677,#3443,.T.);
#6894=EDGE_CURVE('',#5678,#5679,#3444,.T.);
#6895=EDGE_CURVE('',#5673,#5678,#3445,.T.);
#6896=EDGE_CURVE('',#5674,#5679,#3446,.T.);
#6897=EDGE_CURVE('',#5680,#5680,#4926,.T.);
#6898=EDGE_CURVE('',#5680,#5681,#3447,.T.);
#6899=EDGE_CURVE('',#5681,#5681,#4927,.T.);
#6900=EDGE_CURVE('',#5682,#5682,#4928,.T.);
#6901=EDGE_CURVE('',#5682,#5683,#3448,.T.);
#6902=EDGE_CURVE('',#5683,#5683,#4929,.T.);
#6903=EDGE_CURVE('',#5684,#5685,#3449,.T.);
#6904=EDGE_CURVE('',#5684,#5686,#3450,.T.);
#6905=EDGE_CURVE('',#5687,#5686,#3451,.T.);
#6906=EDGE_CURVE('',#5685,#5687,#3452,.T.);
#6907=EDGE_CURVE('',#5685,#5688,#3453,.T.);
#6908=EDGE_CURVE('',#5689,#5687,#3454,.T.);
#6909=EDGE_CURVE('',#5688,#5689,#3455,.T.);
#6910=EDGE_CURVE('',#5688,#5690,#3456,.T.);
#6911=EDGE_CURVE('',#5691,#5689,#3457,.T.);
#6912=EDGE_CURVE('',#5690,#5691,#3458,.T.);
#6913=EDGE_CURVE('',#5690,#5684,#3459,.T.);
#6914=EDGE_CURVE('',#5686,#5691,#3460,.T.);
#6915=EDGE_CURVE('',#5692,#5692,#4930,.T.);
#6916=EDGE_CURVE('',#5692,#5693,#3461,.T.);
#6917=EDGE_CURVE('',#5693,#5693,#4931,.T.);
#6918=EDGE_CURVE('',#5694,#5694,#4932,.T.);
#6919=EDGE_CURVE('',#5694,#5695,#3462,.T.);
#6920=EDGE_CURVE('',#5695,#5695,#4933,.T.);
#6921=EDGE_CURVE('',#5696,#5697,#3463,.T.);
#6922=EDGE_CURVE('',#5696,#5698,#3464,.T.);
#6923=EDGE_CURVE('',#5699,#5698,#3465,.T.);
#6924=EDGE_CURVE('',#5697,#5699,#3466,.T.);
#6925=EDGE_CURVE('',#5697,#5700,#3467,.T.);
#6926=EDGE_CURVE('',#5701,#5699,#3468,.T.);
#6927=EDGE_CURVE('',#5700,#5701,#3469,.T.);
#6928=EDGE_CURVE('',#5700,#5702,#3470,.T.);
#6929=EDGE_CURVE('',#5703,#5701,#3471,.T.);
#6930=EDGE_CURVE('',#5702,#5703,#3472,.T.);
#6931=EDGE_CURVE('',#5702,#5696,#3473,.T.);
#6932=EDGE_CURVE('',#5698,#5703,#3474,.T.);
#6933=EDGE_CURVE('',#5704,#5705,#3475,.T.);
#6934=EDGE_CURVE('',#5705,#5706,#3476,.T.);
#6935=EDGE_CURVE('',#5707,#5706,#3477,.T.);
#6936=EDGE_CURVE('',#5704,#5707,#3478,.T.);
#6937=EDGE_CURVE('',#5708,#5704,#3479,.T.);
#6938=EDGE_CURVE('',#5709,#5707,#3480,.T.);
#6939=EDGE_CURVE('',#5708,#5709,#3481,.T.);
#6940=EDGE_CURVE('',#5710,#5708,#3482,.T.);
#6941=EDGE_CURVE('',#5711,#5709,#3483,.T.);
#6942=EDGE_CURVE('',#5710,#5711,#3484,.T.);
#6943=EDGE_CURVE('',#5705,#5710,#3485,.T.);
#6944=EDGE_CURVE('',#5706,#5711,#3486,.T.);
#6945=EDGE_CURVE('',#5712,#5713,#3487,.T.);
#6946=EDGE_CURVE('',#5714,#5712,#4934,.T.);
#6947=EDGE_CURVE('',#5715,#5714,#3488,.T.);
#6948=EDGE_CURVE('',#5713,#5715,#4935,.T.);
#6949=EDGE_CURVE('',#5716,#5717,#3489,.T.);
#6950=EDGE_CURVE('',#5718,#5716,#4936,.T.);
#6951=EDGE_CURVE('',#5719,#5718,#3490,.T.);
#6952=EDGE_CURVE('',#5717,#5719,#4937,.T.);
#6953=EDGE_CURVE('',#5720,#5713,#3491,.T.);
#6954=EDGE_CURVE('',#5721,#5720,#3492,.T.);
#6955=EDGE_CURVE('',#5721,#5712,#3493,.T.);
#6956=EDGE_CURVE('',#5714,#5722,#3494,.T.);
#6957=EDGE_CURVE('',#5722,#5723,#3495,.T.);
#6958=EDGE_CURVE('',#5715,#5723,#3496,.T.);
#6959=EDGE_CURVE('',#5724,#5721,#3497,.T.);
#6960=EDGE_CURVE('',#5717,#5724,#3498,.T.);
#6961=EDGE_CURVE('',#5725,#5719,#3499,.T.);
#6962=EDGE_CURVE('',#5722,#5725,#3500,.T.);
#6963=EDGE_CURVE('',#5724,#5726,#3501,.T.);
#6964=EDGE_CURVE('',#5716,#5726,#3502,.T.);
#6965=EDGE_CURVE('',#5727,#5718,#3503,.T.);
#6966=EDGE_CURVE('',#5725,#5727,#3504,.T.);
#6967=EDGE_CURVE('',#5723,#5727,#3505,.T.);
#6968=EDGE_CURVE('',#5726,#5720,#3506,.T.);
#6969=EDGE_CURVE('',#5728,#5728,#4938,.T.);
#6970=EDGE_CURVE('',#5728,#5729,#3507,.T.);
#6971=EDGE_CURVE('',#5729,#5729,#4939,.T.);
#6972=EDGE_CURVE('',#5730,#5731,#3508,.T.);
#6973=EDGE_CURVE('',#5731,#5732,#3509,.T.);
#6974=EDGE_CURVE('',#5733,#5732,#3510,.T.);
#6975=EDGE_CURVE('',#5730,#5733,#3511,.T.);
#6976=EDGE_CURVE('',#5734,#5730,#3512,.T.);
#6977=EDGE_CURVE('',#5735,#5733,#3513,.T.);
#6978=EDGE_CURVE('',#5734,#5735,#3514,.T.);
#6979=EDGE_CURVE('',#5736,#5734,#3515,.T.);
#6980=EDGE_CURVE('',#5737,#5735,#3516,.T.);
#6981=EDGE_CURVE('',#5736,#5737,#3517,.T.);
#6982=EDGE_CURVE('',#5731,#5736,#3518,.T.);
#6983=EDGE_CURVE('',#5732,#5737,#3519,.T.);
#6984=EDGE_CURVE('',#5738,#5738,#4940,.T.);
#6985=EDGE_CURVE('',#5738,#5739,#3520,.T.);
#6986=EDGE_CURVE('',#5739,#5739,#4941,.T.);
#6987=EDGE_CURVE('',#5740,#5741,#3521,.T.);
#6988=EDGE_CURVE('',#5741,#5742,#3522,.T.);
#6989=EDGE_CURVE('',#5743,#5742,#3523,.T.);
#6990=EDGE_CURVE('',#5740,#5743,#3524,.T.);
#6991=EDGE_CURVE('',#5744,#5740,#3525,.T.);
#6992=EDGE_CURVE('',#5745,#5743,#3526,.T.);
#6993=EDGE_CURVE('',#5744,#5745,#3527,.T.);
#6994=EDGE_CURVE('',#5746,#5744,#3528,.T.);
#6995=EDGE_CURVE('',#5747,#5745,#3529,.T.);
#6996=EDGE_CURVE('',#5746,#5747,#3530,.T.);
#6997=EDGE_CURVE('',#5741,#5746,#3531,.T.);
#6998=EDGE_CURVE('',#5742,#5747,#3532,.T.);
#6999=EDGE_CURVE('',#5748,#5749,#3533,.T.);
#7000=EDGE_CURVE('',#5750,#5748,#4942,.T.);
#7001=EDGE_CURVE('',#5751,#5750,#3534,.T.);
#7002=EDGE_CURVE('',#5749,#5751,#4943,.T.);
#7003=EDGE_CURVE('',#5752,#5753,#3535,.T.);
#7004=EDGE_CURVE('',#5754,#5752,#4944,.T.);
#7005=EDGE_CURVE('',#5755,#5754,#3536,.T.);
#7006=EDGE_CURVE('',#5753,#5755,#4945,.T.);
#7007=EDGE_CURVE('',#5756,#5749,#3537,.T.);
#7008=EDGE_CURVE('',#5757,#5756,#3538,.T.);
#7009=EDGE_CURVE('',#5757,#5748,#3539,.T.);
#7010=EDGE_CURVE('',#5750,#5758,#3540,.T.);
#7011=EDGE_CURVE('',#5758,#5759,#3541,.T.);
#7012=EDGE_CURVE('',#5751,#5759,#3542,.T.);
#7013=EDGE_CURVE('',#5760,#5757,#3543,.T.);
#7014=EDGE_CURVE('',#5753,#5760,#3544,.T.);
#7015=EDGE_CURVE('',#5761,#5755,#3545,.T.);
#7016=EDGE_CURVE('',#5758,#5761,#3546,.T.);
#7017=EDGE_CURVE('',#5760,#5762,#3547,.T.);
#7018=EDGE_CURVE('',#5752,#5762,#3548,.T.);
#7019=EDGE_CURVE('',#5763,#5754,#3549,.T.);
#7020=EDGE_CURVE('',#5761,#5763,#3550,.T.);
#7021=EDGE_CURVE('',#5759,#5763,#3551,.T.);
#7022=EDGE_CURVE('',#5762,#5756,#3552,.T.);
#7023=EDGE_CURVE('',#5764,#5764,#4946,.T.);
#7024=EDGE_CURVE('',#5764,#5765,#3553,.T.);
#7025=EDGE_CURVE('',#5765,#5765,#4947,.T.);
#7026=EDGE_CURVE('',#5766,#5767,#3554,.T.);
#7027=EDGE_CURVE('',#5767,#5768,#3555,.T.);
#7028=EDGE_CURVE('',#5769,#5768,#3556,.T.);
#7029=EDGE_CURVE('',#5766,#5769,#3557,.T.);
#7030=EDGE_CURVE('',#5770,#5766,#3558,.T.);
#7031=EDGE_CURVE('',#5771,#5769,#3559,.T.);
#7032=EDGE_CURVE('',#5770,#5771,#3560,.T.);
#7033=EDGE_CURVE('',#5772,#5770,#3561,.T.);
#7034=EDGE_CURVE('',#5773,#5771,#3562,.T.);
#7035=EDGE_CURVE('',#5772,#5773,#3563,.T.);
#7036=EDGE_CURVE('',#5767,#5772,#3564,.T.);
#7037=EDGE_CURVE('',#5768,#5773,#3565,.T.);
#7038=EDGE_CURVE('',#5774,#5774,#4948,.T.);
#7039=EDGE_CURVE('',#5774,#5775,#3566,.T.);
#7040=EDGE_CURVE('',#5775,#5775,#4949,.T.);
#7041=EDGE_CURVE('',#5776,#5777,#3567,.T.);
#7042=EDGE_CURVE('',#5777,#5778,#3568,.T.);
#7043=EDGE_CURVE('',#5779,#5778,#3569,.T.);
#7044=EDGE_CURVE('',#5776,#5779,#3570,.T.);
#7045=EDGE_CURVE('',#5780,#5776,#3571,.T.);
#7046=EDGE_CURVE('',#5781,#5779,#3572,.T.);
#7047=EDGE_CURVE('',#5780,#5781,#3573,.T.);
#7048=EDGE_CURVE('',#5782,#5780,#3574,.T.);
#7049=EDGE_CURVE('',#5783,#5781,#3575,.T.);
#7050=EDGE_CURVE('',#5782,#5783,#3576,.T.);
#7051=EDGE_CURVE('',#5777,#5782,#3577,.T.);
#7052=EDGE_CURVE('',#5778,#5783,#3578,.T.);
#7053=EDGE_CURVE('',#5784,#5785,#3579,.T.);
#7054=EDGE_CURVE('',#5786,#5784,#4950,.T.);
#7055=EDGE_CURVE('',#5787,#5786,#3580,.T.);
#7056=EDGE_CURVE('',#5785,#5787,#4951,.T.);
#7057=EDGE_CURVE('',#5788,#5786,#3581,.T.);
#7058=EDGE_CURVE('',#5789,#5788,#3582,.T.);
#7059=EDGE_CURVE('',#5787,#5789,#3583,.T.);
#7060=EDGE_CURVE('',#5784,#5790,#3584,.T.);
#7061=EDGE_CURVE('',#5790,#5788,#4952,.T.);
#7062=EDGE_CURVE('',#5791,#5785,#3585,.T.);
#7063=EDGE_CURVE('',#5790,#5791,#3586,.T.);
#7064=EDGE_CURVE('',#5791,#5789,#4953,.T.);
#7065=EDGE_CURVE('',#5792,#5793,#3587,.T.);
#7066=EDGE_CURVE('',#5794,#5792,#4954,.T.);
#7067=EDGE_CURVE('',#5795,#5794,#3588,.T.);
#7068=EDGE_CURVE('',#5793,#5795,#4955,.T.);
#7069=EDGE_CURVE('',#5796,#5794,#3589,.T.);
#7070=EDGE_CURVE('',#5797,#5796,#3590,.T.);
#7071=EDGE_CURVE('',#5795,#5797,#3591,.T.);
#7072=EDGE_CURVE('',#5792,#5798,#3592,.T.);
#7073=EDGE_CURVE('',#5798,#5796,#4956,.T.);
#7074=EDGE_CURVE('',#5799,#5793,#3593,.T.);
#7075=EDGE_CURVE('',#5798,#5799,#3594,.T.);
#7076=EDGE_CURVE('',#5799,#5797,#4957,.T.);
#7077=EDGE_CURVE('',#5800,#5800,#4958,.T.);
#7078=EDGE_CURVE('',#5800,#5801,#3595,.T.);
#7079=EDGE_CURVE('',#5801,#5801,#4959,.T.);
#7080=EDGE_CURVE('',#5802,#5802,#4960,.T.);
#7081=EDGE_CURVE('',#5802,#5803,#3596,.T.);
#7082=EDGE_CURVE('',#5803,#5803,#4961,.T.);
#7083=EDGE_CURVE('',#5804,#5804,#4962,.T.);
#7084=EDGE_CURVE('',#5804,#5805,#3597,.T.);
#7085=EDGE_CURVE('',#5805,#5805,#4963,.T.);
#7086=EDGE_CURVE('',#5806,#5806,#4964,.T.);
#7087=EDGE_CURVE('',#5806,#5807,#3598,.T.);
#7088=EDGE_CURVE('',#5807,#5807,#4965,.T.);
#7089=EDGE_CURVE('',#5808,#5808,#4966,.T.);
#7090=EDGE_CURVE('',#5808,#5809,#3599,.T.);
#7091=EDGE_CURVE('',#5809,#5809,#4967,.T.);
#7092=EDGE_CURVE('',#5810,#5810,#4968,.T.);
#7093=EDGE_CURVE('',#5810,#5811,#3600,.T.);
#7094=EDGE_CURVE('',#5811,#5811,#4969,.T.);
#7095=EDGE_CURVE('',#5812,#5812,#4970,.T.);
#7096=EDGE_CURVE('',#5812,#5813,#3601,.T.);
#7097=EDGE_CURVE('',#5813,#5813,#4971,.T.);
#7098=EDGE_CURVE('',#5814,#5815,#3602,.T.);
#7099=EDGE_CURVE('',#5815,#5816,#3603,.T.);
#7100=EDGE_CURVE('',#5817,#5816,#3604,.T.);
#7101=EDGE_CURVE('',#5814,#5817,#3605,.T.);
#7102=EDGE_CURVE('',#5818,#5814,#3606,.T.);
#7103=EDGE_CURVE('',#5819,#5817,#3607,.T.);
#7104=EDGE_CURVE('',#5818,#5819,#3608,.T.);
#7105=EDGE_CURVE('',#5820,#5818,#3609,.T.);
#7106=EDGE_CURVE('',#5821,#5819,#3610,.T.);
#7107=EDGE_CURVE('',#5820,#5821,#3611,.T.);
#7108=EDGE_CURVE('',#5815,#5820,#3612,.T.);
#7109=EDGE_CURVE('',#5816,#5821,#3613,.T.);
#7110=EDGE_CURVE('',#5822,#5823,#3614,.T.);
#7111=EDGE_CURVE('',#5822,#5824,#3615,.T.);
#7112=EDGE_CURVE('',#5825,#5824,#3616,.T.);
#7113=EDGE_CURVE('',#5823,#5825,#3617,.T.);
#7114=EDGE_CURVE('',#5826,#5822,#3618,.T.);
#7115=EDGE_CURVE('',#5827,#5826,#3619,.T.);
#7116=EDGE_CURVE('',#5824,#5827,#3620,.T.);
#7117=EDGE_CURVE('',#5828,#5825,#3621,.T.);
#7118=EDGE_CURVE('',#5828,#5829,#3622,.T.);
#7119=EDGE_CURVE('',#5829,#5823,#3623,.T.);
#7120=EDGE_CURVE('',#5830,#5827,#3624,.T.);
#7121=EDGE_CURVE('',#5831,#5830,#3625,.T.);
#7122=EDGE_CURVE('',#5831,#5828,#3626,.T.);
#7123=EDGE_CURVE('',#5832,#5832,#4972,.T.);
#7124=EDGE_CURVE('',#5833,#5833,#4973,.T.);
#7125=EDGE_CURVE('',#5834,#5834,#4974,.T.);
#7126=EDGE_CURVE('',#5835,#5835,#4975,.T.);
#7127=EDGE_CURVE('',#5836,#5836,#4976,.T.);
#7128=EDGE_CURVE('',#5837,#5837,#4977,.T.);
#7129=EDGE_CURVE('',#5837,#5838,#3627,.T.);
#7130=EDGE_CURVE('',#5838,#5838,#4978,.T.);
#7131=EDGE_CURVE('',#5839,#5839,#4979,.T.);
#7132=EDGE_CURVE('',#5839,#5840,#3628,.T.);
#7133=EDGE_CURVE('',#5840,#5840,#4980,.T.);
#7134=EDGE_CURVE('',#5832,#5841,#3629,.T.);
#7135=EDGE_CURVE('',#5841,#5841,#4981,.T.);
#7136=EDGE_CURVE('',#5833,#5842,#3630,.T.);
#7137=EDGE_CURVE('',#5842,#5842,#4982,.T.);
#7138=EDGE_CURVE('',#5834,#5843,#3631,.T.);
#7139=EDGE_CURVE('',#5843,#5843,#4983,.T.);
#7140=EDGE_CURVE('',#5835,#5844,#3632,.T.);
#7141=EDGE_CURVE('',#5844,#5844,#4984,.T.);
#7142=EDGE_CURVE('',#5836,#5845,#3633,.T.);
#7143=EDGE_CURVE('',#5845,#5845,#4985,.T.);
#7144=EDGE_CURVE('',#5846,#5831,#3634,.T.);
#7145=EDGE_CURVE('',#5847,#5830,#3635,.T.);
#7146=EDGE_CURVE('',#5846,#5847,#3636,.T.);
#7147=EDGE_CURVE('',#5829,#5846,#3637,.T.);
#7148=EDGE_CURVE('',#5826,#5847,#3638,.T.);
#7149=EDGE_CURVE('',#5848,#5848,#4986,.T.);
#7150=EDGE_CURVE('',#5848,#5849,#3639,.T.);
#7151=EDGE_CURVE('',#5849,#5849,#4987,.T.);
#7152=EDGE_CURVE('',#5850,#5850,#4988,.T.);
#7153=EDGE_CURVE('',#5850,#5851,#3640,.T.);
#7154=EDGE_CURVE('',#5851,#5851,#4989,.T.);
#7155=EDGE_CURVE('',#5852,#5852,#4990,.T.);
#7156=EDGE_CURVE('',#5852,#5853,#3641,.T.);
#7157=EDGE_CURVE('',#5853,#5853,#4991,.T.);
#7158=EDGE_CURVE('',#5854,#5854,#4992,.T.);
#7159=EDGE_CURVE('',#5854,#5855,#3642,.T.);
#7160=EDGE_CURVE('',#5855,#5855,#4993,.T.);
#7161=EDGE_CURVE('',#5856,#5856,#4994,.T.);
#7162=EDGE_CURVE('',#5856,#5857,#3643,.T.);
#7163=EDGE_CURVE('',#5857,#5857,#4995,.T.);
#7164=EDGE_CURVE('',#5858,#5858,#4996,.T.);
#7165=EDGE_CURVE('',#5858,#5859,#3644,.T.);
#7166=EDGE_CURVE('',#5859,#5859,#4997,.T.);
#7167=EDGE_CURVE('',#5860,#5860,#4998,.T.);
#7168=EDGE_CURVE('',#5860,#5861,#3645,.T.);
#7169=EDGE_CURVE('',#5861,#5861,#4999,.T.);
#7170=EDGE_CURVE('',#5862,#5862,#5000,.T.);
#7171=EDGE_CURVE('',#5862,#5863,#3646,.T.);
#7172=EDGE_CURVE('',#5863,#5863,#5001,.T.);
#7173=EDGE_CURVE('',#5864,#5864,#5002,.T.);
#7174=EDGE_CURVE('',#5864,#5865,#3647,.T.);
#7175=EDGE_CURVE('',#5865,#5865,#5003,.T.);
#7176=EDGE_CURVE('',#5866,#5866,#5004,.T.);
#7177=EDGE_CURVE('',#5866,#5867,#3648,.T.);
#7178=EDGE_CURVE('',#5867,#5867,#5005,.T.);
#7179=EDGE_CURVE('',#5868,#5868,#5006,.T.);
#7180=EDGE_CURVE('',#5868,#5869,#3649,.T.);
#7181=EDGE_CURVE('',#5869,#5869,#5007,.T.);
#7182=EDGE_CURVE('',#5870,#5871,#3650,.T.);
#7183=EDGE_CURVE('',#5871,#5872,#3651,.T.);
#7184=EDGE_CURVE('',#5873,#5872,#3652,.T.);
#7185=EDGE_CURVE('',#5870,#5873,#3653,.T.);
#7186=EDGE_CURVE('',#5874,#5870,#3654,.T.);
#7187=EDGE_CURVE('',#5875,#5873,#3655,.T.);
#7188=EDGE_CURVE('',#5874,#5875,#3656,.T.);
#7189=EDGE_CURVE('',#5876,#5874,#3657,.T.);
#7190=EDGE_CURVE('',#5877,#5875,#3658,.T.);
#7191=EDGE_CURVE('',#5876,#5877,#3659,.T.);
#7192=EDGE_CURVE('',#5871,#5876,#3660,.T.);
#7193=EDGE_CURVE('',#5872,#5877,#3661,.T.);
#7194=EDGE_CURVE('',#5878,#5879,#3662,.T.);
#7195=EDGE_CURVE('',#5878,#5880,#3663,.T.);
#7196=EDGE_CURVE('',#5881,#5880,#3664,.T.);
#7197=EDGE_CURVE('',#5879,#5881,#3665,.T.);
#7198=EDGE_CURVE('',#5882,#5878,#3666,.T.);
#7199=EDGE_CURVE('',#5883,#5882,#3667,.T.);
#7200=EDGE_CURVE('',#5880,#5883,#3668,.T.);
#7201=EDGE_CURVE('',#5884,#5881,#3669,.T.);
#7202=EDGE_CURVE('',#5884,#5885,#3670,.T.);
#7203=EDGE_CURVE('',#5885,#5879,#3671,.T.);
#7204=EDGE_CURVE('',#5886,#5883,#3672,.T.);
#7205=EDGE_CURVE('',#5887,#5886,#3673,.T.);
#7206=EDGE_CURVE('',#5887,#5884,#3674,.T.);
#7207=EDGE_CURVE('',#5888,#5888,#5008,.T.);
#7208=EDGE_CURVE('',#5889,#5889,#5009,.T.);
#7209=EDGE_CURVE('',#5890,#5890,#5010,.T.);
#7210=EDGE_CURVE('',#5891,#5891,#5011,.T.);
#7211=EDGE_CURVE('',#5892,#5892,#5012,.T.);
#7212=EDGE_CURVE('',#5893,#5893,#5013,.T.);
#7213=EDGE_CURVE('',#5893,#5894,#3675,.T.);
#7214=EDGE_CURVE('',#5894,#5894,#5014,.T.);
#7215=EDGE_CURVE('',#5895,#5895,#5015,.T.);
#7216=EDGE_CURVE('',#5895,#5896,#3676,.T.);
#7217=EDGE_CURVE('',#5896,#5896,#5016,.T.);
#7218=EDGE_CURVE('',#5888,#5897,#3677,.T.);
#7219=EDGE_CURVE('',#5897,#5897,#5017,.T.);
#7220=EDGE_CURVE('',#5889,#5898,#3678,.T.);
#7221=EDGE_CURVE('',#5898,#5898,#5018,.T.);
#7222=EDGE_CURVE('',#5890,#5899,#3679,.T.);
#7223=EDGE_CURVE('',#5899,#5899,#5019,.T.);
#7224=EDGE_CURVE('',#5891,#5900,#3680,.T.);
#7225=EDGE_CURVE('',#5900,#5900,#5020,.T.);
#7226=EDGE_CURVE('',#5892,#5901,#3681,.T.);
#7227=EDGE_CURVE('',#5901,#5901,#5021,.T.);
#7228=EDGE_CURVE('',#5902,#5887,#3682,.T.);
#7229=EDGE_CURVE('',#5903,#5886,#3683,.T.);
#7230=EDGE_CURVE('',#5902,#5903,#3684,.T.);
#7231=EDGE_CURVE('',#5885,#5902,#3685,.T.);
#7232=EDGE_CURVE('',#5882,#5903,#3686,.T.);
#7233=EDGE_CURVE('',#5904,#5904,#5022,.T.);
#7234=EDGE_CURVE('',#5904,#5905,#3687,.T.);
#7235=EDGE_CURVE('',#5905,#5905,#5023,.T.);
#7236=EDGE_CURVE('',#5906,#5906,#5024,.T.);
#7237=EDGE_CURVE('',#5906,#5907,#3688,.T.);
#7238=EDGE_CURVE('',#5907,#5907,#5025,.T.);
#7239=EDGE_CURVE('',#5908,#5908,#5026,.T.);
#7240=EDGE_CURVE('',#5908,#5909,#3689,.T.);
#7241=EDGE_CURVE('',#5909,#5909,#5027,.T.);
#7242=EDGE_CURVE('',#5910,#5910,#5028,.T.);
#7243=EDGE_CURVE('',#5910,#5911,#3690,.T.);
#7244=EDGE_CURVE('',#5911,#5911,#5029,.T.);
#7245=EDGE_CURVE('',#5912,#5912,#5030,.T.);
#7246=EDGE_CURVE('',#5912,#5913,#3691,.T.);
#7247=EDGE_CURVE('',#5913,#5913,#5031,.T.);
#7248=EDGE_CURVE('',#5914,#5914,#5032,.T.);
#7249=EDGE_CURVE('',#5914,#5915,#3692,.T.);
#7250=EDGE_CURVE('',#5915,#5915,#5033,.T.);
#7251=EDGE_CURVE('',#5916,#5917,#3693,.T.);
#7252=EDGE_CURVE('',#5917,#5918,#3694,.T.);
#7253=EDGE_CURVE('',#5919,#5918,#3695,.T.);
#7254=EDGE_CURVE('',#5916,#5919,#3696,.T.);
#7255=EDGE_CURVE('',#5920,#5916,#3697,.T.);
#7256=EDGE_CURVE('',#5921,#5919,#3698,.T.);
#7257=EDGE_CURVE('',#5920,#5921,#3699,.T.);
#7258=EDGE_CURVE('',#5922,#5920,#3700,.T.);
#7259=EDGE_CURVE('',#5923,#5921,#3701,.T.);
#7260=EDGE_CURVE('',#5922,#5923,#3702,.T.);
#7261=EDGE_CURVE('',#5917,#5922,#3703,.T.);
#7262=EDGE_CURVE('',#5918,#5923,#3704,.T.);
#7263=EDGE_CURVE('',#5924,#5924,#5034,.T.);
#7264=EDGE_CURVE('',#5924,#5925,#3705,.T.);
#7265=EDGE_CURVE('',#5925,#5925,#5035,.T.);
#7266=EDGE_CURVE('',#5926,#5926,#5036,.T.);
#7267=EDGE_CURVE('',#5926,#5927,#3706,.T.);
#7268=EDGE_CURVE('',#5927,#5927,#5037,.T.);
#7269=EDGE_CURVE('',#5928,#5929,#3707,.T.);
#7270=EDGE_CURVE('',#5929,#5930,#3708,.T.);
#7271=EDGE_CURVE('',#5931,#5930,#3709,.T.);
#7272=EDGE_CURVE('',#5928,#5931,#3710,.T.);
#7273=EDGE_CURVE('',#5932,#5928,#3711,.T.);
#7274=EDGE_CURVE('',#5933,#5931,#3712,.T.);
#7275=EDGE_CURVE('',#5932,#5933,#3713,.T.);
#7276=EDGE_CURVE('',#5934,#5932,#3714,.T.);
#7277=EDGE_CURVE('',#5935,#5933,#3715,.T.);
#7278=EDGE_CURVE('',#5934,#5935,#3716,.T.);
#7279=EDGE_CURVE('',#5929,#5934,#3717,.T.);
#7280=EDGE_CURVE('',#5930,#5935,#3718,.T.);
#7281=ORIENTED_EDGE('',*,*,#5936,.F.);
#7282=ORIENTED_EDGE('',*,*,#5937,.T.);
#7283=ORIENTED_EDGE('',*,*,#5938,.F.);
#7284=ORIENTED_EDGE('',*,*,#5937,.F.);
#7285=ORIENTED_EDGE('',*,*,#5939,.F.);
#7286=ORIENTED_EDGE('',*,*,#5940,.T.);
#7287=ORIENTED_EDGE('',*,*,#5941,.F.);
#7288=ORIENTED_EDGE('',*,*,#5940,.F.);
#7289=ORIENTED_EDGE('',*,*,#5942,.F.);
#7290=ORIENTED_EDGE('',*,*,#5943,.T.);
#7291=ORIENTED_EDGE('',*,*,#5944,.F.);
#7292=ORIENTED_EDGE('',*,*,#5943,.F.);
#7293=ORIENTED_EDGE('',*,*,#5945,.F.);
#7294=ORIENTED_EDGE('',*,*,#5946,.T.);
#7295=ORIENTED_EDGE('',*,*,#5947,.F.);
#7296=ORIENTED_EDGE('',*,*,#5946,.F.);
#7297=ORIENTED_EDGE('',*,*,#5948,.F.);
#7298=ORIENTED_EDGE('',*,*,#5949,.F.);
#7299=ORIENTED_EDGE('',*,*,#5950,.F.);
#7300=ORIENTED_EDGE('',*,*,#5951,.F.);
#7301=ORIENTED_EDGE('',*,*,#5952,.F.);
#7302=ORIENTED_EDGE('',*,*,#5953,.F.);
#7303=ORIENTED_EDGE('',*,*,#5954,.F.);
#7304=ORIENTED_EDGE('',*,*,#5955,.F.);
#7305=ORIENTED_EDGE('',*,*,#5950,.T.);
#7306=ORIENTED_EDGE('',*,*,#5956,.F.);
#7307=ORIENTED_EDGE('',*,*,#5948,.T.);
#7308=ORIENTED_EDGE('',*,*,#5957,.F.);
#7309=ORIENTED_EDGE('',*,*,#5954,.T.);
#7310=ORIENTED_EDGE('',*,*,#5958,.F.);
#7311=ORIENTED_EDGE('',*,*,#5952,.T.);
#7312=ORIENTED_EDGE('',*,*,#5959,.F.);
#7313=ORIENTED_EDGE('',*,*,#5960,.F.);
#7314=ORIENTED_EDGE('',*,*,#5961,.F.);
#7315=ORIENTED_EDGE('',*,*,#5962,.F.);
#7316=ORIENTED_EDGE('',*,*,#5963,.F.);
#7317=ORIENTED_EDGE('',*,*,#5964,.F.);
#7318=ORIENTED_EDGE('',*,*,#5965,.F.);
#7319=ORIENTED_EDGE('',*,*,#5966,.F.);
#7320=ORIENTED_EDGE('',*,*,#5967,.F.);
#7321=ORIENTED_EDGE('',*,*,#5962,.T.);
#7322=ORIENTED_EDGE('',*,*,#5968,.F.);
#7323=ORIENTED_EDGE('',*,*,#5960,.T.);
#7324=ORIENTED_EDGE('',*,*,#5969,.F.);
#7325=ORIENTED_EDGE('',*,*,#5966,.T.);
#7326=ORIENTED_EDGE('',*,*,#5970,.F.);
#7327=ORIENTED_EDGE('',*,*,#5964,.T.);
#7328=ORIENTED_EDGE('',*,*,#5971,.F.);
#7329=ORIENTED_EDGE('',*,*,#5972,.F.);
#7330=ORIENTED_EDGE('',*,*,#5973,.T.);
#7331=ORIENTED_EDGE('',*,*,#5974,.F.);
#7332=ORIENTED_EDGE('',*,*,#5973,.F.);
#7333=ORIENTED_EDGE('',*,*,#5975,.F.);
#7334=ORIENTED_EDGE('',*,*,#5976,.T.);
#7335=ORIENTED_EDGE('',*,*,#5977,.F.);
#7336=ORIENTED_EDGE('',*,*,#5976,.F.);
#7337=ORIENTED_EDGE('',*,*,#5978,.F.);
#7338=ORIENTED_EDGE('',*,*,#5979,.T.);
#7339=ORIENTED_EDGE('',*,*,#5980,.F.);
#7340=ORIENTED_EDGE('',*,*,#5979,.F.);
#7341=ORIENTED_EDGE('',*,*,#5981,.F.);
#7342=ORIENTED_EDGE('',*,*,#5982,.T.);
#7343=ORIENTED_EDGE('',*,*,#5983,.F.);
#7344=ORIENTED_EDGE('',*,*,#5982,.F.);
#7345=ORIENTED_EDGE('',*,*,#5984,.F.);
#7346=ORIENTED_EDGE('',*,*,#5985,.T.);
#7347=ORIENTED_EDGE('',*,*,#5986,.F.);
#7348=ORIENTED_EDGE('',*,*,#5985,.F.);
#7349=ORIENTED_EDGE('',*,*,#5987,.F.);
#7350=ORIENTED_EDGE('',*,*,#5988,.T.);
#7351=ORIENTED_EDGE('',*,*,#5989,.F.);
#7352=ORIENTED_EDGE('',*,*,#5988,.F.);
#7353=ORIENTED_EDGE('',*,*,#5990,.F.);
#7354=ORIENTED_EDGE('',*,*,#5991,.T.);
#7355=ORIENTED_EDGE('',*,*,#5992,.F.);
#7356=ORIENTED_EDGE('',*,*,#5991,.F.);
#7357=ORIENTED_EDGE('',*,*,#5993,.F.);
#7358=ORIENTED_EDGE('',*,*,#5994,.T.);
#7359=ORIENTED_EDGE('',*,*,#5995,.F.);
#7360=ORIENTED_EDGE('',*,*,#5994,.F.);
#7361=ORIENTED_EDGE('',*,*,#5996,.F.);
#7362=ORIENTED_EDGE('',*,*,#5997,.T.);
#7363=ORIENTED_EDGE('',*,*,#5998,.F.);
#7364=ORIENTED_EDGE('',*,*,#5997,.F.);
#7365=ORIENTED_EDGE('',*,*,#5999,.F.);
#7366=ORIENTED_EDGE('',*,*,#6000,.T.);
#7367=ORIENTED_EDGE('',*,*,#6001,.F.);
#7368=ORIENTED_EDGE('',*,*,#6000,.F.);
#7369=ORIENTED_EDGE('',*,*,#6002,.F.);
#7370=ORIENTED_EDGE('',*,*,#6003,.T.);
#7371=ORIENTED_EDGE('',*,*,#6004,.F.);
#7372=ORIENTED_EDGE('',*,*,#6003,.F.);
#7373=ORIENTED_EDGE('',*,*,#6005,.F.);
#7374=ORIENTED_EDGE('',*,*,#6006,.T.);
#7375=ORIENTED_EDGE('',*,*,#6007,.F.);
#7376=ORIENTED_EDGE('',*,*,#6006,.F.);
#7377=ORIENTED_EDGE('',*,*,#6008,.F.);
#7378=ORIENTED_EDGE('',*,*,#6009,.T.);
#7379=ORIENTED_EDGE('',*,*,#6010,.F.);
#7380=ORIENTED_EDGE('',*,*,#6009,.F.);
#7381=ORIENTED_EDGE('',*,*,#6011,.F.);
#7382=ORIENTED_EDGE('',*,*,#6012,.T.);
#7383=ORIENTED_EDGE('',*,*,#6013,.F.);
#7384=ORIENTED_EDGE('',*,*,#6012,.F.);
#7385=ORIENTED_EDGE('',*,*,#6014,.F.);
#7386=ORIENTED_EDGE('',*,*,#6015,.T.);
#7387=ORIENTED_EDGE('',*,*,#6016,.F.);
#7388=ORIENTED_EDGE('',*,*,#6015,.F.);
#7389=ORIENTED_EDGE('',*,*,#6017,.F.);
#7390=ORIENTED_EDGE('',*,*,#6018,.T.);
#7391=ORIENTED_EDGE('',*,*,#6019,.F.);
#7392=ORIENTED_EDGE('',*,*,#6018,.F.);
#7393=ORIENTED_EDGE('',*,*,#6020,.F.);
#7394=ORIENTED_EDGE('',*,*,#6021,.F.);
#7395=ORIENTED_EDGE('',*,*,#6022,.F.);
#7396=ORIENTED_EDGE('',*,*,#6023,.T.);
#7397=ORIENTED_EDGE('',*,*,#6024,.F.);
#7398=ORIENTED_EDGE('',*,*,#6025,.T.);
#7399=ORIENTED_EDGE('',*,*,#6026,.F.);
#7400=ORIENTED_EDGE('',*,*,#6027,.F.);
#7401=ORIENTED_EDGE('',*,*,#6028,.F.);
#7402=ORIENTED_EDGE('',*,*,#6025,.F.);
#7403=ORIENTED_EDGE('',*,*,#6029,.F.);
#7404=ORIENTED_EDGE('',*,*,#6021,.T.);
#7405=ORIENTED_EDGE('',*,*,#6030,.F.);
#7406=ORIENTED_EDGE('',*,*,#6027,.T.);
#7407=ORIENTED_EDGE('',*,*,#6031,.F.);
#7408=ORIENTED_EDGE('',*,*,#6023,.F.);
#7409=ORIENTED_EDGE('',*,*,#6032,.F.);
#7410=ORIENTED_EDGE('',*,*,#6033,.F.);
#7411=ORIENTED_EDGE('',*,*,#6034,.F.);
#7412=ORIENTED_EDGE('',*,*,#6035,.T.);
#7413=ORIENTED_EDGE('',*,*,#6036,.F.);
#7414=ORIENTED_EDGE('',*,*,#6037,.T.);
#7415=ORIENTED_EDGE('',*,*,#6038,.F.);
#7416=ORIENTED_EDGE('',*,*,#6039,.F.);
#7417=ORIENTED_EDGE('',*,*,#6040,.F.);
#7418=ORIENTED_EDGE('',*,*,#6037,.F.);
#7419=ORIENTED_EDGE('',*,*,#6041,.F.);
#7420=ORIENTED_EDGE('',*,*,#6033,.T.);
#7421=ORIENTED_EDGE('',*,*,#6042,.F.);
#7422=ORIENTED_EDGE('',*,*,#6039,.T.);
#7423=ORIENTED_EDGE('',*,*,#6043,.F.);
#7424=ORIENTED_EDGE('',*,*,#6035,.F.);
#7425=ORIENTED_EDGE('',*,*,#6044,.F.);
#7426=ORIENTED_EDGE('',*,*,#6045,.F.);
#7427=ORIENTED_EDGE('',*,*,#6046,.F.);
#7428=ORIENTED_EDGE('',*,*,#6047,.T.);
#7429=ORIENTED_EDGE('',*,*,#6048,.F.);
#7430=ORIENTED_EDGE('',*,*,#6049,.T.);
#7431=ORIENTED_EDGE('',*,*,#6050,.F.);
#7432=ORIENTED_EDGE('',*,*,#6051,.F.);
#7433=ORIENTED_EDGE('',*,*,#6052,.F.);
#7434=ORIENTED_EDGE('',*,*,#6049,.F.);
#7435=ORIENTED_EDGE('',*,*,#6053,.F.);
#7436=ORIENTED_EDGE('',*,*,#6045,.T.);
#7437=ORIENTED_EDGE('',*,*,#6054,.F.);
#7438=ORIENTED_EDGE('',*,*,#6051,.T.);
#7439=ORIENTED_EDGE('',*,*,#6055,.F.);
#7440=ORIENTED_EDGE('',*,*,#6047,.F.);
#7441=ORIENTED_EDGE('',*,*,#6056,.F.);
#7442=ORIENTED_EDGE('',*,*,#6057,.F.);
#7443=ORIENTED_EDGE('',*,*,#6058,.F.);
#7444=ORIENTED_EDGE('',*,*,#6059,.T.);
#7445=ORIENTED_EDGE('',*,*,#6060,.F.);
#7446=ORIENTED_EDGE('',*,*,#6061,.T.);
#7447=ORIENTED_EDGE('',*,*,#6062,.F.);
#7448=ORIENTED_EDGE('',*,*,#6063,.F.);
#7449=ORIENTED_EDGE('',*,*,#6064,.F.);
#7450=ORIENTED_EDGE('',*,*,#6061,.F.);
#7451=ORIENTED_EDGE('',*,*,#6065,.F.);
#7452=ORIENTED_EDGE('',*,*,#6057,.T.);
#7453=ORIENTED_EDGE('',*,*,#6066,.F.);
#7454=ORIENTED_EDGE('',*,*,#6063,.T.);
#7455=ORIENTED_EDGE('',*,*,#6067,.F.);
#7456=ORIENTED_EDGE('',*,*,#6059,.F.);
#7457=ORIENTED_EDGE('',*,*,#6068,.F.);
#7458=ORIENTED_EDGE('',*,*,#6069,.T.);
#7459=ORIENTED_EDGE('',*,*,#6070,.F.);
#7460=ORIENTED_EDGE('',*,*,#6069,.F.);
#7461=ORIENTED_EDGE('',*,*,#6071,.F.);
#7462=ORIENTED_EDGE('',*,*,#6072,.T.);
#7463=ORIENTED_EDGE('',*,*,#6073,.F.);
#7464=ORIENTED_EDGE('',*,*,#6072,.F.);
#7465=ORIENTED_EDGE('',*,*,#6074,.F.);
#7466=ORIENTED_EDGE('',*,*,#6075,.T.);
#7467=ORIENTED_EDGE('',*,*,#6076,.F.);
#7468=ORIENTED_EDGE('',*,*,#6075,.F.);
#7469=ORIENTED_EDGE('',*,*,#6077,.F.);
#7470=ORIENTED_EDGE('',*,*,#6078,.T.);
#7471=ORIENTED_EDGE('',*,*,#6079,.F.);
#7472=ORIENTED_EDGE('',*,*,#6078,.F.);
#7473=ORIENTED_EDGE('',*,*,#6080,.F.);
#7474=ORIENTED_EDGE('',*,*,#6081,.T.);
#7475=ORIENTED_EDGE('',*,*,#6082,.F.);
#7476=ORIENTED_EDGE('',*,*,#6081,.F.);
#7477=ORIENTED_EDGE('',*,*,#6083,.F.);
#7478=ORIENTED_EDGE('',*,*,#6084,.T.);
#7479=ORIENTED_EDGE('',*,*,#6085,.F.);
#7480=ORIENTED_EDGE('',*,*,#6084,.F.);
#7481=ORIENTED_EDGE('',*,*,#6086,.F.);
#7482=ORIENTED_EDGE('',*,*,#6087,.T.);
#7483=ORIENTED_EDGE('',*,*,#6088,.F.);
#7484=ORIENTED_EDGE('',*,*,#6087,.F.);
#7485=ORIENTED_EDGE('',*,*,#6089,.F.);
#7486=ORIENTED_EDGE('',*,*,#6090,.T.);
#7487=ORIENTED_EDGE('',*,*,#6091,.F.);
#7488=ORIENTED_EDGE('',*,*,#6090,.F.);
#7489=ORIENTED_EDGE('',*,*,#6092,.F.);
#7490=ORIENTED_EDGE('',*,*,#6093,.T.);
#7491=ORIENTED_EDGE('',*,*,#6094,.F.);
#7492=ORIENTED_EDGE('',*,*,#6093,.F.);
#7493=ORIENTED_EDGE('',*,*,#6095,.F.);
#7494=ORIENTED_EDGE('',*,*,#6096,.T.);
#7495=ORIENTED_EDGE('',*,*,#6097,.F.);
#7496=ORIENTED_EDGE('',*,*,#6096,.F.);
#7497=ORIENTED_EDGE('',*,*,#6098,.F.);
#7498=ORIENTED_EDGE('',*,*,#6099,.T.);
#7499=ORIENTED_EDGE('',*,*,#6100,.F.);
#7500=ORIENTED_EDGE('',*,*,#6099,.F.);
#7501=ORIENTED_EDGE('',*,*,#6101,.F.);
#7502=ORIENTED_EDGE('',*,*,#6102,.T.);
#7503=ORIENTED_EDGE('',*,*,#6103,.F.);
#7504=ORIENTED_EDGE('',*,*,#6102,.F.);
#7505=ORIENTED_EDGE('',*,*,#6104,.F.);
#7506=ORIENTED_EDGE('',*,*,#6105,.T.);
#7507=ORIENTED_EDGE('',*,*,#6106,.F.);
#7508=ORIENTED_EDGE('',*,*,#6105,.F.);
#7509=ORIENTED_EDGE('',*,*,#6107,.F.);
#7510=ORIENTED_EDGE('',*,*,#6108,.T.);
#7511=ORIENTED_EDGE('',*,*,#6109,.F.);
#7512=ORIENTED_EDGE('',*,*,#6108,.F.);
#7513=ORIENTED_EDGE('',*,*,#6110,.F.);
#7514=ORIENTED_EDGE('',*,*,#6111,.T.);
#7515=ORIENTED_EDGE('',*,*,#6112,.F.);
#7516=ORIENTED_EDGE('',*,*,#6111,.F.);
#7517=ORIENTED_EDGE('',*,*,#6113,.F.);
#7518=ORIENTED_EDGE('',*,*,#6114,.T.);
#7519=ORIENTED_EDGE('',*,*,#6115,.F.);
#7520=ORIENTED_EDGE('',*,*,#6114,.F.);
#7521=ORIENTED_EDGE('',*,*,#6116,.F.);
#7522=ORIENTED_EDGE('',*,*,#6117,.T.);
#7523=ORIENTED_EDGE('',*,*,#6118,.F.);
#7524=ORIENTED_EDGE('',*,*,#6117,.F.);
#7525=ORIENTED_EDGE('',*,*,#6119,.F.);
#7526=ORIENTED_EDGE('',*,*,#6120,.T.);
#7527=ORIENTED_EDGE('',*,*,#6121,.F.);
#7528=ORIENTED_EDGE('',*,*,#6120,.F.);
#7529=ORIENTED_EDGE('',*,*,#6122,.F.);
#7530=ORIENTED_EDGE('',*,*,#6123,.T.);
#7531=ORIENTED_EDGE('',*,*,#6124,.F.);
#7532=ORIENTED_EDGE('',*,*,#6125,.F.);
#7533=ORIENTED_EDGE('',*,*,#6126,.F.);
#7534=ORIENTED_EDGE('',*,*,#6127,.T.);
#7535=ORIENTED_EDGE('',*,*,#6128,.F.);
#7536=ORIENTED_EDGE('',*,*,#6123,.F.);
#7537=ORIENTED_EDGE('',*,*,#6129,.F.);
#7538=ORIENTED_EDGE('',*,*,#6130,.F.);
#7539=ORIENTED_EDGE('',*,*,#6131,.F.);
#7540=ORIENTED_EDGE('',*,*,#6127,.F.);
#7541=ORIENTED_EDGE('',*,*,#6129,.T.);
#7542=ORIENTED_EDGE('',*,*,#6126,.T.);
#7543=ORIENTED_EDGE('',*,*,#6122,.T.);
#7544=ORIENTED_EDGE('',*,*,#6132,.T.);
#7545=ORIENTED_EDGE('',*,*,#6133,.T.);
#7546=ORIENTED_EDGE('',*,*,#6134,.T.);
#7547=ORIENTED_EDGE('',*,*,#6135,.T.);
#7548=ORIENTED_EDGE('',*,*,#6136,.T.);
#7549=ORIENTED_EDGE('',*,*,#6137,.T.);
#7550=ORIENTED_EDGE('',*,*,#6138,.T.);
#7551=ORIENTED_EDGE('',*,*,#6139,.T.);
#7552=ORIENTED_EDGE('',*,*,#6140,.T.);
#7553=ORIENTED_EDGE('',*,*,#5972,.T.);
#7554=ORIENTED_EDGE('',*,*,#5975,.T.);
#7555=ORIENTED_EDGE('',*,*,#5984,.T.);
#7556=ORIENTED_EDGE('',*,*,#5987,.T.);
#7557=ORIENTED_EDGE('',*,*,#5996,.T.);
#7558=ORIENTED_EDGE('',*,*,#5999,.T.);
#7559=ORIENTED_EDGE('',*,*,#6008,.T.);
#7560=ORIENTED_EDGE('',*,*,#6011,.T.);
#7561=ORIENTED_EDGE('',*,*,#6024,.T.);
#7562=ORIENTED_EDGE('',*,*,#6030,.T.);
#7563=ORIENTED_EDGE('',*,*,#6022,.T.);
#7564=ORIENTED_EDGE('',*,*,#6029,.T.);
#7565=ORIENTED_EDGE('',*,*,#6048,.T.);
#7566=ORIENTED_EDGE('',*,*,#6054,.T.);
#7567=ORIENTED_EDGE('',*,*,#6046,.T.);
#7568=ORIENTED_EDGE('',*,*,#6053,.T.);
#7569=ORIENTED_EDGE('',*,*,#6068,.T.);
#7570=ORIENTED_EDGE('',*,*,#6071,.T.);
#7571=ORIENTED_EDGE('',*,*,#5949,.T.);
#7572=ORIENTED_EDGE('',*,*,#5956,.T.);
#7573=ORIENTED_EDGE('',*,*,#6086,.T.);
#7574=ORIENTED_EDGE('',*,*,#6089,.T.);
#7575=ORIENTED_EDGE('',*,*,#5953,.T.);
#7576=ORIENTED_EDGE('',*,*,#5958,.T.);
#7577=ORIENTED_EDGE('',*,*,#6119,.T.);
#7578=ORIENTED_EDGE('',*,*,#6116,.T.);
#7579=ORIENTED_EDGE('',*,*,#6113,.T.);
#7580=ORIENTED_EDGE('',*,*,#6110,.T.);
#7581=ORIENTED_EDGE('',*,*,#6107,.T.);
#7582=ORIENTED_EDGE('',*,*,#6104,.T.);
#7583=ORIENTED_EDGE('',*,*,#6101,.T.);
#7584=ORIENTED_EDGE('',*,*,#6098,.T.);
#7585=ORIENTED_EDGE('',*,*,#6095,.T.);
#7586=ORIENTED_EDGE('',*,*,#5961,.T.);
#7587=ORIENTED_EDGE('',*,*,#5968,.T.);
#7588=ORIENTED_EDGE('',*,*,#5965,.T.);
#7589=ORIENTED_EDGE('',*,*,#5970,.T.);
#7590=ORIENTED_EDGE('',*,*,#6092,.T.);
#7591=ORIENTED_EDGE('',*,*,#6083,.T.);
#7592=ORIENTED_EDGE('',*,*,#6080,.T.);
#7593=ORIENTED_EDGE('',*,*,#6077,.T.);
#7594=ORIENTED_EDGE('',*,*,#6074,.T.);
#7595=ORIENTED_EDGE('',*,*,#6060,.T.);
#7596=ORIENTED_EDGE('',*,*,#6066,.T.);
#7597=ORIENTED_EDGE('',*,*,#6058,.T.);
#7598=ORIENTED_EDGE('',*,*,#6065,.T.);
#7599=ORIENTED_EDGE('',*,*,#6036,.T.);
#7600=ORIENTED_EDGE('',*,*,#6042,.T.);
#7601=ORIENTED_EDGE('',*,*,#6034,.T.);
#7602=ORIENTED_EDGE('',*,*,#6041,.T.);
#7603=ORIENTED_EDGE('',*,*,#6017,.T.);
#7604=ORIENTED_EDGE('',*,*,#6014,.T.);
#7605=ORIENTED_EDGE('',*,*,#6005,.T.);
#7606=ORIENTED_EDGE('',*,*,#6002,.T.);
#7607=ORIENTED_EDGE('',*,*,#5993,.T.);
#7608=ORIENTED_EDGE('',*,*,#5990,.T.);
#7609=ORIENTED_EDGE('',*,*,#5981,.T.);
#7610=ORIENTED_EDGE('',*,*,#5978,.T.);
#7611=ORIENTED_EDGE('',*,*,#5945,.T.);
#7612=ORIENTED_EDGE('',*,*,#5942,.T.);
#7613=ORIENTED_EDGE('',*,*,#5939,.T.);
#7614=ORIENTED_EDGE('',*,*,#5936,.T.);
#7615=ORIENTED_EDGE('',*,*,#6125,.T.);
#7616=ORIENTED_EDGE('',*,*,#6141,.F.);
#7617=ORIENTED_EDGE('',*,*,#6142,.T.);
#7618=ORIENTED_EDGE('',*,*,#6132,.F.);
#7619=ORIENTED_EDGE('',*,*,#6137,.F.);
#7620=ORIENTED_EDGE('',*,*,#6143,.T.);
#7621=ORIENTED_EDGE('',*,*,#6144,.F.);
#7622=ORIENTED_EDGE('',*,*,#6145,.F.);
#7623=ORIENTED_EDGE('',*,*,#6136,.F.);
#7624=ORIENTED_EDGE('',*,*,#6146,.T.);
#7625=ORIENTED_EDGE('',*,*,#6147,.F.);
#7626=ORIENTED_EDGE('',*,*,#6143,.F.);
#7627=ORIENTED_EDGE('',*,*,#6135,.F.);
#7628=ORIENTED_EDGE('',*,*,#6148,.F.);
#7629=ORIENTED_EDGE('',*,*,#6149,.F.);
#7630=ORIENTED_EDGE('',*,*,#6146,.F.);
#7631=ORIENTED_EDGE('',*,*,#6131,.T.);
#7632=ORIENTED_EDGE('',*,*,#6150,.T.);
#7633=ORIENTED_EDGE('',*,*,#6151,.T.);
#7634=ORIENTED_EDGE('',*,*,#6152,.T.);
#7635=ORIENTED_EDGE('',*,*,#6144,.T.);
#7636=ORIENTED_EDGE('',*,*,#6147,.T.);
#7637=ORIENTED_EDGE('',*,*,#6149,.T.);
#7638=ORIENTED_EDGE('',*,*,#6153,.T.);
#7639=ORIENTED_EDGE('',*,*,#6154,.T.);
#7640=ORIENTED_EDGE('',*,*,#6141,.T.);
#7641=ORIENTED_EDGE('',*,*,#6124,.T.);
#7642=ORIENTED_EDGE('',*,*,#6128,.T.);
#7643=ORIENTED_EDGE('',*,*,#5951,.T.);
#7644=ORIENTED_EDGE('',*,*,#5957,.T.);
#7645=ORIENTED_EDGE('',*,*,#5955,.T.);
#7646=ORIENTED_EDGE('',*,*,#5959,.T.);
#7647=ORIENTED_EDGE('',*,*,#5974,.T.);
#7648=ORIENTED_EDGE('',*,*,#5977,.T.);
#7649=ORIENTED_EDGE('',*,*,#5986,.T.);
#7650=ORIENTED_EDGE('',*,*,#5989,.T.);
#7651=ORIENTED_EDGE('',*,*,#5998,.T.);
#7652=ORIENTED_EDGE('',*,*,#6001,.T.);
#7653=ORIENTED_EDGE('',*,*,#6010,.T.);
#7654=ORIENTED_EDGE('',*,*,#6013,.T.);
#7655=ORIENTED_EDGE('',*,*,#6026,.T.);
#7656=ORIENTED_EDGE('',*,*,#6028,.T.);
#7657=ORIENTED_EDGE('',*,*,#6020,.T.);
#7658=ORIENTED_EDGE('',*,*,#6031,.T.);
#7659=ORIENTED_EDGE('',*,*,#6050,.T.);
#7660=ORIENTED_EDGE('',*,*,#6052,.T.);
#7661=ORIENTED_EDGE('',*,*,#6044,.T.);
#7662=ORIENTED_EDGE('',*,*,#6055,.T.);
#7663=ORIENTED_EDGE('',*,*,#6070,.T.);
#7664=ORIENTED_EDGE('',*,*,#6073,.T.);
#7665=ORIENTED_EDGE('',*,*,#6118,.T.);
#7666=ORIENTED_EDGE('',*,*,#6115,.T.);
#7667=ORIENTED_EDGE('',*,*,#6112,.T.);
#7668=ORIENTED_EDGE('',*,*,#6121,.T.);
#7669=ORIENTED_EDGE('',*,*,#6094,.T.);
#7670=ORIENTED_EDGE('',*,*,#6097,.T.);
#7671=ORIENTED_EDGE('',*,*,#6109,.T.);
#7672=ORIENTED_EDGE('',*,*,#6106,.T.);
#7673=ORIENTED_EDGE('',*,*,#6103,.T.);
#7674=ORIENTED_EDGE('',*,*,#6100,.T.);
#7675=ORIENTED_EDGE('',*,*,#6091,.T.);
#7676=ORIENTED_EDGE('',*,*,#6088,.T.);
#7677=ORIENTED_EDGE('',*,*,#6085,.T.);
#7678=ORIENTED_EDGE('',*,*,#6082,.T.);
#7679=ORIENTED_EDGE('',*,*,#6079,.T.);
#7680=ORIENTED_EDGE('',*,*,#6076,.T.);
#7681=ORIENTED_EDGE('',*,*,#6062,.T.);
#7682=ORIENTED_EDGE('',*,*,#6064,.T.);
#7683=ORIENTED_EDGE('',*,*,#6056,.T.);
#7684=ORIENTED_EDGE('',*,*,#6067,.T.);
#7685=ORIENTED_EDGE('',*,*,#6038,.T.);
#7686=ORIENTED_EDGE('',*,*,#6040,.T.);
#7687=ORIENTED_EDGE('',*,*,#6032,.T.);
#7688=ORIENTED_EDGE('',*,*,#6043,.T.);
#7689=ORIENTED_EDGE('',*,*,#6019,.T.);
#7690=ORIENTED_EDGE('',*,*,#6016,.T.);
#7691=ORIENTED_EDGE('',*,*,#6007,.T.);
#7692=ORIENTED_EDGE('',*,*,#6004,.T.);
#7693=ORIENTED_EDGE('',*,*,#5995,.T.);
#7694=ORIENTED_EDGE('',*,*,#5992,.T.);
#7695=ORIENTED_EDGE('',*,*,#5983,.T.);
#7696=ORIENTED_EDGE('',*,*,#5980,.T.);
#7697=ORIENTED_EDGE('',*,*,#5967,.T.);
#7698=ORIENTED_EDGE('',*,*,#5971,.T.);
#7699=ORIENTED_EDGE('',*,*,#5963,.T.);
#7700=ORIENTED_EDGE('',*,*,#5969,.T.);
#7701=ORIENTED_EDGE('',*,*,#5947,.T.);
#7702=ORIENTED_EDGE('',*,*,#5944,.T.);
#7703=ORIENTED_EDGE('',*,*,#5941,.T.);
#7704=ORIENTED_EDGE('',*,*,#5938,.T.);
#7705=ORIENTED_EDGE('',*,*,#6148,.T.);
#7706=ORIENTED_EDGE('',*,*,#6134,.F.);
#7707=ORIENTED_EDGE('',*,*,#6155,.F.);
#7708=ORIENTED_EDGE('',*,*,#6153,.F.);
#7709=ORIENTED_EDGE('',*,*,#6145,.T.);
#7710=ORIENTED_EDGE('',*,*,#6152,.F.);
#7711=ORIENTED_EDGE('',*,*,#6156,.T.);
#7712=ORIENTED_EDGE('',*,*,#6138,.F.);
#7713=ORIENTED_EDGE('',*,*,#6151,.F.);
#7714=ORIENTED_EDGE('',*,*,#6157,.T.);
#7715=ORIENTED_EDGE('',*,*,#6139,.F.);
#7716=ORIENTED_EDGE('',*,*,#6156,.F.);
#7717=ORIENTED_EDGE('',*,*,#6154,.F.);
#7718=ORIENTED_EDGE('',*,*,#6155,.T.);
#7719=ORIENTED_EDGE('',*,*,#6133,.F.);
#7720=ORIENTED_EDGE('',*,*,#6142,.F.);
#7721=ORIENTED_EDGE('',*,*,#6130,.T.);
#7722=ORIENTED_EDGE('',*,*,#6140,.F.);
#7723=ORIENTED_EDGE('',*,*,#6157,.F.);
#7724=ORIENTED_EDGE('',*,*,#6150,.F.);
#7725=ORIENTED_EDGE('',*,*,#6158,.F.);
#7726=ORIENTED_EDGE('',*,*,#6159,.T.);
#7727=ORIENTED_EDGE('',*,*,#6160,.F.);
#7728=ORIENTED_EDGE('',*,*,#6159,.F.);
#7729=ORIENTED_EDGE('',*,*,#6161,.F.);
#7730=ORIENTED_EDGE('',*,*,#6162,.T.);
#7731=ORIENTED_EDGE('',*,*,#6163,.F.);
#7732=ORIENTED_EDGE('',*,*,#6162,.F.);
#7733=ORIENTED_EDGE('',*,*,#6164,.F.);
#7734=ORIENTED_EDGE('',*,*,#6165,.T.);
#7735=ORIENTED_EDGE('',*,*,#6166,.F.);
#7736=ORIENTED_EDGE('',*,*,#6165,.F.);
#7737=ORIENTED_EDGE('',*,*,#6167,.F.);
#7738=ORIENTED_EDGE('',*,*,#6168,.T.);
#7739=ORIENTED_EDGE('',*,*,#6169,.F.);
#7740=ORIENTED_EDGE('',*,*,#6168,.F.);
#7741=ORIENTED_EDGE('',*,*,#6170,.F.);
#7742=ORIENTED_EDGE('',*,*,#6171,.T.);
#7743=ORIENTED_EDGE('',*,*,#6172,.F.);
#7744=ORIENTED_EDGE('',*,*,#6173,.F.);
#7745=ORIENTED_EDGE('',*,*,#6174,.F.);
#7746=ORIENTED_EDGE('',*,*,#6175,.T.);
#7747=ORIENTED_EDGE('',*,*,#6176,.F.);
#7748=ORIENTED_EDGE('',*,*,#6171,.F.);
#7749=ORIENTED_EDGE('',*,*,#6177,.F.);
#7750=ORIENTED_EDGE('',*,*,#6178,.F.);
#7751=ORIENTED_EDGE('',*,*,#6179,.F.);
#7752=ORIENTED_EDGE('',*,*,#6175,.F.);
#7753=ORIENTED_EDGE('',*,*,#6172,.T.);
#7754=ORIENTED_EDGE('',*,*,#6176,.T.);
#7755=ORIENTED_EDGE('',*,*,#6179,.T.);
#7756=ORIENTED_EDGE('',*,*,#6180,.T.);
#7757=ORIENTED_EDGE('',*,*,#6181,.T.);
#7758=ORIENTED_EDGE('',*,*,#6182,.T.);
#7759=ORIENTED_EDGE('',*,*,#6183,.T.);
#7760=ORIENTED_EDGE('',*,*,#6184,.T.);
#7761=ORIENTED_EDGE('',*,*,#6160,.T.);
#7762=ORIENTED_EDGE('',*,*,#6163,.T.);
#7763=ORIENTED_EDGE('',*,*,#6166,.T.);
#7764=ORIENTED_EDGE('',*,*,#6169,.T.);
#7765=ORIENTED_EDGE('',*,*,#6178,.T.);
#7766=ORIENTED_EDGE('',*,*,#6185,.F.);
#7767=ORIENTED_EDGE('',*,*,#6186,.T.);
#7768=ORIENTED_EDGE('',*,*,#6180,.F.);
#7769=ORIENTED_EDGE('',*,*,#6173,.T.);
#7770=ORIENTED_EDGE('',*,*,#6184,.F.);
#7771=ORIENTED_EDGE('',*,*,#6187,.F.);
#7772=ORIENTED_EDGE('',*,*,#6188,.F.);
#7773=ORIENTED_EDGE('',*,*,#6189,.F.);
#7774=ORIENTED_EDGE('',*,*,#6181,.F.);
#7775=ORIENTED_EDGE('',*,*,#6186,.F.);
#7776=ORIENTED_EDGE('',*,*,#6190,.F.);
#7777=ORIENTED_EDGE('',*,*,#6191,.F.);
#7778=ORIENTED_EDGE('',*,*,#6187,.T.);
#7779=ORIENTED_EDGE('',*,*,#6183,.F.);
#7780=ORIENTED_EDGE('',*,*,#6192,.F.);
#7781=ORIENTED_EDGE('',*,*,#6189,.T.);
#7782=ORIENTED_EDGE('',*,*,#6193,.F.);
#7783=ORIENTED_EDGE('',*,*,#6192,.T.);
#7784=ORIENTED_EDGE('',*,*,#6182,.F.);
#7785=ORIENTED_EDGE('',*,*,#6170,.T.);
#7786=ORIENTED_EDGE('',*,*,#6188,.T.);
#7787=ORIENTED_EDGE('',*,*,#6191,.T.);
#7788=ORIENTED_EDGE('',*,*,#6193,.T.);
#7789=ORIENTED_EDGE('',*,*,#6190,.T.);
#7790=ORIENTED_EDGE('',*,*,#6185,.T.);
#7791=ORIENTED_EDGE('',*,*,#6177,.T.);
#7792=ORIENTED_EDGE('',*,*,#6174,.T.);
#7793=ORIENTED_EDGE('',*,*,#6158,.T.);
#7794=ORIENTED_EDGE('',*,*,#6161,.T.);
#7795=ORIENTED_EDGE('',*,*,#6164,.T.);
#7796=ORIENTED_EDGE('',*,*,#6167,.T.);
#7797=ORIENTED_EDGE('',*,*,#6194,.F.);
#7798=ORIENTED_EDGE('',*,*,#6195,.T.);
#7799=ORIENTED_EDGE('',*,*,#6196,.F.);
#7800=ORIENTED_EDGE('',*,*,#6195,.F.);
#7801=ORIENTED_EDGE('',*,*,#6197,.F.);
#7802=ORIENTED_EDGE('',*,*,#6198,.T.);
#7803=ORIENTED_EDGE('',*,*,#6199,.F.);
#7804=ORIENTED_EDGE('',*,*,#6198,.F.);
#7805=ORIENTED_EDGE('',*,*,#6200,.F.);
#7806=ORIENTED_EDGE('',*,*,#6201,.T.);
#7807=ORIENTED_EDGE('',*,*,#6202,.F.);
#7808=ORIENTED_EDGE('',*,*,#6201,.F.);
#7809=ORIENTED_EDGE('',*,*,#6203,.F.);
#7810=ORIENTED_EDGE('',*,*,#6204,.T.);
#7811=ORIENTED_EDGE('',*,*,#6205,.F.);
#7812=ORIENTED_EDGE('',*,*,#6204,.F.);
#7813=ORIENTED_EDGE('',*,*,#6206,.F.);
#7814=ORIENTED_EDGE('',*,*,#6207,.F.);
#7815=ORIENTED_EDGE('',*,*,#6208,.F.);
#7816=ORIENTED_EDGE('',*,*,#6209,.F.);
#7817=ORIENTED_EDGE('',*,*,#6210,.F.);
#7818=ORIENTED_EDGE('',*,*,#6211,.F.);
#7819=ORIENTED_EDGE('',*,*,#6212,.F.);
#7820=ORIENTED_EDGE('',*,*,#6213,.T.);
#7821=ORIENTED_EDGE('',*,*,#6214,.F.);
#7822=ORIENTED_EDGE('',*,*,#6213,.F.);
#7823=ORIENTED_EDGE('',*,*,#6215,.F.);
#7824=ORIENTED_EDGE('',*,*,#6207,.T.);
#7825=ORIENTED_EDGE('',*,*,#6208,.T.);
#7826=ORIENTED_EDGE('',*,*,#6215,.T.);
#7827=ORIENTED_EDGE('',*,*,#6212,.T.);
#7828=ORIENTED_EDGE('',*,*,#6216,.T.);
#7829=ORIENTED_EDGE('',*,*,#6217,.T.);
#7830=ORIENTED_EDGE('',*,*,#6218,.T.);
#7831=ORIENTED_EDGE('',*,*,#6219,.T.);
#7832=ORIENTED_EDGE('',*,*,#6220,.T.);
#7833=ORIENTED_EDGE('',*,*,#6194,.T.);
#7834=ORIENTED_EDGE('',*,*,#6197,.T.);
#7835=ORIENTED_EDGE('',*,*,#6200,.T.);
#7836=ORIENTED_EDGE('',*,*,#6203,.T.);
#7837=ORIENTED_EDGE('',*,*,#6211,.T.);
#7838=ORIENTED_EDGE('',*,*,#6221,.T.);
#7839=ORIENTED_EDGE('',*,*,#6222,.T.);
#7840=ORIENTED_EDGE('',*,*,#6216,.F.);
#7841=ORIENTED_EDGE('',*,*,#6209,.T.);
#7842=ORIENTED_EDGE('',*,*,#6220,.F.);
#7843=ORIENTED_EDGE('',*,*,#6223,.T.);
#7844=ORIENTED_EDGE('',*,*,#6224,.T.);
#7845=ORIENTED_EDGE('',*,*,#6223,.F.);
#7846=ORIENTED_EDGE('',*,*,#6219,.F.);
#7847=ORIENTED_EDGE('',*,*,#6225,.F.);
#7848=ORIENTED_EDGE('',*,*,#6226,.F.);
#7849=ORIENTED_EDGE('',*,*,#6225,.T.);
#7850=ORIENTED_EDGE('',*,*,#6218,.F.);
#7851=ORIENTED_EDGE('',*,*,#6227,.F.);
#7852=ORIENTED_EDGE('',*,*,#6228,.T.);
#7853=ORIENTED_EDGE('',*,*,#6229,.T.);
#7854=ORIENTED_EDGE('',*,*,#6227,.T.);
#7855=ORIENTED_EDGE('',*,*,#6217,.F.);
#7856=ORIENTED_EDGE('',*,*,#6222,.F.);
#7857=ORIENTED_EDGE('',*,*,#6206,.T.);
#7858=ORIENTED_EDGE('',*,*,#6224,.F.);
#7859=ORIENTED_EDGE('',*,*,#6226,.T.);
#7860=ORIENTED_EDGE('',*,*,#6228,.F.);
#7861=ORIENTED_EDGE('',*,*,#6229,.F.);
#7862=ORIENTED_EDGE('',*,*,#6221,.F.);
#7863=ORIENTED_EDGE('',*,*,#6210,.T.);
#7864=ORIENTED_EDGE('',*,*,#6214,.T.);
#7865=ORIENTED_EDGE('',*,*,#6196,.T.);
#7866=ORIENTED_EDGE('',*,*,#6199,.T.);
#7867=ORIENTED_EDGE('',*,*,#6202,.T.);
#7868=ORIENTED_EDGE('',*,*,#6205,.T.);
#7869=ORIENTED_EDGE('',*,*,#6230,.F.);
#7870=ORIENTED_EDGE('',*,*,#6231,.T.);
#7871=ORIENTED_EDGE('',*,*,#6232,.F.);
#7872=ORIENTED_EDGE('',*,*,#6231,.F.);
#7873=ORIENTED_EDGE('',*,*,#6233,.F.);
#7874=ORIENTED_EDGE('',*,*,#6234,.T.);
#7875=ORIENTED_EDGE('',*,*,#6235,.F.);
#7876=ORIENTED_EDGE('',*,*,#6234,.F.);
#7877=ORIENTED_EDGE('',*,*,#6236,.F.);
#7878=ORIENTED_EDGE('',*,*,#6237,.T.);
#7879=ORIENTED_EDGE('',*,*,#6238,.F.);
#7880=ORIENTED_EDGE('',*,*,#6237,.F.);
#7881=ORIENTED_EDGE('',*,*,#6239,.F.);
#7882=ORIENTED_EDGE('',*,*,#6240,.T.);
#7883=ORIENTED_EDGE('',*,*,#6241,.F.);
#7884=ORIENTED_EDGE('',*,*,#6240,.F.);
#7885=ORIENTED_EDGE('',*,*,#6242,.F.);
#7886=ORIENTED_EDGE('',*,*,#6243,.T.);
#7887=ORIENTED_EDGE('',*,*,#6244,.F.);
#7888=ORIENTED_EDGE('',*,*,#6243,.F.);
#7889=ORIENTED_EDGE('',*,*,#6245,.F.);
#7890=ORIENTED_EDGE('',*,*,#6246,.T.);
#7891=ORIENTED_EDGE('',*,*,#6247,.F.);
#7892=ORIENTED_EDGE('',*,*,#6246,.F.);
#7893=ORIENTED_EDGE('',*,*,#6248,.F.);
#7894=ORIENTED_EDGE('',*,*,#6249,.T.);
#7895=ORIENTED_EDGE('',*,*,#6250,.F.);
#7896=ORIENTED_EDGE('',*,*,#6249,.F.);
#7897=ORIENTED_EDGE('',*,*,#6251,.T.);
#7898=ORIENTED_EDGE('',*,*,#6252,.T.);
#7899=ORIENTED_EDGE('',*,*,#6253,.F.);
#7900=ORIENTED_EDGE('',*,*,#6254,.F.);
#7901=ORIENTED_EDGE('',*,*,#6255,.T.);
#7902=ORIENTED_EDGE('',*,*,#6254,.T.);
#7903=ORIENTED_EDGE('',*,*,#6256,.F.);
#7904=ORIENTED_EDGE('',*,*,#6257,.F.);
#7905=ORIENTED_EDGE('',*,*,#6258,.T.);
#7906=ORIENTED_EDGE('',*,*,#6257,.T.);
#7907=ORIENTED_EDGE('',*,*,#6259,.F.);
#7908=ORIENTED_EDGE('',*,*,#6260,.F.);
#7909=ORIENTED_EDGE('',*,*,#6261,.T.);
#7910=ORIENTED_EDGE('',*,*,#6260,.T.);
#7911=ORIENTED_EDGE('',*,*,#6262,.F.);
#7912=ORIENTED_EDGE('',*,*,#6252,.F.);
#7913=ORIENTED_EDGE('',*,*,#6262,.T.);
#7914=ORIENTED_EDGE('',*,*,#6259,.T.);
#7915=ORIENTED_EDGE('',*,*,#6256,.T.);
#7916=ORIENTED_EDGE('',*,*,#6253,.T.);
#7917=ORIENTED_EDGE('',*,*,#6232,.T.);
#7918=ORIENTED_EDGE('',*,*,#6235,.T.);
#7919=ORIENTED_EDGE('',*,*,#6238,.T.);
#7920=ORIENTED_EDGE('',*,*,#6241,.T.);
#7921=ORIENTED_EDGE('',*,*,#6244,.T.);
#7922=ORIENTED_EDGE('',*,*,#6247,.T.);
#7923=ORIENTED_EDGE('',*,*,#6250,.T.);
#7924=ORIENTED_EDGE('',*,*,#6261,.F.);
#7925=ORIENTED_EDGE('',*,*,#6251,.F.);
#7926=ORIENTED_EDGE('',*,*,#6255,.F.);
#7927=ORIENTED_EDGE('',*,*,#6258,.F.);
#7928=ORIENTED_EDGE('',*,*,#6230,.T.);
#7929=ORIENTED_EDGE('',*,*,#6233,.T.);
#7930=ORIENTED_EDGE('',*,*,#6236,.T.);
#7931=ORIENTED_EDGE('',*,*,#6239,.T.);
#7932=ORIENTED_EDGE('',*,*,#6242,.T.);
#7933=ORIENTED_EDGE('',*,*,#6245,.T.);
#7934=ORIENTED_EDGE('',*,*,#6248,.T.);
#7935=ORIENTED_EDGE('',*,*,#6263,.F.);
#7936=ORIENTED_EDGE('',*,*,#6264,.F.);
#7937=ORIENTED_EDGE('',*,*,#6265,.F.);
#7938=ORIENTED_EDGE('',*,*,#6264,.T.);
#7939=ORIENTED_EDGE('',*,*,#6266,.F.);
#7940=ORIENTED_EDGE('',*,*,#6267,.T.);
#7941=ORIENTED_EDGE('',*,*,#6268,.T.);
#7942=ORIENTED_EDGE('',*,*,#6269,.F.);
#7943=ORIENTED_EDGE('',*,*,#6270,.T.);
#7944=ORIENTED_EDGE('',*,*,#6271,.T.);
#7945=ORIENTED_EDGE('',*,*,#6272,.F.);
#7946=ORIENTED_EDGE('',*,*,#6273,.T.);
#7947=ORIENTED_EDGE('',*,*,#6274,.T.);
#7948=ORIENTED_EDGE('',*,*,#6267,.F.);
#7949=ORIENTED_EDGE('',*,*,#6265,.T.);
#7950=ORIENTED_EDGE('',*,*,#6263,.T.);
#7951=ORIENTED_EDGE('',*,*,#6275,.F.);
#7952=ORIENTED_EDGE('',*,*,#6269,.T.);
#7953=ORIENTED_EDGE('',*,*,#6276,.T.);
#7954=ORIENTED_EDGE('',*,*,#6273,.F.);
#7955=ORIENTED_EDGE('',*,*,#6276,.F.);
#7956=ORIENTED_EDGE('',*,*,#6268,.F.);
#7957=ORIENTED_EDGE('',*,*,#6274,.F.);
#7958=ORIENTED_EDGE('',*,*,#6277,.F.);
#7959=ORIENTED_EDGE('',*,*,#6278,.T.);
#7960=ORIENTED_EDGE('',*,*,#6270,.F.);
#7961=ORIENTED_EDGE('',*,*,#6278,.F.);
#7962=ORIENTED_EDGE('',*,*,#6279,.F.);
#7963=ORIENTED_EDGE('',*,*,#6280,.T.);
#7964=ORIENTED_EDGE('',*,*,#6271,.F.);
#7965=ORIENTED_EDGE('',*,*,#6280,.F.);
#7966=ORIENTED_EDGE('',*,*,#6281,.F.);
#7967=ORIENTED_EDGE('',*,*,#6282,.T.);
#7968=ORIENTED_EDGE('',*,*,#6283,.F.);
#7969=ORIENTED_EDGE('',*,*,#6284,.F.);
#7970=ORIENTED_EDGE('',*,*,#6285,.F.);
#7971=ORIENTED_EDGE('',*,*,#6284,.T.);
#7972=ORIENTED_EDGE('',*,*,#6286,.F.);
#7973=ORIENTED_EDGE('',*,*,#6287,.F.);
#7974=ORIENTED_EDGE('',*,*,#6277,.T.);
#7975=ORIENTED_EDGE('',*,*,#6279,.T.);
#7976=ORIENTED_EDGE('',*,*,#6288,.F.);
#7977=ORIENTED_EDGE('',*,*,#6287,.T.);
#7978=ORIENTED_EDGE('',*,*,#6289,.F.);
#7979=ORIENTED_EDGE('',*,*,#6282,.F.);
#7980=ORIENTED_EDGE('',*,*,#6289,.T.);
#7981=ORIENTED_EDGE('',*,*,#6286,.T.);
#7982=ORIENTED_EDGE('',*,*,#6283,.T.);
#7983=ORIENTED_EDGE('',*,*,#6266,.T.);
#7984=ORIENTED_EDGE('',*,*,#6275,.T.);
#7985=ORIENTED_EDGE('',*,*,#6272,.T.);
#7986=ORIENTED_EDGE('',*,*,#6288,.T.);
#7987=ORIENTED_EDGE('',*,*,#6281,.T.);
#7988=ORIENTED_EDGE('',*,*,#6285,.T.);
#7989=ORIENTED_EDGE('',*,*,#6290,.F.);
#7990=ORIENTED_EDGE('',*,*,#6291,.F.);
#7991=ORIENTED_EDGE('',*,*,#6292,.F.);
#7992=ORIENTED_EDGE('',*,*,#6291,.T.);
#7993=ORIENTED_EDGE('',*,*,#6293,.F.);
#7994=ORIENTED_EDGE('',*,*,#6294,.T.);
#7995=ORIENTED_EDGE('',*,*,#6295,.T.);
#7996=ORIENTED_EDGE('',*,*,#6296,.F.);
#7997=ORIENTED_EDGE('',*,*,#6292,.T.);
#7998=ORIENTED_EDGE('',*,*,#6290,.T.);
#7999=ORIENTED_EDGE('',*,*,#6297,.F.);
#8000=ORIENTED_EDGE('',*,*,#6298,.T.);
#8001=ORIENTED_EDGE('',*,*,#6299,.T.);
#8002=ORIENTED_EDGE('',*,*,#6294,.F.);
#8003=ORIENTED_EDGE('',*,*,#6300,.T.);
#8004=ORIENTED_EDGE('',*,*,#6301,.T.);
#8005=ORIENTED_EDGE('',*,*,#6302,.F.);
#8006=ORIENTED_EDGE('',*,*,#6296,.T.);
#8007=ORIENTED_EDGE('',*,*,#6303,.T.);
#8008=ORIENTED_EDGE('',*,*,#6298,.F.);
#8009=ORIENTED_EDGE('',*,*,#6303,.F.);
#8010=ORIENTED_EDGE('',*,*,#6295,.F.);
#8011=ORIENTED_EDGE('',*,*,#6299,.F.);
#8012=ORIENTED_EDGE('',*,*,#6304,.F.);
#8013=ORIENTED_EDGE('',*,*,#6305,.T.);
#8014=ORIENTED_EDGE('',*,*,#6301,.F.);
#8015=ORIENTED_EDGE('',*,*,#6305,.F.);
#8016=ORIENTED_EDGE('',*,*,#6306,.F.);
#8017=ORIENTED_EDGE('',*,*,#6307,.T.);
#8018=ORIENTED_EDGE('',*,*,#6300,.F.);
#8019=ORIENTED_EDGE('',*,*,#6307,.F.);
#8020=ORIENTED_EDGE('',*,*,#6308,.T.);
#8021=ORIENTED_EDGE('',*,*,#6309,.T.);
#8022=ORIENTED_EDGE('',*,*,#6310,.F.);
#8023=ORIENTED_EDGE('',*,*,#6311,.F.);
#8024=ORIENTED_EDGE('',*,*,#6304,.T.);
#8025=ORIENTED_EDGE('',*,*,#6306,.T.);
#8026=ORIENTED_EDGE('',*,*,#6312,.T.);
#8027=ORIENTED_EDGE('',*,*,#6311,.T.);
#8028=ORIENTED_EDGE('',*,*,#6313,.F.);
#8029=ORIENTED_EDGE('',*,*,#6314,.F.);
#8030=ORIENTED_EDGE('',*,*,#6315,.T.);
#8031=ORIENTED_EDGE('',*,*,#6314,.T.);
#8032=ORIENTED_EDGE('',*,*,#6316,.F.);
#8033=ORIENTED_EDGE('',*,*,#6309,.F.);
#8034=ORIENTED_EDGE('',*,*,#6315,.F.);
#8035=ORIENTED_EDGE('',*,*,#6308,.F.);
#8036=ORIENTED_EDGE('',*,*,#6312,.F.);
#8037=ORIENTED_EDGE('',*,*,#6316,.T.);
#8038=ORIENTED_EDGE('',*,*,#6313,.T.);
#8039=ORIENTED_EDGE('',*,*,#6310,.T.);
#8040=ORIENTED_EDGE('',*,*,#6293,.T.);
#8041=ORIENTED_EDGE('',*,*,#6302,.T.);
#8042=ORIENTED_EDGE('',*,*,#6297,.T.);
#8043=ORIENTED_EDGE('',*,*,#6317,.F.);
#8044=ORIENTED_EDGE('',*,*,#6318,.F.);
#8045=ORIENTED_EDGE('',*,*,#6319,.F.);
#8046=ORIENTED_EDGE('',*,*,#6320,.T.);
#8047=ORIENTED_EDGE('',*,*,#6321,.F.);
#8048=ORIENTED_EDGE('',*,*,#6322,.F.);
#8049=ORIENTED_EDGE('',*,*,#6320,.F.);
#8050=ORIENTED_EDGE('',*,*,#6323,.F.);
#8051=ORIENTED_EDGE('',*,*,#6324,.T.);
#8052=ORIENTED_EDGE('',*,*,#6325,.T.);
#8053=ORIENTED_EDGE('',*,*,#6324,.F.);
#8054=ORIENTED_EDGE('',*,*,#6325,.F.);
#8055=ORIENTED_EDGE('',*,*,#6326,.F.);
#8056=ORIENTED_EDGE('',*,*,#6327,.T.);
#8057=ORIENTED_EDGE('',*,*,#6328,.T.);
#8058=ORIENTED_EDGE('',*,*,#6327,.F.);
#8059=ORIENTED_EDGE('',*,*,#6328,.F.);
#8060=ORIENTED_EDGE('',*,*,#6329,.F.);
#8061=ORIENTED_EDGE('',*,*,#6330,.T.);
#8062=ORIENTED_EDGE('',*,*,#6319,.T.);
#8063=ORIENTED_EDGE('',*,*,#6331,.T.);
#8064=ORIENTED_EDGE('',*,*,#6332,.T.);
#8065=ORIENTED_EDGE('',*,*,#6331,.F.);
#8066=ORIENTED_EDGE('',*,*,#6318,.T.);
#8067=ORIENTED_EDGE('',*,*,#6317,.T.);
#8068=ORIENTED_EDGE('',*,*,#6330,.F.);
#8069=ORIENTED_EDGE('',*,*,#6321,.T.);
#8070=ORIENTED_EDGE('',*,*,#6322,.T.);
#8071=ORIENTED_EDGE('',*,*,#6329,.T.);
#8072=ORIENTED_EDGE('',*,*,#6323,.T.);
#8073=ORIENTED_EDGE('',*,*,#6332,.F.);
#8074=ORIENTED_EDGE('',*,*,#6326,.T.);
#8075=ORIENTED_EDGE('',*,*,#6333,.F.);
#8076=ORIENTED_EDGE('',*,*,#6334,.T.);
#8077=ORIENTED_EDGE('',*,*,#6335,.F.);
#8078=ORIENTED_EDGE('',*,*,#6334,.F.);
#8079=ORIENTED_EDGE('',*,*,#6336,.F.);
#8080=ORIENTED_EDGE('',*,*,#6337,.T.);
#8081=ORIENTED_EDGE('',*,*,#6338,.F.);
#8082=ORIENTED_EDGE('',*,*,#6337,.F.);
#8083=ORIENTED_EDGE('',*,*,#6339,.F.);
#8084=ORIENTED_EDGE('',*,*,#6340,.F.);
#8085=ORIENTED_EDGE('',*,*,#6341,.F.);
#8086=ORIENTED_EDGE('',*,*,#6342,.T.);
#8087=ORIENTED_EDGE('',*,*,#6343,.F.);
#8088=ORIENTED_EDGE('',*,*,#6344,.F.);
#8089=ORIENTED_EDGE('',*,*,#6342,.F.);
#8090=ORIENTED_EDGE('',*,*,#6345,.F.);
#8091=ORIENTED_EDGE('',*,*,#6346,.T.);
#8092=ORIENTED_EDGE('',*,*,#6347,.T.);
#8093=ORIENTED_EDGE('',*,*,#6346,.F.);
#8094=ORIENTED_EDGE('',*,*,#6347,.F.);
#8095=ORIENTED_EDGE('',*,*,#6348,.F.);
#8096=ORIENTED_EDGE('',*,*,#6349,.T.);
#8097=ORIENTED_EDGE('',*,*,#6350,.T.);
#8098=ORIENTED_EDGE('',*,*,#6349,.F.);
#8099=ORIENTED_EDGE('',*,*,#6350,.F.);
#8100=ORIENTED_EDGE('',*,*,#6351,.F.);
#8101=ORIENTED_EDGE('',*,*,#6352,.T.);
#8102=ORIENTED_EDGE('',*,*,#6341,.T.);
#8103=ORIENTED_EDGE('',*,*,#6353,.T.);
#8104=ORIENTED_EDGE('',*,*,#6354,.T.);
#8105=ORIENTED_EDGE('',*,*,#6353,.F.);
#8106=ORIENTED_EDGE('',*,*,#6340,.T.);
#8107=ORIENTED_EDGE('',*,*,#6339,.T.);
#8108=ORIENTED_EDGE('',*,*,#6352,.F.);
#8109=ORIENTED_EDGE('',*,*,#6335,.T.);
#8110=ORIENTED_EDGE('',*,*,#6333,.T.);
#8111=ORIENTED_EDGE('',*,*,#6338,.T.);
#8112=ORIENTED_EDGE('',*,*,#6336,.T.);
#8113=ORIENTED_EDGE('',*,*,#6343,.T.);
#8114=ORIENTED_EDGE('',*,*,#6344,.T.);
#8115=ORIENTED_EDGE('',*,*,#6351,.T.);
#8116=ORIENTED_EDGE('',*,*,#6345,.T.);
#8117=ORIENTED_EDGE('',*,*,#6354,.F.);
#8118=ORIENTED_EDGE('',*,*,#6348,.T.);
#8119=ORIENTED_EDGE('',*,*,#6355,.F.);
#8120=ORIENTED_EDGE('',*,*,#6356,.F.);
#8121=ORIENTED_EDGE('',*,*,#6357,.F.);
#8122=ORIENTED_EDGE('',*,*,#6358,.T.);
#8123=ORIENTED_EDGE('',*,*,#6359,.F.);
#8124=ORIENTED_EDGE('',*,*,#6360,.F.);
#8125=ORIENTED_EDGE('',*,*,#6358,.F.);
#8126=ORIENTED_EDGE('',*,*,#6361,.F.);
#8127=ORIENTED_EDGE('',*,*,#6362,.T.);
#8128=ORIENTED_EDGE('',*,*,#6363,.T.);
#8129=ORIENTED_EDGE('',*,*,#6362,.F.);
#8130=ORIENTED_EDGE('',*,*,#6363,.F.);
#8131=ORIENTED_EDGE('',*,*,#6364,.F.);
#8132=ORIENTED_EDGE('',*,*,#6365,.T.);
#8133=ORIENTED_EDGE('',*,*,#6366,.T.);
#8134=ORIENTED_EDGE('',*,*,#6365,.F.);
#8135=ORIENTED_EDGE('',*,*,#6366,.F.);
#8136=ORIENTED_EDGE('',*,*,#6367,.F.);
#8137=ORIENTED_EDGE('',*,*,#6368,.T.);
#8138=ORIENTED_EDGE('',*,*,#6357,.T.);
#8139=ORIENTED_EDGE('',*,*,#6369,.T.);
#8140=ORIENTED_EDGE('',*,*,#6370,.T.);
#8141=ORIENTED_EDGE('',*,*,#6369,.F.);
#8142=ORIENTED_EDGE('',*,*,#6356,.T.);
#8143=ORIENTED_EDGE('',*,*,#6355,.T.);
#8144=ORIENTED_EDGE('',*,*,#6368,.F.);
#8145=ORIENTED_EDGE('',*,*,#6359,.T.);
#8146=ORIENTED_EDGE('',*,*,#6360,.T.);
#8147=ORIENTED_EDGE('',*,*,#6367,.T.);
#8148=ORIENTED_EDGE('',*,*,#6361,.T.);
#8149=ORIENTED_EDGE('',*,*,#6370,.F.);
#8150=ORIENTED_EDGE('',*,*,#6364,.T.);
#8151=ORIENTED_EDGE('',*,*,#6371,.F.);
#8152=ORIENTED_EDGE('',*,*,#6372,.F.);
#8153=ORIENTED_EDGE('',*,*,#6373,.F.);
#8154=ORIENTED_EDGE('',*,*,#6374,.T.);
#8155=ORIENTED_EDGE('',*,*,#6375,.F.);
#8156=ORIENTED_EDGE('',*,*,#6376,.F.);
#8157=ORIENTED_EDGE('',*,*,#6374,.F.);
#8158=ORIENTED_EDGE('',*,*,#6377,.F.);
#8159=ORIENTED_EDGE('',*,*,#6378,.T.);
#8160=ORIENTED_EDGE('',*,*,#6379,.T.);
#8161=ORIENTED_EDGE('',*,*,#6378,.F.);
#8162=ORIENTED_EDGE('',*,*,#6379,.F.);
#8163=ORIENTED_EDGE('',*,*,#6380,.F.);
#8164=ORIENTED_EDGE('',*,*,#6381,.T.);
#8165=ORIENTED_EDGE('',*,*,#6382,.T.);
#8166=ORIENTED_EDGE('',*,*,#6381,.F.);
#8167=ORIENTED_EDGE('',*,*,#6382,.F.);
#8168=ORIENTED_EDGE('',*,*,#6383,.F.);
#8169=ORIENTED_EDGE('',*,*,#6384,.T.);
#8170=ORIENTED_EDGE('',*,*,#6373,.T.);
#8171=ORIENTED_EDGE('',*,*,#6385,.T.);
#8172=ORIENTED_EDGE('',*,*,#6386,.T.);
#8173=ORIENTED_EDGE('',*,*,#6385,.F.);
#8174=ORIENTED_EDGE('',*,*,#6372,.T.);
#8175=ORIENTED_EDGE('',*,*,#6371,.T.);
#8176=ORIENTED_EDGE('',*,*,#6384,.F.);
#8177=ORIENTED_EDGE('',*,*,#6375,.T.);
#8178=ORIENTED_EDGE('',*,*,#6376,.T.);
#8179=ORIENTED_EDGE('',*,*,#6383,.T.);
#8180=ORIENTED_EDGE('',*,*,#6377,.T.);
#8181=ORIENTED_EDGE('',*,*,#6386,.F.);
#8182=ORIENTED_EDGE('',*,*,#6380,.T.);
#8183=ORIENTED_EDGE('',*,*,#6387,.F.);
#8184=ORIENTED_EDGE('',*,*,#6388,.T.);
#8185=ORIENTED_EDGE('',*,*,#6389,.F.);
#8186=ORIENTED_EDGE('',*,*,#6388,.F.);
#8187=ORIENTED_EDGE('',*,*,#6390,.F.);
#8188=ORIENTED_EDGE('',*,*,#6391,.T.);
#8189=ORIENTED_EDGE('',*,*,#6392,.F.);
#8190=ORIENTED_EDGE('',*,*,#6391,.F.);
#8191=ORIENTED_EDGE('',*,*,#6393,.F.);
#8192=ORIENTED_EDGE('',*,*,#6394,.T.);
#8193=ORIENTED_EDGE('',*,*,#6395,.F.);
#8194=ORIENTED_EDGE('',*,*,#6394,.F.);
#8195=ORIENTED_EDGE('',*,*,#6393,.T.);
#8196=ORIENTED_EDGE('',*,*,#6396,.F.);
#8197=ORIENTED_EDGE('',*,*,#6397,.T.);
#8198=ORIENTED_EDGE('',*,*,#6398,.F.);
#8199=ORIENTED_EDGE('',*,*,#6397,.F.);
#8200=ORIENTED_EDGE('',*,*,#6396,.T.);
#8201=ORIENTED_EDGE('',*,*,#6389,.T.);
#8202=ORIENTED_EDGE('',*,*,#6392,.T.);
#8203=ORIENTED_EDGE('',*,*,#6395,.T.);
#8204=ORIENTED_EDGE('',*,*,#6399,.F.);
#8205=ORIENTED_EDGE('',*,*,#6400,.T.);
#8206=ORIENTED_EDGE('',*,*,#6401,.T.);
#8207=ORIENTED_EDGE('',*,*,#6400,.F.);
#8208=ORIENTED_EDGE('',*,*,#6399,.T.);
#8209=ORIENTED_EDGE('',*,*,#6398,.T.);
#8210=ORIENTED_EDGE('',*,*,#6401,.F.);
#8211=ORIENTED_EDGE('',*,*,#6387,.T.);
#8212=ORIENTED_EDGE('',*,*,#6390,.T.);
#8213=ORIENTED_EDGE('',*,*,#6402,.F.);
#8214=ORIENTED_EDGE('',*,*,#6403,.T.);
#8215=ORIENTED_EDGE('',*,*,#6404,.F.);
#8216=ORIENTED_EDGE('',*,*,#6403,.F.);
#8217=ORIENTED_EDGE('',*,*,#6405,.F.);
#8218=ORIENTED_EDGE('',*,*,#6406,.T.);
#8219=ORIENTED_EDGE('',*,*,#6407,.F.);
#8220=ORIENTED_EDGE('',*,*,#6406,.F.);
#8221=ORIENTED_EDGE('',*,*,#6408,.F.);
#8222=ORIENTED_EDGE('',*,*,#6409,.T.);
#8223=ORIENTED_EDGE('',*,*,#6410,.T.);
#8224=ORIENTED_EDGE('',*,*,#6409,.F.);
#8225=ORIENTED_EDGE('',*,*,#6410,.F.);
#8226=ORIENTED_EDGE('',*,*,#6411,.F.);
#8227=ORIENTED_EDGE('',*,*,#6412,.T.);
#8228=ORIENTED_EDGE('',*,*,#6413,.T.);
#8229=ORIENTED_EDGE('',*,*,#6412,.F.);
#8230=ORIENTED_EDGE('',*,*,#6413,.F.);
#8231=ORIENTED_EDGE('',*,*,#6402,.T.);
#8232=ORIENTED_EDGE('',*,*,#6405,.T.);
#8233=ORIENTED_EDGE('',*,*,#6408,.T.);
#8234=ORIENTED_EDGE('',*,*,#6414,.F.);
#8235=ORIENTED_EDGE('',*,*,#6415,.T.);
#8236=ORIENTED_EDGE('',*,*,#6416,.F.);
#8237=ORIENTED_EDGE('',*,*,#6415,.F.);
#8238=ORIENTED_EDGE('',*,*,#6416,.T.);
#8239=ORIENTED_EDGE('',*,*,#6404,.T.);
#8240=ORIENTED_EDGE('',*,*,#6407,.T.);
#8241=ORIENTED_EDGE('',*,*,#6414,.T.);
#8242=ORIENTED_EDGE('',*,*,#6411,.T.);
#8243=ORIENTED_EDGE('',*,*,#6417,.T.);
#8244=ORIENTED_EDGE('',*,*,#6418,.T.);
#8245=ORIENTED_EDGE('',*,*,#6419,.F.);
#8246=ORIENTED_EDGE('',*,*,#6420,.F.);
#8247=ORIENTED_EDGE('',*,*,#6421,.T.);
#8248=ORIENTED_EDGE('',*,*,#6420,.T.);
#8249=ORIENTED_EDGE('',*,*,#6422,.F.);
#8250=ORIENTED_EDGE('',*,*,#6423,.F.);
#8251=ORIENTED_EDGE('',*,*,#6424,.T.);
#8252=ORIENTED_EDGE('',*,*,#6423,.T.);
#8253=ORIENTED_EDGE('',*,*,#6425,.F.);
#8254=ORIENTED_EDGE('',*,*,#6426,.F.);
#8255=ORIENTED_EDGE('',*,*,#6427,.T.);
#8256=ORIENTED_EDGE('',*,*,#6426,.T.);
#8257=ORIENTED_EDGE('',*,*,#6428,.F.);
#8258=ORIENTED_EDGE('',*,*,#6418,.F.);
#8259=ORIENTED_EDGE('',*,*,#6428,.T.);
#8260=ORIENTED_EDGE('',*,*,#6425,.T.);
#8261=ORIENTED_EDGE('',*,*,#6422,.T.);
#8262=ORIENTED_EDGE('',*,*,#6419,.T.);
#8263=ORIENTED_EDGE('',*,*,#6427,.F.);
#8264=ORIENTED_EDGE('',*,*,#6417,.F.);
#8265=ORIENTED_EDGE('',*,*,#6421,.F.);
#8266=ORIENTED_EDGE('',*,*,#6424,.F.);
#8267=ORIENTED_EDGE('',*,*,#6429,.T.);
#8268=ORIENTED_EDGE('',*,*,#6430,.T.);
#8269=ORIENTED_EDGE('',*,*,#6431,.F.);
#8270=ORIENTED_EDGE('',*,*,#6432,.F.);
#8271=ORIENTED_EDGE('',*,*,#6433,.T.);
#8272=ORIENTED_EDGE('',*,*,#6432,.T.);
#8273=ORIENTED_EDGE('',*,*,#6434,.F.);
#8274=ORIENTED_EDGE('',*,*,#6435,.F.);
#8275=ORIENTED_EDGE('',*,*,#6436,.T.);
#8276=ORIENTED_EDGE('',*,*,#6435,.T.);
#8277=ORIENTED_EDGE('',*,*,#6437,.F.);
#8278=ORIENTED_EDGE('',*,*,#6438,.F.);
#8279=ORIENTED_EDGE('',*,*,#6439,.T.);
#8280=ORIENTED_EDGE('',*,*,#6438,.T.);
#8281=ORIENTED_EDGE('',*,*,#6440,.F.);
#8282=ORIENTED_EDGE('',*,*,#6430,.F.);
#8283=ORIENTED_EDGE('',*,*,#6440,.T.);
#8284=ORIENTED_EDGE('',*,*,#6437,.T.);
#8285=ORIENTED_EDGE('',*,*,#6434,.T.);
#8286=ORIENTED_EDGE('',*,*,#6431,.T.);
#8287=ORIENTED_EDGE('',*,*,#6439,.F.);
#8288=ORIENTED_EDGE('',*,*,#6429,.F.);
#8289=ORIENTED_EDGE('',*,*,#6433,.F.);
#8290=ORIENTED_EDGE('',*,*,#6436,.F.);
#8291=ORIENTED_EDGE('',*,*,#6441,.T.);
#8292=ORIENTED_EDGE('',*,*,#6442,.T.);
#8293=ORIENTED_EDGE('',*,*,#6443,.F.);
#8294=ORIENTED_EDGE('',*,*,#6444,.F.);
#8295=ORIENTED_EDGE('',*,*,#6445,.T.);
#8296=ORIENTED_EDGE('',*,*,#6444,.T.);
#8297=ORIENTED_EDGE('',*,*,#6446,.F.);
#8298=ORIENTED_EDGE('',*,*,#6447,.F.);
#8299=ORIENTED_EDGE('',*,*,#6448,.T.);
#8300=ORIENTED_EDGE('',*,*,#6447,.T.);
#8301=ORIENTED_EDGE('',*,*,#6449,.F.);
#8302=ORIENTED_EDGE('',*,*,#6450,.F.);
#8303=ORIENTED_EDGE('',*,*,#6451,.T.);
#8304=ORIENTED_EDGE('',*,*,#6450,.T.);
#8305=ORIENTED_EDGE('',*,*,#6452,.F.);
#8306=ORIENTED_EDGE('',*,*,#6442,.F.);
#8307=ORIENTED_EDGE('',*,*,#6452,.T.);
#8308=ORIENTED_EDGE('',*,*,#6449,.T.);
#8309=ORIENTED_EDGE('',*,*,#6446,.T.);
#8310=ORIENTED_EDGE('',*,*,#6443,.T.);
#8311=ORIENTED_EDGE('',*,*,#6451,.F.);
#8312=ORIENTED_EDGE('',*,*,#6441,.F.);
#8313=ORIENTED_EDGE('',*,*,#6445,.F.);
#8314=ORIENTED_EDGE('',*,*,#6448,.F.);
#8315=ORIENTED_EDGE('',*,*,#6453,.F.);
#8316=ORIENTED_EDGE('',*,*,#6454,.T.);
#8317=ORIENTED_EDGE('',*,*,#6455,.F.);
#8318=ORIENTED_EDGE('',*,*,#6454,.F.);
#8319=ORIENTED_EDGE('',*,*,#6456,.F.);
#8320=ORIENTED_EDGE('',*,*,#6457,.T.);
#8321=ORIENTED_EDGE('',*,*,#6458,.F.);
#8322=ORIENTED_EDGE('',*,*,#6457,.F.);
#8323=ORIENTED_EDGE('',*,*,#6459,.T.);
#8324=ORIENTED_EDGE('',*,*,#6460,.T.);
#8325=ORIENTED_EDGE('',*,*,#6461,.F.);
#8326=ORIENTED_EDGE('',*,*,#6462,.F.);
#8327=ORIENTED_EDGE('',*,*,#6463,.T.);
#8328=ORIENTED_EDGE('',*,*,#6462,.T.);
#8329=ORIENTED_EDGE('',*,*,#6464,.F.);
#8330=ORIENTED_EDGE('',*,*,#6465,.F.);
#8331=ORIENTED_EDGE('',*,*,#6466,.T.);
#8332=ORIENTED_EDGE('',*,*,#6465,.T.);
#8333=ORIENTED_EDGE('',*,*,#6467,.F.);
#8334=ORIENTED_EDGE('',*,*,#6468,.F.);
#8335=ORIENTED_EDGE('',*,*,#6469,.T.);
#8336=ORIENTED_EDGE('',*,*,#6468,.T.);
#8337=ORIENTED_EDGE('',*,*,#6470,.F.);
#8338=ORIENTED_EDGE('',*,*,#6460,.F.);
#8339=ORIENTED_EDGE('',*,*,#6470,.T.);
#8340=ORIENTED_EDGE('',*,*,#6467,.T.);
#8341=ORIENTED_EDGE('',*,*,#6464,.T.);
#8342=ORIENTED_EDGE('',*,*,#6461,.T.);
#8343=ORIENTED_EDGE('',*,*,#6455,.T.);
#8344=ORIENTED_EDGE('',*,*,#6458,.T.);
#8345=ORIENTED_EDGE('',*,*,#6469,.F.);
#8346=ORIENTED_EDGE('',*,*,#6459,.F.);
#8347=ORIENTED_EDGE('',*,*,#6463,.F.);
#8348=ORIENTED_EDGE('',*,*,#6466,.F.);
#8349=ORIENTED_EDGE('',*,*,#6453,.T.);
#8350=ORIENTED_EDGE('',*,*,#6456,.T.);
#8351=ORIENTED_EDGE('',*,*,#6471,.T.);
#8352=ORIENTED_EDGE('',*,*,#6472,.T.);
#8353=ORIENTED_EDGE('',*,*,#6473,.F.);
#8354=ORIENTED_EDGE('',*,*,#6474,.F.);
#8355=ORIENTED_EDGE('',*,*,#6475,.T.);
#8356=ORIENTED_EDGE('',*,*,#6474,.T.);
#8357=ORIENTED_EDGE('',*,*,#6476,.F.);
#8358=ORIENTED_EDGE('',*,*,#6477,.F.);
#8359=ORIENTED_EDGE('',*,*,#6478,.T.);
#8360=ORIENTED_EDGE('',*,*,#6477,.T.);
#8361=ORIENTED_EDGE('',*,*,#6479,.F.);
#8362=ORIENTED_EDGE('',*,*,#6480,.F.);
#8363=ORIENTED_EDGE('',*,*,#6481,.T.);
#8364=ORIENTED_EDGE('',*,*,#6480,.T.);
#8365=ORIENTED_EDGE('',*,*,#6482,.F.);
#8366=ORIENTED_EDGE('',*,*,#6472,.F.);
#8367=ORIENTED_EDGE('',*,*,#6482,.T.);
#8368=ORIENTED_EDGE('',*,*,#6479,.T.);
#8369=ORIENTED_EDGE('',*,*,#6476,.T.);
#8370=ORIENTED_EDGE('',*,*,#6473,.T.);
#8371=ORIENTED_EDGE('',*,*,#6481,.F.);
#8372=ORIENTED_EDGE('',*,*,#6471,.F.);
#8373=ORIENTED_EDGE('',*,*,#6475,.F.);
#8374=ORIENTED_EDGE('',*,*,#6478,.F.);
#8375=ORIENTED_EDGE('',*,*,#6483,.F.);
#8376=ORIENTED_EDGE('',*,*,#6484,.T.);
#8377=ORIENTED_EDGE('',*,*,#6485,.F.);
#8378=ORIENTED_EDGE('',*,*,#6484,.F.);
#8379=ORIENTED_EDGE('',*,*,#6486,.F.);
#8380=ORIENTED_EDGE('',*,*,#6487,.T.);
#8381=ORIENTED_EDGE('',*,*,#6488,.F.);
#8382=ORIENTED_EDGE('',*,*,#6487,.F.);
#8383=ORIENTED_EDGE('',*,*,#6489,.F.);
#8384=ORIENTED_EDGE('',*,*,#6490,.T.);
#8385=ORIENTED_EDGE('',*,*,#6491,.F.);
#8386=ORIENTED_EDGE('',*,*,#6490,.F.);
#8387=ORIENTED_EDGE('',*,*,#6492,.F.);
#8388=ORIENTED_EDGE('',*,*,#6493,.T.);
#8389=ORIENTED_EDGE('',*,*,#6494,.F.);
#8390=ORIENTED_EDGE('',*,*,#6493,.F.);
#8391=ORIENTED_EDGE('',*,*,#6495,.T.);
#8392=ORIENTED_EDGE('',*,*,#6496,.T.);
#8393=ORIENTED_EDGE('',*,*,#6497,.F.);
#8394=ORIENTED_EDGE('',*,*,#6498,.F.);
#8395=ORIENTED_EDGE('',*,*,#6485,.T.);
#8396=ORIENTED_EDGE('',*,*,#6488,.T.);
#8397=ORIENTED_EDGE('',*,*,#6491,.T.);
#8398=ORIENTED_EDGE('',*,*,#6494,.T.);
#8399=ORIENTED_EDGE('',*,*,#6499,.T.);
#8400=ORIENTED_EDGE('',*,*,#6498,.T.);
#8401=ORIENTED_EDGE('',*,*,#6500,.F.);
#8402=ORIENTED_EDGE('',*,*,#6501,.F.);
#8403=ORIENTED_EDGE('',*,*,#6502,.T.);
#8404=ORIENTED_EDGE('',*,*,#6501,.T.);
#8405=ORIENTED_EDGE('',*,*,#6503,.F.);
#8406=ORIENTED_EDGE('',*,*,#6504,.F.);
#8407=ORIENTED_EDGE('',*,*,#6483,.T.);
#8408=ORIENTED_EDGE('',*,*,#6486,.T.);
#8409=ORIENTED_EDGE('',*,*,#6489,.T.);
#8410=ORIENTED_EDGE('',*,*,#6492,.T.);
#8411=ORIENTED_EDGE('',*,*,#6505,.T.);
#8412=ORIENTED_EDGE('',*,*,#6504,.T.);
#8413=ORIENTED_EDGE('',*,*,#6506,.F.);
#8414=ORIENTED_EDGE('',*,*,#6496,.F.);
#8415=ORIENTED_EDGE('',*,*,#6506,.T.);
#8416=ORIENTED_EDGE('',*,*,#6503,.T.);
#8417=ORIENTED_EDGE('',*,*,#6500,.T.);
#8418=ORIENTED_EDGE('',*,*,#6497,.T.);
#8419=ORIENTED_EDGE('',*,*,#6505,.F.);
#8420=ORIENTED_EDGE('',*,*,#6495,.F.);
#8421=ORIENTED_EDGE('',*,*,#6499,.F.);
#8422=ORIENTED_EDGE('',*,*,#6502,.F.);
#8423=ORIENTED_EDGE('',*,*,#6507,.F.);
#8424=ORIENTED_EDGE('',*,*,#6508,.T.);
#8425=ORIENTED_EDGE('',*,*,#6509,.F.);
#8426=ORIENTED_EDGE('',*,*,#6508,.F.);
#8427=ORIENTED_EDGE('',*,*,#6510,.F.);
#8428=ORIENTED_EDGE('',*,*,#6511,.T.);
#8429=ORIENTED_EDGE('',*,*,#6512,.F.);
#8430=ORIENTED_EDGE('',*,*,#6511,.F.);
#8431=ORIENTED_EDGE('',*,*,#6513,.F.);
#8432=ORIENTED_EDGE('',*,*,#6514,.T.);
#8433=ORIENTED_EDGE('',*,*,#6515,.F.);
#8434=ORIENTED_EDGE('',*,*,#6514,.F.);
#8435=ORIENTED_EDGE('',*,*,#6516,.F.);
#8436=ORIENTED_EDGE('',*,*,#6517,.T.);
#8437=ORIENTED_EDGE('',*,*,#6518,.F.);
#8438=ORIENTED_EDGE('',*,*,#6517,.F.);
#8439=ORIENTED_EDGE('',*,*,#6519,.F.);
#8440=ORIENTED_EDGE('',*,*,#6520,.F.);
#8441=ORIENTED_EDGE('',*,*,#6521,.F.);
#8442=ORIENTED_EDGE('',*,*,#6522,.T.);
#8443=ORIENTED_EDGE('',*,*,#6523,.F.);
#8444=ORIENTED_EDGE('',*,*,#6522,.F.);
#8445=ORIENTED_EDGE('',*,*,#6524,.F.);
#8446=ORIENTED_EDGE('',*,*,#6525,.F.);
#8447=ORIENTED_EDGE('',*,*,#6526,.F.);
#8448=ORIENTED_EDGE('',*,*,#6525,.T.);
#8449=ORIENTED_EDGE('',*,*,#6527,.F.);
#8450=ORIENTED_EDGE('',*,*,#6528,.T.);
#8451=ORIENTED_EDGE('',*,*,#6529,.F.);
#8452=ORIENTED_EDGE('',*,*,#6528,.F.);
#8453=ORIENTED_EDGE('',*,*,#6530,.F.);
#8454=ORIENTED_EDGE('',*,*,#6520,.T.);
#8455=ORIENTED_EDGE('',*,*,#6531,.F.);
#8456=ORIENTED_EDGE('',*,*,#6532,.F.);
#8457=ORIENTED_EDGE('',*,*,#6533,.F.);
#8458=ORIENTED_EDGE('',*,*,#6534,.T.);
#8459=ORIENTED_EDGE('',*,*,#6535,.F.);
#8460=ORIENTED_EDGE('',*,*,#6534,.F.);
#8461=ORIENTED_EDGE('',*,*,#6536,.F.);
#8462=ORIENTED_EDGE('',*,*,#6537,.F.);
#8463=ORIENTED_EDGE('',*,*,#6538,.F.);
#8464=ORIENTED_EDGE('',*,*,#6537,.T.);
#8465=ORIENTED_EDGE('',*,*,#6539,.F.);
#8466=ORIENTED_EDGE('',*,*,#6540,.T.);
#8467=ORIENTED_EDGE('',*,*,#6541,.F.);
#8468=ORIENTED_EDGE('',*,*,#6540,.F.);
#8469=ORIENTED_EDGE('',*,*,#6542,.F.);
#8470=ORIENTED_EDGE('',*,*,#6532,.T.);
#8471=ORIENTED_EDGE('',*,*,#6543,.T.);
#8472=ORIENTED_EDGE('',*,*,#6544,.T.);
#8473=ORIENTED_EDGE('',*,*,#6545,.F.);
#8474=ORIENTED_EDGE('',*,*,#6546,.F.);
#8475=ORIENTED_EDGE('',*,*,#6547,.T.);
#8476=ORIENTED_EDGE('',*,*,#6546,.T.);
#8477=ORIENTED_EDGE('',*,*,#6548,.F.);
#8478=ORIENTED_EDGE('',*,*,#6549,.F.);
#8479=ORIENTED_EDGE('',*,*,#6550,.T.);
#8480=ORIENTED_EDGE('',*,*,#6549,.T.);
#8481=ORIENTED_EDGE('',*,*,#6551,.F.);
#8482=ORIENTED_EDGE('',*,*,#6552,.F.);
#8483=ORIENTED_EDGE('',*,*,#6553,.T.);
#8484=ORIENTED_EDGE('',*,*,#6552,.T.);
#8485=ORIENTED_EDGE('',*,*,#6554,.F.);
#8486=ORIENTED_EDGE('',*,*,#6544,.F.);
#8487=ORIENTED_EDGE('',*,*,#6554,.T.);
#8488=ORIENTED_EDGE('',*,*,#6551,.T.);
#8489=ORIENTED_EDGE('',*,*,#6548,.T.);
#8490=ORIENTED_EDGE('',*,*,#6545,.T.);
#8491=ORIENTED_EDGE('',*,*,#6538,.T.);
#8492=ORIENTED_EDGE('',*,*,#6541,.T.);
#8493=ORIENTED_EDGE('',*,*,#6531,.T.);
#8494=ORIENTED_EDGE('',*,*,#6535,.T.);
#8495=ORIENTED_EDGE('',*,*,#6526,.T.);
#8496=ORIENTED_EDGE('',*,*,#6529,.T.);
#8497=ORIENTED_EDGE('',*,*,#6519,.T.);
#8498=ORIENTED_EDGE('',*,*,#6523,.T.);
#8499=ORIENTED_EDGE('',*,*,#6518,.T.);
#8500=ORIENTED_EDGE('',*,*,#6515,.T.);
#8501=ORIENTED_EDGE('',*,*,#6512,.T.);
#8502=ORIENTED_EDGE('',*,*,#6509,.T.);
#8503=ORIENTED_EDGE('',*,*,#6553,.F.);
#8504=ORIENTED_EDGE('',*,*,#6543,.F.);
#8505=ORIENTED_EDGE('',*,*,#6547,.F.);
#8506=ORIENTED_EDGE('',*,*,#6550,.F.);
#8507=ORIENTED_EDGE('',*,*,#6539,.T.);
#8508=ORIENTED_EDGE('',*,*,#6536,.T.);
#8509=ORIENTED_EDGE('',*,*,#6533,.T.);
#8510=ORIENTED_EDGE('',*,*,#6542,.T.);
#8511=ORIENTED_EDGE('',*,*,#6527,.T.);
#8512=ORIENTED_EDGE('',*,*,#6524,.T.);
#8513=ORIENTED_EDGE('',*,*,#6521,.T.);
#8514=ORIENTED_EDGE('',*,*,#6530,.T.);
#8515=ORIENTED_EDGE('',*,*,#6516,.T.);
#8516=ORIENTED_EDGE('',*,*,#6513,.T.);
#8517=ORIENTED_EDGE('',*,*,#6510,.T.);
#8518=ORIENTED_EDGE('',*,*,#6507,.T.);
#8519=ORIENTED_EDGE('',*,*,#6555,.T.);
#8520=ORIENTED_EDGE('',*,*,#6556,.T.);
#8521=ORIENTED_EDGE('',*,*,#6557,.F.);
#8522=ORIENTED_EDGE('',*,*,#6558,.F.);
#8523=ORIENTED_EDGE('',*,*,#6559,.T.);
#8524=ORIENTED_EDGE('',*,*,#6558,.T.);
#8525=ORIENTED_EDGE('',*,*,#6560,.F.);
#8526=ORIENTED_EDGE('',*,*,#6561,.F.);
#8527=ORIENTED_EDGE('',*,*,#6562,.F.);
#8528=ORIENTED_EDGE('',*,*,#6561,.T.);
#8529=ORIENTED_EDGE('',*,*,#6563,.F.);
#8530=ORIENTED_EDGE('',*,*,#6564,.F.);
#8531=ORIENTED_EDGE('',*,*,#6565,.T.);
#8532=ORIENTED_EDGE('',*,*,#6564,.T.);
#8533=ORIENTED_EDGE('',*,*,#6566,.F.);
#8534=ORIENTED_EDGE('',*,*,#6556,.F.);
#8535=ORIENTED_EDGE('',*,*,#6566,.T.);
#8536=ORIENTED_EDGE('',*,*,#6563,.T.);
#8537=ORIENTED_EDGE('',*,*,#6560,.T.);
#8538=ORIENTED_EDGE('',*,*,#6557,.T.);
#8539=ORIENTED_EDGE('',*,*,#6565,.F.);
#8540=ORIENTED_EDGE('',*,*,#6555,.F.);
#8541=ORIENTED_EDGE('',*,*,#6559,.F.);
#8542=ORIENTED_EDGE('',*,*,#6562,.T.);
#8543=ORIENTED_EDGE('',*,*,#6567,.F.);
#8544=ORIENTED_EDGE('',*,*,#6568,.T.);
#8545=ORIENTED_EDGE('',*,*,#6569,.F.);
#8546=ORIENTED_EDGE('',*,*,#6570,.F.);
#8547=ORIENTED_EDGE('',*,*,#6571,.T.);
#8548=ORIENTED_EDGE('',*,*,#6572,.T.);
#8549=ORIENTED_EDGE('',*,*,#6573,.T.);
#8550=ORIENTED_EDGE('',*,*,#6574,.T.);
#8551=ORIENTED_EDGE('',*,*,#6567,.T.);
#8552=ORIENTED_EDGE('',*,*,#6575,.T.);
#8553=ORIENTED_EDGE('',*,*,#6571,.F.);
#8554=ORIENTED_EDGE('',*,*,#6576,.F.);
#8555=ORIENTED_EDGE('',*,*,#6570,.T.);
#8556=ORIENTED_EDGE('',*,*,#6577,.T.);
#8557=ORIENTED_EDGE('',*,*,#6572,.F.);
#8558=ORIENTED_EDGE('',*,*,#6575,.F.);
#8559=ORIENTED_EDGE('',*,*,#6569,.T.);
#8560=ORIENTED_EDGE('',*,*,#6578,.T.);
#8561=ORIENTED_EDGE('',*,*,#6573,.F.);
#8562=ORIENTED_EDGE('',*,*,#6577,.F.);
#8563=ORIENTED_EDGE('',*,*,#6568,.F.);
#8564=ORIENTED_EDGE('',*,*,#6576,.T.);
#8565=ORIENTED_EDGE('',*,*,#6574,.F.);
#8566=ORIENTED_EDGE('',*,*,#6578,.F.);
#8567=ORIENTED_EDGE('',*,*,#6579,.F.);
#8568=ORIENTED_EDGE('',*,*,#6580,.T.);
#8569=ORIENTED_EDGE('',*,*,#6581,.T.);
#8570=ORIENTED_EDGE('',*,*,#6580,.F.);
#8571=ORIENTED_EDGE('',*,*,#6581,.F.);
#8572=ORIENTED_EDGE('',*,*,#6582,.F.);
#8573=ORIENTED_EDGE('',*,*,#6583,.T.);
#8574=ORIENTED_EDGE('',*,*,#6584,.T.);
#8575=ORIENTED_EDGE('',*,*,#6583,.F.);
#8576=ORIENTED_EDGE('',*,*,#6584,.F.);
#8577=ORIENTED_EDGE('',*,*,#6585,.F.);
#8578=ORIENTED_EDGE('',*,*,#6586,.T.);
#8579=ORIENTED_EDGE('',*,*,#6587,.T.);
#8580=ORIENTED_EDGE('',*,*,#6586,.F.);
#8581=ORIENTED_EDGE('',*,*,#6585,.T.);
#8582=ORIENTED_EDGE('',*,*,#6582,.T.);
#8583=ORIENTED_EDGE('',*,*,#6587,.F.);
#8584=ORIENTED_EDGE('',*,*,#6579,.T.);
#8585=ORIENTED_EDGE('',*,*,#6588,.F.);
#8586=ORIENTED_EDGE('',*,*,#6589,.T.);
#8587=ORIENTED_EDGE('',*,*,#6590,.T.);
#8588=ORIENTED_EDGE('',*,*,#6589,.F.);
#8589=ORIENTED_EDGE('',*,*,#6590,.F.);
#8590=ORIENTED_EDGE('',*,*,#6591,.F.);
#8591=ORIENTED_EDGE('',*,*,#6592,.T.);
#8592=ORIENTED_EDGE('',*,*,#6593,.T.);
#8593=ORIENTED_EDGE('',*,*,#6592,.F.);
#8594=ORIENTED_EDGE('',*,*,#6593,.F.);
#8595=ORIENTED_EDGE('',*,*,#6594,.F.);
#8596=ORIENTED_EDGE('',*,*,#6595,.T.);
#8597=ORIENTED_EDGE('',*,*,#6596,.T.);
#8598=ORIENTED_EDGE('',*,*,#6595,.F.);
#8599=ORIENTED_EDGE('',*,*,#6594,.T.);
#8600=ORIENTED_EDGE('',*,*,#6591,.T.);
#8601=ORIENTED_EDGE('',*,*,#6596,.F.);
#8602=ORIENTED_EDGE('',*,*,#6588,.T.);
#8603=ORIENTED_EDGE('',*,*,#6597,.F.);
#8604=ORIENTED_EDGE('',*,*,#6598,.T.);
#8605=ORIENTED_EDGE('',*,*,#6599,.T.);
#8606=ORIENTED_EDGE('',*,*,#6598,.F.);
#8607=ORIENTED_EDGE('',*,*,#6599,.F.);
#8608=ORIENTED_EDGE('',*,*,#6600,.F.);
#8609=ORIENTED_EDGE('',*,*,#6601,.T.);
#8610=ORIENTED_EDGE('',*,*,#6602,.T.);
#8611=ORIENTED_EDGE('',*,*,#6601,.F.);
#8612=ORIENTED_EDGE('',*,*,#6602,.F.);
#8613=ORIENTED_EDGE('',*,*,#6603,.F.);
#8614=ORIENTED_EDGE('',*,*,#6604,.T.);
#8615=ORIENTED_EDGE('',*,*,#6605,.T.);
#8616=ORIENTED_EDGE('',*,*,#6604,.F.);
#8617=ORIENTED_EDGE('',*,*,#6603,.T.);
#8618=ORIENTED_EDGE('',*,*,#6600,.T.);
#8619=ORIENTED_EDGE('',*,*,#6605,.F.);
#8620=ORIENTED_EDGE('',*,*,#6597,.T.);
#8621=ORIENTED_EDGE('',*,*,#6606,.F.);
#8622=ORIENTED_EDGE('',*,*,#6607,.T.);
#8623=ORIENTED_EDGE('',*,*,#6608,.T.);
#8624=ORIENTED_EDGE('',*,*,#6607,.F.);
#8625=ORIENTED_EDGE('',*,*,#6608,.F.);
#8626=ORIENTED_EDGE('',*,*,#6609,.F.);
#8627=ORIENTED_EDGE('',*,*,#6610,.T.);
#8628=ORIENTED_EDGE('',*,*,#6611,.T.);
#8629=ORIENTED_EDGE('',*,*,#6610,.F.);
#8630=ORIENTED_EDGE('',*,*,#6611,.F.);
#8631=ORIENTED_EDGE('',*,*,#6612,.F.);
#8632=ORIENTED_EDGE('',*,*,#6613,.T.);
#8633=ORIENTED_EDGE('',*,*,#6614,.T.);
#8634=ORIENTED_EDGE('',*,*,#6613,.F.);
#8635=ORIENTED_EDGE('',*,*,#6612,.T.);
#8636=ORIENTED_EDGE('',*,*,#6609,.T.);
#8637=ORIENTED_EDGE('',*,*,#6614,.F.);
#8638=ORIENTED_EDGE('',*,*,#6606,.T.);
#8639=ORIENTED_EDGE('',*,*,#6615,.F.);
#8640=ORIENTED_EDGE('',*,*,#6616,.T.);
#8641=ORIENTED_EDGE('',*,*,#6617,.T.);
#8642=ORIENTED_EDGE('',*,*,#6616,.F.);
#8643=ORIENTED_EDGE('',*,*,#6617,.F.);
#8644=ORIENTED_EDGE('',*,*,#6618,.F.);
#8645=ORIENTED_EDGE('',*,*,#6619,.T.);
#8646=ORIENTED_EDGE('',*,*,#6620,.T.);
#8647=ORIENTED_EDGE('',*,*,#6619,.F.);
#8648=ORIENTED_EDGE('',*,*,#6620,.F.);
#8649=ORIENTED_EDGE('',*,*,#6621,.F.);
#8650=ORIENTED_EDGE('',*,*,#6622,.T.);
#8651=ORIENTED_EDGE('',*,*,#6623,.T.);
#8652=ORIENTED_EDGE('',*,*,#6622,.F.);
#8653=ORIENTED_EDGE('',*,*,#6621,.T.);
#8654=ORIENTED_EDGE('',*,*,#6618,.T.);
#8655=ORIENTED_EDGE('',*,*,#6623,.F.);
#8656=ORIENTED_EDGE('',*,*,#6615,.T.);
#8657=ORIENTED_EDGE('',*,*,#6624,.F.);
#8658=ORIENTED_EDGE('',*,*,#6625,.T.);
#8659=ORIENTED_EDGE('',*,*,#6626,.T.);
#8660=ORIENTED_EDGE('',*,*,#6625,.F.);
#8661=ORIENTED_EDGE('',*,*,#6626,.F.);
#8662=ORIENTED_EDGE('',*,*,#6627,.F.);
#8663=ORIENTED_EDGE('',*,*,#6628,.T.);
#8664=ORIENTED_EDGE('',*,*,#6629,.T.);
#8665=ORIENTED_EDGE('',*,*,#6628,.F.);
#8666=ORIENTED_EDGE('',*,*,#6629,.F.);
#8667=ORIENTED_EDGE('',*,*,#6630,.F.);
#8668=ORIENTED_EDGE('',*,*,#6631,.T.);
#8669=ORIENTED_EDGE('',*,*,#6632,.T.);
#8670=ORIENTED_EDGE('',*,*,#6631,.F.);
#8671=ORIENTED_EDGE('',*,*,#6630,.T.);
#8672=ORIENTED_EDGE('',*,*,#6627,.T.);
#8673=ORIENTED_EDGE('',*,*,#6632,.F.);
#8674=ORIENTED_EDGE('',*,*,#6624,.T.);
#8675=ORIENTED_EDGE('',*,*,#6633,.F.);
#8676=ORIENTED_EDGE('',*,*,#6634,.T.);
#8677=ORIENTED_EDGE('',*,*,#6635,.F.);
#8678=ORIENTED_EDGE('',*,*,#6634,.F.);
#8679=ORIENTED_EDGE('',*,*,#6636,.F.);
#8680=ORIENTED_EDGE('',*,*,#6637,.T.);
#8681=ORIENTED_EDGE('',*,*,#6638,.F.);
#8682=ORIENTED_EDGE('',*,*,#6637,.F.);
#8683=ORIENTED_EDGE('',*,*,#6639,.F.);
#8684=ORIENTED_EDGE('',*,*,#6640,.T.);
#8685=ORIENTED_EDGE('',*,*,#6641,.F.);
#8686=ORIENTED_EDGE('',*,*,#6642,.F.);
#8687=ORIENTED_EDGE('',*,*,#6643,.F.);
#8688=ORIENTED_EDGE('',*,*,#6644,.F.);
#8689=ORIENTED_EDGE('',*,*,#6645,.F.);
#8690=ORIENTED_EDGE('',*,*,#6646,.T.);
#8691=ORIENTED_EDGE('',*,*,#6647,.F.);
#8692=ORIENTED_EDGE('',*,*,#6646,.F.);
#8693=ORIENTED_EDGE('',*,*,#6648,.F.);
#8694=ORIENTED_EDGE('',*,*,#6640,.F.);
#8695=ORIENTED_EDGE('',*,*,#6641,.T.);
#8696=ORIENTED_EDGE('',*,*,#6648,.T.);
#8697=ORIENTED_EDGE('',*,*,#6645,.T.);
#8698=ORIENTED_EDGE('',*,*,#6649,.T.);
#8699=ORIENTED_EDGE('',*,*,#6650,.T.);
#8700=ORIENTED_EDGE('',*,*,#6651,.F.);
#8701=ORIENTED_EDGE('',*,*,#6652,.F.);
#8702=ORIENTED_EDGE('',*,*,#6653,.T.);
#8703=ORIENTED_EDGE('',*,*,#6644,.T.);
#8704=ORIENTED_EDGE('',*,*,#6654,.F.);
#8705=ORIENTED_EDGE('',*,*,#6655,.F.);
#8706=ORIENTED_EDGE('',*,*,#6649,.F.);
#8707=ORIENTED_EDGE('',*,*,#6633,.T.);
#8708=ORIENTED_EDGE('',*,*,#6642,.T.);
#8709=ORIENTED_EDGE('',*,*,#6653,.F.);
#8710=ORIENTED_EDGE('',*,*,#6656,.F.);
#8711=ORIENTED_EDGE('',*,*,#6657,.F.);
#8712=ORIENTED_EDGE('',*,*,#6636,.T.);
#8713=ORIENTED_EDGE('',*,*,#6658,.F.);
#8714=ORIENTED_EDGE('',*,*,#6659,.F.);
#8715=ORIENTED_EDGE('',*,*,#6660,.F.);
#8716=ORIENTED_EDGE('',*,*,#6661,.T.);
#8717=ORIENTED_EDGE('',*,*,#6662,.F.);
#8718=ORIENTED_EDGE('',*,*,#6661,.F.);
#8719=ORIENTED_EDGE('',*,*,#6663,.F.);
#8720=ORIENTED_EDGE('',*,*,#6664,.T.);
#8721=ORIENTED_EDGE('',*,*,#6665,.F.);
#8722=ORIENTED_EDGE('',*,*,#6664,.F.);
#8723=ORIENTED_EDGE('',*,*,#6666,.F.);
#8724=ORIENTED_EDGE('',*,*,#6667,.T.);
#8725=ORIENTED_EDGE('',*,*,#6668,.F.);
#8726=ORIENTED_EDGE('',*,*,#6667,.F.);
#8727=ORIENTED_EDGE('',*,*,#6669,.F.);
#8728=ORIENTED_EDGE('',*,*,#6659,.T.);
#8729=ORIENTED_EDGE('',*,*,#6663,.T.);
#8730=ORIENTED_EDGE('',*,*,#6660,.T.);
#8731=ORIENTED_EDGE('',*,*,#6669,.T.);
#8732=ORIENTED_EDGE('',*,*,#6666,.T.);
#8733=ORIENTED_EDGE('',*,*,#6635,.T.);
#8734=ORIENTED_EDGE('',*,*,#6638,.T.);
#8735=ORIENTED_EDGE('',*,*,#6656,.T.);
#8736=ORIENTED_EDGE('',*,*,#6652,.T.);
#8737=ORIENTED_EDGE('',*,*,#6670,.F.);
#8738=ORIENTED_EDGE('',*,*,#6671,.F.);
#8739=ORIENTED_EDGE('',*,*,#6639,.T.);
#8740=ORIENTED_EDGE('',*,*,#6657,.T.);
#8741=ORIENTED_EDGE('',*,*,#6671,.T.);
#8742=ORIENTED_EDGE('',*,*,#6672,.F.);
#8743=ORIENTED_EDGE('',*,*,#6673,.F.);
#8744=ORIENTED_EDGE('',*,*,#6654,.T.);
#8745=ORIENTED_EDGE('',*,*,#6643,.T.);
#8746=ORIENTED_EDGE('',*,*,#6647,.T.);
#8747=ORIENTED_EDGE('',*,*,#6655,.T.);
#8748=ORIENTED_EDGE('',*,*,#6673,.T.);
#8749=ORIENTED_EDGE('',*,*,#6674,.F.);
#8750=ORIENTED_EDGE('',*,*,#6650,.F.);
#8751=ORIENTED_EDGE('',*,*,#6651,.T.);
#8752=ORIENTED_EDGE('',*,*,#6674,.T.);
#8753=ORIENTED_EDGE('',*,*,#6672,.T.);
#8754=ORIENTED_EDGE('',*,*,#6670,.T.);
#8755=ORIENTED_EDGE('',*,*,#6665,.T.);
#8756=ORIENTED_EDGE('',*,*,#6668,.T.);
#8757=ORIENTED_EDGE('',*,*,#6658,.T.);
#8758=ORIENTED_EDGE('',*,*,#6662,.T.);
#8759=ORIENTED_EDGE('',*,*,#6675,.F.);
#8760=ORIENTED_EDGE('',*,*,#6676,.T.);
#8761=ORIENTED_EDGE('',*,*,#6677,.F.);
#8762=ORIENTED_EDGE('',*,*,#6676,.F.);
#8763=ORIENTED_EDGE('',*,*,#6678,.F.);
#8764=ORIENTED_EDGE('',*,*,#6679,.T.);
#8765=ORIENTED_EDGE('',*,*,#6680,.F.);
#8766=ORIENTED_EDGE('',*,*,#6679,.F.);
#8767=ORIENTED_EDGE('',*,*,#6681,.F.);
#8768=ORIENTED_EDGE('',*,*,#6682,.T.);
#8769=ORIENTED_EDGE('',*,*,#6683,.F.);
#8770=ORIENTED_EDGE('',*,*,#6684,.F.);
#8771=ORIENTED_EDGE('',*,*,#6685,.F.);
#8772=ORIENTED_EDGE('',*,*,#6686,.F.);
#8773=ORIENTED_EDGE('',*,*,#6687,.F.);
#8774=ORIENTED_EDGE('',*,*,#6688,.T.);
#8775=ORIENTED_EDGE('',*,*,#6689,.F.);
#8776=ORIENTED_EDGE('',*,*,#6688,.F.);
#8777=ORIENTED_EDGE('',*,*,#6690,.F.);
#8778=ORIENTED_EDGE('',*,*,#6682,.F.);
#8779=ORIENTED_EDGE('',*,*,#6683,.T.);
#8780=ORIENTED_EDGE('',*,*,#6690,.T.);
#8781=ORIENTED_EDGE('',*,*,#6687,.T.);
#8782=ORIENTED_EDGE('',*,*,#6691,.T.);
#8783=ORIENTED_EDGE('',*,*,#6692,.T.);
#8784=ORIENTED_EDGE('',*,*,#6693,.F.);
#8785=ORIENTED_EDGE('',*,*,#6694,.F.);
#8786=ORIENTED_EDGE('',*,*,#6695,.T.);
#8787=ORIENTED_EDGE('',*,*,#6686,.T.);
#8788=ORIENTED_EDGE('',*,*,#6696,.F.);
#8789=ORIENTED_EDGE('',*,*,#6697,.F.);
#8790=ORIENTED_EDGE('',*,*,#6691,.F.);
#8791=ORIENTED_EDGE('',*,*,#6675,.T.);
#8792=ORIENTED_EDGE('',*,*,#6684,.T.);
#8793=ORIENTED_EDGE('',*,*,#6695,.F.);
#8794=ORIENTED_EDGE('',*,*,#6698,.F.);
#8795=ORIENTED_EDGE('',*,*,#6699,.F.);
#8796=ORIENTED_EDGE('',*,*,#6678,.T.);
#8797=ORIENTED_EDGE('',*,*,#6700,.F.);
#8798=ORIENTED_EDGE('',*,*,#6701,.F.);
#8799=ORIENTED_EDGE('',*,*,#6702,.F.);
#8800=ORIENTED_EDGE('',*,*,#6703,.T.);
#8801=ORIENTED_EDGE('',*,*,#6704,.F.);
#8802=ORIENTED_EDGE('',*,*,#6703,.F.);
#8803=ORIENTED_EDGE('',*,*,#6705,.F.);
#8804=ORIENTED_EDGE('',*,*,#6706,.T.);
#8805=ORIENTED_EDGE('',*,*,#6707,.F.);
#8806=ORIENTED_EDGE('',*,*,#6706,.F.);
#8807=ORIENTED_EDGE('',*,*,#6708,.F.);
#8808=ORIENTED_EDGE('',*,*,#6709,.T.);
#8809=ORIENTED_EDGE('',*,*,#6710,.F.);
#8810=ORIENTED_EDGE('',*,*,#6709,.F.);
#8811=ORIENTED_EDGE('',*,*,#6711,.F.);
#8812=ORIENTED_EDGE('',*,*,#6701,.T.);
#8813=ORIENTED_EDGE('',*,*,#6705,.T.);
#8814=ORIENTED_EDGE('',*,*,#6702,.T.);
#8815=ORIENTED_EDGE('',*,*,#6711,.T.);
#8816=ORIENTED_EDGE('',*,*,#6708,.T.);
#8817=ORIENTED_EDGE('',*,*,#6677,.T.);
#8818=ORIENTED_EDGE('',*,*,#6680,.T.);
#8819=ORIENTED_EDGE('',*,*,#6698,.T.);
#8820=ORIENTED_EDGE('',*,*,#6694,.T.);
#8821=ORIENTED_EDGE('',*,*,#6712,.F.);
#8822=ORIENTED_EDGE('',*,*,#6713,.F.);
#8823=ORIENTED_EDGE('',*,*,#6681,.T.);
#8824=ORIENTED_EDGE('',*,*,#6699,.T.);
#8825=ORIENTED_EDGE('',*,*,#6713,.T.);
#8826=ORIENTED_EDGE('',*,*,#6714,.F.);
#8827=ORIENTED_EDGE('',*,*,#6715,.F.);
#8828=ORIENTED_EDGE('',*,*,#6696,.T.);
#8829=ORIENTED_EDGE('',*,*,#6685,.T.);
#8830=ORIENTED_EDGE('',*,*,#6689,.T.);
#8831=ORIENTED_EDGE('',*,*,#6697,.T.);
#8832=ORIENTED_EDGE('',*,*,#6715,.T.);
#8833=ORIENTED_EDGE('',*,*,#6716,.F.);
#8834=ORIENTED_EDGE('',*,*,#6692,.F.);
#8835=ORIENTED_EDGE('',*,*,#6693,.T.);
#8836=ORIENTED_EDGE('',*,*,#6716,.T.);
#8837=ORIENTED_EDGE('',*,*,#6714,.T.);
#8838=ORIENTED_EDGE('',*,*,#6712,.T.);
#8839=ORIENTED_EDGE('',*,*,#6707,.T.);
#8840=ORIENTED_EDGE('',*,*,#6710,.T.);
#8841=ORIENTED_EDGE('',*,*,#6700,.T.);
#8842=ORIENTED_EDGE('',*,*,#6704,.T.);
#8843=ORIENTED_EDGE('',*,*,#6717,.F.);
#8844=ORIENTED_EDGE('',*,*,#6718,.T.);
#8845=ORIENTED_EDGE('',*,*,#6719,.F.);
#8846=ORIENTED_EDGE('',*,*,#6718,.F.);
#8847=ORIENTED_EDGE('',*,*,#6720,.F.);
#8848=ORIENTED_EDGE('',*,*,#6721,.T.);
#8849=ORIENTED_EDGE('',*,*,#6722,.F.);
#8850=ORIENTED_EDGE('',*,*,#6721,.F.);
#8851=ORIENTED_EDGE('',*,*,#6723,.F.);
#8852=ORIENTED_EDGE('',*,*,#6724,.T.);
#8853=ORIENTED_EDGE('',*,*,#6725,.F.);
#8854=ORIENTED_EDGE('',*,*,#6724,.F.);
#8855=ORIENTED_EDGE('',*,*,#6726,.F.);
#8856=ORIENTED_EDGE('',*,*,#6727,.T.);
#8857=ORIENTED_EDGE('',*,*,#6728,.F.);
#8858=ORIENTED_EDGE('',*,*,#6727,.F.);
#8859=ORIENTED_EDGE('',*,*,#6729,.T.);
#8860=ORIENTED_EDGE('',*,*,#6730,.T.);
#8861=ORIENTED_EDGE('',*,*,#6731,.F.);
#8862=ORIENTED_EDGE('',*,*,#6732,.F.);
#8863=ORIENTED_EDGE('',*,*,#6733,.T.);
#8864=ORIENTED_EDGE('',*,*,#6732,.T.);
#8865=ORIENTED_EDGE('',*,*,#6734,.F.);
#8866=ORIENTED_EDGE('',*,*,#6735,.F.);
#8867=ORIENTED_EDGE('',*,*,#6736,.T.);
#8868=ORIENTED_EDGE('',*,*,#6735,.T.);
#8869=ORIENTED_EDGE('',*,*,#6737,.F.);
#8870=ORIENTED_EDGE('',*,*,#6738,.F.);
#8871=ORIENTED_EDGE('',*,*,#6739,.T.);
#8872=ORIENTED_EDGE('',*,*,#6738,.T.);
#8873=ORIENTED_EDGE('',*,*,#6740,.F.);
#8874=ORIENTED_EDGE('',*,*,#6730,.F.);
#8875=ORIENTED_EDGE('',*,*,#6740,.T.);
#8876=ORIENTED_EDGE('',*,*,#6737,.T.);
#8877=ORIENTED_EDGE('',*,*,#6734,.T.);
#8878=ORIENTED_EDGE('',*,*,#6731,.T.);
#8879=ORIENTED_EDGE('',*,*,#6719,.T.);
#8880=ORIENTED_EDGE('',*,*,#6722,.T.);
#8881=ORIENTED_EDGE('',*,*,#6725,.T.);
#8882=ORIENTED_EDGE('',*,*,#6728,.T.);
#8883=ORIENTED_EDGE('',*,*,#6739,.F.);
#8884=ORIENTED_EDGE('',*,*,#6729,.F.);
#8885=ORIENTED_EDGE('',*,*,#6733,.F.);
#8886=ORIENTED_EDGE('',*,*,#6736,.F.);
#8887=ORIENTED_EDGE('',*,*,#6717,.T.);
#8888=ORIENTED_EDGE('',*,*,#6720,.T.);
#8889=ORIENTED_EDGE('',*,*,#6723,.T.);
#8890=ORIENTED_EDGE('',*,*,#6726,.T.);
#8891=ORIENTED_EDGE('',*,*,#6741,.T.);
#8892=ORIENTED_EDGE('',*,*,#6742,.T.);
#8893=ORIENTED_EDGE('',*,*,#6743,.F.);
#8894=ORIENTED_EDGE('',*,*,#6744,.F.);
#8895=ORIENTED_EDGE('',*,*,#6745,.T.);
#8896=ORIENTED_EDGE('',*,*,#6744,.T.);
#8897=ORIENTED_EDGE('',*,*,#6746,.F.);
#8898=ORIENTED_EDGE('',*,*,#6747,.F.);
#8899=ORIENTED_EDGE('',*,*,#6748,.T.);
#8900=ORIENTED_EDGE('',*,*,#6747,.T.);
#8901=ORIENTED_EDGE('',*,*,#6749,.F.);
#8902=ORIENTED_EDGE('',*,*,#6750,.F.);
#8903=ORIENTED_EDGE('',*,*,#6751,.T.);
#8904=ORIENTED_EDGE('',*,*,#6750,.T.);
#8905=ORIENTED_EDGE('',*,*,#6752,.F.);
#8906=ORIENTED_EDGE('',*,*,#6742,.F.);
#8907=ORIENTED_EDGE('',*,*,#6752,.T.);
#8908=ORIENTED_EDGE('',*,*,#6749,.T.);
#8909=ORIENTED_EDGE('',*,*,#6746,.T.);
#8910=ORIENTED_EDGE('',*,*,#6743,.T.);
#8911=ORIENTED_EDGE('',*,*,#6751,.F.);
#8912=ORIENTED_EDGE('',*,*,#6741,.F.);
#8913=ORIENTED_EDGE('',*,*,#6745,.F.);
#8914=ORIENTED_EDGE('',*,*,#6748,.F.);
#8915=ORIENTED_EDGE('',*,*,#6753,.F.);
#8916=ORIENTED_EDGE('',*,*,#6754,.T.);
#8917=ORIENTED_EDGE('',*,*,#6755,.F.);
#8918=ORIENTED_EDGE('',*,*,#6754,.F.);
#8919=ORIENTED_EDGE('',*,*,#6756,.F.);
#8920=ORIENTED_EDGE('',*,*,#6757,.T.);
#8921=ORIENTED_EDGE('',*,*,#6758,.F.);
#8922=ORIENTED_EDGE('',*,*,#6759,.F.);
#8923=ORIENTED_EDGE('',*,*,#6760,.T.);
#8924=ORIENTED_EDGE('',*,*,#6761,.F.);
#8925=ORIENTED_EDGE('',*,*,#6755,.T.);
#8926=ORIENTED_EDGE('',*,*,#6762,.F.);
#8927=ORIENTED_EDGE('',*,*,#6763,.T.);
#8928=ORIENTED_EDGE('',*,*,#6764,.F.);
#8929=ORIENTED_EDGE('',*,*,#6757,.F.);
#8930=ORIENTED_EDGE('',*,*,#6765,.F.);
#8931=ORIENTED_EDGE('',*,*,#6766,.F.);
#8932=ORIENTED_EDGE('',*,*,#6767,.T.);
#8933=ORIENTED_EDGE('',*,*,#6768,.T.);
#8934=ORIENTED_EDGE('',*,*,#6769,.F.);
#8935=ORIENTED_EDGE('',*,*,#6763,.F.);
#8936=ORIENTED_EDGE('',*,*,#6753,.T.);
#8937=ORIENTED_EDGE('',*,*,#6770,.F.);
#8938=ORIENTED_EDGE('',*,*,#6760,.F.);
#8939=ORIENTED_EDGE('',*,*,#6771,.F.);
#8940=ORIENTED_EDGE('',*,*,#6767,.F.);
#8941=ORIENTED_EDGE('',*,*,#6771,.T.);
#8942=ORIENTED_EDGE('',*,*,#6759,.T.);
#8943=ORIENTED_EDGE('',*,*,#6772,.F.);
#8944=ORIENTED_EDGE('',*,*,#6768,.F.);
#8945=ORIENTED_EDGE('',*,*,#6769,.T.);
#8946=ORIENTED_EDGE('',*,*,#6772,.T.);
#8947=ORIENTED_EDGE('',*,*,#6758,.T.);
#8948=ORIENTED_EDGE('',*,*,#6764,.T.);
#8949=ORIENTED_EDGE('',*,*,#6761,.T.);
#8950=ORIENTED_EDGE('',*,*,#6770,.T.);
#8951=ORIENTED_EDGE('',*,*,#6766,.T.);
#8952=ORIENTED_EDGE('',*,*,#6773,.F.);
#8953=ORIENTED_EDGE('',*,*,#6774,.F.);
#8954=ORIENTED_EDGE('',*,*,#6775,.T.);
#8955=ORIENTED_EDGE('',*,*,#6776,.T.);
#8956=ORIENTED_EDGE('',*,*,#6777,.F.);
#8957=ORIENTED_EDGE('',*,*,#6778,.F.);
#8958=ORIENTED_EDGE('',*,*,#6779,.T.);
#8959=ORIENTED_EDGE('',*,*,#6780,.F.);
#8960=ORIENTED_EDGE('',*,*,#6779,.F.);
#8961=ORIENTED_EDGE('',*,*,#6781,.T.);
#8962=ORIENTED_EDGE('',*,*,#6782,.T.);
#8963=ORIENTED_EDGE('',*,*,#6783,.F.);
#8964=ORIENTED_EDGE('',*,*,#6784,.F.);
#8965=ORIENTED_EDGE('',*,*,#6785,.T.);
#8966=ORIENTED_EDGE('',*,*,#6784,.T.);
#8967=ORIENTED_EDGE('',*,*,#6786,.F.);
#8968=ORIENTED_EDGE('',*,*,#6776,.F.);
#8969=ORIENTED_EDGE('',*,*,#6780,.T.);
#8970=ORIENTED_EDGE('',*,*,#6787,.T.);
#8971=ORIENTED_EDGE('',*,*,#6774,.T.);
#8972=ORIENTED_EDGE('',*,*,#6788,.F.);
#8973=ORIENTED_EDGE('',*,*,#6782,.F.);
#8974=ORIENTED_EDGE('',*,*,#6778,.T.);
#8975=ORIENTED_EDGE('',*,*,#6756,.T.);
#8976=ORIENTED_EDGE('',*,*,#6777,.T.);
#8977=ORIENTED_EDGE('',*,*,#6786,.T.);
#8978=ORIENTED_EDGE('',*,*,#6783,.T.);
#8979=ORIENTED_EDGE('',*,*,#6788,.T.);
#8980=ORIENTED_EDGE('',*,*,#6773,.T.);
#8981=ORIENTED_EDGE('',*,*,#6765,.T.);
#8982=ORIENTED_EDGE('',*,*,#6762,.T.);
#8983=ORIENTED_EDGE('',*,*,#6787,.F.);
#8984=ORIENTED_EDGE('',*,*,#6781,.F.);
#8985=ORIENTED_EDGE('',*,*,#6785,.F.);
#8986=ORIENTED_EDGE('',*,*,#6775,.F.);
#8987=ORIENTED_EDGE('',*,*,#6789,.F.);
#8988=ORIENTED_EDGE('',*,*,#6790,.F.);
#8989=ORIENTED_EDGE('',*,*,#6791,.F.);
#8990=ORIENTED_EDGE('',*,*,#6792,.T.);
#8991=ORIENTED_EDGE('',*,*,#6793,.T.);
#8992=ORIENTED_EDGE('',*,*,#6794,.F.);
#8993=ORIENTED_EDGE('',*,*,#6795,.F.);
#8994=ORIENTED_EDGE('',*,*,#6792,.F.);
#8995=ORIENTED_EDGE('',*,*,#6796,.T.);
#8996=ORIENTED_EDGE('',*,*,#6793,.F.);
#8997=ORIENTED_EDGE('',*,*,#6791,.T.);
#8998=ORIENTED_EDGE('',*,*,#6797,.F.);
#8999=ORIENTED_EDGE('',*,*,#6798,.T.);
#9000=ORIENTED_EDGE('',*,*,#6799,.T.);
#9001=ORIENTED_EDGE('',*,*,#6800,.F.);
#9002=ORIENTED_EDGE('',*,*,#6801,.F.);
#9003=ORIENTED_EDGE('',*,*,#6802,.T.);
#9004=ORIENTED_EDGE('',*,*,#6803,.T.);
#9005=ORIENTED_EDGE('',*,*,#6802,.F.);
#9006=ORIENTED_EDGE('',*,*,#6803,.F.);
#9007=ORIENTED_EDGE('',*,*,#6804,.F.);
#9008=ORIENTED_EDGE('',*,*,#6805,.T.);
#9009=ORIENTED_EDGE('',*,*,#6806,.T.);
#9010=ORIENTED_EDGE('',*,*,#6805,.F.);
#9011=ORIENTED_EDGE('',*,*,#6806,.F.);
#9012=ORIENTED_EDGE('',*,*,#6790,.T.);
#9013=ORIENTED_EDGE('',*,*,#6807,.F.);
#9014=ORIENTED_EDGE('',*,*,#6808,.T.);
#9015=ORIENTED_EDGE('',*,*,#6797,.T.);
#9016=ORIENTED_EDGE('',*,*,#6809,.F.);
#9017=ORIENTED_EDGE('',*,*,#6798,.F.);
#9018=ORIENTED_EDGE('',*,*,#6808,.F.);
#9019=ORIENTED_EDGE('',*,*,#6810,.F.);
#9020=ORIENTED_EDGE('',*,*,#6801,.T.);
#9021=ORIENTED_EDGE('',*,*,#6804,.T.);
#9022=ORIENTED_EDGE('',*,*,#6811,.T.);
#9023=ORIENTED_EDGE('',*,*,#6812,.F.);
#9024=ORIENTED_EDGE('',*,*,#6799,.F.);
#9025=ORIENTED_EDGE('',*,*,#6809,.T.);
#9026=ORIENTED_EDGE('',*,*,#6813,.T.);
#9027=ORIENTED_EDGE('',*,*,#6813,.F.);
#9028=ORIENTED_EDGE('',*,*,#6814,.T.);
#9029=ORIENTED_EDGE('',*,*,#6796,.F.);
#9030=ORIENTED_EDGE('',*,*,#6814,.F.);
#9031=ORIENTED_EDGE('',*,*,#6795,.T.);
#9032=ORIENTED_EDGE('',*,*,#6815,.F.);
#9033=ORIENTED_EDGE('',*,*,#6811,.F.);
#9034=ORIENTED_EDGE('',*,*,#6810,.T.);
#9035=ORIENTED_EDGE('',*,*,#6807,.T.);
#9036=ORIENTED_EDGE('',*,*,#6789,.T.);
#9037=ORIENTED_EDGE('',*,*,#6812,.T.);
#9038=ORIENTED_EDGE('',*,*,#6815,.T.);
#9039=ORIENTED_EDGE('',*,*,#6794,.T.);
#9040=ORIENTED_EDGE('',*,*,#6800,.T.);
#9041=ORIENTED_EDGE('',*,*,#6816,.F.);
#9042=ORIENTED_EDGE('',*,*,#6817,.F.);
#9043=ORIENTED_EDGE('',*,*,#6818,.F.);
#9044=ORIENTED_EDGE('',*,*,#6819,.T.);
#9045=ORIENTED_EDGE('',*,*,#6820,.T.);
#9046=ORIENTED_EDGE('',*,*,#6821,.F.);
#9047=ORIENTED_EDGE('',*,*,#6822,.F.);
#9048=ORIENTED_EDGE('',*,*,#6819,.F.);
#9049=ORIENTED_EDGE('',*,*,#6823,.T.);
#9050=ORIENTED_EDGE('',*,*,#6820,.F.);
#9051=ORIENTED_EDGE('',*,*,#6818,.T.);
#9052=ORIENTED_EDGE('',*,*,#6824,.F.);
#9053=ORIENTED_EDGE('',*,*,#6825,.T.);
#9054=ORIENTED_EDGE('',*,*,#6826,.T.);
#9055=ORIENTED_EDGE('',*,*,#6827,.F.);
#9056=ORIENTED_EDGE('',*,*,#6828,.F.);
#9057=ORIENTED_EDGE('',*,*,#6829,.T.);
#9058=ORIENTED_EDGE('',*,*,#6830,.T.);
#9059=ORIENTED_EDGE('',*,*,#6829,.F.);
#9060=ORIENTED_EDGE('',*,*,#6830,.F.);
#9061=ORIENTED_EDGE('',*,*,#6831,.F.);
#9062=ORIENTED_EDGE('',*,*,#6832,.T.);
#9063=ORIENTED_EDGE('',*,*,#6833,.T.);
#9064=ORIENTED_EDGE('',*,*,#6832,.F.);
#9065=ORIENTED_EDGE('',*,*,#6833,.F.);
#9066=ORIENTED_EDGE('',*,*,#6817,.T.);
#9067=ORIENTED_EDGE('',*,*,#6834,.F.);
#9068=ORIENTED_EDGE('',*,*,#6835,.T.);
#9069=ORIENTED_EDGE('',*,*,#6824,.T.);
#9070=ORIENTED_EDGE('',*,*,#6835,.F.);
#9071=ORIENTED_EDGE('',*,*,#6836,.F.);
#9072=ORIENTED_EDGE('',*,*,#6837,.F.);
#9073=ORIENTED_EDGE('',*,*,#6825,.F.);
#9074=ORIENTED_EDGE('',*,*,#6828,.T.);
#9075=ORIENTED_EDGE('',*,*,#6831,.T.);
#9076=ORIENTED_EDGE('',*,*,#6822,.T.);
#9077=ORIENTED_EDGE('',*,*,#6838,.F.);
#9078=ORIENTED_EDGE('',*,*,#6839,.F.);
#9079=ORIENTED_EDGE('',*,*,#6836,.T.);
#9080=ORIENTED_EDGE('',*,*,#6834,.T.);
#9081=ORIENTED_EDGE('',*,*,#6816,.T.);
#9082=ORIENTED_EDGE('',*,*,#6823,.F.);
#9083=ORIENTED_EDGE('',*,*,#6840,.T.);
#9084=ORIENTED_EDGE('',*,*,#6841,.F.);
#9085=ORIENTED_EDGE('',*,*,#6840,.F.);
#9086=ORIENTED_EDGE('',*,*,#6839,.T.);
#9087=ORIENTED_EDGE('',*,*,#6842,.F.);
#9088=ORIENTED_EDGE('',*,*,#6826,.F.);
#9089=ORIENTED_EDGE('',*,*,#6837,.T.);
#9090=ORIENTED_EDGE('',*,*,#6841,.T.);
#9091=ORIENTED_EDGE('',*,*,#6821,.T.);
#9092=ORIENTED_EDGE('',*,*,#6827,.T.);
#9093=ORIENTED_EDGE('',*,*,#6842,.T.);
#9094=ORIENTED_EDGE('',*,*,#6838,.T.);
#9095=ORIENTED_EDGE('',*,*,#6843,.F.);
#9096=ORIENTED_EDGE('',*,*,#6844,.T.);
#9097=ORIENTED_EDGE('',*,*,#6845,.T.);
#9098=ORIENTED_EDGE('',*,*,#6844,.F.);
#9099=ORIENTED_EDGE('',*,*,#6846,.F.);
#9100=ORIENTED_EDGE('',*,*,#6845,.F.);
#9101=ORIENTED_EDGE('',*,*,#6847,.F.);
#9102=ORIENTED_EDGE('',*,*,#6843,.T.);
#9103=ORIENTED_EDGE('',*,*,#6847,.T.);
#9104=ORIENTED_EDGE('',*,*,#6848,.T.);
#9105=ORIENTED_EDGE('',*,*,#6849,.T.);
#9106=ORIENTED_EDGE('',*,*,#6848,.F.);
#9107=ORIENTED_EDGE('',*,*,#6850,.F.);
#9108=ORIENTED_EDGE('',*,*,#6851,.T.);
#9109=ORIENTED_EDGE('',*,*,#6852,.T.);
#9110=ORIENTED_EDGE('',*,*,#6851,.F.);
#9111=ORIENTED_EDGE('',*,*,#6849,.F.);
#9112=ORIENTED_EDGE('',*,*,#6852,.F.);
#9113=ORIENTED_EDGE('',*,*,#6853,.F.);
#9114=ORIENTED_EDGE('',*,*,#6850,.T.);
#9115=ORIENTED_EDGE('',*,*,#6853,.T.);
#9116=ORIENTED_EDGE('',*,*,#6854,.T.);
#9117=ORIENTED_EDGE('',*,*,#6855,.T.);
#9118=ORIENTED_EDGE('',*,*,#6854,.F.);
#9119=ORIENTED_EDGE('',*,*,#6856,.F.);
#9120=ORIENTED_EDGE('',*,*,#6855,.F.);
#9121=ORIENTED_EDGE('',*,*,#6856,.T.);
#9122=ORIENTED_EDGE('',*,*,#6857,.T.);
#9123=ORIENTED_EDGE('',*,*,#6846,.T.);
#9124=ORIENTED_EDGE('',*,*,#6857,.F.);
#9125=ORIENTED_EDGE('',*,*,#6858,.F.);
#9126=ORIENTED_EDGE('',*,*,#6859,.T.);
#9127=ORIENTED_EDGE('',*,*,#6860,.T.);
#9128=ORIENTED_EDGE('',*,*,#6859,.F.);
#9129=ORIENTED_EDGE('',*,*,#6860,.F.);
#9130=ORIENTED_EDGE('',*,*,#6861,.T.);
#9131=ORIENTED_EDGE('',*,*,#6862,.T.);
#9132=ORIENTED_EDGE('',*,*,#6863,.F.);
#9133=ORIENTED_EDGE('',*,*,#6864,.F.);
#9134=ORIENTED_EDGE('',*,*,#6865,.T.);
#9135=ORIENTED_EDGE('',*,*,#6864,.T.);
#9136=ORIENTED_EDGE('',*,*,#6866,.F.);
#9137=ORIENTED_EDGE('',*,*,#6867,.F.);
#9138=ORIENTED_EDGE('',*,*,#6868,.T.);
#9139=ORIENTED_EDGE('',*,*,#6867,.T.);
#9140=ORIENTED_EDGE('',*,*,#6869,.F.);
#9141=ORIENTED_EDGE('',*,*,#6870,.F.);
#9142=ORIENTED_EDGE('',*,*,#6871,.T.);
#9143=ORIENTED_EDGE('',*,*,#6870,.T.);
#9144=ORIENTED_EDGE('',*,*,#6872,.F.);
#9145=ORIENTED_EDGE('',*,*,#6862,.F.);
#9146=ORIENTED_EDGE('',*,*,#6858,.T.);
#9147=ORIENTED_EDGE('',*,*,#6872,.T.);
#9148=ORIENTED_EDGE('',*,*,#6869,.T.);
#9149=ORIENTED_EDGE('',*,*,#6866,.T.);
#9150=ORIENTED_EDGE('',*,*,#6863,.T.);
#9151=ORIENTED_EDGE('',*,*,#6871,.F.);
#9152=ORIENTED_EDGE('',*,*,#6861,.F.);
#9153=ORIENTED_EDGE('',*,*,#6865,.F.);
#9154=ORIENTED_EDGE('',*,*,#6868,.F.);
#9155=ORIENTED_EDGE('',*,*,#6873,.T.);
#9156=ORIENTED_EDGE('',*,*,#6874,.T.);
#9157=ORIENTED_EDGE('',*,*,#6875,.F.);
#9158=ORIENTED_EDGE('',*,*,#6876,.F.);
#9159=ORIENTED_EDGE('',*,*,#6877,.T.);
#9160=ORIENTED_EDGE('',*,*,#6876,.T.);
#9161=ORIENTED_EDGE('',*,*,#6878,.F.);
#9162=ORIENTED_EDGE('',*,*,#6879,.F.);
#9163=ORIENTED_EDGE('',*,*,#6880,.T.);
#9164=ORIENTED_EDGE('',*,*,#6879,.T.);
#9165=ORIENTED_EDGE('',*,*,#6881,.F.);
#9166=ORIENTED_EDGE('',*,*,#6882,.F.);
#9167=ORIENTED_EDGE('',*,*,#6883,.T.);
#9168=ORIENTED_EDGE('',*,*,#6882,.T.);
#9169=ORIENTED_EDGE('',*,*,#6884,.F.);
#9170=ORIENTED_EDGE('',*,*,#6874,.F.);
#9171=ORIENTED_EDGE('',*,*,#6884,.T.);
#9172=ORIENTED_EDGE('',*,*,#6881,.T.);
#9173=ORIENTED_EDGE('',*,*,#6878,.T.);
#9174=ORIENTED_EDGE('',*,*,#6875,.T.);
#9175=ORIENTED_EDGE('',*,*,#6883,.F.);
#9176=ORIENTED_EDGE('',*,*,#6873,.F.);
#9177=ORIENTED_EDGE('',*,*,#6877,.F.);
#9178=ORIENTED_EDGE('',*,*,#6880,.F.);
#9179=ORIENTED_EDGE('',*,*,#6885,.T.);
#9180=ORIENTED_EDGE('',*,*,#6886,.T.);
#9181=ORIENTED_EDGE('',*,*,#6887,.F.);
#9182=ORIENTED_EDGE('',*,*,#6888,.F.);
#9183=ORIENTED_EDGE('',*,*,#6889,.T.);
#9184=ORIENTED_EDGE('',*,*,#6888,.T.);
#9185=ORIENTED_EDGE('',*,*,#6890,.F.);
#9186=ORIENTED_EDGE('',*,*,#6891,.F.);
#9187=ORIENTED_EDGE('',*,*,#6892,.T.);
#9188=ORIENTED_EDGE('',*,*,#6891,.T.);
#9189=ORIENTED_EDGE('',*,*,#6893,.F.);
#9190=ORIENTED_EDGE('',*,*,#6894,.F.);
#9191=ORIENTED_EDGE('',*,*,#6895,.T.);
#9192=ORIENTED_EDGE('',*,*,#6894,.T.);
#9193=ORIENTED_EDGE('',*,*,#6896,.F.);
#9194=ORIENTED_EDGE('',*,*,#6886,.F.);
#9195=ORIENTED_EDGE('',*,*,#6896,.T.);
#9196=ORIENTED_EDGE('',*,*,#6893,.T.);
#9197=ORIENTED_EDGE('',*,*,#6890,.T.);
#9198=ORIENTED_EDGE('',*,*,#6887,.T.);
#9199=ORIENTED_EDGE('',*,*,#6895,.F.);
#9200=ORIENTED_EDGE('',*,*,#6885,.F.);
#9201=ORIENTED_EDGE('',*,*,#6889,.F.);
#9202=ORIENTED_EDGE('',*,*,#6892,.F.);
#9203=ORIENTED_EDGE('',*,*,#6897,.F.);
#9204=ORIENTED_EDGE('',*,*,#6898,.T.);
#9205=ORIENTED_EDGE('',*,*,#6899,.F.);
#9206=ORIENTED_EDGE('',*,*,#6898,.F.);
#9207=ORIENTED_EDGE('',*,*,#6900,.F.);
#9208=ORIENTED_EDGE('',*,*,#6901,.T.);
#9209=ORIENTED_EDGE('',*,*,#6902,.F.);
#9210=ORIENTED_EDGE('',*,*,#6901,.F.);
#9211=ORIENTED_EDGE('',*,*,#6903,.F.);
#9212=ORIENTED_EDGE('',*,*,#6904,.T.);
#9213=ORIENTED_EDGE('',*,*,#6905,.F.);
#9214=ORIENTED_EDGE('',*,*,#6906,.F.);
#9215=ORIENTED_EDGE('',*,*,#6907,.F.);
#9216=ORIENTED_EDGE('',*,*,#6906,.T.);
#9217=ORIENTED_EDGE('',*,*,#6908,.F.);
#9218=ORIENTED_EDGE('',*,*,#6909,.F.);
#9219=ORIENTED_EDGE('',*,*,#6910,.F.);
#9220=ORIENTED_EDGE('',*,*,#6909,.T.);
#9221=ORIENTED_EDGE('',*,*,#6911,.F.);
#9222=ORIENTED_EDGE('',*,*,#6912,.F.);
#9223=ORIENTED_EDGE('',*,*,#6913,.F.);
#9224=ORIENTED_EDGE('',*,*,#6912,.T.);
#9225=ORIENTED_EDGE('',*,*,#6914,.F.);
#9226=ORIENTED_EDGE('',*,*,#6904,.F.);
#9227=ORIENTED_EDGE('',*,*,#6914,.T.);
#9228=ORIENTED_EDGE('',*,*,#6911,.T.);
#9229=ORIENTED_EDGE('',*,*,#6908,.T.);
#9230=ORIENTED_EDGE('',*,*,#6905,.T.);
#9231=ORIENTED_EDGE('',*,*,#6899,.T.);
#9232=ORIENTED_EDGE('',*,*,#6902,.T.);
#9233=ORIENTED_EDGE('',*,*,#6913,.T.);
#9234=ORIENTED_EDGE('',*,*,#6903,.T.);
#9235=ORIENTED_EDGE('',*,*,#6907,.T.);
#9236=ORIENTED_EDGE('',*,*,#6910,.T.);
#9237=ORIENTED_EDGE('',*,*,#6897,.T.);
#9238=ORIENTED_EDGE('',*,*,#6900,.T.);
#9239=ORIENTED_EDGE('',*,*,#6915,.F.);
#9240=ORIENTED_EDGE('',*,*,#6916,.T.);
#9241=ORIENTED_EDGE('',*,*,#6917,.F.);
#9242=ORIENTED_EDGE('',*,*,#6916,.F.);
#9243=ORIENTED_EDGE('',*,*,#6918,.F.);
#9244=ORIENTED_EDGE('',*,*,#6919,.T.);
#9245=ORIENTED_EDGE('',*,*,#6920,.F.);
#9246=ORIENTED_EDGE('',*,*,#6919,.F.);
#9247=ORIENTED_EDGE('',*,*,#6921,.F.);
#9248=ORIENTED_EDGE('',*,*,#6922,.T.);
#9249=ORIENTED_EDGE('',*,*,#6923,.F.);
#9250=ORIENTED_EDGE('',*,*,#6924,.F.);
#9251=ORIENTED_EDGE('',*,*,#6925,.F.);
#9252=ORIENTED_EDGE('',*,*,#6924,.T.);
#9253=ORIENTED_EDGE('',*,*,#6926,.F.);
#9254=ORIENTED_EDGE('',*,*,#6927,.F.);
#9255=ORIENTED_EDGE('',*,*,#6928,.F.);
#9256=ORIENTED_EDGE('',*,*,#6927,.T.);
#9257=ORIENTED_EDGE('',*,*,#6929,.F.);
#9258=ORIENTED_EDGE('',*,*,#6930,.F.);
#9259=ORIENTED_EDGE('',*,*,#6931,.F.);
#9260=ORIENTED_EDGE('',*,*,#6930,.T.);
#9261=ORIENTED_EDGE('',*,*,#6932,.F.);
#9262=ORIENTED_EDGE('',*,*,#6922,.F.);
#9263=ORIENTED_EDGE('',*,*,#6932,.T.);
#9264=ORIENTED_EDGE('',*,*,#6929,.T.);
#9265=ORIENTED_EDGE('',*,*,#6926,.T.);
#9266=ORIENTED_EDGE('',*,*,#6923,.T.);
#9267=ORIENTED_EDGE('',*,*,#6917,.T.);
#9268=ORIENTED_EDGE('',*,*,#6920,.T.);
#9269=ORIENTED_EDGE('',*,*,#6931,.T.);
#9270=ORIENTED_EDGE('',*,*,#6921,.T.);
#9271=ORIENTED_EDGE('',*,*,#6925,.T.);
#9272=ORIENTED_EDGE('',*,*,#6928,.T.);
#9273=ORIENTED_EDGE('',*,*,#6915,.T.);
#9274=ORIENTED_EDGE('',*,*,#6918,.T.);
#9275=ORIENTED_EDGE('',*,*,#6933,.T.);
#9276=ORIENTED_EDGE('',*,*,#6934,.T.);
#9277=ORIENTED_EDGE('',*,*,#6935,.F.);
#9278=ORIENTED_EDGE('',*,*,#6936,.F.);
#9279=ORIENTED_EDGE('',*,*,#6937,.T.);
#9280=ORIENTED_EDGE('',*,*,#6936,.T.);
#9281=ORIENTED_EDGE('',*,*,#6938,.F.);
#9282=ORIENTED_EDGE('',*,*,#6939,.F.);
#9283=ORIENTED_EDGE('',*,*,#6940,.T.);
#9284=ORIENTED_EDGE('',*,*,#6939,.T.);
#9285=ORIENTED_EDGE('',*,*,#6941,.F.);
#9286=ORIENTED_EDGE('',*,*,#6942,.F.);
#9287=ORIENTED_EDGE('',*,*,#6943,.T.);
#9288=ORIENTED_EDGE('',*,*,#6942,.T.);
#9289=ORIENTED_EDGE('',*,*,#6944,.F.);
#9290=ORIENTED_EDGE('',*,*,#6934,.F.);
#9291=ORIENTED_EDGE('',*,*,#6944,.T.);
#9292=ORIENTED_EDGE('',*,*,#6941,.T.);
#9293=ORIENTED_EDGE('',*,*,#6938,.T.);
#9294=ORIENTED_EDGE('',*,*,#6935,.T.);
#9295=ORIENTED_EDGE('',*,*,#6943,.F.);
#9296=ORIENTED_EDGE('',*,*,#6933,.F.);
#9297=ORIENTED_EDGE('',*,*,#6937,.F.);
#9298=ORIENTED_EDGE('',*,*,#6940,.F.);
#9299=ORIENTED_EDGE('',*,*,#6945,.F.);
#9300=ORIENTED_EDGE('',*,*,#6946,.F.);
#9301=ORIENTED_EDGE('',*,*,#6947,.F.);
#9302=ORIENTED_EDGE('',*,*,#6948,.F.);
#9303=ORIENTED_EDGE('',*,*,#6949,.F.);
#9304=ORIENTED_EDGE('',*,*,#6950,.F.);
#9305=ORIENTED_EDGE('',*,*,#6951,.F.);
#9306=ORIENTED_EDGE('',*,*,#6952,.F.);
#9307=ORIENTED_EDGE('',*,*,#6945,.T.);
#9308=ORIENTED_EDGE('',*,*,#6953,.F.);
#9309=ORIENTED_EDGE('',*,*,#6954,.F.);
#9310=ORIENTED_EDGE('',*,*,#6955,.T.);
#9311=ORIENTED_EDGE('',*,*,#6947,.T.);
#9312=ORIENTED_EDGE('',*,*,#6956,.T.);
#9313=ORIENTED_EDGE('',*,*,#6957,.T.);
#9314=ORIENTED_EDGE('',*,*,#6958,.F.);
#9315=ORIENTED_EDGE('',*,*,#6946,.T.);
#9316=ORIENTED_EDGE('',*,*,#6955,.F.);
#9317=ORIENTED_EDGE('',*,*,#6959,.F.);
#9318=ORIENTED_EDGE('',*,*,#6960,.F.);
#9319=ORIENTED_EDGE('',*,*,#6952,.T.);
#9320=ORIENTED_EDGE('',*,*,#6961,.F.);
#9321=ORIENTED_EDGE('',*,*,#6962,.F.);
#9322=ORIENTED_EDGE('',*,*,#6956,.F.);
#9323=ORIENTED_EDGE('',*,*,#6949,.T.);
#9324=ORIENTED_EDGE('',*,*,#6960,.T.);
#9325=ORIENTED_EDGE('',*,*,#6963,.T.);
#9326=ORIENTED_EDGE('',*,*,#6964,.F.);
#9327=ORIENTED_EDGE('',*,*,#6951,.T.);
#9328=ORIENTED_EDGE('',*,*,#6965,.F.);
#9329=ORIENTED_EDGE('',*,*,#6966,.F.);
#9330=ORIENTED_EDGE('',*,*,#6961,.T.);
#9331=ORIENTED_EDGE('',*,*,#6962,.T.);
#9332=ORIENTED_EDGE('',*,*,#6966,.T.);
#9333=ORIENTED_EDGE('',*,*,#6967,.F.);
#9334=ORIENTED_EDGE('',*,*,#6957,.F.);
#9335=ORIENTED_EDGE('',*,*,#6959,.T.);
#9336=ORIENTED_EDGE('',*,*,#6954,.T.);
#9337=ORIENTED_EDGE('',*,*,#6968,.F.);
#9338=ORIENTED_EDGE('',*,*,#6963,.F.);
#9339=ORIENTED_EDGE('',*,*,#6948,.T.);
#9340=ORIENTED_EDGE('',*,*,#6958,.T.);
#9341=ORIENTED_EDGE('',*,*,#6967,.T.);
#9342=ORIENTED_EDGE('',*,*,#6965,.T.);
#9343=ORIENTED_EDGE('',*,*,#6950,.T.);
#9344=ORIENTED_EDGE('',*,*,#6964,.T.);
#9345=ORIENTED_EDGE('',*,*,#6968,.T.);
#9346=ORIENTED_EDGE('',*,*,#6953,.T.);
#9347=ORIENTED_EDGE('',*,*,#6969,.F.);
#9348=ORIENTED_EDGE('',*,*,#6970,.T.);
#9349=ORIENTED_EDGE('',*,*,#6971,.F.);
#9350=ORIENTED_EDGE('',*,*,#6970,.F.);
#9351=ORIENTED_EDGE('',*,*,#6972,.T.);
#9352=ORIENTED_EDGE('',*,*,#6973,.T.);
#9353=ORIENTED_EDGE('',*,*,#6974,.F.);
#9354=ORIENTED_EDGE('',*,*,#6975,.F.);
#9355=ORIENTED_EDGE('',*,*,#6976,.T.);
#9356=ORIENTED_EDGE('',*,*,#6975,.T.);
#9357=ORIENTED_EDGE('',*,*,#6977,.F.);
#9358=ORIENTED_EDGE('',*,*,#6978,.F.);
#9359=ORIENTED_EDGE('',*,*,#6979,.T.);
#9360=ORIENTED_EDGE('',*,*,#6978,.T.);
#9361=ORIENTED_EDGE('',*,*,#6980,.F.);
#9362=ORIENTED_EDGE('',*,*,#6981,.F.);
#9363=ORIENTED_EDGE('',*,*,#6982,.T.);
#9364=ORIENTED_EDGE('',*,*,#6981,.T.);
#9365=ORIENTED_EDGE('',*,*,#6983,.F.);
#9366=ORIENTED_EDGE('',*,*,#6973,.F.);
#9367=ORIENTED_EDGE('',*,*,#6983,.T.);
#9368=ORIENTED_EDGE('',*,*,#6980,.T.);
#9369=ORIENTED_EDGE('',*,*,#6977,.T.);
#9370=ORIENTED_EDGE('',*,*,#6974,.T.);
#9371=ORIENTED_EDGE('',*,*,#6971,.T.);
#9372=ORIENTED_EDGE('',*,*,#6982,.F.);
#9373=ORIENTED_EDGE('',*,*,#6972,.F.);
#9374=ORIENTED_EDGE('',*,*,#6976,.F.);
#9375=ORIENTED_EDGE('',*,*,#6979,.F.);
#9376=ORIENTED_EDGE('',*,*,#6969,.T.);
#9377=ORIENTED_EDGE('',*,*,#6984,.F.);
#9378=ORIENTED_EDGE('',*,*,#6985,.T.);
#9379=ORIENTED_EDGE('',*,*,#6986,.F.);
#9380=ORIENTED_EDGE('',*,*,#6985,.F.);
#9381=ORIENTED_EDGE('',*,*,#6987,.T.);
#9382=ORIENTED_EDGE('',*,*,#6988,.T.);
#9383=ORIENTED_EDGE('',*,*,#6989,.F.);
#9384=ORIENTED_EDGE('',*,*,#6990,.F.);
#9385=ORIENTED_EDGE('',*,*,#6991,.T.);
#9386=ORIENTED_EDGE('',*,*,#6990,.T.);
#9387=ORIENTED_EDGE('',*,*,#6992,.F.);
#9388=ORIENTED_EDGE('',*,*,#6993,.F.);
#9389=ORIENTED_EDGE('',*,*,#6994,.T.);
#9390=ORIENTED_EDGE('',*,*,#6993,.T.);
#9391=ORIENTED_EDGE('',*,*,#6995,.F.);
#9392=ORIENTED_EDGE('',*,*,#6996,.F.);
#9393=ORIENTED_EDGE('',*,*,#6997,.T.);
#9394=ORIENTED_EDGE('',*,*,#6996,.T.);
#9395=ORIENTED_EDGE('',*,*,#6998,.F.);
#9396=ORIENTED_EDGE('',*,*,#6988,.F.);
#9397=ORIENTED_EDGE('',*,*,#6998,.T.);
#9398=ORIENTED_EDGE('',*,*,#6995,.T.);
#9399=ORIENTED_EDGE('',*,*,#6992,.T.);
#9400=ORIENTED_EDGE('',*,*,#6989,.T.);
#9401=ORIENTED_EDGE('',*,*,#6986,.T.);
#9402=ORIENTED_EDGE('',*,*,#6997,.F.);
#9403=ORIENTED_EDGE('',*,*,#6987,.F.);
#9404=ORIENTED_EDGE('',*,*,#6991,.F.);
#9405=ORIENTED_EDGE('',*,*,#6994,.F.);
#9406=ORIENTED_EDGE('',*,*,#6984,.T.);
#9407=ORIENTED_EDGE('',*,*,#6999,.F.);
#9408=ORIENTED_EDGE('',*,*,#7000,.F.);
#9409=ORIENTED_EDGE('',*,*,#7001,.F.);
#9410=ORIENTED_EDGE('',*,*,#7002,.F.);
#9411=ORIENTED_EDGE('',*,*,#7003,.F.);
#9412=ORIENTED_EDGE('',*,*,#7004,.F.);
#9413=ORIENTED_EDGE('',*,*,#7005,.F.);
#9414=ORIENTED_EDGE('',*,*,#7006,.F.);
#9415=ORIENTED_EDGE('',*,*,#6999,.T.);
#9416=ORIENTED_EDGE('',*,*,#7007,.F.);
#9417=ORIENTED_EDGE('',*,*,#7008,.F.);
#9418=ORIENTED_EDGE('',*,*,#7009,.T.);
#9419=ORIENTED_EDGE('',*,*,#7001,.T.);
#9420=ORIENTED_EDGE('',*,*,#7010,.T.);
#9421=ORIENTED_EDGE('',*,*,#7011,.T.);
#9422=ORIENTED_EDGE('',*,*,#7012,.F.);
#9423=ORIENTED_EDGE('',*,*,#7000,.T.);
#9424=ORIENTED_EDGE('',*,*,#7009,.F.);
#9425=ORIENTED_EDGE('',*,*,#7013,.F.);
#9426=ORIENTED_EDGE('',*,*,#7014,.F.);
#9427=ORIENTED_EDGE('',*,*,#7006,.T.);
#9428=ORIENTED_EDGE('',*,*,#7015,.F.);
#9429=ORIENTED_EDGE('',*,*,#7016,.F.);
#9430=ORIENTED_EDGE('',*,*,#7010,.F.);
#9431=ORIENTED_EDGE('',*,*,#7003,.T.);
#9432=ORIENTED_EDGE('',*,*,#7014,.T.);
#9433=ORIENTED_EDGE('',*,*,#7017,.T.);
#9434=ORIENTED_EDGE('',*,*,#7018,.F.);
#9435=ORIENTED_EDGE('',*,*,#7005,.T.);
#9436=ORIENTED_EDGE('',*,*,#7019,.F.);
#9437=ORIENTED_EDGE('',*,*,#7020,.F.);
#9438=ORIENTED_EDGE('',*,*,#7015,.T.);
#9439=ORIENTED_EDGE('',*,*,#7016,.T.);
#9440=ORIENTED_EDGE('',*,*,#7020,.T.);
#9441=ORIENTED_EDGE('',*,*,#7021,.F.);
#9442=ORIENTED_EDGE('',*,*,#7011,.F.);
#9443=ORIENTED_EDGE('',*,*,#7013,.T.);
#9444=ORIENTED_EDGE('',*,*,#7008,.T.);
#9445=ORIENTED_EDGE('',*,*,#7022,.F.);
#9446=ORIENTED_EDGE('',*,*,#7017,.F.);
#9447=ORIENTED_EDGE('',*,*,#7002,.T.);
#9448=ORIENTED_EDGE('',*,*,#7012,.T.);
#9449=ORIENTED_EDGE('',*,*,#7021,.T.);
#9450=ORIENTED_EDGE('',*,*,#7019,.T.);
#9451=ORIENTED_EDGE('',*,*,#7004,.T.);
#9452=ORIENTED_EDGE('',*,*,#7018,.T.);
#9453=ORIENTED_EDGE('',*,*,#7022,.T.);
#9454=ORIENTED_EDGE('',*,*,#7007,.T.);
#9455=ORIENTED_EDGE('',*,*,#7023,.F.);
#9456=ORIENTED_EDGE('',*,*,#7024,.T.);
#9457=ORIENTED_EDGE('',*,*,#7025,.F.);
#9458=ORIENTED_EDGE('',*,*,#7024,.F.);
#9459=ORIENTED_EDGE('',*,*,#7026,.T.);
#9460=ORIENTED_EDGE('',*,*,#7027,.T.);
#9461=ORIENTED_EDGE('',*,*,#7028,.F.);
#9462=ORIENTED_EDGE('',*,*,#7029,.F.);
#9463=ORIENTED_EDGE('',*,*,#7030,.T.);
#9464=ORIENTED_EDGE('',*,*,#7029,.T.);
#9465=ORIENTED_EDGE('',*,*,#7031,.F.);
#9466=ORIENTED_EDGE('',*,*,#7032,.F.);
#9467=ORIENTED_EDGE('',*,*,#7033,.T.);
#9468=ORIENTED_EDGE('',*,*,#7032,.T.);
#9469=ORIENTED_EDGE('',*,*,#7034,.F.);
#9470=ORIENTED_EDGE('',*,*,#7035,.F.);
#9471=ORIENTED_EDGE('',*,*,#7036,.T.);
#9472=ORIENTED_EDGE('',*,*,#7035,.T.);
#9473=ORIENTED_EDGE('',*,*,#7037,.F.);
#9474=ORIENTED_EDGE('',*,*,#7027,.F.);
#9475=ORIENTED_EDGE('',*,*,#7037,.T.);
#9476=ORIENTED_EDGE('',*,*,#7034,.T.);
#9477=ORIENTED_EDGE('',*,*,#7031,.T.);
#9478=ORIENTED_EDGE('',*,*,#7028,.T.);
#9479=ORIENTED_EDGE('',*,*,#7025,.T.);
#9480=ORIENTED_EDGE('',*,*,#7036,.F.);
#9481=ORIENTED_EDGE('',*,*,#7026,.F.);
#9482=ORIENTED_EDGE('',*,*,#7030,.F.);
#9483=ORIENTED_EDGE('',*,*,#7033,.F.);
#9484=ORIENTED_EDGE('',*,*,#7023,.T.);
#9485=ORIENTED_EDGE('',*,*,#7038,.F.);
#9486=ORIENTED_EDGE('',*,*,#7039,.T.);
#9487=ORIENTED_EDGE('',*,*,#7040,.F.);
#9488=ORIENTED_EDGE('',*,*,#7039,.F.);
#9489=ORIENTED_EDGE('',*,*,#7041,.T.);
#9490=ORIENTED_EDGE('',*,*,#7042,.T.);
#9491=ORIENTED_EDGE('',*,*,#7043,.F.);
#9492=ORIENTED_EDGE('',*,*,#7044,.F.);
#9493=ORIENTED_EDGE('',*,*,#7045,.T.);
#9494=ORIENTED_EDGE('',*,*,#7044,.T.);
#9495=ORIENTED_EDGE('',*,*,#7046,.F.);
#9496=ORIENTED_EDGE('',*,*,#7047,.F.);
#9497=ORIENTED_EDGE('',*,*,#7048,.T.);
#9498=ORIENTED_EDGE('',*,*,#7047,.T.);
#9499=ORIENTED_EDGE('',*,*,#7049,.F.);
#9500=ORIENTED_EDGE('',*,*,#7050,.F.);
#9501=ORIENTED_EDGE('',*,*,#7051,.T.);
#9502=ORIENTED_EDGE('',*,*,#7050,.T.);
#9503=ORIENTED_EDGE('',*,*,#7052,.F.);
#9504=ORIENTED_EDGE('',*,*,#7042,.F.);
#9505=ORIENTED_EDGE('',*,*,#7052,.T.);
#9506=ORIENTED_EDGE('',*,*,#7049,.T.);
#9507=ORIENTED_EDGE('',*,*,#7046,.T.);
#9508=ORIENTED_EDGE('',*,*,#7043,.T.);
#9509=ORIENTED_EDGE('',*,*,#7040,.T.);
#9510=ORIENTED_EDGE('',*,*,#7051,.F.);
#9511=ORIENTED_EDGE('',*,*,#7041,.F.);
#9512=ORIENTED_EDGE('',*,*,#7045,.F.);
#9513=ORIENTED_EDGE('',*,*,#7048,.F.);
#9514=ORIENTED_EDGE('',*,*,#7038,.T.);
#9515=ORIENTED_EDGE('',*,*,#7053,.F.);
#9516=ORIENTED_EDGE('',*,*,#7054,.F.);
#9517=ORIENTED_EDGE('',*,*,#7055,.F.);
#9518=ORIENTED_EDGE('',*,*,#7056,.F.);
#9519=ORIENTED_EDGE('',*,*,#7055,.T.);
#9520=ORIENTED_EDGE('',*,*,#7057,.F.);
#9521=ORIENTED_EDGE('',*,*,#7058,.F.);
#9522=ORIENTED_EDGE('',*,*,#7059,.F.);
#9523=ORIENTED_EDGE('',*,*,#7054,.T.);
#9524=ORIENTED_EDGE('',*,*,#7060,.T.);
#9525=ORIENTED_EDGE('',*,*,#7061,.T.);
#9526=ORIENTED_EDGE('',*,*,#7057,.T.);
#9527=ORIENTED_EDGE('',*,*,#7053,.T.);
#9528=ORIENTED_EDGE('',*,*,#7062,.F.);
#9529=ORIENTED_EDGE('',*,*,#7063,.F.);
#9530=ORIENTED_EDGE('',*,*,#7060,.F.);
#9531=ORIENTED_EDGE('',*,*,#7056,.T.);
#9532=ORIENTED_EDGE('',*,*,#7059,.T.);
#9533=ORIENTED_EDGE('',*,*,#7064,.F.);
#9534=ORIENTED_EDGE('',*,*,#7062,.T.);
#9535=ORIENTED_EDGE('',*,*,#7063,.T.);
#9536=ORIENTED_EDGE('',*,*,#7064,.T.);
#9537=ORIENTED_EDGE('',*,*,#7058,.T.);
#9538=ORIENTED_EDGE('',*,*,#7061,.F.);
#9539=ORIENTED_EDGE('',*,*,#7065,.F.);
#9540=ORIENTED_EDGE('',*,*,#7066,.F.);
#9541=ORIENTED_EDGE('',*,*,#7067,.F.);
#9542=ORIENTED_EDGE('',*,*,#7068,.F.);
#9543=ORIENTED_EDGE('',*,*,#7067,.T.);
#9544=ORIENTED_EDGE('',*,*,#7069,.F.);
#9545=ORIENTED_EDGE('',*,*,#7070,.F.);
#9546=ORIENTED_EDGE('',*,*,#7071,.F.);
#9547=ORIENTED_EDGE('',*,*,#7066,.T.);
#9548=ORIENTED_EDGE('',*,*,#7072,.T.);
#9549=ORIENTED_EDGE('',*,*,#7073,.T.);
#9550=ORIENTED_EDGE('',*,*,#7069,.T.);
#9551=ORIENTED_EDGE('',*,*,#7065,.T.);
#9552=ORIENTED_EDGE('',*,*,#7074,.F.);
#9553=ORIENTED_EDGE('',*,*,#7075,.F.);
#9554=ORIENTED_EDGE('',*,*,#7072,.F.);
#9555=ORIENTED_EDGE('',*,*,#7068,.T.);
#9556=ORIENTED_EDGE('',*,*,#7071,.T.);
#9557=ORIENTED_EDGE('',*,*,#7076,.F.);
#9558=ORIENTED_EDGE('',*,*,#7074,.T.);
#9559=ORIENTED_EDGE('',*,*,#7075,.T.);
#9560=ORIENTED_EDGE('',*,*,#7076,.T.);
#9561=ORIENTED_EDGE('',*,*,#7070,.T.);
#9562=ORIENTED_EDGE('',*,*,#7073,.F.);
#9563=ORIENTED_EDGE('',*,*,#7077,.F.);
#9564=ORIENTED_EDGE('',*,*,#7078,.T.);
#9565=ORIENTED_EDGE('',*,*,#7079,.T.);
#9566=ORIENTED_EDGE('',*,*,#7078,.F.);
#9567=ORIENTED_EDGE('',*,*,#7077,.T.);
#9568=ORIENTED_EDGE('',*,*,#7079,.F.);
#9569=ORIENTED_EDGE('',*,*,#7080,.F.);
#9570=ORIENTED_EDGE('',*,*,#7081,.T.);
#9571=ORIENTED_EDGE('',*,*,#7082,.T.);
#9572=ORIENTED_EDGE('',*,*,#7081,.F.);
#9573=ORIENTED_EDGE('',*,*,#7080,.T.);
#9574=ORIENTED_EDGE('',*,*,#7082,.F.);
#9575=ORIENTED_EDGE('',*,*,#7083,.F.);
#9576=ORIENTED_EDGE('',*,*,#7084,.T.);
#9577=ORIENTED_EDGE('',*,*,#7085,.F.);
#9578=ORIENTED_EDGE('',*,*,#7084,.F.);
#9579=ORIENTED_EDGE('',*,*,#7086,.F.);
#9580=ORIENTED_EDGE('',*,*,#7087,.T.);
#9581=ORIENTED_EDGE('',*,*,#7088,.F.);
#9582=ORIENTED_EDGE('',*,*,#7087,.F.);
#9583=ORIENTED_EDGE('',*,*,#7089,.F.);
#9584=ORIENTED_EDGE('',*,*,#7090,.T.);
#9585=ORIENTED_EDGE('',*,*,#7091,.F.);
#9586=ORIENTED_EDGE('',*,*,#7090,.F.);
#9587=ORIENTED_EDGE('',*,*,#7092,.F.);
#9588=ORIENTED_EDGE('',*,*,#7093,.T.);
#9589=ORIENTED_EDGE('',*,*,#7094,.F.);
#9590=ORIENTED_EDGE('',*,*,#7093,.F.);
#9591=ORIENTED_EDGE('',*,*,#7095,.F.);
#9592=ORIENTED_EDGE('',*,*,#7096,.T.);
#9593=ORIENTED_EDGE('',*,*,#7097,.F.);
#9594=ORIENTED_EDGE('',*,*,#7096,.F.);
#9595=ORIENTED_EDGE('',*,*,#7098,.T.);
#9596=ORIENTED_EDGE('',*,*,#7099,.T.);
#9597=ORIENTED_EDGE('',*,*,#7100,.F.);
#9598=ORIENTED_EDGE('',*,*,#7101,.F.);
#9599=ORIENTED_EDGE('',*,*,#7102,.T.);
#9600=ORIENTED_EDGE('',*,*,#7101,.T.);
#9601=ORIENTED_EDGE('',*,*,#7103,.F.);
#9602=ORIENTED_EDGE('',*,*,#7104,.F.);
#9603=ORIENTED_EDGE('',*,*,#7097,.T.);
#9604=ORIENTED_EDGE('',*,*,#7094,.T.);
#9605=ORIENTED_EDGE('',*,*,#7091,.T.);
#9606=ORIENTED_EDGE('',*,*,#7088,.T.);
#9607=ORIENTED_EDGE('',*,*,#7085,.T.);
#9608=ORIENTED_EDGE('',*,*,#7105,.T.);
#9609=ORIENTED_EDGE('',*,*,#7104,.T.);
#9610=ORIENTED_EDGE('',*,*,#7106,.F.);
#9611=ORIENTED_EDGE('',*,*,#7107,.F.);
#9612=ORIENTED_EDGE('',*,*,#7108,.T.);
#9613=ORIENTED_EDGE('',*,*,#7107,.T.);
#9614=ORIENTED_EDGE('',*,*,#7109,.F.);
#9615=ORIENTED_EDGE('',*,*,#7099,.F.);
#9616=ORIENTED_EDGE('',*,*,#7095,.T.);
#9617=ORIENTED_EDGE('',*,*,#7092,.T.);
#9618=ORIENTED_EDGE('',*,*,#7089,.T.);
#9619=ORIENTED_EDGE('',*,*,#7086,.T.);
#9620=ORIENTED_EDGE('',*,*,#7083,.T.);
#9621=ORIENTED_EDGE('',*,*,#7109,.T.);
#9622=ORIENTED_EDGE('',*,*,#7106,.T.);
#9623=ORIENTED_EDGE('',*,*,#7103,.T.);
#9624=ORIENTED_EDGE('',*,*,#7100,.T.);
#9625=ORIENTED_EDGE('',*,*,#7108,.F.);
#9626=ORIENTED_EDGE('',*,*,#7098,.F.);
#9627=ORIENTED_EDGE('',*,*,#7102,.F.);
#9628=ORIENTED_EDGE('',*,*,#7105,.F.);
#9629=ORIENTED_EDGE('',*,*,#7110,.F.);
#9630=ORIENTED_EDGE('',*,*,#7111,.T.);
#9631=ORIENTED_EDGE('',*,*,#7112,.F.);
#9632=ORIENTED_EDGE('',*,*,#7113,.F.);
#9633=ORIENTED_EDGE('',*,*,#7114,.F.);
#9634=ORIENTED_EDGE('',*,*,#7115,.F.);
#9635=ORIENTED_EDGE('',*,*,#7116,.F.);
#9636=ORIENTED_EDGE('',*,*,#7111,.F.);
#9637=ORIENTED_EDGE('',*,*,#7113,.T.);
#9638=ORIENTED_EDGE('',*,*,#7117,.F.);
#9639=ORIENTED_EDGE('',*,*,#7118,.T.);
#9640=ORIENTED_EDGE('',*,*,#7119,.T.);
#9641=ORIENTED_EDGE('',*,*,#7112,.T.);
#9642=ORIENTED_EDGE('',*,*,#7116,.T.);
#9643=ORIENTED_EDGE('',*,*,#7120,.F.);
#9644=ORIENTED_EDGE('',*,*,#7121,.F.);
#9645=ORIENTED_EDGE('',*,*,#7122,.T.);
#9646=ORIENTED_EDGE('',*,*,#7117,.T.);
#9647=ORIENTED_EDGE('',*,*,#7123,.T.);
#9648=ORIENTED_EDGE('',*,*,#7124,.T.);
#9649=ORIENTED_EDGE('',*,*,#7125,.T.);
#9650=ORIENTED_EDGE('',*,*,#7126,.T.);
#9651=ORIENTED_EDGE('',*,*,#7127,.T.);
#9652=ORIENTED_EDGE('',*,*,#7128,.F.);
#9653=ORIENTED_EDGE('',*,*,#7129,.T.);
#9654=ORIENTED_EDGE('',*,*,#7130,.T.);
#9655=ORIENTED_EDGE('',*,*,#7129,.F.);
#9656=ORIENTED_EDGE('',*,*,#7130,.F.);
#9657=ORIENTED_EDGE('',*,*,#7131,.F.);
#9658=ORIENTED_EDGE('',*,*,#7132,.T.);
#9659=ORIENTED_EDGE('',*,*,#7133,.T.);
#9660=ORIENTED_EDGE('',*,*,#7132,.F.);
#9661=ORIENTED_EDGE('',*,*,#7133,.F.);
#9662=ORIENTED_EDGE('',*,*,#7123,.F.);
#9663=ORIENTED_EDGE('',*,*,#7134,.T.);
#9664=ORIENTED_EDGE('',*,*,#7135,.F.);
#9665=ORIENTED_EDGE('',*,*,#7134,.F.);
#9666=ORIENTED_EDGE('',*,*,#7124,.F.);
#9667=ORIENTED_EDGE('',*,*,#7136,.T.);
#9668=ORIENTED_EDGE('',*,*,#7137,.F.);
#9669=ORIENTED_EDGE('',*,*,#7136,.F.);
#9670=ORIENTED_EDGE('',*,*,#7125,.F.);
#9671=ORIENTED_EDGE('',*,*,#7138,.T.);
#9672=ORIENTED_EDGE('',*,*,#7139,.F.);
#9673=ORIENTED_EDGE('',*,*,#7138,.F.);
#9674=ORIENTED_EDGE('',*,*,#7126,.F.);
#9675=ORIENTED_EDGE('',*,*,#7140,.T.);
#9676=ORIENTED_EDGE('',*,*,#7141,.F.);
#9677=ORIENTED_EDGE('',*,*,#7140,.F.);
#9678=ORIENTED_EDGE('',*,*,#7127,.F.);
#9679=ORIENTED_EDGE('',*,*,#7142,.T.);
#9680=ORIENTED_EDGE('',*,*,#7143,.F.);
#9681=ORIENTED_EDGE('',*,*,#7142,.F.);
#9682=ORIENTED_EDGE('',*,*,#7144,.T.);
#9683=ORIENTED_EDGE('',*,*,#7121,.T.);
#9684=ORIENTED_EDGE('',*,*,#7145,.F.);
#9685=ORIENTED_EDGE('',*,*,#7146,.F.);
#9686=ORIENTED_EDGE('',*,*,#7110,.T.);
#9687=ORIENTED_EDGE('',*,*,#7119,.F.);
#9688=ORIENTED_EDGE('',*,*,#7147,.T.);
#9689=ORIENTED_EDGE('',*,*,#7146,.T.);
#9690=ORIENTED_EDGE('',*,*,#7148,.F.);
#9691=ORIENTED_EDGE('',*,*,#7114,.T.);
#9692=ORIENTED_EDGE('',*,*,#7143,.T.);
#9693=ORIENTED_EDGE('',*,*,#7141,.T.);
#9694=ORIENTED_EDGE('',*,*,#7139,.T.);
#9695=ORIENTED_EDGE('',*,*,#7137,.T.);
#9696=ORIENTED_EDGE('',*,*,#7135,.T.);
#9697=ORIENTED_EDGE('',*,*,#7115,.T.);
#9698=ORIENTED_EDGE('',*,*,#7148,.T.);
#9699=ORIENTED_EDGE('',*,*,#7145,.T.);
#9700=ORIENTED_EDGE('',*,*,#7120,.T.);
#9701=ORIENTED_EDGE('',*,*,#7122,.F.);
#9702=ORIENTED_EDGE('',*,*,#7144,.F.);
#9703=ORIENTED_EDGE('',*,*,#7147,.F.);
#9704=ORIENTED_EDGE('',*,*,#7118,.F.);
#9705=ORIENTED_EDGE('',*,*,#7128,.T.);
#9706=ORIENTED_EDGE('',*,*,#7131,.T.);
#9707=ORIENTED_EDGE('',*,*,#7149,.F.);
#9708=ORIENTED_EDGE('',*,*,#7150,.T.);
#9709=ORIENTED_EDGE('',*,*,#7151,.F.);
#9710=ORIENTED_EDGE('',*,*,#7150,.F.);
#9711=ORIENTED_EDGE('',*,*,#7152,.F.);
#9712=ORIENTED_EDGE('',*,*,#7153,.T.);
#9713=ORIENTED_EDGE('',*,*,#7154,.F.);
#9714=ORIENTED_EDGE('',*,*,#7153,.F.);
#9715=ORIENTED_EDGE('',*,*,#7155,.F.);
#9716=ORIENTED_EDGE('',*,*,#7156,.T.);
#9717=ORIENTED_EDGE('',*,*,#7157,.F.);
#9718=ORIENTED_EDGE('',*,*,#7156,.F.);
#9719=ORIENTED_EDGE('',*,*,#7158,.F.);
#9720=ORIENTED_EDGE('',*,*,#7159,.T.);
#9721=ORIENTED_EDGE('',*,*,#7160,.T.);
#9722=ORIENTED_EDGE('',*,*,#7159,.F.);
#9723=ORIENTED_EDGE('',*,*,#7158,.T.);
#9724=ORIENTED_EDGE('',*,*,#7151,.T.);
#9725=ORIENTED_EDGE('',*,*,#7154,.T.);
#9726=ORIENTED_EDGE('',*,*,#7157,.T.);
#9727=ORIENTED_EDGE('',*,*,#7160,.F.);
#9728=ORIENTED_EDGE('',*,*,#7149,.T.);
#9729=ORIENTED_EDGE('',*,*,#7152,.T.);
#9730=ORIENTED_EDGE('',*,*,#7155,.T.);
#9731=ORIENTED_EDGE('',*,*,#7161,.F.);
#9732=ORIENTED_EDGE('',*,*,#7162,.T.);
#9733=ORIENTED_EDGE('',*,*,#7163,.T.);
#9734=ORIENTED_EDGE('',*,*,#7162,.F.);
#9735=ORIENTED_EDGE('',*,*,#7161,.T.);
#9736=ORIENTED_EDGE('',*,*,#7163,.F.);
#9737=ORIENTED_EDGE('',*,*,#7164,.F.);
#9738=ORIENTED_EDGE('',*,*,#7165,.T.);
#9739=ORIENTED_EDGE('',*,*,#7166,.T.);
#9740=ORIENTED_EDGE('',*,*,#7165,.F.);
#9741=ORIENTED_EDGE('',*,*,#7164,.T.);
#9742=ORIENTED_EDGE('',*,*,#7166,.F.);
#9743=ORIENTED_EDGE('',*,*,#7167,.F.);
#9744=ORIENTED_EDGE('',*,*,#7168,.T.);
#9745=ORIENTED_EDGE('',*,*,#7169,.F.);
#9746=ORIENTED_EDGE('',*,*,#7168,.F.);
#9747=ORIENTED_EDGE('',*,*,#7170,.F.);
#9748=ORIENTED_EDGE('',*,*,#7171,.T.);
#9749=ORIENTED_EDGE('',*,*,#7172,.F.);
#9750=ORIENTED_EDGE('',*,*,#7171,.F.);
#9751=ORIENTED_EDGE('',*,*,#7173,.F.);
#9752=ORIENTED_EDGE('',*,*,#7174,.T.);
#9753=ORIENTED_EDGE('',*,*,#7175,.F.);
#9754=ORIENTED_EDGE('',*,*,#7174,.F.);
#9755=ORIENTED_EDGE('',*,*,#7176,.F.);
#9756=ORIENTED_EDGE('',*,*,#7177,.T.);
#9757=ORIENTED_EDGE('',*,*,#7178,.F.);
#9758=ORIENTED_EDGE('',*,*,#7177,.F.);
#9759=ORIENTED_EDGE('',*,*,#7179,.F.);
#9760=ORIENTED_EDGE('',*,*,#7180,.T.);
#9761=ORIENTED_EDGE('',*,*,#7181,.F.);
#9762=ORIENTED_EDGE('',*,*,#7180,.F.);
#9763=ORIENTED_EDGE('',*,*,#7182,.T.);
#9764=ORIENTED_EDGE('',*,*,#7183,.T.);
#9765=ORIENTED_EDGE('',*,*,#7184,.F.);
#9766=ORIENTED_EDGE('',*,*,#7185,.F.);
#9767=ORIENTED_EDGE('',*,*,#7186,.T.);
#9768=ORIENTED_EDGE('',*,*,#7185,.T.);
#9769=ORIENTED_EDGE('',*,*,#7187,.F.);
#9770=ORIENTED_EDGE('',*,*,#7188,.F.);
#9771=ORIENTED_EDGE('',*,*,#7181,.T.);
#9772=ORIENTED_EDGE('',*,*,#7178,.T.);
#9773=ORIENTED_EDGE('',*,*,#7175,.T.);
#9774=ORIENTED_EDGE('',*,*,#7172,.T.);
#9775=ORIENTED_EDGE('',*,*,#7169,.T.);
#9776=ORIENTED_EDGE('',*,*,#7189,.T.);
#9777=ORIENTED_EDGE('',*,*,#7188,.T.);
#9778=ORIENTED_EDGE('',*,*,#7190,.F.);
#9779=ORIENTED_EDGE('',*,*,#7191,.F.);
#9780=ORIENTED_EDGE('',*,*,#7192,.T.);
#9781=ORIENTED_EDGE('',*,*,#7191,.T.);
#9782=ORIENTED_EDGE('',*,*,#7193,.F.);
#9783=ORIENTED_EDGE('',*,*,#7183,.F.);
#9784=ORIENTED_EDGE('',*,*,#7179,.T.);
#9785=ORIENTED_EDGE('',*,*,#7176,.T.);
#9786=ORIENTED_EDGE('',*,*,#7173,.T.);
#9787=ORIENTED_EDGE('',*,*,#7170,.T.);
#9788=ORIENTED_EDGE('',*,*,#7167,.T.);
#9789=ORIENTED_EDGE('',*,*,#7193,.T.);
#9790=ORIENTED_EDGE('',*,*,#7190,.T.);
#9791=ORIENTED_EDGE('',*,*,#7187,.T.);
#9792=ORIENTED_EDGE('',*,*,#7184,.T.);
#9793=ORIENTED_EDGE('',*,*,#7192,.F.);
#9794=ORIENTED_EDGE('',*,*,#7182,.F.);
#9795=ORIENTED_EDGE('',*,*,#7186,.F.);
#9796=ORIENTED_EDGE('',*,*,#7189,.F.);
#9797=ORIENTED_EDGE('',*,*,#7194,.F.);
#9798=ORIENTED_EDGE('',*,*,#7195,.T.);
#9799=ORIENTED_EDGE('',*,*,#7196,.F.);
#9800=ORIENTED_EDGE('',*,*,#7197,.F.);
#9801=ORIENTED_EDGE('',*,*,#7198,.F.);
#9802=ORIENTED_EDGE('',*,*,#7199,.F.);
#9803=ORIENTED_EDGE('',*,*,#7200,.F.);
#9804=ORIENTED_EDGE('',*,*,#7195,.F.);
#9805=ORIENTED_EDGE('',*,*,#7197,.T.);
#9806=ORIENTED_EDGE('',*,*,#7201,.F.);
#9807=ORIENTED_EDGE('',*,*,#7202,.T.);
#9808=ORIENTED_EDGE('',*,*,#7203,.T.);
#9809=ORIENTED_EDGE('',*,*,#7196,.T.);
#9810=ORIENTED_EDGE('',*,*,#7200,.T.);
#9811=ORIENTED_EDGE('',*,*,#7204,.F.);
#9812=ORIENTED_EDGE('',*,*,#7205,.F.);
#9813=ORIENTED_EDGE('',*,*,#7206,.T.);
#9814=ORIENTED_EDGE('',*,*,#7201,.T.);
#9815=ORIENTED_EDGE('',*,*,#7207,.T.);
#9816=ORIENTED_EDGE('',*,*,#7208,.T.);
#9817=ORIENTED_EDGE('',*,*,#7209,.T.);
#9818=ORIENTED_EDGE('',*,*,#7210,.T.);
#9819=ORIENTED_EDGE('',*,*,#7211,.T.);
#9820=ORIENTED_EDGE('',*,*,#7212,.F.);
#9821=ORIENTED_EDGE('',*,*,#7213,.T.);
#9822=ORIENTED_EDGE('',*,*,#7214,.T.);
#9823=ORIENTED_EDGE('',*,*,#7213,.F.);
#9824=ORIENTED_EDGE('',*,*,#7214,.F.);
#9825=ORIENTED_EDGE('',*,*,#7215,.F.);
#9826=ORIENTED_EDGE('',*,*,#7216,.T.);
#9827=ORIENTED_EDGE('',*,*,#7217,.T.);
#9828=ORIENTED_EDGE('',*,*,#7216,.F.);
#9829=ORIENTED_EDGE('',*,*,#7217,.F.);
#9830=ORIENTED_EDGE('',*,*,#7207,.F.);
#9831=ORIENTED_EDGE('',*,*,#7218,.T.);
#9832=ORIENTED_EDGE('',*,*,#7219,.F.);
#9833=ORIENTED_EDGE('',*,*,#7218,.F.);
#9834=ORIENTED_EDGE('',*,*,#7208,.F.);
#9835=ORIENTED_EDGE('',*,*,#7220,.T.);
#9836=ORIENTED_EDGE('',*,*,#7221,.F.);
#9837=ORIENTED_EDGE('',*,*,#7220,.F.);
#9838=ORIENTED_EDGE('',*,*,#7209,.F.);
#9839=ORIENTED_EDGE('',*,*,#7222,.T.);
#9840=ORIENTED_EDGE('',*,*,#7223,.F.);
#9841=ORIENTED_EDGE('',*,*,#7222,.F.);
#9842=ORIENTED_EDGE('',*,*,#7210,.F.);
#9843=ORIENTED_EDGE('',*,*,#7224,.T.);
#9844=ORIENTED_EDGE('',*,*,#7225,.F.);
#9845=ORIENTED_EDGE('',*,*,#7224,.F.);
#9846=ORIENTED_EDGE('',*,*,#7211,.F.);
#9847=ORIENTED_EDGE('',*,*,#7226,.T.);
#9848=ORIENTED_EDGE('',*,*,#7227,.F.);
#9849=ORIENTED_EDGE('',*,*,#7226,.F.);
#9850=ORIENTED_EDGE('',*,*,#7228,.T.);
#9851=ORIENTED_EDGE('',*,*,#7205,.T.);
#9852=ORIENTED_EDGE('',*,*,#7229,.F.);
#9853=ORIENTED_EDGE('',*,*,#7230,.F.);
#9854=ORIENTED_EDGE('',*,*,#7194,.T.);
#9855=ORIENTED_EDGE('',*,*,#7203,.F.);
#9856=ORIENTED_EDGE('',*,*,#7231,.T.);
#9857=ORIENTED_EDGE('',*,*,#7230,.T.);
#9858=ORIENTED_EDGE('',*,*,#7232,.F.);
#9859=ORIENTED_EDGE('',*,*,#7198,.T.);
#9860=ORIENTED_EDGE('',*,*,#7227,.T.);
#9861=ORIENTED_EDGE('',*,*,#7225,.T.);
#9862=ORIENTED_EDGE('',*,*,#7223,.T.);
#9863=ORIENTED_EDGE('',*,*,#7221,.T.);
#9864=ORIENTED_EDGE('',*,*,#7219,.T.);
#9865=ORIENTED_EDGE('',*,*,#7199,.T.);
#9866=ORIENTED_EDGE('',*,*,#7232,.T.);
#9867=ORIENTED_EDGE('',*,*,#7229,.T.);
#9868=ORIENTED_EDGE('',*,*,#7204,.T.);
#9869=ORIENTED_EDGE('',*,*,#7206,.F.);
#9870=ORIENTED_EDGE('',*,*,#7228,.F.);
#9871=ORIENTED_EDGE('',*,*,#7231,.F.);
#9872=ORIENTED_EDGE('',*,*,#7202,.F.);
#9873=ORIENTED_EDGE('',*,*,#7212,.T.);
#9874=ORIENTED_EDGE('',*,*,#7215,.T.);
#9875=ORIENTED_EDGE('',*,*,#7233,.F.);
#9876=ORIENTED_EDGE('',*,*,#7234,.T.);
#9877=ORIENTED_EDGE('',*,*,#7235,.F.);
#9878=ORIENTED_EDGE('',*,*,#7234,.F.);
#9879=ORIENTED_EDGE('',*,*,#7236,.F.);
#9880=ORIENTED_EDGE('',*,*,#7237,.T.);
#9881=ORIENTED_EDGE('',*,*,#7238,.F.);
#9882=ORIENTED_EDGE('',*,*,#7237,.F.);
#9883=ORIENTED_EDGE('',*,*,#7239,.F.);
#9884=ORIENTED_EDGE('',*,*,#7240,.T.);
#9885=ORIENTED_EDGE('',*,*,#7241,.F.);
#9886=ORIENTED_EDGE('',*,*,#7240,.F.);
#9887=ORIENTED_EDGE('',*,*,#7242,.F.);
#9888=ORIENTED_EDGE('',*,*,#7243,.T.);
#9889=ORIENTED_EDGE('',*,*,#7244,.T.);
#9890=ORIENTED_EDGE('',*,*,#7243,.F.);
#9891=ORIENTED_EDGE('',*,*,#7242,.T.);
#9892=ORIENTED_EDGE('',*,*,#7235,.T.);
#9893=ORIENTED_EDGE('',*,*,#7238,.T.);
#9894=ORIENTED_EDGE('',*,*,#7241,.T.);
#9895=ORIENTED_EDGE('',*,*,#7244,.F.);
#9896=ORIENTED_EDGE('',*,*,#7233,.T.);
#9897=ORIENTED_EDGE('',*,*,#7236,.T.);
#9898=ORIENTED_EDGE('',*,*,#7239,.T.);
#9899=ORIENTED_EDGE('',*,*,#7245,.F.);
#9900=ORIENTED_EDGE('',*,*,#7246,.T.);
#9901=ORIENTED_EDGE('',*,*,#7247,.F.);
#9902=ORIENTED_EDGE('',*,*,#7246,.F.);
#9903=ORIENTED_EDGE('',*,*,#7245,.T.);
#9904=ORIENTED_EDGE('',*,*,#7248,.F.);
#9905=ORIENTED_EDGE('',*,*,#7249,.T.);
#9906=ORIENTED_EDGE('',*,*,#7250,.T.);
#9907=ORIENTED_EDGE('',*,*,#7249,.F.);
#9908=ORIENTED_EDGE('',*,*,#7250,.F.);
#9909=ORIENTED_EDGE('',*,*,#7251,.T.);
#9910=ORIENTED_EDGE('',*,*,#7252,.T.);
#9911=ORIENTED_EDGE('',*,*,#7253,.F.);
#9912=ORIENTED_EDGE('',*,*,#7254,.F.);
#9913=ORIENTED_EDGE('',*,*,#7255,.T.);
#9914=ORIENTED_EDGE('',*,*,#7254,.T.);
#9915=ORIENTED_EDGE('',*,*,#7256,.F.);
#9916=ORIENTED_EDGE('',*,*,#7257,.F.);
#9917=ORIENTED_EDGE('',*,*,#7247,.T.);
#9918=ORIENTED_EDGE('',*,*,#7258,.T.);
#9919=ORIENTED_EDGE('',*,*,#7257,.T.);
#9920=ORIENTED_EDGE('',*,*,#7259,.F.);
#9921=ORIENTED_EDGE('',*,*,#7260,.F.);
#9922=ORIENTED_EDGE('',*,*,#7261,.T.);
#9923=ORIENTED_EDGE('',*,*,#7260,.T.);
#9924=ORIENTED_EDGE('',*,*,#7262,.F.);
#9925=ORIENTED_EDGE('',*,*,#7252,.F.);
#9926=ORIENTED_EDGE('',*,*,#7248,.T.);
#9927=ORIENTED_EDGE('',*,*,#7262,.T.);
#9928=ORIENTED_EDGE('',*,*,#7259,.T.);
#9929=ORIENTED_EDGE('',*,*,#7256,.T.);
#9930=ORIENTED_EDGE('',*,*,#7253,.T.);
#9931=ORIENTED_EDGE('',*,*,#7261,.F.);
#9932=ORIENTED_EDGE('',*,*,#7251,.F.);
#9933=ORIENTED_EDGE('',*,*,#7255,.F.);
#9934=ORIENTED_EDGE('',*,*,#7258,.F.);
#9935=ORIENTED_EDGE('',*,*,#7263,.F.);
#9936=ORIENTED_EDGE('',*,*,#7264,.T.);
#9937=ORIENTED_EDGE('',*,*,#7265,.F.);
#9938=ORIENTED_EDGE('',*,*,#7264,.F.);
#9939=ORIENTED_EDGE('',*,*,#7263,.T.);
#9940=ORIENTED_EDGE('',*,*,#7266,.F.);
#9941=ORIENTED_EDGE('',*,*,#7267,.T.);
#9942=ORIENTED_EDGE('',*,*,#7268,.T.);
#9943=ORIENTED_EDGE('',*,*,#7267,.F.);
#9944=ORIENTED_EDGE('',*,*,#7268,.F.);
#9945=ORIENTED_EDGE('',*,*,#7269,.T.);
#9946=ORIENTED_EDGE('',*,*,#7270,.T.);
#9947=ORIENTED_EDGE('',*,*,#7271,.F.);
#9948=ORIENTED_EDGE('',*,*,#7272,.F.);
#9949=ORIENTED_EDGE('',*,*,#7273,.T.);
#9950=ORIENTED_EDGE('',*,*,#7272,.T.);
#9951=ORIENTED_EDGE('',*,*,#7274,.F.);
#9952=ORIENTED_EDGE('',*,*,#7275,.F.);
#9953=ORIENTED_EDGE('',*,*,#7265,.T.);
#9954=ORIENTED_EDGE('',*,*,#7276,.T.);
#9955=ORIENTED_EDGE('',*,*,#7275,.T.);
#9956=ORIENTED_EDGE('',*,*,#7277,.F.);
#9957=ORIENTED_EDGE('',*,*,#7278,.F.);
#9958=ORIENTED_EDGE('',*,*,#7279,.T.);
#9959=ORIENTED_EDGE('',*,*,#7278,.T.);
#9960=ORIENTED_EDGE('',*,*,#7280,.F.);
#9961=ORIENTED_EDGE('',*,*,#7270,.F.);
#9962=ORIENTED_EDGE('',*,*,#7266,.T.);
#9963=ORIENTED_EDGE('',*,*,#7280,.T.);
#9964=ORIENTED_EDGE('',*,*,#7277,.T.);
#9965=ORIENTED_EDGE('',*,*,#7274,.T.);
#9966=ORIENTED_EDGE('',*,*,#7271,.T.);
#9967=ORIENTED_EDGE('',*,*,#7279,.F.);
#9968=ORIENTED_EDGE('',*,*,#7269,.F.);
#9969=ORIENTED_EDGE('',*,*,#7273,.F.);
#9970=ORIENTED_EDGE('',*,*,#7276,.F.);
#9971=CYLINDRICAL_SURFACE('',#11487,1.7);
#9972=CYLINDRICAL_SURFACE('',#11490,1.7);
#9973=CYLINDRICAL_SURFACE('',#11493,1.7);
#9974=CYLINDRICAL_SURFACE('',#11496,1.7);
#9975=CYLINDRICAL_SURFACE('',#11499,1.7);
#9976=CYLINDRICAL_SURFACE('',#11502,1.7);
#9977=CYLINDRICAL_SURFACE('',#11505,1.7);
#9978=CYLINDRICAL_SURFACE('',#11508,1.7);
#9979=CYLINDRICAL_SURFACE('',#11511,1.7);
#9980=CYLINDRICAL_SURFACE('',#11514,1.7);
#9981=CYLINDRICAL_SURFACE('',#11517,1.7);
#9982=CYLINDRICAL_SURFACE('',#11520,1.7);
#9983=CYLINDRICAL_SURFACE('',#11523,1.7);
#9984=CYLINDRICAL_SURFACE('',#11526,1.7);
#9985=CYLINDRICAL_SURFACE('',#11529,1.7);
#9986=CYLINDRICAL_SURFACE('',#11532,1.7);
#9987=CYLINDRICAL_SURFACE('',#11535,1.25);
#9988=CYLINDRICAL_SURFACE('',#11538,1.25);
#9989=CYLINDRICAL_SURFACE('',#11541,1.25);
#9990=CYLINDRICAL_SURFACE('',#11544,1.25);
#9991=CYLINDRICAL_SURFACE('',#11547,1.25);
#9992=CYLINDRICAL_SURFACE('',#11550,1.25);
#9993=CYLINDRICAL_SURFACE('',#11553,1.25);
#9994=CYLINDRICAL_SURFACE('',#11556,1.25);
#9995=CYLINDRICAL_SURFACE('',#11559,1.25);
#9996=CYLINDRICAL_SURFACE('',#11562,1.25);
#9997=CYLINDRICAL_SURFACE('',#11565,1.25);
#9998=CYLINDRICAL_SURFACE('',#11568,1.25);
#9999=CYLINDRICAL_SURFACE('',#11587,1.45);
#10000=CYLINDRICAL_SURFACE('',#11590,1.45);
#10001=CYLINDRICAL_SURFACE('',#11593,1.45);
#10002=CYLINDRICAL_SURFACE('',#11596,1.45);
#10003=CYLINDRICAL_SURFACE('',#11599,1.45);
#10004=CYLINDRICAL_SURFACE('',#11602,1.45);
#10005=CYLINDRICAL_SURFACE('',#11605,1.7);
#10006=CYLINDRICAL_SURFACE('',#11608,1.7);
#10007=CYLINDRICAL_SURFACE('',#11611,1.7);
#10008=CYLINDRICAL_SURFACE('',#11614,1.7);
#10009=CYLINDRICAL_SURFACE('',#11617,1.7);
#10010=CYLINDRICAL_SURFACE('',#11620,1.7);
#10011=CYLINDRICAL_SURFACE('',#11623,1.7);
#10012=CYLINDRICAL_SURFACE('',#11626,1.7);
#10013=CYLINDRICAL_SURFACE('',#11629,1.7);
#10014=CYLINDRICAL_SURFACE('',#11632,1.7);
#10015=CYLINDRICAL_SURFACE('',#11635,1.7);
#10016=CYLINDRICAL_SURFACE('',#11638,1.7);
#10017=CYLINDRICAL_SURFACE('',#11656,1.7);
#10018=CYLINDRICAL_SURFACE('',#11659,1.7);
#10019=CYLINDRICAL_SURFACE('',#11662,1.7);
#10020=CYLINDRICAL_SURFACE('',#11665,1.7);
#10021=CYLINDRICAL_SURFACE('',#11679,1.7);
#10022=CYLINDRICAL_SURFACE('',#11682,1.7);
#10023=CYLINDRICAL_SURFACE('',#11685,1.7);
#10024=CYLINDRICAL_SURFACE('',#11688,1.7);
#10025=CYLINDRICAL_SURFACE('',#11702,3.);
#10026=CYLINDRICAL_SURFACE('',#11705,1.7);
#10027=CYLINDRICAL_SURFACE('',#11708,1.7);
#10028=CYLINDRICAL_SURFACE('',#11711,1.7);
#10029=CYLINDRICAL_SURFACE('',#11714,1.7);
#10030=CYLINDRICAL_SURFACE('',#11717,1.7);
#10031=CYLINDRICAL_SURFACE('',#11720,1.7);
#10032=CYLINDRICAL_SURFACE('',#11732,1.25);
#10033=CYLINDRICAL_SURFACE('',#11740,1.7);
#10034=CYLINDRICAL_SURFACE('',#11742,1.7);
#10035=CYLINDRICAL_SURFACE('',#11752,1.25);
#10036=CYLINDRICAL_SURFACE('',#11760,1.7);
#10037=CYLINDRICAL_SURFACE('',#11762,1.7);
#10038=CYLINDRICAL_SURFACE('',#11770,1.25);
#10039=CYLINDRICAL_SURFACE('',#11771,1.25);
#10040=CYLINDRICAL_SURFACE('',#11775,1.25);
#10041=CYLINDRICAL_SURFACE('',#11779,3.);
#10042=CYLINDRICAL_SURFACE('',#11784,1.25);
#10043=CYLINDRICAL_SURFACE('',#11785,1.25);
#10044=CYLINDRICAL_SURFACE('',#11786,1.25);
#10045=CYLINDRICAL_SURFACE('',#11787,1.25);
#10046=CYLINDRICAL_SURFACE('',#11791,1.25);
#10047=CYLINDRICAL_SURFACE('',#11795,3.);
#10048=CYLINDRICAL_SURFACE('',#11800,1.25);
#10049=CYLINDRICAL_SURFACE('',#11801,1.25);
#10050=CYLINDRICAL_SURFACE('',#11805,1.25);
#10051=CYLINDRICAL_SURFACE('',#11809,3.);
#10052=CYLINDRICAL_SURFACE('',#11814,1.25);
#10053=CYLINDRICAL_SURFACE('',#11815,1.25);
#10054=CYLINDRICAL_SURFACE('',#11819,1.25);
#10055=CYLINDRICAL_SURFACE('',#11823,3.);
#10056=CYLINDRICAL_SURFACE('',#11837,1.7);
#10057=CYLINDRICAL_SURFACE('',#11840,1.7);
#10058=CYLINDRICAL_SURFACE('',#11843,2.1);
#10059=CYLINDRICAL_SURFACE('',#11847,8.1);
#10060=CYLINDRICAL_SURFACE('',#11851,21.);
#10061=CYLINDRICAL_SURFACE('',#11857,1.7);
#10062=CYLINDRICAL_SURFACE('',#11860,1.7);
#10063=CYLINDRICAL_SURFACE('',#11863,2.1);
#10064=CYLINDRICAL_SURFACE('',#11867,8.1);
#10065=CYLINDRICAL_SURFACE('',#11871,21.);
#10066=CYLINDRICAL_SURFACE('',#11901,1.);
#10067=CYLINDRICAL_SURFACE('',#11904,0.999999999999996);
#10068=CYLINDRICAL_SURFACE('',#11929,1.7);
#10069=CYLINDRICAL_SURFACE('',#11932,1.7);
#10070=CYLINDRICAL_SURFACE('',#11935,1.7);
#10071=CYLINDRICAL_SURFACE('',#11938,1.7);
#10072=CYLINDRICAL_SURFACE('',#11950,1.45);
#10073=CYLINDRICAL_SURFACE('',#11953,1.45);
#10074=CYLINDRICAL_SURFACE('',#11956,1.45);
#10075=CYLINDRICAL_SURFACE('',#11959,1.45);
#10076=CYLINDRICAL_SURFACE('',#11989,1.05);
#10077=CYLINDRICAL_SURFACE('',#11993,1.05);
#10078=CYLINDRICAL_SURFACE('',#11997,2.5);
#10079=CYLINDRICAL_SURFACE('',#12003,1.05);
#10080=CYLINDRICAL_SURFACE('',#12007,1.05);
#10081=CYLINDRICAL_SURFACE('',#12011,2.5);
#10082=CYLINDRICAL_SURFACE('',#12017,1.05);
#10083=CYLINDRICAL_SURFACE('',#12021,1.05);
#10084=CYLINDRICAL_SURFACE('',#12025,2.5);
#10085=CYLINDRICAL_SURFACE('',#12031,1.05);
#10086=CYLINDRICAL_SURFACE('',#12035,1.05);
#10087=CYLINDRICAL_SURFACE('',#12039,2.5);
#10088=CYLINDRICAL_SURFACE('',#12045,1.05);
#10089=CYLINDRICAL_SURFACE('',#12049,1.05);
#10090=CYLINDRICAL_SURFACE('',#12053,3.);
#10091=CYLINDRICAL_SURFACE('',#12059,1.05);
#10092=CYLINDRICAL_SURFACE('',#12063,1.05);
#10093=CYLINDRICAL_SURFACE('',#12067,3.);
#10094=CYLINDRICAL_SURFACE('',#12073,1.7);
#10095=CYLINDRICAL_SURFACE('',#12076,1.7);
#10096=CYLINDRICAL_SURFACE('',#12095,1.7);
#10097=CYLINDRICAL_SURFACE('',#12098,1.7);
#10098=CYLINDRICAL_SURFACE('',#12117,1.1);
#10099=CYLINDRICAL_SURFACE('',#12120,1.1);
#10100=CYLINDRICAL_SURFACE('',#12123,1.7);
#10101=CYLINDRICAL_SURFACE('',#12126,1.7);
#10102=CYLINDRICAL_SURFACE('',#12157,1.6);
#10103=CYLINDRICAL_SURFACE('',#12167,3.2);
#10104=CYLINDRICAL_SURFACE('',#12180,1.25);
#10105=CYLINDRICAL_SURFACE('',#12184,1.25);
#10106=CYLINDRICAL_SURFACE('',#12192,3.2);
#10107=CYLINDRICAL_SURFACE('',#12200,1.25);
#10108=CYLINDRICAL_SURFACE('',#12204,1.25);
#10109=CYLINDRICAL_SURFACE('',#12211,3.2);
#10110=CYLINDRICAL_SURFACE('',#12216,2.5);
#10111=CYLINDRICAL_SURFACE('',#12223,3.);
#10112=CYLINDRICAL_SURFACE('',#12225,2.5);
#10113=CYLINDRICAL_SURFACE('',#12231,3.);
#10114=CYLINDRICAL_SURFACE('',#12236,3.);
#10115=CYLINDRICAL_SURFACE('',#12238,1.5);
#10116=CYLINDRICAL_SURFACE('',#12263,1.6);
#10117=CYLINDRICAL_SURFACE('',#12266,1.6);
#10118=CYLINDRICAL_SURFACE('',#12276,1.6);
#10119=CYLINDRICAL_SURFACE('',#12279,1.6);
#10120=CYLINDRICAL_SURFACE('',#12296,1.7);
#10121=CYLINDRICAL_SURFACE('',#12299,1.7);
#10122=CYLINDRICAL_SURFACE('',#12311,1.25);
#10123=CYLINDRICAL_SURFACE('',#12321,1.25);
#10124=CYLINDRICAL_SURFACE('',#12331,1.7);
#10125=CYLINDRICAL_SURFACE('',#12334,1.7);
#10126=CYLINDRICAL_SURFACE('',#12346,1.25);
#10127=CYLINDRICAL_SURFACE('',#12356,1.25);
#10128=CYLINDRICAL_SURFACE('',#12366,4.);
#10129=CYLINDRICAL_SURFACE('',#12375,2.5);
#10130=CYLINDRICAL_SURFACE('',#12377,4.);
#10131=CYLINDRICAL_SURFACE('',#12386,2.5);
#10132=CYLINDRICAL_SURFACE('',#12408,11.);
#10133=CYLINDRICAL_SURFACE('',#12414,2.);
#10134=CYLINDRICAL_SURFACE('',#12420,1.6);
#10135=CYLINDRICAL_SURFACE('',#12423,1.6);
#10136=CYLINDRICAL_SURFACE('',#12426,1.6);
#10137=CYLINDRICAL_SURFACE('',#12429,1.6);
#10138=CYLINDRICAL_SURFACE('',#12432,11.1);
#10139=CYLINDRICAL_SURFACE('',#12451,1.25);
#10140=CYLINDRICAL_SURFACE('',#12455,1.25);
#10141=CYLINDRICAL_SURFACE('',#12459,1.25);
#10142=CYLINDRICAL_SURFACE('',#12461,1.25);
#10143=CYLINDRICAL_SURFACE('',#12463,1.25);
#10144=CYLINDRICAL_SURFACE('',#12465,1.25);
#10145=CYLINDRICAL_SURFACE('',#12467,11.1);
#10146=CYLINDRICAL_SURFACE('',#12474,1.25);
#10147=CYLINDRICAL_SURFACE('',#12477,1.25);
#10148=CYLINDRICAL_SURFACE('',#12480,2.);
#10149=CYLINDRICAL_SURFACE('',#12483,8.);
#10150=CYLINDRICAL_SURFACE('',#12489,11.);
#10151=CYLINDRICAL_SURFACE('',#12495,2.);
#10152=CYLINDRICAL_SURFACE('',#12501,1.6);
#10153=CYLINDRICAL_SURFACE('',#12504,1.6);
#10154=CYLINDRICAL_SURFACE('',#12507,1.6);
#10155=CYLINDRICAL_SURFACE('',#12510,1.6);
#10156=CYLINDRICAL_SURFACE('',#12513,11.1);
#10157=CYLINDRICAL_SURFACE('',#12532,1.25);
#10158=CYLINDRICAL_SURFACE('',#12536,1.25);
#10159=CYLINDRICAL_SURFACE('',#12540,1.25);
#10160=CYLINDRICAL_SURFACE('',#12542,1.25);
#10161=CYLINDRICAL_SURFACE('',#12544,1.25);
#10162=CYLINDRICAL_SURFACE('',#12546,1.25);
#10163=CYLINDRICAL_SURFACE('',#12548,11.1);
#10164=CYLINDRICAL_SURFACE('',#12555,1.25);
#10165=CYLINDRICAL_SURFACE('',#12558,1.25);
#10166=CYLINDRICAL_SURFACE('',#12561,2.);
#10167=CYLINDRICAL_SURFACE('',#12564,8.);
#10168=CYLINDRICAL_SURFACE('',#12581,1.25);
#10169=CYLINDRICAL_SURFACE('',#12585,1.25);
#10170=CYLINDRICAL_SURFACE('',#12596,1.25);
#10171=CYLINDRICAL_SURFACE('',#12600,1.25);
#10172=ADVANCED_FACE('',(#1255),#9971,.F.);
#10173=ADVANCED_FACE('',(#1256),#9972,.F.);
#10174=ADVANCED_FACE('',(#1257),#9973,.F.);
#10175=ADVANCED_FACE('',(#1258),#9974,.F.);
#10176=ADVANCED_FACE('',(#1259),#9975,.F.);
#10177=ADVANCED_FACE('',(#1260),#9976,.F.);
#10178=ADVANCED_FACE('',(#1261),#9977,.F.);
#10179=ADVANCED_FACE('',(#1262),#9978,.F.);
#10180=ADVANCED_FACE('',(#1263),#9979,.F.);
#10181=ADVANCED_FACE('',(#1264),#9980,.F.);
#10182=ADVANCED_FACE('',(#1265),#9981,.F.);
#10183=ADVANCED_FACE('',(#1266),#9982,.F.);
#10184=ADVANCED_FACE('',(#1267),#9983,.F.);
#10185=ADVANCED_FACE('',(#1268),#9984,.F.);
#10186=ADVANCED_FACE('',(#1269),#9985,.F.);
#10187=ADVANCED_FACE('',(#1270),#9986,.F.);
#10188=ADVANCED_FACE('',(#1271),#9987,.F.);
#10189=ADVANCED_FACE('',(#1272),#9988,.F.);
#10190=ADVANCED_FACE('',(#1273),#9989,.F.);
#10191=ADVANCED_FACE('',(#1274),#9990,.F.);
#10192=ADVANCED_FACE('',(#1275),#9991,.F.);
#10193=ADVANCED_FACE('',(#1276),#9992,.F.);
#10194=ADVANCED_FACE('',(#1277),#9993,.F.);
#10195=ADVANCED_FACE('',(#1278),#9994,.F.);
#10196=ADVANCED_FACE('',(#1279),#9995,.F.);
#10197=ADVANCED_FACE('',(#1280),#9996,.F.);
#10198=ADVANCED_FACE('',(#1281),#9997,.F.);
#10199=ADVANCED_FACE('',(#1282),#9998,.F.);
#10200=ADVANCED_FACE('',(#1283),#844,.F.);
#10201=ADVANCED_FACE('',(#1284),#845,.F.);
#10202=ADVANCED_FACE('',(#1285),#846,.F.);
#10203=ADVANCED_FACE('',(#1286),#847,.F.);
#10204=ADVANCED_FACE('',(#1287),#848,.F.);
#10205=ADVANCED_FACE('',(#1288),#849,.F.);
#10206=ADVANCED_FACE('',(#1289),#850,.F.);
#10207=ADVANCED_FACE('',(#1290),#851,.F.);
#10208=ADVANCED_FACE('',(#1291),#852,.F.);
#10209=ADVANCED_FACE('',(#1292),#853,.F.);
#10210=ADVANCED_FACE('',(#1293),#854,.F.);
#10211=ADVANCED_FACE('',(#1294),#855,.F.);
#10212=ADVANCED_FACE('',(#1295),#856,.F.);
#10213=ADVANCED_FACE('',(#1296),#857,.F.);
#10214=ADVANCED_FACE('',(#1297),#858,.F.);
#10215=ADVANCED_FACE('',(#1298),#859,.F.);
#10216=ADVANCED_FACE('',(#1299),#9999,.F.);
#10217=ADVANCED_FACE('',(#1300),#10000,.F.);
#10218=ADVANCED_FACE('',(#1301),#10001,.F.);
#10219=ADVANCED_FACE('',(#1302),#10002,.F.);
#10220=ADVANCED_FACE('',(#1303),#10003,.F.);
#10221=ADVANCED_FACE('',(#1304),#10004,.F.);
#10222=ADVANCED_FACE('',(#1305),#10005,.F.);
#10223=ADVANCED_FACE('',(#1306),#10006,.F.);
#10224=ADVANCED_FACE('',(#1307),#10007,.F.);
#10225=ADVANCED_FACE('',(#1308),#10008,.F.);
#10226=ADVANCED_FACE('',(#1309),#10009,.F.);
#10227=ADVANCED_FACE('',(#1310),#10010,.F.);
#10228=ADVANCED_FACE('',(#1311),#10011,.F.);
#10229=ADVANCED_FACE('',(#1312),#10012,.F.);
#10230=ADVANCED_FACE('',(#1313),#10013,.F.);
#10231=ADVANCED_FACE('',(#1314),#10014,.F.);
#10232=ADVANCED_FACE('',(#1315),#10015,.F.);
#10233=ADVANCED_FACE('',(#1316),#10016,.F.);
#10234=ADVANCED_FACE('',(#1317),#860,.F.);
#10235=ADVANCED_FACE('',(#1318),#861,.F.);
#10236=ADVANCED_FACE('',(#1319),#862,.F.);
#10237=ADVANCED_FACE('',(#1320,#535,#536,#537,#538,#539,#540,#541,#542,
#543,#544,#545,#546,#547,#548,#549,#550,#551,#552,#553,#554,#555,#556,#557,
#558,#559,#560,#561,#562,#563,#564,#565,#566,#567,#568,#569,#570,#571,#572,
#573,#574,#575,#576,#577,#578,#579,#580),#863,.T.);
#10238=ADVANCED_FACE('',(#1321),#864,.T.);
#10239=ADVANCED_FACE('',(#1322),#865,.F.);
#10240=ADVANCED_FACE('',(#1323),#866,.F.);
#10241=ADVANCED_FACE('',(#1324),#867,.F.);
#10242=ADVANCED_FACE('',(#1325,#581,#582,#583,#584,#585,#586,#587,#588,
#589,#590,#591,#592,#593,#594,#595,#596,#597,#598,#599,#600,#601,#602,#603,
#604,#605,#606,#607,#608,#609,#610,#611,#612,#613,#614,#615,#616,#617,#618,
#619,#620,#621,#622,#623,#624,#625,#626),#868,.T.);
#10243=ADVANCED_FACE('',(#1326),#869,.T.);
#10244=ADVANCED_FACE('',(#1327),#870,.T.);
#10245=ADVANCED_FACE('',(#1328),#871,.T.);
#10246=ADVANCED_FACE('',(#1329),#872,.T.);
#10247=ADVANCED_FACE('',(#1330),#873,.T.);
#10248=ADVANCED_FACE('',(#1331),#10017,.F.);
#10249=ADVANCED_FACE('',(#1332),#10018,.F.);
#10250=ADVANCED_FACE('',(#1333),#10019,.F.);
#10251=ADVANCED_FACE('',(#1334),#10020,.F.);
#10252=ADVANCED_FACE('',(#1335),#874,.F.);
#10253=ADVANCED_FACE('',(#1336),#875,.F.);
#10254=ADVANCED_FACE('',(#1337),#876,.F.);
#10255=ADVANCED_FACE('',(#1338,#627,#628,#629,#630),#877,.T.);
#10256=ADVANCED_FACE('',(#1339),#878,.T.);
#10257=ADVANCED_FACE('',(#1340),#879,.T.);
#10258=ADVANCED_FACE('',(#1341),#880,.F.);
#10259=ADVANCED_FACE('',(#1342),#881,.T.);
#10260=ADVANCED_FACE('',(#1343),#882,.T.);
#10261=ADVANCED_FACE('',(#1344,#631,#632,#633,#634),#883,.F.);
#10262=ADVANCED_FACE('',(#1345),#10021,.F.);
#10263=ADVANCED_FACE('',(#1346),#10022,.F.);
#10264=ADVANCED_FACE('',(#1347),#10023,.F.);
#10265=ADVANCED_FACE('',(#1348),#10024,.F.);
#10266=ADVANCED_FACE('',(#1349),#884,.F.);
#10267=ADVANCED_FACE('',(#1350),#885,.F.);
#10268=ADVANCED_FACE('',(#1351),#886,.F.);
#10269=ADVANCED_FACE('',(#1352,#635,#636,#637,#638),#887,.T.);
#10270=ADVANCED_FACE('',(#1353),#888,.T.);
#10271=ADVANCED_FACE('',(#1354),#889,.T.);
#10272=ADVANCED_FACE('',(#1355),#890,.F.);
#10273=ADVANCED_FACE('',(#1356),#891,.T.);
#10274=ADVANCED_FACE('',(#1357),#892,.T.);
#10275=ADVANCED_FACE('',(#1358,#639,#640,#641,#642),#893,.T.);
#10276=ADVANCED_FACE('',(#1359),#10025,.F.);
#10277=ADVANCED_FACE('',(#1360),#10026,.F.);
#10278=ADVANCED_FACE('',(#1361),#10027,.F.);
#10279=ADVANCED_FACE('',(#1362),#10028,.F.);
#10280=ADVANCED_FACE('',(#1363),#10029,.F.);
#10281=ADVANCED_FACE('',(#1364),#10030,.F.);
#10282=ADVANCED_FACE('',(#1365),#10031,.F.);
#10283=ADVANCED_FACE('',(#1366),#894,.T.);
#10284=ADVANCED_FACE('',(#1367),#895,.T.);
#10285=ADVANCED_FACE('',(#1368),#896,.T.);
#10286=ADVANCED_FACE('',(#1369),#897,.T.);
#10287=ADVANCED_FACE('',(#1370,#643,#644,#645,#646,#647,#648,#649),#898,
 .T.);
#10288=ADVANCED_FACE('',(#1371,#650,#651,#652,#653,#654,#655,#656),#899,
 .F.);
#10289=ADVANCED_FACE('',(#1372),#900,.F.);
#10290=ADVANCED_FACE('',(#1373),#10032,.F.);
#10291=ADVANCED_FACE('',(#1374,#657,#658),#901,.F.);
#10292=ADVANCED_FACE('',(#1375,#659),#902,.F.);
#10293=ADVANCED_FACE('',(#1376),#903,.F.);
#10294=ADVANCED_FACE('',(#1377),#904,.F.);
#10295=ADVANCED_FACE('',(#1378),#10033,.F.);
#10296=ADVANCED_FACE('',(#1379),#10034,.F.);
#10297=ADVANCED_FACE('',(#1380),#905,.T.);
#10298=ADVANCED_FACE('',(#1381,#660,#661),#906,.T.);
#10299=ADVANCED_FACE('',(#1382),#907,.T.);
#10300=ADVANCED_FACE('',(#1383,#662),#908,.T.);
#10301=ADVANCED_FACE('',(#1384),#909,.F.);
#10302=ADVANCED_FACE('',(#1385),#910,.F.);
#10303=ADVANCED_FACE('',(#1386),#10035,.F.);
#10304=ADVANCED_FACE('',(#1387,#663),#911,.F.);
#10305=ADVANCED_FACE('',(#1388,#664,#665),#912,.F.);
#10306=ADVANCED_FACE('',(#1389),#913,.F.);
#10307=ADVANCED_FACE('',(#1390),#914,.F.);
#10308=ADVANCED_FACE('',(#1391),#10036,.F.);
#10309=ADVANCED_FACE('',(#1392),#10037,.F.);
#10310=ADVANCED_FACE('',(#1393,#666,#667),#915,.T.);
#10311=ADVANCED_FACE('',(#1394),#916,.T.);
#10312=ADVANCED_FACE('',(#1395),#917,.T.);
#10313=ADVANCED_FACE('',(#1396),#918,.T.);
#10314=ADVANCED_FACE('',(#1397,#668),#919,.T.);
#10315=ADVANCED_FACE('',(#1398),#10038,.F.);
#10316=ADVANCED_FACE('',(#1399),#10039,.F.);
#10317=ADVANCED_FACE('',(#1400),#920,.T.);
#10318=ADVANCED_FACE('',(#1401),#10040,.F.);
#10319=ADVANCED_FACE('',(#1402),#921,.F.);
#10320=ADVANCED_FACE('',(#1403,#669),#10041,.T.);
#10321=ADVANCED_FACE('',(#1404,#670),#922,.T.);
#10322=ADVANCED_FACE('',(#1405,#671),#923,.F.);
#10323=ADVANCED_FACE('',(#1406),#10042,.F.);
#10324=ADVANCED_FACE('',(#1407),#10043,.F.);
#10325=ADVANCED_FACE('',(#1408),#10044,.F.);
#10326=ADVANCED_FACE('',(#1409),#10045,.F.);
#10327=ADVANCED_FACE('',(#1410),#924,.T.);
#10328=ADVANCED_FACE('',(#1411),#10046,.F.);
#10329=ADVANCED_FACE('',(#1412),#925,.F.);
#10330=ADVANCED_FACE('',(#1413,#672,#673,#674,#675,#676),#10047,.T.);
#10331=ADVANCED_FACE('',(#1414,#677),#926,.T.);
#10332=ADVANCED_FACE('',(#1415,#678),#927,.F.);
#10333=ADVANCED_FACE('',(#1416),#10048,.F.);
#10334=ADVANCED_FACE('',(#1417),#10049,.F.);
#10335=ADVANCED_FACE('',(#1418),#928,.T.);
#10336=ADVANCED_FACE('',(#1419),#10050,.F.);
#10337=ADVANCED_FACE('',(#1420),#929,.F.);
#10338=ADVANCED_FACE('',(#1421,#679),#10051,.T.);
#10339=ADVANCED_FACE('',(#1422,#680),#930,.T.);
#10340=ADVANCED_FACE('',(#1423,#681),#931,.F.);
#10341=ADVANCED_FACE('',(#1424),#10052,.F.);
#10342=ADVANCED_FACE('',(#1425),#10053,.F.);
#10343=ADVANCED_FACE('',(#1426),#932,.T.);
#10344=ADVANCED_FACE('',(#1427),#10054,.F.);
#10345=ADVANCED_FACE('',(#1428),#933,.F.);
#10346=ADVANCED_FACE('',(#1429,#682),#10055,.T.);
#10347=ADVANCED_FACE('',(#1430,#683),#934,.T.);
#10348=ADVANCED_FACE('',(#1431,#684),#935,.F.);
#10349=ADVANCED_FACE('',(#1432),#10056,.F.);
#10350=ADVANCED_FACE('',(#1433),#10057,.F.);
#10351=ADVANCED_FACE('',(#1434),#10058,.F.);
#10352=ADVANCED_FACE('',(#1435),#936,.T.);
#10353=ADVANCED_FACE('',(#1436),#10059,.F.);
#10354=ADVANCED_FACE('',(#1437,#685,#686,#687),#937,.T.);
#10355=ADVANCED_FACE('',(#1438),#10060,.T.);
#10356=ADVANCED_FACE('',(#1439,#688),#938,.T.);
#10357=ADVANCED_FACE('',(#1440,#689,#690),#939,.F.);
#10358=ADVANCED_FACE('',(#1441),#10061,.F.);
#10359=ADVANCED_FACE('',(#1442),#10062,.F.);
#10360=ADVANCED_FACE('',(#1443),#10063,.F.);
#10361=ADVANCED_FACE('',(#1444),#940,.F.);
#10362=ADVANCED_FACE('',(#1445),#10064,.F.);
#10363=ADVANCED_FACE('',(#1446,#691,#692,#693),#941,.F.);
#10364=ADVANCED_FACE('',(#1447),#10065,.T.);
#10365=ADVANCED_FACE('',(#1448,#694,#695),#942,.T.);
#10366=ADVANCED_FACE('',(#1449,#696),#943,.F.);
#10367=ADVANCED_FACE('',(#1450),#944,.T.);
#10368=ADVANCED_FACE('',(#1451),#945,.T.);
#10369=ADVANCED_FACE('',(#1452),#946,.T.);
#10370=ADVANCED_FACE('',(#1453),#947,.T.);
#10371=ADVANCED_FACE('',(#1454),#948,.T.);
#10372=ADVANCED_FACE('',(#1455),#949,.F.);
#10373=ADVANCED_FACE('',(#1456),#950,.T.);
#10374=ADVANCED_FACE('',(#1457),#951,.T.);
#10375=ADVANCED_FACE('',(#1458),#952,.T.);
#10376=ADVANCED_FACE('',(#1459),#953,.T.);
#10377=ADVANCED_FACE('',(#1460),#954,.T.);
#10378=ADVANCED_FACE('',(#1461),#955,.F.);
#10379=ADVANCED_FACE('',(#1462),#956,.T.);
#10380=ADVANCED_FACE('',(#1463),#957,.T.);
#10381=ADVANCED_FACE('',(#1464),#958,.T.);
#10382=ADVANCED_FACE('',(#1465),#959,.T.);
#10383=ADVANCED_FACE('',(#1466),#960,.T.);
#10384=ADVANCED_FACE('',(#1467),#961,.F.);
#10385=ADVANCED_FACE('',(#1468),#10066,.F.);
#10386=ADVANCED_FACE('',(#1469),#10067,.F.);
#10387=ADVANCED_FACE('',(#1470),#962,.T.);
#10388=ADVANCED_FACE('',(#1471),#963,.T.);
#10389=ADVANCED_FACE('',(#1472),#964,.T.);
#10390=ADVANCED_FACE('',(#1473),#965,.T.);
#10391=ADVANCED_FACE('',(#1474,#697,#698),#966,.T.);
#10392=ADVANCED_FACE('',(#1475,#699,#700),#967,.F.);
#10393=ADVANCED_FACE('',(#1476),#968,.T.);
#10394=ADVANCED_FACE('',(#1477),#969,.T.);
#10395=ADVANCED_FACE('',(#1478),#970,.T.);
#10396=ADVANCED_FACE('',(#1479),#971,.T.);
#10397=ADVANCED_FACE('',(#1480),#972,.T.);
#10398=ADVANCED_FACE('',(#1481),#973,.F.);
#10399=ADVANCED_FACE('',(#1482),#10068,.F.);
#10400=ADVANCED_FACE('',(#1483),#10069,.F.);
#10401=ADVANCED_FACE('',(#1484),#10070,.F.);
#10402=ADVANCED_FACE('',(#1485),#10071,.F.);
#10403=ADVANCED_FACE('',(#1486,#701,#702,#703,#704),#974,.T.);
#10404=ADVANCED_FACE('',(#1487),#975,.T.);
#10405=ADVANCED_FACE('',(#1488,#705,#706,#707,#708),#976,.T.);
#10406=ADVANCED_FACE('',(#1489),#977,.T.);
#10407=ADVANCED_FACE('',(#1490),#978,.T.);
#10408=ADVANCED_FACE('',(#1491),#979,.F.);
#10409=ADVANCED_FACE('',(#1492),#10072,.F.);
#10410=ADVANCED_FACE('',(#1493),#10073,.F.);
#10411=ADVANCED_FACE('',(#1494),#10074,.F.);
#10412=ADVANCED_FACE('',(#1495),#10075,.F.);
#10413=ADVANCED_FACE('',(#1496),#980,.F.);
#10414=ADVANCED_FACE('',(#1497),#981,.F.);
#10415=ADVANCED_FACE('',(#1498),#982,.F.);
#10416=ADVANCED_FACE('',(#1499),#983,.F.);
#10417=ADVANCED_FACE('',(#1500),#984,.F.);
#10418=ADVANCED_FACE('',(#1501),#985,.F.);
#10419=ADVANCED_FACE('',(#1502),#986,.F.);
#10420=ADVANCED_FACE('',(#1503),#987,.F.);
#10421=ADVANCED_FACE('',(#1504),#988,.T.);
#10422=ADVANCED_FACE('',(#1505),#989,.T.);
#10423=ADVANCED_FACE('',(#1506),#990,.T.);
#10424=ADVANCED_FACE('',(#1507),#991,.T.);
#10425=ADVANCED_FACE('',(#1508,#709,#710,#711,#712,#713,#714),#992,.T.);
#10426=ADVANCED_FACE('',(#1509,#715,#716,#717,#718,#719,#720),#993,.F.);
#10427=ADVANCED_FACE('',(#1510),#994,.T.);
#10428=ADVANCED_FACE('',(#1511),#995,.T.);
#10429=ADVANCED_FACE('',(#1512),#996,.T.);
#10430=ADVANCED_FACE('',(#1513),#997,.T.);
#10431=ADVANCED_FACE('',(#1514),#998,.T.);
#10432=ADVANCED_FACE('',(#1515),#999,.F.);
#10433=ADVANCED_FACE('',(#1516),#1000,.F.);
#10434=ADVANCED_FACE('',(#1517),#1001,.T.);
#10435=ADVANCED_FACE('',(#1518),#1002,.T.);
#10436=ADVANCED_FACE('',(#1519),#1003,.T.);
#10437=ADVANCED_FACE('',(#1520),#1004,.T.);
#10438=ADVANCED_FACE('',(#1521),#1005,.T.);
#10439=ADVANCED_FACE('',(#1522),#10076,.F.);
#10440=ADVANCED_FACE('',(#1523),#1006,.F.);
#10441=ADVANCED_FACE('',(#1524),#10077,.F.);
#10442=ADVANCED_FACE('',(#1525),#1007,.T.);
#10443=ADVANCED_FACE('',(#1526),#10078,.T.);
#10444=ADVANCED_FACE('',(#1527,#721),#1008,.T.);
#10445=ADVANCED_FACE('',(#1528,#722),#1009,.F.);
#10446=ADVANCED_FACE('',(#1529),#10079,.F.);
#10447=ADVANCED_FACE('',(#1530),#1010,.F.);
#10448=ADVANCED_FACE('',(#1531),#10080,.F.);
#10449=ADVANCED_FACE('',(#1532),#1011,.T.);
#10450=ADVANCED_FACE('',(#1533),#10081,.T.);
#10451=ADVANCED_FACE('',(#1534,#723),#1012,.T.);
#10452=ADVANCED_FACE('',(#1535,#724),#1013,.F.);
#10453=ADVANCED_FACE('',(#1536),#10082,.F.);
#10454=ADVANCED_FACE('',(#1537),#1014,.F.);
#10455=ADVANCED_FACE('',(#1538),#10083,.F.);
#10456=ADVANCED_FACE('',(#1539),#1015,.T.);
#10457=ADVANCED_FACE('',(#1540),#10084,.T.);
#10458=ADVANCED_FACE('',(#1541,#725),#1016,.T.);
#10459=ADVANCED_FACE('',(#1542,#726),#1017,.F.);
#10460=ADVANCED_FACE('',(#1543),#10085,.F.);
#10461=ADVANCED_FACE('',(#1544),#1018,.F.);
#10462=ADVANCED_FACE('',(#1545),#10086,.F.);
#10463=ADVANCED_FACE('',(#1546),#1019,.T.);
#10464=ADVANCED_FACE('',(#1547),#10087,.T.);
#10465=ADVANCED_FACE('',(#1548,#727),#1020,.T.);
#10466=ADVANCED_FACE('',(#1549,#728),#1021,.F.);
#10467=ADVANCED_FACE('',(#1550),#10088,.F.);
#10468=ADVANCED_FACE('',(#1551),#1022,.F.);
#10469=ADVANCED_FACE('',(#1552),#10089,.F.);
#10470=ADVANCED_FACE('',(#1553),#1023,.T.);
#10471=ADVANCED_FACE('',(#1554),#10090,.T.);
#10472=ADVANCED_FACE('',(#1555,#729),#1024,.T.);
#10473=ADVANCED_FACE('',(#1556,#730),#1025,.F.);
#10474=ADVANCED_FACE('',(#1557),#10091,.F.);
#10475=ADVANCED_FACE('',(#1558),#1026,.F.);
#10476=ADVANCED_FACE('',(#1559),#10092,.F.);
#10477=ADVANCED_FACE('',(#1560),#1027,.T.);
#10478=ADVANCED_FACE('',(#1561),#10093,.T.);
#10479=ADVANCED_FACE('',(#1562,#731),#1028,.T.);
#10480=ADVANCED_FACE('',(#1563,#732),#1029,.F.);
#10481=ADVANCED_FACE('',(#1564),#10094,.F.);
#10482=ADVANCED_FACE('',(#1565),#10095,.F.);
#10483=ADVANCED_FACE('',(#1566),#1030,.F.);
#10484=ADVANCED_FACE('',(#1567),#1031,.F.);
#10485=ADVANCED_FACE('',(#1568),#1032,.F.);
#10486=ADVANCED_FACE('',(#1569),#1033,.T.);
#10487=ADVANCED_FACE('',(#1570,#733),#1034,.F.);
#10488=ADVANCED_FACE('',(#1571,#734),#1035,.F.);
#10489=ADVANCED_FACE('',(#1572),#1036,.F.);
#10490=ADVANCED_FACE('',(#1573),#1037,.F.);
#10491=ADVANCED_FACE('',(#1574),#1038,.F.);
#10492=ADVANCED_FACE('',(#1575),#1039,.F.);
#10493=ADVANCED_FACE('',(#1576,#735,#736),#1040,.T.);
#10494=ADVANCED_FACE('',(#1577),#1041,.T.);
#10495=ADVANCED_FACE('',(#1578),#1042,.T.);
#10496=ADVANCED_FACE('',(#1579),#1043,.T.);
#10497=ADVANCED_FACE('',(#1580,#737),#1044,.T.);
#10498=ADVANCED_FACE('',(#1581),#10096,.F.);
#10499=ADVANCED_FACE('',(#1582),#10097,.F.);
#10500=ADVANCED_FACE('',(#1583),#1045,.F.);
#10501=ADVANCED_FACE('',(#1584),#1046,.F.);
#10502=ADVANCED_FACE('',(#1585),#1047,.F.);
#10503=ADVANCED_FACE('',(#1586),#1048,.T.);
#10504=ADVANCED_FACE('',(#1587,#738),#1049,.F.);
#10505=ADVANCED_FACE('',(#1588,#739),#1050,.F.);
#10506=ADVANCED_FACE('',(#1589),#1051,.F.);
#10507=ADVANCED_FACE('',(#1590),#1052,.F.);
#10508=ADVANCED_FACE('',(#1591),#1053,.F.);
#10509=ADVANCED_FACE('',(#1592),#1054,.F.);
#10510=ADVANCED_FACE('',(#1593,#740,#741),#1055,.T.);
#10511=ADVANCED_FACE('',(#1594),#1056,.T.);
#10512=ADVANCED_FACE('',(#1595),#1057,.T.);
#10513=ADVANCED_FACE('',(#1596),#1058,.T.);
#10514=ADVANCED_FACE('',(#1597,#742),#1059,.T.);
#10515=ADVANCED_FACE('',(#1598),#10098,.F.);
#10516=ADVANCED_FACE('',(#1599),#10099,.F.);
#10517=ADVANCED_FACE('',(#1600),#10100,.F.);
#10518=ADVANCED_FACE('',(#1601),#10101,.F.);
#10519=ADVANCED_FACE('',(#1602),#1060,.T.);
#10520=ADVANCED_FACE('',(#1603),#1061,.T.);
#10521=ADVANCED_FACE('',(#1604),#1062,.T.);
#10522=ADVANCED_FACE('',(#1605),#1063,.T.);
#10523=ADVANCED_FACE('',(#1606,#743,#744,#745,#746),#1064,.T.);
#10524=ADVANCED_FACE('',(#1607,#747,#748,#749,#750),#1065,.F.);
#10525=ADVANCED_FACE('',(#1608),#1066,.T.);
#10526=ADVANCED_FACE('',(#1609),#1067,.T.);
#10527=ADVANCED_FACE('',(#1610),#1068,.T.);
#10528=ADVANCED_FACE('',(#1611),#1069,.T.);
#10529=ADVANCED_FACE('',(#1612),#1070,.T.);
#10530=ADVANCED_FACE('',(#1613),#1071,.F.);
#10531=ADVANCED_FACE('',(#1614),#10102,.F.);
#10532=ADVANCED_FACE('',(#1615,#751),#1072,.T.);
#10533=ADVANCED_FACE('',(#1616),#1073,.T.);
#10534=ADVANCED_FACE('',(#1617,#752),#1074,.T.);
#10535=ADVANCED_FACE('',(#1618),#1075,.F.);
#10536=ADVANCED_FACE('',(#1619),#1076,.T.);
#10537=ADVANCED_FACE('',(#1620),#1077,.T.);
#10538=ADVANCED_FACE('',(#1621),#1078,.T.);
#10539=ADVANCED_FACE('',(#1622),#10103,.F.);
#10540=ADVANCED_FACE('',(#1623),#1079,.T.);
#10541=ADVANCED_FACE('',(#1624,#753),#1080,.T.);
#10542=ADVANCED_FACE('',(#1625,#754),#1081,.T.);
#10543=ADVANCED_FACE('',(#1626),#1082,.T.);
#10544=ADVANCED_FACE('',(#1627),#1083,.F.);
#10545=ADVANCED_FACE('',(#1628),#1084,.T.);
#10546=ADVANCED_FACE('',(#1629,#755),#1085,.T.);
#10547=ADVANCED_FACE('',(#1630),#1086,.T.);
#10548=ADVANCED_FACE('',(#1631),#10104,.F.);
#10549=ADVANCED_FACE('',(#1632),#1087,.F.);
#10550=ADVANCED_FACE('',(#1633),#10105,.F.);
#10551=ADVANCED_FACE('',(#1634),#1088,.F.);
#10552=ADVANCED_FACE('',(#1635),#1089,.T.);
#10553=ADVANCED_FACE('',(#1636,#756,#757),#1090,.F.);
#10554=ADVANCED_FACE('',(#1637,#758),#1091,.T.);
#10555=ADVANCED_FACE('',(#1638),#10106,.F.);
#10556=ADVANCED_FACE('',(#1639),#1092,.T.);
#10557=ADVANCED_FACE('',(#1640),#1093,.T.);
#10558=ADVANCED_FACE('',(#1641),#1094,.T.);
#10559=ADVANCED_FACE('',(#1642,#759),#1095,.T.);
#10560=ADVANCED_FACE('',(#1643),#1096,.T.);
#10561=ADVANCED_FACE('',(#1644),#10107,.F.);
#10562=ADVANCED_FACE('',(#1645),#1097,.F.);
#10563=ADVANCED_FACE('',(#1646),#10108,.F.);
#10564=ADVANCED_FACE('',(#1647),#1098,.F.);
#10565=ADVANCED_FACE('',(#1648),#1099,.T.);
#10566=ADVANCED_FACE('',(#1649,#760,#761),#1100,.F.);
#10567=ADVANCED_FACE('',(#1650),#1101,.T.);
#10568=ADVANCED_FACE('',(#1651),#10109,.F.);
#10569=ADVANCED_FACE('',(#1652,#762),#1102,.T.);
#10570=ADVANCED_FACE('',(#1653),#1103,.T.);
#10571=ADVANCED_FACE('',(#1654),#10110,.T.);
#10572=ADVANCED_FACE('',(#1655,#763),#1104,.F.);
#10573=ADVANCED_FACE('',(#1656,#764),#1105,.T.);
#10574=ADVANCED_FACE('',(#1657),#10111,.T.);
#10575=ADVANCED_FACE('',(#1658),#10112,.T.);
#10576=ADVANCED_FACE('',(#1659,#765),#1106,.F.);
#10577=ADVANCED_FACE('',(#1660,#766),#1107,.T.);
#10578=ADVANCED_FACE('',(#1661),#10113,.T.);
#10579=ADVANCED_FACE('',(#1662),#1108,.T.);
#10580=ADVANCED_FACE('',(#1663),#1109,.F.);
#10581=ADVANCED_FACE('',(#1664),#10114,.T.);
#10582=ADVANCED_FACE('',(#1665),#10115,.T.);
#10583=ADVANCED_FACE('',(#1666),#1110,.F.);
#10584=ADVANCED_FACE('',(#1667),#1111,.T.);
#10585=ADVANCED_FACE('',(#1668),#1112,.T.);
#10586=ADVANCED_FACE('',(#1669),#1113,.T.);
#10587=ADVANCED_FACE('',(#1670,#767),#1114,.T.);
#10588=ADVANCED_FACE('',(#1671),#1115,.T.);
#10589=ADVANCED_FACE('',(#1672),#1116,.F.);
#10590=ADVANCED_FACE('',(#1673),#1117,.T.);
#10591=ADVANCED_FACE('',(#1674),#1118,.T.);
#10592=ADVANCED_FACE('',(#1675),#1119,.T.);
#10593=ADVANCED_FACE('',(#1676),#1120,.T.);
#10594=ADVANCED_FACE('',(#1677),#1121,.T.);
#10595=ADVANCED_FACE('',(#1678),#1122,.F.);
#10596=ADVANCED_FACE('',(#1679),#1123,.T.);
#10597=ADVANCED_FACE('',(#1680),#1124,.T.);
#10598=ADVANCED_FACE('',(#1681),#1125,.T.);
#10599=ADVANCED_FACE('',(#1682),#1126,.T.);
#10600=ADVANCED_FACE('',(#1683),#1127,.T.);
#10601=ADVANCED_FACE('',(#1684),#1128,.F.);
#10602=ADVANCED_FACE('',(#1685),#10116,.F.);
#10603=ADVANCED_FACE('',(#1686),#10117,.F.);
#10604=ADVANCED_FACE('',(#1687),#1129,.T.);
#10605=ADVANCED_FACE('',(#1688),#1130,.T.);
#10606=ADVANCED_FACE('',(#1689),#1131,.T.);
#10607=ADVANCED_FACE('',(#1690),#1132,.T.);
#10608=ADVANCED_FACE('',(#1691,#768,#769),#1133,.T.);
#10609=ADVANCED_FACE('',(#1692,#770,#771),#1134,.F.);
#10610=ADVANCED_FACE('',(#1693),#10118,.F.);
#10611=ADVANCED_FACE('',(#1694),#10119,.F.);
#10612=ADVANCED_FACE('',(#1695),#1135,.T.);
#10613=ADVANCED_FACE('',(#1696),#1136,.T.);
#10614=ADVANCED_FACE('',(#1697),#1137,.T.);
#10615=ADVANCED_FACE('',(#1698),#1138,.T.);
#10616=ADVANCED_FACE('',(#1699,#772,#773),#1139,.T.);
#10617=ADVANCED_FACE('',(#1700,#774,#775),#1140,.F.);
#10618=ADVANCED_FACE('',(#1701),#1141,.T.);
#10619=ADVANCED_FACE('',(#1702),#1142,.T.);
#10620=ADVANCED_FACE('',(#1703),#1143,.T.);
#10621=ADVANCED_FACE('',(#1704),#1144,.T.);
#10622=ADVANCED_FACE('',(#1705),#1145,.T.);
#10623=ADVANCED_FACE('',(#1706),#1146,.F.);
#10624=ADVANCED_FACE('',(#1707),#10120,.F.);
#10625=ADVANCED_FACE('',(#1708),#10121,.F.);
#10626=ADVANCED_FACE('',(#1709),#1147,.T.);
#10627=ADVANCED_FACE('',(#1710),#1148,.T.);
#10628=ADVANCED_FACE('',(#1711),#1149,.F.);
#10629=ADVANCED_FACE('',(#1712),#1150,.T.);
#10630=ADVANCED_FACE('',(#1713),#1151,.T.);
#10631=ADVANCED_FACE('',(#1714),#1152,.T.);
#10632=ADVANCED_FACE('',(#1715),#1153,.T.);
#10633=ADVANCED_FACE('',(#1716),#1154,.T.);
#10634=ADVANCED_FACE('',(#1717),#10122,.F.);
#10635=ADVANCED_FACE('',(#1718),#1155,.T.);
#10636=ADVANCED_FACE('',(#1719),#1156,.T.);
#10637=ADVANCED_FACE('',(#1720),#1157,.T.);
#10638=ADVANCED_FACE('',(#1721),#1158,.T.);
#10639=ADVANCED_FACE('',(#1722,#776),#1159,.T.);
#10640=ADVANCED_FACE('',(#1723,#777),#1160,.F.);
#10641=ADVANCED_FACE('',(#1724),#10123,.F.);
#10642=ADVANCED_FACE('',(#1725),#1161,.T.);
#10643=ADVANCED_FACE('',(#1726),#1162,.T.);
#10644=ADVANCED_FACE('',(#1727),#1163,.T.);
#10645=ADVANCED_FACE('',(#1728),#1164,.T.);
#10646=ADVANCED_FACE('',(#1729,#778),#1165,.T.);
#10647=ADVANCED_FACE('',(#1730,#779),#1166,.F.);
#10648=ADVANCED_FACE('',(#1731),#10124,.F.);
#10649=ADVANCED_FACE('',(#1732),#10125,.F.);
#10650=ADVANCED_FACE('',(#1733),#1167,.T.);
#10651=ADVANCED_FACE('',(#1734),#1168,.T.);
#10652=ADVANCED_FACE('',(#1735),#1169,.F.);
#10653=ADVANCED_FACE('',(#1736),#1170,.T.);
#10654=ADVANCED_FACE('',(#1737),#1171,.T.);
#10655=ADVANCED_FACE('',(#1738),#1172,.T.);
#10656=ADVANCED_FACE('',(#1739),#1173,.T.);
#10657=ADVANCED_FACE('',(#1740),#1174,.T.);
#10658=ADVANCED_FACE('',(#1741),#10126,.F.);
#10659=ADVANCED_FACE('',(#1742),#1175,.T.);
#10660=ADVANCED_FACE('',(#1743),#1176,.T.);
#10661=ADVANCED_FACE('',(#1744),#1177,.T.);
#10662=ADVANCED_FACE('',(#1745),#1178,.T.);
#10663=ADVANCED_FACE('',(#1746,#780),#1179,.T.);
#10664=ADVANCED_FACE('',(#1747,#781),#1180,.F.);
#10665=ADVANCED_FACE('',(#1748),#10127,.F.);
#10666=ADVANCED_FACE('',(#1749),#1181,.T.);
#10667=ADVANCED_FACE('',(#1750),#1182,.T.);
#10668=ADVANCED_FACE('',(#1751),#1183,.T.);
#10669=ADVANCED_FACE('',(#1752),#1184,.T.);
#10670=ADVANCED_FACE('',(#1753,#782),#1185,.T.);
#10671=ADVANCED_FACE('',(#1754,#783),#1186,.F.);
#10672=ADVANCED_FACE('',(#1755),#10128,.T.);
#10673=ADVANCED_FACE('',(#1756),#1187,.F.);
#10674=ADVANCED_FACE('',(#1757),#1188,.T.);
#10675=ADVANCED_FACE('',(#1758),#1189,.F.);
#10676=ADVANCED_FACE('',(#1759),#1190,.F.);
#10677=ADVANCED_FACE('',(#1760),#10129,.F.);
#10678=ADVANCED_FACE('',(#1761),#10130,.T.);
#10679=ADVANCED_FACE('',(#1762),#1191,.F.);
#10680=ADVANCED_FACE('',(#1763),#1192,.T.);
#10681=ADVANCED_FACE('',(#1764),#1193,.F.);
#10682=ADVANCED_FACE('',(#1765),#1194,.F.);
#10683=ADVANCED_FACE('',(#1766),#10131,.F.);
#10684=ADVANCED_FACE('',(#1767),#10132,.T.);
#10685=ADVANCED_FACE('',(#1768),#1195,.T.);
#10686=ADVANCED_FACE('',(#1769),#1196,.F.);
#10687=ADVANCED_FACE('',(#1770),#10133,.T.);
#10688=ADVANCED_FACE('',(#1771),#1197,.T.);
#10689=ADVANCED_FACE('',(#1772),#1198,.F.);
#10690=ADVANCED_FACE('',(#1773),#10134,.F.);
#10691=ADVANCED_FACE('',(#1774),#10135,.F.);
#10692=ADVANCED_FACE('',(#1775),#10136,.F.);
#10693=ADVANCED_FACE('',(#1776),#10137,.F.);
#10694=ADVANCED_FACE('',(#1777),#10138,.F.);
#10695=ADVANCED_FACE('',(#1778),#1199,.T.);
#10696=ADVANCED_FACE('',(#1779,#784,#785,#786,#787,#788),#1200,.T.);
#10697=ADVANCED_FACE('',(#1780),#1201,.T.);
#10698=ADVANCED_FACE('',(#1781,#789,#790,#791,#792,#793),#1202,.T.);
#10699=ADVANCED_FACE('',(#1782),#1203,.T.);
#10700=ADVANCED_FACE('',(#1783),#1204,.F.);
#10701=ADVANCED_FACE('',(#1784),#1205,.T.);
#10702=ADVANCED_FACE('',(#1785),#1206,.F.);
#10703=ADVANCED_FACE('',(#1786),#1207,.T.);
#10704=ADVANCED_FACE('',(#1787,#794,#795,#796,#797,#798),#1208,.T.);
#10705=ADVANCED_FACE('',(#1788),#10139,.F.);
#10706=ADVANCED_FACE('',(#1789),#1209,.F.);
#10707=ADVANCED_FACE('',(#1790),#10140,.F.);
#10708=ADVANCED_FACE('',(#1791),#1210,.F.);
#10709=ADVANCED_FACE('',(#1792),#10141,.F.);
#10710=ADVANCED_FACE('',(#1793),#10142,.F.);
#10711=ADVANCED_FACE('',(#1794),#10143,.F.);
#10712=ADVANCED_FACE('',(#1795),#10144,.F.);
#10713=ADVANCED_FACE('',(#1796),#10145,.F.);
#10714=ADVANCED_FACE('',(#1797),#1211,.T.);
#10715=ADVANCED_FACE('',(#1798,#799,#800,#801,#802,#803),#1212,.T.);
#10716=ADVANCED_FACE('',(#1799),#1213,.T.);
#10717=ADVANCED_FACE('',(#1800,#804,#805),#1214,.F.);
#10718=ADVANCED_FACE('',(#1801),#10146,.F.);
#10719=ADVANCED_FACE('',(#1802),#10147,.F.);
#10720=ADVANCED_FACE('',(#1803),#10148,.F.);
#10721=ADVANCED_FACE('',(#1804),#10149,.T.);
#10722=ADVANCED_FACE('',(#1805,#806,#807,#808),#1215,.T.);
#10723=ADVANCED_FACE('',(#1806,#809,#810,#811),#1216,.F.);
#10724=ADVANCED_FACE('',(#1807),#10150,.T.);
#10725=ADVANCED_FACE('',(#1808),#1217,.T.);
#10726=ADVANCED_FACE('',(#1809),#1218,.F.);
#10727=ADVANCED_FACE('',(#1810),#10151,.T.);
#10728=ADVANCED_FACE('',(#1811),#1219,.T.);
#10729=ADVANCED_FACE('',(#1812),#1220,.F.);
#10730=ADVANCED_FACE('',(#1813),#10152,.F.);
#10731=ADVANCED_FACE('',(#1814),#10153,.F.);
#10732=ADVANCED_FACE('',(#1815),#10154,.F.);
#10733=ADVANCED_FACE('',(#1816),#10155,.F.);
#10734=ADVANCED_FACE('',(#1817),#10156,.F.);
#10735=ADVANCED_FACE('',(#1818),#1221,.T.);
#10736=ADVANCED_FACE('',(#1819,#812,#813,#814,#815,#816),#1222,.T.);
#10737=ADVANCED_FACE('',(#1820),#1223,.T.);
#10738=ADVANCED_FACE('',(#1821,#817,#818,#819,#820,#821),#1224,.T.);
#10739=ADVANCED_FACE('',(#1822),#1225,.T.);
#10740=ADVANCED_FACE('',(#1823),#1226,.F.);
#10741=ADVANCED_FACE('',(#1824),#1227,.T.);
#10742=ADVANCED_FACE('',(#1825),#1228,.F.);
#10743=ADVANCED_FACE('',(#1826),#1229,.T.);
#10744=ADVANCED_FACE('',(#1827,#822,#823,#824,#825,#826),#1230,.T.);
#10745=ADVANCED_FACE('',(#1828),#10157,.F.);
#10746=ADVANCED_FACE('',(#1829),#1231,.F.);
#10747=ADVANCED_FACE('',(#1830),#10158,.F.);
#10748=ADVANCED_FACE('',(#1831),#1232,.F.);
#10749=ADVANCED_FACE('',(#1832),#10159,.F.);
#10750=ADVANCED_FACE('',(#1833),#10160,.F.);
#10751=ADVANCED_FACE('',(#1834),#10161,.F.);
#10752=ADVANCED_FACE('',(#1835),#10162,.F.);
#10753=ADVANCED_FACE('',(#1836),#10163,.F.);
#10754=ADVANCED_FACE('',(#1837),#1233,.T.);
#10755=ADVANCED_FACE('',(#1838,#827,#828,#829,#830,#831),#1234,.T.);
#10756=ADVANCED_FACE('',(#1839),#1235,.T.);
#10757=ADVANCED_FACE('',(#1840,#832,#833),#1236,.F.);
#10758=ADVANCED_FACE('',(#1841),#10164,.F.);
#10759=ADVANCED_FACE('',(#1842),#10165,.F.);
#10760=ADVANCED_FACE('',(#1843),#10166,.F.);
#10761=ADVANCED_FACE('',(#1844),#10167,.T.);
#10762=ADVANCED_FACE('',(#1845,#834,#835,#836),#1237,.T.);
#10763=ADVANCED_FACE('',(#1846,#837,#838,#839),#1238,.F.);
#10764=ADVANCED_FACE('',(#1847),#10168,.F.);
#10765=ADVANCED_FACE('',(#1848),#1239,.T.);
#10766=ADVANCED_FACE('',(#1849),#10169,.F.);
#10767=ADVANCED_FACE('',(#1850),#1240,.F.);
#10768=ADVANCED_FACE('',(#1851),#1241,.T.);
#10769=ADVANCED_FACE('',(#1852,#840),#1242,.T.);
#10770=ADVANCED_FACE('',(#1853),#1243,.T.);
#10771=ADVANCED_FACE('',(#1854,#841),#1244,.T.);
#10772=ADVANCED_FACE('',(#1855),#1245,.T.);
#10773=ADVANCED_FACE('',(#1856),#1246,.F.);
#10774=ADVANCED_FACE('',(#1857),#10170,.F.);
#10775=ADVANCED_FACE('',(#1858),#1247,.T.);
#10776=ADVANCED_FACE('',(#1859),#10171,.F.);
#10777=ADVANCED_FACE('',(#1860),#1248,.F.);
#10778=ADVANCED_FACE('',(#1861),#1249,.T.);
#10779=ADVANCED_FACE('',(#1862,#842),#1250,.T.);
#10780=ADVANCED_FACE('',(#1863),#1251,.T.);
#10781=ADVANCED_FACE('',(#1864,#843),#1252,.T.);
#10782=ADVANCED_FACE('',(#1865),#1253,.T.);
#10783=ADVANCED_FACE('',(#1866),#1254,.F.);
#10784=CLOSED_SHELL('',(#10172,#10173,#10174,#10175,#10176,#10177,#10178,
#10179,#10180,#10181,#10182,#10183,#10184,#10185,#10186,#10187,#10188,#10189,
#10190,#10191,#10192,#10193,#10194,#10195,#10196,#10197,#10198,#10199,#10200,
#10201,#10202,#10203,#10204,#10205,#10206,#10207,#10208,#10209,#10210,#10211,
#10212,#10213,#10214,#10215,#10216,#10217,#10218,#10219,#10220,#10221,#10222,
#10223,#10224,#10225,#10226,#10227,#10228,#10229,#10230,#10231,#10232,#10233,
#10234,#10235,#10236,#10237,#10238,#10239,#10240,#10241,#10242,#10243,#10244,
#10245,#10246,#10247));
#10785=CLOSED_SHELL('',(#10248,#10249,#10250,#10251,#10252,#10253,#10254,
#10255,#10256,#10257,#10258,#10259,#10260,#10261));
#10786=CLOSED_SHELL('',(#10262,#10263,#10264,#10265,#10266,#10267,#10268,
#10269,#10270,#10271,#10272,#10273,#10274,#10275));
#10787=CLOSED_SHELL('',(#10276,#10277,#10278,#10279,#10280,#10281,#10282,
#10283,#10284,#10285,#10286,#10287,#10288));
#10788=CLOSED_SHELL('',(#10289,#10290,#10291,#10292,#10293,#10294,#10295,
#10296,#10297,#10298,#10299,#10300,#10301));
#10789=CLOSED_SHELL('',(#10302,#10303,#10304,#10305,#10306,#10307,#10308,
#10309,#10310,#10311,#10312,#10313,#10314));
#10790=CLOSED_SHELL('',(#10315,#10316,#10317,#10318,#10319,#10320,#10321,
#10322));
#10791=CLOSED_SHELL('',(#10323,#10324,#10325,#10326,#10327,#10328,#10329,
#10330,#10331,#10332));
#10792=CLOSED_SHELL('',(#10333,#10334,#10335,#10336,#10337,#10338,#10339,
#10340));
#10793=CLOSED_SHELL('',(#10341,#10342,#10343,#10344,#10345,#10346,#10347,
#10348));
#10794=CLOSED_SHELL('',(#10349,#10350,#10351,#10352,#10353,#10354,#10355,
#10356,#10357));
#10795=CLOSED_SHELL('',(#10358,#10359,#10360,#10361,#10362,#10363,#10364,
#10365,#10366));
#10796=CLOSED_SHELL('',(#10367,#10368,#10369,#10370,#10371,#10372));
#10797=CLOSED_SHELL('',(#10373,#10374,#10375,#10376,#10377,#10378));
#10798=CLOSED_SHELL('',(#10379,#10380,#10381,#10382,#10383,#10384));
#10799=CLOSED_SHELL('',(#10385,#10386,#10387,#10388,#10389,#10390,#10391,
#10392));
#10800=CLOSED_SHELL('',(#10393,#10394,#10395,#10396,#10397,#10398));
#10801=CLOSED_SHELL('',(#10399,#10400,#10401,#10402,#10403,#10404,#10405,
#10406,#10407,#10408));
#10802=CLOSED_SHELL('',(#10409,#10410,#10411,#10412,#10413,#10414,#10415,
#10416,#10417,#10418,#10419,#10420,#10421,#10422,#10423,#10424,#10425,#10426));
#10803=CLOSED_SHELL('',(#10427,#10428,#10429,#10430,#10431,#10432));
#10804=CLOSED_SHELL('',(#10433,#10434,#10435,#10436,#10437,#10438));
#10805=CLOSED_SHELL('',(#10439,#10440,#10441,#10442,#10443,#10444,#10445));
#10806=CLOSED_SHELL('',(#10446,#10447,#10448,#10449,#10450,#10451,#10452));
#10807=CLOSED_SHELL('',(#10453,#10454,#10455,#10456,#10457,#10458,#10459));
#10808=CLOSED_SHELL('',(#10460,#10461,#10462,#10463,#10464,#10465,#10466));
#10809=CLOSED_SHELL('',(#10467,#10468,#10469,#10470,#10471,#10472,#10473));
#10810=CLOSED_SHELL('',(#10474,#10475,#10476,#10477,#10478,#10479,#10480));
#10811=CLOSED_SHELL('',(#10481,#10482,#10483,#10484,#10485,#10486,#10487,
#10488,#10489,#10490,#10491,#10492,#10493,#10494,#10495,#10496,#10497));
#10812=CLOSED_SHELL('',(#10498,#10499,#10500,#10501,#10502,#10503,#10504,
#10505,#10506,#10507,#10508,#10509,#10510,#10511,#10512,#10513,#10514));
#10813=CLOSED_SHELL('',(#10515,#10516,#10517,#10518,#10519,#10520,#10521,
#10522,#10523,#10524));
#10814=CLOSED_SHELL('',(#10525,#10526,#10527,#10528,#10529,#10530));
#10815=CLOSED_SHELL('',(#10531,#10532,#10533,#10534,#10535,#10536,#10537,
#10538,#10539,#10540,#10541,#10542,#10543,#10544));
#10816=CLOSED_SHELL('',(#10545,#10546,#10547,#10548,#10549,#10550,#10551,
#10552,#10553,#10554,#10555,#10556,#10557));
#10817=CLOSED_SHELL('',(#10558,#10559,#10560,#10561,#10562,#10563,#10564,
#10565,#10566,#10567,#10568,#10569,#10570));
#10818=CLOSED_SHELL('',(#10571,#10572,#10573,#10574,#10575,#10576,#10577,
#10578,#10579,#10580,#10581));
#10819=CLOSED_SHELL('',(#10582,#10583,#10584,#10585,#10586,#10587,#10588,
#10589));
#10820=CLOSED_SHELL('',(#10590,#10591,#10592,#10593,#10594,#10595));
#10821=CLOSED_SHELL('',(#10596,#10597,#10598,#10599,#10600,#10601));
#10822=CLOSED_SHELL('',(#10602,#10603,#10604,#10605,#10606,#10607,#10608,
#10609));
#10823=CLOSED_SHELL('',(#10610,#10611,#10612,#10613,#10614,#10615,#10616,
#10617));
#10824=CLOSED_SHELL('',(#10618,#10619,#10620,#10621,#10622,#10623));
#10825=CLOSED_SHELL('',(#10624,#10625,#10626,#10627,#10628,#10629,#10630,
#10631,#10632,#10633));
#10826=CLOSED_SHELL('',(#10634,#10635,#10636,#10637,#10638,#10639,#10640));
#10827=CLOSED_SHELL('',(#10641,#10642,#10643,#10644,#10645,#10646,#10647));
#10828=CLOSED_SHELL('',(#10648,#10649,#10650,#10651,#10652,#10653,#10654,
#10655,#10656,#10657));
#10829=CLOSED_SHELL('',(#10658,#10659,#10660,#10661,#10662,#10663,#10664));
#10830=CLOSED_SHELL('',(#10665,#10666,#10667,#10668,#10669,#10670,#10671));
#10831=CLOSED_SHELL('',(#10672,#10673,#10674,#10675,#10676,#10677));
#10832=CLOSED_SHELL('',(#10678,#10679,#10680,#10681,#10682,#10683));
#10833=CLOSED_SHELL('',(#10684,#10685,#10686));
#10834=CLOSED_SHELL('',(#10687,#10688,#10689));
#10835=CLOSED_SHELL('',(#10690,#10691,#10692,#10693,#10694,#10695,#10696,
#10697,#10698,#10699,#10700));
#10836=CLOSED_SHELL('',(#10701,#10702,#10703,#10704,#10705,#10706,#10707,
#10708,#10709,#10710,#10711,#10712,#10713,#10714,#10715,#10716,#10717));
#10837=CLOSED_SHELL('',(#10718,#10719,#10720,#10721,#10722,#10723));
#10838=CLOSED_SHELL('',(#10724,#10725,#10726));
#10839=CLOSED_SHELL('',(#10727,#10728,#10729));
#10840=CLOSED_SHELL('',(#10730,#10731,#10732,#10733,#10734,#10735,#10736,
#10737,#10738,#10739,#10740));
#10841=CLOSED_SHELL('',(#10741,#10742,#10743,#10744,#10745,#10746,#10747,
#10748,#10749,#10750,#10751,#10752,#10753,#10754,#10755,#10756,#10757));
#10842=CLOSED_SHELL('',(#10758,#10759,#10760,#10761,#10762,#10763));
#10843=CLOSED_SHELL('',(#10764,#10765,#10766,#10767,#10768,#10769,#10770,
#10771,#10772,#10773));
#10844=CLOSED_SHELL('',(#10774,#10775,#10776,#10777,#10778,#10779,#10780,
#10781,#10782,#10783));
#10845=DERIVED_UNIT_ELEMENT(#10961,1.);
#10846=DERIVED_UNIT_ELEMENT(#19353,-3.);
#10847=DERIVED_UNIT_ELEMENT(#10961,1.);
#10848=DERIVED_UNIT_ELEMENT(#19353,-3.);
#10849=DERIVED_UNIT_ELEMENT(#10961,1.);
#10850=DERIVED_UNIT_ELEMENT(#19353,-3.);
#10851=DERIVED_UNIT_ELEMENT(#10961,1.);
#10852=DERIVED_UNIT_ELEMENT(#19353,-3.);
#10853=DERIVED_UNIT_ELEMENT(#10961,1.);
#10854=DERIVED_UNIT_ELEMENT(#19353,-3.);
#10855=DERIVED_UNIT_ELEMENT(#10961,1.);
#10856=DERIVED_UNIT_ELEMENT(#19353,-3.);
#10857=DERIVED_UNIT_ELEMENT(#10961,1.);
#10858=DERIVED_UNIT_ELEMENT(#19353,-3.);
#10859=DERIVED_UNIT_ELEMENT(#10961,1.);
#10860=DERIVED_UNIT_ELEMENT(#19353,-3.);
#10861=DERIVED_UNIT_ELEMENT(#10961,1.);
#10862=DERIVED_UNIT_ELEMENT(#19353,-3.);
#10863=DERIVED_UNIT_ELEMENT(#10961,1.);
#10864=DERIVED_UNIT_ELEMENT(#19353,-3.);
#10865=DERIVED_UNIT_ELEMENT(#10961,1.);
#10866=DERIVED_UNIT_ELEMENT(#19353,-3.);
#10867=DERIVED_UNIT_ELEMENT(#10961,1.);
#10868=DERIVED_UNIT_ELEMENT(#19353,-3.);
#10869=DERIVED_UNIT_ELEMENT(#10961,1.);
#10870=DERIVED_UNIT_ELEMENT(#19353,-3.);
#10871=DERIVED_UNIT_ELEMENT(#10961,1.);
#10872=DERIVED_UNIT_ELEMENT(#19353,-3.);
#10873=DERIVED_UNIT_ELEMENT(#10961,1.);
#10874=DERIVED_UNIT_ELEMENT(#19353,-3.);
#10875=DERIVED_UNIT_ELEMENT(#10961,1.);
#10876=DERIVED_UNIT_ELEMENT(#19353,-3.);
#10877=DERIVED_UNIT_ELEMENT(#10961,1.);
#10878=DERIVED_UNIT_ELEMENT(#19353,-3.);
#10879=DERIVED_UNIT_ELEMENT(#10961,1.);
#10880=DERIVED_UNIT_ELEMENT(#19353,-3.);
#10881=DERIVED_UNIT_ELEMENT(#10961,1.);
#10882=DERIVED_UNIT_ELEMENT(#19353,-3.);
#10883=DERIVED_UNIT_ELEMENT(#10961,1.);
#10884=DERIVED_UNIT_ELEMENT(#19353,-3.);
#10885=DERIVED_UNIT_ELEMENT(#10961,1.);
#10886=DERIVED_UNIT_ELEMENT(#19353,-3.);
#10887=DERIVED_UNIT_ELEMENT(#10961,1.);
#10888=DERIVED_UNIT_ELEMENT(#19353,-3.);
#10889=DERIVED_UNIT_ELEMENT(#10961,1.);
#10890=DERIVED_UNIT_ELEMENT(#19353,-3.);
#10891=DERIVED_UNIT_ELEMENT(#10961,1.);
#10892=DERIVED_UNIT_ELEMENT(#19353,-3.);
#10893=DERIVED_UNIT_ELEMENT(#10961,1.);
#10894=DERIVED_UNIT_ELEMENT(#19353,-3.);
#10895=DERIVED_UNIT_ELEMENT(#10961,1.);
#10896=DERIVED_UNIT_ELEMENT(#19353,-3.);
#10897=DERIVED_UNIT_ELEMENT(#10961,1.);
#10898=DERIVED_UNIT_ELEMENT(#19353,-3.);
#10899=DERIVED_UNIT_ELEMENT(#10961,1.);
#10900=DERIVED_UNIT_ELEMENT(#19353,-3.);
#10901=DERIVED_UNIT_ELEMENT(#10961,1.);
#10902=DERIVED_UNIT_ELEMENT(#19353,-3.);
#10903=DERIVED_UNIT_ELEMENT(#10961,1.);
#10904=DERIVED_UNIT_ELEMENT(#19353,-3.);
#10905=DERIVED_UNIT_ELEMENT(#10961,1.);
#10906=DERIVED_UNIT_ELEMENT(#19353,-3.);
#10907=DERIVED_UNIT_ELEMENT(#10961,1.);
#10908=DERIVED_UNIT_ELEMENT(#19353,-3.);
#10909=DERIVED_UNIT_ELEMENT(#10961,1.);
#10910=DERIVED_UNIT_ELEMENT(#19353,-3.);
#10911=DERIVED_UNIT_ELEMENT(#10961,1.);
#10912=DERIVED_UNIT_ELEMENT(#19353,-3.);
#10913=DERIVED_UNIT_ELEMENT(#10961,1.);
#10914=DERIVED_UNIT_ELEMENT(#19353,-3.);
#10915=DERIVED_UNIT_ELEMENT(#10961,1.);
#10916=DERIVED_UNIT_ELEMENT(#19353,-3.);
#10917=DERIVED_UNIT_ELEMENT(#10961,1.);
#10918=DERIVED_UNIT_ELEMENT(#19353,-3.);
#10919=DERIVED_UNIT_ELEMENT(#10961,1.);
#10920=DERIVED_UNIT_ELEMENT(#19353,-3.);
#10921=DERIVED_UNIT_ELEMENT(#10961,1.);
#10922=DERIVED_UNIT_ELEMENT(#19353,-3.);
#10923=DERIVED_UNIT_ELEMENT(#10961,1.);
#10924=DERIVED_UNIT_ELEMENT(#19353,-3.);
#10925=DERIVED_UNIT_ELEMENT(#10961,1.);
#10926=DERIVED_UNIT_ELEMENT(#19353,-3.);
#10927=DERIVED_UNIT_ELEMENT(#10961,1.);
#10928=DERIVED_UNIT_ELEMENT(#19353,-3.);
#10929=DERIVED_UNIT_ELEMENT(#10961,1.);
#10930=DERIVED_UNIT_ELEMENT(#19353,-3.);
#10931=DERIVED_UNIT_ELEMENT(#10961,1.);
#10932=DERIVED_UNIT_ELEMENT(#19353,-3.);
#10933=DERIVED_UNIT_ELEMENT(#10961,1.);
#10934=DERIVED_UNIT_ELEMENT(#19353,-3.);
#10935=DERIVED_UNIT_ELEMENT(#10961,1.);
#10936=DERIVED_UNIT_ELEMENT(#19353,-3.);
#10937=DERIVED_UNIT_ELEMENT(#10961,1.);
#10938=DERIVED_UNIT_ELEMENT(#19353,-3.);
#10939=DERIVED_UNIT_ELEMENT(#10961,1.);
#10940=DERIVED_UNIT_ELEMENT(#19353,-3.);
#10941=DERIVED_UNIT_ELEMENT(#10961,1.);
#10942=DERIVED_UNIT_ELEMENT(#19353,-3.);
#10943=DERIVED_UNIT_ELEMENT(#10961,1.);
#10944=DERIVED_UNIT_ELEMENT(#19353,-3.);
#10945=DERIVED_UNIT_ELEMENT(#10961,1.);
#10946=DERIVED_UNIT_ELEMENT(#19353,-3.);
#10947=DERIVED_UNIT_ELEMENT(#10961,1.);
#10948=DERIVED_UNIT_ELEMENT(#19353,-3.);
#10949=DERIVED_UNIT_ELEMENT(#10961,1.);
#10950=DERIVED_UNIT_ELEMENT(#19353,-3.);
#10951=DERIVED_UNIT_ELEMENT(#10961,1.);
#10952=DERIVED_UNIT_ELEMENT(#19353,-3.);
#10953=DERIVED_UNIT_ELEMENT(#10961,1.);
#10954=DERIVED_UNIT_ELEMENT(#19353,-3.);
#10955=DERIVED_UNIT_ELEMENT(#10961,1.);
#10956=DERIVED_UNIT_ELEMENT(#19353,-3.);
#10957=DERIVED_UNIT_ELEMENT(#10961,1.);
#10958=DERIVED_UNIT_ELEMENT(#19353,-3.);
#10959=DERIVED_UNIT_ELEMENT(#10961,1.);
#10960=DERIVED_UNIT_ELEMENT(#19353,-3.);
#10961=(
MASS_UNIT()
NAMED_UNIT(*)
SI_UNIT(.KILO.,.GRAM.)
);
#10962=DERIVED_UNIT((#10845,#10846));
#10963=DERIVED_UNIT((#10847,#10848));
#10964=DERIVED_UNIT((#10849,#10850));
#10965=DERIVED_UNIT((#10851,#10852));
#10966=DERIVED_UNIT((#10853,#10854));
#10967=DERIVED_UNIT((#10855,#10856));
#10968=DERIVED_UNIT((#10857,#10858));
#10969=DERIVED_UNIT((#10859,#10860));
#10970=DERIVED_UNIT((#10861,#10862));
#10971=DERIVED_UNIT((#10863,#10864));
#10972=DERIVED_UNIT((#10865,#10866));
#10973=DERIVED_UNIT((#10867,#10868));
#10974=DERIVED_UNIT((#10869,#10870));
#10975=DERIVED_UNIT((#10871,#10872));
#10976=DERIVED_UNIT((#10873,#10874));
#10977=DERIVED_UNIT((#10875,#10876));
#10978=DERIVED_UNIT((#10877,#10878));
#10979=DERIVED_UNIT((#10879,#10880));
#10980=DERIVED_UNIT((#10881,#10882));
#10981=DERIVED_UNIT((#10883,#10884));
#10982=DERIVED_UNIT((#10885,#10886));
#10983=DERIVED_UNIT((#10887,#10888));
#10984=DERIVED_UNIT((#10889,#10890));
#10985=DERIVED_UNIT((#10891,#10892));
#10986=DERIVED_UNIT((#10893,#10894));
#10987=DERIVED_UNIT((#10895,#10896));
#10988=DERIVED_UNIT((#10897,#10898));
#10989=DERIVED_UNIT((#10899,#10900));
#10990=DERIVED_UNIT((#10901,#10902));
#10991=DERIVED_UNIT((#10903,#10904));
#10992=DERIVED_UNIT((#10905,#10906));
#10993=DERIVED_UNIT((#10907,#10908));
#10994=DERIVED_UNIT((#10909,#10910));
#10995=DERIVED_UNIT((#10911,#10912));
#10996=DERIVED_UNIT((#10913,#10914));
#10997=DERIVED_UNIT((#10915,#10916));
#10998=DERIVED_UNIT((#10917,#10918));
#10999=DERIVED_UNIT((#10919,#10920));
#11000=DERIVED_UNIT((#10921,#10922));
#11001=DERIVED_UNIT((#10923,#10924));
#11002=DERIVED_UNIT((#10925,#10926));
#11003=DERIVED_UNIT((#10927,#10928));
#11004=DERIVED_UNIT((#10929,#10930));
#11005=DERIVED_UNIT((#10931,#10932));
#11006=DERIVED_UNIT((#10933,#10934));
#11007=DERIVED_UNIT((#10935,#10936));
#11008=DERIVED_UNIT((#10937,#10938));
#11009=DERIVED_UNIT((#10939,#10940));
#11010=DERIVED_UNIT((#10941,#10942));
#11011=DERIVED_UNIT((#10943,#10944));
#11012=DERIVED_UNIT((#10945,#10946));
#11013=DERIVED_UNIT((#10947,#10948));
#11014=DERIVED_UNIT((#10949,#10950));
#11015=DERIVED_UNIT((#10951,#10952));
#11016=DERIVED_UNIT((#10953,#10954));
#11017=DERIVED_UNIT((#10955,#10956));
#11018=DERIVED_UNIT((#10957,#10958));
#11019=DERIVED_UNIT((#10959,#10960));
#11020=MEASURE_REPRESENTATION_ITEM('density measure',
POSITIVE_RATIO_MEASURE(7850.),#10962);
#11021=MEASURE_REPRESENTATION_ITEM('density measure',
POSITIVE_RATIO_MEASURE(7850.),#10963);
#11022=MEASURE_REPRESENTATION_ITEM('density measure',
POSITIVE_RATIO_MEASURE(7850.),#10964);
#11023=MEASURE_REPRESENTATION_ITEM('density measure',
POSITIVE_RATIO_MEASURE(7850.),#10965);
#11024=MEASURE_REPRESENTATION_ITEM('density measure',
POSITIVE_RATIO_MEASURE(7850.),#10966);
#11025=MEASURE_REPRESENTATION_ITEM('density measure',
POSITIVE_RATIO_MEASURE(7850.),#10967);
#11026=MEASURE_REPRESENTATION_ITEM('density measure',
POSITIVE_RATIO_MEASURE(7850.),#10968);
#11027=MEASURE_REPRESENTATION_ITEM('density measure',
POSITIVE_RATIO_MEASURE(7850.),#10969);
#11028=MEASURE_REPRESENTATION_ITEM('density measure',
POSITIVE_RATIO_MEASURE(7850.),#10970);
#11029=MEASURE_REPRESENTATION_ITEM('density measure',
POSITIVE_RATIO_MEASURE(7850.),#10971);
#11030=MEASURE_REPRESENTATION_ITEM('density measure',
POSITIVE_RATIO_MEASURE(7850.),#10972);
#11031=MEASURE_REPRESENTATION_ITEM('density measure',
POSITIVE_RATIO_MEASURE(7850.),#10973);
#11032=MEASURE_REPRESENTATION_ITEM('density measure',
POSITIVE_RATIO_MEASURE(7850.),#10974);
#11033=MEASURE_REPRESENTATION_ITEM('density measure',
POSITIVE_RATIO_MEASURE(7850.),#10975);
#11034=MEASURE_REPRESENTATION_ITEM('density measure',
POSITIVE_RATIO_MEASURE(7850.),#10976);
#11035=MEASURE_REPRESENTATION_ITEM('density measure',
POSITIVE_RATIO_MEASURE(7850.),#10977);
#11036=MEASURE_REPRESENTATION_ITEM('density measure',
POSITIVE_RATIO_MEASURE(7850.),#10978);
#11037=MEASURE_REPRESENTATION_ITEM('density measure',
POSITIVE_RATIO_MEASURE(7850.),#10979);
#11038=MEASURE_REPRESENTATION_ITEM('density measure',
POSITIVE_RATIO_MEASURE(7850.),#10980);
#11039=MEASURE_REPRESENTATION_ITEM('density measure',
POSITIVE_RATIO_MEASURE(7850.),#10981);
#11040=MEASURE_REPRESENTATION_ITEM('density measure',
POSITIVE_RATIO_MEASURE(7850.),#10982);
#11041=MEASURE_REPRESENTATION_ITEM('density measure',
POSITIVE_RATIO_MEASURE(7850.),#10983);
#11042=MEASURE_REPRESENTATION_ITEM('density measure',
POSITIVE_RATIO_MEASURE(7850.),#10984);
#11043=MEASURE_REPRESENTATION_ITEM('density measure',
POSITIVE_RATIO_MEASURE(7850.),#10985);
#11044=MEASURE_REPRESENTATION_ITEM('density measure',
POSITIVE_RATIO_MEASURE(7850.),#10986);
#11045=MEASURE_REPRESENTATION_ITEM('density measure',
POSITIVE_RATIO_MEASURE(7850.),#10987);
#11046=MEASURE_REPRESENTATION_ITEM('density measure',
POSITIVE_RATIO_MEASURE(7850.),#10988);
#11047=MEASURE_REPRESENTATION_ITEM('density measure',
POSITIVE_RATIO_MEASURE(7850.),#10989);
#11048=MEASURE_REPRESENTATION_ITEM('density measure',
POSITIVE_RATIO_MEASURE(7850.),#10990);
#11049=MEASURE_REPRESENTATION_ITEM('density measure',
POSITIVE_RATIO_MEASURE(7850.),#10991);
#11050=MEASURE_REPRESENTATION_ITEM('density measure',
POSITIVE_RATIO_MEASURE(7850.),#10992);
#11051=MEASURE_REPRESENTATION_ITEM('density measure',
POSITIVE_RATIO_MEASURE(7850.),#10993);
#11052=MEASURE_REPRESENTATION_ITEM('density measure',
POSITIVE_RATIO_MEASURE(7850.),#10994);
#11053=MEASURE_REPRESENTATION_ITEM('density measure',
POSITIVE_RATIO_MEASURE(7850.),#10995);
#11054=MEASURE_REPRESENTATION_ITEM('density measure',
POSITIVE_RATIO_MEASURE(7850.),#10996);
#11055=MEASURE_REPRESENTATION_ITEM('density measure',
POSITIVE_RATIO_MEASURE(7850.),#10997);
#11056=MEASURE_REPRESENTATION_ITEM('density measure',
POSITIVE_RATIO_MEASURE(7850.),#10998);
#11057=MEASURE_REPRESENTATION_ITEM('density measure',
POSITIVE_RATIO_MEASURE(7850.),#10999);
#11058=MEASURE_REPRESENTATION_ITEM('density measure',
POSITIVE_RATIO_MEASURE(7850.),#11000);
#11059=MEASURE_REPRESENTATION_ITEM('density measure',
POSITIVE_RATIO_MEASURE(7850.),#11001);
#11060=MEASURE_REPRESENTATION_ITEM('density measure',
POSITIVE_RATIO_MEASURE(7850.),#11002);
#11061=MEASURE_REPRESENTATION_ITEM('density measure',
POSITIVE_RATIO_MEASURE(7850.),#11003);
#11062=MEASURE_REPRESENTATION_ITEM('density measure',
POSITIVE_RATIO_MEASURE(7850.),#11004);
#11063=MEASURE_REPRESENTATION_ITEM('density measure',
POSITIVE_RATIO_MEASURE(7850.),#11005);
#11064=MEASURE_REPRESENTATION_ITEM('density measure',
POSITIVE_RATIO_MEASURE(7850.),#11006);
#11065=MEASURE_REPRESENTATION_ITEM('density measure',
POSITIVE_RATIO_MEASURE(7850.),#11007);
#11066=MEASURE_REPRESENTATION_ITEM('density measure',
POSITIVE_RATIO_MEASURE(7850.),#11008);
#11067=MEASURE_REPRESENTATION_ITEM('density measure',
POSITIVE_RATIO_MEASURE(7850.),#11009);
#11068=MEASURE_REPRESENTATION_ITEM('density measure',
POSITIVE_RATIO_MEASURE(7850.),#11010);
#11069=MEASURE_REPRESENTATION_ITEM('density measure',
POSITIVE_RATIO_MEASURE(7850.),#11011);
#11070=MEASURE_REPRESENTATION_ITEM('density measure',
POSITIVE_RATIO_MEASURE(7850.),#11012);
#11071=MEASURE_REPRESENTATION_ITEM('density measure',
POSITIVE_RATIO_MEASURE(7850.),#11013);
#11072=MEASURE_REPRESENTATION_ITEM('density measure',
POSITIVE_RATIO_MEASURE(7850.),#11014);
#11073=MEASURE_REPRESENTATION_ITEM('density measure',
POSITIVE_RATIO_MEASURE(7850.),#11015);
#11074=MEASURE_REPRESENTATION_ITEM('density measure',
POSITIVE_RATIO_MEASURE(7850.),#11016);
#11075=MEASURE_REPRESENTATION_ITEM('density measure',
POSITIVE_RATIO_MEASURE(7850.),#11017);
#11076=MEASURE_REPRESENTATION_ITEM('density measure',
POSITIVE_RATIO_MEASURE(7850.),#11018);
#11077=MEASURE_REPRESENTATION_ITEM('density measure',
POSITIVE_RATIO_MEASURE(7850.),#11019);
#11078=PROPERTY_DEFINITION_REPRESENTATION(#11368,#11194);
#11079=PROPERTY_DEFINITION_REPRESENTATION(#11369,#11195);
#11080=PROPERTY_DEFINITION_REPRESENTATION(#11370,#11196);
#11081=PROPERTY_DEFINITION_REPRESENTATION(#11371,#11197);
#11082=PROPERTY_DEFINITION_REPRESENTATION(#11372,#11198);
#11083=PROPERTY_DEFINITION_REPRESENTATION(#11373,#11199);
#11084=PROPERTY_DEFINITION_REPRESENTATION(#11374,#11200);
#11085=PROPERTY_DEFINITION_REPRESENTATION(#11375,#11201);
#11086=PROPERTY_DEFINITION_REPRESENTATION(#11376,#11202);
#11087=PROPERTY_DEFINITION_REPRESENTATION(#11377,#11203);
#11088=PROPERTY_DEFINITION_REPRESENTATION(#11378,#11204);
#11089=PROPERTY_DEFINITION_REPRESENTATION(#11379,#11205);
#11090=PROPERTY_DEFINITION_REPRESENTATION(#11380,#11206);
#11091=PROPERTY_DEFINITION_REPRESENTATION(#11381,#11207);
#11092=PROPERTY_DEFINITION_REPRESENTATION(#11382,#11208);
#11093=PROPERTY_DEFINITION_REPRESENTATION(#11383,#11209);
#11094=PROPERTY_DEFINITION_REPRESENTATION(#11384,#11210);
#11095=PROPERTY_DEFINITION_REPRESENTATION(#11385,#11211);
#11096=PROPERTY_DEFINITION_REPRESENTATION(#11386,#11212);
#11097=PROPERTY_DEFINITION_REPRESENTATION(#11387,#11213);
#11098=PROPERTY_DEFINITION_REPRESENTATION(#11388,#11214);
#11099=PROPERTY_DEFINITION_REPRESENTATION(#11389,#11215);
#11100=PROPERTY_DEFINITION_REPRESENTATION(#11390,#11216);
#11101=PROPERTY_DEFINITION_REPRESENTATION(#11391,#11217);
#11102=PROPERTY_DEFINITION_REPRESENTATION(#11392,#11218);
#11103=PROPERTY_DEFINITION_REPRESENTATION(#11393,#11219);
#11104=PROPERTY_DEFINITION_REPRESENTATION(#11394,#11220);
#11105=PROPERTY_DEFINITION_REPRESENTATION(#11395,#11221);
#11106=PROPERTY_DEFINITION_REPRESENTATION(#11396,#11222);
#11107=PROPERTY_DEFINITION_REPRESENTATION(#11397,#11223);
#11108=PROPERTY_DEFINITION_REPRESENTATION(#11398,#11224);
#11109=PROPERTY_DEFINITION_REPRESENTATION(#11399,#11225);
#11110=PROPERTY_DEFINITION_REPRESENTATION(#11400,#11226);
#11111=PROPERTY_DEFINITION_REPRESENTATION(#11401,#11227);
#11112=PROPERTY_DEFINITION_REPRESENTATION(#11402,#11228);
#11113=PROPERTY_DEFINITION_REPRESENTATION(#11403,#11229);
#11114=PROPERTY_DEFINITION_REPRESENTATION(#11404,#11230);
#11115=PROPERTY_DEFINITION_REPRESENTATION(#11405,#11231);
#11116=PROPERTY_DEFINITION_REPRESENTATION(#11406,#11232);
#11117=PROPERTY_DEFINITION_REPRESENTATION(#11407,#11233);
#11118=PROPERTY_DEFINITION_REPRESENTATION(#11408,#11234);
#11119=PROPERTY_DEFINITION_REPRESENTATION(#11409,#11235);
#11120=PROPERTY_DEFINITION_REPRESENTATION(#11410,#11236);
#11121=PROPERTY_DEFINITION_REPRESENTATION(#11411,#11237);
#11122=PROPERTY_DEFINITION_REPRESENTATION(#11412,#11238);
#11123=PROPERTY_DEFINITION_REPRESENTATION(#11413,#11239);
#11124=PROPERTY_DEFINITION_REPRESENTATION(#11414,#11240);
#11125=PROPERTY_DEFINITION_REPRESENTATION(#11415,#11241);
#11126=PROPERTY_DEFINITION_REPRESENTATION(#11416,#11242);
#11127=PROPERTY_DEFINITION_REPRESENTATION(#11417,#11243);
#11128=PROPERTY_DEFINITION_REPRESENTATION(#11418,#11244);
#11129=PROPERTY_DEFINITION_REPRESENTATION(#11419,#11245);
#11130=PROPERTY_DEFINITION_REPRESENTATION(#11420,#11246);
#11131=PROPERTY_DEFINITION_REPRESENTATION(#11421,#11247);
#11132=PROPERTY_DEFINITION_REPRESENTATION(#11422,#11248);
#11133=PROPERTY_DEFINITION_REPRESENTATION(#11423,#11249);
#11134=PROPERTY_DEFINITION_REPRESENTATION(#11424,#11250);
#11135=PROPERTY_DEFINITION_REPRESENTATION(#11425,#11251);
#11136=PROPERTY_DEFINITION_REPRESENTATION(#11426,#11252);
#11137=PROPERTY_DEFINITION_REPRESENTATION(#11427,#11253);
#11138=PROPERTY_DEFINITION_REPRESENTATION(#11428,#11254);
#11139=PROPERTY_DEFINITION_REPRESENTATION(#11429,#11255);
#11140=PROPERTY_DEFINITION_REPRESENTATION(#11430,#11256);
#11141=PROPERTY_DEFINITION_REPRESENTATION(#11431,#11257);
#11142=PROPERTY_DEFINITION_REPRESENTATION(#11432,#11258);
#11143=PROPERTY_DEFINITION_REPRESENTATION(#11433,#11259);
#11144=PROPERTY_DEFINITION_REPRESENTATION(#11434,#11260);
#11145=PROPERTY_DEFINITION_REPRESENTATION(#11435,#11261);
#11146=PROPERTY_DEFINITION_REPRESENTATION(#11436,#11262);
#11147=PROPERTY_DEFINITION_REPRESENTATION(#11437,#11263);
#11148=PROPERTY_DEFINITION_REPRESENTATION(#11438,#11264);
#11149=PROPERTY_DEFINITION_REPRESENTATION(#11439,#11265);
#11150=PROPERTY_DEFINITION_REPRESENTATION(#11440,#11266);
#11151=PROPERTY_DEFINITION_REPRESENTATION(#11441,#11267);
#11152=PROPERTY_DEFINITION_REPRESENTATION(#11442,#11268);
#11153=PROPERTY_DEFINITION_REPRESENTATION(#11443,#11269);
#11154=PROPERTY_DEFINITION_REPRESENTATION(#11444,#11270);
#11155=PROPERTY_DEFINITION_REPRESENTATION(#11445,#11271);
#11156=PROPERTY_DEFINITION_REPRESENTATION(#11446,#11272);
#11157=PROPERTY_DEFINITION_REPRESENTATION(#11447,#11273);
#11158=PROPERTY_DEFINITION_REPRESENTATION(#11448,#11274);
#11159=PROPERTY_DEFINITION_REPRESENTATION(#11449,#11275);
#11160=PROPERTY_DEFINITION_REPRESENTATION(#11450,#11276);
#11161=PROPERTY_DEFINITION_REPRESENTATION(#11451,#11277);
#11162=PROPERTY_DEFINITION_REPRESENTATION(#11452,#11278);
#11163=PROPERTY_DEFINITION_REPRESENTATION(#11453,#11279);
#11164=PROPERTY_DEFINITION_REPRESENTATION(#11454,#11280);
#11165=PROPERTY_DEFINITION_REPRESENTATION(#11455,#11281);
#11166=PROPERTY_DEFINITION_REPRESENTATION(#11456,#11282);
#11167=PROPERTY_DEFINITION_REPRESENTATION(#11457,#11283);
#11168=PROPERTY_DEFINITION_REPRESENTATION(#11458,#11284);
#11169=PROPERTY_DEFINITION_REPRESENTATION(#11459,#11285);
#11170=PROPERTY_DEFINITION_REPRESENTATION(#11460,#11286);
#11171=PROPERTY_DEFINITION_REPRESENTATION(#11461,#11287);
#11172=PROPERTY_DEFINITION_REPRESENTATION(#11462,#11288);
#11173=PROPERTY_DEFINITION_REPRESENTATION(#11463,#11289);
#11174=PROPERTY_DEFINITION_REPRESENTATION(#11464,#11290);
#11175=PROPERTY_DEFINITION_REPRESENTATION(#11465,#11291);
#11176=PROPERTY_DEFINITION_REPRESENTATION(#11466,#11292);
#11177=PROPERTY_DEFINITION_REPRESENTATION(#11467,#11293);
#11178=PROPERTY_DEFINITION_REPRESENTATION(#11468,#11294);
#11179=PROPERTY_DEFINITION_REPRESENTATION(#11469,#11295);
#11180=PROPERTY_DEFINITION_REPRESENTATION(#11470,#11296);
#11181=PROPERTY_DEFINITION_REPRESENTATION(#11471,#11297);
#11182=PROPERTY_DEFINITION_REPRESENTATION(#11472,#11298);
#11183=PROPERTY_DEFINITION_REPRESENTATION(#11473,#11299);
#11184=PROPERTY_DEFINITION_REPRESENTATION(#11474,#11300);
#11185=PROPERTY_DEFINITION_REPRESENTATION(#11475,#11301);
#11186=PROPERTY_DEFINITION_REPRESENTATION(#11476,#11302);
#11187=PROPERTY_DEFINITION_REPRESENTATION(#11477,#11303);
#11188=PROPERTY_DEFINITION_REPRESENTATION(#11478,#11304);
#11189=PROPERTY_DEFINITION_REPRESENTATION(#11479,#11305);
#11190=PROPERTY_DEFINITION_REPRESENTATION(#11480,#11306);
#11191=PROPERTY_DEFINITION_REPRESENTATION(#11481,#11307);
#11192=PROPERTY_DEFINITION_REPRESENTATION(#11482,#11308);
#11193=PROPERTY_DEFINITION_REPRESENTATION(#11483,#11309);
#11194=REPRESENTATION('material name',(#11310),#19286);
#11195=REPRESENTATION('density',(#11020),#19286);
#11196=REPRESENTATION('material name',(#11311),#19287);
#11197=REPRESENTATION('density',(#11021),#19287);
#11198=REPRESENTATION('material name',(#11312),#19288);
#11199=REPRESENTATION('density',(#11022),#19288);
#11200=REPRESENTATION('material name',(#11313),#19289);
#11201=REPRESENTATION('density',(#11023),#19289);
#11202=REPRESENTATION('material name',(#11314),#19290);
#11203=REPRESENTATION('density',(#11024),#19290);
#11204=REPRESENTATION('material name',(#11315),#19291);
#11205=REPRESENTATION('density',(#11025),#19291);
#11206=REPRESENTATION('material name',(#11316),#19292);
#11207=REPRESENTATION('density',(#11026),#19292);
#11208=REPRESENTATION('material name',(#11317),#19294);
#11209=REPRESENTATION('density',(#11027),#19294);
#11210=REPRESENTATION('material name',(#11318),#19295);
#11211=REPRESENTATION('density',(#11028),#19295);
#11212=REPRESENTATION('material name',(#11319),#19297);
#11213=REPRESENTATION('density',(#11029),#19297);
#11214=REPRESENTATION('material name',(#11320),#19298);
#11215=REPRESENTATION('density',(#11030),#19298);
#11216=REPRESENTATION('material name',(#11321),#19299);
#11217=REPRESENTATION('density',(#11031),#19299);
#11218=REPRESENTATION('material name',(#11322),#19300);
#11219=REPRESENTATION('density',(#11032),#19300);
#11220=REPRESENTATION('material name',(#11323),#19301);
#11221=REPRESENTATION('density',(#11033),#19301);
#11222=REPRESENTATION('material name',(#11324),#19303);
#11223=REPRESENTATION('density',(#11034),#19303);
#11224=REPRESENTATION('material name',(#11325),#19305);
#11225=REPRESENTATION('density',(#11035),#19305);
#11226=REPRESENTATION('material name',(#11326),#19306);
#11227=REPRESENTATION('density',(#11036),#19306);
#11228=REPRESENTATION('material name',(#11327),#19307);
#11229=REPRESENTATION('density',(#11037),#19307);
#11230=REPRESENTATION('material name',(#11328),#19308);
#11231=REPRESENTATION('density',(#11038),#19308);
#11232=REPRESENTATION('material name',(#11329),#19309);
#11233=REPRESENTATION('density',(#11039),#19309);
#11234=REPRESENTATION('material name',(#11330),#19310);
#11235=REPRESENTATION('density',(#11040),#19310);
#11236=REPRESENTATION('material name',(#11331),#19311);
#11237=REPRESENTATION('density',(#11041),#19311);
#11238=REPRESENTATION('material name',(#11332),#19312);
#11239=REPRESENTATION('density',(#11042),#19312);
#11240=REPRESENTATION('material name',(#11333),#19313);
#11241=REPRESENTATION('density',(#11043),#19313);
#11242=REPRESENTATION('material name',(#11334),#19314);
#11243=REPRESENTATION('density',(#11044),#19314);
#11244=REPRESENTATION('material name',(#11335),#19315);
#11245=REPRESENTATION('density',(#11045),#19315);
#11246=REPRESENTATION('material name',(#11336),#19316);
#11247=REPRESENTATION('density',(#11046),#19316);
#11248=REPRESENTATION('material name',(#11337),#19318);
#11249=REPRESENTATION('density',(#11047),#19318);
#11250=REPRESENTATION('material name',(#11338),#19319);
#11251=REPRESENTATION('density',(#11048),#19319);
#11252=REPRESENTATION('material name',(#11339),#19320);
#11253=REPRESENTATION('density',(#11049),#19320);
#11254=REPRESENTATION('material name',(#11340),#19321);
#11255=REPRESENTATION('density',(#11050),#19321);
#11256=REPRESENTATION('material name',(#11341),#19322);
#11257=REPRESENTATION('density',(#11051),#19322);
#11258=REPRESENTATION('material name',(#11342),#19323);
#11259=REPRESENTATION('density',(#11052),#19323);
#11260=REPRESENTATION('material name',(#11343),#19324);
#11261=REPRESENTATION('density',(#11053),#19324);
#11262=REPRESENTATION('material name',(#11344),#19325);
#11263=REPRESENTATION('density',(#11054),#19325);
#11264=REPRESENTATION('material name',(#11345),#19326);
#11265=REPRESENTATION('density',(#11055),#19326);
#11266=REPRESENTATION('material name',(#11346),#19327);
#11267=REPRESENTATION('density',(#11056),#19327);
#11268=REPRESENTATION('material name',(#11347),#19328);
#11269=REPRESENTATION('density',(#11057),#19328);
#11270=REPRESENTATION('material name',(#11348),#19329);
#11271=REPRESENTATION('density',(#11058),#19329);
#11272=REPRESENTATION('material name',(#11349),#19330);
#11273=REPRESENTATION('density',(#11059),#19330);
#11274=REPRESENTATION('material name',(#11350),#19331);
#11275=REPRESENTATION('density',(#11060),#19331);
#11276=REPRESENTATION('material name',(#11351),#19332);
#11277=REPRESENTATION('density',(#11061),#19332);
#11278=REPRESENTATION('material name',(#11352),#19333);
#11279=REPRESENTATION('density',(#11062),#19333);
#11280=REPRESENTATION('material name',(#11353),#19334);
#11281=REPRESENTATION('density',(#11063),#19334);
#11282=REPRESENTATION('material name',(#11354),#19335);
#11283=REPRESENTATION('density',(#11064),#19335);
#11284=REPRESENTATION('material name',(#11355),#19336);
#11285=REPRESENTATION('density',(#11065),#19336);
#11286=REPRESENTATION('material name',(#11356),#19338);
#11287=REPRESENTATION('density',(#11066),#19338);
#11288=REPRESENTATION('material name',(#11357),#19339);
#11289=REPRESENTATION('density',(#11067),#19339);
#11290=REPRESENTATION('material name',(#11358),#19340);
#11291=REPRESENTATION('density',(#11068),#19340);
#11292=REPRESENTATION('material name',(#11359),#19341);
#11293=REPRESENTATION('density',(#11069),#19341);
#11294=REPRESENTATION('material name',(#11360),#19342);
#11295=REPRESENTATION('density',(#11070),#19342);
#11296=REPRESENTATION('material name',(#11361),#19343);
#11297=REPRESENTATION('density',(#11071),#19343);
#11298=REPRESENTATION('material name',(#11362),#19344);
#11299=REPRESENTATION('density',(#11072),#19344);
#11300=REPRESENTATION('material name',(#11363),#19345);
#11301=REPRESENTATION('density',(#11073),#19345);
#11302=REPRESENTATION('material name',(#11364),#19346);
#11303=REPRESENTATION('density',(#11074),#19346);
#11304=REPRESENTATION('material name',(#11365),#19347);
#11305=REPRESENTATION('density',(#11075),#19347);
#11306=REPRESENTATION('material name',(#11366),#19349);
#11307=REPRESENTATION('density',(#11076),#19349);
#11308=REPRESENTATION('material name',(#11367),#19350);
#11309=REPRESENTATION('density',(#11077),#19350);
#11310=DESCRIPTIVE_REPRESENTATION_ITEM('Steel','Steel');
#11311=DESCRIPTIVE_REPRESENTATION_ITEM('Steel','Steel');
#11312=DESCRIPTIVE_REPRESENTATION_ITEM('Steel','Steel');
#11313=DESCRIPTIVE_REPRESENTATION_ITEM('Steel','Steel');
#11314=DESCRIPTIVE_REPRESENTATION_ITEM('Steel','Steel');
#11315=DESCRIPTIVE_REPRESENTATION_ITEM('Steel','Steel');
#11316=DESCRIPTIVE_REPRESENTATION_ITEM('Steel','Steel');
#11317=DESCRIPTIVE_REPRESENTATION_ITEM('Steel','Steel');
#11318=DESCRIPTIVE_REPRESENTATION_ITEM('Steel','Steel');
#11319=DESCRIPTIVE_REPRESENTATION_ITEM('Steel','Steel');
#11320=DESCRIPTIVE_REPRESENTATION_ITEM('Steel','Steel');
#11321=DESCRIPTIVE_REPRESENTATION_ITEM('Steel','Steel');
#11322=DESCRIPTIVE_REPRESENTATION_ITEM('Steel','Steel');
#11323=DESCRIPTIVE_REPRESENTATION_ITEM('Steel','Steel');
#11324=DESCRIPTIVE_REPRESENTATION_ITEM('Steel','Steel');
#11325=DESCRIPTIVE_REPRESENTATION_ITEM('Steel','Steel');
#11326=DESCRIPTIVE_REPRESENTATION_ITEM('Steel','Steel');
#11327=DESCRIPTIVE_REPRESENTATION_ITEM('Steel','Steel');
#11328=DESCRIPTIVE_REPRESENTATION_ITEM('Steel','Steel');
#11329=DESCRIPTIVE_REPRESENTATION_ITEM('Steel','Steel');
#11330=DESCRIPTIVE_REPRESENTATION_ITEM('Steel','Steel');
#11331=DESCRIPTIVE_REPRESENTATION_ITEM('Steel','Steel');
#11332=DESCRIPTIVE_REPRESENTATION_ITEM('Steel','Steel');
#11333=DESCRIPTIVE_REPRESENTATION_ITEM('Steel','Steel');
#11334=DESCRIPTIVE_REPRESENTATION_ITEM('Steel','Steel');
#11335=DESCRIPTIVE_REPRESENTATION_ITEM('Steel','Steel');
#11336=DESCRIPTIVE_REPRESENTATION_ITEM('Steel','Steel');
#11337=DESCRIPTIVE_REPRESENTATION_ITEM('Steel','Steel');
#11338=DESCRIPTIVE_REPRESENTATION_ITEM('Steel','Steel');
#11339=DESCRIPTIVE_REPRESENTATION_ITEM('Steel','Steel');
#11340=DESCRIPTIVE_REPRESENTATION_ITEM('Steel','Steel');
#11341=DESCRIPTIVE_REPRESENTATION_ITEM('Steel','Steel');
#11342=DESCRIPTIVE_REPRESENTATION_ITEM('Steel','Steel');
#11343=DESCRIPTIVE_REPRESENTATION_ITEM('Steel','Steel');
#11344=DESCRIPTIVE_REPRESENTATION_ITEM('Steel','Steel');
#11345=DESCRIPTIVE_REPRESENTATION_ITEM('Steel','Steel');
#11346=DESCRIPTIVE_REPRESENTATION_ITEM('Steel','Steel');
#11347=DESCRIPTIVE_REPRESENTATION_ITEM('Steel','Steel');
#11348=DESCRIPTIVE_REPRESENTATION_ITEM('Steel','Steel');
#11349=DESCRIPTIVE_REPRESENTATION_ITEM('Steel','Steel');
#11350=DESCRIPTIVE_REPRESENTATION_ITEM('Steel','Steel');
#11351=DESCRIPTIVE_REPRESENTATION_ITEM('Steel','Steel');
#11352=DESCRIPTIVE_REPRESENTATION_ITEM('Steel','Steel');
#11353=DESCRIPTIVE_REPRESENTATION_ITEM('Steel','Steel');
#11354=DESCRIPTIVE_REPRESENTATION_ITEM('Steel','Steel');
#11355=DESCRIPTIVE_REPRESENTATION_ITEM('Steel','Steel');
#11356=DESCRIPTIVE_REPRESENTATION_ITEM('Steel','Steel');
#11357=DESCRIPTIVE_REPRESENTATION_ITEM('Steel','Steel');
#11358=DESCRIPTIVE_REPRESENTATION_ITEM('Steel','Steel');
#11359=DESCRIPTIVE_REPRESENTATION_ITEM('Steel','Steel');
#11360=DESCRIPTIVE_REPRESENTATION_ITEM('Steel','Steel');
#11361=DESCRIPTIVE_REPRESENTATION_ITEM('Steel','Steel');
#11362=DESCRIPTIVE_REPRESENTATION_ITEM('Steel','Steel');
#11363=DESCRIPTIVE_REPRESENTATION_ITEM('Steel','Steel');
#11364=DESCRIPTIVE_REPRESENTATION_ITEM('Steel','Steel');
#11365=DESCRIPTIVE_REPRESENTATION_ITEM('Steel','Steel');
#11366=DESCRIPTIVE_REPRESENTATION_ITEM('Steel','Steel');
#11367=DESCRIPTIVE_REPRESENTATION_ITEM('Steel','Steel');
#11368=PROPERTY_DEFINITION('material property','material name',#19626);
#11369=PROPERTY_DEFINITION('material property','density of part',#19626);
#11370=PROPERTY_DEFINITION('material property','material name',#19627);
#11371=PROPERTY_DEFINITION('material property','density of part',#19627);
#11372=PROPERTY_DEFINITION('material property','material name',#19628);
#11373=PROPERTY_DEFINITION('material property','density of part',#19628);
#11374=PROPERTY_DEFINITION('material property','material name',#19629);
#11375=PROPERTY_DEFINITION('material property','density of part',#19629);
#11376=PROPERTY_DEFINITION('material property','material name',#19630);
#11377=PROPERTY_DEFINITION('material property','density of part',#19630);
#11378=PROPERTY_DEFINITION('material property','material name',#19631);
#11379=PROPERTY_DEFINITION('material property','density of part',#19631);
#11380=PROPERTY_DEFINITION('material property','material name',#19632);
#11381=PROPERTY_DEFINITION('material property','density of part',#19632);
#11382=PROPERTY_DEFINITION('material property','material name',#19634);
#11383=PROPERTY_DEFINITION('material property','density of part',#19634);
#11384=PROPERTY_DEFINITION('material property','material name',#19635);
#11385=PROPERTY_DEFINITION('material property','density of part',#19635);
#11386=PROPERTY_DEFINITION('material property','material name',#19637);
#11387=PROPERTY_DEFINITION('material property','density of part',#19637);
#11388=PROPERTY_DEFINITION('material property','material name',#19638);
#11389=PROPERTY_DEFINITION('material property','density of part',#19638);
#11390=PROPERTY_DEFINITION('material property','material name',#19639);
#11391=PROPERTY_DEFINITION('material property','density of part',#19639);
#11392=PROPERTY_DEFINITION('material property','material name',#19640);
#11393=PROPERTY_DEFINITION('material property','density of part',#19640);
#11394=PROPERTY_DEFINITION('material property','material name',#19641);
#11395=PROPERTY_DEFINITION('material property','density of part',#19641);
#11396=PROPERTY_DEFINITION('material property','material name',#19643);
#11397=PROPERTY_DEFINITION('material property','density of part',#19643);
#11398=PROPERTY_DEFINITION('material property','material name',#19645);
#11399=PROPERTY_DEFINITION('material property','density of part',#19645);
#11400=PROPERTY_DEFINITION('material property','material name',#19646);
#11401=PROPERTY_DEFINITION('material property','density of part',#19646);
#11402=PROPERTY_DEFINITION('material property','material name',#19647);
#11403=PROPERTY_DEFINITION('material property','density of part',#19647);
#11404=PROPERTY_DEFINITION('material property','material name',#19648);
#11405=PROPERTY_DEFINITION('material property','density of part',#19648);
#11406=PROPERTY_DEFINITION('material property','material name',#19649);
#11407=PROPERTY_DEFINITION('material property','density of part',#19649);
#11408=PROPERTY_DEFINITION('material property','material name',#19650);
#11409=PROPERTY_DEFINITION('material property','density of part',#19650);
#11410=PROPERTY_DEFINITION('material property','material name',#19651);
#11411=PROPERTY_DEFINITION('material property','density of part',#19651);
#11412=PROPERTY_DEFINITION('material property','material name',#19652);
#11413=PROPERTY_DEFINITION('material property','density of part',#19652);
#11414=PROPERTY_DEFINITION('material property','material name',#19653);
#11415=PROPERTY_DEFINITION('material property','density of part',#19653);
#11416=PROPERTY_DEFINITION('material property','material name',#19654);
#11417=PROPERTY_DEFINITION('material property','density of part',#19654);
#11418=PROPERTY_DEFINITION('material property','material name',#19655);
#11419=PROPERTY_DEFINITION('material property','density of part',#19655);
#11420=PROPERTY_DEFINITION('material property','material name',#19656);
#11421=PROPERTY_DEFINITION('material property','density of part',#19656);
#11422=PROPERTY_DEFINITION('material property','material name',#19658);
#11423=PROPERTY_DEFINITION('material property','density of part',#19658);
#11424=PROPERTY_DEFINITION('material property','material name',#19659);
#11425=PROPERTY_DEFINITION('material property','density of part',#19659);
#11426=PROPERTY_DEFINITION('material property','material name',#19660);
#11427=PROPERTY_DEFINITION('material property','density of part',#19660);
#11428=PROPERTY_DEFINITION('material property','material name',#19661);
#11429=PROPERTY_DEFINITION('material property','density of part',#19661);
#11430=PROPERTY_DEFINITION('material property','material name',#19662);
#11431=PROPERTY_DEFINITION('material property','density of part',#19662);
#11432=PROPERTY_DEFINITION('material property','material name',#19663);
#11433=PROPERTY_DEFINITION('material property','density of part',#19663);
#11434=PROPERTY_DEFINITION('material property','material name',#19664);
#11435=PROPERTY_DEFINITION('material property','density of part',#19664);
#11436=PROPERTY_DEFINITION('material property','material name',#19665);
#11437=PROPERTY_DEFINITION('material property','density of part',#19665);
#11438=PROPERTY_DEFINITION('material property','material name',#19666);
#11439=PROPERTY_DEFINITION('material property','density of part',#19666);
#11440=PROPERTY_DEFINITION('material property','material name',#19667);
#11441=PROPERTY_DEFINITION('material property','density of part',#19667);
#11442=PROPERTY_DEFINITION('material property','material name',#19668);
#11443=PROPERTY_DEFINITION('material property','density of part',#19668);
#11444=PROPERTY_DEFINITION('material property','material name',#19669);
#11445=PROPERTY_DEFINITION('material property','density of part',#19669);
#11446=PROPERTY_DEFINITION('material property','material name',#19670);
#11447=PROPERTY_DEFINITION('material property','density of part',#19670);
#11448=PROPERTY_DEFINITION('material property','material name',#19671);
#11449=PROPERTY_DEFINITION('material property','density of part',#19671);
#11450=PROPERTY_DEFINITION('material property','material name',#19672);
#11451=PROPERTY_DEFINITION('material property','density of part',#19672);
#11452=PROPERTY_DEFINITION('material property','material name',#19673);
#11453=PROPERTY_DEFINITION('material property','density of part',#19673);
#11454=PROPERTY_DEFINITION('material property','material name',#19674);
#11455=PROPERTY_DEFINITION('material property','density of part',#19674);
#11456=PROPERTY_DEFINITION('material property','material name',#19675);
#11457=PROPERTY_DEFINITION('material property','density of part',#19675);
#11458=PROPERTY_DEFINITION('material property','material name',#19676);
#11459=PROPERTY_DEFINITION('material property','density of part',#19676);
#11460=PROPERTY_DEFINITION('material property','material name',#19678);
#11461=PROPERTY_DEFINITION('material property','density of part',#19678);
#11462=PROPERTY_DEFINITION('material property','material name',#19679);
#11463=PROPERTY_DEFINITION('material property','density of part',#19679);
#11464=PROPERTY_DEFINITION('material property','material name',#19680);
#11465=PROPERTY_DEFINITION('material property','density of part',#19680);
#11466=PROPERTY_DEFINITION('material property','material name',#19681);
#11467=PROPERTY_DEFINITION('material property','density of part',#19681);
#11468=PROPERTY_DEFINITION('material property','material name',#19682);
#11469=PROPERTY_DEFINITION('material property','density of part',#19682);
#11470=PROPERTY_DEFINITION('material property','material name',#19683);
#11471=PROPERTY_DEFINITION('material property','density of part',#19683);
#11472=PROPERTY_DEFINITION('material property','material name',#19684);
#11473=PROPERTY_DEFINITION('material property','density of part',#19684);
#11474=PROPERTY_DEFINITION('material property','material name',#19685);
#11475=PROPERTY_DEFINITION('material property','density of part',#19685);
#11476=PROPERTY_DEFINITION('material property','material name',#19686);
#11477=PROPERTY_DEFINITION('material property','density of part',#19686);
#11478=PROPERTY_DEFINITION('material property','material name',#19687);
#11479=PROPERTY_DEFINITION('material property','density of part',#19687);
#11480=PROPERTY_DEFINITION('material property','material name',#19689);
#11481=PROPERTY_DEFINITION('material property','density of part',#19689);
#11482=PROPERTY_DEFINITION('material property','material name',#19690);
#11483=PROPERTY_DEFINITION('material property','density of part',#19690);
#11484=AXIS2_PLACEMENT_3D('',#15820,#12619,#12620);
#11485=AXIS2_PLACEMENT_3D('',#15821,#12621,#12622);
#11486=AXIS2_PLACEMENT_3D('',#15822,#12623,#12624);
#11487=AXIS2_PLACEMENT_3D('',#15823,#12625,#12626);
#11488=AXIS2_PLACEMENT_3D('',#15825,#12627,#12628);
#11489=AXIS2_PLACEMENT_3D('',#15828,#12630,#12631);
#11490=AXIS2_PLACEMENT_3D('',#15829,#12632,#12633);
#11491=AXIS2_PLACEMENT_3D('',#15831,#12634,#12635);
#11492=AXIS2_PLACEMENT_3D('',#15834,#12637,#12638);
#11493=AXIS2_PLACEMENT_3D('',#15835,#12639,#12640);
#11494=AXIS2_PLACEMENT_3D('',#15837,#12641,#12642);
#11495=AXIS2_PLACEMENT_3D('',#15840,#12644,#12645);
#11496=AXIS2_PLACEMENT_3D('',#15841,#12646,#12647);
#11497=AXIS2_PLACEMENT_3D('',#15843,#12648,#12649);
#11498=AXIS2_PLACEMENT_3D('',#15846,#12651,#12652);
#11499=AXIS2_PLACEMENT_3D('',#15847,#12653,#12654);
#11500=AXIS2_PLACEMENT_3D('',#15852,#12656,#12657);
#11501=AXIS2_PLACEMENT_3D('',#15855,#12659,#12660);
#11502=AXIS2_PLACEMENT_3D('',#15856,#12661,#12662);
#11503=AXIS2_PLACEMENT_3D('',#15861,#12664,#12665);
#11504=AXIS2_PLACEMENT_3D('',#15864,#12667,#12668);
#11505=AXIS2_PLACEMENT_3D('',#15865,#12669,#12670);
#11506=AXIS2_PLACEMENT_3D('',#15866,#12671,#12672);
#11507=AXIS2_PLACEMENT_3D('',#15867,#12673,#12674);
#11508=AXIS2_PLACEMENT_3D('',#15868,#12675,#12676);
#11509=AXIS2_PLACEMENT_3D('',#15869,#12677,#12678);
#11510=AXIS2_PLACEMENT_3D('',#15870,#12679,#12680);
#11511=AXIS2_PLACEMENT_3D('',#15871,#12681,#12682);
#11512=AXIS2_PLACEMENT_3D('',#15876,#12684,#12685);
#11513=AXIS2_PLACEMENT_3D('',#15879,#12687,#12688);
#11514=AXIS2_PLACEMENT_3D('',#15880,#12689,#12690);
#11515=AXIS2_PLACEMENT_3D('',#15885,#12692,#12693);
#11516=AXIS2_PLACEMENT_3D('',#15888,#12695,#12696);
#11517=AXIS2_PLACEMENT_3D('',#15889,#12697,#12698);
#11518=AXIS2_PLACEMENT_3D('',#15890,#12699,#12700);
#11519=AXIS2_PLACEMENT_3D('',#15891,#12701,#12702);
#11520=AXIS2_PLACEMENT_3D('',#15892,#12703,#12704);
#11521=AXIS2_PLACEMENT_3D('',#15893,#12705,#12706);
#11522=AXIS2_PLACEMENT_3D('',#15894,#12707,#12708);
#11523=AXIS2_PLACEMENT_3D('',#15895,#12709,#12710);
#11524=AXIS2_PLACEMENT_3D('',#15897,#12711,#12712);
#11525=AXIS2_PLACEMENT_3D('',#15900,#12714,#12715);
#11526=AXIS2_PLACEMENT_3D('',#15901,#12716,#12717);
#11527=AXIS2_PLACEMENT_3D('',#15903,#12718,#12719);
#11528=AXIS2_PLACEMENT_3D('',#15906,#12721,#12722);
#11529=AXIS2_PLACEMENT_3D('',#15907,#12723,#12724);
#11530=AXIS2_PLACEMENT_3D('',#15909,#12725,#12726);
#11531=AXIS2_PLACEMENT_3D('',#15912,#12728,#12729);
#11532=AXIS2_PLACEMENT_3D('',#15913,#12730,#12731);
#11533=AXIS2_PLACEMENT_3D('',#15915,#12732,#12733);
#11534=AXIS2_PLACEMENT_3D('',#15918,#12735,#12736);
#11535=AXIS2_PLACEMENT_3D('',#15919,#12737,#12738);
#11536=AXIS2_PLACEMENT_3D('',#15921,#12739,#12740);
#11537=AXIS2_PLACEMENT_3D('',#15924,#12742,#12743);
#11538=AXIS2_PLACEMENT_3D('',#15925,#12744,#12745);
#11539=AXIS2_PLACEMENT_3D('',#15927,#12746,#12747);
#11540=AXIS2_PLACEMENT_3D('',#15930,#12749,#12750);
#11541=AXIS2_PLACEMENT_3D('',#15931,#12751,#12752);
#11542=AXIS2_PLACEMENT_3D('',#15933,#12753,#12754);
#11543=AXIS2_PLACEMENT_3D('',#15936,#12756,#12757);
#11544=AXIS2_PLACEMENT_3D('',#15937,#12758,#12759);
#11545=AXIS2_PLACEMENT_3D('',#15939,#12760,#12761);
#11546=AXIS2_PLACEMENT_3D('',#15942,#12763,#12764);
#11547=AXIS2_PLACEMENT_3D('',#15943,#12765,#12766);
#11548=AXIS2_PLACEMENT_3D('',#15945,#12767,#12768);
#11549=AXIS2_PLACEMENT_3D('',#15948,#12770,#12771);
#11550=AXIS2_PLACEMENT_3D('',#15949,#12772,#12773);
#11551=AXIS2_PLACEMENT_3D('',#15951,#12774,#12775);
#11552=AXIS2_PLACEMENT_3D('',#15954,#12777,#12778);
#11553=AXIS2_PLACEMENT_3D('',#15955,#12779,#12780);
#11554=AXIS2_PLACEMENT_3D('',#15957,#12781,#12782);
#11555=AXIS2_PLACEMENT_3D('',#15960,#12784,#12785);
#11556=AXIS2_PLACEMENT_3D('',#15961,#12786,#12787);
#11557=AXIS2_PLACEMENT_3D('',#15963,#12788,#12789);
#11558=AXIS2_PLACEMENT_3D('',#15966,#12791,#12792);
#11559=AXIS2_PLACEMENT_3D('',#15967,#12793,#12794);
#11560=AXIS2_PLACEMENT_3D('',#15969,#12795,#12796);
#11561=AXIS2_PLACEMENT_3D('',#15972,#12798,#12799);
#11562=AXIS2_PLACEMENT_3D('',#15973,#12800,#12801);
#11563=AXIS2_PLACEMENT_3D('',#15975,#12802,#12803);
#11564=AXIS2_PLACEMENT_3D('',#15978,#12805,#12806);
#11565=AXIS2_PLACEMENT_3D('',#15979,#12807,#12808);
#11566=AXIS2_PLACEMENT_3D('',#15981,#12809,#12810);
#11567=AXIS2_PLACEMENT_3D('',#15984,#12812,#12813);
#11568=AXIS2_PLACEMENT_3D('',#15985,#12814,#12815);
#11569=AXIS2_PLACEMENT_3D('',#15987,#12816,#12817);
#11570=AXIS2_PLACEMENT_3D('',#15990,#12819,#12820);
#11571=AXIS2_PLACEMENT_3D('',#15991,#12821,#12822);
#11572=AXIS2_PLACEMENT_3D('',#16000,#12827,#12828);
#11573=AXIS2_PLACEMENT_3D('',#16009,#12833,#12834);
#11574=AXIS2_PLACEMENT_3D('',#16012,#12837,#12838);
#11575=AXIS2_PLACEMENT_3D('',#16015,#12841,#12842);
#11576=AXIS2_PLACEMENT_3D('',#16024,#12847,#12848);
#11577=AXIS2_PLACEMENT_3D('',#16033,#12853,#12854);
#11578=AXIS2_PLACEMENT_3D('',#16036,#12857,#12858);
#11579=AXIS2_PLACEMENT_3D('',#16039,#12861,#12862);
#11580=AXIS2_PLACEMENT_3D('',#16048,#12867,#12868);
#11581=AXIS2_PLACEMENT_3D('',#16057,#12873,#12874);
#11582=AXIS2_PLACEMENT_3D('',#16060,#12877,#12878);
#11583=AXIS2_PLACEMENT_3D('',#16063,#12881,#12882);
#11584=AXIS2_PLACEMENT_3D('',#16072,#12887,#12888);
#11585=AXIS2_PLACEMENT_3D('',#16081,#12893,#12894);
#11586=AXIS2_PLACEMENT_3D('',#16084,#12897,#12898);
#11587=AXIS2_PLACEMENT_3D('',#16087,#12901,#12902);
#11588=AXIS2_PLACEMENT_3D('',#16089,#12903,#12904);
#11589=AXIS2_PLACEMENT_3D('',#16092,#12906,#12907);
#11590=AXIS2_PLACEMENT_3D('',#16093,#12908,#12909);
#11591=AXIS2_PLACEMENT_3D('',#16095,#12910,#12911);
#11592=AXIS2_PLACEMENT_3D('',#16098,#12913,#12914);
#11593=AXIS2_PLACEMENT_3D('',#16099,#12915,#12916);
#11594=AXIS2_PLACEMENT_3D('',#16101,#12917,#12918);
#11595=AXIS2_PLACEMENT_3D('',#16104,#12920,#12921);
#11596=AXIS2_PLACEMENT_3D('',#16105,#12922,#12923);
#11597=AXIS2_PLACEMENT_3D('',#16107,#12924,#12925);
#11598=AXIS2_PLACEMENT_3D('',#16110,#12927,#12928);
#11599=AXIS2_PLACEMENT_3D('',#16111,#12929,#12930);
#11600=AXIS2_PLACEMENT_3D('',#16113,#12931,#12932);
#11601=AXIS2_PLACEMENT_3D('',#16116,#12934,#12935);
#11602=AXIS2_PLACEMENT_3D('',#16117,#12936,#12937);
#11603=AXIS2_PLACEMENT_3D('',#16119,#12938,#12939);
#11604=AXIS2_PLACEMENT_3D('',#16122,#12941,#12942);
#11605=AXIS2_PLACEMENT_3D('',#16123,#12943,#12944);
#11606=AXIS2_PLACEMENT_3D('',#16125,#12945,#12946);
#11607=AXIS2_PLACEMENT_3D('',#16128,#12948,#12949);
#11608=AXIS2_PLACEMENT_3D('',#16129,#12950,#12951);
#11609=AXIS2_PLACEMENT_3D('',#16131,#12952,#12953);
#11610=AXIS2_PLACEMENT_3D('',#16134,#12955,#12956);
#11611=AXIS2_PLACEMENT_3D('',#16135,#12957,#12958);
#11612=AXIS2_PLACEMENT_3D('',#16137,#12959,#12960);
#11613=AXIS2_PLACEMENT_3D('',#16140,#12962,#12963);
#11614=AXIS2_PLACEMENT_3D('',#16141,#12964,#12965);
#11615=AXIS2_PLACEMENT_3D('',#16143,#12966,#12967);
#11616=AXIS2_PLACEMENT_3D('',#16146,#12969,#12970);
#11617=AXIS2_PLACEMENT_3D('',#16147,#12971,#12972);
#11618=AXIS2_PLACEMENT_3D('',#16149,#12973,#12974);
#11619=AXIS2_PLACEMENT_3D('',#16152,#12976,#12977);
#11620=AXIS2_PLACEMENT_3D('',#16153,#12978,#12979);
#11621=AXIS2_PLACEMENT_3D('',#16155,#12980,#12981);
#11622=AXIS2_PLACEMENT_3D('',#16158,#12983,#12984);
#11623=AXIS2_PLACEMENT_3D('',#16159,#12985,#12986);
#11624=AXIS2_PLACEMENT_3D('',#16161,#12987,#12988);
#11625=AXIS2_PLACEMENT_3D('',#16164,#12990,#12991);
#11626=AXIS2_PLACEMENT_3D('',#16165,#12992,#12993);
#11627=AXIS2_PLACEMENT_3D('',#16167,#12994,#12995);
#11628=AXIS2_PLACEMENT_3D('',#16170,#12997,#12998);
#11629=AXIS2_PLACEMENT_3D('',#16171,#12999,#13000);
#11630=AXIS2_PLACEMENT_3D('',#16173,#13001,#13002);
#11631=AXIS2_PLACEMENT_3D('',#16176,#13004,#13005);
#11632=AXIS2_PLACEMENT_3D('',#16177,#13006,#13007);
#11633=AXIS2_PLACEMENT_3D('',#16179,#13008,#13009);
#11634=AXIS2_PLACEMENT_3D('',#16182,#13011,#13012);
#11635=AXIS2_PLACEMENT_3D('',#16183,#13013,#13014);
#11636=AXIS2_PLACEMENT_3D('',#16185,#13015,#13016);
#11637=AXIS2_PLACEMENT_3D('',#16188,#13018,#13019);
#11638=AXIS2_PLACEMENT_3D('',#16189,#13020,#13021);
#11639=AXIS2_PLACEMENT_3D('',#16191,#13022,#13023);
#11640=AXIS2_PLACEMENT_3D('',#16194,#13025,#13026);
#11641=AXIS2_PLACEMENT_3D('',#16195,#13027,#13028);
#11642=AXIS2_PLACEMENT_3D('',#16204,#13033,#13034);
#11643=AXIS2_PLACEMENT_3D('',#16210,#13038,#13039);
#11644=AXIS2_PLACEMENT_3D('',#16216,#13043,#13044);
#11645=AXIS2_PLACEMENT_3D('',#16234,#13054,#13055);
#11646=AXIS2_PLACEMENT_3D('',#16238,#13058,#13059);
#11647=AXIS2_PLACEMENT_3D('',#16244,#13063,#13064);
#11648=AXIS2_PLACEMENT_3D('',#16248,#13067,#13068);
#11649=AXIS2_PLACEMENT_3D('',#16252,#13071,#13072);
#11650=AXIS2_PLACEMENT_3D('',#16261,#13078,#13079);
#11651=AXIS2_PLACEMENT_3D('',#16263,#13081,#13082);
#11652=AXIS2_PLACEMENT_3D('',#16265,#13084,#13085);
#11653=AXIS2_PLACEMENT_3D('',#16267,#13087,#13088);
#11654=AXIS2_PLACEMENT_3D('',#16268,#13089,#13090);
#11655=AXIS2_PLACEMENT_3D('',#16269,#13091,#13092);
#11656=AXIS2_PLACEMENT_3D('',#16270,#13093,#13094);
#11657=AXIS2_PLACEMENT_3D('',#16272,#13095,#13096);
#11658=AXIS2_PLACEMENT_3D('',#16275,#13098,#13099);
#11659=AXIS2_PLACEMENT_3D('',#16276,#13100,#13101);
#11660=AXIS2_PLACEMENT_3D('',#16278,#13102,#13103);
#11661=AXIS2_PLACEMENT_3D('',#16281,#13105,#13106);
#11662=AXIS2_PLACEMENT_3D('',#16282,#13107,#13108);
#11663=AXIS2_PLACEMENT_3D('',#16284,#13109,#13110);
#11664=AXIS2_PLACEMENT_3D('',#16287,#13112,#13113);
#11665=AXIS2_PLACEMENT_3D('',#16288,#13114,#13115);
#11666=AXIS2_PLACEMENT_3D('',#16290,#13116,#13117);
#11667=AXIS2_PLACEMENT_3D('',#16293,#13119,#13120);
#11668=AXIS2_PLACEMENT_3D('',#16294,#13121,#13122);
#11669=AXIS2_PLACEMENT_3D('',#16303,#13127,#13128);
#11670=AXIS2_PLACEMENT_3D('',#16309,#13132,#13133);
#11671=AXIS2_PLACEMENT_3D('',#16315,#13137,#13138);
#11672=AXIS2_PLACEMENT_3D('',#16325,#13144,#13145);
#11673=AXIS2_PLACEMENT_3D('',#16329,#13148,#13149);
#11674=AXIS2_PLACEMENT_3D('',#16333,#13152,#13153);
#11675=AXIS2_PLACEMENT_3D('',#16337,#13156,#13157);
#11676=AXIS2_PLACEMENT_3D('',#16341,#13160,#13161);
#11677=AXIS2_PLACEMENT_3D('',#16343,#13163,#13164);
#11678=AXIS2_PLACEMENT_3D('',#16344,#13165,#13166);
#11679=AXIS2_PLACEMENT_3D('',#16345,#13167,#13168);
#11680=AXIS2_PLACEMENT_3D('',#16347,#13169,#13170);
#11681=AXIS2_PLACEMENT_3D('',#16350,#13172,#13173);
#11682=AXIS2_PLACEMENT_3D('',#16351,#13174,#13175);
#11683=AXIS2_PLACEMENT_3D('',#16353,#13176,#13177);
#11684=AXIS2_PLACEMENT_3D('',#16356,#13179,#13180);
#11685=AXIS2_PLACEMENT_3D('',#16357,#13181,#13182);
#11686=AXIS2_PLACEMENT_3D('',#16359,#13183,#13184);
#11687=AXIS2_PLACEMENT_3D('',#16362,#13186,#13187);
#11688=AXIS2_PLACEMENT_3D('',#16363,#13188,#13189);
#11689=AXIS2_PLACEMENT_3D('',#16365,#13190,#13191);
#11690=AXIS2_PLACEMENT_3D('',#16368,#13193,#13194);
#11691=AXIS2_PLACEMENT_3D('',#16369,#13195,#13196);
#11692=AXIS2_PLACEMENT_3D('',#16378,#13201,#13202);
#11693=AXIS2_PLACEMENT_3D('',#16387,#13207,#13208);
#11694=AXIS2_PLACEMENT_3D('',#16390,#13211,#13212);
#11695=AXIS2_PLACEMENT_3D('',#16400,#13218,#13219);
#11696=AXIS2_PLACEMENT_3D('',#16404,#13222,#13223);
#11697=AXIS2_PLACEMENT_3D('',#16408,#13226,#13227);
#11698=AXIS2_PLACEMENT_3D('',#16412,#13230,#13231);
#11699=AXIS2_PLACEMENT_3D('',#16416,#13234,#13235);
#11700=AXIS2_PLACEMENT_3D('',#16418,#13237,#13238);
#11701=AXIS2_PLACEMENT_3D('',#16419,#13239,#13240);
#11702=AXIS2_PLACEMENT_3D('',#16420,#13241,#13242);
#11703=AXIS2_PLACEMENT_3D('',#16422,#13243,#13244);
#11704=AXIS2_PLACEMENT_3D('',#16425,#13246,#13247);
#11705=AXIS2_PLACEMENT_3D('',#16426,#13248,#13249);
#11706=AXIS2_PLACEMENT_3D('',#16428,#13250,#13251);
#11707=AXIS2_PLACEMENT_3D('',#16431,#13253,#13254);
#11708=AXIS2_PLACEMENT_3D('',#16432,#13255,#13256);
#11709=AXIS2_PLACEMENT_3D('',#16434,#13257,#13258);
#11710=AXIS2_PLACEMENT_3D('',#16437,#13260,#13261);
#11711=AXIS2_PLACEMENT_3D('',#16438,#13262,#13263);
#11712=AXIS2_PLACEMENT_3D('',#16440,#13264,#13265);
#11713=AXIS2_PLACEMENT_3D('',#16443,#13267,#13268);
#11714=AXIS2_PLACEMENT_3D('',#16444,#13269,#13270);
#11715=AXIS2_PLACEMENT_3D('',#16446,#13271,#13272);
#11716=AXIS2_PLACEMENT_3D('',#16449,#13274,#13275);
#11717=AXIS2_PLACEMENT_3D('',#16450,#13276,#13277);
#11718=AXIS2_PLACEMENT_3D('',#16452,#13278,#13279);
#11719=AXIS2_PLACEMENT_3D('',#16455,#13281,#13282);
#11720=AXIS2_PLACEMENT_3D('',#16456,#13283,#13284);
#11721=AXIS2_PLACEMENT_3D('',#16458,#13285,#13286);
#11722=AXIS2_PLACEMENT_3D('',#16461,#13288,#13289);
#11723=AXIS2_PLACEMENT_3D('',#16462,#13290,#13291);
#11724=AXIS2_PLACEMENT_3D('',#16471,#13296,#13297);
#11725=AXIS2_PLACEMENT_3D('',#16477,#13301,#13302);
#11726=AXIS2_PLACEMENT_3D('',#16483,#13306,#13307);
#11727=AXIS2_PLACEMENT_3D('',#16486,#13310,#13311);
#11728=AXIS2_PLACEMENT_3D('',#16487,#13312,#13313);
#11729=AXIS2_PLACEMENT_3D('',#16488,#13314,#13315);
#11730=AXIS2_PLACEMENT_3D('',#16489,#13316,#13317);
#11731=AXIS2_PLACEMENT_3D('',#16493,#13319,#13320);
#11732=AXIS2_PLACEMENT_3D('',#16494,#13321,#13322);
#11733=AXIS2_PLACEMENT_3D('',#16495,#13323,#13324);
#11734=AXIS2_PLACEMENT_3D('',#16496,#13325,#13326);
#11735=AXIS2_PLACEMENT_3D('',#16506,#13331,#13332);
#11736=AXIS2_PLACEMENT_3D('',#16508,#13333,#13334);
#11737=AXIS2_PLACEMENT_3D('',#16509,#13335,#13336);
#11738=AXIS2_PLACEMENT_3D('',#16515,#13340,#13341);
#11739=AXIS2_PLACEMENT_3D('',#16518,#13344,#13345);
#11740=AXIS2_PLACEMENT_3D('',#16519,#13346,#13347);
#11741=AXIS2_PLACEMENT_3D('',#16521,#13348,#13349);
#11742=AXIS2_PLACEMENT_3D('',#16523,#13351,#13352);
#11743=AXIS2_PLACEMENT_3D('',#16525,#13353,#13354);
#11744=AXIS2_PLACEMENT_3D('',#16527,#13356,#13357);
#11745=AXIS2_PLACEMENT_3D('',#16536,#13362,#13363);
#11746=AXIS2_PLACEMENT_3D('',#16542,#13367,#13368);
#11747=AXIS2_PLACEMENT_3D('',#16545,#13371,#13372);
#11748=AXIS2_PLACEMENT_3D('',#16546,#13373,#13374);
#11749=AXIS2_PLACEMENT_3D('',#16547,#13375,#13376);
#11750=AXIS2_PLACEMENT_3D('',#16548,#13377,#13378);
#11751=AXIS2_PLACEMENT_3D('',#16552,#13380,#13381);
#11752=AXIS2_PLACEMENT_3D('',#16553,#13382,#13383);
#11753=AXIS2_PLACEMENT_3D('',#16554,#13384,#13385);
#11754=AXIS2_PLACEMENT_3D('',#16555,#13386,#13387);
#11755=AXIS2_PLACEMENT_3D('',#16564,#13392,#13393);
#11756=AXIS2_PLACEMENT_3D('',#16571,#13397,#13398);
#11757=AXIS2_PLACEMENT_3D('',#16573,#13399,#13400);
#11758=AXIS2_PLACEMENT_3D('',#16574,#13401,#13402);
#11759=AXIS2_PLACEMENT_3D('',#16577,#13405,#13406);
#11760=AXIS2_PLACEMENT_3D('',#16578,#13407,#13408);
#11761=AXIS2_PLACEMENT_3D('',#16580,#13409,#13410);
#11762=AXIS2_PLACEMENT_3D('',#16582,#13412,#13413);
#11763=AXIS2_PLACEMENT_3D('',#16584,#13414,#13415);
#11764=AXIS2_PLACEMENT_3D('',#16586,#13417,#13418);
#11765=AXIS2_PLACEMENT_3D('',#16595,#13423,#13424);
#11766=AXIS2_PLACEMENT_3D('',#16601,#13428,#13429);
#11767=AXIS2_PLACEMENT_3D('',#16604,#13432,#13433);
#11768=AXIS2_PLACEMENT_3D('',#16605,#13434,#13435);
#11769=AXIS2_PLACEMENT_3D('',#16606,#13436,#13437);
#11770=AXIS2_PLACEMENT_3D('',#16607,#13438,#13439);
#11771=AXIS2_PLACEMENT_3D('',#16688,#13441,#13442);
#11772=AXIS2_PLACEMENT_3D('',#16690,#13443,#13444);
#11773=AXIS2_PLACEMENT_3D('',#16693,#13446,#13447);
#11774=AXIS2_PLACEMENT_3D('',#16694,#13448,#13449);
#11775=AXIS2_PLACEMENT_3D('',#16695,#13450,#13451);
#11776=AXIS2_PLACEMENT_3D('',#16697,#13452,#13453);
#11777=AXIS2_PLACEMENT_3D('',#16700,#13455,#13456);
#11778=AXIS2_PLACEMENT_3D('',#16701,#13457,#13458);
#11779=AXIS2_PLACEMENT_3D('',#16702,#13459,#13460);
#11780=AXIS2_PLACEMENT_3D('',#16704,#13461,#13462);
#11781=AXIS2_PLACEMENT_3D('',#16708,#13465,#13466);
#11782=AXIS2_PLACEMENT_3D('',#16709,#13467,#13468);
#11783=AXIS2_PLACEMENT_3D('',#16710,#13469,#13470);
#11784=AXIS2_PLACEMENT_3D('',#16711,#13471,#13472);
#11785=AXIS2_PLACEMENT_3D('',#16783,#13474,#13475);
#11786=AXIS2_PLACEMENT_3D('',#16855,#13477,#13478);
#11787=AXIS2_PLACEMENT_3D('',#16936,#13480,#13481);
#11788=AXIS2_PLACEMENT_3D('',#16938,#13482,#13483);
#11789=AXIS2_PLACEMENT_3D('',#16941,#13485,#13486);
#11790=AXIS2_PLACEMENT_3D('',#16942,#13487,#13488);
#11791=AXIS2_PLACEMENT_3D('',#16943,#13489,#13490);
#11792=AXIS2_PLACEMENT_3D('',#16945,#13491,#13492);
#11793=AXIS2_PLACEMENT_3D('',#16948,#13494,#13495);
#11794=AXIS2_PLACEMENT_3D('',#16949,#13496,#13497);
#11795=AXIS2_PLACEMENT_3D('',#16950,#13498,#13499);
#11796=AXIS2_PLACEMENT_3D('',#16952,#13500,#13501);
#11797=AXIS2_PLACEMENT_3D('',#16956,#13504,#13505);
#11798=AXIS2_PLACEMENT_3D('',#16957,#13506,#13507);
#11799=AXIS2_PLACEMENT_3D('',#16958,#13508,#13509);
#11800=AXIS2_PLACEMENT_3D('',#16959,#13510,#13511);
#11801=AXIS2_PLACEMENT_3D('',#17040,#13513,#13514);
#11802=AXIS2_PLACEMENT_3D('',#17042,#13515,#13516);
#11803=AXIS2_PLACEMENT_3D('',#17045,#13518,#13519);
#11804=AXIS2_PLACEMENT_3D('',#17046,#13520,#13521);
#11805=AXIS2_PLACEMENT_3D('',#17047,#13522,#13523);
#11806=AXIS2_PLACEMENT_3D('',#17049,#13524,#13525);
#11807=AXIS2_PLACEMENT_3D('',#17052,#13527,#13528);
#11808=AXIS2_PLACEMENT_3D('',#17053,#13529,#13530);
#11809=AXIS2_PLACEMENT_3D('',#17054,#13531,#13532);
#11810=AXIS2_PLACEMENT_3D('',#17056,#13533,#13534);
#11811=AXIS2_PLACEMENT_3D('',#17060,#13537,#13538);
#11812=AXIS2_PLACEMENT_3D('',#17061,#13539,#13540);
#11813=AXIS2_PLACEMENT_3D('',#17062,#13541,#13542);
#11814=AXIS2_PLACEMENT_3D('',#17063,#13543,#13544);
#11815=AXIS2_PLACEMENT_3D('',#17144,#13546,#13547);
#11816=AXIS2_PLACEMENT_3D('',#17146,#13548,#13549);
#11817=AXIS2_PLACEMENT_3D('',#17149,#13551,#13552);
#11818=AXIS2_PLACEMENT_3D('',#17150,#13553,#13554);
#11819=AXIS2_PLACEMENT_3D('',#17151,#13555,#13556);
#11820=AXIS2_PLACEMENT_3D('',#17153,#13557,#13558);
#11821=AXIS2_PLACEMENT_3D('',#17156,#13560,#13561);
#11822=AXIS2_PLACEMENT_3D('',#17157,#13562,#13563);
#11823=AXIS2_PLACEMENT_3D('',#17158,#13564,#13565);
#11824=AXIS2_PLACEMENT_3D('',#17160,#13566,#13567);
#11825=AXIS2_PLACEMENT_3D('',#17164,#13570,#13571);
#11826=AXIS2_PLACEMENT_3D('',#17165,#13572,#13573);
#11827=AXIS2_PLACEMENT_3D('',#17166,#13574,#13575);
#11828=AXIS2_PLACEMENT_3D('',#17167,#13576,#13577);
#11829=AXIS2_PLACEMENT_3D('',#17168,#13578,#13579);
#11830=AXIS2_PLACEMENT_3D('',#17169,#13580,#13581);
#11831=AXIS2_PLACEMENT_3D('',#17170,#13582,#13583);
#11832=AXIS2_PLACEMENT_3D('',#17171,#13584,#13585);
#11833=AXIS2_PLACEMENT_3D('',#17172,#13586,#13587);
#11834=AXIS2_PLACEMENT_3D('',#17173,#13588,#13589);
#11835=AXIS2_PLACEMENT_3D('',#17174,#13590,#13591);
#11836=AXIS2_PLACEMENT_3D('',#17175,#13592,#13593);
#11837=AXIS2_PLACEMENT_3D('',#17176,#13594,#13595);
#11838=AXIS2_PLACEMENT_3D('',#17178,#13596,#13597);
#11839=AXIS2_PLACEMENT_3D('',#17181,#13599,#13600);
#11840=AXIS2_PLACEMENT_3D('',#17182,#13601,#13602);
#11841=AXIS2_PLACEMENT_3D('',#17184,#13603,#13604);
#11842=AXIS2_PLACEMENT_3D('',#17187,#13606,#13607);
#11843=AXIS2_PLACEMENT_3D('',#17188,#13608,#13609);
#11844=AXIS2_PLACEMENT_3D('',#17190,#13610,#13611);
#11845=AXIS2_PLACEMENT_3D('',#17193,#13613,#13614);
#11846=AXIS2_PLACEMENT_3D('',#17194,#13615,#13616);
#11847=AXIS2_PLACEMENT_3D('',#17195,#13617,#13618);
#11848=AXIS2_PLACEMENT_3D('',#17197,#13619,#13620);
#11849=AXIS2_PLACEMENT_3D('',#17200,#13622,#13623);
#11850=AXIS2_PLACEMENT_3D('',#17201,#13624,#13625);
#11851=AXIS2_PLACEMENT_3D('',#17202,#13626,#13627);
#11852=AXIS2_PLACEMENT_3D('',#17204,#13628,#13629);
#11853=AXIS2_PLACEMENT_3D('',#17207,#13631,#13632);
#11854=AXIS2_PLACEMENT_3D('',#17208,#13633,#13634);
#11855=AXIS2_PLACEMENT_3D('',#17209,#13635,#13636);
#11856=AXIS2_PLACEMENT_3D('',#17210,#13637,#13638);
#11857=AXIS2_PLACEMENT_3D('',#17211,#13639,#13640);
#11858=AXIS2_PLACEMENT_3D('',#17213,#13641,#13642);
#11859=AXIS2_PLACEMENT_3D('',#17216,#13644,#13645);
#11860=AXIS2_PLACEMENT_3D('',#17217,#13646,#13647);
#11861=AXIS2_PLACEMENT_3D('',#17219,#13648,#13649);
#11862=AXIS2_PLACEMENT_3D('',#17222,#13651,#13652);
#11863=AXIS2_PLACEMENT_3D('',#17223,#13653,#13654);
#11864=AXIS2_PLACEMENT_3D('',#17225,#13655,#13656);
#11865=AXIS2_PLACEMENT_3D('',#17228,#13658,#13659);
#11866=AXIS2_PLACEMENT_3D('',#17229,#13660,#13661);
#11867=AXIS2_PLACEMENT_3D('',#17230,#13662,#13663);
#11868=AXIS2_PLACEMENT_3D('',#17232,#13664,#13665);
#11869=AXIS2_PLACEMENT_3D('',#17235,#13667,#13668);
#11870=AXIS2_PLACEMENT_3D('',#17236,#13669,#13670);
#11871=AXIS2_PLACEMENT_3D('',#17237,#13671,#13672);
#11872=AXIS2_PLACEMENT_3D('',#17239,#13673,#13674);
#11873=AXIS2_PLACEMENT_3D('',#17242,#13676,#13677);
#11874=AXIS2_PLACEMENT_3D('',#17243,#13678,#13679);
#11875=AXIS2_PLACEMENT_3D('',#17244,#13680,#13681);
#11876=AXIS2_PLACEMENT_3D('',#17245,#13682,#13683);
#11877=AXIS2_PLACEMENT_3D('',#17246,#13684,#13685);
#11878=AXIS2_PLACEMENT_3D('',#17247,#13686,#13687);
#11879=AXIS2_PLACEMENT_3D('',#17248,#13688,#13689);
#11880=AXIS2_PLACEMENT_3D('',#17249,#13690,#13691);
#11881=AXIS2_PLACEMENT_3D('',#17258,#13696,#13697);
#11882=AXIS2_PLACEMENT_3D('',#17264,#13701,#13702);
#11883=AXIS2_PLACEMENT_3D('',#17270,#13706,#13707);
#11884=AXIS2_PLACEMENT_3D('',#17273,#13710,#13711);
#11885=AXIS2_PLACEMENT_3D('',#17274,#13712,#13713);
#11886=AXIS2_PLACEMENT_3D('',#17275,#13714,#13715);
#11887=AXIS2_PLACEMENT_3D('',#17276,#13716,#13717);
#11888=AXIS2_PLACEMENT_3D('',#17285,#13722,#13723);
#11889=AXIS2_PLACEMENT_3D('',#17291,#13727,#13728);
#11890=AXIS2_PLACEMENT_3D('',#17297,#13732,#13733);
#11891=AXIS2_PLACEMENT_3D('',#17300,#13736,#13737);
#11892=AXIS2_PLACEMENT_3D('',#17301,#13738,#13739);
#11893=AXIS2_PLACEMENT_3D('',#17302,#13740,#13741);
#11894=AXIS2_PLACEMENT_3D('',#17303,#13742,#13743);
#11895=AXIS2_PLACEMENT_3D('',#17312,#13748,#13749);
#11896=AXIS2_PLACEMENT_3D('',#17318,#13753,#13754);
#11897=AXIS2_PLACEMENT_3D('',#17324,#13758,#13759);
#11898=AXIS2_PLACEMENT_3D('',#17327,#13762,#13763);
#11899=AXIS2_PLACEMENT_3D('',#17328,#13764,#13765);
#11900=AXIS2_PLACEMENT_3D('',#17329,#13766,#13767);
#11901=AXIS2_PLACEMENT_3D('',#17330,#13768,#13769);
#11902=AXIS2_PLACEMENT_3D('',#17332,#13770,#13771);
#11903=AXIS2_PLACEMENT_3D('',#17335,#13773,#13774);
#11904=AXIS2_PLACEMENT_3D('',#17336,#13775,#13776);
#11905=AXIS2_PLACEMENT_3D('',#17338,#13777,#13778);
#11906=AXIS2_PLACEMENT_3D('',#17341,#13780,#13781);
#11907=AXIS2_PLACEMENT_3D('',#17342,#13782,#13783);
#11908=AXIS2_PLACEMENT_3D('',#17351,#13788,#13789);
#11909=AXIS2_PLACEMENT_3D('',#17357,#13793,#13794);
#11910=AXIS2_PLACEMENT_3D('',#17363,#13798,#13799);
#11911=AXIS2_PLACEMENT_3D('',#17366,#13802,#13803);
#11912=AXIS2_PLACEMENT_3D('',#17367,#13804,#13805);
#11913=AXIS2_PLACEMENT_3D('',#17368,#13806,#13807);
#11914=AXIS2_PLACEMENT_3D('',#17369,#13808,#13809);
#11915=AXIS2_PLACEMENT_3D('',#17378,#13814,#13815);
#11916=AXIS2_PLACEMENT_3D('',#17384,#13819,#13820);
#11917=AXIS2_PLACEMENT_3D('',#17390,#13824,#13825);
#11918=AXIS2_PLACEMENT_3D('',#17393,#13828,#13829);
#11919=AXIS2_PLACEMENT_3D('',#17394,#13830,#13831);
#11920=AXIS2_PLACEMENT_3D('',#17395,#13832,#13833);
#11921=AXIS2_PLACEMENT_3D('',#17396,#13834,#13835);
#11922=AXIS2_PLACEMENT_3D('',#17397,#13836,#13837);
#11923=AXIS2_PLACEMENT_3D('',#17398,#13838,#13839);
#11924=AXIS2_PLACEMENT_3D('',#17399,#13840,#13841);
#11925=AXIS2_PLACEMENT_3D('',#17400,#13842,#13843);
#11926=AXIS2_PLACEMENT_3D('',#17401,#13844,#13845);
#11927=AXIS2_PLACEMENT_3D('',#17402,#13846,#13847);
#11928=AXIS2_PLACEMENT_3D('',#17403,#13848,#13849);
#11929=AXIS2_PLACEMENT_3D('',#17404,#13850,#13851);
#11930=AXIS2_PLACEMENT_3D('',#17406,#13852,#13853);
#11931=AXIS2_PLACEMENT_3D('',#17409,#13855,#13856);
#11932=AXIS2_PLACEMENT_3D('',#17410,#13857,#13858);
#11933=AXIS2_PLACEMENT_3D('',#17412,#13859,#13860);
#11934=AXIS2_PLACEMENT_3D('',#17415,#13862,#13863);
#11935=AXIS2_PLACEMENT_3D('',#17416,#13864,#13865);
#11936=AXIS2_PLACEMENT_3D('',#17418,#13866,#13867);
#11937=AXIS2_PLACEMENT_3D('',#17421,#13869,#13870);
#11938=AXIS2_PLACEMENT_3D('',#17422,#13871,#13872);
#11939=AXIS2_PLACEMENT_3D('',#17424,#13873,#13874);
#11940=AXIS2_PLACEMENT_3D('',#17427,#13876,#13877);
#11941=AXIS2_PLACEMENT_3D('',#17428,#13878,#13879);
#11942=AXIS2_PLACEMENT_3D('',#17437,#13884,#13885);
#11943=AXIS2_PLACEMENT_3D('',#17443,#13889,#13890);
#11944=AXIS2_PLACEMENT_3D('',#17449,#13894,#13895);
#11945=AXIS2_PLACEMENT_3D('',#17452,#13898,#13899);
#11946=AXIS2_PLACEMENT_3D('',#17453,#13900,#13901);
#11947=AXIS2_PLACEMENT_3D('',#17454,#13902,#13903);
#11948=AXIS2_PLACEMENT_3D('',#17455,#13904,#13905);
#11949=AXIS2_PLACEMENT_3D('',#17456,#13906,#13907);
#11950=AXIS2_PLACEMENT_3D('',#17457,#13908,#13909);
#11951=AXIS2_PLACEMENT_3D('',#17459,#13910,#13911);
#11952=AXIS2_PLACEMENT_3D('',#17462,#13913,#13914);
#11953=AXIS2_PLACEMENT_3D('',#17463,#13915,#13916);
#11954=AXIS2_PLACEMENT_3D('',#17465,#13917,#13918);
#11955=AXIS2_PLACEMENT_3D('',#17468,#13920,#13921);
#11956=AXIS2_PLACEMENT_3D('',#17469,#13922,#13923);
#11957=AXIS2_PLACEMENT_3D('',#17471,#13924,#13925);
#11958=AXIS2_PLACEMENT_3D('',#17474,#13927,#13928);
#11959=AXIS2_PLACEMENT_3D('',#17475,#13929,#13930);
#11960=AXIS2_PLACEMENT_3D('',#17477,#13931,#13932);
#11961=AXIS2_PLACEMENT_3D('',#17480,#13934,#13935);
#11962=AXIS2_PLACEMENT_3D('',#17481,#13936,#13937);
#11963=AXIS2_PLACEMENT_3D('',#17490,#13942,#13943);
#11964=AXIS2_PLACEMENT_3D('',#17496,#13947,#13948);
#11965=AXIS2_PLACEMENT_3D('',#17502,#13952,#13953);
#11966=AXIS2_PLACEMENT_3D('',#17505,#13956,#13957);
#11967=AXIS2_PLACEMENT_3D('',#17514,#13962,#13963);
#11968=AXIS2_PLACEMENT_3D('',#17520,#13967,#13968);
#11969=AXIS2_PLACEMENT_3D('',#17526,#13972,#13973);
#11970=AXIS2_PLACEMENT_3D('',#17529,#13976,#13977);
#11971=AXIS2_PLACEMENT_3D('',#17538,#13982,#13983);
#11972=AXIS2_PLACEMENT_3D('',#17544,#13987,#13988);
#11973=AXIS2_PLACEMENT_3D('',#17550,#13992,#13993);
#11974=AXIS2_PLACEMENT_3D('',#17553,#13996,#13997);
#11975=AXIS2_PLACEMENT_3D('',#17554,#13998,#13999);
#11976=AXIS2_PLACEMENT_3D('',#17555,#14000,#14001);
#11977=AXIS2_PLACEMENT_3D('',#17564,#14006,#14007);
#11978=AXIS2_PLACEMENT_3D('',#17570,#14011,#14012);
#11979=AXIS2_PLACEMENT_3D('',#17576,#14016,#14017);
#11980=AXIS2_PLACEMENT_3D('',#17579,#14020,#14021);
#11981=AXIS2_PLACEMENT_3D('',#17580,#14022,#14023);
#11982=AXIS2_PLACEMENT_3D('',#17581,#14024,#14025);
#11983=AXIS2_PLACEMENT_3D('',#17590,#14030,#14031);
#11984=AXIS2_PLACEMENT_3D('',#17599,#14036,#14037);
#11985=AXIS2_PLACEMENT_3D('',#17602,#14040,#14041);
#11986=AXIS2_PLACEMENT_3D('',#17604,#14043,#14044);
#11987=AXIS2_PLACEMENT_3D('',#17606,#14046,#14047);
#11988=AXIS2_PLACEMENT_3D('',#17607,#14048,#14049);
#11989=AXIS2_PLACEMENT_3D('',#17608,#14050,#14051);
#11990=AXIS2_PLACEMENT_3D('',#17610,#14052,#14053);
#11991=AXIS2_PLACEMENT_3D('',#17613,#14055,#14056);
#11992=AXIS2_PLACEMENT_3D('',#17614,#14057,#14058);
#11993=AXIS2_PLACEMENT_3D('',#17615,#14059,#14060);
#11994=AXIS2_PLACEMENT_3D('',#17617,#14061,#14062);
#11995=AXIS2_PLACEMENT_3D('',#17620,#14064,#14065);
#11996=AXIS2_PLACEMENT_3D('',#17621,#14066,#14067);
#11997=AXIS2_PLACEMENT_3D('',#17622,#14068,#14069);
#11998=AXIS2_PLACEMENT_3D('',#17624,#14070,#14071);
#11999=AXIS2_PLACEMENT_3D('',#17627,#14073,#14074);
#12000=AXIS2_PLACEMENT_3D('',#17628,#14075,#14076);
#12001=AXIS2_PLACEMENT_3D('',#17629,#14077,#14078);
#12002=AXIS2_PLACEMENT_3D('',#17630,#14079,#14080);
#12003=AXIS2_PLACEMENT_3D('',#17631,#14081,#14082);
#12004=AXIS2_PLACEMENT_3D('',#17633,#14083,#14084);
#12005=AXIS2_PLACEMENT_3D('',#17636,#14086,#14087);
#12006=AXIS2_PLACEMENT_3D('',#17637,#14088,#14089);
#12007=AXIS2_PLACEMENT_3D('',#17638,#14090,#14091);
#12008=AXIS2_PLACEMENT_3D('',#17640,#14092,#14093);
#12009=AXIS2_PLACEMENT_3D('',#17643,#14095,#14096);
#12010=AXIS2_PLACEMENT_3D('',#17644,#14097,#14098);
#12011=AXIS2_PLACEMENT_3D('',#17645,#14099,#14100);
#12012=AXIS2_PLACEMENT_3D('',#17647,#14101,#14102);
#12013=AXIS2_PLACEMENT_3D('',#17650,#14104,#14105);
#12014=AXIS2_PLACEMENT_3D('',#17651,#14106,#14107);
#12015=AXIS2_PLACEMENT_3D('',#17652,#14108,#14109);
#12016=AXIS2_PLACEMENT_3D('',#17653,#14110,#14111);
#12017=AXIS2_PLACEMENT_3D('',#17654,#14112,#14113);
#12018=AXIS2_PLACEMENT_3D('',#17656,#14114,#14115);
#12019=AXIS2_PLACEMENT_3D('',#17659,#14117,#14118);
#12020=AXIS2_PLACEMENT_3D('',#17660,#14119,#14120);
#12021=AXIS2_PLACEMENT_3D('',#17661,#14121,#14122);
#12022=AXIS2_PLACEMENT_3D('',#17663,#14123,#14124);
#12023=AXIS2_PLACEMENT_3D('',#17666,#14126,#14127);
#12024=AXIS2_PLACEMENT_3D('',#17667,#14128,#14129);
#12025=AXIS2_PLACEMENT_3D('',#17668,#14130,#14131);
#12026=AXIS2_PLACEMENT_3D('',#17670,#14132,#14133);
#12027=AXIS2_PLACEMENT_3D('',#17673,#14135,#14136);
#12028=AXIS2_PLACEMENT_3D('',#17674,#14137,#14138);
#12029=AXIS2_PLACEMENT_3D('',#17675,#14139,#14140);
#12030=AXIS2_PLACEMENT_3D('',#17676,#14141,#14142);
#12031=AXIS2_PLACEMENT_3D('',#17677,#14143,#14144);
#12032=AXIS2_PLACEMENT_3D('',#17679,#14145,#14146);
#12033=AXIS2_PLACEMENT_3D('',#17682,#14148,#14149);
#12034=AXIS2_PLACEMENT_3D('',#17683,#14150,#14151);
#12035=AXIS2_PLACEMENT_3D('',#17684,#14152,#14153);
#12036=AXIS2_PLACEMENT_3D('',#17686,#14154,#14155);
#12037=AXIS2_PLACEMENT_3D('',#17689,#14157,#14158);
#12038=AXIS2_PLACEMENT_3D('',#17690,#14159,#14160);
#12039=AXIS2_PLACEMENT_3D('',#17691,#14161,#14162);
#12040=AXIS2_PLACEMENT_3D('',#17693,#14163,#14164);
#12041=AXIS2_PLACEMENT_3D('',#17696,#14166,#14167);
#12042=AXIS2_PLACEMENT_3D('',#17697,#14168,#14169);
#12043=AXIS2_PLACEMENT_3D('',#17698,#14170,#14171);
#12044=AXIS2_PLACEMENT_3D('',#17699,#14172,#14173);
#12045=AXIS2_PLACEMENT_3D('',#17700,#14174,#14175);
#12046=AXIS2_PLACEMENT_3D('',#17702,#14176,#14177);
#12047=AXIS2_PLACEMENT_3D('',#17705,#14179,#14180);
#12048=AXIS2_PLACEMENT_3D('',#17706,#14181,#14182);
#12049=AXIS2_PLACEMENT_3D('',#17707,#14183,#14184);
#12050=AXIS2_PLACEMENT_3D('',#17709,#14185,#14186);
#12051=AXIS2_PLACEMENT_3D('',#17712,#14188,#14189);
#12052=AXIS2_PLACEMENT_3D('',#17713,#14190,#14191);
#12053=AXIS2_PLACEMENT_3D('',#17714,#14192,#14193);
#12054=AXIS2_PLACEMENT_3D('',#17716,#14194,#14195);
#12055=AXIS2_PLACEMENT_3D('',#17719,#14197,#14198);
#12056=AXIS2_PLACEMENT_3D('',#17720,#14199,#14200);
#12057=AXIS2_PLACEMENT_3D('',#17721,#14201,#14202);
#12058=AXIS2_PLACEMENT_3D('',#17722,#14203,#14204);
#12059=AXIS2_PLACEMENT_3D('',#17723,#14205,#14206);
#12060=AXIS2_PLACEMENT_3D('',#17725,#14207,#14208);
#12061=AXIS2_PLACEMENT_3D('',#17728,#14210,#14211);
#12062=AXIS2_PLACEMENT_3D('',#17729,#14212,#14213);
#12063=AXIS2_PLACEMENT_3D('',#17730,#14214,#14215);
#12064=AXIS2_PLACEMENT_3D('',#17732,#14216,#14217);
#12065=AXIS2_PLACEMENT_3D('',#17735,#14219,#14220);
#12066=AXIS2_PLACEMENT_3D('',#17736,#14221,#14222);
#12067=AXIS2_PLACEMENT_3D('',#17737,#14223,#14224);
#12068=AXIS2_PLACEMENT_3D('',#17739,#14225,#14226);
#12069=AXIS2_PLACEMENT_3D('',#17742,#14228,#14229);
#12070=AXIS2_PLACEMENT_3D('',#17743,#14230,#14231);
#12071=AXIS2_PLACEMENT_3D('',#17744,#14232,#14233);
#12072=AXIS2_PLACEMENT_3D('',#17745,#14234,#14235);
#12073=AXIS2_PLACEMENT_3D('',#17746,#14236,#14237);
#12074=AXIS2_PLACEMENT_3D('',#17748,#14238,#14239);
#12075=AXIS2_PLACEMENT_3D('',#17751,#14241,#14242);
#12076=AXIS2_PLACEMENT_3D('',#17752,#14243,#14244);
#12077=AXIS2_PLACEMENT_3D('',#17754,#14245,#14246);
#12078=AXIS2_PLACEMENT_3D('',#17757,#14248,#14249);
#12079=AXIS2_PLACEMENT_3D('',#17758,#14250,#14251);
#12080=AXIS2_PLACEMENT_3D('',#17767,#14256,#14257);
#12081=AXIS2_PLACEMENT_3D('',#17776,#14262,#14263);
#12082=AXIS2_PLACEMENT_3D('',#17779,#14266,#14267);
#12083=AXIS2_PLACEMENT_3D('',#17789,#14273,#14274);
#12084=AXIS2_PLACEMENT_3D('',#17793,#14277,#14278);
#12085=AXIS2_PLACEMENT_3D('',#17797,#14281,#14282);
#12086=AXIS2_PLACEMENT_3D('',#17806,#14287,#14288);
#12087=AXIS2_PLACEMENT_3D('',#17812,#14292,#14293);
#12088=AXIS2_PLACEMENT_3D('',#17818,#14297,#14298);
#12089=AXIS2_PLACEMENT_3D('',#17821,#14301,#14302);
#12090=AXIS2_PLACEMENT_3D('',#17822,#14303,#14304);
#12091=AXIS2_PLACEMENT_3D('',#17826,#14307,#14308);
#12092=AXIS2_PLACEMENT_3D('',#17830,#14311,#14312);
#12093=AXIS2_PLACEMENT_3D('',#17832,#14314,#14315);
#12094=AXIS2_PLACEMENT_3D('',#17833,#14316,#14317);
#12095=AXIS2_PLACEMENT_3D('',#17834,#14318,#14319);
#12096=AXIS2_PLACEMENT_3D('',#17836,#14320,#14321);
#12097=AXIS2_PLACEMENT_3D('',#17839,#14323,#14324);
#12098=AXIS2_PLACEMENT_3D('',#17840,#14325,#14326);
#12099=AXIS2_PLACEMENT_3D('',#17842,#14327,#14328);
#12100=AXIS2_PLACEMENT_3D('',#17845,#14330,#14331);
#12101=AXIS2_PLACEMENT_3D('',#17846,#14332,#14333);
#12102=AXIS2_PLACEMENT_3D('',#17855,#14338,#14339);
#12103=AXIS2_PLACEMENT_3D('',#17864,#14344,#14345);
#12104=AXIS2_PLACEMENT_3D('',#17867,#14348,#14349);
#12105=AXIS2_PLACEMENT_3D('',#17877,#14355,#14356);
#12106=AXIS2_PLACEMENT_3D('',#17881,#14359,#14360);
#12107=AXIS2_PLACEMENT_3D('',#17885,#14363,#14364);
#12108=AXIS2_PLACEMENT_3D('',#17894,#14369,#14370);
#12109=AXIS2_PLACEMENT_3D('',#17900,#14374,#14375);
#12110=AXIS2_PLACEMENT_3D('',#17906,#14379,#14380);
#12111=AXIS2_PLACEMENT_3D('',#17909,#14383,#14384);
#12112=AXIS2_PLACEMENT_3D('',#17910,#14385,#14386);
#12113=AXIS2_PLACEMENT_3D('',#17914,#14389,#14390);
#12114=AXIS2_PLACEMENT_3D('',#17918,#14393,#14394);
#12115=AXIS2_PLACEMENT_3D('',#17920,#14396,#14397);
#12116=AXIS2_PLACEMENT_3D('',#17921,#14398,#14399);
#12117=AXIS2_PLACEMENT_3D('',#17922,#14400,#14401);
#12118=AXIS2_PLACEMENT_3D('',#17924,#14402,#14403);
#12119=AXIS2_PLACEMENT_3D('',#17927,#14405,#14406);
#12120=AXIS2_PLACEMENT_3D('',#17928,#14407,#14408);
#12121=AXIS2_PLACEMENT_3D('',#17930,#14409,#14410);
#12122=AXIS2_PLACEMENT_3D('',#17933,#14412,#14413);
#12123=AXIS2_PLACEMENT_3D('',#17934,#14414,#14415);
#12124=AXIS2_PLACEMENT_3D('',#17936,#14416,#14417);
#12125=AXIS2_PLACEMENT_3D('',#17939,#14419,#14420);
#12126=AXIS2_PLACEMENT_3D('',#17940,#14421,#14422);
#12127=AXIS2_PLACEMENT_3D('',#17942,#14423,#14424);
#12128=AXIS2_PLACEMENT_3D('',#17945,#14426,#14427);
#12129=AXIS2_PLACEMENT_3D('',#17946,#14428,#14429);
#12130=AXIS2_PLACEMENT_3D('',#17955,#14434,#14435);
#12131=AXIS2_PLACEMENT_3D('',#17961,#14439,#14440);
#12132=AXIS2_PLACEMENT_3D('',#17967,#14444,#14445);
#12133=AXIS2_PLACEMENT_3D('',#17970,#14448,#14449);
#12134=AXIS2_PLACEMENT_3D('',#17971,#14450,#14451);
#12135=AXIS2_PLACEMENT_3D('',#17972,#14452,#14453);
#12136=AXIS2_PLACEMENT_3D('',#17973,#14454,#14455);
#12137=AXIS2_PLACEMENT_3D('',#17974,#14456,#14457);
#12138=AXIS2_PLACEMENT_3D('',#17975,#14458,#14459);
#12139=AXIS2_PLACEMENT_3D('',#17976,#14460,#14461);
#12140=AXIS2_PLACEMENT_3D('',#17977,#14462,#14463);
#12141=AXIS2_PLACEMENT_3D('',#17978,#14464,#14465);
#12142=AXIS2_PLACEMENT_3D('',#17979,#14466,#14467);
#12143=AXIS2_PLACEMENT_3D('',#17980,#14468,#14469);
#12144=AXIS2_PLACEMENT_3D('',#17981,#14470,#14471);
#12145=AXIS2_PLACEMENT_3D('',#17982,#14472,#14473);
#12146=AXIS2_PLACEMENT_3D('',#17983,#14474,#14475);
#12147=AXIS2_PLACEMENT_3D('',#17984,#14476,#14477);
#12148=AXIS2_PLACEMENT_3D('',#17985,#14478,#14479);
#12149=AXIS2_PLACEMENT_3D('',#17986,#14480,#14481);
#12150=AXIS2_PLACEMENT_3D('',#17987,#14482,#14483);
#12151=AXIS2_PLACEMENT_3D('',#17996,#14488,#14489);
#12152=AXIS2_PLACEMENT_3D('',#18002,#14493,#14494);
#12153=AXIS2_PLACEMENT_3D('',#18008,#14498,#14499);
#12154=AXIS2_PLACEMENT_3D('',#18011,#14502,#14503);
#12155=AXIS2_PLACEMENT_3D('',#18012,#14504,#14505);
#12156=AXIS2_PLACEMENT_3D('',#18013,#14506,#14507);
#12157=AXIS2_PLACEMENT_3D('',#18014,#14508,#14509);
#12158=AXIS2_PLACEMENT_3D('',#18016,#14510,#14511);
#12159=AXIS2_PLACEMENT_3D('',#18019,#14513,#14514);
#12160=AXIS2_PLACEMENT_3D('',#18020,#14515,#14516);
#12161=AXIS2_PLACEMENT_3D('',#18033,#14523,#14524);
#12162=AXIS2_PLACEMENT_3D('',#18039,#14528,#14529);
#12163=AXIS2_PLACEMENT_3D('',#18049,#14535,#14536);
#12164=AXIS2_PLACEMENT_3D('',#18052,#14539,#14540);
#12165=AXIS2_PLACEMENT_3D('',#18054,#14542,#14543);
#12166=AXIS2_PLACEMENT_3D('',#18055,#14544,#14545);
#12167=AXIS2_PLACEMENT_3D('',#18065,#14551,#14552);
#12168=AXIS2_PLACEMENT_3D('',#18067,#14553,#14554);
#12169=AXIS2_PLACEMENT_3D('',#18070,#14556,#14557);
#12170=AXIS2_PLACEMENT_3D('',#18071,#14558,#14559);
#12171=AXIS2_PLACEMENT_3D('',#18080,#14564,#14565);
#12172=AXIS2_PLACEMENT_3D('',#18083,#14568,#14569);
#12173=AXIS2_PLACEMENT_3D('',#18086,#14572,#14573);
#12174=AXIS2_PLACEMENT_3D('',#18087,#14574,#14575);
#12175=AXIS2_PLACEMENT_3D('',#18088,#14576,#14577);
#12176=AXIS2_PLACEMENT_3D('',#18089,#14578,#14579);
#12177=AXIS2_PLACEMENT_3D('',#18098,#14584,#14585);
#12178=AXIS2_PLACEMENT_3D('',#18105,#14589,#14590);
#12179=AXIS2_PLACEMENT_3D('',#18106,#14591,#14592);
#12180=AXIS2_PLACEMENT_3D('',#18114,#14597,#14598);
#12181=AXIS2_PLACEMENT_3D('',#18116,#14599,#14600);
#12182=AXIS2_PLACEMENT_3D('',#18119,#14602,#14603);
#12183=AXIS2_PLACEMENT_3D('',#18120,#14604,#14605);
#12184=AXIS2_PLACEMENT_3D('',#18121,#14606,#14607);
#12185=AXIS2_PLACEMENT_3D('',#18123,#14608,#14609);
#12186=AXIS2_PLACEMENT_3D('',#18126,#14611,#14612);
#12187=AXIS2_PLACEMENT_3D('',#18127,#14613,#14614);
#12188=AXIS2_PLACEMENT_3D('',#18128,#14615,#14616);
#12189=AXIS2_PLACEMENT_3D('',#18132,#14619,#14620);
#12190=AXIS2_PLACEMENT_3D('',#18136,#14623,#14624);
#12191=AXIS2_PLACEMENT_3D('',#18141,#14627,#14628);
#12192=AXIS2_PLACEMENT_3D('',#18142,#14629,#14630);
#12193=AXIS2_PLACEMENT_3D('',#18144,#14632,#14633);
#12194=AXIS2_PLACEMENT_3D('',#18146,#14635,#14636);
#12195=AXIS2_PLACEMENT_3D('',#18147,#14637,#14638);
#12196=AXIS2_PLACEMENT_3D('',#18148,#14639,#14640);
#12197=AXIS2_PLACEMENT_3D('',#18157,#14645,#14646);
#12198=AXIS2_PLACEMENT_3D('',#18164,#14650,#14651);
#12199=AXIS2_PLACEMENT_3D('',#18165,#14652,#14653);
#12200=AXIS2_PLACEMENT_3D('',#18173,#14658,#14659);
#12201=AXIS2_PLACEMENT_3D('',#18175,#14660,#14661);
#12202=AXIS2_PLACEMENT_3D('',#18178,#14663,#14664);
#12203=AXIS2_PLACEMENT_3D('',#18179,#14665,#14666);
#12204=AXIS2_PLACEMENT_3D('',#18180,#14667,#14668);
#12205=AXIS2_PLACEMENT_3D('',#18182,#14669,#14670);
#12206=AXIS2_PLACEMENT_3D('',#18185,#14672,#14673);
#12207=AXIS2_PLACEMENT_3D('',#18186,#14674,#14675);
#12208=AXIS2_PLACEMENT_3D('',#18187,#14676,#14677);
#12209=AXIS2_PLACEMENT_3D('',#18191,#14680,#14681);
#12210=AXIS2_PLACEMENT_3D('',#18195,#14684,#14685);
#12211=AXIS2_PLACEMENT_3D('',#18199,#14688,#14689);
#12212=AXIS2_PLACEMENT_3D('',#18202,#14691,#14692);
#12213=AXIS2_PLACEMENT_3D('',#18203,#14693,#14694);
#12214=AXIS2_PLACEMENT_3D('',#18205,#14696,#14697);
#12215=AXIS2_PLACEMENT_3D('',#18206,#14698,#14699);
#12216=AXIS2_PLACEMENT_3D('',#18207,#14700,#14701);
#12217=AXIS2_PLACEMENT_3D('',#18209,#14702,#14703);
#12218=AXIS2_PLACEMENT_3D('',#18212,#14705,#14706);
#12219=AXIS2_PLACEMENT_3D('',#18213,#14707,#14708);
#12220=AXIS2_PLACEMENT_3D('',#18215,#14709,#14710);
#12221=AXIS2_PLACEMENT_3D('',#18216,#14711,#14712);
#12222=AXIS2_PLACEMENT_3D('',#18218,#14713,#14714);
#12223=AXIS2_PLACEMENT_3D('',#18219,#14715,#14716);
#12224=AXIS2_PLACEMENT_3D('',#18222,#14718,#14719);
#12225=AXIS2_PLACEMENT_3D('',#18223,#14720,#14721);
#12226=AXIS2_PLACEMENT_3D('',#18225,#14722,#14723);
#12227=AXIS2_PLACEMENT_3D('',#18228,#14725,#14726);
#12228=AXIS2_PLACEMENT_3D('',#18229,#14727,#14728);
#12229=AXIS2_PLACEMENT_3D('',#18230,#14729,#14730);
#12230=AXIS2_PLACEMENT_3D('',#18232,#14731,#14732);
#12231=AXIS2_PLACEMENT_3D('',#18233,#14733,#14734);
#12232=AXIS2_PLACEMENT_3D('',#18236,#14736,#14737);
#12233=AXIS2_PLACEMENT_3D('',#18237,#14738,#14739);
#12234=AXIS2_PLACEMENT_3D('',#18239,#14740,#14741);
#12235=AXIS2_PLACEMENT_3D('',#18240,#14742,#14743);
#12236=AXIS2_PLACEMENT_3D('',#18241,#14744,#14745);
#12237=AXIS2_PLACEMENT_3D('',#18243,#14747,#14748);
#12238=AXIS2_PLACEMENT_3D('',#18244,#14749,#14750);
#12239=AXIS2_PLACEMENT_3D('',#18246,#14751,#14752);
#12240=AXIS2_PLACEMENT_3D('',#18249,#14754,#14755);
#12241=AXIS2_PLACEMENT_3D('',#18250,#14756,#14757);
#12242=AXIS2_PLACEMENT_3D('',#18251,#14758,#14759);
#12243=AXIS2_PLACEMENT_3D('',#18260,#14764,#14765);
#12244=AXIS2_PLACEMENT_3D('',#18266,#14769,#14770);
#12245=AXIS2_PLACEMENT_3D('',#18272,#14774,#14775);
#12246=AXIS2_PLACEMENT_3D('',#18275,#14778,#14779);
#12247=AXIS2_PLACEMENT_3D('',#18276,#14780,#14781);
#12248=AXIS2_PLACEMENT_3D('',#18277,#14782,#14783);
#12249=AXIS2_PLACEMENT_3D('',#18278,#14784,#14785);
#12250=AXIS2_PLACEMENT_3D('',#18287,#14790,#14791);
#12251=AXIS2_PLACEMENT_3D('',#18293,#14795,#14796);
#12252=AXIS2_PLACEMENT_3D('',#18299,#14800,#14801);
#12253=AXIS2_PLACEMENT_3D('',#18302,#14804,#14805);
#12254=AXIS2_PLACEMENT_3D('',#18303,#14806,#14807);
#12255=AXIS2_PLACEMENT_3D('',#18304,#14808,#14809);
#12256=AXIS2_PLACEMENT_3D('',#18305,#14810,#14811);
#12257=AXIS2_PLACEMENT_3D('',#18314,#14816,#14817);
#12258=AXIS2_PLACEMENT_3D('',#18320,#14821,#14822);
#12259=AXIS2_PLACEMENT_3D('',#18326,#14826,#14827);
#12260=AXIS2_PLACEMENT_3D('',#18329,#14830,#14831);
#12261=AXIS2_PLACEMENT_3D('',#18330,#14832,#14833);
#12262=AXIS2_PLACEMENT_3D('',#18331,#14834,#14835);
#12263=AXIS2_PLACEMENT_3D('',#18332,#14836,#14837);
#12264=AXIS2_PLACEMENT_3D('',#18334,#14838,#14839);
#12265=AXIS2_PLACEMENT_3D('',#18337,#14841,#14842);
#12266=AXIS2_PLACEMENT_3D('',#18338,#14843,#14844);
#12267=AXIS2_PLACEMENT_3D('',#18340,#14845,#14846);
#12268=AXIS2_PLACEMENT_3D('',#18343,#14848,#14849);
#12269=AXIS2_PLACEMENT_3D('',#18344,#14850,#14851);
#12270=AXIS2_PLACEMENT_3D('',#18353,#14856,#14857);
#12271=AXIS2_PLACEMENT_3D('',#18359,#14861,#14862);
#12272=AXIS2_PLACEMENT_3D('',#18365,#14866,#14867);
#12273=AXIS2_PLACEMENT_3D('',#18368,#14870,#14871);
#12274=AXIS2_PLACEMENT_3D('',#18369,#14872,#14873);
#12275=AXIS2_PLACEMENT_3D('',#18370,#14874,#14875);
#12276=AXIS2_PLACEMENT_3D('',#18371,#14876,#14877);
#12277=AXIS2_PLACEMENT_3D('',#18373,#14878,#14879);
#12278=AXIS2_PLACEMENT_3D('',#18376,#14881,#14882);
#12279=AXIS2_PLACEMENT_3D('',#18377,#14883,#14884);
#12280=AXIS2_PLACEMENT_3D('',#18379,#14885,#14886);
#12281=AXIS2_PLACEMENT_3D('',#18382,#14888,#14889);
#12282=AXIS2_PLACEMENT_3D('',#18383,#14890,#14891);
#12283=AXIS2_PLACEMENT_3D('',#18392,#14896,#14897);
#12284=AXIS2_PLACEMENT_3D('',#18398,#14901,#14902);
#12285=AXIS2_PLACEMENT_3D('',#18404,#14906,#14907);
#12286=AXIS2_PLACEMENT_3D('',#18407,#14910,#14911);
#12287=AXIS2_PLACEMENT_3D('',#18408,#14912,#14913);
#12288=AXIS2_PLACEMENT_3D('',#18409,#14914,#14915);
#12289=AXIS2_PLACEMENT_3D('',#18410,#14916,#14917);
#12290=AXIS2_PLACEMENT_3D('',#18419,#14922,#14923);
#12291=AXIS2_PLACEMENT_3D('',#18425,#14927,#14928);
#12292=AXIS2_PLACEMENT_3D('',#18431,#14932,#14933);
#12293=AXIS2_PLACEMENT_3D('',#18434,#14936,#14937);
#12294=AXIS2_PLACEMENT_3D('',#18435,#14938,#14939);
#12295=AXIS2_PLACEMENT_3D('',#18436,#14940,#14941);
#12296=AXIS2_PLACEMENT_3D('',#18437,#14942,#14943);
#12297=AXIS2_PLACEMENT_3D('',#18442,#14945,#14946);
#12298=AXIS2_PLACEMENT_3D('',#18445,#14948,#14949);
#12299=AXIS2_PLACEMENT_3D('',#18446,#14950,#14951);
#12300=AXIS2_PLACEMENT_3D('',#18451,#14953,#14954);
#12301=AXIS2_PLACEMENT_3D('',#18454,#14956,#14957);
#12302=AXIS2_PLACEMENT_3D('',#18455,#14958,#14959);
#12303=AXIS2_PLACEMENT_3D('',#18461,#14963,#14964);
#12304=AXIS2_PLACEMENT_3D('',#18467,#14968,#14969);
#12305=AXIS2_PLACEMENT_3D('',#18474,#14974,#14975);
#12306=AXIS2_PLACEMENT_3D('',#18478,#14978,#14979);
#12307=AXIS2_PLACEMENT_3D('',#18482,#14982,#14983);
#12308=AXIS2_PLACEMENT_3D('',#18484,#14985,#14986);
#12309=AXIS2_PLACEMENT_3D('',#18486,#14988,#14989);
#12310=AXIS2_PLACEMENT_3D('',#18487,#14990,#14991);
#12311=AXIS2_PLACEMENT_3D('',#18488,#14992,#14993);
#12312=AXIS2_PLACEMENT_3D('',#18490,#14994,#14995);
#12313=AXIS2_PLACEMENT_3D('',#18493,#14997,#14998);
#12314=AXIS2_PLACEMENT_3D('',#18494,#14999,#15000);
#12315=AXIS2_PLACEMENT_3D('',#18503,#15005,#15006);
#12316=AXIS2_PLACEMENT_3D('',#18509,#15010,#15011);
#12317=AXIS2_PLACEMENT_3D('',#18515,#15015,#15016);
#12318=AXIS2_PLACEMENT_3D('',#18518,#15019,#15020);
#12319=AXIS2_PLACEMENT_3D('',#18519,#15021,#15022);
#12320=AXIS2_PLACEMENT_3D('',#18520,#15023,#15024);
#12321=AXIS2_PLACEMENT_3D('',#18521,#15025,#15026);
#12322=AXIS2_PLACEMENT_3D('',#18523,#15027,#15028);
#12323=AXIS2_PLACEMENT_3D('',#18526,#15030,#15031);
#12324=AXIS2_PLACEMENT_3D('',#18527,#15032,#15033);
#12325=AXIS2_PLACEMENT_3D('',#18536,#15038,#15039);
#12326=AXIS2_PLACEMENT_3D('',#18542,#15043,#15044);
#12327=AXIS2_PLACEMENT_3D('',#18548,#15048,#15049);
#12328=AXIS2_PLACEMENT_3D('',#18551,#15052,#15053);
#12329=AXIS2_PLACEMENT_3D('',#18552,#15054,#15055);
#12330=AXIS2_PLACEMENT_3D('',#18553,#15056,#15057);
#12331=AXIS2_PLACEMENT_3D('',#18554,#15058,#15059);
#12332=AXIS2_PLACEMENT_3D('',#18559,#15061,#15062);
#12333=AXIS2_PLACEMENT_3D('',#18562,#15064,#15065);
#12334=AXIS2_PLACEMENT_3D('',#18563,#15066,#15067);
#12335=AXIS2_PLACEMENT_3D('',#18568,#15069,#15070);
#12336=AXIS2_PLACEMENT_3D('',#18571,#15072,#15073);
#12337=AXIS2_PLACEMENT_3D('',#18572,#15074,#15075);
#12338=AXIS2_PLACEMENT_3D('',#18578,#15079,#15080);
#12339=AXIS2_PLACEMENT_3D('',#18584,#15084,#15085);
#12340=AXIS2_PLACEMENT_3D('',#18591,#15090,#15091);
#12341=AXIS2_PLACEMENT_3D('',#18595,#15094,#15095);
#12342=AXIS2_PLACEMENT_3D('',#18599,#15098,#15099);
#12343=AXIS2_PLACEMENT_3D('',#18601,#15101,#15102);
#12344=AXIS2_PLACEMENT_3D('',#18603,#15104,#15105);
#12345=AXIS2_PLACEMENT_3D('',#18604,#15106,#15107);
#12346=AXIS2_PLACEMENT_3D('',#18605,#15108,#15109);
#12347=AXIS2_PLACEMENT_3D('',#18607,#15110,#15111);
#12348=AXIS2_PLACEMENT_3D('',#18610,#15113,#15114);
#12349=AXIS2_PLACEMENT_3D('',#18611,#15115,#15116);
#12350=AXIS2_PLACEMENT_3D('',#18620,#15121,#15122);
#12351=AXIS2_PLACEMENT_3D('',#18626,#15126,#15127);
#12352=AXIS2_PLACEMENT_3D('',#18632,#15131,#15132);
#12353=AXIS2_PLACEMENT_3D('',#18635,#15135,#15136);
#12354=AXIS2_PLACEMENT_3D('',#18636,#15137,#15138);
#12355=AXIS2_PLACEMENT_3D('',#18637,#15139,#15140);
#12356=AXIS2_PLACEMENT_3D('',#18638,#15141,#15142);
#12357=AXIS2_PLACEMENT_3D('',#18640,#15143,#15144);
#12358=AXIS2_PLACEMENT_3D('',#18643,#15146,#15147);
#12359=AXIS2_PLACEMENT_3D('',#18644,#15148,#15149);
#12360=AXIS2_PLACEMENT_3D('',#18653,#15154,#15155);
#12361=AXIS2_PLACEMENT_3D('',#18659,#15159,#15160);
#12362=AXIS2_PLACEMENT_3D('',#18665,#15164,#15165);
#12363=AXIS2_PLACEMENT_3D('',#18668,#15168,#15169);
#12364=AXIS2_PLACEMENT_3D('',#18669,#15170,#15171);
#12365=AXIS2_PLACEMENT_3D('',#18670,#15172,#15173);
#12366=AXIS2_PLACEMENT_3D('',#18671,#15174,#15175);
#12367=AXIS2_PLACEMENT_3D('',#18676,#15177,#15178);
#12368=AXIS2_PLACEMENT_3D('',#18679,#15180,#15181);
#12369=AXIS2_PLACEMENT_3D('',#18680,#15182,#15183);
#12370=AXIS2_PLACEMENT_3D('',#18686,#15187,#15188);
#12371=AXIS2_PLACEMENT_3D('',#18689,#15190,#15191);
#12372=AXIS2_PLACEMENT_3D('',#18690,#15192,#15193);
#12373=AXIS2_PLACEMENT_3D('',#18694,#15196,#15197);
#12374=AXIS2_PLACEMENT_3D('',#18695,#15198,#15199);
#12375=AXIS2_PLACEMENT_3D('',#18696,#15200,#15201);
#12376=AXIS2_PLACEMENT_3D('',#18697,#15202,#15203);
#12377=AXIS2_PLACEMENT_3D('',#18698,#15204,#15205);
#12378=AXIS2_PLACEMENT_3D('',#18703,#15207,#15208);
#12379=AXIS2_PLACEMENT_3D('',#18706,#15210,#15211);
#12380=AXIS2_PLACEMENT_3D('',#18707,#15212,#15213);
#12381=AXIS2_PLACEMENT_3D('',#18713,#15217,#15218);
#12382=AXIS2_PLACEMENT_3D('',#18716,#15220,#15221);
#12383=AXIS2_PLACEMENT_3D('',#18717,#15222,#15223);
#12384=AXIS2_PLACEMENT_3D('',#18721,#15226,#15227);
#12385=AXIS2_PLACEMENT_3D('',#18722,#15228,#15229);
#12386=AXIS2_PLACEMENT_3D('',#18723,#15230,#15231);
#12387=AXIS2_PLACEMENT_3D('',#18724,#15232,#15233);
#12388=AXIS2_PLACEMENT_3D('',#18725,#15234,#15235);
#12389=AXIS2_PLACEMENT_3D('',#18726,#15236,#15237);
#12390=AXIS2_PLACEMENT_3D('',#18727,#15238,#15239);
#12391=AXIS2_PLACEMENT_3D('',#18728,#15240,#15241);
#12392=AXIS2_PLACEMENT_3D('',#18729,#15242,#15243);
#12393=AXIS2_PLACEMENT_3D('',#18730,#15244,#15245);
#12394=AXIS2_PLACEMENT_3D('',#18731,#15246,#15247);
#12395=AXIS2_PLACEMENT_3D('',#18732,#15248,#15249);
#12396=AXIS2_PLACEMENT_3D('',#18733,#15250,#15251);
#12397=AXIS2_PLACEMENT_3D('',#18734,#15252,#15253);
#12398=AXIS2_PLACEMENT_3D('',#18735,#15254,#15255);
#12399=AXIS2_PLACEMENT_3D('',#18736,#15256,#15257);
#12400=AXIS2_PLACEMENT_3D('',#18737,#15258,#15259);
#12401=AXIS2_PLACEMENT_3D('',#18738,#15260,#15261);
#12402=AXIS2_PLACEMENT_3D('',#18739,#15262,#15263);
#12403=AXIS2_PLACEMENT_3D('',#18740,#15264,#15265);
#12404=AXIS2_PLACEMENT_3D('',#18741,#15266,#15267);
#12405=AXIS2_PLACEMENT_3D('',#18742,#15268,#15269);
#12406=AXIS2_PLACEMENT_3D('',#18743,#15270,#15271);
#12407=AXIS2_PLACEMENT_3D('',#18744,#15272,#15273);
#12408=AXIS2_PLACEMENT_3D('',#18745,#15274,#15275);
#12409=AXIS2_PLACEMENT_3D('',#18747,#15276,#15277);
#12410=AXIS2_PLACEMENT_3D('',#18750,#15279,#15280);
#12411=AXIS2_PLACEMENT_3D('',#18751,#15281,#15282);
#12412=AXIS2_PLACEMENT_3D('',#18752,#15283,#15284);
#12413=AXIS2_PLACEMENT_3D('',#18753,#15285,#15286);
#12414=AXIS2_PLACEMENT_3D('',#18754,#15287,#15288);
#12415=AXIS2_PLACEMENT_3D('',#18756,#15289,#15290);
#12416=AXIS2_PLACEMENT_3D('',#18759,#15292,#15293);
#12417=AXIS2_PLACEMENT_3D('',#18760,#15294,#15295);
#12418=AXIS2_PLACEMENT_3D('',#18761,#15296,#15297);
#12419=AXIS2_PLACEMENT_3D('',#18762,#15298,#15299);
#12420=AXIS2_PLACEMENT_3D('',#18763,#15300,#15301);
#12421=AXIS2_PLACEMENT_3D('',#18765,#15302,#15303);
#12422=AXIS2_PLACEMENT_3D('',#18768,#15305,#15306);
#12423=AXIS2_PLACEMENT_3D('',#18769,#15307,#15308);
#12424=AXIS2_PLACEMENT_3D('',#18771,#15309,#15310);
#12425=AXIS2_PLACEMENT_3D('',#18774,#15312,#15313);
#12426=AXIS2_PLACEMENT_3D('',#18775,#15314,#15315);
#12427=AXIS2_PLACEMENT_3D('',#18777,#15316,#15317);
#12428=AXIS2_PLACEMENT_3D('',#18780,#15319,#15320);
#12429=AXIS2_PLACEMENT_3D('',#18781,#15321,#15322);
#12430=AXIS2_PLACEMENT_3D('',#18783,#15323,#15324);
#12431=AXIS2_PLACEMENT_3D('',#18786,#15326,#15327);
#12432=AXIS2_PLACEMENT_3D('',#18787,#15328,#15329);
#12433=AXIS2_PLACEMENT_3D('',#18789,#15330,#15331);
#12434=AXIS2_PLACEMENT_3D('',#18792,#15333,#15334);
#12435=AXIS2_PLACEMENT_3D('',#18793,#15335,#15336);
#12436=AXIS2_PLACEMENT_3D('',#18802,#15341,#15342);
#12437=AXIS2_PLACEMENT_3D('',#18808,#15346,#15347);
#12438=AXIS2_PLACEMENT_3D('',#18814,#15351,#15352);
#12439=AXIS2_PLACEMENT_3D('',#18817,#15355,#15356);
#12440=AXIS2_PLACEMENT_3D('',#18818,#15357,#15358);
#12441=AXIS2_PLACEMENT_3D('',#18819,#15359,#15360);
#12442=AXIS2_PLACEMENT_3D('',#18820,#15361,#15362);
#12443=AXIS2_PLACEMENT_3D('',#18829,#15367,#15368);
#12444=AXIS2_PLACEMENT_3D('',#18835,#15372,#15373);
#12445=AXIS2_PLACEMENT_3D('',#18841,#15377,#15378);
#12446=AXIS2_PLACEMENT_3D('',#18848,#15382,#15383);
#12447=AXIS2_PLACEMENT_3D('',#18850,#15384,#15385);
#12448=AXIS2_PLACEMENT_3D('',#18852,#15386,#15387);
#12449=AXIS2_PLACEMENT_3D('',#18854,#15388,#15389);
#12450=AXIS2_PLACEMENT_3D('',#18856,#15390,#15391);
#12451=AXIS2_PLACEMENT_3D('',#18857,#15392,#15393);
#12452=AXIS2_PLACEMENT_3D('',#18859,#15394,#15395);
#12453=AXIS2_PLACEMENT_3D('',#18862,#15397,#15398);
#12454=AXIS2_PLACEMENT_3D('',#18863,#15399,#15400);
#12455=AXIS2_PLACEMENT_3D('',#18864,#15401,#15402);
#12456=AXIS2_PLACEMENT_3D('',#18866,#15403,#15404);
#12457=AXIS2_PLACEMENT_3D('',#18869,#15406,#15407);
#12458=AXIS2_PLACEMENT_3D('',#18870,#15408,#15409);
#12459=AXIS2_PLACEMENT_3D('',#18871,#15410,#15411);
#12460=AXIS2_PLACEMENT_3D('',#18874,#15413,#15414);
#12461=AXIS2_PLACEMENT_3D('',#18875,#15415,#15416);
#12462=AXIS2_PLACEMENT_3D('',#18878,#15418,#15419);
#12463=AXIS2_PLACEMENT_3D('',#18879,#15420,#15421);
#12464=AXIS2_PLACEMENT_3D('',#18882,#15423,#15424);
#12465=AXIS2_PLACEMENT_3D('',#18883,#15425,#15426);
#12466=AXIS2_PLACEMENT_3D('',#18886,#15428,#15429);
#12467=AXIS2_PLACEMENT_3D('',#18887,#15430,#15431);
#12468=AXIS2_PLACEMENT_3D('',#18890,#15433,#15434);
#12469=AXIS2_PLACEMENT_3D('',#18891,#15435,#15436);
#12470=AXIS2_PLACEMENT_3D('',#18897,#15440,#15441);
#12471=AXIS2_PLACEMENT_3D('',#18900,#15444,#15445);
#12472=AXIS2_PLACEMENT_3D('',#18901,#15446,#15447);
#12473=AXIS2_PLACEMENT_3D('',#18902,#15448,#15449);
#12474=AXIS2_PLACEMENT_3D('',#18903,#15450,#15451);
#12475=AXIS2_PLACEMENT_3D('',#18905,#15452,#15453);
#12476=AXIS2_PLACEMENT_3D('',#18908,#15455,#15456);
#12477=AXIS2_PLACEMENT_3D('',#18909,#15457,#15458);
#12478=AXIS2_PLACEMENT_3D('',#18911,#15459,#15460);
#12479=AXIS2_PLACEMENT_3D('',#18914,#15462,#15463);
#12480=AXIS2_PLACEMENT_3D('',#18915,#15464,#15465);
#12481=AXIS2_PLACEMENT_3D('',#18917,#15466,#15467);
#12482=AXIS2_PLACEMENT_3D('',#18920,#15469,#15470);
#12483=AXIS2_PLACEMENT_3D('',#18921,#15471,#15472);
#12484=AXIS2_PLACEMENT_3D('',#18923,#15473,#15474);
#12485=AXIS2_PLACEMENT_3D('',#18926,#15476,#15477);
#12486=AXIS2_PLACEMENT_3D('',#18927,#15478,#15479);
#12487=AXIS2_PLACEMENT_3D('',#18928,#15480,#15481);
#12488=AXIS2_PLACEMENT_3D('',#18929,#15482,#15483);
#12489=AXIS2_PLACEMENT_3D('',#18930,#15484,#15485);
#12490=AXIS2_PLACEMENT_3D('',#18932,#15486,#15487);
#12491=AXIS2_PLACEMENT_3D('',#18935,#15489,#15490);
#12492=AXIS2_PLACEMENT_3D('',#18936,#15491,#15492);
#12493=AXIS2_PLACEMENT_3D('',#18937,#15493,#15494);
#12494=AXIS2_PLACEMENT_3D('',#18938,#15495,#15496);
#12495=AXIS2_PLACEMENT_3D('',#18939,#15497,#15498);
#12496=AXIS2_PLACEMENT_3D('',#18941,#15499,#15500);
#12497=AXIS2_PLACEMENT_3D('',#18944,#15502,#15503);
#12498=AXIS2_PLACEMENT_3D('',#18945,#15504,#15505);
#12499=AXIS2_PLACEMENT_3D('',#18946,#15506,#15507);
#12500=AXIS2_PLACEMENT_3D('',#18947,#15508,#15509);
#12501=AXIS2_PLACEMENT_3D('',#18948,#15510,#15511);
#12502=AXIS2_PLACEMENT_3D('',#18950,#15512,#15513);
#12503=AXIS2_PLACEMENT_3D('',#18953,#15515,#15516);
#12504=AXIS2_PLACEMENT_3D('',#18954,#15517,#15518);
#12505=AXIS2_PLACEMENT_3D('',#18956,#15519,#15520);
#12506=AXIS2_PLACEMENT_3D('',#18959,#15522,#15523);
#12507=AXIS2_PLACEMENT_3D('',#18960,#15524,#15525);
#12508=AXIS2_PLACEMENT_3D('',#18962,#15526,#15527);
#12509=AXIS2_PLACEMENT_3D('',#18965,#15529,#15530);
#12510=AXIS2_PLACEMENT_3D('',#18966,#15531,#15532);
#12511=AXIS2_PLACEMENT_3D('',#18968,#15533,#15534);
#12512=AXIS2_PLACEMENT_3D('',#18971,#15536,#15537);
#12513=AXIS2_PLACEMENT_3D('',#18972,#15538,#15539);
#12514=AXIS2_PLACEMENT_3D('',#18974,#15540,#15541);
#12515=AXIS2_PLACEMENT_3D('',#18977,#15543,#15544);
#12516=AXIS2_PLACEMENT_3D('',#18978,#15545,#15546);
#12517=AXIS2_PLACEMENT_3D('',#18987,#15551,#15552);
#12518=AXIS2_PLACEMENT_3D('',#18993,#15556,#15557);
#12519=AXIS2_PLACEMENT_3D('',#18999,#15561,#15562);
#12520=AXIS2_PLACEMENT_3D('',#19002,#15565,#15566);
#12521=AXIS2_PLACEMENT_3D('',#19003,#15567,#15568);
#12522=AXIS2_PLACEMENT_3D('',#19004,#15569,#15570);
#12523=AXIS2_PLACEMENT_3D('',#19005,#15571,#15572);
#12524=AXIS2_PLACEMENT_3D('',#19014,#15577,#15578);
#12525=AXIS2_PLACEMENT_3D('',#19020,#15582,#15583);
#12526=AXIS2_PLACEMENT_3D('',#19026,#15587,#15588);
#12527=AXIS2_PLACEMENT_3D('',#19033,#15592,#15593);
#12528=AXIS2_PLACEMENT_3D('',#19035,#15594,#15595);
#12529=AXIS2_PLACEMENT_3D('',#19037,#15596,#15597);
#12530=AXIS2_PLACEMENT_3D('',#19039,#15598,#15599);
#12531=AXIS2_PLACEMENT_3D('',#19041,#15600,#15601);
#12532=AXIS2_PLACEMENT_3D('',#19042,#15602,#15603);
#12533=AXIS2_PLACEMENT_3D('',#19044,#15604,#15605);
#12534=AXIS2_PLACEMENT_3D('',#19047,#15607,#15608);
#12535=AXIS2_PLACEMENT_3D('',#19048,#15609,#15610);
#12536=AXIS2_PLACEMENT_3D('',#19049,#15611,#15612);
#12537=AXIS2_PLACEMENT_3D('',#19051,#15613,#15614);
#12538=AXIS2_PLACEMENT_3D('',#19054,#15616,#15617);
#12539=AXIS2_PLACEMENT_3D('',#19055,#15618,#15619);
#12540=AXIS2_PLACEMENT_3D('',#19056,#15620,#15621);
#12541=AXIS2_PLACEMENT_3D('',#19059,#15623,#15624);
#12542=AXIS2_PLACEMENT_3D('',#19060,#15625,#15626);
#12543=AXIS2_PLACEMENT_3D('',#19063,#15628,#15629);
#12544=AXIS2_PLACEMENT_3D('',#19064,#15630,#15631);
#12545=AXIS2_PLACEMENT_3D('',#19067,#15633,#15634);
#12546=AXIS2_PLACEMENT_3D('',#19068,#15635,#15636);
#12547=AXIS2_PLACEMENT_3D('',#19071,#15638,#15639);
#12548=AXIS2_PLACEMENT_3D('',#19072,#15640,#15641);
#12549=AXIS2_PLACEMENT_3D('',#19075,#15643,#15644);
#12550=AXIS2_PLACEMENT_3D('',#19076,#15645,#15646);
#12551=AXIS2_PLACEMENT_3D('',#19082,#15650,#15651);
#12552=AXIS2_PLACEMENT_3D('',#19085,#15654,#15655);
#12553=AXIS2_PLACEMENT_3D('',#19086,#15656,#15657);
#12554=AXIS2_PLACEMENT_3D('',#19087,#15658,#15659);
#12555=AXIS2_PLACEMENT_3D('',#19088,#15660,#15661);
#12556=AXIS2_PLACEMENT_3D('',#19090,#15662,#15663);
#12557=AXIS2_PLACEMENT_3D('',#19093,#15665,#15666);
#12558=AXIS2_PLACEMENT_3D('',#19094,#15667,#15668);
#12559=AXIS2_PLACEMENT_3D('',#19096,#15669,#15670);
#12560=AXIS2_PLACEMENT_3D('',#19099,#15672,#15673);
#12561=AXIS2_PLACEMENT_3D('',#19100,#15674,#15675);
#12562=AXIS2_PLACEMENT_3D('',#19102,#15676,#15677);
#12563=AXIS2_PLACEMENT_3D('',#19105,#15679,#15680);
#12564=AXIS2_PLACEMENT_3D('',#19106,#15681,#15682);
#12565=AXIS2_PLACEMENT_3D('',#19108,#15683,#15684);
#12566=AXIS2_PLACEMENT_3D('',#19111,#15686,#15687);
#12567=AXIS2_PLACEMENT_3D('',#19112,#15688,#15689);
#12568=AXIS2_PLACEMENT_3D('',#19113,#15690,#15691);
#12569=AXIS2_PLACEMENT_3D('',#19114,#15692,#15693);
#12570=AXIS2_PLACEMENT_3D('',#19115,#15694,#15695);
#12571=AXIS2_PLACEMENT_3D('',#19116,#15696,#15697);
#12572=AXIS2_PLACEMENT_3D('',#19117,#15698,#15699);
#12573=AXIS2_PLACEMENT_3D('',#19118,#15700,#15701);
#12574=AXIS2_PLACEMENT_3D('',#19119,#15702,#15703);
#12575=AXIS2_PLACEMENT_3D('',#19120,#15704,#15705);
#12576=AXIS2_PLACEMENT_3D('',#19121,#15706,#15707);
#12577=AXIS2_PLACEMENT_3D('',#19122,#15708,#15709);
#12578=AXIS2_PLACEMENT_3D('',#19123,#15710,#15711);
#12579=AXIS2_PLACEMENT_3D('',#19124,#15712,#15713);
#12580=AXIS2_PLACEMENT_3D('',#19125,#15714,#15715);
#12581=AXIS2_PLACEMENT_3D('',#19126,#15716,#15717);
#12582=AXIS2_PLACEMENT_3D('',#19128,#15718,#15719);
#12583=AXIS2_PLACEMENT_3D('',#19131,#15721,#15722);
#12584=AXIS2_PLACEMENT_3D('',#19132,#15723,#15724);
#12585=AXIS2_PLACEMENT_3D('',#19133,#15725,#15726);
#12586=AXIS2_PLACEMENT_3D('',#19135,#15727,#15728);
#12587=AXIS2_PLACEMENT_3D('',#19138,#15730,#15731);
#12588=AXIS2_PLACEMENT_3D('',#19139,#15732,#15733);
#12589=AXIS2_PLACEMENT_3D('',#19140,#15734,#15735);
#12590=AXIS2_PLACEMENT_3D('',#19149,#15740,#15741);
#12591=AXIS2_PLACEMENT_3D('',#19155,#15745,#15746);
#12592=AXIS2_PLACEMENT_3D('',#19161,#15750,#15751);
#12593=AXIS2_PLACEMENT_3D('',#19164,#15754,#15755);
#12594=AXIS2_PLACEMENT_3D('',#19165,#15756,#15757);
#12595=AXIS2_PLACEMENT_3D('',#19166,#15758,#15759);
#12596=AXIS2_PLACEMENT_3D('',#19167,#15760,#15761);
#12597=AXIS2_PLACEMENT_3D('',#19169,#15762,#15763);
#12598=AXIS2_PLACEMENT_3D('',#19172,#15765,#15766);
#12599=AXIS2_PLACEMENT_3D('',#19173,#15767,#15768);
#12600=AXIS2_PLACEMENT_3D('',#19174,#15769,#15770);
#12601=AXIS2_PLACEMENT_3D('',#19176,#15771,#15772);
#12602=AXIS2_PLACEMENT_3D('',#19179,#15774,#15775);
#12603=AXIS2_PLACEMENT_3D('',#19180,#15776,#15777);
#12604=AXIS2_PLACEMENT_3D('',#19181,#15778,#15779);
#12605=AXIS2_PLACEMENT_3D('',#19190,#15784,#15785);
#12606=AXIS2_PLACEMENT_3D('',#19196,#15789,#15790);
#12607=AXIS2_PLACEMENT_3D('',#19202,#15794,#15795);
#12608=AXIS2_PLACEMENT_3D('',#19205,#15798,#15799);
#12609=AXIS2_PLACEMENT_3D('',#19206,#15800,#15801);
#12610=AXIS2_PLACEMENT_3D('',#19207,#15802,#15803);
#12611=AXIS2_PLACEMENT_3D('',#19208,#15804,#15805);
#12612=AXIS2_PLACEMENT_3D('',#19209,#15806,#15807);
#12613=AXIS2_PLACEMENT_3D('',#19210,#15808,#15809);
#12614=AXIS2_PLACEMENT_3D('',#19211,#15810,#15811);
#12615=AXIS2_PLACEMENT_3D('',#19212,#15812,#15813);
#12616=AXIS2_PLACEMENT_3D('',#19213,#15814,#15815);
#12617=AXIS2_PLACEMENT_3D('',#19214,#15816,#15817);
#12618=AXIS2_PLACEMENT_3D('',#19215,#15818,#15819);
#12619=DIRECTION('axis',(0.,0.,1.));
#12620=DIRECTION('refdir',(1.,0.,0.));
#12621=DIRECTION('axis',(0.,0.,1.));
#12622=DIRECTION('refdir',(1.,0.,0.));
#12623=DIRECTION('axis',(0.,0.,1.));
#12624=DIRECTION('refdir',(1.,0.,0.));
#12625=DIRECTION('center_axis',(0.,0.,1.));
#12626=DIRECTION('ref_axis',(1.,0.,0.));
#12627=DIRECTION('center_axis',(0.,0.,1.));
#12628=DIRECTION('ref_axis',(1.,0.,0.));
#12629=DIRECTION('',(0.,0.,1.));
#12630=DIRECTION('center_axis',(0.,0.,-1.));
#12631=DIRECTION('ref_axis',(1.,0.,0.));
#12632=DIRECTION('center_axis',(0.,0.,1.));
#12633=DIRECTION('ref_axis',(1.,0.,0.));
#12634=DIRECTION('center_axis',(0.,0.,1.));
#12635=DIRECTION('ref_axis',(1.,0.,0.));
#12636=DIRECTION('',(0.,0.,1.));
#12637=DIRECTION('center_axis',(0.,0.,-1.));
#12638=DIRECTION('ref_axis',(1.,0.,0.));
#12639=DIRECTION('center_axis',(0.,0.,1.));
#12640=DIRECTION('ref_axis',(1.,0.,0.));
#12641=DIRECTION('center_axis',(0.,0.,1.));
#12642=DIRECTION('ref_axis',(1.,0.,0.));
#12643=DIRECTION('',(0.,0.,1.));
#12644=DIRECTION('center_axis',(0.,0.,-1.));
#12645=DIRECTION('ref_axis',(1.,0.,0.));
#12646=DIRECTION('center_axis',(0.,0.,1.));
#12647=DIRECTION('ref_axis',(1.,0.,0.));
#12648=DIRECTION('center_axis',(0.,0.,1.));
#12649=DIRECTION('ref_axis',(1.,0.,0.));
#12650=DIRECTION('',(0.,0.,1.));
#12651=DIRECTION('center_axis',(0.,0.,-1.));
#12652=DIRECTION('ref_axis',(1.,0.,0.));
#12653=DIRECTION('center_axis',(0.,0.,1.));
#12654=DIRECTION('ref_axis',(0.707106781186548,-0.707106781186547,0.));
#12655=DIRECTION('',(0.,0.,1.));
#12656=DIRECTION('center_axis',(0.,0.,1.));
#12657=DIRECTION('ref_axis',(1.,0.,0.));
#12658=DIRECTION('',(0.,0.,-1.));
#12659=DIRECTION('center_axis',(0.,0.,-1.));
#12660=DIRECTION('ref_axis',(1.,0.,0.));
#12661=DIRECTION('center_axis',(0.,0.,1.));
#12662=DIRECTION('ref_axis',(0.707106781186548,0.707106781186547,0.));
#12663=DIRECTION('',(0.,0.,1.));
#12664=DIRECTION('center_axis',(0.,0.,1.));
#12665=DIRECTION('ref_axis',(1.,0.,0.));
#12666=DIRECTION('',(0.,0.,-1.));
#12667=DIRECTION('center_axis',(0.,0.,-1.));
#12668=DIRECTION('ref_axis',(1.,0.,0.));
#12669=DIRECTION('center_axis',(0.,0.,1.));
#12670=DIRECTION('ref_axis',(-0.707106781186546,0.707106781186549,0.));
#12671=DIRECTION('center_axis',(0.,0.,1.));
#12672=DIRECTION('ref_axis',(1.,0.,0.));
#12673=DIRECTION('center_axis',(0.,0.,-1.));
#12674=DIRECTION('ref_axis',(1.,0.,0.));
#12675=DIRECTION('center_axis',(0.,0.,1.));
#12676=DIRECTION('ref_axis',(-0.707106781186546,-0.707106781186549,0.));
#12677=DIRECTION('center_axis',(0.,0.,1.));
#12678=DIRECTION('ref_axis',(1.,0.,0.));
#12679=DIRECTION('center_axis',(0.,0.,-1.));
#12680=DIRECTION('ref_axis',(1.,0.,0.));
#12681=DIRECTION('center_axis',(0.,0.,1.));
#12682=DIRECTION('ref_axis',(-0.707106781186548,-0.707106781186547,0.));
#12683=DIRECTION('',(0.,0.,1.));
#12684=DIRECTION('center_axis',(0.,0.,1.));
#12685=DIRECTION('ref_axis',(1.,0.,0.));
#12686=DIRECTION('',(0.,0.,-1.));
#12687=DIRECTION('center_axis',(0.,0.,-1.));
#12688=DIRECTION('ref_axis',(1.,0.,0.));
#12689=DIRECTION('center_axis',(0.,0.,1.));
#12690=DIRECTION('ref_axis',(-0.707106781186548,0.707106781186547,0.));
#12691=DIRECTION('',(0.,0.,1.));
#12692=DIRECTION('center_axis',(0.,0.,1.));
#12693=DIRECTION('ref_axis',(1.,0.,0.));
#12694=DIRECTION('',(0.,0.,-1.));
#12695=DIRECTION('center_axis',(0.,0.,-1.));
#12696=DIRECTION('ref_axis',(1.,0.,0.));
#12697=DIRECTION('center_axis',(0.,0.,1.));
#12698=DIRECTION('ref_axis',(0.707106781186547,0.707106781186548,0.));
#12699=DIRECTION('center_axis',(0.,0.,1.));
#12700=DIRECTION('ref_axis',(1.,0.,0.));
#12701=DIRECTION('center_axis',(0.,0.,-1.));
#12702=DIRECTION('ref_axis',(1.,0.,0.));
#12703=DIRECTION('center_axis',(0.,0.,1.));
#12704=DIRECTION('ref_axis',(0.707106781186546,-0.707106781186549,0.));
#12705=DIRECTION('center_axis',(0.,0.,1.));
#12706=DIRECTION('ref_axis',(1.,0.,0.));
#12707=DIRECTION('center_axis',(0.,0.,-1.));
#12708=DIRECTION('ref_axis',(1.,0.,0.));
#12709=DIRECTION('center_axis',(0.,0.,1.));
#12710=DIRECTION('ref_axis',(1.,0.,0.));
#12711=DIRECTION('center_axis',(0.,0.,1.));
#12712=DIRECTION('ref_axis',(1.,0.,0.));
#12713=DIRECTION('',(0.,0.,1.));
#12714=DIRECTION('center_axis',(0.,0.,-1.));
#12715=DIRECTION('ref_axis',(1.,0.,0.));
#12716=DIRECTION('center_axis',(0.,0.,1.));
#12717=DIRECTION('ref_axis',(1.,0.,0.));
#12718=DIRECTION('center_axis',(0.,0.,1.));
#12719=DIRECTION('ref_axis',(1.,0.,0.));
#12720=DIRECTION('',(0.,0.,1.));
#12721=DIRECTION('center_axis',(0.,0.,-1.));
#12722=DIRECTION('ref_axis',(1.,0.,0.));
#12723=DIRECTION('center_axis',(0.,0.,1.));
#12724=DIRECTION('ref_axis',(1.,0.,0.));
#12725=DIRECTION('center_axis',(0.,0.,1.));
#12726=DIRECTION('ref_axis',(1.,0.,0.));
#12727=DIRECTION('',(0.,0.,1.));
#12728=DIRECTION('center_axis',(0.,0.,-1.));
#12729=DIRECTION('ref_axis',(1.,0.,0.));
#12730=DIRECTION('center_axis',(0.,0.,1.));
#12731=DIRECTION('ref_axis',(1.,0.,0.));
#12732=DIRECTION('center_axis',(0.,0.,1.));
#12733=DIRECTION('ref_axis',(1.,0.,0.));
#12734=DIRECTION('',(0.,0.,1.));
#12735=DIRECTION('center_axis',(0.,0.,-1.));
#12736=DIRECTION('ref_axis',(1.,0.,0.));
#12737=DIRECTION('center_axis',(0.,0.,1.));
#12738=DIRECTION('ref_axis',(1.,0.,0.));
#12739=DIRECTION('center_axis',(0.,0.,1.));
#12740=DIRECTION('ref_axis',(1.,0.,0.));
#12741=DIRECTION('',(0.,0.,1.));
#12742=DIRECTION('center_axis',(0.,0.,-1.));
#12743=DIRECTION('ref_axis',(1.,0.,0.));
#12744=DIRECTION('center_axis',(0.,0.,1.));
#12745=DIRECTION('ref_axis',(1.,0.,0.));
#12746=DIRECTION('center_axis',(0.,0.,1.));
#12747=DIRECTION('ref_axis',(1.,0.,0.));
#12748=DIRECTION('',(0.,0.,1.));
#12749=DIRECTION('center_axis',(0.,0.,-1.));
#12750=DIRECTION('ref_axis',(1.,0.,0.));
#12751=DIRECTION('center_axis',(0.,0.,1.));
#12752=DIRECTION('ref_axis',(1.,0.,0.));
#12753=DIRECTION('center_axis',(0.,0.,1.));
#12754=DIRECTION('ref_axis',(1.,0.,0.));
#12755=DIRECTION('',(0.,0.,1.));
#12756=DIRECTION('center_axis',(0.,0.,-1.));
#12757=DIRECTION('ref_axis',(1.,0.,0.));
#12758=DIRECTION('center_axis',(0.,0.,1.));
#12759=DIRECTION('ref_axis',(1.,0.,0.));
#12760=DIRECTION('center_axis',(0.,0.,1.));
#12761=DIRECTION('ref_axis',(1.,0.,0.));
#12762=DIRECTION('',(0.,0.,1.));
#12763=DIRECTION('center_axis',(0.,0.,-1.));
#12764=DIRECTION('ref_axis',(1.,0.,0.));
#12765=DIRECTION('center_axis',(0.,0.,1.));
#12766=DIRECTION('ref_axis',(1.,0.,0.));
#12767=DIRECTION('center_axis',(0.,0.,1.));
#12768=DIRECTION('ref_axis',(1.,0.,0.));
#12769=DIRECTION('',(0.,0.,1.));
#12770=DIRECTION('center_axis',(0.,0.,-1.));
#12771=DIRECTION('ref_axis',(1.,0.,0.));
#12772=DIRECTION('center_axis',(0.,0.,1.));
#12773=DIRECTION('ref_axis',(1.,0.,0.));
#12774=DIRECTION('center_axis',(0.,0.,1.));
#12775=DIRECTION('ref_axis',(1.,0.,0.));
#12776=DIRECTION('',(0.,0.,1.));
#12777=DIRECTION('center_axis',(0.,0.,-1.));
#12778=DIRECTION('ref_axis',(1.,0.,0.));
#12779=DIRECTION('center_axis',(0.,0.,1.));
#12780=DIRECTION('ref_axis',(1.,0.,0.));
#12781=DIRECTION('center_axis',(0.,0.,1.));
#12782=DIRECTION('ref_axis',(1.,0.,0.));
#12783=DIRECTION('',(0.,0.,1.));
#12784=DIRECTION('center_axis',(0.,0.,-1.));
#12785=DIRECTION('ref_axis',(1.,0.,0.));
#12786=DIRECTION('center_axis',(0.,0.,1.));
#12787=DIRECTION('ref_axis',(1.,0.,0.));
#12788=DIRECTION('center_axis',(0.,0.,1.));
#12789=DIRECTION('ref_axis',(1.,0.,0.));
#12790=DIRECTION('',(0.,0.,1.));
#12791=DIRECTION('center_axis',(0.,0.,-1.));
#12792=DIRECTION('ref_axis',(1.,0.,0.));
#12793=DIRECTION('center_axis',(0.,0.,1.));
#12794=DIRECTION('ref_axis',(1.,0.,0.));
#12795=DIRECTION('center_axis',(0.,0.,1.));
#12796=DIRECTION('ref_axis',(1.,0.,0.));
#12797=DIRECTION('',(0.,0.,1.));
#12798=DIRECTION('center_axis',(0.,0.,-1.));
#12799=DIRECTION('ref_axis',(1.,0.,0.));
#12800=DIRECTION('center_axis',(0.,0.,1.));
#12801=DIRECTION('ref_axis',(1.,0.,0.));
#12802=DIRECTION('center_axis',(0.,0.,1.));
#12803=DIRECTION('ref_axis',(1.,0.,0.));
#12804=DIRECTION('',(0.,0.,1.));
#12805=DIRECTION('center_axis',(0.,0.,-1.));
#12806=DIRECTION('ref_axis',(1.,0.,0.));
#12807=DIRECTION('center_axis',(0.,0.,1.));
#12808=DIRECTION('ref_axis',(1.,0.,0.));
#12809=DIRECTION('center_axis',(0.,0.,1.));
#12810=DIRECTION('ref_axis',(1.,0.,0.));
#12811=DIRECTION('',(0.,0.,1.));
#12812=DIRECTION('center_axis',(0.,0.,-1.));
#12813=DIRECTION('ref_axis',(1.,0.,0.));
#12814=DIRECTION('center_axis',(0.,0.,1.));
#12815=DIRECTION('ref_axis',(1.,0.,0.));
#12816=DIRECTION('center_axis',(0.,0.,1.));
#12817=DIRECTION('ref_axis',(1.,0.,0.));
#12818=DIRECTION('',(0.,0.,1.));
#12819=DIRECTION('center_axis',(0.,0.,-1.));
#12820=DIRECTION('ref_axis',(1.,0.,0.));
#12821=DIRECTION('center_axis',(1.,0.,0.));
#12822=DIRECTION('ref_axis',(0.,1.,0.));
#12823=DIRECTION('',(0.,-1.,0.));
#12824=DIRECTION('',(0.,0.,1.));
#12825=DIRECTION('',(0.,1.,0.));
#12826=DIRECTION('',(0.,0.,1.));
#12827=DIRECTION('center_axis',(-1.,0.,0.));
#12828=DIRECTION('ref_axis',(0.,-1.,0.));
#12829=DIRECTION('',(0.,-1.,0.));
#12830=DIRECTION('',(0.,0.,1.));
#12831=DIRECTION('',(0.,1.,0.));
#12832=DIRECTION('',(0.,0.,1.));
#12833=DIRECTION('center_axis',(0.,1.,0.));
#12834=DIRECTION('ref_axis',(-1.,0.,0.));
#12835=DIRECTION('',(1.,0.,0.));
#12836=DIRECTION('',(-1.,0.,0.));
#12837=DIRECTION('center_axis',(0.,-1.,0.));
#12838=DIRECTION('ref_axis',(1.,0.,0.));
#12839=DIRECTION('',(1.,0.,0.));
#12840=DIRECTION('',(-1.,0.,0.));
#12841=DIRECTION('center_axis',(1.,0.,0.));
#12842=DIRECTION('ref_axis',(0.,1.,0.));
#12843=DIRECTION('',(0.,-1.,0.));
#12844=DIRECTION('',(0.,0.,1.));
#12845=DIRECTION('',(0.,1.,0.));
#12846=DIRECTION('',(0.,0.,1.));
#12847=DIRECTION('center_axis',(-1.,0.,0.));
#12848=DIRECTION('ref_axis',(0.,-1.,0.));
#12849=DIRECTION('',(0.,-1.,0.));
#12850=DIRECTION('',(0.,0.,1.));
#12851=DIRECTION('',(0.,1.,0.));
#12852=DIRECTION('',(0.,0.,1.));
#12853=DIRECTION('center_axis',(0.,1.,0.));
#12854=DIRECTION('ref_axis',(-1.,0.,0.));
#12855=DIRECTION('',(1.,0.,0.));
#12856=DIRECTION('',(-1.,0.,0.));
#12857=DIRECTION('center_axis',(0.,-1.,0.));
#12858=DIRECTION('ref_axis',(1.,0.,0.));
#12859=DIRECTION('',(1.,0.,0.));
#12860=DIRECTION('',(-1.,0.,0.));
#12861=DIRECTION('center_axis',(1.,0.,0.));
#12862=DIRECTION('ref_axis',(0.,1.,0.));
#12863=DIRECTION('',(0.,-1.,0.));
#12864=DIRECTION('',(0.,0.,1.));
#12865=DIRECTION('',(0.,1.,0.));
#12866=DIRECTION('',(0.,0.,1.));
#12867=DIRECTION('center_axis',(-1.,0.,0.));
#12868=DIRECTION('ref_axis',(0.,-1.,0.));
#12869=DIRECTION('',(0.,-1.,0.));
#12870=DIRECTION('',(0.,0.,1.));
#12871=DIRECTION('',(0.,1.,0.));
#12872=DIRECTION('',(0.,0.,1.));
#12873=DIRECTION('center_axis',(0.,1.,0.));
#12874=DIRECTION('ref_axis',(-1.,0.,0.));
#12875=DIRECTION('',(1.,0.,0.));
#12876=DIRECTION('',(-1.,0.,0.));
#12877=DIRECTION('center_axis',(0.,-1.,0.));
#12878=DIRECTION('ref_axis',(1.,0.,0.));
#12879=DIRECTION('',(1.,0.,0.));
#12880=DIRECTION('',(-1.,0.,0.));
#12881=DIRECTION('center_axis',(1.,0.,0.));
#12882=DIRECTION('ref_axis',(0.,1.,0.));
#12883=DIRECTION('',(0.,-1.,0.));
#12884=DIRECTION('',(0.,0.,1.));
#12885=DIRECTION('',(0.,1.,0.));
#12886=DIRECTION('',(0.,0.,1.));
#12887=DIRECTION('center_axis',(-1.,0.,0.));
#12888=DIRECTION('ref_axis',(0.,-1.,0.));
#12889=DIRECTION('',(0.,-1.,0.));
#12890=DIRECTION('',(0.,0.,1.));
#12891=DIRECTION('',(0.,1.,0.));
#12892=DIRECTION('',(0.,0.,1.));
#12893=DIRECTION('center_axis',(0.,1.,0.));
#12894=DIRECTION('ref_axis',(-1.,0.,0.));
#12895=DIRECTION('',(1.,0.,0.));
#12896=DIRECTION('',(-1.,0.,0.));
#12897=DIRECTION('center_axis',(0.,-1.,0.));
#12898=DIRECTION('ref_axis',(1.,0.,0.));
#12899=DIRECTION('',(1.,0.,0.));
#12900=DIRECTION('',(-1.,0.,0.));
#12901=DIRECTION('center_axis',(0.,0.,1.));
#12902=DIRECTION('ref_axis',(1.,0.,0.));
#12903=DIRECTION('center_axis',(0.,0.,1.));
#12904=DIRECTION('ref_axis',(1.,0.,0.));
#12905=DIRECTION('',(0.,0.,1.));
#12906=DIRECTION('center_axis',(0.,0.,-1.));
#12907=DIRECTION('ref_axis',(1.,0.,0.));
#12908=DIRECTION('center_axis',(0.,0.,1.));
#12909=DIRECTION('ref_axis',(1.,0.,0.));
#12910=DIRECTION('center_axis',(0.,0.,1.));
#12911=DIRECTION('ref_axis',(1.,0.,0.));
#12912=DIRECTION('',(0.,0.,1.));
#12913=DIRECTION('center_axis',(0.,0.,-1.));
#12914=DIRECTION('ref_axis',(1.,0.,0.));
#12915=DIRECTION('center_axis',(0.,0.,1.));
#12916=DIRECTION('ref_axis',(1.,0.,0.));
#12917=DIRECTION('center_axis',(0.,0.,1.));
#12918=DIRECTION('ref_axis',(1.,0.,0.));
#12919=DIRECTION('',(0.,0.,1.));
#12920=DIRECTION('center_axis',(0.,0.,-1.));
#12921=DIRECTION('ref_axis',(1.,0.,0.));
#12922=DIRECTION('center_axis',(0.,0.,1.));
#12923=DIRECTION('ref_axis',(1.,0.,0.));
#12924=DIRECTION('center_axis',(0.,0.,1.));
#12925=DIRECTION('ref_axis',(1.,0.,0.));
#12926=DIRECTION('',(0.,0.,1.));
#12927=DIRECTION('center_axis',(0.,0.,-1.));
#12928=DIRECTION('ref_axis',(1.,0.,0.));
#12929=DIRECTION('center_axis',(0.,0.,1.));
#12930=DIRECTION('ref_axis',(1.,0.,0.));
#12931=DIRECTION('center_axis',(0.,0.,1.));
#12932=DIRECTION('ref_axis',(1.,0.,0.));
#12933=DIRECTION('',(0.,0.,1.));
#12934=DIRECTION('center_axis',(0.,0.,-1.));
#12935=DIRECTION('ref_axis',(1.,0.,0.));
#12936=DIRECTION('center_axis',(0.,0.,1.));
#12937=DIRECTION('ref_axis',(1.,0.,0.));
#12938=DIRECTION('center_axis',(0.,0.,1.));
#12939=DIRECTION('ref_axis',(1.,0.,0.));
#12940=DIRECTION('',(0.,0.,1.));
#12941=DIRECTION('center_axis',(0.,0.,-1.));
#12942=DIRECTION('ref_axis',(1.,0.,0.));
#12943=DIRECTION('center_axis',(0.,0.,1.));
#12944=DIRECTION('ref_axis',(1.,0.,0.));
#12945=DIRECTION('center_axis',(0.,0.,1.));
#12946=DIRECTION('ref_axis',(1.,0.,0.));
#12947=DIRECTION('',(0.,0.,1.));
#12948=DIRECTION('center_axis',(0.,0.,-1.));
#12949=DIRECTION('ref_axis',(1.,0.,0.));
#12950=DIRECTION('center_axis',(0.,0.,1.));
#12951=DIRECTION('ref_axis',(1.,0.,0.));
#12952=DIRECTION('center_axis',(0.,0.,1.));
#12953=DIRECTION('ref_axis',(1.,0.,0.));
#12954=DIRECTION('',(0.,0.,1.));
#12955=DIRECTION('center_axis',(0.,0.,-1.));
#12956=DIRECTION('ref_axis',(1.,0.,0.));
#12957=DIRECTION('center_axis',(0.,0.,1.));
#12958=DIRECTION('ref_axis',(1.,0.,0.));
#12959=DIRECTION('center_axis',(0.,0.,1.));
#12960=DIRECTION('ref_axis',(1.,0.,0.));
#12961=DIRECTION('',(0.,0.,1.));
#12962=DIRECTION('center_axis',(0.,0.,-1.));
#12963=DIRECTION('ref_axis',(1.,0.,0.));
#12964=DIRECTION('center_axis',(0.,0.,1.));
#12965=DIRECTION('ref_axis',(1.,0.,0.));
#12966=DIRECTION('center_axis',(0.,0.,1.));
#12967=DIRECTION('ref_axis',(1.,0.,0.));
#12968=DIRECTION('',(0.,0.,1.));
#12969=DIRECTION('center_axis',(0.,0.,-1.));
#12970=DIRECTION('ref_axis',(1.,0.,0.));
#12971=DIRECTION('center_axis',(0.,0.,1.));
#12972=DIRECTION('ref_axis',(1.,0.,0.));
#12973=DIRECTION('center_axis',(0.,0.,1.));
#12974=DIRECTION('ref_axis',(1.,0.,0.));
#12975=DIRECTION('',(0.,0.,1.));
#12976=DIRECTION('center_axis',(0.,0.,-1.));
#12977=DIRECTION('ref_axis',(1.,0.,0.));
#12978=DIRECTION('center_axis',(0.,0.,1.));
#12979=DIRECTION('ref_axis',(1.,0.,0.));
#12980=DIRECTION('center_axis',(0.,0.,1.));
#12981=DIRECTION('ref_axis',(1.,0.,0.));
#12982=DIRECTION('',(0.,0.,1.));
#12983=DIRECTION('center_axis',(0.,0.,-1.));
#12984=DIRECTION('ref_axis',(1.,0.,0.));
#12985=DIRECTION('center_axis',(0.,0.,1.));
#12986=DIRECTION('ref_axis',(1.,0.,0.));
#12987=DIRECTION('center_axis',(0.,0.,1.));
#12988=DIRECTION('ref_axis',(1.,0.,0.));
#12989=DIRECTION('',(0.,0.,1.));
#12990=DIRECTION('center_axis',(0.,0.,-1.));
#12991=DIRECTION('ref_axis',(1.,0.,0.));
#12992=DIRECTION('center_axis',(0.,0.,1.));
#12993=DIRECTION('ref_axis',(1.,0.,0.));
#12994=DIRECTION('center_axis',(0.,0.,1.));
#12995=DIRECTION('ref_axis',(1.,0.,0.));
#12996=DIRECTION('',(0.,0.,1.));
#12997=DIRECTION('center_axis',(0.,0.,-1.));
#12998=DIRECTION('ref_axis',(1.,0.,0.));
#12999=DIRECTION('center_axis',(0.,0.,1.));
#13000=DIRECTION('ref_axis',(1.,0.,0.));
#13001=DIRECTION('center_axis',(0.,0.,1.));
#13002=DIRECTION('ref_axis',(1.,0.,0.));
#13003=DIRECTION('',(0.,0.,1.));
#13004=DIRECTION('center_axis',(0.,0.,-1.));
#13005=DIRECTION('ref_axis',(1.,0.,0.));
#13006=DIRECTION('center_axis',(0.,0.,1.));
#13007=DIRECTION('ref_axis',(1.,0.,0.));
#13008=DIRECTION('center_axis',(0.,0.,1.));
#13009=DIRECTION('ref_axis',(1.,0.,0.));
#13010=DIRECTION('',(0.,0.,1.));
#13011=DIRECTION('center_axis',(0.,0.,-1.));
#13012=DIRECTION('ref_axis',(1.,0.,0.));
#13013=DIRECTION('center_axis',(0.,0.,1.));
#13014=DIRECTION('ref_axis',(1.,0.,0.));
#13015=DIRECTION('center_axis',(0.,0.,1.));
#13016=DIRECTION('ref_axis',(1.,0.,0.));
#13017=DIRECTION('',(0.,0.,1.));
#13018=DIRECTION('center_axis',(0.,0.,-1.));
#13019=DIRECTION('ref_axis',(1.,0.,0.));
#13020=DIRECTION('center_axis',(0.,0.,1.));
#13021=DIRECTION('ref_axis',(1.,0.,0.));
#13022=DIRECTION('center_axis',(0.,0.,1.));
#13023=DIRECTION('ref_axis',(1.,0.,0.));
#13024=DIRECTION('',(0.,0.,1.));
#13025=DIRECTION('center_axis',(0.,0.,-1.));
#13026=DIRECTION('ref_axis',(1.,0.,0.));
#13027=DIRECTION('center_axis',(0.,-1.,0.));
#13028=DIRECTION('ref_axis',(1.,0.,0.));
#13029=DIRECTION('',(1.,0.,0.));
#13030=DIRECTION('',(0.,0.,1.));
#13031=DIRECTION('',(-1.,0.,0.));
#13032=DIRECTION('',(0.,0.,1.));
#13033=DIRECTION('center_axis',(-1.,0.,0.));
#13034=DIRECTION('ref_axis',(0.,-1.,0.));
#13035=DIRECTION('',(0.,-1.,0.));
#13036=DIRECTION('',(0.,0.,1.));
#13037=DIRECTION('',(0.,1.,0.));
#13038=DIRECTION('center_axis',(0.,1.,0.));
#13039=DIRECTION('ref_axis',(-1.,0.,0.));
#13040=DIRECTION('',(-1.,0.,0.));
#13041=DIRECTION('',(0.,0.,-1.));
#13042=DIRECTION('',(1.,0.,0.));
#13043=DIRECTION('center_axis',(0.,0.,-1.));
#13044=DIRECTION('ref_axis',(-1.,0.,0.));
#13045=DIRECTION('',(0.,-1.,0.));
#13046=DIRECTION('',(-1.,0.,0.));
#13047=DIRECTION('',(0.,1.,0.));
#13048=DIRECTION('',(1.,0.,0.));
#13049=DIRECTION('',(0.,1.,0.));
#13050=DIRECTION('',(-1.,0.,0.));
#13051=DIRECTION('',(0.,1.,0.));
#13052=DIRECTION('',(1.,0.,0.));
#13053=DIRECTION('',(0.,-1.,0.));
#13054=DIRECTION('center_axis',(1.,0.,0.));
#13055=DIRECTION('ref_axis',(0.,-1.,0.));
#13056=DIRECTION('',(0.,1.,0.));
#13057=DIRECTION('',(0.,0.,-1.));
#13058=DIRECTION('center_axis',(0.,1.,0.));
#13059=DIRECTION('ref_axis',(-1.,0.,0.));
#13060=DIRECTION('',(0.,0.,1.));
#13061=DIRECTION('',(1.,0.,0.));
#13062=DIRECTION('',(0.,0.,1.));
#13063=DIRECTION('center_axis',(1.,0.,0.));
#13064=DIRECTION('ref_axis',(0.,1.,0.));
#13065=DIRECTION('',(0.,0.,1.));
#13066=DIRECTION('',(0.,-1.,0.));
#13067=DIRECTION('center_axis',(0.,-1.,0.));
#13068=DIRECTION('ref_axis',(1.,0.,0.));
#13069=DIRECTION('',(0.,0.,-1.));
#13070=DIRECTION('',(-1.,0.,0.));
#13071=DIRECTION('center_axis',(0.,0.,1.));
#13072=DIRECTION('ref_axis',(1.,0.,0.));
#13073=DIRECTION('',(0.,1.,0.));
#13074=DIRECTION('',(-1.,0.,0.));
#13075=DIRECTION('',(0.,-1.,0.));
#13076=DIRECTION('',(0.,-1.,0.));
#13077=DIRECTION('',(1.,0.,0.));
#13078=DIRECTION('center_axis',(-1.,0.,0.));
#13079=DIRECTION('ref_axis',(0.,1.,0.));
#13080=DIRECTION('',(0.,0.,-1.));
#13081=DIRECTION('center_axis',(-1.,0.,0.));
#13082=DIRECTION('ref_axis',(0.,1.,0.));
#13083=DIRECTION('',(0.,0.,-1.));
#13084=DIRECTION('center_axis',(0.,1.,0.));
#13085=DIRECTION('ref_axis',(1.,0.,0.));
#13086=DIRECTION('',(0.,0.,-1.));
#13087=DIRECTION('center_axis',(0.,-1.,0.));
#13088=DIRECTION('ref_axis',(-1.,0.,0.));
#13089=DIRECTION('center_axis',(1.,0.,0.));
#13090=DIRECTION('ref_axis',(0.,-1.,0.));
#13091=DIRECTION('axis',(0.,0.,1.));
#13092=DIRECTION('refdir',(1.,0.,0.));
#13093=DIRECTION('center_axis',(1.,0.,0.));
#13094=DIRECTION('ref_axis',(0.,0.,-1.));
#13095=DIRECTION('center_axis',(1.,0.,0.));
#13096=DIRECTION('ref_axis',(0.,0.,-1.));
#13097=DIRECTION('',(1.,0.,0.));
#13098=DIRECTION('center_axis',(-1.,0.,0.));
#13099=DIRECTION('ref_axis',(0.,0.,-1.));
#13100=DIRECTION('center_axis',(1.,0.,0.));
#13101=DIRECTION('ref_axis',(0.,0.,-1.));
#13102=DIRECTION('center_axis',(1.,0.,0.));
#13103=DIRECTION('ref_axis',(0.,0.,-1.));
#13104=DIRECTION('',(1.,0.,0.));
#13105=DIRECTION('center_axis',(-1.,0.,0.));
#13106=DIRECTION('ref_axis',(0.,0.,-1.));
#13107=DIRECTION('center_axis',(1.,0.,0.));
#13108=DIRECTION('ref_axis',(0.,0.,-1.));
#13109=DIRECTION('center_axis',(1.,0.,0.));
#13110=DIRECTION('ref_axis',(0.,0.,-1.));
#13111=DIRECTION('',(1.,0.,0.));
#13112=DIRECTION('center_axis',(-1.,0.,0.));
#13113=DIRECTION('ref_axis',(0.,0.,-1.));
#13114=DIRECTION('center_axis',(1.,0.,0.));
#13115=DIRECTION('ref_axis',(0.,0.,-1.));
#13116=DIRECTION('center_axis',(1.,0.,0.));
#13117=DIRECTION('ref_axis',(0.,0.,-1.));
#13118=DIRECTION('',(1.,0.,0.));
#13119=DIRECTION('center_axis',(-1.,0.,0.));
#13120=DIRECTION('ref_axis',(0.,0.,-1.));
#13121=DIRECTION('center_axis',(0.,-1.,0.));
#13122=DIRECTION('ref_axis',(0.,0.,-1.));
#13123=DIRECTION('',(0.,0.,-1.));
#13124=DIRECTION('',(1.,0.,0.));
#13125=DIRECTION('',(0.,0.,1.));
#13126=DIRECTION('',(1.,0.,0.));
#13127=DIRECTION('center_axis',(0.,0.,1.));
#13128=DIRECTION('ref_axis',(0.,-1.,0.));
#13129=DIRECTION('',(0.,-1.,0.));
#13130=DIRECTION('',(1.,0.,0.));
#13131=DIRECTION('',(0.,1.,0.));
#13132=DIRECTION('center_axis',(0.,1.,0.));
#13133=DIRECTION('ref_axis',(0.,0.,1.));
#13134=DIRECTION('',(0.,0.,1.));
#13135=DIRECTION('',(-1.,0.,0.));
#13136=DIRECTION('',(0.,0.,-1.));
#13137=DIRECTION('center_axis',(1.,0.,0.));
#13138=DIRECTION('ref_axis',(0.,0.,-1.));
#13139=DIRECTION('',(0.,1.,0.));
#13140=DIRECTION('',(0.,0.,1.));
#13141=DIRECTION('',(0.,-1.,0.));
#13142=DIRECTION('',(0.,0.,-1.));
#13143=DIRECTION('',(0.,1.,0.));
#13144=DIRECTION('center_axis',(0.,0.,-1.));
#13145=DIRECTION('ref_axis',(0.,1.,0.));
#13146=DIRECTION('',(0.,-1.,0.));
#13147=DIRECTION('',(1.,0.,0.));
#13148=DIRECTION('center_axis',(0.,0.,-1.));
#13149=DIRECTION('ref_axis',(0.,1.,0.));
#13150=DIRECTION('',(1.,0.,0.));
#13151=DIRECTION('',(0.,-1.,0.));
#13152=DIRECTION('center_axis',(0.,-1.,0.));
#13153=DIRECTION('ref_axis',(0.,0.,-1.));
#13154=DIRECTION('',(-1.,0.,0.));
#13155=DIRECTION('',(0.,0.,-1.));
#13156=DIRECTION('center_axis',(0.,-1.,0.));
#13157=DIRECTION('ref_axis',(0.,0.,-1.));
#13158=DIRECTION('',(0.,0.,1.));
#13159=DIRECTION('',(1.,0.,0.));
#13160=DIRECTION('center_axis',(0.,0.,1.));
#13161=DIRECTION('ref_axis',(0.,-1.,0.));
#13162=DIRECTION('',(0.,1.,0.));
#13163=DIRECTION('center_axis',(1.,0.,0.));
#13164=DIRECTION('ref_axis',(0.,0.,-1.));
#13165=DIRECTION('axis',(0.,0.,1.));
#13166=DIRECTION('refdir',(1.,0.,0.));
#13167=DIRECTION('center_axis',(1.,0.,0.));
#13168=DIRECTION('ref_axis',(0.,0.,-1.));
#13169=DIRECTION('center_axis',(1.,0.,0.));
#13170=DIRECTION('ref_axis',(0.,0.,-1.));
#13171=DIRECTION('',(1.,0.,0.));
#13172=DIRECTION('center_axis',(-1.,0.,0.));
#13173=DIRECTION('ref_axis',(0.,0.,-1.));
#13174=DIRECTION('center_axis',(1.,0.,0.));
#13175=DIRECTION('ref_axis',(0.,0.,-1.));
#13176=DIRECTION('center_axis',(1.,0.,0.));
#13177=DIRECTION('ref_axis',(0.,0.,-1.));
#13178=DIRECTION('',(1.,0.,0.));
#13179=DIRECTION('center_axis',(-1.,0.,0.));
#13180=DIRECTION('ref_axis',(0.,0.,-1.));
#13181=DIRECTION('center_axis',(1.,0.,0.));
#13182=DIRECTION('ref_axis',(0.,0.,-1.));
#13183=DIRECTION('center_axis',(1.,0.,0.));
#13184=DIRECTION('ref_axis',(0.,0.,-1.));
#13185=DIRECTION('',(1.,0.,0.));
#13186=DIRECTION('center_axis',(-1.,0.,0.));
#13187=DIRECTION('ref_axis',(0.,0.,-1.));
#13188=DIRECTION('center_axis',(1.,0.,0.));
#13189=DIRECTION('ref_axis',(0.,0.,-1.));
#13190=DIRECTION('center_axis',(1.,0.,0.));
#13191=DIRECTION('ref_axis',(0.,0.,-1.));
#13192=DIRECTION('',(1.,0.,0.));
#13193=DIRECTION('center_axis',(-1.,0.,0.));
#13194=DIRECTION('ref_axis',(0.,0.,-1.));
#13195=DIRECTION('center_axis',(0.,1.,0.));
#13196=DIRECTION('ref_axis',(0.,0.,1.));
#13197=DIRECTION('',(0.,0.,-1.));
#13198=DIRECTION('',(1.,0.,0.));
#13199=DIRECTION('',(0.,0.,1.));
#13200=DIRECTION('',(-1.,0.,0.));
#13201=DIRECTION('center_axis',(0.,-1.,0.));
#13202=DIRECTION('ref_axis',(0.,0.,-1.));
#13203=DIRECTION('',(0.,0.,1.));
#13204=DIRECTION('',(1.,0.,0.));
#13205=DIRECTION('',(0.,0.,-1.));
#13206=DIRECTION('',(1.,0.,0.));
#13207=DIRECTION('center_axis',(0.,0.,1.));
#13208=DIRECTION('ref_axis',(0.,-1.,0.));
#13209=DIRECTION('',(0.,1.,0.));
#13210=DIRECTION('',(0.,-1.,0.));
#13211=DIRECTION('center_axis',(-1.,0.,0.));
#13212=DIRECTION('ref_axis',(0.,0.,1.));
#13213=DIRECTION('',(0.,-1.,0.));
#13214=DIRECTION('',(0.,0.,1.));
#13215=DIRECTION('',(0.,1.,0.));
#13216=DIRECTION('',(0.,0.,-1.));
#13217=DIRECTION('',(0.,-1.,0.));
#13218=DIRECTION('center_axis',(0.,0.,-1.));
#13219=DIRECTION('ref_axis',(0.,-1.,0.));
#13220=DIRECTION('',(0.,-1.,0.));
#13221=DIRECTION('',(-1.,0.,0.));
#13222=DIRECTION('center_axis',(0.,0.,-1.));
#13223=DIRECTION('ref_axis',(0.,-1.,0.));
#13224=DIRECTION('',(1.,0.,0.));
#13225=DIRECTION('',(0.,-1.,0.));
#13226=DIRECTION('center_axis',(0.,-1.,0.));
#13227=DIRECTION('ref_axis',(0.,0.,-1.));
#13228=DIRECTION('',(-1.,0.,0.));
#13229=DIRECTION('',(0.,0.,1.));
#13230=DIRECTION('center_axis',(0.,0.,1.));
#13231=DIRECTION('ref_axis',(0.,1.,0.));
#13232=DIRECTION('',(-1.,0.,0.));
#13233=DIRECTION('',(0.,1.,0.));
#13234=DIRECTION('center_axis',(0.,-1.,0.));
#13235=DIRECTION('ref_axis',(0.,0.,1.));
#13236=DIRECTION('',(0.,0.,1.));
#13237=DIRECTION('center_axis',(1.,0.,0.));
#13238=DIRECTION('ref_axis',(0.,0.,-1.));
#13239=DIRECTION('axis',(0.,0.,1.));
#13240=DIRECTION('refdir',(1.,0.,0.));
#13241=DIRECTION('center_axis',(0.,0.,1.));
#13242=DIRECTION('ref_axis',(1.,0.,0.));
#13243=DIRECTION('center_axis',(0.,0.,1.));
#13244=DIRECTION('ref_axis',(1.,0.,0.));
#13245=DIRECTION('',(0.,0.,1.));
#13246=DIRECTION('center_axis',(0.,0.,-1.));
#13247=DIRECTION('ref_axis',(1.,0.,0.));
#13248=DIRECTION('center_axis',(0.,0.,1.));
#13249=DIRECTION('ref_axis',(1.,0.,0.));
#13250=DIRECTION('center_axis',(0.,0.,1.));
#13251=DIRECTION('ref_axis',(1.,0.,0.));
#13252=DIRECTION('',(0.,0.,1.));
#13253=DIRECTION('center_axis',(0.,0.,-1.));
#13254=DIRECTION('ref_axis',(1.,0.,0.));
#13255=DIRECTION('center_axis',(0.,0.,1.));
#13256=DIRECTION('ref_axis',(1.,0.,0.));
#13257=DIRECTION('center_axis',(0.,0.,1.));
#13258=DIRECTION('ref_axis',(1.,0.,0.));
#13259=DIRECTION('',(0.,0.,1.));
#13260=DIRECTION('center_axis',(0.,0.,-1.));
#13261=DIRECTION('ref_axis',(1.,0.,0.));
#13262=DIRECTION('center_axis',(0.,0.,1.));
#13263=DIRECTION('ref_axis',(1.,0.,0.));
#13264=DIRECTION('center_axis',(0.,0.,1.));
#13265=DIRECTION('ref_axis',(1.,0.,0.));
#13266=DIRECTION('',(0.,0.,1.));
#13267=DIRECTION('center_axis',(0.,0.,-1.));
#13268=DIRECTION('ref_axis',(1.,0.,0.));
#13269=DIRECTION('center_axis',(0.,0.,1.));
#13270=DIRECTION('ref_axis',(1.,0.,0.));
#13271=DIRECTION('center_axis',(0.,0.,1.));
#13272=DIRECTION('ref_axis',(1.,0.,0.));
#13273=DIRECTION('',(0.,0.,1.));
#13274=DIRECTION('center_axis',(0.,0.,-1.));
#13275=DIRECTION('ref_axis',(1.,0.,0.));
#13276=DIRECTION('center_axis',(0.,0.,1.));
#13277=DIRECTION('ref_axis',(1.,0.,0.));
#13278=DIRECTION('center_axis',(0.,0.,1.));
#13279=DIRECTION('ref_axis',(1.,0.,0.));
#13280=DIRECTION('',(0.,0.,1.));
#13281=DIRECTION('center_axis',(0.,0.,-1.));
#13282=DIRECTION('ref_axis',(1.,0.,0.));
#13283=DIRECTION('center_axis',(0.,0.,1.));
#13284=DIRECTION('ref_axis',(1.,0.,0.));
#13285=DIRECTION('center_axis',(0.,0.,1.));
#13286=DIRECTION('ref_axis',(1.,0.,0.));
#13287=DIRECTION('',(0.,0.,1.));
#13288=DIRECTION('center_axis',(0.,0.,-1.));
#13289=DIRECTION('ref_axis',(1.,0.,0.));
#13290=DIRECTION('center_axis',(0.,-1.,0.));
#13291=DIRECTION('ref_axis',(1.,0.,0.));
#13292=DIRECTION('',(1.,0.,0.));
#13293=DIRECTION('',(0.,0.,1.));
#13294=DIRECTION('',(1.,0.,0.));
#13295=DIRECTION('',(0.,0.,1.));
#13296=DIRECTION('center_axis',(-1.,0.,0.));
#13297=DIRECTION('ref_axis',(0.,-1.,0.));
#13298=DIRECTION('',(0.,-1.,0.));
#13299=DIRECTION('',(0.,-1.,0.));
#13300=DIRECTION('',(0.,0.,1.));
#13301=DIRECTION('center_axis',(0.,1.,0.));
#13302=DIRECTION('ref_axis',(-1.,0.,0.));
#13303=DIRECTION('',(-1.,0.,0.));
#13304=DIRECTION('',(-1.,0.,0.));
#13305=DIRECTION('',(0.,0.,1.));
#13306=DIRECTION('center_axis',(1.,0.,0.));
#13307=DIRECTION('ref_axis',(0.,1.,0.));
#13308=DIRECTION('',(0.,1.,0.));
#13309=DIRECTION('',(0.,1.,0.));
#13310=DIRECTION('center_axis',(0.,0.,1.));
#13311=DIRECTION('ref_axis',(1.,0.,0.));
#13312=DIRECTION('center_axis',(0.,0.,1.));
#13313=DIRECTION('ref_axis',(1.,0.,0.));
#13314=DIRECTION('axis',(0.,0.,1.));
#13315=DIRECTION('refdir',(1.,0.,0.));
#13316=DIRECTION('center_axis',(0.,0.,1.));
#13317=DIRECTION('ref_axis',(1.,0.,0.));
#13318=DIRECTION('',(1.,0.,0.));
#13319=DIRECTION('center_axis',(0.,0.,1.));
#13320=DIRECTION('ref_axis',(1.,0.,0.));
#13321=DIRECTION('center_axis',(0.,0.,1.));
#13322=DIRECTION('ref_axis',(1.,0.,0.));
#13323=DIRECTION('center_axis',(0.,0.841879138963874,0.539666114720432));
#13324=DIRECTION('ref_axis',(0.,0.539666114720432,-0.841879138963874));
#13325=DIRECTION('center_axis',(0.,0.,-1.));
#13326=DIRECTION('ref_axis',(0.,-1.,0.));
#13327=DIRECTION('',(0.,-1.,0.));
#13328=DIRECTION('',(-1.,0.,0.));
#13329=DIRECTION('',(0.,-1.,0.));
#13330=DIRECTION('',(-1.,0.,0.));
#13331=DIRECTION('center_axis',(0.,0.,-1.));
#13332=DIRECTION('ref_axis',(1.,0.,0.));
#13333=DIRECTION('center_axis',(0.,0.,-1.));
#13334=DIRECTION('ref_axis',(1.,0.,0.));
#13335=DIRECTION('center_axis',(0.,0.841879138963874,0.539666114720432));
#13336=DIRECTION('ref_axis',(0.,0.539666114720432,-0.841879138963874));
#13337=DIRECTION('',(0.,0.539666114720432,-0.841879138963874));
#13338=DIRECTION('',(-1.,0.,0.));
#13339=DIRECTION('',(0.,0.539666114720432,-0.841879138963874));
#13340=DIRECTION('center_axis',(0.,-1.,0.));
#13341=DIRECTION('ref_axis',(0.,0.,1.));
#13342=DIRECTION('',(0.,0.,1.));
#13343=DIRECTION('',(0.,0.,1.));
#13344=DIRECTION('center_axis',(-1.,0.,0.));
#13345=DIRECTION('ref_axis',(0.,0.,1.));
#13346=DIRECTION('center_axis',(0.,0.,1.));
#13347=DIRECTION('ref_axis',(1.,0.,0.));
#13348=DIRECTION('center_axis',(0.,0.,1.));
#13349=DIRECTION('ref_axis',(1.,0.,0.));
#13350=DIRECTION('',(0.,0.,1.));
#13351=DIRECTION('center_axis',(0.,0.,1.));
#13352=DIRECTION('ref_axis',(1.,0.,0.));
#13353=DIRECTION('center_axis',(0.,0.,1.));
#13354=DIRECTION('ref_axis',(1.,0.,0.));
#13355=DIRECTION('',(0.,0.,1.));
#13356=DIRECTION('center_axis',(0.,0.841879138963874,0.539666114720432));
#13357=DIRECTION('ref_axis',(0.,-0.539666114720432,0.841879138963874));
#13358=DIRECTION('',(0.,0.539666114720432,-0.841879138963874));
#13359=DIRECTION('',(1.,0.,0.));
#13360=DIRECTION('',(0.,-0.539666114720432,0.841879138963874));
#13361=DIRECTION('',(1.,0.,0.));
#13362=DIRECTION('center_axis',(0.,0.,-1.));
#13363=DIRECTION('ref_axis',(0.,1.,0.));
#13364=DIRECTION('',(0.,-1.,0.));
#13365=DIRECTION('',(0.,1.,0.));
#13366=DIRECTION('',(1.,0.,0.));
#13367=DIRECTION('center_axis',(0.,-1.,0.));
#13368=DIRECTION('ref_axis',(0.,0.,-1.));
#13369=DIRECTION('',(0.,0.,1.));
#13370=DIRECTION('',(0.,0.,-1.));
#13371=DIRECTION('center_axis',(1.,0.,0.));
#13372=DIRECTION('ref_axis',(0.,0.,-1.));
#13373=DIRECTION('center_axis',(1.,0.,0.));
#13374=DIRECTION('ref_axis',(0.,0.,-1.));
#13375=DIRECTION('axis',(0.,0.,1.));
#13376=DIRECTION('refdir',(1.,0.,0.));
#13377=DIRECTION('center_axis',(0.,0.,1.));
#13378=DIRECTION('ref_axis',(1.,0.,0.));
#13379=DIRECTION('',(1.,0.,0.));
#13380=DIRECTION('center_axis',(0.,0.,1.));
#13381=DIRECTION('ref_axis',(1.,0.,0.));
#13382=DIRECTION('center_axis',(0.,0.,1.));
#13383=DIRECTION('ref_axis',(1.,0.,0.));
#13384=DIRECTION('center_axis',(0.,0.841879138963874,0.539666114720432));
#13385=DIRECTION('ref_axis',(0.,0.539666114720432,-0.841879138963874));
#13386=DIRECTION('center_axis',(0.,0.841879138963874,0.539666114720432));
#13387=DIRECTION('ref_axis',(0.,-0.539666114720432,0.841879138963874));
#13388=DIRECTION('',(0.,-0.539666114720432,0.841879138963874));
#13389=DIRECTION('',(1.,0.,0.));
#13390=DIRECTION('',(0.,-0.539666114720432,0.841879138963874));
#13391=DIRECTION('',(1.,0.,0.));
#13392=DIRECTION('center_axis',(0.,0.,-1.));
#13393=DIRECTION('ref_axis',(0.,1.,0.));
#13394=DIRECTION('',(0.,1.,0.));
#13395=DIRECTION('',(1.,0.,0.));
#13396=DIRECTION('',(0.,1.,0.));
#13397=DIRECTION('center_axis',(0.,0.,-1.));
#13398=DIRECTION('ref_axis',(1.,0.,0.));
#13399=DIRECTION('center_axis',(0.,0.,-1.));
#13400=DIRECTION('ref_axis',(1.,0.,0.));
#13401=DIRECTION('center_axis',(0.,-1.,0.));
#13402=DIRECTION('ref_axis',(0.,0.,-1.));
#13403=DIRECTION('',(0.,0.,-1.));
#13404=DIRECTION('',(0.,0.,-1.));
#13405=DIRECTION('center_axis',(1.,0.,0.));
#13406=DIRECTION('ref_axis',(0.,0.,-1.));
#13407=DIRECTION('center_axis',(0.,0.,1.));
#13408=DIRECTION('ref_axis',(1.,0.,0.));
#13409=DIRECTION('center_axis',(0.,0.,1.));
#13410=DIRECTION('ref_axis',(1.,0.,0.));
#13411=DIRECTION('',(0.,0.,1.));
#13412=DIRECTION('center_axis',(0.,0.,1.));
#13413=DIRECTION('ref_axis',(1.,0.,0.));
#13414=DIRECTION('center_axis',(0.,0.,1.));
#13415=DIRECTION('ref_axis',(1.,0.,0.));
#13416=DIRECTION('',(0.,0.,1.));
#13417=DIRECTION('center_axis',(0.,0.,-1.));
#13418=DIRECTION('ref_axis',(0.,-1.,0.));
#13419=DIRECTION('',(0.,-1.,0.));
#13420=DIRECTION('',(-1.,0.,0.));
#13421=DIRECTION('',(0.,-1.,0.));
#13422=DIRECTION('',(-1.,0.,0.));
#13423=DIRECTION('center_axis',(0.,0.841879138963874,0.539666114720432));
#13424=DIRECTION('ref_axis',(0.,0.539666114720432,-0.841879138963874));
#13425=DIRECTION('',(0.,0.539666114720432,-0.841879138963874));
#13426=DIRECTION('',(0.,0.539666114720432,-0.841879138963874));
#13427=DIRECTION('',(-1.,0.,0.));
#13428=DIRECTION('center_axis',(0.,-1.,0.));
#13429=DIRECTION('ref_axis',(0.,0.,1.));
#13430=DIRECTION('',(0.,0.,1.));
#13431=DIRECTION('',(0.,0.,1.));
#13432=DIRECTION('center_axis',(1.,0.,0.));
#13433=DIRECTION('ref_axis',(0.,0.,-1.));
#13434=DIRECTION('center_axis',(-1.,0.,0.));
#13435=DIRECTION('ref_axis',(0.,0.,1.));
#13436=DIRECTION('axis',(0.,0.,1.));
#13437=DIRECTION('refdir',(1.,0.,0.));
#13438=DIRECTION('center_axis',(1.,0.,0.));
#13439=DIRECTION('ref_axis',(0.,0.,-1.));
#13440=DIRECTION('',(1.,0.,0.));
#13441=DIRECTION('center_axis',(0.,0.,-1.));
#13442=DIRECTION('ref_axis',(1.,0.,0.));
#13443=DIRECTION('center_axis',(0.,0.,-1.));
#13444=DIRECTION('ref_axis',(1.,0.,0.));
#13445=DIRECTION('',(0.,0.,-1.));
#13446=DIRECTION('center_axis',(0.,0.,-1.));
#13447=DIRECTION('ref_axis',(1.,0.,0.));
#13448=DIRECTION('center_axis',(0.,0.,1.));
#13449=DIRECTION('ref_axis',(1.,0.,0.));
#13450=DIRECTION('center_axis',(0.,0.,1.));
#13451=DIRECTION('ref_axis',(1.,0.,0.));
#13452=DIRECTION('center_axis',(0.,0.,1.));
#13453=DIRECTION('ref_axis',(1.,0.,0.));
#13454=DIRECTION('',(0.,0.,1.));
#13455=DIRECTION('center_axis',(0.,0.,1.));
#13456=DIRECTION('ref_axis',(1.,0.,0.));
#13457=DIRECTION('center_axis',(0.,0.,1.));
#13458=DIRECTION('ref_axis',(1.,0.,0.));
#13459=DIRECTION('center_axis',(0.,0.,1.));
#13460=DIRECTION('ref_axis',(1.,0.,0.));
#13461=DIRECTION('center_axis',(0.,0.,1.));
#13462=DIRECTION('ref_axis',(1.,0.,0.));
#13463=DIRECTION('',(0.,0.,-1.));
#13464=DIRECTION('',(0.,0.,-1.));
#13465=DIRECTION('center_axis',(0.,0.,1.));
#13466=DIRECTION('ref_axis',(1.,0.,0.));
#13467=DIRECTION('center_axis',(0.,0.,1.));
#13468=DIRECTION('ref_axis',(1.,0.,0.));
#13469=DIRECTION('center_axis',(0.,0.,1.));
#13470=DIRECTION('ref_axis',(1.,0.,0.));
#13471=DIRECTION('center_axis',(0.,1.,0.));
#13472=DIRECTION('ref_axis',(1.,0.,0.));
#13473=DIRECTION('',(0.,1.,0.));
#13474=DIRECTION('center_axis',(0.,1.,0.));
#13475=DIRECTION('ref_axis',(1.,0.,0.));
#13476=DIRECTION('',(0.,1.,0.));
#13477=DIRECTION('center_axis',(1.,0.,0.));
#13478=DIRECTION('ref_axis',(0.,0.,-1.));
#13479=DIRECTION('',(1.,0.,0.));
#13480=DIRECTION('center_axis',(0.,0.,-1.));
#13481=DIRECTION('ref_axis',(1.,0.,0.));
#13482=DIRECTION('center_axis',(0.,0.,-1.));
#13483=DIRECTION('ref_axis',(1.,0.,0.));
#13484=DIRECTION('',(0.,0.,-1.));
#13485=DIRECTION('center_axis',(0.,0.,-1.));
#13486=DIRECTION('ref_axis',(1.,0.,0.));
#13487=DIRECTION('center_axis',(0.,0.,1.));
#13488=DIRECTION('ref_axis',(1.,0.,0.));
#13489=DIRECTION('center_axis',(0.,0.,1.));
#13490=DIRECTION('ref_axis',(1.,0.,0.));
#13491=DIRECTION('center_axis',(0.,0.,1.));
#13492=DIRECTION('ref_axis',(1.,0.,0.));
#13493=DIRECTION('',(0.,0.,1.));
#13494=DIRECTION('center_axis',(0.,0.,1.));
#13495=DIRECTION('ref_axis',(1.,0.,0.));
#13496=DIRECTION('center_axis',(0.,0.,1.));
#13497=DIRECTION('ref_axis',(1.,0.,0.));
#13498=DIRECTION('center_axis',(0.,0.,1.));
#13499=DIRECTION('ref_axis',(1.,0.,0.));
#13500=DIRECTION('center_axis',(0.,0.,1.));
#13501=DIRECTION('ref_axis',(1.,0.,0.));
#13502=DIRECTION('',(0.,0.,-1.));
#13503=DIRECTION('',(0.,0.,-1.));
#13504=DIRECTION('center_axis',(0.,0.,1.));
#13505=DIRECTION('ref_axis',(1.,0.,0.));
#13506=DIRECTION('center_axis',(0.,0.,1.));
#13507=DIRECTION('ref_axis',(1.,0.,0.));
#13508=DIRECTION('center_axis',(0.,0.,1.));
#13509=DIRECTION('ref_axis',(1.,0.,0.));
#13510=DIRECTION('center_axis',(1.,0.,0.));
#13511=DIRECTION('ref_axis',(0.,0.,-1.));
#13512=DIRECTION('',(1.,0.,0.));
#13513=DIRECTION('center_axis',(0.,0.,-1.));
#13514=DIRECTION('ref_axis',(1.,0.,0.));
#13515=DIRECTION('center_axis',(0.,0.,-1.));
#13516=DIRECTION('ref_axis',(1.,0.,0.));
#13517=DIRECTION('',(0.,0.,-1.));
#13518=DIRECTION('center_axis',(0.,0.,-1.));
#13519=DIRECTION('ref_axis',(1.,0.,0.));
#13520=DIRECTION('center_axis',(0.,0.,1.));
#13521=DIRECTION('ref_axis',(1.,0.,0.));
#13522=DIRECTION('center_axis',(0.,0.,1.));
#13523=DIRECTION('ref_axis',(1.,0.,0.));
#13524=DIRECTION('center_axis',(0.,0.,1.));
#13525=DIRECTION('ref_axis',(1.,0.,0.));
#13526=DIRECTION('',(0.,0.,1.));
#13527=DIRECTION('center_axis',(0.,0.,1.));
#13528=DIRECTION('ref_axis',(1.,0.,0.));
#13529=DIRECTION('center_axis',(0.,0.,1.));
#13530=DIRECTION('ref_axis',(1.,0.,0.));
#13531=DIRECTION('center_axis',(0.,0.,1.));
#13532=DIRECTION('ref_axis',(1.,0.,0.));
#13533=DIRECTION('center_axis',(0.,0.,1.));
#13534=DIRECTION('ref_axis',(1.,0.,0.));
#13535=DIRECTION('',(0.,0.,-1.));
#13536=DIRECTION('',(0.,0.,-1.));
#13537=DIRECTION('center_axis',(0.,0.,1.));
#13538=DIRECTION('ref_axis',(1.,0.,0.));
#13539=DIRECTION('center_axis',(0.,0.,1.));
#13540=DIRECTION('ref_axis',(1.,0.,0.));
#13541=DIRECTION('center_axis',(0.,0.,1.));
#13542=DIRECTION('ref_axis',(1.,0.,0.));
#13543=DIRECTION('center_axis',(1.,0.,0.));
#13544=DIRECTION('ref_axis',(0.,0.,-1.));
#13545=DIRECTION('',(1.,0.,0.));
#13546=DIRECTION('center_axis',(0.,0.,-1.));
#13547=DIRECTION('ref_axis',(1.,0.,0.));
#13548=DIRECTION('center_axis',(0.,0.,-1.));
#13549=DIRECTION('ref_axis',(1.,0.,0.));
#13550=DIRECTION('',(0.,0.,-1.));
#13551=DIRECTION('center_axis',(0.,0.,-1.));
#13552=DIRECTION('ref_axis',(1.,0.,0.));
#13553=DIRECTION('center_axis',(0.,0.,1.));
#13554=DIRECTION('ref_axis',(1.,0.,0.));
#13555=DIRECTION('center_axis',(0.,0.,1.));
#13556=DIRECTION('ref_axis',(1.,0.,0.));
#13557=DIRECTION('center_axis',(0.,0.,1.));
#13558=DIRECTION('ref_axis',(1.,0.,0.));
#13559=DIRECTION('',(0.,0.,1.));
#13560=DIRECTION('center_axis',(0.,0.,1.));
#13561=DIRECTION('ref_axis',(1.,0.,0.));
#13562=DIRECTION('center_axis',(0.,0.,1.));
#13563=DIRECTION('ref_axis',(1.,0.,0.));
#13564=DIRECTION('center_axis',(0.,0.,1.));
#13565=DIRECTION('ref_axis',(1.,0.,0.));
#13566=DIRECTION('center_axis',(0.,0.,1.));
#13567=DIRECTION('ref_axis',(1.,0.,0.));
#13568=DIRECTION('',(0.,0.,-1.));
#13569=DIRECTION('',(0.,0.,-1.));
#13570=DIRECTION('center_axis',(0.,0.,1.));
#13571=DIRECTION('ref_axis',(1.,0.,0.));
#13572=DIRECTION('center_axis',(0.,0.,1.));
#13573=DIRECTION('ref_axis',(1.,0.,0.));
#13574=DIRECTION('center_axis',(0.,0.,1.));
#13575=DIRECTION('ref_axis',(1.,0.,0.));
#13576=DIRECTION('',(0.,0.,1.));
#13577=DIRECTION('',(1.,0.,0.));
#13578=DIRECTION('',(0.,0.,1.));
#13579=DIRECTION('',(1.,0.,0.));
#13580=DIRECTION('',(0.,0.,1.));
#13581=DIRECTION('',(1.,0.,0.));
#13582=DIRECTION('',(0.,0.,1.));
#13583=DIRECTION('',(1.,0.,0.));
#13584=DIRECTION('',(0.,0.,1.));
#13585=DIRECTION('',(1.,0.,0.));
#13586=DIRECTION('',(0.,0.,1.));
#13587=DIRECTION('',(1.,0.,0.));
#13588=DIRECTION('',(0.,0.,1.));
#13589=DIRECTION('',(1.,0.,0.));
#13590=DIRECTION('axis',(0.,0.,1.));
#13591=DIRECTION('refdir',(1.,0.,0.));
#13592=DIRECTION('axis',(0.,0.,1.));
#13593=DIRECTION('refdir',(1.,0.,0.));
#13594=DIRECTION('center_axis',(1.,0.,0.));
#13595=DIRECTION('ref_axis',(0.,0.,-1.));
#13596=DIRECTION('center_axis',(1.,0.,0.));
#13597=DIRECTION('ref_axis',(0.,0.,-1.));
#13598=DIRECTION('',(1.,0.,0.));
#13599=DIRECTION('center_axis',(-1.,0.,0.));
#13600=DIRECTION('ref_axis',(0.,0.,-1.));
#13601=DIRECTION('center_axis',(1.,0.,0.));
#13602=DIRECTION('ref_axis',(0.,0.,-1.));
#13603=DIRECTION('center_axis',(1.,0.,0.));
#13604=DIRECTION('ref_axis',(0.,0.,-1.));
#13605=DIRECTION('',(1.,0.,0.));
#13606=DIRECTION('center_axis',(-1.,0.,0.));
#13607=DIRECTION('ref_axis',(0.,0.,-1.));
#13608=DIRECTION('center_axis',(1.,0.,0.));
#13609=DIRECTION('ref_axis',(0.,0.,-1.));
#13610=DIRECTION('center_axis',(1.,0.,0.));
#13611=DIRECTION('ref_axis',(0.,0.,-1.));
#13612=DIRECTION('',(1.,0.,0.));
#13613=DIRECTION('center_axis',(-1.,0.,0.));
#13614=DIRECTION('ref_axis',(0.,0.,-1.));
#13615=DIRECTION('center_axis',(1.,0.,0.));
#13616=DIRECTION('ref_axis',(0.,0.,-1.));
#13617=DIRECTION('center_axis',(1.,0.,0.));
#13618=DIRECTION('ref_axis',(0.,0.,-1.));
#13619=DIRECTION('center_axis',(1.,0.,0.));
#13620=DIRECTION('ref_axis',(0.,0.,-1.));
#13621=DIRECTION('',(1.,0.,0.));
#13622=DIRECTION('center_axis',(-1.,0.,0.));
#13623=DIRECTION('ref_axis',(0.,0.,-1.));
#13624=DIRECTION('center_axis',(1.,0.,0.));
#13625=DIRECTION('ref_axis',(0.,0.,-1.));
#13626=DIRECTION('center_axis',(1.,0.,0.));
#13627=DIRECTION('ref_axis',(0.,0.,-1.));
#13628=DIRECTION('center_axis',(1.,0.,0.));
#13629=DIRECTION('ref_axis',(0.,0.,-1.));
#13630=DIRECTION('',(-1.,0.,0.));
#13631=DIRECTION('center_axis',(1.,0.,0.));
#13632=DIRECTION('ref_axis',(0.,0.,-1.));
#13633=DIRECTION('center_axis',(1.,0.,0.));
#13634=DIRECTION('ref_axis',(0.,0.,-1.));
#13635=DIRECTION('center_axis',(1.,0.,0.));
#13636=DIRECTION('ref_axis',(0.,0.,-1.));
#13637=DIRECTION('axis',(0.,0.,1.));
#13638=DIRECTION('refdir',(1.,0.,0.));
#13639=DIRECTION('center_axis',(1.,0.,0.));
#13640=DIRECTION('ref_axis',(0.,0.,-1.));
#13641=DIRECTION('center_axis',(1.,0.,0.));
#13642=DIRECTION('ref_axis',(0.,0.,-1.));
#13643=DIRECTION('',(1.,0.,0.));
#13644=DIRECTION('center_axis',(-1.,0.,0.));
#13645=DIRECTION('ref_axis',(0.,0.,-1.));
#13646=DIRECTION('center_axis',(1.,0.,0.));
#13647=DIRECTION('ref_axis',(0.,0.,-1.));
#13648=DIRECTION('center_axis',(1.,0.,0.));
#13649=DIRECTION('ref_axis',(0.,0.,-1.));
#13650=DIRECTION('',(1.,0.,0.));
#13651=DIRECTION('center_axis',(-1.,0.,0.));
#13652=DIRECTION('ref_axis',(0.,0.,-1.));
#13653=DIRECTION('center_axis',(1.,0.,0.));
#13654=DIRECTION('ref_axis',(0.,0.,-1.));
#13655=DIRECTION('center_axis',(1.,0.,0.));
#13656=DIRECTION('ref_axis',(0.,0.,-1.));
#13657=DIRECTION('',(1.,0.,0.));
#13658=DIRECTION('center_axis',(1.,0.,0.));
#13659=DIRECTION('ref_axis',(0.,0.,-1.));
#13660=DIRECTION('center_axis',(1.,0.,0.));
#13661=DIRECTION('ref_axis',(0.,0.,-1.));
#13662=DIRECTION('center_axis',(1.,0.,0.));
#13663=DIRECTION('ref_axis',(0.,0.,-1.));
#13664=DIRECTION('center_axis',(1.,0.,0.));
#13665=DIRECTION('ref_axis',(0.,0.,-1.));
#13666=DIRECTION('',(1.,0.,0.));
#13667=DIRECTION('center_axis',(1.,0.,0.));
#13668=DIRECTION('ref_axis',(0.,0.,-1.));
#13669=DIRECTION('center_axis',(1.,0.,0.));
#13670=DIRECTION('ref_axis',(0.,0.,-1.));
#13671=DIRECTION('center_axis',(-1.,0.,0.));
#13672=DIRECTION('ref_axis',(0.,0.,-1.));
#13673=DIRECTION('center_axis',(-1.,0.,0.));
#13674=DIRECTION('ref_axis',(0.,0.,-1.));
#13675=DIRECTION('',(1.,0.,0.));
#13676=DIRECTION('center_axis',(1.,0.,0.));
#13677=DIRECTION('ref_axis',(0.,0.,-1.));
#13678=DIRECTION('center_axis',(1.,0.,0.));
#13679=DIRECTION('ref_axis',(0.,0.,-1.));
#13680=DIRECTION('center_axis',(1.,0.,0.));
#13681=DIRECTION('ref_axis',(0.,0.,-1.));
#13682=DIRECTION('',(0.,0.,1.));
#13683=DIRECTION('',(1.,0.,0.));
#13684=DIRECTION('',(0.,0.,1.));
#13685=DIRECTION('',(1.,0.,0.));
#13686=DIRECTION('axis',(0.,0.,1.));
#13687=DIRECTION('refdir',(1.,0.,0.));
#13688=DIRECTION('axis',(0.,0.,1.));
#13689=DIRECTION('refdir',(1.,0.,0.));
#13690=DIRECTION('center_axis',(0.,1.,0.));
#13691=DIRECTION('ref_axis',(-1.,0.,0.));
#13692=DIRECTION('',(-1.,0.,0.));
#13693=DIRECTION('',(0.,0.,1.));
#13694=DIRECTION('',(-1.,0.,0.));
#13695=DIRECTION('',(0.,0.,1.));
#13696=DIRECTION('center_axis',(1.,0.,0.));
#13697=DIRECTION('ref_axis',(0.,1.,0.));
#13698=DIRECTION('',(0.,1.,0.));
#13699=DIRECTION('',(0.,1.,0.));
#13700=DIRECTION('',(0.,0.,1.));
#13701=DIRECTION('center_axis',(0.,-1.,0.));
#13702=DIRECTION('ref_axis',(1.,0.,0.));
#13703=DIRECTION('',(1.,0.,0.));
#13704=DIRECTION('',(1.,0.,0.));
#13705=DIRECTION('',(0.,0.,1.));
#13706=DIRECTION('center_axis',(-1.,0.,0.));
#13707=DIRECTION('ref_axis',(0.,-1.,0.));
#13708=DIRECTION('',(0.,-1.,0.));
#13709=DIRECTION('',(0.,-1.,0.));
#13710=DIRECTION('center_axis',(0.,0.,1.));
#13711=DIRECTION('ref_axis',(1.,0.,0.));
#13712=DIRECTION('center_axis',(0.,0.,1.));
#13713=DIRECTION('ref_axis',(1.,0.,0.));
#13714=DIRECTION('axis',(0.,0.,1.));
#13715=DIRECTION('refdir',(1.,0.,0.));
#13716=DIRECTION('center_axis',(0.,1.,0.));
#13717=DIRECTION('ref_axis',(-1.,0.,0.));
#13718=DIRECTION('',(-1.,0.,0.));
#13719=DIRECTION('',(0.,0.,1.));
#13720=DIRECTION('',(-1.,0.,0.));
#13721=DIRECTION('',(0.,0.,1.));
#13722=DIRECTION('center_axis',(1.,0.,0.));
#13723=DIRECTION('ref_axis',(0.,1.,0.));
#13724=DIRECTION('',(0.,1.,0.));
#13725=DIRECTION('',(0.,1.,0.));
#13726=DIRECTION('',(0.,0.,1.));
#13727=DIRECTION('center_axis',(0.,-1.,0.));
#13728=DIRECTION('ref_axis',(1.,0.,0.));
#13729=DIRECTION('',(1.,0.,0.));
#13730=DIRECTION('',(1.,0.,0.));
#13731=DIRECTION('',(0.,0.,1.));
#13732=DIRECTION('center_axis',(-1.,0.,0.));
#13733=DIRECTION('ref_axis',(0.,-1.,0.));
#13734=DIRECTION('',(0.,-1.,0.));
#13735=DIRECTION('',(0.,-1.,0.));
#13736=DIRECTION('center_axis',(0.,0.,1.));
#13737=DIRECTION('ref_axis',(1.,0.,0.));
#13738=DIRECTION('center_axis',(0.,0.,1.));
#13739=DIRECTION('ref_axis',(1.,0.,0.));
#13740=DIRECTION('axis',(0.,0.,1.));
#13741=DIRECTION('refdir',(1.,0.,0.));
#13742=DIRECTION('center_axis',(2.61228946970625E-16,1.,0.));
#13743=DIRECTION('ref_axis',(-1.,2.61228946970625E-16,0.));
#13744=DIRECTION('',(-1.,2.61228946970625E-16,0.));
#13745=DIRECTION('',(0.,0.,1.));
#13746=DIRECTION('',(-1.,2.61228946970625E-16,0.));
#13747=DIRECTION('',(0.,0.,1.));
#13748=DIRECTION('center_axis',(1.,0.,0.));
#13749=DIRECTION('ref_axis',(0.,1.,0.));
#13750=DIRECTION('',(0.,1.,0.));
#13751=DIRECTION('',(0.,1.,0.));
#13752=DIRECTION('',(0.,0.,1.));
#13753=DIRECTION('center_axis',(0.,-1.,0.));
#13754=DIRECTION('ref_axis',(1.,0.,0.));
#13755=DIRECTION('',(1.,0.,0.));
#13756=DIRECTION('',(1.,0.,0.));
#13757=DIRECTION('',(0.,0.,1.));
#13758=DIRECTION('center_axis',(-1.,0.,0.));
#13759=DIRECTION('ref_axis',(0.,-1.,0.));
#13760=DIRECTION('',(0.,-1.,0.));
#13761=DIRECTION('',(0.,-1.,0.));
#13762=DIRECTION('center_axis',(0.,0.,1.));
#13763=DIRECTION('ref_axis',(1.,0.,0.));
#13764=DIRECTION('center_axis',(0.,0.,1.));
#13765=DIRECTION('ref_axis',(1.,0.,0.));
#13766=DIRECTION('axis',(0.,0.,1.));
#13767=DIRECTION('refdir',(1.,0.,0.));
#13768=DIRECTION('center_axis',(0.,0.,1.));
#13769=DIRECTION('ref_axis',(1.,0.,0.));
#13770=DIRECTION('center_axis',(0.,0.,1.));
#13771=DIRECTION('ref_axis',(1.,0.,0.));
#13772=DIRECTION('',(0.,0.,1.));
#13773=DIRECTION('center_axis',(0.,0.,-1.));
#13774=DIRECTION('ref_axis',(1.,0.,0.));
#13775=DIRECTION('center_axis',(0.,0.,1.));
#13776=DIRECTION('ref_axis',(1.,0.,0.));
#13777=DIRECTION('center_axis',(0.,0.,1.));
#13778=DIRECTION('ref_axis',(1.,0.,0.));
#13779=DIRECTION('',(0.,0.,1.));
#13780=DIRECTION('center_axis',(0.,0.,-1.));
#13781=DIRECTION('ref_axis',(1.,0.,0.));
#13782=DIRECTION('center_axis',(0.,1.,0.));
#13783=DIRECTION('ref_axis',(-1.,0.,0.));
#13784=DIRECTION('',(-1.,0.,0.));
#13785=DIRECTION('',(0.,0.,1.));
#13786=DIRECTION('',(-1.,0.,0.));
#13787=DIRECTION('',(0.,0.,1.));
#13788=DIRECTION('center_axis',(1.,0.,0.));
#13789=DIRECTION('ref_axis',(0.,1.,0.));
#13790=DIRECTION('',(0.,1.,0.));
#13791=DIRECTION('',(0.,1.,0.));
#13792=DIRECTION('',(0.,0.,1.));
#13793=DIRECTION('center_axis',(0.,-1.,0.));
#13794=DIRECTION('ref_axis',(1.,0.,0.));
#13795=DIRECTION('',(1.,0.,0.));
#13796=DIRECTION('',(1.,0.,0.));
#13797=DIRECTION('',(0.,0.,1.));
#13798=DIRECTION('center_axis',(-1.,0.,0.));
#13799=DIRECTION('ref_axis',(0.,-1.,0.));
#13800=DIRECTION('',(0.,-1.,0.));
#13801=DIRECTION('',(0.,-1.,0.));
#13802=DIRECTION('center_axis',(0.,0.,1.));
#13803=DIRECTION('ref_axis',(1.,0.,0.));
#13804=DIRECTION('center_axis',(0.,0.,1.));
#13805=DIRECTION('ref_axis',(1.,0.,0.));
#13806=DIRECTION('axis',(0.,0.,1.));
#13807=DIRECTION('refdir',(1.,0.,0.));
#13808=DIRECTION('center_axis',(0.,1.,0.));
#13809=DIRECTION('ref_axis',(-1.,0.,0.));
#13810=DIRECTION('',(-1.,0.,0.));
#13811=DIRECTION('',(0.,0.,1.));
#13812=DIRECTION('',(-1.,0.,0.));
#13813=DIRECTION('',(0.,0.,1.));
#13814=DIRECTION('center_axis',(1.,0.,0.));
#13815=DIRECTION('ref_axis',(0.,1.,0.));
#13816=DIRECTION('',(0.,1.,0.));
#13817=DIRECTION('',(0.,1.,0.));
#13818=DIRECTION('',(0.,0.,1.));
#13819=DIRECTION('center_axis',(0.,-1.,0.));
#13820=DIRECTION('ref_axis',(1.,0.,0.));
#13821=DIRECTION('',(1.,0.,0.));
#13822=DIRECTION('',(1.,0.,0.));
#13823=DIRECTION('',(0.,0.,1.));
#13824=DIRECTION('center_axis',(-1.,0.,0.));
#13825=DIRECTION('ref_axis',(0.,-1.,0.));
#13826=DIRECTION('',(0.,-1.,0.));
#13827=DIRECTION('',(0.,-1.,0.));
#13828=DIRECTION('center_axis',(0.,0.,1.));
#13829=DIRECTION('ref_axis',(1.,0.,0.));
#13830=DIRECTION('center_axis',(0.,0.,1.));
#13831=DIRECTION('ref_axis',(1.,0.,0.));
#13832=DIRECTION('',(0.,0.,1.));
#13833=DIRECTION('',(1.,0.,0.));
#13834=DIRECTION('',(0.,0.,1.));
#13835=DIRECTION('',(1.,0.,0.));
#13836=DIRECTION('',(0.,0.,1.));
#13837=DIRECTION('',(1.,0.,0.));
#13838=DIRECTION('',(0.,0.,1.));
#13839=DIRECTION('',(1.,0.,0.));
#13840=DIRECTION('',(0.,0.,1.));
#13841=DIRECTION('',(1.,0.,0.));
#13842=DIRECTION('axis',(0.,0.,1.));
#13843=DIRECTION('refdir',(1.,0.,0.));
#13844=DIRECTION('axis',(0.,0.,1.));
#13845=DIRECTION('refdir',(1.,0.,0.));
#13846=DIRECTION('axis',(0.,0.,1.));
#13847=DIRECTION('refdir',(1.,0.,0.));
#13848=DIRECTION('axis',(0.,0.,1.));
#13849=DIRECTION('refdir',(1.,0.,0.));
#13850=DIRECTION('center_axis',(0.,1.,0.));
#13851=DIRECTION('ref_axis',(1.,0.,0.));
#13852=DIRECTION('center_axis',(0.,1.,0.));
#13853=DIRECTION('ref_axis',(1.,0.,0.));
#13854=DIRECTION('',(0.,1.,0.));
#13855=DIRECTION('center_axis',(0.,-1.,0.));
#13856=DIRECTION('ref_axis',(1.,0.,0.));
#13857=DIRECTION('center_axis',(0.,1.,0.));
#13858=DIRECTION('ref_axis',(1.,0.,0.));
#13859=DIRECTION('center_axis',(0.,1.,0.));
#13860=DIRECTION('ref_axis',(1.,0.,0.));
#13861=DIRECTION('',(0.,1.,0.));
#13862=DIRECTION('center_axis',(0.,-1.,0.));
#13863=DIRECTION('ref_axis',(1.,0.,0.));
#13864=DIRECTION('center_axis',(0.,1.,0.));
#13865=DIRECTION('ref_axis',(1.,0.,0.));
#13866=DIRECTION('center_axis',(0.,1.,0.));
#13867=DIRECTION('ref_axis',(1.,0.,0.));
#13868=DIRECTION('',(0.,1.,0.));
#13869=DIRECTION('center_axis',(0.,-1.,0.));
#13870=DIRECTION('ref_axis',(1.,0.,0.));
#13871=DIRECTION('center_axis',(0.,1.,0.));
#13872=DIRECTION('ref_axis',(1.,0.,0.));
#13873=DIRECTION('center_axis',(0.,1.,0.));
#13874=DIRECTION('ref_axis',(1.,0.,0.));
#13875=DIRECTION('',(0.,1.,0.));
#13876=DIRECTION('center_axis',(0.,-1.,0.));
#13877=DIRECTION('ref_axis',(1.,0.,0.));
#13878=DIRECTION('center_axis',(0.,1.,0.));
#13879=DIRECTION('ref_axis',(-1.,0.,0.));
#13880=DIRECTION('',(-1.,0.,0.));
#13881=DIRECTION('',(0.,0.,1.));
#13882=DIRECTION('',(-1.,0.,0.));
#13883=DIRECTION('',(0.,0.,1.));
#13884=DIRECTION('center_axis',(1.,0.,0.));
#13885=DIRECTION('ref_axis',(0.,1.,0.));
#13886=DIRECTION('',(0.,1.,0.));
#13887=DIRECTION('',(0.,1.,0.));
#13888=DIRECTION('',(0.,0.,1.));
#13889=DIRECTION('center_axis',(0.,-1.,0.));
#13890=DIRECTION('ref_axis',(1.,0.,0.));
#13891=DIRECTION('',(1.,0.,0.));
#13892=DIRECTION('',(1.,0.,0.));
#13893=DIRECTION('',(0.,0.,1.));
#13894=DIRECTION('center_axis',(-1.,0.,0.));
#13895=DIRECTION('ref_axis',(0.,-1.,0.));
#13896=DIRECTION('',(0.,-1.,0.));
#13897=DIRECTION('',(0.,-1.,0.));
#13898=DIRECTION('center_axis',(0.,0.,1.));
#13899=DIRECTION('ref_axis',(1.,0.,0.));
#13900=DIRECTION('center_axis',(0.,0.,1.));
#13901=DIRECTION('ref_axis',(1.,0.,0.));
#13902=DIRECTION('',(0.,0.,1.));
#13903=DIRECTION('',(1.,0.,0.));
#13904=DIRECTION('axis',(0.,0.,1.));
#13905=DIRECTION('refdir',(1.,0.,0.));
#13906=DIRECTION('axis',(0.,0.,1.));
#13907=DIRECTION('refdir',(1.,0.,0.));
#13908=DIRECTION('center_axis',(0.,0.,1.));
#13909=DIRECTION('ref_axis',(1.,0.,0.));
#13910=DIRECTION('center_axis',(0.,0.,1.));
#13911=DIRECTION('ref_axis',(1.,0.,0.));
#13912=DIRECTION('',(0.,0.,1.));
#13913=DIRECTION('center_axis',(0.,0.,-1.));
#13914=DIRECTION('ref_axis',(1.,0.,0.));
#13915=DIRECTION('center_axis',(0.,0.,1.));
#13916=DIRECTION('ref_axis',(1.,0.,0.));
#13917=DIRECTION('center_axis',(0.,0.,1.));
#13918=DIRECTION('ref_axis',(1.,0.,0.));
#13919=DIRECTION('',(0.,0.,1.));
#13920=DIRECTION('center_axis',(0.,0.,-1.));
#13921=DIRECTION('ref_axis',(1.,0.,0.));
#13922=DIRECTION('center_axis',(0.,0.,1.));
#13923=DIRECTION('ref_axis',(1.,0.,0.));
#13924=DIRECTION('center_axis',(0.,0.,1.));
#13925=DIRECTION('ref_axis',(1.,0.,0.));
#13926=DIRECTION('',(0.,0.,1.));
#13927=DIRECTION('center_axis',(0.,0.,-1.));
#13928=DIRECTION('ref_axis',(1.,0.,0.));
#13929=DIRECTION('center_axis',(0.,0.,1.));
#13930=DIRECTION('ref_axis',(1.,0.,0.));
#13931=DIRECTION('center_axis',(0.,0.,1.));
#13932=DIRECTION('ref_axis',(1.,0.,0.));
#13933=DIRECTION('',(0.,0.,1.));
#13934=DIRECTION('center_axis',(0.,0.,-1.));
#13935=DIRECTION('ref_axis',(1.,0.,0.));
#13936=DIRECTION('center_axis',(0.,-1.,0.));
#13937=DIRECTION('ref_axis',(1.,0.,0.));
#13938=DIRECTION('',(-1.,0.,0.));
#13939=DIRECTION('',(0.,0.,1.));
#13940=DIRECTION('',(1.,0.,0.));
#13941=DIRECTION('',(0.,0.,1.));
#13942=DIRECTION('center_axis',(-1.,0.,0.));
#13943=DIRECTION('ref_axis',(0.,-1.,0.));
#13944=DIRECTION('',(0.,1.,0.));
#13945=DIRECTION('',(0.,-1.,0.));
#13946=DIRECTION('',(0.,0.,-1.));
#13947=DIRECTION('center_axis',(0.,1.,0.));
#13948=DIRECTION('ref_axis',(-1.,0.,0.));
#13949=DIRECTION('',(1.,0.,0.));
#13950=DIRECTION('',(-1.,0.,0.));
#13951=DIRECTION('',(0.,0.,1.));
#13952=DIRECTION('center_axis',(1.,0.,0.));
#13953=DIRECTION('ref_axis',(0.,1.,0.));
#13954=DIRECTION('',(0.,-1.,0.));
#13955=DIRECTION('',(0.,1.,0.));
#13956=DIRECTION('center_axis',(0.,-1.,0.));
#13957=DIRECTION('ref_axis',(1.,0.,0.));
#13958=DIRECTION('',(-1.,0.,0.));
#13959=DIRECTION('',(0.,0.,1.));
#13960=DIRECTION('',(1.,0.,0.));
#13961=DIRECTION('',(0.,0.,1.));
#13962=DIRECTION('center_axis',(-1.,0.,0.));
#13963=DIRECTION('ref_axis',(0.,-1.,0.));
#13964=DIRECTION('',(0.,1.,0.));
#13965=DIRECTION('',(0.,-1.,0.));
#13966=DIRECTION('',(0.,0.,-1.));
#13967=DIRECTION('center_axis',(0.,1.,0.));
#13968=DIRECTION('ref_axis',(-1.,0.,0.));
#13969=DIRECTION('',(1.,0.,0.));
#13970=DIRECTION('',(-1.,0.,0.));
#13971=DIRECTION('',(0.,0.,1.));
#13972=DIRECTION('center_axis',(1.,0.,0.));
#13973=DIRECTION('ref_axis',(0.,1.,0.));
#13974=DIRECTION('',(0.,-1.,0.));
#13975=DIRECTION('',(0.,1.,0.));
#13976=DIRECTION('center_axis',(0.,1.,0.));
#13977=DIRECTION('ref_axis',(-1.,0.,0.));
#13978=DIRECTION('',(-1.,0.,0.));
#13979=DIRECTION('',(0.,0.,1.));
#13980=DIRECTION('',(-1.,0.,0.));
#13981=DIRECTION('',(0.,0.,1.));
#13982=DIRECTION('center_axis',(1.,0.,0.));
#13983=DIRECTION('ref_axis',(0.,1.,0.));
#13984=DIRECTION('',(0.,1.,0.));
#13985=DIRECTION('',(0.,1.,0.));
#13986=DIRECTION('',(0.,0.,1.));
#13987=DIRECTION('center_axis',(0.,-1.,0.));
#13988=DIRECTION('ref_axis',(1.,0.,0.));
#13989=DIRECTION('',(1.,0.,0.));
#13990=DIRECTION('',(1.,0.,0.));
#13991=DIRECTION('',(0.,0.,1.));
#13992=DIRECTION('center_axis',(-1.,0.,0.));
#13993=DIRECTION('ref_axis',(0.,-1.,0.));
#13994=DIRECTION('',(0.,-1.,0.));
#13995=DIRECTION('',(0.,-1.,0.));
#13996=DIRECTION('center_axis',(0.,0.,1.));
#13997=DIRECTION('ref_axis',(1.,0.,0.));
#13998=DIRECTION('center_axis',(0.,0.,1.));
#13999=DIRECTION('ref_axis',(1.,0.,0.));
#14000=DIRECTION('center_axis',(0.,1.,0.));
#14001=DIRECTION('ref_axis',(-1.,0.,0.));
#14002=DIRECTION('',(-1.,0.,0.));
#14003=DIRECTION('',(0.,0.,1.));
#14004=DIRECTION('',(-1.,0.,0.));
#14005=DIRECTION('',(0.,0.,1.));
#14006=DIRECTION('center_axis',(1.,0.,0.));
#14007=DIRECTION('ref_axis',(0.,1.,0.));
#14008=DIRECTION('',(0.,1.,0.));
#14009=DIRECTION('',(0.,1.,0.));
#14010=DIRECTION('',(0.,0.,1.));
#14011=DIRECTION('center_axis',(0.,-1.,0.));
#14012=DIRECTION('ref_axis',(1.,0.,0.));
#14013=DIRECTION('',(-1.,0.,0.));
#14014=DIRECTION('',(1.,0.,0.));
#14015=DIRECTION('',(0.,0.,1.));
#14016=DIRECTION('center_axis',(-1.,0.,0.));
#14017=DIRECTION('ref_axis',(0.,-1.,0.));
#14018=DIRECTION('',(0.,-1.,0.));
#14019=DIRECTION('',(0.,-1.,0.));
#14020=DIRECTION('center_axis',(0.,0.,1.));
#14021=DIRECTION('ref_axis',(1.,0.,0.));
#14022=DIRECTION('center_axis',(0.,0.,1.));
#14023=DIRECTION('ref_axis',(1.,0.,0.));
#14024=DIRECTION('center_axis',(0.,0.,1.));
#14025=DIRECTION('ref_axis',(1.,0.,0.));
#14026=DIRECTION('',(0.,-1.,0.));
#14027=DIRECTION('',(1.,0.,0.));
#14028=DIRECTION('',(0.,1.,0.));
#14029=DIRECTION('',(1.,0.,0.));
#14030=DIRECTION('center_axis',(0.,0.,1.));
#14031=DIRECTION('ref_axis',(1.,0.,0.));
#14032=DIRECTION('',(0.,-1.,0.));
#14033=DIRECTION('',(1.,0.,0.));
#14034=DIRECTION('',(0.,1.,0.));
#14035=DIRECTION('',(-1.,0.,0.));
#14036=DIRECTION('center_axis',(-1.,0.,0.));
#14037=DIRECTION('ref_axis',(0.,-1.,0.));
#14038=DIRECTION('',(0.,0.,1.));
#14039=DIRECTION('',(0.,0.,1.));
#14040=DIRECTION('center_axis',(0.,-1.,0.));
#14041=DIRECTION('ref_axis',(1.,0.,0.));
#14042=DIRECTION('',(0.,0.,1.));
#14043=DIRECTION('center_axis',(1.,0.,0.));
#14044=DIRECTION('ref_axis',(0.,1.,0.));
#14045=DIRECTION('',(0.,0.,1.));
#14046=DIRECTION('center_axis',(0.,1.,0.));
#14047=DIRECTION('ref_axis',(-1.,0.,0.));
#14048=DIRECTION('axis',(0.,0.,1.));
#14049=DIRECTION('refdir',(1.,0.,0.));
#14050=DIRECTION('center_axis',(0.,0.,1.));
#14051=DIRECTION('ref_axis',(1.,0.,0.));
#14052=DIRECTION('center_axis',(0.,0.,1.));
#14053=DIRECTION('ref_axis',(1.,0.,0.));
#14054=DIRECTION('',(0.,0.,1.));
#14055=DIRECTION('center_axis',(0.,0.,1.));
#14056=DIRECTION('ref_axis',(1.,0.,0.));
#14057=DIRECTION('center_axis',(0.,0.,1.));
#14058=DIRECTION('ref_axis',(1.,0.,0.));
#14059=DIRECTION('center_axis',(0.,0.,-1.));
#14060=DIRECTION('ref_axis',(1.,0.,0.));
#14061=DIRECTION('center_axis',(0.,0.,-1.));
#14062=DIRECTION('ref_axis',(1.,0.,0.));
#14063=DIRECTION('',(0.,0.,-1.));
#14064=DIRECTION('center_axis',(0.,0.,-1.));
#14065=DIRECTION('ref_axis',(1.,0.,0.));
#14066=DIRECTION('center_axis',(0.,0.,1.));
#14067=DIRECTION('ref_axis',(1.,0.,0.));
#14068=DIRECTION('center_axis',(0.,0.,1.));
#14069=DIRECTION('ref_axis',(1.,0.,0.));
#14070=DIRECTION('center_axis',(0.,0.,1.));
#14071=DIRECTION('ref_axis',(1.,0.,0.));
#14072=DIRECTION('',(0.,0.,-1.));
#14073=DIRECTION('center_axis',(0.,0.,1.));
#14074=DIRECTION('ref_axis',(1.,0.,0.));
#14075=DIRECTION('center_axis',(0.,0.,1.));
#14076=DIRECTION('ref_axis',(1.,0.,0.));
#14077=DIRECTION('center_axis',(0.,0.,1.));
#14078=DIRECTION('ref_axis',(1.,0.,0.));
#14079=DIRECTION('axis',(0.,0.,1.));
#14080=DIRECTION('refdir',(1.,0.,0.));
#14081=DIRECTION('center_axis',(0.,0.,1.));
#14082=DIRECTION('ref_axis',(1.,0.,0.));
#14083=DIRECTION('center_axis',(0.,0.,1.));
#14084=DIRECTION('ref_axis',(1.,0.,0.));
#14085=DIRECTION('',(0.,0.,1.));
#14086=DIRECTION('center_axis',(0.,0.,1.));
#14087=DIRECTION('ref_axis',(1.,0.,0.));
#14088=DIRECTION('center_axis',(0.,0.,1.));
#14089=DIRECTION('ref_axis',(1.,0.,0.));
#14090=DIRECTION('center_axis',(0.,0.,-1.));
#14091=DIRECTION('ref_axis',(1.,0.,0.));
#14092=DIRECTION('center_axis',(0.,0.,-1.));
#14093=DIRECTION('ref_axis',(1.,0.,0.));
#14094=DIRECTION('',(0.,0.,-1.));
#14095=DIRECTION('center_axis',(0.,0.,-1.));
#14096=DIRECTION('ref_axis',(1.,0.,0.));
#14097=DIRECTION('center_axis',(0.,0.,1.));
#14098=DIRECTION('ref_axis',(1.,0.,0.));
#14099=DIRECTION('center_axis',(0.,0.,1.));
#14100=DIRECTION('ref_axis',(1.,0.,0.));
#14101=DIRECTION('center_axis',(0.,0.,1.));
#14102=DIRECTION('ref_axis',(1.,0.,0.));
#14103=DIRECTION('',(0.,0.,-1.));
#14104=DIRECTION('center_axis',(0.,0.,1.));
#14105=DIRECTION('ref_axis',(1.,0.,0.));
#14106=DIRECTION('center_axis',(0.,0.,1.));
#14107=DIRECTION('ref_axis',(1.,0.,0.));
#14108=DIRECTION('center_axis',(0.,0.,1.));
#14109=DIRECTION('ref_axis',(1.,0.,0.));
#14110=DIRECTION('axis',(0.,0.,1.));
#14111=DIRECTION('refdir',(1.,0.,0.));
#14112=DIRECTION('center_axis',(0.,0.,1.));
#14113=DIRECTION('ref_axis',(1.,0.,0.));
#14114=DIRECTION('center_axis',(0.,0.,1.));
#14115=DIRECTION('ref_axis',(1.,0.,0.));
#14116=DIRECTION('',(0.,0.,1.));
#14117=DIRECTION('center_axis',(0.,0.,1.));
#14118=DIRECTION('ref_axis',(1.,0.,0.));
#14119=DIRECTION('center_axis',(0.,0.,1.));
#14120=DIRECTION('ref_axis',(1.,0.,0.));
#14121=DIRECTION('center_axis',(0.,0.,-1.));
#14122=DIRECTION('ref_axis',(1.,0.,0.));
#14123=DIRECTION('center_axis',(0.,0.,-1.));
#14124=DIRECTION('ref_axis',(1.,0.,0.));
#14125=DIRECTION('',(0.,0.,-1.));
#14126=DIRECTION('center_axis',(0.,0.,-1.));
#14127=DIRECTION('ref_axis',(1.,0.,0.));
#14128=DIRECTION('center_axis',(0.,0.,1.));
#14129=DIRECTION('ref_axis',(1.,0.,0.));
#14130=DIRECTION('center_axis',(0.,0.,1.));
#14131=DIRECTION('ref_axis',(1.,0.,0.));
#14132=DIRECTION('center_axis',(0.,0.,1.));
#14133=DIRECTION('ref_axis',(1.,0.,0.));
#14134=DIRECTION('',(0.,0.,-1.));
#14135=DIRECTION('center_axis',(0.,0.,1.));
#14136=DIRECTION('ref_axis',(1.,0.,0.));
#14137=DIRECTION('center_axis',(0.,0.,1.));
#14138=DIRECTION('ref_axis',(1.,0.,0.));
#14139=DIRECTION('center_axis',(0.,0.,1.));
#14140=DIRECTION('ref_axis',(1.,0.,0.));
#14141=DIRECTION('axis',(0.,0.,1.));
#14142=DIRECTION('refdir',(1.,0.,0.));
#14143=DIRECTION('center_axis',(0.,0.,1.));
#14144=DIRECTION('ref_axis',(1.,0.,0.));
#14145=DIRECTION('center_axis',(0.,0.,1.));
#14146=DIRECTION('ref_axis',(1.,0.,0.));
#14147=DIRECTION('',(0.,0.,1.));
#14148=DIRECTION('center_axis',(0.,0.,1.));
#14149=DIRECTION('ref_axis',(1.,0.,0.));
#14150=DIRECTION('center_axis',(0.,0.,1.));
#14151=DIRECTION('ref_axis',(1.,0.,0.));
#14152=DIRECTION('center_axis',(0.,0.,-1.));
#14153=DIRECTION('ref_axis',(1.,0.,0.));
#14154=DIRECTION('center_axis',(0.,0.,-1.));
#14155=DIRECTION('ref_axis',(1.,0.,0.));
#14156=DIRECTION('',(0.,0.,-1.));
#14157=DIRECTION('center_axis',(0.,0.,-1.));
#14158=DIRECTION('ref_axis',(1.,0.,0.));
#14159=DIRECTION('center_axis',(0.,0.,1.));
#14160=DIRECTION('ref_axis',(1.,0.,0.));
#14161=DIRECTION('center_axis',(0.,0.,1.));
#14162=DIRECTION('ref_axis',(1.,0.,0.));
#14163=DIRECTION('center_axis',(0.,0.,1.));
#14164=DIRECTION('ref_axis',(1.,0.,0.));
#14165=DIRECTION('',(0.,0.,-1.));
#14166=DIRECTION('center_axis',(0.,0.,1.));
#14167=DIRECTION('ref_axis',(1.,0.,0.));
#14168=DIRECTION('center_axis',(0.,0.,1.));
#14169=DIRECTION('ref_axis',(1.,0.,0.));
#14170=DIRECTION('center_axis',(0.,0.,1.));
#14171=DIRECTION('ref_axis',(1.,0.,0.));
#14172=DIRECTION('axis',(0.,0.,1.));
#14173=DIRECTION('refdir',(1.,0.,0.));
#14174=DIRECTION('center_axis',(0.,0.,1.));
#14175=DIRECTION('ref_axis',(1.,0.,0.));
#14176=DIRECTION('center_axis',(0.,0.,1.));
#14177=DIRECTION('ref_axis',(1.,0.,0.));
#14178=DIRECTION('',(0.,0.,1.));
#14179=DIRECTION('center_axis',(0.,0.,1.));
#14180=DIRECTION('ref_axis',(1.,0.,0.));
#14181=DIRECTION('center_axis',(0.,0.,1.));
#14182=DIRECTION('ref_axis',(1.,0.,0.));
#14183=DIRECTION('center_axis',(0.,0.,-1.));
#14184=DIRECTION('ref_axis',(1.,0.,0.));
#14185=DIRECTION('center_axis',(0.,0.,-1.));
#14186=DIRECTION('ref_axis',(1.,0.,0.));
#14187=DIRECTION('',(0.,0.,-1.));
#14188=DIRECTION('center_axis',(0.,0.,-1.));
#14189=DIRECTION('ref_axis',(1.,0.,0.));
#14190=DIRECTION('center_axis',(0.,0.,1.));
#14191=DIRECTION('ref_axis',(1.,0.,0.));
#14192=DIRECTION('center_axis',(0.,0.,1.));
#14193=DIRECTION('ref_axis',(1.,0.,0.));
#14194=DIRECTION('center_axis',(0.,0.,1.));
#14195=DIRECTION('ref_axis',(1.,0.,0.));
#14196=DIRECTION('',(0.,0.,-1.));
#14197=DIRECTION('center_axis',(0.,0.,1.));
#14198=DIRECTION('ref_axis',(1.,0.,0.));
#14199=DIRECTION('center_axis',(0.,0.,1.));
#14200=DIRECTION('ref_axis',(1.,0.,0.));
#14201=DIRECTION('center_axis',(0.,0.,1.));
#14202=DIRECTION('ref_axis',(1.,0.,0.));
#14203=DIRECTION('axis',(0.,0.,1.));
#14204=DIRECTION('refdir',(1.,0.,0.));
#14205=DIRECTION('center_axis',(0.,0.,1.));
#14206=DIRECTION('ref_axis',(1.,0.,0.));
#14207=DIRECTION('center_axis',(0.,0.,1.));
#14208=DIRECTION('ref_axis',(1.,0.,0.));
#14209=DIRECTION('',(0.,0.,1.));
#14210=DIRECTION('center_axis',(0.,0.,1.));
#14211=DIRECTION('ref_axis',(1.,0.,0.));
#14212=DIRECTION('center_axis',(0.,0.,1.));
#14213=DIRECTION('ref_axis',(1.,0.,0.));
#14214=DIRECTION('center_axis',(0.,0.,-1.));
#14215=DIRECTION('ref_axis',(1.,0.,0.));
#14216=DIRECTION('center_axis',(0.,0.,-1.));
#14217=DIRECTION('ref_axis',(1.,0.,0.));
#14218=DIRECTION('',(0.,0.,-1.));
#14219=DIRECTION('center_axis',(0.,0.,-1.));
#14220=DIRECTION('ref_axis',(1.,0.,0.));
#14221=DIRECTION('center_axis',(0.,0.,1.));
#14222=DIRECTION('ref_axis',(1.,0.,0.));
#14223=DIRECTION('center_axis',(0.,0.,1.));
#14224=DIRECTION('ref_axis',(1.,0.,0.));
#14225=DIRECTION('center_axis',(0.,0.,1.));
#14226=DIRECTION('ref_axis',(1.,0.,0.));
#14227=DIRECTION('',(0.,0.,-1.));
#14228=DIRECTION('center_axis',(0.,0.,1.));
#14229=DIRECTION('ref_axis',(1.,0.,0.));
#14230=DIRECTION('center_axis',(0.,0.,1.));
#14231=DIRECTION('ref_axis',(1.,0.,0.));
#14232=DIRECTION('center_axis',(0.,0.,1.));
#14233=DIRECTION('ref_axis',(1.,0.,0.));
#14234=DIRECTION('axis',(0.,0.,1.));
#14235=DIRECTION('refdir',(1.,0.,0.));
#14236=DIRECTION('center_axis',(0.,0.,1.));
#14237=DIRECTION('ref_axis',(1.,0.,0.));
#14238=DIRECTION('center_axis',(0.,0.,1.));
#14239=DIRECTION('ref_axis',(1.,0.,0.));
#14240=DIRECTION('',(0.,0.,1.));
#14241=DIRECTION('center_axis',(0.,0.,-1.));
#14242=DIRECTION('ref_axis',(1.,0.,0.));
#14243=DIRECTION('center_axis',(0.,0.,1.));
#14244=DIRECTION('ref_axis',(1.,0.,0.));
#14245=DIRECTION('center_axis',(0.,0.,1.));
#14246=DIRECTION('ref_axis',(1.,0.,0.));
#14247=DIRECTION('',(0.,0.,1.));
#14248=DIRECTION('center_axis',(0.,0.,-1.));
#14249=DIRECTION('ref_axis',(1.,0.,0.));
#14250=DIRECTION('center_axis',(0.,1.,0.));
#14251=DIRECTION('ref_axis',(-1.,0.,0.));
#14252=DIRECTION('',(0.,0.,-1.));
#14253=DIRECTION('',(-1.,0.,0.));
#14254=DIRECTION('',(0.,0.,1.));
#14255=DIRECTION('',(-1.,0.,0.));
#14256=DIRECTION('center_axis',(0.,-1.,0.));
#14257=DIRECTION('ref_axis',(1.,0.,0.));
#14258=DIRECTION('',(0.,0.,1.));
#14259=DIRECTION('',(1.,0.,0.));
#14260=DIRECTION('',(0.,0.,-1.));
#14261=DIRECTION('',(1.,0.,0.));
#14262=DIRECTION('center_axis',(0.,0.,1.));
#14263=DIRECTION('ref_axis',(1.,0.,0.));
#14264=DIRECTION('',(0.,1.,0.));
#14265=DIRECTION('',(0.,-1.,0.));
#14266=DIRECTION('center_axis',(-1.,0.,0.));
#14267=DIRECTION('ref_axis',(0.,-1.,0.));
#14268=DIRECTION('',(0.,-1.,0.));
#14269=DIRECTION('',(0.,0.,1.));
#14270=DIRECTION('',(0.,-1.,0.));
#14271=DIRECTION('',(0.,0.,1.));
#14272=DIRECTION('',(0.,-1.,0.));
#14273=DIRECTION('center_axis',(0.,0.,1.));
#14274=DIRECTION('ref_axis',(1.,0.,0.));
#14275=DIRECTION('',(0.,1.,0.));
#14276=DIRECTION('',(1.,0.,0.));
#14277=DIRECTION('center_axis',(0.,0.,1.));
#14278=DIRECTION('ref_axis',(1.,0.,0.));
#14279=DIRECTION('',(-1.,-1.55275947500022E-16,0.));
#14280=DIRECTION('',(0.,1.,0.));
#14281=DIRECTION('center_axis',(0.,-1.,0.));
#14282=DIRECTION('ref_axis',(1.,0.,0.));
#14283=DIRECTION('',(-1.,0.,0.));
#14284=DIRECTION('',(0.,0.,1.));
#14285=DIRECTION('',(1.,0.,0.));
#14286=DIRECTION('',(0.,0.,1.));
#14287=DIRECTION('center_axis',(-1.,0.,0.));
#14288=DIRECTION('ref_axis',(0.,-1.,0.));
#14289=DIRECTION('',(0.,1.,0.));
#14290=DIRECTION('',(0.,-1.,0.));
#14291=DIRECTION('',(0.,0.,1.));
#14292=DIRECTION('center_axis',(0.,1.,0.));
#14293=DIRECTION('ref_axis',(-1.,0.,0.));
#14294=DIRECTION('',(1.,0.,0.));
#14295=DIRECTION('',(-1.,0.,0.));
#14296=DIRECTION('',(0.,0.,1.));
#14297=DIRECTION('center_axis',(1.,0.,0.));
#14298=DIRECTION('ref_axis',(0.,1.,0.));
#14299=DIRECTION('',(0.,-1.,0.));
#14300=DIRECTION('',(0.,1.,0.));
#14301=DIRECTION('center_axis',(0.,0.,1.));
#14302=DIRECTION('ref_axis',(1.,0.,0.));
#14303=DIRECTION('center_axis',(-1.55275947500022E-16,1.,0.));
#14304=DIRECTION('ref_axis',(-1.,-1.55275947500022E-16,0.));
#14305=DIRECTION('',(-1.,-1.55275947500022E-16,0.));
#14306=DIRECTION('',(0.,0.,1.));
#14307=DIRECTION('center_axis',(1.,0.,0.));
#14308=DIRECTION('ref_axis',(0.,1.,0.));
#14309=DIRECTION('',(0.,1.,0.));
#14310=DIRECTION('',(0.,0.,1.));
#14311=DIRECTION('center_axis',(0.,-1.,0.));
#14312=DIRECTION('ref_axis',(1.,0.,0.));
#14313=DIRECTION('',(1.,0.,0.));
#14314=DIRECTION('center_axis',(0.,0.,1.));
#14315=DIRECTION('ref_axis',(1.,0.,0.));
#14316=DIRECTION('axis',(0.,0.,1.));
#14317=DIRECTION('refdir',(1.,0.,0.));
#14318=DIRECTION('center_axis',(0.,0.,1.));
#14319=DIRECTION('ref_axis',(1.,0.,0.));
#14320=DIRECTION('center_axis',(0.,0.,1.));
#14321=DIRECTION('ref_axis',(1.,0.,0.));
#14322=DIRECTION('',(0.,0.,1.));
#14323=DIRECTION('center_axis',(0.,0.,-1.));
#14324=DIRECTION('ref_axis',(1.,0.,0.));
#14325=DIRECTION('center_axis',(0.,0.,1.));
#14326=DIRECTION('ref_axis',(1.,0.,0.));
#14327=DIRECTION('center_axis',(0.,0.,1.));
#14328=DIRECTION('ref_axis',(1.,0.,0.));
#14329=DIRECTION('',(0.,0.,1.));
#14330=DIRECTION('center_axis',(0.,0.,-1.));
#14331=DIRECTION('ref_axis',(1.,0.,0.));
#14332=DIRECTION('center_axis',(0.,1.,0.));
#14333=DIRECTION('ref_axis',(-1.,0.,0.));
#14334=DIRECTION('',(0.,0.,-1.));
#14335=DIRECTION('',(-1.,0.,0.));
#14336=DIRECTION('',(0.,0.,1.));
#14337=DIRECTION('',(-1.,0.,0.));
#14338=DIRECTION('center_axis',(0.,-1.,0.));
#14339=DIRECTION('ref_axis',(1.,0.,0.));
#14340=DIRECTION('',(0.,0.,1.));
#14341=DIRECTION('',(1.,0.,0.));
#14342=DIRECTION('',(0.,0.,-1.));
#14343=DIRECTION('',(1.,0.,0.));
#14344=DIRECTION('center_axis',(0.,0.,1.));
#14345=DIRECTION('ref_axis',(1.,0.,0.));
#14346=DIRECTION('',(0.,1.,0.));
#14347=DIRECTION('',(0.,-1.,0.));
#14348=DIRECTION('center_axis',(-1.,0.,0.));
#14349=DIRECTION('ref_axis',(0.,-1.,0.));
#14350=DIRECTION('',(0.,-1.,0.));
#14351=DIRECTION('',(0.,0.,1.));
#14352=DIRECTION('',(0.,-1.,0.));
#14353=DIRECTION('',(0.,0.,1.));
#14354=DIRECTION('',(0.,-1.,0.));
#14355=DIRECTION('center_axis',(0.,0.,1.));
#14356=DIRECTION('ref_axis',(1.,0.,0.));
#14357=DIRECTION('',(0.,1.,0.));
#14358=DIRECTION('',(1.,0.,0.));
#14359=DIRECTION('center_axis',(0.,0.,1.));
#14360=DIRECTION('ref_axis',(1.,0.,0.));
#14361=DIRECTION('',(-1.,0.,0.));
#14362=DIRECTION('',(0.,1.,0.));
#14363=DIRECTION('center_axis',(0.,-1.,0.));
#14364=DIRECTION('ref_axis',(1.,0.,0.));
#14365=DIRECTION('',(-1.,0.,0.));
#14366=DIRECTION('',(0.,0.,1.));
#14367=DIRECTION('',(1.,0.,0.));
#14368=DIRECTION('',(0.,0.,1.));
#14369=DIRECTION('center_axis',(-1.,0.,0.));
#14370=DIRECTION('ref_axis',(0.,-1.,0.));
#14371=DIRECTION('',(0.,1.,0.));
#14372=DIRECTION('',(0.,-1.,0.));
#14373=DIRECTION('',(0.,0.,1.));
#14374=DIRECTION('center_axis',(0.,1.,0.));
#14375=DIRECTION('ref_axis',(-1.,0.,0.));
#14376=DIRECTION('',(1.,0.,0.));
#14377=DIRECTION('',(-1.,0.,0.));
#14378=DIRECTION('',(0.,0.,1.));
#14379=DIRECTION('center_axis',(1.,0.,0.));
#14380=DIRECTION('ref_axis',(0.,1.,0.));
#14381=DIRECTION('',(0.,-1.,0.));
#14382=DIRECTION('',(0.,1.,0.));
#14383=DIRECTION('center_axis',(0.,0.,1.));
#14384=DIRECTION('ref_axis',(1.,0.,0.));
#14385=DIRECTION('center_axis',(0.,1.,0.));
#14386=DIRECTION('ref_axis',(-1.,0.,0.));
#14387=DIRECTION('',(-1.,0.,0.));
#14388=DIRECTION('',(0.,0.,1.));
#14389=DIRECTION('center_axis',(1.,0.,0.));
#14390=DIRECTION('ref_axis',(0.,1.,0.));
#14391=DIRECTION('',(0.,1.,0.));
#14392=DIRECTION('',(0.,0.,1.));
#14393=DIRECTION('center_axis',(0.,-1.,0.));
#14394=DIRECTION('ref_axis',(1.,0.,0.));
#14395=DIRECTION('',(1.,0.,0.));
#14396=DIRECTION('center_axis',(0.,0.,1.));
#14397=DIRECTION('ref_axis',(1.,0.,0.));
#14398=DIRECTION('axis',(0.,0.,1.));
#14399=DIRECTION('refdir',(1.,0.,0.));
#14400=DIRECTION('center_axis',(0.,0.,1.));
#14401=DIRECTION('ref_axis',(1.,0.,0.));
#14402=DIRECTION('center_axis',(0.,0.,1.));
#14403=DIRECTION('ref_axis',(1.,0.,0.));
#14404=DIRECTION('',(0.,0.,1.));
#14405=DIRECTION('center_axis',(0.,0.,-1.));
#14406=DIRECTION('ref_axis',(1.,0.,0.));
#14407=DIRECTION('center_axis',(0.,0.,1.));
#14408=DIRECTION('ref_axis',(1.,0.,0.));
#14409=DIRECTION('center_axis',(0.,0.,1.));
#14410=DIRECTION('ref_axis',(1.,0.,0.));
#14411=DIRECTION('',(0.,0.,1.));
#14412=DIRECTION('center_axis',(0.,0.,-1.));
#14413=DIRECTION('ref_axis',(1.,0.,0.));
#14414=DIRECTION('center_axis',(0.,0.,1.));
#14415=DIRECTION('ref_axis',(1.,0.,0.));
#14416=DIRECTION('center_axis',(0.,0.,1.));
#14417=DIRECTION('ref_axis',(1.,0.,0.));
#14418=DIRECTION('',(0.,0.,1.));
#14419=DIRECTION('center_axis',(0.,0.,-1.));
#14420=DIRECTION('ref_axis',(1.,0.,0.));
#14421=DIRECTION('center_axis',(0.,0.,1.));
#14422=DIRECTION('ref_axis',(1.,0.,0.));
#14423=DIRECTION('center_axis',(0.,0.,1.));
#14424=DIRECTION('ref_axis',(1.,0.,0.));
#14425=DIRECTION('',(0.,0.,1.));
#14426=DIRECTION('center_axis',(0.,0.,-1.));
#14427=DIRECTION('ref_axis',(1.,0.,0.));
#14428=DIRECTION('center_axis',(0.,1.,0.));
#14429=DIRECTION('ref_axis',(-1.,0.,0.));
#14430=DIRECTION('',(-1.,0.,0.));
#14431=DIRECTION('',(0.,0.,1.));
#14432=DIRECTION('',(-1.,0.,0.));
#14433=DIRECTION('',(0.,0.,1.));
#14434=DIRECTION('center_axis',(1.,0.,0.));
#14435=DIRECTION('ref_axis',(0.,1.,0.));
#14436=DIRECTION('',(0.,1.,0.));
#14437=DIRECTION('',(0.,1.,0.));
#14438=DIRECTION('',(0.,0.,1.));
#14439=DIRECTION('center_axis',(0.,-1.,0.));
#14440=DIRECTION('ref_axis',(1.,0.,0.));
#14441=DIRECTION('',(1.,0.,0.));
#14442=DIRECTION('',(1.,0.,0.));
#14443=DIRECTION('',(0.,0.,1.));
#14444=DIRECTION('center_axis',(-1.,0.,0.));
#14445=DIRECTION('ref_axis',(0.,-1.,0.));
#14446=DIRECTION('',(0.,-1.,0.));
#14447=DIRECTION('',(0.,-1.,0.));
#14448=DIRECTION('center_axis',(0.,0.,1.));
#14449=DIRECTION('ref_axis',(1.,0.,0.));
#14450=DIRECTION('center_axis',(0.,0.,1.));
#14451=DIRECTION('ref_axis',(1.,0.,0.));
#14452=DIRECTION('',(0.,0.,1.));
#14453=DIRECTION('',(1.,0.,0.));
#14454=DIRECTION('',(0.,0.,1.));
#14455=DIRECTION('',(1.,0.,0.));
#14456=DIRECTION('',(0.,0.,1.));
#14457=DIRECTION('',(1.,0.,0.));
#14458=DIRECTION('',(0.,0.,1.));
#14459=DIRECTION('',(1.,0.,0.));
#14460=DIRECTION('',(0.,0.,1.));
#14461=DIRECTION('',(1.,0.,0.));
#14462=DIRECTION('',(0.,0.,1.));
#14463=DIRECTION('',(1.,0.,0.));
#14464=DIRECTION('',(0.,0.,1.));
#14465=DIRECTION('',(1.,0.,0.));
#14466=DIRECTION('',(0.,0.,1.));
#14467=DIRECTION('',(1.,0.,0.));
#14468=DIRECTION('',(0.,0.,1.));
#14469=DIRECTION('',(1.,0.,0.));
#14470=DIRECTION('',(0.,0.,1.));
#14471=DIRECTION('',(1.,0.,0.));
#14472=DIRECTION('',(0.,0.,1.));
#14473=DIRECTION('',(1.,0.,0.));
#14474=DIRECTION('',(0.,0.,1.));
#14475=DIRECTION('',(1.,0.,0.));
#14476=DIRECTION('',(0.,0.,1.));
#14477=DIRECTION('',(1.,0.,0.));
#14478=DIRECTION('axis',(0.,0.,1.));
#14479=DIRECTION('refdir',(1.,0.,0.));
#14480=DIRECTION('axis',(0.,0.,1.));
#14481=DIRECTION('refdir',(1.,0.,0.));
#14482=DIRECTION('center_axis',(0.,0.473443113395912,0.880824397015651));
#14483=DIRECTION('ref_axis',(0.,-0.880824397015651,0.473443113395913));
#14484=DIRECTION('',(0.,-0.880824397015651,0.473443113395913));
#14485=DIRECTION('',(1.,0.,0.));
#14486=DIRECTION('',(0.,-0.880824397015651,0.473443113395913));
#14487=DIRECTION('',(1.,0.,0.));
#14488=DIRECTION('center_axis',(0.,1.,0.));
#14489=DIRECTION('ref_axis',(0.,0.,1.));
#14490=DIRECTION('',(0.,0.,1.));
#14491=DIRECTION('',(0.,0.,1.));
#14492=DIRECTION('',(1.,0.,0.));
#14493=DIRECTION('center_axis',(0.,-0.450611202035347,-0.892720305919083));
#14494=DIRECTION('ref_axis',(0.,0.892720305919082,-0.450611202035347));
#14495=DIRECTION('',(0.,0.892720305919082,-0.450611202035347));
#14496=DIRECTION('',(0.,0.892720305919082,-0.450611202035347));
#14497=DIRECTION('',(1.,0.,0.));
#14498=DIRECTION('center_axis',(0.,-0.832050294337843,0.55470019622523));
#14499=DIRECTION('ref_axis',(0.,-0.55470019622523,-0.832050294337843));
#14500=DIRECTION('',(0.,-0.55470019622523,-0.832050294337843));
#14501=DIRECTION('',(0.,-0.55470019622523,-0.832050294337843));
#14502=DIRECTION('center_axis',(1.,0.,0.));
#14503=DIRECTION('ref_axis',(0.,0.,-1.));
#14504=DIRECTION('center_axis',(1.,0.,0.));
#14505=DIRECTION('ref_axis',(0.,0.,-1.));
#14506=DIRECTION('axis',(0.,0.,1.));
#14507=DIRECTION('refdir',(1.,0.,0.));
#14508=DIRECTION('center_axis',(1.,0.,0.));
#14509=DIRECTION('ref_axis',(0.,0.,-1.));
#14510=DIRECTION('center_axis',(1.,0.,0.));
#14511=DIRECTION('ref_axis',(0.,0.,-1.));
#14512=DIRECTION('',(1.,0.,0.));
#14513=DIRECTION('center_axis',(-1.,0.,0.));
#14514=DIRECTION('ref_axis',(0.,0.,-1.));
#14515=DIRECTION('center_axis',(1.,0.,0.));
#14516=DIRECTION('ref_axis',(0.,1.,0.));
#14517=DIRECTION('',(0.,-1.,0.));
#14518=DIRECTION('',(0.,0.,1.));
#14519=DIRECTION('',(0.,1.,0.));
#14520=DIRECTION('',(0.,0.,1.));
#14521=DIRECTION('',(0.,1.,0.));
#14522=DIRECTION('',(0.,0.,-1.));
#14523=DIRECTION('center_axis',(0.,1.,0.));
#14524=DIRECTION('ref_axis',(-1.,0.,0.));
#14525=DIRECTION('',(1.,0.,0.));
#14526=DIRECTION('',(0.,0.,1.));
#14527=DIRECTION('',(-1.,0.,0.));
#14528=DIRECTION('center_axis',(-1.,0.,0.));
#14529=DIRECTION('ref_axis',(0.,-1.,0.));
#14530=DIRECTION('',(0.,1.,0.));
#14531=DIRECTION('',(0.,0.,1.));
#14532=DIRECTION('',(0.,-1.,0.));
#14533=DIRECTION('',(0.,0.,1.));
#14534=DIRECTION('',(0.,-1.,0.));
#14535=DIRECTION('center_axis',(0.,0.,1.));
#14536=DIRECTION('ref_axis',(1.,0.,0.));
#14537=DIRECTION('',(-1.,0.,0.));
#14538=DIRECTION('',(1.,0.,0.));
#14539=DIRECTION('center_axis',(0.,-1.,0.));
#14540=DIRECTION('ref_axis',(1.,0.,0.));
#14541=DIRECTION('',(1.,0.,0.));
#14542=DIRECTION('center_axis',(0.,0.,1.));
#14543=DIRECTION('ref_axis',(1.,0.,0.));
#14544=DIRECTION('center_axis',(0.,-1.,0.));
#14545=DIRECTION('ref_axis',(1.,0.,0.));
#14546=DIRECTION('',(1.,0.,0.));
#14547=DIRECTION('',(0.,0.,1.));
#14548=DIRECTION('',(1.,0.,0.));
#14549=DIRECTION('',(0.,0.,1.));
#14550=DIRECTION('',(1.,0.,0.));
#14551=DIRECTION('center_axis',(1.,0.,0.));
#14552=DIRECTION('ref_axis',(0.,0.,-1.));
#14553=DIRECTION('center_axis',(1.,0.,0.));
#14554=DIRECTION('ref_axis',(0.,0.,-1.));
#14555=DIRECTION('',(1.,0.,0.));
#14556=DIRECTION('center_axis',(-1.,0.,0.));
#14557=DIRECTION('ref_axis',(0.,0.,-1.));
#14558=DIRECTION('center_axis',(0.,1.,0.));
#14559=DIRECTION('ref_axis',(-1.,0.,0.));
#14560=DIRECTION('',(-1.,0.,0.));
#14561=DIRECTION('',(0.,0.,1.));
#14562=DIRECTION('',(-1.,0.,0.));
#14563=DIRECTION('',(0.,0.,1.));
#14564=DIRECTION('center_axis',(1.,0.,0.));
#14565=DIRECTION('ref_axis',(0.,1.,0.));
#14566=DIRECTION('',(0.,1.,0.));
#14567=DIRECTION('',(0.,1.,0.));
#14568=DIRECTION('center_axis',(-1.,0.,0.));
#14569=DIRECTION('ref_axis',(0.,-1.,0.));
#14570=DIRECTION('',(0.,-1.,0.));
#14571=DIRECTION('',(0.,-1.,0.));
#14572=DIRECTION('center_axis',(0.,0.,1.));
#14573=DIRECTION('ref_axis',(1.,0.,0.));
#14574=DIRECTION('center_axis',(0.,0.,1.));
#14575=DIRECTION('ref_axis',(1.,0.,0.));
#14576=DIRECTION('axis',(0.,0.,1.));
#14577=DIRECTION('refdir',(1.,0.,0.));
#14578=DIRECTION('center_axis',(0.,0.,1.));
#14579=DIRECTION('ref_axis',(1.,0.,0.));
#14580=DIRECTION('',(-1.,0.,0.));
#14581=DIRECTION('',(0.,-1.,0.));
#14582=DIRECTION('',(1.,0.,0.));
#14583=DIRECTION('',(0.,-1.,0.));
#14584=DIRECTION('center_axis',(1.,0.,0.));
#14585=DIRECTION('ref_axis',(0.,1.,0.));
#14586=DIRECTION('',(0.,0.,1.));
#14587=DIRECTION('',(0.,1.,0.));
#14588=DIRECTION('',(0.,0.,1.));
#14589=DIRECTION('center_axis',(-1.,0.,0.));
#14590=DIRECTION('ref_axis',(0.,0.,-1.));
#14591=DIRECTION('center_axis',(0.,1.,0.));
#14592=DIRECTION('ref_axis',(-1.,0.,0.));
#14593=DIRECTION('',(0.,0.,1.));
#14594=DIRECTION('',(-1.,0.,0.));
#14595=DIRECTION('',(0.,0.,1.));
#14596=DIRECTION('',(-1.,0.,0.));
#14597=DIRECTION('center_axis',(0.,0.,1.));
#14598=DIRECTION('ref_axis',(1.,0.,0.));
#14599=DIRECTION('center_axis',(0.,0.,1.));
#14600=DIRECTION('ref_axis',(1.,0.,0.));
#14601=DIRECTION('',(0.,0.,1.));
#14602=DIRECTION('center_axis',(0.,0.,1.));
#14603=DIRECTION('ref_axis',(1.,0.,0.));
#14604=DIRECTION('center_axis',(0.,0.,1.));
#14605=DIRECTION('ref_axis',(1.,0.,0.));
#14606=DIRECTION('center_axis',(0.,0.,1.));
#14607=DIRECTION('ref_axis',(1.,0.,0.));
#14608=DIRECTION('center_axis',(0.,0.,1.));
#14609=DIRECTION('ref_axis',(1.,0.,0.));
#14610=DIRECTION('',(0.,0.,1.));
#14611=DIRECTION('center_axis',(0.,0.,1.));
#14612=DIRECTION('ref_axis',(1.,0.,0.));
#14613=DIRECTION('center_axis',(0.,0.,1.));
#14614=DIRECTION('ref_axis',(1.,0.,0.));
#14615=DIRECTION('center_axis',(1.,0.,0.));
#14616=DIRECTION('ref_axis',(0.,1.,0.));
#14617=DIRECTION('',(0.,0.,1.));
#14618=DIRECTION('',(0.,1.,0.));
#14619=DIRECTION('center_axis',(0.,0.,1.));
#14620=DIRECTION('ref_axis',(1.,0.,0.));
#14621=DIRECTION('',(0.,-1.,0.));
#14622=DIRECTION('',(1.,0.,0.));
#14623=DIRECTION('center_axis',(-1.,0.,0.));
#14624=DIRECTION('ref_axis',(0.,-1.,0.));
#14625=DIRECTION('',(0.,0.,1.));
#14626=DIRECTION('',(0.,-1.,0.));
#14627=DIRECTION('center_axis',(1.,0.,0.));
#14628=DIRECTION('ref_axis',(0.,0.,-1.));
#14629=DIRECTION('center_axis',(1.,0.,0.));
#14630=DIRECTION('ref_axis',(0.,0.,-1.));
#14631=DIRECTION('',(1.,0.,0.));
#14632=DIRECTION('center_axis',(0.,-1.,0.));
#14633=DIRECTION('ref_axis',(1.,0.,0.));
#14634=DIRECTION('',(1.,0.,0.));
#14635=DIRECTION('center_axis',(0.,0.,1.));
#14636=DIRECTION('ref_axis',(1.,0.,0.));
#14637=DIRECTION('axis',(0.,0.,1.));
#14638=DIRECTION('refdir',(1.,0.,0.));
#14639=DIRECTION('center_axis',(0.,0.,1.));
#14640=DIRECTION('ref_axis',(1.,0.,0.));
#14641=DIRECTION('',(1.,0.,0.));
#14642=DIRECTION('',(0.,1.,0.));
#14643=DIRECTION('',(-1.,0.,0.));
#14644=DIRECTION('',(0.,1.,0.));
#14645=DIRECTION('center_axis',(-1.,0.,0.));
#14646=DIRECTION('ref_axis',(0.,-1.,0.));
#14647=DIRECTION('',(0.,0.,1.));
#14648=DIRECTION('',(0.,-1.,0.));
#14649=DIRECTION('',(0.,0.,1.));
#14650=DIRECTION('center_axis',(1.,0.,0.));
#14651=DIRECTION('ref_axis',(0.,0.,-1.));
#14652=DIRECTION('center_axis',(0.,-1.,0.));
#14653=DIRECTION('ref_axis',(1.,0.,0.));
#14654=DIRECTION('',(0.,0.,1.));
#14655=DIRECTION('',(1.,0.,0.));
#14656=DIRECTION('',(0.,0.,1.));
#14657=DIRECTION('',(1.,0.,0.));
#14658=DIRECTION('center_axis',(0.,0.,1.));
#14659=DIRECTION('ref_axis',(1.,0.,0.));
#14660=DIRECTION('center_axis',(0.,0.,1.));
#14661=DIRECTION('ref_axis',(1.,0.,0.));
#14662=DIRECTION('',(0.,0.,1.));
#14663=DIRECTION('center_axis',(0.,0.,1.));
#14664=DIRECTION('ref_axis',(1.,0.,0.));
#14665=DIRECTION('center_axis',(0.,0.,1.));
#14666=DIRECTION('ref_axis',(1.,0.,0.));
#14667=DIRECTION('center_axis',(0.,0.,1.));
#14668=DIRECTION('ref_axis',(1.,0.,0.));
#14669=DIRECTION('center_axis',(0.,0.,1.));
#14670=DIRECTION('ref_axis',(1.,0.,0.));
#14671=DIRECTION('',(0.,0.,1.));
#14672=DIRECTION('center_axis',(0.,0.,1.));
#14673=DIRECTION('ref_axis',(1.,0.,0.));
#14674=DIRECTION('center_axis',(0.,0.,1.));
#14675=DIRECTION('ref_axis',(1.,0.,0.));
#14676=DIRECTION('center_axis',(-1.,0.,0.));
#14677=DIRECTION('ref_axis',(0.,-1.,0.));
#14678=DIRECTION('',(0.,0.,1.));
#14679=DIRECTION('',(0.,-1.,0.));
#14680=DIRECTION('center_axis',(0.,0.,1.));
#14681=DIRECTION('ref_axis',(1.,0.,0.));
#14682=DIRECTION('',(-1.,0.,0.));
#14683=DIRECTION('',(0.,1.,0.));
#14684=DIRECTION('center_axis',(0.,1.,0.));
#14685=DIRECTION('ref_axis',(-1.,0.,0.));
#14686=DIRECTION('',(-1.,0.,0.));
#14687=DIRECTION('',(0.,0.,1.));
#14688=DIRECTION('center_axis',(1.,0.,0.));
#14689=DIRECTION('ref_axis',(0.,0.,-1.));
#14690=DIRECTION('',(1.,0.,0.));
#14691=DIRECTION('center_axis',(-1.,0.,0.));
#14692=DIRECTION('ref_axis',(0.,0.,-1.));
#14693=DIRECTION('center_axis',(1.,0.,0.));
#14694=DIRECTION('ref_axis',(0.,1.,0.));
#14695=DIRECTION('',(0.,1.,0.));
#14696=DIRECTION('center_axis',(0.,0.,1.));
#14697=DIRECTION('ref_axis',(1.,0.,0.));
#14698=DIRECTION('axis',(0.,0.,1.));
#14699=DIRECTION('refdir',(1.,0.,0.));
#14700=DIRECTION('center_axis',(1.,0.,0.));
#14701=DIRECTION('ref_axis',(0.,0.,-1.));
#14702=DIRECTION('center_axis',(-1.,0.,0.));
#14703=DIRECTION('ref_axis',(0.,0.,-1.));
#14704=DIRECTION('',(1.,0.,0.));
#14705=DIRECTION('center_axis',(-1.,0.,0.));
#14706=DIRECTION('ref_axis',(0.,0.,-1.));
#14707=DIRECTION('center_axis',(1.,0.,0.));
#14708=DIRECTION('ref_axis',(0.,0.,-1.));
#14709=DIRECTION('center_axis',(1.,0.,0.));
#14710=DIRECTION('ref_axis',(0.,0.,-1.));
#14711=DIRECTION('center_axis',(1.,0.,0.));
#14712=DIRECTION('ref_axis',(0.,0.,-1.));
#14713=DIRECTION('center_axis',(-1.,0.,0.));
#14714=DIRECTION('ref_axis',(0.,0.,-1.));
#14715=DIRECTION('center_axis',(1.,0.,0.));
#14716=DIRECTION('ref_axis',(0.,0.,-1.));
#14717=DIRECTION('',(-1.,0.,0.));
#14718=DIRECTION('center_axis',(1.,0.,0.));
#14719=DIRECTION('ref_axis',(0.,0.,-1.));
#14720=DIRECTION('center_axis',(1.,0.,0.));
#14721=DIRECTION('ref_axis',(0.,0.,-1.));
#14722=DIRECTION('center_axis',(-1.,0.,0.));
#14723=DIRECTION('ref_axis',(0.,0.,-1.));
#14724=DIRECTION('',(1.,0.,0.));
#14725=DIRECTION('center_axis',(-1.,0.,0.));
#14726=DIRECTION('ref_axis',(0.,0.,-1.));
#14727=DIRECTION('center_axis',(1.,0.,0.));
#14728=DIRECTION('ref_axis',(0.,0.,-1.));
#14729=DIRECTION('center_axis',(1.,0.,0.));
#14730=DIRECTION('ref_axis',(0.,0.,-1.));
#14731=DIRECTION('center_axis',(-1.,0.,0.));
#14732=DIRECTION('ref_axis',(0.,0.,-1.));
#14733=DIRECTION('center_axis',(1.,0.,0.));
#14734=DIRECTION('ref_axis',(0.,0.,-1.));
#14735=DIRECTION('',(-1.,0.,0.));
#14736=DIRECTION('center_axis',(1.,0.,0.));
#14737=DIRECTION('ref_axis',(0.,0.,-1.));
#14738=DIRECTION('center_axis',(1.,0.,0.));
#14739=DIRECTION('ref_axis',(0.,0.,-1.));
#14740=DIRECTION('center_axis',(-1.,0.,0.));
#14741=DIRECTION('ref_axis',(0.,0.,-1.));
#14742=DIRECTION('center_axis',(1.,0.,0.));
#14743=DIRECTION('ref_axis',(0.,0.,-1.));
#14744=DIRECTION('center_axis',(1.,0.,0.));
#14745=DIRECTION('ref_axis',(0.,0.,-1.));
#14746=DIRECTION('',(-1.,0.,0.));
#14747=DIRECTION('axis',(0.,0.,1.));
#14748=DIRECTION('refdir',(1.,0.,0.));
#14749=DIRECTION('center_axis',(1.,0.,0.));
#14750=DIRECTION('ref_axis',(0.,0.,-1.));
#14751=DIRECTION('center_axis',(1.,0.,0.));
#14752=DIRECTION('ref_axis',(0.,0.,-1.));
#14753=DIRECTION('',(-1.,0.,0.));
#14754=DIRECTION('center_axis',(1.,0.,0.));
#14755=DIRECTION('ref_axis',(0.,0.,-1.));
#14756=DIRECTION('center_axis',(1.,0.,0.));
#14757=DIRECTION('ref_axis',(0.,0.,-1.));
#14758=DIRECTION('center_axis',(0.,1.,0.));
#14759=DIRECTION('ref_axis',(-1.,0.,0.));
#14760=DIRECTION('',(-1.,0.,0.));
#14761=DIRECTION('',(0.,0.,1.));
#14762=DIRECTION('',(-1.,0.,0.));
#14763=DIRECTION('',(0.,0.,1.));
#14764=DIRECTION('center_axis',(1.,9.97953280561938E-17,0.));
#14765=DIRECTION('ref_axis',(-9.97953280561939E-17,1.,0.));
#14766=DIRECTION('',(-9.97953280561939E-17,1.,0.));
#14767=DIRECTION('',(-9.97953280561939E-17,1.,0.));
#14768=DIRECTION('',(0.,0.,1.));
#14769=DIRECTION('center_axis',(0.,-1.,0.));
#14770=DIRECTION('ref_axis',(1.,0.,0.));
#14771=DIRECTION('',(1.,0.,0.));
#14772=DIRECTION('',(1.,0.,0.));
#14773=DIRECTION('',(0.,0.,1.));
#14774=DIRECTION('center_axis',(-1.,0.,0.));
#14775=DIRECTION('ref_axis',(0.,-1.,0.));
#14776=DIRECTION('',(0.,-1.,0.));
#14777=DIRECTION('',(0.,-1.,0.));
#14778=DIRECTION('center_axis',(0.,0.,1.));
#14779=DIRECTION('ref_axis',(1.,0.,0.));
#14780=DIRECTION('center_axis',(0.,0.,1.));
#14781=DIRECTION('ref_axis',(1.,0.,0.));
#14782=DIRECTION('axis',(0.,0.,1.));
#14783=DIRECTION('refdir',(1.,0.,0.));
#14784=DIRECTION('center_axis',(0.,1.,0.));
#14785=DIRECTION('ref_axis',(-1.,0.,0.));
#14786=DIRECTION('',(-1.,0.,0.));
#14787=DIRECTION('',(0.,0.,1.));
#14788=DIRECTION('',(-1.,0.,0.));
#14789=DIRECTION('',(0.,0.,1.));
#14790=DIRECTION('center_axis',(1.,0.,0.));
#14791=DIRECTION('ref_axis',(0.,1.,0.));
#14792=DIRECTION('',(0.,1.,0.));
#14793=DIRECTION('',(0.,1.,0.));
#14794=DIRECTION('',(0.,0.,1.));
#14795=DIRECTION('center_axis',(0.,-1.,0.));
#14796=DIRECTION('ref_axis',(1.,0.,0.));
#14797=DIRECTION('',(1.,0.,0.));
#14798=DIRECTION('',(1.,0.,0.));
#14799=DIRECTION('',(0.,0.,1.));
#14800=DIRECTION('center_axis',(-1.,0.,0.));
#14801=DIRECTION('ref_axis',(0.,-1.,0.));
#14802=DIRECTION('',(0.,-1.,0.));
#14803=DIRECTION('',(0.,-1.,0.));
#14804=DIRECTION('center_axis',(0.,0.,1.));
#14805=DIRECTION('ref_axis',(1.,0.,0.));
#14806=DIRECTION('center_axis',(0.,0.,1.));
#14807=DIRECTION('ref_axis',(1.,0.,0.));
#14808=DIRECTION('axis',(0.,0.,1.));
#14809=DIRECTION('refdir',(1.,0.,0.));
#14810=DIRECTION('center_axis',(0.,1.,0.));
#14811=DIRECTION('ref_axis',(-1.,0.,0.));
#14812=DIRECTION('',(-1.,0.,0.));
#14813=DIRECTION('',(0.,0.,1.));
#14814=DIRECTION('',(-1.,0.,0.));
#14815=DIRECTION('',(0.,0.,1.));
#14816=DIRECTION('center_axis',(1.,0.,0.));
#14817=DIRECTION('ref_axis',(0.,1.,0.));
#14818=DIRECTION('',(0.,1.,0.));
#14819=DIRECTION('',(0.,1.,0.));
#14820=DIRECTION('',(0.,0.,1.));
#14821=DIRECTION('center_axis',(0.,-1.,0.));
#14822=DIRECTION('ref_axis',(1.,0.,0.));
#14823=DIRECTION('',(1.,0.,0.));
#14824=DIRECTION('',(1.,0.,0.));
#14825=DIRECTION('',(0.,0.,1.));
#14826=DIRECTION('center_axis',(-1.,0.,0.));
#14827=DIRECTION('ref_axis',(0.,-1.,0.));
#14828=DIRECTION('',(0.,-1.,0.));
#14829=DIRECTION('',(0.,-1.,0.));
#14830=DIRECTION('center_axis',(0.,0.,1.));
#14831=DIRECTION('ref_axis',(1.,0.,0.));
#14832=DIRECTION('center_axis',(0.,0.,1.));
#14833=DIRECTION('ref_axis',(1.,0.,0.));
#14834=DIRECTION('axis',(0.,0.,1.));
#14835=DIRECTION('refdir',(1.,0.,0.));
#14836=DIRECTION('center_axis',(1.,0.,0.));
#14837=DIRECTION('ref_axis',(0.,0.,-1.));
#14838=DIRECTION('center_axis',(1.,0.,0.));
#14839=DIRECTION('ref_axis',(0.,0.,-1.));
#14840=DIRECTION('',(1.,0.,0.));
#14841=DIRECTION('center_axis',(-1.,0.,0.));
#14842=DIRECTION('ref_axis',(0.,0.,-1.));
#14843=DIRECTION('center_axis',(1.,0.,0.));
#14844=DIRECTION('ref_axis',(0.,0.,-1.));
#14845=DIRECTION('center_axis',(1.,0.,0.));
#14846=DIRECTION('ref_axis',(0.,0.,-1.));
#14847=DIRECTION('',(1.,0.,0.));
#14848=DIRECTION('center_axis',(-1.,0.,0.));
#14849=DIRECTION('ref_axis',(0.,0.,-1.));
#14850=DIRECTION('center_axis',(0.,-1.,0.));
#14851=DIRECTION('ref_axis',(0.,0.,-1.));
#14852=DIRECTION('',(0.,0.,1.));
#14853=DIRECTION('',(1.,0.,0.));
#14854=DIRECTION('',(0.,0.,-1.));
#14855=DIRECTION('',(1.,0.,0.));
#14856=DIRECTION('center_axis',(0.,0.,1.));
#14857=DIRECTION('ref_axis',(0.,-1.,0.));
#14858=DIRECTION('',(0.,1.,0.));
#14859=DIRECTION('',(0.,-1.,0.));
#14860=DIRECTION('',(1.,0.,0.));
#14861=DIRECTION('center_axis',(0.,1.,0.));
#14862=DIRECTION('ref_axis',(0.,0.,1.));
#14863=DIRECTION('',(0.,0.,-1.));
#14864=DIRECTION('',(0.,0.,1.));
#14865=DIRECTION('',(1.,0.,0.));
#14866=DIRECTION('center_axis',(0.,0.,-1.));
#14867=DIRECTION('ref_axis',(0.,1.,0.));
#14868=DIRECTION('',(0.,-1.,0.));
#14869=DIRECTION('',(0.,1.,0.));
#14870=DIRECTION('center_axis',(1.,0.,0.));
#14871=DIRECTION('ref_axis',(0.,0.,-1.));
#14872=DIRECTION('center_axis',(1.,0.,0.));
#14873=DIRECTION('ref_axis',(0.,0.,-1.));
#14874=DIRECTION('axis',(0.,0.,1.));
#14875=DIRECTION('refdir',(1.,0.,0.));
#14876=DIRECTION('center_axis',(1.,0.,0.));
#14877=DIRECTION('ref_axis',(0.,0.,-1.));
#14878=DIRECTION('center_axis',(1.,0.,0.));
#14879=DIRECTION('ref_axis',(0.,0.,-1.));
#14880=DIRECTION('',(1.,0.,0.));
#14881=DIRECTION('center_axis',(-1.,0.,0.));
#14882=DIRECTION('ref_axis',(0.,0.,-1.));
#14883=DIRECTION('center_axis',(1.,0.,0.));
#14884=DIRECTION('ref_axis',(0.,0.,-1.));
#14885=DIRECTION('center_axis',(1.,0.,0.));
#14886=DIRECTION('ref_axis',(0.,0.,-1.));
#14887=DIRECTION('',(1.,0.,0.));
#14888=DIRECTION('center_axis',(-1.,0.,0.));
#14889=DIRECTION('ref_axis',(0.,0.,-1.));
#14890=DIRECTION('center_axis',(0.,-0.252421897147003,-0.967617272396844));
#14891=DIRECTION('ref_axis',(0.,0.967617272396844,-0.252421897147003));
#14892=DIRECTION('',(0.,-0.967617272396844,0.252421897147003));
#14893=DIRECTION('',(1.,0.,0.));
#14894=DIRECTION('',(0.,0.967617272396844,-0.252421897147003));
#14895=DIRECTION('',(1.,0.,0.));
#14896=DIRECTION('center_axis',(0.,-0.967617272396844,0.252421897147002));
#14897=DIRECTION('ref_axis',(0.,-0.252421897147002,-0.967617272396844));
#14898=DIRECTION('',(0.,0.252421897147002,0.967617272396844));
#14899=DIRECTION('',(0.,-0.252421897147002,-0.967617272396844));
#14900=DIRECTION('',(1.,0.,0.));
#14901=DIRECTION('center_axis',(0.,0.252421897147001,0.967617272396844));
#14902=DIRECTION('ref_axis',(0.,-0.967617272396844,0.252421897147001));
#14903=DIRECTION('',(0.,0.967617272396844,-0.252421897147001));
#14904=DIRECTION('',(0.,-0.967617272396844,0.252421897147001));
#14905=DIRECTION('',(1.,0.,0.));
#14906=DIRECTION('center_axis',(0.,0.967617272396844,-0.252421897147003));
#14907=DIRECTION('ref_axis',(0.,0.252421897147003,0.967617272396844));
#14908=DIRECTION('',(0.,-0.252421897147003,-0.967617272396844));
#14909=DIRECTION('',(0.,0.252421897147003,0.967617272396844));
#14910=DIRECTION('center_axis',(1.,0.,0.));
#14911=DIRECTION('ref_axis',(0.,0.,-1.));
#14912=DIRECTION('center_axis',(1.,0.,0.));
#14913=DIRECTION('ref_axis',(0.,0.,-1.));
#14914=DIRECTION('axis',(0.,0.,1.));
#14915=DIRECTION('refdir',(1.,0.,0.));
#14916=DIRECTION('center_axis',(0.,1.,0.));
#14917=DIRECTION('ref_axis',(-1.,0.,0.));
#14918=DIRECTION('',(-1.,0.,0.));
#14919=DIRECTION('',(0.,0.,1.));
#14920=DIRECTION('',(-1.,0.,0.));
#14921=DIRECTION('',(0.,0.,1.));
#14922=DIRECTION('center_axis',(1.,0.,0.));
#14923=DIRECTION('ref_axis',(0.,1.,0.));
#14924=DIRECTION('',(0.,1.,0.));
#14925=DIRECTION('',(0.,1.,0.));
#14926=DIRECTION('',(0.,0.,1.));
#14927=DIRECTION('center_axis',(0.,-1.,0.));
#14928=DIRECTION('ref_axis',(1.,0.,0.));
#14929=DIRECTION('',(1.,0.,0.));
#14930=DIRECTION('',(1.,0.,0.));
#14931=DIRECTION('',(0.,0.,1.));
#14932=DIRECTION('center_axis',(-1.,0.,0.));
#14933=DIRECTION('ref_axis',(0.,-1.,0.));
#14934=DIRECTION('',(0.,-1.,0.));
#14935=DIRECTION('',(0.,-1.,0.));
#14936=DIRECTION('center_axis',(0.,0.,1.));
#14937=DIRECTION('ref_axis',(1.,0.,0.));
#14938=DIRECTION('center_axis',(0.,0.,1.));
#14939=DIRECTION('ref_axis',(1.,0.,0.));
#14940=DIRECTION('axis',(0.,0.,1.));
#14941=DIRECTION('refdir',(1.,0.,0.));
#14942=DIRECTION('center_axis',(0.,0.,1.));
#14943=DIRECTION('ref_axis',(1.,0.,0.));
#14944=DIRECTION('',(0.,0.,1.));
#14945=DIRECTION('center_axis',(0.,0.,1.));
#14946=DIRECTION('ref_axis',(1.,0.,0.));
#14947=DIRECTION('',(0.,0.,-1.));
#14948=DIRECTION('center_axis',(0.,0.,-1.));
#14949=DIRECTION('ref_axis',(1.,0.,0.));
#14950=DIRECTION('center_axis',(0.,0.,1.));
#14951=DIRECTION('ref_axis',(1.,0.,0.));
#14952=DIRECTION('',(0.,0.,-1.));
#14953=DIRECTION('center_axis',(0.,0.,-1.));
#14954=DIRECTION('ref_axis',(1.,0.,0.));
#14955=DIRECTION('',(0.,0.,1.));
#14956=DIRECTION('center_axis',(0.,0.,1.));
#14957=DIRECTION('ref_axis',(1.,0.,0.));
#14958=DIRECTION('center_axis',(0.,-1.,0.));
#14959=DIRECTION('ref_axis',(1.,0.,0.));
#14960=DIRECTION('',(1.,0.,0.));
#14961=DIRECTION('',(0.,0.,1.));
#14962=DIRECTION('',(1.,0.,0.));
#14963=DIRECTION('center_axis',(0.,-1.,0.));
#14964=DIRECTION('ref_axis',(1.,0.,0.));
#14965=DIRECTION('',(1.,0.,0.));
#14966=DIRECTION('',(0.,0.,1.));
#14967=DIRECTION('',(1.,0.,0.));
#14968=DIRECTION('center_axis',(0.,0.,1.));
#14969=DIRECTION('ref_axis',(1.,0.,0.));
#14970=DIRECTION('',(0.,-1.,0.));
#14971=DIRECTION('',(-1.,0.,0.));
#14972=DIRECTION('',(-1.,0.,0.));
#14973=DIRECTION('',(0.,1.,0.));
#14974=DIRECTION('center_axis',(0.,1.,0.));
#14975=DIRECTION('ref_axis',(-1.,0.,0.));
#14976=DIRECTION('',(0.,0.,1.));
#14977=DIRECTION('',(-1.,0.,0.));
#14978=DIRECTION('center_axis',(0.,1.,0.));
#14979=DIRECTION('ref_axis',(-1.,0.,0.));
#14980=DIRECTION('',(-1.,0.,0.));
#14981=DIRECTION('',(0.,0.,1.));
#14982=DIRECTION('center_axis',(1.,0.,0.));
#14983=DIRECTION('ref_axis',(0.,1.,0.));
#14984=DIRECTION('',(0.,1.,0.));
#14985=DIRECTION('center_axis',(-1.,0.,0.));
#14986=DIRECTION('ref_axis',(0.,-1.,0.));
#14987=DIRECTION('',(0.,-1.,0.));
#14988=DIRECTION('center_axis',(0.,0.,1.));
#14989=DIRECTION('ref_axis',(1.,0.,0.));
#14990=DIRECTION('axis',(0.,0.,1.));
#14991=DIRECTION('refdir',(1.,0.,0.));
#14992=DIRECTION('center_axis',(0.,0.,1.));
#14993=DIRECTION('ref_axis',(1.,0.,0.));
#14994=DIRECTION('center_axis',(0.,0.,1.));
#14995=DIRECTION('ref_axis',(1.,0.,0.));
#14996=DIRECTION('',(0.,0.,1.));
#14997=DIRECTION('center_axis',(0.,0.,-1.));
#14998=DIRECTION('ref_axis',(1.,0.,0.));
#14999=DIRECTION('center_axis',(0.,1.,0.));
#15000=DIRECTION('ref_axis',(-1.,0.,0.));
#15001=DIRECTION('',(-1.,0.,0.));
#15002=DIRECTION('',(0.,0.,1.));
#15003=DIRECTION('',(-1.,0.,0.));
#15004=DIRECTION('',(0.,0.,1.));
#15005=DIRECTION('center_axis',(1.,0.,0.));
#15006=DIRECTION('ref_axis',(0.,1.,0.));
#15007=DIRECTION('',(0.,1.,0.));
#15008=DIRECTION('',(0.,1.,0.));
#15009=DIRECTION('',(0.,0.,1.));
#15010=DIRECTION('center_axis',(0.,-1.,0.));
#15011=DIRECTION('ref_axis',(1.,0.,0.));
#15012=DIRECTION('',(1.,0.,0.));
#15013=DIRECTION('',(1.,0.,0.));
#15014=DIRECTION('',(0.,0.,1.));
#15015=DIRECTION('center_axis',(-1.,0.,0.));
#15016=DIRECTION('ref_axis',(0.,-1.,0.));
#15017=DIRECTION('',(0.,-1.,0.));
#15018=DIRECTION('',(0.,-1.,0.));
#15019=DIRECTION('center_axis',(0.,0.,1.));
#15020=DIRECTION('ref_axis',(1.,0.,0.));
#15021=DIRECTION('center_axis',(0.,0.,1.));
#15022=DIRECTION('ref_axis',(1.,0.,0.));
#15023=DIRECTION('axis',(0.,0.,1.));
#15024=DIRECTION('refdir',(1.,0.,0.));
#15025=DIRECTION('center_axis',(0.,0.,1.));
#15026=DIRECTION('ref_axis',(1.,0.,0.));
#15027=DIRECTION('center_axis',(0.,0.,1.));
#15028=DIRECTION('ref_axis',(1.,0.,0.));
#15029=DIRECTION('',(0.,0.,1.));
#15030=DIRECTION('center_axis',(0.,0.,-1.));
#15031=DIRECTION('ref_axis',(1.,0.,0.));
#15032=DIRECTION('center_axis',(0.,1.,0.));
#15033=DIRECTION('ref_axis',(-1.,0.,0.));
#15034=DIRECTION('',(-1.,0.,0.));
#15035=DIRECTION('',(0.,0.,1.));
#15036=DIRECTION('',(-1.,0.,0.));
#15037=DIRECTION('',(0.,0.,1.));
#15038=DIRECTION('center_axis',(1.,0.,0.));
#15039=DIRECTION('ref_axis',(0.,1.,0.));
#15040=DIRECTION('',(0.,1.,0.));
#15041=DIRECTION('',(0.,1.,0.));
#15042=DIRECTION('',(0.,0.,1.));
#15043=DIRECTION('center_axis',(0.,-1.,0.));
#15044=DIRECTION('ref_axis',(1.,0.,0.));
#15045=DIRECTION('',(1.,0.,0.));
#15046=DIRECTION('',(1.,0.,0.));
#15047=DIRECTION('',(0.,0.,1.));
#15048=DIRECTION('center_axis',(-1.,0.,0.));
#15049=DIRECTION('ref_axis',(0.,-1.,0.));
#15050=DIRECTION('',(0.,-1.,0.));
#15051=DIRECTION('',(0.,-1.,0.));
#15052=DIRECTION('center_axis',(0.,0.,1.));
#15053=DIRECTION('ref_axis',(1.,0.,0.));
#15054=DIRECTION('center_axis',(0.,0.,1.));
#15055=DIRECTION('ref_axis',(1.,0.,0.));
#15056=DIRECTION('axis',(0.,0.,1.));
#15057=DIRECTION('refdir',(1.,0.,0.));
#15058=DIRECTION('center_axis',(0.,0.,1.));
#15059=DIRECTION('ref_axis',(1.,0.,0.));
#15060=DIRECTION('',(0.,0.,1.));
#15061=DIRECTION('center_axis',(0.,0.,1.));
#15062=DIRECTION('ref_axis',(1.,0.,0.));
#15063=DIRECTION('',(0.,0.,-1.));
#15064=DIRECTION('center_axis',(0.,0.,-1.));
#15065=DIRECTION('ref_axis',(1.,0.,0.));
#15066=DIRECTION('center_axis',(0.,0.,1.));
#15067=DIRECTION('ref_axis',(1.,0.,0.));
#15068=DIRECTION('',(0.,0.,-1.));
#15069=DIRECTION('center_axis',(0.,0.,-1.));
#15070=DIRECTION('ref_axis',(1.,0.,0.));
#15071=DIRECTION('',(0.,0.,1.));
#15072=DIRECTION('center_axis',(0.,0.,1.));
#15073=DIRECTION('ref_axis',(1.,0.,0.));
#15074=DIRECTION('center_axis',(0.,-1.,0.));
#15075=DIRECTION('ref_axis',(1.,0.,0.));
#15076=DIRECTION('',(1.,0.,0.));
#15077=DIRECTION('',(0.,0.,1.));
#15078=DIRECTION('',(1.,0.,0.));
#15079=DIRECTION('center_axis',(0.,-1.,0.));
#15080=DIRECTION('ref_axis',(1.,0.,0.));
#15081=DIRECTION('',(1.,0.,0.));
#15082=DIRECTION('',(0.,0.,1.));
#15083=DIRECTION('',(1.,0.,0.));
#15084=DIRECTION('center_axis',(0.,0.,1.));
#15085=DIRECTION('ref_axis',(1.,0.,0.));
#15086=DIRECTION('',(0.,-1.,0.));
#15087=DIRECTION('',(-1.,0.,0.));
#15088=DIRECTION('',(-1.,0.,0.));
#15089=DIRECTION('',(0.,1.,0.));
#15090=DIRECTION('center_axis',(0.,1.,0.));
#15091=DIRECTION('ref_axis',(-1.,0.,0.));
#15092=DIRECTION('',(0.,0.,1.));
#15093=DIRECTION('',(-1.,0.,0.));
#15094=DIRECTION('center_axis',(0.,1.,0.));
#15095=DIRECTION('ref_axis',(-1.,0.,0.));
#15096=DIRECTION('',(-1.,0.,0.));
#15097=DIRECTION('',(0.,0.,1.));
#15098=DIRECTION('center_axis',(1.,0.,0.));
#15099=DIRECTION('ref_axis',(0.,1.,0.));
#15100=DIRECTION('',(0.,1.,0.));
#15101=DIRECTION('center_axis',(-1.,0.,0.));
#15102=DIRECTION('ref_axis',(0.,-1.,0.));
#15103=DIRECTION('',(0.,-1.,0.));
#15104=DIRECTION('center_axis',(0.,0.,1.));
#15105=DIRECTION('ref_axis',(1.,0.,0.));
#15106=DIRECTION('axis',(0.,0.,1.));
#15107=DIRECTION('refdir',(1.,0.,0.));
#15108=DIRECTION('center_axis',(0.,0.,1.));
#15109=DIRECTION('ref_axis',(1.,0.,0.));
#15110=DIRECTION('center_axis',(0.,0.,1.));
#15111=DIRECTION('ref_axis',(1.,0.,0.));
#15112=DIRECTION('',(0.,0.,1.));
#15113=DIRECTION('center_axis',(0.,0.,-1.));
#15114=DIRECTION('ref_axis',(1.,0.,0.));
#15115=DIRECTION('center_axis',(0.,1.,0.));
#15116=DIRECTION('ref_axis',(-1.,0.,0.));
#15117=DIRECTION('',(-1.,0.,0.));
#15118=DIRECTION('',(0.,0.,1.));
#15119=DIRECTION('',(-1.,0.,0.));
#15120=DIRECTION('',(0.,0.,1.));
#15121=DIRECTION('center_axis',(1.,0.,0.));
#15122=DIRECTION('ref_axis',(0.,1.,0.));
#15123=DIRECTION('',(0.,1.,0.));
#15124=DIRECTION('',(0.,1.,0.));
#15125=DIRECTION('',(0.,0.,1.));
#15126=DIRECTION('center_axis',(0.,-1.,0.));
#15127=DIRECTION('ref_axis',(1.,0.,0.));
#15128=DIRECTION('',(1.,0.,0.));
#15129=DIRECTION('',(1.,0.,0.));
#15130=DIRECTION('',(0.,0.,1.));
#15131=DIRECTION('center_axis',(-1.,0.,0.));
#15132=DIRECTION('ref_axis',(0.,-1.,0.));
#15133=DIRECTION('',(0.,-1.,0.));
#15134=DIRECTION('',(0.,-1.,0.));
#15135=DIRECTION('center_axis',(0.,0.,1.));
#15136=DIRECTION('ref_axis',(1.,0.,0.));
#15137=DIRECTION('center_axis',(0.,0.,1.));
#15138=DIRECTION('ref_axis',(1.,0.,0.));
#15139=DIRECTION('axis',(0.,0.,1.));
#15140=DIRECTION('refdir',(1.,0.,0.));
#15141=DIRECTION('center_axis',(0.,0.,1.));
#15142=DIRECTION('ref_axis',(1.,0.,0.));
#15143=DIRECTION('center_axis',(0.,0.,1.));
#15144=DIRECTION('ref_axis',(1.,0.,0.));
#15145=DIRECTION('',(0.,0.,1.));
#15146=DIRECTION('center_axis',(0.,0.,-1.));
#15147=DIRECTION('ref_axis',(1.,0.,0.));
#15148=DIRECTION('center_axis',(0.,1.,0.));
#15149=DIRECTION('ref_axis',(-1.,0.,0.));
#15150=DIRECTION('',(-1.,0.,0.));
#15151=DIRECTION('',(0.,0.,1.));
#15152=DIRECTION('',(-1.,0.,0.));
#15153=DIRECTION('',(0.,0.,1.));
#15154=DIRECTION('center_axis',(1.,0.,0.));
#15155=DIRECTION('ref_axis',(0.,1.,0.));
#15156=DIRECTION('',(0.,1.,0.));
#15157=DIRECTION('',(0.,1.,0.));
#15158=DIRECTION('',(0.,0.,1.));
#15159=DIRECTION('center_axis',(0.,-1.,0.));
#15160=DIRECTION('ref_axis',(1.,0.,0.));
#15161=DIRECTION('',(1.,0.,0.));
#15162=DIRECTION('',(1.,0.,0.));
#15163=DIRECTION('',(0.,0.,1.));
#15164=DIRECTION('center_axis',(-1.,0.,0.));
#15165=DIRECTION('ref_axis',(0.,-1.,0.));
#15166=DIRECTION('',(0.,-1.,0.));
#15167=DIRECTION('',(0.,-1.,0.));
#15168=DIRECTION('center_axis',(0.,0.,1.));
#15169=DIRECTION('ref_axis',(1.,0.,0.));
#15170=DIRECTION('center_axis',(0.,0.,1.));
#15171=DIRECTION('ref_axis',(1.,0.,0.));
#15172=DIRECTION('axis',(0.,0.,1.));
#15173=DIRECTION('refdir',(1.,0.,0.));
#15174=DIRECTION('center_axis',(1.,0.,0.));
#15175=DIRECTION('ref_axis',(0.,-1.,-9.49410759657493E-16));
#15176=DIRECTION('',(-1.,0.,0.));
#15177=DIRECTION('center_axis',(1.,-8.5157559612144E-61,0.));
#15178=DIRECTION('ref_axis',(0.,0.,-1.));
#15179=DIRECTION('',(1.,0.,0.));
#15180=DIRECTION('center_axis',(-1.,8.5157559612144E-61,0.));
#15181=DIRECTION('ref_axis',(0.,0.,-1.));
#15182=DIRECTION('center_axis',(0.,0.,1.));
#15183=DIRECTION('ref_axis',(-8.5157559612144E-61,-1.,0.));
#15184=DIRECTION('',(8.5157559612144E-61,1.,0.));
#15185=DIRECTION('',(1.,0.,0.));
#15186=DIRECTION('',(-8.5157559612144E-61,-1.,0.));
#15187=DIRECTION('center_axis',(1.,-8.5157559612144E-61,0.));
#15188=DIRECTION('ref_axis',(0.,0.,-1.));
#15189=DIRECTION('',(-8.5157559612144E-61,-1.,0.));
#15190=DIRECTION('center_axis',(-1.,8.5157559612144E-61,0.));
#15191=DIRECTION('ref_axis',(0.,0.,-1.));
#15192=DIRECTION('center_axis',(0.,0.,-1.));
#15193=DIRECTION('ref_axis',(-4.14536090644533E-76,1.,0.));
#15194=DIRECTION('',(8.5157559612144E-61,1.,0.));
#15195=DIRECTION('',(-1.,0.,0.));
#15196=DIRECTION('center_axis',(1.,-8.5157559612144E-61,0.));
#15197=DIRECTION('ref_axis',(0.,0.,-1.));
#15198=DIRECTION('center_axis',(-1.,8.5157559612144E-61,0.));
#15199=DIRECTION('ref_axis',(0.,0.,-1.));
#15200=DIRECTION('center_axis',(1.,0.,0.));
#15201=DIRECTION('ref_axis',(0.,-1.,-9.49410759657493E-16));
#15202=DIRECTION('axis',(0.,0.,1.));
#15203=DIRECTION('refdir',(1.,0.,0.));
#15204=DIRECTION('center_axis',(1.,0.,0.));
#15205=DIRECTION('ref_axis',(0.,-1.,-9.49410759657493E-16));
#15206=DIRECTION('',(-1.,0.,0.));
#15207=DIRECTION('center_axis',(1.,-8.5157559612144E-61,0.));
#15208=DIRECTION('ref_axis',(0.,0.,-1.));
#15209=DIRECTION('',(1.,0.,0.));
#15210=DIRECTION('center_axis',(-1.,8.5157559612144E-61,0.));
#15211=DIRECTION('ref_axis',(0.,0.,-1.));
#15212=DIRECTION('center_axis',(0.,0.,1.));
#15213=DIRECTION('ref_axis',(-8.5157559612144E-61,-1.,0.));
#15214=DIRECTION('',(8.5157559612144E-61,1.,0.));
#15215=DIRECTION('',(1.,0.,0.));
#15216=DIRECTION('',(-8.5157559612144E-61,-1.,0.));
#15217=DIRECTION('center_axis',(1.,-8.5157559612144E-61,0.));
#15218=DIRECTION('ref_axis',(0.,0.,-1.));
#15219=DIRECTION('',(-8.5157559612144E-61,-1.,0.));
#15220=DIRECTION('center_axis',(-1.,8.5157559612144E-61,0.));
#15221=DIRECTION('ref_axis',(0.,0.,-1.));
#15222=DIRECTION('center_axis',(0.,0.,-1.));
#15223=DIRECTION('ref_axis',(-4.14536090644533E-76,1.,0.));
#15224=DIRECTION('',(8.5157559612144E-61,1.,0.));
#15225=DIRECTION('',(-1.,0.,0.));
#15226=DIRECTION('center_axis',(1.,-8.5157559612144E-61,0.));
#15227=DIRECTION('ref_axis',(0.,0.,-1.));
#15228=DIRECTION('center_axis',(-1.,8.5157559612144E-61,0.));
#15229=DIRECTION('ref_axis',(0.,0.,-1.));
#15230=DIRECTION('center_axis',(1.,0.,0.));
#15231=DIRECTION('ref_axis',(0.,-1.,-9.49410759657493E-16));
#15232=DIRECTION('',(0.,0.,1.));
#15233=DIRECTION('',(1.,0.,0.));
#15234=DIRECTION('',(0.,0.,1.));
#15235=DIRECTION('',(1.,0.,0.));
#15236=DIRECTION('',(0.,0.,1.));
#15237=DIRECTION('',(1.,0.,0.));
#15238=DIRECTION('',(0.,0.,1.));
#15239=DIRECTION('',(1.,0.,0.));
#15240=DIRECTION('',(0.,0.,1.));
#15241=DIRECTION('',(1.,0.,0.));
#15242=DIRECTION('',(0.,0.,1.));
#15243=DIRECTION('',(1.,0.,0.));
#15244=DIRECTION('',(0.,0.,1.));
#15245=DIRECTION('',(1.,0.,0.));
#15246=DIRECTION('',(0.,0.,1.));
#15247=DIRECTION('',(1.,0.,0.));
#15248=DIRECTION('',(0.,0.,1.));
#15249=DIRECTION('',(1.,0.,0.));
#15250=DIRECTION('',(0.,0.,1.));
#15251=DIRECTION('',(1.,0.,0.));
#15252=DIRECTION('',(0.,0.,1.));
#15253=DIRECTION('',(1.,0.,0.));
#15254=DIRECTION('',(0.,0.,1.));
#15255=DIRECTION('',(1.,0.,0.));
#15256=DIRECTION('',(0.,0.,1.));
#15257=DIRECTION('',(1.,0.,0.));
#15258=DIRECTION('',(0.,0.,1.));
#15259=DIRECTION('',(1.,0.,0.));
#15260=DIRECTION('',(0.,0.,1.));
#15261=DIRECTION('',(1.,0.,0.));
#15262=DIRECTION('',(0.,0.,1.));
#15263=DIRECTION('',(1.,0.,0.));
#15264=DIRECTION('',(0.,0.,1.));
#15265=DIRECTION('',(1.,0.,0.));
#15266=DIRECTION('',(0.,0.,1.));
#15267=DIRECTION('',(1.,0.,0.));
#15268=DIRECTION('',(0.,0.,1.));
#15269=DIRECTION('',(1.,0.,0.));
#15270=DIRECTION('axis',(0.,0.,1.));
#15271=DIRECTION('refdir',(1.,0.,0.));
#15272=DIRECTION('axis',(0.,0.,1.));
#15273=DIRECTION('refdir',(1.,0.,0.));
#15274=DIRECTION('center_axis',(1.,0.,0.));
#15275=DIRECTION('ref_axis',(0.,0.,-1.));
#15276=DIRECTION('center_axis',(1.,0.,0.));
#15277=DIRECTION('ref_axis',(0.,0.,-1.));
#15278=DIRECTION('',(-1.,0.,0.));
#15279=DIRECTION('center_axis',(1.,0.,0.));
#15280=DIRECTION('ref_axis',(0.,0.,-1.));
#15281=DIRECTION('center_axis',(1.,0.,0.));
#15282=DIRECTION('ref_axis',(0.,0.,-1.));
#15283=DIRECTION('center_axis',(1.,0.,0.));
#15284=DIRECTION('ref_axis',(0.,0.,-1.));
#15285=DIRECTION('axis',(0.,0.,1.));
#15286=DIRECTION('refdir',(1.,0.,0.));
#15287=DIRECTION('center_axis',(1.,0.,0.));
#15288=DIRECTION('ref_axis',(0.,0.,-1.));
#15289=DIRECTION('center_axis',(1.,0.,0.));
#15290=DIRECTION('ref_axis',(0.,0.,-1.));
#15291=DIRECTION('',(-1.,0.,0.));
#15292=DIRECTION('center_axis',(1.,0.,0.));
#15293=DIRECTION('ref_axis',(0.,0.,-1.));
#15294=DIRECTION('center_axis',(1.,0.,0.));
#15295=DIRECTION('ref_axis',(0.,0.,-1.));
#15296=DIRECTION('center_axis',(1.,0.,0.));
#15297=DIRECTION('ref_axis',(0.,0.,-1.));
#15298=DIRECTION('axis',(0.,0.,1.));
#15299=DIRECTION('refdir',(1.,0.,0.));
#15300=DIRECTION('center_axis',(1.,0.,0.));
#15301=DIRECTION('ref_axis',(0.,0.,-1.));
#15302=DIRECTION('center_axis',(1.,0.,0.));
#15303=DIRECTION('ref_axis',(0.,0.,-1.));
#15304=DIRECTION('',(1.,0.,0.));
#15305=DIRECTION('center_axis',(-1.,0.,0.));
#15306=DIRECTION('ref_axis',(0.,0.,-1.));
#15307=DIRECTION('center_axis',(1.,0.,0.));
#15308=DIRECTION('ref_axis',(0.,0.,-1.));
#15309=DIRECTION('center_axis',(1.,0.,0.));
#15310=DIRECTION('ref_axis',(0.,0.,-1.));
#15311=DIRECTION('',(1.,0.,0.));
#15312=DIRECTION('center_axis',(-1.,0.,0.));
#15313=DIRECTION('ref_axis',(0.,0.,-1.));
#15314=DIRECTION('center_axis',(1.,0.,0.));
#15315=DIRECTION('ref_axis',(0.,0.,-1.));
#15316=DIRECTION('center_axis',(1.,0.,0.));
#15317=DIRECTION('ref_axis',(0.,0.,-1.));
#15318=DIRECTION('',(1.,0.,0.));
#15319=DIRECTION('center_axis',(-1.,0.,0.));
#15320=DIRECTION('ref_axis',(0.,0.,-1.));
#15321=DIRECTION('center_axis',(1.,0.,0.));
#15322=DIRECTION('ref_axis',(0.,0.,-1.));
#15323=DIRECTION('center_axis',(1.,0.,0.));
#15324=DIRECTION('ref_axis',(0.,0.,-1.));
#15325=DIRECTION('',(1.,0.,0.));
#15326=DIRECTION('center_axis',(-1.,0.,0.));
#15327=DIRECTION('ref_axis',(0.,0.,-1.));
#15328=DIRECTION('center_axis',(1.,0.,0.));
#15329=DIRECTION('ref_axis',(0.,0.,-1.));
#15330=DIRECTION('center_axis',(1.,0.,0.));
#15331=DIRECTION('ref_axis',(0.,0.,-1.));
#15332=DIRECTION('',(1.,0.,0.));
#15333=DIRECTION('center_axis',(-1.,0.,0.));
#15334=DIRECTION('ref_axis',(0.,0.,-1.));
#15335=DIRECTION('center_axis',(0.,1.,0.));
#15336=DIRECTION('ref_axis',(-1.,0.,0.));
#15337=DIRECTION('',(-1.,0.,0.));
#15338=DIRECTION('',(0.,0.,1.));
#15339=DIRECTION('',(-1.,0.,0.));
#15340=DIRECTION('',(0.,0.,1.));
#15341=DIRECTION('center_axis',(1.,0.,0.));
#15342=DIRECTION('ref_axis',(0.,1.,0.));
#15343=DIRECTION('',(0.,1.,0.));
#15344=DIRECTION('',(0.,1.,0.));
#15345=DIRECTION('',(0.,0.,1.));
#15346=DIRECTION('center_axis',(0.,-1.,0.));
#15347=DIRECTION('ref_axis',(1.,0.,0.));
#15348=DIRECTION('',(1.,0.,0.));
#15349=DIRECTION('',(1.,0.,0.));
#15350=DIRECTION('',(0.,0.,1.));
#15351=DIRECTION('center_axis',(-1.,0.,0.));
#15352=DIRECTION('ref_axis',(0.,-1.,0.));
#15353=DIRECTION('',(0.,-1.,0.));
#15354=DIRECTION('',(0.,-1.,0.));
#15355=DIRECTION('center_axis',(0.,0.,1.));
#15356=DIRECTION('ref_axis',(1.,0.,0.));
#15357=DIRECTION('center_axis',(0.,0.,1.));
#15358=DIRECTION('ref_axis',(1.,0.,0.));
#15359=DIRECTION('axis',(0.,0.,1.));
#15360=DIRECTION('refdir',(1.,0.,0.));
#15361=DIRECTION('center_axis',(0.,0.,1.));
#15362=DIRECTION('ref_axis',(1.,0.,0.));
#15363=DIRECTION('',(0.,-1.,0.));
#15364=DIRECTION('',(-1.,0.,0.));
#15365=DIRECTION('',(0.,1.,0.));
#15366=DIRECTION('',(-1.,0.,0.));
#15367=DIRECTION('center_axis',(0.,1.,0.));
#15368=DIRECTION('ref_axis',(-1.,0.,0.));
#15369=DIRECTION('',(0.,0.,-1.));
#15370=DIRECTION('',(1.,0.,0.));
#15371=DIRECTION('',(0.,0.,1.));
#15372=DIRECTION('center_axis',(0.,-1.,0.));
#15373=DIRECTION('ref_axis',(1.,0.,0.));
#15374=DIRECTION('',(0.,0.,1.));
#15375=DIRECTION('',(1.,0.,0.));
#15376=DIRECTION('',(0.,0.,1.));
#15377=DIRECTION('center_axis',(-1.,0.,0.));
#15378=DIRECTION('ref_axis',(0.,-1.,0.));
#15379=DIRECTION('',(0.,-1.,0.));
#15380=DIRECTION('',(0.,0.,1.));
#15381=DIRECTION('',(0.,-1.,0.));
#15382=DIRECTION('center_axis',(1.,0.,0.));
#15383=DIRECTION('ref_axis',(0.,0.,-1.));
#15384=DIRECTION('center_axis',(1.,0.,0.));
#15385=DIRECTION('ref_axis',(0.,0.,-1.));
#15386=DIRECTION('center_axis',(1.,0.,0.));
#15387=DIRECTION('ref_axis',(0.,0.,-1.));
#15388=DIRECTION('center_axis',(1.,0.,0.));
#15389=DIRECTION('ref_axis',(0.,0.,-1.));
#15390=DIRECTION('center_axis',(1.,0.,0.));
#15391=DIRECTION('ref_axis',(0.,0.,-1.));
#15392=DIRECTION('center_axis',(0.,0.,1.));
#15393=DIRECTION('ref_axis',(1.,0.,0.));
#15394=DIRECTION('center_axis',(0.,0.,1.));
#15395=DIRECTION('ref_axis',(1.,0.,0.));
#15396=DIRECTION('',(0.,0.,1.));
#15397=DIRECTION('center_axis',(0.,0.,1.));
#15398=DIRECTION('ref_axis',(1.,0.,0.));
#15399=DIRECTION('center_axis',(0.,0.,1.));
#15400=DIRECTION('ref_axis',(1.,0.,0.));
#15401=DIRECTION('center_axis',(0.,0.,1.));
#15402=DIRECTION('ref_axis',(1.,0.,0.));
#15403=DIRECTION('center_axis',(0.,0.,1.));
#15404=DIRECTION('ref_axis',(1.,0.,0.));
#15405=DIRECTION('',(0.,0.,1.));
#15406=DIRECTION('center_axis',(0.,0.,1.));
#15407=DIRECTION('ref_axis',(1.,0.,0.));
#15408=DIRECTION('center_axis',(0.,0.,1.));
#15409=DIRECTION('ref_axis',(1.,0.,0.));
#15410=DIRECTION('center_axis',(1.,0.,0.));
#15411=DIRECTION('ref_axis',(0.,0.,-1.));
#15412=DIRECTION('',(1.,0.,0.));
#15413=DIRECTION('center_axis',(-1.,0.,0.));
#15414=DIRECTION('ref_axis',(0.,0.,-1.));
#15415=DIRECTION('center_axis',(1.,0.,0.));
#15416=DIRECTION('ref_axis',(0.,0.,-1.));
#15417=DIRECTION('',(1.,0.,0.));
#15418=DIRECTION('center_axis',(-1.,0.,0.));
#15419=DIRECTION('ref_axis',(0.,0.,-1.));
#15420=DIRECTION('center_axis',(1.,0.,0.));
#15421=DIRECTION('ref_axis',(0.,0.,-1.));
#15422=DIRECTION('',(1.,0.,0.));
#15423=DIRECTION('center_axis',(-1.,0.,0.));
#15424=DIRECTION('ref_axis',(0.,0.,-1.));
#15425=DIRECTION('center_axis',(1.,0.,0.));
#15426=DIRECTION('ref_axis',(0.,0.,-1.));
#15427=DIRECTION('',(1.,0.,0.));
#15428=DIRECTION('center_axis',(-1.,0.,0.));
#15429=DIRECTION('ref_axis',(0.,0.,-1.));
#15430=DIRECTION('center_axis',(1.,0.,0.));
#15431=DIRECTION('ref_axis',(0.,0.,-1.));
#15432=DIRECTION('',(1.,0.,0.));
#15433=DIRECTION('center_axis',(-1.,0.,0.));
#15434=DIRECTION('ref_axis',(0.,0.,-1.));
#15435=DIRECTION('center_axis',(0.,1.,0.));
#15436=DIRECTION('ref_axis',(-1.,0.,0.));
#15437=DIRECTION('',(-1.,0.,0.));
#15438=DIRECTION('',(-1.,0.,0.));
#15439=DIRECTION('',(0.,0.,1.));
#15440=DIRECTION('center_axis',(1.,0.,0.));
#15441=DIRECTION('ref_axis',(0.,1.,0.));
#15442=DIRECTION('',(0.,1.,0.));
#15443=DIRECTION('',(0.,1.,0.));
#15444=DIRECTION('center_axis',(0.,0.,1.));
#15445=DIRECTION('ref_axis',(1.,0.,0.));
#15446=DIRECTION('center_axis',(0.,0.,1.));
#15447=DIRECTION('ref_axis',(1.,0.,0.));
#15448=DIRECTION('axis',(0.,0.,1.));
#15449=DIRECTION('refdir',(1.,0.,0.));
#15450=DIRECTION('center_axis',(1.,0.,0.));
#15451=DIRECTION('ref_axis',(0.,0.,-1.));
#15452=DIRECTION('center_axis',(1.,0.,0.));
#15453=DIRECTION('ref_axis',(0.,0.,-1.));
#15454=DIRECTION('',(1.,0.,0.));
#15455=DIRECTION('center_axis',(-1.,0.,0.));
#15456=DIRECTION('ref_axis',(0.,0.,-1.));
#15457=DIRECTION('center_axis',(1.,0.,0.));
#15458=DIRECTION('ref_axis',(0.,0.,-1.));
#15459=DIRECTION('center_axis',(1.,0.,0.));
#15460=DIRECTION('ref_axis',(0.,0.,-1.));
#15461=DIRECTION('',(1.,0.,0.));
#15462=DIRECTION('center_axis',(-1.,0.,0.));
#15463=DIRECTION('ref_axis',(0.,0.,-1.));
#15464=DIRECTION('center_axis',(1.,0.,0.));
#15465=DIRECTION('ref_axis',(0.,0.,-1.));
#15466=DIRECTION('center_axis',(1.,0.,0.));
#15467=DIRECTION('ref_axis',(0.,0.,-1.));
#15468=DIRECTION('',(1.,0.,0.));
#15469=DIRECTION('center_axis',(-1.,0.,0.));
#15470=DIRECTION('ref_axis',(0.,0.,-1.));
#15471=DIRECTION('center_axis',(1.,0.,0.));
#15472=DIRECTION('ref_axis',(0.,0.,-1.));
#15473=DIRECTION('center_axis',(1.,0.,0.));
#15474=DIRECTION('ref_axis',(0.,0.,-1.));
#15475=DIRECTION('',(-1.,0.,0.));
#15476=DIRECTION('center_axis',(1.,0.,0.));
#15477=DIRECTION('ref_axis',(0.,0.,-1.));
#15478=DIRECTION('center_axis',(1.,0.,0.));
#15479=DIRECTION('ref_axis',(0.,0.,-1.));
#15480=DIRECTION('center_axis',(1.,0.,0.));
#15481=DIRECTION('ref_axis',(0.,0.,-1.));
#15482=DIRECTION('axis',(0.,0.,1.));
#15483=DIRECTION('refdir',(1.,0.,0.));
#15484=DIRECTION('center_axis',(1.,0.,0.));
#15485=DIRECTION('ref_axis',(0.,0.,-1.));
#15486=DIRECTION('center_axis',(1.,0.,0.));
#15487=DIRECTION('ref_axis',(0.,0.,-1.));
#15488=DIRECTION('',(-1.,0.,0.));
#15489=DIRECTION('center_axis',(1.,0.,0.));
#15490=DIRECTION('ref_axis',(0.,0.,-1.));
#15491=DIRECTION('center_axis',(1.,0.,0.));
#15492=DIRECTION('ref_axis',(0.,0.,-1.));
#15493=DIRECTION('center_axis',(1.,0.,0.));
#15494=DIRECTION('ref_axis',(0.,0.,-1.));
#15495=DIRECTION('axis',(0.,0.,1.));
#15496=DIRECTION('refdir',(1.,0.,0.));
#15497=DIRECTION('center_axis',(1.,0.,0.));
#15498=DIRECTION('ref_axis',(0.,0.,-1.));
#15499=DIRECTION('center_axis',(1.,0.,0.));
#15500=DIRECTION('ref_axis',(0.,0.,-1.));
#15501=DIRECTION('',(-1.,0.,0.));
#15502=DIRECTION('center_axis',(1.,0.,0.));
#15503=DIRECTION('ref_axis',(0.,0.,-1.));
#15504=DIRECTION('center_axis',(1.,0.,0.));
#15505=DIRECTION('ref_axis',(0.,0.,-1.));
#15506=DIRECTION('center_axis',(1.,0.,0.));
#15507=DIRECTION('ref_axis',(0.,0.,-1.));
#15508=DIRECTION('axis',(0.,0.,1.));
#15509=DIRECTION('refdir',(1.,0.,0.));
#15510=DIRECTION('center_axis',(1.,0.,0.));
#15511=DIRECTION('ref_axis',(0.,0.,-1.));
#15512=DIRECTION('center_axis',(1.,0.,0.));
#15513=DIRECTION('ref_axis',(0.,0.,-1.));
#15514=DIRECTION('',(1.,0.,0.));
#15515=DIRECTION('center_axis',(-1.,0.,0.));
#15516=DIRECTION('ref_axis',(0.,0.,-1.));
#15517=DIRECTION('center_axis',(1.,0.,0.));
#15518=DIRECTION('ref_axis',(0.,0.,-1.));
#15519=DIRECTION('center_axis',(1.,0.,0.));
#15520=DIRECTION('ref_axis',(0.,0.,-1.));
#15521=DIRECTION('',(1.,0.,0.));
#15522=DIRECTION('center_axis',(-1.,0.,0.));
#15523=DIRECTION('ref_axis',(0.,0.,-1.));
#15524=DIRECTION('center_axis',(1.,0.,0.));
#15525=DIRECTION('ref_axis',(0.,0.,-1.));
#15526=DIRECTION('center_axis',(1.,0.,0.));
#15527=DIRECTION('ref_axis',(0.,0.,-1.));
#15528=DIRECTION('',(1.,0.,0.));
#15529=DIRECTION('center_axis',(-1.,0.,0.));
#15530=DIRECTION('ref_axis',(0.,0.,-1.));
#15531=DIRECTION('center_axis',(1.,0.,0.));
#15532=DIRECTION('ref_axis',(0.,0.,-1.));
#15533=DIRECTION('center_axis',(1.,0.,0.));
#15534=DIRECTION('ref_axis',(0.,0.,-1.));
#15535=DIRECTION('',(1.,0.,0.));
#15536=DIRECTION('center_axis',(-1.,0.,0.));
#15537=DIRECTION('ref_axis',(0.,0.,-1.));
#15538=DIRECTION('center_axis',(1.,0.,0.));
#15539=DIRECTION('ref_axis',(0.,0.,-1.));
#15540=DIRECTION('center_axis',(1.,0.,0.));
#15541=DIRECTION('ref_axis',(0.,0.,-1.));
#15542=DIRECTION('',(1.,0.,0.));
#15543=DIRECTION('center_axis',(-1.,0.,0.));
#15544=DIRECTION('ref_axis',(0.,0.,-1.));
#15545=DIRECTION('center_axis',(0.,1.,0.));
#15546=DIRECTION('ref_axis',(-1.,0.,0.));
#15547=DIRECTION('',(-1.,0.,0.));
#15548=DIRECTION('',(0.,0.,1.));
#15549=DIRECTION('',(-1.,0.,0.));
#15550=DIRECTION('',(0.,0.,1.));
#15551=DIRECTION('center_axis',(1.,0.,0.));
#15552=DIRECTION('ref_axis',(0.,1.,0.));
#15553=DIRECTION('',(0.,1.,0.));
#15554=DIRECTION('',(0.,1.,0.));
#15555=DIRECTION('',(0.,0.,1.));
#15556=DIRECTION('center_axis',(0.,-1.,0.));
#15557=DIRECTION('ref_axis',(1.,0.,0.));
#15558=DIRECTION('',(1.,0.,0.));
#15559=DIRECTION('',(1.,0.,0.));
#15560=DIRECTION('',(0.,0.,1.));
#15561=DIRECTION('center_axis',(-1.,0.,0.));
#15562=DIRECTION('ref_axis',(0.,-1.,0.));
#15563=DIRECTION('',(0.,-1.,0.));
#15564=DIRECTION('',(0.,-1.,0.));
#15565=DIRECTION('center_axis',(0.,0.,1.));
#15566=DIRECTION('ref_axis',(1.,0.,0.));
#15567=DIRECTION('center_axis',(0.,0.,1.));
#15568=DIRECTION('ref_axis',(1.,0.,0.));
#15569=DIRECTION('axis',(0.,0.,1.));
#15570=DIRECTION('refdir',(1.,0.,0.));
#15571=DIRECTION('center_axis',(0.,0.,1.));
#15572=DIRECTION('ref_axis',(1.,0.,0.));
#15573=DIRECTION('',(0.,-1.,0.));
#15574=DIRECTION('',(-1.,0.,0.));
#15575=DIRECTION('',(0.,1.,0.));
#15576=DIRECTION('',(-1.,0.,0.));
#15577=DIRECTION('center_axis',(0.,1.,0.));
#15578=DIRECTION('ref_axis',(-1.,0.,0.));
#15579=DIRECTION('',(0.,0.,-1.));
#15580=DIRECTION('',(1.,0.,0.));
#15581=DIRECTION('',(0.,0.,1.));
#15582=DIRECTION('center_axis',(0.,-1.,0.));
#15583=DIRECTION('ref_axis',(1.,0.,0.));
#15584=DIRECTION('',(0.,0.,1.));
#15585=DIRECTION('',(1.,0.,0.));
#15586=DIRECTION('',(0.,0.,1.));
#15587=DIRECTION('center_axis',(-1.,0.,0.));
#15588=DIRECTION('ref_axis',(0.,-1.,0.));
#15589=DIRECTION('',(0.,-1.,0.));
#15590=DIRECTION('',(0.,0.,1.));
#15591=DIRECTION('',(0.,-1.,0.));
#15592=DIRECTION('center_axis',(1.,0.,0.));
#15593=DIRECTION('ref_axis',(0.,0.,-1.));
#15594=DIRECTION('center_axis',(1.,0.,0.));
#15595=DIRECTION('ref_axis',(0.,0.,-1.));
#15596=DIRECTION('center_axis',(1.,0.,0.));
#15597=DIRECTION('ref_axis',(0.,0.,-1.));
#15598=DIRECTION('center_axis',(1.,0.,0.));
#15599=DIRECTION('ref_axis',(0.,0.,-1.));
#15600=DIRECTION('center_axis',(1.,0.,0.));
#15601=DIRECTION('ref_axis',(0.,0.,-1.));
#15602=DIRECTION('center_axis',(0.,0.,1.));
#15603=DIRECTION('ref_axis',(1.,0.,0.));
#15604=DIRECTION('center_axis',(0.,0.,1.));
#15605=DIRECTION('ref_axis',(1.,0.,0.));
#15606=DIRECTION('',(0.,0.,1.));
#15607=DIRECTION('center_axis',(0.,0.,1.));
#15608=DIRECTION('ref_axis',(1.,0.,0.));
#15609=DIRECTION('center_axis',(0.,0.,1.));
#15610=DIRECTION('ref_axis',(1.,0.,0.));
#15611=DIRECTION('center_axis',(0.,0.,1.));
#15612=DIRECTION('ref_axis',(1.,0.,0.));
#15613=DIRECTION('center_axis',(0.,0.,1.));
#15614=DIRECTION('ref_axis',(1.,0.,0.));
#15615=DIRECTION('',(0.,0.,1.));
#15616=DIRECTION('center_axis',(0.,0.,1.));
#15617=DIRECTION('ref_axis',(1.,0.,0.));
#15618=DIRECTION('center_axis',(0.,0.,1.));
#15619=DIRECTION('ref_axis',(1.,0.,0.));
#15620=DIRECTION('center_axis',(1.,0.,0.));
#15621=DIRECTION('ref_axis',(0.,0.,-1.));
#15622=DIRECTION('',(1.,0.,0.));
#15623=DIRECTION('center_axis',(-1.,0.,0.));
#15624=DIRECTION('ref_axis',(0.,0.,-1.));
#15625=DIRECTION('center_axis',(1.,0.,0.));
#15626=DIRECTION('ref_axis',(0.,0.,-1.));
#15627=DIRECTION('',(1.,0.,0.));
#15628=DIRECTION('center_axis',(-1.,0.,0.));
#15629=DIRECTION('ref_axis',(0.,0.,-1.));
#15630=DIRECTION('center_axis',(1.,0.,0.));
#15631=DIRECTION('ref_axis',(0.,0.,-1.));
#15632=DIRECTION('',(1.,0.,0.));
#15633=DIRECTION('center_axis',(-1.,0.,0.));
#15634=DIRECTION('ref_axis',(0.,0.,-1.));
#15635=DIRECTION('center_axis',(1.,0.,0.));
#15636=DIRECTION('ref_axis',(0.,0.,-1.));
#15637=DIRECTION('',(1.,0.,0.));
#15638=DIRECTION('center_axis',(-1.,0.,0.));
#15639=DIRECTION('ref_axis',(0.,0.,-1.));
#15640=DIRECTION('center_axis',(1.,0.,0.));
#15641=DIRECTION('ref_axis',(0.,0.,-1.));
#15642=DIRECTION('',(1.,0.,0.));
#15643=DIRECTION('center_axis',(-1.,0.,0.));
#15644=DIRECTION('ref_axis',(0.,0.,-1.));
#15645=DIRECTION('center_axis',(0.,1.,0.));
#15646=DIRECTION('ref_axis',(-1.,0.,0.));
#15647=DIRECTION('',(-1.,0.,0.));
#15648=DIRECTION('',(-1.,0.,0.));
#15649=DIRECTION('',(0.,0.,1.));
#15650=DIRECTION('center_axis',(1.,0.,0.));
#15651=DIRECTION('ref_axis',(0.,1.,0.));
#15652=DIRECTION('',(0.,1.,0.));
#15653=DIRECTION('',(0.,1.,0.));
#15654=DIRECTION('center_axis',(0.,0.,1.));
#15655=DIRECTION('ref_axis',(1.,0.,0.));
#15656=DIRECTION('center_axis',(0.,0.,1.));
#15657=DIRECTION('ref_axis',(1.,0.,0.));
#15658=DIRECTION('axis',(0.,0.,1.));
#15659=DIRECTION('refdir',(1.,0.,0.));
#15660=DIRECTION('center_axis',(1.,0.,0.));
#15661=DIRECTION('ref_axis',(0.,0.,-1.));
#15662=DIRECTION('center_axis',(1.,0.,0.));
#15663=DIRECTION('ref_axis',(0.,0.,-1.));
#15664=DIRECTION('',(1.,0.,0.));
#15665=DIRECTION('center_axis',(-1.,0.,0.));
#15666=DIRECTION('ref_axis',(0.,0.,-1.));
#15667=DIRECTION('center_axis',(1.,0.,0.));
#15668=DIRECTION('ref_axis',(0.,0.,-1.));
#15669=DIRECTION('center_axis',(1.,0.,0.));
#15670=DIRECTION('ref_axis',(0.,0.,-1.));
#15671=DIRECTION('',(1.,0.,0.));
#15672=DIRECTION('center_axis',(-1.,0.,0.));
#15673=DIRECTION('ref_axis',(0.,0.,-1.));
#15674=DIRECTION('center_axis',(1.,0.,0.));
#15675=DIRECTION('ref_axis',(0.,0.,-1.));
#15676=DIRECTION('center_axis',(1.,0.,0.));
#15677=DIRECTION('ref_axis',(0.,0.,-1.));
#15678=DIRECTION('',(1.,0.,0.));
#15679=DIRECTION('center_axis',(-1.,0.,0.));
#15680=DIRECTION('ref_axis',(0.,0.,-1.));
#15681=DIRECTION('center_axis',(1.,0.,0.));
#15682=DIRECTION('ref_axis',(0.,0.,-1.));
#15683=DIRECTION('center_axis',(1.,0.,0.));
#15684=DIRECTION('ref_axis',(0.,0.,-1.));
#15685=DIRECTION('',(-1.,0.,0.));
#15686=DIRECTION('center_axis',(1.,0.,0.));
#15687=DIRECTION('ref_axis',(0.,0.,-1.));
#15688=DIRECTION('center_axis',(1.,0.,0.));
#15689=DIRECTION('ref_axis',(0.,0.,-1.));
#15690=DIRECTION('center_axis',(1.,0.,0.));
#15691=DIRECTION('ref_axis',(0.,0.,-1.));
#15692=DIRECTION('',(0.,0.,1.));
#15693=DIRECTION('',(1.,0.,0.));
#15694=DIRECTION('',(0.,0.,1.));
#15695=DIRECTION('',(1.,0.,0.));
#15696=DIRECTION('',(0.,0.,1.));
#15697=DIRECTION('',(1.,0.,0.));
#15698=DIRECTION('',(0.,0.,1.));
#15699=DIRECTION('',(1.,0.,0.));
#15700=DIRECTION('',(0.,0.,1.));
#15701=DIRECTION('',(1.,0.,0.));
#15702=DIRECTION('',(0.,0.,1.));
#15703=DIRECTION('',(1.,0.,0.));
#15704=DIRECTION('',(0.,0.,1.));
#15705=DIRECTION('',(1.,0.,0.));
#15706=DIRECTION('',(0.,0.,1.));
#15707=DIRECTION('',(1.,0.,0.));
#15708=DIRECTION('',(0.,0.,1.));
#15709=DIRECTION('',(1.,0.,0.));
#15710=DIRECTION('',(0.,0.,1.));
#15711=DIRECTION('',(1.,0.,0.));
#15712=DIRECTION('axis',(0.,0.,1.));
#15713=DIRECTION('refdir',(1.,0.,0.));
#15714=DIRECTION('axis',(0.,0.,1.));
#15715=DIRECTION('refdir',(1.,0.,0.));
#15716=DIRECTION('center_axis',(1.,0.,0.));
#15717=DIRECTION('ref_axis',(0.,0.,-1.));
#15718=DIRECTION('center_axis',(1.,0.,0.));
#15719=DIRECTION('ref_axis',(0.,0.,-1.));
#15720=DIRECTION('',(1.,0.,0.));
#15721=DIRECTION('center_axis',(-1.,0.,0.));
#15722=DIRECTION('ref_axis',(0.,0.,-1.));
#15723=DIRECTION('center_axis',(1.,0.,0.));
#15724=DIRECTION('ref_axis',(0.,0.,-1.));
#15725=DIRECTION('center_axis',(1.,0.,0.));
#15726=DIRECTION('ref_axis',(0.,0.,-1.));
#15727=DIRECTION('center_axis',(1.,0.,0.));
#15728=DIRECTION('ref_axis',(0.,0.,-1.));
#15729=DIRECTION('',(1.,0.,0.));
#15730=DIRECTION('center_axis',(1.,0.,0.));
#15731=DIRECTION('ref_axis',(0.,0.,-1.));
#15732=DIRECTION('center_axis',(1.,0.,0.));
#15733=DIRECTION('ref_axis',(0.,0.,-1.));
#15734=DIRECTION('center_axis',(0.,1.,0.));
#15735=DIRECTION('ref_axis',(-1.,0.,0.));
#15736=DIRECTION('',(-1.,0.,0.));
#15737=DIRECTION('',(0.,0.,1.));
#15738=DIRECTION('',(-1.,0.,0.));
#15739=DIRECTION('',(0.,0.,1.));
#15740=DIRECTION('center_axis',(1.,0.,0.));
#15741=DIRECTION('ref_axis',(0.,1.,0.));
#15742=DIRECTION('',(0.,1.,0.));
#15743=DIRECTION('',(0.,1.,0.));
#15744=DIRECTION('',(0.,0.,1.));
#15745=DIRECTION('center_axis',(0.,-1.,0.));
#15746=DIRECTION('ref_axis',(1.,0.,0.));
#15747=DIRECTION('',(1.,0.,0.));
#15748=DIRECTION('',(1.,0.,0.));
#15749=DIRECTION('',(0.,0.,1.));
#15750=DIRECTION('center_axis',(-1.,0.,0.));
#15751=DIRECTION('ref_axis',(0.,-1.,0.));
#15752=DIRECTION('',(0.,-1.,0.));
#15753=DIRECTION('',(0.,-1.,0.));
#15754=DIRECTION('center_axis',(0.,0.,1.));
#15755=DIRECTION('ref_axis',(1.,0.,0.));
#15756=DIRECTION('center_axis',(0.,0.,1.));
#15757=DIRECTION('ref_axis',(1.,0.,0.));
#15758=DIRECTION('axis',(0.,0.,1.));
#15759=DIRECTION('refdir',(1.,0.,0.));
#15760=DIRECTION('center_axis',(1.,0.,0.));
#15761=DIRECTION('ref_axis',(0.,0.,-1.));
#15762=DIRECTION('center_axis',(1.,0.,0.));
#15763=DIRECTION('ref_axis',(0.,0.,-1.));
#15764=DIRECTION('',(1.,0.,0.));
#15765=DIRECTION('center_axis',(-1.,0.,0.));
#15766=DIRECTION('ref_axis',(0.,0.,-1.));
#15767=DIRECTION('center_axis',(1.,0.,0.));
#15768=DIRECTION('ref_axis',(0.,0.,-1.));
#15769=DIRECTION('center_axis',(1.,0.,0.));
#15770=DIRECTION('ref_axis',(0.,0.,-1.));
#15771=DIRECTION('center_axis',(1.,0.,0.));
#15772=DIRECTION('ref_axis',(0.,0.,-1.));
#15773=DIRECTION('',(1.,0.,0.));
#15774=DIRECTION('center_axis',(1.,0.,0.));
#15775=DIRECTION('ref_axis',(0.,0.,-1.));
#15776=DIRECTION('center_axis',(1.,0.,0.));
#15777=DIRECTION('ref_axis',(0.,0.,-1.));
#15778=DIRECTION('center_axis',(0.,1.,0.));
#15779=DIRECTION('ref_axis',(-1.,0.,0.));
#15780=DIRECTION('',(-1.,0.,0.));
#15781=DIRECTION('',(0.,0.,1.));
#15782=DIRECTION('',(-1.,0.,0.));
#15783=DIRECTION('',(0.,0.,1.));
#15784=DIRECTION('center_axis',(1.,0.,0.));
#15785=DIRECTION('ref_axis',(0.,1.,0.));
#15786=DIRECTION('',(0.,1.,0.));
#15787=DIRECTION('',(0.,1.,0.));
#15788=DIRECTION('',(0.,0.,1.));
#15789=DIRECTION('center_axis',(0.,-1.,0.));
#15790=DIRECTION('ref_axis',(1.,0.,0.));
#15791=DIRECTION('',(1.,0.,0.));
#15792=DIRECTION('',(1.,0.,0.));
#15793=DIRECTION('',(0.,0.,1.));
#15794=DIRECTION('center_axis',(-1.,0.,0.));
#15795=DIRECTION('ref_axis',(0.,-1.,0.));
#15796=DIRECTION('',(0.,-1.,0.));
#15797=DIRECTION('',(0.,-1.,0.));
#15798=DIRECTION('center_axis',(0.,0.,1.));
#15799=DIRECTION('ref_axis',(1.,0.,0.));
#15800=DIRECTION('center_axis',(0.,0.,1.));
#15801=DIRECTION('ref_axis',(1.,0.,0.));
#15802=DIRECTION('',(0.,0.,1.));
#15803=DIRECTION('',(1.,0.,0.));
#15804=DIRECTION('',(0.,0.,1.));
#15805=DIRECTION('',(1.,0.,0.));
#15806=DIRECTION('',(0.,0.,1.));
#15807=DIRECTION('',(1.,0.,0.));
#15808=DIRECTION('',(0.,0.,1.));
#15809=DIRECTION('',(1.,0.,0.));
#15810=DIRECTION('',(0.,0.,1.));
#15811=DIRECTION('',(1.,0.,0.));
#15812=DIRECTION('',(0.,0.,1.));
#15813=DIRECTION('',(1.,0.,0.));
#15814=DIRECTION('',(0.,0.,1.));
#15815=DIRECTION('',(1.,0.,0.));
#15816=DIRECTION('',(0.,0.,1.));
#15817=DIRECTION('',(1.,0.,0.));
#15818=DIRECTION('',(0.,0.,1.));
#15819=DIRECTION('',(1.,0.,0.));
#15820=CARTESIAN_POINT('',(0.,0.,0.));
#15821=CARTESIAN_POINT('',(0.,0.,0.));
#15822=CARTESIAN_POINT('',(0.,0.,0.));
#15823=CARTESIAN_POINT('Origin',(12.,-15.,2.9));
#15824=CARTESIAN_POINT('',(10.3,-15.,3.));
#15825=CARTESIAN_POINT('Origin',(12.,-15.,3.));
#15826=CARTESIAN_POINT('',(10.3,-15.,5.));
#15827=CARTESIAN_POINT('',(10.3,-15.,2.9));
#15828=CARTESIAN_POINT('Origin',(12.,-15.,5.));
#15829=CARTESIAN_POINT('Origin',(-12.,60.,2.9));
#15830=CARTESIAN_POINT('',(-13.7,60.,3.));
#15831=CARTESIAN_POINT('Origin',(-12.,60.,3.));
#15832=CARTESIAN_POINT('',(-13.7,60.,5.));
#15833=CARTESIAN_POINT('',(-13.7,60.,2.9));
#15834=CARTESIAN_POINT('Origin',(-12.,60.,5.));
#15835=CARTESIAN_POINT('Origin',(-12.,-15.,2.9));
#15836=CARTESIAN_POINT('',(-13.7,-15.,3.));
#15837=CARTESIAN_POINT('Origin',(-12.,-15.,3.));
#15838=CARTESIAN_POINT('',(-13.7,-15.,5.));
#15839=CARTESIAN_POINT('',(-13.7,-15.,2.9));
#15840=CARTESIAN_POINT('Origin',(-12.,-15.,5.));
#15841=CARTESIAN_POINT('Origin',(12.,60.,2.9));
#15842=CARTESIAN_POINT('',(10.3,60.,3.));
#15843=CARTESIAN_POINT('Origin',(12.,60.,3.));
#15844=CARTESIAN_POINT('',(10.3,60.,5.));
#15845=CARTESIAN_POINT('',(10.3,60.,2.9));
#15846=CARTESIAN_POINT('Origin',(12.,60.,5.));
#15847=CARTESIAN_POINT('Origin',(53.,-16.,2.9));
#15848=CARTESIAN_POINT('',(52.6670832032063,-14.3329167967937,3.));
#15849=CARTESIAN_POINT('',(52.6670832032063,-14.3329167967937,5.));
#15850=CARTESIAN_POINT('',(52.6670832032063,-14.3329167967937,2.9));
#15851=CARTESIAN_POINT('',(51.3329167967937,-15.6670832032063,3.));
#15852=CARTESIAN_POINT('Origin',(53.,-16.,3.));
#15853=CARTESIAN_POINT('',(51.3329167967937,-15.6670832032063,5.));
#15854=CARTESIAN_POINT('',(51.3329167967937,-15.6670832032063,2.9));
#15855=CARTESIAN_POINT('Origin',(53.,-16.,5.));
#15856=CARTESIAN_POINT('Origin',(53.,16.,2.9));
#15857=CARTESIAN_POINT('',(51.3329167967937,15.6670832032063,3.));
#15858=CARTESIAN_POINT('',(51.3329167967937,15.6670832032063,5.));
#15859=CARTESIAN_POINT('',(51.3329167967937,15.6670832032063,2.9));
#15860=CARTESIAN_POINT('',(52.6670832032063,14.3329167967937,3.));
#15861=CARTESIAN_POINT('Origin',(53.,16.,3.));
#15862=CARTESIAN_POINT('',(52.6670832032063,14.3329167967937,5.));
#15863=CARTESIAN_POINT('',(52.6670832032063,14.3329167967937,2.9));
#15864=CARTESIAN_POINT('Origin',(53.,16.,5.));
#15865=CARTESIAN_POINT('Origin',(51.,-14.,0.));
#15866=CARTESIAN_POINT('Origin',(51.,-14.,3.));
#15867=CARTESIAN_POINT('Origin',(51.,-14.,5.));
#15868=CARTESIAN_POINT('Origin',(51.,14.,0.));
#15869=CARTESIAN_POINT('Origin',(51.,14.,3.));
#15870=CARTESIAN_POINT('Origin',(51.,14.,5.));
#15871=CARTESIAN_POINT('Origin',(-53.,-16.,2.9));
#15872=CARTESIAN_POINT('',(-51.3329167967937,-15.6670832032063,3.));
#15873=CARTESIAN_POINT('',(-51.3329167967937,-15.6670832032063,5.));
#15874=CARTESIAN_POINT('',(-51.3329167967937,-15.6670832032063,2.9));
#15875=CARTESIAN_POINT('',(-52.6670832032063,-14.3329167967937,3.));
#15876=CARTESIAN_POINT('Origin',(-53.,-16.,3.));
#15877=CARTESIAN_POINT('',(-52.6670832032063,-14.3329167967937,5.));
#15878=CARTESIAN_POINT('',(-52.6670832032063,-14.3329167967937,2.9));
#15879=CARTESIAN_POINT('Origin',(-53.,-16.,5.));
#15880=CARTESIAN_POINT('Origin',(-53.,16.,2.9));
#15881=CARTESIAN_POINT('',(-52.6670832032063,14.3329167967937,3.));
#15882=CARTESIAN_POINT('',(-52.6670832032063,14.3329167967937,5.));
#15883=CARTESIAN_POINT('',(-52.6670832032063,14.3329167967937,2.9));
#15884=CARTESIAN_POINT('',(-51.3329167967937,15.6670832032063,3.));
#15885=CARTESIAN_POINT('Origin',(-53.,16.,3.));
#15886=CARTESIAN_POINT('',(-51.3329167967937,15.6670832032063,5.));
#15887=CARTESIAN_POINT('',(-51.3329167967937,15.6670832032063,2.9));
#15888=CARTESIAN_POINT('Origin',(-53.,16.,5.));
#15889=CARTESIAN_POINT('Origin',(-51.,-14.,0.));
#15890=CARTESIAN_POINT('Origin',(-51.,-14.,3.));
#15891=CARTESIAN_POINT('Origin',(-51.,-14.,5.));
#15892=CARTESIAN_POINT('Origin',(-51.,14.,0.));
#15893=CARTESIAN_POINT('Origin',(-51.,14.,3.));
#15894=CARTESIAN_POINT('Origin',(-51.,14.,5.));
#15895=CARTESIAN_POINT('Origin',(29.5,64.5,2.9));
#15896=CARTESIAN_POINT('',(27.8,64.5,3.));
#15897=CARTESIAN_POINT('Origin',(29.5,64.5,3.));
#15898=CARTESIAN_POINT('',(27.8,64.5,5.));
#15899=CARTESIAN_POINT('',(27.8,64.5,2.9));
#15900=CARTESIAN_POINT('Origin',(29.5,64.5,5.));
#15901=CARTESIAN_POINT('Origin',(29.5,72.5,2.9));
#15902=CARTESIAN_POINT('',(27.8,72.5,3.));
#15903=CARTESIAN_POINT('Origin',(29.5,72.5,3.));
#15904=CARTESIAN_POINT('',(27.8,72.5,5.));
#15905=CARTESIAN_POINT('',(27.8,72.5,2.9));
#15906=CARTESIAN_POINT('Origin',(29.5,72.5,5.));
#15907=CARTESIAN_POINT('Origin',(-29.5,64.5,2.9));
#15908=CARTESIAN_POINT('',(-31.2,64.5,3.));
#15909=CARTESIAN_POINT('Origin',(-29.5,64.5,3.));
#15910=CARTESIAN_POINT('',(-31.2,64.5,5.));
#15911=CARTESIAN_POINT('',(-31.2,64.5,2.9));
#15912=CARTESIAN_POINT('Origin',(-29.5,64.5,5.));
#15913=CARTESIAN_POINT('Origin',(-29.5,72.5,2.9));
#15914=CARTESIAN_POINT('',(-31.2,72.5,3.));
#15915=CARTESIAN_POINT('Origin',(-29.5,72.5,3.));
#15916=CARTESIAN_POINT('',(-31.2,72.5,5.));
#15917=CARTESIAN_POINT('',(-31.2,72.5,2.9));
#15918=CARTESIAN_POINT('Origin',(-29.5,72.5,5.));
#15919=CARTESIAN_POINT('Origin',(-15.,-38.,1.));
#15920=CARTESIAN_POINT('',(-16.25,-38.,3.));
#15921=CARTESIAN_POINT('Origin',(-15.,-38.,3.));
#15922=CARTESIAN_POINT('',(-16.25,-38.,5.));
#15923=CARTESIAN_POINT('',(-16.25,-38.,1.));
#15924=CARTESIAN_POINT('Origin',(-15.,-38.,5.));
#15925=CARTESIAN_POINT('Origin',(15.,-38.,1.));
#15926=CARTESIAN_POINT('',(13.75,-38.,3.));
#15927=CARTESIAN_POINT('Origin',(15.,-38.,3.));
#15928=CARTESIAN_POINT('',(13.75,-38.,5.));
#15929=CARTESIAN_POINT('',(13.75,-38.,1.));
#15930=CARTESIAN_POINT('Origin',(15.,-38.,5.));
#15931=CARTESIAN_POINT('Origin',(-4.,-80.,1.));
#15932=CARTESIAN_POINT('',(-5.25,-80.,3.));
#15933=CARTESIAN_POINT('Origin',(-4.,-80.,3.));
#15934=CARTESIAN_POINT('',(-5.25,-80.,5.));
#15935=CARTESIAN_POINT('',(-5.25,-80.,1.));
#15936=CARTESIAN_POINT('Origin',(-4.,-80.,5.));
#15937=CARTESIAN_POINT('Origin',(-4.,-70.,1.));
#15938=CARTESIAN_POINT('',(-5.25,-70.,3.));
#15939=CARTESIAN_POINT('Origin',(-4.,-70.,3.));
#15940=CARTESIAN_POINT('',(-5.25,-70.,5.));
#15941=CARTESIAN_POINT('',(-5.25,-70.,1.));
#15942=CARTESIAN_POINT('Origin',(-4.,-70.,5.));
#15943=CARTESIAN_POINT('Origin',(-31.,-74.,1.));
#15944=CARTESIAN_POINT('',(-32.25,-74.,3.));
#15945=CARTESIAN_POINT('Origin',(-31.,-74.,3.));
#15946=CARTESIAN_POINT('',(-32.25,-74.,5.));
#15947=CARTESIAN_POINT('',(-32.25,-74.,1.));
#15948=CARTESIAN_POINT('Origin',(-31.,-74.,5.));
#15949=CARTESIAN_POINT('Origin',(-21.,-74.,1.));
#15950=CARTESIAN_POINT('',(-22.25,-74.,3.));
#15951=CARTESIAN_POINT('Origin',(-21.,-74.,3.));
#15952=CARTESIAN_POINT('',(-22.25,-74.,5.));
#15953=CARTESIAN_POINT('',(-22.25,-74.,1.));
#15954=CARTESIAN_POINT('Origin',(-21.,-74.,5.));
#15955=CARTESIAN_POINT('Origin',(66.,-72.,1.));
#15956=CARTESIAN_POINT('',(64.75,-72.,3.));
#15957=CARTESIAN_POINT('Origin',(66.,-72.,3.));
#15958=CARTESIAN_POINT('',(64.75,-72.,5.));
#15959=CARTESIAN_POINT('',(64.75,-72.,1.));
#15960=CARTESIAN_POINT('Origin',(66.,-72.,5.));
#15961=CARTESIAN_POINT('Origin',(66.,-30.,1.));
#15962=CARTESIAN_POINT('',(64.75,-30.,3.));
#15963=CARTESIAN_POINT('Origin',(66.,-30.,3.));
#15964=CARTESIAN_POINT('',(64.75,-30.,5.));
#15965=CARTESIAN_POINT('',(64.75,-30.,1.));
#15966=CARTESIAN_POINT('Origin',(66.,-30.,5.));
#15967=CARTESIAN_POINT('Origin',(-52.,-80.5,1.));
#15968=CARTESIAN_POINT('',(-53.25,-80.5,3.));
#15969=CARTESIAN_POINT('Origin',(-52.,-80.5,3.));
#15970=CARTESIAN_POINT('',(-53.25,-80.5,5.));
#15971=CARTESIAN_POINT('',(-53.25,-80.5,1.));
#15972=CARTESIAN_POINT('Origin',(-52.,-80.5,5.));
#15973=CARTESIAN_POINT('Origin',(-52.,-45.5,1.));
#15974=CARTESIAN_POINT('',(-53.25,-45.5,3.));
#15975=CARTESIAN_POINT('Origin',(-52.,-45.5,3.));
#15976=CARTESIAN_POINT('',(-53.25,-45.5,5.));
#15977=CARTESIAN_POINT('',(-53.25,-45.5,1.));
#15978=CARTESIAN_POINT('Origin',(-52.,-45.5,5.));
#15979=CARTESIAN_POINT('Origin',(21.85,28.,1.));
#15980=CARTESIAN_POINT('',(20.6,28.,3.));
#15981=CARTESIAN_POINT('Origin',(21.85,28.,3.));
#15982=CARTESIAN_POINT('',(20.6,28.,5.));
#15983=CARTESIAN_POINT('',(20.6,28.,1.));
#15984=CARTESIAN_POINT('Origin',(21.85,28.,5.));
#15985=CARTESIAN_POINT('Origin',(48.15,28.,1.));
#15986=CARTESIAN_POINT('',(46.9,28.,3.));
#15987=CARTESIAN_POINT('Origin',(48.15,28.,3.));
#15988=CARTESIAN_POINT('',(46.9,28.,5.));
#15989=CARTESIAN_POINT('',(46.9,28.,1.));
#15990=CARTESIAN_POINT('Origin',(48.15,28.,5.));
#15991=CARTESIAN_POINT('Origin',(12.7,34.,1.));
#15992=CARTESIAN_POINT('',(12.7,40.,5.));
#15993=CARTESIAN_POINT('',(12.7,34.,5.));
#15994=CARTESIAN_POINT('',(12.7,17.,5.));
#15995=CARTESIAN_POINT('',(12.7,40.,3.));
#15996=CARTESIAN_POINT('',(12.7,40.,1.));
#15997=CARTESIAN_POINT('',(12.7,34.,3.));
#15998=CARTESIAN_POINT('',(12.7,17.,3.));
#15999=CARTESIAN_POINT('',(12.7,34.,1.));
#16000=CARTESIAN_POINT('Origin',(9.3,40.,1.));
#16001=CARTESIAN_POINT('',(9.3,40.,3.));
#16002=CARTESIAN_POINT('',(9.3,34.,3.));
#16003=CARTESIAN_POINT('',(9.3,20.,3.));
#16004=CARTESIAN_POINT('',(9.3,40.,5.));
#16005=CARTESIAN_POINT('',(9.3,40.,1.));
#16006=CARTESIAN_POINT('',(9.3,34.,5.));
#16007=CARTESIAN_POINT('',(9.3,20.,5.));
#16008=CARTESIAN_POINT('',(9.3,34.,1.));
#16009=CARTESIAN_POINT('Origin',(12.7,40.,1.));
#16010=CARTESIAN_POINT('',(6.35,40.,5.));
#16011=CARTESIAN_POINT('',(6.35,40.,3.));
#16012=CARTESIAN_POINT('Origin',(9.3,34.,1.));
#16013=CARTESIAN_POINT('',(4.65,34.,3.));
#16014=CARTESIAN_POINT('',(4.65,34.,5.));
#16015=CARTESIAN_POINT('Origin',(-9.3,34.,1.));
#16016=CARTESIAN_POINT('',(-9.3,40.,5.));
#16017=CARTESIAN_POINT('',(-9.3,34.,5.));
#16018=CARTESIAN_POINT('',(-9.3,17.,5.));
#16019=CARTESIAN_POINT('',(-9.3,40.,3.));
#16020=CARTESIAN_POINT('',(-9.3,40.,1.));
#16021=CARTESIAN_POINT('',(-9.3,34.,3.));
#16022=CARTESIAN_POINT('',(-9.3,17.,3.));
#16023=CARTESIAN_POINT('',(-9.3,34.,1.));
#16024=CARTESIAN_POINT('Origin',(-12.7,40.,1.));
#16025=CARTESIAN_POINT('',(-12.7,40.,3.));
#16026=CARTESIAN_POINT('',(-12.7,34.,3.));
#16027=CARTESIAN_POINT('',(-12.7,20.,3.));
#16028=CARTESIAN_POINT('',(-12.7,40.,5.));
#16029=CARTESIAN_POINT('',(-12.7,40.,1.));
#16030=CARTESIAN_POINT('',(-12.7,34.,5.));
#16031=CARTESIAN_POINT('',(-12.7,20.,5.));
#16032=CARTESIAN_POINT('',(-12.7,34.,1.));
#16033=CARTESIAN_POINT('Origin',(-9.3,40.,1.));
#16034=CARTESIAN_POINT('',(-4.65,40.,5.));
#16035=CARTESIAN_POINT('',(-4.65,40.,3.));
#16036=CARTESIAN_POINT('Origin',(-12.7,34.,1.));
#16037=CARTESIAN_POINT('',(-6.35,34.,3.));
#16038=CARTESIAN_POINT('',(-6.35,34.,5.));
#16039=CARTESIAN_POINT('Origin',(12.7,13.,1.));
#16040=CARTESIAN_POINT('',(12.7,19.,5.));
#16041=CARTESIAN_POINT('',(12.7,13.,5.));
#16042=CARTESIAN_POINT('',(12.7,6.5,5.));
#16043=CARTESIAN_POINT('',(12.7,19.,3.));
#16044=CARTESIAN_POINT('',(12.7,19.,1.));
#16045=CARTESIAN_POINT('',(12.7,13.,3.));
#16046=CARTESIAN_POINT('',(12.7,6.5,3.));
#16047=CARTESIAN_POINT('',(12.7,13.,1.));
#16048=CARTESIAN_POINT('Origin',(9.3,19.,1.));
#16049=CARTESIAN_POINT('',(9.3,19.,3.));
#16050=CARTESIAN_POINT('',(9.3,13.,3.));
#16051=CARTESIAN_POINT('',(9.3,9.5,3.));
#16052=CARTESIAN_POINT('',(9.3,19.,5.));
#16053=CARTESIAN_POINT('',(9.3,19.,1.));
#16054=CARTESIAN_POINT('',(9.3,13.,5.));
#16055=CARTESIAN_POINT('',(9.3,9.5,5.));
#16056=CARTESIAN_POINT('',(9.3,13.,1.));
#16057=CARTESIAN_POINT('Origin',(12.7,19.,1.));
#16058=CARTESIAN_POINT('',(6.35,19.,5.));
#16059=CARTESIAN_POINT('',(6.35,19.,3.));
#16060=CARTESIAN_POINT('Origin',(9.3,13.,1.));
#16061=CARTESIAN_POINT('',(4.65,13.,3.));
#16062=CARTESIAN_POINT('',(4.65,13.,5.));
#16063=CARTESIAN_POINT('Origin',(-9.3,13.,1.));
#16064=CARTESIAN_POINT('',(-9.3,19.,5.));
#16065=CARTESIAN_POINT('',(-9.3,13.,5.));
#16066=CARTESIAN_POINT('',(-9.3,6.5,5.));
#16067=CARTESIAN_POINT('',(-9.3,19.,3.));
#16068=CARTESIAN_POINT('',(-9.3,19.,1.));
#16069=CARTESIAN_POINT('',(-9.3,13.,3.));
#16070=CARTESIAN_POINT('',(-9.3,6.5,3.));
#16071=CARTESIAN_POINT('',(-9.3,13.,1.));
#16072=CARTESIAN_POINT('Origin',(-12.7,19.,1.));
#16073=CARTESIAN_POINT('',(-12.7,19.,3.));
#16074=CARTESIAN_POINT('',(-12.7,13.,3.));
#16075=CARTESIAN_POINT('',(-12.7,9.5,3.));
#16076=CARTESIAN_POINT('',(-12.7,19.,5.));
#16077=CARTESIAN_POINT('',(-12.7,19.,1.));
#16078=CARTESIAN_POINT('',(-12.7,13.,5.));
#16079=CARTESIAN_POINT('',(-12.7,9.5,5.));
#16080=CARTESIAN_POINT('',(-12.7,13.,1.));
#16081=CARTESIAN_POINT('Origin',(-9.3,19.,1.));
#16082=CARTESIAN_POINT('',(-4.65,19.,5.));
#16083=CARTESIAN_POINT('',(-4.65,19.,3.));
#16084=CARTESIAN_POINT('Origin',(-12.7,13.,1.));
#16085=CARTESIAN_POINT('',(-6.35,13.,3.));
#16086=CARTESIAN_POINT('',(-6.35,13.,5.));
#16087=CARTESIAN_POINT('Origin',(32.5,-70.,1.));
#16088=CARTESIAN_POINT('',(31.05,-70.,3.));
#16089=CARTESIAN_POINT('Origin',(32.5,-70.,3.));
#16090=CARTESIAN_POINT('',(31.05,-70.,5.));
#16091=CARTESIAN_POINT('',(31.05,-70.,1.));
#16092=CARTESIAN_POINT('Origin',(32.5,-70.,5.));
#16093=CARTESIAN_POINT('Origin',(51.5,-70.,1.));
#16094=CARTESIAN_POINT('',(50.05,-70.,3.));
#16095=CARTESIAN_POINT('Origin',(51.5,-70.,3.));
#16096=CARTESIAN_POINT('',(50.05,-70.,5.));
#16097=CARTESIAN_POINT('',(50.05,-70.,1.));
#16098=CARTESIAN_POINT('Origin',(51.5,-70.,5.));
#16099=CARTESIAN_POINT('Origin',(-34.,-46.,1.));
#16100=CARTESIAN_POINT('',(-35.45,-46.,3.));
#16101=CARTESIAN_POINT('Origin',(-34.,-46.,3.));
#16102=CARTESIAN_POINT('',(-35.45,-46.,5.));
#16103=CARTESIAN_POINT('',(-35.45,-46.,1.));
#16104=CARTESIAN_POINT('Origin',(-34.,-46.,5.));
#16105=CARTESIAN_POINT('Origin',(34.,-30.,1.));
#16106=CARTESIAN_POINT('',(32.55,-30.,3.));
#16107=CARTESIAN_POINT('Origin',(34.,-30.,3.));
#16108=CARTESIAN_POINT('',(32.55,-30.,5.));
#16109=CARTESIAN_POINT('',(32.55,-30.,1.));
#16110=CARTESIAN_POINT('Origin',(34.,-30.,5.));
#16111=CARTESIAN_POINT('Origin',(-34.,-30.,1.));
#16112=CARTESIAN_POINT('',(-35.45,-30.,3.));
#16113=CARTESIAN_POINT('Origin',(-34.,-30.,3.));
#16114=CARTESIAN_POINT('',(-35.45,-30.,5.));
#16115=CARTESIAN_POINT('',(-35.45,-30.,1.));
#16116=CARTESIAN_POINT('Origin',(-34.,-30.,5.));
#16117=CARTESIAN_POINT('Origin',(34.,-46.,1.));
#16118=CARTESIAN_POINT('',(32.55,-46.,3.));
#16119=CARTESIAN_POINT('Origin',(34.,-46.,3.));
#16120=CARTESIAN_POINT('',(32.55,-46.,5.));
#16121=CARTESIAN_POINT('',(32.55,-46.,1.));
#16122=CARTESIAN_POINT('Origin',(34.,-46.,5.));
#16123=CARTESIAN_POINT('Origin',(38.7,14.,0.));
#16124=CARTESIAN_POINT('',(37.,14.,3.));
#16125=CARTESIAN_POINT('Origin',(38.7,14.,3.));
#16126=CARTESIAN_POINT('',(37.,14.,5.));
#16127=CARTESIAN_POINT('',(37.,14.,0.));
#16128=CARTESIAN_POINT('Origin',(38.7,14.,5.));
#16129=CARTESIAN_POINT('Origin',(38.7,-14.,0.));
#16130=CARTESIAN_POINT('',(37.,-14.,3.));
#16131=CARTESIAN_POINT('Origin',(38.7,-14.,3.));
#16132=CARTESIAN_POINT('',(37.,-14.,5.));
#16133=CARTESIAN_POINT('',(37.,-14.,0.));
#16134=CARTESIAN_POINT('Origin',(38.7,-14.,5.));
#16135=CARTESIAN_POINT('Origin',(-38.7,-14.,0.));
#16136=CARTESIAN_POINT('',(-40.4,-14.,3.));
#16137=CARTESIAN_POINT('Origin',(-38.7,-14.,3.));
#16138=CARTESIAN_POINT('',(-40.4,-14.,5.));
#16139=CARTESIAN_POINT('',(-40.4,-14.,0.));
#16140=CARTESIAN_POINT('Origin',(-38.7,-14.,5.));
#16141=CARTESIAN_POINT('Origin',(-38.7,14.,0.));
#16142=CARTESIAN_POINT('',(-40.4,14.,3.));
#16143=CARTESIAN_POINT('Origin',(-38.7,14.,3.));
#16144=CARTESIAN_POINT('',(-40.4,14.,5.));
#16145=CARTESIAN_POINT('',(-40.4,14.,0.));
#16146=CARTESIAN_POINT('Origin',(-38.7,14.,5.));
#16147=CARTESIAN_POINT('Origin',(73.,80.,0.));
#16148=CARTESIAN_POINT('',(71.3,80.,3.));
#16149=CARTESIAN_POINT('Origin',(73.,80.,3.));
#16150=CARTESIAN_POINT('',(71.3,80.,5.));
#16151=CARTESIAN_POINT('',(71.3,80.,0.));
#16152=CARTESIAN_POINT('Origin',(73.,80.,5.));
#16153=CARTESIAN_POINT('Origin',(50.,50.,0.));
#16154=CARTESIAN_POINT('',(48.3,50.,3.));
#16155=CARTESIAN_POINT('Origin',(50.,50.,3.));
#16156=CARTESIAN_POINT('',(48.3,50.,5.));
#16157=CARTESIAN_POINT('',(48.3,50.,0.));
#16158=CARTESIAN_POINT('Origin',(50.,50.,5.));
#16159=CARTESIAN_POINT('Origin',(-73.,80.,0.));
#16160=CARTESIAN_POINT('',(-74.7,80.,3.));
#16161=CARTESIAN_POINT('Origin',(-73.,80.,3.));
#16162=CARTESIAN_POINT('',(-74.7,80.,5.));
#16163=CARTESIAN_POINT('',(-74.7,80.,0.));
#16164=CARTESIAN_POINT('Origin',(-73.,80.,5.));
#16165=CARTESIAN_POINT('Origin',(-50.,50.,0.));
#16166=CARTESIAN_POINT('',(-51.7,50.,3.));
#16167=CARTESIAN_POINT('Origin',(-50.,50.,3.));
#16168=CARTESIAN_POINT('',(-51.7,50.,5.));
#16169=CARTESIAN_POINT('',(-51.7,50.,0.));
#16170=CARTESIAN_POINT('Origin',(-50.,50.,5.));
#16171=CARTESIAN_POINT('Origin',(-75.,35.,0.));
#16172=CARTESIAN_POINT('',(-76.7,35.,3.));
#16173=CARTESIAN_POINT('Origin',(-75.,35.,3.));
#16174=CARTESIAN_POINT('',(-76.7,35.,5.));
#16175=CARTESIAN_POINT('',(-76.7,35.,0.));
#16176=CARTESIAN_POINT('Origin',(-75.,35.,5.));
#16177=CARTESIAN_POINT('Origin',(75.,-85.,0.));
#16178=CARTESIAN_POINT('',(73.3,-85.,3.));
#16179=CARTESIAN_POINT('Origin',(75.,-85.,3.));
#16180=CARTESIAN_POINT('',(73.3,-85.,5.));
#16181=CARTESIAN_POINT('',(73.3,-85.,0.));
#16182=CARTESIAN_POINT('Origin',(75.,-85.,5.));
#16183=CARTESIAN_POINT('Origin',(-75.,-85.,0.));
#16184=CARTESIAN_POINT('',(-76.7,-85.,3.));
#16185=CARTESIAN_POINT('Origin',(-75.,-85.,3.));
#16186=CARTESIAN_POINT('',(-76.7,-85.,5.));
#16187=CARTESIAN_POINT('',(-76.7,-85.,0.));
#16188=CARTESIAN_POINT('Origin',(-75.,-85.,5.));
#16189=CARTESIAN_POINT('Origin',(75.,35.,0.));
#16190=CARTESIAN_POINT('',(73.3,35.,3.));
#16191=CARTESIAN_POINT('Origin',(75.,35.,3.));
#16192=CARTESIAN_POINT('',(73.3,35.,5.));
#16193=CARTESIAN_POINT('',(73.3,35.,0.));
#16194=CARTESIAN_POINT('Origin',(75.,35.,5.));
#16195=CARTESIAN_POINT('Origin',(58.,-24.,5.));
#16196=CARTESIAN_POINT('',(58.,-24.,3.));
#16197=CARTESIAN_POINT('',(80.,-24.,3.));
#16198=CARTESIAN_POINT('',(29.,-24.,3.));
#16199=CARTESIAN_POINT('',(58.,-24.,5.));
#16200=CARTESIAN_POINT('',(58.,-24.,5.));
#16201=CARTESIAN_POINT('',(80.,-24.,5.));
#16202=CARTESIAN_POINT('',(29.,-24.,5.));
#16203=CARTESIAN_POINT('',(80.,-24.,5.));
#16204=CARTESIAN_POINT('Origin',(58.,24.,5.));
#16205=CARTESIAN_POINT('',(58.,24.,3.));
#16206=CARTESIAN_POINT('',(58.,12.,3.));
#16207=CARTESIAN_POINT('',(58.,24.,5.));
#16208=CARTESIAN_POINT('',(58.,24.,5.));
#16209=CARTESIAN_POINT('',(58.,12.,5.));
#16210=CARTESIAN_POINT('Origin',(90.,24.,5.));
#16211=CARTESIAN_POINT('',(80.,24.,3.));
#16212=CARTESIAN_POINT('',(45.,24.,3.));
#16213=CARTESIAN_POINT('',(80.,24.,5.));
#16214=CARTESIAN_POINT('',(80.,24.,5.));
#16215=CARTESIAN_POINT('',(45.,24.,5.));
#16216=CARTESIAN_POINT('Origin',(0.,0.,3.));
#16217=CARTESIAN_POINT('',(80.,-90.,3.));
#16218=CARTESIAN_POINT('',(80.,-90.,3.));
#16219=CARTESIAN_POINT('',(-80.,-90.,3.));
#16220=CARTESIAN_POINT('',(-80.,-90.,3.));
#16221=CARTESIAN_POINT('',(-80.,-24.,3.));
#16222=CARTESIAN_POINT('',(-80.,90.,3.));
#16223=CARTESIAN_POINT('',(-58.,-24.,3.));
#16224=CARTESIAN_POINT('',(-45.,-24.,3.));
#16225=CARTESIAN_POINT('',(-58.,24.,3.));
#16226=CARTESIAN_POINT('',(-58.,-12.,3.));
#16227=CARTESIAN_POINT('',(-80.,24.,3.));
#16228=CARTESIAN_POINT('',(-29.,24.,3.));
#16229=CARTESIAN_POINT('',(-80.,90.,3.));
#16230=CARTESIAN_POINT('',(-80.,90.,3.));
#16231=CARTESIAN_POINT('',(80.,90.,3.));
#16232=CARTESIAN_POINT('',(80.,90.,3.));
#16233=CARTESIAN_POINT('',(80.,-90.,3.));
#16234=CARTESIAN_POINT('Origin',(80.,90.,5.));
#16235=CARTESIAN_POINT('',(80.,-90.,5.));
#16236=CARTESIAN_POINT('',(80.,-90.,5.));
#16237=CARTESIAN_POINT('',(80.,-90.,5.));
#16238=CARTESIAN_POINT('Origin',(-58.,24.,5.));
#16239=CARTESIAN_POINT('',(-58.,24.,5.));
#16240=CARTESIAN_POINT('',(-58.,24.,5.));
#16241=CARTESIAN_POINT('',(-80.,24.,5.));
#16242=CARTESIAN_POINT('',(-29.,24.,5.));
#16243=CARTESIAN_POINT('',(-80.,24.,5.));
#16244=CARTESIAN_POINT('Origin',(-58.,-24.,5.));
#16245=CARTESIAN_POINT('',(-58.,-24.,5.));
#16246=CARTESIAN_POINT('',(-58.,-24.,5.));
#16247=CARTESIAN_POINT('',(-58.,-12.,5.));
#16248=CARTESIAN_POINT('Origin',(-90.,-24.,5.));
#16249=CARTESIAN_POINT('',(-80.,-24.,5.));
#16250=CARTESIAN_POINT('',(-80.,-24.,5.));
#16251=CARTESIAN_POINT('',(-45.,-24.,5.));
#16252=CARTESIAN_POINT('Origin',(0.,0.,5.));
#16253=CARTESIAN_POINT('',(80.,90.,5.));
#16254=CARTESIAN_POINT('',(80.,-90.,5.));
#16255=CARTESIAN_POINT('',(-80.,90.,5.));
#16256=CARTESIAN_POINT('',(80.,90.,5.));
#16257=CARTESIAN_POINT('',(-80.,90.,5.));
#16258=CARTESIAN_POINT('',(-80.,-90.,5.));
#16259=CARTESIAN_POINT('',(-80.,90.,5.));
#16260=CARTESIAN_POINT('',(-80.,-90.,5.));
#16261=CARTESIAN_POINT('Origin',(-80.,-90.,5.));
#16262=CARTESIAN_POINT('',(-80.,-90.,5.));
#16263=CARTESIAN_POINT('Origin',(-80.,-90.,5.));
#16264=CARTESIAN_POINT('',(-80.,90.,5.));
#16265=CARTESIAN_POINT('Origin',(-80.,90.,5.));
#16266=CARTESIAN_POINT('',(80.,90.,5.));
#16267=CARTESIAN_POINT('Origin',(80.,-90.,5.));
#16268=CARTESIAN_POINT('Origin',(80.,90.,5.));
#16269=CARTESIAN_POINT('',(0.,0.,0.));
#16270=CARTESIAN_POINT('Origin',(-80.1,-28.,64.6));
#16271=CARTESIAN_POINT('',(-80.,-28.,66.3));
#16272=CARTESIAN_POINT('Origin',(-80.,-28.,64.6));
#16273=CARTESIAN_POINT('',(-78.,-28.,66.3));
#16274=CARTESIAN_POINT('',(-80.1,-28.,66.3));
#16275=CARTESIAN_POINT('Origin',(-78.,-28.,64.6));
#16276=CARTESIAN_POINT('Origin',(-80.1,-48.,64.6));
#16277=CARTESIAN_POINT('',(-80.,-48.,66.3));
#16278=CARTESIAN_POINT('Origin',(-80.,-48.,64.6));
#16279=CARTESIAN_POINT('',(-78.,-48.,66.3));
#16280=CARTESIAN_POINT('',(-80.1,-48.,66.3));
#16281=CARTESIAN_POINT('Origin',(-78.,-48.,64.6));
#16282=CARTESIAN_POINT('Origin',(-80.,-85.,44.));
#16283=CARTESIAN_POINT('',(-80.,-85.,45.7));
#16284=CARTESIAN_POINT('Origin',(-80.,-85.,44.));
#16285=CARTESIAN_POINT('',(-78.,-85.,45.7));
#16286=CARTESIAN_POINT('',(-80.,-85.,45.7));
#16287=CARTESIAN_POINT('Origin',(-78.,-85.,44.));
#16288=CARTESIAN_POINT('Origin',(-80.,35.,44.));
#16289=CARTESIAN_POINT('',(-80.,35.,45.7));
#16290=CARTESIAN_POINT('Origin',(-80.,35.,44.));
#16291=CARTESIAN_POINT('',(-78.,35.,45.7));
#16292=CARTESIAN_POINT('',(-80.,35.,45.7));
#16293=CARTESIAN_POINT('Origin',(-78.,35.,44.));
#16294=CARTESIAN_POINT('Origin',(-80.,-26.,47.));
#16295=CARTESIAN_POINT('',(-80.,-26.,47.));
#16296=CARTESIAN_POINT('',(-80.,-26.,5.));
#16297=CARTESIAN_POINT('',(-80.,-26.,45.5));
#16298=CARTESIAN_POINT('',(-78.,-26.,47.));
#16299=CARTESIAN_POINT('',(-80.,-26.,47.));
#16300=CARTESIAN_POINT('',(-78.,-26.,5.));
#16301=CARTESIAN_POINT('',(-78.,-26.,45.5));
#16302=CARTESIAN_POINT('',(-80.,-26.,5.));
#16303=CARTESIAN_POINT('Origin',(-80.,26.,47.));
#16304=CARTESIAN_POINT('',(-80.,26.,47.));
#16305=CARTESIAN_POINT('',(-80.,13.,47.));
#16306=CARTESIAN_POINT('',(-78.,26.,47.));
#16307=CARTESIAN_POINT('',(-80.,26.,47.));
#16308=CARTESIAN_POINT('',(-78.,13.,47.));
#16309=CARTESIAN_POINT('Origin',(-80.,26.,-5.));
#16310=CARTESIAN_POINT('',(-80.,26.,5.));
#16311=CARTESIAN_POINT('',(-80.,26.,19.5));
#16312=CARTESIAN_POINT('',(-78.,26.,5.));
#16313=CARTESIAN_POINT('',(-80.,26.,5.));
#16314=CARTESIAN_POINT('',(-78.,26.,19.5));
#16315=CARTESIAN_POINT('Origin',(-78.,0.,44.));
#16316=CARTESIAN_POINT('',(-78.,40.,5.));
#16317=CARTESIAN_POINT('',(-78.,90.,5.));
#16318=CARTESIAN_POINT('',(-78.,40.,83.));
#16319=CARTESIAN_POINT('',(-78.,40.,74.5));
#16320=CARTESIAN_POINT('',(-78.,-90.,83.));
#16321=CARTESIAN_POINT('',(-78.,-90.,83.));
#16322=CARTESIAN_POINT('',(-78.,-90.,5.));
#16323=CARTESIAN_POINT('',(-78.,-90.,5.));
#16324=CARTESIAN_POINT('',(-78.,90.,5.));
#16325=CARTESIAN_POINT('Origin',(-80.,-90.,5.));
#16326=CARTESIAN_POINT('',(-80.,40.,5.));
#16327=CARTESIAN_POINT('',(-80.,90.,5.));
#16328=CARTESIAN_POINT('',(-80.,40.,5.));
#16329=CARTESIAN_POINT('Origin',(-80.,-90.,5.));
#16330=CARTESIAN_POINT('',(-80.,-90.,5.));
#16331=CARTESIAN_POINT('',(-80.,-90.,5.));
#16332=CARTESIAN_POINT('',(-80.,90.,5.));
#16333=CARTESIAN_POINT('Origin',(-80.,40.,105.));
#16334=CARTESIAN_POINT('',(-80.,40.,83.));
#16335=CARTESIAN_POINT('',(-80.,40.,83.));
#16336=CARTESIAN_POINT('',(-80.,40.,74.5));
#16337=CARTESIAN_POINT('Origin',(-80.,-90.,83.));
#16338=CARTESIAN_POINT('',(-80.,-90.,83.));
#16339=CARTESIAN_POINT('',(-80.,-90.,5.));
#16340=CARTESIAN_POINT('',(-80.,-90.,83.));
#16341=CARTESIAN_POINT('Origin',(-80.,90.,83.));
#16342=CARTESIAN_POINT('',(-80.,-90.,83.));
#16343=CARTESIAN_POINT('Origin',(-80.,0.,44.));
#16344=CARTESIAN_POINT('',(0.,0.,0.));
#16345=CARTESIAN_POINT('Origin',(77.9,-28.,64.6));
#16346=CARTESIAN_POINT('',(78.,-28.,66.3));
#16347=CARTESIAN_POINT('Origin',(78.,-28.,64.6));
#16348=CARTESIAN_POINT('',(80.,-28.,66.3));
#16349=CARTESIAN_POINT('',(77.9,-28.,66.3));
#16350=CARTESIAN_POINT('Origin',(80.,-28.,64.6));
#16351=CARTESIAN_POINT('Origin',(77.9,-48.,64.6));
#16352=CARTESIAN_POINT('',(78.,-48.,66.3));
#16353=CARTESIAN_POINT('Origin',(78.,-48.,64.6));
#16354=CARTESIAN_POINT('',(80.,-48.,66.3));
#16355=CARTESIAN_POINT('',(77.9,-48.,66.3));
#16356=CARTESIAN_POINT('Origin',(80.,-48.,64.6));
#16357=CARTESIAN_POINT('Origin',(80.,-85.,44.));
#16358=CARTESIAN_POINT('',(78.,-85.,45.7));
#16359=CARTESIAN_POINT('Origin',(78.,-85.,44.));
#16360=CARTESIAN_POINT('',(80.,-85.,45.7));
#16361=CARTESIAN_POINT('',(80.,-85.,45.7));
#16362=CARTESIAN_POINT('Origin',(80.,-85.,44.));
#16363=CARTESIAN_POINT('Origin',(80.,35.,44.));
#16364=CARTESIAN_POINT('',(78.,35.,45.7));
#16365=CARTESIAN_POINT('Origin',(78.,35.,44.));
#16366=CARTESIAN_POINT('',(80.,35.,45.7));
#16367=CARTESIAN_POINT('',(80.,35.,45.7));
#16368=CARTESIAN_POINT('Origin',(80.,35.,44.));
#16369=CARTESIAN_POINT('Origin',(80.,26.,-5.));
#16370=CARTESIAN_POINT('',(80.,26.,47.));
#16371=CARTESIAN_POINT('',(80.,26.,5.));
#16372=CARTESIAN_POINT('',(80.,26.,19.5));
#16373=CARTESIAN_POINT('',(78.,26.,47.));
#16374=CARTESIAN_POINT('',(80.,26.,47.));
#16375=CARTESIAN_POINT('',(78.,26.,5.));
#16376=CARTESIAN_POINT('',(78.,26.,19.5));
#16377=CARTESIAN_POINT('',(80.,26.,5.));
#16378=CARTESIAN_POINT('Origin',(80.,-26.,47.));
#16379=CARTESIAN_POINT('',(80.,-26.,5.));
#16380=CARTESIAN_POINT('',(80.,-26.,47.));
#16381=CARTESIAN_POINT('',(80.,-26.,45.5));
#16382=CARTESIAN_POINT('',(78.,-26.,5.));
#16383=CARTESIAN_POINT('',(80.,-26.,5.));
#16384=CARTESIAN_POINT('',(78.,-26.,47.));
#16385=CARTESIAN_POINT('',(78.,-26.,45.5));
#16386=CARTESIAN_POINT('',(80.,-26.,47.));
#16387=CARTESIAN_POINT('Origin',(80.,26.,47.));
#16388=CARTESIAN_POINT('',(80.,13.,47.));
#16389=CARTESIAN_POINT('',(78.,13.,47.));
#16390=CARTESIAN_POINT('Origin',(78.,0.,44.));
#16391=CARTESIAN_POINT('',(78.,-90.,5.));
#16392=CARTESIAN_POINT('',(78.,90.,5.));
#16393=CARTESIAN_POINT('',(78.,-90.,83.));
#16394=CARTESIAN_POINT('',(78.,-90.,5.));
#16395=CARTESIAN_POINT('',(78.,40.,83.));
#16396=CARTESIAN_POINT('',(78.,-90.,83.));
#16397=CARTESIAN_POINT('',(78.,40.,5.));
#16398=CARTESIAN_POINT('',(78.,40.,74.5));
#16399=CARTESIAN_POINT('',(78.,90.,5.));
#16400=CARTESIAN_POINT('Origin',(80.,90.,5.));
#16401=CARTESIAN_POINT('',(80.,-90.,5.));
#16402=CARTESIAN_POINT('',(80.,90.,5.));
#16403=CARTESIAN_POINT('',(80.,-90.,5.));
#16404=CARTESIAN_POINT('Origin',(80.,90.,5.));
#16405=CARTESIAN_POINT('',(80.,40.,5.));
#16406=CARTESIAN_POINT('',(80.,40.,5.));
#16407=CARTESIAN_POINT('',(80.,90.,5.));
#16408=CARTESIAN_POINT('Origin',(80.,40.,105.));
#16409=CARTESIAN_POINT('',(80.,40.,83.));
#16410=CARTESIAN_POINT('',(80.,40.,83.));
#16411=CARTESIAN_POINT('',(80.,40.,74.5));
#16412=CARTESIAN_POINT('Origin',(80.,-90.,83.));
#16413=CARTESIAN_POINT('',(80.,-90.,83.));
#16414=CARTESIAN_POINT('',(80.,-90.,83.));
#16415=CARTESIAN_POINT('',(80.,-90.,83.));
#16416=CARTESIAN_POINT('Origin',(80.,-90.,5.));
#16417=CARTESIAN_POINT('',(80.,-90.,5.));
#16418=CARTESIAN_POINT('Origin',(80.,0.,44.));
#16419=CARTESIAN_POINT('',(0.,0.,0.));
#16420=CARTESIAN_POINT('Origin',(42.,-70.,82.));
#16421=CARTESIAN_POINT('',(39.,-70.,83.));
#16422=CARTESIAN_POINT('Origin',(42.,-70.,83.));
#16423=CARTESIAN_POINT('',(39.,-70.,85.));
#16424=CARTESIAN_POINT('',(39.,-70.,82.));
#16425=CARTESIAN_POINT('Origin',(42.,-70.,85.));
#16426=CARTESIAN_POINT('Origin',(0.,24.75,81.));
#16427=CARTESIAN_POINT('',(-1.7,24.75,83.));
#16428=CARTESIAN_POINT('Origin',(0.,24.75,83.));
#16429=CARTESIAN_POINT('',(-1.7,24.75,85.));
#16430=CARTESIAN_POINT('',(-1.7,24.75,81.));
#16431=CARTESIAN_POINT('Origin',(0.,24.75,85.));
#16432=CARTESIAN_POINT('Origin',(-75.,35.,81.));
#16433=CARTESIAN_POINT('',(-76.7,35.,83.));
#16434=CARTESIAN_POINT('Origin',(-75.,35.,83.));
#16435=CARTESIAN_POINT('',(-76.7,35.,85.));
#16436=CARTESIAN_POINT('',(-76.7,35.,81.));
#16437=CARTESIAN_POINT('Origin',(-75.,35.,85.));
#16438=CARTESIAN_POINT('Origin',(75.,-85.,81.));
#16439=CARTESIAN_POINT('',(73.3,-85.,83.));
#16440=CARTESIAN_POINT('Origin',(75.,-85.,83.));
#16441=CARTESIAN_POINT('',(73.3,-85.,85.));
#16442=CARTESIAN_POINT('',(73.3,-85.,81.));
#16443=CARTESIAN_POINT('Origin',(75.,-85.,85.));
#16444=CARTESIAN_POINT('Origin',(-75.,-85.,81.));
#16445=CARTESIAN_POINT('',(-76.7,-85.,83.));
#16446=CARTESIAN_POINT('Origin',(-75.,-85.,83.));
#16447=CARTESIAN_POINT('',(-76.7,-85.,85.));
#16448=CARTESIAN_POINT('',(-76.7,-85.,81.));
#16449=CARTESIAN_POINT('Origin',(-75.,-85.,85.));
#16450=CARTESIAN_POINT('Origin',(75.,35.,81.));
#16451=CARTESIAN_POINT('',(73.3,35.,83.));
#16452=CARTESIAN_POINT('Origin',(75.,35.,83.));
#16453=CARTESIAN_POINT('',(73.3,35.,85.));
#16454=CARTESIAN_POINT('',(73.3,35.,81.));
#16455=CARTESIAN_POINT('Origin',(75.,35.,85.));
#16456=CARTESIAN_POINT('Origin',(0.,-24.75,81.));
#16457=CARTESIAN_POINT('',(-1.7,-24.75,83.));
#16458=CARTESIAN_POINT('Origin',(0.,-24.75,83.));
#16459=CARTESIAN_POINT('',(-1.7,-24.75,85.));
#16460=CARTESIAN_POINT('',(-1.7,-24.75,81.));
#16461=CARTESIAN_POINT('Origin',(0.,-24.75,85.));
#16462=CARTESIAN_POINT('Origin',(-80.,-90.,83.));
#16463=CARTESIAN_POINT('',(-80.,-90.,83.));
#16464=CARTESIAN_POINT('',(80.,-90.,83.));
#16465=CARTESIAN_POINT('',(-80.,-90.,83.));
#16466=CARTESIAN_POINT('',(80.,-90.,85.));
#16467=CARTESIAN_POINT('',(80.,-90.,83.));
#16468=CARTESIAN_POINT('',(-80.,-90.,85.));
#16469=CARTESIAN_POINT('',(-80.,-90.,85.));
#16470=CARTESIAN_POINT('',(-80.,-90.,83.));
#16471=CARTESIAN_POINT('Origin',(-80.,90.,83.));
#16472=CARTESIAN_POINT('',(-80.,90.,83.));
#16473=CARTESIAN_POINT('',(-80.,90.,83.));
#16474=CARTESIAN_POINT('',(-80.,90.,85.));
#16475=CARTESIAN_POINT('',(-80.,90.,85.));
#16476=CARTESIAN_POINT('',(-80.,90.,83.));
#16477=CARTESIAN_POINT('Origin',(80.,90.,83.));
#16478=CARTESIAN_POINT('',(80.,90.,83.));
#16479=CARTESIAN_POINT('',(80.,90.,83.));
#16480=CARTESIAN_POINT('',(80.,90.,85.));
#16481=CARTESIAN_POINT('',(80.,90.,85.));
#16482=CARTESIAN_POINT('',(80.,90.,83.));
#16483=CARTESIAN_POINT('Origin',(80.,-90.,83.));
#16484=CARTESIAN_POINT('',(80.,-90.,83.));
#16485=CARTESIAN_POINT('',(80.,-90.,85.));
#16486=CARTESIAN_POINT('Origin',(0.,0.,85.));
#16487=CARTESIAN_POINT('Origin',(0.,0.,83.));
#16488=CARTESIAN_POINT('',(0.,0.,0.));
#16489=CARTESIAN_POINT('Origin',(-73.,80.,15.));
#16490=CARTESIAN_POINT('',(-74.0852910550217,80.6201961995127,15.));
#16491=CARTESIAN_POINT('',(-71.9147089449783,80.6201961995127,15.));
#16492=CARTESIAN_POINT('',(-54.,80.6201961995127,15.));
#16493=CARTESIAN_POINT('Origin',(-73.,80.,15.));
#16494=CARTESIAN_POINT('Origin',(-73.,80.,5.));
#16495=CARTESIAN_POINT('Origin',(-73.,80.,15.9675060712398));
#16496=CARTESIAN_POINT('Origin',(-35.,85.427888507205,7.5));
#16497=CARTESIAN_POINT('',(-35.,85.427888507205,7.5));
#16498=CARTESIAN_POINT('',(-35.,42.5,7.5));
#16499=CARTESIAN_POINT('',(-35.,75.2139442536025,7.5));
#16500=CARTESIAN_POINT('',(-77.5,85.427888507205,7.5));
#16501=CARTESIAN_POINT('',(-35.,85.427888507205,7.5));
#16502=CARTESIAN_POINT('',(-77.5,42.5,7.5));
#16503=CARTESIAN_POINT('',(-77.5,42.5,7.5));
#16504=CARTESIAN_POINT('',(-35.,42.5,7.5));
#16505=CARTESIAN_POINT('',(-74.7,80.,7.5));
#16506=CARTESIAN_POINT('Origin',(-73.,80.,7.5));
#16507=CARTESIAN_POINT('',(-51.7,50.,7.5));
#16508=CARTESIAN_POINT('Origin',(-50.,50.,7.5));
#16509=CARTESIAN_POINT('Origin',(-35.,42.5,74.4675060712398));
#16510=CARTESIAN_POINT('',(-35.,42.5,74.4675060712398));
#16511=CARTESIAN_POINT('',(-35.,52.6976510762952,58.5591703922194));
#16512=CARTESIAN_POINT('',(-77.5,42.5,74.4675060712398));
#16513=CARTESIAN_POINT('',(-35.,42.5,74.4675060712398));
#16514=CARTESIAN_POINT('',(-77.5,85.427888507205,7.5));
#16515=CARTESIAN_POINT('Origin',(-35.,42.5,7.5));
#16516=CARTESIAN_POINT('',(-35.,42.5,25.75));
#16517=CARTESIAN_POINT('',(-77.5,42.5,74.4675060712398));
#16518=CARTESIAN_POINT('Origin',(-77.5,63.9639442536025,40.9837530356199));
#16519=CARTESIAN_POINT('Origin',(-73.,80.,0.));
#16520=CARTESIAN_POINT('',(-74.7,80.,5.));
#16521=CARTESIAN_POINT('Origin',(-73.,80.,5.));
#16522=CARTESIAN_POINT('',(-74.7,80.,0.));
#16523=CARTESIAN_POINT('Origin',(-50.,50.,0.));
#16524=CARTESIAN_POINT('',(-51.7,50.,5.));
#16525=CARTESIAN_POINT('Origin',(-50.,50.,5.));
#16526=CARTESIAN_POINT('',(-51.7,50.,0.));
#16527=CARTESIAN_POINT('Origin',(-80.,90.,5.));
#16528=CARTESIAN_POINT('',(-80.,40.,83.));
#16529=CARTESIAN_POINT('',(-80.,90.,5.));
#16530=CARTESIAN_POINT('',(-80.,40.,83.));
#16531=CARTESIAN_POINT('',(-35.,40.,83.));
#16532=CARTESIAN_POINT('',(-80.,40.,83.));
#16533=CARTESIAN_POINT('',(-35.,90.,5.));
#16534=CARTESIAN_POINT('',(-35.,40.,83.));
#16535=CARTESIAN_POINT('',(-80.,90.,5.));
#16536=CARTESIAN_POINT('Origin',(-80.,40.,5.));
#16537=CARTESIAN_POINT('',(-80.,40.,5.));
#16538=CARTESIAN_POINT('',(-80.,90.,5.));
#16539=CARTESIAN_POINT('',(-35.,40.,5.));
#16540=CARTESIAN_POINT('',(-35.,90.,5.));
#16541=CARTESIAN_POINT('',(-80.,40.,5.));
#16542=CARTESIAN_POINT('Origin',(-80.,40.,83.));
#16543=CARTESIAN_POINT('',(-80.,40.,5.));
#16544=CARTESIAN_POINT('',(-35.,40.,5.));
#16545=CARTESIAN_POINT('Origin',(-35.,65.,44.));
#16546=CARTESIAN_POINT('Origin',(-80.,65.,44.));
#16547=CARTESIAN_POINT('',(0.,0.,0.));
#16548=CARTESIAN_POINT('Origin',(73.,80.,15.));
#16549=CARTESIAN_POINT('',(71.9147089449783,80.6201961995127,15.));
#16550=CARTESIAN_POINT('',(74.0852910550217,80.6201961995127,15.));
#16551=CARTESIAN_POINT('',(54.,80.6201961995127,15.));
#16552=CARTESIAN_POINT('Origin',(73.,80.,15.));
#16553=CARTESIAN_POINT('Origin',(73.,80.,5.));
#16554=CARTESIAN_POINT('Origin',(73.,80.,15.9675060712398));
#16555=CARTESIAN_POINT('Origin',(35.,85.427888507205,7.5));
#16556=CARTESIAN_POINT('',(35.,85.427888507205,7.5));
#16557=CARTESIAN_POINT('',(35.,42.5,74.4675060712398));
#16558=CARTESIAN_POINT('',(35.,74.1615953298977,25.0754173565995));
#16559=CARTESIAN_POINT('',(77.5,85.427888507205,7.5));
#16560=CARTESIAN_POINT('',(35.,85.427888507205,7.5));
#16561=CARTESIAN_POINT('',(77.5,42.5,74.4675060712398));
#16562=CARTESIAN_POINT('',(77.5,85.427888507205,7.5));
#16563=CARTESIAN_POINT('',(35.,42.5,74.4675060712398));
#16564=CARTESIAN_POINT('Origin',(35.,42.5,7.5));
#16565=CARTESIAN_POINT('',(35.,42.5,7.5));
#16566=CARTESIAN_POINT('',(35.,53.75,7.5));
#16567=CARTESIAN_POINT('',(77.5,42.5,7.5));
#16568=CARTESIAN_POINT('',(35.,42.5,7.5));
#16569=CARTESIAN_POINT('',(77.5,42.5,7.5));
#16570=CARTESIAN_POINT('',(48.3,50.,7.5));
#16571=CARTESIAN_POINT('Origin',(50.,50.,7.5));
#16572=CARTESIAN_POINT('',(71.3,80.,7.5));
#16573=CARTESIAN_POINT('Origin',(73.,80.,7.5));
#16574=CARTESIAN_POINT('Origin',(35.,42.5,74.4675060712398));
#16575=CARTESIAN_POINT('',(35.,42.5,59.2337530356199));
#16576=CARTESIAN_POINT('',(77.5,42.5,74.4675060712398));
#16577=CARTESIAN_POINT('Origin',(77.5,63.9639442536025,40.9837530356199));
#16578=CARTESIAN_POINT('Origin',(73.,80.,0.));
#16579=CARTESIAN_POINT('',(71.3,80.,5.));
#16580=CARTESIAN_POINT('Origin',(73.,80.,5.));
#16581=CARTESIAN_POINT('',(71.3,80.,0.));
#16582=CARTESIAN_POINT('Origin',(50.,50.,0.));
#16583=CARTESIAN_POINT('',(48.3,50.,5.));
#16584=CARTESIAN_POINT('Origin',(50.,50.,5.));
#16585=CARTESIAN_POINT('',(48.3,50.,0.));
#16586=CARTESIAN_POINT('Origin',(80.,90.,5.));
#16587=CARTESIAN_POINT('',(80.,90.,5.));
#16588=CARTESIAN_POINT('',(80.,40.,5.));
#16589=CARTESIAN_POINT('',(80.,90.,5.));
#16590=CARTESIAN_POINT('',(35.,40.,5.));
#16591=CARTESIAN_POINT('',(80.,40.,5.));
#16592=CARTESIAN_POINT('',(35.,90.,5.));
#16593=CARTESIAN_POINT('',(35.,90.,5.));
#16594=CARTESIAN_POINT('',(80.,90.,5.));
#16595=CARTESIAN_POINT('Origin',(80.,40.,83.));
#16596=CARTESIAN_POINT('',(80.,40.,83.));
#16597=CARTESIAN_POINT('',(80.,40.,83.));
#16598=CARTESIAN_POINT('',(35.,40.,83.));
#16599=CARTESIAN_POINT('',(35.,40.,83.));
#16600=CARTESIAN_POINT('',(80.,40.,83.));
#16601=CARTESIAN_POINT('Origin',(80.,40.,5.));
#16602=CARTESIAN_POINT('',(80.,40.,5.));
#16603=CARTESIAN_POINT('',(35.,40.,5.));
#16604=CARTESIAN_POINT('Origin',(80.,65.,44.));
#16605=CARTESIAN_POINT('Origin',(35.,65.,44.));
#16606=CARTESIAN_POINT('',(0.,0.,0.));
#16607=CARTESIAN_POINT('Origin',(0.,35.,44.));
#16608=CARTESIAN_POINT('',(-77.7271780286589,36.25,44.));
#16609=CARTESIAN_POINT('',(-78.,35.,45.25));
#16610=CARTESIAN_POINT('Ctrl Pts',(-77.7271780286589,36.25,44.));
#16611=CARTESIAN_POINT('Ctrl Pts',(-77.7271780286589,36.25,44.159180142775));
#16612=CARTESIAN_POINT('Ctrl Pts',(-77.7425911552851,36.2177886377558,44.3274083088824));
#16613=CARTESIAN_POINT('Ctrl Pts',(-77.7959642377917,36.0896784059584,44.6346706079299));
#16614=CARTESIAN_POINT('Ctrl Pts',(-77.8329297249278,35.9938577153043,44.773909237662));
#16615=CARTESIAN_POINT('Ctrl Pts',(-77.9007017731149,35.7740421302726,44.9937248226937));
#16616=CARTESIAN_POINT('Ctrl Pts',(-77.9362124722172,35.6347539743335,45.0896458410237));
#16617=CARTESIAN_POINT('Ctrl Pts',(-77.9861570524429,35.3272955115955,45.2178334734283));
#16618=CARTESIAN_POINT('Ctrl Pts',(-78.,35.1589877898662,45.25));
#16619=CARTESIAN_POINT('Ctrl Pts',(-78.,35.,45.25));
#16620=CARTESIAN_POINT('',(-78.,35.,42.75));
#16621=CARTESIAN_POINT('Ctrl Pts',(-78.,35.,42.75));
#16622=CARTESIAN_POINT('Ctrl Pts',(-78.,35.1589877898662,42.75));
#16623=CARTESIAN_POINT('Ctrl Pts',(-77.9861570524429,35.3272955115954,42.7821665265717));
#16624=CARTESIAN_POINT('Ctrl Pts',(-77.9362124722172,35.6347539743335,42.9103541589763));
#16625=CARTESIAN_POINT('Ctrl Pts',(-77.9007017731149,35.7740421302726,43.0062751773063));
#16626=CARTESIAN_POINT('Ctrl Pts',(-77.8329297249278,35.9938577153043,43.226090762338));
#16627=CARTESIAN_POINT('Ctrl Pts',(-77.7959642377917,36.0896784059584,43.3653293920701));
#16628=CARTESIAN_POINT('Ctrl Pts',(-77.7425911552851,36.2177886377558,43.6725916911176));
#16629=CARTESIAN_POINT('Ctrl Pts',(-77.7271780286589,36.25,43.840819857225));
#16630=CARTESIAN_POINT('Ctrl Pts',(-77.7271780286589,36.25,44.));
#16631=CARTESIAN_POINT('Ctrl Pts',(-78.,35.,45.25));
#16632=CARTESIAN_POINT('Ctrl Pts',(-78.,34.8410122101338,45.25));
#16633=CARTESIAN_POINT('Ctrl Pts',(-77.9861570524429,34.6727044884046,45.2178334734283));
#16634=CARTESIAN_POINT('Ctrl Pts',(-77.9362124722172,34.3652460256665,45.0896458410237));
#16635=CARTESIAN_POINT('Ctrl Pts',(-77.9007017731149,34.2259578697274,44.9937248226937));
#16636=CARTESIAN_POINT('Ctrl Pts',(-77.8329297249278,34.0061422846957,44.773909237662));
#16637=CARTESIAN_POINT('Ctrl Pts',(-77.7959642377917,33.9103215940416,44.6346706079299));
#16638=CARTESIAN_POINT('Ctrl Pts',(-77.7425911552851,33.7822113622442,44.3274083088824));
#16639=CARTESIAN_POINT('Ctrl Pts',(-77.7271780286589,33.75,44.159180142775));
#16640=CARTESIAN_POINT('Ctrl Pts',(-77.7271780286589,33.75,43.8408198572251));
#16641=CARTESIAN_POINT('Ctrl Pts',(-77.7425911552851,33.7822113622442,43.6725916911176));
#16642=CARTESIAN_POINT('Ctrl Pts',(-77.7959642377917,33.9103215940416,43.3653293920702));
#16643=CARTESIAN_POINT('Ctrl Pts',(-77.8329297249278,34.0061422846957,43.226090762338));
#16644=CARTESIAN_POINT('Ctrl Pts',(-77.9007017731149,34.2259578697274,43.0062751773063));
#16645=CARTESIAN_POINT('Ctrl Pts',(-77.9362124722172,34.3652460256665,42.9103541589763));
#16646=CARTESIAN_POINT('Ctrl Pts',(-77.9861570524429,34.6727044884045,42.7821665265717));
#16647=CARTESIAN_POINT('Ctrl Pts',(-78.,34.8410122101338,42.75));
#16648=CARTESIAN_POINT('Ctrl Pts',(-78.,35.,42.75));
#16649=CARTESIAN_POINT('',(-72.,35.,45.25));
#16650=CARTESIAN_POINT('',(0.,35.,45.25));
#16651=CARTESIAN_POINT('',(-72.2728219713411,36.25,44.));
#16652=CARTESIAN_POINT('Ctrl Pts',(-72.2728219713411,36.25,44.));
#16653=CARTESIAN_POINT('Ctrl Pts',(-72.2728219713411,36.25,43.840819857225));
#16654=CARTESIAN_POINT('Ctrl Pts',(-72.2574088447149,36.2177886377558,43.6725916911176));
#16655=CARTESIAN_POINT('Ctrl Pts',(-72.2040357622083,36.0896784059584,43.3653293920701));
#16656=CARTESIAN_POINT('Ctrl Pts',(-72.1670702750722,35.9938577153043,43.226090762338));
#16657=CARTESIAN_POINT('Ctrl Pts',(-72.0992982268851,35.7740421302726,43.0062751773063));
#16658=CARTESIAN_POINT('Ctrl Pts',(-72.0637875277828,35.6347539743335,42.9103541589763));
#16659=CARTESIAN_POINT('Ctrl Pts',(-72.0138429475571,35.3272955115955,42.7821665265717));
#16660=CARTESIAN_POINT('Ctrl Pts',(-72.,35.1589877898662,42.75));
#16661=CARTESIAN_POINT('Ctrl Pts',(-72.,34.8410122101338,42.75));
#16662=CARTESIAN_POINT('Ctrl Pts',(-72.0138429475571,34.6727044884045,42.7821665265717));
#16663=CARTESIAN_POINT('Ctrl Pts',(-72.0637875277828,34.3652460256665,42.9103541589763));
#16664=CARTESIAN_POINT('Ctrl Pts',(-72.0992982268851,34.2259578697274,43.0062751773063));
#16665=CARTESIAN_POINT('Ctrl Pts',(-72.1670702750722,34.0061422846957,43.226090762338));
#16666=CARTESIAN_POINT('Ctrl Pts',(-72.2040357622083,33.9103215940416,43.3653293920702));
#16667=CARTESIAN_POINT('Ctrl Pts',(-72.2574088447149,33.7822113622442,43.6725916911176));
#16668=CARTESIAN_POINT('Ctrl Pts',(-72.2728219713411,33.75,43.8408198572251));
#16669=CARTESIAN_POINT('Ctrl Pts',(-72.2728219713411,33.75,44.159180142775));
#16670=CARTESIAN_POINT('Ctrl Pts',(-72.2574088447149,33.7822113622442,44.3274083088824));
#16671=CARTESIAN_POINT('Ctrl Pts',(-72.2040357622083,33.9103215940416,44.6346706079299));
#16672=CARTESIAN_POINT('Ctrl Pts',(-72.1670702750722,34.0061422846957,44.773909237662));
#16673=CARTESIAN_POINT('Ctrl Pts',(-72.0992982268851,34.2259578697274,44.9937248226937));
#16674=CARTESIAN_POINT('Ctrl Pts',(-72.0637875277828,34.3652460256665,45.0896458410237));
#16675=CARTESIAN_POINT('Ctrl Pts',(-72.013842947557,34.6727044884045,45.2178334734283));
#16676=CARTESIAN_POINT('Ctrl Pts',(-72.,34.8410122101338,45.25));
#16677=CARTESIAN_POINT('Ctrl Pts',(-72.,35.,45.25));
#16678=CARTESIAN_POINT('Ctrl Pts',(-72.,35.,45.25));
#16679=CARTESIAN_POINT('Ctrl Pts',(-72.,35.1589877898662,45.25));
#16680=CARTESIAN_POINT('Ctrl Pts',(-72.0138429475571,35.3272955115954,45.2178334734283));
#16681=CARTESIAN_POINT('Ctrl Pts',(-72.0637875277828,35.6347539743335,45.0896458410237));
#16682=CARTESIAN_POINT('Ctrl Pts',(-72.0992982268851,35.7740421302726,44.9937248226937));
#16683=CARTESIAN_POINT('Ctrl Pts',(-72.1670702750722,35.9938577153043,44.773909237662));
#16684=CARTESIAN_POINT('Ctrl Pts',(-72.2040357622083,36.0896784059584,44.6346706079299));
#16685=CARTESIAN_POINT('Ctrl Pts',(-72.2574088447149,36.2177886377558,44.3274083088824));
#16686=CARTESIAN_POINT('Ctrl Pts',(-72.2728219713411,36.25,44.159180142775));
#16687=CARTESIAN_POINT('Ctrl Pts',(-72.2728219713411,36.25,44.));
#16688=CARTESIAN_POINT('Origin',(-75.,35.,83.));
#16689=CARTESIAN_POINT('',(-76.25,35.,83.));
#16690=CARTESIAN_POINT('Origin',(-75.,35.,83.));
#16691=CARTESIAN_POINT('',(-76.25,35.,73.));
#16692=CARTESIAN_POINT('',(-76.25,35.,83.));
#16693=CARTESIAN_POINT('Origin',(-75.,35.,73.));
#16694=CARTESIAN_POINT('Origin',(-75.,35.,73.));
#16695=CARTESIAN_POINT('Origin',(-75.,35.,5.));
#16696=CARTESIAN_POINT('',(-76.25,35.,5.));
#16697=CARTESIAN_POINT('Origin',(-75.,35.,5.));
#16698=CARTESIAN_POINT('',(-76.25,35.,15.));
#16699=CARTESIAN_POINT('',(-76.25,35.,5.));
#16700=CARTESIAN_POINT('Origin',(-75.,35.,15.));
#16701=CARTESIAN_POINT('Origin',(-75.,35.,15.));
#16702=CARTESIAN_POINT('Origin',(-75.,35.,5.));
#16703=CARTESIAN_POINT('',(-78.,35.,83.));
#16704=CARTESIAN_POINT('Origin',(-75.,35.,83.));
#16705=CARTESIAN_POINT('',(-78.,35.,5.));
#16706=CARTESIAN_POINT('',(-78.,35.,5.));
#16707=CARTESIAN_POINT('',(-78.,35.,5.));
#16708=CARTESIAN_POINT('Origin',(-75.,35.,5.));
#16709=CARTESIAN_POINT('Origin',(-75.,35.,83.));
#16710=CARTESIAN_POINT('Origin',(-75.,35.,5.));
#16711=CARTESIAN_POINT('Origin',(75.,0.,55.));
#16712=CARTESIAN_POINT('',(73.75,-87.7271780286589,55.));
#16713=CARTESIAN_POINT('Ctrl Pts',(73.75,-87.7271780286589,55.));
#16714=CARTESIAN_POINT('Ctrl Pts',(73.75,-87.7271780286589,55.1591801427749));
#16715=CARTESIAN_POINT('Ctrl Pts',(73.7822113622442,-87.7425911552851,55.3274083088824));
#16716=CARTESIAN_POINT('Ctrl Pts',(73.9103215940416,-87.7959642377917,55.6346706079298));
#16717=CARTESIAN_POINT('Ctrl Pts',(74.0061422846957,-87.8329297249278,55.773909237662));
#16718=CARTESIAN_POINT('Ctrl Pts',(74.2259578697274,-87.9007017731149,55.9937248226937));
#16719=CARTESIAN_POINT('Ctrl Pts',(74.3652460256665,-87.9362124722172,56.0896458410237));
#16720=CARTESIAN_POINT('Ctrl Pts',(74.6727044884045,-87.986157052443,56.2178334734283));
#16721=CARTESIAN_POINT('Ctrl Pts',(74.8410122101338,-88.,56.25));
#16722=CARTESIAN_POINT('Ctrl Pts',(75.1589877898662,-88.,56.25));
#16723=CARTESIAN_POINT('Ctrl Pts',(75.3272955115955,-87.986157052443,56.2178334734283));
#16724=CARTESIAN_POINT('Ctrl Pts',(75.6347539743335,-87.9362124722172,56.0896458410237));
#16725=CARTESIAN_POINT('Ctrl Pts',(75.7740421302726,-87.9007017731149,55.9937248226937));
#16726=CARTESIAN_POINT('Ctrl Pts',(75.9938577153043,-87.8329297249278,55.773909237662));
#16727=CARTESIAN_POINT('Ctrl Pts',(76.0896784059584,-87.7959642377917,55.6346706079298));
#16728=CARTESIAN_POINT('Ctrl Pts',(76.2177886377558,-87.7425911552851,55.3274083088824));
#16729=CARTESIAN_POINT('Ctrl Pts',(76.25,-87.7271780286589,55.1591801427749));
#16730=CARTESIAN_POINT('Ctrl Pts',(76.25,-87.7271780286589,54.840819857225));
#16731=CARTESIAN_POINT('Ctrl Pts',(76.2177886377558,-87.7425911552851,54.6725916911176));
#16732=CARTESIAN_POINT('Ctrl Pts',(76.0896784059584,-87.7959642377917,54.3653293920701));
#16733=CARTESIAN_POINT('Ctrl Pts',(75.9938577153043,-87.8329297249278,54.2260907623379));
#16734=CARTESIAN_POINT('Ctrl Pts',(75.7740421302726,-87.9007017731149,54.0062751773063));
#16735=CARTESIAN_POINT('Ctrl Pts',(75.6347539743335,-87.9362124722172,53.9103541589763));
#16736=CARTESIAN_POINT('Ctrl Pts',(75.3272955115954,-87.9861570524429,53.7821665265717));
#16737=CARTESIAN_POINT('Ctrl Pts',(75.1589877898662,-88.,53.75));
#16738=CARTESIAN_POINT('Ctrl Pts',(74.8410122101338,-88.,53.75));
#16739=CARTESIAN_POINT('Ctrl Pts',(74.6727044884045,-87.9861570524429,53.7821665265717));
#16740=CARTESIAN_POINT('Ctrl Pts',(74.3652460256665,-87.9362124722172,53.9103541589763));
#16741=CARTESIAN_POINT('Ctrl Pts',(74.2259578697274,-87.9007017731149,54.0062751773063));
#16742=CARTESIAN_POINT('Ctrl Pts',(74.0061422846957,-87.8329297249278,54.2260907623379));
#16743=CARTESIAN_POINT('Ctrl Pts',(73.9103215940416,-87.7959642377917,54.3653293920701));
#16744=CARTESIAN_POINT('Ctrl Pts',(73.7822113622442,-87.7425911552851,54.6725916911176));
#16745=CARTESIAN_POINT('Ctrl Pts',(73.75,-87.7271780286589,54.840819857225));
#16746=CARTESIAN_POINT('Ctrl Pts',(73.75,-87.7271780286589,55.));
#16747=CARTESIAN_POINT('',(73.75,-82.2728219713411,55.));
#16748=CARTESIAN_POINT('',(73.75,0.,55.));
#16749=CARTESIAN_POINT('Ctrl Pts',(73.75,-82.2728219713411,55.));
#16750=CARTESIAN_POINT('Ctrl Pts',(73.75,-82.2728219713411,54.840819857225));
#16751=CARTESIAN_POINT('Ctrl Pts',(73.7822113622442,-82.2574088447149,54.6725916911176));
#16752=CARTESIAN_POINT('Ctrl Pts',(73.9103215940416,-82.2040357622083,54.3653293920701));
#16753=CARTESIAN_POINT('Ctrl Pts',(74.0061422846957,-82.1670702750722,54.2260907623379));
#16754=CARTESIAN_POINT('Ctrl Pts',(74.2259578697274,-82.0992982268851,54.0062751773063));
#16755=CARTESIAN_POINT('Ctrl Pts',(74.3652460256665,-82.0637875277828,53.9103541589763));
#16756=CARTESIAN_POINT('Ctrl Pts',(74.6727044884045,-82.0138429475571,53.7821665265717));
#16757=CARTESIAN_POINT('Ctrl Pts',(74.8410122101338,-82.,53.75));
#16758=CARTESIAN_POINT('Ctrl Pts',(75.1589877898662,-82.,53.75));
#16759=CARTESIAN_POINT('Ctrl Pts',(75.3272955115955,-82.0138429475571,53.7821665265717));
#16760=CARTESIAN_POINT('Ctrl Pts',(75.6347539743335,-82.0637875277828,53.9103541589763));
#16761=CARTESIAN_POINT('Ctrl Pts',(75.7740421302726,-82.0992982268851,54.0062751773063));
#16762=CARTESIAN_POINT('Ctrl Pts',(75.9938577153043,-82.1670702750722,54.2260907623379));
#16763=CARTESIAN_POINT('Ctrl Pts',(76.0896784059584,-82.2040357622083,54.3653293920701));
#16764=CARTESIAN_POINT('Ctrl Pts',(76.2177886377558,-82.2574088447149,54.6725916911176));
#16765=CARTESIAN_POINT('Ctrl Pts',(76.25,-82.2728219713411,54.840819857225));
#16766=CARTESIAN_POINT('Ctrl Pts',(76.25,-82.2728219713411,55.1591801427749));
#16767=CARTESIAN_POINT('Ctrl Pts',(76.2177886377558,-82.2574088447149,55.3274083088824));
#16768=CARTESIAN_POINT('Ctrl Pts',(76.0896784059584,-82.2040357622083,55.6346706079299));
#16769=CARTESIAN_POINT('Ctrl Pts',(75.9938577153043,-82.1670702750722,55.773909237662));
#16770=CARTESIAN_POINT('Ctrl Pts',(75.7740421302726,-82.0992982268851,55.9937248226937));
#16771=CARTESIAN_POINT('Ctrl Pts',(75.6347539743335,-82.0637875277828,56.0896458410237));
#16772=CARTESIAN_POINT('Ctrl Pts',(75.3272955115954,-82.0138429475571,56.2178334734283));
#16773=CARTESIAN_POINT('Ctrl Pts',(75.1589877898662,-82.,56.25));
#16774=CARTESIAN_POINT('Ctrl Pts',(74.8410122101338,-82.,56.25));
#16775=CARTESIAN_POINT('Ctrl Pts',(74.6727044884045,-82.013842947557,56.2178334734283));
#16776=CARTESIAN_POINT('Ctrl Pts',(74.3652460256665,-82.0637875277828,56.0896458410237));
#16777=CARTESIAN_POINT('Ctrl Pts',(74.2259578697274,-82.0992982268851,55.9937248226937));
#16778=CARTESIAN_POINT('Ctrl Pts',(74.0061422846957,-82.1670702750722,55.773909237662));
#16779=CARTESIAN_POINT('Ctrl Pts',(73.9103215940416,-82.2040357622083,55.6346706079298));
#16780=CARTESIAN_POINT('Ctrl Pts',(73.7822113622442,-82.2574088447149,55.3274083088824));
#16781=CARTESIAN_POINT('Ctrl Pts',(73.75,-82.2728219713411,55.1591801427749));
#16782=CARTESIAN_POINT('Ctrl Pts',(73.75,-82.2728219713411,55.));
#16783=CARTESIAN_POINT('Origin',(75.,0.,20.));
#16784=CARTESIAN_POINT('',(73.75,-87.7271780286589,20.));
#16785=CARTESIAN_POINT('Ctrl Pts',(73.75,-87.7271780286589,20.));
#16786=CARTESIAN_POINT('Ctrl Pts',(73.75,-87.7271780286589,20.159180142775));
#16787=CARTESIAN_POINT('Ctrl Pts',(73.7822113622442,-87.7425911552851,20.3274083088824));
#16788=CARTESIAN_POINT('Ctrl Pts',(73.9103215940416,-87.7959642377917,20.6346706079299));
#16789=CARTESIAN_POINT('Ctrl Pts',(74.0061422846957,-87.8329297249278,20.773909237662));
#16790=CARTESIAN_POINT('Ctrl Pts',(74.2259578697274,-87.9007017731149,20.9937248226937));
#16791=CARTESIAN_POINT('Ctrl Pts',(74.3652460256665,-87.9362124722172,21.0896458410237));
#16792=CARTESIAN_POINT('Ctrl Pts',(74.6727044884046,-87.9861570524429,21.2178334734283));
#16793=CARTESIAN_POINT('Ctrl Pts',(74.8410122101338,-88.,21.25));
#16794=CARTESIAN_POINT('Ctrl Pts',(75.1589877898662,-88.,21.25));
#16795=CARTESIAN_POINT('Ctrl Pts',(75.3272955115955,-87.9861570524429,21.2178334734283));
#16796=CARTESIAN_POINT('Ctrl Pts',(75.6347539743335,-87.9362124722172,21.0896458410237));
#16797=CARTESIAN_POINT('Ctrl Pts',(75.7740421302726,-87.9007017731149,20.9937248226937));
#16798=CARTESIAN_POINT('Ctrl Pts',(75.9938577153043,-87.8329297249278,20.773909237662));
#16799=CARTESIAN_POINT('Ctrl Pts',(76.0896784059584,-87.7959642377917,20.6346706079299));
#16800=CARTESIAN_POINT('Ctrl Pts',(76.2177886377558,-87.7425911552851,20.3274083088824));
#16801=CARTESIAN_POINT('Ctrl Pts',(76.25,-87.7271780286589,20.159180142775));
#16802=CARTESIAN_POINT('Ctrl Pts',(76.25,-87.7271780286589,19.840819857225));
#16803=CARTESIAN_POINT('Ctrl Pts',(76.2177886377558,-87.7425911552851,19.6725916911176));
#16804=CARTESIAN_POINT('Ctrl Pts',(76.0896784059584,-87.7959642377917,19.3653293920701));
#16805=CARTESIAN_POINT('Ctrl Pts',(75.9938577153043,-87.8329297249278,19.226090762338));
#16806=CARTESIAN_POINT('Ctrl Pts',(75.7740421302726,-87.9007017731149,19.0062751773063));
#16807=CARTESIAN_POINT('Ctrl Pts',(75.6347539743335,-87.9362124722172,18.9103541589763));
#16808=CARTESIAN_POINT('Ctrl Pts',(75.3272955115955,-87.9861570524429,18.7821665265717));
#16809=CARTESIAN_POINT('Ctrl Pts',(75.1589877898662,-88.,18.75));
#16810=CARTESIAN_POINT('Ctrl Pts',(74.8410122101338,-88.,18.75));
#16811=CARTESIAN_POINT('Ctrl Pts',(74.6727044884045,-87.9861570524429,18.7821665265717));
#16812=CARTESIAN_POINT('Ctrl Pts',(74.3652460256665,-87.9362124722172,18.9103541589763));
#16813=CARTESIAN_POINT('Ctrl Pts',(74.2259578697274,-87.9007017731149,19.0062751773063));
#16814=CARTESIAN_POINT('Ctrl Pts',(74.0061422846957,-87.8329297249278,19.226090762338));
#16815=CARTESIAN_POINT('Ctrl Pts',(73.9103215940416,-87.7959642377917,19.3653293920701));
#16816=CARTESIAN_POINT('Ctrl Pts',(73.7822113622442,-87.7425911552851,19.6725916911176));
#16817=CARTESIAN_POINT('Ctrl Pts',(73.75,-87.7271780286589,19.840819857225));
#16818=CARTESIAN_POINT('Ctrl Pts',(73.75,-87.7271780286589,20.));
#16819=CARTESIAN_POINT('',(73.75,-82.2728219713411,20.));
#16820=CARTESIAN_POINT('',(73.75,0.,20.));
#16821=CARTESIAN_POINT('Ctrl Pts',(73.75,-82.2728219713411,20.));
#16822=CARTESIAN_POINT('Ctrl Pts',(73.75,-82.2728219713411,19.840819857225));
#16823=CARTESIAN_POINT('Ctrl Pts',(73.7822113622442,-82.2574088447149,19.6725916911176));
#16824=CARTESIAN_POINT('Ctrl Pts',(73.9103215940416,-82.2040357622083,19.3653293920701));
#16825=CARTESIAN_POINT('Ctrl Pts',(74.0061422846957,-82.1670702750722,19.226090762338));
#16826=CARTESIAN_POINT('Ctrl Pts',(74.2259578697274,-82.0992982268851,19.0062751773063));
#16827=CARTESIAN_POINT('Ctrl Pts',(74.3652460256665,-82.0637875277828,18.9103541589763));
#16828=CARTESIAN_POINT('Ctrl Pts',(74.6727044884046,-82.0138429475571,18.7821665265717));
#16829=CARTESIAN_POINT('Ctrl Pts',(74.8410122101338,-82.,18.75));
#16830=CARTESIAN_POINT('Ctrl Pts',(75.1589877898662,-82.,18.75));
#16831=CARTESIAN_POINT('Ctrl Pts',(75.3272955115955,-82.0138429475571,18.7821665265717));
#16832=CARTESIAN_POINT('Ctrl Pts',(75.6347539743335,-82.0637875277828,18.9103541589763));
#16833=CARTESIAN_POINT('Ctrl Pts',(75.7740421302726,-82.0992982268851,19.0062751773063));
#16834=CARTESIAN_POINT('Ctrl Pts',(75.9938577153043,-82.1670702750722,19.226090762338));
#16835=CARTESIAN_POINT('Ctrl Pts',(76.0896784059584,-82.2040357622083,19.3653293920701));
#16836=CARTESIAN_POINT('Ctrl Pts',(76.2177886377558,-82.2574088447149,19.6725916911176));
#16837=CARTESIAN_POINT('Ctrl Pts',(76.25,-82.2728219713411,19.840819857225));
#16838=CARTESIAN_POINT('Ctrl Pts',(76.25,-82.2728219713411,20.159180142775));
#16839=CARTESIAN_POINT('Ctrl Pts',(76.2177886377558,-82.2574088447149,20.3274083088824));
#16840=CARTESIAN_POINT('Ctrl Pts',(76.0896784059584,-82.2040357622083,20.6346706079299));
#16841=CARTESIAN_POINT('Ctrl Pts',(75.9938577153043,-82.1670702750722,20.773909237662));
#16842=CARTESIAN_POINT('Ctrl Pts',(75.7740421302726,-82.0992982268851,20.9937248226937));
#16843=CARTESIAN_POINT('Ctrl Pts',(75.6347539743335,-82.0637875277828,21.0896458410237));
#16844=CARTESIAN_POINT('Ctrl Pts',(75.3272955115955,-82.0138429475571,21.2178334734283));
#16845=CARTESIAN_POINT('Ctrl Pts',(75.1589877898662,-82.,21.25));
#16846=CARTESIAN_POINT('Ctrl Pts',(74.8410122101338,-82.,21.25));
#16847=CARTESIAN_POINT('Ctrl Pts',(74.6727044884045,-82.0138429475571,21.2178334734283));
#16848=CARTESIAN_POINT('Ctrl Pts',(74.3652460256665,-82.0637875277828,21.0896458410237));
#16849=CARTESIAN_POINT('Ctrl Pts',(74.2259578697274,-82.0992982268851,20.9937248226937));
#16850=CARTESIAN_POINT('Ctrl Pts',(74.0061422846957,-82.1670702750722,20.773909237662));
#16851=CARTESIAN_POINT('Ctrl Pts',(73.9103215940416,-82.2040357622083,20.6346706079299));
#16852=CARTESIAN_POINT('Ctrl Pts',(73.7822113622442,-82.2574088447149,20.3274083088824));
#16853=CARTESIAN_POINT('Ctrl Pts',(73.75,-82.2728219713411,20.159180142775));
#16854=CARTESIAN_POINT('Ctrl Pts',(73.75,-82.2728219713411,20.));
#16855=CARTESIAN_POINT('Origin',(0.,-85.,44.));
#16856=CARTESIAN_POINT('',(72.2728219713411,-83.75,44.));
#16857=CARTESIAN_POINT('',(72.,-85.,45.25));
#16858=CARTESIAN_POINT('Ctrl Pts',(72.2728219713411,-83.75,44.));
#16859=CARTESIAN_POINT('Ctrl Pts',(72.2728219713411,-83.75,44.159180142775));
#16860=CARTESIAN_POINT('Ctrl Pts',(72.2574088447149,-83.7822113622442,44.3274083088824));
#16861=CARTESIAN_POINT('Ctrl Pts',(72.2040357622083,-83.9103215940416,44.6346706079299));
#16862=CARTESIAN_POINT('Ctrl Pts',(72.1670702750722,-84.0061422846957,44.773909237662));
#16863=CARTESIAN_POINT('Ctrl Pts',(72.0992982268851,-84.2259578697274,44.9937248226937));
#16864=CARTESIAN_POINT('Ctrl Pts',(72.0637875277828,-84.3652460256665,45.0896458410237));
#16865=CARTESIAN_POINT('Ctrl Pts',(72.0138429475571,-84.6727044884045,45.2178334734283));
#16866=CARTESIAN_POINT('Ctrl Pts',(72.,-84.8410122101338,45.25));
#16867=CARTESIAN_POINT('Ctrl Pts',(72.,-85.,45.25));
#16868=CARTESIAN_POINT('',(72.,-85.,42.75));
#16869=CARTESIAN_POINT('Ctrl Pts',(72.,-85.,42.75));
#16870=CARTESIAN_POINT('Ctrl Pts',(72.,-84.8410122101338,42.75));
#16871=CARTESIAN_POINT('Ctrl Pts',(72.0138429475571,-84.6727044884045,42.7821665265717));
#16872=CARTESIAN_POINT('Ctrl Pts',(72.0637875277828,-84.3652460256665,42.9103541589763));
#16873=CARTESIAN_POINT('Ctrl Pts',(72.0992982268851,-84.2259578697274,43.0062751773063));
#16874=CARTESIAN_POINT('Ctrl Pts',(72.1670702750722,-84.0061422846957,43.226090762338));
#16875=CARTESIAN_POINT('Ctrl Pts',(72.2040357622083,-83.9103215940416,43.3653293920701));
#16876=CARTESIAN_POINT('Ctrl Pts',(72.2574088447149,-83.7822113622442,43.6725916911176));
#16877=CARTESIAN_POINT('Ctrl Pts',(72.2728219713411,-83.75,43.8408198572251));
#16878=CARTESIAN_POINT('Ctrl Pts',(72.2728219713411,-83.75,44.));
#16879=CARTESIAN_POINT('Ctrl Pts',(72.,-85.,45.25));
#16880=CARTESIAN_POINT('Ctrl Pts',(72.,-85.1589877898662,45.25));
#16881=CARTESIAN_POINT('Ctrl Pts',(72.0138429475571,-85.3272955115955,45.2178334734283));
#16882=CARTESIAN_POINT('Ctrl Pts',(72.0637875277828,-85.6347539743335,45.0896458410237));
#16883=CARTESIAN_POINT('Ctrl Pts',(72.0992982268851,-85.7740421302726,44.9937248226937));
#16884=CARTESIAN_POINT('Ctrl Pts',(72.1670702750722,-85.9938577153043,44.773909237662));
#16885=CARTESIAN_POINT('Ctrl Pts',(72.2040357622083,-86.0896784059584,44.6346706079299));
#16886=CARTESIAN_POINT('Ctrl Pts',(72.2574088447149,-86.2177886377558,44.3274083088824));
#16887=CARTESIAN_POINT('Ctrl Pts',(72.2728219713411,-86.25,44.159180142775));
#16888=CARTESIAN_POINT('Ctrl Pts',(72.2728219713411,-86.25,43.8408198572251));
#16889=CARTESIAN_POINT('Ctrl Pts',(72.2574088447149,-86.2177886377558,43.6725916911176));
#16890=CARTESIAN_POINT('Ctrl Pts',(72.2040357622083,-86.0896784059584,43.3653293920701));
#16891=CARTESIAN_POINT('Ctrl Pts',(72.1670702750722,-85.9938577153043,43.226090762338));
#16892=CARTESIAN_POINT('Ctrl Pts',(72.0992982268851,-85.7740421302726,43.0062751773063));
#16893=CARTESIAN_POINT('Ctrl Pts',(72.0637875277828,-85.6347539743335,42.9103541589763));
#16894=CARTESIAN_POINT('Ctrl Pts',(72.0138429475571,-85.3272955115955,42.7821665265717));
#16895=CARTESIAN_POINT('Ctrl Pts',(72.,-85.1589877898662,42.75));
#16896=CARTESIAN_POINT('Ctrl Pts',(72.,-85.,42.75));
#16897=CARTESIAN_POINT('',(78.,-85.,45.25));
#16898=CARTESIAN_POINT('',(0.,-85.,45.25));
#16899=CARTESIAN_POINT('',(77.7271780286589,-83.75,44.));
#16900=CARTESIAN_POINT('Ctrl Pts',(77.7271780286589,-83.75,44.));
#16901=CARTESIAN_POINT('Ctrl Pts',(77.7271780286589,-83.75,43.8408198572251));
#16902=CARTESIAN_POINT('Ctrl Pts',(77.7425911552851,-83.7822113622442,43.6725916911176));
#16903=CARTESIAN_POINT('Ctrl Pts',(77.7959642377917,-83.9103215940416,43.3653293920701));
#16904=CARTESIAN_POINT('Ctrl Pts',(77.8329297249278,-84.0061422846957,43.226090762338));
#16905=CARTESIAN_POINT('Ctrl Pts',(77.9007017731149,-84.2259578697274,43.0062751773063));
#16906=CARTESIAN_POINT('Ctrl Pts',(77.9362124722172,-84.3652460256665,42.9103541589763));
#16907=CARTESIAN_POINT('Ctrl Pts',(77.9861570524429,-84.6727044884045,42.7821665265717));
#16908=CARTESIAN_POINT('Ctrl Pts',(78.,-84.8410122101338,42.75));
#16909=CARTESIAN_POINT('Ctrl Pts',(78.,-85.1589877898662,42.75));
#16910=CARTESIAN_POINT('Ctrl Pts',(77.9861570524429,-85.3272955115955,42.7821665265717));
#16911=CARTESIAN_POINT('Ctrl Pts',(77.9362124722172,-85.6347539743335,42.9103541589763));
#16912=CARTESIAN_POINT('Ctrl Pts',(77.9007017731149,-85.7740421302726,43.0062751773063));
#16913=CARTESIAN_POINT('Ctrl Pts',(77.8329297249278,-85.9938577153043,43.226090762338));
#16914=CARTESIAN_POINT('Ctrl Pts',(77.7959642377917,-86.0896784059584,43.3653293920701));
#16915=CARTESIAN_POINT('Ctrl Pts',(77.7425911552851,-86.2177886377558,43.6725916911176));
#16916=CARTESIAN_POINT('Ctrl Pts',(77.7271780286589,-86.25,43.8408198572251));
#16917=CARTESIAN_POINT('Ctrl Pts',(77.7271780286589,-86.25,44.159180142775));
#16918=CARTESIAN_POINT('Ctrl Pts',(77.7425911552851,-86.2177886377558,44.3274083088824));
#16919=CARTESIAN_POINT('Ctrl Pts',(77.7959642377917,-86.0896784059584,44.6346706079299));
#16920=CARTESIAN_POINT('Ctrl Pts',(77.8329297249278,-85.9938577153043,44.773909237662));
#16921=CARTESIAN_POINT('Ctrl Pts',(77.9007017731149,-85.7740421302726,44.9937248226937));
#16922=CARTESIAN_POINT('Ctrl Pts',(77.9362124722172,-85.6347539743335,45.0896458410237));
#16923=CARTESIAN_POINT('Ctrl Pts',(77.9861570524429,-85.3272955115955,45.2178334734283));
#16924=CARTESIAN_POINT('Ctrl Pts',(78.,-85.1589877898662,45.25));
#16925=CARTESIAN_POINT('Ctrl Pts',(78.,-85.,45.25));
#16926=CARTESIAN_POINT('Ctrl Pts',(78.,-85.,45.25));
#16927=CARTESIAN_POINT('Ctrl Pts',(78.,-84.8410122101338,45.25));
#16928=CARTESIAN_POINT('Ctrl Pts',(77.9861570524429,-84.6727044884045,45.2178334734283));
#16929=CARTESIAN_POINT('Ctrl Pts',(77.9362124722172,-84.3652460256665,45.0896458410237));
#16930=CARTESIAN_POINT('Ctrl Pts',(77.9007017731149,-84.2259578697274,44.9937248226937));
#16931=CARTESIAN_POINT('Ctrl Pts',(77.8329297249278,-84.0061422846957,44.773909237662));
#16932=CARTESIAN_POINT('Ctrl Pts',(77.7959642377917,-83.9103215940416,44.6346706079299));
#16933=CARTESIAN_POINT('Ctrl Pts',(77.7425911552851,-83.7822113622442,44.3274083088824));
#16934=CARTESIAN_POINT('Ctrl Pts',(77.7271780286589,-83.75,44.159180142775));
#16935=CARTESIAN_POINT('Ctrl Pts',(77.7271780286589,-83.75,44.));
#16936=CARTESIAN_POINT('Origin',(75.,-85.,83.));
#16937=CARTESIAN_POINT('',(73.75,-85.,83.));
#16938=CARTESIAN_POINT('Origin',(75.,-85.,83.));
#16939=CARTESIAN_POINT('',(73.75,-85.,73.));
#16940=CARTESIAN_POINT('',(73.75,-85.,83.));
#16941=CARTESIAN_POINT('Origin',(75.,-85.,73.));
#16942=CARTESIAN_POINT('Origin',(75.,-85.,73.));
#16943=CARTESIAN_POINT('Origin',(75.,-85.,5.));
#16944=CARTESIAN_POINT('',(73.75,-85.,5.));
#16945=CARTESIAN_POINT('Origin',(75.,-85.,5.));
#16946=CARTESIAN_POINT('',(73.75,-85.,15.));
#16947=CARTESIAN_POINT('',(73.75,-85.,5.));
#16948=CARTESIAN_POINT('Origin',(75.,-85.,15.));
#16949=CARTESIAN_POINT('Origin',(75.,-85.,15.));
#16950=CARTESIAN_POINT('Origin',(75.,-85.,5.));
#16951=CARTESIAN_POINT('',(72.,-85.,83.));
#16952=CARTESIAN_POINT('Origin',(75.,-85.,83.));
#16953=CARTESIAN_POINT('',(72.,-85.,5.));
#16954=CARTESIAN_POINT('',(72.,-85.,5.));
#16955=CARTESIAN_POINT('',(72.,-85.,5.));
#16956=CARTESIAN_POINT('Origin',(75.,-85.,5.));
#16957=CARTESIAN_POINT('Origin',(75.,-85.,83.));
#16958=CARTESIAN_POINT('Origin',(75.,-85.,5.));
#16959=CARTESIAN_POINT('Origin',(0.,-85.,44.));
#16960=CARTESIAN_POINT('',(-77.7271780286589,-83.75,44.));
#16961=CARTESIAN_POINT('',(-78.,-85.,45.25));
#16962=CARTESIAN_POINT('Ctrl Pts',(-77.7271780286589,-83.75,44.));
#16963=CARTESIAN_POINT('Ctrl Pts',(-77.7271780286589,-83.75,44.159180142775));
#16964=CARTESIAN_POINT('Ctrl Pts',(-77.7425911552851,-83.7822113622442,
44.3274083088824));
#16965=CARTESIAN_POINT('Ctrl Pts',(-77.7959642377917,-83.9103215940416,
44.6346706079299));
#16966=CARTESIAN_POINT('Ctrl Pts',(-77.8329297249278,-84.0061422846957,
44.773909237662));
#16967=CARTESIAN_POINT('Ctrl Pts',(-77.9007017731149,-84.2259578697274,
44.9937248226937));
#16968=CARTESIAN_POINT('Ctrl Pts',(-77.9362124722172,-84.3652460256665,
45.0896458410237));
#16969=CARTESIAN_POINT('Ctrl Pts',(-77.9861570524429,-84.6727044884045,
45.2178334734283));
#16970=CARTESIAN_POINT('Ctrl Pts',(-78.,-84.8410122101338,45.25));
#16971=CARTESIAN_POINT('Ctrl Pts',(-78.,-85.,45.25));
#16972=CARTESIAN_POINT('',(-78.,-85.,42.75));
#16973=CARTESIAN_POINT('Ctrl Pts',(-78.,-85.,42.75));
#16974=CARTESIAN_POINT('Ctrl Pts',(-78.,-84.8410122101338,42.75));
#16975=CARTESIAN_POINT('Ctrl Pts',(-77.9861570524429,-84.6727044884045,
42.7821665265717));
#16976=CARTESIAN_POINT('Ctrl Pts',(-77.9362124722172,-84.3652460256665,
42.9103541589763));
#16977=CARTESIAN_POINT('Ctrl Pts',(-77.9007017731149,-84.2259578697274,
43.0062751773063));
#16978=CARTESIAN_POINT('Ctrl Pts',(-77.8329297249278,-84.0061422846957,
43.226090762338));
#16979=CARTESIAN_POINT('Ctrl Pts',(-77.7959642377917,-83.9103215940416,
43.3653293920701));
#16980=CARTESIAN_POINT('Ctrl Pts',(-77.7425911552851,-83.7822113622442,
43.6725916911176));
#16981=CARTESIAN_POINT('Ctrl Pts',(-77.7271780286589,-83.75,43.8408198572251));
#16982=CARTESIAN_POINT('Ctrl Pts',(-77.7271780286589,-83.75,44.));
#16983=CARTESIAN_POINT('Ctrl Pts',(-78.,-85.,45.25));
#16984=CARTESIAN_POINT('Ctrl Pts',(-78.,-85.1589877898662,45.25));
#16985=CARTESIAN_POINT('Ctrl Pts',(-77.9861570524429,-85.3272955115955,
45.2178334734283));
#16986=CARTESIAN_POINT('Ctrl Pts',(-77.9362124722172,-85.6347539743335,
45.0896458410237));
#16987=CARTESIAN_POINT('Ctrl Pts',(-77.9007017731149,-85.7740421302726,
44.9937248226937));
#16988=CARTESIAN_POINT('Ctrl Pts',(-77.8329297249278,-85.9938577153043,
44.773909237662));
#16989=CARTESIAN_POINT('Ctrl Pts',(-77.7959642377917,-86.0896784059584,
44.6346706079299));
#16990=CARTESIAN_POINT('Ctrl Pts',(-77.7425911552851,-86.2177886377558,
44.3274083088824));
#16991=CARTESIAN_POINT('Ctrl Pts',(-77.7271780286589,-86.25,44.159180142775));
#16992=CARTESIAN_POINT('Ctrl Pts',(-77.7271780286589,-86.25,43.8408198572251));
#16993=CARTESIAN_POINT('Ctrl Pts',(-77.7425911552851,-86.2177886377558,
43.6725916911176));
#16994=CARTESIAN_POINT('Ctrl Pts',(-77.7959642377917,-86.0896784059584,
43.3653293920701));
#16995=CARTESIAN_POINT('Ctrl Pts',(-77.8329297249278,-85.9938577153043,
43.226090762338));
#16996=CARTESIAN_POINT('Ctrl Pts',(-77.9007017731149,-85.7740421302726,
43.0062751773063));
#16997=CARTESIAN_POINT('Ctrl Pts',(-77.9362124722172,-85.6347539743335,
42.9103541589763));
#16998=CARTESIAN_POINT('Ctrl Pts',(-77.9861570524429,-85.3272955115955,
42.7821665265717));
#16999=CARTESIAN_POINT('Ctrl Pts',(-78.,-85.1589877898662,42.75));
#17000=CARTESIAN_POINT('Ctrl Pts',(-78.,-85.,42.75));
#17001=CARTESIAN_POINT('',(-72.,-85.,45.25));
#17002=CARTESIAN_POINT('',(0.,-85.,45.25));
#17003=CARTESIAN_POINT('',(-72.2728219713411,-83.75,44.));
#17004=CARTESIAN_POINT('Ctrl Pts',(-72.2728219713411,-83.75,44.));
#17005=CARTESIAN_POINT('Ctrl Pts',(-72.2728219713411,-83.75,43.8408198572251));
#17006=CARTESIAN_POINT('Ctrl Pts',(-72.2574088447149,-83.7822113622442,
43.6725916911176));
#17007=CARTESIAN_POINT('Ctrl Pts',(-72.2040357622083,-83.9103215940416,
43.3653293920701));
#17008=CARTESIAN_POINT('Ctrl Pts',(-72.1670702750722,-84.0061422846957,
43.226090762338));
#17009=CARTESIAN_POINT('Ctrl Pts',(-72.0992982268851,-84.2259578697274,
43.0062751773063));
#17010=CARTESIAN_POINT('Ctrl Pts',(-72.0637875277828,-84.3652460256665,
42.9103541589763));
#17011=CARTESIAN_POINT('Ctrl Pts',(-72.0138429475571,-84.6727044884045,
42.7821665265717));
#17012=CARTESIAN_POINT('Ctrl Pts',(-72.,-84.8410122101338,42.75));
#17013=CARTESIAN_POINT('Ctrl Pts',(-72.,-85.1589877898662,42.75));
#17014=CARTESIAN_POINT('Ctrl Pts',(-72.0138429475571,-85.3272955115955,
42.7821665265717));
#17015=CARTESIAN_POINT('Ctrl Pts',(-72.0637875277828,-85.6347539743335,
42.9103541589763));
#17016=CARTESIAN_POINT('Ctrl Pts',(-72.0992982268851,-85.7740421302726,
43.0062751773063));
#17017=CARTESIAN_POINT('Ctrl Pts',(-72.1670702750722,-85.9938577153043,
43.226090762338));
#17018=CARTESIAN_POINT('Ctrl Pts',(-72.2040357622083,-86.0896784059584,
43.3653293920701));
#17019=CARTESIAN_POINT('Ctrl Pts',(-72.2574088447149,-86.2177886377558,
43.6725916911176));
#17020=CARTESIAN_POINT('Ctrl Pts',(-72.2728219713411,-86.25,43.8408198572251));
#17021=CARTESIAN_POINT('Ctrl Pts',(-72.2728219713411,-86.25,44.159180142775));
#17022=CARTESIAN_POINT('Ctrl Pts',(-72.2574088447149,-86.2177886377558,
44.3274083088824));
#17023=CARTESIAN_POINT('Ctrl Pts',(-72.2040357622083,-86.0896784059584,
44.6346706079299));
#17024=CARTESIAN_POINT('Ctrl Pts',(-72.1670702750722,-85.9938577153043,
44.773909237662));
#17025=CARTESIAN_POINT('Ctrl Pts',(-72.0992982268851,-85.7740421302726,
44.9937248226937));
#17026=CARTESIAN_POINT('Ctrl Pts',(-72.0637875277828,-85.6347539743335,
45.0896458410237));
#17027=CARTESIAN_POINT('Ctrl Pts',(-72.0138429475571,-85.3272955115955,
45.2178334734283));
#17028=CARTESIAN_POINT('Ctrl Pts',(-72.,-85.1589877898662,45.25));
#17029=CARTESIAN_POINT('Ctrl Pts',(-72.,-85.,45.25));
#17030=CARTESIAN_POINT('Ctrl Pts',(-72.,-85.,45.25));
#17031=CARTESIAN_POINT('Ctrl Pts',(-72.,-84.8410122101338,45.25));
#17032=CARTESIAN_POINT('Ctrl Pts',(-72.0138429475571,-84.6727044884045,
45.2178334734283));
#17033=CARTESIAN_POINT('Ctrl Pts',(-72.0637875277828,-84.3652460256665,
45.0896458410237));
#17034=CARTESIAN_POINT('Ctrl Pts',(-72.0992982268851,-84.2259578697274,
44.9937248226937));
#17035=CARTESIAN_POINT('Ctrl Pts',(-72.1670702750722,-84.0061422846957,
44.773909237662));
#17036=CARTESIAN_POINT('Ctrl Pts',(-72.2040357622083,-83.9103215940416,
44.6346706079299));
#17037=CARTESIAN_POINT('Ctrl Pts',(-72.2574088447149,-83.7822113622442,
44.3274083088824));
#17038=CARTESIAN_POINT('Ctrl Pts',(-72.2728219713411,-83.75,44.159180142775));
#17039=CARTESIAN_POINT('Ctrl Pts',(-72.2728219713411,-83.75,44.));
#17040=CARTESIAN_POINT('Origin',(-75.,-85.,83.));
#17041=CARTESIAN_POINT('',(-76.25,-85.,83.));
#17042=CARTESIAN_POINT('Origin',(-75.,-85.,83.));
#17043=CARTESIAN_POINT('',(-76.25,-85.,73.));
#17044=CARTESIAN_POINT('',(-76.25,-85.,83.));
#17045=CARTESIAN_POINT('Origin',(-75.,-85.,73.));
#17046=CARTESIAN_POINT('Origin',(-75.,-85.,73.));
#17047=CARTESIAN_POINT('Origin',(-75.,-85.,5.));
#17048=CARTESIAN_POINT('',(-76.25,-85.,5.));
#17049=CARTESIAN_POINT('Origin',(-75.,-85.,5.));
#17050=CARTESIAN_POINT('',(-76.25,-85.,15.));
#17051=CARTESIAN_POINT('',(-76.25,-85.,5.));
#17052=CARTESIAN_POINT('Origin',(-75.,-85.,15.));
#17053=CARTESIAN_POINT('Origin',(-75.,-85.,15.));
#17054=CARTESIAN_POINT('Origin',(-75.,-85.,5.));
#17055=CARTESIAN_POINT('',(-78.,-85.,83.));
#17056=CARTESIAN_POINT('Origin',(-75.,-85.,83.));
#17057=CARTESIAN_POINT('',(-78.,-85.,5.));
#17058=CARTESIAN_POINT('',(-78.,-85.,5.));
#17059=CARTESIAN_POINT('',(-78.,-85.,5.));
#17060=CARTESIAN_POINT('Origin',(-75.,-85.,5.));
#17061=CARTESIAN_POINT('Origin',(-75.,-85.,83.));
#17062=CARTESIAN_POINT('Origin',(-75.,-85.,5.));
#17063=CARTESIAN_POINT('Origin',(0.,35.,44.));
#17064=CARTESIAN_POINT('',(72.2728219713411,36.25,44.));
#17065=CARTESIAN_POINT('',(72.,35.,45.25));
#17066=CARTESIAN_POINT('Ctrl Pts',(72.2728219713411,36.25,44.));
#17067=CARTESIAN_POINT('Ctrl Pts',(72.2728219713411,36.25,44.159180142775));
#17068=CARTESIAN_POINT('Ctrl Pts',(72.2574088447149,36.2177886377558,44.3274083088824));
#17069=CARTESIAN_POINT('Ctrl Pts',(72.2040357622083,36.0896784059584,44.6346706079299));
#17070=CARTESIAN_POINT('Ctrl Pts',(72.1670702750722,35.9938577153043,44.773909237662));
#17071=CARTESIAN_POINT('Ctrl Pts',(72.0992982268851,35.7740421302726,44.9937248226937));
#17072=CARTESIAN_POINT('Ctrl Pts',(72.0637875277828,35.6347539743335,45.0896458410237));
#17073=CARTESIAN_POINT('Ctrl Pts',(72.0138429475571,35.3272955115955,45.2178334734283));
#17074=CARTESIAN_POINT('Ctrl Pts',(72.,35.1589877898662,45.25));
#17075=CARTESIAN_POINT('Ctrl Pts',(72.,35.,45.25));
#17076=CARTESIAN_POINT('',(72.,35.,42.75));
#17077=CARTESIAN_POINT('Ctrl Pts',(72.,35.,42.75));
#17078=CARTESIAN_POINT('Ctrl Pts',(72.,35.1589877898662,42.75));
#17079=CARTESIAN_POINT('Ctrl Pts',(72.0138429475571,35.3272955115954,42.7821665265717));
#17080=CARTESIAN_POINT('Ctrl Pts',(72.0637875277828,35.6347539743335,42.9103541589763));
#17081=CARTESIAN_POINT('Ctrl Pts',(72.0992982268851,35.7740421302726,43.0062751773063));
#17082=CARTESIAN_POINT('Ctrl Pts',(72.1670702750722,35.9938577153043,43.226090762338));
#17083=CARTESIAN_POINT('Ctrl Pts',(72.2040357622083,36.0896784059584,43.3653293920701));
#17084=CARTESIAN_POINT('Ctrl Pts',(72.2574088447149,36.2177886377558,43.6725916911176));
#17085=CARTESIAN_POINT('Ctrl Pts',(72.2728219713411,36.25,43.840819857225));
#17086=CARTESIAN_POINT('Ctrl Pts',(72.2728219713411,36.25,44.));
#17087=CARTESIAN_POINT('Ctrl Pts',(72.,35.,45.25));
#17088=CARTESIAN_POINT('Ctrl Pts',(72.,34.8410122101338,45.25));
#17089=CARTESIAN_POINT('Ctrl Pts',(72.0138429475571,34.6727044884045,45.2178334734283));
#17090=CARTESIAN_POINT('Ctrl Pts',(72.0637875277828,34.3652460256665,45.0896458410237));
#17091=CARTESIAN_POINT('Ctrl Pts',(72.0992982268851,34.2259578697274,44.9937248226937));
#17092=CARTESIAN_POINT('Ctrl Pts',(72.1670702750722,34.0061422846957,44.773909237662));
#17093=CARTESIAN_POINT('Ctrl Pts',(72.2040357622083,33.9103215940416,44.6346706079299));
#17094=CARTESIAN_POINT('Ctrl Pts',(72.2574088447149,33.7822113622442,44.3274083088824));
#17095=CARTESIAN_POINT('Ctrl Pts',(72.2728219713411,33.75,44.159180142775));
#17096=CARTESIAN_POINT('Ctrl Pts',(72.2728219713411,33.75,43.8408198572251));
#17097=CARTESIAN_POINT('Ctrl Pts',(72.2574088447149,33.7822113622442,43.6725916911176));
#17098=CARTESIAN_POINT('Ctrl Pts',(72.2040357622083,33.9103215940416,43.3653293920702));
#17099=CARTESIAN_POINT('Ctrl Pts',(72.1670702750722,34.0061422846957,43.226090762338));
#17100=CARTESIAN_POINT('Ctrl Pts',(72.0992982268851,34.2259578697274,43.0062751773063));
#17101=CARTESIAN_POINT('Ctrl Pts',(72.0637875277828,34.3652460256665,42.9103541589763));
#17102=CARTESIAN_POINT('Ctrl Pts',(72.0138429475571,34.6727044884045,42.7821665265717));
#17103=CARTESIAN_POINT('Ctrl Pts',(72.,34.8410122101338,42.75));
#17104=CARTESIAN_POINT('Ctrl Pts',(72.,35.,42.75));
#17105=CARTESIAN_POINT('',(78.,35.,45.25));
#17106=CARTESIAN_POINT('',(0.,35.,45.25));
#17107=CARTESIAN_POINT('',(77.7271780286589,36.25,44.));
#17108=CARTESIAN_POINT('Ctrl Pts',(77.7271780286589,36.25,44.));
#17109=CARTESIAN_POINT('Ctrl Pts',(77.7271780286589,36.25,43.840819857225));
#17110=CARTESIAN_POINT('Ctrl Pts',(77.7425911552851,36.2177886377558,43.6725916911176));
#17111=CARTESIAN_POINT('Ctrl Pts',(77.7959642377917,36.0896784059584,43.3653293920701));
#17112=CARTESIAN_POINT('Ctrl Pts',(77.8329297249278,35.9938577153043,43.226090762338));
#17113=CARTESIAN_POINT('Ctrl Pts',(77.9007017731149,35.7740421302726,43.0062751773063));
#17114=CARTESIAN_POINT('Ctrl Pts',(77.9362124722172,35.6347539743335,42.9103541589763));
#17115=CARTESIAN_POINT('Ctrl Pts',(77.9861570524429,35.3272955115955,42.7821665265717));
#17116=CARTESIAN_POINT('Ctrl Pts',(78.,35.1589877898662,42.75));
#17117=CARTESIAN_POINT('Ctrl Pts',(78.,34.8410122101338,42.75));
#17118=CARTESIAN_POINT('Ctrl Pts',(77.9861570524429,34.6727044884046,42.7821665265717));
#17119=CARTESIAN_POINT('Ctrl Pts',(77.9362124722172,34.3652460256665,42.9103541589763));
#17120=CARTESIAN_POINT('Ctrl Pts',(77.9007017731149,34.2259578697274,43.0062751773063));
#17121=CARTESIAN_POINT('Ctrl Pts',(77.8329297249278,34.0061422846957,43.226090762338));
#17122=CARTESIAN_POINT('Ctrl Pts',(77.7959642377917,33.9103215940416,43.3653293920702));
#17123=CARTESIAN_POINT('Ctrl Pts',(77.7425911552851,33.7822113622442,43.6725916911176));
#17124=CARTESIAN_POINT('Ctrl Pts',(77.7271780286589,33.75,43.8408198572251));
#17125=CARTESIAN_POINT('Ctrl Pts',(77.7271780286589,33.75,44.159180142775));
#17126=CARTESIAN_POINT('Ctrl Pts',(77.7425911552851,33.7822113622442,44.3274083088824));
#17127=CARTESIAN_POINT('Ctrl Pts',(77.7959642377917,33.9103215940416,44.6346706079299));
#17128=CARTESIAN_POINT('Ctrl Pts',(77.8329297249278,34.0061422846957,44.773909237662));
#17129=CARTESIAN_POINT('Ctrl Pts',(77.9007017731149,34.2259578697274,44.9937248226937));
#17130=CARTESIAN_POINT('Ctrl Pts',(77.9362124722172,34.3652460256665,45.0896458410237));
#17131=CARTESIAN_POINT('Ctrl Pts',(77.986157052443,34.6727044884045,45.2178334734283));
#17132=CARTESIAN_POINT('Ctrl Pts',(78.,34.8410122101338,45.25));
#17133=CARTESIAN_POINT('Ctrl Pts',(78.,35.,45.25));
#17134=CARTESIAN_POINT('Ctrl Pts',(78.,35.,45.25));
#17135=CARTESIAN_POINT('Ctrl Pts',(78.,35.1589877898662,45.25));
#17136=CARTESIAN_POINT('Ctrl Pts',(77.9861570524429,35.3272955115954,45.2178334734283));
#17137=CARTESIAN_POINT('Ctrl Pts',(77.9362124722172,35.6347539743335,45.0896458410237));
#17138=CARTESIAN_POINT('Ctrl Pts',(77.9007017731149,35.7740421302726,44.9937248226937));
#17139=CARTESIAN_POINT('Ctrl Pts',(77.8329297249278,35.9938577153043,44.773909237662));
#17140=CARTESIAN_POINT('Ctrl Pts',(77.7959642377917,36.0896784059584,44.6346706079299));
#17141=CARTESIAN_POINT('Ctrl Pts',(77.7425911552851,36.2177886377558,44.3274083088824));
#17142=CARTESIAN_POINT('Ctrl Pts',(77.7271780286589,36.25,44.159180142775));
#17143=CARTESIAN_POINT('Ctrl Pts',(77.7271780286589,36.25,44.));
#17144=CARTESIAN_POINT('Origin',(75.,35.,83.));
#17145=CARTESIAN_POINT('',(73.75,35.,83.));
#17146=CARTESIAN_POINT('Origin',(75.,35.,83.));
#17147=CARTESIAN_POINT('',(73.75,35.,73.));
#17148=CARTESIAN_POINT('',(73.75,35.,83.));
#17149=CARTESIAN_POINT('Origin',(75.,35.,73.));
#17150=CARTESIAN_POINT('Origin',(75.,35.,73.));
#17151=CARTESIAN_POINT('Origin',(75.,35.,5.));
#17152=CARTESIAN_POINT('',(73.75,35.,5.));
#17153=CARTESIAN_POINT('Origin',(75.,35.,5.));
#17154=CARTESIAN_POINT('',(73.75,35.,15.));
#17155=CARTESIAN_POINT('',(73.75,35.,5.));
#17156=CARTESIAN_POINT('Origin',(75.,35.,15.));
#17157=CARTESIAN_POINT('Origin',(75.,35.,15.));
#17158=CARTESIAN_POINT('Origin',(75.,35.,5.));
#17159=CARTESIAN_POINT('',(72.,35.,83.));
#17160=CARTESIAN_POINT('Origin',(75.,35.,83.));
#17161=CARTESIAN_POINT('',(72.,35.,5.));
#17162=CARTESIAN_POINT('',(72.,35.,5.));
#17163=CARTESIAN_POINT('',(72.,35.,5.));
#17164=CARTESIAN_POINT('Origin',(75.,35.,5.));
#17165=CARTESIAN_POINT('Origin',(75.,35.,83.));
#17166=CARTESIAN_POINT('Origin',(75.,35.,5.));
#17167=CARTESIAN_POINT('',(0.,0.,0.));
#17168=CARTESIAN_POINT('',(0.,0.,0.));
#17169=CARTESIAN_POINT('',(0.,0.,0.));
#17170=CARTESIAN_POINT('',(0.,0.,0.));
#17171=CARTESIAN_POINT('',(0.,0.,0.));
#17172=CARTESIAN_POINT('',(0.,0.,0.));
#17173=CARTESIAN_POINT('',(0.,0.,0.));
#17174=CARTESIAN_POINT('',(0.,0.,0.));
#17175=CARTESIAN_POINT('',(0.,0.,0.));
#17176=CARTESIAN_POINT('Origin',(-80.1,-6.35,21.));
#17177=CARTESIAN_POINT('',(-80.,-6.35,22.7));
#17178=CARTESIAN_POINT('Origin',(-80.,-6.35,21.));
#17179=CARTESIAN_POINT('',(-67.2,-6.35,22.7));
#17180=CARTESIAN_POINT('',(-80.1,-6.35,22.7));
#17181=CARTESIAN_POINT('Origin',(-67.2,-6.35,21.));
#17182=CARTESIAN_POINT('Origin',(-80.1,6.35,21.));
#17183=CARTESIAN_POINT('',(-80.,6.35,22.7));
#17184=CARTESIAN_POINT('Origin',(-80.,6.35,21.));
#17185=CARTESIAN_POINT('',(-67.2,6.35,22.7));
#17186=CARTESIAN_POINT('',(-80.1,6.35,22.7));
#17187=CARTESIAN_POINT('Origin',(-67.2,6.35,21.));
#17188=CARTESIAN_POINT('Origin',(-72.2,0.,21.));
#17189=CARTESIAN_POINT('',(-72.2,-2.57175827820944E-16,23.1));
#17190=CARTESIAN_POINT('Origin',(-72.2,0.,21.));
#17191=CARTESIAN_POINT('',(-67.2,2.57175827820944E-16,23.1));
#17192=CARTESIAN_POINT('',(-72.2,-2.57175827820944E-16,23.1));
#17193=CARTESIAN_POINT('Origin',(-67.2,0.,21.));
#17194=CARTESIAN_POINT('Origin',(-72.2,0.,21.));
#17195=CARTESIAN_POINT('Origin',(-67.2,0.,21.));
#17196=CARTESIAN_POINT('',(-67.2,-9.91963907309356E-16,29.1));
#17197=CARTESIAN_POINT('Origin',(-67.2,0.,21.));
#17198=CARTESIAN_POINT('',(-61.,9.91963907309356E-16,29.1));
#17199=CARTESIAN_POINT('',(-67.2,-9.91963907309356E-16,29.1));
#17200=CARTESIAN_POINT('Origin',(-61.,0.,21.));
#17201=CARTESIAN_POINT('Origin',(-67.2,0.,21.));
#17202=CARTESIAN_POINT('Origin',(-80.,0.,21.));
#17203=CARTESIAN_POINT('',(-61.,-2.57175827820944E-15,42.));
#17204=CARTESIAN_POINT('Origin',(-61.,0.,21.));
#17205=CARTESIAN_POINT('',(-80.,-2.57175827820944E-15,42.));
#17206=CARTESIAN_POINT('',(-80.,-2.57175827820944E-15,42.));
#17207=CARTESIAN_POINT('Origin',(-80.,0.,21.));
#17208=CARTESIAN_POINT('Origin',(-61.,0.,21.));
#17209=CARTESIAN_POINT('Origin',(-80.,0.,21.));
#17210=CARTESIAN_POINT('',(0.,0.,0.));
#17211=CARTESIAN_POINT('Origin',(67.1,-6.35,21.));
#17212=CARTESIAN_POINT('',(67.2,-6.35,22.7));
#17213=CARTESIAN_POINT('Origin',(67.2,-6.35,21.));
#17214=CARTESIAN_POINT('',(80.,-6.35,22.7));
#17215=CARTESIAN_POINT('',(67.1,-6.35,22.7));
#17216=CARTESIAN_POINT('Origin',(80.,-6.35,21.));
#17217=CARTESIAN_POINT('Origin',(67.1,6.35,21.));
#17218=CARTESIAN_POINT('',(67.2,6.35,22.7));
#17219=CARTESIAN_POINT('Origin',(67.2,6.35,21.));
#17220=CARTESIAN_POINT('',(80.,6.35,22.7));
#17221=CARTESIAN_POINT('',(67.1,6.35,22.7));
#17222=CARTESIAN_POINT('Origin',(80.,6.35,21.));
#17223=CARTESIAN_POINT('Origin',(67.1,0.,21.));
#17224=CARTESIAN_POINT('',(67.2,-2.57175827820944E-16,23.1));
#17225=CARTESIAN_POINT('Origin',(67.2,0.,21.));
#17226=CARTESIAN_POINT('',(72.2,-2.57175827820944E-16,23.1));
#17227=CARTESIAN_POINT('',(67.1,-2.57175827820944E-16,23.1));
#17228=CARTESIAN_POINT('Origin',(72.2,0.,21.));
#17229=CARTESIAN_POINT('Origin',(72.2,0.,21.));
#17230=CARTESIAN_POINT('Origin',(60.8,0.,21.));
#17231=CARTESIAN_POINT('',(61.,-9.91963907309356E-16,29.1));
#17232=CARTESIAN_POINT('Origin',(61.,0.,21.));
#17233=CARTESIAN_POINT('',(67.2,-9.91963907309356E-16,29.1));
#17234=CARTESIAN_POINT('',(60.8,-9.91963907309356E-16,29.1));
#17235=CARTESIAN_POINT('Origin',(67.2,0.,21.));
#17236=CARTESIAN_POINT('Origin',(67.2,0.,21.));
#17237=CARTESIAN_POINT('Origin',(80.,0.,21.));
#17238=CARTESIAN_POINT('',(61.,-2.57175827820944E-15,42.));
#17239=CARTESIAN_POINT('Origin',(61.,0.,21.));
#17240=CARTESIAN_POINT('',(80.,-2.57175827820944E-15,42.));
#17241=CARTESIAN_POINT('',(80.,2.57175827820944E-15,42.));
#17242=CARTESIAN_POINT('Origin',(80.,0.,21.));
#17243=CARTESIAN_POINT('Origin',(80.,0.,21.));
#17244=CARTESIAN_POINT('Origin',(61.,0.,21.));
#17245=CARTESIAN_POINT('',(0.,0.,0.));
#17246=CARTESIAN_POINT('',(0.,0.,0.));
#17247=CARTESIAN_POINT('',(0.,0.,0.));
#17248=CARTESIAN_POINT('',(0.,0.,0.));
#17249=CARTESIAN_POINT('Origin',(52.,-20.5,34.6));
#17250=CARTESIAN_POINT('',(52.,-20.5,34.6));
#17251=CARTESIAN_POINT('',(-52.,-20.5,34.6));
#17252=CARTESIAN_POINT('',(52.,-20.5,34.6));
#17253=CARTESIAN_POINT('',(-52.,-20.5,61.6));
#17254=CARTESIAN_POINT('',(-52.,-20.5,34.6));
#17255=CARTESIAN_POINT('',(52.,-20.5,61.6));
#17256=CARTESIAN_POINT('',(52.,-20.5,61.6));
#17257=CARTESIAN_POINT('',(52.,-20.5,34.6));
#17258=CARTESIAN_POINT('Origin',(52.,-55.5,34.6));
#17259=CARTESIAN_POINT('',(52.,-55.5,34.6));
#17260=CARTESIAN_POINT('',(52.,-55.5,34.6));
#17261=CARTESIAN_POINT('',(52.,-55.5,61.6));
#17262=CARTESIAN_POINT('',(52.,-55.5,61.6));
#17263=CARTESIAN_POINT('',(52.,-55.5,34.6));
#17264=CARTESIAN_POINT('Origin',(-52.,-55.5,34.6));
#17265=CARTESIAN_POINT('',(-52.,-55.5,34.6));
#17266=CARTESIAN_POINT('',(-52.,-55.5,34.6));
#17267=CARTESIAN_POINT('',(-52.,-55.5,61.6));
#17268=CARTESIAN_POINT('',(-52.,-55.5,61.6));
#17269=CARTESIAN_POINT('',(-52.,-55.5,34.6));
#17270=CARTESIAN_POINT('Origin',(-52.,-20.5,34.6));
#17271=CARTESIAN_POINT('',(-52.,-20.5,34.6));
#17272=CARTESIAN_POINT('',(-52.,-20.5,61.6));
#17273=CARTESIAN_POINT('Origin',(0.,-38.,61.6));
#17274=CARTESIAN_POINT('Origin',(0.,-38.,34.6));
#17275=CARTESIAN_POINT('',(0.,0.,0.));
#17276=CARTESIAN_POINT('Origin',(-39.5,-41.5,7.));
#17277=CARTESIAN_POINT('',(-39.5,-41.5,7.));
#17278=CARTESIAN_POINT('',(-64.5,-41.5,7.));
#17279=CARTESIAN_POINT('',(-39.5,-41.5,7.));
#17280=CARTESIAN_POINT('',(-64.5,-41.5,22.));
#17281=CARTESIAN_POINT('',(-64.5,-41.5,7.));
#17282=CARTESIAN_POINT('',(-39.5,-41.5,22.));
#17283=CARTESIAN_POINT('',(-39.5,-41.5,22.));
#17284=CARTESIAN_POINT('',(-39.5,-41.5,7.));
#17285=CARTESIAN_POINT('Origin',(-39.5,-84.5,7.));
#17286=CARTESIAN_POINT('',(-39.5,-84.5,7.));
#17287=CARTESIAN_POINT('',(-39.5,-84.5,7.));
#17288=CARTESIAN_POINT('',(-39.5,-84.5,22.));
#17289=CARTESIAN_POINT('',(-39.5,-84.5,22.));
#17290=CARTESIAN_POINT('',(-39.5,-84.5,7.));
#17291=CARTESIAN_POINT('Origin',(-64.5,-84.5,7.));
#17292=CARTESIAN_POINT('',(-64.5,-84.5,7.));
#17293=CARTESIAN_POINT('',(-64.5,-84.5,7.));
#17294=CARTESIAN_POINT('',(-64.5,-84.5,22.));
#17295=CARTESIAN_POINT('',(-64.5,-84.5,22.));
#17296=CARTESIAN_POINT('',(-64.5,-84.5,7.));
#17297=CARTESIAN_POINT('Origin',(-64.5,-41.5,7.));
#17298=CARTESIAN_POINT('',(-64.5,-41.5,7.));
#17299=CARTESIAN_POINT('',(-64.5,-41.5,22.));
#17300=CARTESIAN_POINT('Origin',(-52.,-63.,22.));
#17301=CARTESIAN_POINT('Origin',(-52.,-63.,7.));
#17302=CARTESIAN_POINT('',(0.,0.,0.));
#17303=CARTESIAN_POINT('Origin',(74.5,-26.,7.));
#17304=CARTESIAN_POINT('',(74.5,-26.,7.));
#17305=CARTESIAN_POINT('',(57.5,-26.,7.));
#17306=CARTESIAN_POINT('',(74.5,-26.,7.));
#17307=CARTESIAN_POINT('',(57.5,-26.,17.));
#17308=CARTESIAN_POINT('',(57.5,-26.,7.));
#17309=CARTESIAN_POINT('',(74.5,-26.,17.));
#17310=CARTESIAN_POINT('',(74.5,-26.,17.));
#17311=CARTESIAN_POINT('',(74.5,-26.,7.));
#17312=CARTESIAN_POINT('Origin',(74.5,-76.,7.));
#17313=CARTESIAN_POINT('',(74.5,-76.,7.));
#17314=CARTESIAN_POINT('',(74.5,-76.,7.));
#17315=CARTESIAN_POINT('',(74.5,-76.,17.));
#17316=CARTESIAN_POINT('',(74.5,-76.,17.));
#17317=CARTESIAN_POINT('',(74.5,-76.,7.));
#17318=CARTESIAN_POINT('Origin',(57.5,-76.,7.));
#17319=CARTESIAN_POINT('',(57.5,-76.,7.));
#17320=CARTESIAN_POINT('',(57.5,-76.,7.));
#17321=CARTESIAN_POINT('',(57.5,-76.,17.));
#17322=CARTESIAN_POINT('',(57.5,-76.,17.));
#17323=CARTESIAN_POINT('',(57.5,-76.,7.));
#17324=CARTESIAN_POINT('Origin',(57.5,-26.,7.));
#17325=CARTESIAN_POINT('',(57.5,-26.,7.));
#17326=CARTESIAN_POINT('',(57.5,-26.,17.));
#17327=CARTESIAN_POINT('Origin',(66.,-51.,17.));
#17328=CARTESIAN_POINT('Origin',(66.,-51.,7.));
#17329=CARTESIAN_POINT('',(0.,0.,0.));
#17330=CARTESIAN_POINT('Origin',(38.19,-70.,48.));
#17331=CARTESIAN_POINT('',(37.19,-70.,49.));
#17332=CARTESIAN_POINT('Origin',(38.19,-70.,49.));
#17333=CARTESIAN_POINT('',(37.19,-70.,55.35));
#17334=CARTESIAN_POINT('',(37.19,-70.,48.));
#17335=CARTESIAN_POINT('Origin',(38.19,-70.,55.35));
#17336=CARTESIAN_POINT('Origin',(45.81,-70.,48.));
#17337=CARTESIAN_POINT('',(44.81,-70.,49.));
#17338=CARTESIAN_POINT('Origin',(45.81,-70.,49.));
#17339=CARTESIAN_POINT('',(44.81,-70.,55.35));
#17340=CARTESIAN_POINT('',(44.81,-70.,48.));
#17341=CARTESIAN_POINT('Origin',(45.81,-70.,55.35));
#17342=CARTESIAN_POINT('Origin',(48.35,-63.65,49.));
#17343=CARTESIAN_POINT('',(48.35,-63.65,49.));
#17344=CARTESIAN_POINT('',(35.65,-63.65,49.));
#17345=CARTESIAN_POINT('',(48.35,-63.65,49.));
#17346=CARTESIAN_POINT('',(35.65,-63.65,55.35));
#17347=CARTESIAN_POINT('',(35.65,-63.65,49.));
#17348=CARTESIAN_POINT('',(48.35,-63.65,55.35));
#17349=CARTESIAN_POINT('',(48.35,-63.65,55.35));
#17350=CARTESIAN_POINT('',(48.35,-63.65,49.));
#17351=CARTESIAN_POINT('Origin',(48.35,-76.35,49.));
#17352=CARTESIAN_POINT('',(48.35,-76.35,49.));
#17353=CARTESIAN_POINT('',(48.35,-76.35,49.));
#17354=CARTESIAN_POINT('',(48.35,-76.35,55.35));
#17355=CARTESIAN_POINT('',(48.35,-76.35,55.35));
#17356=CARTESIAN_POINT('',(48.35,-76.35,49.));
#17357=CARTESIAN_POINT('Origin',(35.65,-76.35,49.));
#17358=CARTESIAN_POINT('',(35.65,-76.35,49.));
#17359=CARTESIAN_POINT('',(35.65,-76.35,49.));
#17360=CARTESIAN_POINT('',(35.65,-76.35,55.35));
#17361=CARTESIAN_POINT('',(35.65,-76.35,55.35));
#17362=CARTESIAN_POINT('',(35.65,-76.35,49.));
#17363=CARTESIAN_POINT('Origin',(35.65,-63.65,49.));
#17364=CARTESIAN_POINT('',(35.65,-63.65,49.));
#17365=CARTESIAN_POINT('',(35.65,-63.65,55.35));
#17366=CARTESIAN_POINT('Origin',(42.,-70.,55.35));
#17367=CARTESIAN_POINT('Origin',(42.,-70.,49.));
#17368=CARTESIAN_POINT('',(0.,0.,0.));
#17369=CARTESIAN_POINT('Origin',(12.,-68.,7.));
#17370=CARTESIAN_POINT('',(12.,-68.,7.));
#17371=CARTESIAN_POINT('',(-8.,-68.,7.));
#17372=CARTESIAN_POINT('',(12.,-68.,7.));
#17373=CARTESIAN_POINT('',(-8.,-68.,12.));
#17374=CARTESIAN_POINT('',(-8.,-68.,7.));
#17375=CARTESIAN_POINT('',(12.,-68.,12.));
#17376=CARTESIAN_POINT('',(12.,-68.,12.));
#17377=CARTESIAN_POINT('',(12.,-68.,7.));
#17378=CARTESIAN_POINT('Origin',(12.,-84.,7.));
#17379=CARTESIAN_POINT('',(12.,-84.,7.));
#17380=CARTESIAN_POINT('',(12.,-84.,7.));
#17381=CARTESIAN_POINT('',(12.,-84.,12.));
#17382=CARTESIAN_POINT('',(12.,-84.,12.));
#17383=CARTESIAN_POINT('',(12.,-84.,7.));
#17384=CARTESIAN_POINT('Origin',(-8.,-84.,7.));
#17385=CARTESIAN_POINT('',(-8.,-84.,7.));
#17386=CARTESIAN_POINT('',(-8.,-84.,7.));
#17387=CARTESIAN_POINT('',(-8.,-84.,12.));
#17388=CARTESIAN_POINT('',(-8.,-84.,12.));
#17389=CARTESIAN_POINT('',(-8.,-84.,7.));
#17390=CARTESIAN_POINT('Origin',(-8.,-68.,7.));
#17391=CARTESIAN_POINT('',(-8.,-68.,7.));
#17392=CARTESIAN_POINT('',(-8.,-68.,12.));
#17393=CARTESIAN_POINT('Origin',(2.,-76.,12.));
#17394=CARTESIAN_POINT('Origin',(2.,-76.,7.));
#17395=CARTESIAN_POINT('',(0.,0.,0.));
#17396=CARTESIAN_POINT('',(0.,0.,0.));
#17397=CARTESIAN_POINT('',(0.,0.,0.));
#17398=CARTESIAN_POINT('',(0.,0.,0.));
#17399=CARTESIAN_POINT('',(0.,0.,0.));
#17400=CARTESIAN_POINT('',(0.,0.,0.));
#17401=CARTESIAN_POINT('',(0.,0.,0.));
#17402=CARTESIAN_POINT('',(0.,0.,0.));
#17403=CARTESIAN_POINT('',(0.,0.,0.));
#17404=CARTESIAN_POINT('Origin',(-75.,0.,55.));
#17405=CARTESIAN_POINT('',(-76.7,-90.,55.));
#17406=CARTESIAN_POINT('Origin',(-75.,-90.,55.));
#17407=CARTESIAN_POINT('',(-76.7,-88.,55.));
#17408=CARTESIAN_POINT('',(-76.7,0.,55.));
#17409=CARTESIAN_POINT('Origin',(-75.,-88.,55.));
#17410=CARTESIAN_POINT('Origin',(-75.,0.,20.));
#17411=CARTESIAN_POINT('',(-76.7,-90.,20.));
#17412=CARTESIAN_POINT('Origin',(-75.,-90.,20.));
#17413=CARTESIAN_POINT('',(-76.7,-88.,20.));
#17414=CARTESIAN_POINT('',(-76.7,0.,20.));
#17415=CARTESIAN_POINT('Origin',(-75.,-88.,20.));
#17416=CARTESIAN_POINT('Origin',(75.,0.,55.));
#17417=CARTESIAN_POINT('',(73.3,-90.,55.));
#17418=CARTESIAN_POINT('Origin',(75.,-90.,55.));
#17419=CARTESIAN_POINT('',(73.3,-88.,55.));
#17420=CARTESIAN_POINT('',(73.3,0.,55.));
#17421=CARTESIAN_POINT('Origin',(75.,-88.,55.));
#17422=CARTESIAN_POINT('Origin',(75.,0.,20.));
#17423=CARTESIAN_POINT('',(73.3,-90.,20.));
#17424=CARTESIAN_POINT('Origin',(75.,-90.,20.));
#17425=CARTESIAN_POINT('',(73.3,-88.,20.));
#17426=CARTESIAN_POINT('',(73.3,0.,20.));
#17427=CARTESIAN_POINT('Origin',(75.,-88.,20.));
#17428=CARTESIAN_POINT('Origin',(78.,-88.,5.));
#17429=CARTESIAN_POINT('',(78.,-88.,5.));
#17430=CARTESIAN_POINT('',(-78.,-88.,5.));
#17431=CARTESIAN_POINT('',(78.,-88.,5.));
#17432=CARTESIAN_POINT('',(-78.,-88.,83.));
#17433=CARTESIAN_POINT('',(-78.,-88.,5.));
#17434=CARTESIAN_POINT('',(78.,-88.,83.));
#17435=CARTESIAN_POINT('',(78.,-88.,83.));
#17436=CARTESIAN_POINT('',(78.,-88.,5.));
#17437=CARTESIAN_POINT('Origin',(78.,-90.,5.));
#17438=CARTESIAN_POINT('',(78.,-90.,5.));
#17439=CARTESIAN_POINT('',(78.,-90.,5.));
#17440=CARTESIAN_POINT('',(78.,-90.,83.));
#17441=CARTESIAN_POINT('',(78.,-90.,83.));
#17442=CARTESIAN_POINT('',(78.,-90.,5.));
#17443=CARTESIAN_POINT('Origin',(-78.,-90.,5.));
#17444=CARTESIAN_POINT('',(-78.,-90.,5.));
#17445=CARTESIAN_POINT('',(-78.,-90.,5.));
#17446=CARTESIAN_POINT('',(-78.,-90.,83.));
#17447=CARTESIAN_POINT('',(-78.,-90.,83.));
#17448=CARTESIAN_POINT('',(-78.,-90.,5.));
#17449=CARTESIAN_POINT('Origin',(-78.,-88.,5.));
#17450=CARTESIAN_POINT('',(-78.,-88.,5.));
#17451=CARTESIAN_POINT('',(-78.,-88.,83.));
#17452=CARTESIAN_POINT('Origin',(0.,-89.,83.));
#17453=CARTESIAN_POINT('Origin',(0.,-89.,5.));
#17454=CARTESIAN_POINT('',(0.,0.,0.));
#17455=CARTESIAN_POINT('',(0.,0.,0.));
#17456=CARTESIAN_POINT('',(0.,0.,0.));
#17457=CARTESIAN_POINT('Origin',(-34.,-46.,31.6));
#17458=CARTESIAN_POINT('',(-35.45,-46.,32.6));
#17459=CARTESIAN_POINT('Origin',(-34.,-46.,32.6));
#17460=CARTESIAN_POINT('',(-35.45,-46.,34.6));
#17461=CARTESIAN_POINT('',(-35.45,-46.,31.6));
#17462=CARTESIAN_POINT('Origin',(-34.,-46.,34.6));
#17463=CARTESIAN_POINT('Origin',(34.,-30.,31.6));
#17464=CARTESIAN_POINT('',(32.55,-30.,32.6));
#17465=CARTESIAN_POINT('Origin',(34.,-30.,32.6));
#17466=CARTESIAN_POINT('',(32.55,-30.,34.6));
#17467=CARTESIAN_POINT('',(32.55,-30.,31.6));
#17468=CARTESIAN_POINT('Origin',(34.,-30.,34.6));
#17469=CARTESIAN_POINT('Origin',(-34.,-30.,31.6));
#17470=CARTESIAN_POINT('',(-35.45,-30.,32.6));
#17471=CARTESIAN_POINT('Origin',(-34.,-30.,32.6));
#17472=CARTESIAN_POINT('',(-35.45,-30.,34.6));
#17473=CARTESIAN_POINT('',(-35.45,-30.,31.6));
#17474=CARTESIAN_POINT('Origin',(-34.,-30.,34.6));
#17475=CARTESIAN_POINT('Origin',(34.,-46.,31.6));
#17476=CARTESIAN_POINT('',(32.55,-46.,32.6));
#17477=CARTESIAN_POINT('Origin',(34.,-46.,32.6));
#17478=CARTESIAN_POINT('',(32.55,-46.,34.6));
#17479=CARTESIAN_POINT('',(32.55,-46.,31.6));
#17480=CARTESIAN_POINT('Origin',(34.,-46.,34.6));
#17481=CARTESIAN_POINT('Origin',(-39.,-43.,32.6));
#17482=CARTESIAN_POINT('',(-35.,-43.,34.6));
#17483=CARTESIAN_POINT('',(-39.,-43.,34.6));
#17484=CARTESIAN_POINT('',(-19.5,-43.,34.6));
#17485=CARTESIAN_POINT('',(-35.,-43.,32.6));
#17486=CARTESIAN_POINT('',(-35.,-43.,32.6));
#17487=CARTESIAN_POINT('',(-39.,-43.,32.6));
#17488=CARTESIAN_POINT('',(-19.5,-43.,32.6));
#17489=CARTESIAN_POINT('',(-39.,-43.,32.6));
#17490=CARTESIAN_POINT('Origin',(-39.,-33.,32.6));
#17491=CARTESIAN_POINT('',(-39.,-33.,34.6));
#17492=CARTESIAN_POINT('',(-39.,-35.5,34.6));
#17493=CARTESIAN_POINT('',(-39.,-33.,32.6));
#17494=CARTESIAN_POINT('',(-39.,-35.5,32.6));
#17495=CARTESIAN_POINT('',(-39.,-33.,32.6));
#17496=CARTESIAN_POINT('Origin',(-35.,-33.,32.6));
#17497=CARTESIAN_POINT('',(-35.,-33.,34.6));
#17498=CARTESIAN_POINT('',(-17.5,-33.,34.6));
#17499=CARTESIAN_POINT('',(-35.,-33.,32.6));
#17500=CARTESIAN_POINT('',(-17.5,-33.,32.6));
#17501=CARTESIAN_POINT('',(-35.,-33.,32.6));
#17502=CARTESIAN_POINT('Origin',(-35.,-43.,32.6));
#17503=CARTESIAN_POINT('',(-35.,-40.5,34.6));
#17504=CARTESIAN_POINT('',(-35.,-40.5,32.6));
#17505=CARTESIAN_POINT('Origin',(35.,-43.,32.6));
#17506=CARTESIAN_POINT('',(39.,-43.,34.6));
#17507=CARTESIAN_POINT('',(35.,-43.,34.6));
#17508=CARTESIAN_POINT('',(17.5,-43.,34.6));
#17509=CARTESIAN_POINT('',(39.,-43.,32.6));
#17510=CARTESIAN_POINT('',(39.,-43.,32.6));
#17511=CARTESIAN_POINT('',(35.,-43.,32.6));
#17512=CARTESIAN_POINT('',(17.5,-43.,32.6));
#17513=CARTESIAN_POINT('',(35.,-43.,32.6));
#17514=CARTESIAN_POINT('Origin',(35.,-33.,32.6));
#17515=CARTESIAN_POINT('',(35.,-33.,34.6));
#17516=CARTESIAN_POINT('',(35.,-35.5,34.6));
#17517=CARTESIAN_POINT('',(35.,-33.,32.6));
#17518=CARTESIAN_POINT('',(35.,-35.5,32.6));
#17519=CARTESIAN_POINT('',(35.,-33.,32.6));
#17520=CARTESIAN_POINT('Origin',(39.,-33.,32.6));
#17521=CARTESIAN_POINT('',(39.,-33.,34.6));
#17522=CARTESIAN_POINT('',(19.5,-33.,34.6));
#17523=CARTESIAN_POINT('',(39.,-33.,32.6));
#17524=CARTESIAN_POINT('',(19.5,-33.,32.6));
#17525=CARTESIAN_POINT('',(39.,-33.,32.6));
#17526=CARTESIAN_POINT('Origin',(39.,-43.,32.6));
#17527=CARTESIAN_POINT('',(39.,-40.5,34.6));
#17528=CARTESIAN_POINT('',(39.,-40.5,32.6));
#17529=CARTESIAN_POINT('Origin',(52.,-20.5,32.6));
#17530=CARTESIAN_POINT('',(52.,-20.5,32.6));
#17531=CARTESIAN_POINT('',(-52.,-20.5,32.6));
#17532=CARTESIAN_POINT('',(52.,-20.5,32.6));
#17533=CARTESIAN_POINT('',(-52.,-20.5,34.6));
#17534=CARTESIAN_POINT('',(-52.,-20.5,32.6));
#17535=CARTESIAN_POINT('',(52.,-20.5,34.6));
#17536=CARTESIAN_POINT('',(52.,-20.5,34.6));
#17537=CARTESIAN_POINT('',(52.,-20.5,32.6));
#17538=CARTESIAN_POINT('Origin',(52.,-55.5,32.6));
#17539=CARTESIAN_POINT('',(52.,-55.5,32.6));
#17540=CARTESIAN_POINT('',(52.,-55.5,32.6));
#17541=CARTESIAN_POINT('',(52.,-55.5,34.6));
#17542=CARTESIAN_POINT('',(52.,-55.5,34.6));
#17543=CARTESIAN_POINT('',(52.,-55.5,32.6));
#17544=CARTESIAN_POINT('Origin',(-52.,-55.5,32.6));
#17545=CARTESIAN_POINT('',(-52.,-55.5,32.6));
#17546=CARTESIAN_POINT('',(-52.,-55.5,32.6));
#17547=CARTESIAN_POINT('',(-52.,-55.5,34.6));
#17548=CARTESIAN_POINT('',(-52.,-55.5,34.6));
#17549=CARTESIAN_POINT('',(-52.,-55.5,32.6));
#17550=CARTESIAN_POINT('Origin',(-52.,-20.5,32.6));
#17551=CARTESIAN_POINT('',(-52.,-20.5,32.6));
#17552=CARTESIAN_POINT('',(-52.,-20.5,34.6));
#17553=CARTESIAN_POINT('Origin',(0.,-38.,34.6));
#17554=CARTESIAN_POINT('Origin',(0.,-38.,32.6));
#17555=CARTESIAN_POINT('Origin',(52.,-18.5,34.6));
#17556=CARTESIAN_POINT('',(52.,-18.5,34.6));
#17557=CARTESIAN_POINT('',(-52.,-18.5,34.6));
#17558=CARTESIAN_POINT('',(52.,-18.5,34.6));
#17559=CARTESIAN_POINT('',(-52.,-18.5,39.6));
#17560=CARTESIAN_POINT('',(-52.,-18.5,34.6));
#17561=CARTESIAN_POINT('',(52.,-18.5,39.6));
#17562=CARTESIAN_POINT('',(52.,-18.5,39.6));
#17563=CARTESIAN_POINT('',(52.,-18.5,34.6));
#17564=CARTESIAN_POINT('Origin',(52.,-20.5,34.6));
#17565=CARTESIAN_POINT('',(52.,-20.5,34.6));
#17566=CARTESIAN_POINT('',(52.,-20.5,34.6));
#17567=CARTESIAN_POINT('',(52.,-20.5,39.6));
#17568=CARTESIAN_POINT('',(52.,-20.5,39.6));
#17569=CARTESIAN_POINT('',(52.,-20.5,34.6));
#17570=CARTESIAN_POINT('Origin',(-52.,-20.5,34.6));
#17571=CARTESIAN_POINT('',(-52.,-20.5,34.6));
#17572=CARTESIAN_POINT('',(52.,-20.5,34.6));
#17573=CARTESIAN_POINT('',(-52.,-20.5,39.6));
#17574=CARTESIAN_POINT('',(-52.,-20.5,39.6));
#17575=CARTESIAN_POINT('',(-52.,-20.5,34.6));
#17576=CARTESIAN_POINT('Origin',(-52.,-18.5,34.6));
#17577=CARTESIAN_POINT('',(-52.,-18.5,34.6));
#17578=CARTESIAN_POINT('',(-52.,-18.5,39.6));
#17579=CARTESIAN_POINT('Origin',(0.,-19.5,39.6));
#17580=CARTESIAN_POINT('Origin',(0.,-19.5,34.6));
#17581=CARTESIAN_POINT('Origin',(0.,-56.5,34.6));
#17582=CARTESIAN_POINT('',(-52.,-55.5,34.6));
#17583=CARTESIAN_POINT('',(-52.,-57.5,34.6));
#17584=CARTESIAN_POINT('',(-52.,-55.5,34.6));
#17585=CARTESIAN_POINT('',(52.,-55.5,34.6));
#17586=CARTESIAN_POINT('',(-52.,-55.5,34.6));
#17587=CARTESIAN_POINT('',(52.,-57.5,34.6));
#17588=CARTESIAN_POINT('',(52.,-57.5,34.6));
#17589=CARTESIAN_POINT('',(-52.,-57.5,34.6));
#17590=CARTESIAN_POINT('Origin',(0.,-56.5,39.6));
#17591=CARTESIAN_POINT('',(-52.,-55.5,39.6));
#17592=CARTESIAN_POINT('',(-52.,-57.5,39.6));
#17593=CARTESIAN_POINT('',(-52.,-55.5,39.6));
#17594=CARTESIAN_POINT('',(52.,-57.5,39.6));
#17595=CARTESIAN_POINT('',(-52.,-57.5,39.6));
#17596=CARTESIAN_POINT('',(52.,-55.5,39.6));
#17597=CARTESIAN_POINT('',(52.,-57.5,39.6));
#17598=CARTESIAN_POINT('',(52.,-55.5,39.6));
#17599=CARTESIAN_POINT('Origin',(-52.,-55.5,34.6));
#17600=CARTESIAN_POINT('',(-52.,-57.5,34.6));
#17601=CARTESIAN_POINT('',(-52.,-55.5,34.6));
#17602=CARTESIAN_POINT('Origin',(-52.,-57.5,34.6));
#17603=CARTESIAN_POINT('',(52.,-57.5,34.6));
#17604=CARTESIAN_POINT('Origin',(52.,-57.5,34.6));
#17605=CARTESIAN_POINT('',(52.,-55.5,34.6));
#17606=CARTESIAN_POINT('Origin',(52.,-55.5,34.6));
#17607=CARTESIAN_POINT('',(0.,0.,0.));
#17608=CARTESIAN_POINT('Origin',(-34.,-30.,5.));
#17609=CARTESIAN_POINT('',(-35.05,-30.,5.));
#17610=CARTESIAN_POINT('Origin',(-34.,-30.,5.));
#17611=CARTESIAN_POINT('',(-35.05,-30.,13.));
#17612=CARTESIAN_POINT('',(-35.05,-30.,5.));
#17613=CARTESIAN_POINT('Origin',(-34.,-30.,13.));
#17614=CARTESIAN_POINT('Origin',(-34.,-30.,13.));
#17615=CARTESIAN_POINT('Origin',(-34.,-30.,32.6));
#17616=CARTESIAN_POINT('',(-35.05,-30.,32.6));
#17617=CARTESIAN_POINT('Origin',(-34.,-30.,32.6));
#17618=CARTESIAN_POINT('',(-35.05,-30.,24.6));
#17619=CARTESIAN_POINT('',(-35.05,-30.,32.6));
#17620=CARTESIAN_POINT('Origin',(-34.,-30.,24.6));
#17621=CARTESIAN_POINT('Origin',(-34.,-30.,24.6));
#17622=CARTESIAN_POINT('Origin',(-34.,-30.,5.));
#17623=CARTESIAN_POINT('',(-36.5,-30.,32.6));
#17624=CARTESIAN_POINT('Origin',(-34.,-30.,32.6));
#17625=CARTESIAN_POINT('',(-36.5,-30.,5.));
#17626=CARTESIAN_POINT('',(-36.5,-30.,5.));
#17627=CARTESIAN_POINT('Origin',(-34.,-30.,5.));
#17628=CARTESIAN_POINT('Origin',(-34.,-30.,32.6));
#17629=CARTESIAN_POINT('Origin',(-34.,-30.,5.));
#17630=CARTESIAN_POINT('',(0.,0.,0.));
#17631=CARTESIAN_POINT('Origin',(34.,-30.,5.));
#17632=CARTESIAN_POINT('',(32.95,-30.,5.));
#17633=CARTESIAN_POINT('Origin',(34.,-30.,5.));
#17634=CARTESIAN_POINT('',(32.95,-30.,13.));
#17635=CARTESIAN_POINT('',(32.95,-30.,5.));
#17636=CARTESIAN_POINT('Origin',(34.,-30.,13.));
#17637=CARTESIAN_POINT('Origin',(34.,-30.,13.));
#17638=CARTESIAN_POINT('Origin',(34.,-30.,32.6));
#17639=CARTESIAN_POINT('',(32.95,-30.,32.6));
#17640=CARTESIAN_POINT('Origin',(34.,-30.,32.6));
#17641=CARTESIAN_POINT('',(32.95,-30.,24.6));
#17642=CARTESIAN_POINT('',(32.95,-30.,32.6));
#17643=CARTESIAN_POINT('Origin',(34.,-30.,24.6));
#17644=CARTESIAN_POINT('Origin',(34.,-30.,24.6));
#17645=CARTESIAN_POINT('Origin',(34.,-30.,5.));
#17646=CARTESIAN_POINT('',(31.5,-30.,32.6));
#17647=CARTESIAN_POINT('Origin',(34.,-30.,32.6));
#17648=CARTESIAN_POINT('',(31.5,-30.,5.));
#17649=CARTESIAN_POINT('',(31.5,-30.,5.));
#17650=CARTESIAN_POINT('Origin',(34.,-30.,5.));
#17651=CARTESIAN_POINT('Origin',(34.,-30.,32.6));
#17652=CARTESIAN_POINT('Origin',(34.,-30.,5.));
#17653=CARTESIAN_POINT('',(0.,0.,0.));
#17654=CARTESIAN_POINT('Origin',(-34.,-46.,5.));
#17655=CARTESIAN_POINT('',(-35.05,-46.,5.));
#17656=CARTESIAN_POINT('Origin',(-34.,-46.,5.));
#17657=CARTESIAN_POINT('',(-35.05,-46.,13.));
#17658=CARTESIAN_POINT('',(-35.05,-46.,5.));
#17659=CARTESIAN_POINT('Origin',(-34.,-46.,13.));
#17660=CARTESIAN_POINT('Origin',(-34.,-46.,13.));
#17661=CARTESIAN_POINT('Origin',(-34.,-46.,32.6));
#17662=CARTESIAN_POINT('',(-35.05,-46.,32.6));
#17663=CARTESIAN_POINT('Origin',(-34.,-46.,32.6));
#17664=CARTESIAN_POINT('',(-35.05,-46.,24.6));
#17665=CARTESIAN_POINT('',(-35.05,-46.,32.6));
#17666=CARTESIAN_POINT('Origin',(-34.,-46.,24.6));
#17667=CARTESIAN_POINT('Origin',(-34.,-46.,24.6));
#17668=CARTESIAN_POINT('Origin',(-34.,-46.,5.));
#17669=CARTESIAN_POINT('',(-36.5,-46.,32.6));
#17670=CARTESIAN_POINT('Origin',(-34.,-46.,32.6));
#17671=CARTESIAN_POINT('',(-36.5,-46.,5.));
#17672=CARTESIAN_POINT('',(-36.5,-46.,5.));
#17673=CARTESIAN_POINT('Origin',(-34.,-46.,5.));
#17674=CARTESIAN_POINT('Origin',(-34.,-46.,32.6));
#17675=CARTESIAN_POINT('Origin',(-34.,-46.,5.));
#17676=CARTESIAN_POINT('',(0.,0.,0.));
#17677=CARTESIAN_POINT('Origin',(34.,-46.,5.));
#17678=CARTESIAN_POINT('',(32.95,-46.,5.));
#17679=CARTESIAN_POINT('Origin',(34.,-46.,5.));
#17680=CARTESIAN_POINT('',(32.95,-46.,13.));
#17681=CARTESIAN_POINT('',(32.95,-46.,5.));
#17682=CARTESIAN_POINT('Origin',(34.,-46.,13.));
#17683=CARTESIAN_POINT('Origin',(34.,-46.,13.));
#17684=CARTESIAN_POINT('Origin',(34.,-46.,32.6));
#17685=CARTESIAN_POINT('',(32.95,-46.,32.6));
#17686=CARTESIAN_POINT('Origin',(34.,-46.,32.6));
#17687=CARTESIAN_POINT('',(32.95,-46.,24.6));
#17688=CARTESIAN_POINT('',(32.95,-46.,32.6));
#17689=CARTESIAN_POINT('Origin',(34.,-46.,24.6));
#17690=CARTESIAN_POINT('Origin',(34.,-46.,24.6));
#17691=CARTESIAN_POINT('Origin',(34.,-46.,5.));
#17692=CARTESIAN_POINT('',(31.5,-46.,32.6));
#17693=CARTESIAN_POINT('Origin',(34.,-46.,32.6));
#17694=CARTESIAN_POINT('',(31.5,-46.,5.));
#17695=CARTESIAN_POINT('',(31.5,-46.,5.));
#17696=CARTESIAN_POINT('Origin',(34.,-46.,5.));
#17697=CARTESIAN_POINT('Origin',(34.,-46.,32.6));
#17698=CARTESIAN_POINT('Origin',(34.,-46.,5.));
#17699=CARTESIAN_POINT('',(0.,0.,0.));
#17700=CARTESIAN_POINT('Origin',(32.5,-70.,5.));
#17701=CARTESIAN_POINT('',(31.45,-70.,5.));
#17702=CARTESIAN_POINT('Origin',(32.5,-70.,5.));
#17703=CARTESIAN_POINT('',(31.45,-70.,13.));
#17704=CARTESIAN_POINT('',(31.45,-70.,5.));
#17705=CARTESIAN_POINT('Origin',(32.5,-70.,13.));
#17706=CARTESIAN_POINT('Origin',(32.5,-70.,13.));
#17707=CARTESIAN_POINT('Origin',(32.5,-70.,45.));
#17708=CARTESIAN_POINT('',(31.45,-70.,45.));
#17709=CARTESIAN_POINT('Origin',(32.5,-70.,45.));
#17710=CARTESIAN_POINT('',(31.45,-70.,37.));
#17711=CARTESIAN_POINT('',(31.45,-70.,45.));
#17712=CARTESIAN_POINT('Origin',(32.5,-70.,37.));
#17713=CARTESIAN_POINT('Origin',(32.5,-70.,37.));
#17714=CARTESIAN_POINT('Origin',(32.5,-70.,5.));
#17715=CARTESIAN_POINT('',(29.5,-70.,45.));
#17716=CARTESIAN_POINT('Origin',(32.5,-70.,45.));
#17717=CARTESIAN_POINT('',(29.5,-70.,5.));
#17718=CARTESIAN_POINT('',(29.5,-70.,5.));
#17719=CARTESIAN_POINT('Origin',(32.5,-70.,5.));
#17720=CARTESIAN_POINT('Origin',(32.5,-70.,45.));
#17721=CARTESIAN_POINT('Origin',(32.5,-70.,5.));
#17722=CARTESIAN_POINT('',(0.,0.,0.));
#17723=CARTESIAN_POINT('Origin',(51.5,-70.,5.));
#17724=CARTESIAN_POINT('',(50.45,-70.,5.));
#17725=CARTESIAN_POINT('Origin',(51.5,-70.,5.));
#17726=CARTESIAN_POINT('',(50.45,-70.,13.));
#17727=CARTESIAN_POINT('',(50.45,-70.,5.));
#17728=CARTESIAN_POINT('Origin',(51.5,-70.,13.));
#17729=CARTESIAN_POINT('Origin',(51.5,-70.,13.));
#17730=CARTESIAN_POINT('Origin',(51.5,-70.,45.));
#17731=CARTESIAN_POINT('',(50.45,-70.,45.));
#17732=CARTESIAN_POINT('Origin',(51.5,-70.,45.));
#17733=CARTESIAN_POINT('',(50.45,-70.,37.));
#17734=CARTESIAN_POINT('',(50.45,-70.,45.));
#17735=CARTESIAN_POINT('Origin',(51.5,-70.,37.));
#17736=CARTESIAN_POINT('Origin',(51.5,-70.,37.));
#17737=CARTESIAN_POINT('Origin',(51.5,-70.,5.));
#17738=CARTESIAN_POINT('',(48.5,-70.,45.));
#17739=CARTESIAN_POINT('Origin',(51.5,-70.,45.));
#17740=CARTESIAN_POINT('',(48.5,-70.,5.));
#17741=CARTESIAN_POINT('',(48.5,-70.,5.));
#17742=CARTESIAN_POINT('Origin',(51.5,-70.,5.));
#17743=CARTESIAN_POINT('Origin',(51.5,-70.,45.));
#17744=CARTESIAN_POINT('Origin',(51.5,-70.,5.));
#17745=CARTESIAN_POINT('',(0.,0.,0.));
#17746=CARTESIAN_POINT('Origin',(-52.,-80.5,4.));
#17747=CARTESIAN_POINT('',(-53.7,-80.5,5.));
#17748=CARTESIAN_POINT('Origin',(-52.,-80.5,5.));
#17749=CARTESIAN_POINT('',(-53.7,-80.5,7.));
#17750=CARTESIAN_POINT('',(-53.7,-80.5,4.));
#17751=CARTESIAN_POINT('Origin',(-52.,-80.5,7.));
#17752=CARTESIAN_POINT('Origin',(-52.,-45.5,4.));
#17753=CARTESIAN_POINT('',(-53.7,-45.5,5.));
#17754=CARTESIAN_POINT('Origin',(-52.,-45.5,5.));
#17755=CARTESIAN_POINT('',(-53.7,-45.5,7.));
#17756=CARTESIAN_POINT('',(-53.7,-45.5,4.));
#17757=CARTESIAN_POINT('Origin',(-52.,-45.5,7.));
#17758=CARTESIAN_POINT('Origin',(-36.7,-61.,4.));
#17759=CARTESIAN_POINT('',(-37.7,-61.,6.2));
#17760=CARTESIAN_POINT('',(-37.7,-61.,5.));
#17761=CARTESIAN_POINT('',(-37.7,-61.,4.5));
#17762=CARTESIAN_POINT('',(-66.3,-61.,6.2));
#17763=CARTESIAN_POINT('',(-36.7,-61.,6.2));
#17764=CARTESIAN_POINT('',(-66.3,-61.,5.));
#17765=CARTESIAN_POINT('',(-66.3,-61.,4.5));
#17766=CARTESIAN_POINT('',(-44.35,-61.,5.));
#17767=CARTESIAN_POINT('Origin',(-67.3,-65.,4.));
#17768=CARTESIAN_POINT('',(-37.7,-65.,5.));
#17769=CARTESIAN_POINT('',(-37.7,-65.,6.2));
#17770=CARTESIAN_POINT('',(-37.7,-65.,4.5));
#17771=CARTESIAN_POINT('',(-66.3,-65.,5.));
#17772=CARTESIAN_POINT('',(-59.65,-65.,5.));
#17773=CARTESIAN_POINT('',(-66.3,-65.,6.2));
#17774=CARTESIAN_POINT('',(-66.3,-65.,4.5));
#17775=CARTESIAN_POINT('',(-67.3,-65.,6.2));
#17776=CARTESIAN_POINT('Origin',(-52.,-63.,6.2));
#17777=CARTESIAN_POINT('',(-37.7,-74.65,6.2));
#17778=CARTESIAN_POINT('',(-66.3,-51.35,6.2));
#17779=CARTESIAN_POINT('Origin',(-66.3,-39.7,5.));
#17780=CARTESIAN_POINT('',(-66.3,-86.3,5.));
#17781=CARTESIAN_POINT('',(-66.3,-39.7,5.));
#17782=CARTESIAN_POINT('',(-66.3,-86.3,21.));
#17783=CARTESIAN_POINT('',(-66.3,-86.3,5.));
#17784=CARTESIAN_POINT('',(-66.3,-39.7,21.));
#17785=CARTESIAN_POINT('',(-66.3,-39.7,21.));
#17786=CARTESIAN_POINT('',(-66.3,-39.7,5.));
#17787=CARTESIAN_POINT('',(-66.3,-39.7,5.));
#17788=CARTESIAN_POINT('',(-66.3,-39.7,5.));
#17789=CARTESIAN_POINT('Origin',(-52.,-63.,5.));
#17790=CARTESIAN_POINT('',(-37.7,-86.3,5.));
#17791=CARTESIAN_POINT('',(-37.7,-86.3,5.));
#17792=CARTESIAN_POINT('',(-66.3,-86.3,5.));
#17793=CARTESIAN_POINT('Origin',(-52.,-63.,5.));
#17794=CARTESIAN_POINT('',(-37.7,-39.7,5.));
#17795=CARTESIAN_POINT('',(-37.7,-39.7,5.));
#17796=CARTESIAN_POINT('',(-37.7,-86.3,5.));
#17797=CARTESIAN_POINT('Origin',(-64.7,-84.7,7.));
#17798=CARTESIAN_POINT('',(-39.3,-84.7,21.));
#17799=CARTESIAN_POINT('',(-64.7,-84.7,21.));
#17800=CARTESIAN_POINT('',(-58.35,-84.7,21.));
#17801=CARTESIAN_POINT('',(-39.3,-84.7,7.));
#17802=CARTESIAN_POINT('',(-39.3,-84.7,7.));
#17803=CARTESIAN_POINT('',(-64.7,-84.7,7.));
#17804=CARTESIAN_POINT('',(-64.7,-84.7,7.));
#17805=CARTESIAN_POINT('',(-64.7,-84.7,7.));
#17806=CARTESIAN_POINT('Origin',(-64.7,-41.3,7.));
#17807=CARTESIAN_POINT('',(-64.7,-41.3,21.));
#17808=CARTESIAN_POINT('',(-64.7,-52.15,21.));
#17809=CARTESIAN_POINT('',(-64.7,-41.3,7.));
#17810=CARTESIAN_POINT('',(-64.7,-41.3,7.));
#17811=CARTESIAN_POINT('',(-64.7,-41.3,7.));
#17812=CARTESIAN_POINT('Origin',(-39.3,-41.3,7.));
#17813=CARTESIAN_POINT('',(-39.3,-41.3,21.));
#17814=CARTESIAN_POINT('',(-45.65,-41.3,21.));
#17815=CARTESIAN_POINT('',(-39.3,-41.3,7.));
#17816=CARTESIAN_POINT('',(-39.3,-41.3,7.));
#17817=CARTESIAN_POINT('',(-39.3,-41.3,7.));
#17818=CARTESIAN_POINT('Origin',(-39.3,-84.7,7.));
#17819=CARTESIAN_POINT('',(-39.3,-73.85,21.));
#17820=CARTESIAN_POINT('',(-39.3,-84.7,7.));
#17821=CARTESIAN_POINT('Origin',(-52.,-63.,7.));
#17822=CARTESIAN_POINT('Origin',(-37.7,-39.7,5.));
#17823=CARTESIAN_POINT('',(-37.7,-39.7,21.));
#17824=CARTESIAN_POINT('',(-37.7,-39.7,21.));
#17825=CARTESIAN_POINT('',(-37.7,-39.7,5.));
#17826=CARTESIAN_POINT('Origin',(-37.7,-86.3,5.));
#17827=CARTESIAN_POINT('',(-37.7,-86.3,21.));
#17828=CARTESIAN_POINT('',(-37.7,-86.3,21.));
#17829=CARTESIAN_POINT('',(-37.7,-86.3,5.));
#17830=CARTESIAN_POINT('Origin',(-66.3,-86.3,5.));
#17831=CARTESIAN_POINT('',(-66.3,-86.3,21.));
#17832=CARTESIAN_POINT('Origin',(-52.,-63.,21.));
#17833=CARTESIAN_POINT('',(0.,0.,0.));
#17834=CARTESIAN_POINT('Origin',(66.,-72.,4.));
#17835=CARTESIAN_POINT('',(64.3,-72.,5.));
#17836=CARTESIAN_POINT('Origin',(66.,-72.,5.));
#17837=CARTESIAN_POINT('',(64.3,-72.,7.));
#17838=CARTESIAN_POINT('',(64.3,-72.,4.));
#17839=CARTESIAN_POINT('Origin',(66.,-72.,7.));
#17840=CARTESIAN_POINT('Origin',(66.,-30.,4.));
#17841=CARTESIAN_POINT('',(64.3,-30.,5.));
#17842=CARTESIAN_POINT('Origin',(66.,-30.,5.));
#17843=CARTESIAN_POINT('',(64.3,-30.,7.));
#17844=CARTESIAN_POINT('',(64.3,-30.,4.));
#17845=CARTESIAN_POINT('Origin',(66.,-30.,7.));
#17846=CARTESIAN_POINT('Origin',(77.3,-49.,4.));
#17847=CARTESIAN_POINT('',(76.3,-49.,6.2));
#17848=CARTESIAN_POINT('',(76.3,-49.,5.));
#17849=CARTESIAN_POINT('',(76.3,-49.,4.5));
#17850=CARTESIAN_POINT('',(55.7,-49.,6.2));
#17851=CARTESIAN_POINT('',(77.3,-49.,6.2));
#17852=CARTESIAN_POINT('',(55.7,-49.,5.));
#17853=CARTESIAN_POINT('',(55.7,-49.,4.5));
#17854=CARTESIAN_POINT('',(71.65,-49.,5.));
#17855=CARTESIAN_POINT('Origin',(54.7,-53.,4.));
#17856=CARTESIAN_POINT('',(76.3,-53.,5.));
#17857=CARTESIAN_POINT('',(76.3,-53.,6.2));
#17858=CARTESIAN_POINT('',(76.3,-53.,4.5));
#17859=CARTESIAN_POINT('',(55.7,-53.,5.));
#17860=CARTESIAN_POINT('',(60.35,-53.,5.));
#17861=CARTESIAN_POINT('',(55.7,-53.,6.2));
#17862=CARTESIAN_POINT('',(55.7,-53.,4.5));
#17863=CARTESIAN_POINT('',(54.7,-53.,6.2));
#17864=CARTESIAN_POINT('Origin',(66.,-51.,6.2));
#17865=CARTESIAN_POINT('',(76.3,-64.4,6.2));
#17866=CARTESIAN_POINT('',(55.7,-37.6,6.2));
#17867=CARTESIAN_POINT('Origin',(55.7,-24.2,5.));
#17868=CARTESIAN_POINT('',(55.7,-77.8,5.));
#17869=CARTESIAN_POINT('',(55.7,-24.2,5.));
#17870=CARTESIAN_POINT('',(55.7,-77.8,16.));
#17871=CARTESIAN_POINT('',(55.7,-77.8,5.));
#17872=CARTESIAN_POINT('',(55.7,-24.2,16.));
#17873=CARTESIAN_POINT('',(55.7,-24.2,16.));
#17874=CARTESIAN_POINT('',(55.7,-24.2,5.));
#17875=CARTESIAN_POINT('',(55.7,-24.2,5.));
#17876=CARTESIAN_POINT('',(55.7,-24.2,5.));
#17877=CARTESIAN_POINT('Origin',(66.,-51.,5.));
#17878=CARTESIAN_POINT('',(76.3,-77.8,5.));
#17879=CARTESIAN_POINT('',(76.3,-77.8,5.));
#17880=CARTESIAN_POINT('',(55.7,-77.8,5.));
#17881=CARTESIAN_POINT('Origin',(66.,-51.,5.));
#17882=CARTESIAN_POINT('',(76.3,-24.2,5.));
#17883=CARTESIAN_POINT('',(76.3,-24.2,5.));
#17884=CARTESIAN_POINT('',(76.3,-77.8,5.));
#17885=CARTESIAN_POINT('Origin',(57.3,-76.2,7.));
#17886=CARTESIAN_POINT('',(74.7,-76.2,16.));
#17887=CARTESIAN_POINT('',(57.3,-76.2,16.));
#17888=CARTESIAN_POINT('',(61.65,-76.2,16.));
#17889=CARTESIAN_POINT('',(74.7,-76.2,7.));
#17890=CARTESIAN_POINT('',(74.7,-76.2,7.));
#17891=CARTESIAN_POINT('',(57.3,-76.2,7.));
#17892=CARTESIAN_POINT('',(57.3,-76.2,7.));
#17893=CARTESIAN_POINT('',(57.3,-76.2,7.));
#17894=CARTESIAN_POINT('Origin',(57.3,-25.8,7.));
#17895=CARTESIAN_POINT('',(57.3,-25.8,16.));
#17896=CARTESIAN_POINT('',(57.3,-38.4,16.));
#17897=CARTESIAN_POINT('',(57.3,-25.8,7.));
#17898=CARTESIAN_POINT('',(57.3,-25.8,7.));
#17899=CARTESIAN_POINT('',(57.3,-25.8,7.));
#17900=CARTESIAN_POINT('Origin',(74.7,-25.8,7.));
#17901=CARTESIAN_POINT('',(74.7,-25.8,16.));
#17902=CARTESIAN_POINT('',(70.35,-25.8,16.));
#17903=CARTESIAN_POINT('',(74.7,-25.8,7.));
#17904=CARTESIAN_POINT('',(74.7,-25.8,7.));
#17905=CARTESIAN_POINT('',(74.7,-25.8,7.));
#17906=CARTESIAN_POINT('Origin',(74.7,-76.2,7.));
#17907=CARTESIAN_POINT('',(74.7,-63.6,16.));
#17908=CARTESIAN_POINT('',(74.7,-76.2,7.));
#17909=CARTESIAN_POINT('Origin',(66.,-51.,7.));
#17910=CARTESIAN_POINT('Origin',(76.3,-24.2,5.));
#17911=CARTESIAN_POINT('',(76.3,-24.2,16.));
#17912=CARTESIAN_POINT('',(76.3,-24.2,16.));
#17913=CARTESIAN_POINT('',(76.3,-24.2,5.));
#17914=CARTESIAN_POINT('Origin',(76.3,-77.8,5.));
#17915=CARTESIAN_POINT('',(76.3,-77.8,16.));
#17916=CARTESIAN_POINT('',(76.3,-77.8,16.));
#17917=CARTESIAN_POINT('',(76.3,-77.8,5.));
#17918=CARTESIAN_POINT('Origin',(55.7,-77.8,5.));
#17919=CARTESIAN_POINT('',(55.7,-77.8,16.));
#17920=CARTESIAN_POINT('Origin',(66.,-51.,16.));
#17921=CARTESIAN_POINT('',(0.,0.,0.));
#17922=CARTESIAN_POINT('Origin',(38.19,-70.,44.));
#17923=CARTESIAN_POINT('',(37.09,-70.,45.));
#17924=CARTESIAN_POINT('Origin',(38.19,-70.,45.));
#17925=CARTESIAN_POINT('',(37.09,-70.,49.));
#17926=CARTESIAN_POINT('',(37.09,-70.,44.));
#17927=CARTESIAN_POINT('Origin',(38.19,-70.,49.));
#17928=CARTESIAN_POINT('Origin',(45.81,-70.,44.));
#17929=CARTESIAN_POINT('',(44.71,-70.,45.));
#17930=CARTESIAN_POINT('Origin',(45.81,-70.,45.));
#17931=CARTESIAN_POINT('',(44.71,-70.,49.));
#17932=CARTESIAN_POINT('',(44.71,-70.,44.));
#17933=CARTESIAN_POINT('Origin',(45.81,-70.,49.));
#17934=CARTESIAN_POINT('Origin',(32.5,-70.,44.));
#17935=CARTESIAN_POINT('',(30.8,-70.,45.));
#17936=CARTESIAN_POINT('Origin',(32.5,-70.,45.));
#17937=CARTESIAN_POINT('',(30.8,-70.,49.));
#17938=CARTESIAN_POINT('',(30.8,-70.,44.));
#17939=CARTESIAN_POINT('Origin',(32.5,-70.,49.));
#17940=CARTESIAN_POINT('Origin',(51.5,-70.,44.));
#17941=CARTESIAN_POINT('',(49.8,-70.,45.));
#17942=CARTESIAN_POINT('Origin',(51.5,-70.,45.));
#17943=CARTESIAN_POINT('',(49.8,-70.,49.));
#17944=CARTESIAN_POINT('',(49.8,-70.,44.));
#17945=CARTESIAN_POINT('Origin',(51.5,-70.,49.));
#17946=CARTESIAN_POINT('Origin',(56.,-61.,45.));
#17947=CARTESIAN_POINT('',(56.,-61.,45.));
#17948=CARTESIAN_POINT('',(28.,-61.,45.));
#17949=CARTESIAN_POINT('',(56.,-61.,45.));
#17950=CARTESIAN_POINT('',(28.,-61.,49.));
#17951=CARTESIAN_POINT('',(28.,-61.,45.));
#17952=CARTESIAN_POINT('',(56.,-61.,49.));
#17953=CARTESIAN_POINT('',(56.,-61.,49.));
#17954=CARTESIAN_POINT('',(56.,-61.,45.));
#17955=CARTESIAN_POINT('Origin',(56.,-79.,45.));
#17956=CARTESIAN_POINT('',(56.,-79.,45.));
#17957=CARTESIAN_POINT('',(56.,-79.,45.));
#17958=CARTESIAN_POINT('',(56.,-79.,49.));
#17959=CARTESIAN_POINT('',(56.,-79.,49.));
#17960=CARTESIAN_POINT('',(56.,-79.,45.));
#17961=CARTESIAN_POINT('Origin',(28.,-79.,45.));
#17962=CARTESIAN_POINT('',(28.,-79.,45.));
#17963=CARTESIAN_POINT('',(28.,-79.,45.));
#17964=CARTESIAN_POINT('',(28.,-79.,49.));
#17965=CARTESIAN_POINT('',(28.,-79.,49.));
#17966=CARTESIAN_POINT('',(28.,-79.,45.));
#17967=CARTESIAN_POINT('Origin',(28.,-61.,45.));
#17968=CARTESIAN_POINT('',(28.,-61.,45.));
#17969=CARTESIAN_POINT('',(28.,-61.,49.));
#17970=CARTESIAN_POINT('Origin',(42.,-70.,49.));
#17971=CARTESIAN_POINT('Origin',(42.,-70.,45.));
#17972=CARTESIAN_POINT('',(0.,0.,0.));
#17973=CARTESIAN_POINT('',(0.,0.,0.));
#17974=CARTESIAN_POINT('',(0.,0.,0.));
#17975=CARTESIAN_POINT('',(0.,0.,0.));
#17976=CARTESIAN_POINT('',(0.,0.,0.));
#17977=CARTESIAN_POINT('',(0.,0.,0.));
#17978=CARTESIAN_POINT('',(0.,0.,0.));
#17979=CARTESIAN_POINT('',(0.,0.,0.));
#17980=CARTESIAN_POINT('',(0.,0.,0.));
#17981=CARTESIAN_POINT('',(0.,0.,0.));
#17982=CARTESIAN_POINT('',(0.,0.,0.));
#17983=CARTESIAN_POINT('',(0.,0.,0.));
#17984=CARTESIAN_POINT('',(0.,0.,0.));
#17985=CARTESIAN_POINT('',(0.,0.,0.));
#17986=CARTESIAN_POINT('',(0.,0.,0.));
#17987=CARTESIAN_POINT('Origin',(-31.,112.,8.5));
#17988=CARTESIAN_POINT('',(-31.,112.,8.5));
#17989=CARTESIAN_POINT('',(-31.,72.,30.));
#17990=CARTESIAN_POINT('',(-31.,112.,8.5));
#17991=CARTESIAN_POINT('',(31.,72.,30.));
#17992=CARTESIAN_POINT('',(-31.,72.,30.));
#17993=CARTESIAN_POINT('',(31.,112.,8.5));
#17994=CARTESIAN_POINT('',(31.,112.,8.5));
#17995=CARTESIAN_POINT('',(-31.,112.,8.5));
#17996=CARTESIAN_POINT('Origin',(-31.,112.,5.8));
#17997=CARTESIAN_POINT('',(-31.,112.,5.8));
#17998=CARTESIAN_POINT('',(-31.,112.,5.8));
#17999=CARTESIAN_POINT('',(31.,112.,5.8));
#18000=CARTESIAN_POINT('',(31.,112.,5.8));
#18001=CARTESIAN_POINT('',(-31.,112.,5.8));
#18002=CARTESIAN_POINT('Origin',(-31.,70.,27.));
#18003=CARTESIAN_POINT('',(-31.,70.,27.));
#18004=CARTESIAN_POINT('',(-31.,70.,27.));
#18005=CARTESIAN_POINT('',(31.,70.,27.));
#18006=CARTESIAN_POINT('',(31.,70.,27.));
#18007=CARTESIAN_POINT('',(-31.,70.,27.));
#18008=CARTESIAN_POINT('Origin',(-31.,72.,30.));
#18009=CARTESIAN_POINT('',(-31.,72.,30.));
#18010=CARTESIAN_POINT('',(31.,72.,30.));
#18011=CARTESIAN_POINT('Origin',(31.,91.,17.9));
#18012=CARTESIAN_POINT('Origin',(-31.,91.,17.9));
#18013=CARTESIAN_POINT('',(0.,0.,0.));
#18014=CARTESIAN_POINT('Origin',(0.,63.,45.));
#18015=CARTESIAN_POINT('',(-28.1,63.,46.6));
#18016=CARTESIAN_POINT('Origin',(-28.1,63.,45.));
#18017=CARTESIAN_POINT('',(-25.1,63.,46.6));
#18018=CARTESIAN_POINT('',(0.,63.,46.6));
#18019=CARTESIAN_POINT('Origin',(-25.1,63.,45.));
#18020=CARTESIAN_POINT('Origin',(-25.1,59.,31.));
#18021=CARTESIAN_POINT('',(-25.1,69.,36.));
#18022=CARTESIAN_POINT('',(-25.1,64.,36.));
#18023=CARTESIAN_POINT('',(-25.1,64.,36.));
#18024=CARTESIAN_POINT('',(-25.1,69.,49.));
#18025=CARTESIAN_POINT('',(-25.1,69.,31.));
#18026=CARTESIAN_POINT('',(-25.1,59.,49.));
#18027=CARTESIAN_POINT('',(-25.1,59.,49.));
#18028=CARTESIAN_POINT('',(-25.1,59.,31.));
#18029=CARTESIAN_POINT('',(-25.1,59.,31.));
#18030=CARTESIAN_POINT('',(-25.1,64.,31.));
#18031=CARTESIAN_POINT('',(-25.1,59.,31.));
#18032=CARTESIAN_POINT('',(-25.1,64.,29.));
#18033=CARTESIAN_POINT('Origin',(-25.1,69.,31.));
#18034=CARTESIAN_POINT('',(-28.1,69.,36.));
#18035=CARTESIAN_POINT('',(-12.55,69.,36.));
#18036=CARTESIAN_POINT('',(-28.1,69.,49.));
#18037=CARTESIAN_POINT('',(-28.1,69.,31.));
#18038=CARTESIAN_POINT('',(-25.1,69.,49.));
#18039=CARTESIAN_POINT('Origin',(-28.1,69.,31.));
#18040=CARTESIAN_POINT('',(-28.1,64.,36.));
#18041=CARTESIAN_POINT('',(-28.1,69.,36.));
#18042=CARTESIAN_POINT('',(-28.1,64.,31.));
#18043=CARTESIAN_POINT('',(-28.1,64.,29.));
#18044=CARTESIAN_POINT('',(-28.1,59.,31.));
#18045=CARTESIAN_POINT('',(-28.1,69.,31.));
#18046=CARTESIAN_POINT('',(-28.1,59.,49.));
#18047=CARTESIAN_POINT('',(-28.1,59.,31.));
#18048=CARTESIAN_POINT('',(-28.1,69.,49.));
#18049=CARTESIAN_POINT('Origin',(-26.6,64.,31.));
#18050=CARTESIAN_POINT('',(-28.3,64.,31.));
#18051=CARTESIAN_POINT('',(-28.1,59.,31.));
#18052=CARTESIAN_POINT('Origin',(-28.1,59.,31.));
#18053=CARTESIAN_POINT('',(-28.1,59.,49.));
#18054=CARTESIAN_POINT('Origin',(-26.6,64.,49.));
#18055=CARTESIAN_POINT('Origin',(-30.,64.,27.));
#18056=CARTESIAN_POINT('',(-30.,64.,36.));
#18057=CARTESIAN_POINT('',(-30.,64.,36.));
#18058=CARTESIAN_POINT('',(-30.,64.,27.));
#18059=CARTESIAN_POINT('',(-30.,64.,27.));
#18060=CARTESIAN_POINT('',(30.,64.,27.));
#18061=CARTESIAN_POINT('',(-30.,64.,27.));
#18062=CARTESIAN_POINT('',(30.,64.,36.));
#18063=CARTESIAN_POINT('',(30.,64.,27.));
#18064=CARTESIAN_POINT('',(-30.,64.,36.));
#18065=CARTESIAN_POINT('Origin',(0.,68.,31.5));
#18066=CARTESIAN_POINT('',(-30.,68.,34.7));
#18067=CARTESIAN_POINT('Origin',(-30.,68.,31.5));
#18068=CARTESIAN_POINT('',(30.,68.,34.7));
#18069=CARTESIAN_POINT('',(0.,68.,34.7));
#18070=CARTESIAN_POINT('Origin',(30.,68.,31.5));
#18071=CARTESIAN_POINT('Origin',(30.,74.,27.));
#18072=CARTESIAN_POINT('',(30.,74.,27.));
#18073=CARTESIAN_POINT('',(-30.,74.,27.));
#18074=CARTESIAN_POINT('',(30.,74.,27.));
#18075=CARTESIAN_POINT('',(-30.,74.,36.));
#18076=CARTESIAN_POINT('',(-30.,74.,27.));
#18077=CARTESIAN_POINT('',(30.,74.,36.));
#18078=CARTESIAN_POINT('',(30.,74.,36.));
#18079=CARTESIAN_POINT('',(30.,74.,27.));
#18080=CARTESIAN_POINT('Origin',(30.,64.,27.));
#18081=CARTESIAN_POINT('',(30.,64.,27.));
#18082=CARTESIAN_POINT('',(30.,64.,36.));
#18083=CARTESIAN_POINT('Origin',(-30.,74.,27.));
#18084=CARTESIAN_POINT('',(-30.,74.,27.));
#18085=CARTESIAN_POINT('',(-30.,74.,36.));
#18086=CARTESIAN_POINT('Origin',(0.,69.,36.));
#18087=CARTESIAN_POINT('Origin',(0.,69.,27.));
#18088=CARTESIAN_POINT('',(0.,0.,0.));
#18089=CARTESIAN_POINT('Origin',(-28.45,68.5,14.));
#18090=CARTESIAN_POINT('',(-25.,61.,14.));
#18091=CARTESIAN_POINT('',(-32.,61.,14.));
#18092=CARTESIAN_POINT('',(-31.725,61.,14.));
#18093=CARTESIAN_POINT('',(-25.,76.,14.));
#18094=CARTESIAN_POINT('',(-25.,64.75,14.));
#18095=CARTESIAN_POINT('',(-32.,76.,14.));
#18096=CARTESIAN_POINT('',(-30.225,76.,14.));
#18097=CARTESIAN_POINT('',(-32.,76.1,14.));
#18098=CARTESIAN_POINT('Origin',(-32.,61.,24.));
#18099=CARTESIAN_POINT('',(-32.,76.,41.));
#18100=CARTESIAN_POINT('',(-32.,76.,24.));
#18101=CARTESIAN_POINT('',(-32.,61.,41.));
#18102=CARTESIAN_POINT('',(-32.,61.,41.));
#18103=CARTESIAN_POINT('',(-32.,61.,24.));
#18104=CARTESIAN_POINT('',(-32.,68.,34.7));
#18105=CARTESIAN_POINT('Origin',(-32.,68.,31.5));
#18106=CARTESIAN_POINT('Origin',(-32.,76.,24.));
#18107=CARTESIAN_POINT('',(-25.,76.,5.));
#18108=CARTESIAN_POINT('',(-25.,76.,5.));
#18109=CARTESIAN_POINT('',(-35.,76.,5.));
#18110=CARTESIAN_POINT('',(-25.,76.,5.));
#18111=CARTESIAN_POINT('',(-35.,76.,41.));
#18112=CARTESIAN_POINT('',(-35.,76.,5.));
#18113=CARTESIAN_POINT('',(-32.,76.,41.));
#18114=CARTESIAN_POINT('Origin',(-29.5,64.5,4.9));
#18115=CARTESIAN_POINT('',(-30.75,64.5,5.));
#18116=CARTESIAN_POINT('Origin',(-29.5,64.5,5.));
#18117=CARTESIAN_POINT('',(-30.75,64.5,13.));
#18118=CARTESIAN_POINT('',(-30.75,64.5,4.9));
#18119=CARTESIAN_POINT('Origin',(-29.5,64.5,13.));
#18120=CARTESIAN_POINT('Origin',(-29.5,64.5,13.));
#18121=CARTESIAN_POINT('Origin',(-29.5,72.5,4.9));
#18122=CARTESIAN_POINT('',(-30.75,72.5,5.));
#18123=CARTESIAN_POINT('Origin',(-29.5,72.5,5.));
#18124=CARTESIAN_POINT('',(-30.75,72.5,13.));
#18125=CARTESIAN_POINT('',(-30.75,72.5,4.9));
#18126=CARTESIAN_POINT('Origin',(-29.5,72.5,13.));
#18127=CARTESIAN_POINT('Origin',(-29.5,72.5,13.));
#18128=CARTESIAN_POINT('Origin',(-25.,61.,5.));
#18129=CARTESIAN_POINT('',(-25.,61.,5.));
#18130=CARTESIAN_POINT('',(-25.,61.,5.));
#18131=CARTESIAN_POINT('',(-25.,61.,5.));
#18132=CARTESIAN_POINT('Origin',(-30.,68.5,5.));
#18133=CARTESIAN_POINT('',(-35.,61.,5.));
#18134=CARTESIAN_POINT('',(-35.,76.,5.));
#18135=CARTESIAN_POINT('',(-35.,61.,5.));
#18136=CARTESIAN_POINT('Origin',(-35.,76.,24.));
#18137=CARTESIAN_POINT('',(-35.,61.,41.));
#18138=CARTESIAN_POINT('',(-35.,61.,24.));
#18139=CARTESIAN_POINT('',(-35.,76.,41.));
#18140=CARTESIAN_POINT('',(-35.,68.,34.7));
#18141=CARTESIAN_POINT('Origin',(-35.,68.,31.5));
#18142=CARTESIAN_POINT('Origin',(0.,68.,31.5));
#18143=CARTESIAN_POINT('',(0.,68.,34.7));
#18144=CARTESIAN_POINT('Origin',(-35.,61.,24.));
#18145=CARTESIAN_POINT('',(-35.,61.,41.));
#18146=CARTESIAN_POINT('Origin',(-33.5,68.5,41.));
#18147=CARTESIAN_POINT('',(0.,0.,0.));
#18148=CARTESIAN_POINT('Origin',(28.45,68.5,14.));
#18149=CARTESIAN_POINT('',(25.,76.,14.));
#18150=CARTESIAN_POINT('',(32.,76.,14.));
#18151=CARTESIAN_POINT('',(31.725,76.,14.));
#18152=CARTESIAN_POINT('',(25.,61.,14.));
#18153=CARTESIAN_POINT('',(25.,72.25,14.));
#18154=CARTESIAN_POINT('',(32.,61.,14.));
#18155=CARTESIAN_POINT('',(30.225,61.,14.));
#18156=CARTESIAN_POINT('',(32.,60.9,14.));
#18157=CARTESIAN_POINT('Origin',(32.,76.,24.));
#18158=CARTESIAN_POINT('',(32.,61.,41.));
#18159=CARTESIAN_POINT('',(32.,61.,24.));
#18160=CARTESIAN_POINT('',(32.,76.,41.));
#18161=CARTESIAN_POINT('',(32.,76.,41.));
#18162=CARTESIAN_POINT('',(32.,76.,24.));
#18163=CARTESIAN_POINT('',(32.,68.,34.7));
#18164=CARTESIAN_POINT('Origin',(32.,68.,31.5));
#18165=CARTESIAN_POINT('Origin',(32.,61.,24.));
#18166=CARTESIAN_POINT('',(25.,61.,5.));
#18167=CARTESIAN_POINT('',(25.,61.,5.));
#18168=CARTESIAN_POINT('',(35.,61.,5.));
#18169=CARTESIAN_POINT('',(25.,61.,5.));
#18170=CARTESIAN_POINT('',(35.,61.,41.));
#18171=CARTESIAN_POINT('',(35.,61.,24.));
#18172=CARTESIAN_POINT('',(32.,61.,41.));
#18173=CARTESIAN_POINT('Origin',(29.5,64.5,4.9));
#18174=CARTESIAN_POINT('',(28.25,64.5,5.));
#18175=CARTESIAN_POINT('Origin',(29.5,64.5,5.));
#18176=CARTESIAN_POINT('',(28.25,64.5,13.));
#18177=CARTESIAN_POINT('',(28.25,64.5,4.9));
#18178=CARTESIAN_POINT('Origin',(29.5,64.5,13.));
#18179=CARTESIAN_POINT('Origin',(29.5,64.5,13.));
#18180=CARTESIAN_POINT('Origin',(29.5,72.5,4.9));
#18181=CARTESIAN_POINT('',(28.25,72.5,5.));
#18182=CARTESIAN_POINT('Origin',(29.5,72.5,5.));
#18183=CARTESIAN_POINT('',(28.25,72.5,13.));
#18184=CARTESIAN_POINT('',(28.25,72.5,4.9));
#18185=CARTESIAN_POINT('Origin',(29.5,72.5,13.));
#18186=CARTESIAN_POINT('Origin',(29.5,72.5,13.));
#18187=CARTESIAN_POINT('Origin',(25.,76.,5.));
#18188=CARTESIAN_POINT('',(25.,76.,5.));
#18189=CARTESIAN_POINT('',(25.,76.,5.));
#18190=CARTESIAN_POINT('',(25.,76.,5.));
#18191=CARTESIAN_POINT('Origin',(30.,68.5,5.));
#18192=CARTESIAN_POINT('',(35.,76.,5.));
#18193=CARTESIAN_POINT('',(35.,76.,5.));
#18194=CARTESIAN_POINT('',(35.,61.,5.));
#18195=CARTESIAN_POINT('Origin',(35.,76.,24.));
#18196=CARTESIAN_POINT('',(35.,76.,41.));
#18197=CARTESIAN_POINT('',(35.,76.,41.));
#18198=CARTESIAN_POINT('',(35.,76.,24.));
#18199=CARTESIAN_POINT('Origin',(0.,68.,31.5));
#18200=CARTESIAN_POINT('',(35.,68.,34.7));
#18201=CARTESIAN_POINT('',(0.,68.,34.7));
#18202=CARTESIAN_POINT('Origin',(35.,68.,31.5));
#18203=CARTESIAN_POINT('Origin',(35.,61.,24.));
#18204=CARTESIAN_POINT('',(35.,61.,41.));
#18205=CARTESIAN_POINT('Origin',(33.5,68.5,41.));
#18206=CARTESIAN_POINT('',(0.,0.,0.));
#18207=CARTESIAN_POINT('Origin',(30.6,68.,31.5));
#18208=CARTESIAN_POINT('',(30.6,68.,34.));
#18209=CARTESIAN_POINT('Origin',(30.6,68.,31.5));
#18210=CARTESIAN_POINT('',(31.4,68.,34.));
#18211=CARTESIAN_POINT('',(30.6,68.,34.));
#18212=CARTESIAN_POINT('Origin',(31.4,68.,31.5));
#18213=CARTESIAN_POINT('Origin',(31.4,68.,31.5));
#18214=CARTESIAN_POINT('',(31.4,68.,34.5));
#18215=CARTESIAN_POINT('Origin',(31.4,68.,31.5));
#18216=CARTESIAN_POINT('Origin',(30.6,68.,31.5));
#18217=CARTESIAN_POINT('',(30.6,68.,34.5));
#18218=CARTESIAN_POINT('Origin',(30.6,68.,31.5));
#18219=CARTESIAN_POINT('Origin',(-36.,68.,31.5));
#18220=CARTESIAN_POINT('',(-30.6,68.,34.5));
#18221=CARTESIAN_POINT('',(-36.,68.,34.5));
#18222=CARTESIAN_POINT('Origin',(-30.6,68.,31.5));
#18223=CARTESIAN_POINT('Origin',(-31.4,68.,31.5));
#18224=CARTESIAN_POINT('',(-31.4,68.,34.));
#18225=CARTESIAN_POINT('Origin',(-31.4,68.,31.5));
#18226=CARTESIAN_POINT('',(-30.6,68.,34.));
#18227=CARTESIAN_POINT('',(-31.4,68.,34.));
#18228=CARTESIAN_POINT('Origin',(-30.6,68.,31.5));
#18229=CARTESIAN_POINT('Origin',(-30.6,68.,31.5));
#18230=CARTESIAN_POINT('Origin',(-31.4,68.,31.5));
#18231=CARTESIAN_POINT('',(-31.4,68.,34.5));
#18232=CARTESIAN_POINT('Origin',(-31.4,68.,31.5));
#18233=CARTESIAN_POINT('Origin',(-36.,68.,31.5));
#18234=CARTESIAN_POINT('',(-34.8,68.,34.5));
#18235=CARTESIAN_POINT('',(-36.,68.,34.5));
#18236=CARTESIAN_POINT('Origin',(-34.8,68.,31.5));
#18237=CARTESIAN_POINT('Origin',(34.8,68.,31.5));
#18238=CARTESIAN_POINT('',(34.8,68.,34.5));
#18239=CARTESIAN_POINT('Origin',(34.8,68.,31.5));
#18240=CARTESIAN_POINT('Origin',(-34.8,68.,31.5));
#18241=CARTESIAN_POINT('Origin',(-36.,68.,31.5));
#18242=CARTESIAN_POINT('',(-36.,68.,34.5));
#18243=CARTESIAN_POINT('',(0.,0.,0.));
#18244=CARTESIAN_POINT('Origin',(-28.1,42.,22.));
#18245=CARTESIAN_POINT('',(-25.1,42.,23.5));
#18246=CARTESIAN_POINT('Origin',(-25.1,42.,22.));
#18247=CARTESIAN_POINT('',(-28.1,42.,23.5));
#18248=CARTESIAN_POINT('',(-28.1,42.,23.5));
#18249=CARTESIAN_POINT('Origin',(-28.1,42.,22.));
#18250=CARTESIAN_POINT('Origin',(-28.1,42.,22.));
#18251=CARTESIAN_POINT('Origin',(31.1,56.5,12.));
#18252=CARTESIAN_POINT('',(31.1,56.5,12.));
#18253=CARTESIAN_POINT('',(-25.1,56.5,12.));
#18254=CARTESIAN_POINT('',(31.1,56.5,12.));
#18255=CARTESIAN_POINT('',(-25.1,56.5,32.));
#18256=CARTESIAN_POINT('',(-25.1,56.5,12.));
#18257=CARTESIAN_POINT('',(31.1,56.5,32.));
#18258=CARTESIAN_POINT('',(31.1,56.5,32.));
#18259=CARTESIAN_POINT('',(31.1,56.5,12.));
#18260=CARTESIAN_POINT('Origin',(31.1,12.,12.));
#18261=CARTESIAN_POINT('',(31.1,12.,12.));
#18262=CARTESIAN_POINT('',(31.1,12.,12.));
#18263=CARTESIAN_POINT('',(31.1,12.,32.));
#18264=CARTESIAN_POINT('',(31.1,12.,32.));
#18265=CARTESIAN_POINT('',(31.1,12.,12.));
#18266=CARTESIAN_POINT('Origin',(-25.1,12.,12.));
#18267=CARTESIAN_POINT('',(-25.1,12.,12.));
#18268=CARTESIAN_POINT('',(-25.1,12.,12.));
#18269=CARTESIAN_POINT('',(-25.1,12.,32.));
#18270=CARTESIAN_POINT('',(-25.1,12.,32.));
#18271=CARTESIAN_POINT('',(-25.1,12.,12.));
#18272=CARTESIAN_POINT('Origin',(-25.1,56.5,12.));
#18273=CARTESIAN_POINT('',(-25.1,56.5,12.));
#18274=CARTESIAN_POINT('',(-25.1,56.5,32.));
#18275=CARTESIAN_POINT('Origin',(3.,34.25,32.));
#18276=CARTESIAN_POINT('Origin',(3.,34.25,12.));
#18277=CARTESIAN_POINT('',(0.,0.,0.));
#18278=CARTESIAN_POINT('Origin',(-21.1,54.,5.));
#18279=CARTESIAN_POINT('',(-21.1,54.,5.));
#18280=CARTESIAN_POINT('',(-25.1,54.,5.));
#18281=CARTESIAN_POINT('',(-21.1,54.,5.));
#18282=CARTESIAN_POINT('',(-25.1,54.,12.));
#18283=CARTESIAN_POINT('',(-25.1,54.,5.));
#18284=CARTESIAN_POINT('',(-21.1,54.,12.));
#18285=CARTESIAN_POINT('',(-21.1,54.,12.));
#18286=CARTESIAN_POINT('',(-21.1,54.,5.));
#18287=CARTESIAN_POINT('Origin',(-21.1,14.,5.));
#18288=CARTESIAN_POINT('',(-21.1,14.,5.));
#18289=CARTESIAN_POINT('',(-21.1,14.,5.));
#18290=CARTESIAN_POINT('',(-21.1,14.,12.));
#18291=CARTESIAN_POINT('',(-21.1,14.,12.));
#18292=CARTESIAN_POINT('',(-21.1,14.,5.));
#18293=CARTESIAN_POINT('Origin',(-25.1,14.,5.));
#18294=CARTESIAN_POINT('',(-25.1,14.,5.));
#18295=CARTESIAN_POINT('',(-25.1,14.,5.));
#18296=CARTESIAN_POINT('',(-25.1,14.,12.));
#18297=CARTESIAN_POINT('',(-25.1,14.,12.));
#18298=CARTESIAN_POINT('',(-25.1,14.,5.));
#18299=CARTESIAN_POINT('Origin',(-25.1,54.,5.));
#18300=CARTESIAN_POINT('',(-25.1,54.,5.));
#18301=CARTESIAN_POINT('',(-25.1,54.,12.));
#18302=CARTESIAN_POINT('Origin',(-23.1,34.,12.));
#18303=CARTESIAN_POINT('Origin',(-23.1,34.,5.));
#18304=CARTESIAN_POINT('',(0.,0.,0.));
#18305=CARTESIAN_POINT('Origin',(31.1,54.,5.));
#18306=CARTESIAN_POINT('',(31.1,54.,5.));
#18307=CARTESIAN_POINT('',(27.1,54.,5.));
#18308=CARTESIAN_POINT('',(31.1,54.,5.));
#18309=CARTESIAN_POINT('',(27.1,54.,12.));
#18310=CARTESIAN_POINT('',(27.1,54.,5.));
#18311=CARTESIAN_POINT('',(31.1,54.,12.));
#18312=CARTESIAN_POINT('',(31.1,54.,12.));
#18313=CARTESIAN_POINT('',(31.1,54.,5.));
#18314=CARTESIAN_POINT('Origin',(31.1,14.,5.));
#18315=CARTESIAN_POINT('',(31.1,14.,5.));
#18316=CARTESIAN_POINT('',(31.1,14.,5.));
#18317=CARTESIAN_POINT('',(31.1,14.,12.));
#18318=CARTESIAN_POINT('',(31.1,14.,12.));
#18319=CARTESIAN_POINT('',(31.1,14.,5.));
#18320=CARTESIAN_POINT('Origin',(27.1,14.,5.));
#18321=CARTESIAN_POINT('',(27.1,14.,5.));
#18322=CARTESIAN_POINT('',(27.1,14.,5.));
#18323=CARTESIAN_POINT('',(27.1,14.,12.));
#18324=CARTESIAN_POINT('',(27.1,14.,12.));
#18325=CARTESIAN_POINT('',(27.1,14.,5.));
#18326=CARTESIAN_POINT('Origin',(27.1,54.,5.));
#18327=CARTESIAN_POINT('',(27.1,54.,5.));
#18328=CARTESIAN_POINT('',(27.1,54.,12.));
#18329=CARTESIAN_POINT('Origin',(29.1,34.,12.));
#18330=CARTESIAN_POINT('Origin',(29.1,34.,5.));
#18331=CARTESIAN_POINT('',(0.,0.,0.));
#18332=CARTESIAN_POINT('Origin',(0.,42.,22.));
#18333=CARTESIAN_POINT('',(-28.1,42.,23.6));
#18334=CARTESIAN_POINT('Origin',(-28.1,42.,22.));
#18335=CARTESIAN_POINT('',(-25.1,42.,23.6));
#18336=CARTESIAN_POINT('',(0.,42.,23.6));
#18337=CARTESIAN_POINT('Origin',(-25.1,42.,22.));
#18338=CARTESIAN_POINT('Origin',(0.,57.,22.));
#18339=CARTESIAN_POINT('',(-28.1,57.,23.6));
#18340=CARTESIAN_POINT('Origin',(-28.1,57.,22.));
#18341=CARTESIAN_POINT('',(-25.1,57.,23.6));
#18342=CARTESIAN_POINT('',(0.,57.,23.6));
#18343=CARTESIAN_POINT('Origin',(-25.1,57.,22.));
#18344=CARTESIAN_POINT('Origin',(-28.1,38.,25.));
#18345=CARTESIAN_POINT('',(-28.1,38.,19.));
#18346=CARTESIAN_POINT('',(-28.1,38.,25.));
#18347=CARTESIAN_POINT('',(-28.1,38.,19.));
#18348=CARTESIAN_POINT('',(-25.1,38.,19.));
#18349=CARTESIAN_POINT('',(-28.1,38.,19.));
#18350=CARTESIAN_POINT('',(-25.1,38.,25.));
#18351=CARTESIAN_POINT('',(-25.1,38.,19.));
#18352=CARTESIAN_POINT('',(-28.1,38.,25.));
#18353=CARTESIAN_POINT('Origin',(-28.1,61.,25.));
#18354=CARTESIAN_POINT('',(-28.1,61.,25.));
#18355=CARTESIAN_POINT('',(-28.1,38.,25.));
#18356=CARTESIAN_POINT('',(-25.1,61.,25.));
#18357=CARTESIAN_POINT('',(-25.1,38.,25.));
#18358=CARTESIAN_POINT('',(-28.1,61.,25.));
#18359=CARTESIAN_POINT('Origin',(-28.1,61.,19.));
#18360=CARTESIAN_POINT('',(-28.1,61.,19.));
#18361=CARTESIAN_POINT('',(-28.1,61.,25.));
#18362=CARTESIAN_POINT('',(-25.1,61.,19.));
#18363=CARTESIAN_POINT('',(-25.1,61.,25.));
#18364=CARTESIAN_POINT('',(-28.1,61.,19.));
#18365=CARTESIAN_POINT('Origin',(-28.1,38.,19.));
#18366=CARTESIAN_POINT('',(-28.1,61.,19.));
#18367=CARTESIAN_POINT('',(-25.1,61.,19.));
#18368=CARTESIAN_POINT('Origin',(-25.1,49.5,22.));
#18369=CARTESIAN_POINT('Origin',(-28.1,49.5,22.));
#18370=CARTESIAN_POINT('',(0.,0.,0.));
#18371=CARTESIAN_POINT('Origin',(0.,57.,22.));
#18372=CARTESIAN_POINT('',(-31.1,57.,23.6));
#18373=CARTESIAN_POINT('Origin',(-31.1,57.,22.));
#18374=CARTESIAN_POINT('',(-28.1,57.,23.6));
#18375=CARTESIAN_POINT('',(0.,57.,23.6));
#18376=CARTESIAN_POINT('Origin',(-28.1,57.,22.));
#18377=CARTESIAN_POINT('Origin',(0.,63.,45.));
#18378=CARTESIAN_POINT('',(-31.1,63.,46.6));
#18379=CARTESIAN_POINT('Origin',(-31.1,63.,45.));
#18380=CARTESIAN_POINT('',(-28.1,63.,46.6));
#18381=CARTESIAN_POINT('',(0.,63.,46.6));
#18382=CARTESIAN_POINT('Origin',(-28.1,63.,45.));
#18383=CARTESIAN_POINT('Origin',(-31.1,53.0874605942215,18.8867966018536));
#18384=CARTESIAN_POINT('',(-31.1,58.8931642286025,17.3722652189716));
#18385=CARTESIAN_POINT('',(-31.1,53.0874605942215,18.8867966018536));
#18386=CARTESIAN_POINT('',(-31.1,58.8931642286025,17.3722652189716));
#18387=CARTESIAN_POINT('',(-28.1,58.8931642286025,17.3722652189716));
#18388=CARTESIAN_POINT('',(-31.1,58.8931642286025,17.3722652189716));
#18389=CARTESIAN_POINT('',(-28.1,53.0874605942215,18.8867966018536));
#18390=CARTESIAN_POINT('',(-28.1,58.8931642286025,17.3722652189716));
#18391=CARTESIAN_POINT('',(-31.1,53.0874605942215,18.8867966018536));
#18392=CARTESIAN_POINT('Origin',(-31.1,61.1068357713975,49.6277347810284));
#18393=CARTESIAN_POINT('',(-31.1,61.1068357713975,49.6277347810284));
#18394=CARTESIAN_POINT('',(-31.1,53.0874605942215,18.8867966018536));
#18395=CARTESIAN_POINT('',(-28.1,61.1068357713975,49.6277347810284));
#18396=CARTESIAN_POINT('',(-28.1,53.0874605942215,18.8867966018536));
#18397=CARTESIAN_POINT('',(-31.1,61.1068357713975,49.6277347810284));
#18398=CARTESIAN_POINT('Origin',(-31.1,66.9125394057785,48.1132033981464));
#18399=CARTESIAN_POINT('',(-31.1,66.9125394057785,48.1132033981464));
#18400=CARTESIAN_POINT('',(-31.1,61.1068357713975,49.6277347810284));
#18401=CARTESIAN_POINT('',(-28.1,66.9125394057785,48.1132033981464));
#18402=CARTESIAN_POINT('',(-28.1,61.1068357713975,49.6277347810284));
#18403=CARTESIAN_POINT('',(-31.1,66.9125394057785,48.1132033981464));
#18404=CARTESIAN_POINT('Origin',(-31.1,58.8931642286025,17.3722652189716));
#18405=CARTESIAN_POINT('',(-31.1,66.9125394057785,48.1132033981464));
#18406=CARTESIAN_POINT('',(-28.1,66.9125394057785,48.1132033981464));
#18407=CARTESIAN_POINT('Origin',(-28.1,60.,33.5));
#18408=CARTESIAN_POINT('Origin',(-31.1,60.,33.5));
#18409=CARTESIAN_POINT('',(0.,0.,0.));
#18410=CARTESIAN_POINT('Origin',(10.,89.,5.));
#18411=CARTESIAN_POINT('',(10.,89.,5.));
#18412=CARTESIAN_POINT('',(-10.,89.,5.));
#18413=CARTESIAN_POINT('',(10.,89.,5.));
#18414=CARTESIAN_POINT('',(-10.,89.,13.));
#18415=CARTESIAN_POINT('',(-10.,89.,5.));
#18416=CARTESIAN_POINT('',(10.,89.,13.));
#18417=CARTESIAN_POINT('',(10.,89.,13.));
#18418=CARTESIAN_POINT('',(10.,89.,5.));
#18419=CARTESIAN_POINT('Origin',(10.,82.,5.));
#18420=CARTESIAN_POINT('',(10.,82.,5.));
#18421=CARTESIAN_POINT('',(10.,82.,5.));
#18422=CARTESIAN_POINT('',(10.,82.,13.));
#18423=CARTESIAN_POINT('',(10.,82.,13.));
#18424=CARTESIAN_POINT('',(10.,82.,5.));
#18425=CARTESIAN_POINT('Origin',(-10.,82.,5.));
#18426=CARTESIAN_POINT('',(-10.,82.,5.));
#18427=CARTESIAN_POINT('',(-10.,82.,5.));
#18428=CARTESIAN_POINT('',(-10.,82.,13.));
#18429=CARTESIAN_POINT('',(-10.,82.,13.));
#18430=CARTESIAN_POINT('',(-10.,82.,5.));
#18431=CARTESIAN_POINT('Origin',(-10.,89.,5.));
#18432=CARTESIAN_POINT('',(-10.,89.,5.));
#18433=CARTESIAN_POINT('',(-10.,89.,13.));
#18434=CARTESIAN_POINT('Origin',(0.,85.5,13.));
#18435=CARTESIAN_POINT('Origin',(0.,85.5,5.));
#18436=CARTESIAN_POINT('',(0.,0.,0.));
#18437=CARTESIAN_POINT('Origin',(-12.,-15.,31.9));
#18438=CARTESIAN_POINT('',(-13.7,-15.,32.));
#18439=CARTESIAN_POINT('',(-13.7,-15.,34.));
#18440=CARTESIAN_POINT('',(-13.7,-15.,31.9));
#18441=CARTESIAN_POINT('',(-10.3,-15.,32.));
#18442=CARTESIAN_POINT('Origin',(-12.,-15.,32.));
#18443=CARTESIAN_POINT('',(-10.3,-15.,34.));
#18444=CARTESIAN_POINT('',(-10.3,-15.,31.9));
#18445=CARTESIAN_POINT('Origin',(-12.,-15.,34.));
#18446=CARTESIAN_POINT('Origin',(-12.,60.,31.9));
#18447=CARTESIAN_POINT('',(-13.7,60.,34.));
#18448=CARTESIAN_POINT('',(-13.7,60.,32.));
#18449=CARTESIAN_POINT('',(-13.7,60.,31.9));
#18450=CARTESIAN_POINT('',(-10.3,60.,34.));
#18451=CARTESIAN_POINT('Origin',(-12.,60.,34.));
#18452=CARTESIAN_POINT('',(-10.3,60.,32.));
#18453=CARTESIAN_POINT('',(-10.3,60.,31.9));
#18454=CARTESIAN_POINT('Origin',(-12.,60.,32.));
#18455=CARTESIAN_POINT('Origin',(-15.,-15.,32.));
#18456=CARTESIAN_POINT('',(-15.,-15.,34.));
#18457=CARTESIAN_POINT('',(-15.,-15.,34.));
#18458=CARTESIAN_POINT('',(-15.,-15.,32.));
#18459=CARTESIAN_POINT('',(-15.,-15.,32.));
#18460=CARTESIAN_POINT('',(-15.,-15.,32.));
#18461=CARTESIAN_POINT('Origin',(-15.,-15.,32.));
#18462=CARTESIAN_POINT('',(-9.,-15.,32.));
#18463=CARTESIAN_POINT('',(-15.,-15.,32.));
#18464=CARTESIAN_POINT('',(-9.,-15.,34.));
#18465=CARTESIAN_POINT('',(-9.,-15.,32.));
#18466=CARTESIAN_POINT('',(-15.,-15.,34.));
#18467=CARTESIAN_POINT('Origin',(-12.,22.5,32.));
#18468=CARTESIAN_POINT('',(-15.,60.,32.));
#18469=CARTESIAN_POINT('',(-15.,60.,32.));
#18470=CARTESIAN_POINT('',(-9.,60.,32.));
#18471=CARTESIAN_POINT('',(-9.,60.,32.));
#18472=CARTESIAN_POINT('',(-9.,60.,32.));
#18473=CARTESIAN_POINT('',(-9.,-15.,32.));
#18474=CARTESIAN_POINT('Origin',(-9.,60.,32.));
#18475=CARTESIAN_POINT('',(-15.,60.,34.));
#18476=CARTESIAN_POINT('',(-15.,60.,32.));
#18477=CARTESIAN_POINT('',(-9.,60.,34.));
#18478=CARTESIAN_POINT('Origin',(-9.,60.,32.));
#18479=CARTESIAN_POINT('',(-9.,60.,34.));
#18480=CARTESIAN_POINT('',(-9.,60.,34.));
#18481=CARTESIAN_POINT('',(-9.,60.,32.));
#18482=CARTESIAN_POINT('Origin',(-9.,-15.,32.));
#18483=CARTESIAN_POINT('',(-9.,-15.,34.));
#18484=CARTESIAN_POINT('Origin',(-15.,60.,32.));
#18485=CARTESIAN_POINT('',(-15.,60.,34.));
#18486=CARTESIAN_POINT('Origin',(-12.,22.5,34.));
#18487=CARTESIAN_POINT('',(0.,0.,0.));
#18488=CARTESIAN_POINT('Origin',(-12.,-15.,4.9));
#18489=CARTESIAN_POINT('',(-13.25,-15.,5.));
#18490=CARTESIAN_POINT('Origin',(-12.,-15.,5.));
#18491=CARTESIAN_POINT('',(-13.25,-15.,32.));
#18492=CARTESIAN_POINT('',(-13.25,-15.,4.9));
#18493=CARTESIAN_POINT('Origin',(-12.,-15.,32.));
#18494=CARTESIAN_POINT('Origin',(-9.,-12.,5.));
#18495=CARTESIAN_POINT('',(-9.,-12.,5.));
#18496=CARTESIAN_POINT('',(-15.,-12.,5.));
#18497=CARTESIAN_POINT('',(-9.,-12.,5.));
#18498=CARTESIAN_POINT('',(-15.,-12.,32.));
#18499=CARTESIAN_POINT('',(-15.,-12.,5.));
#18500=CARTESIAN_POINT('',(-9.,-12.,32.));
#18501=CARTESIAN_POINT('',(-9.,-12.,32.));
#18502=CARTESIAN_POINT('',(-9.,-12.,5.));
#18503=CARTESIAN_POINT('Origin',(-9.,-18.,5.));
#18504=CARTESIAN_POINT('',(-9.,-18.,5.));
#18505=CARTESIAN_POINT('',(-9.,-18.,5.));
#18506=CARTESIAN_POINT('',(-9.,-18.,32.));
#18507=CARTESIAN_POINT('',(-9.,-18.,32.));
#18508=CARTESIAN_POINT('',(-9.,-18.,5.));
#18509=CARTESIAN_POINT('Origin',(-15.,-18.,5.));
#18510=CARTESIAN_POINT('',(-15.,-18.,5.));
#18511=CARTESIAN_POINT('',(-15.,-18.,5.));
#18512=CARTESIAN_POINT('',(-15.,-18.,32.));
#18513=CARTESIAN_POINT('',(-15.,-18.,32.));
#18514=CARTESIAN_POINT('',(-15.,-18.,5.));
#18515=CARTESIAN_POINT('Origin',(-15.,-12.,5.));
#18516=CARTESIAN_POINT('',(-15.,-12.,5.));
#18517=CARTESIAN_POINT('',(-15.,-12.,32.));
#18518=CARTESIAN_POINT('Origin',(-12.,-15.,32.));
#18519=CARTESIAN_POINT('Origin',(-12.,-15.,5.));
#18520=CARTESIAN_POINT('',(0.,0.,0.));
#18521=CARTESIAN_POINT('Origin',(-12.,60.,4.9));
#18522=CARTESIAN_POINT('',(-13.25,60.,5.));
#18523=CARTESIAN_POINT('Origin',(-12.,60.,5.));
#18524=CARTESIAN_POINT('',(-13.25,60.,32.));
#18525=CARTESIAN_POINT('',(-13.25,60.,4.9));
#18526=CARTESIAN_POINT('Origin',(-12.,60.,32.));
#18527=CARTESIAN_POINT('Origin',(-9.,63.,5.));
#18528=CARTESIAN_POINT('',(-9.,63.,5.));
#18529=CARTESIAN_POINT('',(-15.,63.,5.));
#18530=CARTESIAN_POINT('',(-9.,63.,5.));
#18531=CARTESIAN_POINT('',(-15.,63.,32.));
#18532=CARTESIAN_POINT('',(-15.,63.,5.));
#18533=CARTESIAN_POINT('',(-9.,63.,32.));
#18534=CARTESIAN_POINT('',(-9.,63.,32.));
#18535=CARTESIAN_POINT('',(-9.,63.,5.));
#18536=CARTESIAN_POINT('Origin',(-9.,57.,5.));
#18537=CARTESIAN_POINT('',(-9.,57.,5.));
#18538=CARTESIAN_POINT('',(-9.,57.,5.));
#18539=CARTESIAN_POINT('',(-9.,57.,32.));
#18540=CARTESIAN_POINT('',(-9.,57.,32.));
#18541=CARTESIAN_POINT('',(-9.,57.,5.));
#18542=CARTESIAN_POINT('Origin',(-15.,57.,5.));
#18543=CARTESIAN_POINT('',(-15.,57.,5.));
#18544=CARTESIAN_POINT('',(-15.,57.,5.));
#18545=CARTESIAN_POINT('',(-15.,57.,32.));
#18546=CARTESIAN_POINT('',(-15.,57.,32.));
#18547=CARTESIAN_POINT('',(-15.,57.,5.));
#18548=CARTESIAN_POINT('Origin',(-15.,63.,5.));
#18549=CARTESIAN_POINT('',(-15.,63.,5.));
#18550=CARTESIAN_POINT('',(-15.,63.,32.));
#18551=CARTESIAN_POINT('Origin',(-12.,60.,32.));
#18552=CARTESIAN_POINT('Origin',(-12.,60.,5.));
#18553=CARTESIAN_POINT('',(0.,0.,0.));
#18554=CARTESIAN_POINT('Origin',(12.,-15.,31.9));
#18555=CARTESIAN_POINT('',(10.3,-15.,32.));
#18556=CARTESIAN_POINT('',(10.3,-15.,34.));
#18557=CARTESIAN_POINT('',(10.3,-15.,31.9));
#18558=CARTESIAN_POINT('',(13.7,-15.,32.));
#18559=CARTESIAN_POINT('Origin',(12.,-15.,32.));
#18560=CARTESIAN_POINT('',(13.7,-15.,34.));
#18561=CARTESIAN_POINT('',(13.7,-15.,31.9));
#18562=CARTESIAN_POINT('Origin',(12.,-15.,34.));
#18563=CARTESIAN_POINT('Origin',(12.,60.,31.9));
#18564=CARTESIAN_POINT('',(10.3,60.,34.));
#18565=CARTESIAN_POINT('',(10.3,60.,32.));
#18566=CARTESIAN_POINT('',(10.3,60.,31.9));
#18567=CARTESIAN_POINT('',(13.7,60.,34.));
#18568=CARTESIAN_POINT('Origin',(12.,60.,34.));
#18569=CARTESIAN_POINT('',(13.7,60.,32.));
#18570=CARTESIAN_POINT('',(13.7,60.,31.9));
#18571=CARTESIAN_POINT('Origin',(12.,60.,32.));
#18572=CARTESIAN_POINT('Origin',(9.,-15.,32.));
#18573=CARTESIAN_POINT('',(9.,-15.,34.));
#18574=CARTESIAN_POINT('',(9.,-15.,34.));
#18575=CARTESIAN_POINT('',(9.,-15.,32.));
#18576=CARTESIAN_POINT('',(9.,-15.,32.));
#18577=CARTESIAN_POINT('',(9.,-15.,32.));
#18578=CARTESIAN_POINT('Origin',(9.,-15.,32.));
#18579=CARTESIAN_POINT('',(15.,-15.,32.));
#18580=CARTESIAN_POINT('',(9.,-15.,32.));
#18581=CARTESIAN_POINT('',(15.,-15.,34.));
#18582=CARTESIAN_POINT('',(15.,-15.,32.));
#18583=CARTESIAN_POINT('',(9.,-15.,34.));
#18584=CARTESIAN_POINT('Origin',(12.,22.5,32.));
#18585=CARTESIAN_POINT('',(9.,60.,32.));
#18586=CARTESIAN_POINT('',(9.,60.,32.));
#18587=CARTESIAN_POINT('',(15.,60.,32.));
#18588=CARTESIAN_POINT('',(15.,60.,32.));
#18589=CARTESIAN_POINT('',(15.,60.,32.));
#18590=CARTESIAN_POINT('',(15.,-15.,32.));
#18591=CARTESIAN_POINT('Origin',(15.,60.,32.));
#18592=CARTESIAN_POINT('',(9.,60.,34.));
#18593=CARTESIAN_POINT('',(9.,60.,32.));
#18594=CARTESIAN_POINT('',(15.,60.,34.));
#18595=CARTESIAN_POINT('Origin',(15.,60.,32.));
#18596=CARTESIAN_POINT('',(15.,60.,34.));
#18597=CARTESIAN_POINT('',(15.,60.,34.));
#18598=CARTESIAN_POINT('',(15.,60.,32.));
#18599=CARTESIAN_POINT('Origin',(15.,-15.,32.));
#18600=CARTESIAN_POINT('',(15.,-15.,34.));
#18601=CARTESIAN_POINT('Origin',(9.,60.,32.));
#18602=CARTESIAN_POINT('',(9.,60.,34.));
#18603=CARTESIAN_POINT('Origin',(12.,22.5,34.));
#18604=CARTESIAN_POINT('',(0.,0.,0.));
#18605=CARTESIAN_POINT('Origin',(12.,-15.,4.9));
#18606=CARTESIAN_POINT('',(10.75,-15.,5.));
#18607=CARTESIAN_POINT('Origin',(12.,-15.,5.));
#18608=CARTESIAN_POINT('',(10.75,-15.,32.));
#18609=CARTESIAN_POINT('',(10.75,-15.,4.9));
#18610=CARTESIAN_POINT('Origin',(12.,-15.,32.));
#18611=CARTESIAN_POINT('Origin',(15.,-12.,5.));
#18612=CARTESIAN_POINT('',(15.,-12.,5.));
#18613=CARTESIAN_POINT('',(9.,-12.,5.));
#18614=CARTESIAN_POINT('',(15.,-12.,5.));
#18615=CARTESIAN_POINT('',(9.,-12.,32.));
#18616=CARTESIAN_POINT('',(9.,-12.,5.));
#18617=CARTESIAN_POINT('',(15.,-12.,32.));
#18618=CARTESIAN_POINT('',(15.,-12.,32.));
#18619=CARTESIAN_POINT('',(15.,-12.,5.));
#18620=CARTESIAN_POINT('Origin',(15.,-18.,5.));
#18621=CARTESIAN_POINT('',(15.,-18.,5.));
#18622=CARTESIAN_POINT('',(15.,-18.,5.));
#18623=CARTESIAN_POINT('',(15.,-18.,32.));
#18624=CARTESIAN_POINT('',(15.,-18.,32.));
#18625=CARTESIAN_POINT('',(15.,-18.,5.));
#18626=CARTESIAN_POINT('Origin',(9.,-18.,5.));
#18627=CARTESIAN_POINT('',(9.,-18.,5.));
#18628=CARTESIAN_POINT('',(9.,-18.,5.));
#18629=CARTESIAN_POINT('',(9.,-18.,32.));
#18630=CARTESIAN_POINT('',(9.,-18.,32.));
#18631=CARTESIAN_POINT('',(9.,-18.,5.));
#18632=CARTESIAN_POINT('Origin',(9.,-12.,5.));
#18633=CARTESIAN_POINT('',(9.,-12.,5.));
#18634=CARTESIAN_POINT('',(9.,-12.,32.));
#18635=CARTESIAN_POINT('Origin',(12.,-15.,32.));
#18636=CARTESIAN_POINT('Origin',(12.,-15.,5.));
#18637=CARTESIAN_POINT('',(0.,0.,0.));
#18638=CARTESIAN_POINT('Origin',(12.,60.,4.9));
#18639=CARTESIAN_POINT('',(10.75,60.,5.));
#18640=CARTESIAN_POINT('Origin',(12.,60.,5.));
#18641=CARTESIAN_POINT('',(10.75,60.,32.));
#18642=CARTESIAN_POINT('',(10.75,60.,4.9));
#18643=CARTESIAN_POINT('Origin',(12.,60.,32.));
#18644=CARTESIAN_POINT('Origin',(15.,63.,5.));
#18645=CARTESIAN_POINT('',(15.,63.,5.));
#18646=CARTESIAN_POINT('',(9.,63.,5.));
#18647=CARTESIAN_POINT('',(15.,63.,5.));
#18648=CARTESIAN_POINT('',(9.,63.,32.));
#18649=CARTESIAN_POINT('',(9.,63.,5.));
#18650=CARTESIAN_POINT('',(15.,63.,32.));
#18651=CARTESIAN_POINT('',(15.,63.,32.));
#18652=CARTESIAN_POINT('',(15.,63.,5.));
#18653=CARTESIAN_POINT('Origin',(15.,57.,5.));
#18654=CARTESIAN_POINT('',(15.,57.,5.));
#18655=CARTESIAN_POINT('',(15.,57.,5.));
#18656=CARTESIAN_POINT('',(15.,57.,32.));
#18657=CARTESIAN_POINT('',(15.,57.,32.));
#18658=CARTESIAN_POINT('',(15.,57.,5.));
#18659=CARTESIAN_POINT('Origin',(9.,57.,5.));
#18660=CARTESIAN_POINT('',(9.,57.,5.));
#18661=CARTESIAN_POINT('',(9.,57.,5.));
#18662=CARTESIAN_POINT('',(9.,57.,32.));
#18663=CARTESIAN_POINT('',(9.,57.,32.));
#18664=CARTESIAN_POINT('',(9.,57.,5.));
#18665=CARTESIAN_POINT('Origin',(9.,63.,5.));
#18666=CARTESIAN_POINT('',(9.,63.,5.));
#18667=CARTESIAN_POINT('',(9.,63.,32.));
#18668=CARTESIAN_POINT('Origin',(12.,60.,32.));
#18669=CARTESIAN_POINT('Origin',(12.,60.,5.));
#18670=CARTESIAN_POINT('',(0.,0.,0.));
#18671=CARTESIAN_POINT('Origin',(-31.5,68.,31.5));
#18672=CARTESIAN_POINT('',(-30.6,71.8457769046059,30.4));
#18673=CARTESIAN_POINT('',(-31.4,71.8457769046059,30.4));
#18674=CARTESIAN_POINT('',(-31.5,71.8457769046059,30.4));
#18675=CARTESIAN_POINT('',(-30.6,71.8457769046059,32.6));
#18676=CARTESIAN_POINT('Origin',(-30.6,68.,31.5));
#18677=CARTESIAN_POINT('',(-31.4,71.8457769046059,32.6));
#18678=CARTESIAN_POINT('',(-31.5,71.8457769046059,32.6));
#18679=CARTESIAN_POINT('Origin',(-31.4,68.,31.5));
#18680=CARTESIAN_POINT('Origin',(-31.5,73.2,32.6));
#18681=CARTESIAN_POINT('',(-30.6,70.2449944320644,32.6));
#18682=CARTESIAN_POINT('',(-30.6,70.6,32.6));
#18683=CARTESIAN_POINT('',(-31.4,70.2449944320644,32.6));
#18684=CARTESIAN_POINT('',(-31.4,70.2449944320644,32.6));
#18685=CARTESIAN_POINT('',(-31.4,70.6,32.6));
#18686=CARTESIAN_POINT('Origin',(-30.6,68.,31.5));
#18687=CARTESIAN_POINT('',(-30.6,70.2449944320644,30.4));
#18688=CARTESIAN_POINT('',(-30.6,69.1,30.4));
#18689=CARTESIAN_POINT('Origin',(-30.6,68.,31.5));
#18690=CARTESIAN_POINT('Origin',(-31.5,70.2,30.4));
#18691=CARTESIAN_POINT('',(-31.4,70.2449944320644,30.4));
#18692=CARTESIAN_POINT('',(-31.4,69.1,30.4));
#18693=CARTESIAN_POINT('',(-31.4,70.2449944320644,30.4));
#18694=CARTESIAN_POINT('Origin',(-31.4,68.,31.5));
#18695=CARTESIAN_POINT('Origin',(-31.4,68.,31.5));
#18696=CARTESIAN_POINT('Origin',(-31.4,68.,31.5));
#18697=CARTESIAN_POINT('',(0.,0.,0.));
#18698=CARTESIAN_POINT('Origin',(30.5,68.,31.5));
#18699=CARTESIAN_POINT('',(31.4,71.8457769046059,30.4));
#18700=CARTESIAN_POINT('',(30.6,71.8457769046059,30.4));
#18701=CARTESIAN_POINT('',(30.5,71.8457769046059,30.4));
#18702=CARTESIAN_POINT('',(31.4,71.8457769046059,32.6));
#18703=CARTESIAN_POINT('Origin',(31.4,68.,31.5));
#18704=CARTESIAN_POINT('',(30.6,71.8457769046059,32.6));
#18705=CARTESIAN_POINT('',(30.5,71.8457769046059,32.6));
#18706=CARTESIAN_POINT('Origin',(30.6,68.,31.5));
#18707=CARTESIAN_POINT('Origin',(30.5,73.2,32.6));
#18708=CARTESIAN_POINT('',(31.4,70.2449944320644,32.6));
#18709=CARTESIAN_POINT('',(31.4,70.6,32.6));
#18710=CARTESIAN_POINT('',(30.6,70.2449944320644,32.6));
#18711=CARTESIAN_POINT('',(30.6,70.2449944320644,32.6));
#18712=CARTESIAN_POINT('',(30.6,70.6,32.6));
#18713=CARTESIAN_POINT('Origin',(31.4,68.,31.5));
#18714=CARTESIAN_POINT('',(31.4,70.2449944320644,30.4));
#18715=CARTESIAN_POINT('',(31.4,69.1,30.4));
#18716=CARTESIAN_POINT('Origin',(31.4,68.,31.5));
#18717=CARTESIAN_POINT('Origin',(30.5,70.2,30.4));
#18718=CARTESIAN_POINT('',(30.6,70.2449944320644,30.4));
#18719=CARTESIAN_POINT('',(30.6,69.1,30.4));
#18720=CARTESIAN_POINT('',(30.6,70.2449944320644,30.4));
#18721=CARTESIAN_POINT('Origin',(30.6,68.,31.5));
#18722=CARTESIAN_POINT('Origin',(30.6,68.,31.5));
#18723=CARTESIAN_POINT('Origin',(30.6,68.,31.5));
#18724=CARTESIAN_POINT('',(0.,0.,0.));
#18725=CARTESIAN_POINT('',(0.,0.,0.));
#18726=CARTESIAN_POINT('',(0.,0.,0.));
#18727=CARTESIAN_POINT('',(0.,0.,0.));
#18728=CARTESIAN_POINT('',(0.,0.,0.));
#18729=CARTESIAN_POINT('',(0.,0.,0.));
#18730=CARTESIAN_POINT('',(0.,0.,0.));
#18731=CARTESIAN_POINT('',(0.,0.,0.));
#18732=CARTESIAN_POINT('',(0.,0.,0.));
#18733=CARTESIAN_POINT('',(0.,0.,0.));
#18734=CARTESIAN_POINT('',(0.,0.,0.));
#18735=CARTESIAN_POINT('',(0.,0.,0.));
#18736=CARTESIAN_POINT('',(0.,0.,0.));
#18737=CARTESIAN_POINT('',(0.,0.,0.));
#18738=CARTESIAN_POINT('',(0.,0.,0.));
#18739=CARTESIAN_POINT('',(0.,0.,0.));
#18740=CARTESIAN_POINT('',(0.,0.,0.));
#18741=CARTESIAN_POINT('',(0.,0.,0.));
#18742=CARTESIAN_POINT('',(0.,0.,0.));
#18743=CARTESIAN_POINT('',(0.,0.,0.));
#18744=CARTESIAN_POINT('',(0.,0.,0.));
#18745=CARTESIAN_POINT('Origin',(-58.,0.,21.));
#18746=CARTESIAN_POINT('',(-9.,-1.34711147906209E-15,32.));
#18747=CARTESIAN_POINT('Origin',(-9.,0.,21.));
#18748=CARTESIAN_POINT('',(-58.,-1.34711147906209E-15,32.));
#18749=CARTESIAN_POINT('',(-58.,-1.34711147906209E-15,32.));
#18750=CARTESIAN_POINT('Origin',(-58.,0.,21.));
#18751=CARTESIAN_POINT('Origin',(-9.,0.,21.));
#18752=CARTESIAN_POINT('Origin',(-58.,0.,21.));
#18753=CARTESIAN_POINT('',(0.,0.,0.));
#18754=CARTESIAN_POINT('Origin',(-72.,0.,21.));
#18755=CARTESIAN_POINT('',(-58.,-2.44929359829471E-16,23.));
#18756=CARTESIAN_POINT('Origin',(-58.,0.,21.));
#18757=CARTESIAN_POINT('',(-72.,-2.44929359829471E-16,23.));
#18758=CARTESIAN_POINT('',(-72.,-2.44929359829471E-16,23.));
#18759=CARTESIAN_POINT('Origin',(-72.,0.,21.));
#18760=CARTESIAN_POINT('Origin',(-58.,0.,21.));
#18761=CARTESIAN_POINT('Origin',(-72.,0.,21.));
#18762=CARTESIAN_POINT('',(0.,0.,0.));
#18763=CARTESIAN_POINT('Origin',(-61.1,10.,11.));
#18764=CARTESIAN_POINT('',(-61.,10.,12.6));
#18765=CARTESIAN_POINT('Origin',(-61.,10.,11.));
#18766=CARTESIAN_POINT('',(-58.,10.,12.6));
#18767=CARTESIAN_POINT('',(-61.1,10.,12.6));
#18768=CARTESIAN_POINT('Origin',(-58.,10.,11.));
#18769=CARTESIAN_POINT('Origin',(-61.1,-10.,31.));
#18770=CARTESIAN_POINT('',(-61.,-10.,32.6));
#18771=CARTESIAN_POINT('Origin',(-61.,-10.,31.));
#18772=CARTESIAN_POINT('',(-58.,-10.,32.6));
#18773=CARTESIAN_POINT('',(-61.1,-10.,32.6));
#18774=CARTESIAN_POINT('Origin',(-58.,-10.,31.));
#18775=CARTESIAN_POINT('Origin',(-61.1,-10.,11.));
#18776=CARTESIAN_POINT('',(-61.,-10.,12.6));
#18777=CARTESIAN_POINT('Origin',(-61.,-10.,11.));
#18778=CARTESIAN_POINT('',(-58.,-10.,12.6));
#18779=CARTESIAN_POINT('',(-61.1,-10.,12.6));
#18780=CARTESIAN_POINT('Origin',(-58.,-10.,11.));
#18781=CARTESIAN_POINT('Origin',(-61.1,10.,31.));
#18782=CARTESIAN_POINT('',(-61.,10.,32.6));
#18783=CARTESIAN_POINT('Origin',(-61.,10.,31.));
#18784=CARTESIAN_POINT('',(-58.,10.,32.6));
#18785=CARTESIAN_POINT('',(-61.1,10.,32.6));
#18786=CARTESIAN_POINT('Origin',(-58.,10.,31.));
#18787=CARTESIAN_POINT('Origin',(-61.1,0.,21.));
#18788=CARTESIAN_POINT('',(-61.,-1.35935794705356E-15,32.1));
#18789=CARTESIAN_POINT('Origin',(-61.,0.,21.));
#18790=CARTESIAN_POINT('',(-58.,1.35935794705356E-15,32.1));
#18791=CARTESIAN_POINT('',(-61.1,-1.35935794705356E-15,32.1));
#18792=CARTESIAN_POINT('Origin',(-58.,0.,21.));
#18793=CARTESIAN_POINT('Origin',(-58.,13.,8.));
#18794=CARTESIAN_POINT('',(-58.,13.,8.));
#18795=CARTESIAN_POINT('',(-61.,13.,8.));
#18796=CARTESIAN_POINT('',(-58.,13.,8.));
#18797=CARTESIAN_POINT('',(-61.,13.,34.));
#18798=CARTESIAN_POINT('',(-61.,13.,8.));
#18799=CARTESIAN_POINT('',(-58.,13.,34.));
#18800=CARTESIAN_POINT('',(-58.,13.,34.));
#18801=CARTESIAN_POINT('',(-58.,13.,8.));
#18802=CARTESIAN_POINT('Origin',(-58.,-13.,8.));
#18803=CARTESIAN_POINT('',(-58.,-13.,8.));
#18804=CARTESIAN_POINT('',(-58.,-13.,8.));
#18805=CARTESIAN_POINT('',(-58.,-13.,34.));
#18806=CARTESIAN_POINT('',(-58.,-13.,34.));
#18807=CARTESIAN_POINT('',(-58.,-13.,8.));
#18808=CARTESIAN_POINT('Origin',(-61.,-13.,8.));
#18809=CARTESIAN_POINT('',(-61.,-13.,8.));
#18810=CARTESIAN_POINT('',(-61.,-13.,8.));
#18811=CARTESIAN_POINT('',(-61.,-13.,34.));
#18812=CARTESIAN_POINT('',(-61.,-13.,34.));
#18813=CARTESIAN_POINT('',(-61.,-13.,8.));
#18814=CARTESIAN_POINT('Origin',(-61.,13.,8.));
#18815=CARTESIAN_POINT('',(-61.,13.,8.));
#18816=CARTESIAN_POINT('',(-61.,13.,34.));
#18817=CARTESIAN_POINT('Origin',(-59.5,0.,34.));
#18818=CARTESIAN_POINT('Origin',(-59.5,0.,8.));
#18819=CARTESIAN_POINT('',(0.,0.,0.));
#18820=CARTESIAN_POINT('Origin',(-53.,-19.05,30.));
#18821=CARTESIAN_POINT('',(-48.,-18.,30.));
#18822=CARTESIAN_POINT('',(-48.,-20.,30.));
#18823=CARTESIAN_POINT('',(-48.,-19.525,30.));
#18824=CARTESIAN_POINT('',(-58.,-18.,30.));
#18825=CARTESIAN_POINT('',(-47.9,-18.,30.));
#18826=CARTESIAN_POINT('',(-58.,-20.,30.));
#18827=CARTESIAN_POINT('',(-58.,0.474999999999999,30.));
#18828=CARTESIAN_POINT('',(-55.5,-20.,30.));
#18829=CARTESIAN_POINT('Origin',(-47.9,-18.,30.));
#18830=CARTESIAN_POINT('',(-48.,-18.,37.));
#18831=CARTESIAN_POINT('',(-48.,-18.,17.5));
#18832=CARTESIAN_POINT('',(-58.,-18.,37.));
#18833=CARTESIAN_POINT('',(-50.45,-18.,37.));
#18834=CARTESIAN_POINT('',(-58.,-18.,17.5));
#18835=CARTESIAN_POINT('Origin',(-58.,-20.,5.));
#18836=CARTESIAN_POINT('',(-58.,-20.,5.));
#18837=CARTESIAN_POINT('',(-58.,-20.,5.));
#18838=CARTESIAN_POINT('',(-48.,-20.,5.));
#18839=CARTESIAN_POINT('',(-58.,-20.,5.));
#18840=CARTESIAN_POINT('',(-48.,-20.,5.));
#18841=CARTESIAN_POINT('Origin',(-58.,20.,5.));
#18842=CARTESIAN_POINT('',(-58.,20.,37.));
#18843=CARTESIAN_POINT('',(-58.,20.,37.));
#18844=CARTESIAN_POINT('',(-58.,20.,5.));
#18845=CARTESIAN_POINT('',(-58.,20.,5.));
#18846=CARTESIAN_POINT('',(-58.,20.,5.));
#18847=CARTESIAN_POINT('',(-58.,10.,12.25));
#18848=CARTESIAN_POINT('Origin',(-58.,10.,11.));
#18849=CARTESIAN_POINT('',(-58.,-10.,32.25));
#18850=CARTESIAN_POINT('Origin',(-58.,-10.,31.));
#18851=CARTESIAN_POINT('',(-58.,-10.,12.25));
#18852=CARTESIAN_POINT('Origin',(-58.,-10.,11.));
#18853=CARTESIAN_POINT('',(-58.,10.,32.25));
#18854=CARTESIAN_POINT('Origin',(-58.,10.,31.));
#18855=CARTESIAN_POINT('',(-58.,-1.35935794705356E-15,32.1));
#18856=CARTESIAN_POINT('Origin',(-58.,0.,21.));
#18857=CARTESIAN_POINT('Origin',(-53.,-16.,4.9));
#18858=CARTESIAN_POINT('',(-54.25,-16.,5.));
#18859=CARTESIAN_POINT('Origin',(-53.,-16.,5.));
#18860=CARTESIAN_POINT('',(-54.25,-16.,17.));
#18861=CARTESIAN_POINT('',(-54.25,-16.,4.9));
#18862=CARTESIAN_POINT('Origin',(-53.,-16.,17.));
#18863=CARTESIAN_POINT('Origin',(-53.,-16.,17.));
#18864=CARTESIAN_POINT('Origin',(-53.,16.,4.9));
#18865=CARTESIAN_POINT('',(-54.25,16.,5.));
#18866=CARTESIAN_POINT('Origin',(-53.,16.,5.));
#18867=CARTESIAN_POINT('',(-54.25,16.,17.));
#18868=CARTESIAN_POINT('',(-54.25,16.,4.9));
#18869=CARTESIAN_POINT('Origin',(-53.,16.,17.));
#18870=CARTESIAN_POINT('Origin',(-53.,16.,17.));
#18871=CARTESIAN_POINT('Origin',(-58.1,10.,11.));
#18872=CARTESIAN_POINT('',(-48.,10.,12.25));
#18873=CARTESIAN_POINT('',(-58.1,10.,12.25));
#18874=CARTESIAN_POINT('Origin',(-48.,10.,11.));
#18875=CARTESIAN_POINT('Origin',(-58.1,-10.,31.));
#18876=CARTESIAN_POINT('',(-48.,-10.,32.25));
#18877=CARTESIAN_POINT('',(-58.1,-10.,32.25));
#18878=CARTESIAN_POINT('Origin',(-48.,-10.,31.));
#18879=CARTESIAN_POINT('Origin',(-58.1,-10.,11.));
#18880=CARTESIAN_POINT('',(-48.,-10.,12.25));
#18881=CARTESIAN_POINT('',(-58.1,-10.,12.25));
#18882=CARTESIAN_POINT('Origin',(-48.,-10.,11.));
#18883=CARTESIAN_POINT('Origin',(-58.1,10.,31.));
#18884=CARTESIAN_POINT('',(-48.,10.,32.25));
#18885=CARTESIAN_POINT('',(-58.1,10.,32.25));
#18886=CARTESIAN_POINT('Origin',(-48.,10.,31.));
#18887=CARTESIAN_POINT('Origin',(-58.1,0.,21.));
#18888=CARTESIAN_POINT('',(-48.,1.35935794705356E-15,32.1));
#18889=CARTESIAN_POINT('',(-58.1,-1.35935794705356E-15,32.1));
#18890=CARTESIAN_POINT('Origin',(-48.,0.,21.));
#18891=CARTESIAN_POINT('Origin',(-48.,20.,5.));
#18892=CARTESIAN_POINT('',(-48.,20.,5.));
#18893=CARTESIAN_POINT('',(-48.,20.,5.));
#18894=CARTESIAN_POINT('',(-48.,20.,37.));
#18895=CARTESIAN_POINT('',(-48.,20.,37.));
#18896=CARTESIAN_POINT('',(-48.,20.,5.));
#18897=CARTESIAN_POINT('Origin',(-48.,-20.,5.));
#18898=CARTESIAN_POINT('',(-48.,-20.,5.));
#18899=CARTESIAN_POINT('',(-48.,-20.,37.));
#18900=CARTESIAN_POINT('Origin',(-53.,0.,37.));
#18901=CARTESIAN_POINT('Origin',(-53.,0.,5.));
#18902=CARTESIAN_POINT('',(0.,0.,0.));
#18903=CARTESIAN_POINT('Origin',(-67.1,-6.35,21.));
#18904=CARTESIAN_POINT('',(-67.,-6.35,22.25));
#18905=CARTESIAN_POINT('Origin',(-67.,-6.35,21.));
#18906=CARTESIAN_POINT('',(-61.,-6.35,22.25));
#18907=CARTESIAN_POINT('',(-67.1,-6.35,22.25));
#18908=CARTESIAN_POINT('Origin',(-61.,-6.35,21.));
#18909=CARTESIAN_POINT('Origin',(-67.1,6.35,21.));
#18910=CARTESIAN_POINT('',(-67.,6.35,22.25));
#18911=CARTESIAN_POINT('Origin',(-67.,6.35,21.));
#18912=CARTESIAN_POINT('',(-61.,6.35,22.25));
#18913=CARTESIAN_POINT('',(-67.1,6.35,22.25));
#18914=CARTESIAN_POINT('Origin',(-61.,6.35,21.));
#18915=CARTESIAN_POINT('Origin',(-67.1,0.,21.));
#18916=CARTESIAN_POINT('',(-67.,-2.44929359829471E-16,23.));
#18917=CARTESIAN_POINT('Origin',(-67.,0.,21.));
#18918=CARTESIAN_POINT('',(-61.,2.44929359829471E-16,23.));
#18919=CARTESIAN_POINT('',(-67.1,-2.44929359829471E-16,23.));
#18920=CARTESIAN_POINT('Origin',(-61.,0.,21.));
#18921=CARTESIAN_POINT('Origin',(-67.,0.,21.));
#18922=CARTESIAN_POINT('',(-61.,-9.79717439317883E-16,29.));
#18923=CARTESIAN_POINT('Origin',(-61.,0.,21.));
#18924=CARTESIAN_POINT('',(-67.,-9.79717439317883E-16,29.));
#18925=CARTESIAN_POINT('',(-67.,-9.79717439317883E-16,29.));
#18926=CARTESIAN_POINT('Origin',(-67.,0.,21.));
#18927=CARTESIAN_POINT('Origin',(-61.,0.,21.));
#18928=CARTESIAN_POINT('Origin',(-67.,0.,21.));
#18929=CARTESIAN_POINT('',(0.,0.,0.));
#18930=CARTESIAN_POINT('Origin',(9.,0.,21.));
#18931=CARTESIAN_POINT('',(58.,-1.34711147906209E-15,32.));
#18932=CARTESIAN_POINT('Origin',(58.,0.,21.));
#18933=CARTESIAN_POINT('',(9.,-1.34711147906209E-15,32.));
#18934=CARTESIAN_POINT('',(9.,-1.34711147906209E-15,32.));
#18935=CARTESIAN_POINT('Origin',(9.,0.,21.));
#18936=CARTESIAN_POINT('Origin',(58.,0.,21.));
#18937=CARTESIAN_POINT('Origin',(9.,0.,21.));
#18938=CARTESIAN_POINT('',(0.,0.,0.));
#18939=CARTESIAN_POINT('Origin',(58.,0.,21.));
#18940=CARTESIAN_POINT('',(72.,-2.44929359829471E-16,23.));
#18941=CARTESIAN_POINT('Origin',(72.,0.,21.));
#18942=CARTESIAN_POINT('',(58.,-2.44929359829471E-16,23.));
#18943=CARTESIAN_POINT('',(58.,-2.44929359829471E-16,23.));
#18944=CARTESIAN_POINT('Origin',(58.,0.,21.));
#18945=CARTESIAN_POINT('Origin',(72.,0.,21.));
#18946=CARTESIAN_POINT('Origin',(58.,0.,21.));
#18947=CARTESIAN_POINT('',(0.,0.,0.));
#18948=CARTESIAN_POINT('Origin',(57.9,10.,11.));
#18949=CARTESIAN_POINT('',(58.,10.,12.6));
#18950=CARTESIAN_POINT('Origin',(58.,10.,11.));
#18951=CARTESIAN_POINT('',(61.,10.,12.6));
#18952=CARTESIAN_POINT('',(57.9,10.,12.6));
#18953=CARTESIAN_POINT('Origin',(61.,10.,11.));
#18954=CARTESIAN_POINT('Origin',(57.9,-10.,31.));
#18955=CARTESIAN_POINT('',(58.,-10.,32.6));
#18956=CARTESIAN_POINT('Origin',(58.,-10.,31.));
#18957=CARTESIAN_POINT('',(61.,-10.,32.6));
#18958=CARTESIAN_POINT('',(57.9,-10.,32.6));
#18959=CARTESIAN_POINT('Origin',(61.,-10.,31.));
#18960=CARTESIAN_POINT('Origin',(57.9,-10.,11.));
#18961=CARTESIAN_POINT('',(58.,-10.,12.6));
#18962=CARTESIAN_POINT('Origin',(58.,-10.,11.));
#18963=CARTESIAN_POINT('',(61.,-10.,12.6));
#18964=CARTESIAN_POINT('',(57.9,-10.,12.6));
#18965=CARTESIAN_POINT('Origin',(61.,-10.,11.));
#18966=CARTESIAN_POINT('Origin',(57.9,10.,31.));
#18967=CARTESIAN_POINT('',(58.,10.,32.6));
#18968=CARTESIAN_POINT('Origin',(58.,10.,31.));
#18969=CARTESIAN_POINT('',(61.,10.,32.6));
#18970=CARTESIAN_POINT('',(57.9,10.,32.6));
#18971=CARTESIAN_POINT('Origin',(61.,10.,31.));
#18972=CARTESIAN_POINT('Origin',(57.9,0.,21.));
#18973=CARTESIAN_POINT('',(58.,-1.35935794705356E-15,32.1));
#18974=CARTESIAN_POINT('Origin',(58.,0.,21.));
#18975=CARTESIAN_POINT('',(61.,1.35935794705356E-15,32.1));
#18976=CARTESIAN_POINT('',(57.9,-1.35935794705356E-15,32.1));
#18977=CARTESIAN_POINT('Origin',(61.,0.,21.));
#18978=CARTESIAN_POINT('Origin',(61.,13.,8.));
#18979=CARTESIAN_POINT('',(61.,13.,8.));
#18980=CARTESIAN_POINT('',(58.,13.,8.));
#18981=CARTESIAN_POINT('',(61.,13.,8.));
#18982=CARTESIAN_POINT('',(58.,13.,34.));
#18983=CARTESIAN_POINT('',(58.,13.,8.));
#18984=CARTESIAN_POINT('',(61.,13.,34.));
#18985=CARTESIAN_POINT('',(61.,13.,34.));
#18986=CARTESIAN_POINT('',(61.,13.,8.));
#18987=CARTESIAN_POINT('Origin',(61.,-13.,8.));
#18988=CARTESIAN_POINT('',(61.,-13.,8.));
#18989=CARTESIAN_POINT('',(61.,-13.,8.));
#18990=CARTESIAN_POINT('',(61.,-13.,34.));
#18991=CARTESIAN_POINT('',(61.,-13.,34.));
#18992=CARTESIAN_POINT('',(61.,-13.,8.));
#18993=CARTESIAN_POINT('Origin',(58.,-13.,8.));
#18994=CARTESIAN_POINT('',(58.,-13.,8.));
#18995=CARTESIAN_POINT('',(58.,-13.,8.));
#18996=CARTESIAN_POINT('',(58.,-13.,34.));
#18997=CARTESIAN_POINT('',(58.,-13.,34.));
#18998=CARTESIAN_POINT('',(58.,-13.,8.));
#18999=CARTESIAN_POINT('Origin',(58.,13.,8.));
#19000=CARTESIAN_POINT('',(58.,13.,8.));
#19001=CARTESIAN_POINT('',(58.,13.,34.));
#19002=CARTESIAN_POINT('Origin',(59.5,0.,34.));
#19003=CARTESIAN_POINT('Origin',(59.5,0.,8.));
#19004=CARTESIAN_POINT('',(0.,0.,0.));
#19005=CARTESIAN_POINT('Origin',(53.,-19.05,30.));
#19006=CARTESIAN_POINT('',(58.,-18.,30.));
#19007=CARTESIAN_POINT('',(58.,-20.,30.));
#19008=CARTESIAN_POINT('',(58.,-19.525,30.));
#19009=CARTESIAN_POINT('',(48.,-18.,30.));
#19010=CARTESIAN_POINT('',(58.1,-18.,30.));
#19011=CARTESIAN_POINT('',(48.,-20.,30.));
#19012=CARTESIAN_POINT('',(48.,0.474999999999999,30.));
#19013=CARTESIAN_POINT('',(50.5,-20.,30.));
#19014=CARTESIAN_POINT('Origin',(58.1,-18.,30.));
#19015=CARTESIAN_POINT('',(58.,-18.,37.));
#19016=CARTESIAN_POINT('',(58.,-18.,17.5));
#19017=CARTESIAN_POINT('',(48.,-18.,37.));
#19018=CARTESIAN_POINT('',(55.55,-18.,37.));
#19019=CARTESIAN_POINT('',(48.,-18.,17.5));
#19020=CARTESIAN_POINT('Origin',(48.,-20.,5.));
#19021=CARTESIAN_POINT('',(48.,-20.,5.));
#19022=CARTESIAN_POINT('',(48.,-20.,5.));
#19023=CARTESIAN_POINT('',(58.,-20.,5.));
#19024=CARTESIAN_POINT('',(48.,-20.,5.));
#19025=CARTESIAN_POINT('',(58.,-20.,5.));
#19026=CARTESIAN_POINT('Origin',(48.,20.,5.));
#19027=CARTESIAN_POINT('',(48.,20.,37.));
#19028=CARTESIAN_POINT('',(48.,20.,37.));
#19029=CARTESIAN_POINT('',(48.,20.,5.));
#19030=CARTESIAN_POINT('',(48.,20.,5.));
#19031=CARTESIAN_POINT('',(48.,20.,5.));
#19032=CARTESIAN_POINT('',(48.,10.,12.25));
#19033=CARTESIAN_POINT('Origin',(48.,10.,11.));
#19034=CARTESIAN_POINT('',(48.,-10.,32.25));
#19035=CARTESIAN_POINT('Origin',(48.,-10.,31.));
#19036=CARTESIAN_POINT('',(48.,-10.,12.25));
#19037=CARTESIAN_POINT('Origin',(48.,-10.,11.));
#19038=CARTESIAN_POINT('',(48.,10.,32.25));
#19039=CARTESIAN_POINT('Origin',(48.,10.,31.));
#19040=CARTESIAN_POINT('',(48.,-1.35935794705356E-15,32.1));
#19041=CARTESIAN_POINT('Origin',(48.,0.,21.));
#19042=CARTESIAN_POINT('Origin',(53.,-16.,4.9));
#19043=CARTESIAN_POINT('',(51.75,-16.,5.));
#19044=CARTESIAN_POINT('Origin',(53.,-16.,5.));
#19045=CARTESIAN_POINT('',(51.75,-16.,17.));
#19046=CARTESIAN_POINT('',(51.75,-16.,4.9));
#19047=CARTESIAN_POINT('Origin',(53.,-16.,17.));
#19048=CARTESIAN_POINT('Origin',(53.,-16.,17.));
#19049=CARTESIAN_POINT('Origin',(53.,16.,4.9));
#19050=CARTESIAN_POINT('',(51.75,16.,5.));
#19051=CARTESIAN_POINT('Origin',(53.,16.,5.));
#19052=CARTESIAN_POINT('',(51.75,16.,17.));
#19053=CARTESIAN_POINT('',(51.75,16.,4.9));
#19054=CARTESIAN_POINT('Origin',(53.,16.,17.));
#19055=CARTESIAN_POINT('Origin',(53.,16.,17.));
#19056=CARTESIAN_POINT('Origin',(47.9,10.,11.));
#19057=CARTESIAN_POINT('',(58.,10.,12.25));
#19058=CARTESIAN_POINT('',(47.9,10.,12.25));
#19059=CARTESIAN_POINT('Origin',(58.,10.,11.));
#19060=CARTESIAN_POINT('Origin',(47.9,-10.,31.));
#19061=CARTESIAN_POINT('',(58.,-10.,32.25));
#19062=CARTESIAN_POINT('',(47.9,-10.,32.25));
#19063=CARTESIAN_POINT('Origin',(58.,-10.,31.));
#19064=CARTESIAN_POINT('Origin',(47.9,-10.,11.));
#19065=CARTESIAN_POINT('',(58.,-10.,12.25));
#19066=CARTESIAN_POINT('',(47.9,-10.,12.25));
#19067=CARTESIAN_POINT('Origin',(58.,-10.,11.));
#19068=CARTESIAN_POINT('Origin',(47.9,10.,31.));
#19069=CARTESIAN_POINT('',(58.,10.,32.25));
#19070=CARTESIAN_POINT('',(47.9,10.,32.25));
#19071=CARTESIAN_POINT('Origin',(58.,10.,31.));
#19072=CARTESIAN_POINT('Origin',(47.9,0.,21.));
#19073=CARTESIAN_POINT('',(58.,1.35935794705356E-15,32.1));
#19074=CARTESIAN_POINT('',(47.9,-1.35935794705356E-15,32.1));
#19075=CARTESIAN_POINT('Origin',(58.,0.,21.));
#19076=CARTESIAN_POINT('Origin',(58.,20.,5.));
#19077=CARTESIAN_POINT('',(58.,20.,5.));
#19078=CARTESIAN_POINT('',(58.,20.,5.));
#19079=CARTESIAN_POINT('',(58.,20.,37.));
#19080=CARTESIAN_POINT('',(58.,20.,37.));
#19081=CARTESIAN_POINT('',(58.,20.,5.));
#19082=CARTESIAN_POINT('Origin',(58.,-20.,5.));
#19083=CARTESIAN_POINT('',(58.,-20.,5.));
#19084=CARTESIAN_POINT('',(58.,-20.,37.));
#19085=CARTESIAN_POINT('Origin',(53.,0.,37.));
#19086=CARTESIAN_POINT('Origin',(53.,0.,5.));
#19087=CARTESIAN_POINT('',(0.,0.,0.));
#19088=CARTESIAN_POINT('Origin',(60.9,-6.35,21.));
#19089=CARTESIAN_POINT('',(61.,-6.35,22.25));
#19090=CARTESIAN_POINT('Origin',(61.,-6.35,21.));
#19091=CARTESIAN_POINT('',(67.,-6.35,22.25));
#19092=CARTESIAN_POINT('',(60.9,-6.35,22.25));
#19093=CARTESIAN_POINT('Origin',(67.,-6.35,21.));
#19094=CARTESIAN_POINT('Origin',(60.9,6.35,21.));
#19095=CARTESIAN_POINT('',(61.,6.35,22.25));
#19096=CARTESIAN_POINT('Origin',(61.,6.35,21.));
#19097=CARTESIAN_POINT('',(67.,6.35,22.25));
#19098=CARTESIAN_POINT('',(60.9,6.35,22.25));
#19099=CARTESIAN_POINT('Origin',(67.,6.35,21.));
#19100=CARTESIAN_POINT('Origin',(60.9,0.,21.));
#19101=CARTESIAN_POINT('',(61.,-2.44929359829471E-16,23.));
#19102=CARTESIAN_POINT('Origin',(61.,0.,21.));
#19103=CARTESIAN_POINT('',(67.,2.44929359829471E-16,23.));
#19104=CARTESIAN_POINT('',(60.9,-2.44929359829471E-16,23.));
#19105=CARTESIAN_POINT('Origin',(67.,0.,21.));
#19106=CARTESIAN_POINT('Origin',(61.,0.,21.));
#19107=CARTESIAN_POINT('',(67.,-9.79717439317883E-16,29.));
#19108=CARTESIAN_POINT('Origin',(67.,0.,21.));
#19109=CARTESIAN_POINT('',(61.,-9.79717439317883E-16,29.));
#19110=CARTESIAN_POINT('',(61.,-9.79717439317883E-16,29.));
#19111=CARTESIAN_POINT('Origin',(61.,0.,21.));
#19112=CARTESIAN_POINT('Origin',(67.,0.,21.));
#19113=CARTESIAN_POINT('Origin',(61.,0.,21.));
#19114=CARTESIAN_POINT('',(0.,0.,0.));
#19115=CARTESIAN_POINT('',(0.,0.,0.));
#19116=CARTESIAN_POINT('',(0.,0.,0.));
#19117=CARTESIAN_POINT('',(0.,0.,0.));
#19118=CARTESIAN_POINT('',(0.,0.,0.));
#19119=CARTESIAN_POINT('',(0.,0.,0.));
#19120=CARTESIAN_POINT('',(0.,0.,0.));
#19121=CARTESIAN_POINT('',(0.,0.,0.));
#19122=CARTESIAN_POINT('',(0.,0.,0.));
#19123=CARTESIAN_POINT('',(0.,0.,0.));
#19124=CARTESIAN_POINT('',(0.,0.,0.));
#19125=CARTESIAN_POINT('',(0.,0.,0.));
#19126=CARTESIAN_POINT('Origin',(67.9,-48.,64.6));
#19127=CARTESIAN_POINT('',(67.9,-48.,65.85));
#19128=CARTESIAN_POINT('Origin',(67.9,-48.,64.6));
#19129=CARTESIAN_POINT('',(78.,-48.,65.85));
#19130=CARTESIAN_POINT('',(67.9,-48.,65.85));
#19131=CARTESIAN_POINT('Origin',(78.,-48.,64.6));
#19132=CARTESIAN_POINT('Origin',(67.9,-48.,64.6));
#19133=CARTESIAN_POINT('Origin',(-78.1,-48.,64.6));
#19134=CARTESIAN_POINT('',(-78.,-48.,65.85));
#19135=CARTESIAN_POINT('Origin',(-78.,-48.,64.6));
#19136=CARTESIAN_POINT('',(-67.9,-48.,65.85));
#19137=CARTESIAN_POINT('',(-78.1,-48.,65.85));
#19138=CARTESIAN_POINT('Origin',(-67.9,-48.,64.6));
#19139=CARTESIAN_POINT('Origin',(-67.9,-48.,64.6));
#19140=CARTESIAN_POINT('Origin',(78.,-45.,61.6));
#19141=CARTESIAN_POINT('',(78.,-45.,61.6));
#19142=CARTESIAN_POINT('',(-78.,-45.,61.6));
#19143=CARTESIAN_POINT('',(78.,-45.,61.6));
#19144=CARTESIAN_POINT('',(-78.,-45.,67.6));
#19145=CARTESIAN_POINT('',(-78.,-45.,61.6));
#19146=CARTESIAN_POINT('',(78.,-45.,67.6));
#19147=CARTESIAN_POINT('',(78.,-45.,67.6));
#19148=CARTESIAN_POINT('',(78.,-45.,61.6));
#19149=CARTESIAN_POINT('Origin',(78.,-51.,61.6));
#19150=CARTESIAN_POINT('',(78.,-51.,61.6));
#19151=CARTESIAN_POINT('',(78.,-51.,61.6));
#19152=CARTESIAN_POINT('',(78.,-51.,67.6));
#19153=CARTESIAN_POINT('',(78.,-51.,67.6));
#19154=CARTESIAN_POINT('',(78.,-51.,61.6));
#19155=CARTESIAN_POINT('Origin',(-78.,-51.,61.6));
#19156=CARTESIAN_POINT('',(-78.,-51.,61.6));
#19157=CARTESIAN_POINT('',(-78.,-51.,61.6));
#19158=CARTESIAN_POINT('',(-78.,-51.,67.6));
#19159=CARTESIAN_POINT('',(-78.,-51.,67.6));
#19160=CARTESIAN_POINT('',(-78.,-51.,61.6));
#19161=CARTESIAN_POINT('Origin',(-78.,-45.,61.6));
#19162=CARTESIAN_POINT('',(-78.,-45.,61.6));
#19163=CARTESIAN_POINT('',(-78.,-45.,67.6));
#19164=CARTESIAN_POINT('Origin',(0.,-48.,67.6));
#19165=CARTESIAN_POINT('Origin',(0.,-48.,61.6));
#19166=CARTESIAN_POINT('',(0.,0.,0.));
#19167=CARTESIAN_POINT('Origin',(67.9,-28.,64.6));
#19168=CARTESIAN_POINT('',(67.9,-28.,65.85));
#19169=CARTESIAN_POINT('Origin',(67.9,-28.,64.6));
#19170=CARTESIAN_POINT('',(78.,-28.,65.85));
#19171=CARTESIAN_POINT('',(67.9,-28.,65.85));
#19172=CARTESIAN_POINT('Origin',(78.,-28.,64.6));
#19173=CARTESIAN_POINT('Origin',(67.9,-28.,64.6));
#19174=CARTESIAN_POINT('Origin',(-78.1,-28.,64.6));
#19175=CARTESIAN_POINT('',(-78.,-28.,65.85));
#19176=CARTESIAN_POINT('Origin',(-78.,-28.,64.6));
#19177=CARTESIAN_POINT('',(-67.9,-28.,65.85));
#19178=CARTESIAN_POINT('',(-78.1,-28.,65.85));
#19179=CARTESIAN_POINT('Origin',(-67.9,-28.,64.6));
#19180=CARTESIAN_POINT('Origin',(-67.9,-28.,64.6));
#19181=CARTESIAN_POINT('Origin',(78.,-25.,61.6));
#19182=CARTESIAN_POINT('',(78.,-25.,61.6));
#19183=CARTESIAN_POINT('',(-78.,-25.,61.6));
#19184=CARTESIAN_POINT('',(78.,-25.,61.6));
#19185=CARTESIAN_POINT('',(-78.,-25.,67.6));
#19186=CARTESIAN_POINT('',(-78.,-25.,61.6));
#19187=CARTESIAN_POINT('',(78.,-25.,67.6));
#19188=CARTESIAN_POINT('',(78.,-25.,67.6));
#19189=CARTESIAN_POINT('',(78.,-25.,61.6));
#19190=CARTESIAN_POINT('Origin',(78.,-31.,61.6));
#19191=CARTESIAN_POINT('',(78.,-31.,61.6));
#19192=CARTESIAN_POINT('',(78.,-31.,61.6));
#19193=CARTESIAN_POINT('',(78.,-31.,67.6));
#19194=CARTESIAN_POINT('',(78.,-31.,67.6));
#19195=CARTESIAN_POINT('',(78.,-31.,61.6));
#19196=CARTESIAN_POINT('Origin',(-78.,-31.,61.6));
#19197=CARTESIAN_POINT('',(-78.,-31.,61.6));
#19198=CARTESIAN_POINT('',(-78.,-31.,61.6));
#19199=CARTESIAN_POINT('',(-78.,-31.,67.6));
#19200=CARTESIAN_POINT('',(-78.,-31.,67.6));
#19201=CARTESIAN_POINT('',(-78.,-31.,61.6));
#19202=CARTESIAN_POINT('Origin',(-78.,-25.,61.6));
#19203=CARTESIAN_POINT('',(-78.,-25.,61.6));
#19204=CARTESIAN_POINT('',(-78.,-25.,67.6));
#19205=CARTESIAN_POINT('Origin',(0.,-28.,67.6));
#19206=CARTESIAN_POINT('Origin',(0.,-28.,61.6));
#19207=CARTESIAN_POINT('',(0.,0.,0.));
#19208=CARTESIAN_POINT('',(0.,0.,0.));
#19209=CARTESIAN_POINT('',(0.,0.,0.));
#19210=CARTESIAN_POINT('',(0.,0.,0.));
#19211=CARTESIAN_POINT('',(0.,0.,0.));
#19212=CARTESIAN_POINT('',(0.,0.,0.));
#19213=CARTESIAN_POINT('',(0.,0.,0.));
#19214=CARTESIAN_POINT('',(0.,0.,0.));
#19215=CARTESIAN_POINT('',(0.,0.,0.));
#19216=UNCERTAINTY_MEASURE_WITH_UNIT(LENGTH_MEASURE(0.01),#19352,
'DISTANCE_ACCURACY_VALUE',
'Maximum model space distance between geometric entities at asserted c
onnectivities');
#19217=UNCERTAINTY_MEASURE_WITH_UNIT(LENGTH_MEASURE(0.01),#19352,
'DISTANCE_ACCURACY_VALUE',
'Maximum model space distance between geometric entities at asserted c
onnectivities');
#19218=UNCERTAINTY_MEASURE_WITH_UNIT(LENGTH_MEASURE(0.01),#19352,
'DISTANCE_ACCURACY_VALUE',
'Maximum model space distance between geometric entities at asserted c
onnectivities');
#19219=UNCERTAINTY_MEASURE_WITH_UNIT(LENGTH_MEASURE(0.01),#19352,
'DISTANCE_ACCURACY_VALUE',
'Maximum model space distance between geometric entities at asserted c
onnectivities');
#19220=UNCERTAINTY_MEASURE_WITH_UNIT(LENGTH_MEASURE(0.01),#19352,
'DISTANCE_ACCURACY_VALUE',
'Maximum model space distance between geometric entities at asserted c
onnectivities');
#19221=UNCERTAINTY_MEASURE_WITH_UNIT(LENGTH_MEASURE(0.01),#19352,
'DISTANCE_ACCURACY_VALUE',
'Maximum model space distance between geometric entities at asserted c
onnectivities');
#19222=UNCERTAINTY_MEASURE_WITH_UNIT(LENGTH_MEASURE(0.01),#19352,
'DISTANCE_ACCURACY_VALUE',
'Maximum model space distance between geometric entities at asserted c
onnectivities');
#19223=UNCERTAINTY_MEASURE_WITH_UNIT(LENGTH_MEASURE(0.01),#19352,
'DISTANCE_ACCURACY_VALUE',
'Maximum model space distance between geometric entities at asserted c
onnectivities');
#19224=UNCERTAINTY_MEASURE_WITH_UNIT(LENGTH_MEASURE(0.01),#19352,
'DISTANCE_ACCURACY_VALUE',
'Maximum model space distance between geometric entities at asserted c
onnectivities');
#19225=UNCERTAINTY_MEASURE_WITH_UNIT(LENGTH_MEASURE(0.01),#19352,
'DISTANCE_ACCURACY_VALUE',
'Maximum model space distance between geometric entities at asserted c
onnectivities');
#19226=UNCERTAINTY_MEASURE_WITH_UNIT(LENGTH_MEASURE(0.01),#19352,
'DISTANCE_ACCURACY_VALUE',
'Maximum model space distance between geometric entities at asserted c
onnectivities');
#19227=UNCERTAINTY_MEASURE_WITH_UNIT(LENGTH_MEASURE(0.01),#19352,
'DISTANCE_ACCURACY_VALUE',
'Maximum model space distance between geometric entities at asserted c
onnectivities');
#19228=UNCERTAINTY_MEASURE_WITH_UNIT(LENGTH_MEASURE(0.01),#19352,
'DISTANCE_ACCURACY_VALUE',
'Maximum model space distance between geometric entities at asserted c
onnectivities');
#19229=UNCERTAINTY_MEASURE_WITH_UNIT(LENGTH_MEASURE(0.01),#19352,
'DISTANCE_ACCURACY_VALUE',
'Maximum model space distance between geometric entities at asserted c
onnectivities');
#19230=UNCERTAINTY_MEASURE_WITH_UNIT(LENGTH_MEASURE(0.01),#19352,
'DISTANCE_ACCURACY_VALUE',
'Maximum model space distance between geometric entities at asserted c
onnectivities');
#19231=UNCERTAINTY_MEASURE_WITH_UNIT(LENGTH_MEASURE(0.01),#19352,
'DISTANCE_ACCURACY_VALUE',
'Maximum model space distance between geometric entities at asserted c
onnectivities');
#19232=UNCERTAINTY_MEASURE_WITH_UNIT(LENGTH_MEASURE(0.01),#19352,
'DISTANCE_ACCURACY_VALUE',
'Maximum model space distance between geometric entities at asserted c
onnectivities');
#19233=UNCERTAINTY_MEASURE_WITH_UNIT(LENGTH_MEASURE(0.01),#19352,
'DISTANCE_ACCURACY_VALUE',
'Maximum model space distance between geometric entities at asserted c
onnectivities');
#19234=UNCERTAINTY_MEASURE_WITH_UNIT(LENGTH_MEASURE(0.01),#19352,
'DISTANCE_ACCURACY_VALUE',
'Maximum model space distance between geometric entities at asserted c
onnectivities');
#19235=UNCERTAINTY_MEASURE_WITH_UNIT(LENGTH_MEASURE(0.01),#19352,
'DISTANCE_ACCURACY_VALUE',
'Maximum model space distance between geometric entities at asserted c
onnectivities');
#19236=UNCERTAINTY_MEASURE_WITH_UNIT(LENGTH_MEASURE(0.01),#19352,
'DISTANCE_ACCURACY_VALUE',
'Maximum model space distance between geometric entities at asserted c
onnectivities');
#19237=UNCERTAINTY_MEASURE_WITH_UNIT(LENGTH_MEASURE(0.01),#19352,
'DISTANCE_ACCURACY_VALUE',
'Maximum model space distance between geometric entities at asserted c
onnectivities');
#19238=UNCERTAINTY_MEASURE_WITH_UNIT(LENGTH_MEASURE(0.01),#19352,
'DISTANCE_ACCURACY_VALUE',
'Maximum model space distance between geometric entities at asserted c
onnectivities');
#19239=UNCERTAINTY_MEASURE_WITH_UNIT(LENGTH_MEASURE(0.01),#19352,
'DISTANCE_ACCURACY_VALUE',
'Maximum model space distance between geometric entities at asserted c
onnectivities');
#19240=UNCERTAINTY_MEASURE_WITH_UNIT(LENGTH_MEASURE(0.01),#19352,
'DISTANCE_ACCURACY_VALUE',
'Maximum model space distance between geometric entities at asserted c
onnectivities');
#19241=UNCERTAINTY_MEASURE_WITH_UNIT(LENGTH_MEASURE(0.01),#19352,
'DISTANCE_ACCURACY_VALUE',
'Maximum model space distance between geometric entities at asserted c
onnectivities');
#19242=UNCERTAINTY_MEASURE_WITH_UNIT(LENGTH_MEASURE(0.01),#19352,
'DISTANCE_ACCURACY_VALUE',
'Maximum model space distance between geometric entities at asserted c
onnectivities');
#19243=UNCERTAINTY_MEASURE_WITH_UNIT(LENGTH_MEASURE(0.01),#19352,
'DISTANCE_ACCURACY_VALUE',
'Maximum model space distance between geometric entities at asserted c
onnectivities');
#19244=UNCERTAINTY_MEASURE_WITH_UNIT(LENGTH_MEASURE(0.01),#19352,
'DISTANCE_ACCURACY_VALUE',
'Maximum model space distance between geometric entities at asserted c
onnectivities');
#19245=UNCERTAINTY_MEASURE_WITH_UNIT(LENGTH_MEASURE(0.01),#19352,
'DISTANCE_ACCURACY_VALUE',
'Maximum model space distance between geometric entities at asserted c
onnectivities');
#19246=UNCERTAINTY_MEASURE_WITH_UNIT(LENGTH_MEASURE(0.01),#19352,
'DISTANCE_ACCURACY_VALUE',
'Maximum model space distance between geometric entities at asserted c
onnectivities');
#19247=UNCERTAINTY_MEASURE_WITH_UNIT(LENGTH_MEASURE(0.01),#19352,
'DISTANCE_ACCURACY_VALUE',
'Maximum model space distance between geometric entities at asserted c
onnectivities');
#19248=UNCERTAINTY_MEASURE_WITH_UNIT(LENGTH_MEASURE(0.01),#19352,
'DISTANCE_ACCURACY_VALUE',
'Maximum model space distance between geometric entities at asserted c
onnectivities');
#19249=UNCERTAINTY_MEASURE_WITH_UNIT(LENGTH_MEASURE(0.01),#19352,
'DISTANCE_ACCURACY_VALUE',
'Maximum model space distance between geometric entities at asserted c
onnectivities');
#19250=UNCERTAINTY_MEASURE_WITH_UNIT(LENGTH_MEASURE(0.01),#19352,
'DISTANCE_ACCURACY_VALUE',
'Maximum model space distance between geometric entities at asserted c
onnectivities');
#19251=UNCERTAINTY_MEASURE_WITH_UNIT(LENGTH_MEASURE(0.01),#19352,
'DISTANCE_ACCURACY_VALUE',
'Maximum model space distance between geometric entities at asserted c
onnectivities');
#19252=UNCERTAINTY_MEASURE_WITH_UNIT(LENGTH_MEASURE(0.01),#19352,
'DISTANCE_ACCURACY_VALUE',
'Maximum model space distance between geometric entities at asserted c
onnectivities');
#19253=UNCERTAINTY_MEASURE_WITH_UNIT(LENGTH_MEASURE(0.01),#19352,
'DISTANCE_ACCURACY_VALUE',
'Maximum model space distance between geometric entities at asserted c
onnectivities');
#19254=UNCERTAINTY_MEASURE_WITH_UNIT(LENGTH_MEASURE(0.01),#19352,
'DISTANCE_ACCURACY_VALUE',
'Maximum model space distance between geometric entities at asserted c
onnectivities');
#19255=UNCERTAINTY_MEASURE_WITH_UNIT(LENGTH_MEASURE(0.01),#19352,
'DISTANCE_ACCURACY_VALUE',
'Maximum model space distance between geometric entities at asserted c
onnectivities');
#19256=UNCERTAINTY_MEASURE_WITH_UNIT(LENGTH_MEASURE(0.01),#19352,
'DISTANCE_ACCURACY_VALUE',
'Maximum model space distance between geometric entities at asserted c
onnectivities');
#19257=UNCERTAINTY_MEASURE_WITH_UNIT(LENGTH_MEASURE(0.01),#19352,
'DISTANCE_ACCURACY_VALUE',
'Maximum model space distance between geometric entities at asserted c
onnectivities');
#19258=UNCERTAINTY_MEASURE_WITH_UNIT(LENGTH_MEASURE(0.01),#19352,
'DISTANCE_ACCURACY_VALUE',
'Maximum model space distance between geometric entities at asserted c
onnectivities');
#19259=UNCERTAINTY_MEASURE_WITH_UNIT(LENGTH_MEASURE(0.01),#19352,
'DISTANCE_ACCURACY_VALUE',
'Maximum model space distance between geometric entities at asserted c
onnectivities');
#19260=UNCERTAINTY_MEASURE_WITH_UNIT(LENGTH_MEASURE(0.01),#19352,
'DISTANCE_ACCURACY_VALUE',
'Maximum model space distance between geometric entities at asserted c
onnectivities');
#19261=UNCERTAINTY_MEASURE_WITH_UNIT(LENGTH_MEASURE(0.01),#19352,
'DISTANCE_ACCURACY_VALUE',
'Maximum model space distance between geometric entities at asserted c
onnectivities');
#19262=UNCERTAINTY_MEASURE_WITH_UNIT(LENGTH_MEASURE(0.01),#19352,
'DISTANCE_ACCURACY_VALUE',
'Maximum model space distance between geometric entities at asserted c
onnectivities');
#19263=UNCERTAINTY_MEASURE_WITH_UNIT(LENGTH_MEASURE(0.01),#19352,
'DISTANCE_ACCURACY_VALUE',
'Maximum model space distance between geometric entities at asserted c
onnectivities');
#19264=UNCERTAINTY_MEASURE_WITH_UNIT(LENGTH_MEASURE(0.01),#19352,
'DISTANCE_ACCURACY_VALUE',
'Maximum model space distance between geometric entities at asserted c
onnectivities');
#19265=UNCERTAINTY_MEASURE_WITH_UNIT(LENGTH_MEASURE(0.01),#19352,
'DISTANCE_ACCURACY_VALUE',
'Maximum model space distance between geometric entities at asserted c
onnectivities');
#19266=UNCERTAINTY_MEASURE_WITH_UNIT(LENGTH_MEASURE(0.01),#19352,
'DISTANCE_ACCURACY_VALUE',
'Maximum model space distance between geometric entities at asserted c
onnectivities');
#19267=UNCERTAINTY_MEASURE_WITH_UNIT(LENGTH_MEASURE(0.01),#19352,
'DISTANCE_ACCURACY_VALUE',
'Maximum model space distance between geometric entities at asserted c
onnectivities');
#19268=UNCERTAINTY_MEASURE_WITH_UNIT(LENGTH_MEASURE(0.01),#19352,
'DISTANCE_ACCURACY_VALUE',
'Maximum model space distance between geometric entities at asserted c
onnectivities');
#19269=UNCERTAINTY_MEASURE_WITH_UNIT(LENGTH_MEASURE(0.01),#19352,
'DISTANCE_ACCURACY_VALUE',
'Maximum model space distance between geometric entities at asserted c
onnectivities');
#19270=UNCERTAINTY_MEASURE_WITH_UNIT(LENGTH_MEASURE(0.01),#19352,
'DISTANCE_ACCURACY_VALUE',
'Maximum model space distance between geometric entities at asserted c
onnectivities');
#19271=UNCERTAINTY_MEASURE_WITH_UNIT(LENGTH_MEASURE(0.01),#19352,
'DISTANCE_ACCURACY_VALUE',
'Maximum model space distance between geometric entities at asserted c
onnectivities');
#19272=UNCERTAINTY_MEASURE_WITH_UNIT(LENGTH_MEASURE(0.01),#19352,
'DISTANCE_ACCURACY_VALUE',
'Maximum model space distance between geometric entities at asserted c
onnectivities');
#19273=UNCERTAINTY_MEASURE_WITH_UNIT(LENGTH_MEASURE(0.01),#19352,
'DISTANCE_ACCURACY_VALUE',
'Maximum model space distance between geometric entities at asserted c
onnectivities');
#19274=UNCERTAINTY_MEASURE_WITH_UNIT(LENGTH_MEASURE(0.01),#19352,
'DISTANCE_ACCURACY_VALUE',
'Maximum model space distance between geometric entities at asserted c
onnectivities');
#19275=UNCERTAINTY_MEASURE_WITH_UNIT(LENGTH_MEASURE(0.01),#19352,
'DISTANCE_ACCURACY_VALUE',
'Maximum model space distance between geometric entities at asserted c
onnectivities');
#19276=UNCERTAINTY_MEASURE_WITH_UNIT(LENGTH_MEASURE(0.01),#19352,
'DISTANCE_ACCURACY_VALUE',
'Maximum model space distance between geometric entities at asserted c
onnectivities');
#19277=UNCERTAINTY_MEASURE_WITH_UNIT(LENGTH_MEASURE(0.01),#19352,
'DISTANCE_ACCURACY_VALUE',
'Maximum model space distance between geometric entities at asserted c
onnectivities');
#19278=UNCERTAINTY_MEASURE_WITH_UNIT(LENGTH_MEASURE(0.01),#19352,
'DISTANCE_ACCURACY_VALUE',
'Maximum model space distance between geometric entities at asserted c
onnectivities');
#19279=UNCERTAINTY_MEASURE_WITH_UNIT(LENGTH_MEASURE(0.01),#19352,
'DISTANCE_ACCURACY_VALUE',
'Maximum model space distance between geometric entities at asserted c
onnectivities');
#19280=UNCERTAINTY_MEASURE_WITH_UNIT(LENGTH_MEASURE(0.01),#19352,
'DISTANCE_ACCURACY_VALUE',
'Maximum model space distance between geometric entities at asserted c
onnectivities');
#19281=UNCERTAINTY_MEASURE_WITH_UNIT(LENGTH_MEASURE(0.01),#19352,
'DISTANCE_ACCURACY_VALUE',
'Maximum model space distance between geometric entities at asserted c
onnectivities');
#19282=UNCERTAINTY_MEASURE_WITH_UNIT(LENGTH_MEASURE(0.01),#19352,
'DISTANCE_ACCURACY_VALUE',
'Maximum model space distance between geometric entities at asserted c
onnectivities');
#19283=UNCERTAINTY_MEASURE_WITH_UNIT(LENGTH_MEASURE(0.01),#19352,
'DISTANCE_ACCURACY_VALUE',
'Maximum model space distance between geometric entities at asserted c
onnectivities');
#19284=(
GEOMETRIC_REPRESENTATION_CONTEXT(3)
GLOBAL_UNCERTAINTY_ASSIGNED_CONTEXT((#19216))
GLOBAL_UNIT_ASSIGNED_CONTEXT((#19352,#19354,#19355))
REPRESENTATION_CONTEXT('','3D')
);
#19285=(
GEOMETRIC_REPRESENTATION_CONTEXT(3)
GLOBAL_UNCERTAINTY_ASSIGNED_CONTEXT((#19217))
GLOBAL_UNIT_ASSIGNED_CONTEXT((#19352,#19354,#19355))
REPRESENTATION_CONTEXT('','3D')
);
#19286=(
GEOMETRIC_REPRESENTATION_CONTEXT(3)
GLOBAL_UNCERTAINTY_ASSIGNED_CONTEXT((#19218))
GLOBAL_UNIT_ASSIGNED_CONTEXT((#19352,#19354,#19355))
REPRESENTATION_CONTEXT('','3D')
);
#19287=(
GEOMETRIC_REPRESENTATION_CONTEXT(3)
GLOBAL_UNCERTAINTY_ASSIGNED_CONTEXT((#19219))
GLOBAL_UNIT_ASSIGNED_CONTEXT((#19352,#19354,#19355))
REPRESENTATION_CONTEXT('','3D')
);
#19288=(
GEOMETRIC_REPRESENTATION_CONTEXT(3)
GLOBAL_UNCERTAINTY_ASSIGNED_CONTEXT((#19220))
GLOBAL_UNIT_ASSIGNED_CONTEXT((#19352,#19354,#19355))
REPRESENTATION_CONTEXT('','3D')
);
#19289=(
GEOMETRIC_REPRESENTATION_CONTEXT(3)
GLOBAL_UNCERTAINTY_ASSIGNED_CONTEXT((#19221))
GLOBAL_UNIT_ASSIGNED_CONTEXT((#19352,#19354,#19355))
REPRESENTATION_CONTEXT('','3D')
);
#19290=(
GEOMETRIC_REPRESENTATION_CONTEXT(3)
GLOBAL_UNCERTAINTY_ASSIGNED_CONTEXT((#19222))
GLOBAL_UNIT_ASSIGNED_CONTEXT((#19352,#19354,#19355))
REPRESENTATION_CONTEXT('','3D')
);
#19291=(
GEOMETRIC_REPRESENTATION_CONTEXT(3)
GLOBAL_UNCERTAINTY_ASSIGNED_CONTEXT((#19223))
GLOBAL_UNIT_ASSIGNED_CONTEXT((#19352,#19354,#19355))
REPRESENTATION_CONTEXT('','3D')
);
#19292=(
GEOMETRIC_REPRESENTATION_CONTEXT(3)
GLOBAL_UNCERTAINTY_ASSIGNED_CONTEXT((#19224))
GLOBAL_UNIT_ASSIGNED_CONTEXT((#19352,#19354,#19355))
REPRESENTATION_CONTEXT('','3D')
);
#19293=(
GEOMETRIC_REPRESENTATION_CONTEXT(3)
GLOBAL_UNCERTAINTY_ASSIGNED_CONTEXT((#19225))
GLOBAL_UNIT_ASSIGNED_CONTEXT((#19352,#19354,#19355))
REPRESENTATION_CONTEXT('','3D')
);
#19294=(
GEOMETRIC_REPRESENTATION_CONTEXT(3)
GLOBAL_UNCERTAINTY_ASSIGNED_CONTEXT((#19226))
GLOBAL_UNIT_ASSIGNED_CONTEXT((#19352,#19354,#19355))
REPRESENTATION_CONTEXT('','3D')
);
#19295=(
GEOMETRIC_REPRESENTATION_CONTEXT(3)
GLOBAL_UNCERTAINTY_ASSIGNED_CONTEXT((#19227))
GLOBAL_UNIT_ASSIGNED_CONTEXT((#19352,#19354,#19355))
REPRESENTATION_CONTEXT('','3D')
);
#19296=(
GEOMETRIC_REPRESENTATION_CONTEXT(3)
GLOBAL_UNCERTAINTY_ASSIGNED_CONTEXT((#19228))
GLOBAL_UNIT_ASSIGNED_CONTEXT((#19352,#19354,#19355))
REPRESENTATION_CONTEXT('','3D')
);
#19297=(
GEOMETRIC_REPRESENTATION_CONTEXT(3)
GLOBAL_UNCERTAINTY_ASSIGNED_CONTEXT((#19229))
GLOBAL_UNIT_ASSIGNED_CONTEXT((#19352,#19354,#19355))
REPRESENTATION_CONTEXT('','3D')
);
#19298=(
GEOMETRIC_REPRESENTATION_CONTEXT(3)
GLOBAL_UNCERTAINTY_ASSIGNED_CONTEXT((#19230))
GLOBAL_UNIT_ASSIGNED_CONTEXT((#19352,#19354,#19355))
REPRESENTATION_CONTEXT('','3D')
);
#19299=(
GEOMETRIC_REPRESENTATION_CONTEXT(3)
GLOBAL_UNCERTAINTY_ASSIGNED_CONTEXT((#19231))
GLOBAL_UNIT_ASSIGNED_CONTEXT((#19352,#19354,#19355))
REPRESENTATION_CONTEXT('','3D')
);
#19300=(
GEOMETRIC_REPRESENTATION_CONTEXT(3)
GLOBAL_UNCERTAINTY_ASSIGNED_CONTEXT((#19232))
GLOBAL_UNIT_ASSIGNED_CONTEXT((#19352,#19354,#19355))
REPRESENTATION_CONTEXT('','3D')
);
#19301=(
GEOMETRIC_REPRESENTATION_CONTEXT(3)
GLOBAL_UNCERTAINTY_ASSIGNED_CONTEXT((#19233))
GLOBAL_UNIT_ASSIGNED_CONTEXT((#19352,#19354,#19355))
REPRESENTATION_CONTEXT('','3D')
);
#19302=(
GEOMETRIC_REPRESENTATION_CONTEXT(3)
GLOBAL_UNCERTAINTY_ASSIGNED_CONTEXT((#19234))
GLOBAL_UNIT_ASSIGNED_CONTEXT((#19352,#19354,#19355))
REPRESENTATION_CONTEXT('','3D')
);
#19303=(
GEOMETRIC_REPRESENTATION_CONTEXT(3)
GLOBAL_UNCERTAINTY_ASSIGNED_CONTEXT((#19235))
GLOBAL_UNIT_ASSIGNED_CONTEXT((#19352,#19354,#19355))
REPRESENTATION_CONTEXT('','3D')
);
#19304=(
GEOMETRIC_REPRESENTATION_CONTEXT(3)
GLOBAL_UNCERTAINTY_ASSIGNED_CONTEXT((#19236))
GLOBAL_UNIT_ASSIGNED_CONTEXT((#19352,#19354,#19355))
REPRESENTATION_CONTEXT('','3D')
);
#19305=(
GEOMETRIC_REPRESENTATION_CONTEXT(3)
GLOBAL_UNCERTAINTY_ASSIGNED_CONTEXT((#19237))
GLOBAL_UNIT_ASSIGNED_CONTEXT((#19352,#19354,#19355))
REPRESENTATION_CONTEXT('','3D')
);
#19306=(
GEOMETRIC_REPRESENTATION_CONTEXT(3)
GLOBAL_UNCERTAINTY_ASSIGNED_CONTEXT((#19238))
GLOBAL_UNIT_ASSIGNED_CONTEXT((#19352,#19354,#19355))
REPRESENTATION_CONTEXT('','3D')
);
#19307=(
GEOMETRIC_REPRESENTATION_CONTEXT(3)
GLOBAL_UNCERTAINTY_ASSIGNED_CONTEXT((#19239))
GLOBAL_UNIT_ASSIGNED_CONTEXT((#19352,#19354,#19355))
REPRESENTATION_CONTEXT('','3D')
);
#19308=(
GEOMETRIC_REPRESENTATION_CONTEXT(3)
GLOBAL_UNCERTAINTY_ASSIGNED_CONTEXT((#19240))
GLOBAL_UNIT_ASSIGNED_CONTEXT((#19352,#19354,#19355))
REPRESENTATION_CONTEXT('','3D')
);
#19309=(
GEOMETRIC_REPRESENTATION_CONTEXT(3)
GLOBAL_UNCERTAINTY_ASSIGNED_CONTEXT((#19241))
GLOBAL_UNIT_ASSIGNED_CONTEXT((#19352,#19354,#19355))
REPRESENTATION_CONTEXT('','3D')
);
#19310=(
GEOMETRIC_REPRESENTATION_CONTEXT(3)
GLOBAL_UNCERTAINTY_ASSIGNED_CONTEXT((#19242))
GLOBAL_UNIT_ASSIGNED_CONTEXT((#19352,#19354,#19355))
REPRESENTATION_CONTEXT('','3D')
);
#19311=(
GEOMETRIC_REPRESENTATION_CONTEXT(3)
GLOBAL_UNCERTAINTY_ASSIGNED_CONTEXT((#19243))
GLOBAL_UNIT_ASSIGNED_CONTEXT((#19352,#19354,#19355))
REPRESENTATION_CONTEXT('','3D')
);
#19312=(
GEOMETRIC_REPRESENTATION_CONTEXT(3)
GLOBAL_UNCERTAINTY_ASSIGNED_CONTEXT((#19244))
GLOBAL_UNIT_ASSIGNED_CONTEXT((#19352,#19354,#19355))
REPRESENTATION_CONTEXT('','3D')
);
#19313=(
GEOMETRIC_REPRESENTATION_CONTEXT(3)
GLOBAL_UNCERTAINTY_ASSIGNED_CONTEXT((#19245))
GLOBAL_UNIT_ASSIGNED_CONTEXT((#19352,#19354,#19355))
REPRESENTATION_CONTEXT('','3D')
);
#19314=(
GEOMETRIC_REPRESENTATION_CONTEXT(3)
GLOBAL_UNCERTAINTY_ASSIGNED_CONTEXT((#19246))
GLOBAL_UNIT_ASSIGNED_CONTEXT((#19352,#19354,#19355))
REPRESENTATION_CONTEXT('','3D')
);
#19315=(
GEOMETRIC_REPRESENTATION_CONTEXT(3)
GLOBAL_UNCERTAINTY_ASSIGNED_CONTEXT((#19247))
GLOBAL_UNIT_ASSIGNED_CONTEXT((#19352,#19354,#19355))
REPRESENTATION_CONTEXT('','3D')
);
#19316=(
GEOMETRIC_REPRESENTATION_CONTEXT(3)
GLOBAL_UNCERTAINTY_ASSIGNED_CONTEXT((#19248))
GLOBAL_UNIT_ASSIGNED_CONTEXT((#19352,#19354,#19355))
REPRESENTATION_CONTEXT('','3D')
);
#19317=(
GEOMETRIC_REPRESENTATION_CONTEXT(3)
GLOBAL_UNCERTAINTY_ASSIGNED_CONTEXT((#19249))
GLOBAL_UNIT_ASSIGNED_CONTEXT((#19352,#19354,#19355))
REPRESENTATION_CONTEXT('','3D')
);
#19318=(
GEOMETRIC_REPRESENTATION_CONTEXT(3)
GLOBAL_UNCERTAINTY_ASSIGNED_CONTEXT((#19250))
GLOBAL_UNIT_ASSIGNED_CONTEXT((#19352,#19354,#19355))
REPRESENTATION_CONTEXT('','3D')
);
#19319=(
GEOMETRIC_REPRESENTATION_CONTEXT(3)
GLOBAL_UNCERTAINTY_ASSIGNED_CONTEXT((#19251))
GLOBAL_UNIT_ASSIGNED_CONTEXT((#19352,#19354,#19355))
REPRESENTATION_CONTEXT('','3D')
);
#19320=(
GEOMETRIC_REPRESENTATION_CONTEXT(3)
GLOBAL_UNCERTAINTY_ASSIGNED_CONTEXT((#19252))
GLOBAL_UNIT_ASSIGNED_CONTEXT((#19352,#19354,#19355))
REPRESENTATION_CONTEXT('','3D')
);
#19321=(
GEOMETRIC_REPRESENTATION_CONTEXT(3)
GLOBAL_UNCERTAINTY_ASSIGNED_CONTEXT((#19253))
GLOBAL_UNIT_ASSIGNED_CONTEXT((#19352,#19354,#19355))
REPRESENTATION_CONTEXT('','3D')
);
#19322=(
GEOMETRIC_REPRESENTATION_CONTEXT(3)
GLOBAL_UNCERTAINTY_ASSIGNED_CONTEXT((#19254))
GLOBAL_UNIT_ASSIGNED_CONTEXT((#19352,#19354,#19355))
REPRESENTATION_CONTEXT('','3D')
);
#19323=(
GEOMETRIC_REPRESENTATION_CONTEXT(3)
GLOBAL_UNCERTAINTY_ASSIGNED_CONTEXT((#19255))
GLOBAL_UNIT_ASSIGNED_CONTEXT((#19352,#19354,#19355))
REPRESENTATION_CONTEXT('','3D')
);
#19324=(
GEOMETRIC_REPRESENTATION_CONTEXT(3)
GLOBAL_UNCERTAINTY_ASSIGNED_CONTEXT((#19256))
GLOBAL_UNIT_ASSIGNED_CONTEXT((#19352,#19354,#19355))
REPRESENTATION_CONTEXT('','3D')
);
#19325=(
GEOMETRIC_REPRESENTATION_CONTEXT(3)
GLOBAL_UNCERTAINTY_ASSIGNED_CONTEXT((#19257))
GLOBAL_UNIT_ASSIGNED_CONTEXT((#19352,#19354,#19355))
REPRESENTATION_CONTEXT('','3D')
);
#19326=(
GEOMETRIC_REPRESENTATION_CONTEXT(3)
GLOBAL_UNCERTAINTY_ASSIGNED_CONTEXT((#19258))
GLOBAL_UNIT_ASSIGNED_CONTEXT((#19352,#19354,#19355))
REPRESENTATION_CONTEXT('','3D')
);
#19327=(
GEOMETRIC_REPRESENTATION_CONTEXT(3)
GLOBAL_UNCERTAINTY_ASSIGNED_CONTEXT((#19259))
GLOBAL_UNIT_ASSIGNED_CONTEXT((#19352,#19354,#19355))
REPRESENTATION_CONTEXT('','3D')
);
#19328=(
GEOMETRIC_REPRESENTATION_CONTEXT(3)
GLOBAL_UNCERTAINTY_ASSIGNED_CONTEXT((#19260))
GLOBAL_UNIT_ASSIGNED_CONTEXT((#19352,#19354,#19355))
REPRESENTATION_CONTEXT('','3D')
);
#19329=(
GEOMETRIC_REPRESENTATION_CONTEXT(3)
GLOBAL_UNCERTAINTY_ASSIGNED_CONTEXT((#19261))
GLOBAL_UNIT_ASSIGNED_CONTEXT((#19352,#19354,#19355))
REPRESENTATION_CONTEXT('','3D')
);
#19330=(
GEOMETRIC_REPRESENTATION_CONTEXT(3)
GLOBAL_UNCERTAINTY_ASSIGNED_CONTEXT((#19262))
GLOBAL_UNIT_ASSIGNED_CONTEXT((#19352,#19354,#19355))
REPRESENTATION_CONTEXT('','3D')
);
#19331=(
GEOMETRIC_REPRESENTATION_CONTEXT(3)
GLOBAL_UNCERTAINTY_ASSIGNED_CONTEXT((#19263))
GLOBAL_UNIT_ASSIGNED_CONTEXT((#19352,#19354,#19355))
REPRESENTATION_CONTEXT('','3D')
);
#19332=(
GEOMETRIC_REPRESENTATION_CONTEXT(3)
GLOBAL_UNCERTAINTY_ASSIGNED_CONTEXT((#19264))
GLOBAL_UNIT_ASSIGNED_CONTEXT((#19352,#19354,#19355))
REPRESENTATION_CONTEXT('','3D')
);
#19333=(
GEOMETRIC_REPRESENTATION_CONTEXT(3)
GLOBAL_UNCERTAINTY_ASSIGNED_CONTEXT((#19265))
GLOBAL_UNIT_ASSIGNED_CONTEXT((#19352,#19354,#19355))
REPRESENTATION_CONTEXT('','3D')
);
#19334=(
GEOMETRIC_REPRESENTATION_CONTEXT(3)
GLOBAL_UNCERTAINTY_ASSIGNED_CONTEXT((#19266))
GLOBAL_UNIT_ASSIGNED_CONTEXT((#19352,#19354,#19355))
REPRESENTATION_CONTEXT('','3D')
);
#19335=(
GEOMETRIC_REPRESENTATION_CONTEXT(3)
GLOBAL_UNCERTAINTY_ASSIGNED_CONTEXT((#19267))
GLOBAL_UNIT_ASSIGNED_CONTEXT((#19352,#19354,#19355))
REPRESENTATION_CONTEXT('','3D')
);
#19336=(
GEOMETRIC_REPRESENTATION_CONTEXT(3)
GLOBAL_UNCERTAINTY_ASSIGNED_CONTEXT((#19268))
GLOBAL_UNIT_ASSIGNED_CONTEXT((#19352,#19354,#19355))
REPRESENTATION_CONTEXT('','3D')
);
#19337=(
GEOMETRIC_REPRESENTATION_CONTEXT(3)
GLOBAL_UNCERTAINTY_ASSIGNED_CONTEXT((#19269))
GLOBAL_UNIT_ASSIGNED_CONTEXT((#19352,#19354,#19355))
REPRESENTATION_CONTEXT('','3D')
);
#19338=(
GEOMETRIC_REPRESENTATION_CONTEXT(3)
GLOBAL_UNCERTAINTY_ASSIGNED_CONTEXT((#19270))
GLOBAL_UNIT_ASSIGNED_CONTEXT((#19352,#19354,#19355))
REPRESENTATION_CONTEXT('','3D')
);
#19339=(
GEOMETRIC_REPRESENTATION_CONTEXT(3)
GLOBAL_UNCERTAINTY_ASSIGNED_CONTEXT((#19271))
GLOBAL_UNIT_ASSIGNED_CONTEXT((#19352,#19354,#19355))
REPRESENTATION_CONTEXT('','3D')
);
#19340=(
GEOMETRIC_REPRESENTATION_CONTEXT(3)
GLOBAL_UNCERTAINTY_ASSIGNED_CONTEXT((#19272))
GLOBAL_UNIT_ASSIGNED_CONTEXT((#19352,#19354,#19355))
REPRESENTATION_CONTEXT('','3D')
);
#19341=(
GEOMETRIC_REPRESENTATION_CONTEXT(3)
GLOBAL_UNCERTAINTY_ASSIGNED_CONTEXT((#19273))
GLOBAL_UNIT_ASSIGNED_CONTEXT((#19352,#19354,#19355))
REPRESENTATION_CONTEXT('','3D')
);
#19342=(
GEOMETRIC_REPRESENTATION_CONTEXT(3)
GLOBAL_UNCERTAINTY_ASSIGNED_CONTEXT((#19274))
GLOBAL_UNIT_ASSIGNED_CONTEXT((#19352,#19354,#19355))
REPRESENTATION_CONTEXT('','3D')
);
#19343=(
GEOMETRIC_REPRESENTATION_CONTEXT(3)
GLOBAL_UNCERTAINTY_ASSIGNED_CONTEXT((#19275))
GLOBAL_UNIT_ASSIGNED_CONTEXT((#19352,#19354,#19355))
REPRESENTATION_CONTEXT('','3D')
);
#19344=(
GEOMETRIC_REPRESENTATION_CONTEXT(3)
GLOBAL_UNCERTAINTY_ASSIGNED_CONTEXT((#19276))
GLOBAL_UNIT_ASSIGNED_CONTEXT((#19352,#19354,#19355))
REPRESENTATION_CONTEXT('','3D')
);
#19345=(
GEOMETRIC_REPRESENTATION_CONTEXT(3)
GLOBAL_UNCERTAINTY_ASSIGNED_CONTEXT((#19277))
GLOBAL_UNIT_ASSIGNED_CONTEXT((#19352,#19354,#19355))
REPRESENTATION_CONTEXT('','3D')
);
#19346=(
GEOMETRIC_REPRESENTATION_CONTEXT(3)
GLOBAL_UNCERTAINTY_ASSIGNED_CONTEXT((#19278))
GLOBAL_UNIT_ASSIGNED_CONTEXT((#19352,#19354,#19355))
REPRESENTATION_CONTEXT('','3D')
);
#19347=(
GEOMETRIC_REPRESENTATION_CONTEXT(3)
GLOBAL_UNCERTAINTY_ASSIGNED_CONTEXT((#19279))
GLOBAL_UNIT_ASSIGNED_CONTEXT((#19352,#19354,#19355))
REPRESENTATION_CONTEXT('','3D')
);
#19348=(
GEOMETRIC_REPRESENTATION_CONTEXT(3)
GLOBAL_UNCERTAINTY_ASSIGNED_CONTEXT((#19280))
GLOBAL_UNIT_ASSIGNED_CONTEXT((#19352,#19354,#19355))
REPRESENTATION_CONTEXT('','3D')
);
#19349=(
GEOMETRIC_REPRESENTATION_CONTEXT(3)
GLOBAL_UNCERTAINTY_ASSIGNED_CONTEXT((#19281))
GLOBAL_UNIT_ASSIGNED_CONTEXT((#19352,#19354,#19355))
REPRESENTATION_CONTEXT('','3D')
);
#19350=(
GEOMETRIC_REPRESENTATION_CONTEXT(3)
GLOBAL_UNCERTAINTY_ASSIGNED_CONTEXT((#19282))
GLOBAL_UNIT_ASSIGNED_CONTEXT((#19352,#19354,#19355))
REPRESENTATION_CONTEXT('','3D')
);
#19351=(
GEOMETRIC_REPRESENTATION_CONTEXT(3)
GLOBAL_UNCERTAINTY_ASSIGNED_CONTEXT((#19283))
GLOBAL_UNIT_ASSIGNED_CONTEXT((#19352,#19354,#19355))
REPRESENTATION_CONTEXT('','3D')
);
#19352=(
LENGTH_UNIT()
NAMED_UNIT(*)
SI_UNIT(.MILLI.,.METRE.)
);
#19353=(
LENGTH_UNIT()
NAMED_UNIT(*)
SI_UNIT($,.METRE.)
);
#19354=(
NAMED_UNIT(*)
PLANE_ANGLE_UNIT()
SI_UNIT($,.RADIAN.)
);
#19355=(
NAMED_UNIT(*)
SI_UNIT($,.STERADIAN.)
SOLID_ANGLE_UNIT()
);
#19356=SHAPE_DEFINITION_REPRESENTATION(#19423,#19556);
#19357=SHAPE_DEFINITION_REPRESENTATION(#19424,#19557);
#19358=SHAPE_DEFINITION_REPRESENTATION(#19425,#19558);
#19359=SHAPE_DEFINITION_REPRESENTATION(#19426,#19559);
#19360=SHAPE_DEFINITION_REPRESENTATION(#19427,#19560);
#19361=SHAPE_DEFINITION_REPRESENTATION(#19428,#19561);
#19362=SHAPE_DEFINITION_REPRESENTATION(#19429,#19562);
#19363=SHAPE_DEFINITION_REPRESENTATION(#19430,#19563);
#19364=SHAPE_DEFINITION_REPRESENTATION(#19431,#19564);
#19365=SHAPE_DEFINITION_REPRESENTATION(#19439,#19565);
#19366=SHAPE_DEFINITION_REPRESENTATION(#19440,#19566);
#19367=SHAPE_DEFINITION_REPRESENTATION(#19441,#19567);
#19368=SHAPE_DEFINITION_REPRESENTATION(#19444,#19568);
#19369=SHAPE_DEFINITION_REPRESENTATION(#19445,#19569);
#19370=SHAPE_DEFINITION_REPRESENTATION(#19446,#19570);
#19371=SHAPE_DEFINITION_REPRESENTATION(#19447,#19571);
#19372=SHAPE_DEFINITION_REPRESENTATION(#19448,#19572);
#19373=SHAPE_DEFINITION_REPRESENTATION(#19449,#19573);
#19374=SHAPE_DEFINITION_REPRESENTATION(#19455,#19574);
#19375=SHAPE_DEFINITION_REPRESENTATION(#19456,#19575);
#19376=SHAPE_DEFINITION_REPRESENTATION(#19457,#19576);
#19377=SHAPE_DEFINITION_REPRESENTATION(#19458,#19577);
#19378=SHAPE_DEFINITION_REPRESENTATION(#19460,#19578);
#19379=SHAPE_DEFINITION_REPRESENTATION(#19461,#19579);
#19380=SHAPE_DEFINITION_REPRESENTATION(#19462,#19580);
#19381=SHAPE_DEFINITION_REPRESENTATION(#19463,#19581);
#19382=SHAPE_DEFINITION_REPRESENTATION(#19464,#19582);
#19383=SHAPE_DEFINITION_REPRESENTATION(#19465,#19583);
#19384=SHAPE_DEFINITION_REPRESENTATION(#19466,#19584);
#19385=SHAPE_DEFINITION_REPRESENTATION(#19467,#19585);
#19386=SHAPE_DEFINITION_REPRESENTATION(#19468,#19586);
#19387=SHAPE_DEFINITION_REPRESENTATION(#19469,#19587);
#19388=SHAPE_DEFINITION_REPRESENTATION(#19470,#19588);
#19389=SHAPE_DEFINITION_REPRESENTATION(#19484,#19589);
#19390=SHAPE_DEFINITION_REPRESENTATION(#19485,#19590);
#19391=SHAPE_DEFINITION_REPRESENTATION(#19486,#19591);
#19392=SHAPE_DEFINITION_REPRESENTATION(#19487,#19592);
#19393=SHAPE_DEFINITION_REPRESENTATION(#19488,#19593);
#19394=SHAPE_DEFINITION_REPRESENTATION(#19489,#19594);
#19395=SHAPE_DEFINITION_REPRESENTATION(#19490,#19595);
#19396=SHAPE_DEFINITION_REPRESENTATION(#19491,#19596);
#19397=SHAPE_DEFINITION_REPRESENTATION(#19492,#19597);
#19398=SHAPE_DEFINITION_REPRESENTATION(#19493,#19598);
#19399=SHAPE_DEFINITION_REPRESENTATION(#19494,#19599);
#19400=SHAPE_DEFINITION_REPRESENTATION(#19495,#19600);
#19401=SHAPE_DEFINITION_REPRESENTATION(#19496,#19601);
#19402=SHAPE_DEFINITION_REPRESENTATION(#19497,#19602);
#19403=SHAPE_DEFINITION_REPRESENTATION(#19498,#19603);
#19404=SHAPE_DEFINITION_REPRESENTATION(#19499,#19604);
#19405=SHAPE_DEFINITION_REPRESENTATION(#19500,#19605);
#19406=SHAPE_DEFINITION_REPRESENTATION(#19501,#19606);
#19407=SHAPE_DEFINITION_REPRESENTATION(#19502,#19607);
#19408=SHAPE_DEFINITION_REPRESENTATION(#19503,#19608);
#19409=SHAPE_DEFINITION_REPRESENTATION(#19523,#19609);
#19410=SHAPE_DEFINITION_REPRESENTATION(#19524,#19610);
#19411=SHAPE_DEFINITION_REPRESENTATION(#19525,#19611);
#19412=SHAPE_DEFINITION_REPRESENTATION(#19526,#19612);
#19413=SHAPE_DEFINITION_REPRESENTATION(#19527,#19613);
#19414=SHAPE_DEFINITION_REPRESENTATION(#19528,#19614);
#19415=SHAPE_DEFINITION_REPRESENTATION(#19529,#19615);
#19416=SHAPE_DEFINITION_REPRESENTATION(#19530,#19616);
#19417=SHAPE_DEFINITION_REPRESENTATION(#19531,#19617);
#19418=SHAPE_DEFINITION_REPRESENTATION(#19532,#19618);
#19419=SHAPE_DEFINITION_REPRESENTATION(#19533,#19619);
#19420=SHAPE_DEFINITION_REPRESENTATION(#19544,#19620);
#19421=SHAPE_DEFINITION_REPRESENTATION(#19545,#19621);
#19422=SHAPE_DEFINITION_REPRESENTATION(#19546,#19622);
#19423=PRODUCT_DEFINITION_SHAPE('',$,#19624);
#19424=PRODUCT_DEFINITION_SHAPE('',$,#19625);
#19425=PRODUCT_DEFINITION_SHAPE('',$,#19626);
#19426=PRODUCT_DEFINITION_SHAPE('',$,#19627);
#19427=PRODUCT_DEFINITION_SHAPE('',$,#19628);
#19428=PRODUCT_DEFINITION_SHAPE('',$,#19629);
#19429=PRODUCT_DEFINITION_SHAPE('',$,#19630);
#19430=PRODUCT_DEFINITION_SHAPE('',$,#19631);
#19431=PRODUCT_DEFINITION_SHAPE('',$,#19632);
#19432=PRODUCT_DEFINITION_SHAPE($,$,#209);
#19433=PRODUCT_DEFINITION_SHAPE($,$,#210);
#19434=PRODUCT_DEFINITION_SHAPE($,$,#211);
#19435=PRODUCT_DEFINITION_SHAPE($,$,#212);
#19436=PRODUCT_DEFINITION_SHAPE($,$,#213);
#19437=PRODUCT_DEFINITION_SHAPE($,$,#214);
#19438=PRODUCT_DEFINITION_SHAPE($,$,#215);
#19439=PRODUCT_DEFINITION_SHAPE('',$,#19633);
#19440=PRODUCT_DEFINITION_SHAPE('',$,#19634);
#19441=PRODUCT_DEFINITION_SHAPE('',$,#19635);
#19442=PRODUCT_DEFINITION_SHAPE($,$,#216);
#19443=PRODUCT_DEFINITION_SHAPE($,$,#217);
#19444=PRODUCT_DEFINITION_SHAPE('',$,#19636);
#19445=PRODUCT_DEFINITION_SHAPE('',$,#19637);
#19446=PRODUCT_DEFINITION_SHAPE('',$,#19638);
#19447=PRODUCT_DEFINITION_SHAPE('',$,#19639);
#19448=PRODUCT_DEFINITION_SHAPE('',$,#19640);
#19449=PRODUCT_DEFINITION_SHAPE('',$,#19641);
#19450=PRODUCT_DEFINITION_SHAPE($,$,#218);
#19451=PRODUCT_DEFINITION_SHAPE($,$,#219);
#19452=PRODUCT_DEFINITION_SHAPE($,$,#220);
#19453=PRODUCT_DEFINITION_SHAPE($,$,#221);
#19454=PRODUCT_DEFINITION_SHAPE($,$,#222);
#19455=PRODUCT_DEFINITION_SHAPE('',$,#19642);
#19456=PRODUCT_DEFINITION_SHAPE('',$,#19643);
#19457=PRODUCT_DEFINITION_SHAPE('',$,#19644);
#19458=PRODUCT_DEFINITION_SHAPE('',$,#19645);
#19459=PRODUCT_DEFINITION_SHAPE($,$,#223);
#19460=PRODUCT_DEFINITION_SHAPE('',$,#19646);
#19461=PRODUCT_DEFINITION_SHAPE('',$,#19647);
#19462=PRODUCT_DEFINITION_SHAPE('',$,#19648);
#19463=PRODUCT_DEFINITION_SHAPE('',$,#19649);
#19464=PRODUCT_DEFINITION_SHAPE('',$,#19650);
#19465=PRODUCT_DEFINITION_SHAPE('',$,#19651);
#19466=PRODUCT_DEFINITION_SHAPE('',$,#19652);
#19467=PRODUCT_DEFINITION_SHAPE('',$,#19653);
#19468=PRODUCT_DEFINITION_SHAPE('',$,#19654);
#19469=PRODUCT_DEFINITION_SHAPE('',$,#19655);
#19470=PRODUCT_DEFINITION_SHAPE('',$,#19656);
#19471=PRODUCT_DEFINITION_SHAPE($,$,#224);
#19472=PRODUCT_DEFINITION_SHAPE($,$,#225);
#19473=PRODUCT_DEFINITION_SHAPE($,$,#226);
#19474=PRODUCT_DEFINITION_SHAPE($,$,#227);
#19475=PRODUCT_DEFINITION_SHAPE($,$,#228);
#19476=PRODUCT_DEFINITION_SHAPE($,$,#229);
#19477=PRODUCT_DEFINITION_SHAPE($,$,#230);
#19478=PRODUCT_DEFINITION_SHAPE($,$,#231);
#19479=PRODUCT_DEFINITION_SHAPE($,$,#232);
#19480=PRODUCT_DEFINITION_SHAPE($,$,#233);
#19481=PRODUCT_DEFINITION_SHAPE($,$,#234);
#19482=PRODUCT_DEFINITION_SHAPE($,$,#235);
#19483=PRODUCT_DEFINITION_SHAPE($,$,#236);
#19484=PRODUCT_DEFINITION_SHAPE('',$,#19657);
#19485=PRODUCT_DEFINITION_SHAPE('',$,#19658);
#19486=PRODUCT_DEFINITION_SHAPE('',$,#19659);
#19487=PRODUCT_DEFINITION_SHAPE('',$,#19660);
#19488=PRODUCT_DEFINITION_SHAPE('',$,#19661);
#19489=PRODUCT_DEFINITION_SHAPE('',$,#19662);
#19490=PRODUCT_DEFINITION_SHAPE('',$,#19663);
#19491=PRODUCT_DEFINITION_SHAPE('',$,#19664);
#19492=PRODUCT_DEFINITION_SHAPE('',$,#19665);
#19493=PRODUCT_DEFINITION_SHAPE('',$,#19666);
#19494=PRODUCT_DEFINITION_SHAPE('',$,#19667);
#19495=PRODUCT_DEFINITION_SHAPE('',$,#19668);
#19496=PRODUCT_DEFINITION_SHAPE('',$,#19669);
#19497=PRODUCT_DEFINITION_SHAPE('',$,#19670);
#19498=PRODUCT_DEFINITION_SHAPE('',$,#19671);
#19499=PRODUCT_DEFINITION_SHAPE('',$,#19672);
#19500=PRODUCT_DEFINITION_SHAPE('',$,#19673);
#19501=PRODUCT_DEFINITION_SHAPE('',$,#19674);
#19502=PRODUCT_DEFINITION_SHAPE('',$,#19675);
#19503=PRODUCT_DEFINITION_SHAPE('',$,#19676);
#19504=PRODUCT_DEFINITION_SHAPE($,$,#237);
#19505=PRODUCT_DEFINITION_SHAPE($,$,#238);
#19506=PRODUCT_DEFINITION_SHAPE($,$,#239);
#19507=PRODUCT_DEFINITION_SHAPE($,$,#240);
#19508=PRODUCT_DEFINITION_SHAPE($,$,#241);
#19509=PRODUCT_DEFINITION_SHAPE($,$,#242);
#19510=PRODUCT_DEFINITION_SHAPE($,$,#243);
#19511=PRODUCT_DEFINITION_SHAPE($,$,#244);
#19512=PRODUCT_DEFINITION_SHAPE($,$,#245);
#19513=PRODUCT_DEFINITION_SHAPE($,$,#246);
#19514=PRODUCT_DEFINITION_SHAPE($,$,#247);
#19515=PRODUCT_DEFINITION_SHAPE($,$,#248);
#19516=PRODUCT_DEFINITION_SHAPE($,$,#249);
#19517=PRODUCT_DEFINITION_SHAPE($,$,#250);
#19518=PRODUCT_DEFINITION_SHAPE($,$,#251);
#19519=PRODUCT_DEFINITION_SHAPE($,$,#252);
#19520=PRODUCT_DEFINITION_SHAPE($,$,#253);
#19521=PRODUCT_DEFINITION_SHAPE($,$,#254);
#19522=PRODUCT_DEFINITION_SHAPE($,$,#255);
#19523=PRODUCT_DEFINITION_SHAPE('',$,#19677);
#19524=PRODUCT_DEFINITION_SHAPE('',$,#19678);
#19525=PRODUCT_DEFINITION_SHAPE('',$,#19679);
#19526=PRODUCT_DEFINITION_SHAPE('',$,#19680);
#19527=PRODUCT_DEFINITION_SHAPE('',$,#19681);
#19528=PRODUCT_DEFINITION_SHAPE('',$,#19682);
#19529=PRODUCT_DEFINITION_SHAPE('',$,#19683);
#19530=PRODUCT_DEFINITION_SHAPE('',$,#19684);
#19531=PRODUCT_DEFINITION_SHAPE('',$,#19685);
#19532=PRODUCT_DEFINITION_SHAPE('',$,#19686);
#19533=PRODUCT_DEFINITION_SHAPE('',$,#19687);
#19534=PRODUCT_DEFINITION_SHAPE($,$,#256);
#19535=PRODUCT_DEFINITION_SHAPE($,$,#257);
#19536=PRODUCT_DEFINITION_SHAPE($,$,#258);
#19537=PRODUCT_DEFINITION_SHAPE($,$,#259);
#19538=PRODUCT_DEFINITION_SHAPE($,$,#260);
#19539=PRODUCT_DEFINITION_SHAPE($,$,#261);
#19540=PRODUCT_DEFINITION_SHAPE($,$,#262);
#19541=PRODUCT_DEFINITION_SHAPE($,$,#263);
#19542=PRODUCT_DEFINITION_SHAPE($,$,#264);
#19543=PRODUCT_DEFINITION_SHAPE($,$,#265);
#19544=PRODUCT_DEFINITION_SHAPE('',$,#19688);
#19545=PRODUCT_DEFINITION_SHAPE('',$,#19689);
#19546=PRODUCT_DEFINITION_SHAPE('',$,#19690);
#19547=PRODUCT_DEFINITION_SHAPE($,$,#266);
#19548=PRODUCT_DEFINITION_SHAPE($,$,#267);
#19549=PRODUCT_DEFINITION_SHAPE($,$,#268);
#19550=PRODUCT_DEFINITION_SHAPE($,$,#269);
#19551=PRODUCT_DEFINITION_SHAPE($,$,#270);
#19552=PRODUCT_DEFINITION_SHAPE($,$,#271);
#19553=PRODUCT_DEFINITION_SHAPE($,$,#272);
#19554=PRODUCT_DEFINITION_SHAPE($,$,#273);
#19555=PRODUCT_DEFINITION_SHAPE($,$,#274);
#19556=SHAPE_REPRESENTATION('',(#11484,#12612,#12613,#12614,#12615,#12616,
#12617,#12618),#19284);
#19557=SHAPE_REPRESENTATION('',(#11485,#11828,#11829,#11830,#11831,#11832,
#11833,#11834),#19285);
#19558=SHAPE_REPRESENTATION('',(#11486),#19286);
#19559=SHAPE_REPRESENTATION('',(#11655),#19287);
#19560=SHAPE_REPRESENTATION('',(#11678),#19288);
#19561=SHAPE_REPRESENTATION('',(#11701),#19289);
#19562=SHAPE_REPRESENTATION('',(#11729),#19290);
#19563=SHAPE_REPRESENTATION('',(#11749),#19291);
#19564=SHAPE_REPRESENTATION('',(#11769),#19292);
#19565=SHAPE_REPRESENTATION('',(#11835,#11876,#11877),#19293);
#19566=SHAPE_REPRESENTATION('',(#11836),#19294);
#19567=SHAPE_REPRESENTATION('',(#11856),#19295);
#19568=SHAPE_REPRESENTATION('',(#11878,#11920,#11921,#11922,#11923,#11924),
#19296);
#19569=SHAPE_REPRESENTATION('',(#11879),#19297);
#19570=SHAPE_REPRESENTATION('',(#11886),#19298);
#19571=SHAPE_REPRESENTATION('',(#11893),#19299);
#19572=SHAPE_REPRESENTATION('',(#11900),#19300);
#19573=SHAPE_REPRESENTATION('',(#11913),#19301);
#19574=SHAPE_REPRESENTATION('',(#11925,#12135,#12136,#12137,#12138,#12139,
#12140,#12141,#12142,#12143,#12144,#12145,#12146,#12147),#19302);
#19575=SHAPE_REPRESENTATION('',(#11926),#19303);
#19576=SHAPE_REPRESENTATION('',(#11927,#11947),#19304);
#19577=SHAPE_REPRESENTATION('',(#11928),#19305);
#19578=SHAPE_REPRESENTATION('',(#11948),#19306);
#19579=SHAPE_REPRESENTATION('',(#11949),#19307);
#19580=SHAPE_REPRESENTATION('',(#11988),#19308);
#19581=SHAPE_REPRESENTATION('',(#12002),#19309);
#19582=SHAPE_REPRESENTATION('',(#12016),#19310);
#19583=SHAPE_REPRESENTATION('',(#12030),#19311);
#19584=SHAPE_REPRESENTATION('',(#12044),#19312);
#19585=SHAPE_REPRESENTATION('',(#12058),#19313);
#19586=SHAPE_REPRESENTATION('',(#12072),#19314);
#19587=SHAPE_REPRESENTATION('',(#12094),#19315);
#19588=SHAPE_REPRESENTATION('',(#12116),#19316);
#19589=SHAPE_REPRESENTATION('',(#12148,#12387,#12388,#12389,#12390,#12391,
#12392,#12393,#12394,#12395,#12396,#12397,#12398,#12399,#12400,#12401,#12402,
#12403,#12404,#12405),#19317);
#19590=SHAPE_REPRESENTATION('',(#12149),#19318);
#19591=SHAPE_REPRESENTATION('',(#12156),#19319);
#19592=SHAPE_REPRESENTATION('',(#12175),#19320);
#19593=SHAPE_REPRESENTATION('',(#12195),#19321);
#19594=SHAPE_REPRESENTATION('',(#12215),#19322);
#19595=SHAPE_REPRESENTATION('',(#12237),#19323);
#19596=SHAPE_REPRESENTATION('',(#12248),#19324);
#19597=SHAPE_REPRESENTATION('',(#12255),#19325);
#19598=SHAPE_REPRESENTATION('',(#12262),#19326);
#19599=SHAPE_REPRESENTATION('',(#12275),#19327);
#19600=SHAPE_REPRESENTATION('',(#12288),#19328);
#19601=SHAPE_REPRESENTATION('',(#12295),#19329);
#19602=SHAPE_REPRESENTATION('',(#12310),#19330);
#19603=SHAPE_REPRESENTATION('',(#12320),#19331);
#19604=SHAPE_REPRESENTATION('',(#12330),#19332);
#19605=SHAPE_REPRESENTATION('',(#12345),#19333);
#19606=SHAPE_REPRESENTATION('',(#12355),#19334);
#19607=SHAPE_REPRESENTATION('',(#12365),#19335);
#19608=SHAPE_REPRESENTATION('',(#12376),#19336);
#19609=SHAPE_REPRESENTATION('',(#12406,#12569,#12570,#12571,#12572,#12573,
#12574,#12575,#12576,#12577,#12578),#19337);
#19610=SHAPE_REPRESENTATION('',(#12407),#19338);
#19611=SHAPE_REPRESENTATION('',(#12413),#19339);
#19612=SHAPE_REPRESENTATION('',(#12419),#19340);
#19613=SHAPE_REPRESENTATION('',(#12441),#19341);
#19614=SHAPE_REPRESENTATION('',(#12473),#19342);
#19615=SHAPE_REPRESENTATION('',(#12488),#19343);
#19616=SHAPE_REPRESENTATION('',(#12494),#19344);
#19617=SHAPE_REPRESENTATION('',(#12500),#19345);
#19618=SHAPE_REPRESENTATION('',(#12522),#19346);
#19619=SHAPE_REPRESENTATION('',(#12554),#19347);
#19620=SHAPE_REPRESENTATION('',(#12579,#12610,#12611),#19348);
#19621=SHAPE_REPRESENTATION('',(#12580),#19349);
#19622=SHAPE_REPRESENTATION('',(#12595),#19350);
#19623=PRODUCT_DEFINITION_CONTEXT('part definition',#19826,'design');
#19624=PRODUCT_DEFINITION('2026-09-22-20-04-37-960','Untitled',#19691,#19623);
#19625=PRODUCT_DEFINITION('2026-09-22-20-04-48-798','01_Chassis',#19692,
#19623);
#19626=PRODUCT_DEFINITION('2026-09-22-20-10-09-073','Base_Plate_Al',#19693,
#19623);
#19627=PRODUCT_DEFINITION('2026-09-22-20-12-27-334',
'Left_Side_Plate_Al',#19694,#19623);
#19628=PRODUCT_DEFINITION('2026-09-22-20-12-27-362',
'Right_Side_Plate_Al',#19695,#19623);
#19629=PRODUCT_DEFINITION('2026-09-22-20-17-28-654','Top_Cover',#19696,
#19623);
#19630=PRODUCT_DEFINITION('2026-09-22-21-16-08-475','Front_Wedge_L',#19697,
#19623);
#19631=PRODUCT_DEFINITION('2026-09-22-21-16-09-075','Front_Wedge_R',#19698,
#19623);
#19632=PRODUCT_DEFINITION('2026-09-22-21-40-15-382',
'Standoffs_Fasteners',#19699,#19623);
#19633=PRODUCT_DEFINITION('2026-09-22-20-04-48-802','02_Drivetrain',#19700,
#19623);
#19634=PRODUCT_DEFINITION('2026-09-22-20-14-47-754','Left_Wheel',#19701,
#19623);
#19635=PRODUCT_DEFINITION('2026-09-22-20-14-47-792','Right_Wheel',#19702,
#19623);
#19636=PRODUCT_DEFINITION('2026-09-22-20-04-48-807','05_Electronics',#19703,
#19623);
#19637=PRODUCT_DEFINITION('2026-09-22-20-50-05-757','Battery_and_Tray',
#19704,#19623);
#19638=PRODUCT_DEFINITION('2026-09-23-02-25-37-427','Rx_ER6',#19705,#19623);
#19639=PRODUCT_DEFINITION('2026-09-23-02-25-40-527','UBEC_5A',#19706,#19623);
#19640=PRODUCT_DEFINITION('2026-09-23-21-12-34-998',
'FingerTech_Mini_Switch_Envelope',#19707,#19623);
#19641=PRODUCT_DEFINITION('2026-09-24-13-30-34-256',
'BBB_Dual_Brushed_ESC_v2_Envelope',#19708,#19623);
#19642=PRODUCT_DEFINITION('2026-09-22-20-04-48-809','06_3D_Printed',#19709,
#19623);
#19643=PRODUCT_DEFINITION('2026-09-22-20-49-00-878','Wire_Clips',#19710,
#19623);
#19644=PRODUCT_DEFINITION('2026-09-22-20-49-00-891',
'Non_Structural_Covers',#19711,#19623);
#19645=PRODUCT_DEFINITION('2026-09-22-23-34-46-416','Rear_Panel',#19712,
#19623);
#19646=PRODUCT_DEFINITION('2026-09-22-20-49-00-904','TPU_Bumpers',#19713,
#19623);
#19647=PRODUCT_DEFINITION('2026-09-22-21-42-45-679','Battery_Holder',#19714,
#19623);
#19648=PRODUCT_DEFINITION('2026-09-22-23-22-03-101','Batt_Post_1',#19715,
#19623);
#19649=PRODUCT_DEFINITION('2026-09-22-23-22-04-161','Batt_Post_2',#19716,
#19623);
#19650=PRODUCT_DEFINITION('2026-09-22-23-22-05-011','Batt_Post_3',#19717,
#19623);
#19651=PRODUCT_DEFINITION('2026-09-22-23-22-05-941','Batt_Post_4',#19718,
#19623);
#19652=PRODUCT_DEFINITION('2026-09-22-23-30-32-609','Disconnect_Post_1',
#19719,#19623);
#19653=PRODUCT_DEFINITION('2026-09-22-23-30-32-928','Disconnect_Post_2',
#19720,#19623);
#19654=PRODUCT_DEFINITION('2026-09-23-02-25-38-082','Holder_Rx_ER6',#19721,
#19623);
#19655=PRODUCT_DEFINITION('2026-09-23-02-25-41-161','Holder_UBEC_5A',#19722,
#19623);
#19656=PRODUCT_DEFINITION('2026-09-23-21-12-34-593',
'FingerTech_Switch_Adapter',#19723,#19623);
#19657=PRODUCT_DEFINITION('2026-09-24-00-50-23-317',
'07_Wedge_Lifter_Option',#19724,#19623);
#19658=PRODUCT_DEFINITION('2026-09-24-00-50-23-446',
'Lifter_Spatula_62mm',#19725,#19623);
#19659=PRODUCT_DEFINITION('2026-09-24-00-50-24-006','Lifter_Hinge_Boss',
#19726,#19623);
#19660=PRODUCT_DEFINITION('2026-09-24-00-50-24-800',
'Lifter_Pivot_Support_L',#19727,#19623);
#19661=PRODUCT_DEFINITION('2026-09-24-00-50-25-274',
'Lifter_Pivot_Support_R',#19728,#19623);
#19662=PRODUCT_DEFINITION('2026-09-24-00-50-26-431',
'Lifter_Pivot_Pin_6mm',#19729,#19623);
#19663=PRODUCT_DEFINITION('2026-09-24-13-22-46-018',
'Repeat_40kg_Servo_MaxEnvelope',#19730,#19623);
#19664=PRODUCT_DEFINITION('2026-09-24-13-22-46-542',
'Lifter_Servo_Base_Rail_L',#19731,#19623);
#19665=PRODUCT_DEFINITION('2026-09-24-13-22-47-183',
'Lifter_Servo_Base_Rail_R',#19732,#19623);
#19666=PRODUCT_DEFINITION('2026-09-24-13-22-47-852',
'Lifter_Aluminium_Horn',#19733,#19623);
#19667=PRODUCT_DEFINITION('2026-09-24-13-22-49-140',
'Lifter_Connecting_Rod',#19734,#19623);
#19668=PRODUCT_DEFINITION('2026-09-24-13-22-51-307',
'Lifter_Lower_Hard_Stop',#19735,#19623);
#19669=PRODUCT_DEFINITION('2026-09-24-13-35-55-015',
'Lifter_Servo_Clamp_Bar_L',#19736,#19623);
#19670=PRODUCT_DEFINITION('2026-09-24-13-35-56-655',
'Lifter_Servo_Clamp_Post_L_Rear',#19737,#19623);
#19671=PRODUCT_DEFINITION('2026-09-24-13-35-57-910',
'Lifter_Servo_Clamp_Post_L_Front',#19738,#19623);
#19672=PRODUCT_DEFINITION('2026-09-24-13-35-59-224',
'Lifter_Servo_Clamp_Bar_R',#19739,#19623);
#19673=PRODUCT_DEFINITION('2026-09-24-13-36-00-765',
'Lifter_Servo_Clamp_Post_R_Rear',#19740,#19623);
#19674=PRODUCT_DEFINITION('2026-09-24-13-36-02-314',
'Lifter_Servo_Clamp_Post_R_Front',#19741,#19623);
#19675=PRODUCT_DEFINITION('2026-09-24-13-45-26-614',
'Lifter_Pin_C_Clip_L',#19742,#19623);
#19676=PRODUCT_DEFINITION('2026-09-24-13-45-26-988',
'Lifter_Pin_C_Clip_R',#19743,#19623);
#19677=PRODUCT_DEFINITION('2026-09-24-13-30-13-588',
'09_3S_Drive_Upgrade',#19744,#19623);
#19678=PRODUCT_DEFINITION('2026-09-24-13-30-13-808',
'BBB_22mm_Gearmotor_L',#19745,#19623);
#19679=PRODUCT_DEFINITION('2026-09-24-13-30-14-511',
'BBB_4mm_Output_Shaft_L',#19746,#19623);
#19680=PRODUCT_DEFINITION('2026-09-24-13-30-15-174',
'BBB_Face_Mount_26mm_L',#19747,#19623);
#19681=PRODUCT_DEFINITION('2026-09-24-13-30-17-027',
'BBB_Motor_Cradle_L',#19748,#19623);
#19682=PRODUCT_DEFINITION('2026-09-24-13-30-21-370',
'Repeat_4mm_Clamp_Hub_L',#19749,#19623);
#19683=PRODUCT_DEFINITION('2026-09-24-13-30-23-097',
'BBB_22mm_Gearmotor_R',#19750,#19623);
#19684=PRODUCT_DEFINITION('2026-09-24-13-30-23-855',
'BBB_4mm_Output_Shaft_R',#19751,#19623);
#19685=PRODUCT_DEFINITION('2026-09-24-13-30-24-609',
'BBB_Face_Mount_26mm_R',#19752,#19623);
#19686=PRODUCT_DEFINITION('2026-09-24-13-30-26-766',
'BBB_Motor_Cradle_R',#19753,#19623);
#19687=PRODUCT_DEFINITION('2026-09-24-13-30-32-088',
'Repeat_4mm_Clamp_Hub_R',#19754,#19623);
#19688=PRODUCT_DEFINITION('2026-09-24-13-34-12-596',
'10_Battery_Restraints',#19755,#19623);
#19689=PRODUCT_DEFINITION('2026-09-24-13-34-12-894',
'Battery_Clamp_Bar_1',#19756,#19623);
#19690=PRODUCT_DEFINITION('2026-09-24-13-34-15-960',
'Battery_Clamp_Bar_2',#19757,#19623);
#19691=PRODUCT_DEFINITION_FORMATION('',$,#19828);
#19692=PRODUCT_DEFINITION_FORMATION('',$,#19829);
#19693=PRODUCT_DEFINITION_FORMATION('',$,#19830);
#19694=PRODUCT_DEFINITION_FORMATION('',$,#19831);
#19695=PRODUCT_DEFINITION_FORMATION('',$,#19832);
#19696=PRODUCT_DEFINITION_FORMATION('',$,#19833);
#19697=PRODUCT_DEFINITION_FORMATION('',$,#19834);
#19698=PRODUCT_DEFINITION_FORMATION('',$,#19835);
#19699=PRODUCT_DEFINITION_FORMATION('',$,#19836);
#19700=PRODUCT_DEFINITION_FORMATION('',$,#19837);
#19701=PRODUCT_DEFINITION_FORMATION('',$,#19838);
#19702=PRODUCT_DEFINITION_FORMATION('',$,#19839);
#19703=PRODUCT_DEFINITION_FORMATION('',$,#19840);
#19704=PRODUCT_DEFINITION_FORMATION('',$,#19841);
#19705=PRODUCT_DEFINITION_FORMATION('',$,#19842);
#19706=PRODUCT_DEFINITION_FORMATION('',$,#19843);
#19707=PRODUCT_DEFINITION_FORMATION('',$,#19844);
#19708=PRODUCT_DEFINITION_FORMATION('',$,#19845);
#19709=PRODUCT_DEFINITION_FORMATION('',$,#19846);
#19710=PRODUCT_DEFINITION_FORMATION('',$,#19847);
#19711=PRODUCT_DEFINITION_FORMATION('',$,#19848);
#19712=PRODUCT_DEFINITION_FORMATION('',$,#19849);
#19713=PRODUCT_DEFINITION_FORMATION('',$,#19850);
#19714=PRODUCT_DEFINITION_FORMATION('',$,#19851);
#19715=PRODUCT_DEFINITION_FORMATION('',$,#19852);
#19716=PRODUCT_DEFINITION_FORMATION('',$,#19853);
#19717=PRODUCT_DEFINITION_FORMATION('',$,#19854);
#19718=PRODUCT_DEFINITION_FORMATION('',$,#19855);
#19719=PRODUCT_DEFINITION_FORMATION('',$,#19856);
#19720=PRODUCT_DEFINITION_FORMATION('',$,#19857);
#19721=PRODUCT_DEFINITION_FORMATION('',$,#19858);
#19722=PRODUCT_DEFINITION_FORMATION('',$,#19859);
#19723=PRODUCT_DEFINITION_FORMATION('',$,#19860);
#19724=PRODUCT_DEFINITION_FORMATION('',$,#19861);
#19725=PRODUCT_DEFINITION_FORMATION('',$,#19862);
#19726=PRODUCT_DEFINITION_FORMATION('',$,#19863);
#19727=PRODUCT_DEFINITION_FORMATION('',$,#19864);
#19728=PRODUCT_DEFINITION_FORMATION('',$,#19865);
#19729=PRODUCT_DEFINITION_FORMATION('',$,#19866);
#19730=PRODUCT_DEFINITION_FORMATION('',$,#19867);
#19731=PRODUCT_DEFINITION_FORMATION('',$,#19868);
#19732=PRODUCT_DEFINITION_FORMATION('',$,#19869);
#19733=PRODUCT_DEFINITION_FORMATION('',$,#19870);
#19734=PRODUCT_DEFINITION_FORMATION('',$,#19871);
#19735=PRODUCT_DEFINITION_FORMATION('',$,#19872);
#19736=PRODUCT_DEFINITION_FORMATION('',$,#19873);
#19737=PRODUCT_DEFINITION_FORMATION('',$,#19874);
#19738=PRODUCT_DEFINITION_FORMATION('',$,#19875);
#19739=PRODUCT_DEFINITION_FORMATION('',$,#19876);
#19740=PRODUCT_DEFINITION_FORMATION('',$,#19877);
#19741=PRODUCT_DEFINITION_FORMATION('',$,#19878);
#19742=PRODUCT_DEFINITION_FORMATION('',$,#19879);
#19743=PRODUCT_DEFINITION_FORMATION('',$,#19880);
#19744=PRODUCT_DEFINITION_FORMATION('',$,#19881);
#19745=PRODUCT_DEFINITION_FORMATION('',$,#19882);
#19746=PRODUCT_DEFINITION_FORMATION('',$,#19883);
#19747=PRODUCT_DEFINITION_FORMATION('',$,#19884);
#19748=PRODUCT_DEFINITION_FORMATION('',$,#19885);
#19749=PRODUCT_DEFINITION_FORMATION('',$,#19886);
#19750=PRODUCT_DEFINITION_FORMATION('',$,#19887);
#19751=PRODUCT_DEFINITION_FORMATION('',$,#19888);
#19752=PRODUCT_DEFINITION_FORMATION('',$,#19889);
#19753=PRODUCT_DEFINITION_FORMATION('',$,#19890);
#19754=PRODUCT_DEFINITION_FORMATION('',$,#19891);
#19755=PRODUCT_DEFINITION_FORMATION('',$,#19892);
#19756=PRODUCT_DEFINITION_FORMATION('',$,#19893);
#19757=PRODUCT_DEFINITION_FORMATION('',$,#19894);
#19758=PRODUCT_RELATED_PRODUCT_CATEGORY('Untitled','Untitled',(#19828));
#19759=PRODUCT_RELATED_PRODUCT_CATEGORY('01_Chassis','01_Chassis',(#19829));
#19760=PRODUCT_RELATED_PRODUCT_CATEGORY('Base_Plate_Al','Base_Plate_Al',
(#19830));
#19761=PRODUCT_RELATED_PRODUCT_CATEGORY('Left_Side_Plate_Al',
'Left_Side_Plate_Al',(#19831));
#19762=PRODUCT_RELATED_PRODUCT_CATEGORY('Right_Side_Plate_Al',
'Right_Side_Plate_Al',(#19832));
#19763=PRODUCT_RELATED_PRODUCT_CATEGORY('Top_Cover','Top_Cover',(#19833));
#19764=PRODUCT_RELATED_PRODUCT_CATEGORY('Front_Wedge_L','Front_Wedge_L',
(#19834));
#19765=PRODUCT_RELATED_PRODUCT_CATEGORY('Front_Wedge_R','Front_Wedge_R',
(#19835));
#19766=PRODUCT_RELATED_PRODUCT_CATEGORY('Standoffs_Fasteners',
'Standoffs_Fasteners',(#19836));
#19767=PRODUCT_RELATED_PRODUCT_CATEGORY('02_Drivetrain','02_Drivetrain',
(#19837));
#19768=PRODUCT_RELATED_PRODUCT_CATEGORY('Left_Wheel','Left_Wheel',(#19838));
#19769=PRODUCT_RELATED_PRODUCT_CATEGORY('Right_Wheel','Right_Wheel',(#19839));
#19770=PRODUCT_RELATED_PRODUCT_CATEGORY('05_Electronics',
'05_Electronics',(#19840));
#19771=PRODUCT_RELATED_PRODUCT_CATEGORY('Battery_and_Tray',
'Battery_and_Tray',(#19841));
#19772=PRODUCT_RELATED_PRODUCT_CATEGORY('Rx_ER6','Rx_ER6',(#19842));
#19773=PRODUCT_RELATED_PRODUCT_CATEGORY('UBEC_5A','UBEC_5A',(#19843));
#19774=PRODUCT_RELATED_PRODUCT_CATEGORY(
'FingerTech_Mini_Switch_Envelope','FingerTech_Mini_Switch_Envelope',(#19844));
#19775=PRODUCT_RELATED_PRODUCT_CATEGORY(
'BBB_Dual_Brushed_ESC_v2_Envelope','BBB_Dual_Brushed_ESC_v2_Envelope',(#19845));
#19776=PRODUCT_RELATED_PRODUCT_CATEGORY('06_3D_Printed','06_3D_Printed',
(#19846));
#19777=PRODUCT_RELATED_PRODUCT_CATEGORY('Wire_Clips','Wire_Clips',(#19847));
#19778=PRODUCT_RELATED_PRODUCT_CATEGORY('Non_Structural_Covers',
'Non_Structural_Covers',(#19848));
#19779=PRODUCT_RELATED_PRODUCT_CATEGORY('Rear_Panel','Rear_Panel',(#19849));
#19780=PRODUCT_RELATED_PRODUCT_CATEGORY('TPU_Bumpers','TPU_Bumpers',(#19850));
#19781=PRODUCT_RELATED_PRODUCT_CATEGORY('Battery_Holder',
'Battery_Holder',(#19851));
#19782=PRODUCT_RELATED_PRODUCT_CATEGORY('Batt_Post_1','Batt_Post_1',(#19852));
#19783=PRODUCT_RELATED_PRODUCT_CATEGORY('Batt_Post_2','Batt_Post_2',(#19853));
#19784=PRODUCT_RELATED_PRODUCT_CATEGORY('Batt_Post_3','Batt_Post_3',(#19854));
#19785=PRODUCT_RELATED_PRODUCT_CATEGORY('Batt_Post_4','Batt_Post_4',(#19855));
#19786=PRODUCT_RELATED_PRODUCT_CATEGORY('Disconnect_Post_1',
'Disconnect_Post_1',(#19856));
#19787=PRODUCT_RELATED_PRODUCT_CATEGORY('Disconnect_Post_2',
'Disconnect_Post_2',(#19857));
#19788=PRODUCT_RELATED_PRODUCT_CATEGORY('Holder_Rx_ER6','Holder_Rx_ER6',
(#19858));
#19789=PRODUCT_RELATED_PRODUCT_CATEGORY('Holder_UBEC_5A',
'Holder_UBEC_5A',(#19859));
#19790=PRODUCT_RELATED_PRODUCT_CATEGORY('FingerTech_Switch_Adapter',
'FingerTech_Switch_Adapter',(#19860));
#19791=PRODUCT_RELATED_PRODUCT_CATEGORY('07_Wedge_Lifter_Option',
'07_Wedge_Lifter_Option',(#19861));
#19792=PRODUCT_RELATED_PRODUCT_CATEGORY('Lifter_Spatula_62mm',
'Lifter_Spatula_62mm',(#19862));
#19793=PRODUCT_RELATED_PRODUCT_CATEGORY('Lifter_Hinge_Boss',
'Lifter_Hinge_Boss',(#19863));
#19794=PRODUCT_RELATED_PRODUCT_CATEGORY('Lifter_Pivot_Support_L',
'Lifter_Pivot_Support_L',(#19864));
#19795=PRODUCT_RELATED_PRODUCT_CATEGORY('Lifter_Pivot_Support_R',
'Lifter_Pivot_Support_R',(#19865));
#19796=PRODUCT_RELATED_PRODUCT_CATEGORY('Lifter_Pivot_Pin_6mm',
'Lifter_Pivot_Pin_6mm',(#19866));
#19797=PRODUCT_RELATED_PRODUCT_CATEGORY('Repeat_40kg_Servo_MaxEnvelope',
'Repeat_40kg_Servo_MaxEnvelope',(#19867));
#19798=PRODUCT_RELATED_PRODUCT_CATEGORY('Lifter_Servo_Base_Rail_L',
'Lifter_Servo_Base_Rail_L',(#19868));
#19799=PRODUCT_RELATED_PRODUCT_CATEGORY('Lifter_Servo_Base_Rail_R',
'Lifter_Servo_Base_Rail_R',(#19869));
#19800=PRODUCT_RELATED_PRODUCT_CATEGORY('Lifter_Aluminium_Horn',
'Lifter_Aluminium_Horn',(#19870));
#19801=PRODUCT_RELATED_PRODUCT_CATEGORY('Lifter_Connecting_Rod',
'Lifter_Connecting_Rod',(#19871));
#19802=PRODUCT_RELATED_PRODUCT_CATEGORY('Lifter_Lower_Hard_Stop',
'Lifter_Lower_Hard_Stop',(#19872));
#19803=PRODUCT_RELATED_PRODUCT_CATEGORY('Lifter_Servo_Clamp_Bar_L',
'Lifter_Servo_Clamp_Bar_L',(#19873));
#19804=PRODUCT_RELATED_PRODUCT_CATEGORY(
'Lifter_Servo_Clamp_Post_L_Rear','Lifter_Servo_Clamp_Post_L_Rear',(#19874));
#19805=PRODUCT_RELATED_PRODUCT_CATEGORY(
'Lifter_Servo_Clamp_Post_L_Front','Lifter_Servo_Clamp_Post_L_Front',(#19875));
#19806=PRODUCT_RELATED_PRODUCT_CATEGORY('Lifter_Servo_Clamp_Bar_R',
'Lifter_Servo_Clamp_Bar_R',(#19876));
#19807=PRODUCT_RELATED_PRODUCT_CATEGORY(
'Lifter_Servo_Clamp_Post_R_Rear','Lifter_Servo_Clamp_Post_R_Rear',(#19877));
#19808=PRODUCT_RELATED_PRODUCT_CATEGORY(
'Lifter_Servo_Clamp_Post_R_Front','Lifter_Servo_Clamp_Post_R_Front',(#19878));
#19809=PRODUCT_RELATED_PRODUCT_CATEGORY('Lifter_Pin_C_Clip_L',
'Lifter_Pin_C_Clip_L',(#19879));
#19810=PRODUCT_RELATED_PRODUCT_CATEGORY('Lifter_Pin_C_Clip_R',
'Lifter_Pin_C_Clip_R',(#19880));
#19811=PRODUCT_RELATED_PRODUCT_CATEGORY('09_3S_Drive_Upgrade',
'09_3S_Drive_Upgrade',(#19881));
#19812=PRODUCT_RELATED_PRODUCT_CATEGORY('BBB_22mm_Gearmotor_L',
'BBB_22mm_Gearmotor_L',(#19882));
#19813=PRODUCT_RELATED_PRODUCT_CATEGORY('BBB_4mm_Output_Shaft_L',
'BBB_4mm_Output_Shaft_L',(#19883));
#19814=PRODUCT_RELATED_PRODUCT_CATEGORY('BBB_Face_Mount_26mm_L',
'BBB_Face_Mount_26mm_L',(#19884));
#19815=PRODUCT_RELATED_PRODUCT_CATEGORY('BBB_Motor_Cradle_L',
'BBB_Motor_Cradle_L',(#19885));
#19816=PRODUCT_RELATED_PRODUCT_CATEGORY('Repeat_4mm_Clamp_Hub_L',
'Repeat_4mm_Clamp_Hub_L',(#19886));
#19817=PRODUCT_RELATED_PRODUCT_CATEGORY('BBB_22mm_Gearmotor_R',
'BBB_22mm_Gearmotor_R',(#19887));
#19818=PRODUCT_RELATED_PRODUCT_CATEGORY('BBB_4mm_Output_Shaft_R',
'BBB_4mm_Output_Shaft_R',(#19888));
#19819=PRODUCT_RELATED_PRODUCT_CATEGORY('BBB_Face_Mount_26mm_R',
'BBB_Face_Mount_26mm_R',(#19889));
#19820=PRODUCT_RELATED_PRODUCT_CATEGORY('BBB_Motor_Cradle_R',
'BBB_Motor_Cradle_R',(#19890));
#19821=PRODUCT_RELATED_PRODUCT_CATEGORY('Repeat_4mm_Clamp_Hub_R',
'Repeat_4mm_Clamp_Hub_R',(#19891));
#19822=PRODUCT_RELATED_PRODUCT_CATEGORY('10_Battery_Restraints',
'10_Battery_Restraints',(#19892));
#19823=PRODUCT_RELATED_PRODUCT_CATEGORY('Battery_Clamp_Bar_1',
'Battery_Clamp_Bar_1',(#19893));
#19824=PRODUCT_RELATED_PRODUCT_CATEGORY('Battery_Clamp_Bar_2',
'Battery_Clamp_Bar_2',(#19894));
#19825=APPLICATION_PROTOCOL_DEFINITION('international standard',
'automotive_design',2009,#19826);
#19826=APPLICATION_CONTEXT(
'Core Data for Automotive Mechanical Design Process');
#19827=PRODUCT_CONTEXT('part definition',#19826,'mechanical');
#19828=PRODUCT('2026-09-22-20-04-37-960','Untitled',$,(#19827));
#19829=PRODUCT('2026-09-22-20-04-48-798','01_Chassis',$,(#19827));
#19830=PRODUCT('2026-09-22-20-10-09-073','Base_Plate_Al',$,(#19827));
#19831=PRODUCT('2026-09-22-20-12-27-334','Left_Side_Plate_Al',$,(#19827));
#19832=PRODUCT('2026-09-22-20-12-27-362','Right_Side_Plate_Al',$,(#19827));
#19833=PRODUCT('2026-09-22-20-17-28-654','Top_Cover',$,(#19827));
#19834=PRODUCT('2026-09-22-21-16-08-475','Front_Wedge_L',$,(#19827));
#19835=PRODUCT('2026-09-22-21-16-09-075','Front_Wedge_R',$,(#19827));
#19836=PRODUCT('2026-09-22-21-40-15-382','Standoffs_Fasteners',$,(#19827));
#19837=PRODUCT('2026-09-22-20-04-48-802','02_Drivetrain',$,(#19827));
#19838=PRODUCT('2026-09-22-20-14-47-754','Left_Wheel',$,(#19827));
#19839=PRODUCT('2026-09-22-20-14-47-792','Right_Wheel',$,(#19827));
#19840=PRODUCT('2026-09-22-20-04-48-807','05_Electronics',$,(#19827));
#19841=PRODUCT('2026-09-22-20-50-05-757','Battery_and_Tray',$,(#19827));
#19842=PRODUCT('2026-09-23-02-25-37-427','Rx_ER6',$,(#19827));
#19843=PRODUCT('2026-09-23-02-25-40-527','UBEC_5A',$,(#19827));
#19844=PRODUCT('2026-09-23-21-12-34-998',
'FingerTech_Mini_Switch_Envelope',$,(#19827));
#19845=PRODUCT('2026-09-24-13-30-34-256',
'BBB_Dual_Brushed_ESC_v2_Envelope',$,(#19827));
#19846=PRODUCT('2026-09-22-20-04-48-809','06_3D_Printed',$,(#19827));
#19847=PRODUCT('2026-09-22-20-49-00-878','Wire_Clips',$,(#19827));
#19848=PRODUCT('2026-09-22-20-49-00-891','Non_Structural_Covers',$,(#19827));
#19849=PRODUCT('2026-09-22-23-34-46-416','Rear_Panel',$,(#19827));
#19850=PRODUCT('2026-09-22-20-49-00-904','TPU_Bumpers',$,(#19827));
#19851=PRODUCT('2026-09-22-21-42-45-679','Battery_Holder',$,(#19827));
#19852=PRODUCT('2026-09-22-23-22-03-101','Batt_Post_1',$,(#19827));
#19853=PRODUCT('2026-09-22-23-22-04-161','Batt_Post_2',$,(#19827));
#19854=PRODUCT('2026-09-22-23-22-05-011','Batt_Post_3',$,(#19827));
#19855=PRODUCT('2026-09-22-23-22-05-941','Batt_Post_4',$,(#19827));
#19856=PRODUCT('2026-09-22-23-30-32-609','Disconnect_Post_1',$,(#19827));
#19857=PRODUCT('2026-09-22-23-30-32-928','Disconnect_Post_2',$,(#19827));
#19858=PRODUCT('2026-09-23-02-25-38-082','Holder_Rx_ER6',$,(#19827));
#19859=PRODUCT('2026-09-23-02-25-41-161','Holder_UBEC_5A',$,(#19827));
#19860=PRODUCT('2026-09-23-21-12-34-593','FingerTech_Switch_Adapter',$,
(#19827));
#19861=PRODUCT('2026-09-24-00-50-23-317','07_Wedge_Lifter_Option',$,(#19827));
#19862=PRODUCT('2026-09-24-00-50-23-446','Lifter_Spatula_62mm',$,(#19827));
#19863=PRODUCT('2026-09-24-00-50-24-006','Lifter_Hinge_Boss',$,(#19827));
#19864=PRODUCT('2026-09-24-00-50-24-800','Lifter_Pivot_Support_L',$,(#19827));
#19865=PRODUCT('2026-09-24-00-50-25-274','Lifter_Pivot_Support_R',$,(#19827));
#19866=PRODUCT('2026-09-24-00-50-26-431','Lifter_Pivot_Pin_6mm',$,(#19827));
#19867=PRODUCT('2026-09-24-13-22-46-018',
'Repeat_40kg_Servo_MaxEnvelope',$,(#19827));
#19868=PRODUCT('2026-09-24-13-22-46-542','Lifter_Servo_Base_Rail_L',$,(#19827));
#19869=PRODUCT('2026-09-24-13-22-47-183','Lifter_Servo_Base_Rail_R',$,(#19827));
#19870=PRODUCT('2026-09-24-13-22-47-852','Lifter_Aluminium_Horn',$,(#19827));
#19871=PRODUCT('2026-09-24-13-22-49-140','Lifter_Connecting_Rod',$,(#19827));
#19872=PRODUCT('2026-09-24-13-22-51-307','Lifter_Lower_Hard_Stop',$,(#19827));
#19873=PRODUCT('2026-09-24-13-35-55-015','Lifter_Servo_Clamp_Bar_L',$,(#19827));
#19874=PRODUCT('2026-09-24-13-35-56-655',
'Lifter_Servo_Clamp_Post_L_Rear',$,(#19827));
#19875=PRODUCT('2026-09-24-13-35-57-910',
'Lifter_Servo_Clamp_Post_L_Front',$,(#19827));
#19876=PRODUCT('2026-09-24-13-35-59-224','Lifter_Servo_Clamp_Bar_R',$,(#19827));
#19877=PRODUCT('2026-09-24-13-36-00-765',
'Lifter_Servo_Clamp_Post_R_Rear',$,(#19827));
#19878=PRODUCT('2026-09-24-13-36-02-314',
'Lifter_Servo_Clamp_Post_R_Front',$,(#19827));
#19879=PRODUCT('2026-09-24-13-45-26-614','Lifter_Pin_C_Clip_L',$,(#19827));
#19880=PRODUCT('2026-09-24-13-45-26-988','Lifter_Pin_C_Clip_R',$,(#19827));
#19881=PRODUCT('2026-09-24-13-30-13-588','09_3S_Drive_Upgrade',$,(#19827));
#19882=PRODUCT('2026-09-24-13-30-13-808','BBB_22mm_Gearmotor_L',$,(#19827));
#19883=PRODUCT('2026-09-24-13-30-14-511','BBB_4mm_Output_Shaft_L',$,(#19827));
#19884=PRODUCT('2026-09-24-13-30-15-174','BBB_Face_Mount_26mm_L',$,(#19827));
#19885=PRODUCT('2026-09-24-13-30-17-027','BBB_Motor_Cradle_L',$,(#19827));
#19886=PRODUCT('2026-09-24-13-30-21-370','Repeat_4mm_Clamp_Hub_L',$,(#19827));
#19887=PRODUCT('2026-09-24-13-30-23-097','BBB_22mm_Gearmotor_R',$,(#19827));
#19888=PRODUCT('2026-09-24-13-30-23-855','BBB_4mm_Output_Shaft_R',$,(#19827));
#19889=PRODUCT('2026-09-24-13-30-24-609','BBB_Face_Mount_26mm_R',$,(#19827));
#19890=PRODUCT('2026-09-24-13-30-26-766','BBB_Motor_Cradle_R',$,(#19827));
#19891=PRODUCT('2026-09-24-13-30-32-088','Repeat_4mm_Clamp_Hub_R',$,(#19827));
#19892=PRODUCT('2026-09-24-13-34-12-596','10_Battery_Restraints',$,(#19827));
#19893=PRODUCT('2026-09-24-13-34-12-894','Battery_Clamp_Bar_1',$,(#19827));
#19894=PRODUCT('2026-09-24-13-34-15-960','Battery_Clamp_Bar_2',$,(#19827));
#19895=PRESENTATION_STYLE_ASSIGNMENT((#19899));
#19896=PRESENTATION_STYLE_ASSIGNMENT((#19900));
#19897=PRESENTATION_STYLE_ASSIGNMENT((#19901));
#19898=PRESENTATION_STYLE_ASSIGNMENT((#19902));
#19899=SURFACE_STYLE_USAGE(.BOTH.,#19903);
#19900=SURFACE_STYLE_USAGE(.BOTH.,#19904);
#19901=SURFACE_STYLE_USAGE(.BOTH.,#19905);
#19902=SURFACE_STYLE_USAGE(.BOTH.,#19906);
#19903=SURFACE_SIDE_STYLE('',(#19907));
#19904=SURFACE_SIDE_STYLE('',(#19908));
#19905=SURFACE_SIDE_STYLE('',(#19909));
#19906=SURFACE_SIDE_STYLE('',(#19910));
#19907=SURFACE_STYLE_FILL_AREA(#19911);
#19908=SURFACE_STYLE_FILL_AREA(#19912);
#19909=SURFACE_STYLE_FILL_AREA(#19913);
#19910=SURFACE_STYLE_FILL_AREA(#19914);
#19911=FILL_AREA_STYLE('Steel - Satin',(#19915));
#19912=FILL_AREA_STYLE('Aluminum - Satin',(#19916));
#19913=FILL_AREA_STYLE('Nylon 6-6 (White)',(#19917));
#19914=FILL_AREA_STYLE('ABS (White)',(#19918));
#19915=FILL_AREA_STYLE_COLOUR('Steel - Satin',#19919);
#19916=FILL_AREA_STYLE_COLOUR('Aluminum - Satin',#19920);
#19917=FILL_AREA_STYLE_COLOUR('Nylon 6-6 (White)',#19921);
#19918=FILL_AREA_STYLE_COLOUR('ABS (White)',#19922);
#19919=COLOUR_RGB('Steel - Satin',0.627450980392157,0.627450980392157,0.627450980392157);
#19920=COLOUR_RGB('Aluminum - Satin',0.96078431372549,0.96078431372549,
0.964705882352941);
#19921=COLOUR_RGB('Nylon 6-6 (White)',0.972549019607843,0.968627450980392,
0.929411764705882);
#19922=COLOUR_RGB('ABS (White)',0.964705882352941,0.964705882352941,0.952941176470588);
ENDSEC;
END-ISO-10303-21;
