ISO-10303-21;
HEADER;
/* Generated by software containing ST-Developer
 * from STEP Tools, Inc. (www.steptools.com) 
 */

FILE_DESCRIPTION(
/* description */ (''),
/* implementation_level */ '2;1');

FILE_NAME(
/* name */ 'robot2_lifter_stops_2026-10-01.step',
/* time_stamp */ '2026-10-01T19:27:43+07:00',
/* author */ (''),
/* organization */ (''),
/* preprocessor_version */ 'ST-DEVELOPER v20.2',
/* originating_system */ 'Autodesk Translation Framework v15.15.0.0',
/* authorisation */ '');

FILE_SCHEMA (('AUTOMOTIVE_DESIGN { 1 0 10303 214 3 1 1 }'));
ENDSEC;

DATA;
#10=MECHANICAL_DESIGN_GEOMETRIC_PRESENTATION_REPRESENTATION('',(#413,#414,
#415,#416,#417,#418,#419,#420,#421,#422,#423,#424,#425,#426,#427,#428,#429,
#430,#431,#432,#433,#434,#435,#436,#437,#438,#439,#440,#441,#442,#443,#444,
#445,#446,#447,#448,#449,#450,#451,#452,#453,#454,#455,#456,#457,#458,#459,
#460,#461,#462,#463,#464,#465,#466,#467,#468,#469,#470,#471,#472,#473,#474),
#19568);
#11=ITEM_DEFINED_TRANSFORMATION($,$,#11623,#11965);
#12=ITEM_DEFINED_TRANSFORMATION($,$,#11792,#11966);
#13=ITEM_DEFINED_TRANSFORMATION($,$,#11815,#11967);
#14=ITEM_DEFINED_TRANSFORMATION($,$,#11838,#11968);
#15=ITEM_DEFINED_TRANSFORMATION($,$,#11866,#11969);
#16=ITEM_DEFINED_TRANSFORMATION($,$,#11886,#11970);
#17=ITEM_DEFINED_TRANSFORMATION($,$,#11906,#11971);
#18=ITEM_DEFINED_TRANSFORMATION($,$,#11973,#12013);
#19=ITEM_DEFINED_TRANSFORMATION($,$,#11993,#12014);
#20=ITEM_DEFINED_TRANSFORMATION($,$,#12016,#12057);
#21=ITEM_DEFINED_TRANSFORMATION($,$,#12023,#12058);
#22=ITEM_DEFINED_TRANSFORMATION($,$,#12030,#12059);
#23=ITEM_DEFINED_TRANSFORMATION($,$,#12037,#12060);
#24=ITEM_DEFINED_TRANSFORMATION($,$,#12050,#12061);
#25=ITEM_DEFINED_TRANSFORMATION($,$,#12065,#12084);
#26=ITEM_DEFINED_TRANSFORMATION($,$,#12063,#12272);
#27=ITEM_DEFINED_TRANSFORMATION($,$,#12064,#12273);
#28=ITEM_DEFINED_TRANSFORMATION($,$,#12085,#12274);
#29=ITEM_DEFINED_TRANSFORMATION($,$,#12086,#12275);
#30=ITEM_DEFINED_TRANSFORMATION($,$,#12125,#12276);
#31=ITEM_DEFINED_TRANSFORMATION($,$,#12139,#12277);
#32=ITEM_DEFINED_TRANSFORMATION($,$,#12153,#12278);
#33=ITEM_DEFINED_TRANSFORMATION($,$,#12167,#12279);
#34=ITEM_DEFINED_TRANSFORMATION($,$,#12181,#12280);
#35=ITEM_DEFINED_TRANSFORMATION($,$,#12195,#12281);
#36=ITEM_DEFINED_TRANSFORMATION($,$,#12209,#12282);
#37=ITEM_DEFINED_TRANSFORMATION($,$,#12231,#12283);
#38=ITEM_DEFINED_TRANSFORMATION($,$,#12253,#12284);
#39=ITEM_DEFINED_TRANSFORMATION($,$,#12286,#12532);
#40=ITEM_DEFINED_TRANSFORMATION($,$,#12293,#12533);
#41=ITEM_DEFINED_TRANSFORMATION($,$,#12312,#12534);
#42=ITEM_DEFINED_TRANSFORMATION($,$,#12332,#12535);
#43=ITEM_DEFINED_TRANSFORMATION($,$,#12360,#12536);
#44=ITEM_DEFINED_TRANSFORMATION($,$,#12382,#12537);
#45=ITEM_DEFINED_TRANSFORMATION($,$,#12393,#12538);
#46=ITEM_DEFINED_TRANSFORMATION($,$,#12400,#12539);
#47=ITEM_DEFINED_TRANSFORMATION($,$,#12407,#12540);
#48=ITEM_DEFINED_TRANSFORMATION($,$,#12420,#12541);
#49=ITEM_DEFINED_TRANSFORMATION($,$,#12433,#12542);
#50=ITEM_DEFINED_TRANSFORMATION($,$,#12440,#12543);
#51=ITEM_DEFINED_TRANSFORMATION($,$,#12455,#12544);
#52=ITEM_DEFINED_TRANSFORMATION($,$,#12465,#12545);
#53=ITEM_DEFINED_TRANSFORMATION($,$,#12475,#12546);
#54=ITEM_DEFINED_TRANSFORMATION($,$,#12490,#12547);
#55=ITEM_DEFINED_TRANSFORMATION($,$,#12500,#12548);
#56=ITEM_DEFINED_TRANSFORMATION($,$,#12510,#12549);
#57=ITEM_DEFINED_TRANSFORMATION($,$,#12521,#12550);
#58=ITEM_DEFINED_TRANSFORMATION($,$,#12552,#12714);
#59=ITEM_DEFINED_TRANSFORMATION($,$,#12558,#12715);
#60=ITEM_DEFINED_TRANSFORMATION($,$,#12564,#12716);
#61=ITEM_DEFINED_TRANSFORMATION($,$,#12586,#12717);
#62=ITEM_DEFINED_TRANSFORMATION($,$,#12618,#12718);
#63=ITEM_DEFINED_TRANSFORMATION($,$,#12633,#12719);
#64=ITEM_DEFINED_TRANSFORMATION($,$,#12639,#12720);
#65=ITEM_DEFINED_TRANSFORMATION($,$,#12645,#12721);
#66=ITEM_DEFINED_TRANSFORMATION($,$,#12667,#12722);
#67=ITEM_DEFINED_TRANSFORMATION($,$,#12699,#12723);
#68=ITEM_DEFINED_TRANSFORMATION($,$,#12725,#12755);
#69=ITEM_DEFINED_TRANSFORMATION($,$,#12740,#12756);
#70=ITEM_DEFINED_TRANSFORMATION($,$,#11622,#12757);
#71=ITEM_DEFINED_TRANSFORMATION($,$,#11972,#12758);
#72=ITEM_DEFINED_TRANSFORMATION($,$,#12015,#12759);
#73=ITEM_DEFINED_TRANSFORMATION($,$,#12062,#12760);
#74=ITEM_DEFINED_TRANSFORMATION($,$,#12285,#12761);
#75=ITEM_DEFINED_TRANSFORMATION($,$,#12551,#12762);
#76=ITEM_DEFINED_TRANSFORMATION($,$,#12724,#12763);
#77=(
REPRESENTATION_RELATIONSHIP($,$,#19775,#19774)
REPRESENTATION_RELATIONSHIP_WITH_TRANSFORMATION(#11)
SHAPE_REPRESENTATION_RELATIONSHIP()
);
#78=(
REPRESENTATION_RELATIONSHIP($,$,#19776,#19774)
REPRESENTATION_RELATIONSHIP_WITH_TRANSFORMATION(#12)
SHAPE_REPRESENTATION_RELATIONSHIP()
);
#79=(
REPRESENTATION_RELATIONSHIP($,$,#19777,#19774)
REPRESENTATION_RELATIONSHIP_WITH_TRANSFORMATION(#13)
SHAPE_REPRESENTATION_RELATIONSHIP()
);
#80=(
REPRESENTATION_RELATIONSHIP($,$,#19778,#19774)
REPRESENTATION_RELATIONSHIP_WITH_TRANSFORMATION(#14)
SHAPE_REPRESENTATION_RELATIONSHIP()
);
#81=(
REPRESENTATION_RELATIONSHIP($,$,#19779,#19774)
REPRESENTATION_RELATIONSHIP_WITH_TRANSFORMATION(#15)
SHAPE_REPRESENTATION_RELATIONSHIP()
);
#82=(
REPRESENTATION_RELATIONSHIP($,$,#19780,#19774)
REPRESENTATION_RELATIONSHIP_WITH_TRANSFORMATION(#16)
SHAPE_REPRESENTATION_RELATIONSHIP()
);
#83=(
REPRESENTATION_RELATIONSHIP($,$,#19781,#19774)
REPRESENTATION_RELATIONSHIP_WITH_TRANSFORMATION(#17)
SHAPE_REPRESENTATION_RELATIONSHIP()
);
#84=(
REPRESENTATION_RELATIONSHIP($,$,#19783,#19782)
REPRESENTATION_RELATIONSHIP_WITH_TRANSFORMATION(#18)
SHAPE_REPRESENTATION_RELATIONSHIP()
);
#85=(
REPRESENTATION_RELATIONSHIP($,$,#19784,#19782)
REPRESENTATION_RELATIONSHIP_WITH_TRANSFORMATION(#19)
SHAPE_REPRESENTATION_RELATIONSHIP()
);
#86=(
REPRESENTATION_RELATIONSHIP($,$,#19786,#19785)
REPRESENTATION_RELATIONSHIP_WITH_TRANSFORMATION(#20)
SHAPE_REPRESENTATION_RELATIONSHIP()
);
#87=(
REPRESENTATION_RELATIONSHIP($,$,#19787,#19785)
REPRESENTATION_RELATIONSHIP_WITH_TRANSFORMATION(#21)
SHAPE_REPRESENTATION_RELATIONSHIP()
);
#88=(
REPRESENTATION_RELATIONSHIP($,$,#19788,#19785)
REPRESENTATION_RELATIONSHIP_WITH_TRANSFORMATION(#22)
SHAPE_REPRESENTATION_RELATIONSHIP()
);
#89=(
REPRESENTATION_RELATIONSHIP($,$,#19789,#19785)
REPRESENTATION_RELATIONSHIP_WITH_TRANSFORMATION(#23)
SHAPE_REPRESENTATION_RELATIONSHIP()
);
#90=(
REPRESENTATION_RELATIONSHIP($,$,#19790,#19785)
REPRESENTATION_RELATIONSHIP_WITH_TRANSFORMATION(#24)
SHAPE_REPRESENTATION_RELATIONSHIP()
);
#91=(
REPRESENTATION_RELATIONSHIP($,$,#19794,#19793)
REPRESENTATION_RELATIONSHIP_WITH_TRANSFORMATION(#25)
SHAPE_REPRESENTATION_RELATIONSHIP()
);
#92=(
REPRESENTATION_RELATIONSHIP($,$,#19792,#19791)
REPRESENTATION_RELATIONSHIP_WITH_TRANSFORMATION(#26)
SHAPE_REPRESENTATION_RELATIONSHIP()
);
#93=(
REPRESENTATION_RELATIONSHIP($,$,#19793,#19791)
REPRESENTATION_RELATIONSHIP_WITH_TRANSFORMATION(#27)
SHAPE_REPRESENTATION_RELATIONSHIP()
);
#94=(
REPRESENTATION_RELATIONSHIP($,$,#19795,#19791)
REPRESENTATION_RELATIONSHIP_WITH_TRANSFORMATION(#28)
SHAPE_REPRESENTATION_RELATIONSHIP()
);
#95=(
REPRESENTATION_RELATIONSHIP($,$,#19796,#19791)
REPRESENTATION_RELATIONSHIP_WITH_TRANSFORMATION(#29)
SHAPE_REPRESENTATION_RELATIONSHIP()
);
#96=(
REPRESENTATION_RELATIONSHIP($,$,#19797,#19791)
REPRESENTATION_RELATIONSHIP_WITH_TRANSFORMATION(#30)
SHAPE_REPRESENTATION_RELATIONSHIP()
);
#97=(
REPRESENTATION_RELATIONSHIP($,$,#19798,#19791)
REPRESENTATION_RELATIONSHIP_WITH_TRANSFORMATION(#31)
SHAPE_REPRESENTATION_RELATIONSHIP()
);
#98=(
REPRESENTATION_RELATIONSHIP($,$,#19799,#19791)
REPRESENTATION_RELATIONSHIP_WITH_TRANSFORMATION(#32)
SHAPE_REPRESENTATION_RELATIONSHIP()
);
#99=(
REPRESENTATION_RELATIONSHIP($,$,#19800,#19791)
REPRESENTATION_RELATIONSHIP_WITH_TRANSFORMATION(#33)
SHAPE_REPRESENTATION_RELATIONSHIP()
);
#100=(
REPRESENTATION_RELATIONSHIP($,$,#19801,#19791)
REPRESENTATION_RELATIONSHIP_WITH_TRANSFORMATION(#34)
SHAPE_REPRESENTATION_RELATIONSHIP()
);
#101=(
REPRESENTATION_RELATIONSHIP($,$,#19802,#19791)
REPRESENTATION_RELATIONSHIP_WITH_TRANSFORMATION(#35)
SHAPE_REPRESENTATION_RELATIONSHIP()
);
#102=(
REPRESENTATION_RELATIONSHIP($,$,#19803,#19791)
REPRESENTATION_RELATIONSHIP_WITH_TRANSFORMATION(#36)
SHAPE_REPRESENTATION_RELATIONSHIP()
);
#103=(
REPRESENTATION_RELATIONSHIP($,$,#19804,#19791)
REPRESENTATION_RELATIONSHIP_WITH_TRANSFORMATION(#37)
SHAPE_REPRESENTATION_RELATIONSHIP()
);
#104=(
REPRESENTATION_RELATIONSHIP($,$,#19805,#19791)
REPRESENTATION_RELATIONSHIP_WITH_TRANSFORMATION(#38)
SHAPE_REPRESENTATION_RELATIONSHIP()
);
#105=(
REPRESENTATION_RELATIONSHIP($,$,#19807,#19806)
REPRESENTATION_RELATIONSHIP_WITH_TRANSFORMATION(#39)
SHAPE_REPRESENTATION_RELATIONSHIP()
);
#106=(
REPRESENTATION_RELATIONSHIP($,$,#19808,#19806)
REPRESENTATION_RELATIONSHIP_WITH_TRANSFORMATION(#40)
SHAPE_REPRESENTATION_RELATIONSHIP()
);
#107=(
REPRESENTATION_RELATIONSHIP($,$,#19809,#19806)
REPRESENTATION_RELATIONSHIP_WITH_TRANSFORMATION(#41)
SHAPE_REPRESENTATION_RELATIONSHIP()
);
#108=(
REPRESENTATION_RELATIONSHIP($,$,#19810,#19806)
REPRESENTATION_RELATIONSHIP_WITH_TRANSFORMATION(#42)
SHAPE_REPRESENTATION_RELATIONSHIP()
);
#109=(
REPRESENTATION_RELATIONSHIP($,$,#19811,#19806)
REPRESENTATION_RELATIONSHIP_WITH_TRANSFORMATION(#43)
SHAPE_REPRESENTATION_RELATIONSHIP()
);
#110=(
REPRESENTATION_RELATIONSHIP($,$,#19812,#19806)
REPRESENTATION_RELATIONSHIP_WITH_TRANSFORMATION(#44)
SHAPE_REPRESENTATION_RELATIONSHIP()
);
#111=(
REPRESENTATION_RELATIONSHIP($,$,#19813,#19806)
REPRESENTATION_RELATIONSHIP_WITH_TRANSFORMATION(#45)
SHAPE_REPRESENTATION_RELATIONSHIP()
);
#112=(
REPRESENTATION_RELATIONSHIP($,$,#19814,#19806)
REPRESENTATION_RELATIONSHIP_WITH_TRANSFORMATION(#46)
SHAPE_REPRESENTATION_RELATIONSHIP()
);
#113=(
REPRESENTATION_RELATIONSHIP($,$,#19815,#19806)
REPRESENTATION_RELATIONSHIP_WITH_TRANSFORMATION(#47)
SHAPE_REPRESENTATION_RELATIONSHIP()
);
#114=(
REPRESENTATION_RELATIONSHIP($,$,#19816,#19806)
REPRESENTATION_RELATIONSHIP_WITH_TRANSFORMATION(#48)
SHAPE_REPRESENTATION_RELATIONSHIP()
);
#115=(
REPRESENTATION_RELATIONSHIP($,$,#19817,#19806)
REPRESENTATION_RELATIONSHIP_WITH_TRANSFORMATION(#49)
SHAPE_REPRESENTATION_RELATIONSHIP()
);
#116=(
REPRESENTATION_RELATIONSHIP($,$,#19818,#19806)
REPRESENTATION_RELATIONSHIP_WITH_TRANSFORMATION(#50)
SHAPE_REPRESENTATION_RELATIONSHIP()
);
#117=(
REPRESENTATION_RELATIONSHIP($,$,#19819,#19806)
REPRESENTATION_RELATIONSHIP_WITH_TRANSFORMATION(#51)
SHAPE_REPRESENTATION_RELATIONSHIP()
);
#118=(
REPRESENTATION_RELATIONSHIP($,$,#19820,#19806)
REPRESENTATION_RELATIONSHIP_WITH_TRANSFORMATION(#52)
SHAPE_REPRESENTATION_RELATIONSHIP()
);
#119=(
REPRESENTATION_RELATIONSHIP($,$,#19821,#19806)
REPRESENTATION_RELATIONSHIP_WITH_TRANSFORMATION(#53)
SHAPE_REPRESENTATION_RELATIONSHIP()
);
#120=(
REPRESENTATION_RELATIONSHIP($,$,#19822,#19806)
REPRESENTATION_RELATIONSHIP_WITH_TRANSFORMATION(#54)
SHAPE_REPRESENTATION_RELATIONSHIP()
);
#121=(
REPRESENTATION_RELATIONSHIP($,$,#19823,#19806)
REPRESENTATION_RELATIONSHIP_WITH_TRANSFORMATION(#55)
SHAPE_REPRESENTATION_RELATIONSHIP()
);
#122=(
REPRESENTATION_RELATIONSHIP($,$,#19824,#19806)
REPRESENTATION_RELATIONSHIP_WITH_TRANSFORMATION(#56)
SHAPE_REPRESENTATION_RELATIONSHIP()
);
#123=(
REPRESENTATION_RELATIONSHIP($,$,#19825,#19806)
REPRESENTATION_RELATIONSHIP_WITH_TRANSFORMATION(#57)
SHAPE_REPRESENTATION_RELATIONSHIP()
);
#124=(
REPRESENTATION_RELATIONSHIP($,$,#19827,#19826)
REPRESENTATION_RELATIONSHIP_WITH_TRANSFORMATION(#58)
SHAPE_REPRESENTATION_RELATIONSHIP()
);
#125=(
REPRESENTATION_RELATIONSHIP($,$,#19828,#19826)
REPRESENTATION_RELATIONSHIP_WITH_TRANSFORMATION(#59)
SHAPE_REPRESENTATION_RELATIONSHIP()
);
#126=(
REPRESENTATION_RELATIONSHIP($,$,#19829,#19826)
REPRESENTATION_RELATIONSHIP_WITH_TRANSFORMATION(#60)
SHAPE_REPRESENTATION_RELATIONSHIP()
);
#127=(
REPRESENTATION_RELATIONSHIP($,$,#19830,#19826)
REPRESENTATION_RELATIONSHIP_WITH_TRANSFORMATION(#61)
SHAPE_REPRESENTATION_RELATIONSHIP()
);
#128=(
REPRESENTATION_RELATIONSHIP($,$,#19831,#19826)
REPRESENTATION_RELATIONSHIP_WITH_TRANSFORMATION(#62)
SHAPE_REPRESENTATION_RELATIONSHIP()
);
#129=(
REPRESENTATION_RELATIONSHIP($,$,#19832,#19826)
REPRESENTATION_RELATIONSHIP_WITH_TRANSFORMATION(#63)
SHAPE_REPRESENTATION_RELATIONSHIP()
);
#130=(
REPRESENTATION_RELATIONSHIP($,$,#19833,#19826)
REPRESENTATION_RELATIONSHIP_WITH_TRANSFORMATION(#64)
SHAPE_REPRESENTATION_RELATIONSHIP()
);
#131=(
REPRESENTATION_RELATIONSHIP($,$,#19834,#19826)
REPRESENTATION_RELATIONSHIP_WITH_TRANSFORMATION(#65)
SHAPE_REPRESENTATION_RELATIONSHIP()
);
#132=(
REPRESENTATION_RELATIONSHIP($,$,#19835,#19826)
REPRESENTATION_RELATIONSHIP_WITH_TRANSFORMATION(#66)
SHAPE_REPRESENTATION_RELATIONSHIP()
);
#133=(
REPRESENTATION_RELATIONSHIP($,$,#19836,#19826)
REPRESENTATION_RELATIONSHIP_WITH_TRANSFORMATION(#67)
SHAPE_REPRESENTATION_RELATIONSHIP()
);
#134=(
REPRESENTATION_RELATIONSHIP($,$,#19838,#19837)
REPRESENTATION_RELATIONSHIP_WITH_TRANSFORMATION(#68)
SHAPE_REPRESENTATION_RELATIONSHIP()
);
#135=(
REPRESENTATION_RELATIONSHIP($,$,#19839,#19837)
REPRESENTATION_RELATIONSHIP_WITH_TRANSFORMATION(#69)
SHAPE_REPRESENTATION_RELATIONSHIP()
);
#136=(
REPRESENTATION_RELATIONSHIP($,$,#19774,#19773)
REPRESENTATION_RELATIONSHIP_WITH_TRANSFORMATION(#70)
SHAPE_REPRESENTATION_RELATIONSHIP()
);
#137=(
REPRESENTATION_RELATIONSHIP($,$,#19782,#19773)
REPRESENTATION_RELATIONSHIP_WITH_TRANSFORMATION(#71)
SHAPE_REPRESENTATION_RELATIONSHIP()
);
#138=(
REPRESENTATION_RELATIONSHIP($,$,#19785,#19773)
REPRESENTATION_RELATIONSHIP_WITH_TRANSFORMATION(#72)
SHAPE_REPRESENTATION_RELATIONSHIP()
);
#139=(
REPRESENTATION_RELATIONSHIP($,$,#19791,#19773)
REPRESENTATION_RELATIONSHIP_WITH_TRANSFORMATION(#73)
SHAPE_REPRESENTATION_RELATIONSHIP()
);
#140=(
REPRESENTATION_RELATIONSHIP($,$,#19806,#19773)
REPRESENTATION_RELATIONSHIP_WITH_TRANSFORMATION(#74)
SHAPE_REPRESENTATION_RELATIONSHIP()
);
#141=(
REPRESENTATION_RELATIONSHIP($,$,#19826,#19773)
REPRESENTATION_RELATIONSHIP_WITH_TRANSFORMATION(#75)
SHAPE_REPRESENTATION_RELATIONSHIP()
);
#142=(
REPRESENTATION_RELATIONSHIP($,$,#19837,#19773)
REPRESENTATION_RELATIONSHIP_WITH_TRANSFORMATION(#76)
SHAPE_REPRESENTATION_RELATIONSHIP()
);
#143=CONTEXT_DEPENDENT_SHAPE_REPRESENTATION(#77,#19649);
#144=CONTEXT_DEPENDENT_SHAPE_REPRESENTATION(#78,#19650);
#145=CONTEXT_DEPENDENT_SHAPE_REPRESENTATION(#79,#19651);
#146=CONTEXT_DEPENDENT_SHAPE_REPRESENTATION(#80,#19652);
#147=CONTEXT_DEPENDENT_SHAPE_REPRESENTATION(#81,#19653);
#148=CONTEXT_DEPENDENT_SHAPE_REPRESENTATION(#82,#19654);
#149=CONTEXT_DEPENDENT_SHAPE_REPRESENTATION(#83,#19655);
#150=CONTEXT_DEPENDENT_SHAPE_REPRESENTATION(#84,#19659);
#151=CONTEXT_DEPENDENT_SHAPE_REPRESENTATION(#85,#19660);
#152=CONTEXT_DEPENDENT_SHAPE_REPRESENTATION(#86,#19667);
#153=CONTEXT_DEPENDENT_SHAPE_REPRESENTATION(#87,#19668);
#154=CONTEXT_DEPENDENT_SHAPE_REPRESENTATION(#88,#19669);
#155=CONTEXT_DEPENDENT_SHAPE_REPRESENTATION(#89,#19670);
#156=CONTEXT_DEPENDENT_SHAPE_REPRESENTATION(#90,#19671);
#157=CONTEXT_DEPENDENT_SHAPE_REPRESENTATION(#91,#19676);
#158=CONTEXT_DEPENDENT_SHAPE_REPRESENTATION(#92,#19688);
#159=CONTEXT_DEPENDENT_SHAPE_REPRESENTATION(#93,#19689);
#160=CONTEXT_DEPENDENT_SHAPE_REPRESENTATION(#94,#19690);
#161=CONTEXT_DEPENDENT_SHAPE_REPRESENTATION(#95,#19691);
#162=CONTEXT_DEPENDENT_SHAPE_REPRESENTATION(#96,#19692);
#163=CONTEXT_DEPENDENT_SHAPE_REPRESENTATION(#97,#19693);
#164=CONTEXT_DEPENDENT_SHAPE_REPRESENTATION(#98,#19694);
#165=CONTEXT_DEPENDENT_SHAPE_REPRESENTATION(#99,#19695);
#166=CONTEXT_DEPENDENT_SHAPE_REPRESENTATION(#100,#19696);
#167=CONTEXT_DEPENDENT_SHAPE_REPRESENTATION(#101,#19697);
#168=CONTEXT_DEPENDENT_SHAPE_REPRESENTATION(#102,#19698);
#169=CONTEXT_DEPENDENT_SHAPE_REPRESENTATION(#103,#19699);
#170=CONTEXT_DEPENDENT_SHAPE_REPRESENTATION(#104,#19700);
#171=CONTEXT_DEPENDENT_SHAPE_REPRESENTATION(#105,#19721);
#172=CONTEXT_DEPENDENT_SHAPE_REPRESENTATION(#106,#19722);
#173=CONTEXT_DEPENDENT_SHAPE_REPRESENTATION(#107,#19723);
#174=CONTEXT_DEPENDENT_SHAPE_REPRESENTATION(#108,#19724);
#175=CONTEXT_DEPENDENT_SHAPE_REPRESENTATION(#109,#19725);
#176=CONTEXT_DEPENDENT_SHAPE_REPRESENTATION(#110,#19726);
#177=CONTEXT_DEPENDENT_SHAPE_REPRESENTATION(#111,#19727);
#178=CONTEXT_DEPENDENT_SHAPE_REPRESENTATION(#112,#19728);
#179=CONTEXT_DEPENDENT_SHAPE_REPRESENTATION(#113,#19729);
#180=CONTEXT_DEPENDENT_SHAPE_REPRESENTATION(#114,#19730);
#181=CONTEXT_DEPENDENT_SHAPE_REPRESENTATION(#115,#19731);
#182=CONTEXT_DEPENDENT_SHAPE_REPRESENTATION(#116,#19732);
#183=CONTEXT_DEPENDENT_SHAPE_REPRESENTATION(#117,#19733);
#184=CONTEXT_DEPENDENT_SHAPE_REPRESENTATION(#118,#19734);
#185=CONTEXT_DEPENDENT_SHAPE_REPRESENTATION(#119,#19735);
#186=CONTEXT_DEPENDENT_SHAPE_REPRESENTATION(#120,#19736);
#187=CONTEXT_DEPENDENT_SHAPE_REPRESENTATION(#121,#19737);
#188=CONTEXT_DEPENDENT_SHAPE_REPRESENTATION(#122,#19738);
#189=CONTEXT_DEPENDENT_SHAPE_REPRESENTATION(#123,#19739);
#190=CONTEXT_DEPENDENT_SHAPE_REPRESENTATION(#124,#19751);
#191=CONTEXT_DEPENDENT_SHAPE_REPRESENTATION(#125,#19752);
#192=CONTEXT_DEPENDENT_SHAPE_REPRESENTATION(#126,#19753);
#193=CONTEXT_DEPENDENT_SHAPE_REPRESENTATION(#127,#19754);
#194=CONTEXT_DEPENDENT_SHAPE_REPRESENTATION(#128,#19755);
#195=CONTEXT_DEPENDENT_SHAPE_REPRESENTATION(#129,#19756);
#196=CONTEXT_DEPENDENT_SHAPE_REPRESENTATION(#130,#19757);
#197=CONTEXT_DEPENDENT_SHAPE_REPRESENTATION(#131,#19758);
#198=CONTEXT_DEPENDENT_SHAPE_REPRESENTATION(#132,#19759);
#199=CONTEXT_DEPENDENT_SHAPE_REPRESENTATION(#133,#19760);
#200=CONTEXT_DEPENDENT_SHAPE_REPRESENTATION(#134,#19764);
#201=CONTEXT_DEPENDENT_SHAPE_REPRESENTATION(#135,#19765);
#202=CONTEXT_DEPENDENT_SHAPE_REPRESENTATION(#136,#19766);
#203=CONTEXT_DEPENDENT_SHAPE_REPRESENTATION(#137,#19767);
#204=CONTEXT_DEPENDENT_SHAPE_REPRESENTATION(#138,#19768);
#205=CONTEXT_DEPENDENT_SHAPE_REPRESENTATION(#139,#19769);
#206=CONTEXT_DEPENDENT_SHAPE_REPRESENTATION(#140,#19770);
#207=CONTEXT_DEPENDENT_SHAPE_REPRESENTATION(#141,#19771);
#208=CONTEXT_DEPENDENT_SHAPE_REPRESENTATION(#142,#19772);
#209=NEXT_ASSEMBLY_USAGE_OCCURRENCE('Base_Plate_Al:1','Base_Plate_Al:1',
'Base_Plate_Al:1',#19842,#19843,'Base_Plate_Al:1');
#210=NEXT_ASSEMBLY_USAGE_OCCURRENCE('Left_Side_Plate_Al:1',
'Left_Side_Plate_Al:1','Left_Side_Plate_Al:1',#19842,#19844,
'Left_Side_Plate_Al:1');
#211=NEXT_ASSEMBLY_USAGE_OCCURRENCE('Right_Side_Plate_Al:1',
'Right_Side_Plate_Al:1','Right_Side_Plate_Al:1',#19842,#19845,
'Right_Side_Plate_Al:1');
#212=NEXT_ASSEMBLY_USAGE_OCCURRENCE('Top_Cover:1','Top_Cover:1',
'Top_Cover:1',#19842,#19846,'Top_Cover:1');
#213=NEXT_ASSEMBLY_USAGE_OCCURRENCE('Front_Wedge_L:1','Front_Wedge_L:1',
'Front_Wedge_L:1',#19842,#19847,'Front_Wedge_L:1');
#214=NEXT_ASSEMBLY_USAGE_OCCURRENCE('Front_Wedge_R:1','Front_Wedge_R:1',
'Front_Wedge_R:1',#19842,#19848,'Front_Wedge_R:1');
#215=NEXT_ASSEMBLY_USAGE_OCCURRENCE('Standoffs_Fasteners:1',
'Standoffs_Fasteners:1','Standoffs_Fasteners:1',#19842,#19849,
'Standoffs_Fasteners:1');
#216=NEXT_ASSEMBLY_USAGE_OCCURRENCE('Left_Wheel:1','Left_Wheel:1',
'Left_Wheel:1',#19850,#19851,'Left_Wheel:1');
#217=NEXT_ASSEMBLY_USAGE_OCCURRENCE('Right_Wheel:1','Right_Wheel:1',
'Right_Wheel:1',#19850,#19852,'Right_Wheel:1');
#218=NEXT_ASSEMBLY_USAGE_OCCURRENCE('Battery_and_Tray:1',
'Battery_and_Tray:1','Battery_and_Tray:1',#19853,#19854,
'Battery_and_Tray:1');
#219=NEXT_ASSEMBLY_USAGE_OCCURRENCE('Rx_ER6:1','Rx_ER6:1','Rx_ER6:1',#19853,
#19855,'Rx_ER6:1');
#220=NEXT_ASSEMBLY_USAGE_OCCURRENCE('UBEC_5A:1','UBEC_5A:1','UBEC_5A:1',
#19853,#19856,'UBEC_5A:1');
#221=NEXT_ASSEMBLY_USAGE_OCCURRENCE('FingerTech_Mini_Switch_Envelope:1',
'FingerTech_Mini_Switch_Envelope:1','FingerTech_Mini_Switch_Envelope:1',
#19853,#19857,'FingerTech_Mini_Switch_Envelope:1');
#222=NEXT_ASSEMBLY_USAGE_OCCURRENCE(
'BBB_Dual_Brushed_ESC_v2_Envelope:1',
'BBB_Dual_Brushed_ESC_v2_Envelope:1',
'BBB_Dual_Brushed_ESC_v2_Envelope:1',#19853,#19858,
'BBB_Dual_Brushed_ESC_v2_Envelope:1');
#223=NEXT_ASSEMBLY_USAGE_OCCURRENCE('Rear_Panel:1','Rear_Panel:1',
'Rear_Panel:1',#19861,#19862,'Rear_Panel:1');
#224=NEXT_ASSEMBLY_USAGE_OCCURRENCE('Wire_Clips:1','Wire_Clips:1',
'Wire_Clips:1',#19859,#19860,'Wire_Clips:1');
#225=NEXT_ASSEMBLY_USAGE_OCCURRENCE('Non_Structural_Covers:1',
'Non_Structural_Covers:1','Non_Structural_Covers:1',#19859,#19861,
'Non_Structural_Covers:1');
#226=NEXT_ASSEMBLY_USAGE_OCCURRENCE('TPU_Bumpers:1','TPU_Bumpers:1',
'TPU_Bumpers:1',#19859,#19863,'TPU_Bumpers:1');
#227=NEXT_ASSEMBLY_USAGE_OCCURRENCE('Battery_Holder:1',
'Battery_Holder:1','Battery_Holder:1',#19859,#19864,'Battery_Holder:1');
#228=NEXT_ASSEMBLY_USAGE_OCCURRENCE('Batt_Post_1:1','Batt_Post_1:1',
'Batt_Post_1:1',#19859,#19865,'Batt_Post_1:1');
#229=NEXT_ASSEMBLY_USAGE_OCCURRENCE('Batt_Post_2:1','Batt_Post_2:1',
'Batt_Post_2:1',#19859,#19866,'Batt_Post_2:1');
#230=NEXT_ASSEMBLY_USAGE_OCCURRENCE('Batt_Post_3:1','Batt_Post_3:1',
'Batt_Post_3:1',#19859,#19867,'Batt_Post_3:1');
#231=NEXT_ASSEMBLY_USAGE_OCCURRENCE('Batt_Post_4:1','Batt_Post_4:1',
'Batt_Post_4:1',#19859,#19868,'Batt_Post_4:1');
#232=NEXT_ASSEMBLY_USAGE_OCCURRENCE('Disconnect_Post_1:1',
'Disconnect_Post_1:1','Disconnect_Post_1:1',#19859,#19869,
'Disconnect_Post_1:1');
#233=NEXT_ASSEMBLY_USAGE_OCCURRENCE('Disconnect_Post_2:1',
'Disconnect_Post_2:1','Disconnect_Post_2:1',#19859,#19870,
'Disconnect_Post_2:1');
#234=NEXT_ASSEMBLY_USAGE_OCCURRENCE('Holder_Rx_ER6:1','Holder_Rx_ER6:1',
'Holder_Rx_ER6:1',#19859,#19871,'Holder_Rx_ER6:1');
#235=NEXT_ASSEMBLY_USAGE_OCCURRENCE('Holder_UBEC_5A:1',
'Holder_UBEC_5A:1','Holder_UBEC_5A:1',#19859,#19872,'Holder_UBEC_5A:1');
#236=NEXT_ASSEMBLY_USAGE_OCCURRENCE('FingerTech_Switch_Adapter:1',
'FingerTech_Switch_Adapter:1','FingerTech_Switch_Adapter:1',#19859,#19873,
'FingerTech_Switch_Adapter:1');
#237=NEXT_ASSEMBLY_USAGE_OCCURRENCE('Lifter_Spatula_62mm:1',
'Lifter_Spatula_62mm:1','Lifter_Spatula_62mm:1',#19874,#19875,
'Lifter_Spatula_62mm:1');
#238=NEXT_ASSEMBLY_USAGE_OCCURRENCE('Lifter_Hinge_Boss:1',
'Lifter_Hinge_Boss:1','Lifter_Hinge_Boss:1',#19874,#19876,
'Lifter_Hinge_Boss:1');
#239=NEXT_ASSEMBLY_USAGE_OCCURRENCE('Lifter_Pivot_Support_L:1',
'Lifter_Pivot_Support_L:1','Lifter_Pivot_Support_L:1',#19874,#19877,
'Lifter_Pivot_Support_L:1');
#240=NEXT_ASSEMBLY_USAGE_OCCURRENCE('Lifter_Pivot_Support_R:1',
'Lifter_Pivot_Support_R:1','Lifter_Pivot_Support_R:1',#19874,#19878,
'Lifter_Pivot_Support_R:1');
#241=NEXT_ASSEMBLY_USAGE_OCCURRENCE('Lifter_Pivot_Pin_6mm:1',
'Lifter_Pivot_Pin_6mm:1','Lifter_Pivot_Pin_6mm:1',#19874,#19879,
'Lifter_Pivot_Pin_6mm:1');
#242=NEXT_ASSEMBLY_USAGE_OCCURRENCE('Repeat_40kg_Servo_MaxEnvelope:1',
'Repeat_40kg_Servo_MaxEnvelope:1','Repeat_40kg_Servo_MaxEnvelope:1',#19874,
#19880,'Repeat_40kg_Servo_MaxEnvelope:1');
#243=NEXT_ASSEMBLY_USAGE_OCCURRENCE('Lifter_Servo_Base_Rail_L:1',
'Lifter_Servo_Base_Rail_L:1','Lifter_Servo_Base_Rail_L:1',#19874,#19881,
'Lifter_Servo_Base_Rail_L:1');
#244=NEXT_ASSEMBLY_USAGE_OCCURRENCE('Lifter_Servo_Base_Rail_R:1',
'Lifter_Servo_Base_Rail_R:1','Lifter_Servo_Base_Rail_R:1',#19874,#19882,
'Lifter_Servo_Base_Rail_R:1');
#245=NEXT_ASSEMBLY_USAGE_OCCURRENCE('Lifter_Aluminium_Horn:1',
'Lifter_Aluminium_Horn:1','Lifter_Aluminium_Horn:1',#19874,#19883,
'Lifter_Aluminium_Horn:1');
#246=NEXT_ASSEMBLY_USAGE_OCCURRENCE('Lifter_Connecting_Rod:1',
'Lifter_Connecting_Rod:1','Lifter_Connecting_Rod:1',#19874,#19884,
'Lifter_Connecting_Rod:1');
#247=NEXT_ASSEMBLY_USAGE_OCCURRENCE('Lifter_Lower_Hard_Stop:1',
'Lifter_Lower_Hard_Stop:1','Lifter_Lower_Hard_Stop:1',#19874,#19885,
'Lifter_Lower_Hard_Stop:1');
#248=NEXT_ASSEMBLY_USAGE_OCCURRENCE('Lifter_Servo_Clamp_Bar_L:1',
'Lifter_Servo_Clamp_Bar_L:1','Lifter_Servo_Clamp_Bar_L:1',#19874,#19886,
'Lifter_Servo_Clamp_Bar_L:1');
#249=NEXT_ASSEMBLY_USAGE_OCCURRENCE('Lifter_Servo_Clamp_Post_L_Rear:1',
'Lifter_Servo_Clamp_Post_L_Rear:1','Lifter_Servo_Clamp_Post_L_Rear:1',#19874,
#19887,'Lifter_Servo_Clamp_Post_L_Rear:1');
#250=NEXT_ASSEMBLY_USAGE_OCCURRENCE('Lifter_Servo_Clamp_Post_L_Front:1',
'Lifter_Servo_Clamp_Post_L_Front:1','Lifter_Servo_Clamp_Post_L_Front:1',
#19874,#19888,'Lifter_Servo_Clamp_Post_L_Front:1');
#251=NEXT_ASSEMBLY_USAGE_OCCURRENCE('Lifter_Servo_Clamp_Bar_R:1',
'Lifter_Servo_Clamp_Bar_R:1','Lifter_Servo_Clamp_Bar_R:1',#19874,#19889,
'Lifter_Servo_Clamp_Bar_R:1');
#252=NEXT_ASSEMBLY_USAGE_OCCURRENCE('Lifter_Servo_Clamp_Post_R_Rear:1',
'Lifter_Servo_Clamp_Post_R_Rear:1','Lifter_Servo_Clamp_Post_R_Rear:1',#19874,
#19890,'Lifter_Servo_Clamp_Post_R_Rear:1');
#253=NEXT_ASSEMBLY_USAGE_OCCURRENCE('Lifter_Servo_Clamp_Post_R_Front:1',
'Lifter_Servo_Clamp_Post_R_Front:1','Lifter_Servo_Clamp_Post_R_Front:1',
#19874,#19891,'Lifter_Servo_Clamp_Post_R_Front:1');
#254=NEXT_ASSEMBLY_USAGE_OCCURRENCE('Lifter_Pin_C_Clip_L:1',
'Lifter_Pin_C_Clip_L:1','Lifter_Pin_C_Clip_L:1',#19874,#19892,
'Lifter_Pin_C_Clip_L:1');
#255=NEXT_ASSEMBLY_USAGE_OCCURRENCE('Lifter_Pin_C_Clip_R:1',
'Lifter_Pin_C_Clip_R:1','Lifter_Pin_C_Clip_R:1',#19874,#19893,
'Lifter_Pin_C_Clip_R:1');
#256=NEXT_ASSEMBLY_USAGE_OCCURRENCE('BBB_22mm_Gearmotor_L:1',
'BBB_22mm_Gearmotor_L:1','BBB_22mm_Gearmotor_L:1',#19894,#19895,
'BBB_22mm_Gearmotor_L:1');
#257=NEXT_ASSEMBLY_USAGE_OCCURRENCE('BBB_4mm_Output_Shaft_L:1',
'BBB_4mm_Output_Shaft_L:1','BBB_4mm_Output_Shaft_L:1',#19894,#19896,
'BBB_4mm_Output_Shaft_L:1');
#258=NEXT_ASSEMBLY_USAGE_OCCURRENCE('BBB_Face_Mount_26mm_L:1',
'BBB_Face_Mount_26mm_L:1','BBB_Face_Mount_26mm_L:1',#19894,#19897,
'BBB_Face_Mount_26mm_L:1');
#259=NEXT_ASSEMBLY_USAGE_OCCURRENCE('BBB_Motor_Cradle_L:1',
'BBB_Motor_Cradle_L:1','BBB_Motor_Cradle_L:1',#19894,#19898,
'BBB_Motor_Cradle_L:1');
#260=NEXT_ASSEMBLY_USAGE_OCCURRENCE('Repeat_4mm_Clamp_Hub_L:1',
'Repeat_4mm_Clamp_Hub_L:1','Repeat_4mm_Clamp_Hub_L:1',#19894,#19899,
'Repeat_4mm_Clamp_Hub_L:1');
#261=NEXT_ASSEMBLY_USAGE_OCCURRENCE('BBB_22mm_Gearmotor_R:1',
'BBB_22mm_Gearmotor_R:1','BBB_22mm_Gearmotor_R:1',#19894,#19900,
'BBB_22mm_Gearmotor_R:1');
#262=NEXT_ASSEMBLY_USAGE_OCCURRENCE('BBB_4mm_Output_Shaft_R:1',
'BBB_4mm_Output_Shaft_R:1','BBB_4mm_Output_Shaft_R:1',#19894,#19901,
'BBB_4mm_Output_Shaft_R:1');
#263=NEXT_ASSEMBLY_USAGE_OCCURRENCE('BBB_Face_Mount_26mm_R:1',
'BBB_Face_Mount_26mm_R:1','BBB_Face_Mount_26mm_R:1',#19894,#19902,
'BBB_Face_Mount_26mm_R:1');
#264=NEXT_ASSEMBLY_USAGE_OCCURRENCE('BBB_Motor_Cradle_R:1',
'BBB_Motor_Cradle_R:1','BBB_Motor_Cradle_R:1',#19894,#19903,
'BBB_Motor_Cradle_R:1');
#265=NEXT_ASSEMBLY_USAGE_OCCURRENCE('Repeat_4mm_Clamp_Hub_R:1',
'Repeat_4mm_Clamp_Hub_R:1','Repeat_4mm_Clamp_Hub_R:1',#19894,#19904,
'Repeat_4mm_Clamp_Hub_R:1');
#266=NEXT_ASSEMBLY_USAGE_OCCURRENCE('Battery_Clamp_Bar_1:1',
'Battery_Clamp_Bar_1:1','Battery_Clamp_Bar_1:1',#19905,#19906,
'Battery_Clamp_Bar_1:1');
#267=NEXT_ASSEMBLY_USAGE_OCCURRENCE('Battery_Clamp_Bar_2:1',
'Battery_Clamp_Bar_2:1','Battery_Clamp_Bar_2:1',#19905,#19907,
'Battery_Clamp_Bar_2:1');
#268=NEXT_ASSEMBLY_USAGE_OCCURRENCE('01_Chassis:1','01_Chassis:1',
'01_Chassis:1',#19841,#19842,'01_Chassis:1');
#269=NEXT_ASSEMBLY_USAGE_OCCURRENCE('02_Drivetrain:1','02_Drivetrain:1',
'02_Drivetrain:1',#19841,#19850,'02_Drivetrain:1');
#270=NEXT_ASSEMBLY_USAGE_OCCURRENCE('05_Electronics:1',
'05_Electronics:1','05_Electronics:1',#19841,#19853,'05_Electronics:1');
#271=NEXT_ASSEMBLY_USAGE_OCCURRENCE('06_3D_Printed:1','06_3D_Printed:1',
'06_3D_Printed:1',#19841,#19859,'06_3D_Printed:1');
#272=NEXT_ASSEMBLY_USAGE_OCCURRENCE('07_Wedge_Lifter_Option:1',
'07_Wedge_Lifter_Option:1','07_Wedge_Lifter_Option:1',#19841,#19874,
'07_Wedge_Lifter_Option:1');
#273=NEXT_ASSEMBLY_USAGE_OCCURRENCE('09_3S_Drive_Upgrade:1',
'09_3S_Drive_Upgrade:1','09_3S_Drive_Upgrade:1',#19841,#19894,
'09_3S_Drive_Upgrade:1');
#274=NEXT_ASSEMBLY_USAGE_OCCURRENCE('10_Battery_Restraints:1',
'10_Battery_Restraints:1','10_Battery_Restraints:1',#19841,#19905,
'10_Battery_Restraints:1');
#275=B_SPLINE_CURVE_WITH_KNOTS('',3,(#16789,#16790,#16791,#16792,#16793,
#16794,#16795,#16796,#16797,#16798),.UNSPECIFIED.,.F.,.F.,(4,2,2,2,4),(0.,
0.0477540428324852,0.0955080856649705,0.143204422624823,0.190900759584675),
 .UNSPECIFIED.);
#276=B_SPLINE_CURVE_WITH_KNOTS('',3,(#16800,#16801,#16802,#16803,#16804,
#16805,#16806,#16807,#16808,#16809),.UNSPECIFIED.,.F.,.F.,(4,2,2,2,4),(0.572702278754025,
0.620398615713877,0.66809495267373,0.715848995506215,0.7636030383387),
 .UNSPECIFIED.);
#277=B_SPLINE_CURVE_WITH_KNOTS('',3,(#16810,#16811,#16812,#16813,#16814,
#16815,#16816,#16817,#16818,#16819,#16820,#16821,#16822,#16823,#16824,#16825,
#16826,#16827),.UNSPECIFIED.,.F.,.F.,(4,2,2,2,2,2,2,2,4),(0.190900759584675,
0.238597096544527,0.286293433504379,0.334047476336865,0.38180151916935,
0.429555562001835,0.47730960483432,0.525005941794173,0.572702278754025),
 .UNSPECIFIED.);
#278=B_SPLINE_CURVE_WITH_KNOTS('',3,(#16831,#16832,#16833,#16834,#16835,
#16836,#16837,#16838,#16839,#16840,#16841,#16842,#16843,#16844,#16845,#16846,
#16847,#16848,#16849,#16850,#16851,#16852,#16853,#16854,#16855,#16856),
 .UNSPECIFIED.,.F.,.F.,(4,2,2,2,2,2,2,2,2,2,2,2,4),(0.,0.0477540428324852,
0.0955080856649705,0.143204422624823,0.190900759584675,0.238597096544527,
0.28629343350438,0.334047476336865,0.38180151916935,0.429555562001835,0.477309604834321,
0.525005941794173,0.572702278754025),.UNSPECIFIED.);
#279=B_SPLINE_CURVE_WITH_KNOTS('',3,(#16857,#16858,#16859,#16860,#16861,
#16862,#16863,#16864,#16865,#16866),.UNSPECIFIED.,.F.,.F.,(4,2,2,2,4),(0.572702278754025,
0.620398615713877,0.66809495267373,0.715848995506215,0.7636030383387),
 .UNSPECIFIED.);
#280=B_SPLINE_CURVE_WITH_KNOTS('',3,(#16892,#16893,#16894,#16895,#16896,
#16897,#16898,#16899,#16900,#16901,#16902,#16903,#16904,#16905,#16906,#16907,
#16908,#16909,#16910,#16911,#16912,#16913,#16914,#16915,#16916,#16917,#16918,
#16919,#16920,#16921,#16922,#16923,#16924,#16925),.UNSPECIFIED.,.T.,.F.,
(4,2,2,2,2,2,2,2,2,2,2,2,2,2,2,2,4),(0.,0.0477540428324855,0.095508085664971,
0.143204422624824,0.190900759584677,0.238597096544529,0.286293433504382,
0.334047476336867,0.381801519169353,0.429555562001838,0.477309604834323,
0.525005941794176,0.572702278754028,0.62039861571388,0.668094952673732,
0.715848995506217,0.763603038338702),.UNSPECIFIED.);
#281=B_SPLINE_CURVE_WITH_KNOTS('',3,(#16928,#16929,#16930,#16931,#16932,
#16933,#16934,#16935,#16936,#16937,#16938,#16939,#16940,#16941,#16942,#16943,
#16944,#16945,#16946,#16947,#16948,#16949,#16950,#16951,#16952,#16953,#16954,
#16955,#16956,#16957,#16958,#16959,#16960,#16961),.UNSPECIFIED.,.T.,.F.,
(4,2,2,2,2,2,2,2,2,2,2,2,2,2,2,2,4),(0.,0.0477540428324852,0.0955080856649704,
0.143204422624823,0.190900759584675,0.238597096544527,0.286293433504379,
0.334047476336864,0.381801519169349,0.429555562001835,0.47730960483432,
0.525005941794173,0.572702278754026,0.620398615713879,0.668094952673731,
0.715848995506217,0.763603038338702),.UNSPECIFIED.);
#282=B_SPLINE_CURVE_WITH_KNOTS('',3,(#16964,#16965,#16966,#16967,#16968,
#16969,#16970,#16971,#16972,#16973,#16974,#16975,#16976,#16977,#16978,#16979,
#16980,#16981,#16982,#16983,#16984,#16985,#16986,#16987,#16988,#16989,#16990,
#16991,#16992,#16993,#16994,#16995,#16996,#16997),.UNSPECIFIED.,.T.,.F.,
(4,2,2,2,2,2,2,2,2,2,2,2,2,2,2,2,4),(0.,0.0477540428324852,0.0955080856649705,
0.143204422624823,0.190900759584675,0.238597096544527,0.28629343350438,
0.334047476336865,0.38180151916935,0.429555562001836,0.477309604834321,
0.525005941794173,0.572702278754026,0.620398615713878,0.66809495267373,
0.715848995506216,0.763603038338701),.UNSPECIFIED.);
#283=B_SPLINE_CURVE_WITH_KNOTS('',3,(#17000,#17001,#17002,#17003,#17004,
#17005,#17006,#17007,#17008,#17009,#17010,#17011,#17012,#17013,#17014,#17015,
#17016,#17017,#17018,#17019,#17020,#17021,#17022,#17023,#17024,#17025,#17026,
#17027,#17028,#17029,#17030,#17031,#17032,#17033),.UNSPECIFIED.,.T.,.F.,
(4,2,2,2,2,2,2,2,2,2,2,2,2,2,2,2,4),(0.,0.0477540428324855,0.0955080856649709,
0.143204422624823,0.190900759584675,0.238597096544528,0.28629343350438,
0.334047476336865,0.381801519169351,0.429555562001836,0.477309604834321,
0.525005941794173,0.572702278754026,0.620398615713878,0.66809495267373,
0.715848995506216,0.763603038338701),.UNSPECIFIED.);
#284=B_SPLINE_CURVE_WITH_KNOTS('',3,(#17037,#17038,#17039,#17040,#17041,
#17042,#17043,#17044,#17045,#17046),.UNSPECIFIED.,.F.,.F.,(4,2,2,2,4),(0.,
0.047754042832485,0.09550808566497,0.143204422624823,0.190900759584675),
 .UNSPECIFIED.);
#285=B_SPLINE_CURVE_WITH_KNOTS('',3,(#17048,#17049,#17050,#17051,#17052,
#17053,#17054,#17055,#17056,#17057),.UNSPECIFIED.,.F.,.F.,(4,2,2,2,4),(0.572702278754026,
0.620398615713879,0.668094952673732,0.715848995506217,0.763603038338702),
 .UNSPECIFIED.);
#286=B_SPLINE_CURVE_WITH_KNOTS('',3,(#17058,#17059,#17060,#17061,#17062,
#17063,#17064,#17065,#17066,#17067,#17068,#17069,#17070,#17071,#17072,#17073,
#17074,#17075),.UNSPECIFIED.,.F.,.F.,(4,2,2,2,2,2,2,2,4),(0.190900759584675,
0.238597096544528,0.286293433504381,0.334047476336866,0.381801519169351,
0.429555562001836,0.477309604834321,0.525005941794173,0.572702278754026),
 .UNSPECIFIED.);
#287=B_SPLINE_CURVE_WITH_KNOTS('',3,(#17079,#17080,#17081,#17082,#17083,
#17084,#17085,#17086,#17087,#17088,#17089,#17090,#17091,#17092,#17093,#17094,
#17095,#17096,#17097,#17098,#17099,#17100,#17101,#17102,#17103,#17104),
 .UNSPECIFIED.,.F.,.F.,(4,2,2,2,2,2,2,2,2,2,2,2,4),(0.,0.047754042832485,
0.09550808566497,0.143204422624823,0.190900759584675,0.238597096544528,
0.286293433504381,0.334047476336866,0.381801519169351,0.429555562001836,
0.477309604834321,0.525005941794173,0.572702278754026),.UNSPECIFIED.);
#288=B_SPLINE_CURVE_WITH_KNOTS('',3,(#17105,#17106,#17107,#17108,#17109,
#17110,#17111,#17112,#17113,#17114),.UNSPECIFIED.,.F.,.F.,(4,2,2,2,4),(0.572702278754026,
0.620398615713879,0.668094952673732,0.715848995506217,0.763603038338702),
 .UNSPECIFIED.);
#289=B_SPLINE_CURVE_WITH_KNOTS('',3,(#17141,#17142,#17143,#17144,#17145,
#17146,#17147,#17148,#17149,#17150),.UNSPECIFIED.,.F.,.F.,(4,2,2,2,4),(0.,
0.047754042832485,0.09550808566497,0.143204422624823,0.190900759584675),
 .UNSPECIFIED.);
#290=B_SPLINE_CURVE_WITH_KNOTS('',3,(#17152,#17153,#17154,#17155,#17156,
#17157,#17158,#17159,#17160,#17161),.UNSPECIFIED.,.F.,.F.,(4,2,2,2,4),(0.572702278754026,
0.620398615713879,0.668094952673732,0.715848995506217,0.763603038338702),
 .UNSPECIFIED.);
#291=B_SPLINE_CURVE_WITH_KNOTS('',3,(#17162,#17163,#17164,#17165,#17166,
#17167,#17168,#17169,#17170,#17171,#17172,#17173,#17174,#17175,#17176,#17177,
#17178,#17179),.UNSPECIFIED.,.F.,.F.,(4,2,2,2,2,2,2,2,4),(0.190900759584675,
0.238597096544528,0.286293433504381,0.334047476336866,0.381801519169351,
0.429555562001836,0.477309604834321,0.525005941794173,0.572702278754026),
 .UNSPECIFIED.);
#292=B_SPLINE_CURVE_WITH_KNOTS('',3,(#17183,#17184,#17185,#17186,#17187,
#17188,#17189,#17190,#17191,#17192,#17193,#17194,#17195,#17196,#17197,#17198,
#17199,#17200,#17201,#17202,#17203,#17204,#17205,#17206,#17207,#17208),
 .UNSPECIFIED.,.F.,.F.,(4,2,2,2,2,2,2,2,2,2,2,2,4),(0.,0.047754042832485,
0.09550808566497,0.143204422624823,0.190900759584675,0.238597096544528,
0.286293433504381,0.334047476336866,0.381801519169351,0.429555562001836,
0.477309604834321,0.525005941794173,0.572702278754026),.UNSPECIFIED.);
#293=B_SPLINE_CURVE_WITH_KNOTS('',3,(#17209,#17210,#17211,#17212,#17213,
#17214,#17215,#17216,#17217,#17218),.UNSPECIFIED.,.F.,.F.,(4,2,2,2,4),(0.572702278754026,
0.620398615713879,0.668094952673732,0.715848995506217,0.763603038338702),
 .UNSPECIFIED.);
#294=B_SPLINE_CURVE_WITH_KNOTS('',3,(#17245,#17246,#17247,#17248,#17249,
#17250,#17251,#17252,#17253,#17254),.UNSPECIFIED.,.F.,.F.,(4,2,2,2,4),(0.,
0.0477540428324852,0.0955080856649705,0.143204422624823,0.190900759584675),
 .UNSPECIFIED.);
#295=B_SPLINE_CURVE_WITH_KNOTS('',3,(#17256,#17257,#17258,#17259,#17260,
#17261,#17262,#17263,#17264,#17265),.UNSPECIFIED.,.F.,.F.,(4,2,2,2,4),(0.572702278754025,
0.620398615713877,0.66809495267373,0.715848995506215,0.7636030383387),
 .UNSPECIFIED.);
#296=B_SPLINE_CURVE_WITH_KNOTS('',3,(#17266,#17267,#17268,#17269,#17270,
#17271,#17272,#17273,#17274,#17275,#17276,#17277,#17278,#17279,#17280,#17281,
#17282,#17283),.UNSPECIFIED.,.F.,.F.,(4,2,2,2,2,2,2,2,4),(0.190900759584675,
0.238597096544527,0.286293433504379,0.334047476336865,0.38180151916935,
0.429555562001835,0.47730960483432,0.525005941794173,0.572702278754025),
 .UNSPECIFIED.);
#297=B_SPLINE_CURVE_WITH_KNOTS('',3,(#17287,#17288,#17289,#17290,#17291,
#17292,#17293,#17294,#17295,#17296,#17297,#17298,#17299,#17300,#17301,#17302,
#17303,#17304,#17305,#17306,#17307,#17308,#17309,#17310,#17311,#17312),
 .UNSPECIFIED.,.F.,.F.,(4,2,2,2,2,2,2,2,2,2,2,2,4),(0.,0.0477540428324852,
0.0955080856649705,0.143204422624823,0.190900759584675,0.238597096544527,
0.28629343350438,0.334047476336865,0.38180151916935,0.429555562001835,0.477309604834321,
0.525005941794173,0.572702278754025),.UNSPECIFIED.);
#298=B_SPLINE_CURVE_WITH_KNOTS('',3,(#17313,#17314,#17315,#17316,#17317,
#17318,#17319,#17320,#17321,#17322),.UNSPECIFIED.,.F.,.F.,(4,2,2,2,4),(0.572702278754025,
0.620398615713877,0.66809495267373,0.715848995506215,0.7636030383387),
 .UNSPECIFIED.);
#299=ELLIPSE('',#11870,2.31624696438009,1.25);
#300=ELLIPSE('',#11890,2.31624696438009,1.25);
#301=SHAPE_REPRESENTATION_RELATIONSHIP('SRR','None',#19775,#357);
#302=SHAPE_REPRESENTATION_RELATIONSHIP('SRR','None',#19776,#358);
#303=SHAPE_REPRESENTATION_RELATIONSHIP('SRR','None',#19777,#359);
#304=SHAPE_REPRESENTATION_RELATIONSHIP('SRR','None',#19778,#360);
#305=SHAPE_REPRESENTATION_RELATIONSHIP('SRR','None',#19779,#361);
#306=SHAPE_REPRESENTATION_RELATIONSHIP('SRR','None',#19780,#362);
#307=SHAPE_REPRESENTATION_RELATIONSHIP('SRR','None',#19781,#363);
#308=SHAPE_REPRESENTATION_RELATIONSHIP('SRR','None',#19783,#364);
#309=SHAPE_REPRESENTATION_RELATIONSHIP('SRR','None',#19784,#365);
#310=SHAPE_REPRESENTATION_RELATIONSHIP('SRR','None',#19786,#366);
#311=SHAPE_REPRESENTATION_RELATIONSHIP('SRR','None',#19787,#367);
#312=SHAPE_REPRESENTATION_RELATIONSHIP('SRR','None',#19788,#368);
#313=SHAPE_REPRESENTATION_RELATIONSHIP('SRR','None',#19789,#369);
#314=SHAPE_REPRESENTATION_RELATIONSHIP('SRR','None',#19790,#370);
#315=SHAPE_REPRESENTATION_RELATIONSHIP('SRR','None',#19794,#371);
#316=SHAPE_REPRESENTATION_RELATIONSHIP('SRR','None',#19796,#372);
#317=SHAPE_REPRESENTATION_RELATIONSHIP('SRR','None',#19797,#373);
#318=SHAPE_REPRESENTATION_RELATIONSHIP('SRR','None',#19798,#374);
#319=SHAPE_REPRESENTATION_RELATIONSHIP('SRR','None',#19799,#375);
#320=SHAPE_REPRESENTATION_RELATIONSHIP('SRR','None',#19800,#376);
#321=SHAPE_REPRESENTATION_RELATIONSHIP('SRR','None',#19801,#377);
#322=SHAPE_REPRESENTATION_RELATIONSHIP('SRR','None',#19802,#378);
#323=SHAPE_REPRESENTATION_RELATIONSHIP('SRR','None',#19803,#379);
#324=SHAPE_REPRESENTATION_RELATIONSHIP('SRR','None',#19804,#380);
#325=SHAPE_REPRESENTATION_RELATIONSHIP('SRR','None',#19805,#381);
#326=SHAPE_REPRESENTATION_RELATIONSHIP('SRR','None',#19807,#382);
#327=SHAPE_REPRESENTATION_RELATIONSHIP('SRR','None',#19808,#383);
#328=SHAPE_REPRESENTATION_RELATIONSHIP('SRR','None',#19809,#384);
#329=SHAPE_REPRESENTATION_RELATIONSHIP('SRR','None',#19810,#385);
#330=SHAPE_REPRESENTATION_RELATIONSHIP('SRR','None',#19811,#386);
#331=SHAPE_REPRESENTATION_RELATIONSHIP('SRR','None',#19812,#387);
#332=SHAPE_REPRESENTATION_RELATIONSHIP('SRR','None',#19813,#388);
#333=SHAPE_REPRESENTATION_RELATIONSHIP('SRR','None',#19814,#389);
#334=SHAPE_REPRESENTATION_RELATIONSHIP('SRR','None',#19815,#390);
#335=SHAPE_REPRESENTATION_RELATIONSHIP('SRR','None',#19816,#391);
#336=SHAPE_REPRESENTATION_RELATIONSHIP('SRR','None',#19817,#392);
#337=SHAPE_REPRESENTATION_RELATIONSHIP('SRR','None',#19818,#393);
#338=SHAPE_REPRESENTATION_RELATIONSHIP('SRR','None',#19819,#394);
#339=SHAPE_REPRESENTATION_RELATIONSHIP('SRR','None',#19820,#395);
#340=SHAPE_REPRESENTATION_RELATIONSHIP('SRR','None',#19821,#396);
#341=SHAPE_REPRESENTATION_RELATIONSHIP('SRR','None',#19822,#397);
#342=SHAPE_REPRESENTATION_RELATIONSHIP('SRR','None',#19823,#398);
#343=SHAPE_REPRESENTATION_RELATIONSHIP('SRR','None',#19824,#399);
#344=SHAPE_REPRESENTATION_RELATIONSHIP('SRR','None',#19825,#400);
#345=SHAPE_REPRESENTATION_RELATIONSHIP('SRR','None',#19827,#401);
#346=SHAPE_REPRESENTATION_RELATIONSHIP('SRR','None',#19828,#402);
#347=SHAPE_REPRESENTATION_RELATIONSHIP('SRR','None',#19829,#403);
#348=SHAPE_REPRESENTATION_RELATIONSHIP('SRR','None',#19830,#404);
#349=SHAPE_REPRESENTATION_RELATIONSHIP('SRR','None',#19831,#405);
#350=SHAPE_REPRESENTATION_RELATIONSHIP('SRR','None',#19832,#406);
#351=SHAPE_REPRESENTATION_RELATIONSHIP('SRR','None',#19833,#407);
#352=SHAPE_REPRESENTATION_RELATIONSHIP('SRR','None',#19834,#408);
#353=SHAPE_REPRESENTATION_RELATIONSHIP('SRR','None',#19835,#409);
#354=SHAPE_REPRESENTATION_RELATIONSHIP('SRR','None',#19836,#410);
#355=SHAPE_REPRESENTATION_RELATIONSHIP('SRR','None',#19838,#411);
#356=SHAPE_REPRESENTATION_RELATIONSHIP('SRR','None',#19839,#412);
#357=ADVANCED_BREP_SHAPE_REPRESENTATION('',(#475),#19503);
#358=ADVANCED_BREP_SHAPE_REPRESENTATION('',(#476),#19504);
#359=ADVANCED_BREP_SHAPE_REPRESENTATION('',(#477),#19505);
#360=ADVANCED_BREP_SHAPE_REPRESENTATION('',(#478),#19506);
#361=ADVANCED_BREP_SHAPE_REPRESENTATION('',(#479),#19507);
#362=ADVANCED_BREP_SHAPE_REPRESENTATION('',(#480),#19508);
#363=ADVANCED_BREP_SHAPE_REPRESENTATION('',(#481,#482,#483,#484),#19509);
#364=ADVANCED_BREP_SHAPE_REPRESENTATION('',(#485),#19511);
#365=ADVANCED_BREP_SHAPE_REPRESENTATION('',(#486),#19512);
#366=ADVANCED_BREP_SHAPE_REPRESENTATION('',(#487),#19514);
#367=ADVANCED_BREP_SHAPE_REPRESENTATION('',(#488),#19515);
#368=ADVANCED_BREP_SHAPE_REPRESENTATION('',(#489),#19516);
#369=ADVANCED_BREP_SHAPE_REPRESENTATION('',(#490),#19517);
#370=ADVANCED_BREP_SHAPE_REPRESENTATION('',(#491),#19518);
#371=ADVANCED_BREP_SHAPE_REPRESENTATION('',(#492),#19522);
#372=ADVANCED_BREP_SHAPE_REPRESENTATION('',(#493,#494,#495),#19524);
#373=ADVANCED_BREP_SHAPE_REPRESENTATION('',(#496),#19525);
#374=ADVANCED_BREP_SHAPE_REPRESENTATION('',(#497),#19526);
#375=ADVANCED_BREP_SHAPE_REPRESENTATION('',(#498),#19527);
#376=ADVANCED_BREP_SHAPE_REPRESENTATION('',(#499),#19528);
#377=ADVANCED_BREP_SHAPE_REPRESENTATION('',(#500),#19529);
#378=ADVANCED_BREP_SHAPE_REPRESENTATION('',(#501),#19530);
#379=ADVANCED_BREP_SHAPE_REPRESENTATION('',(#502),#19531);
#380=ADVANCED_BREP_SHAPE_REPRESENTATION('',(#503),#19532);
#381=ADVANCED_BREP_SHAPE_REPRESENTATION('',(#504),#19533);
#382=ADVANCED_BREP_SHAPE_REPRESENTATION('',(#505),#19535);
#383=ADVANCED_BREP_SHAPE_REPRESENTATION('',(#506),#19536);
#384=ADVANCED_BREP_SHAPE_REPRESENTATION('',(#507),#19537);
#385=ADVANCED_BREP_SHAPE_REPRESENTATION('',(#508,#509),#19538);
#386=ADVANCED_BREP_SHAPE_REPRESENTATION('',(#510),#19539);
#387=ADVANCED_BREP_SHAPE_REPRESENTATION('',(#511),#19540);
#388=ADVANCED_BREP_SHAPE_REPRESENTATION('',(#512),#19541);
#389=ADVANCED_BREP_SHAPE_REPRESENTATION('',(#513),#19542);
#390=ADVANCED_BREP_SHAPE_REPRESENTATION('',(#514),#19543);
#391=ADVANCED_BREP_SHAPE_REPRESENTATION('',(#515),#19544);
#392=ADVANCED_BREP_SHAPE_REPRESENTATION('',(#516),#19545);
#393=ADVANCED_BREP_SHAPE_REPRESENTATION('',(#517),#19546);
#394=ADVANCED_BREP_SHAPE_REPRESENTATION('',(#518),#19547);
#395=ADVANCED_BREP_SHAPE_REPRESENTATION('',(#519),#19548);
#396=ADVANCED_BREP_SHAPE_REPRESENTATION('',(#520),#19549);
#397=ADVANCED_BREP_SHAPE_REPRESENTATION('',(#521),#19550);
#398=ADVANCED_BREP_SHAPE_REPRESENTATION('',(#522),#19551);
#399=ADVANCED_BREP_SHAPE_REPRESENTATION('',(#523),#19552);
#400=ADVANCED_BREP_SHAPE_REPRESENTATION('',(#524),#19553);
#401=ADVANCED_BREP_SHAPE_REPRESENTATION('',(#525),#19555);
#402=ADVANCED_BREP_SHAPE_REPRESENTATION('',(#526),#19556);
#403=ADVANCED_BREP_SHAPE_REPRESENTATION('',(#527),#19557);
#404=ADVANCED_BREP_SHAPE_REPRESENTATION('',(#528),#19558);
#405=ADVANCED_BREP_SHAPE_REPRESENTATION('',(#529),#19559);
#406=ADVANCED_BREP_SHAPE_REPRESENTATION('',(#530),#19560);
#407=ADVANCED_BREP_SHAPE_REPRESENTATION('',(#531),#19561);
#408=ADVANCED_BREP_SHAPE_REPRESENTATION('',(#532),#19562);
#409=ADVANCED_BREP_SHAPE_REPRESENTATION('',(#533),#19563);
#410=ADVANCED_BREP_SHAPE_REPRESENTATION('',(#534),#19564);
#411=ADVANCED_BREP_SHAPE_REPRESENTATION('',(#535),#19566);
#412=ADVANCED_BREP_SHAPE_REPRESENTATION('',(#536),#19567);
#413=STYLED_ITEM('',(#20113),#475);
#414=STYLED_ITEM('',(#20113),#476);
#415=STYLED_ITEM('',(#20113),#477);
#416=STYLED_ITEM('',(#20114),#478);
#417=STYLED_ITEM('',(#20113),#479);
#418=STYLED_ITEM('',(#20113),#480);
#419=STYLED_ITEM('',(#20113),#481);
#420=STYLED_ITEM('',(#20113),#482);
#421=STYLED_ITEM('',(#20113),#483);
#422=STYLED_ITEM('',(#20113),#484);
#423=STYLED_ITEM('',(#20115),#485);
#424=STYLED_ITEM('',(#20115),#486);
#425=STYLED_ITEM('',(#20115),#487);
#426=STYLED_ITEM('',(#20115),#488);
#427=STYLED_ITEM('',(#20115),#489);
#428=STYLED_ITEM('',(#20114),#490);
#429=STYLED_ITEM('',(#20112),#491);
#430=STYLED_ITEM('',(#20114),#492);
#431=STYLED_ITEM('',(#20114),#493);
#432=STYLED_ITEM('',(#20114),#494);
#433=STYLED_ITEM('',(#20114),#495);
#434=STYLED_ITEM('',(#20114),#496);
#435=STYLED_ITEM('',(#20114),#497);
#436=STYLED_ITEM('',(#20114),#498);
#437=STYLED_ITEM('',(#20114),#499);
#438=STYLED_ITEM('',(#20113),#500);
#439=STYLED_ITEM('',(#20113),#501);
#440=STYLED_ITEM('',(#20114),#502);
#441=STYLED_ITEM('',(#20114),#503);
#442=STYLED_ITEM('',(#20114),#504);
#443=STYLED_ITEM('',(#20113),#505);
#444=STYLED_ITEM('',(#20113),#506);
#445=STYLED_ITEM('',(#20113),#507);
#446=STYLED_ITEM('',(#20113),#508);
#447=STYLED_ITEM('',(#20113),#509);
#448=STYLED_ITEM('',(#20112),#510);
#449=STYLED_ITEM('',(#20112),#511);
#450=STYLED_ITEM('',(#20113),#512);
#451=STYLED_ITEM('',(#20113),#513);
#452=STYLED_ITEM('',(#20113),#514);
#453=STYLED_ITEM('',(#20113),#515);
#454=STYLED_ITEM('',(#20113),#516);
#455=STYLED_ITEM('',(#20113),#517);
#456=STYLED_ITEM('',(#20113),#518);
#457=STYLED_ITEM('',(#20113),#519);
#458=STYLED_ITEM('',(#20113),#520);
#459=STYLED_ITEM('',(#20113),#521);
#460=STYLED_ITEM('',(#20113),#522);
#461=STYLED_ITEM('',(#20112),#523);
#462=STYLED_ITEM('',(#20112),#524);
#463=STYLED_ITEM('',(#20113),#525);
#464=STYLED_ITEM('',(#20113),#526);
#465=STYLED_ITEM('',(#20113),#527);
#466=STYLED_ITEM('',(#20113),#528);
#467=STYLED_ITEM('',(#20113),#529);
#468=STYLED_ITEM('',(#20113),#530);
#469=STYLED_ITEM('',(#20113),#531);
#470=STYLED_ITEM('',(#20113),#532);
#471=STYLED_ITEM('',(#20113),#533);
#472=STYLED_ITEM('',(#20113),#534);
#473=STYLED_ITEM('',(#20113),#535);
#474=STYLED_ITEM('',(#20113),#536);
#475=MANIFOLD_SOLID_BREP('Base_Plate_Al',#10920);
#476=MANIFOLD_SOLID_BREP('Left_Side_Plate_Al',#10921);
#477=MANIFOLD_SOLID_BREP('Right_Side_Plate_Al',#10922);
#478=MANIFOLD_SOLID_BREP('Top_Cover',#10923);
#479=MANIFOLD_SOLID_BREP('Front_Wedge_L',#10924);
#480=MANIFOLD_SOLID_BREP('Front_Wedge_R',#10925);
#481=MANIFOLD_SOLID_BREP('Standoff_1',#10926);
#482=MANIFOLD_SOLID_BREP('Standoff_2',#10927);
#483=MANIFOLD_SOLID_BREP('Standoff_3',#10928);
#484=MANIFOLD_SOLID_BREP('Standoff_4',#10929);
#485=MANIFOLD_SOLID_BREP('Left_Wheel',#10930);
#486=MANIFOLD_SOLID_BREP('Right_Wheel',#10931);
#487=MANIFOLD_SOLID_BREP('Battery_and_Tray',#10932);
#488=MANIFOLD_SOLID_BREP('Rx_ER6',#10933);
#489=MANIFOLD_SOLID_BREP('UBEC_5A',#10934);
#490=MANIFOLD_SOLID_BREP('FingerTech_Mini_Switch_Envelope',#10935);
#491=MANIFOLD_SOLID_BREP('BBB_Dual_Brushed_ESC_v2_Envelope',#10936);
#492=MANIFOLD_SOLID_BREP('Rear_Panel',#10937);
#493=MANIFOLD_SOLID_BREP('Battery_Holder',#10938);
#494=MANIFOLD_SOLID_BREP('Battery_Holder',#10939);
#495=MANIFOLD_SOLID_BREP('Battery_Holder',#10940);
#496=MANIFOLD_SOLID_BREP('Batt_Post_1',#10941);
#497=MANIFOLD_SOLID_BREP('Batt_Post_2',#10942);
#498=MANIFOLD_SOLID_BREP('Batt_Post_3',#10943);
#499=MANIFOLD_SOLID_BREP('Batt_Post_4',#10944);
#500=MANIFOLD_SOLID_BREP('Disconnect_Post_1',#10945);
#501=MANIFOLD_SOLID_BREP('Disconnect_Post_2',#10946);
#502=MANIFOLD_SOLID_BREP('Holder_Rx_ER6',#10947);
#503=MANIFOLD_SOLID_BREP('Holder_UBEC_5A',#10948);
#504=MANIFOLD_SOLID_BREP('FingerTech_Switch_Adapter',#10949);
#505=MANIFOLD_SOLID_BREP('Lifter_Spatula_62mm',#10950);
#506=MANIFOLD_SOLID_BREP('Lifter_Hinge_Boss',#10951);
#507=MANIFOLD_SOLID_BREP('Lifter_Pivot_Support_L',#10952);
#508=MANIFOLD_SOLID_BREP('Lifter_Pivot_Support_R',#10953);
#509=MANIFOLD_SOLID_BREP('Lifter_Upper_Stop_45deg',#10954);
#510=MANIFOLD_SOLID_BREP('Lifter_Pivot_Pin_6mm',#10955);
#511=MANIFOLD_SOLID_BREP('Repeat_40kg_Servo_MaxEnvelope',#10956);
#512=MANIFOLD_SOLID_BREP('Lifter_Servo_Base_Rail_L',#10957);
#513=MANIFOLD_SOLID_BREP('Lifter_Servo_Base_Rail_R',#10958);
#514=MANIFOLD_SOLID_BREP('Lifter_Aluminium_Horn',#10959);
#515=MANIFOLD_SOLID_BREP('Lifter_Connecting_Rod',#10960);
#516=MANIFOLD_SOLID_BREP('Lifter_Lower_Hard_Stop',#10961);
#517=MANIFOLD_SOLID_BREP('Lifter_Servo_Clamp_Bar_L',#10962);
#518=MANIFOLD_SOLID_BREP('Lifter_Servo_Clamp_Post_L_Rear',#10963);
#519=MANIFOLD_SOLID_BREP('Lifter_Servo_Clamp_Post_L_Front',#10964);
#520=MANIFOLD_SOLID_BREP('Lifter_Servo_Clamp_Bar_R',#10965);
#521=MANIFOLD_SOLID_BREP('Lifter_Servo_Clamp_Post_R_Rear',#10966);
#522=MANIFOLD_SOLID_BREP('Lifter_Servo_Clamp_Post_R_Front',#10967);
#523=MANIFOLD_SOLID_BREP('Lifter_Pin_C_Clip_L',#10968);
#524=MANIFOLD_SOLID_BREP('Lifter_Pin_C_Clip_R',#10969);
#525=MANIFOLD_SOLID_BREP('BBB_22mm_Gearmotor_L',#10970);
#526=MANIFOLD_SOLID_BREP('BBB_4mm_Output_Shaft_L',#10971);
#527=MANIFOLD_SOLID_BREP('BBB_Face_Mount_26mm_L',#10972);
#528=MANIFOLD_SOLID_BREP('BBB_Motor_Cradle_L',#10973);
#529=MANIFOLD_SOLID_BREP('Repeat_4mm_Clamp_Hub_L',#10974);
#530=MANIFOLD_SOLID_BREP('BBB_22mm_Gearmotor_R',#10975);
#531=MANIFOLD_SOLID_BREP('BBB_4mm_Output_Shaft_R',#10976);
#532=MANIFOLD_SOLID_BREP('BBB_Face_Mount_26mm_R',#10977);
#533=MANIFOLD_SOLID_BREP('BBB_Motor_Cradle_R',#10978);
#534=MANIFOLD_SOLID_BREP('Repeat_4mm_Clamp_Hub_R',#10979);
#535=MANIFOLD_SOLID_BREP('Battery_Clamp_Bar_1',#10980);
#536=MANIFOLD_SOLID_BREP('Battery_Clamp_Bar_2',#10981);
#537=FACE_BOUND('',#1951,.T.);
#538=FACE_BOUND('',#1952,.T.);
#539=FACE_BOUND('',#1953,.T.);
#540=FACE_BOUND('',#1954,.T.);
#541=FACE_BOUND('',#1955,.T.);
#542=FACE_BOUND('',#1956,.T.);
#543=FACE_BOUND('',#1957,.T.);
#544=FACE_BOUND('',#1958,.T.);
#545=FACE_BOUND('',#1959,.T.);
#546=FACE_BOUND('',#1960,.T.);
#547=FACE_BOUND('',#1961,.T.);
#548=FACE_BOUND('',#1962,.T.);
#549=FACE_BOUND('',#1963,.T.);
#550=FACE_BOUND('',#1964,.T.);
#551=FACE_BOUND('',#1965,.T.);
#552=FACE_BOUND('',#1966,.T.);
#553=FACE_BOUND('',#1967,.T.);
#554=FACE_BOUND('',#1968,.T.);
#555=FACE_BOUND('',#1969,.T.);
#556=FACE_BOUND('',#1970,.T.);
#557=FACE_BOUND('',#1971,.T.);
#558=FACE_BOUND('',#1972,.T.);
#559=FACE_BOUND('',#1973,.T.);
#560=FACE_BOUND('',#1974,.T.);
#561=FACE_BOUND('',#1975,.T.);
#562=FACE_BOUND('',#1976,.T.);
#563=FACE_BOUND('',#1977,.T.);
#564=FACE_BOUND('',#1978,.T.);
#565=FACE_BOUND('',#1979,.T.);
#566=FACE_BOUND('',#1980,.T.);
#567=FACE_BOUND('',#1981,.T.);
#568=FACE_BOUND('',#1982,.T.);
#569=FACE_BOUND('',#1983,.T.);
#570=FACE_BOUND('',#1984,.T.);
#571=FACE_BOUND('',#1985,.T.);
#572=FACE_BOUND('',#1986,.T.);
#573=FACE_BOUND('',#1987,.T.);
#574=FACE_BOUND('',#1988,.T.);
#575=FACE_BOUND('',#1989,.T.);
#576=FACE_BOUND('',#1990,.T.);
#577=FACE_BOUND('',#1991,.T.);
#578=FACE_BOUND('',#1992,.T.);
#579=FACE_BOUND('',#1993,.T.);
#580=FACE_BOUND('',#1994,.T.);
#581=FACE_BOUND('',#1995,.T.);
#582=FACE_BOUND('',#1996,.T.);
#583=FACE_BOUND('',#2002,.T.);
#584=FACE_BOUND('',#2003,.T.);
#585=FACE_BOUND('',#2004,.T.);
#586=FACE_BOUND('',#2005,.T.);
#587=FACE_BOUND('',#2006,.T.);
#588=FACE_BOUND('',#2007,.T.);
#589=FACE_BOUND('',#2008,.T.);
#590=FACE_BOUND('',#2009,.T.);
#591=FACE_BOUND('',#2010,.T.);
#592=FACE_BOUND('',#2011,.T.);
#593=FACE_BOUND('',#2012,.T.);
#594=FACE_BOUND('',#2013,.T.);
#595=FACE_BOUND('',#2014,.T.);
#596=FACE_BOUND('',#2015,.T.);
#597=FACE_BOUND('',#2016,.T.);
#598=FACE_BOUND('',#2017,.T.);
#599=FACE_BOUND('',#2018,.T.);
#600=FACE_BOUND('',#2019,.T.);
#601=FACE_BOUND('',#2020,.T.);
#602=FACE_BOUND('',#2021,.T.);
#603=FACE_BOUND('',#2022,.T.);
#604=FACE_BOUND('',#2023,.T.);
#605=FACE_BOUND('',#2024,.T.);
#606=FACE_BOUND('',#2025,.T.);
#607=FACE_BOUND('',#2026,.T.);
#608=FACE_BOUND('',#2027,.T.);
#609=FACE_BOUND('',#2028,.T.);
#610=FACE_BOUND('',#2029,.T.);
#611=FACE_BOUND('',#2030,.T.);
#612=FACE_BOUND('',#2031,.T.);
#613=FACE_BOUND('',#2032,.T.);
#614=FACE_BOUND('',#2033,.T.);
#615=FACE_BOUND('',#2034,.T.);
#616=FACE_BOUND('',#2035,.T.);
#617=FACE_BOUND('',#2036,.T.);
#618=FACE_BOUND('',#2037,.T.);
#619=FACE_BOUND('',#2038,.T.);
#620=FACE_BOUND('',#2039,.T.);
#621=FACE_BOUND('',#2040,.T.);
#622=FACE_BOUND('',#2041,.T.);
#623=FACE_BOUND('',#2042,.T.);
#624=FACE_BOUND('',#2043,.T.);
#625=FACE_BOUND('',#2044,.T.);
#626=FACE_BOUND('',#2045,.T.);
#627=FACE_BOUND('',#2046,.T.);
#628=FACE_BOUND('',#2047,.T.);
#629=FACE_BOUND('',#2061,.T.);
#630=FACE_BOUND('',#2062,.T.);
#631=FACE_BOUND('',#2063,.T.);
#632=FACE_BOUND('',#2064,.T.);
#633=FACE_BOUND('',#2071,.T.);
#634=FACE_BOUND('',#2072,.T.);
#635=FACE_BOUND('',#2073,.T.);
#636=FACE_BOUND('',#2074,.T.);
#637=FACE_BOUND('',#2083,.T.);
#638=FACE_BOUND('',#2084,.T.);
#639=FACE_BOUND('',#2085,.T.);
#640=FACE_BOUND('',#2086,.T.);
#641=FACE_BOUND('',#2093,.T.);
#642=FACE_BOUND('',#2094,.T.);
#643=FACE_BOUND('',#2095,.T.);
#644=FACE_BOUND('',#2096,.T.);
#645=FACE_BOUND('',#2109,.T.);
#646=FACE_BOUND('',#2110,.T.);
#647=FACE_BOUND('',#2111,.T.);
#648=FACE_BOUND('',#2112,.T.);
#649=FACE_BOUND('',#2113,.T.);
#650=FACE_BOUND('',#2114,.T.);
#651=FACE_BOUND('',#2115,.T.);
#652=FACE_BOUND('',#2117,.T.);
#653=FACE_BOUND('',#2118,.T.);
#654=FACE_BOUND('',#2119,.T.);
#655=FACE_BOUND('',#2120,.T.);
#656=FACE_BOUND('',#2121,.T.);
#657=FACE_BOUND('',#2122,.T.);
#658=FACE_BOUND('',#2123,.T.);
#659=FACE_BOUND('',#2127,.T.);
#660=FACE_BOUND('',#2128,.T.);
#661=FACE_BOUND('',#2130,.T.);
#662=FACE_BOUND('',#2137,.T.);
#663=FACE_BOUND('',#2138,.T.);
#664=FACE_BOUND('',#2141,.T.);
#665=FACE_BOUND('',#2146,.T.);
#666=FACE_BOUND('',#2148,.T.);
#667=FACE_BOUND('',#2149,.T.);
#668=FACE_BOUND('',#2155,.T.);
#669=FACE_BOUND('',#2156,.T.);
#670=FACE_BOUND('',#2161,.T.);
#671=FACE_BOUND('',#2168,.T.);
#672=FACE_BOUND('',#2170,.T.);
#673=FACE_BOUND('',#2172,.T.);
#674=FACE_BOUND('',#2181,.T.);
#675=FACE_BOUND('',#2182,.T.);
#676=FACE_BOUND('',#2183,.T.);
#677=FACE_BOUND('',#2184,.T.);
#678=FACE_BOUND('',#2185,.T.);
#679=FACE_BOUND('',#2187,.T.);
#680=FACE_BOUND('',#2189,.T.);
#681=FACE_BOUND('',#2196,.T.);
#682=FACE_BOUND('',#2198,.T.);
#683=FACE_BOUND('',#2200,.T.);
#684=FACE_BOUND('',#2207,.T.);
#685=FACE_BOUND('',#2209,.T.);
#686=FACE_BOUND('',#2211,.T.);
#687=FACE_BOUND('',#2218,.T.);
#688=FACE_BOUND('',#2219,.T.);
#689=FACE_BOUND('',#2220,.T.);
#690=FACE_BOUND('',#2223,.T.);
#691=FACE_BOUND('',#2225,.T.);
#692=FACE_BOUND('',#2226,.T.);
#693=FACE_BOUND('',#2233,.T.);
#694=FACE_BOUND('',#2234,.T.);
#695=FACE_BOUND('',#2235,.T.);
#696=FACE_BOUND('',#2238,.T.);
#697=FACE_BOUND('',#2239,.T.);
#698=FACE_BOUND('',#2241,.T.);
#699=FACE_BOUND('',#2267,.T.);
#700=FACE_BOUND('',#2268,.T.);
#701=FACE_BOUND('',#2270,.T.);
#702=FACE_BOUND('',#2271,.T.);
#703=FACE_BOUND('',#2283,.T.);
#704=FACE_BOUND('',#2284,.T.);
#705=FACE_BOUND('',#2285,.T.);
#706=FACE_BOUND('',#2286,.T.);
#707=FACE_BOUND('',#2289,.T.);
#708=FACE_BOUND('',#2290,.T.);
#709=FACE_BOUND('',#2291,.T.);
#710=FACE_BOUND('',#2292,.T.);
#711=FACE_BOUND('',#2313,.T.);
#712=FACE_BOUND('',#2314,.T.);
#713=FACE_BOUND('',#2315,.T.);
#714=FACE_BOUND('',#2316,.T.);
#715=FACE_BOUND('',#2317,.T.);
#716=FACE_BOUND('',#2318,.T.);
#717=FACE_BOUND('',#2320,.T.);
#718=FACE_BOUND('',#2321,.T.);
#719=FACE_BOUND('',#2322,.T.);
#720=FACE_BOUND('',#2323,.T.);
#721=FACE_BOUND('',#2324,.T.);
#722=FACE_BOUND('',#2325,.T.);
#723=FACE_BOUND('',#2344,.T.);
#724=FACE_BOUND('',#2346,.T.);
#725=FACE_BOUND('',#2353,.T.);
#726=FACE_BOUND('',#2355,.T.);
#727=FACE_BOUND('',#2362,.T.);
#728=FACE_BOUND('',#2364,.T.);
#729=FACE_BOUND('',#2371,.T.);
#730=FACE_BOUND('',#2373,.T.);
#731=FACE_BOUND('',#2380,.T.);
#732=FACE_BOUND('',#2382,.T.);
#733=FACE_BOUND('',#2389,.T.);
#734=FACE_BOUND('',#2391,.T.);
#735=FACE_BOUND('',#2399,.T.);
#736=FACE_BOUND('',#2401,.T.);
#737=FACE_BOUND('',#2407,.T.);
#738=FACE_BOUND('',#2408,.T.);
#739=FACE_BOUND('',#2413,.T.);
#740=FACE_BOUND('',#2421,.T.);
#741=FACE_BOUND('',#2423,.T.);
#742=FACE_BOUND('',#2429,.T.);
#743=FACE_BOUND('',#2430,.T.);
#744=FACE_BOUND('',#2435,.T.);
#745=FACE_BOUND('',#2445,.T.);
#746=FACE_BOUND('',#2446,.T.);
#747=FACE_BOUND('',#2447,.T.);
#748=FACE_BOUND('',#2448,.T.);
#749=FACE_BOUND('',#2450,.T.);
#750=FACE_BOUND('',#2451,.T.);
#751=FACE_BOUND('',#2452,.T.);
#752=FACE_BOUND('',#2453,.T.);
#753=FACE_BOUND('',#2462,.T.);
#754=FACE_BOUND('',#2465,.T.);
#755=FACE_BOUND('',#2473,.T.);
#756=FACE_BOUND('',#2475,.T.);
#757=FACE_BOUND('',#2480,.T.);
#758=FACE_BOUND('',#2488,.T.);
#759=FACE_BOUND('',#2489,.T.);
#760=FACE_BOUND('',#2491,.T.);
#761=FACE_BOUND('',#2497,.T.);
#762=FACE_BOUND('',#2505,.T.);
#763=FACE_BOUND('',#2506,.T.);
#764=FACE_BOUND('',#2510,.T.);
#765=FACE_BOUND('',#2522,.T.);
#766=FACE_BOUND('',#2524,.T.);
#767=FACE_BOUND('',#2528,.T.);
#768=FACE_BOUND('',#2530,.T.);
#769=FACE_BOUND('',#2541,.T.);
#770=FACE_BOUND('',#2563,.T.);
#771=FACE_BOUND('',#2564,.T.);
#772=FACE_BOUND('',#2566,.T.);
#773=FACE_BOUND('',#2567,.T.);
#774=FACE_BOUND('',#2575,.T.);
#775=FACE_BOUND('',#2576,.T.);
#776=FACE_BOUND('',#2578,.T.);
#777=FACE_BOUND('',#2579,.T.);
#778=FACE_BOUND('',#2602,.T.);
#779=FACE_BOUND('',#2604,.T.);
#780=FACE_BOUND('',#2611,.T.);
#781=FACE_BOUND('',#2613,.T.);
#782=FACE_BOUND('',#2630,.T.);
#783=FACE_BOUND('',#2632,.T.);
#784=FACE_BOUND('',#2639,.T.);
#785=FACE_BOUND('',#2641,.T.);
#786=FACE_BOUND('',#2667,.T.);
#787=FACE_BOUND('',#2668,.T.);
#788=FACE_BOUND('',#2669,.T.);
#789=FACE_BOUND('',#2670,.T.);
#790=FACE_BOUND('',#2671,.T.);
#791=FACE_BOUND('',#2674,.T.);
#792=FACE_BOUND('',#2675,.T.);
#793=FACE_BOUND('',#2676,.T.);
#794=FACE_BOUND('',#2677,.T.);
#795=FACE_BOUND('',#2678,.T.);
#796=FACE_BOUND('',#2685,.T.);
#797=FACE_BOUND('',#2686,.T.);
#798=FACE_BOUND('',#2687,.T.);
#799=FACE_BOUND('',#2688,.T.);
#800=FACE_BOUND('',#2689,.T.);
#801=FACE_BOUND('',#2701,.T.);
#802=FACE_BOUND('',#2702,.T.);
#803=FACE_BOUND('',#2703,.T.);
#804=FACE_BOUND('',#2704,.T.);
#805=FACE_BOUND('',#2705,.T.);
#806=FACE_BOUND('',#2708,.T.);
#807=FACE_BOUND('',#2709,.T.);
#808=FACE_BOUND('',#2715,.T.);
#809=FACE_BOUND('',#2716,.T.);
#810=FACE_BOUND('',#2717,.T.);
#811=FACE_BOUND('',#2719,.T.);
#812=FACE_BOUND('',#2720,.T.);
#813=FACE_BOUND('',#2721,.T.);
#814=FACE_BOUND('',#2735,.T.);
#815=FACE_BOUND('',#2736,.T.);
#816=FACE_BOUND('',#2737,.T.);
#817=FACE_BOUND('',#2738,.T.);
#818=FACE_BOUND('',#2739,.T.);
#819=FACE_BOUND('',#2742,.T.);
#820=FACE_BOUND('',#2743,.T.);
#821=FACE_BOUND('',#2744,.T.);
#822=FACE_BOUND('',#2745,.T.);
#823=FACE_BOUND('',#2746,.T.);
#824=FACE_BOUND('',#2753,.T.);
#825=FACE_BOUND('',#2754,.T.);
#826=FACE_BOUND('',#2755,.T.);
#827=FACE_BOUND('',#2756,.T.);
#828=FACE_BOUND('',#2757,.T.);
#829=FACE_BOUND('',#2769,.T.);
#830=FACE_BOUND('',#2770,.T.);
#831=FACE_BOUND('',#2771,.T.);
#832=FACE_BOUND('',#2772,.T.);
#833=FACE_BOUND('',#2773,.T.);
#834=FACE_BOUND('',#2776,.T.);
#835=FACE_BOUND('',#2777,.T.);
#836=FACE_BOUND('',#2783,.T.);
#837=FACE_BOUND('',#2784,.T.);
#838=FACE_BOUND('',#2785,.T.);
#839=FACE_BOUND('',#2787,.T.);
#840=FACE_BOUND('',#2788,.T.);
#841=FACE_BOUND('',#2789,.T.);
#842=FACE_BOUND('',#2796,.T.);
#843=FACE_BOUND('',#2799,.T.);
#844=FACE_BOUND('',#2808,.T.);
#845=FACE_BOUND('',#2811,.T.);
#846=PLANE('',#11708);
#847=PLANE('',#11709);
#848=PLANE('',#11710);
#849=PLANE('',#11711);
#850=PLANE('',#11712);
#851=PLANE('',#11713);
#852=PLANE('',#11714);
#853=PLANE('',#11715);
#854=PLANE('',#11716);
#855=PLANE('',#11717);
#856=PLANE('',#11718);
#857=PLANE('',#11719);
#858=PLANE('',#11720);
#859=PLANE('',#11721);
#860=PLANE('',#11722);
#861=PLANE('',#11723);
#862=PLANE('',#11778);
#863=PLANE('',#11779);
#864=PLANE('',#11780);
#865=PLANE('',#11781);
#866=PLANE('',#11782);
#867=PLANE('',#11783);
#868=PLANE('',#11784);
#869=PLANE('',#11785);
#870=PLANE('',#11786);
#871=PLANE('',#11787);
#872=PLANE('',#11788);
#873=PLANE('',#11789);
#874=PLANE('',#11790);
#875=PLANE('',#11791);
#876=PLANE('',#11805);
#877=PLANE('',#11806);
#878=PLANE('',#11807);
#879=PLANE('',#11808);
#880=PLANE('',#11809);
#881=PLANE('',#11810);
#882=PLANE('',#11811);
#883=PLANE('',#11812);
#884=PLANE('',#11813);
#885=PLANE('',#11814);
#886=PLANE('',#11828);
#887=PLANE('',#11829);
#888=PLANE('',#11830);
#889=PLANE('',#11831);
#890=PLANE('',#11832);
#891=PLANE('',#11833);
#892=PLANE('',#11834);
#893=PLANE('',#11835);
#894=PLANE('',#11836);
#895=PLANE('',#11837);
#896=PLANE('',#11860);
#897=PLANE('',#11861);
#898=PLANE('',#11862);
#899=PLANE('',#11863);
#900=PLANE('',#11864);
#901=PLANE('',#11865);
#902=PLANE('',#11867);
#903=PLANE('',#11871);
#904=PLANE('',#11874);
#905=PLANE('',#11875);
#906=PLANE('',#11876);
#907=PLANE('',#11881);
#908=PLANE('',#11882);
#909=PLANE('',#11883);
#910=PLANE('',#11884);
#911=PLANE('',#11885);
#912=PLANE('',#11887);
#913=PLANE('',#11891);
#914=PLANE('',#11892);
#915=PLANE('',#11895);
#916=PLANE('',#11896);
#917=PLANE('',#11901);
#918=PLANE('',#11902);
#919=PLANE('',#11903);
#920=PLANE('',#11904);
#921=PLANE('',#11905);
#922=PLANE('',#11911);
#923=PLANE('',#11915);
#924=PLANE('',#11919);
#925=PLANE('',#11920);
#926=PLANE('',#11927);
#927=PLANE('',#11931);
#928=PLANE('',#11935);
#929=PLANE('',#11936);
#930=PLANE('',#11941);
#931=PLANE('',#11945);
#932=PLANE('',#11949);
#933=PLANE('',#11950);
#934=PLANE('',#11955);
#935=PLANE('',#11959);
#936=PLANE('',#11963);
#937=PLANE('',#11964);
#938=PLANE('',#11983);
#939=PLANE('',#11987);
#940=PLANE('',#11991);
#941=PLANE('',#11992);
#942=PLANE('',#12003);
#943=PLANE('',#12007);
#944=PLANE('',#12011);
#945=PLANE('',#12012);
#946=PLANE('',#12017);
#947=PLANE('',#12018);
#948=PLANE('',#12019);
#949=PLANE('',#12020);
#950=PLANE('',#12021);
#951=PLANE('',#12022);
#952=PLANE('',#12024);
#953=PLANE('',#12025);
#954=PLANE('',#12026);
#955=PLANE('',#12027);
#956=PLANE('',#12028);
#957=PLANE('',#12029);
#958=PLANE('',#12031);
#959=PLANE('',#12032);
#960=PLANE('',#12033);
#961=PLANE('',#12034);
#962=PLANE('',#12035);
#963=PLANE('',#12036);
#964=PLANE('',#12044);
#965=PLANE('',#12045);
#966=PLANE('',#12046);
#967=PLANE('',#12047);
#968=PLANE('',#12048);
#969=PLANE('',#12049);
#970=PLANE('',#12051);
#971=PLANE('',#12052);
#972=PLANE('',#12053);
#973=PLANE('',#12054);
#974=PLANE('',#12055);
#975=PLANE('',#12056);
#976=PLANE('',#12078);
#977=PLANE('',#12079);
#978=PLANE('',#12080);
#979=PLANE('',#12081);
#980=PLANE('',#12082);
#981=PLANE('',#12083);
#982=PLANE('',#12099);
#983=PLANE('',#12100);
#984=PLANE('',#12101);
#985=PLANE('',#12102);
#986=PLANE('',#12103);
#987=PLANE('',#12104);
#988=PLANE('',#12105);
#989=PLANE('',#12106);
#990=PLANE('',#12107);
#991=PLANE('',#12108);
#992=PLANE('',#12109);
#993=PLANE('',#12110);
#994=PLANE('',#12111);
#995=PLANE('',#12112);
#996=PLANE('',#12113);
#997=PLANE('',#12114);
#998=PLANE('',#12115);
#999=PLANE('',#12116);
#1000=PLANE('',#12117);
#1001=PLANE('',#12118);
#1002=PLANE('',#12119);
#1003=PLANE('',#12120);
#1004=PLANE('',#12121);
#1005=PLANE('',#12122);
#1006=PLANE('',#12123);
#1007=PLANE('',#12124);
#1008=PLANE('',#12129);
#1009=PLANE('',#12133);
#1010=PLANE('',#12137);
#1011=PLANE('',#12138);
#1012=PLANE('',#12143);
#1013=PLANE('',#12147);
#1014=PLANE('',#12151);
#1015=PLANE('',#12152);
#1016=PLANE('',#12157);
#1017=PLANE('',#12161);
#1018=PLANE('',#12165);
#1019=PLANE('',#12166);
#1020=PLANE('',#12171);
#1021=PLANE('',#12175);
#1022=PLANE('',#12179);
#1023=PLANE('',#12180);
#1024=PLANE('',#12185);
#1025=PLANE('',#12189);
#1026=PLANE('',#12193);
#1027=PLANE('',#12194);
#1028=PLANE('',#12199);
#1029=PLANE('',#12203);
#1030=PLANE('',#12207);
#1031=PLANE('',#12208);
#1032=PLANE('',#12216);
#1033=PLANE('',#12217);
#1034=PLANE('',#12218);
#1035=PLANE('',#12219);
#1036=PLANE('',#12220);
#1037=PLANE('',#12221);
#1038=PLANE('',#12222);
#1039=PLANE('',#12223);
#1040=PLANE('',#12224);
#1041=PLANE('',#12225);
#1042=PLANE('',#12226);
#1043=PLANE('',#12227);
#1044=PLANE('',#12228);
#1045=PLANE('',#12229);
#1046=PLANE('',#12230);
#1047=PLANE('',#12238);
#1048=PLANE('',#12239);
#1049=PLANE('',#12240);
#1050=PLANE('',#12241);
#1051=PLANE('',#12242);
#1052=PLANE('',#12243);
#1053=PLANE('',#12244);
#1054=PLANE('',#12245);
#1055=PLANE('',#12246);
#1056=PLANE('',#12247);
#1057=PLANE('',#12248);
#1058=PLANE('',#12249);
#1059=PLANE('',#12250);
#1060=PLANE('',#12251);
#1061=PLANE('',#12252);
#1062=PLANE('',#12266);
#1063=PLANE('',#12267);
#1064=PLANE('',#12268);
#1065=PLANE('',#12269);
#1066=PLANE('',#12270);
#1067=PLANE('',#12271);
#1068=PLANE('',#12287);
#1069=PLANE('',#12288);
#1070=PLANE('',#12289);
#1071=PLANE('',#12290);
#1072=PLANE('',#12291);
#1073=PLANE('',#12292);
#1074=PLANE('',#12297);
#1075=PLANE('',#12298);
#1076=PLANE('',#12299);
#1077=PLANE('',#12300);
#1078=PLANE('',#12301);
#1079=PLANE('',#12302);
#1080=PLANE('',#12303);
#1081=PLANE('',#12307);
#1082=PLANE('',#12308);
#1083=PLANE('',#12309);
#1084=PLANE('',#12310);
#1085=PLANE('',#12311);
#1086=PLANE('',#12313);
#1087=PLANE('',#12314);
#1088=PLANE('',#12316);
#1089=PLANE('',#12320);
#1090=PLANE('',#12324);
#1091=PLANE('',#12325);
#1092=PLANE('',#12326);
#1093=PLANE('',#12327);
#1094=PLANE('',#12330);
#1095=PLANE('',#12331);
#1096=PLANE('',#12333);
#1097=PLANE('',#12334);
#1098=PLANE('',#12336);
#1099=PLANE('',#12340);
#1100=PLANE('',#12344);
#1101=PLANE('',#12345);
#1102=PLANE('',#12346);
#1103=PLANE('',#12347);
#1104=PLANE('',#12350);
#1105=PLANE('',#12351);
#1106=PLANE('',#12352);
#1107=PLANE('',#12353);
#1108=PLANE('',#12354);
#1109=PLANE('',#12355);
#1110=PLANE('',#12356);
#1111=PLANE('',#12357);
#1112=PLANE('',#12358);
#1113=PLANE('',#12359);
#1114=PLANE('',#12364);
#1115=PLANE('',#12366);
#1116=PLANE('',#12373);
#1117=PLANE('',#12374);
#1118=PLANE('',#12378);
#1119=PLANE('',#12380);
#1120=PLANE('',#12386);
#1121=PLANE('',#12387);
#1122=PLANE('',#12388);
#1123=PLANE('',#12389);
#1124=PLANE('',#12390);
#1125=PLANE('',#12391);
#1126=PLANE('',#12392);
#1127=PLANE('',#12394);
#1128=PLANE('',#12395);
#1129=PLANE('',#12396);
#1130=PLANE('',#12397);
#1131=PLANE('',#12398);
#1132=PLANE('',#12399);
#1133=PLANE('',#12401);
#1134=PLANE('',#12402);
#1135=PLANE('',#12403);
#1136=PLANE('',#12404);
#1137=PLANE('',#12405);
#1138=PLANE('',#12406);
#1139=PLANE('',#12414);
#1140=PLANE('',#12415);
#1141=PLANE('',#12416);
#1142=PLANE('',#12417);
#1143=PLANE('',#12418);
#1144=PLANE('',#12419);
#1145=PLANE('',#12427);
#1146=PLANE('',#12428);
#1147=PLANE('',#12429);
#1148=PLANE('',#12430);
#1149=PLANE('',#12431);
#1150=PLANE('',#12432);
#1151=PLANE('',#12434);
#1152=PLANE('',#12435);
#1153=PLANE('',#12436);
#1154=PLANE('',#12437);
#1155=PLANE('',#12438);
#1156=PLANE('',#12439);
#1157=PLANE('',#12447);
#1158=PLANE('',#12448);
#1159=PLANE('',#12449);
#1160=PLANE('',#12450);
#1161=PLANE('',#12451);
#1162=PLANE('',#12452);
#1163=PLANE('',#12453);
#1164=PLANE('',#12454);
#1165=PLANE('',#12459);
#1166=PLANE('',#12460);
#1167=PLANE('',#12461);
#1168=PLANE('',#12462);
#1169=PLANE('',#12463);
#1170=PLANE('',#12464);
#1171=PLANE('',#12469);
#1172=PLANE('',#12470);
#1173=PLANE('',#12471);
#1174=PLANE('',#12472);
#1175=PLANE('',#12473);
#1176=PLANE('',#12474);
#1177=PLANE('',#12482);
#1178=PLANE('',#12483);
#1179=PLANE('',#12484);
#1180=PLANE('',#12485);
#1181=PLANE('',#12486);
#1182=PLANE('',#12487);
#1183=PLANE('',#12488);
#1184=PLANE('',#12489);
#1185=PLANE('',#12494);
#1186=PLANE('',#12495);
#1187=PLANE('',#12496);
#1188=PLANE('',#12497);
#1189=PLANE('',#12498);
#1190=PLANE('',#12499);
#1191=PLANE('',#12504);
#1192=PLANE('',#12505);
#1193=PLANE('',#12506);
#1194=PLANE('',#12507);
#1195=PLANE('',#12508);
#1196=PLANE('',#12509);
#1197=PLANE('',#12514);
#1198=PLANE('',#12515);
#1199=PLANE('',#12517);
#1200=PLANE('',#12518);
#1201=PLANE('',#12525);
#1202=PLANE('',#12526);
#1203=PLANE('',#12528);
#1204=PLANE('',#12529);
#1205=PLANE('',#12556);
#1206=PLANE('',#12557);
#1207=PLANE('',#12562);
#1208=PLANE('',#12563);
#1209=PLANE('',#12580);
#1210=PLANE('',#12581);
#1211=PLANE('',#12582);
#1212=PLANE('',#12583);
#1213=PLANE('',#12584);
#1214=PLANE('',#12585);
#1215=PLANE('',#12587);
#1216=PLANE('',#12588);
#1217=PLANE('',#12589);
#1218=PLANE('',#12590);
#1219=PLANE('',#12599);
#1220=PLANE('',#12603);
#1221=PLANE('',#12614);
#1222=PLANE('',#12615);
#1223=PLANE('',#12616);
#1224=PLANE('',#12617);
#1225=PLANE('',#12631);
#1226=PLANE('',#12632);
#1227=PLANE('',#12637);
#1228=PLANE('',#12638);
#1229=PLANE('',#12643);
#1230=PLANE('',#12644);
#1231=PLANE('',#12661);
#1232=PLANE('',#12662);
#1233=PLANE('',#12663);
#1234=PLANE('',#12664);
#1235=PLANE('',#12665);
#1236=PLANE('',#12666);
#1237=PLANE('',#12668);
#1238=PLANE('',#12669);
#1239=PLANE('',#12670);
#1240=PLANE('',#12671);
#1241=PLANE('',#12680);
#1242=PLANE('',#12684);
#1243=PLANE('',#12695);
#1244=PLANE('',#12696);
#1245=PLANE('',#12697);
#1246=PLANE('',#12698);
#1247=PLANE('',#12712);
#1248=PLANE('',#12713);
#1249=PLANE('',#12729);
#1250=PLANE('',#12733);
#1251=PLANE('',#12734);
#1252=PLANE('',#12735);
#1253=PLANE('',#12736);
#1254=PLANE('',#12737);
#1255=PLANE('',#12738);
#1256=PLANE('',#12739);
#1257=PLANE('',#12744);
#1258=PLANE('',#12748);
#1259=PLANE('',#12749);
#1260=PLANE('',#12750);
#1261=PLANE('',#12751);
#1262=PLANE('',#12752);
#1263=PLANE('',#12753);
#1264=PLANE('',#12754);
#1265=FACE_OUTER_BOUND('',#1885,.T.);
#1266=FACE_OUTER_BOUND('',#1886,.T.);
#1267=FACE_OUTER_BOUND('',#1887,.T.);
#1268=FACE_OUTER_BOUND('',#1888,.T.);
#1269=FACE_OUTER_BOUND('',#1889,.T.);
#1270=FACE_OUTER_BOUND('',#1890,.T.);
#1271=FACE_OUTER_BOUND('',#1891,.T.);
#1272=FACE_OUTER_BOUND('',#1892,.T.);
#1273=FACE_OUTER_BOUND('',#1893,.T.);
#1274=FACE_OUTER_BOUND('',#1894,.T.);
#1275=FACE_OUTER_BOUND('',#1895,.T.);
#1276=FACE_OUTER_BOUND('',#1896,.T.);
#1277=FACE_OUTER_BOUND('',#1897,.T.);
#1278=FACE_OUTER_BOUND('',#1898,.T.);
#1279=FACE_OUTER_BOUND('',#1899,.T.);
#1280=FACE_OUTER_BOUND('',#1900,.T.);
#1281=FACE_OUTER_BOUND('',#1901,.T.);
#1282=FACE_OUTER_BOUND('',#1902,.T.);
#1283=FACE_OUTER_BOUND('',#1903,.T.);
#1284=FACE_OUTER_BOUND('',#1904,.T.);
#1285=FACE_OUTER_BOUND('',#1905,.T.);
#1286=FACE_OUTER_BOUND('',#1906,.T.);
#1287=FACE_OUTER_BOUND('',#1907,.T.);
#1288=FACE_OUTER_BOUND('',#1908,.T.);
#1289=FACE_OUTER_BOUND('',#1909,.T.);
#1290=FACE_OUTER_BOUND('',#1910,.T.);
#1291=FACE_OUTER_BOUND('',#1911,.T.);
#1292=FACE_OUTER_BOUND('',#1912,.T.);
#1293=FACE_OUTER_BOUND('',#1913,.T.);
#1294=FACE_OUTER_BOUND('',#1914,.T.);
#1295=FACE_OUTER_BOUND('',#1915,.T.);
#1296=FACE_OUTER_BOUND('',#1916,.T.);
#1297=FACE_OUTER_BOUND('',#1917,.T.);
#1298=FACE_OUTER_BOUND('',#1918,.T.);
#1299=FACE_OUTER_BOUND('',#1919,.T.);
#1300=FACE_OUTER_BOUND('',#1920,.T.);
#1301=FACE_OUTER_BOUND('',#1921,.T.);
#1302=FACE_OUTER_BOUND('',#1922,.T.);
#1303=FACE_OUTER_BOUND('',#1923,.T.);
#1304=FACE_OUTER_BOUND('',#1924,.T.);
#1305=FACE_OUTER_BOUND('',#1925,.T.);
#1306=FACE_OUTER_BOUND('',#1926,.T.);
#1307=FACE_OUTER_BOUND('',#1927,.T.);
#1308=FACE_OUTER_BOUND('',#1928,.T.);
#1309=FACE_OUTER_BOUND('',#1929,.T.);
#1310=FACE_OUTER_BOUND('',#1930,.T.);
#1311=FACE_OUTER_BOUND('',#1931,.T.);
#1312=FACE_OUTER_BOUND('',#1932,.T.);
#1313=FACE_OUTER_BOUND('',#1933,.T.);
#1314=FACE_OUTER_BOUND('',#1934,.T.);
#1315=FACE_OUTER_BOUND('',#1935,.T.);
#1316=FACE_OUTER_BOUND('',#1936,.T.);
#1317=FACE_OUTER_BOUND('',#1937,.T.);
#1318=FACE_OUTER_BOUND('',#1938,.T.);
#1319=FACE_OUTER_BOUND('',#1939,.T.);
#1320=FACE_OUTER_BOUND('',#1940,.T.);
#1321=FACE_OUTER_BOUND('',#1941,.T.);
#1322=FACE_OUTER_BOUND('',#1942,.T.);
#1323=FACE_OUTER_BOUND('',#1943,.T.);
#1324=FACE_OUTER_BOUND('',#1944,.T.);
#1325=FACE_OUTER_BOUND('',#1945,.T.);
#1326=FACE_OUTER_BOUND('',#1946,.T.);
#1327=FACE_OUTER_BOUND('',#1947,.T.);
#1328=FACE_OUTER_BOUND('',#1948,.T.);
#1329=FACE_OUTER_BOUND('',#1949,.T.);
#1330=FACE_OUTER_BOUND('',#1950,.T.);
#1331=FACE_OUTER_BOUND('',#1997,.T.);
#1332=FACE_OUTER_BOUND('',#1998,.T.);
#1333=FACE_OUTER_BOUND('',#1999,.T.);
#1334=FACE_OUTER_BOUND('',#2000,.T.);
#1335=FACE_OUTER_BOUND('',#2001,.T.);
#1336=FACE_OUTER_BOUND('',#2048,.T.);
#1337=FACE_OUTER_BOUND('',#2049,.T.);
#1338=FACE_OUTER_BOUND('',#2050,.T.);
#1339=FACE_OUTER_BOUND('',#2051,.T.);
#1340=FACE_OUTER_BOUND('',#2052,.T.);
#1341=FACE_OUTER_BOUND('',#2053,.T.);
#1342=FACE_OUTER_BOUND('',#2054,.T.);
#1343=FACE_OUTER_BOUND('',#2055,.T.);
#1344=FACE_OUTER_BOUND('',#2056,.T.);
#1345=FACE_OUTER_BOUND('',#2057,.T.);
#1346=FACE_OUTER_BOUND('',#2058,.T.);
#1347=FACE_OUTER_BOUND('',#2059,.T.);
#1348=FACE_OUTER_BOUND('',#2060,.T.);
#1349=FACE_OUTER_BOUND('',#2065,.T.);
#1350=FACE_OUTER_BOUND('',#2066,.T.);
#1351=FACE_OUTER_BOUND('',#2067,.T.);
#1352=FACE_OUTER_BOUND('',#2068,.T.);
#1353=FACE_OUTER_BOUND('',#2069,.T.);
#1354=FACE_OUTER_BOUND('',#2070,.T.);
#1355=FACE_OUTER_BOUND('',#2075,.T.);
#1356=FACE_OUTER_BOUND('',#2076,.T.);
#1357=FACE_OUTER_BOUND('',#2077,.T.);
#1358=FACE_OUTER_BOUND('',#2078,.T.);
#1359=FACE_OUTER_BOUND('',#2079,.T.);
#1360=FACE_OUTER_BOUND('',#2080,.T.);
#1361=FACE_OUTER_BOUND('',#2081,.T.);
#1362=FACE_OUTER_BOUND('',#2082,.T.);
#1363=FACE_OUTER_BOUND('',#2087,.T.);
#1364=FACE_OUTER_BOUND('',#2088,.T.);
#1365=FACE_OUTER_BOUND('',#2089,.T.);
#1366=FACE_OUTER_BOUND('',#2090,.T.);
#1367=FACE_OUTER_BOUND('',#2091,.T.);
#1368=FACE_OUTER_BOUND('',#2092,.T.);
#1369=FACE_OUTER_BOUND('',#2097,.T.);
#1370=FACE_OUTER_BOUND('',#2098,.T.);
#1371=FACE_OUTER_BOUND('',#2099,.T.);
#1372=FACE_OUTER_BOUND('',#2100,.T.);
#1373=FACE_OUTER_BOUND('',#2101,.T.);
#1374=FACE_OUTER_BOUND('',#2102,.T.);
#1375=FACE_OUTER_BOUND('',#2103,.T.);
#1376=FACE_OUTER_BOUND('',#2104,.T.);
#1377=FACE_OUTER_BOUND('',#2105,.T.);
#1378=FACE_OUTER_BOUND('',#2106,.T.);
#1379=FACE_OUTER_BOUND('',#2107,.T.);
#1380=FACE_OUTER_BOUND('',#2108,.T.);
#1381=FACE_OUTER_BOUND('',#2116,.T.);
#1382=FACE_OUTER_BOUND('',#2124,.T.);
#1383=FACE_OUTER_BOUND('',#2125,.T.);
#1384=FACE_OUTER_BOUND('',#2126,.T.);
#1385=FACE_OUTER_BOUND('',#2129,.T.);
#1386=FACE_OUTER_BOUND('',#2131,.T.);
#1387=FACE_OUTER_BOUND('',#2132,.T.);
#1388=FACE_OUTER_BOUND('',#2133,.T.);
#1389=FACE_OUTER_BOUND('',#2134,.T.);
#1390=FACE_OUTER_BOUND('',#2135,.T.);
#1391=FACE_OUTER_BOUND('',#2136,.T.);
#1392=FACE_OUTER_BOUND('',#2139,.T.);
#1393=FACE_OUTER_BOUND('',#2140,.T.);
#1394=FACE_OUTER_BOUND('',#2142,.T.);
#1395=FACE_OUTER_BOUND('',#2143,.T.);
#1396=FACE_OUTER_BOUND('',#2144,.T.);
#1397=FACE_OUTER_BOUND('',#2145,.T.);
#1398=FACE_OUTER_BOUND('',#2147,.T.);
#1399=FACE_OUTER_BOUND('',#2150,.T.);
#1400=FACE_OUTER_BOUND('',#2151,.T.);
#1401=FACE_OUTER_BOUND('',#2152,.T.);
#1402=FACE_OUTER_BOUND('',#2153,.T.);
#1403=FACE_OUTER_BOUND('',#2154,.T.);
#1404=FACE_OUTER_BOUND('',#2157,.T.);
#1405=FACE_OUTER_BOUND('',#2158,.T.);
#1406=FACE_OUTER_BOUND('',#2159,.T.);
#1407=FACE_OUTER_BOUND('',#2160,.T.);
#1408=FACE_OUTER_BOUND('',#2162,.T.);
#1409=FACE_OUTER_BOUND('',#2163,.T.);
#1410=FACE_OUTER_BOUND('',#2164,.T.);
#1411=FACE_OUTER_BOUND('',#2165,.T.);
#1412=FACE_OUTER_BOUND('',#2166,.T.);
#1413=FACE_OUTER_BOUND('',#2167,.T.);
#1414=FACE_OUTER_BOUND('',#2169,.T.);
#1415=FACE_OUTER_BOUND('',#2171,.T.);
#1416=FACE_OUTER_BOUND('',#2173,.T.);
#1417=FACE_OUTER_BOUND('',#2174,.T.);
#1418=FACE_OUTER_BOUND('',#2175,.T.);
#1419=FACE_OUTER_BOUND('',#2176,.T.);
#1420=FACE_OUTER_BOUND('',#2177,.T.);
#1421=FACE_OUTER_BOUND('',#2178,.T.);
#1422=FACE_OUTER_BOUND('',#2179,.T.);
#1423=FACE_OUTER_BOUND('',#2180,.T.);
#1424=FACE_OUTER_BOUND('',#2186,.T.);
#1425=FACE_OUTER_BOUND('',#2188,.T.);
#1426=FACE_OUTER_BOUND('',#2190,.T.);
#1427=FACE_OUTER_BOUND('',#2191,.T.);
#1428=FACE_OUTER_BOUND('',#2192,.T.);
#1429=FACE_OUTER_BOUND('',#2193,.T.);
#1430=FACE_OUTER_BOUND('',#2194,.T.);
#1431=FACE_OUTER_BOUND('',#2195,.T.);
#1432=FACE_OUTER_BOUND('',#2197,.T.);
#1433=FACE_OUTER_BOUND('',#2199,.T.);
#1434=FACE_OUTER_BOUND('',#2201,.T.);
#1435=FACE_OUTER_BOUND('',#2202,.T.);
#1436=FACE_OUTER_BOUND('',#2203,.T.);
#1437=FACE_OUTER_BOUND('',#2204,.T.);
#1438=FACE_OUTER_BOUND('',#2205,.T.);
#1439=FACE_OUTER_BOUND('',#2206,.T.);
#1440=FACE_OUTER_BOUND('',#2208,.T.);
#1441=FACE_OUTER_BOUND('',#2210,.T.);
#1442=FACE_OUTER_BOUND('',#2212,.T.);
#1443=FACE_OUTER_BOUND('',#2213,.T.);
#1444=FACE_OUTER_BOUND('',#2214,.T.);
#1445=FACE_OUTER_BOUND('',#2215,.T.);
#1446=FACE_OUTER_BOUND('',#2216,.T.);
#1447=FACE_OUTER_BOUND('',#2217,.T.);
#1448=FACE_OUTER_BOUND('',#2221,.T.);
#1449=FACE_OUTER_BOUND('',#2222,.T.);
#1450=FACE_OUTER_BOUND('',#2224,.T.);
#1451=FACE_OUTER_BOUND('',#2227,.T.);
#1452=FACE_OUTER_BOUND('',#2228,.T.);
#1453=FACE_OUTER_BOUND('',#2229,.T.);
#1454=FACE_OUTER_BOUND('',#2230,.T.);
#1455=FACE_OUTER_BOUND('',#2231,.T.);
#1456=FACE_OUTER_BOUND('',#2232,.T.);
#1457=FACE_OUTER_BOUND('',#2236,.T.);
#1458=FACE_OUTER_BOUND('',#2237,.T.);
#1459=FACE_OUTER_BOUND('',#2240,.T.);
#1460=FACE_OUTER_BOUND('',#2242,.T.);
#1461=FACE_OUTER_BOUND('',#2243,.T.);
#1462=FACE_OUTER_BOUND('',#2244,.T.);
#1463=FACE_OUTER_BOUND('',#2245,.T.);
#1464=FACE_OUTER_BOUND('',#2246,.T.);
#1465=FACE_OUTER_BOUND('',#2247,.T.);
#1466=FACE_OUTER_BOUND('',#2248,.T.);
#1467=FACE_OUTER_BOUND('',#2249,.T.);
#1468=FACE_OUTER_BOUND('',#2250,.T.);
#1469=FACE_OUTER_BOUND('',#2251,.T.);
#1470=FACE_OUTER_BOUND('',#2252,.T.);
#1471=FACE_OUTER_BOUND('',#2253,.T.);
#1472=FACE_OUTER_BOUND('',#2254,.T.);
#1473=FACE_OUTER_BOUND('',#2255,.T.);
#1474=FACE_OUTER_BOUND('',#2256,.T.);
#1475=FACE_OUTER_BOUND('',#2257,.T.);
#1476=FACE_OUTER_BOUND('',#2258,.T.);
#1477=FACE_OUTER_BOUND('',#2259,.T.);
#1478=FACE_OUTER_BOUND('',#2260,.T.);
#1479=FACE_OUTER_BOUND('',#2261,.T.);
#1480=FACE_OUTER_BOUND('',#2262,.T.);
#1481=FACE_OUTER_BOUND('',#2263,.T.);
#1482=FACE_OUTER_BOUND('',#2264,.T.);
#1483=FACE_OUTER_BOUND('',#2265,.T.);
#1484=FACE_OUTER_BOUND('',#2266,.T.);
#1485=FACE_OUTER_BOUND('',#2269,.T.);
#1486=FACE_OUTER_BOUND('',#2272,.T.);
#1487=FACE_OUTER_BOUND('',#2273,.T.);
#1488=FACE_OUTER_BOUND('',#2274,.T.);
#1489=FACE_OUTER_BOUND('',#2275,.T.);
#1490=FACE_OUTER_BOUND('',#2276,.T.);
#1491=FACE_OUTER_BOUND('',#2277,.T.);
#1492=FACE_OUTER_BOUND('',#2278,.T.);
#1493=FACE_OUTER_BOUND('',#2279,.T.);
#1494=FACE_OUTER_BOUND('',#2280,.T.);
#1495=FACE_OUTER_BOUND('',#2281,.T.);
#1496=FACE_OUTER_BOUND('',#2282,.T.);
#1497=FACE_OUTER_BOUND('',#2287,.T.);
#1498=FACE_OUTER_BOUND('',#2288,.T.);
#1499=FACE_OUTER_BOUND('',#2293,.T.);
#1500=FACE_OUTER_BOUND('',#2294,.T.);
#1501=FACE_OUTER_BOUND('',#2295,.T.);
#1502=FACE_OUTER_BOUND('',#2296,.T.);
#1503=FACE_OUTER_BOUND('',#2297,.T.);
#1504=FACE_OUTER_BOUND('',#2298,.T.);
#1505=FACE_OUTER_BOUND('',#2299,.T.);
#1506=FACE_OUTER_BOUND('',#2300,.T.);
#1507=FACE_OUTER_BOUND('',#2301,.T.);
#1508=FACE_OUTER_BOUND('',#2302,.T.);
#1509=FACE_OUTER_BOUND('',#2303,.T.);
#1510=FACE_OUTER_BOUND('',#2304,.T.);
#1511=FACE_OUTER_BOUND('',#2305,.T.);
#1512=FACE_OUTER_BOUND('',#2306,.T.);
#1513=FACE_OUTER_BOUND('',#2307,.T.);
#1514=FACE_OUTER_BOUND('',#2308,.T.);
#1515=FACE_OUTER_BOUND('',#2309,.T.);
#1516=FACE_OUTER_BOUND('',#2310,.T.);
#1517=FACE_OUTER_BOUND('',#2311,.T.);
#1518=FACE_OUTER_BOUND('',#2312,.T.);
#1519=FACE_OUTER_BOUND('',#2319,.T.);
#1520=FACE_OUTER_BOUND('',#2326,.T.);
#1521=FACE_OUTER_BOUND('',#2327,.T.);
#1522=FACE_OUTER_BOUND('',#2328,.T.);
#1523=FACE_OUTER_BOUND('',#2329,.T.);
#1524=FACE_OUTER_BOUND('',#2330,.T.);
#1525=FACE_OUTER_BOUND('',#2331,.T.);
#1526=FACE_OUTER_BOUND('',#2332,.T.);
#1527=FACE_OUTER_BOUND('',#2333,.T.);
#1528=FACE_OUTER_BOUND('',#2334,.T.);
#1529=FACE_OUTER_BOUND('',#2335,.T.);
#1530=FACE_OUTER_BOUND('',#2336,.T.);
#1531=FACE_OUTER_BOUND('',#2337,.T.);
#1532=FACE_OUTER_BOUND('',#2338,.T.);
#1533=FACE_OUTER_BOUND('',#2339,.T.);
#1534=FACE_OUTER_BOUND('',#2340,.T.);
#1535=FACE_OUTER_BOUND('',#2341,.T.);
#1536=FACE_OUTER_BOUND('',#2342,.T.);
#1537=FACE_OUTER_BOUND('',#2343,.T.);
#1538=FACE_OUTER_BOUND('',#2345,.T.);
#1539=FACE_OUTER_BOUND('',#2347,.T.);
#1540=FACE_OUTER_BOUND('',#2348,.T.);
#1541=FACE_OUTER_BOUND('',#2349,.T.);
#1542=FACE_OUTER_BOUND('',#2350,.T.);
#1543=FACE_OUTER_BOUND('',#2351,.T.);
#1544=FACE_OUTER_BOUND('',#2352,.T.);
#1545=FACE_OUTER_BOUND('',#2354,.T.);
#1546=FACE_OUTER_BOUND('',#2356,.T.);
#1547=FACE_OUTER_BOUND('',#2357,.T.);
#1548=FACE_OUTER_BOUND('',#2358,.T.);
#1549=FACE_OUTER_BOUND('',#2359,.T.);
#1550=FACE_OUTER_BOUND('',#2360,.T.);
#1551=FACE_OUTER_BOUND('',#2361,.T.);
#1552=FACE_OUTER_BOUND('',#2363,.T.);
#1553=FACE_OUTER_BOUND('',#2365,.T.);
#1554=FACE_OUTER_BOUND('',#2366,.T.);
#1555=FACE_OUTER_BOUND('',#2367,.T.);
#1556=FACE_OUTER_BOUND('',#2368,.T.);
#1557=FACE_OUTER_BOUND('',#2369,.T.);
#1558=FACE_OUTER_BOUND('',#2370,.T.);
#1559=FACE_OUTER_BOUND('',#2372,.T.);
#1560=FACE_OUTER_BOUND('',#2374,.T.);
#1561=FACE_OUTER_BOUND('',#2375,.T.);
#1562=FACE_OUTER_BOUND('',#2376,.T.);
#1563=FACE_OUTER_BOUND('',#2377,.T.);
#1564=FACE_OUTER_BOUND('',#2378,.T.);
#1565=FACE_OUTER_BOUND('',#2379,.T.);
#1566=FACE_OUTER_BOUND('',#2381,.T.);
#1567=FACE_OUTER_BOUND('',#2383,.T.);
#1568=FACE_OUTER_BOUND('',#2384,.T.);
#1569=FACE_OUTER_BOUND('',#2385,.T.);
#1570=FACE_OUTER_BOUND('',#2386,.T.);
#1571=FACE_OUTER_BOUND('',#2387,.T.);
#1572=FACE_OUTER_BOUND('',#2388,.T.);
#1573=FACE_OUTER_BOUND('',#2390,.T.);
#1574=FACE_OUTER_BOUND('',#2392,.T.);
#1575=FACE_OUTER_BOUND('',#2393,.T.);
#1576=FACE_OUTER_BOUND('',#2394,.T.);
#1577=FACE_OUTER_BOUND('',#2395,.T.);
#1578=FACE_OUTER_BOUND('',#2396,.T.);
#1579=FACE_OUTER_BOUND('',#2397,.T.);
#1580=FACE_OUTER_BOUND('',#2398,.T.);
#1581=FACE_OUTER_BOUND('',#2400,.T.);
#1582=FACE_OUTER_BOUND('',#2402,.T.);
#1583=FACE_OUTER_BOUND('',#2403,.T.);
#1584=FACE_OUTER_BOUND('',#2404,.T.);
#1585=FACE_OUTER_BOUND('',#2405,.T.);
#1586=FACE_OUTER_BOUND('',#2406,.T.);
#1587=FACE_OUTER_BOUND('',#2409,.T.);
#1588=FACE_OUTER_BOUND('',#2410,.T.);
#1589=FACE_OUTER_BOUND('',#2411,.T.);
#1590=FACE_OUTER_BOUND('',#2412,.T.);
#1591=FACE_OUTER_BOUND('',#2414,.T.);
#1592=FACE_OUTER_BOUND('',#2415,.T.);
#1593=FACE_OUTER_BOUND('',#2416,.T.);
#1594=FACE_OUTER_BOUND('',#2417,.T.);
#1595=FACE_OUTER_BOUND('',#2418,.T.);
#1596=FACE_OUTER_BOUND('',#2419,.T.);
#1597=FACE_OUTER_BOUND('',#2420,.T.);
#1598=FACE_OUTER_BOUND('',#2422,.T.);
#1599=FACE_OUTER_BOUND('',#2424,.T.);
#1600=FACE_OUTER_BOUND('',#2425,.T.);
#1601=FACE_OUTER_BOUND('',#2426,.T.);
#1602=FACE_OUTER_BOUND('',#2427,.T.);
#1603=FACE_OUTER_BOUND('',#2428,.T.);
#1604=FACE_OUTER_BOUND('',#2431,.T.);
#1605=FACE_OUTER_BOUND('',#2432,.T.);
#1606=FACE_OUTER_BOUND('',#2433,.T.);
#1607=FACE_OUTER_BOUND('',#2434,.T.);
#1608=FACE_OUTER_BOUND('',#2436,.T.);
#1609=FACE_OUTER_BOUND('',#2437,.T.);
#1610=FACE_OUTER_BOUND('',#2438,.T.);
#1611=FACE_OUTER_BOUND('',#2439,.T.);
#1612=FACE_OUTER_BOUND('',#2440,.T.);
#1613=FACE_OUTER_BOUND('',#2441,.T.);
#1614=FACE_OUTER_BOUND('',#2442,.T.);
#1615=FACE_OUTER_BOUND('',#2443,.T.);
#1616=FACE_OUTER_BOUND('',#2444,.T.);
#1617=FACE_OUTER_BOUND('',#2449,.T.);
#1618=FACE_OUTER_BOUND('',#2454,.T.);
#1619=FACE_OUTER_BOUND('',#2455,.T.);
#1620=FACE_OUTER_BOUND('',#2456,.T.);
#1621=FACE_OUTER_BOUND('',#2457,.T.);
#1622=FACE_OUTER_BOUND('',#2458,.T.);
#1623=FACE_OUTER_BOUND('',#2459,.T.);
#1624=FACE_OUTER_BOUND('',#2460,.T.);
#1625=FACE_OUTER_BOUND('',#2461,.T.);
#1626=FACE_OUTER_BOUND('',#2463,.T.);
#1627=FACE_OUTER_BOUND('',#2464,.T.);
#1628=FACE_OUTER_BOUND('',#2466,.T.);
#1629=FACE_OUTER_BOUND('',#2467,.T.);
#1630=FACE_OUTER_BOUND('',#2468,.T.);
#1631=FACE_OUTER_BOUND('',#2469,.T.);
#1632=FACE_OUTER_BOUND('',#2470,.T.);
#1633=FACE_OUTER_BOUND('',#2471,.T.);
#1634=FACE_OUTER_BOUND('',#2472,.T.);
#1635=FACE_OUTER_BOUND('',#2474,.T.);
#1636=FACE_OUTER_BOUND('',#2476,.T.);
#1637=FACE_OUTER_BOUND('',#2477,.T.);
#1638=FACE_OUTER_BOUND('',#2478,.T.);
#1639=FACE_OUTER_BOUND('',#2479,.T.);
#1640=FACE_OUTER_BOUND('',#2481,.T.);
#1641=FACE_OUTER_BOUND('',#2482,.T.);
#1642=FACE_OUTER_BOUND('',#2483,.T.);
#1643=FACE_OUTER_BOUND('',#2484,.T.);
#1644=FACE_OUTER_BOUND('',#2485,.T.);
#1645=FACE_OUTER_BOUND('',#2486,.T.);
#1646=FACE_OUTER_BOUND('',#2487,.T.);
#1647=FACE_OUTER_BOUND('',#2490,.T.);
#1648=FACE_OUTER_BOUND('',#2492,.T.);
#1649=FACE_OUTER_BOUND('',#2493,.T.);
#1650=FACE_OUTER_BOUND('',#2494,.T.);
#1651=FACE_OUTER_BOUND('',#2495,.T.);
#1652=FACE_OUTER_BOUND('',#2496,.T.);
#1653=FACE_OUTER_BOUND('',#2498,.T.);
#1654=FACE_OUTER_BOUND('',#2499,.T.);
#1655=FACE_OUTER_BOUND('',#2500,.T.);
#1656=FACE_OUTER_BOUND('',#2501,.T.);
#1657=FACE_OUTER_BOUND('',#2502,.T.);
#1658=FACE_OUTER_BOUND('',#2503,.T.);
#1659=FACE_OUTER_BOUND('',#2504,.T.);
#1660=FACE_OUTER_BOUND('',#2507,.T.);
#1661=FACE_OUTER_BOUND('',#2508,.T.);
#1662=FACE_OUTER_BOUND('',#2509,.T.);
#1663=FACE_OUTER_BOUND('',#2511,.T.);
#1664=FACE_OUTER_BOUND('',#2512,.T.);
#1665=FACE_OUTER_BOUND('',#2513,.T.);
#1666=FACE_OUTER_BOUND('',#2514,.T.);
#1667=FACE_OUTER_BOUND('',#2515,.T.);
#1668=FACE_OUTER_BOUND('',#2516,.T.);
#1669=FACE_OUTER_BOUND('',#2517,.T.);
#1670=FACE_OUTER_BOUND('',#2518,.T.);
#1671=FACE_OUTER_BOUND('',#2519,.T.);
#1672=FACE_OUTER_BOUND('',#2520,.T.);
#1673=FACE_OUTER_BOUND('',#2521,.T.);
#1674=FACE_OUTER_BOUND('',#2523,.T.);
#1675=FACE_OUTER_BOUND('',#2525,.T.);
#1676=FACE_OUTER_BOUND('',#2526,.T.);
#1677=FACE_OUTER_BOUND('',#2527,.T.);
#1678=FACE_OUTER_BOUND('',#2529,.T.);
#1679=FACE_OUTER_BOUND('',#2531,.T.);
#1680=FACE_OUTER_BOUND('',#2532,.T.);
#1681=FACE_OUTER_BOUND('',#2533,.T.);
#1682=FACE_OUTER_BOUND('',#2534,.T.);
#1683=FACE_OUTER_BOUND('',#2535,.T.);
#1684=FACE_OUTER_BOUND('',#2536,.T.);
#1685=FACE_OUTER_BOUND('',#2537,.T.);
#1686=FACE_OUTER_BOUND('',#2538,.T.);
#1687=FACE_OUTER_BOUND('',#2539,.T.);
#1688=FACE_OUTER_BOUND('',#2540,.T.);
#1689=FACE_OUTER_BOUND('',#2542,.T.);
#1690=FACE_OUTER_BOUND('',#2543,.T.);
#1691=FACE_OUTER_BOUND('',#2544,.T.);
#1692=FACE_OUTER_BOUND('',#2545,.T.);
#1693=FACE_OUTER_BOUND('',#2546,.T.);
#1694=FACE_OUTER_BOUND('',#2547,.T.);
#1695=FACE_OUTER_BOUND('',#2548,.T.);
#1696=FACE_OUTER_BOUND('',#2549,.T.);
#1697=FACE_OUTER_BOUND('',#2550,.T.);
#1698=FACE_OUTER_BOUND('',#2551,.T.);
#1699=FACE_OUTER_BOUND('',#2552,.T.);
#1700=FACE_OUTER_BOUND('',#2553,.T.);
#1701=FACE_OUTER_BOUND('',#2554,.T.);
#1702=FACE_OUTER_BOUND('',#2555,.T.);
#1703=FACE_OUTER_BOUND('',#2556,.T.);
#1704=FACE_OUTER_BOUND('',#2557,.T.);
#1705=FACE_OUTER_BOUND('',#2558,.T.);
#1706=FACE_OUTER_BOUND('',#2559,.T.);
#1707=FACE_OUTER_BOUND('',#2560,.T.);
#1708=FACE_OUTER_BOUND('',#2561,.T.);
#1709=FACE_OUTER_BOUND('',#2562,.T.);
#1710=FACE_OUTER_BOUND('',#2565,.T.);
#1711=FACE_OUTER_BOUND('',#2568,.T.);
#1712=FACE_OUTER_BOUND('',#2569,.T.);
#1713=FACE_OUTER_BOUND('',#2570,.T.);
#1714=FACE_OUTER_BOUND('',#2571,.T.);
#1715=FACE_OUTER_BOUND('',#2572,.T.);
#1716=FACE_OUTER_BOUND('',#2573,.T.);
#1717=FACE_OUTER_BOUND('',#2574,.T.);
#1718=FACE_OUTER_BOUND('',#2577,.T.);
#1719=FACE_OUTER_BOUND('',#2580,.T.);
#1720=FACE_OUTER_BOUND('',#2581,.T.);
#1721=FACE_OUTER_BOUND('',#2582,.T.);
#1722=FACE_OUTER_BOUND('',#2583,.T.);
#1723=FACE_OUTER_BOUND('',#2584,.T.);
#1724=FACE_OUTER_BOUND('',#2585,.T.);
#1725=FACE_OUTER_BOUND('',#2586,.T.);
#1726=FACE_OUTER_BOUND('',#2587,.T.);
#1727=FACE_OUTER_BOUND('',#2588,.T.);
#1728=FACE_OUTER_BOUND('',#2589,.T.);
#1729=FACE_OUTER_BOUND('',#2590,.T.);
#1730=FACE_OUTER_BOUND('',#2591,.T.);
#1731=FACE_OUTER_BOUND('',#2592,.T.);
#1732=FACE_OUTER_BOUND('',#2593,.T.);
#1733=FACE_OUTER_BOUND('',#2594,.T.);
#1734=FACE_OUTER_BOUND('',#2595,.T.);
#1735=FACE_OUTER_BOUND('',#2596,.T.);
#1736=FACE_OUTER_BOUND('',#2597,.T.);
#1737=FACE_OUTER_BOUND('',#2598,.T.);
#1738=FACE_OUTER_BOUND('',#2599,.T.);
#1739=FACE_OUTER_BOUND('',#2600,.T.);
#1740=FACE_OUTER_BOUND('',#2601,.T.);
#1741=FACE_OUTER_BOUND('',#2603,.T.);
#1742=FACE_OUTER_BOUND('',#2605,.T.);
#1743=FACE_OUTER_BOUND('',#2606,.T.);
#1744=FACE_OUTER_BOUND('',#2607,.T.);
#1745=FACE_OUTER_BOUND('',#2608,.T.);
#1746=FACE_OUTER_BOUND('',#2609,.T.);
#1747=FACE_OUTER_BOUND('',#2610,.T.);
#1748=FACE_OUTER_BOUND('',#2612,.T.);
#1749=FACE_OUTER_BOUND('',#2614,.T.);
#1750=FACE_OUTER_BOUND('',#2615,.T.);
#1751=FACE_OUTER_BOUND('',#2616,.T.);
#1752=FACE_OUTER_BOUND('',#2617,.T.);
#1753=FACE_OUTER_BOUND('',#2618,.T.);
#1754=FACE_OUTER_BOUND('',#2619,.T.);
#1755=FACE_OUTER_BOUND('',#2620,.T.);
#1756=FACE_OUTER_BOUND('',#2621,.T.);
#1757=FACE_OUTER_BOUND('',#2622,.T.);
#1758=FACE_OUTER_BOUND('',#2623,.T.);
#1759=FACE_OUTER_BOUND('',#2624,.T.);
#1760=FACE_OUTER_BOUND('',#2625,.T.);
#1761=FACE_OUTER_BOUND('',#2626,.T.);
#1762=FACE_OUTER_BOUND('',#2627,.T.);
#1763=FACE_OUTER_BOUND('',#2628,.T.);
#1764=FACE_OUTER_BOUND('',#2629,.T.);
#1765=FACE_OUTER_BOUND('',#2631,.T.);
#1766=FACE_OUTER_BOUND('',#2633,.T.);
#1767=FACE_OUTER_BOUND('',#2634,.T.);
#1768=FACE_OUTER_BOUND('',#2635,.T.);
#1769=FACE_OUTER_BOUND('',#2636,.T.);
#1770=FACE_OUTER_BOUND('',#2637,.T.);
#1771=FACE_OUTER_BOUND('',#2638,.T.);
#1772=FACE_OUTER_BOUND('',#2640,.T.);
#1773=FACE_OUTER_BOUND('',#2642,.T.);
#1774=FACE_OUTER_BOUND('',#2643,.T.);
#1775=FACE_OUTER_BOUND('',#2644,.T.);
#1776=FACE_OUTER_BOUND('',#2645,.T.);
#1777=FACE_OUTER_BOUND('',#2646,.T.);
#1778=FACE_OUTER_BOUND('',#2647,.T.);
#1779=FACE_OUTER_BOUND('',#2648,.T.);
#1780=FACE_OUTER_BOUND('',#2649,.T.);
#1781=FACE_OUTER_BOUND('',#2650,.T.);
#1782=FACE_OUTER_BOUND('',#2651,.T.);
#1783=FACE_OUTER_BOUND('',#2652,.T.);
#1784=FACE_OUTER_BOUND('',#2653,.T.);
#1785=FACE_OUTER_BOUND('',#2654,.T.);
#1786=FACE_OUTER_BOUND('',#2655,.T.);
#1787=FACE_OUTER_BOUND('',#2656,.T.);
#1788=FACE_OUTER_BOUND('',#2657,.T.);
#1789=FACE_OUTER_BOUND('',#2658,.T.);
#1790=FACE_OUTER_BOUND('',#2659,.T.);
#1791=FACE_OUTER_BOUND('',#2660,.T.);
#1792=FACE_OUTER_BOUND('',#2661,.T.);
#1793=FACE_OUTER_BOUND('',#2662,.T.);
#1794=FACE_OUTER_BOUND('',#2663,.T.);
#1795=FACE_OUTER_BOUND('',#2664,.T.);
#1796=FACE_OUTER_BOUND('',#2665,.T.);
#1797=FACE_OUTER_BOUND('',#2666,.T.);
#1798=FACE_OUTER_BOUND('',#2672,.T.);
#1799=FACE_OUTER_BOUND('',#2673,.T.);
#1800=FACE_OUTER_BOUND('',#2679,.T.);
#1801=FACE_OUTER_BOUND('',#2680,.T.);
#1802=FACE_OUTER_BOUND('',#2681,.T.);
#1803=FACE_OUTER_BOUND('',#2682,.T.);
#1804=FACE_OUTER_BOUND('',#2683,.T.);
#1805=FACE_OUTER_BOUND('',#2684,.T.);
#1806=FACE_OUTER_BOUND('',#2690,.T.);
#1807=FACE_OUTER_BOUND('',#2691,.T.);
#1808=FACE_OUTER_BOUND('',#2692,.T.);
#1809=FACE_OUTER_BOUND('',#2693,.T.);
#1810=FACE_OUTER_BOUND('',#2694,.T.);
#1811=FACE_OUTER_BOUND('',#2695,.T.);
#1812=FACE_OUTER_BOUND('',#2696,.T.);
#1813=FACE_OUTER_BOUND('',#2697,.T.);
#1814=FACE_OUTER_BOUND('',#2698,.T.);
#1815=FACE_OUTER_BOUND('',#2699,.T.);
#1816=FACE_OUTER_BOUND('',#2700,.T.);
#1817=FACE_OUTER_BOUND('',#2706,.T.);
#1818=FACE_OUTER_BOUND('',#2707,.T.);
#1819=FACE_OUTER_BOUND('',#2710,.T.);
#1820=FACE_OUTER_BOUND('',#2711,.T.);
#1821=FACE_OUTER_BOUND('',#2712,.T.);
#1822=FACE_OUTER_BOUND('',#2713,.T.);
#1823=FACE_OUTER_BOUND('',#2714,.T.);
#1824=FACE_OUTER_BOUND('',#2718,.T.);
#1825=FACE_OUTER_BOUND('',#2722,.T.);
#1826=FACE_OUTER_BOUND('',#2723,.T.);
#1827=FACE_OUTER_BOUND('',#2724,.T.);
#1828=FACE_OUTER_BOUND('',#2725,.T.);
#1829=FACE_OUTER_BOUND('',#2726,.T.);
#1830=FACE_OUTER_BOUND('',#2727,.T.);
#1831=FACE_OUTER_BOUND('',#2728,.T.);
#1832=FACE_OUTER_BOUND('',#2729,.T.);
#1833=FACE_OUTER_BOUND('',#2730,.T.);
#1834=FACE_OUTER_BOUND('',#2731,.T.);
#1835=FACE_OUTER_BOUND('',#2732,.T.);
#1836=FACE_OUTER_BOUND('',#2733,.T.);
#1837=FACE_OUTER_BOUND('',#2734,.T.);
#1838=FACE_OUTER_BOUND('',#2740,.T.);
#1839=FACE_OUTER_BOUND('',#2741,.T.);
#1840=FACE_OUTER_BOUND('',#2747,.T.);
#1841=FACE_OUTER_BOUND('',#2748,.T.);
#1842=FACE_OUTER_BOUND('',#2749,.T.);
#1843=FACE_OUTER_BOUND('',#2750,.T.);
#1844=FACE_OUTER_BOUND('',#2751,.T.);
#1845=FACE_OUTER_BOUND('',#2752,.T.);
#1846=FACE_OUTER_BOUND('',#2758,.T.);
#1847=FACE_OUTER_BOUND('',#2759,.T.);
#1848=FACE_OUTER_BOUND('',#2760,.T.);
#1849=FACE_OUTER_BOUND('',#2761,.T.);
#1850=FACE_OUTER_BOUND('',#2762,.T.);
#1851=FACE_OUTER_BOUND('',#2763,.T.);
#1852=FACE_OUTER_BOUND('',#2764,.T.);
#1853=FACE_OUTER_BOUND('',#2765,.T.);
#1854=FACE_OUTER_BOUND('',#2766,.T.);
#1855=FACE_OUTER_BOUND('',#2767,.T.);
#1856=FACE_OUTER_BOUND('',#2768,.T.);
#1857=FACE_OUTER_BOUND('',#2774,.T.);
#1858=FACE_OUTER_BOUND('',#2775,.T.);
#1859=FACE_OUTER_BOUND('',#2778,.T.);
#1860=FACE_OUTER_BOUND('',#2779,.T.);
#1861=FACE_OUTER_BOUND('',#2780,.T.);
#1862=FACE_OUTER_BOUND('',#2781,.T.);
#1863=FACE_OUTER_BOUND('',#2782,.T.);
#1864=FACE_OUTER_BOUND('',#2786,.T.);
#1865=FACE_OUTER_BOUND('',#2790,.T.);
#1866=FACE_OUTER_BOUND('',#2791,.T.);
#1867=FACE_OUTER_BOUND('',#2792,.T.);
#1868=FACE_OUTER_BOUND('',#2793,.T.);
#1869=FACE_OUTER_BOUND('',#2794,.T.);
#1870=FACE_OUTER_BOUND('',#2795,.T.);
#1871=FACE_OUTER_BOUND('',#2797,.T.);
#1872=FACE_OUTER_BOUND('',#2798,.T.);
#1873=FACE_OUTER_BOUND('',#2800,.T.);
#1874=FACE_OUTER_BOUND('',#2801,.T.);
#1875=FACE_OUTER_BOUND('',#2802,.T.);
#1876=FACE_OUTER_BOUND('',#2803,.T.);
#1877=FACE_OUTER_BOUND('',#2804,.T.);
#1878=FACE_OUTER_BOUND('',#2805,.T.);
#1879=FACE_OUTER_BOUND('',#2806,.T.);
#1880=FACE_OUTER_BOUND('',#2807,.T.);
#1881=FACE_OUTER_BOUND('',#2809,.T.);
#1882=FACE_OUTER_BOUND('',#2810,.T.);
#1883=FACE_OUTER_BOUND('',#2812,.T.);
#1884=FACE_OUTER_BOUND('',#2813,.T.);
#1885=EDGE_LOOP('',(#7373,#7374,#7375,#7376));
#1886=EDGE_LOOP('',(#7377,#7378,#7379,#7380));
#1887=EDGE_LOOP('',(#7381,#7382,#7383,#7384));
#1888=EDGE_LOOP('',(#7385,#7386,#7387,#7388));
#1889=EDGE_LOOP('',(#7389,#7390,#7391,#7392));
#1890=EDGE_LOOP('',(#7393,#7394,#7395,#7396));
#1891=EDGE_LOOP('',(#7397,#7398,#7399,#7400));
#1892=EDGE_LOOP('',(#7401,#7402,#7403,#7404));
#1893=EDGE_LOOP('',(#7405,#7406,#7407,#7408));
#1894=EDGE_LOOP('',(#7409,#7410,#7411,#7412));
#1895=EDGE_LOOP('',(#7413,#7414,#7415,#7416));
#1896=EDGE_LOOP('',(#7417,#7418,#7419,#7420));
#1897=EDGE_LOOP('',(#7421,#7422,#7423,#7424));
#1898=EDGE_LOOP('',(#7425,#7426,#7427,#7428));
#1899=EDGE_LOOP('',(#7429,#7430,#7431,#7432));
#1900=EDGE_LOOP('',(#7433,#7434,#7435,#7436));
#1901=EDGE_LOOP('',(#7437,#7438,#7439,#7440));
#1902=EDGE_LOOP('',(#7441,#7442,#7443,#7444));
#1903=EDGE_LOOP('',(#7445,#7446,#7447,#7448));
#1904=EDGE_LOOP('',(#7449,#7450,#7451,#7452));
#1905=EDGE_LOOP('',(#7453,#7454,#7455,#7456));
#1906=EDGE_LOOP('',(#7457,#7458,#7459,#7460));
#1907=EDGE_LOOP('',(#7461,#7462,#7463,#7464));
#1908=EDGE_LOOP('',(#7465,#7466,#7467,#7468));
#1909=EDGE_LOOP('',(#7469,#7470,#7471,#7472));
#1910=EDGE_LOOP('',(#7473,#7474,#7475,#7476));
#1911=EDGE_LOOP('',(#7477,#7478,#7479,#7480));
#1912=EDGE_LOOP('',(#7481,#7482,#7483,#7484));
#1913=EDGE_LOOP('',(#7485,#7486,#7487,#7488));
#1914=EDGE_LOOP('',(#7489,#7490,#7491,#7492));
#1915=EDGE_LOOP('',(#7493,#7494,#7495,#7496));
#1916=EDGE_LOOP('',(#7497,#7498,#7499,#7500));
#1917=EDGE_LOOP('',(#7501,#7502,#7503,#7504));
#1918=EDGE_LOOP('',(#7505,#7506,#7507,#7508));
#1919=EDGE_LOOP('',(#7509,#7510,#7511,#7512));
#1920=EDGE_LOOP('',(#7513,#7514,#7515,#7516));
#1921=EDGE_LOOP('',(#7517,#7518,#7519,#7520));
#1922=EDGE_LOOP('',(#7521,#7522,#7523,#7524));
#1923=EDGE_LOOP('',(#7525,#7526,#7527,#7528));
#1924=EDGE_LOOP('',(#7529,#7530,#7531,#7532));
#1925=EDGE_LOOP('',(#7533,#7534,#7535,#7536));
#1926=EDGE_LOOP('',(#7537,#7538,#7539,#7540));
#1927=EDGE_LOOP('',(#7541,#7542,#7543,#7544));
#1928=EDGE_LOOP('',(#7545,#7546,#7547,#7548));
#1929=EDGE_LOOP('',(#7549,#7550,#7551,#7552));
#1930=EDGE_LOOP('',(#7553,#7554,#7555,#7556));
#1931=EDGE_LOOP('',(#7557,#7558,#7559,#7560));
#1932=EDGE_LOOP('',(#7561,#7562,#7563,#7564));
#1933=EDGE_LOOP('',(#7565,#7566,#7567,#7568));
#1934=EDGE_LOOP('',(#7569,#7570,#7571,#7572));
#1935=EDGE_LOOP('',(#7573,#7574,#7575,#7576));
#1936=EDGE_LOOP('',(#7577,#7578,#7579,#7580));
#1937=EDGE_LOOP('',(#7581,#7582,#7583,#7584));
#1938=EDGE_LOOP('',(#7585,#7586,#7587,#7588));
#1939=EDGE_LOOP('',(#7589,#7590,#7591,#7592));
#1940=EDGE_LOOP('',(#7593,#7594,#7595,#7596));
#1941=EDGE_LOOP('',(#7597,#7598,#7599,#7600));
#1942=EDGE_LOOP('',(#7601,#7602,#7603,#7604));
#1943=EDGE_LOOP('',(#7605,#7606,#7607,#7608));
#1944=EDGE_LOOP('',(#7609,#7610,#7611,#7612));
#1945=EDGE_LOOP('',(#7613,#7614,#7615,#7616));
#1946=EDGE_LOOP('',(#7617,#7618,#7619,#7620));
#1947=EDGE_LOOP('',(#7621,#7622,#7623,#7624));
#1948=EDGE_LOOP('',(#7625,#7626,#7627,#7628));
#1949=EDGE_LOOP('',(#7629,#7630,#7631,#7632));
#1950=EDGE_LOOP('',(#7633,#7634,#7635,#7636,#7637,#7638,#7639,#7640,#7641,
#7642,#7643,#7644));
#1951=EDGE_LOOP('',(#7645));
#1952=EDGE_LOOP('',(#7646));
#1953=EDGE_LOOP('',(#7647));
#1954=EDGE_LOOP('',(#7648));
#1955=EDGE_LOOP('',(#7649));
#1956=EDGE_LOOP('',(#7650));
#1957=EDGE_LOOP('',(#7651));
#1958=EDGE_LOOP('',(#7652));
#1959=EDGE_LOOP('',(#7653,#7654,#7655,#7656));
#1960=EDGE_LOOP('',(#7657,#7658,#7659,#7660));
#1961=EDGE_LOOP('',(#7661));
#1962=EDGE_LOOP('',(#7662));
#1963=EDGE_LOOP('',(#7663,#7664));
#1964=EDGE_LOOP('',(#7665));
#1965=EDGE_LOOP('',(#7666));
#1966=EDGE_LOOP('',(#7667,#7668));
#1967=EDGE_LOOP('',(#7669));
#1968=EDGE_LOOP('',(#7670));
#1969=EDGE_LOOP('',(#7671));
#1970=EDGE_LOOP('',(#7672));
#1971=EDGE_LOOP('',(#7673));
#1972=EDGE_LOOP('',(#7674));
#1973=EDGE_LOOP('',(#7675));
#1974=EDGE_LOOP('',(#7676));
#1975=EDGE_LOOP('',(#7677));
#1976=EDGE_LOOP('',(#7678,#7679));
#1977=EDGE_LOOP('',(#7680,#7681));
#1978=EDGE_LOOP('',(#7682));
#1979=EDGE_LOOP('',(#7683));
#1980=EDGE_LOOP('',(#7684));
#1981=EDGE_LOOP('',(#7685));
#1982=EDGE_LOOP('',(#7686));
#1983=EDGE_LOOP('',(#7687,#7688,#7689,#7690));
#1984=EDGE_LOOP('',(#7691,#7692,#7693,#7694));
#1985=EDGE_LOOP('',(#7695));
#1986=EDGE_LOOP('',(#7696));
#1987=EDGE_LOOP('',(#7697));
#1988=EDGE_LOOP('',(#7698));
#1989=EDGE_LOOP('',(#7699));
#1990=EDGE_LOOP('',(#7700));
#1991=EDGE_LOOP('',(#7701));
#1992=EDGE_LOOP('',(#7702));
#1993=EDGE_LOOP('',(#7703));
#1994=EDGE_LOOP('',(#7704));
#1995=EDGE_LOOP('',(#7705));
#1996=EDGE_LOOP('',(#7706));
#1997=EDGE_LOOP('',(#7707,#7708,#7709,#7710));
#1998=EDGE_LOOP('',(#7711,#7712,#7713,#7714));
#1999=EDGE_LOOP('',(#7715,#7716,#7717,#7718));
#2000=EDGE_LOOP('',(#7719,#7720,#7721,#7722));
#2001=EDGE_LOOP('',(#7723,#7724,#7725,#7726,#7727,#7728,#7729,#7730,#7731,
#7732,#7733,#7734));
#2002=EDGE_LOOP('',(#7735,#7736));
#2003=EDGE_LOOP('',(#7737,#7738));
#2004=EDGE_LOOP('',(#7739));
#2005=EDGE_LOOP('',(#7740));
#2006=EDGE_LOOP('',(#7741));
#2007=EDGE_LOOP('',(#7742));
#2008=EDGE_LOOP('',(#7743));
#2009=EDGE_LOOP('',(#7744));
#2010=EDGE_LOOP('',(#7745));
#2011=EDGE_LOOP('',(#7746));
#2012=EDGE_LOOP('',(#7747,#7748,#7749,#7750));
#2013=EDGE_LOOP('',(#7751,#7752,#7753,#7754));
#2014=EDGE_LOOP('',(#7755));
#2015=EDGE_LOOP('',(#7756));
#2016=EDGE_LOOP('',(#7757));
#2017=EDGE_LOOP('',(#7758));
#2018=EDGE_LOOP('',(#7759));
#2019=EDGE_LOOP('',(#7760));
#2020=EDGE_LOOP('',(#7761));
#2021=EDGE_LOOP('',(#7762));
#2022=EDGE_LOOP('',(#7763));
#2023=EDGE_LOOP('',(#7764));
#2024=EDGE_LOOP('',(#7765));
#2025=EDGE_LOOP('',(#7766));
#2026=EDGE_LOOP('',(#7767));
#2027=EDGE_LOOP('',(#7768));
#2028=EDGE_LOOP('',(#7769));
#2029=EDGE_LOOP('',(#7770));
#2030=EDGE_LOOP('',(#7771));
#2031=EDGE_LOOP('',(#7772));
#2032=EDGE_LOOP('',(#7773,#7774,#7775,#7776));
#2033=EDGE_LOOP('',(#7777,#7778,#7779,#7780));
#2034=EDGE_LOOP('',(#7781));
#2035=EDGE_LOOP('',(#7782));
#2036=EDGE_LOOP('',(#7783));
#2037=EDGE_LOOP('',(#7784));
#2038=EDGE_LOOP('',(#7785));
#2039=EDGE_LOOP('',(#7786));
#2040=EDGE_LOOP('',(#7787));
#2041=EDGE_LOOP('',(#7788));
#2042=EDGE_LOOP('',(#7789,#7790));
#2043=EDGE_LOOP('',(#7791,#7792));
#2044=EDGE_LOOP('',(#7793));
#2045=EDGE_LOOP('',(#7794));
#2046=EDGE_LOOP('',(#7795));
#2047=EDGE_LOOP('',(#7796));
#2048=EDGE_LOOP('',(#7797,#7798,#7799,#7800));
#2049=EDGE_LOOP('',(#7801,#7802,#7803,#7804));
#2050=EDGE_LOOP('',(#7805,#7806,#7807,#7808));
#2051=EDGE_LOOP('',(#7809,#7810,#7811,#7812));
#2052=EDGE_LOOP('',(#7813,#7814,#7815,#7816));
#2053=EDGE_LOOP('',(#7817,#7818,#7819,#7820));
#2054=EDGE_LOOP('',(#7821,#7822,#7823,#7824));
#2055=EDGE_LOOP('',(#7825,#7826,#7827,#7828));
#2056=EDGE_LOOP('',(#7829,#7830,#7831,#7832));
#2057=EDGE_LOOP('',(#7833,#7834,#7835,#7836));
#2058=EDGE_LOOP('',(#7837,#7838,#7839,#7840));
#2059=EDGE_LOOP('',(#7841,#7842,#7843,#7844));
#2060=EDGE_LOOP('',(#7845,#7846,#7847,#7848,#7849,#7850,#7851,#7852));
#2061=EDGE_LOOP('',(#7853));
#2062=EDGE_LOOP('',(#7854));
#2063=EDGE_LOOP('',(#7855));
#2064=EDGE_LOOP('',(#7856));
#2065=EDGE_LOOP('',(#7857,#7858,#7859,#7860));
#2066=EDGE_LOOP('',(#7861,#7862,#7863,#7864));
#2067=EDGE_LOOP('',(#7865,#7866,#7867,#7868));
#2068=EDGE_LOOP('',(#7869,#7870,#7871,#7872));
#2069=EDGE_LOOP('',(#7873,#7874,#7875,#7876));
#2070=EDGE_LOOP('',(#7877,#7878,#7879,#7880,#7881,#7882,#7883,#7884));
#2071=EDGE_LOOP('',(#7885));
#2072=EDGE_LOOP('',(#7886));
#2073=EDGE_LOOP('',(#7887));
#2074=EDGE_LOOP('',(#7888));
#2075=EDGE_LOOP('',(#7889,#7890,#7891,#7892));
#2076=EDGE_LOOP('',(#7893,#7894,#7895,#7896));
#2077=EDGE_LOOP('',(#7897,#7898,#7899,#7900));
#2078=EDGE_LOOP('',(#7901,#7902,#7903,#7904));
#2079=EDGE_LOOP('',(#7905,#7906,#7907,#7908));
#2080=EDGE_LOOP('',(#7909,#7910,#7911,#7912));
#2081=EDGE_LOOP('',(#7913,#7914,#7915,#7916));
#2082=EDGE_LOOP('',(#7917,#7918,#7919,#7920,#7921,#7922,#7923,#7924));
#2083=EDGE_LOOP('',(#7925));
#2084=EDGE_LOOP('',(#7926));
#2085=EDGE_LOOP('',(#7927));
#2086=EDGE_LOOP('',(#7928));
#2087=EDGE_LOOP('',(#7929,#7930,#7931,#7932));
#2088=EDGE_LOOP('',(#7933,#7934,#7935,#7936));
#2089=EDGE_LOOP('',(#7937,#7938,#7939,#7940));
#2090=EDGE_LOOP('',(#7941,#7942,#7943,#7944));
#2091=EDGE_LOOP('',(#7945,#7946,#7947,#7948));
#2092=EDGE_LOOP('',(#7949,#7950,#7951,#7952,#7953,#7954,#7955,#7956));
#2093=EDGE_LOOP('',(#7957));
#2094=EDGE_LOOP('',(#7958));
#2095=EDGE_LOOP('',(#7959));
#2096=EDGE_LOOP('',(#7960));
#2097=EDGE_LOOP('',(#7961,#7962,#7963,#7964));
#2098=EDGE_LOOP('',(#7965,#7966,#7967,#7968));
#2099=EDGE_LOOP('',(#7969,#7970,#7971,#7972));
#2100=EDGE_LOOP('',(#7973,#7974,#7975,#7976));
#2101=EDGE_LOOP('',(#7977,#7978,#7979,#7980));
#2102=EDGE_LOOP('',(#7981,#7982,#7983,#7984));
#2103=EDGE_LOOP('',(#7985,#7986,#7987,#7988));
#2104=EDGE_LOOP('',(#7989,#7990,#7991,#7992));
#2105=EDGE_LOOP('',(#7993,#7994,#7995,#7996));
#2106=EDGE_LOOP('',(#7997,#7998,#7999,#8000));
#2107=EDGE_LOOP('',(#8001,#8002,#8003,#8004));
#2108=EDGE_LOOP('',(#8005,#8006,#8007,#8008));
#2109=EDGE_LOOP('',(#8009));
#2110=EDGE_LOOP('',(#8010));
#2111=EDGE_LOOP('',(#8011));
#2112=EDGE_LOOP('',(#8012));
#2113=EDGE_LOOP('',(#8013));
#2114=EDGE_LOOP('',(#8014));
#2115=EDGE_LOOP('',(#8015));
#2116=EDGE_LOOP('',(#8016,#8017,#8018,#8019));
#2117=EDGE_LOOP('',(#8020));
#2118=EDGE_LOOP('',(#8021));
#2119=EDGE_LOOP('',(#8022));
#2120=EDGE_LOOP('',(#8023));
#2121=EDGE_LOOP('',(#8024));
#2122=EDGE_LOOP('',(#8025));
#2123=EDGE_LOOP('',(#8026));
#2124=EDGE_LOOP('',(#8027,#8028));
#2125=EDGE_LOOP('',(#8029,#8030));
#2126=EDGE_LOOP('',(#8031,#8032,#8033,#8034));
#2127=EDGE_LOOP('',(#8035));
#2128=EDGE_LOOP('',(#8036));
#2129=EDGE_LOOP('',(#8037,#8038,#8039,#8040));
#2130=EDGE_LOOP('',(#8041,#8042));
#2131=EDGE_LOOP('',(#8043,#8044,#8045,#8046));
#2132=EDGE_LOOP('',(#8047,#8048,#8049));
#2133=EDGE_LOOP('',(#8050,#8051,#8052,#8053));
#2134=EDGE_LOOP('',(#8054,#8055,#8056,#8057));
#2135=EDGE_LOOP('',(#8058,#8059,#8060,#8061));
#2136=EDGE_LOOP('',(#8062,#8063,#8064,#8065));
#2137=EDGE_LOOP('',(#8066));
#2138=EDGE_LOOP('',(#8067));
#2139=EDGE_LOOP('',(#8068,#8069,#8070,#8071));
#2140=EDGE_LOOP('',(#8072,#8073,#8074));
#2141=EDGE_LOOP('',(#8075,#8076,#8077));
#2142=EDGE_LOOP('',(#8078,#8079,#8080));
#2143=EDGE_LOOP('',(#8081,#8082));
#2144=EDGE_LOOP('',(#8083,#8084));
#2145=EDGE_LOOP('',(#8085,#8086,#8087,#8088));
#2146=EDGE_LOOP('',(#8089,#8090));
#2147=EDGE_LOOP('',(#8091,#8092,#8093,#8094));
#2148=EDGE_LOOP('',(#8095));
#2149=EDGE_LOOP('',(#8096));
#2150=EDGE_LOOP('',(#8097,#8098,#8099,#8100));
#2151=EDGE_LOOP('',(#8101,#8102,#8103));
#2152=EDGE_LOOP('',(#8104,#8105,#8106,#8107));
#2153=EDGE_LOOP('',(#8108,#8109,#8110,#8111));
#2154=EDGE_LOOP('',(#8112,#8113,#8114,#8115));
#2155=EDGE_LOOP('',(#8116));
#2156=EDGE_LOOP('',(#8117));
#2157=EDGE_LOOP('',(#8118,#8119,#8120,#8121));
#2158=EDGE_LOOP('',(#8122,#8123,#8124,#8125));
#2159=EDGE_LOOP('',(#8126,#8127,#8128));
#2160=EDGE_LOOP('',(#8129,#8130,#8131));
#2161=EDGE_LOOP('',(#8132,#8133,#8134));
#2162=EDGE_LOOP('',(#8135,#8136,#8137,#8138,#8139,#8140,#8141));
#2163=EDGE_LOOP('',(#8142,#8143,#8144,#8145));
#2164=EDGE_LOOP('',(#8146));
#2165=EDGE_LOOP('',(#8147,#8148,#8149,#8150));
#2166=EDGE_LOOP('',(#8151));
#2167=EDGE_LOOP('',(#8152,#8153,#8154,#8155,#8156,#8157,#8158,#8159,#8160));
#2168=EDGE_LOOP('',(#8161,#8162));
#2169=EDGE_LOOP('',(#8163));
#2170=EDGE_LOOP('',(#8164));
#2171=EDGE_LOOP('',(#8165));
#2172=EDGE_LOOP('',(#8166));
#2173=EDGE_LOOP('',(#8167,#8168,#8169,#8170));
#2174=EDGE_LOOP('',(#8171,#8172,#8173,#8174));
#2175=EDGE_LOOP('',(#8175,#8176,#8177,#8178,#8179,#8180,#8181));
#2176=EDGE_LOOP('',(#8182,#8183,#8184,#8185));
#2177=EDGE_LOOP('',(#8186));
#2178=EDGE_LOOP('',(#8187,#8188,#8189,#8190));
#2179=EDGE_LOOP('',(#8191));
#2180=EDGE_LOOP('',(#8192,#8193,#8194,#8195,#8196,#8197,#8198,#8199,#8200));
#2181=EDGE_LOOP('',(#8201));
#2182=EDGE_LOOP('',(#8202));
#2183=EDGE_LOOP('',(#8203));
#2184=EDGE_LOOP('',(#8204));
#2185=EDGE_LOOP('',(#8205,#8206));
#2186=EDGE_LOOP('',(#8207));
#2187=EDGE_LOOP('',(#8208));
#2188=EDGE_LOOP('',(#8209));
#2189=EDGE_LOOP('',(#8210));
#2190=EDGE_LOOP('',(#8211,#8212,#8213,#8214,#8215,#8216,#8217));
#2191=EDGE_LOOP('',(#8218,#8219,#8220,#8221));
#2192=EDGE_LOOP('',(#8222));
#2193=EDGE_LOOP('',(#8223,#8224,#8225,#8226));
#2194=EDGE_LOOP('',(#8227));
#2195=EDGE_LOOP('',(#8228,#8229,#8230,#8231,#8232,#8233,#8234,#8235,#8236));
#2196=EDGE_LOOP('',(#8237,#8238));
#2197=EDGE_LOOP('',(#8239));
#2198=EDGE_LOOP('',(#8240));
#2199=EDGE_LOOP('',(#8241));
#2200=EDGE_LOOP('',(#8242));
#2201=EDGE_LOOP('',(#8243,#8244,#8245,#8246,#8247,#8248,#8249));
#2202=EDGE_LOOP('',(#8250,#8251,#8252,#8253));
#2203=EDGE_LOOP('',(#8254));
#2204=EDGE_LOOP('',(#8255,#8256,#8257,#8258));
#2205=EDGE_LOOP('',(#8259));
#2206=EDGE_LOOP('',(#8260,#8261,#8262,#8263,#8264,#8265,#8266,#8267,#8268));
#2207=EDGE_LOOP('',(#8269,#8270));
#2208=EDGE_LOOP('',(#8271));
#2209=EDGE_LOOP('',(#8272));
#2210=EDGE_LOOP('',(#8273));
#2211=EDGE_LOOP('',(#8274));
#2212=EDGE_LOOP('',(#8275,#8276,#8277,#8278));
#2213=EDGE_LOOP('',(#8279,#8280,#8281,#8282));
#2214=EDGE_LOOP('',(#8283,#8284,#8285,#8286));
#2215=EDGE_LOOP('',(#8287));
#2216=EDGE_LOOP('',(#8288,#8289,#8290,#8291));
#2217=EDGE_LOOP('',(#8292));
#2218=EDGE_LOOP('',(#8293));
#2219=EDGE_LOOP('',(#8294));
#2220=EDGE_LOOP('',(#8295));
#2221=EDGE_LOOP('',(#8296,#8297,#8298,#8299));
#2222=EDGE_LOOP('',(#8300));
#2223=EDGE_LOOP('',(#8301));
#2224=EDGE_LOOP('',(#8302));
#2225=EDGE_LOOP('',(#8303));
#2226=EDGE_LOOP('',(#8304));
#2227=EDGE_LOOP('',(#8305,#8306,#8307,#8308));
#2228=EDGE_LOOP('',(#8309,#8310,#8311,#8312));
#2229=EDGE_LOOP('',(#8313,#8314,#8315,#8316));
#2230=EDGE_LOOP('',(#8317));
#2231=EDGE_LOOP('',(#8318,#8319,#8320,#8321));
#2232=EDGE_LOOP('',(#8322));
#2233=EDGE_LOOP('',(#8323));
#2234=EDGE_LOOP('',(#8324));
#2235=EDGE_LOOP('',(#8325));
#2236=EDGE_LOOP('',(#8326,#8327,#8328,#8329));
#2237=EDGE_LOOP('',(#8330));
#2238=EDGE_LOOP('',(#8331));
#2239=EDGE_LOOP('',(#8332));
#2240=EDGE_LOOP('',(#8333));
#2241=EDGE_LOOP('',(#8334));
#2242=EDGE_LOOP('',(#8335,#8336,#8337,#8338));
#2243=EDGE_LOOP('',(#8339,#8340,#8341,#8342));
#2244=EDGE_LOOP('',(#8343,#8344,#8345,#8346));
#2245=EDGE_LOOP('',(#8347,#8348,#8349,#8350));
#2246=EDGE_LOOP('',(#8351,#8352,#8353,#8354));
#2247=EDGE_LOOP('',(#8355,#8356,#8357,#8358));
#2248=EDGE_LOOP('',(#8359,#8360,#8361,#8362));
#2249=EDGE_LOOP('',(#8363,#8364,#8365,#8366));
#2250=EDGE_LOOP('',(#8367,#8368,#8369,#8370));
#2251=EDGE_LOOP('',(#8371,#8372,#8373,#8374));
#2252=EDGE_LOOP('',(#8375,#8376,#8377,#8378));
#2253=EDGE_LOOP('',(#8379,#8380,#8381,#8382));
#2254=EDGE_LOOP('',(#8383,#8384,#8385,#8386));
#2255=EDGE_LOOP('',(#8387,#8388,#8389,#8390));
#2256=EDGE_LOOP('',(#8391,#8392,#8393,#8394));
#2257=EDGE_LOOP('',(#8395,#8396,#8397,#8398));
#2258=EDGE_LOOP('',(#8399,#8400,#8401,#8402));
#2259=EDGE_LOOP('',(#8403,#8404,#8405,#8406));
#2260=EDGE_LOOP('',(#8407,#8408,#8409,#8410));
#2261=EDGE_LOOP('',(#8411,#8412,#8413,#8414));
#2262=EDGE_LOOP('',(#8415,#8416,#8417,#8418));
#2263=EDGE_LOOP('',(#8419,#8420,#8421,#8422));
#2264=EDGE_LOOP('',(#8423,#8424,#8425,#8426));
#2265=EDGE_LOOP('',(#8427,#8428,#8429,#8430));
#2266=EDGE_LOOP('',(#8431,#8432,#8433,#8434));
#2267=EDGE_LOOP('',(#8435));
#2268=EDGE_LOOP('',(#8436));
#2269=EDGE_LOOP('',(#8437,#8438,#8439,#8440));
#2270=EDGE_LOOP('',(#8441));
#2271=EDGE_LOOP('',(#8442));
#2272=EDGE_LOOP('',(#8443,#8444,#8445,#8446));
#2273=EDGE_LOOP('',(#8447,#8448,#8449,#8450));
#2274=EDGE_LOOP('',(#8451,#8452,#8453,#8454));
#2275=EDGE_LOOP('',(#8455,#8456,#8457,#8458));
#2276=EDGE_LOOP('',(#8459,#8460,#8461,#8462));
#2277=EDGE_LOOP('',(#8463,#8464,#8465,#8466));
#2278=EDGE_LOOP('',(#8467,#8468,#8469,#8470));
#2279=EDGE_LOOP('',(#8471,#8472,#8473,#8474));
#2280=EDGE_LOOP('',(#8475,#8476,#8477,#8478));
#2281=EDGE_LOOP('',(#8479,#8480,#8481,#8482));
#2282=EDGE_LOOP('',(#8483,#8484,#8485,#8486));
#2283=EDGE_LOOP('',(#8487));
#2284=EDGE_LOOP('',(#8488));
#2285=EDGE_LOOP('',(#8489));
#2286=EDGE_LOOP('',(#8490));
#2287=EDGE_LOOP('',(#8491,#8492,#8493,#8494));
#2288=EDGE_LOOP('',(#8495,#8496,#8497,#8498));
#2289=EDGE_LOOP('',(#8499));
#2290=EDGE_LOOP('',(#8500));
#2291=EDGE_LOOP('',(#8501));
#2292=EDGE_LOOP('',(#8502));
#2293=EDGE_LOOP('',(#8503,#8504,#8505,#8506));
#2294=EDGE_LOOP('',(#8507,#8508,#8509,#8510));
#2295=EDGE_LOOP('',(#8511,#8512,#8513,#8514));
#2296=EDGE_LOOP('',(#8515,#8516,#8517,#8518));
#2297=EDGE_LOOP('',(#8519,#8520,#8521,#8522));
#2298=EDGE_LOOP('',(#8523,#8524,#8525,#8526));
#2299=EDGE_LOOP('',(#8527,#8528,#8529,#8530));
#2300=EDGE_LOOP('',(#8531,#8532,#8533,#8534));
#2301=EDGE_LOOP('',(#8535,#8536,#8537,#8538));
#2302=EDGE_LOOP('',(#8539,#8540,#8541,#8542));
#2303=EDGE_LOOP('',(#8543,#8544,#8545,#8546));
#2304=EDGE_LOOP('',(#8547,#8548,#8549,#8550));
#2305=EDGE_LOOP('',(#8551,#8552,#8553,#8554));
#2306=EDGE_LOOP('',(#8555,#8556,#8557,#8558));
#2307=EDGE_LOOP('',(#8559,#8560,#8561,#8562));
#2308=EDGE_LOOP('',(#8563,#8564,#8565,#8566));
#2309=EDGE_LOOP('',(#8567,#8568,#8569,#8570));
#2310=EDGE_LOOP('',(#8571,#8572,#8573,#8574));
#2311=EDGE_LOOP('',(#8575,#8576,#8577,#8578));
#2312=EDGE_LOOP('',(#8579,#8580,#8581,#8582));
#2313=EDGE_LOOP('',(#8583,#8584,#8585,#8586));
#2314=EDGE_LOOP('',(#8587,#8588,#8589,#8590));
#2315=EDGE_LOOP('',(#8591));
#2316=EDGE_LOOP('',(#8592));
#2317=EDGE_LOOP('',(#8593));
#2318=EDGE_LOOP('',(#8594));
#2319=EDGE_LOOP('',(#8595,#8596,#8597,#8598));
#2320=EDGE_LOOP('',(#8599,#8600,#8601,#8602));
#2321=EDGE_LOOP('',(#8603,#8604,#8605,#8606));
#2322=EDGE_LOOP('',(#8607));
#2323=EDGE_LOOP('',(#8608));
#2324=EDGE_LOOP('',(#8609));
#2325=EDGE_LOOP('',(#8610));
#2326=EDGE_LOOP('',(#8611,#8612,#8613,#8614));
#2327=EDGE_LOOP('',(#8615,#8616,#8617,#8618));
#2328=EDGE_LOOP('',(#8619,#8620,#8621,#8622));
#2329=EDGE_LOOP('',(#8623,#8624,#8625,#8626));
#2330=EDGE_LOOP('',(#8627,#8628,#8629,#8630));
#2331=EDGE_LOOP('',(#8631,#8632,#8633,#8634));
#2332=EDGE_LOOP('',(#8635,#8636,#8637,#8638));
#2333=EDGE_LOOP('',(#8639,#8640,#8641,#8642));
#2334=EDGE_LOOP('',(#8643,#8644,#8645,#8646));
#2335=EDGE_LOOP('',(#8647,#8648,#8649,#8650));
#2336=EDGE_LOOP('',(#8651,#8652,#8653,#8654));
#2337=EDGE_LOOP('',(#8655,#8656,#8657,#8658));
#2338=EDGE_LOOP('',(#8659,#8660,#8661,#8662));
#2339=EDGE_LOOP('',(#8663));
#2340=EDGE_LOOP('',(#8664,#8665,#8666,#8667));
#2341=EDGE_LOOP('',(#8668));
#2342=EDGE_LOOP('',(#8669,#8670,#8671,#8672));
#2343=EDGE_LOOP('',(#8673));
#2344=EDGE_LOOP('',(#8674));
#2345=EDGE_LOOP('',(#8675));
#2346=EDGE_LOOP('',(#8676));
#2347=EDGE_LOOP('',(#8677,#8678,#8679,#8680));
#2348=EDGE_LOOP('',(#8681));
#2349=EDGE_LOOP('',(#8682,#8683,#8684,#8685));
#2350=EDGE_LOOP('',(#8686));
#2351=EDGE_LOOP('',(#8687,#8688,#8689,#8690));
#2352=EDGE_LOOP('',(#8691));
#2353=EDGE_LOOP('',(#8692));
#2354=EDGE_LOOP('',(#8693));
#2355=EDGE_LOOP('',(#8694));
#2356=EDGE_LOOP('',(#8695,#8696,#8697,#8698));
#2357=EDGE_LOOP('',(#8699));
#2358=EDGE_LOOP('',(#8700,#8701,#8702,#8703));
#2359=EDGE_LOOP('',(#8704));
#2360=EDGE_LOOP('',(#8705,#8706,#8707,#8708));
#2361=EDGE_LOOP('',(#8709));
#2362=EDGE_LOOP('',(#8710));
#2363=EDGE_LOOP('',(#8711));
#2364=EDGE_LOOP('',(#8712));
#2365=EDGE_LOOP('',(#8713,#8714,#8715,#8716));
#2366=EDGE_LOOP('',(#8717));
#2367=EDGE_LOOP('',(#8718,#8719,#8720,#8721));
#2368=EDGE_LOOP('',(#8722));
#2369=EDGE_LOOP('',(#8723,#8724,#8725,#8726));
#2370=EDGE_LOOP('',(#8727));
#2371=EDGE_LOOP('',(#8728));
#2372=EDGE_LOOP('',(#8729));
#2373=EDGE_LOOP('',(#8730));
#2374=EDGE_LOOP('',(#8731,#8732,#8733,#8734));
#2375=EDGE_LOOP('',(#8735));
#2376=EDGE_LOOP('',(#8736,#8737,#8738,#8739));
#2377=EDGE_LOOP('',(#8740));
#2378=EDGE_LOOP('',(#8741,#8742,#8743,#8744));
#2379=EDGE_LOOP('',(#8745));
#2380=EDGE_LOOP('',(#8746));
#2381=EDGE_LOOP('',(#8747));
#2382=EDGE_LOOP('',(#8748));
#2383=EDGE_LOOP('',(#8749,#8750,#8751,#8752));
#2384=EDGE_LOOP('',(#8753));
#2385=EDGE_LOOP('',(#8754,#8755,#8756,#8757));
#2386=EDGE_LOOP('',(#8758));
#2387=EDGE_LOOP('',(#8759,#8760,#8761,#8762));
#2388=EDGE_LOOP('',(#8763));
#2389=EDGE_LOOP('',(#8764));
#2390=EDGE_LOOP('',(#8765));
#2391=EDGE_LOOP('',(#8766));
#2392=EDGE_LOOP('',(#8767,#8768,#8769,#8770));
#2393=EDGE_LOOP('',(#8771,#8772,#8773,#8774));
#2394=EDGE_LOOP('',(#8775,#8776,#8777,#8778));
#2395=EDGE_LOOP('',(#8779,#8780,#8781,#8782));
#2396=EDGE_LOOP('',(#8783,#8784,#8785,#8786));
#2397=EDGE_LOOP('',(#8787,#8788,#8789,#8790,#8791,#8792,#8793,#8794));
#2398=EDGE_LOOP('',(#8795,#8796,#8797,#8798));
#2399=EDGE_LOOP('',(#8799));
#2400=EDGE_LOOP('',(#8800,#8801,#8802,#8803));
#2401=EDGE_LOOP('',(#8804));
#2402=EDGE_LOOP('',(#8805,#8806,#8807,#8808));
#2403=EDGE_LOOP('',(#8809,#8810,#8811,#8812));
#2404=EDGE_LOOP('',(#8813,#8814,#8815,#8816));
#2405=EDGE_LOOP('',(#8817,#8818,#8819,#8820));
#2406=EDGE_LOOP('',(#8821,#8822,#8823,#8824));
#2407=EDGE_LOOP('',(#8825));
#2408=EDGE_LOOP('',(#8826));
#2409=EDGE_LOOP('',(#8827,#8828,#8829,#8830));
#2410=EDGE_LOOP('',(#8831,#8832,#8833,#8834,#8835,#8836,#8837,#8838));
#2411=EDGE_LOOP('',(#8839,#8840,#8841,#8842));
#2412=EDGE_LOOP('',(#8843,#8844,#8845,#8846));
#2413=EDGE_LOOP('',(#8847,#8848,#8849,#8850));
#2414=EDGE_LOOP('',(#8851,#8852,#8853,#8854));
#2415=EDGE_LOOP('',(#8855,#8856,#8857,#8858));
#2416=EDGE_LOOP('',(#8859,#8860,#8861,#8862));
#2417=EDGE_LOOP('',(#8863,#8864,#8865,#8866));
#2418=EDGE_LOOP('',(#8867,#8868,#8869,#8870));
#2419=EDGE_LOOP('',(#8871,#8872,#8873,#8874,#8875,#8876,#8877,#8878));
#2420=EDGE_LOOP('',(#8879,#8880,#8881,#8882));
#2421=EDGE_LOOP('',(#8883));
#2422=EDGE_LOOP('',(#8884,#8885,#8886,#8887));
#2423=EDGE_LOOP('',(#8888));
#2424=EDGE_LOOP('',(#8889,#8890,#8891,#8892));
#2425=EDGE_LOOP('',(#8893,#8894,#8895,#8896));
#2426=EDGE_LOOP('',(#8897,#8898,#8899,#8900));
#2427=EDGE_LOOP('',(#8901,#8902,#8903,#8904));
#2428=EDGE_LOOP('',(#8905,#8906,#8907,#8908));
#2429=EDGE_LOOP('',(#8909));
#2430=EDGE_LOOP('',(#8910));
#2431=EDGE_LOOP('',(#8911,#8912,#8913,#8914));
#2432=EDGE_LOOP('',(#8915,#8916,#8917,#8918,#8919,#8920,#8921,#8922));
#2433=EDGE_LOOP('',(#8923,#8924,#8925,#8926));
#2434=EDGE_LOOP('',(#8927,#8928,#8929,#8930));
#2435=EDGE_LOOP('',(#8931,#8932,#8933,#8934));
#2436=EDGE_LOOP('',(#8935,#8936,#8937,#8938));
#2437=EDGE_LOOP('',(#8939,#8940,#8941,#8942));
#2438=EDGE_LOOP('',(#8943,#8944,#8945,#8946));
#2439=EDGE_LOOP('',(#8947,#8948,#8949,#8950));
#2440=EDGE_LOOP('',(#8951,#8952,#8953,#8954));
#2441=EDGE_LOOP('',(#8955,#8956,#8957,#8958));
#2442=EDGE_LOOP('',(#8959,#8960,#8961,#8962));
#2443=EDGE_LOOP('',(#8963,#8964,#8965,#8966));
#2444=EDGE_LOOP('',(#8967,#8968,#8969,#8970));
#2445=EDGE_LOOP('',(#8971));
#2446=EDGE_LOOP('',(#8972));
#2447=EDGE_LOOP('',(#8973));
#2448=EDGE_LOOP('',(#8974));
#2449=EDGE_LOOP('',(#8975,#8976,#8977,#8978));
#2450=EDGE_LOOP('',(#8979));
#2451=EDGE_LOOP('',(#8980));
#2452=EDGE_LOOP('',(#8981));
#2453=EDGE_LOOP('',(#8982));
#2454=EDGE_LOOP('',(#8983,#8984,#8985,#8986));
#2455=EDGE_LOOP('',(#8987,#8988,#8989,#8990));
#2456=EDGE_LOOP('',(#8991,#8992,#8993,#8994));
#2457=EDGE_LOOP('',(#8995,#8996,#8997,#8998));
#2458=EDGE_LOOP('',(#8999,#9000,#9001,#9002));
#2459=EDGE_LOOP('',(#9003,#9004,#9005,#9006));
#2460=EDGE_LOOP('',(#9007,#9008,#9009,#9010));
#2461=EDGE_LOOP('',(#9011,#9012,#9013,#9014,#9015,#9016));
#2462=EDGE_LOOP('',(#9017));
#2463=EDGE_LOOP('',(#9018,#9019,#9020,#9021));
#2464=EDGE_LOOP('',(#9022,#9023,#9024,#9025,#9026,#9027));
#2465=EDGE_LOOP('',(#9028));
#2466=EDGE_LOOP('',(#9029,#9030,#9031,#9032));
#2467=EDGE_LOOP('',(#9033,#9034,#9035,#9036));
#2468=EDGE_LOOP('',(#9037,#9038,#9039,#9040));
#2469=EDGE_LOOP('',(#9041,#9042,#9043,#9044,#9045,#9046,#9047,#9048));
#2470=EDGE_LOOP('',(#9049,#9050,#9051,#9052));
#2471=EDGE_LOOP('',(#9053,#9054,#9055,#9056));
#2472=EDGE_LOOP('',(#9057,#9058,#9059,#9060));
#2473=EDGE_LOOP('',(#9061));
#2474=EDGE_LOOP('',(#9062,#9063,#9064,#9065));
#2475=EDGE_LOOP('',(#9066));
#2476=EDGE_LOOP('',(#9067,#9068,#9069,#9070,#9071,#9072,#9073,#9074));
#2477=EDGE_LOOP('',(#9075,#9076,#9077,#9078));
#2478=EDGE_LOOP('',(#9079,#9080,#9081,#9082));
#2479=EDGE_LOOP('',(#9083,#9084,#9085,#9086));
#2480=EDGE_LOOP('',(#9087));
#2481=EDGE_LOOP('',(#9088,#9089,#9090,#9091,#9092,#9093));
#2482=EDGE_LOOP('',(#9094,#9095,#9096,#9097));
#2483=EDGE_LOOP('',(#9098));
#2484=EDGE_LOOP('',(#9099,#9100,#9101,#9102));
#2485=EDGE_LOOP('',(#9103));
#2486=EDGE_LOOP('',(#9104,#9105,#9106,#9107));
#2487=EDGE_LOOP('',(#9108,#9109,#9110,#9111));
#2488=EDGE_LOOP('',(#9112));
#2489=EDGE_LOOP('',(#9113));
#2490=EDGE_LOOP('',(#9114,#9115,#9116,#9117));
#2491=EDGE_LOOP('',(#9118));
#2492=EDGE_LOOP('',(#9119,#9120,#9121,#9122));
#2493=EDGE_LOOP('',(#9123,#9124,#9125,#9126,#9127,#9128));
#2494=EDGE_LOOP('',(#9129,#9130,#9131,#9132));
#2495=EDGE_LOOP('',(#9133,#9134,#9135,#9136));
#2496=EDGE_LOOP('',(#9137,#9138,#9139,#9140));
#2497=EDGE_LOOP('',(#9141));
#2498=EDGE_LOOP('',(#9142,#9143,#9144,#9145,#9146,#9147));
#2499=EDGE_LOOP('',(#9148,#9149,#9150,#9151));
#2500=EDGE_LOOP('',(#9152));
#2501=EDGE_LOOP('',(#9153,#9154,#9155,#9156));
#2502=EDGE_LOOP('',(#9157));
#2503=EDGE_LOOP('',(#9158,#9159,#9160,#9161));
#2504=EDGE_LOOP('',(#9162,#9163,#9164,#9165));
#2505=EDGE_LOOP('',(#9166));
#2506=EDGE_LOOP('',(#9167));
#2507=EDGE_LOOP('',(#9168,#9169,#9170,#9171,#9172,#9173));
#2508=EDGE_LOOP('',(#9174,#9175,#9176,#9177));
#2509=EDGE_LOOP('',(#9178,#9179,#9180,#9181));
#2510=EDGE_LOOP('',(#9182));
#2511=EDGE_LOOP('',(#9183,#9184,#9185,#9186));
#2512=EDGE_LOOP('',(#9187,#9188,#9189,#9190,#9191,#9192));
#2513=EDGE_LOOP('',(#9193,#9194,#9195,#9196));
#2514=EDGE_LOOP('',(#9197,#9198,#9199,#9200));
#2515=EDGE_LOOP('',(#9201,#9202,#9203,#9204));
#2516=EDGE_LOOP('',(#9205,#9206,#9207,#9208));
#2517=EDGE_LOOP('',(#9209,#9210,#9211,#9212));
#2518=EDGE_LOOP('',(#9213,#9214,#9215,#9216));
#2519=EDGE_LOOP('',(#9217,#9218,#9219,#9220,#9221,#9222));
#2520=EDGE_LOOP('',(#9223,#9224,#9225,#9226));
#2521=EDGE_LOOP('',(#9227));
#2522=EDGE_LOOP('',(#9228));
#2523=EDGE_LOOP('',(#9229));
#2524=EDGE_LOOP('',(#9230));
#2525=EDGE_LOOP('',(#9231,#9232,#9233,#9234));
#2526=EDGE_LOOP('',(#9235,#9236,#9237,#9238));
#2527=EDGE_LOOP('',(#9239));
#2528=EDGE_LOOP('',(#9240));
#2529=EDGE_LOOP('',(#9241));
#2530=EDGE_LOOP('',(#9242));
#2531=EDGE_LOOP('',(#9243,#9244,#9245,#9246));
#2532=EDGE_LOOP('',(#9247));
#2533=EDGE_LOOP('',(#9248));
#2534=EDGE_LOOP('',(#9249,#9250,#9251,#9252));
#2535=EDGE_LOOP('',(#9253,#9254,#9255,#9256));
#2536=EDGE_LOOP('',(#9257));
#2537=EDGE_LOOP('',(#9258,#9259,#9260,#9261));
#2538=EDGE_LOOP('',(#9262,#9263,#9264,#9265));
#2539=EDGE_LOOP('',(#9266,#9267,#9268,#9269));
#2540=EDGE_LOOP('',(#9270,#9271,#9272,#9273));
#2541=EDGE_LOOP('',(#9274));
#2542=EDGE_LOOP('',(#9275,#9276,#9277,#9278));
#2543=EDGE_LOOP('',(#9279,#9280,#9281,#9282));
#2544=EDGE_LOOP('',(#9283,#9284,#9285,#9286));
#2545=EDGE_LOOP('',(#9287,#9288,#9289,#9290));
#2546=EDGE_LOOP('',(#9291,#9292,#9293,#9294));
#2547=EDGE_LOOP('',(#9295,#9296,#9297,#9298));
#2548=EDGE_LOOP('',(#9299,#9300,#9301,#9302));
#2549=EDGE_LOOP('',(#9303,#9304,#9305,#9306));
#2550=EDGE_LOOP('',(#9307,#9308,#9309,#9310));
#2551=EDGE_LOOP('',(#9311,#9312,#9313,#9314));
#2552=EDGE_LOOP('',(#9315,#9316,#9317,#9318));
#2553=EDGE_LOOP('',(#9319,#9320,#9321,#9322));
#2554=EDGE_LOOP('',(#9323,#9324,#9325,#9326));
#2555=EDGE_LOOP('',(#9327,#9328,#9329,#9330));
#2556=EDGE_LOOP('',(#9331,#9332,#9333,#9334));
#2557=EDGE_LOOP('',(#9335,#9336,#9337,#9338));
#2558=EDGE_LOOP('',(#9339,#9340,#9341,#9342));
#2559=EDGE_LOOP('',(#9343,#9344,#9345,#9346));
#2560=EDGE_LOOP('',(#9347,#9348,#9349,#9350));
#2561=EDGE_LOOP('',(#9351,#9352,#9353,#9354));
#2562=EDGE_LOOP('',(#9355,#9356,#9357,#9358));
#2563=EDGE_LOOP('',(#9359));
#2564=EDGE_LOOP('',(#9360));
#2565=EDGE_LOOP('',(#9361,#9362,#9363,#9364));
#2566=EDGE_LOOP('',(#9365));
#2567=EDGE_LOOP('',(#9366));
#2568=EDGE_LOOP('',(#9367,#9368,#9369,#9370));
#2569=EDGE_LOOP('',(#9371,#9372,#9373,#9374));
#2570=EDGE_LOOP('',(#9375,#9376,#9377,#9378));
#2571=EDGE_LOOP('',(#9379,#9380,#9381,#9382));
#2572=EDGE_LOOP('',(#9383,#9384,#9385,#9386));
#2573=EDGE_LOOP('',(#9387,#9388,#9389,#9390));
#2574=EDGE_LOOP('',(#9391,#9392,#9393,#9394));
#2575=EDGE_LOOP('',(#9395));
#2576=EDGE_LOOP('',(#9396));
#2577=EDGE_LOOP('',(#9397,#9398,#9399,#9400));
#2578=EDGE_LOOP('',(#9401));
#2579=EDGE_LOOP('',(#9402));
#2580=EDGE_LOOP('',(#9403,#9404,#9405,#9406));
#2581=EDGE_LOOP('',(#9407,#9408,#9409,#9410));
#2582=EDGE_LOOP('',(#9411,#9412,#9413,#9414));
#2583=EDGE_LOOP('',(#9415,#9416,#9417,#9418));
#2584=EDGE_LOOP('',(#9419,#9420,#9421,#9422));
#2585=EDGE_LOOP('',(#9423,#9424,#9425,#9426));
#2586=EDGE_LOOP('',(#9427,#9428,#9429,#9430));
#2587=EDGE_LOOP('',(#9431,#9432,#9433,#9434));
#2588=EDGE_LOOP('',(#9435,#9436,#9437,#9438));
#2589=EDGE_LOOP('',(#9439,#9440,#9441,#9442));
#2590=EDGE_LOOP('',(#9443,#9444,#9445,#9446,#9447,#9448,#9449,#9450));
#2591=EDGE_LOOP('',(#9451,#9452,#9453,#9454));
#2592=EDGE_LOOP('',(#9455,#9456,#9457,#9458));
#2593=EDGE_LOOP('',(#9459,#9460,#9461,#9462));
#2594=EDGE_LOOP('',(#9463,#9464,#9465,#9466));
#2595=EDGE_LOOP('',(#9467,#9468,#9469,#9470,#9471,#9472,#9473,#9474));
#2596=EDGE_LOOP('',(#9475,#9476,#9477,#9478));
#2597=EDGE_LOOP('',(#9479,#9480,#9481,#9482));
#2598=EDGE_LOOP('',(#9483,#9484,#9485,#9486));
#2599=EDGE_LOOP('',(#9487,#9488,#9489,#9490));
#2600=EDGE_LOOP('',(#9491,#9492,#9493,#9494));
#2601=EDGE_LOOP('',(#9495,#9496,#9497,#9498));
#2602=EDGE_LOOP('',(#9499));
#2603=EDGE_LOOP('',(#9500,#9501,#9502,#9503));
#2604=EDGE_LOOP('',(#9504));
#2605=EDGE_LOOP('',(#9505,#9506,#9507,#9508));
#2606=EDGE_LOOP('',(#9509,#9510,#9511,#9512));
#2607=EDGE_LOOP('',(#9513,#9514,#9515,#9516));
#2608=EDGE_LOOP('',(#9517,#9518,#9519,#9520));
#2609=EDGE_LOOP('',(#9521,#9522,#9523,#9524));
#2610=EDGE_LOOP('',(#9525,#9526,#9527,#9528));
#2611=EDGE_LOOP('',(#9529));
#2612=EDGE_LOOP('',(#9530,#9531,#9532,#9533));
#2613=EDGE_LOOP('',(#9534));
#2614=EDGE_LOOP('',(#9535,#9536,#9537,#9538));
#2615=EDGE_LOOP('',(#9539,#9540,#9541,#9542));
#2616=EDGE_LOOP('',(#9543,#9544,#9545,#9546));
#2617=EDGE_LOOP('',(#9547,#9548,#9549,#9550));
#2618=EDGE_LOOP('',(#9551,#9552,#9553,#9554,#9555,#9556,#9557,#9558));
#2619=EDGE_LOOP('',(#9559,#9560,#9561,#9562));
#2620=EDGE_LOOP('',(#9563,#9564,#9565,#9566));
#2621=EDGE_LOOP('',(#9567,#9568,#9569,#9570));
#2622=EDGE_LOOP('',(#9571,#9572,#9573,#9574));
#2623=EDGE_LOOP('',(#9575,#9576,#9577,#9578,#9579,#9580,#9581,#9582));
#2624=EDGE_LOOP('',(#9583,#9584,#9585,#9586));
#2625=EDGE_LOOP('',(#9587,#9588,#9589,#9590));
#2626=EDGE_LOOP('',(#9591,#9592,#9593,#9594));
#2627=EDGE_LOOP('',(#9595,#9596,#9597,#9598));
#2628=EDGE_LOOP('',(#9599,#9600,#9601,#9602));
#2629=EDGE_LOOP('',(#9603,#9604,#9605,#9606));
#2630=EDGE_LOOP('',(#9607));
#2631=EDGE_LOOP('',(#9608,#9609,#9610,#9611));
#2632=EDGE_LOOP('',(#9612));
#2633=EDGE_LOOP('',(#9613,#9614,#9615,#9616));
#2634=EDGE_LOOP('',(#9617,#9618,#9619,#9620));
#2635=EDGE_LOOP('',(#9621,#9622,#9623,#9624));
#2636=EDGE_LOOP('',(#9625,#9626,#9627,#9628));
#2637=EDGE_LOOP('',(#9629,#9630,#9631,#9632));
#2638=EDGE_LOOP('',(#9633,#9634,#9635,#9636));
#2639=EDGE_LOOP('',(#9637));
#2640=EDGE_LOOP('',(#9638,#9639,#9640,#9641));
#2641=EDGE_LOOP('',(#9642));
#2642=EDGE_LOOP('',(#9643,#9644,#9645,#9646));
#2643=EDGE_LOOP('',(#9647,#9648,#9649,#9650));
#2644=EDGE_LOOP('',(#9651,#9652,#9653,#9654));
#2645=EDGE_LOOP('',(#9655,#9656,#9657,#9658));
#2646=EDGE_LOOP('',(#9659,#9660,#9661,#9662));
#2647=EDGE_LOOP('',(#9663,#9664,#9665,#9666));
#2648=EDGE_LOOP('',(#9667,#9668,#9669,#9670));
#2649=EDGE_LOOP('',(#9671,#9672,#9673,#9674));
#2650=EDGE_LOOP('',(#9675,#9676,#9677,#9678));
#2651=EDGE_LOOP('',(#9679,#9680,#9681,#9682));
#2652=EDGE_LOOP('',(#9683,#9684,#9685,#9686));
#2653=EDGE_LOOP('',(#9687,#9688,#9689,#9690));
#2654=EDGE_LOOP('',(#9691,#9692,#9693,#9694));
#2655=EDGE_LOOP('',(#9695));
#2656=EDGE_LOOP('',(#9696));
#2657=EDGE_LOOP('',(#9697,#9698,#9699,#9700));
#2658=EDGE_LOOP('',(#9701));
#2659=EDGE_LOOP('',(#9702));
#2660=EDGE_LOOP('',(#9703,#9704,#9705,#9706));
#2661=EDGE_LOOP('',(#9707,#9708,#9709,#9710));
#2662=EDGE_LOOP('',(#9711,#9712,#9713,#9714));
#2663=EDGE_LOOP('',(#9715,#9716,#9717,#9718));
#2664=EDGE_LOOP('',(#9719,#9720,#9721,#9722));
#2665=EDGE_LOOP('',(#9723,#9724,#9725,#9726));
#2666=EDGE_LOOP('',(#9727,#9728,#9729,#9730));
#2667=EDGE_LOOP('',(#9731));
#2668=EDGE_LOOP('',(#9732));
#2669=EDGE_LOOP('',(#9733));
#2670=EDGE_LOOP('',(#9734));
#2671=EDGE_LOOP('',(#9735));
#2672=EDGE_LOOP('',(#9736,#9737,#9738,#9739));
#2673=EDGE_LOOP('',(#9740,#9741,#9742,#9743));
#2674=EDGE_LOOP('',(#9744));
#2675=EDGE_LOOP('',(#9745));
#2676=EDGE_LOOP('',(#9746));
#2677=EDGE_LOOP('',(#9747));
#2678=EDGE_LOOP('',(#9748));
#2679=EDGE_LOOP('',(#9749,#9750,#9751,#9752));
#2680=EDGE_LOOP('',(#9753,#9754,#9755,#9756));
#2681=EDGE_LOOP('',(#9757,#9758,#9759,#9760));
#2682=EDGE_LOOP('',(#9761,#9762,#9763,#9764));
#2683=EDGE_LOOP('',(#9765,#9766,#9767,#9768));
#2684=EDGE_LOOP('',(#9769,#9770,#9771,#9772,#9773,#9774));
#2685=EDGE_LOOP('',(#9775));
#2686=EDGE_LOOP('',(#9776));
#2687=EDGE_LOOP('',(#9777));
#2688=EDGE_LOOP('',(#9778));
#2689=EDGE_LOOP('',(#9779));
#2690=EDGE_LOOP('',(#9780,#9781,#9782,#9783));
#2691=EDGE_LOOP('',(#9784));
#2692=EDGE_LOOP('',(#9785,#9786,#9787,#9788));
#2693=EDGE_LOOP('',(#9789));
#2694=EDGE_LOOP('',(#9790,#9791,#9792,#9793));
#2695=EDGE_LOOP('',(#9794,#9795,#9796,#9797));
#2696=EDGE_LOOP('',(#9798,#9799,#9800,#9801));
#2697=EDGE_LOOP('',(#9802,#9803,#9804,#9805));
#2698=EDGE_LOOP('',(#9806,#9807,#9808,#9809));
#2699=EDGE_LOOP('',(#9810,#9811,#9812,#9813));
#2700=EDGE_LOOP('',(#9814,#9815,#9816,#9817,#9818,#9819));
#2701=EDGE_LOOP('',(#9820));
#2702=EDGE_LOOP('',(#9821));
#2703=EDGE_LOOP('',(#9822));
#2704=EDGE_LOOP('',(#9823));
#2705=EDGE_LOOP('',(#9824));
#2706=EDGE_LOOP('',(#9825,#9826,#9827,#9828));
#2707=EDGE_LOOP('',(#9829,#9830,#9831,#9832));
#2708=EDGE_LOOP('',(#9833));
#2709=EDGE_LOOP('',(#9834));
#2710=EDGE_LOOP('',(#9835,#9836,#9837,#9838));
#2711=EDGE_LOOP('',(#9839,#9840,#9841,#9842));
#2712=EDGE_LOOP('',(#9843,#9844,#9845,#9846));
#2713=EDGE_LOOP('',(#9847,#9848,#9849,#9850));
#2714=EDGE_LOOP('',(#9851));
#2715=EDGE_LOOP('',(#9852));
#2716=EDGE_LOOP('',(#9853));
#2717=EDGE_LOOP('',(#9854));
#2718=EDGE_LOOP('',(#9855));
#2719=EDGE_LOOP('',(#9856));
#2720=EDGE_LOOP('',(#9857));
#2721=EDGE_LOOP('',(#9858));
#2722=EDGE_LOOP('',(#9859,#9860,#9861,#9862));
#2723=EDGE_LOOP('',(#9863));
#2724=EDGE_LOOP('',(#9864));
#2725=EDGE_LOOP('',(#9865,#9866,#9867,#9868));
#2726=EDGE_LOOP('',(#9869));
#2727=EDGE_LOOP('',(#9870));
#2728=EDGE_LOOP('',(#9871,#9872,#9873,#9874));
#2729=EDGE_LOOP('',(#9875,#9876,#9877,#9878));
#2730=EDGE_LOOP('',(#9879,#9880,#9881,#9882));
#2731=EDGE_LOOP('',(#9883,#9884,#9885,#9886));
#2732=EDGE_LOOP('',(#9887,#9888,#9889,#9890));
#2733=EDGE_LOOP('',(#9891,#9892,#9893,#9894));
#2734=EDGE_LOOP('',(#9895,#9896,#9897,#9898));
#2735=EDGE_LOOP('',(#9899));
#2736=EDGE_LOOP('',(#9900));
#2737=EDGE_LOOP('',(#9901));
#2738=EDGE_LOOP('',(#9902));
#2739=EDGE_LOOP('',(#9903));
#2740=EDGE_LOOP('',(#9904,#9905,#9906,#9907));
#2741=EDGE_LOOP('',(#9908,#9909,#9910,#9911));
#2742=EDGE_LOOP('',(#9912));
#2743=EDGE_LOOP('',(#9913));
#2744=EDGE_LOOP('',(#9914));
#2745=EDGE_LOOP('',(#9915));
#2746=EDGE_LOOP('',(#9916));
#2747=EDGE_LOOP('',(#9917,#9918,#9919,#9920));
#2748=EDGE_LOOP('',(#9921,#9922,#9923,#9924));
#2749=EDGE_LOOP('',(#9925,#9926,#9927,#9928));
#2750=EDGE_LOOP('',(#9929,#9930,#9931,#9932));
#2751=EDGE_LOOP('',(#9933,#9934,#9935,#9936));
#2752=EDGE_LOOP('',(#9937,#9938,#9939,#9940,#9941,#9942));
#2753=EDGE_LOOP('',(#9943));
#2754=EDGE_LOOP('',(#9944));
#2755=EDGE_LOOP('',(#9945));
#2756=EDGE_LOOP('',(#9946));
#2757=EDGE_LOOP('',(#9947));
#2758=EDGE_LOOP('',(#9948,#9949,#9950,#9951));
#2759=EDGE_LOOP('',(#9952));
#2760=EDGE_LOOP('',(#9953,#9954,#9955,#9956));
#2761=EDGE_LOOP('',(#9957));
#2762=EDGE_LOOP('',(#9958,#9959,#9960,#9961));
#2763=EDGE_LOOP('',(#9962,#9963,#9964,#9965));
#2764=EDGE_LOOP('',(#9966,#9967,#9968,#9969));
#2765=EDGE_LOOP('',(#9970,#9971,#9972,#9973));
#2766=EDGE_LOOP('',(#9974,#9975,#9976,#9977));
#2767=EDGE_LOOP('',(#9978,#9979,#9980,#9981));
#2768=EDGE_LOOP('',(#9982,#9983,#9984,#9985,#9986,#9987));
#2769=EDGE_LOOP('',(#9988));
#2770=EDGE_LOOP('',(#9989));
#2771=EDGE_LOOP('',(#9990));
#2772=EDGE_LOOP('',(#9991));
#2773=EDGE_LOOP('',(#9992));
#2774=EDGE_LOOP('',(#9993,#9994,#9995,#9996));
#2775=EDGE_LOOP('',(#9997,#9998,#9999,#10000));
#2776=EDGE_LOOP('',(#10001));
#2777=EDGE_LOOP('',(#10002));
#2778=EDGE_LOOP('',(#10003,#10004,#10005,#10006));
#2779=EDGE_LOOP('',(#10007,#10008,#10009,#10010));
#2780=EDGE_LOOP('',(#10011,#10012,#10013,#10014));
#2781=EDGE_LOOP('',(#10015,#10016,#10017,#10018));
#2782=EDGE_LOOP('',(#10019));
#2783=EDGE_LOOP('',(#10020));
#2784=EDGE_LOOP('',(#10021));
#2785=EDGE_LOOP('',(#10022));
#2786=EDGE_LOOP('',(#10023));
#2787=EDGE_LOOP('',(#10024));
#2788=EDGE_LOOP('',(#10025));
#2789=EDGE_LOOP('',(#10026));
#2790=EDGE_LOOP('',(#10027,#10028,#10029,#10030));
#2791=EDGE_LOOP('',(#10031));
#2792=EDGE_LOOP('',(#10032,#10033,#10034,#10035));
#2793=EDGE_LOOP('',(#10036));
#2794=EDGE_LOOP('',(#10037,#10038,#10039,#10040));
#2795=EDGE_LOOP('',(#10041,#10042,#10043,#10044));
#2796=EDGE_LOOP('',(#10045));
#2797=EDGE_LOOP('',(#10046,#10047,#10048,#10049));
#2798=EDGE_LOOP('',(#10050,#10051,#10052,#10053));
#2799=EDGE_LOOP('',(#10054));
#2800=EDGE_LOOP('',(#10055,#10056,#10057,#10058));
#2801=EDGE_LOOP('',(#10059,#10060,#10061,#10062));
#2802=EDGE_LOOP('',(#10063,#10064,#10065,#10066));
#2803=EDGE_LOOP('',(#10067));
#2804=EDGE_LOOP('',(#10068,#10069,#10070,#10071));
#2805=EDGE_LOOP('',(#10072));
#2806=EDGE_LOOP('',(#10073,#10074,#10075,#10076));
#2807=EDGE_LOOP('',(#10077,#10078,#10079,#10080));
#2808=EDGE_LOOP('',(#10081));
#2809=EDGE_LOOP('',(#10082,#10083,#10084,#10085));
#2810=EDGE_LOOP('',(#10086,#10087,#10088,#10089));
#2811=EDGE_LOOP('',(#10090));
#2812=EDGE_LOOP('',(#10091,#10092,#10093,#10094));
#2813=EDGE_LOOP('',(#10095,#10096,#10097,#10098));
#2814=LINE('',#16006,#3763);
#2815=LINE('',#16012,#3764);
#2816=LINE('',#16018,#3765);
#2817=LINE('',#16024,#3766);
#2818=LINE('',#16029,#3767);
#2819=LINE('',#16033,#3768);
#2820=LINE('',#16038,#3769);
#2821=LINE('',#16042,#3770);
#2822=LINE('',#16053,#3771);
#2823=LINE('',#16057,#3772);
#2824=LINE('',#16062,#3773);
#2825=LINE('',#16066,#3774);
#2826=LINE('',#16078,#3775);
#2827=LINE('',#16084,#3776);
#2828=LINE('',#16090,#3777);
#2829=LINE('',#16096,#3778);
#2830=LINE('',#16102,#3779);
#2831=LINE('',#16108,#3780);
#2832=LINE('',#16114,#3781);
#2833=LINE('',#16120,#3782);
#2834=LINE('',#16126,#3783);
#2835=LINE('',#16132,#3784);
#2836=LINE('',#16138,#3785);
#2837=LINE('',#16144,#3786);
#2838=LINE('',#16150,#3787);
#2839=LINE('',#16156,#3788);
#2840=LINE('',#16162,#3789);
#2841=LINE('',#16168,#3790);
#2842=LINE('',#16173,#3791);
#2843=LINE('',#16175,#3792);
#2844=LINE('',#16177,#3793);
#2845=LINE('',#16178,#3794);
#2846=LINE('',#16182,#3795);
#2847=LINE('',#16184,#3796);
#2848=LINE('',#16186,#3797);
#2849=LINE('',#16187,#3798);
#2850=LINE('',#16189,#3799);
#2851=LINE('',#16190,#3800);
#2852=LINE('',#16192,#3801);
#2853=LINE('',#16193,#3802);
#2854=LINE('',#16197,#3803);
#2855=LINE('',#16199,#3804);
#2856=LINE('',#16201,#3805);
#2857=LINE('',#16202,#3806);
#2858=LINE('',#16206,#3807);
#2859=LINE('',#16208,#3808);
#2860=LINE('',#16210,#3809);
#2861=LINE('',#16211,#3810);
#2862=LINE('',#16213,#3811);
#2863=LINE('',#16214,#3812);
#2864=LINE('',#16216,#3813);
#2865=LINE('',#16217,#3814);
#2866=LINE('',#16221,#3815);
#2867=LINE('',#16223,#3816);
#2868=LINE('',#16225,#3817);
#2869=LINE('',#16226,#3818);
#2870=LINE('',#16230,#3819);
#2871=LINE('',#16232,#3820);
#2872=LINE('',#16234,#3821);
#2873=LINE('',#16235,#3822);
#2874=LINE('',#16237,#3823);
#2875=LINE('',#16238,#3824);
#2876=LINE('',#16240,#3825);
#2877=LINE('',#16241,#3826);
#2878=LINE('',#16245,#3827);
#2879=LINE('',#16247,#3828);
#2880=LINE('',#16249,#3829);
#2881=LINE('',#16250,#3830);
#2882=LINE('',#16254,#3831);
#2883=LINE('',#16256,#3832);
#2884=LINE('',#16258,#3833);
#2885=LINE('',#16259,#3834);
#2886=LINE('',#16261,#3835);
#2887=LINE('',#16262,#3836);
#2888=LINE('',#16264,#3837);
#2889=LINE('',#16265,#3838);
#2890=LINE('',#16270,#3839);
#2891=LINE('',#16276,#3840);
#2892=LINE('',#16282,#3841);
#2893=LINE('',#16288,#3842);
#2894=LINE('',#16294,#3843);
#2895=LINE('',#16300,#3844);
#2896=LINE('',#16306,#3845);
#2897=LINE('',#16312,#3846);
#2898=LINE('',#16318,#3847);
#2899=LINE('',#16324,#3848);
#2900=LINE('',#16330,#3849);
#2901=LINE('',#16336,#3850);
#2902=LINE('',#16342,#3851);
#2903=LINE('',#16348,#3852);
#2904=LINE('',#16354,#3853);
#2905=LINE('',#16360,#3854);
#2906=LINE('',#16366,#3855);
#2907=LINE('',#16372,#3856);
#2908=LINE('',#16377,#3857);
#2909=LINE('',#16379,#3858);
#2910=LINE('',#16381,#3859);
#2911=LINE('',#16382,#3860);
#2912=LINE('',#16385,#3861);
#2913=LINE('',#16387,#3862);
#2914=LINE('',#16388,#3863);
#2915=LINE('',#16391,#3864);
#2916=LINE('',#16393,#3865);
#2917=LINE('',#16394,#3866);
#2918=LINE('',#16397,#3867);
#2919=LINE('',#16399,#3868);
#2920=LINE('',#16401,#3869);
#2921=LINE('',#16403,#3870);
#2922=LINE('',#16405,#3871);
#2923=LINE('',#16407,#3872);
#2924=LINE('',#16409,#3873);
#2925=LINE('',#16411,#3874);
#2926=LINE('',#16412,#3875);
#2927=LINE('',#16415,#3876);
#2928=LINE('',#16416,#3877);
#2929=LINE('',#16419,#3878);
#2930=LINE('',#16421,#3879);
#2931=LINE('',#16422,#3880);
#2932=LINE('',#16425,#3881);
#2933=LINE('',#16426,#3882);
#2934=LINE('',#16429,#3883);
#2935=LINE('',#16430,#3884);
#2936=LINE('',#16433,#3885);
#2937=LINE('',#16435,#3886);
#2938=LINE('',#16436,#3887);
#2939=LINE('',#16438,#3888);
#2940=LINE('',#16439,#3889);
#2941=LINE('',#16441,#3890);
#2942=LINE('',#16443,#3891);
#2943=LINE('',#16445,#3892);
#2944=LINE('',#16453,#3893);
#2945=LINE('',#16459,#3894);
#2946=LINE('',#16465,#3895);
#2947=LINE('',#16471,#3896);
#2948=LINE('',#16476,#3897);
#2949=LINE('',#16478,#3898);
#2950=LINE('',#16480,#3899);
#2951=LINE('',#16481,#3900);
#2952=LINE('',#16484,#3901);
#2953=LINE('',#16486,#3902);
#2954=LINE('',#16487,#3903);
#2955=LINE('',#16490,#3904);
#2956=LINE('',#16492,#3905);
#2957=LINE('',#16493,#3906);
#2958=LINE('',#16496,#3907);
#2959=LINE('',#16498,#3908);
#2960=LINE('',#16500,#3909);
#2961=LINE('',#16502,#3910);
#2962=LINE('',#16503,#3911);
#2963=LINE('',#16506,#3912);
#2964=LINE('',#16507,#3913);
#2965=LINE('',#16510,#3914);
#2966=LINE('',#16511,#3915);
#2967=LINE('',#16514,#3916);
#2968=LINE('',#16515,#3917);
#2969=LINE('',#16518,#3918);
#2970=LINE('',#16519,#3919);
#2971=LINE('',#16521,#3920);
#2972=LINE('',#16528,#3921);
#2973=LINE('',#16534,#3922);
#2974=LINE('',#16540,#3923);
#2975=LINE('',#16546,#3924);
#2976=LINE('',#16551,#3925);
#2977=LINE('',#16553,#3926);
#2978=LINE('',#16555,#3927);
#2979=LINE('',#16556,#3928);
#2980=LINE('',#16560,#3929);
#2981=LINE('',#16562,#3930);
#2982=LINE('',#16564,#3931);
#2983=LINE('',#16565,#3932);
#2984=LINE('',#16567,#3933);
#2985=LINE('',#16568,#3934);
#2986=LINE('',#16571,#3935);
#2987=LINE('',#16573,#3936);
#2988=LINE('',#16575,#3937);
#2989=LINE('',#16577,#3938);
#2990=LINE('',#16578,#3939);
#2991=LINE('',#16581,#3940);
#2992=LINE('',#16582,#3941);
#2993=LINE('',#16585,#3942);
#2994=LINE('',#16586,#3943);
#2995=LINE('',#16589,#3944);
#2996=LINE('',#16590,#3945);
#2997=LINE('',#16593,#3946);
#2998=LINE('',#16594,#3947);
#2999=LINE('',#16596,#3948);
#3000=LINE('',#16603,#3949);
#3001=LINE('',#16609,#3950);
#3002=LINE('',#16615,#3951);
#3003=LINE('',#16621,#3952);
#3004=LINE('',#16627,#3953);
#3005=LINE('',#16633,#3954);
#3006=LINE('',#16639,#3955);
#3007=LINE('',#16644,#3956);
#3008=LINE('',#16646,#3957);
#3009=LINE('',#16648,#3958);
#3010=LINE('',#16649,#3959);
#3011=LINE('',#16652,#3960);
#3012=LINE('',#16654,#3961);
#3013=LINE('',#16655,#3962);
#3014=LINE('',#16658,#3963);
#3015=LINE('',#16660,#3964);
#3016=LINE('',#16661,#3965);
#3017=LINE('',#16663,#3966);
#3018=LINE('',#16664,#3967);
#3019=LINE('',#16671,#3968);
#3020=LINE('',#16678,#3969);
#3021=LINE('',#16680,#3970);
#3022=LINE('',#16682,#3971);
#3023=LINE('',#16683,#3972);
#3024=LINE('',#16690,#3973);
#3025=LINE('',#16692,#3974);
#3026=LINE('',#16693,#3975);
#3027=LINE('',#16695,#3976);
#3028=LINE('',#16696,#3977);
#3029=LINE('',#16701,#3978);
#3030=LINE('',#16705,#3979);
#3031=LINE('',#16709,#3980);
#3032=LINE('',#16711,#3981);
#3033=LINE('',#16713,#3982);
#3034=LINE('',#16714,#3983);
#3035=LINE('',#16717,#3984);
#3036=LINE('',#16719,#3985);
#3037=LINE('',#16720,#3986);
#3038=LINE('',#16722,#3987);
#3039=LINE('',#16723,#3988);
#3040=LINE('',#16730,#3989);
#3041=LINE('',#16737,#3990);
#3042=LINE('',#16739,#3991);
#3043=LINE('',#16741,#3992);
#3044=LINE('',#16742,#3993);
#3045=LINE('',#16745,#3994);
#3046=LINE('',#16747,#3995);
#3047=LINE('',#16748,#3996);
#3048=LINE('',#16754,#3997);
#3049=LINE('',#16755,#3998);
#3050=LINE('',#16760,#3999);
#3051=LINE('',#16764,#4000);
#3052=LINE('',#16768,#4001);
#3053=LINE('',#16770,#4002);
#3054=LINE('',#16772,#4003);
#3055=LINE('',#16773,#4004);
#3056=LINE('',#16776,#4005);
#3057=LINE('',#16778,#4006);
#3058=LINE('',#16779,#4007);
#3059=LINE('',#16781,#4008);
#3060=LINE('',#16782,#4009);
#3061=LINE('',#16829,#4010);
#3062=LINE('',#16871,#4011);
#3063=LINE('',#16878,#4012);
#3064=LINE('',#16884,#4013);
#3065=LINE('',#16886,#4014);
#3066=LINE('',#16927,#4015);
#3067=LINE('',#16999,#4016);
#3068=LINE('',#17077,#4017);
#3069=LINE('',#17119,#4018);
#3070=LINE('',#17126,#4019);
#3071=LINE('',#17132,#4020);
#3072=LINE('',#17134,#4021);
#3073=LINE('',#17181,#4022);
#3074=LINE('',#17223,#4023);
#3075=LINE('',#17230,#4024);
#3076=LINE('',#17236,#4025);
#3077=LINE('',#17238,#4026);
#3078=LINE('',#17285,#4027);
#3079=LINE('',#17327,#4028);
#3080=LINE('',#17334,#4029);
#3081=LINE('',#17340,#4030);
#3082=LINE('',#17342,#4031);
#3083=LINE('',#17359,#4032);
#3084=LINE('',#17365,#4033);
#3085=LINE('',#17371,#4034);
#3086=LINE('',#17378,#4035);
#3087=LINE('',#17385,#4036);
#3088=LINE('',#17394,#4037);
#3089=LINE('',#17400,#4038);
#3090=LINE('',#17406,#4039);
#3091=LINE('',#17413,#4040);
#3092=LINE('',#17420,#4041);
#3093=LINE('',#17431,#4042);
#3094=LINE('',#17433,#4043);
#3095=LINE('',#17435,#4044);
#3096=LINE('',#17436,#4045);
#3097=LINE('',#17439,#4046);
#3098=LINE('',#17441,#4047);
#3099=LINE('',#17442,#4048);
#3100=LINE('',#17445,#4049);
#3101=LINE('',#17447,#4050);
#3102=LINE('',#17448,#4051);
#3103=LINE('',#17450,#4052);
#3104=LINE('',#17451,#4053);
#3105=LINE('',#17458,#4054);
#3106=LINE('',#17460,#4055);
#3107=LINE('',#17462,#4056);
#3108=LINE('',#17463,#4057);
#3109=LINE('',#17466,#4058);
#3110=LINE('',#17468,#4059);
#3111=LINE('',#17469,#4060);
#3112=LINE('',#17472,#4061);
#3113=LINE('',#17474,#4062);
#3114=LINE('',#17475,#4063);
#3115=LINE('',#17477,#4064);
#3116=LINE('',#17478,#4065);
#3117=LINE('',#17485,#4066);
#3118=LINE('',#17487,#4067);
#3119=LINE('',#17489,#4068);
#3120=LINE('',#17490,#4069);
#3121=LINE('',#17493,#4070);
#3122=LINE('',#17495,#4071);
#3123=LINE('',#17496,#4072);
#3124=LINE('',#17499,#4073);
#3125=LINE('',#17501,#4074);
#3126=LINE('',#17502,#4075);
#3127=LINE('',#17504,#4076);
#3128=LINE('',#17505,#4077);
#3129=LINE('',#17513,#4078);
#3130=LINE('',#17519,#4079);
#3131=LINE('',#17524,#4080);
#3132=LINE('',#17526,#4081);
#3133=LINE('',#17528,#4082);
#3134=LINE('',#17529,#4083);
#3135=LINE('',#17532,#4084);
#3136=LINE('',#17534,#4085);
#3137=LINE('',#17535,#4086);
#3138=LINE('',#17538,#4087);
#3139=LINE('',#17540,#4088);
#3140=LINE('',#17541,#4089);
#3141=LINE('',#17543,#4090);
#3142=LINE('',#17544,#4091);
#3143=LINE('',#17551,#4092);
#3144=LINE('',#17553,#4093);
#3145=LINE('',#17555,#4094);
#3146=LINE('',#17556,#4095);
#3147=LINE('',#17559,#4096);
#3148=LINE('',#17561,#4097);
#3149=LINE('',#17562,#4098);
#3150=LINE('',#17565,#4099);
#3151=LINE('',#17567,#4100);
#3152=LINE('',#17568,#4101);
#3153=LINE('',#17570,#4102);
#3154=LINE('',#17571,#4103);
#3155=LINE('',#17587,#4104);
#3156=LINE('',#17593,#4105);
#3157=LINE('',#17599,#4106);
#3158=LINE('',#17605,#4107);
#3159=LINE('',#17610,#4108);
#3160=LINE('',#17612,#4109);
#3161=LINE('',#17614,#4110);
#3162=LINE('',#17615,#4111);
#3163=LINE('',#17618,#4112);
#3164=LINE('',#17620,#4113);
#3165=LINE('',#17621,#4114);
#3166=LINE('',#17624,#4115);
#3167=LINE('',#17626,#4116);
#3168=LINE('',#17627,#4117);
#3169=LINE('',#17629,#4118);
#3170=LINE('',#17630,#4119);
#3171=LINE('',#17640,#4120);
#3172=LINE('',#17646,#4121);
#3173=LINE('',#17652,#4122);
#3174=LINE('',#17658,#4123);
#3175=LINE('',#17663,#4124);
#3176=LINE('',#17665,#4125);
#3177=LINE('',#17667,#4126);
#3178=LINE('',#17668,#4127);
#3179=LINE('',#17671,#4128);
#3180=LINE('',#17673,#4129);
#3181=LINE('',#17674,#4130);
#3182=LINE('',#17677,#4131);
#3183=LINE('',#17679,#4132);
#3184=LINE('',#17680,#4133);
#3185=LINE('',#17682,#4134);
#3186=LINE('',#17683,#4135);
#3187=LINE('',#17687,#4136);
#3188=LINE('',#17689,#4137);
#3189=LINE('',#17691,#4138);
#3190=LINE('',#17692,#4139);
#3191=LINE('',#17695,#4140);
#3192=LINE('',#17697,#4141);
#3193=LINE('',#17698,#4142);
#3194=LINE('',#17701,#4143);
#3195=LINE('',#17703,#4144);
#3196=LINE('',#17704,#4145);
#3197=LINE('',#17706,#4146);
#3198=LINE('',#17707,#4147);
#3199=LINE('',#17711,#4148);
#3200=LINE('',#17713,#4149);
#3201=LINE('',#17715,#4150);
#3202=LINE('',#17716,#4151);
#3203=LINE('',#17719,#4152);
#3204=LINE('',#17721,#4153);
#3205=LINE('',#17722,#4154);
#3206=LINE('',#17725,#4155);
#3207=LINE('',#17727,#4156);
#3208=LINE('',#17728,#4157);
#3209=LINE('',#17730,#4158);
#3210=LINE('',#17731,#4159);
#3211=LINE('',#17737,#4160);
#3212=LINE('',#17739,#4161);
#3213=LINE('',#17741,#4162);
#3214=LINE('',#17742,#4163);
#3215=LINE('',#17745,#4164);
#3216=LINE('',#17747,#4165);
#3217=LINE('',#17748,#4166);
#3218=LINE('',#17751,#4167);
#3219=LINE('',#17753,#4168);
#3220=LINE('',#17754,#4169);
#3221=LINE('',#17756,#4170);
#3222=LINE('',#17757,#4171);
#3223=LINE('',#17763,#4172);
#3224=LINE('',#17765,#4173);
#3225=LINE('',#17767,#4174);
#3226=LINE('',#17768,#4175);
#3227=LINE('',#17772,#4176);
#3228=LINE('',#17774,#4177);
#3229=LINE('',#17776,#4178);
#3230=LINE('',#17777,#4179);
#3231=LINE('',#17779,#4180);
#3232=LINE('',#17780,#4181);
#3233=LINE('',#17782,#4182);
#3234=LINE('',#17784,#4183);
#3235=LINE('',#17791,#4184);
#3236=LINE('',#17798,#4185);
#3237=LINE('',#17805,#4186);
#3238=LINE('',#17814,#4187);
#3239=LINE('',#17821,#4188);
#3240=LINE('',#17828,#4189);
#3241=LINE('',#17837,#4190);
#3242=LINE('',#17844,#4191);
#3243=LINE('',#17851,#4192);
#3244=LINE('',#17860,#4193);
#3245=LINE('',#17867,#4194);
#3246=LINE('',#17874,#4195);
#3247=LINE('',#17883,#4196);
#3248=LINE('',#17890,#4197);
#3249=LINE('',#17897,#4198);
#3250=LINE('',#17906,#4199);
#3251=LINE('',#17913,#4200);
#3252=LINE('',#17920,#4201);
#3253=LINE('',#17929,#4202);
#3254=LINE('',#17935,#4203);
#3255=LINE('',#17940,#4204);
#3256=LINE('',#17942,#4205);
#3257=LINE('',#17944,#4206);
#3258=LINE('',#17945,#4207);
#3259=LINE('',#17949,#4208);
#3260=LINE('',#17951,#4209);
#3261=LINE('',#17953,#4210);
#3262=LINE('',#17954,#4211);
#3263=LINE('',#17956,#4212);
#3264=LINE('',#17957,#4213);
#3265=LINE('',#17960,#4214);
#3266=LINE('',#17962,#4215);
#3267=LINE('',#17964,#4216);
#3268=LINE('',#17966,#4217);
#3269=LINE('',#17967,#4218);
#3270=LINE('',#17970,#4219);
#3271=LINE('',#17971,#4220);
#3272=LINE('',#17974,#4221);
#3273=LINE('',#17975,#4222);
#3274=LINE('',#17979,#4223);
#3275=LINE('',#17981,#4224);
#3276=LINE('',#17983,#4225);
#3277=LINE('',#17984,#4226);
#3278=LINE('',#17987,#4227);
#3279=LINE('',#17989,#4228);
#3280=LINE('',#17990,#4229);
#3281=LINE('',#17993,#4230);
#3282=LINE('',#17995,#4231);
#3283=LINE('',#17996,#4232);
#3284=LINE('',#17998,#4233);
#3285=LINE('',#17999,#4234);
#3286=LINE('',#18003,#4235);
#3287=LINE('',#18004,#4236);
#3288=LINE('',#18007,#4237);
#3289=LINE('',#18008,#4238);
#3290=LINE('',#18010,#4239);
#3291=LINE('',#18017,#4240);
#3292=LINE('',#18023,#4241);
#3293=LINE('',#18028,#4242);
#3294=LINE('',#18030,#4243);
#3295=LINE('',#18032,#4244);
#3296=LINE('',#18033,#4245);
#3297=LINE('',#18037,#4246);
#3298=LINE('',#18039,#4247);
#3299=LINE('',#18041,#4248);
#3300=LINE('',#18042,#4249);
#3301=LINE('',#18044,#4250);
#3302=LINE('',#18045,#4251);
#3303=LINE('',#18048,#4252);
#3304=LINE('',#18050,#4253);
#3305=LINE('',#18052,#4254);
#3306=LINE('',#18054,#4255);
#3307=LINE('',#18055,#4256);
#3308=LINE('',#18058,#4257);
#3309=LINE('',#18059,#4258);
#3310=LINE('',#18062,#4259);
#3311=LINE('',#18063,#4260);
#3312=LINE('',#18067,#4261);
#3313=LINE('',#18069,#4262);
#3314=LINE('',#18071,#4263);
#3315=LINE('',#18072,#4264);
#3316=LINE('',#18075,#4265);
#3317=LINE('',#18077,#4266);
#3318=LINE('',#18078,#4267);
#3319=LINE('',#18081,#4268);
#3320=LINE('',#18083,#4269);
#3321=LINE('',#18084,#4270);
#3322=LINE('',#18086,#4271);
#3323=LINE('',#18087,#4272);
#3324=LINE('',#18091,#4273);
#3325=LINE('',#18092,#4274);
#3326=LINE('',#18095,#4275);
#3327=LINE('',#18096,#4276);
#3328=LINE('',#18098,#4277);
#3329=LINE('',#18105,#4278);
#3330=LINE('',#18111,#4279);
#3331=LINE('',#18117,#4280);
#3332=LINE('',#18123,#4281);
#3333=LINE('',#18128,#4282);
#3334=LINE('',#18130,#4283);
#3335=LINE('',#18132,#4284);
#3336=LINE('',#18133,#4285);
#3337=LINE('',#18136,#4286);
#3338=LINE('',#18138,#4287);
#3339=LINE('',#18139,#4288);
#3340=LINE('',#18142,#4289);
#3341=LINE('',#18144,#4290);
#3342=LINE('',#18145,#4291);
#3343=LINE('',#18147,#4292);
#3344=LINE('',#18148,#4293);
#3345=LINE('',#18169,#4294);
#3346=LINE('',#18171,#4295);
#3347=LINE('',#18173,#4296);
#3348=LINE('',#18174,#4297);
#3349=LINE('',#18177,#4298);
#3350=LINE('',#18179,#4299);
#3351=LINE('',#18180,#4300);
#3352=LINE('',#18183,#4301);
#3353=LINE('',#18185,#4302);
#3354=LINE('',#18186,#4303);
#3355=LINE('',#18188,#4304);
#3356=LINE('',#18189,#4305);
#3357=LINE('',#18197,#4306);
#3358=LINE('',#18202,#4307);
#3359=LINE('',#18204,#4308);
#3360=LINE('',#18206,#4309);
#3361=LINE('',#18208,#4310);
#3362=LINE('',#18210,#4311);
#3363=LINE('',#18211,#4312);
#3364=LINE('',#18214,#4313);
#3365=LINE('',#18216,#4314);
#3366=LINE('',#18217,#4315);
#3367=LINE('',#18220,#4316);
#3368=LINE('',#18222,#4317);
#3369=LINE('',#18224,#4318);
#3370=LINE('',#18226,#4319);
#3371=LINE('',#18227,#4320);
#3372=LINE('',#18229,#4321);
#3373=LINE('',#18230,#4322);
#3374=LINE('',#18232,#4323);
#3375=LINE('',#18236,#4324);
#3376=LINE('',#18238,#4325);
#3377=LINE('',#18240,#4326);
#3378=LINE('',#18242,#4327);
#3379=LINE('',#18243,#4328);
#3380=LINE('',#18248,#4329);
#3381=LINE('',#18253,#4330);
#3382=LINE('',#18255,#4331);
#3383=LINE('',#18257,#4332);
#3384=LINE('',#18258,#4333);
#3385=LINE('',#18260,#4334);
#3386=LINE('',#18261,#4335);
#3387=LINE('',#18263,#4336);
#3388=LINE('',#18264,#4337);
#3389=LINE('',#18271,#4338);
#3390=LINE('',#18273,#4339);
#3391=LINE('',#18275,#4340);
#3392=LINE('',#18276,#4341);
#3393=LINE('',#18279,#4342);
#3394=LINE('',#18281,#4343);
#3395=LINE('',#18282,#4344);
#3396=LINE('',#18287,#4345);
#3397=LINE('',#18289,#4346);
#3398=LINE('',#18291,#4347);
#3399=LINE('',#18292,#4348);
#3400=LINE('',#18297,#4349);
#3401=LINE('',#18304,#4350);
#3402=LINE('',#18309,#4351);
#3403=LINE('',#18310,#4352);
#3404=LINE('',#18313,#4353);
#3405=LINE('',#18314,#4354);
#3406=LINE('',#18317,#4355);
#3407=LINE('',#18318,#4356);
#3408=LINE('',#18322,#4357);
#3409=LINE('',#18324,#4358);
#3410=LINE('',#18330,#4359);
#3411=LINE('',#18332,#4360);
#3412=LINE('',#18334,#4361);
#3413=LINE('',#18335,#4362);
#3414=LINE('',#18338,#4363);
#3415=LINE('',#18340,#4364);
#3416=LINE('',#18341,#4365);
#3417=LINE('',#18346,#4366);
#3418=LINE('',#18348,#4367);
#3419=LINE('',#18350,#4368);
#3420=LINE('',#18351,#4369);
#3421=LINE('',#18356,#4370);
#3422=LINE('',#18363,#4371);
#3423=LINE('',#18368,#4372);
#3424=LINE('',#18369,#4373);
#3425=LINE('',#18372,#4374);
#3426=LINE('',#18373,#4375);
#3427=LINE('',#18376,#4376);
#3428=LINE('',#18377,#4377);
#3429=LINE('',#18380,#4378);
#3430=LINE('',#18383,#4379);
#3431=LINE('',#18388,#4380);
#3432=LINE('',#18390,#4381);
#3433=LINE('',#18392,#4382);
#3434=LINE('',#18394,#4383);
#3435=LINE('',#18396,#4384);
#3436=LINE('',#18397,#4385);
#3437=LINE('',#18400,#4386);
#3438=LINE('',#18402,#4387);
#3439=LINE('',#18403,#4388);
#3440=LINE('',#18406,#4389);
#3441=LINE('',#18407,#4390);
#3442=LINE('',#18410,#4391);
#3443=LINE('',#18411,#4392);
#3444=LINE('',#18414,#4393);
#3445=LINE('',#18415,#4394);
#3446=LINE('',#18418,#4395);
#3447=LINE('',#18419,#4396);
#3448=LINE('',#18421,#4397);
#3449=LINE('',#18428,#4398);
#3450=LINE('',#18438,#4399);
#3451=LINE('',#18444,#4400);
#3452=LINE('',#18452,#4401);
#3453=LINE('',#18459,#4402);
#3454=LINE('',#18465,#4403);
#3455=LINE('',#18471,#4404);
#3456=LINE('',#18473,#4405);
#3457=LINE('',#18475,#4406);
#3458=LINE('',#18476,#4407);
#3459=LINE('',#18479,#4408);
#3460=LINE('',#18481,#4409);
#3461=LINE('',#18482,#4410);
#3462=LINE('',#18485,#4411);
#3463=LINE('',#18487,#4412);
#3464=LINE('',#18488,#4413);
#3465=LINE('',#18490,#4414);
#3466=LINE('',#18491,#4415);
#3467=LINE('',#18498,#4416);
#3468=LINE('',#18500,#4417);
#3469=LINE('',#18502,#4418);
#3470=LINE('',#18503,#4419);
#3471=LINE('',#18506,#4420);
#3472=LINE('',#18508,#4421);
#3473=LINE('',#18509,#4422);
#3474=LINE('',#18512,#4423);
#3475=LINE('',#18514,#4424);
#3476=LINE('',#18515,#4425);
#3477=LINE('',#18517,#4426);
#3478=LINE('',#18518,#4427);
#3479=LINE('',#18525,#4428);
#3480=LINE('',#18527,#4429);
#3481=LINE('',#18529,#4430);
#3482=LINE('',#18530,#4431);
#3483=LINE('',#18533,#4432);
#3484=LINE('',#18535,#4433);
#3485=LINE('',#18536,#4434);
#3486=LINE('',#18539,#4435);
#3487=LINE('',#18541,#4436);
#3488=LINE('',#18542,#4437);
#3489=LINE('',#18544,#4438);
#3490=LINE('',#18545,#4439);
#3491=LINE('',#18553,#4440);
#3492=LINE('',#18559,#4441);
#3493=LINE('',#18564,#4442);
#3494=LINE('',#18566,#4443);
#3495=LINE('',#18568,#4444);
#3496=LINE('',#18569,#4445);
#3497=LINE('',#18572,#4446);
#3498=LINE('',#18574,#4447);
#3499=LINE('',#18575,#4448);
#3500=LINE('',#18578,#4449);
#3501=LINE('',#18580,#4450);
#3502=LINE('',#18581,#4451);
#3503=LINE('',#18583,#4452);
#3504=LINE('',#18584,#4453);
#3505=LINE('',#18592,#4454);
#3506=LINE('',#18598,#4455);
#3507=LINE('',#18603,#4456);
#3508=LINE('',#18605,#4457);
#3509=LINE('',#18607,#4458);
#3510=LINE('',#18608,#4459);
#3511=LINE('',#18611,#4460);
#3512=LINE('',#18613,#4461);
#3513=LINE('',#18614,#4462);
#3514=LINE('',#18617,#4463);
#3515=LINE('',#18619,#4464);
#3516=LINE('',#18620,#4465);
#3517=LINE('',#18622,#4466);
#3518=LINE('',#18623,#4467);
#3519=LINE('',#18630,#4468);
#3520=LINE('',#18632,#4469);
#3521=LINE('',#18634,#4470);
#3522=LINE('',#18635,#4471);
#3523=LINE('',#18638,#4472);
#3524=LINE('',#18640,#4473);
#3525=LINE('',#18641,#4474);
#3526=LINE('',#18644,#4475);
#3527=LINE('',#18645,#4476);
#3528=LINE('',#18648,#4477);
#3529=LINE('',#18649,#4478);
#3530=LINE('',#18651,#4479);
#3531=LINE('',#18657,#4480);
#3532=LINE('',#18661,#4481);
#3533=LINE('',#18666,#4482);
#3534=LINE('',#18670,#4483);
#3535=LINE('',#18674,#4484);
#3536=LINE('',#18676,#4485);
#3537=LINE('',#18677,#4486);
#3538=LINE('',#18680,#4487);
#3539=LINE('',#18682,#4488);
#3540=LINE('',#18683,#4489);
#3541=LINE('',#18686,#4490);
#3542=LINE('',#18687,#4491);
#3543=LINE('',#18689,#4492);
#3544=LINE('',#18690,#4493);
#3545=LINE('',#18693,#4494);
#3546=LINE('',#18694,#4495);
#3547=LINE('',#18697,#4496);
#3548=LINE('',#18698,#4497);
#3549=LINE('',#18700,#4498);
#3550=LINE('',#18702,#4499);
#3551=LINE('',#18709,#4500);
#3552=LINE('',#18714,#4501);
#3553=LINE('',#18716,#4502);
#3554=LINE('',#18718,#4503);
#3555=LINE('',#18719,#4504);
#3556=LINE('',#18722,#4505);
#3557=LINE('',#18724,#4506);
#3558=LINE('',#18725,#4507);
#3559=LINE('',#18728,#4508);
#3560=LINE('',#18730,#4509);
#3561=LINE('',#18731,#4510);
#3562=LINE('',#18733,#4511);
#3563=LINE('',#18734,#4512);
#3564=LINE('',#18742,#4513);
#3565=LINE('',#18747,#4514);
#3566=LINE('',#18749,#4515);
#3567=LINE('',#18751,#4516);
#3568=LINE('',#18752,#4517);
#3569=LINE('',#18755,#4518);
#3570=LINE('',#18757,#4519);
#3571=LINE('',#18758,#4520);
#3572=LINE('',#18761,#4521);
#3573=LINE('',#18763,#4522);
#3574=LINE('',#18764,#4523);
#3575=LINE('',#18766,#4524);
#3576=LINE('',#18767,#4525);
#3577=LINE('',#18774,#4526);
#3578=LINE('',#18778,#4527);
#3579=LINE('',#18783,#4528);
#3580=LINE('',#18787,#4529);
#3581=LINE('',#18791,#4530);
#3582=LINE('',#18793,#4531);
#3583=LINE('',#18794,#4532);
#3584=LINE('',#18797,#4533);
#3585=LINE('',#18799,#4534);
#3586=LINE('',#18800,#4535);
#3587=LINE('',#18803,#4536);
#3588=LINE('',#18804,#4537);
#3589=LINE('',#18806,#4538);
#3590=LINE('',#18807,#4539);
#3591=LINE('',#18810,#4540);
#3592=LINE('',#18811,#4541);
#3593=LINE('',#18814,#4542);
#3594=LINE('',#18815,#4543);
#3595=LINE('',#18817,#4544);
#3596=LINE('',#18819,#4545);
#3597=LINE('',#18826,#4546);
#3598=LINE('',#18831,#4547);
#3599=LINE('',#18833,#4548);
#3600=LINE('',#18835,#4549);
#3601=LINE('',#18836,#4550);
#3602=LINE('',#18839,#4551);
#3603=LINE('',#18841,#4552);
#3604=LINE('',#18842,#4553);
#3605=LINE('',#18845,#4554);
#3606=LINE('',#18847,#4555);
#3607=LINE('',#18848,#4556);
#3608=LINE('',#18850,#4557);
#3609=LINE('',#18851,#4558);
#3610=LINE('',#18859,#4559);
#3611=LINE('',#18864,#4560);
#3612=LINE('',#18866,#4561);
#3613=LINE('',#18868,#4562);
#3614=LINE('',#18869,#4563);
#3615=LINE('',#18872,#4564);
#3616=LINE('',#18874,#4565);
#3617=LINE('',#18875,#4566);
#3618=LINE('',#18878,#4567);
#3619=LINE('',#18880,#4568);
#3620=LINE('',#18881,#4569);
#3621=LINE('',#18883,#4570);
#3622=LINE('',#18884,#4571);
#3623=LINE('',#18891,#4572);
#3624=LINE('',#18895,#4573);
#3625=LINE('',#18899,#4574);
#3626=LINE('',#18901,#4575);
#3627=LINE('',#18902,#4576);
#3628=LINE('',#18905,#4577);
#3629=LINE('',#18909,#4578);
#3630=LINE('',#18910,#4579);
#3631=LINE('',#18918,#4580);
#3632=LINE('',#18922,#4581);
#3633=LINE('',#18926,#4582);
#3634=LINE('',#18928,#4583);
#3635=LINE('',#18929,#4584);
#3636=LINE('',#18932,#4585);
#3637=LINE('',#18936,#4586);
#3638=LINE('',#18937,#4587);
#3639=LINE('',#18966,#4588);
#3640=LINE('',#18975,#4589);
#3641=LINE('',#18984,#4590);
#3642=LINE('',#18990,#4591);
#3643=LINE('',#18996,#4592);
#3644=LINE('',#19002,#4593);
#3645=LINE('',#19008,#4594);
#3646=LINE('',#19013,#4595);
#3647=LINE('',#19015,#4596);
#3648=LINE('',#19017,#4597);
#3649=LINE('',#19018,#4598);
#3650=LINE('',#19021,#4599);
#3651=LINE('',#19023,#4600);
#3652=LINE('',#19024,#4601);
#3653=LINE('',#19027,#4602);
#3654=LINE('',#19029,#4603);
#3655=LINE('',#19030,#4604);
#3656=LINE('',#19032,#4605);
#3657=LINE('',#19033,#4606);
#3658=LINE('',#19040,#4607);
#3659=LINE('',#19042,#4608);
#3660=LINE('',#19044,#4609);
#3661=LINE('',#19045,#4610);
#3662=LINE('',#19048,#4611);
#3663=LINE('',#19050,#4612);
#3664=LINE('',#19051,#4613);
#3665=LINE('',#19054,#4614);
#3666=LINE('',#19056,#4615);
#3667=LINE('',#19057,#4616);
#3668=LINE('',#19060,#4617);
#3669=LINE('',#19062,#4618);
#3670=LINE('',#19063,#4619);
#3671=LINE('',#19078,#4620);
#3672=LINE('',#19085,#4621);
#3673=LINE('',#19090,#4622);
#3674=LINE('',#19094,#4623);
#3675=LINE('',#19098,#4624);
#3676=LINE('',#19102,#4625);
#3677=LINE('',#19106,#4626);
#3678=LINE('',#19110,#4627);
#3679=LINE('',#19112,#4628);
#3680=LINE('',#19113,#4629);
#3681=LINE('',#19115,#4630);
#3682=LINE('',#19116,#4631);
#3683=LINE('',#19124,#4632);
#3684=LINE('',#19130,#4633);
#3685=LINE('',#19136,#4634);
#3686=LINE('',#19142,#4635);
#3687=LINE('',#19151,#4636);
#3688=LINE('',#19160,#4637);
#3689=LINE('',#19169,#4638);
#3690=LINE('',#19175,#4639);
#3691=LINE('',#19181,#4640);
#3692=LINE('',#19187,#4641);
#3693=LINE('',#19193,#4642);
#3694=LINE('',#19198,#4643);
#3695=LINE('',#19200,#4644);
#3696=LINE('',#19202,#4645);
#3697=LINE('',#19203,#4646);
#3698=LINE('',#19206,#4647);
#3699=LINE('',#19208,#4648);
#3700=LINE('',#19209,#4649);
#3701=LINE('',#19212,#4650);
#3702=LINE('',#19214,#4651);
#3703=LINE('',#19215,#4652);
#3704=LINE('',#19217,#4653);
#3705=LINE('',#19218,#4654);
#3706=LINE('',#19225,#4655);
#3707=LINE('',#19227,#4656);
#3708=LINE('',#19229,#4657);
#3709=LINE('',#19230,#4658);
#3710=LINE('',#19233,#4659);
#3711=LINE('',#19235,#4660);
#3712=LINE('',#19236,#4661);
#3713=LINE('',#19239,#4662);
#3714=LINE('',#19241,#4663);
#3715=LINE('',#19242,#4664);
#3716=LINE('',#19245,#4665);
#3717=LINE('',#19247,#4666);
#3718=LINE('',#19248,#4667);
#3719=LINE('',#19263,#4668);
#3720=LINE('',#19270,#4669);
#3721=LINE('',#19275,#4670);
#3722=LINE('',#19279,#4671);
#3723=LINE('',#19283,#4672);
#3724=LINE('',#19287,#4673);
#3725=LINE('',#19291,#4674);
#3726=LINE('',#19295,#4675);
#3727=LINE('',#19297,#4676);
#3728=LINE('',#19298,#4677);
#3729=LINE('',#19300,#4678);
#3730=LINE('',#19301,#4679);
#3731=LINE('',#19309,#4680);
#3732=LINE('',#19315,#4681);
#3733=LINE('',#19321,#4682);
#3734=LINE('',#19327,#4683);
#3735=LINE('',#19347,#4684);
#3736=LINE('',#19354,#4685);
#3737=LINE('',#19360,#4686);
#3738=LINE('',#19362,#4687);
#3739=LINE('',#19364,#4688);
#3740=LINE('',#19365,#4689);
#3741=LINE('',#19368,#4690);
#3742=LINE('',#19370,#4691);
#3743=LINE('',#19371,#4692);
#3744=LINE('',#19374,#4693);
#3745=LINE('',#19376,#4694);
#3746=LINE('',#19377,#4695);
#3747=LINE('',#19379,#4696);
#3748=LINE('',#19380,#4697);
#3749=LINE('',#19388,#4698);
#3750=LINE('',#19395,#4699);
#3751=LINE('',#19401,#4700);
#3752=LINE('',#19403,#4701);
#3753=LINE('',#19405,#4702);
#3754=LINE('',#19406,#4703);
#3755=LINE('',#19409,#4704);
#3756=LINE('',#19411,#4705);
#3757=LINE('',#19412,#4706);
#3758=LINE('',#19415,#4707);
#3759=LINE('',#19417,#4708);
#3760=LINE('',#19418,#4709);
#3761=LINE('',#19420,#4710);
#3762=LINE('',#19421,#4711);
#3763=VECTOR('',#12774,1.7);
#3764=VECTOR('',#12781,1.7);
#3765=VECTOR('',#12788,1.7);
#3766=VECTOR('',#12795,1.7);
#3767=VECTOR('',#12800,10.);
#3768=VECTOR('',#12803,10.);
#3769=VECTOR('',#12808,10.);
#3770=VECTOR('',#12811,10.);
#3771=VECTOR('',#12828,10.);
#3772=VECTOR('',#12831,10.);
#3773=VECTOR('',#12836,10.);
#3774=VECTOR('',#12839,10.);
#3775=VECTOR('',#12858,1.7);
#3776=VECTOR('',#12865,1.7);
#3777=VECTOR('',#12872,1.7);
#3778=VECTOR('',#12879,1.7);
#3779=VECTOR('',#12886,1.25);
#3780=VECTOR('',#12893,1.25);
#3781=VECTOR('',#12900,1.25);
#3782=VECTOR('',#12907,1.25);
#3783=VECTOR('',#12914,1.25);
#3784=VECTOR('',#12921,1.25);
#3785=VECTOR('',#12928,1.25);
#3786=VECTOR('',#12935,1.25);
#3787=VECTOR('',#12942,1.25);
#3788=VECTOR('',#12949,1.25);
#3789=VECTOR('',#12956,1.25);
#3790=VECTOR('',#12963,1.25);
#3791=VECTOR('',#12968,10.);
#3792=VECTOR('',#12969,10.);
#3793=VECTOR('',#12970,10.);
#3794=VECTOR('',#12971,10.);
#3795=VECTOR('',#12974,10.);
#3796=VECTOR('',#12975,10.);
#3797=VECTOR('',#12976,10.);
#3798=VECTOR('',#12977,10.);
#3799=VECTOR('',#12980,10.);
#3800=VECTOR('',#12981,10.);
#3801=VECTOR('',#12984,10.);
#3802=VECTOR('',#12985,10.);
#3803=VECTOR('',#12988,10.);
#3804=VECTOR('',#12989,10.);
#3805=VECTOR('',#12990,10.);
#3806=VECTOR('',#12991,10.);
#3807=VECTOR('',#12994,10.);
#3808=VECTOR('',#12995,10.);
#3809=VECTOR('',#12996,10.);
#3810=VECTOR('',#12997,10.);
#3811=VECTOR('',#13000,10.);
#3812=VECTOR('',#13001,10.);
#3813=VECTOR('',#13004,10.);
#3814=VECTOR('',#13005,10.);
#3815=VECTOR('',#13008,10.);
#3816=VECTOR('',#13009,10.);
#3817=VECTOR('',#13010,10.);
#3818=VECTOR('',#13011,10.);
#3819=VECTOR('',#13014,10.);
#3820=VECTOR('',#13015,10.);
#3821=VECTOR('',#13016,10.);
#3822=VECTOR('',#13017,10.);
#3823=VECTOR('',#13020,10.);
#3824=VECTOR('',#13021,10.);
#3825=VECTOR('',#13024,10.);
#3826=VECTOR('',#13025,10.);
#3827=VECTOR('',#13028,10.);
#3828=VECTOR('',#13029,10.);
#3829=VECTOR('',#13030,10.);
#3830=VECTOR('',#13031,10.);
#3831=VECTOR('',#13034,10.);
#3832=VECTOR('',#13035,10.);
#3833=VECTOR('',#13036,10.);
#3834=VECTOR('',#13037,10.);
#3835=VECTOR('',#13040,10.);
#3836=VECTOR('',#13041,10.);
#3837=VECTOR('',#13044,10.);
#3838=VECTOR('',#13045,10.);
#3839=VECTOR('',#13050,1.45);
#3840=VECTOR('',#13057,1.45);
#3841=VECTOR('',#13064,1.45);
#3842=VECTOR('',#13071,1.45);
#3843=VECTOR('',#13078,1.45);
#3844=VECTOR('',#13085,1.45);
#3845=VECTOR('',#13092,1.7);
#3846=VECTOR('',#13099,1.7);
#3847=VECTOR('',#13106,1.7);
#3848=VECTOR('',#13113,1.7);
#3849=VECTOR('',#13120,1.7);
#3850=VECTOR('',#13127,1.7);
#3851=VECTOR('',#13134,1.7);
#3852=VECTOR('',#13141,1.7);
#3853=VECTOR('',#13148,1.7);
#3854=VECTOR('',#13155,1.7);
#3855=VECTOR('',#13162,1.7);
#3856=VECTOR('',#13169,1.7);
#3857=VECTOR('',#13174,10.);
#3858=VECTOR('',#13175,10.);
#3859=VECTOR('',#13176,10.);
#3860=VECTOR('',#13177,10.);
#3861=VECTOR('',#13180,10.);
#3862=VECTOR('',#13181,10.);
#3863=VECTOR('',#13182,10.);
#3864=VECTOR('',#13185,10.);
#3865=VECTOR('',#13186,10.);
#3866=VECTOR('',#13187,10.);
#3867=VECTOR('',#13190,10.);
#3868=VECTOR('',#13191,10.);
#3869=VECTOR('',#13192,10.);
#3870=VECTOR('',#13193,10.);
#3871=VECTOR('',#13194,10.);
#3872=VECTOR('',#13195,10.);
#3873=VECTOR('',#13196,10.);
#3874=VECTOR('',#13197,10.);
#3875=VECTOR('',#13198,10.);
#3876=VECTOR('',#13201,10.);
#3877=VECTOR('',#13202,10.);
#3878=VECTOR('',#13205,10.);
#3879=VECTOR('',#13206,10.);
#3880=VECTOR('',#13207,10.);
#3881=VECTOR('',#13210,10.);
#3882=VECTOR('',#13211,10.);
#3883=VECTOR('',#13214,10.);
#3884=VECTOR('',#13215,10.);
#3885=VECTOR('',#13218,10.);
#3886=VECTOR('',#13219,10.);
#3887=VECTOR('',#13220,10.);
#3888=VECTOR('',#13221,10.);
#3889=VECTOR('',#13222,10.);
#3890=VECTOR('',#13225,10.);
#3891=VECTOR('',#13228,10.);
#3892=VECTOR('',#13231,10.);
#3893=VECTOR('',#13242,1.7);
#3894=VECTOR('',#13249,1.7);
#3895=VECTOR('',#13256,1.7);
#3896=VECTOR('',#13263,1.7);
#3897=VECTOR('',#13268,10.);
#3898=VECTOR('',#13269,10.);
#3899=VECTOR('',#13270,10.);
#3900=VECTOR('',#13271,10.);
#3901=VECTOR('',#13274,10.);
#3902=VECTOR('',#13275,10.);
#3903=VECTOR('',#13276,10.);
#3904=VECTOR('',#13279,10.);
#3905=VECTOR('',#13280,10.);
#3906=VECTOR('',#13281,10.);
#3907=VECTOR('',#13284,10.);
#3908=VECTOR('',#13285,10.);
#3909=VECTOR('',#13286,10.);
#3910=VECTOR('',#13287,10.);
#3911=VECTOR('',#13288,10.);
#3912=VECTOR('',#13291,10.);
#3913=VECTOR('',#13292,10.);
#3914=VECTOR('',#13295,10.);
#3915=VECTOR('',#13296,10.);
#3916=VECTOR('',#13299,10.);
#3917=VECTOR('',#13300,10.);
#3918=VECTOR('',#13303,10.);
#3919=VECTOR('',#13304,10.);
#3920=VECTOR('',#13307,10.);
#3921=VECTOR('',#13316,1.7);
#3922=VECTOR('',#13323,1.7);
#3923=VECTOR('',#13330,1.7);
#3924=VECTOR('',#13337,1.7);
#3925=VECTOR('',#13342,10.);
#3926=VECTOR('',#13343,10.);
#3927=VECTOR('',#13344,10.);
#3928=VECTOR('',#13345,10.);
#3929=VECTOR('',#13348,10.);
#3930=VECTOR('',#13349,10.);
#3931=VECTOR('',#13350,10.);
#3932=VECTOR('',#13351,10.);
#3933=VECTOR('',#13354,10.);
#3934=VECTOR('',#13355,10.);
#3935=VECTOR('',#13358,10.);
#3936=VECTOR('',#13359,10.);
#3937=VECTOR('',#13360,10.);
#3938=VECTOR('',#13361,10.);
#3939=VECTOR('',#13362,10.);
#3940=VECTOR('',#13365,10.);
#3941=VECTOR('',#13366,10.);
#3942=VECTOR('',#13369,10.);
#3943=VECTOR('',#13370,10.);
#3944=VECTOR('',#13373,10.);
#3945=VECTOR('',#13374,10.);
#3946=VECTOR('',#13377,10.);
#3947=VECTOR('',#13378,10.);
#3948=VECTOR('',#13381,10.);
#3949=VECTOR('',#13390,3.);
#3950=VECTOR('',#13397,1.7);
#3951=VECTOR('',#13404,1.7);
#3952=VECTOR('',#13411,1.7);
#3953=VECTOR('',#13418,1.7);
#3954=VECTOR('',#13425,1.7);
#3955=VECTOR('',#13432,1.7);
#3956=VECTOR('',#13437,10.);
#3957=VECTOR('',#13438,10.);
#3958=VECTOR('',#13439,10.);
#3959=VECTOR('',#13440,10.);
#3960=VECTOR('',#13443,10.);
#3961=VECTOR('',#13444,10.);
#3962=VECTOR('',#13445,10.);
#3963=VECTOR('',#13448,10.);
#3964=VECTOR('',#13449,10.);
#3965=VECTOR('',#13450,10.);
#3966=VECTOR('',#13453,10.);
#3967=VECTOR('',#13454,10.);
#3968=VECTOR('',#13463,10.);
#3969=VECTOR('',#13472,10.);
#3970=VECTOR('',#13473,10.);
#3971=VECTOR('',#13474,10.);
#3972=VECTOR('',#13475,10.);
#3973=VECTOR('',#13482,10.);
#3974=VECTOR('',#13483,10.);
#3975=VECTOR('',#13484,10.);
#3976=VECTOR('',#13487,10.);
#3977=VECTOR('',#13488,10.);
#3978=VECTOR('',#13495,1.7);
#3979=VECTOR('',#13500,1.7);
#3980=VECTOR('',#13503,10.);
#3981=VECTOR('',#13504,10.);
#3982=VECTOR('',#13505,10.);
#3983=VECTOR('',#13506,10.);
#3984=VECTOR('',#13509,10.);
#3985=VECTOR('',#13510,10.);
#3986=VECTOR('',#13511,10.);
#3987=VECTOR('',#13514,10.);
#3988=VECTOR('',#13515,10.);
#3989=VECTOR('',#13524,10.);
#3990=VECTOR('',#13533,10.);
#3991=VECTOR('',#13534,10.);
#3992=VECTOR('',#13535,10.);
#3993=VECTOR('',#13536,10.);
#3994=VECTOR('',#13539,10.);
#3995=VECTOR('',#13540,10.);
#3996=VECTOR('',#13541,10.);
#3997=VECTOR('',#13548,10.);
#3998=VECTOR('',#13549,10.);
#3999=VECTOR('',#13556,1.7);
#4000=VECTOR('',#13561,1.7);
#4001=VECTOR('',#13564,10.);
#4002=VECTOR('',#13565,10.);
#4003=VECTOR('',#13566,10.);
#4004=VECTOR('',#13567,10.);
#4005=VECTOR('',#13570,10.);
#4006=VECTOR('',#13571,10.);
#4007=VECTOR('',#13572,10.);
#4008=VECTOR('',#13575,10.);
#4009=VECTOR('',#13576,10.);
#4010=VECTOR('',#13585,1.25);
#4011=VECTOR('',#13590,1.25);
#4012=VECTOR('',#13599,1.25);
#4013=VECTOR('',#13608,3.);
#4014=VECTOR('',#13609,3.);
#4015=VECTOR('',#13618,1.25);
#4016=VECTOR('',#13621,1.25);
#4017=VECTOR('',#13624,1.25);
#4018=VECTOR('',#13629,1.25);
#4019=VECTOR('',#13638,1.25);
#4020=VECTOR('',#13647,3.);
#4021=VECTOR('',#13648,3.);
#4022=VECTOR('',#13657,1.25);
#4023=VECTOR('',#13662,1.25);
#4024=VECTOR('',#13671,1.25);
#4025=VECTOR('',#13680,3.);
#4026=VECTOR('',#13681,3.);
#4027=VECTOR('',#13690,1.25);
#4028=VECTOR('',#13695,1.25);
#4029=VECTOR('',#13704,1.25);
#4030=VECTOR('',#13713,3.);
#4031=VECTOR('',#13714,3.);
#4032=VECTOR('',#13743,1.7);
#4033=VECTOR('',#13750,1.7);
#4034=VECTOR('',#13757,2.1);
#4035=VECTOR('',#13766,8.1);
#4036=VECTOR('',#13775,21.);
#4037=VECTOR('',#13788,1.7);
#4038=VECTOR('',#13795,1.7);
#4039=VECTOR('',#13802,2.1);
#4040=VECTOR('',#13811,8.1);
#4041=VECTOR('',#13820,21.);
#4042=VECTOR('',#13837,10.);
#4043=VECTOR('',#13838,10.);
#4044=VECTOR('',#13839,10.);
#4045=VECTOR('',#13840,10.);
#4046=VECTOR('',#13843,10.);
#4047=VECTOR('',#13844,10.);
#4048=VECTOR('',#13845,10.);
#4049=VECTOR('',#13848,10.);
#4050=VECTOR('',#13849,10.);
#4051=VECTOR('',#13850,10.);
#4052=VECTOR('',#13853,10.);
#4053=VECTOR('',#13854,10.);
#4054=VECTOR('',#13863,10.);
#4055=VECTOR('',#13864,10.);
#4056=VECTOR('',#13865,10.);
#4057=VECTOR('',#13866,10.);
#4058=VECTOR('',#13869,10.);
#4059=VECTOR('',#13870,10.);
#4060=VECTOR('',#13871,10.);
#4061=VECTOR('',#13874,10.);
#4062=VECTOR('',#13875,10.);
#4063=VECTOR('',#13876,10.);
#4064=VECTOR('',#13879,10.);
#4065=VECTOR('',#13880,10.);
#4066=VECTOR('',#13889,10.);
#4067=VECTOR('',#13890,10.);
#4068=VECTOR('',#13891,10.);
#4069=VECTOR('',#13892,10.);
#4070=VECTOR('',#13895,10.);
#4071=VECTOR('',#13896,10.);
#4072=VECTOR('',#13897,10.);
#4073=VECTOR('',#13900,10.);
#4074=VECTOR('',#13901,10.);
#4075=VECTOR('',#13902,10.);
#4076=VECTOR('',#13905,10.);
#4077=VECTOR('',#13906,10.);
#4078=VECTOR('',#13917,1.);
#4079=VECTOR('',#13924,0.999999999999997);
#4080=VECTOR('',#13929,10.);
#4081=VECTOR('',#13930,10.);
#4082=VECTOR('',#13931,10.);
#4083=VECTOR('',#13932,10.);
#4084=VECTOR('',#13935,10.);
#4085=VECTOR('',#13936,10.);
#4086=VECTOR('',#13937,10.);
#4087=VECTOR('',#13940,10.);
#4088=VECTOR('',#13941,10.);
#4089=VECTOR('',#13942,10.);
#4090=VECTOR('',#13945,10.);
#4091=VECTOR('',#13946,10.);
#4092=VECTOR('',#13955,10.);
#4093=VECTOR('',#13956,10.);
#4094=VECTOR('',#13957,10.);
#4095=VECTOR('',#13958,10.);
#4096=VECTOR('',#13961,10.);
#4097=VECTOR('',#13962,10.);
#4098=VECTOR('',#13963,10.);
#4099=VECTOR('',#13966,10.);
#4100=VECTOR('',#13967,10.);
#4101=VECTOR('',#13968,10.);
#4102=VECTOR('',#13971,10.);
#4103=VECTOR('',#13972,10.);
#4104=VECTOR('',#13999,1.7);
#4105=VECTOR('',#14006,1.7);
#4106=VECTOR('',#14013,1.7);
#4107=VECTOR('',#14020,1.7);
#4108=VECTOR('',#14025,10.);
#4109=VECTOR('',#14026,10.);
#4110=VECTOR('',#14027,10.);
#4111=VECTOR('',#14028,10.);
#4112=VECTOR('',#14031,10.);
#4113=VECTOR('',#14032,10.);
#4114=VECTOR('',#14033,10.);
#4115=VECTOR('',#14036,10.);
#4116=VECTOR('',#14037,10.);
#4117=VECTOR('',#14038,10.);
#4118=VECTOR('',#14041,10.);
#4119=VECTOR('',#14042,10.);
#4120=VECTOR('',#14057,1.45);
#4121=VECTOR('',#14064,1.45);
#4122=VECTOR('',#14071,1.45);
#4123=VECTOR('',#14078,1.45);
#4124=VECTOR('',#14083,10.);
#4125=VECTOR('',#14084,10.);
#4126=VECTOR('',#14085,10.);
#4127=VECTOR('',#14086,10.);
#4128=VECTOR('',#14089,10.);
#4129=VECTOR('',#14090,10.);
#4130=VECTOR('',#14091,10.);
#4131=VECTOR('',#14094,10.);
#4132=VECTOR('',#14095,10.);
#4133=VECTOR('',#14096,10.);
#4134=VECTOR('',#14099,10.);
#4135=VECTOR('',#14100,10.);
#4136=VECTOR('',#14103,10.);
#4137=VECTOR('',#14104,10.);
#4138=VECTOR('',#14105,10.);
#4139=VECTOR('',#14106,10.);
#4140=VECTOR('',#14109,10.);
#4141=VECTOR('',#14110,10.);
#4142=VECTOR('',#14111,10.);
#4143=VECTOR('',#14114,10.);
#4144=VECTOR('',#14115,10.);
#4145=VECTOR('',#14116,10.);
#4146=VECTOR('',#14119,10.);
#4147=VECTOR('',#14120,10.);
#4148=VECTOR('',#14123,10.);
#4149=VECTOR('',#14124,10.);
#4150=VECTOR('',#14125,10.);
#4151=VECTOR('',#14126,10.);
#4152=VECTOR('',#14129,10.);
#4153=VECTOR('',#14130,10.);
#4154=VECTOR('',#14131,10.);
#4155=VECTOR('',#14134,10.);
#4156=VECTOR('',#14135,10.);
#4157=VECTOR('',#14136,10.);
#4158=VECTOR('',#14139,10.);
#4159=VECTOR('',#14140,10.);
#4160=VECTOR('',#14147,10.);
#4161=VECTOR('',#14148,10.);
#4162=VECTOR('',#14149,10.);
#4163=VECTOR('',#14150,10.);
#4164=VECTOR('',#14153,10.);
#4165=VECTOR('',#14154,10.);
#4166=VECTOR('',#14155,10.);
#4167=VECTOR('',#14158,10.);
#4168=VECTOR('',#14159,10.);
#4169=VECTOR('',#14160,10.);
#4170=VECTOR('',#14163,10.);
#4171=VECTOR('',#14164,10.);
#4172=VECTOR('',#14171,10.);
#4173=VECTOR('',#14172,10.);
#4174=VECTOR('',#14173,10.);
#4175=VECTOR('',#14174,10.);
#4176=VECTOR('',#14177,10.);
#4177=VECTOR('',#14178,10.);
#4178=VECTOR('',#14179,10.);
#4179=VECTOR('',#14180,10.);
#4180=VECTOR('',#14183,10.);
#4181=VECTOR('',#14184,10.);
#4182=VECTOR('',#14187,10.);
#4183=VECTOR('',#14190,10.);
#4184=VECTOR('',#14199,1.05);
#4185=VECTOR('',#14208,1.05);
#4186=VECTOR('',#14217,2.5);
#4187=VECTOR('',#14230,1.05);
#4188=VECTOR('',#14239,1.05);
#4189=VECTOR('',#14248,2.5);
#4190=VECTOR('',#14261,1.05);
#4191=VECTOR('',#14270,1.05);
#4192=VECTOR('',#14279,2.5);
#4193=VECTOR('',#14292,1.05);
#4194=VECTOR('',#14301,1.05);
#4195=VECTOR('',#14310,2.5);
#4196=VECTOR('',#14323,1.05);
#4197=VECTOR('',#14332,1.05);
#4198=VECTOR('',#14341,3.);
#4199=VECTOR('',#14354,1.05);
#4200=VECTOR('',#14363,1.05);
#4201=VECTOR('',#14372,3.);
#4202=VECTOR('',#14385,1.7);
#4203=VECTOR('',#14392,1.7);
#4204=VECTOR('',#14397,10.);
#4205=VECTOR('',#14398,10.);
#4206=VECTOR('',#14399,10.);
#4207=VECTOR('',#14400,10.);
#4208=VECTOR('',#14403,10.);
#4209=VECTOR('',#14404,10.);
#4210=VECTOR('',#14405,10.);
#4211=VECTOR('',#14406,10.);
#4212=VECTOR('',#14409,10.);
#4213=VECTOR('',#14410,10.);
#4214=VECTOR('',#14413,10.);
#4215=VECTOR('',#14414,10.);
#4216=VECTOR('',#14415,10.);
#4217=VECTOR('',#14416,10.);
#4218=VECTOR('',#14417,10.);
#4219=VECTOR('',#14420,10.);
#4220=VECTOR('',#14421,10.);
#4221=VECTOR('',#14424,10.);
#4222=VECTOR('',#14425,10.);
#4223=VECTOR('',#14428,10.);
#4224=VECTOR('',#14429,10.);
#4225=VECTOR('',#14430,10.);
#4226=VECTOR('',#14431,10.);
#4227=VECTOR('',#14434,10.);
#4228=VECTOR('',#14435,10.);
#4229=VECTOR('',#14436,10.);
#4230=VECTOR('',#14439,10.);
#4231=VECTOR('',#14440,10.);
#4232=VECTOR('',#14441,10.);
#4233=VECTOR('',#14444,10.);
#4234=VECTOR('',#14445,10.);
#4235=VECTOR('',#14450,10.);
#4236=VECTOR('',#14451,10.);
#4237=VECTOR('',#14454,10.);
#4238=VECTOR('',#14455,10.);
#4239=VECTOR('',#14458,10.);
#4240=VECTOR('',#14467,1.7);
#4241=VECTOR('',#14474,1.7);
#4242=VECTOR('',#14479,10.);
#4243=VECTOR('',#14480,10.);
#4244=VECTOR('',#14481,10.);
#4245=VECTOR('',#14482,10.);
#4246=VECTOR('',#14485,10.);
#4247=VECTOR('',#14486,10.);
#4248=VECTOR('',#14487,10.);
#4249=VECTOR('',#14488,10.);
#4250=VECTOR('',#14491,10.);
#4251=VECTOR('',#14492,10.);
#4252=VECTOR('',#14495,10.);
#4253=VECTOR('',#14496,10.);
#4254=VECTOR('',#14497,10.);
#4255=VECTOR('',#14498,10.);
#4256=VECTOR('',#14499,10.);
#4257=VECTOR('',#14502,10.);
#4258=VECTOR('',#14503,10.);
#4259=VECTOR('',#14506,10.);
#4260=VECTOR('',#14507,10.);
#4261=VECTOR('',#14510,10.);
#4262=VECTOR('',#14511,10.);
#4263=VECTOR('',#14512,10.);
#4264=VECTOR('',#14513,10.);
#4265=VECTOR('',#14516,10.);
#4266=VECTOR('',#14517,10.);
#4267=VECTOR('',#14518,10.);
#4268=VECTOR('',#14521,10.);
#4269=VECTOR('',#14522,10.);
#4270=VECTOR('',#14523,10.);
#4271=VECTOR('',#14526,10.);
#4272=VECTOR('',#14527,10.);
#4273=VECTOR('',#14532,10.);
#4274=VECTOR('',#14533,10.);
#4275=VECTOR('',#14536,10.);
#4276=VECTOR('',#14537,10.);
#4277=VECTOR('',#14540,10.);
#4278=VECTOR('',#14549,1.1);
#4279=VECTOR('',#14556,1.1);
#4280=VECTOR('',#14563,1.7);
#4281=VECTOR('',#14570,1.7);
#4282=VECTOR('',#14575,10.);
#4283=VECTOR('',#14576,10.);
#4284=VECTOR('',#14577,10.);
#4285=VECTOR('',#14578,10.);
#4286=VECTOR('',#14581,10.);
#4287=VECTOR('',#14582,10.);
#4288=VECTOR('',#14583,10.);
#4289=VECTOR('',#14586,10.);
#4290=VECTOR('',#14587,10.);
#4291=VECTOR('',#14588,10.);
#4292=VECTOR('',#14591,10.);
#4293=VECTOR('',#14592,10.);
#4294=VECTOR('',#14629,10.);
#4295=VECTOR('',#14630,10.);
#4296=VECTOR('',#14631,10.);
#4297=VECTOR('',#14632,10.);
#4298=VECTOR('',#14635,10.);
#4299=VECTOR('',#14636,10.);
#4300=VECTOR('',#14637,10.);
#4301=VECTOR('',#14640,10.);
#4302=VECTOR('',#14641,10.);
#4303=VECTOR('',#14642,10.);
#4304=VECTOR('',#14645,10.);
#4305=VECTOR('',#14646,10.);
#4306=VECTOR('',#14657,1.6);
#4307=VECTOR('',#14662,10.);
#4308=VECTOR('',#14663,10.);
#4309=VECTOR('',#14664,10.);
#4310=VECTOR('',#14665,10.);
#4311=VECTOR('',#14666,10.);
#4312=VECTOR('',#14667,10.);
#4313=VECTOR('',#14670,10.);
#4314=VECTOR('',#14671,10.);
#4315=VECTOR('',#14672,10.);
#4316=VECTOR('',#14675,10.);
#4317=VECTOR('',#14676,10.);
#4318=VECTOR('',#14677,10.);
#4319=VECTOR('',#14678,10.);
#4320=VECTOR('',#14679,10.);
#4321=VECTOR('',#14682,10.);
#4322=VECTOR('',#14683,10.);
#4323=VECTOR('',#14686,10.);
#4324=VECTOR('',#14691,10.);
#4325=VECTOR('',#14692,10.);
#4326=VECTOR('',#14693,10.);
#4327=VECTOR('',#14694,10.);
#4328=VECTOR('',#14695,10.);
#4329=VECTOR('',#14700,3.2);
#4330=VECTOR('',#14705,10.);
#4331=VECTOR('',#14706,10.);
#4332=VECTOR('',#14707,10.);
#4333=VECTOR('',#14708,10.);
#4334=VECTOR('',#14711,10.);
#4335=VECTOR('',#14712,10.);
#4336=VECTOR('',#14715,10.);
#4337=VECTOR('',#14716,10.);
#4338=VECTOR('',#14725,10.);
#4339=VECTOR('',#14726,10.);
#4340=VECTOR('',#14727,10.);
#4341=VECTOR('',#14728,10.);
#4342=VECTOR('',#14731,10.);
#4343=VECTOR('',#14732,10.);
#4344=VECTOR('',#14733,10.);
#4345=VECTOR('',#14738,10.);
#4346=VECTOR('',#14739,10.);
#4347=VECTOR('',#14740,10.);
#4348=VECTOR('',#14741,10.);
#4349=VECTOR('',#14746,1.25);
#4350=VECTOR('',#14755,1.25);
#4351=VECTOR('',#14762,10.);
#4352=VECTOR('',#14763,10.);
#4353=VECTOR('',#14766,10.);
#4354=VECTOR('',#14767,10.);
#4355=VECTOR('',#14770,10.);
#4356=VECTOR('',#14771,10.);
#4357=VECTOR('',#14776,3.2);
#4358=VECTOR('',#14779,10.);
#4359=VECTOR('',#14786,10.);
#4360=VECTOR('',#14787,10.);
#4361=VECTOR('',#14788,10.);
#4362=VECTOR('',#14789,10.);
#4363=VECTOR('',#14792,10.);
#4364=VECTOR('',#14793,10.);
#4365=VECTOR('',#14794,10.);
#4366=VECTOR('',#14799,10.);
#4367=VECTOR('',#14800,10.);
#4368=VECTOR('',#14801,10.);
#4369=VECTOR('',#14802,10.);
#4370=VECTOR('',#14807,1.25);
#4371=VECTOR('',#14816,1.25);
#4372=VECTOR('',#14823,10.);
#4373=VECTOR('',#14824,10.);
#4374=VECTOR('',#14827,10.);
#4375=VECTOR('',#14828,10.);
#4376=VECTOR('',#14831,10.);
#4377=VECTOR('',#14832,10.);
#4378=VECTOR('',#14835,3.2);
#4379=VECTOR('',#14840,10.);
#4380=VECTOR('',#14845,10.);
#4381=VECTOR('',#14846,10.);
#4382=VECTOR('',#14847,10.);
#4383=VECTOR('',#14848,10.);
#4384=VECTOR('',#14849,10.);
#4385=VECTOR('',#14850,10.);
#4386=VECTOR('',#14853,10.);
#4387=VECTOR('',#14854,10.);
#4388=VECTOR('',#14855,10.);
#4389=VECTOR('',#14858,10.);
#4390=VECTOR('',#14859,10.);
#4391=VECTOR('',#14862,10.);
#4392=VECTOR('',#14863,10.);
#4393=VECTOR('',#14866,10.);
#4394=VECTOR('',#14867,10.);
#4395=VECTOR('',#14870,10.);
#4396=VECTOR('',#14871,10.);
#4397=VECTOR('',#14874,10.);
#4398=VECTOR('',#14883,2.5);
#4399=VECTOR('',#14896,3.);
#4400=VECTOR('',#14903,2.5);
#4401=VECTOR('',#14914,3.);
#4402=VECTOR('',#14925,3.);
#4403=VECTOR('',#14932,1.5);
#4404=VECTOR('',#14939,10.);
#4405=VECTOR('',#14940,10.);
#4406=VECTOR('',#14941,10.);
#4407=VECTOR('',#14942,10.);
#4408=VECTOR('',#14945,10.);
#4409=VECTOR('',#14946,10.);
#4410=VECTOR('',#14947,10.);
#4411=VECTOR('',#14950,10.);
#4412=VECTOR('',#14951,10.);
#4413=VECTOR('',#14952,10.);
#4414=VECTOR('',#14955,10.);
#4415=VECTOR('',#14956,10.);
#4416=VECTOR('',#14965,10.);
#4417=VECTOR('',#14966,10.);
#4418=VECTOR('',#14967,10.);
#4419=VECTOR('',#14968,10.);
#4420=VECTOR('',#14971,10.);
#4421=VECTOR('',#14972,10.);
#4422=VECTOR('',#14973,10.);
#4423=VECTOR('',#14976,10.);
#4424=VECTOR('',#14977,10.);
#4425=VECTOR('',#14978,10.);
#4426=VECTOR('',#14981,10.);
#4427=VECTOR('',#14982,10.);
#4428=VECTOR('',#14991,10.);
#4429=VECTOR('',#14992,10.);
#4430=VECTOR('',#14993,10.);
#4431=VECTOR('',#14994,10.);
#4432=VECTOR('',#14997,10.);
#4433=VECTOR('',#14998,10.);
#4434=VECTOR('',#14999,10.);
#4435=VECTOR('',#15002,10.);
#4436=VECTOR('',#15003,10.);
#4437=VECTOR('',#15004,10.);
#4438=VECTOR('',#15007,10.);
#4439=VECTOR('',#15008,10.);
#4440=VECTOR('',#15019,1.6);
#4441=VECTOR('',#15026,1.6);
#4442=VECTOR('',#15031,10.);
#4443=VECTOR('',#15032,10.);
#4444=VECTOR('',#15033,10.);
#4445=VECTOR('',#15034,10.);
#4446=VECTOR('',#15037,10.);
#4447=VECTOR('',#15038,10.);
#4448=VECTOR('',#15039,10.);
#4449=VECTOR('',#15042,10.);
#4450=VECTOR('',#15043,10.);
#4451=VECTOR('',#15044,10.);
#4452=VECTOR('',#15047,10.);
#4453=VECTOR('',#15048,10.);
#4454=VECTOR('',#15059,1.6);
#4455=VECTOR('',#15066,1.6);
#4456=VECTOR('',#15071,10.);
#4457=VECTOR('',#15072,10.);
#4458=VECTOR('',#15073,10.);
#4459=VECTOR('',#15074,10.);
#4460=VECTOR('',#15077,10.);
#4461=VECTOR('',#15078,10.);
#4462=VECTOR('',#15079,10.);
#4463=VECTOR('',#15082,10.);
#4464=VECTOR('',#15083,10.);
#4465=VECTOR('',#15084,10.);
#4466=VECTOR('',#15087,10.);
#4467=VECTOR('',#15088,10.);
#4468=VECTOR('',#15097,10.);
#4469=VECTOR('',#15098,10.);
#4470=VECTOR('',#15099,10.);
#4471=VECTOR('',#15100,10.);
#4472=VECTOR('',#15103,10.);
#4473=VECTOR('',#15104,10.);
#4474=VECTOR('',#15105,10.);
#4475=VECTOR('',#15108,10.);
#4476=VECTOR('',#15109,10.);
#4477=VECTOR('',#15112,10.);
#4478=VECTOR('',#15113,10.);
#4479=VECTOR('',#15116,10.);
#4480=VECTOR('',#15123,10.);
#4481=VECTOR('',#15126,10.);
#4482=VECTOR('',#15131,10.);
#4483=VECTOR('',#15134,10.);
#4484=VECTOR('',#15139,10.);
#4485=VECTOR('',#15140,10.);
#4486=VECTOR('',#15141,10.);
#4487=VECTOR('',#15144,10.);
#4488=VECTOR('',#15145,10.);
#4489=VECTOR('',#15146,10.);
#4490=VECTOR('',#15149,10.);
#4491=VECTOR('',#15150,10.);
#4492=VECTOR('',#15151,10.);
#4493=VECTOR('',#15152,10.);
#4494=VECTOR('',#15155,10.);
#4495=VECTOR('',#15156,10.);
#4496=VECTOR('',#15159,10.);
#4497=VECTOR('',#15160,10.);
#4498=VECTOR('',#15163,10.);
#4499=VECTOR('',#15166,10.);
#4500=VECTOR('',#15175,1.25);
#4501=VECTOR('',#15180,10.);
#4502=VECTOR('',#15181,10.);
#4503=VECTOR('',#15182,10.);
#4504=VECTOR('',#15183,10.);
#4505=VECTOR('',#15186,10.);
#4506=VECTOR('',#15187,10.);
#4507=VECTOR('',#15188,10.);
#4508=VECTOR('',#15191,10.);
#4509=VECTOR('',#15192,10.);
#4510=VECTOR('',#15193,10.);
#4511=VECTOR('',#15196,10.);
#4512=VECTOR('',#15197,10.);
#4513=VECTOR('',#15208,1.25);
#4514=VECTOR('',#15213,10.);
#4515=VECTOR('',#15214,10.);
#4516=VECTOR('',#15215,10.);
#4517=VECTOR('',#15216,10.);
#4518=VECTOR('',#15219,10.);
#4519=VECTOR('',#15220,10.);
#4520=VECTOR('',#15221,10.);
#4521=VECTOR('',#15224,10.);
#4522=VECTOR('',#15225,10.);
#4523=VECTOR('',#15226,10.);
#4524=VECTOR('',#15229,10.);
#4525=VECTOR('',#15230,10.);
#4526=VECTOR('',#15239,10.);
#4527=VECTOR('',#15242,10.);
#4528=VECTOR('',#15247,10.);
#4529=VECTOR('',#15250,10.);
#4530=VECTOR('',#15255,10.);
#4531=VECTOR('',#15256,10.);
#4532=VECTOR('',#15257,10.);
#4533=VECTOR('',#15260,10.);
#4534=VECTOR('',#15261,10.);
#4535=VECTOR('',#15262,10.);
#4536=VECTOR('',#15265,10.);
#4537=VECTOR('',#15266,10.);
#4538=VECTOR('',#15267,10.);
#4539=VECTOR('',#15268,10.);
#4540=VECTOR('',#15271,10.);
#4541=VECTOR('',#15272,10.);
#4542=VECTOR('',#15275,10.);
#4543=VECTOR('',#15276,10.);
#4544=VECTOR('',#15279,10.);
#4545=VECTOR('',#15282,10.);
#4546=VECTOR('',#15291,1.25);
#4547=VECTOR('',#15296,10.);
#4548=VECTOR('',#15297,10.);
#4549=VECTOR('',#15298,10.);
#4550=VECTOR('',#15299,10.);
#4551=VECTOR('',#15302,10.);
#4552=VECTOR('',#15303,10.);
#4553=VECTOR('',#15304,10.);
#4554=VECTOR('',#15307,10.);
#4555=VECTOR('',#15308,10.);
#4556=VECTOR('',#15309,10.);
#4557=VECTOR('',#15312,10.);
#4558=VECTOR('',#15313,10.);
#4559=VECTOR('',#15324,1.25);
#4560=VECTOR('',#15329,10.);
#4561=VECTOR('',#15330,10.);
#4562=VECTOR('',#15331,10.);
#4563=VECTOR('',#15332,10.);
#4564=VECTOR('',#15335,10.);
#4565=VECTOR('',#15336,10.);
#4566=VECTOR('',#15337,10.);
#4567=VECTOR('',#15340,10.);
#4568=VECTOR('',#15341,10.);
#4569=VECTOR('',#15342,10.);
#4570=VECTOR('',#15345,10.);
#4571=VECTOR('',#15346,10.);
#4572=VECTOR('',#15355,10.);
#4573=VECTOR('',#15358,10.);
#4574=VECTOR('',#15363,10.);
#4575=VECTOR('',#15364,10.);
#4576=VECTOR('',#15365,10.);
#4577=VECTOR('',#15368,10.);
#4578=VECTOR('',#15373,10.);
#4579=VECTOR('',#15374,10.);
#4580=VECTOR('',#15385,10.);
#4581=VECTOR('',#15388,10.);
#4582=VECTOR('',#15393,10.);
#4583=VECTOR('',#15394,10.);
#4584=VECTOR('',#15395,10.);
#4585=VECTOR('',#15398,10.);
#4586=VECTOR('',#15403,10.);
#4587=VECTOR('',#15404,10.);
#4588=VECTOR('',#15457,11.);
#4589=VECTOR('',#15470,2.);
#4590=VECTOR('',#15483,1.6);
#4591=VECTOR('',#15490,1.6);
#4592=VECTOR('',#15497,1.6);
#4593=VECTOR('',#15504,1.6);
#4594=VECTOR('',#15511,11.1);
#4595=VECTOR('',#15516,10.);
#4596=VECTOR('',#15517,10.);
#4597=VECTOR('',#15518,10.);
#4598=VECTOR('',#15519,10.);
#4599=VECTOR('',#15522,10.);
#4600=VECTOR('',#15523,10.);
#4601=VECTOR('',#15524,10.);
#4602=VECTOR('',#15527,10.);
#4603=VECTOR('',#15528,10.);
#4604=VECTOR('',#15529,10.);
#4605=VECTOR('',#15532,10.);
#4606=VECTOR('',#15533,10.);
#4607=VECTOR('',#15542,10.);
#4608=VECTOR('',#15543,10.);
#4609=VECTOR('',#15544,10.);
#4610=VECTOR('',#15545,10.);
#4611=VECTOR('',#15548,10.);
#4612=VECTOR('',#15549,10.);
#4613=VECTOR('',#15550,10.);
#4614=VECTOR('',#15553,10.);
#4615=VECTOR('',#15554,10.);
#4616=VECTOR('',#15555,10.);
#4617=VECTOR('',#15558,10.);
#4618=VECTOR('',#15559,10.);
#4619=VECTOR('',#15560,10.);
#4620=VECTOR('',#15575,1.25);
#4621=VECTOR('',#15584,1.25);
#4622=VECTOR('',#15591,1.25);
#4623=VECTOR('',#15596,1.25);
#4624=VECTOR('',#15601,1.25);
#4625=VECTOR('',#15606,1.25);
#4626=VECTOR('',#15611,11.1);
#4627=VECTOR('',#15616,10.);
#4628=VECTOR('',#15617,10.);
#4629=VECTOR('',#15618,10.);
#4630=VECTOR('',#15621,10.);
#4631=VECTOR('',#15622,10.);
#4632=VECTOR('',#15633,1.25);
#4633=VECTOR('',#15640,1.25);
#4634=VECTOR('',#15647,2.);
#4635=VECTOR('',#15654,8.);
#4636=VECTOR('',#15667,11.);
#4637=VECTOR('',#15680,2.);
#4638=VECTOR('',#15693,1.6);
#4639=VECTOR('',#15700,1.6);
#4640=VECTOR('',#15707,1.6);
#4641=VECTOR('',#15714,1.6);
#4642=VECTOR('',#15721,11.1);
#4643=VECTOR('',#15726,10.);
#4644=VECTOR('',#15727,10.);
#4645=VECTOR('',#15728,10.);
#4646=VECTOR('',#15729,10.);
#4647=VECTOR('',#15732,10.);
#4648=VECTOR('',#15733,10.);
#4649=VECTOR('',#15734,10.);
#4650=VECTOR('',#15737,10.);
#4651=VECTOR('',#15738,10.);
#4652=VECTOR('',#15739,10.);
#4653=VECTOR('',#15742,10.);
#4654=VECTOR('',#15743,10.);
#4655=VECTOR('',#15752,10.);
#4656=VECTOR('',#15753,10.);
#4657=VECTOR('',#15754,10.);
#4658=VECTOR('',#15755,10.);
#4659=VECTOR('',#15758,10.);
#4660=VECTOR('',#15759,10.);
#4661=VECTOR('',#15760,10.);
#4662=VECTOR('',#15763,10.);
#4663=VECTOR('',#15764,10.);
#4664=VECTOR('',#15765,10.);
#4665=VECTOR('',#15768,10.);
#4666=VECTOR('',#15769,10.);
#4667=VECTOR('',#15770,10.);
#4668=VECTOR('',#15785,1.25);
#4669=VECTOR('',#15794,1.25);
#4670=VECTOR('',#15801,1.25);
#4671=VECTOR('',#15806,1.25);
#4672=VECTOR('',#15811,1.25);
#4673=VECTOR('',#15816,1.25);
#4674=VECTOR('',#15821,11.1);
#4675=VECTOR('',#15826,10.);
#4676=VECTOR('',#15827,10.);
#4677=VECTOR('',#15828,10.);
#4678=VECTOR('',#15831,10.);
#4679=VECTOR('',#15832,10.);
#4680=VECTOR('',#15843,1.25);
#4681=VECTOR('',#15850,1.25);
#4682=VECTOR('',#15857,2.);
#4683=VECTOR('',#15864,8.);
#4684=VECTOR('',#15899,1.25);
#4685=VECTOR('',#15908,1.25);
#4686=VECTOR('',#15915,10.);
#4687=VECTOR('',#15916,10.);
#4688=VECTOR('',#15917,10.);
#4689=VECTOR('',#15918,10.);
#4690=VECTOR('',#15921,10.);
#4691=VECTOR('',#15922,10.);
#4692=VECTOR('',#15923,10.);
#4693=VECTOR('',#15926,10.);
#4694=VECTOR('',#15927,10.);
#4695=VECTOR('',#15928,10.);
#4696=VECTOR('',#15931,10.);
#4697=VECTOR('',#15932,10.);
#4698=VECTOR('',#15943,1.25);
#4699=VECTOR('',#15952,1.25);
#4700=VECTOR('',#15959,10.);
#4701=VECTOR('',#15960,10.);
#4702=VECTOR('',#15961,10.);
#4703=VECTOR('',#15962,10.);
#4704=VECTOR('',#15965,10.);
#4705=VECTOR('',#15966,10.);
#4706=VECTOR('',#15967,10.);
#4707=VECTOR('',#15970,10.);
#4708=VECTOR('',#15971,10.);
#4709=VECTOR('',#15972,10.);
#4710=VECTOR('',#15975,10.);
#4711=VECTOR('',#15976,10.);
#4712=CIRCLE('',#11625,1.7);
#4713=CIRCLE('',#11626,1.7);
#4714=CIRCLE('',#11628,1.7);
#4715=CIRCLE('',#11629,1.7);
#4716=CIRCLE('',#11631,1.7);
#4717=CIRCLE('',#11632,1.7);
#4718=CIRCLE('',#11634,1.7);
#4719=CIRCLE('',#11635,1.7);
#4720=CIRCLE('',#11637,1.7);
#4721=CIRCLE('',#11638,1.7);
#4722=CIRCLE('',#11640,1.7);
#4723=CIRCLE('',#11641,1.7);
#4724=CIRCLE('',#11643,1.7);
#4725=CIRCLE('',#11644,1.7);
#4726=CIRCLE('',#11646,1.7);
#4727=CIRCLE('',#11647,1.7);
#4728=CIRCLE('',#11649,1.7);
#4729=CIRCLE('',#11650,1.7);
#4730=CIRCLE('',#11652,1.7);
#4731=CIRCLE('',#11653,1.7);
#4732=CIRCLE('',#11655,1.7);
#4733=CIRCLE('',#11656,1.7);
#4734=CIRCLE('',#11658,1.7);
#4735=CIRCLE('',#11659,1.7);
#4736=CIRCLE('',#11661,1.7);
#4737=CIRCLE('',#11662,1.7);
#4738=CIRCLE('',#11664,1.7);
#4739=CIRCLE('',#11665,1.7);
#4740=CIRCLE('',#11667,1.7);
#4741=CIRCLE('',#11668,1.7);
#4742=CIRCLE('',#11670,1.7);
#4743=CIRCLE('',#11671,1.7);
#4744=CIRCLE('',#11673,1.25);
#4745=CIRCLE('',#11674,1.25);
#4746=CIRCLE('',#11676,1.25);
#4747=CIRCLE('',#11677,1.25);
#4748=CIRCLE('',#11679,1.25);
#4749=CIRCLE('',#11680,1.25);
#4750=CIRCLE('',#11682,1.25);
#4751=CIRCLE('',#11683,1.25);
#4752=CIRCLE('',#11685,1.25);
#4753=CIRCLE('',#11686,1.25);
#4754=CIRCLE('',#11688,1.25);
#4755=CIRCLE('',#11689,1.25);
#4756=CIRCLE('',#11691,1.25);
#4757=CIRCLE('',#11692,1.25);
#4758=CIRCLE('',#11694,1.25);
#4759=CIRCLE('',#11695,1.25);
#4760=CIRCLE('',#11697,1.25);
#4761=CIRCLE('',#11698,1.25);
#4762=CIRCLE('',#11700,1.25);
#4763=CIRCLE('',#11701,1.25);
#4764=CIRCLE('',#11703,1.25);
#4765=CIRCLE('',#11704,1.25);
#4766=CIRCLE('',#11706,1.25);
#4767=CIRCLE('',#11707,1.25);
#4768=CIRCLE('',#11725,1.45);
#4769=CIRCLE('',#11726,1.45);
#4770=CIRCLE('',#11728,1.45);
#4771=CIRCLE('',#11729,1.45);
#4772=CIRCLE('',#11731,1.45);
#4773=CIRCLE('',#11732,1.45);
#4774=CIRCLE('',#11734,1.45);
#4775=CIRCLE('',#11735,1.45);
#4776=CIRCLE('',#11737,1.45);
#4777=CIRCLE('',#11738,1.45);
#4778=CIRCLE('',#11740,1.45);
#4779=CIRCLE('',#11741,1.45);
#4780=CIRCLE('',#11743,1.7);
#4781=CIRCLE('',#11744,1.7);
#4782=CIRCLE('',#11746,1.7);
#4783=CIRCLE('',#11747,1.7);
#4784=CIRCLE('',#11749,1.7);
#4785=CIRCLE('',#11750,1.7);
#4786=CIRCLE('',#11752,1.7);
#4787=CIRCLE('',#11753,1.7);
#4788=CIRCLE('',#11755,1.7);
#4789=CIRCLE('',#11756,1.7);
#4790=CIRCLE('',#11758,1.7);
#4791=CIRCLE('',#11759,1.7);
#4792=CIRCLE('',#11761,1.7);
#4793=CIRCLE('',#11762,1.7);
#4794=CIRCLE('',#11764,1.7);
#4795=CIRCLE('',#11765,1.7);
#4796=CIRCLE('',#11767,1.7);
#4797=CIRCLE('',#11768,1.7);
#4798=CIRCLE('',#11770,1.7);
#4799=CIRCLE('',#11771,1.7);
#4800=CIRCLE('',#11773,1.7);
#4801=CIRCLE('',#11774,1.7);
#4802=CIRCLE('',#11776,1.7);
#4803=CIRCLE('',#11777,1.7);
#4804=CIRCLE('',#11794,1.7);
#4805=CIRCLE('',#11795,1.7);
#4806=CIRCLE('',#11797,1.7);
#4807=CIRCLE('',#11798,1.7);
#4808=CIRCLE('',#11800,1.7);
#4809=CIRCLE('',#11801,1.7);
#4810=CIRCLE('',#11803,1.7);
#4811=CIRCLE('',#11804,1.7);
#4812=CIRCLE('',#11817,1.7);
#4813=CIRCLE('',#11818,1.7);
#4814=CIRCLE('',#11820,1.7);
#4815=CIRCLE('',#11821,1.7);
#4816=CIRCLE('',#11823,1.7);
#4817=CIRCLE('',#11824,1.7);
#4818=CIRCLE('',#11826,1.7);
#4819=CIRCLE('',#11827,1.7);
#4820=CIRCLE('',#11840,3.);
#4821=CIRCLE('',#11841,3.);
#4822=CIRCLE('',#11843,1.7);
#4823=CIRCLE('',#11844,1.7);
#4824=CIRCLE('',#11846,1.7);
#4825=CIRCLE('',#11847,1.7);
#4826=CIRCLE('',#11849,1.7);
#4827=CIRCLE('',#11850,1.7);
#4828=CIRCLE('',#11852,1.7);
#4829=CIRCLE('',#11853,1.7);
#4830=CIRCLE('',#11855,1.7);
#4831=CIRCLE('',#11856,1.7);
#4832=CIRCLE('',#11858,1.7);
#4833=CIRCLE('',#11859,1.7);
#4834=CIRCLE('',#11868,1.25);
#4835=CIRCLE('',#11872,1.7);
#4836=CIRCLE('',#11873,1.7);
#4837=CIRCLE('',#11878,1.7);
#4838=CIRCLE('',#11880,1.7);
#4839=CIRCLE('',#11888,1.25);
#4840=CIRCLE('',#11893,1.7);
#4841=CIRCLE('',#11894,1.7);
#4842=CIRCLE('',#11898,1.7);
#4843=CIRCLE('',#11900,1.7);
#4844=CIRCLE('',#11909,1.25);
#4845=CIRCLE('',#11910,1.25);
#4846=CIRCLE('',#11913,1.25);
#4847=CIRCLE('',#11914,1.25);
#4848=CIRCLE('',#11917,3.);
#4849=CIRCLE('',#11918,3.);
#4850=CIRCLE('',#11925,1.25);
#4851=CIRCLE('',#11926,1.25);
#4852=CIRCLE('',#11929,1.25);
#4853=CIRCLE('',#11930,1.25);
#4854=CIRCLE('',#11933,3.);
#4855=CIRCLE('',#11934,3.);
#4856=CIRCLE('',#11939,1.25);
#4857=CIRCLE('',#11940,1.25);
#4858=CIRCLE('',#11943,1.25);
#4859=CIRCLE('',#11944,1.25);
#4860=CIRCLE('',#11947,3.);
#4861=CIRCLE('',#11948,3.);
#4862=CIRCLE('',#11953,1.25);
#4863=CIRCLE('',#11954,1.25);
#4864=CIRCLE('',#11957,1.25);
#4865=CIRCLE('',#11958,1.25);
#4866=CIRCLE('',#11961,3.);
#4867=CIRCLE('',#11962,3.);
#4868=CIRCLE('',#11975,1.7);
#4869=CIRCLE('',#11976,1.7);
#4870=CIRCLE('',#11978,1.7);
#4871=CIRCLE('',#11979,1.7);
#4872=CIRCLE('',#11981,2.1);
#4873=CIRCLE('',#11982,2.1);
#4874=CIRCLE('',#11985,8.1);
#4875=CIRCLE('',#11986,8.1);
#4876=CIRCLE('',#11989,21.);
#4877=CIRCLE('',#11990,21.);
#4878=CIRCLE('',#11995,1.7);
#4879=CIRCLE('',#11996,1.7);
#4880=CIRCLE('',#11998,1.7);
#4881=CIRCLE('',#11999,1.7);
#4882=CIRCLE('',#12001,2.1);
#4883=CIRCLE('',#12002,2.1);
#4884=CIRCLE('',#12005,8.1);
#4885=CIRCLE('',#12006,8.1);
#4886=CIRCLE('',#12009,21.);
#4887=CIRCLE('',#12010,21.);
#4888=CIRCLE('',#12039,1.);
#4889=CIRCLE('',#12040,1.);
#4890=CIRCLE('',#12042,0.999999999999996);
#4891=CIRCLE('',#12043,0.999999999999996);
#4892=CIRCLE('',#12067,1.7);
#4893=CIRCLE('',#12068,1.7);
#4894=CIRCLE('',#12070,1.7);
#4895=CIRCLE('',#12071,1.7);
#4896=CIRCLE('',#12073,1.7);
#4897=CIRCLE('',#12074,1.7);
#4898=CIRCLE('',#12076,1.7);
#4899=CIRCLE('',#12077,1.7);
#4900=CIRCLE('',#12088,1.45);
#4901=CIRCLE('',#12089,1.45);
#4902=CIRCLE('',#12091,1.45);
#4903=CIRCLE('',#12092,1.45);
#4904=CIRCLE('',#12094,1.45);
#4905=CIRCLE('',#12095,1.45);
#4906=CIRCLE('',#12097,1.45);
#4907=CIRCLE('',#12098,1.45);
#4908=CIRCLE('',#12127,1.05);
#4909=CIRCLE('',#12128,1.05);
#4910=CIRCLE('',#12131,1.05);
#4911=CIRCLE('',#12132,1.05);
#4912=CIRCLE('',#12135,2.5);
#4913=CIRCLE('',#12136,2.5);
#4914=CIRCLE('',#12141,1.05);
#4915=CIRCLE('',#12142,1.05);
#4916=CIRCLE('',#12145,1.05);
#4917=CIRCLE('',#12146,1.05);
#4918=CIRCLE('',#12149,2.5);
#4919=CIRCLE('',#12150,2.5);
#4920=CIRCLE('',#12155,1.05);
#4921=CIRCLE('',#12156,1.05);
#4922=CIRCLE('',#12159,1.05);
#4923=CIRCLE('',#12160,1.05);
#4924=CIRCLE('',#12163,2.5);
#4925=CIRCLE('',#12164,2.5);
#4926=CIRCLE('',#12169,1.05);
#4927=CIRCLE('',#12170,1.05);
#4928=CIRCLE('',#12173,1.05);
#4929=CIRCLE('',#12174,1.05);
#4930=CIRCLE('',#12177,2.5);
#4931=CIRCLE('',#12178,2.5);
#4932=CIRCLE('',#12183,1.05);
#4933=CIRCLE('',#12184,1.05);
#4934=CIRCLE('',#12187,1.05);
#4935=CIRCLE('',#12188,1.05);
#4936=CIRCLE('',#12191,3.);
#4937=CIRCLE('',#12192,3.);
#4938=CIRCLE('',#12197,1.05);
#4939=CIRCLE('',#12198,1.05);
#4940=CIRCLE('',#12201,1.05);
#4941=CIRCLE('',#12202,1.05);
#4942=CIRCLE('',#12205,3.);
#4943=CIRCLE('',#12206,3.);
#4944=CIRCLE('',#12211,1.7);
#4945=CIRCLE('',#12212,1.7);
#4946=CIRCLE('',#12214,1.7);
#4947=CIRCLE('',#12215,1.7);
#4948=CIRCLE('',#12233,1.7);
#4949=CIRCLE('',#12234,1.7);
#4950=CIRCLE('',#12236,1.7);
#4951=CIRCLE('',#12237,1.7);
#4952=CIRCLE('',#12255,1.1);
#4953=CIRCLE('',#12256,1.1);
#4954=CIRCLE('',#12258,1.1);
#4955=CIRCLE('',#12259,1.1);
#4956=CIRCLE('',#12261,1.7);
#4957=CIRCLE('',#12262,1.7);
#4958=CIRCLE('',#12264,1.7);
#4959=CIRCLE('',#12265,1.7);
#4960=CIRCLE('',#12295,1.6);
#4961=CIRCLE('',#12296,1.6);
#4962=CIRCLE('',#12305,3.2);
#4963=CIRCLE('',#12306,3.2);
#4964=CIRCLE('',#12315,3.2);
#4965=CIRCLE('',#12318,1.25);
#4966=CIRCLE('',#12319,1.25);
#4967=CIRCLE('',#12322,1.25);
#4968=CIRCLE('',#12323,1.25);
#4969=CIRCLE('',#12328,3.2);
#4970=CIRCLE('',#12335,3.2);
#4971=CIRCLE('',#12338,1.25);
#4972=CIRCLE('',#12339,1.25);
#4973=CIRCLE('',#12342,1.25);
#4974=CIRCLE('',#12343,1.25);
#4975=CIRCLE('',#12349,3.2);
#4976=CIRCLE('',#12362,2.5);
#4977=CIRCLE('',#12363,2.5);
#4978=CIRCLE('',#12365,3.);
#4979=CIRCLE('',#12367,3.);
#4980=CIRCLE('',#12369,3.);
#4981=CIRCLE('',#12371,2.5);
#4982=CIRCLE('',#12372,2.5);
#4983=CIRCLE('',#12375,3.);
#4984=CIRCLE('',#12377,3.);
#4985=CIRCLE('',#12379,3.);
#4986=CIRCLE('',#12384,1.5);
#4987=CIRCLE('',#12385,1.5);
#4988=CIRCLE('',#12409,1.6);
#4989=CIRCLE('',#12410,1.6);
#4990=CIRCLE('',#12412,1.6);
#4991=CIRCLE('',#12413,1.6);
#4992=CIRCLE('',#12422,1.6);
#4993=CIRCLE('',#12423,1.6);
#4994=CIRCLE('',#12425,1.6);
#4995=CIRCLE('',#12426,1.6);
#4996=CIRCLE('',#12442,1.7);
#4997=CIRCLE('',#12443,1.7);
#4998=CIRCLE('',#12445,1.7);
#4999=CIRCLE('',#12446,1.7);
#5000=CIRCLE('',#12457,1.25);
#5001=CIRCLE('',#12458,1.25);
#5002=CIRCLE('',#12467,1.25);
#5003=CIRCLE('',#12468,1.25);
#5004=CIRCLE('',#12477,1.7);
#5005=CIRCLE('',#12478,1.7);
#5006=CIRCLE('',#12480,1.7);
#5007=CIRCLE('',#12481,1.7);
#5008=CIRCLE('',#12492,1.25);
#5009=CIRCLE('',#12493,1.25);
#5010=CIRCLE('',#12502,1.25);
#5011=CIRCLE('',#12503,1.25);
#5012=CIRCLE('',#12512,4.);
#5013=CIRCLE('',#12513,4.);
#5014=CIRCLE('',#12516,2.5);
#5015=CIRCLE('',#12519,2.5);
#5016=CIRCLE('',#12523,4.);
#5017=CIRCLE('',#12524,4.);
#5018=CIRCLE('',#12527,2.5);
#5019=CIRCLE('',#12530,2.5);
#5020=CIRCLE('',#12554,11.);
#5021=CIRCLE('',#12555,11.);
#5022=CIRCLE('',#12560,2.);
#5023=CIRCLE('',#12561,2.);
#5024=CIRCLE('',#12566,1.6);
#5025=CIRCLE('',#12567,1.6);
#5026=CIRCLE('',#12569,1.6);
#5027=CIRCLE('',#12570,1.6);
#5028=CIRCLE('',#12572,1.6);
#5029=CIRCLE('',#12573,1.6);
#5030=CIRCLE('',#12575,1.6);
#5031=CIRCLE('',#12576,1.6);
#5032=CIRCLE('',#12578,11.1);
#5033=CIRCLE('',#12579,11.1);
#5034=CIRCLE('',#12591,1.25);
#5035=CIRCLE('',#12592,1.25);
#5036=CIRCLE('',#12593,1.25);
#5037=CIRCLE('',#12594,1.25);
#5038=CIRCLE('',#12595,11.1);
#5039=CIRCLE('',#12597,1.25);
#5040=CIRCLE('',#12598,1.25);
#5041=CIRCLE('',#12601,1.25);
#5042=CIRCLE('',#12602,1.25);
#5043=CIRCLE('',#12605,1.25);
#5044=CIRCLE('',#12607,1.25);
#5045=CIRCLE('',#12609,1.25);
#5046=CIRCLE('',#12611,1.25);
#5047=CIRCLE('',#12613,11.1);
#5048=CIRCLE('',#12620,1.25);
#5049=CIRCLE('',#12621,1.25);
#5050=CIRCLE('',#12623,1.25);
#5051=CIRCLE('',#12624,1.25);
#5052=CIRCLE('',#12626,2.);
#5053=CIRCLE('',#12627,2.);
#5054=CIRCLE('',#12629,8.);
#5055=CIRCLE('',#12630,8.);
#5056=CIRCLE('',#12635,11.);
#5057=CIRCLE('',#12636,11.);
#5058=CIRCLE('',#12641,2.);
#5059=CIRCLE('',#12642,2.);
#5060=CIRCLE('',#12647,1.6);
#5061=CIRCLE('',#12648,1.6);
#5062=CIRCLE('',#12650,1.6);
#5063=CIRCLE('',#12651,1.6);
#5064=CIRCLE('',#12653,1.6);
#5065=CIRCLE('',#12654,1.6);
#5066=CIRCLE('',#12656,1.6);
#5067=CIRCLE('',#12657,1.6);
#5068=CIRCLE('',#12659,11.1);
#5069=CIRCLE('',#12660,11.1);
#5070=CIRCLE('',#12672,1.25);
#5071=CIRCLE('',#12673,1.25);
#5072=CIRCLE('',#12674,1.25);
#5073=CIRCLE('',#12675,1.25);
#5074=CIRCLE('',#12676,11.1);
#5075=CIRCLE('',#12678,1.25);
#5076=CIRCLE('',#12679,1.25);
#5077=CIRCLE('',#12682,1.25);
#5078=CIRCLE('',#12683,1.25);
#5079=CIRCLE('',#12686,1.25);
#5080=CIRCLE('',#12688,1.25);
#5081=CIRCLE('',#12690,1.25);
#5082=CIRCLE('',#12692,1.25);
#5083=CIRCLE('',#12694,11.1);
#5084=CIRCLE('',#12701,1.25);
#5085=CIRCLE('',#12702,1.25);
#5086=CIRCLE('',#12704,1.25);
#5087=CIRCLE('',#12705,1.25);
#5088=CIRCLE('',#12707,2.);
#5089=CIRCLE('',#12708,2.);
#5090=CIRCLE('',#12710,8.);
#5091=CIRCLE('',#12711,8.);
#5092=CIRCLE('',#12727,1.25);
#5093=CIRCLE('',#12728,1.25);
#5094=CIRCLE('',#12731,1.25);
#5095=CIRCLE('',#12732,1.25);
#5096=CIRCLE('',#12742,1.25);
#5097=CIRCLE('',#12743,1.25);
#5098=CIRCLE('',#12746,1.25);
#5099=CIRCLE('',#12747,1.25);
#5100=VERTEX_POINT('',#16003);
#5101=VERTEX_POINT('',#16005);
#5102=VERTEX_POINT('',#16009);
#5103=VERTEX_POINT('',#16011);
#5104=VERTEX_POINT('',#16015);
#5105=VERTEX_POINT('',#16017);
#5106=VERTEX_POINT('',#16021);
#5107=VERTEX_POINT('',#16023);
#5108=VERTEX_POINT('',#16027);
#5109=VERTEX_POINT('',#16028);
#5110=VERTEX_POINT('',#16030);
#5111=VERTEX_POINT('',#16032);
#5112=VERTEX_POINT('',#16036);
#5113=VERTEX_POINT('',#16037);
#5114=VERTEX_POINT('',#16039);
#5115=VERTEX_POINT('',#16041);
#5116=VERTEX_POINT('',#16051);
#5117=VERTEX_POINT('',#16052);
#5118=VERTEX_POINT('',#16054);
#5119=VERTEX_POINT('',#16056);
#5120=VERTEX_POINT('',#16060);
#5121=VERTEX_POINT('',#16061);
#5122=VERTEX_POINT('',#16063);
#5123=VERTEX_POINT('',#16065);
#5124=VERTEX_POINT('',#16075);
#5125=VERTEX_POINT('',#16077);
#5126=VERTEX_POINT('',#16081);
#5127=VERTEX_POINT('',#16083);
#5128=VERTEX_POINT('',#16087);
#5129=VERTEX_POINT('',#16089);
#5130=VERTEX_POINT('',#16093);
#5131=VERTEX_POINT('',#16095);
#5132=VERTEX_POINT('',#16099);
#5133=VERTEX_POINT('',#16101);
#5134=VERTEX_POINT('',#16105);
#5135=VERTEX_POINT('',#16107);
#5136=VERTEX_POINT('',#16111);
#5137=VERTEX_POINT('',#16113);
#5138=VERTEX_POINT('',#16117);
#5139=VERTEX_POINT('',#16119);
#5140=VERTEX_POINT('',#16123);
#5141=VERTEX_POINT('',#16125);
#5142=VERTEX_POINT('',#16129);
#5143=VERTEX_POINT('',#16131);
#5144=VERTEX_POINT('',#16135);
#5145=VERTEX_POINT('',#16137);
#5146=VERTEX_POINT('',#16141);
#5147=VERTEX_POINT('',#16143);
#5148=VERTEX_POINT('',#16147);
#5149=VERTEX_POINT('',#16149);
#5150=VERTEX_POINT('',#16153);
#5151=VERTEX_POINT('',#16155);
#5152=VERTEX_POINT('',#16159);
#5153=VERTEX_POINT('',#16161);
#5154=VERTEX_POINT('',#16165);
#5155=VERTEX_POINT('',#16167);
#5156=VERTEX_POINT('',#16171);
#5157=VERTEX_POINT('',#16172);
#5158=VERTEX_POINT('',#16174);
#5159=VERTEX_POINT('',#16176);
#5160=VERTEX_POINT('',#16180);
#5161=VERTEX_POINT('',#16181);
#5162=VERTEX_POINT('',#16183);
#5163=VERTEX_POINT('',#16185);
#5164=VERTEX_POINT('',#16195);
#5165=VERTEX_POINT('',#16196);
#5166=VERTEX_POINT('',#16198);
#5167=VERTEX_POINT('',#16200);
#5168=VERTEX_POINT('',#16204);
#5169=VERTEX_POINT('',#16205);
#5170=VERTEX_POINT('',#16207);
#5171=VERTEX_POINT('',#16209);
#5172=VERTEX_POINT('',#16219);
#5173=VERTEX_POINT('',#16220);
#5174=VERTEX_POINT('',#16222);
#5175=VERTEX_POINT('',#16224);
#5176=VERTEX_POINT('',#16228);
#5177=VERTEX_POINT('',#16229);
#5178=VERTEX_POINT('',#16231);
#5179=VERTEX_POINT('',#16233);
#5180=VERTEX_POINT('',#16243);
#5181=VERTEX_POINT('',#16244);
#5182=VERTEX_POINT('',#16246);
#5183=VERTEX_POINT('',#16248);
#5184=VERTEX_POINT('',#16252);
#5185=VERTEX_POINT('',#16253);
#5186=VERTEX_POINT('',#16255);
#5187=VERTEX_POINT('',#16257);
#5188=VERTEX_POINT('',#16267);
#5189=VERTEX_POINT('',#16269);
#5190=VERTEX_POINT('',#16273);
#5191=VERTEX_POINT('',#16275);
#5192=VERTEX_POINT('',#16279);
#5193=VERTEX_POINT('',#16281);
#5194=VERTEX_POINT('',#16285);
#5195=VERTEX_POINT('',#16287);
#5196=VERTEX_POINT('',#16291);
#5197=VERTEX_POINT('',#16293);
#5198=VERTEX_POINT('',#16297);
#5199=VERTEX_POINT('',#16299);
#5200=VERTEX_POINT('',#16303);
#5201=VERTEX_POINT('',#16305);
#5202=VERTEX_POINT('',#16309);
#5203=VERTEX_POINT('',#16311);
#5204=VERTEX_POINT('',#16315);
#5205=VERTEX_POINT('',#16317);
#5206=VERTEX_POINT('',#16321);
#5207=VERTEX_POINT('',#16323);
#5208=VERTEX_POINT('',#16327);
#5209=VERTEX_POINT('',#16329);
#5210=VERTEX_POINT('',#16333);
#5211=VERTEX_POINT('',#16335);
#5212=VERTEX_POINT('',#16339);
#5213=VERTEX_POINT('',#16341);
#5214=VERTEX_POINT('',#16345);
#5215=VERTEX_POINT('',#16347);
#5216=VERTEX_POINT('',#16351);
#5217=VERTEX_POINT('',#16353);
#5218=VERTEX_POINT('',#16357);
#5219=VERTEX_POINT('',#16359);
#5220=VERTEX_POINT('',#16363);
#5221=VERTEX_POINT('',#16365);
#5222=VERTEX_POINT('',#16369);
#5223=VERTEX_POINT('',#16371);
#5224=VERTEX_POINT('',#16375);
#5225=VERTEX_POINT('',#16376);
#5226=VERTEX_POINT('',#16378);
#5227=VERTEX_POINT('',#16380);
#5228=VERTEX_POINT('',#16384);
#5229=VERTEX_POINT('',#16386);
#5230=VERTEX_POINT('',#16390);
#5231=VERTEX_POINT('',#16392);
#5232=VERTEX_POINT('',#16396);
#5233=VERTEX_POINT('',#16398);
#5234=VERTEX_POINT('',#16400);
#5235=VERTEX_POINT('',#16402);
#5236=VERTEX_POINT('',#16404);
#5237=VERTEX_POINT('',#16406);
#5238=VERTEX_POINT('',#16408);
#5239=VERTEX_POINT('',#16410);
#5240=VERTEX_POINT('',#16414);
#5241=VERTEX_POINT('',#16418);
#5242=VERTEX_POINT('',#16420);
#5243=VERTEX_POINT('',#16424);
#5244=VERTEX_POINT('',#16428);
#5245=VERTEX_POINT('',#16432);
#5246=VERTEX_POINT('',#16434);
#5247=VERTEX_POINT('',#16437);
#5248=VERTEX_POINT('',#16450);
#5249=VERTEX_POINT('',#16452);
#5250=VERTEX_POINT('',#16456);
#5251=VERTEX_POINT('',#16458);
#5252=VERTEX_POINT('',#16462);
#5253=VERTEX_POINT('',#16464);
#5254=VERTEX_POINT('',#16468);
#5255=VERTEX_POINT('',#16470);
#5256=VERTEX_POINT('',#16474);
#5257=VERTEX_POINT('',#16475);
#5258=VERTEX_POINT('',#16477);
#5259=VERTEX_POINT('',#16479);
#5260=VERTEX_POINT('',#16483);
#5261=VERTEX_POINT('',#16485);
#5262=VERTEX_POINT('',#16489);
#5263=VERTEX_POINT('',#16491);
#5264=VERTEX_POINT('',#16495);
#5265=VERTEX_POINT('',#16497);
#5266=VERTEX_POINT('',#16499);
#5267=VERTEX_POINT('',#16501);
#5268=VERTEX_POINT('',#16505);
#5269=VERTEX_POINT('',#16509);
#5270=VERTEX_POINT('',#16513);
#5271=VERTEX_POINT('',#16517);
#5272=VERTEX_POINT('',#16525);
#5273=VERTEX_POINT('',#16527);
#5274=VERTEX_POINT('',#16531);
#5275=VERTEX_POINT('',#16533);
#5276=VERTEX_POINT('',#16537);
#5277=VERTEX_POINT('',#16539);
#5278=VERTEX_POINT('',#16543);
#5279=VERTEX_POINT('',#16545);
#5280=VERTEX_POINT('',#16549);
#5281=VERTEX_POINT('',#16550);
#5282=VERTEX_POINT('',#16552);
#5283=VERTEX_POINT('',#16554);
#5284=VERTEX_POINT('',#16558);
#5285=VERTEX_POINT('',#16559);
#5286=VERTEX_POINT('',#16561);
#5287=VERTEX_POINT('',#16563);
#5288=VERTEX_POINT('',#16570);
#5289=VERTEX_POINT('',#16572);
#5290=VERTEX_POINT('',#16574);
#5291=VERTEX_POINT('',#16576);
#5292=VERTEX_POINT('',#16580);
#5293=VERTEX_POINT('',#16584);
#5294=VERTEX_POINT('',#16588);
#5295=VERTEX_POINT('',#16592);
#5296=VERTEX_POINT('',#16600);
#5297=VERTEX_POINT('',#16602);
#5298=VERTEX_POINT('',#16606);
#5299=VERTEX_POINT('',#16608);
#5300=VERTEX_POINT('',#16612);
#5301=VERTEX_POINT('',#16614);
#5302=VERTEX_POINT('',#16618);
#5303=VERTEX_POINT('',#16620);
#5304=VERTEX_POINT('',#16624);
#5305=VERTEX_POINT('',#16626);
#5306=VERTEX_POINT('',#16630);
#5307=VERTEX_POINT('',#16632);
#5308=VERTEX_POINT('',#16636);
#5309=VERTEX_POINT('',#16638);
#5310=VERTEX_POINT('',#16642);
#5311=VERTEX_POINT('',#16643);
#5312=VERTEX_POINT('',#16645);
#5313=VERTEX_POINT('',#16647);
#5314=VERTEX_POINT('',#16651);
#5315=VERTEX_POINT('',#16653);
#5316=VERTEX_POINT('',#16657);
#5317=VERTEX_POINT('',#16659);
#5318=VERTEX_POINT('',#16669);
#5319=VERTEX_POINT('',#16670);
#5320=VERTEX_POINT('',#16676);
#5321=VERTEX_POINT('',#16677);
#5322=VERTEX_POINT('',#16679);
#5323=VERTEX_POINT('',#16681);
#5324=VERTEX_POINT('',#16684);
#5325=VERTEX_POINT('',#16686);
#5326=VERTEX_POINT('',#16689);
#5327=VERTEX_POINT('',#16691);
#5328=VERTEX_POINT('',#16699);
#5329=VERTEX_POINT('',#16703);
#5330=VERTEX_POINT('',#16707);
#5331=VERTEX_POINT('',#16708);
#5332=VERTEX_POINT('',#16710);
#5333=VERTEX_POINT('',#16712);
#5334=VERTEX_POINT('',#16716);
#5335=VERTEX_POINT('',#16718);
#5336=VERTEX_POINT('',#16728);
#5337=VERTEX_POINT('',#16729);
#5338=VERTEX_POINT('',#16735);
#5339=VERTEX_POINT('',#16736);
#5340=VERTEX_POINT('',#16738);
#5341=VERTEX_POINT('',#16740);
#5342=VERTEX_POINT('',#16744);
#5343=VERTEX_POINT('',#16746);
#5344=VERTEX_POINT('',#16749);
#5345=VERTEX_POINT('',#16751);
#5346=VERTEX_POINT('',#16758);
#5347=VERTEX_POINT('',#16762);
#5348=VERTEX_POINT('',#16766);
#5349=VERTEX_POINT('',#16767);
#5350=VERTEX_POINT('',#16769);
#5351=VERTEX_POINT('',#16771);
#5352=VERTEX_POINT('',#16775);
#5353=VERTEX_POINT('',#16777);
#5354=VERTEX_POINT('',#16787);
#5355=VERTEX_POINT('',#16788);
#5356=VERTEX_POINT('',#16799);
#5357=VERTEX_POINT('',#16828);
#5358=VERTEX_POINT('',#16830);
#5359=VERTEX_POINT('',#16868);
#5360=VERTEX_POINT('',#16870);
#5361=VERTEX_POINT('',#16875);
#5362=VERTEX_POINT('',#16877);
#5363=VERTEX_POINT('',#16882);
#5364=VERTEX_POINT('',#16885);
#5365=VERTEX_POINT('',#16891);
#5366=VERTEX_POINT('',#16926);
#5367=VERTEX_POINT('',#16963);
#5368=VERTEX_POINT('',#16998);
#5369=VERTEX_POINT('',#17035);
#5370=VERTEX_POINT('',#17036);
#5371=VERTEX_POINT('',#17047);
#5372=VERTEX_POINT('',#17076);
#5373=VERTEX_POINT('',#17078);
#5374=VERTEX_POINT('',#17116);
#5375=VERTEX_POINT('',#17118);
#5376=VERTEX_POINT('',#17123);
#5377=VERTEX_POINT('',#17125);
#5378=VERTEX_POINT('',#17130);
#5379=VERTEX_POINT('',#17133);
#5380=VERTEX_POINT('',#17139);
#5381=VERTEX_POINT('',#17140);
#5382=VERTEX_POINT('',#17151);
#5383=VERTEX_POINT('',#17180);
#5384=VERTEX_POINT('',#17182);
#5385=VERTEX_POINT('',#17220);
#5386=VERTEX_POINT('',#17222);
#5387=VERTEX_POINT('',#17227);
#5388=VERTEX_POINT('',#17229);
#5389=VERTEX_POINT('',#17234);
#5390=VERTEX_POINT('',#17237);
#5391=VERTEX_POINT('',#17243);
#5392=VERTEX_POINT('',#17244);
#5393=VERTEX_POINT('',#17255);
#5394=VERTEX_POINT('',#17284);
#5395=VERTEX_POINT('',#17286);
#5396=VERTEX_POINT('',#17324);
#5397=VERTEX_POINT('',#17326);
#5398=VERTEX_POINT('',#17331);
#5399=VERTEX_POINT('',#17333);
#5400=VERTEX_POINT('',#17338);
#5401=VERTEX_POINT('',#17341);
#5402=VERTEX_POINT('',#17356);
#5403=VERTEX_POINT('',#17358);
#5404=VERTEX_POINT('',#17362);
#5405=VERTEX_POINT('',#17364);
#5406=VERTEX_POINT('',#17368);
#5407=VERTEX_POINT('',#17370);
#5408=VERTEX_POINT('',#17375);
#5409=VERTEX_POINT('',#17377);
#5410=VERTEX_POINT('',#17382);
#5411=VERTEX_POINT('',#17384);
#5412=VERTEX_POINT('',#17391);
#5413=VERTEX_POINT('',#17393);
#5414=VERTEX_POINT('',#17397);
#5415=VERTEX_POINT('',#17399);
#5416=VERTEX_POINT('',#17403);
#5417=VERTEX_POINT('',#17405);
#5418=VERTEX_POINT('',#17410);
#5419=VERTEX_POINT('',#17412);
#5420=VERTEX_POINT('',#17417);
#5421=VERTEX_POINT('',#17419);
#5422=VERTEX_POINT('',#17429);
#5423=VERTEX_POINT('',#17430);
#5424=VERTEX_POINT('',#17432);
#5425=VERTEX_POINT('',#17434);
#5426=VERTEX_POINT('',#17438);
#5427=VERTEX_POINT('',#17440);
#5428=VERTEX_POINT('',#17444);
#5429=VERTEX_POINT('',#17446);
#5430=VERTEX_POINT('',#17456);
#5431=VERTEX_POINT('',#17457);
#5432=VERTEX_POINT('',#17459);
#5433=VERTEX_POINT('',#17461);
#5434=VERTEX_POINT('',#17465);
#5435=VERTEX_POINT('',#17467);
#5436=VERTEX_POINT('',#17471);
#5437=VERTEX_POINT('',#17473);
#5438=VERTEX_POINT('',#17483);
#5439=VERTEX_POINT('',#17484);
#5440=VERTEX_POINT('',#17486);
#5441=VERTEX_POINT('',#17488);
#5442=VERTEX_POINT('',#17492);
#5443=VERTEX_POINT('',#17494);
#5444=VERTEX_POINT('',#17498);
#5445=VERTEX_POINT('',#17500);
#5446=VERTEX_POINT('',#17510);
#5447=VERTEX_POINT('',#17512);
#5448=VERTEX_POINT('',#17516);
#5449=VERTEX_POINT('',#17518);
#5450=VERTEX_POINT('',#17522);
#5451=VERTEX_POINT('',#17523);
#5452=VERTEX_POINT('',#17525);
#5453=VERTEX_POINT('',#17527);
#5454=VERTEX_POINT('',#17531);
#5455=VERTEX_POINT('',#17533);
#5456=VERTEX_POINT('',#17537);
#5457=VERTEX_POINT('',#17539);
#5458=VERTEX_POINT('',#17549);
#5459=VERTEX_POINT('',#17550);
#5460=VERTEX_POINT('',#17552);
#5461=VERTEX_POINT('',#17554);
#5462=VERTEX_POINT('',#17558);
#5463=VERTEX_POINT('',#17560);
#5464=VERTEX_POINT('',#17564);
#5465=VERTEX_POINT('',#17566);
#5466=VERTEX_POINT('',#17584);
#5467=VERTEX_POINT('',#17586);
#5468=VERTEX_POINT('',#17590);
#5469=VERTEX_POINT('',#17592);
#5470=VERTEX_POINT('',#17596);
#5471=VERTEX_POINT('',#17598);
#5472=VERTEX_POINT('',#17602);
#5473=VERTEX_POINT('',#17604);
#5474=VERTEX_POINT('',#17608);
#5475=VERTEX_POINT('',#17609);
#5476=VERTEX_POINT('',#17611);
#5477=VERTEX_POINT('',#17613);
#5478=VERTEX_POINT('',#17617);
#5479=VERTEX_POINT('',#17619);
#5480=VERTEX_POINT('',#17623);
#5481=VERTEX_POINT('',#17625);
#5482=VERTEX_POINT('',#17637);
#5483=VERTEX_POINT('',#17639);
#5484=VERTEX_POINT('',#17643);
#5485=VERTEX_POINT('',#17645);
#5486=VERTEX_POINT('',#17649);
#5487=VERTEX_POINT('',#17651);
#5488=VERTEX_POINT('',#17655);
#5489=VERTEX_POINT('',#17657);
#5490=VERTEX_POINT('',#17661);
#5491=VERTEX_POINT('',#17662);
#5492=VERTEX_POINT('',#17664);
#5493=VERTEX_POINT('',#17666);
#5494=VERTEX_POINT('',#17670);
#5495=VERTEX_POINT('',#17672);
#5496=VERTEX_POINT('',#17676);
#5497=VERTEX_POINT('',#17678);
#5498=VERTEX_POINT('',#17685);
#5499=VERTEX_POINT('',#17686);
#5500=VERTEX_POINT('',#17688);
#5501=VERTEX_POINT('',#17690);
#5502=VERTEX_POINT('',#17694);
#5503=VERTEX_POINT('',#17696);
#5504=VERTEX_POINT('',#17700);
#5505=VERTEX_POINT('',#17702);
#5506=VERTEX_POINT('',#17709);
#5507=VERTEX_POINT('',#17710);
#5508=VERTEX_POINT('',#17712);
#5509=VERTEX_POINT('',#17714);
#5510=VERTEX_POINT('',#17718);
#5511=VERTEX_POINT('',#17720);
#5512=VERTEX_POINT('',#17724);
#5513=VERTEX_POINT('',#17726);
#5514=VERTEX_POINT('',#17735);
#5515=VERTEX_POINT('',#17736);
#5516=VERTEX_POINT('',#17738);
#5517=VERTEX_POINT('',#17740);
#5518=VERTEX_POINT('',#17744);
#5519=VERTEX_POINT('',#17746);
#5520=VERTEX_POINT('',#17750);
#5521=VERTEX_POINT('',#17752);
#5522=VERTEX_POINT('',#17761);
#5523=VERTEX_POINT('',#17762);
#5524=VERTEX_POINT('',#17764);
#5525=VERTEX_POINT('',#17766);
#5526=VERTEX_POINT('',#17770);
#5527=VERTEX_POINT('',#17771);
#5528=VERTEX_POINT('',#17773);
#5529=VERTEX_POINT('',#17775);
#5530=VERTEX_POINT('',#17788);
#5531=VERTEX_POINT('',#17790);
#5532=VERTEX_POINT('',#17795);
#5533=VERTEX_POINT('',#17797);
#5534=VERTEX_POINT('',#17802);
#5535=VERTEX_POINT('',#17804);
#5536=VERTEX_POINT('',#17811);
#5537=VERTEX_POINT('',#17813);
#5538=VERTEX_POINT('',#17818);
#5539=VERTEX_POINT('',#17820);
#5540=VERTEX_POINT('',#17825);
#5541=VERTEX_POINT('',#17827);
#5542=VERTEX_POINT('',#17834);
#5543=VERTEX_POINT('',#17836);
#5544=VERTEX_POINT('',#17841);
#5545=VERTEX_POINT('',#17843);
#5546=VERTEX_POINT('',#17848);
#5547=VERTEX_POINT('',#17850);
#5548=VERTEX_POINT('',#17857);
#5549=VERTEX_POINT('',#17859);
#5550=VERTEX_POINT('',#17864);
#5551=VERTEX_POINT('',#17866);
#5552=VERTEX_POINT('',#17871);
#5553=VERTEX_POINT('',#17873);
#5554=VERTEX_POINT('',#17880);
#5555=VERTEX_POINT('',#17882);
#5556=VERTEX_POINT('',#17887);
#5557=VERTEX_POINT('',#17889);
#5558=VERTEX_POINT('',#17894);
#5559=VERTEX_POINT('',#17896);
#5560=VERTEX_POINT('',#17903);
#5561=VERTEX_POINT('',#17905);
#5562=VERTEX_POINT('',#17910);
#5563=VERTEX_POINT('',#17912);
#5564=VERTEX_POINT('',#17917);
#5565=VERTEX_POINT('',#17919);
#5566=VERTEX_POINT('',#17926);
#5567=VERTEX_POINT('',#17928);
#5568=VERTEX_POINT('',#17932);
#5569=VERTEX_POINT('',#17934);
#5570=VERTEX_POINT('',#17938);
#5571=VERTEX_POINT('',#17939);
#5572=VERTEX_POINT('',#17941);
#5573=VERTEX_POINT('',#17943);
#5574=VERTEX_POINT('',#17947);
#5575=VERTEX_POINT('',#17948);
#5576=VERTEX_POINT('',#17950);
#5577=VERTEX_POINT('',#17952);
#5578=VERTEX_POINT('',#17959);
#5579=VERTEX_POINT('',#17961);
#5580=VERTEX_POINT('',#17963);
#5581=VERTEX_POINT('',#17965);
#5582=VERTEX_POINT('',#17969);
#5583=VERTEX_POINT('',#17973);
#5584=VERTEX_POINT('',#17977);
#5585=VERTEX_POINT('',#17978);
#5586=VERTEX_POINT('',#17980);
#5587=VERTEX_POINT('',#17982);
#5588=VERTEX_POINT('',#17986);
#5589=VERTEX_POINT('',#17988);
#5590=VERTEX_POINT('',#17992);
#5591=VERTEX_POINT('',#17994);
#5592=VERTEX_POINT('',#18002);
#5593=VERTEX_POINT('',#18006);
#5594=VERTEX_POINT('',#18014);
#5595=VERTEX_POINT('',#18016);
#5596=VERTEX_POINT('',#18020);
#5597=VERTEX_POINT('',#18022);
#5598=VERTEX_POINT('',#18026);
#5599=VERTEX_POINT('',#18027);
#5600=VERTEX_POINT('',#18029);
#5601=VERTEX_POINT('',#18031);
#5602=VERTEX_POINT('',#18035);
#5603=VERTEX_POINT('',#18036);
#5604=VERTEX_POINT('',#18038);
#5605=VERTEX_POINT('',#18040);
#5606=VERTEX_POINT('',#18047);
#5607=VERTEX_POINT('',#18049);
#5608=VERTEX_POINT('',#18051);
#5609=VERTEX_POINT('',#18053);
#5610=VERTEX_POINT('',#18057);
#5611=VERTEX_POINT('',#18061);
#5612=VERTEX_POINT('',#18065);
#5613=VERTEX_POINT('',#18066);
#5614=VERTEX_POINT('',#18068);
#5615=VERTEX_POINT('',#18070);
#5616=VERTEX_POINT('',#18074);
#5617=VERTEX_POINT('',#18076);
#5618=VERTEX_POINT('',#18080);
#5619=VERTEX_POINT('',#18082);
#5620=VERTEX_POINT('',#18090);
#5621=VERTEX_POINT('',#18094);
#5622=VERTEX_POINT('',#18102);
#5623=VERTEX_POINT('',#18104);
#5624=VERTEX_POINT('',#18108);
#5625=VERTEX_POINT('',#18110);
#5626=VERTEX_POINT('',#18114);
#5627=VERTEX_POINT('',#18116);
#5628=VERTEX_POINT('',#18120);
#5629=VERTEX_POINT('',#18122);
#5630=VERTEX_POINT('',#18126);
#5631=VERTEX_POINT('',#18127);
#5632=VERTEX_POINT('',#18129);
#5633=VERTEX_POINT('',#18131);
#5634=VERTEX_POINT('',#18135);
#5635=VERTEX_POINT('',#18137);
#5636=VERTEX_POINT('',#18141);
#5637=VERTEX_POINT('',#18143);
#5638=VERTEX_POINT('',#18167);
#5639=VERTEX_POINT('',#18168);
#5640=VERTEX_POINT('',#18170);
#5641=VERTEX_POINT('',#18172);
#5642=VERTEX_POINT('',#18176);
#5643=VERTEX_POINT('',#18178);
#5644=VERTEX_POINT('',#18182);
#5645=VERTEX_POINT('',#18184);
#5646=VERTEX_POINT('',#18194);
#5647=VERTEX_POINT('',#18196);
#5648=VERTEX_POINT('',#18200);
#5649=VERTEX_POINT('',#18201);
#5650=VERTEX_POINT('',#18203);
#5651=VERTEX_POINT('',#18205);
#5652=VERTEX_POINT('',#18207);
#5653=VERTEX_POINT('',#18209);
#5654=VERTEX_POINT('',#18213);
#5655=VERTEX_POINT('',#18215);
#5656=VERTEX_POINT('',#18219);
#5657=VERTEX_POINT('',#18221);
#5658=VERTEX_POINT('',#18223);
#5659=VERTEX_POINT('',#18225);
#5660=VERTEX_POINT('',#18235);
#5661=VERTEX_POINT('',#18237);
#5662=VERTEX_POINT('',#18239);
#5663=VERTEX_POINT('',#18241);
#5664=VERTEX_POINT('',#18245);
#5665=VERTEX_POINT('',#18247);
#5666=VERTEX_POINT('',#18251);
#5667=VERTEX_POINT('',#18252);
#5668=VERTEX_POINT('',#18254);
#5669=VERTEX_POINT('',#18256);
#5670=VERTEX_POINT('',#18269);
#5671=VERTEX_POINT('',#18270);
#5672=VERTEX_POINT('',#18272);
#5673=VERTEX_POINT('',#18274);
#5674=VERTEX_POINT('',#18278);
#5675=VERTEX_POINT('',#18280);
#5676=VERTEX_POINT('',#18283);
#5677=VERTEX_POINT('',#18286);
#5678=VERTEX_POINT('',#18288);
#5679=VERTEX_POINT('',#18290);
#5680=VERTEX_POINT('',#18294);
#5681=VERTEX_POINT('',#18296);
#5682=VERTEX_POINT('',#18301);
#5683=VERTEX_POINT('',#18303);
#5684=VERTEX_POINT('',#18308);
#5685=VERTEX_POINT('',#18312);
#5686=VERTEX_POINT('',#18316);
#5687=VERTEX_POINT('',#18319);
#5688=VERTEX_POINT('',#18328);
#5689=VERTEX_POINT('',#18329);
#5690=VERTEX_POINT('',#18331);
#5691=VERTEX_POINT('',#18333);
#5692=VERTEX_POINT('',#18337);
#5693=VERTEX_POINT('',#18339);
#5694=VERTEX_POINT('',#18342);
#5695=VERTEX_POINT('',#18345);
#5696=VERTEX_POINT('',#18347);
#5697=VERTEX_POINT('',#18349);
#5698=VERTEX_POINT('',#18353);
#5699=VERTEX_POINT('',#18355);
#5700=VERTEX_POINT('',#18360);
#5701=VERTEX_POINT('',#18362);
#5702=VERTEX_POINT('',#18367);
#5703=VERTEX_POINT('',#18371);
#5704=VERTEX_POINT('',#18375);
#5705=VERTEX_POINT('',#18379);
#5706=VERTEX_POINT('',#18386);
#5707=VERTEX_POINT('',#18387);
#5708=VERTEX_POINT('',#18389);
#5709=VERTEX_POINT('',#18391);
#5710=VERTEX_POINT('',#18393);
#5711=VERTEX_POINT('',#18395);
#5712=VERTEX_POINT('',#18399);
#5713=VERTEX_POINT('',#18401);
#5714=VERTEX_POINT('',#18405);
#5715=VERTEX_POINT('',#18409);
#5716=VERTEX_POINT('',#18413);
#5717=VERTEX_POINT('',#18417);
#5718=VERTEX_POINT('',#18425);
#5719=VERTEX_POINT('',#18427);
#5720=VERTEX_POINT('',#18431);
#5721=VERTEX_POINT('',#18434);
#5722=VERTEX_POINT('',#18437);
#5723=VERTEX_POINT('',#18441);
#5724=VERTEX_POINT('',#18443);
#5725=VERTEX_POINT('',#18448);
#5726=VERTEX_POINT('',#18451);
#5727=VERTEX_POINT('',#18455);
#5728=VERTEX_POINT('',#18462);
#5729=VERTEX_POINT('',#18464);
#5730=VERTEX_POINT('',#18469);
#5731=VERTEX_POINT('',#18470);
#5732=VERTEX_POINT('',#18472);
#5733=VERTEX_POINT('',#18474);
#5734=VERTEX_POINT('',#18478);
#5735=VERTEX_POINT('',#18480);
#5736=VERTEX_POINT('',#18484);
#5737=VERTEX_POINT('',#18486);
#5738=VERTEX_POINT('',#18496);
#5739=VERTEX_POINT('',#18497);
#5740=VERTEX_POINT('',#18499);
#5741=VERTEX_POINT('',#18501);
#5742=VERTEX_POINT('',#18505);
#5743=VERTEX_POINT('',#18507);
#5744=VERTEX_POINT('',#18511);
#5745=VERTEX_POINT('',#18513);
#5746=VERTEX_POINT('',#18523);
#5747=VERTEX_POINT('',#18524);
#5748=VERTEX_POINT('',#18526);
#5749=VERTEX_POINT('',#18528);
#5750=VERTEX_POINT('',#18532);
#5751=VERTEX_POINT('',#18534);
#5752=VERTEX_POINT('',#18538);
#5753=VERTEX_POINT('',#18540);
#5754=VERTEX_POINT('',#18550);
#5755=VERTEX_POINT('',#18552);
#5756=VERTEX_POINT('',#18556);
#5757=VERTEX_POINT('',#18558);
#5758=VERTEX_POINT('',#18562);
#5759=VERTEX_POINT('',#18563);
#5760=VERTEX_POINT('',#18565);
#5761=VERTEX_POINT('',#18567);
#5762=VERTEX_POINT('',#18571);
#5763=VERTEX_POINT('',#18573);
#5764=VERTEX_POINT('',#18577);
#5765=VERTEX_POINT('',#18579);
#5766=VERTEX_POINT('',#18589);
#5767=VERTEX_POINT('',#18591);
#5768=VERTEX_POINT('',#18595);
#5769=VERTEX_POINT('',#18597);
#5770=VERTEX_POINT('',#18601);
#5771=VERTEX_POINT('',#18602);
#5772=VERTEX_POINT('',#18604);
#5773=VERTEX_POINT('',#18606);
#5774=VERTEX_POINT('',#18610);
#5775=VERTEX_POINT('',#18612);
#5776=VERTEX_POINT('',#18616);
#5777=VERTEX_POINT('',#18618);
#5778=VERTEX_POINT('',#18628);
#5779=VERTEX_POINT('',#18629);
#5780=VERTEX_POINT('',#18631);
#5781=VERTEX_POINT('',#18633);
#5782=VERTEX_POINT('',#18637);
#5783=VERTEX_POINT('',#18639);
#5784=VERTEX_POINT('',#18643);
#5785=VERTEX_POINT('',#18647);
#5786=VERTEX_POINT('',#18655);
#5787=VERTEX_POINT('',#18656);
#5788=VERTEX_POINT('',#18658);
#5789=VERTEX_POINT('',#18660);
#5790=VERTEX_POINT('',#18664);
#5791=VERTEX_POINT('',#18665);
#5792=VERTEX_POINT('',#18667);
#5793=VERTEX_POINT('',#18669);
#5794=VERTEX_POINT('',#18673);
#5795=VERTEX_POINT('',#18675);
#5796=VERTEX_POINT('',#18679);
#5797=VERTEX_POINT('',#18681);
#5798=VERTEX_POINT('',#18685);
#5799=VERTEX_POINT('',#18688);
#5800=VERTEX_POINT('',#18692);
#5801=VERTEX_POINT('',#18696);
#5802=VERTEX_POINT('',#18706);
#5803=VERTEX_POINT('',#18708);
#5804=VERTEX_POINT('',#18712);
#5805=VERTEX_POINT('',#18713);
#5806=VERTEX_POINT('',#18715);
#5807=VERTEX_POINT('',#18717);
#5808=VERTEX_POINT('',#18721);
#5809=VERTEX_POINT('',#18723);
#5810=VERTEX_POINT('',#18727);
#5811=VERTEX_POINT('',#18729);
#5812=VERTEX_POINT('',#18739);
#5813=VERTEX_POINT('',#18741);
#5814=VERTEX_POINT('',#18745);
#5815=VERTEX_POINT('',#18746);
#5816=VERTEX_POINT('',#18748);
#5817=VERTEX_POINT('',#18750);
#5818=VERTEX_POINT('',#18754);
#5819=VERTEX_POINT('',#18756);
#5820=VERTEX_POINT('',#18760);
#5821=VERTEX_POINT('',#18762);
#5822=VERTEX_POINT('',#18772);
#5823=VERTEX_POINT('',#18773);
#5824=VERTEX_POINT('',#18775);
#5825=VERTEX_POINT('',#18777);
#5826=VERTEX_POINT('',#18781);
#5827=VERTEX_POINT('',#18782);
#5828=VERTEX_POINT('',#18784);
#5829=VERTEX_POINT('',#18786);
#5830=VERTEX_POINT('',#18790);
#5831=VERTEX_POINT('',#18792);
#5832=VERTEX_POINT('',#18796);
#5833=VERTEX_POINT('',#18798);
#5834=VERTEX_POINT('',#18802);
#5835=VERTEX_POINT('',#18805);
#5836=VERTEX_POINT('',#18809);
#5837=VERTEX_POINT('',#18813);
#5838=VERTEX_POINT('',#18823);
#5839=VERTEX_POINT('',#18825);
#5840=VERTEX_POINT('',#18829);
#5841=VERTEX_POINT('',#18830);
#5842=VERTEX_POINT('',#18832);
#5843=VERTEX_POINT('',#18834);
#5844=VERTEX_POINT('',#18838);
#5845=VERTEX_POINT('',#18840);
#5846=VERTEX_POINT('',#18844);
#5847=VERTEX_POINT('',#18846);
#5848=VERTEX_POINT('',#18856);
#5849=VERTEX_POINT('',#18858);
#5850=VERTEX_POINT('',#18862);
#5851=VERTEX_POINT('',#18863);
#5852=VERTEX_POINT('',#18865);
#5853=VERTEX_POINT('',#18867);
#5854=VERTEX_POINT('',#18871);
#5855=VERTEX_POINT('',#18873);
#5856=VERTEX_POINT('',#18877);
#5857=VERTEX_POINT('',#18879);
#5858=VERTEX_POINT('',#18889);
#5859=VERTEX_POINT('',#18890);
#5860=VERTEX_POINT('',#18892);
#5861=VERTEX_POINT('',#18894);
#5862=VERTEX_POINT('',#18898);
#5863=VERTEX_POINT('',#18900);
#5864=VERTEX_POINT('',#18904);
#5865=VERTEX_POINT('',#18908);
#5866=VERTEX_POINT('',#18916);
#5867=VERTEX_POINT('',#18917);
#5868=VERTEX_POINT('',#18919);
#5869=VERTEX_POINT('',#18921);
#5870=VERTEX_POINT('',#18925);
#5871=VERTEX_POINT('',#18927);
#5872=VERTEX_POINT('',#18931);
#5873=VERTEX_POINT('',#18935);
#5874=VERTEX_POINT('',#18963);
#5875=VERTEX_POINT('',#18965);
#5876=VERTEX_POINT('',#18972);
#5877=VERTEX_POINT('',#18974);
#5878=VERTEX_POINT('',#18981);
#5879=VERTEX_POINT('',#18983);
#5880=VERTEX_POINT('',#18987);
#5881=VERTEX_POINT('',#18989);
#5882=VERTEX_POINT('',#18993);
#5883=VERTEX_POINT('',#18995);
#5884=VERTEX_POINT('',#18999);
#5885=VERTEX_POINT('',#19001);
#5886=VERTEX_POINT('',#19005);
#5887=VERTEX_POINT('',#19007);
#5888=VERTEX_POINT('',#19011);
#5889=VERTEX_POINT('',#19012);
#5890=VERTEX_POINT('',#19014);
#5891=VERTEX_POINT('',#19016);
#5892=VERTEX_POINT('',#19020);
#5893=VERTEX_POINT('',#19022);
#5894=VERTEX_POINT('',#19026);
#5895=VERTEX_POINT('',#19028);
#5896=VERTEX_POINT('',#19038);
#5897=VERTEX_POINT('',#19039);
#5898=VERTEX_POINT('',#19041);
#5899=VERTEX_POINT('',#19043);
#5900=VERTEX_POINT('',#19047);
#5901=VERTEX_POINT('',#19049);
#5902=VERTEX_POINT('',#19053);
#5903=VERTEX_POINT('',#19055);
#5904=VERTEX_POINT('',#19059);
#5905=VERTEX_POINT('',#19061);
#5906=VERTEX_POINT('',#19064);
#5907=VERTEX_POINT('',#19066);
#5908=VERTEX_POINT('',#19068);
#5909=VERTEX_POINT('',#19070);
#5910=VERTEX_POINT('',#19072);
#5911=VERTEX_POINT('',#19075);
#5912=VERTEX_POINT('',#19077);
#5913=VERTEX_POINT('',#19082);
#5914=VERTEX_POINT('',#19084);
#5915=VERTEX_POINT('',#19089);
#5916=VERTEX_POINT('',#19093);
#5917=VERTEX_POINT('',#19097);
#5918=VERTEX_POINT('',#19101);
#5919=VERTEX_POINT('',#19105);
#5920=VERTEX_POINT('',#19109);
#5921=VERTEX_POINT('',#19111);
#5922=VERTEX_POINT('',#19121);
#5923=VERTEX_POINT('',#19123);
#5924=VERTEX_POINT('',#19127);
#5925=VERTEX_POINT('',#19129);
#5926=VERTEX_POINT('',#19133);
#5927=VERTEX_POINT('',#19135);
#5928=VERTEX_POINT('',#19139);
#5929=VERTEX_POINT('',#19141);
#5930=VERTEX_POINT('',#19148);
#5931=VERTEX_POINT('',#19150);
#5932=VERTEX_POINT('',#19157);
#5933=VERTEX_POINT('',#19159);
#5934=VERTEX_POINT('',#19166);
#5935=VERTEX_POINT('',#19168);
#5936=VERTEX_POINT('',#19172);
#5937=VERTEX_POINT('',#19174);
#5938=VERTEX_POINT('',#19178);
#5939=VERTEX_POINT('',#19180);
#5940=VERTEX_POINT('',#19184);
#5941=VERTEX_POINT('',#19186);
#5942=VERTEX_POINT('',#19190);
#5943=VERTEX_POINT('',#19192);
#5944=VERTEX_POINT('',#19196);
#5945=VERTEX_POINT('',#19197);
#5946=VERTEX_POINT('',#19199);
#5947=VERTEX_POINT('',#19201);
#5948=VERTEX_POINT('',#19205);
#5949=VERTEX_POINT('',#19207);
#5950=VERTEX_POINT('',#19211);
#5951=VERTEX_POINT('',#19213);
#5952=VERTEX_POINT('',#19223);
#5953=VERTEX_POINT('',#19224);
#5954=VERTEX_POINT('',#19226);
#5955=VERTEX_POINT('',#19228);
#5956=VERTEX_POINT('',#19232);
#5957=VERTEX_POINT('',#19234);
#5958=VERTEX_POINT('',#19238);
#5959=VERTEX_POINT('',#19240);
#5960=VERTEX_POINT('',#19244);
#5961=VERTEX_POINT('',#19246);
#5962=VERTEX_POINT('',#19249);
#5963=VERTEX_POINT('',#19251);
#5964=VERTEX_POINT('',#19253);
#5965=VERTEX_POINT('',#19255);
#5966=VERTEX_POINT('',#19257);
#5967=VERTEX_POINT('',#19260);
#5968=VERTEX_POINT('',#19262);
#5969=VERTEX_POINT('',#19267);
#5970=VERTEX_POINT('',#19269);
#5971=VERTEX_POINT('',#19274);
#5972=VERTEX_POINT('',#19278);
#5973=VERTEX_POINT('',#19282);
#5974=VERTEX_POINT('',#19286);
#5975=VERTEX_POINT('',#19290);
#5976=VERTEX_POINT('',#19294);
#5977=VERTEX_POINT('',#19296);
#5978=VERTEX_POINT('',#19306);
#5979=VERTEX_POINT('',#19308);
#5980=VERTEX_POINT('',#19312);
#5981=VERTEX_POINT('',#19314);
#5982=VERTEX_POINT('',#19318);
#5983=VERTEX_POINT('',#19320);
#5984=VERTEX_POINT('',#19324);
#5985=VERTEX_POINT('',#19326);
#5986=VERTEX_POINT('',#19344);
#5987=VERTEX_POINT('',#19346);
#5988=VERTEX_POINT('',#19351);
#5989=VERTEX_POINT('',#19353);
#5990=VERTEX_POINT('',#19358);
#5991=VERTEX_POINT('',#19359);
#5992=VERTEX_POINT('',#19361);
#5993=VERTEX_POINT('',#19363);
#5994=VERTEX_POINT('',#19367);
#5995=VERTEX_POINT('',#19369);
#5996=VERTEX_POINT('',#19373);
#5997=VERTEX_POINT('',#19375);
#5998=VERTEX_POINT('',#19385);
#5999=VERTEX_POINT('',#19387);
#6000=VERTEX_POINT('',#19392);
#6001=VERTEX_POINT('',#19394);
#6002=VERTEX_POINT('',#19399);
#6003=VERTEX_POINT('',#19400);
#6004=VERTEX_POINT('',#19402);
#6005=VERTEX_POINT('',#19404);
#6006=VERTEX_POINT('',#19408);
#6007=VERTEX_POINT('',#19410);
#6008=VERTEX_POINT('',#19414);
#6009=VERTEX_POINT('',#19416);
#6010=EDGE_CURVE('',#5100,#5100,#4712,.T.);
#6011=EDGE_CURVE('',#5100,#5101,#2814,.T.);
#6012=EDGE_CURVE('',#5101,#5101,#4713,.T.);
#6013=EDGE_CURVE('',#5102,#5102,#4714,.T.);
#6014=EDGE_CURVE('',#5102,#5103,#2815,.T.);
#6015=EDGE_CURVE('',#5103,#5103,#4715,.T.);
#6016=EDGE_CURVE('',#5104,#5104,#4716,.T.);
#6017=EDGE_CURVE('',#5104,#5105,#2816,.T.);
#6018=EDGE_CURVE('',#5105,#5105,#4717,.T.);
#6019=EDGE_CURVE('',#5106,#5106,#4718,.T.);
#6020=EDGE_CURVE('',#5106,#5107,#2817,.T.);
#6021=EDGE_CURVE('',#5107,#5107,#4719,.T.);
#6022=EDGE_CURVE('',#5108,#5109,#2818,.T.);
#6023=EDGE_CURVE('',#5110,#5108,#4720,.T.);
#6024=EDGE_CURVE('',#5111,#5110,#2819,.T.);
#6025=EDGE_CURVE('',#5109,#5111,#4721,.T.);
#6026=EDGE_CURVE('',#5112,#5113,#2820,.T.);
#6027=EDGE_CURVE('',#5114,#5112,#4722,.T.);
#6028=EDGE_CURVE('',#5115,#5114,#2821,.T.);
#6029=EDGE_CURVE('',#5113,#5115,#4723,.T.);
#6030=EDGE_CURVE('',#5108,#5110,#4724,.T.);
#6031=EDGE_CURVE('',#5111,#5109,#4725,.T.);
#6032=EDGE_CURVE('',#5112,#5114,#4726,.T.);
#6033=EDGE_CURVE('',#5115,#5113,#4727,.T.);
#6034=EDGE_CURVE('',#5116,#5117,#2822,.T.);
#6035=EDGE_CURVE('',#5118,#5116,#4728,.T.);
#6036=EDGE_CURVE('',#5119,#5118,#2823,.T.);
#6037=EDGE_CURVE('',#5117,#5119,#4729,.T.);
#6038=EDGE_CURVE('',#5120,#5121,#2824,.T.);
#6039=EDGE_CURVE('',#5122,#5120,#4730,.T.);
#6040=EDGE_CURVE('',#5123,#5122,#2825,.T.);
#6041=EDGE_CURVE('',#5121,#5123,#4731,.T.);
#6042=EDGE_CURVE('',#5116,#5118,#4732,.T.);
#6043=EDGE_CURVE('',#5119,#5117,#4733,.T.);
#6044=EDGE_CURVE('',#5120,#5122,#4734,.T.);
#6045=EDGE_CURVE('',#5123,#5121,#4735,.T.);
#6046=EDGE_CURVE('',#5124,#5124,#4736,.T.);
#6047=EDGE_CURVE('',#5124,#5125,#2826,.T.);
#6048=EDGE_CURVE('',#5125,#5125,#4737,.T.);
#6049=EDGE_CURVE('',#5126,#5126,#4738,.T.);
#6050=EDGE_CURVE('',#5126,#5127,#2827,.T.);
#6051=EDGE_CURVE('',#5127,#5127,#4739,.T.);
#6052=EDGE_CURVE('',#5128,#5128,#4740,.T.);
#6053=EDGE_CURVE('',#5128,#5129,#2828,.T.);
#6054=EDGE_CURVE('',#5129,#5129,#4741,.T.);
#6055=EDGE_CURVE('',#5130,#5130,#4742,.T.);
#6056=EDGE_CURVE('',#5130,#5131,#2829,.T.);
#6057=EDGE_CURVE('',#5131,#5131,#4743,.T.);
#6058=EDGE_CURVE('',#5132,#5132,#4744,.T.);
#6059=EDGE_CURVE('',#5132,#5133,#2830,.T.);
#6060=EDGE_CURVE('',#5133,#5133,#4745,.T.);
#6061=EDGE_CURVE('',#5134,#5134,#4746,.T.);
#6062=EDGE_CURVE('',#5134,#5135,#2831,.T.);
#6063=EDGE_CURVE('',#5135,#5135,#4747,.T.);
#6064=EDGE_CURVE('',#5136,#5136,#4748,.T.);
#6065=EDGE_CURVE('',#5136,#5137,#2832,.T.);
#6066=EDGE_CURVE('',#5137,#5137,#4749,.T.);
#6067=EDGE_CURVE('',#5138,#5138,#4750,.T.);
#6068=EDGE_CURVE('',#5138,#5139,#2833,.T.);
#6069=EDGE_CURVE('',#5139,#5139,#4751,.T.);
#6070=EDGE_CURVE('',#5140,#5140,#4752,.T.);
#6071=EDGE_CURVE('',#5140,#5141,#2834,.T.);
#6072=EDGE_CURVE('',#5141,#5141,#4753,.T.);
#6073=EDGE_CURVE('',#5142,#5142,#4754,.T.);
#6074=EDGE_CURVE('',#5142,#5143,#2835,.T.);
#6075=EDGE_CURVE('',#5143,#5143,#4755,.T.);
#6076=EDGE_CURVE('',#5144,#5144,#4756,.T.);
#6077=EDGE_CURVE('',#5144,#5145,#2836,.T.);
#6078=EDGE_CURVE('',#5145,#5145,#4757,.T.);
#6079=EDGE_CURVE('',#5146,#5146,#4758,.T.);
#6080=EDGE_CURVE('',#5146,#5147,#2837,.T.);
#6081=EDGE_CURVE('',#5147,#5147,#4759,.T.);
#6082=EDGE_CURVE('',#5148,#5148,#4760,.T.);
#6083=EDGE_CURVE('',#5148,#5149,#2838,.T.);
#6084=EDGE_CURVE('',#5149,#5149,#4761,.T.);
#6085=EDGE_CURVE('',#5150,#5150,#4762,.T.);
#6086=EDGE_CURVE('',#5150,#5151,#2839,.T.);
#6087=EDGE_CURVE('',#5151,#5151,#4763,.T.);
#6088=EDGE_CURVE('',#5152,#5152,#4764,.T.);
#6089=EDGE_CURVE('',#5152,#5153,#2840,.T.);
#6090=EDGE_CURVE('',#5153,#5153,#4765,.T.);
#6091=EDGE_CURVE('',#5154,#5154,#4766,.T.);
#6092=EDGE_CURVE('',#5154,#5155,#2841,.T.);
#6093=EDGE_CURVE('',#5155,#5155,#4767,.T.);
#6094=EDGE_CURVE('',#5156,#5157,#2842,.T.);
#6095=EDGE_CURVE('',#5158,#5156,#2843,.T.);
#6096=EDGE_CURVE('',#5159,#5158,#2844,.T.);
#6097=EDGE_CURVE('',#5159,#5157,#2845,.T.);
#6098=EDGE_CURVE('',#5160,#5161,#2846,.T.);
#6099=EDGE_CURVE('',#5160,#5162,#2847,.T.);
#6100=EDGE_CURVE('',#5163,#5162,#2848,.T.);
#6101=EDGE_CURVE('',#5161,#5163,#2849,.T.);
#6102=EDGE_CURVE('',#5162,#5156,#2850,.T.);
#6103=EDGE_CURVE('',#5158,#5160,#2851,.T.);
#6104=EDGE_CURVE('',#5161,#5159,#2852,.T.);
#6105=EDGE_CURVE('',#5157,#5163,#2853,.T.);
#6106=EDGE_CURVE('',#5164,#5165,#2854,.T.);
#6107=EDGE_CURVE('',#5166,#5164,#2855,.T.);
#6108=EDGE_CURVE('',#5167,#5166,#2856,.T.);
#6109=EDGE_CURVE('',#5167,#5165,#2857,.T.);
#6110=EDGE_CURVE('',#5168,#5169,#2858,.T.);
#6111=EDGE_CURVE('',#5168,#5170,#2859,.T.);
#6112=EDGE_CURVE('',#5171,#5170,#2860,.T.);
#6113=EDGE_CURVE('',#5169,#5171,#2861,.T.);
#6114=EDGE_CURVE('',#5170,#5164,#2862,.T.);
#6115=EDGE_CURVE('',#5166,#5168,#2863,.T.);
#6116=EDGE_CURVE('',#5169,#5167,#2864,.T.);
#6117=EDGE_CURVE('',#5165,#5171,#2865,.T.);
#6118=EDGE_CURVE('',#5172,#5173,#2866,.T.);
#6119=EDGE_CURVE('',#5174,#5172,#2867,.T.);
#6120=EDGE_CURVE('',#5175,#5174,#2868,.T.);
#6121=EDGE_CURVE('',#5175,#5173,#2869,.T.);
#6122=EDGE_CURVE('',#5176,#5177,#2870,.T.);
#6123=EDGE_CURVE('',#5176,#5178,#2871,.T.);
#6124=EDGE_CURVE('',#5179,#5178,#2872,.T.);
#6125=EDGE_CURVE('',#5177,#5179,#2873,.T.);
#6126=EDGE_CURVE('',#5178,#5172,#2874,.T.);
#6127=EDGE_CURVE('',#5174,#5176,#2875,.T.);
#6128=EDGE_CURVE('',#5177,#5175,#2876,.T.);
#6129=EDGE_CURVE('',#5173,#5179,#2877,.T.);
#6130=EDGE_CURVE('',#5180,#5181,#2878,.T.);
#6131=EDGE_CURVE('',#5182,#5180,#2879,.T.);
#6132=EDGE_CURVE('',#5183,#5182,#2880,.T.);
#6133=EDGE_CURVE('',#5183,#5181,#2881,.T.);
#6134=EDGE_CURVE('',#5184,#5185,#2882,.T.);
#6135=EDGE_CURVE('',#5184,#5186,#2883,.T.);
#6136=EDGE_CURVE('',#5187,#5186,#2884,.T.);
#6137=EDGE_CURVE('',#5185,#5187,#2885,.T.);
#6138=EDGE_CURVE('',#5186,#5180,#2886,.T.);
#6139=EDGE_CURVE('',#5182,#5184,#2887,.T.);
#6140=EDGE_CURVE('',#5185,#5183,#2888,.T.);
#6141=EDGE_CURVE('',#5181,#5187,#2889,.T.);
#6142=EDGE_CURVE('',#5188,#5188,#4768,.T.);
#6143=EDGE_CURVE('',#5188,#5189,#2890,.T.);
#6144=EDGE_CURVE('',#5189,#5189,#4769,.T.);
#6145=EDGE_CURVE('',#5190,#5190,#4770,.T.);
#6146=EDGE_CURVE('',#5190,#5191,#2891,.T.);
#6147=EDGE_CURVE('',#5191,#5191,#4771,.T.);
#6148=EDGE_CURVE('',#5192,#5192,#4772,.T.);
#6149=EDGE_CURVE('',#5192,#5193,#2892,.T.);
#6150=EDGE_CURVE('',#5193,#5193,#4773,.T.);
#6151=EDGE_CURVE('',#5194,#5194,#4774,.T.);
#6152=EDGE_CURVE('',#5194,#5195,#2893,.T.);
#6153=EDGE_CURVE('',#5195,#5195,#4775,.T.);
#6154=EDGE_CURVE('',#5196,#5196,#4776,.T.);
#6155=EDGE_CURVE('',#5196,#5197,#2894,.T.);
#6156=EDGE_CURVE('',#5197,#5197,#4777,.T.);
#6157=EDGE_CURVE('',#5198,#5198,#4778,.T.);
#6158=EDGE_CURVE('',#5198,#5199,#2895,.T.);
#6159=EDGE_CURVE('',#5199,#5199,#4779,.T.);
#6160=EDGE_CURVE('',#5200,#5200,#4780,.T.);
#6161=EDGE_CURVE('',#5200,#5201,#2896,.T.);
#6162=EDGE_CURVE('',#5201,#5201,#4781,.T.);
#6163=EDGE_CURVE('',#5202,#5202,#4782,.T.);
#6164=EDGE_CURVE('',#5202,#5203,#2897,.T.);
#6165=EDGE_CURVE('',#5203,#5203,#4783,.T.);
#6166=EDGE_CURVE('',#5204,#5204,#4784,.T.);
#6167=EDGE_CURVE('',#5204,#5205,#2898,.T.);
#6168=EDGE_CURVE('',#5205,#5205,#4785,.T.);
#6169=EDGE_CURVE('',#5206,#5206,#4786,.T.);
#6170=EDGE_CURVE('',#5206,#5207,#2899,.T.);
#6171=EDGE_CURVE('',#5207,#5207,#4787,.T.);
#6172=EDGE_CURVE('',#5208,#5208,#4788,.T.);
#6173=EDGE_CURVE('',#5208,#5209,#2900,.T.);
#6174=EDGE_CURVE('',#5209,#5209,#4789,.T.);
#6175=EDGE_CURVE('',#5210,#5210,#4790,.T.);
#6176=EDGE_CURVE('',#5210,#5211,#2901,.T.);
#6177=EDGE_CURVE('',#5211,#5211,#4791,.T.);
#6178=EDGE_CURVE('',#5212,#5212,#4792,.T.);
#6179=EDGE_CURVE('',#5212,#5213,#2902,.T.);
#6180=EDGE_CURVE('',#5213,#5213,#4793,.T.);
#6181=EDGE_CURVE('',#5214,#5214,#4794,.T.);
#6182=EDGE_CURVE('',#5214,#5215,#2903,.T.);
#6183=EDGE_CURVE('',#5215,#5215,#4795,.T.);
#6184=EDGE_CURVE('',#5216,#5216,#4796,.T.);
#6185=EDGE_CURVE('',#5216,#5217,#2904,.T.);
#6186=EDGE_CURVE('',#5217,#5217,#4797,.T.);
#6187=EDGE_CURVE('',#5218,#5218,#4798,.T.);
#6188=EDGE_CURVE('',#5218,#5219,#2905,.T.);
#6189=EDGE_CURVE('',#5219,#5219,#4799,.T.);
#6190=EDGE_CURVE('',#5220,#5220,#4800,.T.);
#6191=EDGE_CURVE('',#5220,#5221,#2906,.T.);
#6192=EDGE_CURVE('',#5221,#5221,#4801,.T.);
#6193=EDGE_CURVE('',#5222,#5222,#4802,.T.);
#6194=EDGE_CURVE('',#5222,#5223,#2907,.T.);
#6195=EDGE_CURVE('',#5223,#5223,#4803,.T.);
#6196=EDGE_CURVE('',#5224,#5225,#2908,.T.);
#6197=EDGE_CURVE('',#5224,#5226,#2909,.T.);
#6198=EDGE_CURVE('',#5227,#5226,#2910,.T.);
#6199=EDGE_CURVE('',#5225,#5227,#2911,.T.);
#6200=EDGE_CURVE('',#5228,#5224,#2912,.T.);
#6201=EDGE_CURVE('',#5228,#5229,#2913,.T.);
#6202=EDGE_CURVE('',#5226,#5229,#2914,.T.);
#6203=EDGE_CURVE('',#5230,#5228,#2915,.T.);
#6204=EDGE_CURVE('',#5231,#5230,#2916,.T.);
#6205=EDGE_CURVE('',#5229,#5231,#2917,.T.);
#6206=EDGE_CURVE('',#5225,#5232,#2918,.T.);
#6207=EDGE_CURVE('',#5232,#5233,#2919,.T.);
#6208=EDGE_CURVE('',#5233,#5234,#2920,.T.);
#6209=EDGE_CURVE('',#5234,#5235,#2921,.T.);
#6210=EDGE_CURVE('',#5235,#5236,#2922,.T.);
#6211=EDGE_CURVE('',#5236,#5237,#2923,.T.);
#6212=EDGE_CURVE('',#5237,#5238,#2924,.T.);
#6213=EDGE_CURVE('',#5238,#5239,#2925,.T.);
#6214=EDGE_CURVE('',#5239,#5230,#2926,.T.);
#6215=EDGE_CURVE('',#5240,#5227,#2927,.T.);
#6216=EDGE_CURVE('',#5240,#5232,#2928,.T.);
#6217=EDGE_CURVE('',#5236,#5241,#2929,.T.);
#6218=EDGE_CURVE('',#5242,#5241,#2930,.T.);
#6219=EDGE_CURVE('',#5237,#5242,#2931,.T.);
#6220=EDGE_CURVE('',#5235,#5243,#2932,.T.);
#6221=EDGE_CURVE('',#5241,#5243,#2933,.T.);
#6222=EDGE_CURVE('',#5244,#5234,#2934,.T.);
#6223=EDGE_CURVE('',#5243,#5244,#2935,.T.);
#6224=EDGE_CURVE('',#5231,#5245,#2936,.T.);
#6225=EDGE_CURVE('',#5245,#5246,#2937,.T.);
#6226=EDGE_CURVE('',#5246,#5242,#2938,.T.);
#6227=EDGE_CURVE('',#5244,#5247,#2939,.T.);
#6228=EDGE_CURVE('',#5247,#5240,#2940,.T.);
#6229=EDGE_CURVE('',#5247,#5233,#2941,.T.);
#6230=EDGE_CURVE('',#5246,#5238,#2942,.T.);
#6231=EDGE_CURVE('',#5245,#5239,#2943,.T.);
#6232=EDGE_CURVE('',#5248,#5248,#4804,.T.);
#6233=EDGE_CURVE('',#5248,#5249,#2944,.T.);
#6234=EDGE_CURVE('',#5249,#5249,#4805,.T.);
#6235=EDGE_CURVE('',#5250,#5250,#4806,.T.);
#6236=EDGE_CURVE('',#5250,#5251,#2945,.T.);
#6237=EDGE_CURVE('',#5251,#5251,#4807,.T.);
#6238=EDGE_CURVE('',#5252,#5252,#4808,.T.);
#6239=EDGE_CURVE('',#5252,#5253,#2946,.T.);
#6240=EDGE_CURVE('',#5253,#5253,#4809,.T.);
#6241=EDGE_CURVE('',#5254,#5254,#4810,.T.);
#6242=EDGE_CURVE('',#5254,#5255,#2947,.T.);
#6243=EDGE_CURVE('',#5255,#5255,#4811,.T.);
#6244=EDGE_CURVE('',#5256,#5257,#2948,.T.);
#6245=EDGE_CURVE('',#5256,#5258,#2949,.T.);
#6246=EDGE_CURVE('',#5259,#5258,#2950,.T.);
#6247=EDGE_CURVE('',#5257,#5259,#2951,.T.);
#6248=EDGE_CURVE('',#5260,#5256,#2952,.T.);
#6249=EDGE_CURVE('',#5260,#5261,#2953,.T.);
#6250=EDGE_CURVE('',#5258,#5261,#2954,.T.);
#6251=EDGE_CURVE('',#5262,#5260,#2955,.T.);
#6252=EDGE_CURVE('',#5263,#5262,#2956,.T.);
#6253=EDGE_CURVE('',#5261,#5263,#2957,.T.);
#6254=EDGE_CURVE('',#5263,#5264,#2958,.T.);
#6255=EDGE_CURVE('',#5264,#5265,#2959,.T.);
#6256=EDGE_CURVE('',#5265,#5266,#2960,.T.);
#6257=EDGE_CURVE('',#5266,#5267,#2961,.T.);
#6258=EDGE_CURVE('',#5267,#5259,#2962,.T.);
#6259=EDGE_CURVE('',#5268,#5262,#2963,.T.);
#6260=EDGE_CURVE('',#5268,#5264,#2964,.T.);
#6261=EDGE_CURVE('',#5269,#5267,#2965,.T.);
#6262=EDGE_CURVE('',#5257,#5269,#2966,.T.);
#6263=EDGE_CURVE('',#5265,#5270,#2967,.T.);
#6264=EDGE_CURVE('',#5270,#5268,#2968,.T.);
#6265=EDGE_CURVE('',#5269,#5271,#2969,.T.);
#6266=EDGE_CURVE('',#5271,#5266,#2970,.T.);
#6267=EDGE_CURVE('',#5271,#5270,#2971,.T.);
#6268=EDGE_CURVE('',#5272,#5272,#4812,.T.);
#6269=EDGE_CURVE('',#5272,#5273,#2972,.T.);
#6270=EDGE_CURVE('',#5273,#5273,#4813,.T.);
#6271=EDGE_CURVE('',#5274,#5274,#4814,.T.);
#6272=EDGE_CURVE('',#5274,#5275,#2973,.T.);
#6273=EDGE_CURVE('',#5275,#5275,#4815,.T.);
#6274=EDGE_CURVE('',#5276,#5276,#4816,.T.);
#6275=EDGE_CURVE('',#5276,#5277,#2974,.T.);
#6276=EDGE_CURVE('',#5277,#5277,#4817,.T.);
#6277=EDGE_CURVE('',#5278,#5278,#4818,.T.);
#6278=EDGE_CURVE('',#5278,#5279,#2975,.T.);
#6279=EDGE_CURVE('',#5279,#5279,#4819,.T.);
#6280=EDGE_CURVE('',#5280,#5281,#2976,.T.);
#6281=EDGE_CURVE('',#5282,#5280,#2977,.T.);
#6282=EDGE_CURVE('',#5283,#5282,#2978,.T.);
#6283=EDGE_CURVE('',#5281,#5283,#2979,.T.);
#6284=EDGE_CURVE('',#5284,#5285,#2980,.T.);
#6285=EDGE_CURVE('',#5286,#5284,#2981,.T.);
#6286=EDGE_CURVE('',#5287,#5286,#2982,.T.);
#6287=EDGE_CURVE('',#5287,#5285,#2983,.T.);
#6288=EDGE_CURVE('',#5285,#5280,#2984,.T.);
#6289=EDGE_CURVE('',#5282,#5287,#2985,.T.);
#6290=EDGE_CURVE('',#5286,#5288,#2986,.T.);
#6291=EDGE_CURVE('',#5288,#5289,#2987,.T.);
#6292=EDGE_CURVE('',#5289,#5290,#2988,.T.);
#6293=EDGE_CURVE('',#5290,#5291,#2989,.T.);
#6294=EDGE_CURVE('',#5291,#5283,#2990,.T.);
#6295=EDGE_CURVE('',#5284,#5292,#2991,.T.);
#6296=EDGE_CURVE('',#5292,#5288,#2992,.T.);
#6297=EDGE_CURVE('',#5291,#5293,#2993,.T.);
#6298=EDGE_CURVE('',#5293,#5281,#2994,.T.);
#6299=EDGE_CURVE('',#5294,#5290,#2995,.T.);
#6300=EDGE_CURVE('',#5293,#5294,#2996,.T.);
#6301=EDGE_CURVE('',#5295,#5289,#2997,.T.);
#6302=EDGE_CURVE('',#5295,#5294,#2998,.T.);
#6303=EDGE_CURVE('',#5292,#5295,#2999,.T.);
#6304=EDGE_CURVE('',#5296,#5296,#4820,.T.);
#6305=EDGE_CURVE('',#5296,#5297,#3000,.T.);
#6306=EDGE_CURVE('',#5297,#5297,#4821,.T.);
#6307=EDGE_CURVE('',#5298,#5298,#4822,.T.);
#6308=EDGE_CURVE('',#5298,#5299,#3001,.T.);
#6309=EDGE_CURVE('',#5299,#5299,#4823,.T.);
#6310=EDGE_CURVE('',#5300,#5300,#4824,.T.);
#6311=EDGE_CURVE('',#5300,#5301,#3002,.T.);
#6312=EDGE_CURVE('',#5301,#5301,#4825,.T.);
#6313=EDGE_CURVE('',#5302,#5302,#4826,.T.);
#6314=EDGE_CURVE('',#5302,#5303,#3003,.T.);
#6315=EDGE_CURVE('',#5303,#5303,#4827,.T.);
#6316=EDGE_CURVE('',#5304,#5304,#4828,.T.);
#6317=EDGE_CURVE('',#5304,#5305,#3004,.T.);
#6318=EDGE_CURVE('',#5305,#5305,#4829,.T.);
#6319=EDGE_CURVE('',#5306,#5306,#4830,.T.);
#6320=EDGE_CURVE('',#5306,#5307,#3005,.T.);
#6321=EDGE_CURVE('',#5307,#5307,#4831,.T.);
#6322=EDGE_CURVE('',#5308,#5308,#4832,.T.);
#6323=EDGE_CURVE('',#5308,#5309,#3006,.T.);
#6324=EDGE_CURVE('',#5309,#5309,#4833,.T.);
#6325=EDGE_CURVE('',#5310,#5311,#3007,.T.);
#6326=EDGE_CURVE('',#5311,#5312,#3008,.T.);
#6327=EDGE_CURVE('',#5313,#5312,#3009,.T.);
#6328=EDGE_CURVE('',#5310,#5313,#3010,.T.);
#6329=EDGE_CURVE('',#5314,#5310,#3011,.T.);
#6330=EDGE_CURVE('',#5315,#5313,#3012,.T.);
#6331=EDGE_CURVE('',#5314,#5315,#3013,.T.);
#6332=EDGE_CURVE('',#5316,#5314,#3014,.T.);
#6333=EDGE_CURVE('',#5317,#5315,#3015,.T.);
#6334=EDGE_CURVE('',#5316,#5317,#3016,.T.);
#6335=EDGE_CURVE('',#5311,#5316,#3017,.T.);
#6336=EDGE_CURVE('',#5312,#5317,#3018,.T.);
#6337=EDGE_CURVE('',#5318,#5319,#3019,.T.);
#6338=EDGE_CURVE('',#5319,#5318,#4834,.T.);
#6339=EDGE_CURVE('',#5319,#5318,#299,.T.);
#6340=EDGE_CURVE('',#5320,#5321,#3020,.T.);
#6341=EDGE_CURVE('',#5320,#5322,#3021,.T.);
#6342=EDGE_CURVE('',#5322,#5323,#3022,.T.);
#6343=EDGE_CURVE('',#5321,#5323,#3023,.T.);
#6344=EDGE_CURVE('',#5324,#5324,#4835,.T.);
#6345=EDGE_CURVE('',#5325,#5325,#4836,.T.);
#6346=EDGE_CURVE('',#5326,#5320,#3024,.T.);
#6347=EDGE_CURVE('',#5326,#5327,#3025,.T.);
#6348=EDGE_CURVE('',#5327,#5322,#3026,.T.);
#6349=EDGE_CURVE('',#5321,#5326,#3027,.T.);
#6350=EDGE_CURVE('',#5323,#5327,#3028,.T.);
#6351=EDGE_CURVE('',#5328,#5328,#4837,.T.);
#6352=EDGE_CURVE('',#5328,#5324,#3029,.T.);
#6353=EDGE_CURVE('',#5329,#5329,#4838,.T.);
#6354=EDGE_CURVE('',#5329,#5325,#3030,.T.);
#6355=EDGE_CURVE('',#5330,#5331,#3031,.T.);
#6356=EDGE_CURVE('',#5330,#5332,#3032,.T.);
#6357=EDGE_CURVE('',#5333,#5332,#3033,.T.);
#6358=EDGE_CURVE('',#5331,#5333,#3034,.T.);
#6359=EDGE_CURVE('',#5331,#5334,#3035,.T.);
#6360=EDGE_CURVE('',#5335,#5333,#3036,.T.);
#6361=EDGE_CURVE('',#5334,#5335,#3037,.T.);
#6362=EDGE_CURVE('',#5334,#5330,#3038,.T.);
#6363=EDGE_CURVE('',#5332,#5335,#3039,.T.);
#6364=EDGE_CURVE('',#5336,#5337,#3040,.T.);
#6365=EDGE_CURVE('',#5337,#5336,#4839,.T.);
#6366=EDGE_CURVE('',#5337,#5336,#300,.T.);
#6367=EDGE_CURVE('',#5338,#5339,#3041,.T.);
#6368=EDGE_CURVE('',#5338,#5340,#3042,.T.);
#6369=EDGE_CURVE('',#5340,#5341,#3043,.T.);
#6370=EDGE_CURVE('',#5339,#5341,#3044,.T.);
#6371=EDGE_CURVE('',#5342,#5338,#3045,.T.);
#6372=EDGE_CURVE('',#5342,#5343,#3046,.T.);
#6373=EDGE_CURVE('',#5343,#5340,#3047,.T.);
#6374=EDGE_CURVE('',#5344,#5344,#4840,.T.);
#6375=EDGE_CURVE('',#5345,#5345,#4841,.T.);
#6376=EDGE_CURVE('',#5339,#5342,#3048,.T.);
#6377=EDGE_CURVE('',#5341,#5343,#3049,.T.);
#6378=EDGE_CURVE('',#5346,#5346,#4842,.T.);
#6379=EDGE_CURVE('',#5346,#5345,#3050,.T.);
#6380=EDGE_CURVE('',#5347,#5347,#4843,.T.);
#6381=EDGE_CURVE('',#5347,#5344,#3051,.T.);
#6382=EDGE_CURVE('',#5348,#5349,#3052,.T.);
#6383=EDGE_CURVE('',#5349,#5350,#3053,.T.);
#6384=EDGE_CURVE('',#5351,#5350,#3054,.T.);
#6385=EDGE_CURVE('',#5348,#5351,#3055,.T.);
#6386=EDGE_CURVE('',#5352,#5348,#3056,.T.);
#6387=EDGE_CURVE('',#5353,#5351,#3057,.T.);
#6388=EDGE_CURVE('',#5352,#5353,#3058,.T.);
#6389=EDGE_CURVE('',#5349,#5352,#3059,.T.);
#6390=EDGE_CURVE('',#5350,#5353,#3060,.T.);
#6391=EDGE_CURVE('',#5354,#5355,#275,.T.);
#6392=EDGE_CURVE('',#5356,#5354,#276,.T.);
#6393=EDGE_CURVE('',#5355,#5356,#277,.T.);
#6394=EDGE_CURVE('',#5355,#5357,#3061,.T.);
#6395=EDGE_CURVE('',#5358,#5357,#278,.T.);
#6396=EDGE_CURVE('',#5357,#5358,#279,.T.);
#6397=EDGE_CURVE('',#5359,#5359,#4844,.T.);
#6398=EDGE_CURVE('',#5359,#5360,#3062,.T.);
#6399=EDGE_CURVE('',#5360,#5360,#4845,.T.);
#6400=EDGE_CURVE('',#5361,#5361,#4846,.T.);
#6401=EDGE_CURVE('',#5361,#5362,#3063,.T.);
#6402=EDGE_CURVE('',#5362,#5362,#4847,.T.);
#6403=EDGE_CURVE('',#5363,#5363,#4848,.T.);
#6404=EDGE_CURVE('',#5363,#5355,#3064,.T.);
#6405=EDGE_CURVE('',#5356,#5364,#3065,.T.);
#6406=EDGE_CURVE('',#5364,#5364,#4849,.T.);
#6407=EDGE_CURVE('',#5365,#5365,#280,.T.);
#6408=EDGE_CURVE('',#5365,#5366,#3066,.T.);
#6409=EDGE_CURVE('',#5366,#5366,#281,.T.);
#6410=EDGE_CURVE('',#5367,#5367,#282,.T.);
#6411=EDGE_CURVE('',#5367,#5368,#3067,.T.);
#6412=EDGE_CURVE('',#5368,#5368,#283,.T.);
#6413=EDGE_CURVE('',#5369,#5370,#284,.T.);
#6414=EDGE_CURVE('',#5371,#5369,#285,.T.);
#6415=EDGE_CURVE('',#5370,#5371,#286,.T.);
#6416=EDGE_CURVE('',#5370,#5372,#3068,.T.);
#6417=EDGE_CURVE('',#5373,#5372,#287,.T.);
#6418=EDGE_CURVE('',#5372,#5373,#288,.T.);
#6419=EDGE_CURVE('',#5374,#5374,#4850,.T.);
#6420=EDGE_CURVE('',#5374,#5375,#3069,.T.);
#6421=EDGE_CURVE('',#5375,#5375,#4851,.T.);
#6422=EDGE_CURVE('',#5376,#5376,#4852,.T.);
#6423=EDGE_CURVE('',#5376,#5377,#3070,.T.);
#6424=EDGE_CURVE('',#5377,#5377,#4853,.T.);
#6425=EDGE_CURVE('',#5378,#5378,#4854,.T.);
#6426=EDGE_CURVE('',#5378,#5370,#3071,.T.);
#6427=EDGE_CURVE('',#5371,#5379,#3072,.T.);
#6428=EDGE_CURVE('',#5379,#5379,#4855,.T.);
#6429=EDGE_CURVE('',#5380,#5381,#289,.T.);
#6430=EDGE_CURVE('',#5382,#5380,#290,.T.);
#6431=EDGE_CURVE('',#5381,#5382,#291,.T.);
#6432=EDGE_CURVE('',#5381,#5383,#3073,.T.);
#6433=EDGE_CURVE('',#5384,#5383,#292,.T.);
#6434=EDGE_CURVE('',#5383,#5384,#293,.T.);
#6435=EDGE_CURVE('',#5385,#5385,#4856,.T.);
#6436=EDGE_CURVE('',#5385,#5386,#3074,.T.);
#6437=EDGE_CURVE('',#5386,#5386,#4857,.T.);
#6438=EDGE_CURVE('',#5387,#5387,#4858,.T.);
#6439=EDGE_CURVE('',#5387,#5388,#3075,.T.);
#6440=EDGE_CURVE('',#5388,#5388,#4859,.T.);
#6441=EDGE_CURVE('',#5389,#5389,#4860,.T.);
#6442=EDGE_CURVE('',#5389,#5381,#3076,.T.);
#6443=EDGE_CURVE('',#5382,#5390,#3077,.T.);
#6444=EDGE_CURVE('',#5390,#5390,#4861,.T.);
#6445=EDGE_CURVE('',#5391,#5392,#294,.T.);
#6446=EDGE_CURVE('',#5393,#5391,#295,.T.);
#6447=EDGE_CURVE('',#5392,#5393,#296,.T.);
#6448=EDGE_CURVE('',#5392,#5394,#3078,.T.);
#6449=EDGE_CURVE('',#5395,#5394,#297,.T.);
#6450=EDGE_CURVE('',#5394,#5395,#298,.T.);
#6451=EDGE_CURVE('',#5396,#5396,#4862,.T.);
#6452=EDGE_CURVE('',#5396,#5397,#3079,.T.);
#6453=EDGE_CURVE('',#5397,#5397,#4863,.T.);
#6454=EDGE_CURVE('',#5398,#5398,#4864,.T.);
#6455=EDGE_CURVE('',#5398,#5399,#3080,.T.);
#6456=EDGE_CURVE('',#5399,#5399,#4865,.T.);
#6457=EDGE_CURVE('',#5400,#5400,#4866,.T.);
#6458=EDGE_CURVE('',#5400,#5392,#3081,.T.);
#6459=EDGE_CURVE('',#5393,#5401,#3082,.T.);
#6460=EDGE_CURVE('',#5401,#5401,#4867,.T.);
#6461=EDGE_CURVE('',#5402,#5402,#4868,.T.);
#6462=EDGE_CURVE('',#5402,#5403,#3083,.T.);
#6463=EDGE_CURVE('',#5403,#5403,#4869,.T.);
#6464=EDGE_CURVE('',#5404,#5404,#4870,.T.);
#6465=EDGE_CURVE('',#5404,#5405,#3084,.T.);
#6466=EDGE_CURVE('',#5405,#5405,#4871,.T.);
#6467=EDGE_CURVE('',#5406,#5406,#4872,.T.);
#6468=EDGE_CURVE('',#5406,#5407,#3085,.T.);
#6469=EDGE_CURVE('',#5407,#5407,#4873,.T.);
#6470=EDGE_CURVE('',#5408,#5408,#4874,.T.);
#6471=EDGE_CURVE('',#5408,#5409,#3086,.T.);
#6472=EDGE_CURVE('',#5409,#5409,#4875,.T.);
#6473=EDGE_CURVE('',#5410,#5410,#4876,.T.);
#6474=EDGE_CURVE('',#5410,#5411,#3087,.T.);
#6475=EDGE_CURVE('',#5411,#5411,#4877,.T.);
#6476=EDGE_CURVE('',#5412,#5412,#4878,.T.);
#6477=EDGE_CURVE('',#5412,#5413,#3088,.T.);
#6478=EDGE_CURVE('',#5413,#5413,#4879,.T.);
#6479=EDGE_CURVE('',#5414,#5414,#4880,.T.);
#6480=EDGE_CURVE('',#5414,#5415,#3089,.T.);
#6481=EDGE_CURVE('',#5415,#5415,#4881,.T.);
#6482=EDGE_CURVE('',#5416,#5416,#4882,.T.);
#6483=EDGE_CURVE('',#5416,#5417,#3090,.T.);
#6484=EDGE_CURVE('',#5417,#5417,#4883,.T.);
#6485=EDGE_CURVE('',#5418,#5418,#4884,.T.);
#6486=EDGE_CURVE('',#5418,#5419,#3091,.T.);
#6487=EDGE_CURVE('',#5419,#5419,#4885,.T.);
#6488=EDGE_CURVE('',#5420,#5420,#4886,.T.);
#6489=EDGE_CURVE('',#5420,#5421,#3092,.T.);
#6490=EDGE_CURVE('',#5421,#5421,#4887,.T.);
#6491=EDGE_CURVE('',#5422,#5423,#3093,.T.);
#6492=EDGE_CURVE('',#5423,#5424,#3094,.T.);
#6493=EDGE_CURVE('',#5425,#5424,#3095,.T.);
#6494=EDGE_CURVE('',#5422,#5425,#3096,.T.);
#6495=EDGE_CURVE('',#5426,#5422,#3097,.T.);
#6496=EDGE_CURVE('',#5427,#5425,#3098,.T.);
#6497=EDGE_CURVE('',#5426,#5427,#3099,.T.);
#6498=EDGE_CURVE('',#5428,#5426,#3100,.T.);
#6499=EDGE_CURVE('',#5429,#5427,#3101,.T.);
#6500=EDGE_CURVE('',#5428,#5429,#3102,.T.);
#6501=EDGE_CURVE('',#5423,#5428,#3103,.T.);
#6502=EDGE_CURVE('',#5424,#5429,#3104,.T.);
#6503=EDGE_CURVE('',#5430,#5431,#3105,.T.);
#6504=EDGE_CURVE('',#5431,#5432,#3106,.T.);
#6505=EDGE_CURVE('',#5433,#5432,#3107,.T.);
#6506=EDGE_CURVE('',#5430,#5433,#3108,.T.);
#6507=EDGE_CURVE('',#5434,#5430,#3109,.T.);
#6508=EDGE_CURVE('',#5435,#5433,#3110,.T.);
#6509=EDGE_CURVE('',#5434,#5435,#3111,.T.);
#6510=EDGE_CURVE('',#5436,#5434,#3112,.T.);
#6511=EDGE_CURVE('',#5437,#5435,#3113,.T.);
#6512=EDGE_CURVE('',#5436,#5437,#3114,.T.);
#6513=EDGE_CURVE('',#5431,#5436,#3115,.T.);
#6514=EDGE_CURVE('',#5432,#5437,#3116,.T.);
#6515=EDGE_CURVE('',#5438,#5439,#3117,.T.);
#6516=EDGE_CURVE('',#5439,#5440,#3118,.T.);
#6517=EDGE_CURVE('',#5441,#5440,#3119,.T.);
#6518=EDGE_CURVE('',#5438,#5441,#3120,.T.);
#6519=EDGE_CURVE('',#5442,#5438,#3121,.T.);
#6520=EDGE_CURVE('',#5443,#5441,#3122,.T.);
#6521=EDGE_CURVE('',#5442,#5443,#3123,.T.);
#6522=EDGE_CURVE('',#5444,#5442,#3124,.T.);
#6523=EDGE_CURVE('',#5445,#5443,#3125,.T.);
#6524=EDGE_CURVE('',#5444,#5445,#3126,.T.);
#6525=EDGE_CURVE('',#5439,#5444,#3127,.T.);
#6526=EDGE_CURVE('',#5440,#5445,#3128,.T.);
#6527=EDGE_CURVE('',#5446,#5446,#4888,.T.);
#6528=EDGE_CURVE('',#5446,#5447,#3129,.T.);
#6529=EDGE_CURVE('',#5447,#5447,#4889,.T.);
#6530=EDGE_CURVE('',#5448,#5448,#4890,.T.);
#6531=EDGE_CURVE('',#5448,#5449,#3130,.T.);
#6532=EDGE_CURVE('',#5449,#5449,#4891,.T.);
#6533=EDGE_CURVE('',#5450,#5451,#3131,.T.);
#6534=EDGE_CURVE('',#5451,#5452,#3132,.T.);
#6535=EDGE_CURVE('',#5453,#5452,#3133,.T.);
#6536=EDGE_CURVE('',#5450,#5453,#3134,.T.);
#6537=EDGE_CURVE('',#5454,#5450,#3135,.T.);
#6538=EDGE_CURVE('',#5455,#5453,#3136,.T.);
#6539=EDGE_CURVE('',#5454,#5455,#3137,.T.);
#6540=EDGE_CURVE('',#5456,#5454,#3138,.T.);
#6541=EDGE_CURVE('',#5457,#5455,#3139,.T.);
#6542=EDGE_CURVE('',#5456,#5457,#3140,.T.);
#6543=EDGE_CURVE('',#5451,#5456,#3141,.T.);
#6544=EDGE_CURVE('',#5452,#5457,#3142,.T.);
#6545=EDGE_CURVE('',#5458,#5459,#3143,.T.);
#6546=EDGE_CURVE('',#5459,#5460,#3144,.T.);
#6547=EDGE_CURVE('',#5461,#5460,#3145,.T.);
#6548=EDGE_CURVE('',#5458,#5461,#3146,.T.);
#6549=EDGE_CURVE('',#5462,#5458,#3147,.T.);
#6550=EDGE_CURVE('',#5463,#5461,#3148,.T.);
#6551=EDGE_CURVE('',#5462,#5463,#3149,.T.);
#6552=EDGE_CURVE('',#5464,#5462,#3150,.T.);
#6553=EDGE_CURVE('',#5465,#5463,#3151,.T.);
#6554=EDGE_CURVE('',#5464,#5465,#3152,.T.);
#6555=EDGE_CURVE('',#5459,#5464,#3153,.T.);
#6556=EDGE_CURVE('',#5460,#5465,#3154,.T.);
#6557=EDGE_CURVE('',#5466,#5466,#4892,.T.);
#6558=EDGE_CURVE('',#5466,#5467,#3155,.T.);
#6559=EDGE_CURVE('',#5467,#5467,#4893,.T.);
#6560=EDGE_CURVE('',#5468,#5468,#4894,.T.);
#6561=EDGE_CURVE('',#5468,#5469,#3156,.T.);
#6562=EDGE_CURVE('',#5469,#5469,#4895,.T.);
#6563=EDGE_CURVE('',#5470,#5470,#4896,.T.);
#6564=EDGE_CURVE('',#5470,#5471,#3157,.T.);
#6565=EDGE_CURVE('',#5471,#5471,#4897,.T.);
#6566=EDGE_CURVE('',#5472,#5472,#4898,.T.);
#6567=EDGE_CURVE('',#5472,#5473,#3158,.T.);
#6568=EDGE_CURVE('',#5473,#5473,#4899,.T.);
#6569=EDGE_CURVE('',#5474,#5475,#3159,.T.);
#6570=EDGE_CURVE('',#5475,#5476,#3160,.T.);
#6571=EDGE_CURVE('',#5477,#5476,#3161,.T.);
#6572=EDGE_CURVE('',#5474,#5477,#3162,.T.);
#6573=EDGE_CURVE('',#5478,#5474,#3163,.T.);
#6574=EDGE_CURVE('',#5479,#5477,#3164,.T.);
#6575=EDGE_CURVE('',#5478,#5479,#3165,.T.);
#6576=EDGE_CURVE('',#5480,#5478,#3166,.T.);
#6577=EDGE_CURVE('',#5481,#5479,#3167,.T.);
#6578=EDGE_CURVE('',#5480,#5481,#3168,.T.);
#6579=EDGE_CURVE('',#5475,#5480,#3169,.T.);
#6580=EDGE_CURVE('',#5476,#5481,#3170,.T.);
#6581=EDGE_CURVE('',#5482,#5482,#4900,.T.);
#6582=EDGE_CURVE('',#5482,#5483,#3171,.T.);
#6583=EDGE_CURVE('',#5483,#5483,#4901,.T.);
#6584=EDGE_CURVE('',#5484,#5484,#4902,.T.);
#6585=EDGE_CURVE('',#5484,#5485,#3172,.T.);
#6586=EDGE_CURVE('',#5485,#5485,#4903,.T.);
#6587=EDGE_CURVE('',#5486,#5486,#4904,.T.);
#6588=EDGE_CURVE('',#5486,#5487,#3173,.T.);
#6589=EDGE_CURVE('',#5487,#5487,#4905,.T.);
#6590=EDGE_CURVE('',#5488,#5488,#4906,.T.);
#6591=EDGE_CURVE('',#5488,#5489,#3174,.T.);
#6592=EDGE_CURVE('',#5489,#5489,#4907,.T.);
#6593=EDGE_CURVE('',#5490,#5491,#3175,.T.);
#6594=EDGE_CURVE('',#5492,#5490,#3176,.T.);
#6595=EDGE_CURVE('',#5493,#5492,#3177,.T.);
#6596=EDGE_CURVE('',#5493,#5491,#3178,.T.);
#6597=EDGE_CURVE('',#5491,#5494,#3179,.T.);
#6598=EDGE_CURVE('',#5495,#5493,#3180,.T.);
#6599=EDGE_CURVE('',#5494,#5495,#3181,.T.);
#6600=EDGE_CURVE('',#5494,#5496,#3182,.T.);
#6601=EDGE_CURVE('',#5497,#5495,#3183,.T.);
#6602=EDGE_CURVE('',#5497,#5496,#3184,.T.);
#6603=EDGE_CURVE('',#5496,#5490,#3185,.T.);
#6604=EDGE_CURVE('',#5492,#5497,#3186,.T.);
#6605=EDGE_CURVE('',#5498,#5499,#3187,.T.);
#6606=EDGE_CURVE('',#5500,#5498,#3188,.T.);
#6607=EDGE_CURVE('',#5501,#5500,#3189,.T.);
#6608=EDGE_CURVE('',#5501,#5499,#3190,.T.);
#6609=EDGE_CURVE('',#5499,#5502,#3191,.T.);
#6610=EDGE_CURVE('',#5503,#5501,#3192,.T.);
#6611=EDGE_CURVE('',#5502,#5503,#3193,.T.);
#6612=EDGE_CURVE('',#5502,#5504,#3194,.T.);
#6613=EDGE_CURVE('',#5505,#5503,#3195,.T.);
#6614=EDGE_CURVE('',#5505,#5504,#3196,.T.);
#6615=EDGE_CURVE('',#5504,#5498,#3197,.T.);
#6616=EDGE_CURVE('',#5500,#5505,#3198,.T.);
#6617=EDGE_CURVE('',#5506,#5507,#3199,.T.);
#6618=EDGE_CURVE('',#5507,#5508,#3200,.T.);
#6619=EDGE_CURVE('',#5509,#5508,#3201,.T.);
#6620=EDGE_CURVE('',#5506,#5509,#3202,.T.);
#6621=EDGE_CURVE('',#5510,#5506,#3203,.T.);
#6622=EDGE_CURVE('',#5511,#5509,#3204,.T.);
#6623=EDGE_CURVE('',#5510,#5511,#3205,.T.);
#6624=EDGE_CURVE('',#5512,#5510,#3206,.T.);
#6625=EDGE_CURVE('',#5513,#5511,#3207,.T.);
#6626=EDGE_CURVE('',#5512,#5513,#3208,.T.);
#6627=EDGE_CURVE('',#5507,#5512,#3209,.T.);
#6628=EDGE_CURVE('',#5508,#5513,#3210,.T.);
#6629=EDGE_CURVE('',#5514,#5515,#3211,.T.);
#6630=EDGE_CURVE('',#5515,#5516,#3212,.T.);
#6631=EDGE_CURVE('',#5517,#5516,#3213,.T.);
#6632=EDGE_CURVE('',#5514,#5517,#3214,.T.);
#6633=EDGE_CURVE('',#5518,#5514,#3215,.T.);
#6634=EDGE_CURVE('',#5519,#5517,#3216,.T.);
#6635=EDGE_CURVE('',#5518,#5519,#3217,.T.);
#6636=EDGE_CURVE('',#5518,#5520,#3218,.T.);
#6637=EDGE_CURVE('',#5521,#5519,#3219,.T.);
#6638=EDGE_CURVE('',#5520,#5521,#3220,.T.);
#6639=EDGE_CURVE('',#5515,#5520,#3221,.T.);
#6640=EDGE_CURVE('',#5516,#5521,#3222,.T.);
#6641=EDGE_CURVE('',#5522,#5523,#3223,.T.);
#6642=EDGE_CURVE('',#5522,#5524,#3224,.T.);
#6643=EDGE_CURVE('',#5525,#5524,#3225,.T.);
#6644=EDGE_CURVE('',#5523,#5525,#3226,.T.);
#6645=EDGE_CURVE('',#5526,#5527,#3227,.T.);
#6646=EDGE_CURVE('',#5527,#5528,#3228,.T.);
#6647=EDGE_CURVE('',#5528,#5529,#3229,.T.);
#6648=EDGE_CURVE('',#5529,#5526,#3230,.T.);
#6649=EDGE_CURVE('',#5523,#5527,#3231,.T.);
#6650=EDGE_CURVE('',#5522,#5526,#3232,.T.);
#6651=EDGE_CURVE('',#5525,#5528,#3233,.T.);
#6652=EDGE_CURVE('',#5524,#5529,#3234,.T.);
#6653=EDGE_CURVE('',#5530,#5530,#4908,.T.);
#6654=EDGE_CURVE('',#5530,#5531,#3235,.T.);
#6655=EDGE_CURVE('',#5531,#5531,#4909,.T.);
#6656=EDGE_CURVE('',#5532,#5532,#4910,.T.);
#6657=EDGE_CURVE('',#5532,#5533,#3236,.T.);
#6658=EDGE_CURVE('',#5533,#5533,#4911,.T.);
#6659=EDGE_CURVE('',#5534,#5534,#4912,.T.);
#6660=EDGE_CURVE('',#5534,#5535,#3237,.T.);
#6661=EDGE_CURVE('',#5535,#5535,#4913,.T.);
#6662=EDGE_CURVE('',#5536,#5536,#4914,.T.);
#6663=EDGE_CURVE('',#5536,#5537,#3238,.T.);
#6664=EDGE_CURVE('',#5537,#5537,#4915,.T.);
#6665=EDGE_CURVE('',#5538,#5538,#4916,.T.);
#6666=EDGE_CURVE('',#5538,#5539,#3239,.T.);
#6667=EDGE_CURVE('',#5539,#5539,#4917,.T.);
#6668=EDGE_CURVE('',#5540,#5540,#4918,.T.);
#6669=EDGE_CURVE('',#5540,#5541,#3240,.T.);
#6670=EDGE_CURVE('',#5541,#5541,#4919,.T.);
#6671=EDGE_CURVE('',#5542,#5542,#4920,.T.);
#6672=EDGE_CURVE('',#5542,#5543,#3241,.T.);
#6673=EDGE_CURVE('',#5543,#5543,#4921,.T.);
#6674=EDGE_CURVE('',#5544,#5544,#4922,.T.);
#6675=EDGE_CURVE('',#5544,#5545,#3242,.T.);
#6676=EDGE_CURVE('',#5545,#5545,#4923,.T.);
#6677=EDGE_CURVE('',#5546,#5546,#4924,.T.);
#6678=EDGE_CURVE('',#5546,#5547,#3243,.T.);
#6679=EDGE_CURVE('',#5547,#5547,#4925,.T.);
#6680=EDGE_CURVE('',#5548,#5548,#4926,.T.);
#6681=EDGE_CURVE('',#5548,#5549,#3244,.T.);
#6682=EDGE_CURVE('',#5549,#5549,#4927,.T.);
#6683=EDGE_CURVE('',#5550,#5550,#4928,.T.);
#6684=EDGE_CURVE('',#5550,#5551,#3245,.T.);
#6685=EDGE_CURVE('',#5551,#5551,#4929,.T.);
#6686=EDGE_CURVE('',#5552,#5552,#4930,.T.);
#6687=EDGE_CURVE('',#5552,#5553,#3246,.T.);
#6688=EDGE_CURVE('',#5553,#5553,#4931,.T.);
#6689=EDGE_CURVE('',#5554,#5554,#4932,.T.);
#6690=EDGE_CURVE('',#5554,#5555,#3247,.T.);
#6691=EDGE_CURVE('',#5555,#5555,#4933,.T.);
#6692=EDGE_CURVE('',#5556,#5556,#4934,.T.);
#6693=EDGE_CURVE('',#5556,#5557,#3248,.T.);
#6694=EDGE_CURVE('',#5557,#5557,#4935,.T.);
#6695=EDGE_CURVE('',#5558,#5558,#4936,.T.);
#6696=EDGE_CURVE('',#5558,#5559,#3249,.T.);
#6697=EDGE_CURVE('',#5559,#5559,#4937,.T.);
#6698=EDGE_CURVE('',#5560,#5560,#4938,.T.);
#6699=EDGE_CURVE('',#5560,#5561,#3250,.T.);
#6700=EDGE_CURVE('',#5561,#5561,#4939,.T.);
#6701=EDGE_CURVE('',#5562,#5562,#4940,.T.);
#6702=EDGE_CURVE('',#5562,#5563,#3251,.T.);
#6703=EDGE_CURVE('',#5563,#5563,#4941,.T.);
#6704=EDGE_CURVE('',#5564,#5564,#4942,.T.);
#6705=EDGE_CURVE('',#5564,#5565,#3252,.T.);
#6706=EDGE_CURVE('',#5565,#5565,#4943,.T.);
#6707=EDGE_CURVE('',#5566,#5566,#4944,.T.);
#6708=EDGE_CURVE('',#5566,#5567,#3253,.T.);
#6709=EDGE_CURVE('',#5567,#5567,#4945,.T.);
#6710=EDGE_CURVE('',#5568,#5568,#4946,.T.);
#6711=EDGE_CURVE('',#5568,#5569,#3254,.T.);
#6712=EDGE_CURVE('',#5569,#5569,#4947,.T.);
#6713=EDGE_CURVE('',#5570,#5571,#3255,.T.);
#6714=EDGE_CURVE('',#5570,#5572,#3256,.T.);
#6715=EDGE_CURVE('',#5573,#5572,#3257,.T.);
#6716=EDGE_CURVE('',#5571,#5573,#3258,.T.);
#6717=EDGE_CURVE('',#5574,#5575,#3259,.T.);
#6718=EDGE_CURVE('',#5576,#5574,#3260,.T.);
#6719=EDGE_CURVE('',#5577,#5576,#3261,.T.);
#6720=EDGE_CURVE('',#5577,#5575,#3262,.T.);
#6721=EDGE_CURVE('',#5575,#5570,#3263,.T.);
#6722=EDGE_CURVE('',#5572,#5577,#3264,.T.);
#6723=EDGE_CURVE('',#5576,#5578,#3265,.T.);
#6724=EDGE_CURVE('',#5578,#5579,#3266,.T.);
#6725=EDGE_CURVE('',#5580,#5579,#3267,.T.);
#6726=EDGE_CURVE('',#5581,#5580,#3268,.T.);
#6727=EDGE_CURVE('',#5581,#5573,#3269,.T.);
#6728=EDGE_CURVE('',#5582,#5574,#3270,.T.);
#6729=EDGE_CURVE('',#5578,#5582,#3271,.T.);
#6730=EDGE_CURVE('',#5583,#5581,#3272,.T.);
#6731=EDGE_CURVE('',#5571,#5583,#3273,.T.);
#6732=EDGE_CURVE('',#5584,#5585,#3274,.T.);
#6733=EDGE_CURVE('',#5586,#5584,#3275,.T.);
#6734=EDGE_CURVE('',#5587,#5586,#3276,.T.);
#6735=EDGE_CURVE('',#5587,#5585,#3277,.T.);
#6736=EDGE_CURVE('',#5585,#5588,#3278,.T.);
#6737=EDGE_CURVE('',#5589,#5587,#3279,.T.);
#6738=EDGE_CURVE('',#5589,#5588,#3280,.T.);
#6739=EDGE_CURVE('',#5588,#5590,#3281,.T.);
#6740=EDGE_CURVE('',#5591,#5589,#3282,.T.);
#6741=EDGE_CURVE('',#5591,#5590,#3283,.T.);
#6742=EDGE_CURVE('',#5590,#5584,#3284,.T.);
#6743=EDGE_CURVE('',#5586,#5591,#3285,.T.);
#6744=EDGE_CURVE('',#5592,#5580,#3286,.T.);
#6745=EDGE_CURVE('',#5583,#5592,#3287,.T.);
#6746=EDGE_CURVE('',#5593,#5592,#3288,.T.);
#6747=EDGE_CURVE('',#5582,#5593,#3289,.T.);
#6748=EDGE_CURVE('',#5579,#5593,#3290,.T.);
#6749=EDGE_CURVE('',#5594,#5594,#4948,.T.);
#6750=EDGE_CURVE('',#5594,#5595,#3291,.T.);
#6751=EDGE_CURVE('',#5595,#5595,#4949,.T.);
#6752=EDGE_CURVE('',#5596,#5596,#4950,.T.);
#6753=EDGE_CURVE('',#5596,#5597,#3292,.T.);
#6754=EDGE_CURVE('',#5597,#5597,#4951,.T.);
#6755=EDGE_CURVE('',#5598,#5599,#3293,.T.);
#6756=EDGE_CURVE('',#5598,#5600,#3294,.T.);
#6757=EDGE_CURVE('',#5601,#5600,#3295,.T.);
#6758=EDGE_CURVE('',#5599,#5601,#3296,.T.);
#6759=EDGE_CURVE('',#5602,#5603,#3297,.T.);
#6760=EDGE_CURVE('',#5604,#5602,#3298,.T.);
#6761=EDGE_CURVE('',#5605,#5604,#3299,.T.);
#6762=EDGE_CURVE('',#5605,#5603,#3300,.T.);
#6763=EDGE_CURVE('',#5603,#5598,#3301,.T.);
#6764=EDGE_CURVE('',#5600,#5605,#3302,.T.);
#6765=EDGE_CURVE('',#5604,#5606,#3303,.T.);
#6766=EDGE_CURVE('',#5606,#5607,#3304,.T.);
#6767=EDGE_CURVE('',#5608,#5607,#3305,.T.);
#6768=EDGE_CURVE('',#5609,#5608,#3306,.T.);
#6769=EDGE_CURVE('',#5609,#5601,#3307,.T.);
#6770=EDGE_CURVE('',#5610,#5602,#3308,.T.);
#6771=EDGE_CURVE('',#5606,#5610,#3309,.T.);
#6772=EDGE_CURVE('',#5611,#5609,#3310,.T.);
#6773=EDGE_CURVE('',#5599,#5611,#3311,.T.);
#6774=EDGE_CURVE('',#5612,#5613,#3312,.T.);
#6775=EDGE_CURVE('',#5614,#5612,#3313,.T.);
#6776=EDGE_CURVE('',#5615,#5614,#3314,.T.);
#6777=EDGE_CURVE('',#5615,#5613,#3315,.T.);
#6778=EDGE_CURVE('',#5613,#5616,#3316,.T.);
#6779=EDGE_CURVE('',#5617,#5615,#3317,.T.);
#6780=EDGE_CURVE('',#5617,#5616,#3318,.T.);
#6781=EDGE_CURVE('',#5616,#5618,#3319,.T.);
#6782=EDGE_CURVE('',#5619,#5617,#3320,.T.);
#6783=EDGE_CURVE('',#5619,#5618,#3321,.T.);
#6784=EDGE_CURVE('',#5618,#5612,#3322,.T.);
#6785=EDGE_CURVE('',#5614,#5619,#3323,.T.);
#6786=EDGE_CURVE('',#5620,#5608,#3324,.T.);
#6787=EDGE_CURVE('',#5611,#5620,#3325,.T.);
#6788=EDGE_CURVE('',#5621,#5620,#3326,.T.);
#6789=EDGE_CURVE('',#5610,#5621,#3327,.T.);
#6790=EDGE_CURVE('',#5607,#5621,#3328,.T.);
#6791=EDGE_CURVE('',#5622,#5622,#4952,.T.);
#6792=EDGE_CURVE('',#5622,#5623,#3329,.T.);
#6793=EDGE_CURVE('',#5623,#5623,#4953,.T.);
#6794=EDGE_CURVE('',#5624,#5624,#4954,.T.);
#6795=EDGE_CURVE('',#5624,#5625,#3330,.T.);
#6796=EDGE_CURVE('',#5625,#5625,#4955,.T.);
#6797=EDGE_CURVE('',#5626,#5626,#4956,.T.);
#6798=EDGE_CURVE('',#5626,#5627,#3331,.T.);
#6799=EDGE_CURVE('',#5627,#5627,#4957,.T.);
#6800=EDGE_CURVE('',#5628,#5628,#4958,.T.);
#6801=EDGE_CURVE('',#5628,#5629,#3332,.T.);
#6802=EDGE_CURVE('',#5629,#5629,#4959,.T.);
#6803=EDGE_CURVE('',#5630,#5631,#3333,.T.);
#6804=EDGE_CURVE('',#5631,#5632,#3334,.T.);
#6805=EDGE_CURVE('',#5633,#5632,#3335,.T.);
#6806=EDGE_CURVE('',#5630,#5633,#3336,.T.);
#6807=EDGE_CURVE('',#5634,#5630,#3337,.T.);
#6808=EDGE_CURVE('',#5635,#5633,#3338,.T.);
#6809=EDGE_CURVE('',#5634,#5635,#3339,.T.);
#6810=EDGE_CURVE('',#5636,#5634,#3340,.T.);
#6811=EDGE_CURVE('',#5637,#5635,#3341,.T.);
#6812=EDGE_CURVE('',#5636,#5637,#3342,.T.);
#6813=EDGE_CURVE('',#5631,#5636,#3343,.T.);
#6814=EDGE_CURVE('',#5632,#5637,#3344,.T.);
#6815=EDGE_CURVE('',#5638,#5639,#3345,.T.);
#6816=EDGE_CURVE('',#5639,#5640,#3346,.T.);
#6817=EDGE_CURVE('',#5641,#5640,#3347,.T.);
#6818=EDGE_CURVE('',#5638,#5641,#3348,.T.);
#6819=EDGE_CURVE('',#5642,#5638,#3349,.T.);
#6820=EDGE_CURVE('',#5643,#5641,#3350,.T.);
#6821=EDGE_CURVE('',#5642,#5643,#3351,.T.);
#6822=EDGE_CURVE('',#5644,#5642,#3352,.T.);
#6823=EDGE_CURVE('',#5645,#5643,#3353,.T.);
#6824=EDGE_CURVE('',#5644,#5645,#3354,.T.);
#6825=EDGE_CURVE('',#5639,#5644,#3355,.T.);
#6826=EDGE_CURVE('',#5640,#5645,#3356,.T.);
#6827=EDGE_CURVE('',#5646,#5646,#4960,.T.);
#6828=EDGE_CURVE('',#5646,#5647,#3357,.T.);
#6829=EDGE_CURVE('',#5647,#5647,#4961,.T.);
#6830=EDGE_CURVE('',#5648,#5649,#3358,.T.);
#6831=EDGE_CURVE('',#5648,#5650,#3359,.T.);
#6832=EDGE_CURVE('',#5651,#5650,#3360,.T.);
#6833=EDGE_CURVE('',#5652,#5651,#3361,.T.);
#6834=EDGE_CURVE('',#5652,#5653,#3362,.T.);
#6835=EDGE_CURVE('',#5649,#5653,#3363,.T.);
#6836=EDGE_CURVE('',#5654,#5648,#3364,.T.);
#6837=EDGE_CURVE('',#5654,#5655,#3365,.T.);
#6838=EDGE_CURVE('',#5650,#5655,#3366,.T.);
#6839=EDGE_CURVE('',#5656,#5654,#3367,.T.);
#6840=EDGE_CURVE('',#5657,#5656,#3368,.T.);
#6841=EDGE_CURVE('',#5657,#5658,#3369,.T.);
#6842=EDGE_CURVE('',#5658,#5659,#3370,.T.);
#6843=EDGE_CURVE('',#5655,#5659,#3371,.T.);
#6844=EDGE_CURVE('',#5653,#5657,#3372,.T.);
#6845=EDGE_CURVE('',#5658,#5652,#3373,.T.);
#6846=EDGE_CURVE('',#5659,#5651,#3374,.T.);
#6847=EDGE_CURVE('',#5660,#5656,#3375,.T.);
#6848=EDGE_CURVE('',#5661,#5660,#3376,.T.);
#6849=EDGE_CURVE('',#5661,#5662,#3377,.T.);
#6850=EDGE_CURVE('',#5662,#5663,#3378,.T.);
#6851=EDGE_CURVE('',#5649,#5663,#3379,.T.);
#6852=EDGE_CURVE('',#5664,#5664,#4962,.T.);
#6853=EDGE_CURVE('',#5664,#5665,#3380,.T.);
#6854=EDGE_CURVE('',#5665,#5665,#4963,.T.);
#6855=EDGE_CURVE('',#5666,#5667,#3381,.T.);
#6856=EDGE_CURVE('',#5667,#5668,#3382,.T.);
#6857=EDGE_CURVE('',#5669,#5668,#3383,.T.);
#6858=EDGE_CURVE('',#5666,#5669,#3384,.T.);
#6859=EDGE_CURVE('',#5662,#5666,#3385,.T.);
#6860=EDGE_CURVE('',#5663,#5669,#3386,.T.);
#6861=EDGE_CURVE('',#5667,#5661,#3387,.T.);
#6862=EDGE_CURVE('',#5668,#5660,#3388,.T.);
#6863=EDGE_CURVE('',#5670,#5671,#3389,.T.);
#6864=EDGE_CURVE('',#5672,#5670,#3390,.T.);
#6865=EDGE_CURVE('',#5673,#5672,#3391,.T.);
#6866=EDGE_CURVE('',#5673,#5671,#3392,.T.);
#6867=EDGE_CURVE('',#5673,#5674,#3393,.T.);
#6868=EDGE_CURVE('',#5675,#5674,#3394,.T.);
#6869=EDGE_CURVE('',#5671,#5675,#3395,.T.);
#6870=EDGE_CURVE('',#5676,#5676,#4964,.T.);
#6871=EDGE_CURVE('',#5677,#5672,#3396,.T.);
#6872=EDGE_CURVE('',#5677,#5678,#3397,.T.);
#6873=EDGE_CURVE('',#5678,#5679,#3398,.T.);
#6874=EDGE_CURVE('',#5674,#5679,#3399,.T.);
#6875=EDGE_CURVE('',#5680,#5680,#4965,.T.);
#6876=EDGE_CURVE('',#5680,#5681,#3400,.T.);
#6877=EDGE_CURVE('',#5681,#5681,#4966,.T.);
#6878=EDGE_CURVE('',#5682,#5682,#4967,.T.);
#6879=EDGE_CURVE('',#5682,#5683,#3401,.T.);
#6880=EDGE_CURVE('',#5683,#5683,#4968,.T.);
#6881=EDGE_CURVE('',#5684,#5670,#3402,.T.);
#6882=EDGE_CURVE('',#5684,#5677,#3403,.T.);
#6883=EDGE_CURVE('',#5678,#5685,#3404,.T.);
#6884=EDGE_CURVE('',#5685,#5684,#3405,.T.);
#6885=EDGE_CURVE('',#5685,#5686,#3406,.T.);
#6886=EDGE_CURVE('',#5679,#5686,#3407,.T.);
#6887=EDGE_CURVE('',#5687,#5687,#4969,.T.);
#6888=EDGE_CURVE('',#5687,#5676,#3408,.T.);
#6889=EDGE_CURVE('',#5686,#5675,#3409,.T.);
#6890=EDGE_CURVE('',#5688,#5689,#3410,.T.);
#6891=EDGE_CURVE('',#5690,#5688,#3411,.T.);
#6892=EDGE_CURVE('',#5691,#5690,#3412,.T.);
#6893=EDGE_CURVE('',#5691,#5689,#3413,.T.);
#6894=EDGE_CURVE('',#5691,#5692,#3414,.T.);
#6895=EDGE_CURVE('',#5693,#5692,#3415,.T.);
#6896=EDGE_CURVE('',#5689,#5693,#3416,.T.);
#6897=EDGE_CURVE('',#5694,#5694,#4970,.T.);
#6898=EDGE_CURVE('',#5695,#5690,#3417,.T.);
#6899=EDGE_CURVE('',#5695,#5696,#3418,.T.);
#6900=EDGE_CURVE('',#5696,#5697,#3419,.T.);
#6901=EDGE_CURVE('',#5692,#5697,#3420,.T.);
#6902=EDGE_CURVE('',#5698,#5698,#4971,.T.);
#6903=EDGE_CURVE('',#5698,#5699,#3421,.T.);
#6904=EDGE_CURVE('',#5699,#5699,#4972,.T.);
#6905=EDGE_CURVE('',#5700,#5700,#4973,.T.);
#6906=EDGE_CURVE('',#5700,#5701,#3422,.T.);
#6907=EDGE_CURVE('',#5701,#5701,#4974,.T.);
#6908=EDGE_CURVE('',#5702,#5688,#3423,.T.);
#6909=EDGE_CURVE('',#5702,#5695,#3424,.T.);
#6910=EDGE_CURVE('',#5703,#5702,#3425,.T.);
#6911=EDGE_CURVE('',#5696,#5703,#3426,.T.);
#6912=EDGE_CURVE('',#5704,#5693,#3427,.T.);
#6913=EDGE_CURVE('',#5703,#5704,#3428,.T.);
#6914=EDGE_CURVE('',#5694,#5705,#3429,.T.);
#6915=EDGE_CURVE('',#5705,#5705,#4975,.T.);
#6916=EDGE_CURVE('',#5697,#5704,#3430,.T.);
#6917=EDGE_CURVE('',#5706,#5707,#3431,.T.);
#6918=EDGE_CURVE('',#5707,#5708,#3432,.T.);
#6919=EDGE_CURVE('',#5708,#5709,#3433,.T.);
#6920=EDGE_CURVE('',#5709,#5710,#3434,.T.);
#6921=EDGE_CURVE('',#5710,#5711,#3435,.T.);
#6922=EDGE_CURVE('',#5711,#5706,#3436,.T.);
#6923=EDGE_CURVE('',#5712,#5707,#3437,.T.);
#6924=EDGE_CURVE('',#5713,#5712,#3438,.T.);
#6925=EDGE_CURVE('',#5708,#5713,#3439,.T.);
#6926=EDGE_CURVE('',#5714,#5713,#3440,.T.);
#6927=EDGE_CURVE('',#5709,#5714,#3441,.T.);
#6928=EDGE_CURVE('',#5715,#5714,#3442,.T.);
#6929=EDGE_CURVE('',#5710,#5715,#3443,.T.);
#6930=EDGE_CURVE('',#5716,#5715,#3444,.T.);
#6931=EDGE_CURVE('',#5711,#5716,#3445,.T.);
#6932=EDGE_CURVE('',#5717,#5716,#3446,.T.);
#6933=EDGE_CURVE('',#5706,#5717,#3447,.T.);
#6934=EDGE_CURVE('',#5712,#5717,#3448,.T.);
#6935=EDGE_CURVE('',#5718,#5718,#4976,.T.);
#6936=EDGE_CURVE('',#5718,#5719,#3449,.T.);
#6937=EDGE_CURVE('',#5719,#5719,#4977,.T.);
#6938=EDGE_CURVE('',#5720,#5720,#4978,.T.);
#6939=EDGE_CURVE('',#5721,#5721,#4979,.T.);
#6940=EDGE_CURVE('',#5721,#5722,#3450,.T.);
#6941=EDGE_CURVE('',#5722,#5722,#4980,.T.);
#6942=EDGE_CURVE('',#5723,#5723,#4981,.T.);
#6943=EDGE_CURVE('',#5723,#5724,#3451,.T.);
#6944=EDGE_CURVE('',#5724,#5724,#4982,.T.);
#6945=EDGE_CURVE('',#5725,#5725,#4983,.T.);
#6946=EDGE_CURVE('',#5725,#5726,#3452,.T.);
#6947=EDGE_CURVE('',#5726,#5726,#4984,.T.);
#6948=EDGE_CURVE('',#5727,#5727,#4985,.T.);
#6949=EDGE_CURVE('',#5727,#5720,#3453,.T.);
#6950=EDGE_CURVE('',#5728,#5728,#4986,.T.);
#6951=EDGE_CURVE('',#5728,#5729,#3454,.T.);
#6952=EDGE_CURVE('',#5729,#5729,#4987,.T.);
#6953=EDGE_CURVE('',#5730,#5731,#3455,.T.);
#6954=EDGE_CURVE('',#5731,#5732,#3456,.T.);
#6955=EDGE_CURVE('',#5733,#5732,#3457,.T.);
#6956=EDGE_CURVE('',#5730,#5733,#3458,.T.);
#6957=EDGE_CURVE('',#5734,#5730,#3459,.T.);
#6958=EDGE_CURVE('',#5735,#5733,#3460,.T.);
#6959=EDGE_CURVE('',#5734,#5735,#3461,.T.);
#6960=EDGE_CURVE('',#5736,#5734,#3462,.T.);
#6961=EDGE_CURVE('',#5737,#5735,#3463,.T.);
#6962=EDGE_CURVE('',#5736,#5737,#3464,.T.);
#6963=EDGE_CURVE('',#5731,#5736,#3465,.T.);
#6964=EDGE_CURVE('',#5732,#5737,#3466,.T.);
#6965=EDGE_CURVE('',#5738,#5739,#3467,.T.);
#6966=EDGE_CURVE('',#5739,#5740,#3468,.T.);
#6967=EDGE_CURVE('',#5741,#5740,#3469,.T.);
#6968=EDGE_CURVE('',#5738,#5741,#3470,.T.);
#6969=EDGE_CURVE('',#5742,#5738,#3471,.T.);
#6970=EDGE_CURVE('',#5743,#5741,#3472,.T.);
#6971=EDGE_CURVE('',#5742,#5743,#3473,.T.);
#6972=EDGE_CURVE('',#5744,#5742,#3474,.T.);
#6973=EDGE_CURVE('',#5745,#5743,#3475,.T.);
#6974=EDGE_CURVE('',#5744,#5745,#3476,.T.);
#6975=EDGE_CURVE('',#5739,#5744,#3477,.T.);
#6976=EDGE_CURVE('',#5740,#5745,#3478,.T.);
#6977=EDGE_CURVE('',#5746,#5747,#3479,.T.);
#6978=EDGE_CURVE('',#5747,#5748,#3480,.T.);
#6979=EDGE_CURVE('',#5749,#5748,#3481,.T.);
#6980=EDGE_CURVE('',#5746,#5749,#3482,.T.);
#6981=EDGE_CURVE('',#5750,#5746,#3483,.T.);
#6982=EDGE_CURVE('',#5751,#5749,#3484,.T.);
#6983=EDGE_CURVE('',#5750,#5751,#3485,.T.);
#6984=EDGE_CURVE('',#5752,#5750,#3486,.T.);
#6985=EDGE_CURVE('',#5753,#5751,#3487,.T.);
#6986=EDGE_CURVE('',#5752,#5753,#3488,.T.);
#6987=EDGE_CURVE('',#5747,#5752,#3489,.T.);
#6988=EDGE_CURVE('',#5748,#5753,#3490,.T.);
#6989=EDGE_CURVE('',#5754,#5754,#4988,.T.);
#6990=EDGE_CURVE('',#5754,#5755,#3491,.T.);
#6991=EDGE_CURVE('',#5755,#5755,#4989,.T.);
#6992=EDGE_CURVE('',#5756,#5756,#4990,.T.);
#6993=EDGE_CURVE('',#5756,#5757,#3492,.T.);
#6994=EDGE_CURVE('',#5757,#5757,#4991,.T.);
#6995=EDGE_CURVE('',#5758,#5759,#3493,.T.);
#6996=EDGE_CURVE('',#5758,#5760,#3494,.T.);
#6997=EDGE_CURVE('',#5761,#5760,#3495,.T.);
#6998=EDGE_CURVE('',#5759,#5761,#3496,.T.);
#6999=EDGE_CURVE('',#5759,#5762,#3497,.T.);
#7000=EDGE_CURVE('',#5763,#5761,#3498,.T.);
#7001=EDGE_CURVE('',#5762,#5763,#3499,.T.);
#7002=EDGE_CURVE('',#5762,#5764,#3500,.T.);
#7003=EDGE_CURVE('',#5765,#5763,#3501,.T.);
#7004=EDGE_CURVE('',#5764,#5765,#3502,.T.);
#7005=EDGE_CURVE('',#5764,#5758,#3503,.T.);
#7006=EDGE_CURVE('',#5760,#5765,#3504,.T.);
#7007=EDGE_CURVE('',#5766,#5766,#4992,.T.);
#7008=EDGE_CURVE('',#5766,#5767,#3505,.T.);
#7009=EDGE_CURVE('',#5767,#5767,#4993,.T.);
#7010=EDGE_CURVE('',#5768,#5768,#4994,.T.);
#7011=EDGE_CURVE('',#5768,#5769,#3506,.T.);
#7012=EDGE_CURVE('',#5769,#5769,#4995,.T.);
#7013=EDGE_CURVE('',#5770,#5771,#3507,.T.);
#7014=EDGE_CURVE('',#5770,#5772,#3508,.T.);
#7015=EDGE_CURVE('',#5773,#5772,#3509,.T.);
#7016=EDGE_CURVE('',#5771,#5773,#3510,.T.);
#7017=EDGE_CURVE('',#5771,#5774,#3511,.T.);
#7018=EDGE_CURVE('',#5775,#5773,#3512,.T.);
#7019=EDGE_CURVE('',#5774,#5775,#3513,.T.);
#7020=EDGE_CURVE('',#5774,#5776,#3514,.T.);
#7021=EDGE_CURVE('',#5777,#5775,#3515,.T.);
#7022=EDGE_CURVE('',#5776,#5777,#3516,.T.);
#7023=EDGE_CURVE('',#5776,#5770,#3517,.T.);
#7024=EDGE_CURVE('',#5772,#5777,#3518,.T.);
#7025=EDGE_CURVE('',#5778,#5779,#3519,.T.);
#7026=EDGE_CURVE('',#5780,#5778,#3520,.T.);
#7027=EDGE_CURVE('',#5781,#5780,#3521,.T.);
#7028=EDGE_CURVE('',#5779,#5781,#3522,.T.);
#7029=EDGE_CURVE('',#5782,#5781,#3523,.T.);
#7030=EDGE_CURVE('',#5782,#5783,#3524,.T.);
#7031=EDGE_CURVE('',#5783,#5779,#3525,.T.);
#7032=EDGE_CURVE('',#5784,#5780,#3526,.T.);
#7033=EDGE_CURVE('',#5784,#5782,#3527,.T.);
#7034=EDGE_CURVE('',#5785,#5778,#3528,.T.);
#7035=EDGE_CURVE('',#5785,#5784,#3529,.T.);
#7036=EDGE_CURVE('',#5783,#5785,#3530,.T.);
#7037=EDGE_CURVE('',#5786,#5787,#3531,.T.);
#7038=EDGE_CURVE('',#5788,#5786,#4996,.T.);
#7039=EDGE_CURVE('',#5789,#5788,#3532,.T.);
#7040=EDGE_CURVE('',#5787,#5789,#4997,.T.);
#7041=EDGE_CURVE('',#5790,#5791,#3533,.T.);
#7042=EDGE_CURVE('',#5792,#5790,#4998,.T.);
#7043=EDGE_CURVE('',#5793,#5792,#3534,.T.);
#7044=EDGE_CURVE('',#5791,#5793,#4999,.T.);
#7045=EDGE_CURVE('',#5794,#5787,#3535,.T.);
#7046=EDGE_CURVE('',#5795,#5794,#3536,.T.);
#7047=EDGE_CURVE('',#5795,#5786,#3537,.T.);
#7048=EDGE_CURVE('',#5788,#5796,#3538,.T.);
#7049=EDGE_CURVE('',#5796,#5797,#3539,.T.);
#7050=EDGE_CURVE('',#5789,#5797,#3540,.T.);
#7051=EDGE_CURVE('',#5798,#5795,#3541,.T.);
#7052=EDGE_CURVE('',#5791,#5798,#3542,.T.);
#7053=EDGE_CURVE('',#5799,#5793,#3543,.T.);
#7054=EDGE_CURVE('',#5796,#5799,#3544,.T.);
#7055=EDGE_CURVE('',#5798,#5800,#3545,.T.);
#7056=EDGE_CURVE('',#5790,#5800,#3546,.T.);
#7057=EDGE_CURVE('',#5801,#5792,#3547,.T.);
#7058=EDGE_CURVE('',#5799,#5801,#3548,.T.);
#7059=EDGE_CURVE('',#5797,#5801,#3549,.T.);
#7060=EDGE_CURVE('',#5800,#5794,#3550,.T.);
#7061=EDGE_CURVE('',#5802,#5802,#5000,.T.);
#7062=EDGE_CURVE('',#5802,#5803,#3551,.T.);
#7063=EDGE_CURVE('',#5803,#5803,#5001,.T.);
#7064=EDGE_CURVE('',#5804,#5805,#3552,.T.);
#7065=EDGE_CURVE('',#5805,#5806,#3553,.T.);
#7066=EDGE_CURVE('',#5807,#5806,#3554,.T.);
#7067=EDGE_CURVE('',#5804,#5807,#3555,.T.);
#7068=EDGE_CURVE('',#5808,#5804,#3556,.T.);
#7069=EDGE_CURVE('',#5809,#5807,#3557,.T.);
#7070=EDGE_CURVE('',#5808,#5809,#3558,.T.);
#7071=EDGE_CURVE('',#5810,#5808,#3559,.T.);
#7072=EDGE_CURVE('',#5811,#5809,#3560,.T.);
#7073=EDGE_CURVE('',#5810,#5811,#3561,.T.);
#7074=EDGE_CURVE('',#5805,#5810,#3562,.T.);
#7075=EDGE_CURVE('',#5806,#5811,#3563,.T.);
#7076=EDGE_CURVE('',#5812,#5812,#5002,.T.);
#7077=EDGE_CURVE('',#5812,#5813,#3564,.T.);
#7078=EDGE_CURVE('',#5813,#5813,#5003,.T.);
#7079=EDGE_CURVE('',#5814,#5815,#3565,.T.);
#7080=EDGE_CURVE('',#5815,#5816,#3566,.T.);
#7081=EDGE_CURVE('',#5817,#5816,#3567,.T.);
#7082=EDGE_CURVE('',#5814,#5817,#3568,.T.);
#7083=EDGE_CURVE('',#5818,#5814,#3569,.T.);
#7084=EDGE_CURVE('',#5819,#5817,#3570,.T.);
#7085=EDGE_CURVE('',#5818,#5819,#3571,.T.);
#7086=EDGE_CURVE('',#5820,#5818,#3572,.T.);
#7087=EDGE_CURVE('',#5821,#5819,#3573,.T.);
#7088=EDGE_CURVE('',#5820,#5821,#3574,.T.);
#7089=EDGE_CURVE('',#5815,#5820,#3575,.T.);
#7090=EDGE_CURVE('',#5816,#5821,#3576,.T.);
#7091=EDGE_CURVE('',#5822,#5823,#3577,.T.);
#7092=EDGE_CURVE('',#5824,#5822,#5004,.T.);
#7093=EDGE_CURVE('',#5825,#5824,#3578,.T.);
#7094=EDGE_CURVE('',#5823,#5825,#5005,.T.);
#7095=EDGE_CURVE('',#5826,#5827,#3579,.T.);
#7096=EDGE_CURVE('',#5828,#5826,#5006,.T.);
#7097=EDGE_CURVE('',#5829,#5828,#3580,.T.);
#7098=EDGE_CURVE('',#5827,#5829,#5007,.T.);
#7099=EDGE_CURVE('',#5830,#5823,#3581,.T.);
#7100=EDGE_CURVE('',#5831,#5830,#3582,.T.);
#7101=EDGE_CURVE('',#5831,#5822,#3583,.T.);
#7102=EDGE_CURVE('',#5824,#5832,#3584,.T.);
#7103=EDGE_CURVE('',#5832,#5833,#3585,.T.);
#7104=EDGE_CURVE('',#5825,#5833,#3586,.T.);
#7105=EDGE_CURVE('',#5834,#5831,#3587,.T.);
#7106=EDGE_CURVE('',#5827,#5834,#3588,.T.);
#7107=EDGE_CURVE('',#5835,#5829,#3589,.T.);
#7108=EDGE_CURVE('',#5832,#5835,#3590,.T.);
#7109=EDGE_CURVE('',#5834,#5836,#3591,.T.);
#7110=EDGE_CURVE('',#5826,#5836,#3592,.T.);
#7111=EDGE_CURVE('',#5837,#5828,#3593,.T.);
#7112=EDGE_CURVE('',#5835,#5837,#3594,.T.);
#7113=EDGE_CURVE('',#5833,#5837,#3595,.T.);
#7114=EDGE_CURVE('',#5836,#5830,#3596,.T.);
#7115=EDGE_CURVE('',#5838,#5838,#5008,.T.);
#7116=EDGE_CURVE('',#5838,#5839,#3597,.T.);
#7117=EDGE_CURVE('',#5839,#5839,#5009,.T.);
#7118=EDGE_CURVE('',#5840,#5841,#3598,.T.);
#7119=EDGE_CURVE('',#5841,#5842,#3599,.T.);
#7120=EDGE_CURVE('',#5843,#5842,#3600,.T.);
#7121=EDGE_CURVE('',#5840,#5843,#3601,.T.);
#7122=EDGE_CURVE('',#5844,#5840,#3602,.T.);
#7123=EDGE_CURVE('',#5845,#5843,#3603,.T.);
#7124=EDGE_CURVE('',#5844,#5845,#3604,.T.);
#7125=EDGE_CURVE('',#5846,#5844,#3605,.T.);
#7126=EDGE_CURVE('',#5847,#5845,#3606,.T.);
#7127=EDGE_CURVE('',#5846,#5847,#3607,.T.);
#7128=EDGE_CURVE('',#5841,#5846,#3608,.T.);
#7129=EDGE_CURVE('',#5842,#5847,#3609,.T.);
#7130=EDGE_CURVE('',#5848,#5848,#5010,.T.);
#7131=EDGE_CURVE('',#5848,#5849,#3610,.T.);
#7132=EDGE_CURVE('',#5849,#5849,#5011,.T.);
#7133=EDGE_CURVE('',#5850,#5851,#3611,.T.);
#7134=EDGE_CURVE('',#5851,#5852,#3612,.T.);
#7135=EDGE_CURVE('',#5853,#5852,#3613,.T.);
#7136=EDGE_CURVE('',#5850,#5853,#3614,.T.);
#7137=EDGE_CURVE('',#5854,#5850,#3615,.T.);
#7138=EDGE_CURVE('',#5855,#5853,#3616,.T.);
#7139=EDGE_CURVE('',#5854,#5855,#3617,.T.);
#7140=EDGE_CURVE('',#5856,#5854,#3618,.T.);
#7141=EDGE_CURVE('',#5857,#5855,#3619,.T.);
#7142=EDGE_CURVE('',#5856,#5857,#3620,.T.);
#7143=EDGE_CURVE('',#5851,#5856,#3621,.T.);
#7144=EDGE_CURVE('',#5852,#5857,#3622,.T.);
#7145=EDGE_CURVE('',#5858,#5859,#3623,.T.);
#7146=EDGE_CURVE('',#5860,#5858,#5012,.T.);
#7147=EDGE_CURVE('',#5861,#5860,#3624,.T.);
#7148=EDGE_CURVE('',#5859,#5861,#5013,.T.);
#7149=EDGE_CURVE('',#5862,#5860,#3625,.T.);
#7150=EDGE_CURVE('',#5863,#5862,#3626,.T.);
#7151=EDGE_CURVE('',#5861,#5863,#3627,.T.);
#7152=EDGE_CURVE('',#5858,#5864,#3628,.T.);
#7153=EDGE_CURVE('',#5864,#5862,#5014,.T.);
#7154=EDGE_CURVE('',#5865,#5859,#3629,.T.);
#7155=EDGE_CURVE('',#5864,#5865,#3630,.T.);
#7156=EDGE_CURVE('',#5865,#5863,#5015,.T.);
#7157=EDGE_CURVE('',#5866,#5867,#3631,.T.);
#7158=EDGE_CURVE('',#5868,#5866,#5016,.T.);
#7159=EDGE_CURVE('',#5869,#5868,#3632,.T.);
#7160=EDGE_CURVE('',#5867,#5869,#5017,.T.);
#7161=EDGE_CURVE('',#5870,#5868,#3633,.T.);
#7162=EDGE_CURVE('',#5871,#5870,#3634,.T.);
#7163=EDGE_CURVE('',#5869,#5871,#3635,.T.);
#7164=EDGE_CURVE('',#5866,#5872,#3636,.T.);
#7165=EDGE_CURVE('',#5872,#5870,#5018,.T.);
#7166=EDGE_CURVE('',#5873,#5867,#3637,.T.);
#7167=EDGE_CURVE('',#5872,#5873,#3638,.T.);
#7168=EDGE_CURVE('',#5873,#5871,#5019,.T.);
#7169=EDGE_CURVE('',#5874,#5874,#5020,.T.);
#7170=EDGE_CURVE('',#5874,#5875,#3639,.T.);
#7171=EDGE_CURVE('',#5875,#5875,#5021,.T.);
#7172=EDGE_CURVE('',#5876,#5876,#5022,.T.);
#7173=EDGE_CURVE('',#5876,#5877,#3640,.T.);
#7174=EDGE_CURVE('',#5877,#5877,#5023,.T.);
#7175=EDGE_CURVE('',#5878,#5878,#5024,.T.);
#7176=EDGE_CURVE('',#5878,#5879,#3641,.T.);
#7177=EDGE_CURVE('',#5879,#5879,#5025,.T.);
#7178=EDGE_CURVE('',#5880,#5880,#5026,.T.);
#7179=EDGE_CURVE('',#5880,#5881,#3642,.T.);
#7180=EDGE_CURVE('',#5881,#5881,#5027,.T.);
#7181=EDGE_CURVE('',#5882,#5882,#5028,.T.);
#7182=EDGE_CURVE('',#5882,#5883,#3643,.T.);
#7183=EDGE_CURVE('',#5883,#5883,#5029,.T.);
#7184=EDGE_CURVE('',#5884,#5884,#5030,.T.);
#7185=EDGE_CURVE('',#5884,#5885,#3644,.T.);
#7186=EDGE_CURVE('',#5885,#5885,#5031,.T.);
#7187=EDGE_CURVE('',#5886,#5886,#5032,.T.);
#7188=EDGE_CURVE('',#5886,#5887,#3645,.T.);
#7189=EDGE_CURVE('',#5887,#5887,#5033,.T.);
#7190=EDGE_CURVE('',#5888,#5889,#3646,.T.);
#7191=EDGE_CURVE('',#5889,#5890,#3647,.T.);
#7192=EDGE_CURVE('',#5891,#5890,#3648,.T.);
#7193=EDGE_CURVE('',#5888,#5891,#3649,.T.);
#7194=EDGE_CURVE('',#5892,#5888,#3650,.T.);
#7195=EDGE_CURVE('',#5893,#5891,#3651,.T.);
#7196=EDGE_CURVE('',#5892,#5893,#3652,.T.);
#7197=EDGE_CURVE('',#5894,#5892,#3653,.T.);
#7198=EDGE_CURVE('',#5895,#5893,#3654,.T.);
#7199=EDGE_CURVE('',#5894,#5895,#3655,.T.);
#7200=EDGE_CURVE('',#5889,#5894,#3656,.T.);
#7201=EDGE_CURVE('',#5890,#5895,#3657,.T.);
#7202=EDGE_CURVE('',#5896,#5897,#3658,.T.);
#7203=EDGE_CURVE('',#5896,#5898,#3659,.T.);
#7204=EDGE_CURVE('',#5899,#5898,#3660,.T.);
#7205=EDGE_CURVE('',#5897,#5899,#3661,.T.);
#7206=EDGE_CURVE('',#5900,#5896,#3662,.T.);
#7207=EDGE_CURVE('',#5901,#5900,#3663,.T.);
#7208=EDGE_CURVE('',#5898,#5901,#3664,.T.);
#7209=EDGE_CURVE('',#5902,#5899,#3665,.T.);
#7210=EDGE_CURVE('',#5902,#5903,#3666,.T.);
#7211=EDGE_CURVE('',#5903,#5897,#3667,.T.);
#7212=EDGE_CURVE('',#5904,#5901,#3668,.T.);
#7213=EDGE_CURVE('',#5905,#5904,#3669,.T.);
#7214=EDGE_CURVE('',#5905,#5902,#3670,.T.);
#7215=EDGE_CURVE('',#5906,#5906,#5034,.T.);
#7216=EDGE_CURVE('',#5907,#5907,#5035,.T.);
#7217=EDGE_CURVE('',#5908,#5908,#5036,.T.);
#7218=EDGE_CURVE('',#5909,#5909,#5037,.T.);
#7219=EDGE_CURVE('',#5910,#5910,#5038,.T.);
#7220=EDGE_CURVE('',#5911,#5911,#5039,.T.);
#7221=EDGE_CURVE('',#5911,#5912,#3671,.T.);
#7222=EDGE_CURVE('',#5912,#5912,#5040,.T.);
#7223=EDGE_CURVE('',#5913,#5913,#5041,.T.);
#7224=EDGE_CURVE('',#5913,#5914,#3672,.T.);
#7225=EDGE_CURVE('',#5914,#5914,#5042,.T.);
#7226=EDGE_CURVE('',#5906,#5915,#3673,.T.);
#7227=EDGE_CURVE('',#5915,#5915,#5043,.T.);
#7228=EDGE_CURVE('',#5907,#5916,#3674,.T.);
#7229=EDGE_CURVE('',#5916,#5916,#5044,.T.);
#7230=EDGE_CURVE('',#5908,#5917,#3675,.T.);
#7231=EDGE_CURVE('',#5917,#5917,#5045,.T.);
#7232=EDGE_CURVE('',#5909,#5918,#3676,.T.);
#7233=EDGE_CURVE('',#5918,#5918,#5046,.T.);
#7234=EDGE_CURVE('',#5910,#5919,#3677,.T.);
#7235=EDGE_CURVE('',#5919,#5919,#5047,.T.);
#7236=EDGE_CURVE('',#5920,#5905,#3678,.T.);
#7237=EDGE_CURVE('',#5921,#5904,#3679,.T.);
#7238=EDGE_CURVE('',#5920,#5921,#3680,.T.);
#7239=EDGE_CURVE('',#5903,#5920,#3681,.T.);
#7240=EDGE_CURVE('',#5900,#5921,#3682,.T.);
#7241=EDGE_CURVE('',#5922,#5922,#5048,.T.);
#7242=EDGE_CURVE('',#5922,#5923,#3683,.T.);
#7243=EDGE_CURVE('',#5923,#5923,#5049,.T.);
#7244=EDGE_CURVE('',#5924,#5924,#5050,.T.);
#7245=EDGE_CURVE('',#5924,#5925,#3684,.T.);
#7246=EDGE_CURVE('',#5925,#5925,#5051,.T.);
#7247=EDGE_CURVE('',#5926,#5926,#5052,.T.);
#7248=EDGE_CURVE('',#5926,#5927,#3685,.T.);
#7249=EDGE_CURVE('',#5927,#5927,#5053,.T.);
#7250=EDGE_CURVE('',#5928,#5928,#5054,.T.);
#7251=EDGE_CURVE('',#5928,#5929,#3686,.T.);
#7252=EDGE_CURVE('',#5929,#5929,#5055,.T.);
#7253=EDGE_CURVE('',#5930,#5930,#5056,.T.);
#7254=EDGE_CURVE('',#5930,#5931,#3687,.T.);
#7255=EDGE_CURVE('',#5931,#5931,#5057,.T.);
#7256=EDGE_CURVE('',#5932,#5932,#5058,.T.);
#7257=EDGE_CURVE('',#5932,#5933,#3688,.T.);
#7258=EDGE_CURVE('',#5933,#5933,#5059,.T.);
#7259=EDGE_CURVE('',#5934,#5934,#5060,.T.);
#7260=EDGE_CURVE('',#5934,#5935,#3689,.T.);
#7261=EDGE_CURVE('',#5935,#5935,#5061,.T.);
#7262=EDGE_CURVE('',#5936,#5936,#5062,.T.);
#7263=EDGE_CURVE('',#5936,#5937,#3690,.T.);
#7264=EDGE_CURVE('',#5937,#5937,#5063,.T.);
#7265=EDGE_CURVE('',#5938,#5938,#5064,.T.);
#7266=EDGE_CURVE('',#5938,#5939,#3691,.T.);
#7267=EDGE_CURVE('',#5939,#5939,#5065,.T.);
#7268=EDGE_CURVE('',#5940,#5940,#5066,.T.);
#7269=EDGE_CURVE('',#5940,#5941,#3692,.T.);
#7270=EDGE_CURVE('',#5941,#5941,#5067,.T.);
#7271=EDGE_CURVE('',#5942,#5942,#5068,.T.);
#7272=EDGE_CURVE('',#5942,#5943,#3693,.T.);
#7273=EDGE_CURVE('',#5943,#5943,#5069,.T.);
#7274=EDGE_CURVE('',#5944,#5945,#3694,.T.);
#7275=EDGE_CURVE('',#5945,#5946,#3695,.T.);
#7276=EDGE_CURVE('',#5947,#5946,#3696,.T.);
#7277=EDGE_CURVE('',#5944,#5947,#3697,.T.);
#7278=EDGE_CURVE('',#5948,#5944,#3698,.T.);
#7279=EDGE_CURVE('',#5949,#5947,#3699,.T.);
#7280=EDGE_CURVE('',#5948,#5949,#3700,.T.);
#7281=EDGE_CURVE('',#5950,#5948,#3701,.T.);
#7282=EDGE_CURVE('',#5951,#5949,#3702,.T.);
#7283=EDGE_CURVE('',#5950,#5951,#3703,.T.);
#7284=EDGE_CURVE('',#5945,#5950,#3704,.T.);
#7285=EDGE_CURVE('',#5946,#5951,#3705,.T.);
#7286=EDGE_CURVE('',#5952,#5953,#3706,.T.);
#7287=EDGE_CURVE('',#5952,#5954,#3707,.T.);
#7288=EDGE_CURVE('',#5955,#5954,#3708,.T.);
#7289=EDGE_CURVE('',#5953,#5955,#3709,.T.);
#7290=EDGE_CURVE('',#5956,#5952,#3710,.T.);
#7291=EDGE_CURVE('',#5957,#5956,#3711,.T.);
#7292=EDGE_CURVE('',#5954,#5957,#3712,.T.);
#7293=EDGE_CURVE('',#5958,#5955,#3713,.T.);
#7294=EDGE_CURVE('',#5958,#5959,#3714,.T.);
#7295=EDGE_CURVE('',#5959,#5953,#3715,.T.);
#7296=EDGE_CURVE('',#5960,#5957,#3716,.T.);
#7297=EDGE_CURVE('',#5961,#5960,#3717,.T.);
#7298=EDGE_CURVE('',#5961,#5958,#3718,.T.);
#7299=EDGE_CURVE('',#5962,#5962,#5070,.T.);
#7300=EDGE_CURVE('',#5963,#5963,#5071,.T.);
#7301=EDGE_CURVE('',#5964,#5964,#5072,.T.);
#7302=EDGE_CURVE('',#5965,#5965,#5073,.T.);
#7303=EDGE_CURVE('',#5966,#5966,#5074,.T.);
#7304=EDGE_CURVE('',#5967,#5967,#5075,.T.);
#7305=EDGE_CURVE('',#5967,#5968,#3719,.T.);
#7306=EDGE_CURVE('',#5968,#5968,#5076,.T.);
#7307=EDGE_CURVE('',#5969,#5969,#5077,.T.);
#7308=EDGE_CURVE('',#5969,#5970,#3720,.T.);
#7309=EDGE_CURVE('',#5970,#5970,#5078,.T.);
#7310=EDGE_CURVE('',#5962,#5971,#3721,.T.);
#7311=EDGE_CURVE('',#5971,#5971,#5079,.T.);
#7312=EDGE_CURVE('',#5963,#5972,#3722,.T.);
#7313=EDGE_CURVE('',#5972,#5972,#5080,.T.);
#7314=EDGE_CURVE('',#5964,#5973,#3723,.T.);
#7315=EDGE_CURVE('',#5973,#5973,#5081,.T.);
#7316=EDGE_CURVE('',#5965,#5974,#3724,.T.);
#7317=EDGE_CURVE('',#5974,#5974,#5082,.T.);
#7318=EDGE_CURVE('',#5966,#5975,#3725,.T.);
#7319=EDGE_CURVE('',#5975,#5975,#5083,.T.);
#7320=EDGE_CURVE('',#5976,#5961,#3726,.T.);
#7321=EDGE_CURVE('',#5977,#5960,#3727,.T.);
#7322=EDGE_CURVE('',#5976,#5977,#3728,.T.);
#7323=EDGE_CURVE('',#5959,#5976,#3729,.T.);
#7324=EDGE_CURVE('',#5956,#5977,#3730,.T.);
#7325=EDGE_CURVE('',#5978,#5978,#5084,.T.);
#7326=EDGE_CURVE('',#5978,#5979,#3731,.T.);
#7327=EDGE_CURVE('',#5979,#5979,#5085,.T.);
#7328=EDGE_CURVE('',#5980,#5980,#5086,.T.);
#7329=EDGE_CURVE('',#5980,#5981,#3732,.T.);
#7330=EDGE_CURVE('',#5981,#5981,#5087,.T.);
#7331=EDGE_CURVE('',#5982,#5982,#5088,.T.);
#7332=EDGE_CURVE('',#5982,#5983,#3733,.T.);
#7333=EDGE_CURVE('',#5983,#5983,#5089,.T.);
#7334=EDGE_CURVE('',#5984,#5984,#5090,.T.);
#7335=EDGE_CURVE('',#5984,#5985,#3734,.T.);
#7336=EDGE_CURVE('',#5985,#5985,#5091,.T.);
#7337=EDGE_CURVE('',#5986,#5986,#5092,.T.);
#7338=EDGE_CURVE('',#5986,#5987,#3735,.T.);
#7339=EDGE_CURVE('',#5987,#5987,#5093,.T.);
#7340=EDGE_CURVE('',#5988,#5988,#5094,.T.);
#7341=EDGE_CURVE('',#5988,#5989,#3736,.T.);
#7342=EDGE_CURVE('',#5989,#5989,#5095,.T.);
#7343=EDGE_CURVE('',#5990,#5991,#3737,.T.);
#7344=EDGE_CURVE('',#5991,#5992,#3738,.T.);
#7345=EDGE_CURVE('',#5993,#5992,#3739,.T.);
#7346=EDGE_CURVE('',#5990,#5993,#3740,.T.);
#7347=EDGE_CURVE('',#5994,#5990,#3741,.T.);
#7348=EDGE_CURVE('',#5995,#5993,#3742,.T.);
#7349=EDGE_CURVE('',#5994,#5995,#3743,.T.);
#7350=EDGE_CURVE('',#5996,#5994,#3744,.T.);
#7351=EDGE_CURVE('',#5997,#5995,#3745,.T.);
#7352=EDGE_CURVE('',#5996,#5997,#3746,.T.);
#7353=EDGE_CURVE('',#5991,#5996,#3747,.T.);
#7354=EDGE_CURVE('',#5992,#5997,#3748,.T.);
#7355=EDGE_CURVE('',#5998,#5998,#5096,.T.);
#7356=EDGE_CURVE('',#5998,#5999,#3749,.T.);
#7357=EDGE_CURVE('',#5999,#5999,#5097,.T.);
#7358=EDGE_CURVE('',#6000,#6000,#5098,.T.);
#7359=EDGE_CURVE('',#6000,#6001,#3750,.T.);
#7360=EDGE_CURVE('',#6001,#6001,#5099,.T.);
#7361=EDGE_CURVE('',#6002,#6003,#3751,.T.);
#7362=EDGE_CURVE('',#6003,#6004,#3752,.T.);
#7363=EDGE_CURVE('',#6005,#6004,#3753,.T.);
#7364=EDGE_CURVE('',#6002,#6005,#3754,.T.);
#7365=EDGE_CURVE('',#6006,#6002,#3755,.T.);
#7366=EDGE_CURVE('',#6007,#6005,#3756,.T.);
#7367=EDGE_CURVE('',#6006,#6007,#3757,.T.);
#7368=EDGE_CURVE('',#6008,#6006,#3758,.T.);
#7369=EDGE_CURVE('',#6009,#6007,#3759,.T.);
#7370=EDGE_CURVE('',#6008,#6009,#3760,.T.);
#7371=EDGE_CURVE('',#6003,#6008,#3761,.T.);
#7372=EDGE_CURVE('',#6004,#6009,#3762,.T.);
#7373=ORIENTED_EDGE('',*,*,#6010,.F.);
#7374=ORIENTED_EDGE('',*,*,#6011,.T.);
#7375=ORIENTED_EDGE('',*,*,#6012,.F.);
#7376=ORIENTED_EDGE('',*,*,#6011,.F.);
#7377=ORIENTED_EDGE('',*,*,#6013,.F.);
#7378=ORIENTED_EDGE('',*,*,#6014,.T.);
#7379=ORIENTED_EDGE('',*,*,#6015,.F.);
#7380=ORIENTED_EDGE('',*,*,#6014,.F.);
#7381=ORIENTED_EDGE('',*,*,#6016,.F.);
#7382=ORIENTED_EDGE('',*,*,#6017,.T.);
#7383=ORIENTED_EDGE('',*,*,#6018,.F.);
#7384=ORIENTED_EDGE('',*,*,#6017,.F.);
#7385=ORIENTED_EDGE('',*,*,#6019,.F.);
#7386=ORIENTED_EDGE('',*,*,#6020,.T.);
#7387=ORIENTED_EDGE('',*,*,#6021,.F.);
#7388=ORIENTED_EDGE('',*,*,#6020,.F.);
#7389=ORIENTED_EDGE('',*,*,#6022,.F.);
#7390=ORIENTED_EDGE('',*,*,#6023,.F.);
#7391=ORIENTED_EDGE('',*,*,#6024,.F.);
#7392=ORIENTED_EDGE('',*,*,#6025,.F.);
#7393=ORIENTED_EDGE('',*,*,#6026,.F.);
#7394=ORIENTED_EDGE('',*,*,#6027,.F.);
#7395=ORIENTED_EDGE('',*,*,#6028,.F.);
#7396=ORIENTED_EDGE('',*,*,#6029,.F.);
#7397=ORIENTED_EDGE('',*,*,#6024,.T.);
#7398=ORIENTED_EDGE('',*,*,#6030,.F.);
#7399=ORIENTED_EDGE('',*,*,#6022,.T.);
#7400=ORIENTED_EDGE('',*,*,#6031,.F.);
#7401=ORIENTED_EDGE('',*,*,#6028,.T.);
#7402=ORIENTED_EDGE('',*,*,#6032,.F.);
#7403=ORIENTED_EDGE('',*,*,#6026,.T.);
#7404=ORIENTED_EDGE('',*,*,#6033,.F.);
#7405=ORIENTED_EDGE('',*,*,#6034,.F.);
#7406=ORIENTED_EDGE('',*,*,#6035,.F.);
#7407=ORIENTED_EDGE('',*,*,#6036,.F.);
#7408=ORIENTED_EDGE('',*,*,#6037,.F.);
#7409=ORIENTED_EDGE('',*,*,#6038,.F.);
#7410=ORIENTED_EDGE('',*,*,#6039,.F.);
#7411=ORIENTED_EDGE('',*,*,#6040,.F.);
#7412=ORIENTED_EDGE('',*,*,#6041,.F.);
#7413=ORIENTED_EDGE('',*,*,#6036,.T.);
#7414=ORIENTED_EDGE('',*,*,#6042,.F.);
#7415=ORIENTED_EDGE('',*,*,#6034,.T.);
#7416=ORIENTED_EDGE('',*,*,#6043,.F.);
#7417=ORIENTED_EDGE('',*,*,#6040,.T.);
#7418=ORIENTED_EDGE('',*,*,#6044,.F.);
#7419=ORIENTED_EDGE('',*,*,#6038,.T.);
#7420=ORIENTED_EDGE('',*,*,#6045,.F.);
#7421=ORIENTED_EDGE('',*,*,#6046,.F.);
#7422=ORIENTED_EDGE('',*,*,#6047,.T.);
#7423=ORIENTED_EDGE('',*,*,#6048,.F.);
#7424=ORIENTED_EDGE('',*,*,#6047,.F.);
#7425=ORIENTED_EDGE('',*,*,#6049,.F.);
#7426=ORIENTED_EDGE('',*,*,#6050,.T.);
#7427=ORIENTED_EDGE('',*,*,#6051,.F.);
#7428=ORIENTED_EDGE('',*,*,#6050,.F.);
#7429=ORIENTED_EDGE('',*,*,#6052,.F.);
#7430=ORIENTED_EDGE('',*,*,#6053,.T.);
#7431=ORIENTED_EDGE('',*,*,#6054,.F.);
#7432=ORIENTED_EDGE('',*,*,#6053,.F.);
#7433=ORIENTED_EDGE('',*,*,#6055,.F.);
#7434=ORIENTED_EDGE('',*,*,#6056,.T.);
#7435=ORIENTED_EDGE('',*,*,#6057,.F.);
#7436=ORIENTED_EDGE('',*,*,#6056,.F.);
#7437=ORIENTED_EDGE('',*,*,#6058,.F.);
#7438=ORIENTED_EDGE('',*,*,#6059,.T.);
#7439=ORIENTED_EDGE('',*,*,#6060,.F.);
#7440=ORIENTED_EDGE('',*,*,#6059,.F.);
#7441=ORIENTED_EDGE('',*,*,#6061,.F.);
#7442=ORIENTED_EDGE('',*,*,#6062,.T.);
#7443=ORIENTED_EDGE('',*,*,#6063,.F.);
#7444=ORIENTED_EDGE('',*,*,#6062,.F.);
#7445=ORIENTED_EDGE('',*,*,#6064,.F.);
#7446=ORIENTED_EDGE('',*,*,#6065,.T.);
#7447=ORIENTED_EDGE('',*,*,#6066,.F.);
#7448=ORIENTED_EDGE('',*,*,#6065,.F.);
#7449=ORIENTED_EDGE('',*,*,#6067,.F.);
#7450=ORIENTED_EDGE('',*,*,#6068,.T.);
#7451=ORIENTED_EDGE('',*,*,#6069,.F.);
#7452=ORIENTED_EDGE('',*,*,#6068,.F.);
#7453=ORIENTED_EDGE('',*,*,#6070,.F.);
#7454=ORIENTED_EDGE('',*,*,#6071,.T.);
#7455=ORIENTED_EDGE('',*,*,#6072,.F.);
#7456=ORIENTED_EDGE('',*,*,#6071,.F.);
#7457=ORIENTED_EDGE('',*,*,#6073,.F.);
#7458=ORIENTED_EDGE('',*,*,#6074,.T.);
#7459=ORIENTED_EDGE('',*,*,#6075,.F.);
#7460=ORIENTED_EDGE('',*,*,#6074,.F.);
#7461=ORIENTED_EDGE('',*,*,#6076,.F.);
#7462=ORIENTED_EDGE('',*,*,#6077,.T.);
#7463=ORIENTED_EDGE('',*,*,#6078,.F.);
#7464=ORIENTED_EDGE('',*,*,#6077,.F.);
#7465=ORIENTED_EDGE('',*,*,#6079,.F.);
#7466=ORIENTED_EDGE('',*,*,#6080,.T.);
#7467=ORIENTED_EDGE('',*,*,#6081,.F.);
#7468=ORIENTED_EDGE('',*,*,#6080,.F.);
#7469=ORIENTED_EDGE('',*,*,#6082,.F.);
#7470=ORIENTED_EDGE('',*,*,#6083,.T.);
#7471=ORIENTED_EDGE('',*,*,#6084,.F.);
#7472=ORIENTED_EDGE('',*,*,#6083,.F.);
#7473=ORIENTED_EDGE('',*,*,#6085,.F.);
#7474=ORIENTED_EDGE('',*,*,#6086,.T.);
#7475=ORIENTED_EDGE('',*,*,#6087,.F.);
#7476=ORIENTED_EDGE('',*,*,#6086,.F.);
#7477=ORIENTED_EDGE('',*,*,#6088,.F.);
#7478=ORIENTED_EDGE('',*,*,#6089,.T.);
#7479=ORIENTED_EDGE('',*,*,#6090,.F.);
#7480=ORIENTED_EDGE('',*,*,#6089,.F.);
#7481=ORIENTED_EDGE('',*,*,#6091,.F.);
#7482=ORIENTED_EDGE('',*,*,#6092,.T.);
#7483=ORIENTED_EDGE('',*,*,#6093,.F.);
#7484=ORIENTED_EDGE('',*,*,#6092,.F.);
#7485=ORIENTED_EDGE('',*,*,#6094,.F.);
#7486=ORIENTED_EDGE('',*,*,#6095,.F.);
#7487=ORIENTED_EDGE('',*,*,#6096,.F.);
#7488=ORIENTED_EDGE('',*,*,#6097,.T.);
#7489=ORIENTED_EDGE('',*,*,#6098,.F.);
#7490=ORIENTED_EDGE('',*,*,#6099,.T.);
#7491=ORIENTED_EDGE('',*,*,#6100,.F.);
#7492=ORIENTED_EDGE('',*,*,#6101,.F.);
#7493=ORIENTED_EDGE('',*,*,#6102,.F.);
#7494=ORIENTED_EDGE('',*,*,#6099,.F.);
#7495=ORIENTED_EDGE('',*,*,#6103,.F.);
#7496=ORIENTED_EDGE('',*,*,#6095,.T.);
#7497=ORIENTED_EDGE('',*,*,#6104,.F.);
#7498=ORIENTED_EDGE('',*,*,#6101,.T.);
#7499=ORIENTED_EDGE('',*,*,#6105,.F.);
#7500=ORIENTED_EDGE('',*,*,#6097,.F.);
#7501=ORIENTED_EDGE('',*,*,#6106,.F.);
#7502=ORIENTED_EDGE('',*,*,#6107,.F.);
#7503=ORIENTED_EDGE('',*,*,#6108,.F.);
#7504=ORIENTED_EDGE('',*,*,#6109,.T.);
#7505=ORIENTED_EDGE('',*,*,#6110,.F.);
#7506=ORIENTED_EDGE('',*,*,#6111,.T.);
#7507=ORIENTED_EDGE('',*,*,#6112,.F.);
#7508=ORIENTED_EDGE('',*,*,#6113,.F.);
#7509=ORIENTED_EDGE('',*,*,#6114,.F.);
#7510=ORIENTED_EDGE('',*,*,#6111,.F.);
#7511=ORIENTED_EDGE('',*,*,#6115,.F.);
#7512=ORIENTED_EDGE('',*,*,#6107,.T.);
#7513=ORIENTED_EDGE('',*,*,#6116,.F.);
#7514=ORIENTED_EDGE('',*,*,#6113,.T.);
#7515=ORIENTED_EDGE('',*,*,#6117,.F.);
#7516=ORIENTED_EDGE('',*,*,#6109,.F.);
#7517=ORIENTED_EDGE('',*,*,#6118,.F.);
#7518=ORIENTED_EDGE('',*,*,#6119,.F.);
#7519=ORIENTED_EDGE('',*,*,#6120,.F.);
#7520=ORIENTED_EDGE('',*,*,#6121,.T.);
#7521=ORIENTED_EDGE('',*,*,#6122,.F.);
#7522=ORIENTED_EDGE('',*,*,#6123,.T.);
#7523=ORIENTED_EDGE('',*,*,#6124,.F.);
#7524=ORIENTED_EDGE('',*,*,#6125,.F.);
#7525=ORIENTED_EDGE('',*,*,#6126,.F.);
#7526=ORIENTED_EDGE('',*,*,#6123,.F.);
#7527=ORIENTED_EDGE('',*,*,#6127,.F.);
#7528=ORIENTED_EDGE('',*,*,#6119,.T.);
#7529=ORIENTED_EDGE('',*,*,#6128,.F.);
#7530=ORIENTED_EDGE('',*,*,#6125,.T.);
#7531=ORIENTED_EDGE('',*,*,#6129,.F.);
#7532=ORIENTED_EDGE('',*,*,#6121,.F.);
#7533=ORIENTED_EDGE('',*,*,#6130,.F.);
#7534=ORIENTED_EDGE('',*,*,#6131,.F.);
#7535=ORIENTED_EDGE('',*,*,#6132,.F.);
#7536=ORIENTED_EDGE('',*,*,#6133,.T.);
#7537=ORIENTED_EDGE('',*,*,#6134,.F.);
#7538=ORIENTED_EDGE('',*,*,#6135,.T.);
#7539=ORIENTED_EDGE('',*,*,#6136,.F.);
#7540=ORIENTED_EDGE('',*,*,#6137,.F.);
#7541=ORIENTED_EDGE('',*,*,#6138,.F.);
#7542=ORIENTED_EDGE('',*,*,#6135,.F.);
#7543=ORIENTED_EDGE('',*,*,#6139,.F.);
#7544=ORIENTED_EDGE('',*,*,#6131,.T.);
#7545=ORIENTED_EDGE('',*,*,#6140,.F.);
#7546=ORIENTED_EDGE('',*,*,#6137,.T.);
#7547=ORIENTED_EDGE('',*,*,#6141,.F.);
#7548=ORIENTED_EDGE('',*,*,#6133,.F.);
#7549=ORIENTED_EDGE('',*,*,#6142,.F.);
#7550=ORIENTED_EDGE('',*,*,#6143,.T.);
#7551=ORIENTED_EDGE('',*,*,#6144,.F.);
#7552=ORIENTED_EDGE('',*,*,#6143,.F.);
#7553=ORIENTED_EDGE('',*,*,#6145,.F.);
#7554=ORIENTED_EDGE('',*,*,#6146,.T.);
#7555=ORIENTED_EDGE('',*,*,#6147,.F.);
#7556=ORIENTED_EDGE('',*,*,#6146,.F.);
#7557=ORIENTED_EDGE('',*,*,#6148,.F.);
#7558=ORIENTED_EDGE('',*,*,#6149,.T.);
#7559=ORIENTED_EDGE('',*,*,#6150,.F.);
#7560=ORIENTED_EDGE('',*,*,#6149,.F.);
#7561=ORIENTED_EDGE('',*,*,#6151,.F.);
#7562=ORIENTED_EDGE('',*,*,#6152,.T.);
#7563=ORIENTED_EDGE('',*,*,#6153,.F.);
#7564=ORIENTED_EDGE('',*,*,#6152,.F.);
#7565=ORIENTED_EDGE('',*,*,#6154,.F.);
#7566=ORIENTED_EDGE('',*,*,#6155,.T.);
#7567=ORIENTED_EDGE('',*,*,#6156,.F.);
#7568=ORIENTED_EDGE('',*,*,#6155,.F.);
#7569=ORIENTED_EDGE('',*,*,#6157,.F.);
#7570=ORIENTED_EDGE('',*,*,#6158,.T.);
#7571=ORIENTED_EDGE('',*,*,#6159,.F.);
#7572=ORIENTED_EDGE('',*,*,#6158,.F.);
#7573=ORIENTED_EDGE('',*,*,#6160,.F.);
#7574=ORIENTED_EDGE('',*,*,#6161,.T.);
#7575=ORIENTED_EDGE('',*,*,#6162,.F.);
#7576=ORIENTED_EDGE('',*,*,#6161,.F.);
#7577=ORIENTED_EDGE('',*,*,#6163,.F.);
#7578=ORIENTED_EDGE('',*,*,#6164,.T.);
#7579=ORIENTED_EDGE('',*,*,#6165,.F.);
#7580=ORIENTED_EDGE('',*,*,#6164,.F.);
#7581=ORIENTED_EDGE('',*,*,#6166,.F.);
#7582=ORIENTED_EDGE('',*,*,#6167,.T.);
#7583=ORIENTED_EDGE('',*,*,#6168,.F.);
#7584=ORIENTED_EDGE('',*,*,#6167,.F.);
#7585=ORIENTED_EDGE('',*,*,#6169,.F.);
#7586=ORIENTED_EDGE('',*,*,#6170,.T.);
#7587=ORIENTED_EDGE('',*,*,#6171,.F.);
#7588=ORIENTED_EDGE('',*,*,#6170,.F.);
#7589=ORIENTED_EDGE('',*,*,#6172,.F.);
#7590=ORIENTED_EDGE('',*,*,#6173,.T.);
#7591=ORIENTED_EDGE('',*,*,#6174,.F.);
#7592=ORIENTED_EDGE('',*,*,#6173,.F.);
#7593=ORIENTED_EDGE('',*,*,#6175,.F.);
#7594=ORIENTED_EDGE('',*,*,#6176,.T.);
#7595=ORIENTED_EDGE('',*,*,#6177,.F.);
#7596=ORIENTED_EDGE('',*,*,#6176,.F.);
#7597=ORIENTED_EDGE('',*,*,#6178,.F.);
#7598=ORIENTED_EDGE('',*,*,#6179,.T.);
#7599=ORIENTED_EDGE('',*,*,#6180,.F.);
#7600=ORIENTED_EDGE('',*,*,#6179,.F.);
#7601=ORIENTED_EDGE('',*,*,#6181,.F.);
#7602=ORIENTED_EDGE('',*,*,#6182,.T.);
#7603=ORIENTED_EDGE('',*,*,#6183,.F.);
#7604=ORIENTED_EDGE('',*,*,#6182,.F.);
#7605=ORIENTED_EDGE('',*,*,#6184,.F.);
#7606=ORIENTED_EDGE('',*,*,#6185,.T.);
#7607=ORIENTED_EDGE('',*,*,#6186,.F.);
#7608=ORIENTED_EDGE('',*,*,#6185,.F.);
#7609=ORIENTED_EDGE('',*,*,#6187,.F.);
#7610=ORIENTED_EDGE('',*,*,#6188,.T.);
#7611=ORIENTED_EDGE('',*,*,#6189,.F.);
#7612=ORIENTED_EDGE('',*,*,#6188,.F.);
#7613=ORIENTED_EDGE('',*,*,#6190,.F.);
#7614=ORIENTED_EDGE('',*,*,#6191,.T.);
#7615=ORIENTED_EDGE('',*,*,#6192,.F.);
#7616=ORIENTED_EDGE('',*,*,#6191,.F.);
#7617=ORIENTED_EDGE('',*,*,#6193,.F.);
#7618=ORIENTED_EDGE('',*,*,#6194,.T.);
#7619=ORIENTED_EDGE('',*,*,#6195,.F.);
#7620=ORIENTED_EDGE('',*,*,#6194,.F.);
#7621=ORIENTED_EDGE('',*,*,#6196,.F.);
#7622=ORIENTED_EDGE('',*,*,#6197,.T.);
#7623=ORIENTED_EDGE('',*,*,#6198,.F.);
#7624=ORIENTED_EDGE('',*,*,#6199,.F.);
#7625=ORIENTED_EDGE('',*,*,#6200,.F.);
#7626=ORIENTED_EDGE('',*,*,#6201,.T.);
#7627=ORIENTED_EDGE('',*,*,#6202,.F.);
#7628=ORIENTED_EDGE('',*,*,#6197,.F.);
#7629=ORIENTED_EDGE('',*,*,#6203,.F.);
#7630=ORIENTED_EDGE('',*,*,#6204,.F.);
#7631=ORIENTED_EDGE('',*,*,#6205,.F.);
#7632=ORIENTED_EDGE('',*,*,#6201,.F.);
#7633=ORIENTED_EDGE('',*,*,#6203,.T.);
#7634=ORIENTED_EDGE('',*,*,#6200,.T.);
#7635=ORIENTED_EDGE('',*,*,#6196,.T.);
#7636=ORIENTED_EDGE('',*,*,#6206,.T.);
#7637=ORIENTED_EDGE('',*,*,#6207,.T.);
#7638=ORIENTED_EDGE('',*,*,#6208,.T.);
#7639=ORIENTED_EDGE('',*,*,#6209,.T.);
#7640=ORIENTED_EDGE('',*,*,#6210,.T.);
#7641=ORIENTED_EDGE('',*,*,#6211,.T.);
#7642=ORIENTED_EDGE('',*,*,#6212,.T.);
#7643=ORIENTED_EDGE('',*,*,#6213,.T.);
#7644=ORIENTED_EDGE('',*,*,#6214,.T.);
#7645=ORIENTED_EDGE('',*,*,#6046,.T.);
#7646=ORIENTED_EDGE('',*,*,#6049,.T.);
#7647=ORIENTED_EDGE('',*,*,#6058,.T.);
#7648=ORIENTED_EDGE('',*,*,#6061,.T.);
#7649=ORIENTED_EDGE('',*,*,#6070,.T.);
#7650=ORIENTED_EDGE('',*,*,#6073,.T.);
#7651=ORIENTED_EDGE('',*,*,#6082,.T.);
#7652=ORIENTED_EDGE('',*,*,#6085,.T.);
#7653=ORIENTED_EDGE('',*,*,#6098,.T.);
#7654=ORIENTED_EDGE('',*,*,#6104,.T.);
#7655=ORIENTED_EDGE('',*,*,#6096,.T.);
#7656=ORIENTED_EDGE('',*,*,#6103,.T.);
#7657=ORIENTED_EDGE('',*,*,#6122,.T.);
#7658=ORIENTED_EDGE('',*,*,#6128,.T.);
#7659=ORIENTED_EDGE('',*,*,#6120,.T.);
#7660=ORIENTED_EDGE('',*,*,#6127,.T.);
#7661=ORIENTED_EDGE('',*,*,#6142,.T.);
#7662=ORIENTED_EDGE('',*,*,#6145,.T.);
#7663=ORIENTED_EDGE('',*,*,#6023,.T.);
#7664=ORIENTED_EDGE('',*,*,#6030,.T.);
#7665=ORIENTED_EDGE('',*,*,#6160,.T.);
#7666=ORIENTED_EDGE('',*,*,#6163,.T.);
#7667=ORIENTED_EDGE('',*,*,#6027,.T.);
#7668=ORIENTED_EDGE('',*,*,#6032,.T.);
#7669=ORIENTED_EDGE('',*,*,#6193,.T.);
#7670=ORIENTED_EDGE('',*,*,#6190,.T.);
#7671=ORIENTED_EDGE('',*,*,#6187,.T.);
#7672=ORIENTED_EDGE('',*,*,#6184,.T.);
#7673=ORIENTED_EDGE('',*,*,#6181,.T.);
#7674=ORIENTED_EDGE('',*,*,#6178,.T.);
#7675=ORIENTED_EDGE('',*,*,#6175,.T.);
#7676=ORIENTED_EDGE('',*,*,#6172,.T.);
#7677=ORIENTED_EDGE('',*,*,#6169,.T.);
#7678=ORIENTED_EDGE('',*,*,#6035,.T.);
#7679=ORIENTED_EDGE('',*,*,#6042,.T.);
#7680=ORIENTED_EDGE('',*,*,#6039,.T.);
#7681=ORIENTED_EDGE('',*,*,#6044,.T.);
#7682=ORIENTED_EDGE('',*,*,#6166,.T.);
#7683=ORIENTED_EDGE('',*,*,#6157,.T.);
#7684=ORIENTED_EDGE('',*,*,#6154,.T.);
#7685=ORIENTED_EDGE('',*,*,#6151,.T.);
#7686=ORIENTED_EDGE('',*,*,#6148,.T.);
#7687=ORIENTED_EDGE('',*,*,#6134,.T.);
#7688=ORIENTED_EDGE('',*,*,#6140,.T.);
#7689=ORIENTED_EDGE('',*,*,#6132,.T.);
#7690=ORIENTED_EDGE('',*,*,#6139,.T.);
#7691=ORIENTED_EDGE('',*,*,#6110,.T.);
#7692=ORIENTED_EDGE('',*,*,#6116,.T.);
#7693=ORIENTED_EDGE('',*,*,#6108,.T.);
#7694=ORIENTED_EDGE('',*,*,#6115,.T.);
#7695=ORIENTED_EDGE('',*,*,#6091,.T.);
#7696=ORIENTED_EDGE('',*,*,#6088,.T.);
#7697=ORIENTED_EDGE('',*,*,#6079,.T.);
#7698=ORIENTED_EDGE('',*,*,#6076,.T.);
#7699=ORIENTED_EDGE('',*,*,#6067,.T.);
#7700=ORIENTED_EDGE('',*,*,#6064,.T.);
#7701=ORIENTED_EDGE('',*,*,#6055,.T.);
#7702=ORIENTED_EDGE('',*,*,#6052,.T.);
#7703=ORIENTED_EDGE('',*,*,#6019,.T.);
#7704=ORIENTED_EDGE('',*,*,#6016,.T.);
#7705=ORIENTED_EDGE('',*,*,#6013,.T.);
#7706=ORIENTED_EDGE('',*,*,#6010,.T.);
#7707=ORIENTED_EDGE('',*,*,#6199,.T.);
#7708=ORIENTED_EDGE('',*,*,#6215,.F.);
#7709=ORIENTED_EDGE('',*,*,#6216,.T.);
#7710=ORIENTED_EDGE('',*,*,#6206,.F.);
#7711=ORIENTED_EDGE('',*,*,#6211,.F.);
#7712=ORIENTED_EDGE('',*,*,#6217,.T.);
#7713=ORIENTED_EDGE('',*,*,#6218,.F.);
#7714=ORIENTED_EDGE('',*,*,#6219,.F.);
#7715=ORIENTED_EDGE('',*,*,#6210,.F.);
#7716=ORIENTED_EDGE('',*,*,#6220,.T.);
#7717=ORIENTED_EDGE('',*,*,#6221,.F.);
#7718=ORIENTED_EDGE('',*,*,#6217,.F.);
#7719=ORIENTED_EDGE('',*,*,#6209,.F.);
#7720=ORIENTED_EDGE('',*,*,#6222,.F.);
#7721=ORIENTED_EDGE('',*,*,#6223,.F.);
#7722=ORIENTED_EDGE('',*,*,#6220,.F.);
#7723=ORIENTED_EDGE('',*,*,#6205,.T.);
#7724=ORIENTED_EDGE('',*,*,#6224,.T.);
#7725=ORIENTED_EDGE('',*,*,#6225,.T.);
#7726=ORIENTED_EDGE('',*,*,#6226,.T.);
#7727=ORIENTED_EDGE('',*,*,#6218,.T.);
#7728=ORIENTED_EDGE('',*,*,#6221,.T.);
#7729=ORIENTED_EDGE('',*,*,#6223,.T.);
#7730=ORIENTED_EDGE('',*,*,#6227,.T.);
#7731=ORIENTED_EDGE('',*,*,#6228,.T.);
#7732=ORIENTED_EDGE('',*,*,#6215,.T.);
#7733=ORIENTED_EDGE('',*,*,#6198,.T.);
#7734=ORIENTED_EDGE('',*,*,#6202,.T.);
#7735=ORIENTED_EDGE('',*,*,#6025,.T.);
#7736=ORIENTED_EDGE('',*,*,#6031,.T.);
#7737=ORIENTED_EDGE('',*,*,#6029,.T.);
#7738=ORIENTED_EDGE('',*,*,#6033,.T.);
#7739=ORIENTED_EDGE('',*,*,#6048,.T.);
#7740=ORIENTED_EDGE('',*,*,#6051,.T.);
#7741=ORIENTED_EDGE('',*,*,#6060,.T.);
#7742=ORIENTED_EDGE('',*,*,#6063,.T.);
#7743=ORIENTED_EDGE('',*,*,#6072,.T.);
#7744=ORIENTED_EDGE('',*,*,#6075,.T.);
#7745=ORIENTED_EDGE('',*,*,#6084,.T.);
#7746=ORIENTED_EDGE('',*,*,#6087,.T.);
#7747=ORIENTED_EDGE('',*,*,#6100,.T.);
#7748=ORIENTED_EDGE('',*,*,#6102,.T.);
#7749=ORIENTED_EDGE('',*,*,#6094,.T.);
#7750=ORIENTED_EDGE('',*,*,#6105,.T.);
#7751=ORIENTED_EDGE('',*,*,#6124,.T.);
#7752=ORIENTED_EDGE('',*,*,#6126,.T.);
#7753=ORIENTED_EDGE('',*,*,#6118,.T.);
#7754=ORIENTED_EDGE('',*,*,#6129,.T.);
#7755=ORIENTED_EDGE('',*,*,#6144,.T.);
#7756=ORIENTED_EDGE('',*,*,#6147,.T.);
#7757=ORIENTED_EDGE('',*,*,#6192,.T.);
#7758=ORIENTED_EDGE('',*,*,#6189,.T.);
#7759=ORIENTED_EDGE('',*,*,#6186,.T.);
#7760=ORIENTED_EDGE('',*,*,#6195,.T.);
#7761=ORIENTED_EDGE('',*,*,#6168,.T.);
#7762=ORIENTED_EDGE('',*,*,#6171,.T.);
#7763=ORIENTED_EDGE('',*,*,#6183,.T.);
#7764=ORIENTED_EDGE('',*,*,#6180,.T.);
#7765=ORIENTED_EDGE('',*,*,#6177,.T.);
#7766=ORIENTED_EDGE('',*,*,#6174,.T.);
#7767=ORIENTED_EDGE('',*,*,#6165,.T.);
#7768=ORIENTED_EDGE('',*,*,#6162,.T.);
#7769=ORIENTED_EDGE('',*,*,#6159,.T.);
#7770=ORIENTED_EDGE('',*,*,#6156,.T.);
#7771=ORIENTED_EDGE('',*,*,#6153,.T.);
#7772=ORIENTED_EDGE('',*,*,#6150,.T.);
#7773=ORIENTED_EDGE('',*,*,#6136,.T.);
#7774=ORIENTED_EDGE('',*,*,#6138,.T.);
#7775=ORIENTED_EDGE('',*,*,#6130,.T.);
#7776=ORIENTED_EDGE('',*,*,#6141,.T.);
#7777=ORIENTED_EDGE('',*,*,#6112,.T.);
#7778=ORIENTED_EDGE('',*,*,#6114,.T.);
#7779=ORIENTED_EDGE('',*,*,#6106,.T.);
#7780=ORIENTED_EDGE('',*,*,#6117,.T.);
#7781=ORIENTED_EDGE('',*,*,#6093,.T.);
#7782=ORIENTED_EDGE('',*,*,#6090,.T.);
#7783=ORIENTED_EDGE('',*,*,#6081,.T.);
#7784=ORIENTED_EDGE('',*,*,#6078,.T.);
#7785=ORIENTED_EDGE('',*,*,#6069,.T.);
#7786=ORIENTED_EDGE('',*,*,#6066,.T.);
#7787=ORIENTED_EDGE('',*,*,#6057,.T.);
#7788=ORIENTED_EDGE('',*,*,#6054,.T.);
#7789=ORIENTED_EDGE('',*,*,#6041,.T.);
#7790=ORIENTED_EDGE('',*,*,#6045,.T.);
#7791=ORIENTED_EDGE('',*,*,#6037,.T.);
#7792=ORIENTED_EDGE('',*,*,#6043,.T.);
#7793=ORIENTED_EDGE('',*,*,#6021,.T.);
#7794=ORIENTED_EDGE('',*,*,#6018,.T.);
#7795=ORIENTED_EDGE('',*,*,#6015,.T.);
#7796=ORIENTED_EDGE('',*,*,#6012,.T.);
#7797=ORIENTED_EDGE('',*,*,#6222,.T.);
#7798=ORIENTED_EDGE('',*,*,#6208,.F.);
#7799=ORIENTED_EDGE('',*,*,#6229,.F.);
#7800=ORIENTED_EDGE('',*,*,#6227,.F.);
#7801=ORIENTED_EDGE('',*,*,#6219,.T.);
#7802=ORIENTED_EDGE('',*,*,#6226,.F.);
#7803=ORIENTED_EDGE('',*,*,#6230,.T.);
#7804=ORIENTED_EDGE('',*,*,#6212,.F.);
#7805=ORIENTED_EDGE('',*,*,#6225,.F.);
#7806=ORIENTED_EDGE('',*,*,#6231,.T.);
#7807=ORIENTED_EDGE('',*,*,#6213,.F.);
#7808=ORIENTED_EDGE('',*,*,#6230,.F.);
#7809=ORIENTED_EDGE('',*,*,#6228,.F.);
#7810=ORIENTED_EDGE('',*,*,#6229,.T.);
#7811=ORIENTED_EDGE('',*,*,#6207,.F.);
#7812=ORIENTED_EDGE('',*,*,#6216,.F.);
#7813=ORIENTED_EDGE('',*,*,#6204,.T.);
#7814=ORIENTED_EDGE('',*,*,#6214,.F.);
#7815=ORIENTED_EDGE('',*,*,#6231,.F.);
#7816=ORIENTED_EDGE('',*,*,#6224,.F.);
#7817=ORIENTED_EDGE('',*,*,#6232,.F.);
#7818=ORIENTED_EDGE('',*,*,#6233,.T.);
#7819=ORIENTED_EDGE('',*,*,#6234,.F.);
#7820=ORIENTED_EDGE('',*,*,#6233,.F.);
#7821=ORIENTED_EDGE('',*,*,#6235,.F.);
#7822=ORIENTED_EDGE('',*,*,#6236,.T.);
#7823=ORIENTED_EDGE('',*,*,#6237,.F.);
#7824=ORIENTED_EDGE('',*,*,#6236,.F.);
#7825=ORIENTED_EDGE('',*,*,#6238,.F.);
#7826=ORIENTED_EDGE('',*,*,#6239,.T.);
#7827=ORIENTED_EDGE('',*,*,#6240,.F.);
#7828=ORIENTED_EDGE('',*,*,#6239,.F.);
#7829=ORIENTED_EDGE('',*,*,#6241,.F.);
#7830=ORIENTED_EDGE('',*,*,#6242,.T.);
#7831=ORIENTED_EDGE('',*,*,#6243,.F.);
#7832=ORIENTED_EDGE('',*,*,#6242,.F.);
#7833=ORIENTED_EDGE('',*,*,#6244,.F.);
#7834=ORIENTED_EDGE('',*,*,#6245,.T.);
#7835=ORIENTED_EDGE('',*,*,#6246,.F.);
#7836=ORIENTED_EDGE('',*,*,#6247,.F.);
#7837=ORIENTED_EDGE('',*,*,#6248,.F.);
#7838=ORIENTED_EDGE('',*,*,#6249,.T.);
#7839=ORIENTED_EDGE('',*,*,#6250,.F.);
#7840=ORIENTED_EDGE('',*,*,#6245,.F.);
#7841=ORIENTED_EDGE('',*,*,#6251,.F.);
#7842=ORIENTED_EDGE('',*,*,#6252,.F.);
#7843=ORIENTED_EDGE('',*,*,#6253,.F.);
#7844=ORIENTED_EDGE('',*,*,#6249,.F.);
#7845=ORIENTED_EDGE('',*,*,#6246,.T.);
#7846=ORIENTED_EDGE('',*,*,#6250,.T.);
#7847=ORIENTED_EDGE('',*,*,#6253,.T.);
#7848=ORIENTED_EDGE('',*,*,#6254,.T.);
#7849=ORIENTED_EDGE('',*,*,#6255,.T.);
#7850=ORIENTED_EDGE('',*,*,#6256,.T.);
#7851=ORIENTED_EDGE('',*,*,#6257,.T.);
#7852=ORIENTED_EDGE('',*,*,#6258,.T.);
#7853=ORIENTED_EDGE('',*,*,#6234,.T.);
#7854=ORIENTED_EDGE('',*,*,#6237,.T.);
#7855=ORIENTED_EDGE('',*,*,#6240,.T.);
#7856=ORIENTED_EDGE('',*,*,#6243,.T.);
#7857=ORIENTED_EDGE('',*,*,#6252,.T.);
#7858=ORIENTED_EDGE('',*,*,#6259,.F.);
#7859=ORIENTED_EDGE('',*,*,#6260,.T.);
#7860=ORIENTED_EDGE('',*,*,#6254,.F.);
#7861=ORIENTED_EDGE('',*,*,#6247,.T.);
#7862=ORIENTED_EDGE('',*,*,#6258,.F.);
#7863=ORIENTED_EDGE('',*,*,#6261,.F.);
#7864=ORIENTED_EDGE('',*,*,#6262,.F.);
#7865=ORIENTED_EDGE('',*,*,#6263,.F.);
#7866=ORIENTED_EDGE('',*,*,#6255,.F.);
#7867=ORIENTED_EDGE('',*,*,#6260,.F.);
#7868=ORIENTED_EDGE('',*,*,#6264,.F.);
#7869=ORIENTED_EDGE('',*,*,#6265,.F.);
#7870=ORIENTED_EDGE('',*,*,#6261,.T.);
#7871=ORIENTED_EDGE('',*,*,#6257,.F.);
#7872=ORIENTED_EDGE('',*,*,#6266,.F.);
#7873=ORIENTED_EDGE('',*,*,#6263,.T.);
#7874=ORIENTED_EDGE('',*,*,#6267,.F.);
#7875=ORIENTED_EDGE('',*,*,#6266,.T.);
#7876=ORIENTED_EDGE('',*,*,#6256,.F.);
#7877=ORIENTED_EDGE('',*,*,#6244,.T.);
#7878=ORIENTED_EDGE('',*,*,#6262,.T.);
#7879=ORIENTED_EDGE('',*,*,#6265,.T.);
#7880=ORIENTED_EDGE('',*,*,#6267,.T.);
#7881=ORIENTED_EDGE('',*,*,#6264,.T.);
#7882=ORIENTED_EDGE('',*,*,#6259,.T.);
#7883=ORIENTED_EDGE('',*,*,#6251,.T.);
#7884=ORIENTED_EDGE('',*,*,#6248,.T.);
#7885=ORIENTED_EDGE('',*,*,#6232,.T.);
#7886=ORIENTED_EDGE('',*,*,#6235,.T.);
#7887=ORIENTED_EDGE('',*,*,#6238,.T.);
#7888=ORIENTED_EDGE('',*,*,#6241,.T.);
#7889=ORIENTED_EDGE('',*,*,#6268,.F.);
#7890=ORIENTED_EDGE('',*,*,#6269,.T.);
#7891=ORIENTED_EDGE('',*,*,#6270,.F.);
#7892=ORIENTED_EDGE('',*,*,#6269,.F.);
#7893=ORIENTED_EDGE('',*,*,#6271,.F.);
#7894=ORIENTED_EDGE('',*,*,#6272,.T.);
#7895=ORIENTED_EDGE('',*,*,#6273,.F.);
#7896=ORIENTED_EDGE('',*,*,#6272,.F.);
#7897=ORIENTED_EDGE('',*,*,#6274,.F.);
#7898=ORIENTED_EDGE('',*,*,#6275,.T.);
#7899=ORIENTED_EDGE('',*,*,#6276,.F.);
#7900=ORIENTED_EDGE('',*,*,#6275,.F.);
#7901=ORIENTED_EDGE('',*,*,#6277,.F.);
#7902=ORIENTED_EDGE('',*,*,#6278,.T.);
#7903=ORIENTED_EDGE('',*,*,#6279,.F.);
#7904=ORIENTED_EDGE('',*,*,#6278,.F.);
#7905=ORIENTED_EDGE('',*,*,#6280,.F.);
#7906=ORIENTED_EDGE('',*,*,#6281,.F.);
#7907=ORIENTED_EDGE('',*,*,#6282,.F.);
#7908=ORIENTED_EDGE('',*,*,#6283,.F.);
#7909=ORIENTED_EDGE('',*,*,#6284,.F.);
#7910=ORIENTED_EDGE('',*,*,#6285,.F.);
#7911=ORIENTED_EDGE('',*,*,#6286,.F.);
#7912=ORIENTED_EDGE('',*,*,#6287,.T.);
#7913=ORIENTED_EDGE('',*,*,#6288,.F.);
#7914=ORIENTED_EDGE('',*,*,#6287,.F.);
#7915=ORIENTED_EDGE('',*,*,#6289,.F.);
#7916=ORIENTED_EDGE('',*,*,#6281,.T.);
#7917=ORIENTED_EDGE('',*,*,#6282,.T.);
#7918=ORIENTED_EDGE('',*,*,#6289,.T.);
#7919=ORIENTED_EDGE('',*,*,#6286,.T.);
#7920=ORIENTED_EDGE('',*,*,#6290,.T.);
#7921=ORIENTED_EDGE('',*,*,#6291,.T.);
#7922=ORIENTED_EDGE('',*,*,#6292,.T.);
#7923=ORIENTED_EDGE('',*,*,#6293,.T.);
#7924=ORIENTED_EDGE('',*,*,#6294,.T.);
#7925=ORIENTED_EDGE('',*,*,#6268,.T.);
#7926=ORIENTED_EDGE('',*,*,#6271,.T.);
#7927=ORIENTED_EDGE('',*,*,#6274,.T.);
#7928=ORIENTED_EDGE('',*,*,#6277,.T.);
#7929=ORIENTED_EDGE('',*,*,#6285,.T.);
#7930=ORIENTED_EDGE('',*,*,#6295,.T.);
#7931=ORIENTED_EDGE('',*,*,#6296,.T.);
#7932=ORIENTED_EDGE('',*,*,#6290,.F.);
#7933=ORIENTED_EDGE('',*,*,#6283,.T.);
#7934=ORIENTED_EDGE('',*,*,#6294,.F.);
#7935=ORIENTED_EDGE('',*,*,#6297,.T.);
#7936=ORIENTED_EDGE('',*,*,#6298,.T.);
#7937=ORIENTED_EDGE('',*,*,#6297,.F.);
#7938=ORIENTED_EDGE('',*,*,#6293,.F.);
#7939=ORIENTED_EDGE('',*,*,#6299,.F.);
#7940=ORIENTED_EDGE('',*,*,#6300,.F.);
#7941=ORIENTED_EDGE('',*,*,#6299,.T.);
#7942=ORIENTED_EDGE('',*,*,#6292,.F.);
#7943=ORIENTED_EDGE('',*,*,#6301,.F.);
#7944=ORIENTED_EDGE('',*,*,#6302,.T.);
#7945=ORIENTED_EDGE('',*,*,#6303,.T.);
#7946=ORIENTED_EDGE('',*,*,#6301,.T.);
#7947=ORIENTED_EDGE('',*,*,#6291,.F.);
#7948=ORIENTED_EDGE('',*,*,#6296,.F.);
#7949=ORIENTED_EDGE('',*,*,#6280,.T.);
#7950=ORIENTED_EDGE('',*,*,#6298,.F.);
#7951=ORIENTED_EDGE('',*,*,#6300,.T.);
#7952=ORIENTED_EDGE('',*,*,#6302,.F.);
#7953=ORIENTED_EDGE('',*,*,#6303,.F.);
#7954=ORIENTED_EDGE('',*,*,#6295,.F.);
#7955=ORIENTED_EDGE('',*,*,#6284,.T.);
#7956=ORIENTED_EDGE('',*,*,#6288,.T.);
#7957=ORIENTED_EDGE('',*,*,#6270,.T.);
#7958=ORIENTED_EDGE('',*,*,#6273,.T.);
#7959=ORIENTED_EDGE('',*,*,#6276,.T.);
#7960=ORIENTED_EDGE('',*,*,#6279,.T.);
#7961=ORIENTED_EDGE('',*,*,#6304,.F.);
#7962=ORIENTED_EDGE('',*,*,#6305,.T.);
#7963=ORIENTED_EDGE('',*,*,#6306,.F.);
#7964=ORIENTED_EDGE('',*,*,#6305,.F.);
#7965=ORIENTED_EDGE('',*,*,#6307,.F.);
#7966=ORIENTED_EDGE('',*,*,#6308,.T.);
#7967=ORIENTED_EDGE('',*,*,#6309,.F.);
#7968=ORIENTED_EDGE('',*,*,#6308,.F.);
#7969=ORIENTED_EDGE('',*,*,#6310,.F.);
#7970=ORIENTED_EDGE('',*,*,#6311,.T.);
#7971=ORIENTED_EDGE('',*,*,#6312,.F.);
#7972=ORIENTED_EDGE('',*,*,#6311,.F.);
#7973=ORIENTED_EDGE('',*,*,#6313,.F.);
#7974=ORIENTED_EDGE('',*,*,#6314,.T.);
#7975=ORIENTED_EDGE('',*,*,#6315,.F.);
#7976=ORIENTED_EDGE('',*,*,#6314,.F.);
#7977=ORIENTED_EDGE('',*,*,#6316,.F.);
#7978=ORIENTED_EDGE('',*,*,#6317,.T.);
#7979=ORIENTED_EDGE('',*,*,#6318,.F.);
#7980=ORIENTED_EDGE('',*,*,#6317,.F.);
#7981=ORIENTED_EDGE('',*,*,#6319,.F.);
#7982=ORIENTED_EDGE('',*,*,#6320,.T.);
#7983=ORIENTED_EDGE('',*,*,#6321,.F.);
#7984=ORIENTED_EDGE('',*,*,#6320,.F.);
#7985=ORIENTED_EDGE('',*,*,#6322,.F.);
#7986=ORIENTED_EDGE('',*,*,#6323,.T.);
#7987=ORIENTED_EDGE('',*,*,#6324,.F.);
#7988=ORIENTED_EDGE('',*,*,#6323,.F.);
#7989=ORIENTED_EDGE('',*,*,#6325,.T.);
#7990=ORIENTED_EDGE('',*,*,#6326,.T.);
#7991=ORIENTED_EDGE('',*,*,#6327,.F.);
#7992=ORIENTED_EDGE('',*,*,#6328,.F.);
#7993=ORIENTED_EDGE('',*,*,#6329,.T.);
#7994=ORIENTED_EDGE('',*,*,#6328,.T.);
#7995=ORIENTED_EDGE('',*,*,#6330,.F.);
#7996=ORIENTED_EDGE('',*,*,#6331,.F.);
#7997=ORIENTED_EDGE('',*,*,#6332,.T.);
#7998=ORIENTED_EDGE('',*,*,#6331,.T.);
#7999=ORIENTED_EDGE('',*,*,#6333,.F.);
#8000=ORIENTED_EDGE('',*,*,#6334,.F.);
#8001=ORIENTED_EDGE('',*,*,#6335,.T.);
#8002=ORIENTED_EDGE('',*,*,#6334,.T.);
#8003=ORIENTED_EDGE('',*,*,#6336,.F.);
#8004=ORIENTED_EDGE('',*,*,#6326,.F.);
#8005=ORIENTED_EDGE('',*,*,#6336,.T.);
#8006=ORIENTED_EDGE('',*,*,#6333,.T.);
#8007=ORIENTED_EDGE('',*,*,#6330,.T.);
#8008=ORIENTED_EDGE('',*,*,#6327,.T.);
#8009=ORIENTED_EDGE('',*,*,#6306,.T.);
#8010=ORIENTED_EDGE('',*,*,#6309,.T.);
#8011=ORIENTED_EDGE('',*,*,#6312,.T.);
#8012=ORIENTED_EDGE('',*,*,#6315,.T.);
#8013=ORIENTED_EDGE('',*,*,#6318,.T.);
#8014=ORIENTED_EDGE('',*,*,#6321,.T.);
#8015=ORIENTED_EDGE('',*,*,#6324,.T.);
#8016=ORIENTED_EDGE('',*,*,#6335,.F.);
#8017=ORIENTED_EDGE('',*,*,#6325,.F.);
#8018=ORIENTED_EDGE('',*,*,#6329,.F.);
#8019=ORIENTED_EDGE('',*,*,#6332,.F.);
#8020=ORIENTED_EDGE('',*,*,#6304,.T.);
#8021=ORIENTED_EDGE('',*,*,#6307,.T.);
#8022=ORIENTED_EDGE('',*,*,#6310,.T.);
#8023=ORIENTED_EDGE('',*,*,#6313,.T.);
#8024=ORIENTED_EDGE('',*,*,#6316,.T.);
#8025=ORIENTED_EDGE('',*,*,#6319,.T.);
#8026=ORIENTED_EDGE('',*,*,#6322,.T.);
#8027=ORIENTED_EDGE('',*,*,#6337,.F.);
#8028=ORIENTED_EDGE('',*,*,#6338,.F.);
#8029=ORIENTED_EDGE('',*,*,#6339,.F.);
#8030=ORIENTED_EDGE('',*,*,#6338,.T.);
#8031=ORIENTED_EDGE('',*,*,#6340,.F.);
#8032=ORIENTED_EDGE('',*,*,#6341,.T.);
#8033=ORIENTED_EDGE('',*,*,#6342,.T.);
#8034=ORIENTED_EDGE('',*,*,#6343,.F.);
#8035=ORIENTED_EDGE('',*,*,#6344,.T.);
#8036=ORIENTED_EDGE('',*,*,#6345,.T.);
#8037=ORIENTED_EDGE('',*,*,#6346,.F.);
#8038=ORIENTED_EDGE('',*,*,#6347,.T.);
#8039=ORIENTED_EDGE('',*,*,#6348,.T.);
#8040=ORIENTED_EDGE('',*,*,#6341,.F.);
#8041=ORIENTED_EDGE('',*,*,#6339,.T.);
#8042=ORIENTED_EDGE('',*,*,#6337,.T.);
#8043=ORIENTED_EDGE('',*,*,#6349,.F.);
#8044=ORIENTED_EDGE('',*,*,#6343,.T.);
#8045=ORIENTED_EDGE('',*,*,#6350,.T.);
#8046=ORIENTED_EDGE('',*,*,#6347,.F.);
#8047=ORIENTED_EDGE('',*,*,#6350,.F.);
#8048=ORIENTED_EDGE('',*,*,#6342,.F.);
#8049=ORIENTED_EDGE('',*,*,#6348,.F.);
#8050=ORIENTED_EDGE('',*,*,#6351,.F.);
#8051=ORIENTED_EDGE('',*,*,#6352,.T.);
#8052=ORIENTED_EDGE('',*,*,#6344,.F.);
#8053=ORIENTED_EDGE('',*,*,#6352,.F.);
#8054=ORIENTED_EDGE('',*,*,#6353,.F.);
#8055=ORIENTED_EDGE('',*,*,#6354,.T.);
#8056=ORIENTED_EDGE('',*,*,#6345,.F.);
#8057=ORIENTED_EDGE('',*,*,#6354,.F.);
#8058=ORIENTED_EDGE('',*,*,#6355,.F.);
#8059=ORIENTED_EDGE('',*,*,#6356,.T.);
#8060=ORIENTED_EDGE('',*,*,#6357,.F.);
#8061=ORIENTED_EDGE('',*,*,#6358,.F.);
#8062=ORIENTED_EDGE('',*,*,#6359,.F.);
#8063=ORIENTED_EDGE('',*,*,#6358,.T.);
#8064=ORIENTED_EDGE('',*,*,#6360,.F.);
#8065=ORIENTED_EDGE('',*,*,#6361,.F.);
#8066=ORIENTED_EDGE('',*,*,#6351,.T.);
#8067=ORIENTED_EDGE('',*,*,#6353,.T.);
#8068=ORIENTED_EDGE('',*,*,#6362,.F.);
#8069=ORIENTED_EDGE('',*,*,#6361,.T.);
#8070=ORIENTED_EDGE('',*,*,#6363,.F.);
#8071=ORIENTED_EDGE('',*,*,#6356,.F.);
#8072=ORIENTED_EDGE('',*,*,#6363,.T.);
#8073=ORIENTED_EDGE('',*,*,#6360,.T.);
#8074=ORIENTED_EDGE('',*,*,#6357,.T.);
#8075=ORIENTED_EDGE('',*,*,#6340,.T.);
#8076=ORIENTED_EDGE('',*,*,#6349,.T.);
#8077=ORIENTED_EDGE('',*,*,#6346,.T.);
#8078=ORIENTED_EDGE('',*,*,#6362,.T.);
#8079=ORIENTED_EDGE('',*,*,#6355,.T.);
#8080=ORIENTED_EDGE('',*,*,#6359,.T.);
#8081=ORIENTED_EDGE('',*,*,#6364,.F.);
#8082=ORIENTED_EDGE('',*,*,#6365,.F.);
#8083=ORIENTED_EDGE('',*,*,#6366,.F.);
#8084=ORIENTED_EDGE('',*,*,#6365,.T.);
#8085=ORIENTED_EDGE('',*,*,#6367,.F.);
#8086=ORIENTED_EDGE('',*,*,#6368,.T.);
#8087=ORIENTED_EDGE('',*,*,#6369,.T.);
#8088=ORIENTED_EDGE('',*,*,#6370,.F.);
#8089=ORIENTED_EDGE('',*,*,#6366,.T.);
#8090=ORIENTED_EDGE('',*,*,#6364,.T.);
#8091=ORIENTED_EDGE('',*,*,#6371,.F.);
#8092=ORIENTED_EDGE('',*,*,#6372,.T.);
#8093=ORIENTED_EDGE('',*,*,#6373,.T.);
#8094=ORIENTED_EDGE('',*,*,#6368,.F.);
#8095=ORIENTED_EDGE('',*,*,#6374,.T.);
#8096=ORIENTED_EDGE('',*,*,#6375,.T.);
#8097=ORIENTED_EDGE('',*,*,#6376,.F.);
#8098=ORIENTED_EDGE('',*,*,#6370,.T.);
#8099=ORIENTED_EDGE('',*,*,#6377,.T.);
#8100=ORIENTED_EDGE('',*,*,#6372,.F.);
#8101=ORIENTED_EDGE('',*,*,#6377,.F.);
#8102=ORIENTED_EDGE('',*,*,#6369,.F.);
#8103=ORIENTED_EDGE('',*,*,#6373,.F.);
#8104=ORIENTED_EDGE('',*,*,#6378,.F.);
#8105=ORIENTED_EDGE('',*,*,#6379,.T.);
#8106=ORIENTED_EDGE('',*,*,#6375,.F.);
#8107=ORIENTED_EDGE('',*,*,#6379,.F.);
#8108=ORIENTED_EDGE('',*,*,#6380,.F.);
#8109=ORIENTED_EDGE('',*,*,#6381,.T.);
#8110=ORIENTED_EDGE('',*,*,#6374,.F.);
#8111=ORIENTED_EDGE('',*,*,#6381,.F.);
#8112=ORIENTED_EDGE('',*,*,#6382,.T.);
#8113=ORIENTED_EDGE('',*,*,#6383,.T.);
#8114=ORIENTED_EDGE('',*,*,#6384,.F.);
#8115=ORIENTED_EDGE('',*,*,#6385,.F.);
#8116=ORIENTED_EDGE('',*,*,#6378,.T.);
#8117=ORIENTED_EDGE('',*,*,#6380,.T.);
#8118=ORIENTED_EDGE('',*,*,#6386,.T.);
#8119=ORIENTED_EDGE('',*,*,#6385,.T.);
#8120=ORIENTED_EDGE('',*,*,#6387,.F.);
#8121=ORIENTED_EDGE('',*,*,#6388,.F.);
#8122=ORIENTED_EDGE('',*,*,#6389,.T.);
#8123=ORIENTED_EDGE('',*,*,#6388,.T.);
#8124=ORIENTED_EDGE('',*,*,#6390,.F.);
#8125=ORIENTED_EDGE('',*,*,#6383,.F.);
#8126=ORIENTED_EDGE('',*,*,#6389,.F.);
#8127=ORIENTED_EDGE('',*,*,#6382,.F.);
#8128=ORIENTED_EDGE('',*,*,#6386,.F.);
#8129=ORIENTED_EDGE('',*,*,#6390,.T.);
#8130=ORIENTED_EDGE('',*,*,#6387,.T.);
#8131=ORIENTED_EDGE('',*,*,#6384,.T.);
#8132=ORIENTED_EDGE('',*,*,#6367,.T.);
#8133=ORIENTED_EDGE('',*,*,#6376,.T.);
#8134=ORIENTED_EDGE('',*,*,#6371,.T.);
#8135=ORIENTED_EDGE('',*,*,#6391,.F.);
#8136=ORIENTED_EDGE('',*,*,#6392,.F.);
#8137=ORIENTED_EDGE('',*,*,#6393,.F.);
#8138=ORIENTED_EDGE('',*,*,#6394,.T.);
#8139=ORIENTED_EDGE('',*,*,#6395,.F.);
#8140=ORIENTED_EDGE('',*,*,#6396,.F.);
#8141=ORIENTED_EDGE('',*,*,#6394,.F.);
#8142=ORIENTED_EDGE('',*,*,#6397,.F.);
#8143=ORIENTED_EDGE('',*,*,#6398,.T.);
#8144=ORIENTED_EDGE('',*,*,#6399,.T.);
#8145=ORIENTED_EDGE('',*,*,#6398,.F.);
#8146=ORIENTED_EDGE('',*,*,#6399,.F.);
#8147=ORIENTED_EDGE('',*,*,#6400,.F.);
#8148=ORIENTED_EDGE('',*,*,#6401,.T.);
#8149=ORIENTED_EDGE('',*,*,#6402,.T.);
#8150=ORIENTED_EDGE('',*,*,#6401,.F.);
#8151=ORIENTED_EDGE('',*,*,#6402,.F.);
#8152=ORIENTED_EDGE('',*,*,#6403,.F.);
#8153=ORIENTED_EDGE('',*,*,#6404,.T.);
#8154=ORIENTED_EDGE('',*,*,#6393,.T.);
#8155=ORIENTED_EDGE('',*,*,#6405,.T.);
#8156=ORIENTED_EDGE('',*,*,#6406,.T.);
#8157=ORIENTED_EDGE('',*,*,#6405,.F.);
#8158=ORIENTED_EDGE('',*,*,#6392,.T.);
#8159=ORIENTED_EDGE('',*,*,#6391,.T.);
#8160=ORIENTED_EDGE('',*,*,#6404,.F.);
#8161=ORIENTED_EDGE('',*,*,#6395,.T.);
#8162=ORIENTED_EDGE('',*,*,#6396,.T.);
#8163=ORIENTED_EDGE('',*,*,#6403,.T.);
#8164=ORIENTED_EDGE('',*,*,#6397,.T.);
#8165=ORIENTED_EDGE('',*,*,#6406,.F.);
#8166=ORIENTED_EDGE('',*,*,#6400,.T.);
#8167=ORIENTED_EDGE('',*,*,#6407,.F.);
#8168=ORIENTED_EDGE('',*,*,#6408,.T.);
#8169=ORIENTED_EDGE('',*,*,#6409,.F.);
#8170=ORIENTED_EDGE('',*,*,#6408,.F.);
#8171=ORIENTED_EDGE('',*,*,#6410,.F.);
#8172=ORIENTED_EDGE('',*,*,#6411,.T.);
#8173=ORIENTED_EDGE('',*,*,#6412,.F.);
#8174=ORIENTED_EDGE('',*,*,#6411,.F.);
#8175=ORIENTED_EDGE('',*,*,#6413,.F.);
#8176=ORIENTED_EDGE('',*,*,#6414,.F.);
#8177=ORIENTED_EDGE('',*,*,#6415,.F.);
#8178=ORIENTED_EDGE('',*,*,#6416,.T.);
#8179=ORIENTED_EDGE('',*,*,#6417,.F.);
#8180=ORIENTED_EDGE('',*,*,#6418,.F.);
#8181=ORIENTED_EDGE('',*,*,#6416,.F.);
#8182=ORIENTED_EDGE('',*,*,#6419,.F.);
#8183=ORIENTED_EDGE('',*,*,#6420,.T.);
#8184=ORIENTED_EDGE('',*,*,#6421,.T.);
#8185=ORIENTED_EDGE('',*,*,#6420,.F.);
#8186=ORIENTED_EDGE('',*,*,#6421,.F.);
#8187=ORIENTED_EDGE('',*,*,#6422,.F.);
#8188=ORIENTED_EDGE('',*,*,#6423,.T.);
#8189=ORIENTED_EDGE('',*,*,#6424,.T.);
#8190=ORIENTED_EDGE('',*,*,#6423,.F.);
#8191=ORIENTED_EDGE('',*,*,#6424,.F.);
#8192=ORIENTED_EDGE('',*,*,#6425,.F.);
#8193=ORIENTED_EDGE('',*,*,#6426,.T.);
#8194=ORIENTED_EDGE('',*,*,#6415,.T.);
#8195=ORIENTED_EDGE('',*,*,#6427,.T.);
#8196=ORIENTED_EDGE('',*,*,#6428,.T.);
#8197=ORIENTED_EDGE('',*,*,#6427,.F.);
#8198=ORIENTED_EDGE('',*,*,#6414,.T.);
#8199=ORIENTED_EDGE('',*,*,#6413,.T.);
#8200=ORIENTED_EDGE('',*,*,#6426,.F.);
#8201=ORIENTED_EDGE('',*,*,#6409,.T.);
#8202=ORIENTED_EDGE('',*,*,#6407,.T.);
#8203=ORIENTED_EDGE('',*,*,#6412,.T.);
#8204=ORIENTED_EDGE('',*,*,#6410,.T.);
#8205=ORIENTED_EDGE('',*,*,#6417,.T.);
#8206=ORIENTED_EDGE('',*,*,#6418,.T.);
#8207=ORIENTED_EDGE('',*,*,#6425,.T.);
#8208=ORIENTED_EDGE('',*,*,#6419,.T.);
#8209=ORIENTED_EDGE('',*,*,#6428,.F.);
#8210=ORIENTED_EDGE('',*,*,#6422,.T.);
#8211=ORIENTED_EDGE('',*,*,#6429,.F.);
#8212=ORIENTED_EDGE('',*,*,#6430,.F.);
#8213=ORIENTED_EDGE('',*,*,#6431,.F.);
#8214=ORIENTED_EDGE('',*,*,#6432,.T.);
#8215=ORIENTED_EDGE('',*,*,#6433,.F.);
#8216=ORIENTED_EDGE('',*,*,#6434,.F.);
#8217=ORIENTED_EDGE('',*,*,#6432,.F.);
#8218=ORIENTED_EDGE('',*,*,#6435,.F.);
#8219=ORIENTED_EDGE('',*,*,#6436,.T.);
#8220=ORIENTED_EDGE('',*,*,#6437,.T.);
#8221=ORIENTED_EDGE('',*,*,#6436,.F.);
#8222=ORIENTED_EDGE('',*,*,#6437,.F.);
#8223=ORIENTED_EDGE('',*,*,#6438,.F.);
#8224=ORIENTED_EDGE('',*,*,#6439,.T.);
#8225=ORIENTED_EDGE('',*,*,#6440,.T.);
#8226=ORIENTED_EDGE('',*,*,#6439,.F.);
#8227=ORIENTED_EDGE('',*,*,#6440,.F.);
#8228=ORIENTED_EDGE('',*,*,#6441,.F.);
#8229=ORIENTED_EDGE('',*,*,#6442,.T.);
#8230=ORIENTED_EDGE('',*,*,#6431,.T.);
#8231=ORIENTED_EDGE('',*,*,#6443,.T.);
#8232=ORIENTED_EDGE('',*,*,#6444,.T.);
#8233=ORIENTED_EDGE('',*,*,#6443,.F.);
#8234=ORIENTED_EDGE('',*,*,#6430,.T.);
#8235=ORIENTED_EDGE('',*,*,#6429,.T.);
#8236=ORIENTED_EDGE('',*,*,#6442,.F.);
#8237=ORIENTED_EDGE('',*,*,#6433,.T.);
#8238=ORIENTED_EDGE('',*,*,#6434,.T.);
#8239=ORIENTED_EDGE('',*,*,#6441,.T.);
#8240=ORIENTED_EDGE('',*,*,#6435,.T.);
#8241=ORIENTED_EDGE('',*,*,#6444,.F.);
#8242=ORIENTED_EDGE('',*,*,#6438,.T.);
#8243=ORIENTED_EDGE('',*,*,#6445,.F.);
#8244=ORIENTED_EDGE('',*,*,#6446,.F.);
#8245=ORIENTED_EDGE('',*,*,#6447,.F.);
#8246=ORIENTED_EDGE('',*,*,#6448,.T.);
#8247=ORIENTED_EDGE('',*,*,#6449,.F.);
#8248=ORIENTED_EDGE('',*,*,#6450,.F.);
#8249=ORIENTED_EDGE('',*,*,#6448,.F.);
#8250=ORIENTED_EDGE('',*,*,#6451,.F.);
#8251=ORIENTED_EDGE('',*,*,#6452,.T.);
#8252=ORIENTED_EDGE('',*,*,#6453,.T.);
#8253=ORIENTED_EDGE('',*,*,#6452,.F.);
#8254=ORIENTED_EDGE('',*,*,#6453,.F.);
#8255=ORIENTED_EDGE('',*,*,#6454,.F.);
#8256=ORIENTED_EDGE('',*,*,#6455,.T.);
#8257=ORIENTED_EDGE('',*,*,#6456,.T.);
#8258=ORIENTED_EDGE('',*,*,#6455,.F.);
#8259=ORIENTED_EDGE('',*,*,#6456,.F.);
#8260=ORIENTED_EDGE('',*,*,#6457,.F.);
#8261=ORIENTED_EDGE('',*,*,#6458,.T.);
#8262=ORIENTED_EDGE('',*,*,#6447,.T.);
#8263=ORIENTED_EDGE('',*,*,#6459,.T.);
#8264=ORIENTED_EDGE('',*,*,#6460,.T.);
#8265=ORIENTED_EDGE('',*,*,#6459,.F.);
#8266=ORIENTED_EDGE('',*,*,#6446,.T.);
#8267=ORIENTED_EDGE('',*,*,#6445,.T.);
#8268=ORIENTED_EDGE('',*,*,#6458,.F.);
#8269=ORIENTED_EDGE('',*,*,#6449,.T.);
#8270=ORIENTED_EDGE('',*,*,#6450,.T.);
#8271=ORIENTED_EDGE('',*,*,#6457,.T.);
#8272=ORIENTED_EDGE('',*,*,#6451,.T.);
#8273=ORIENTED_EDGE('',*,*,#6460,.F.);
#8274=ORIENTED_EDGE('',*,*,#6454,.T.);
#8275=ORIENTED_EDGE('',*,*,#6461,.F.);
#8276=ORIENTED_EDGE('',*,*,#6462,.T.);
#8277=ORIENTED_EDGE('',*,*,#6463,.F.);
#8278=ORIENTED_EDGE('',*,*,#6462,.F.);
#8279=ORIENTED_EDGE('',*,*,#6464,.F.);
#8280=ORIENTED_EDGE('',*,*,#6465,.T.);
#8281=ORIENTED_EDGE('',*,*,#6466,.F.);
#8282=ORIENTED_EDGE('',*,*,#6465,.F.);
#8283=ORIENTED_EDGE('',*,*,#6467,.F.);
#8284=ORIENTED_EDGE('',*,*,#6468,.T.);
#8285=ORIENTED_EDGE('',*,*,#6469,.F.);
#8286=ORIENTED_EDGE('',*,*,#6468,.F.);
#8287=ORIENTED_EDGE('',*,*,#6467,.T.);
#8288=ORIENTED_EDGE('',*,*,#6470,.F.);
#8289=ORIENTED_EDGE('',*,*,#6471,.T.);
#8290=ORIENTED_EDGE('',*,*,#6472,.F.);
#8291=ORIENTED_EDGE('',*,*,#6471,.F.);
#8292=ORIENTED_EDGE('',*,*,#6470,.T.);
#8293=ORIENTED_EDGE('',*,*,#6463,.T.);
#8294=ORIENTED_EDGE('',*,*,#6466,.T.);
#8295=ORIENTED_EDGE('',*,*,#6469,.T.);
#8296=ORIENTED_EDGE('',*,*,#6473,.F.);
#8297=ORIENTED_EDGE('',*,*,#6474,.T.);
#8298=ORIENTED_EDGE('',*,*,#6475,.T.);
#8299=ORIENTED_EDGE('',*,*,#6474,.F.);
#8300=ORIENTED_EDGE('',*,*,#6473,.T.);
#8301=ORIENTED_EDGE('',*,*,#6472,.T.);
#8302=ORIENTED_EDGE('',*,*,#6475,.F.);
#8303=ORIENTED_EDGE('',*,*,#6461,.T.);
#8304=ORIENTED_EDGE('',*,*,#6464,.T.);
#8305=ORIENTED_EDGE('',*,*,#6476,.F.);
#8306=ORIENTED_EDGE('',*,*,#6477,.T.);
#8307=ORIENTED_EDGE('',*,*,#6478,.F.);
#8308=ORIENTED_EDGE('',*,*,#6477,.F.);
#8309=ORIENTED_EDGE('',*,*,#6479,.F.);
#8310=ORIENTED_EDGE('',*,*,#6480,.T.);
#8311=ORIENTED_EDGE('',*,*,#6481,.F.);
#8312=ORIENTED_EDGE('',*,*,#6480,.F.);
#8313=ORIENTED_EDGE('',*,*,#6482,.F.);
#8314=ORIENTED_EDGE('',*,*,#6483,.T.);
#8315=ORIENTED_EDGE('',*,*,#6484,.T.);
#8316=ORIENTED_EDGE('',*,*,#6483,.F.);
#8317=ORIENTED_EDGE('',*,*,#6484,.F.);
#8318=ORIENTED_EDGE('',*,*,#6485,.F.);
#8319=ORIENTED_EDGE('',*,*,#6486,.T.);
#8320=ORIENTED_EDGE('',*,*,#6487,.T.);
#8321=ORIENTED_EDGE('',*,*,#6486,.F.);
#8322=ORIENTED_EDGE('',*,*,#6487,.F.);
#8323=ORIENTED_EDGE('',*,*,#6476,.T.);
#8324=ORIENTED_EDGE('',*,*,#6479,.T.);
#8325=ORIENTED_EDGE('',*,*,#6482,.T.);
#8326=ORIENTED_EDGE('',*,*,#6488,.F.);
#8327=ORIENTED_EDGE('',*,*,#6489,.T.);
#8328=ORIENTED_EDGE('',*,*,#6490,.F.);
#8329=ORIENTED_EDGE('',*,*,#6489,.F.);
#8330=ORIENTED_EDGE('',*,*,#6490,.T.);
#8331=ORIENTED_EDGE('',*,*,#6478,.T.);
#8332=ORIENTED_EDGE('',*,*,#6481,.T.);
#8333=ORIENTED_EDGE('',*,*,#6488,.T.);
#8334=ORIENTED_EDGE('',*,*,#6485,.T.);
#8335=ORIENTED_EDGE('',*,*,#6491,.T.);
#8336=ORIENTED_EDGE('',*,*,#6492,.T.);
#8337=ORIENTED_EDGE('',*,*,#6493,.F.);
#8338=ORIENTED_EDGE('',*,*,#6494,.F.);
#8339=ORIENTED_EDGE('',*,*,#6495,.T.);
#8340=ORIENTED_EDGE('',*,*,#6494,.T.);
#8341=ORIENTED_EDGE('',*,*,#6496,.F.);
#8342=ORIENTED_EDGE('',*,*,#6497,.F.);
#8343=ORIENTED_EDGE('',*,*,#6498,.T.);
#8344=ORIENTED_EDGE('',*,*,#6497,.T.);
#8345=ORIENTED_EDGE('',*,*,#6499,.F.);
#8346=ORIENTED_EDGE('',*,*,#6500,.F.);
#8347=ORIENTED_EDGE('',*,*,#6501,.T.);
#8348=ORIENTED_EDGE('',*,*,#6500,.T.);
#8349=ORIENTED_EDGE('',*,*,#6502,.F.);
#8350=ORIENTED_EDGE('',*,*,#6492,.F.);
#8351=ORIENTED_EDGE('',*,*,#6502,.T.);
#8352=ORIENTED_EDGE('',*,*,#6499,.T.);
#8353=ORIENTED_EDGE('',*,*,#6496,.T.);
#8354=ORIENTED_EDGE('',*,*,#6493,.T.);
#8355=ORIENTED_EDGE('',*,*,#6501,.F.);
#8356=ORIENTED_EDGE('',*,*,#6491,.F.);
#8357=ORIENTED_EDGE('',*,*,#6495,.F.);
#8358=ORIENTED_EDGE('',*,*,#6498,.F.);
#8359=ORIENTED_EDGE('',*,*,#6503,.T.);
#8360=ORIENTED_EDGE('',*,*,#6504,.T.);
#8361=ORIENTED_EDGE('',*,*,#6505,.F.);
#8362=ORIENTED_EDGE('',*,*,#6506,.F.);
#8363=ORIENTED_EDGE('',*,*,#6507,.T.);
#8364=ORIENTED_EDGE('',*,*,#6506,.T.);
#8365=ORIENTED_EDGE('',*,*,#6508,.F.);
#8366=ORIENTED_EDGE('',*,*,#6509,.F.);
#8367=ORIENTED_EDGE('',*,*,#6510,.T.);
#8368=ORIENTED_EDGE('',*,*,#6509,.T.);
#8369=ORIENTED_EDGE('',*,*,#6511,.F.);
#8370=ORIENTED_EDGE('',*,*,#6512,.F.);
#8371=ORIENTED_EDGE('',*,*,#6513,.T.);
#8372=ORIENTED_EDGE('',*,*,#6512,.T.);
#8373=ORIENTED_EDGE('',*,*,#6514,.F.);
#8374=ORIENTED_EDGE('',*,*,#6504,.F.);
#8375=ORIENTED_EDGE('',*,*,#6514,.T.);
#8376=ORIENTED_EDGE('',*,*,#6511,.T.);
#8377=ORIENTED_EDGE('',*,*,#6508,.T.);
#8378=ORIENTED_EDGE('',*,*,#6505,.T.);
#8379=ORIENTED_EDGE('',*,*,#6513,.F.);
#8380=ORIENTED_EDGE('',*,*,#6503,.F.);
#8381=ORIENTED_EDGE('',*,*,#6507,.F.);
#8382=ORIENTED_EDGE('',*,*,#6510,.F.);
#8383=ORIENTED_EDGE('',*,*,#6515,.T.);
#8384=ORIENTED_EDGE('',*,*,#6516,.T.);
#8385=ORIENTED_EDGE('',*,*,#6517,.F.);
#8386=ORIENTED_EDGE('',*,*,#6518,.F.);
#8387=ORIENTED_EDGE('',*,*,#6519,.T.);
#8388=ORIENTED_EDGE('',*,*,#6518,.T.);
#8389=ORIENTED_EDGE('',*,*,#6520,.F.);
#8390=ORIENTED_EDGE('',*,*,#6521,.F.);
#8391=ORIENTED_EDGE('',*,*,#6522,.T.);
#8392=ORIENTED_EDGE('',*,*,#6521,.T.);
#8393=ORIENTED_EDGE('',*,*,#6523,.F.);
#8394=ORIENTED_EDGE('',*,*,#6524,.F.);
#8395=ORIENTED_EDGE('',*,*,#6525,.T.);
#8396=ORIENTED_EDGE('',*,*,#6524,.T.);
#8397=ORIENTED_EDGE('',*,*,#6526,.F.);
#8398=ORIENTED_EDGE('',*,*,#6516,.F.);
#8399=ORIENTED_EDGE('',*,*,#6526,.T.);
#8400=ORIENTED_EDGE('',*,*,#6523,.T.);
#8401=ORIENTED_EDGE('',*,*,#6520,.T.);
#8402=ORIENTED_EDGE('',*,*,#6517,.T.);
#8403=ORIENTED_EDGE('',*,*,#6525,.F.);
#8404=ORIENTED_EDGE('',*,*,#6515,.F.);
#8405=ORIENTED_EDGE('',*,*,#6519,.F.);
#8406=ORIENTED_EDGE('',*,*,#6522,.F.);
#8407=ORIENTED_EDGE('',*,*,#6527,.F.);
#8408=ORIENTED_EDGE('',*,*,#6528,.T.);
#8409=ORIENTED_EDGE('',*,*,#6529,.F.);
#8410=ORIENTED_EDGE('',*,*,#6528,.F.);
#8411=ORIENTED_EDGE('',*,*,#6530,.F.);
#8412=ORIENTED_EDGE('',*,*,#6531,.T.);
#8413=ORIENTED_EDGE('',*,*,#6532,.F.);
#8414=ORIENTED_EDGE('',*,*,#6531,.F.);
#8415=ORIENTED_EDGE('',*,*,#6533,.T.);
#8416=ORIENTED_EDGE('',*,*,#6534,.T.);
#8417=ORIENTED_EDGE('',*,*,#6535,.F.);
#8418=ORIENTED_EDGE('',*,*,#6536,.F.);
#8419=ORIENTED_EDGE('',*,*,#6537,.T.);
#8420=ORIENTED_EDGE('',*,*,#6536,.T.);
#8421=ORIENTED_EDGE('',*,*,#6538,.F.);
#8422=ORIENTED_EDGE('',*,*,#6539,.F.);
#8423=ORIENTED_EDGE('',*,*,#6540,.T.);
#8424=ORIENTED_EDGE('',*,*,#6539,.T.);
#8425=ORIENTED_EDGE('',*,*,#6541,.F.);
#8426=ORIENTED_EDGE('',*,*,#6542,.F.);
#8427=ORIENTED_EDGE('',*,*,#6543,.T.);
#8428=ORIENTED_EDGE('',*,*,#6542,.T.);
#8429=ORIENTED_EDGE('',*,*,#6544,.F.);
#8430=ORIENTED_EDGE('',*,*,#6534,.F.);
#8431=ORIENTED_EDGE('',*,*,#6544,.T.);
#8432=ORIENTED_EDGE('',*,*,#6541,.T.);
#8433=ORIENTED_EDGE('',*,*,#6538,.T.);
#8434=ORIENTED_EDGE('',*,*,#6535,.T.);
#8435=ORIENTED_EDGE('',*,*,#6529,.T.);
#8436=ORIENTED_EDGE('',*,*,#6532,.T.);
#8437=ORIENTED_EDGE('',*,*,#6543,.F.);
#8438=ORIENTED_EDGE('',*,*,#6533,.F.);
#8439=ORIENTED_EDGE('',*,*,#6537,.F.);
#8440=ORIENTED_EDGE('',*,*,#6540,.F.);
#8441=ORIENTED_EDGE('',*,*,#6527,.T.);
#8442=ORIENTED_EDGE('',*,*,#6530,.T.);
#8443=ORIENTED_EDGE('',*,*,#6545,.T.);
#8444=ORIENTED_EDGE('',*,*,#6546,.T.);
#8445=ORIENTED_EDGE('',*,*,#6547,.F.);
#8446=ORIENTED_EDGE('',*,*,#6548,.F.);
#8447=ORIENTED_EDGE('',*,*,#6549,.T.);
#8448=ORIENTED_EDGE('',*,*,#6548,.T.);
#8449=ORIENTED_EDGE('',*,*,#6550,.F.);
#8450=ORIENTED_EDGE('',*,*,#6551,.F.);
#8451=ORIENTED_EDGE('',*,*,#6552,.T.);
#8452=ORIENTED_EDGE('',*,*,#6551,.T.);
#8453=ORIENTED_EDGE('',*,*,#6553,.F.);
#8454=ORIENTED_EDGE('',*,*,#6554,.F.);
#8455=ORIENTED_EDGE('',*,*,#6555,.T.);
#8456=ORIENTED_EDGE('',*,*,#6554,.T.);
#8457=ORIENTED_EDGE('',*,*,#6556,.F.);
#8458=ORIENTED_EDGE('',*,*,#6546,.F.);
#8459=ORIENTED_EDGE('',*,*,#6556,.T.);
#8460=ORIENTED_EDGE('',*,*,#6553,.T.);
#8461=ORIENTED_EDGE('',*,*,#6550,.T.);
#8462=ORIENTED_EDGE('',*,*,#6547,.T.);
#8463=ORIENTED_EDGE('',*,*,#6555,.F.);
#8464=ORIENTED_EDGE('',*,*,#6545,.F.);
#8465=ORIENTED_EDGE('',*,*,#6549,.F.);
#8466=ORIENTED_EDGE('',*,*,#6552,.F.);
#8467=ORIENTED_EDGE('',*,*,#6557,.F.);
#8468=ORIENTED_EDGE('',*,*,#6558,.T.);
#8469=ORIENTED_EDGE('',*,*,#6559,.F.);
#8470=ORIENTED_EDGE('',*,*,#6558,.F.);
#8471=ORIENTED_EDGE('',*,*,#6560,.F.);
#8472=ORIENTED_EDGE('',*,*,#6561,.T.);
#8473=ORIENTED_EDGE('',*,*,#6562,.F.);
#8474=ORIENTED_EDGE('',*,*,#6561,.F.);
#8475=ORIENTED_EDGE('',*,*,#6563,.F.);
#8476=ORIENTED_EDGE('',*,*,#6564,.T.);
#8477=ORIENTED_EDGE('',*,*,#6565,.F.);
#8478=ORIENTED_EDGE('',*,*,#6564,.F.);
#8479=ORIENTED_EDGE('',*,*,#6566,.F.);
#8480=ORIENTED_EDGE('',*,*,#6567,.T.);
#8481=ORIENTED_EDGE('',*,*,#6568,.F.);
#8482=ORIENTED_EDGE('',*,*,#6567,.F.);
#8483=ORIENTED_EDGE('',*,*,#6569,.T.);
#8484=ORIENTED_EDGE('',*,*,#6570,.T.);
#8485=ORIENTED_EDGE('',*,*,#6571,.F.);
#8486=ORIENTED_EDGE('',*,*,#6572,.F.);
#8487=ORIENTED_EDGE('',*,*,#6559,.T.);
#8488=ORIENTED_EDGE('',*,*,#6562,.T.);
#8489=ORIENTED_EDGE('',*,*,#6565,.T.);
#8490=ORIENTED_EDGE('',*,*,#6568,.T.);
#8491=ORIENTED_EDGE('',*,*,#6573,.T.);
#8492=ORIENTED_EDGE('',*,*,#6572,.T.);
#8493=ORIENTED_EDGE('',*,*,#6574,.F.);
#8494=ORIENTED_EDGE('',*,*,#6575,.F.);
#8495=ORIENTED_EDGE('',*,*,#6576,.T.);
#8496=ORIENTED_EDGE('',*,*,#6575,.T.);
#8497=ORIENTED_EDGE('',*,*,#6577,.F.);
#8498=ORIENTED_EDGE('',*,*,#6578,.F.);
#8499=ORIENTED_EDGE('',*,*,#6557,.T.);
#8500=ORIENTED_EDGE('',*,*,#6560,.T.);
#8501=ORIENTED_EDGE('',*,*,#6563,.T.);
#8502=ORIENTED_EDGE('',*,*,#6566,.T.);
#8503=ORIENTED_EDGE('',*,*,#6579,.T.);
#8504=ORIENTED_EDGE('',*,*,#6578,.T.);
#8505=ORIENTED_EDGE('',*,*,#6580,.F.);
#8506=ORIENTED_EDGE('',*,*,#6570,.F.);
#8507=ORIENTED_EDGE('',*,*,#6580,.T.);
#8508=ORIENTED_EDGE('',*,*,#6577,.T.);
#8509=ORIENTED_EDGE('',*,*,#6574,.T.);
#8510=ORIENTED_EDGE('',*,*,#6571,.T.);
#8511=ORIENTED_EDGE('',*,*,#6579,.F.);
#8512=ORIENTED_EDGE('',*,*,#6569,.F.);
#8513=ORIENTED_EDGE('',*,*,#6573,.F.);
#8514=ORIENTED_EDGE('',*,*,#6576,.F.);
#8515=ORIENTED_EDGE('',*,*,#6581,.F.);
#8516=ORIENTED_EDGE('',*,*,#6582,.T.);
#8517=ORIENTED_EDGE('',*,*,#6583,.F.);
#8518=ORIENTED_EDGE('',*,*,#6582,.F.);
#8519=ORIENTED_EDGE('',*,*,#6584,.F.);
#8520=ORIENTED_EDGE('',*,*,#6585,.T.);
#8521=ORIENTED_EDGE('',*,*,#6586,.F.);
#8522=ORIENTED_EDGE('',*,*,#6585,.F.);
#8523=ORIENTED_EDGE('',*,*,#6587,.F.);
#8524=ORIENTED_EDGE('',*,*,#6588,.T.);
#8525=ORIENTED_EDGE('',*,*,#6589,.F.);
#8526=ORIENTED_EDGE('',*,*,#6588,.F.);
#8527=ORIENTED_EDGE('',*,*,#6590,.F.);
#8528=ORIENTED_EDGE('',*,*,#6591,.T.);
#8529=ORIENTED_EDGE('',*,*,#6592,.F.);
#8530=ORIENTED_EDGE('',*,*,#6591,.F.);
#8531=ORIENTED_EDGE('',*,*,#6593,.F.);
#8532=ORIENTED_EDGE('',*,*,#6594,.F.);
#8533=ORIENTED_EDGE('',*,*,#6595,.F.);
#8534=ORIENTED_EDGE('',*,*,#6596,.T.);
#8535=ORIENTED_EDGE('',*,*,#6597,.F.);
#8536=ORIENTED_EDGE('',*,*,#6596,.F.);
#8537=ORIENTED_EDGE('',*,*,#6598,.F.);
#8538=ORIENTED_EDGE('',*,*,#6599,.F.);
#8539=ORIENTED_EDGE('',*,*,#6600,.F.);
#8540=ORIENTED_EDGE('',*,*,#6599,.T.);
#8541=ORIENTED_EDGE('',*,*,#6601,.F.);
#8542=ORIENTED_EDGE('',*,*,#6602,.T.);
#8543=ORIENTED_EDGE('',*,*,#6603,.F.);
#8544=ORIENTED_EDGE('',*,*,#6602,.F.);
#8545=ORIENTED_EDGE('',*,*,#6604,.F.);
#8546=ORIENTED_EDGE('',*,*,#6594,.T.);
#8547=ORIENTED_EDGE('',*,*,#6605,.F.);
#8548=ORIENTED_EDGE('',*,*,#6606,.F.);
#8549=ORIENTED_EDGE('',*,*,#6607,.F.);
#8550=ORIENTED_EDGE('',*,*,#6608,.T.);
#8551=ORIENTED_EDGE('',*,*,#6609,.F.);
#8552=ORIENTED_EDGE('',*,*,#6608,.F.);
#8553=ORIENTED_EDGE('',*,*,#6610,.F.);
#8554=ORIENTED_EDGE('',*,*,#6611,.F.);
#8555=ORIENTED_EDGE('',*,*,#6612,.F.);
#8556=ORIENTED_EDGE('',*,*,#6611,.T.);
#8557=ORIENTED_EDGE('',*,*,#6613,.F.);
#8558=ORIENTED_EDGE('',*,*,#6614,.T.);
#8559=ORIENTED_EDGE('',*,*,#6615,.F.);
#8560=ORIENTED_EDGE('',*,*,#6614,.F.);
#8561=ORIENTED_EDGE('',*,*,#6616,.F.);
#8562=ORIENTED_EDGE('',*,*,#6606,.T.);
#8563=ORIENTED_EDGE('',*,*,#6617,.T.);
#8564=ORIENTED_EDGE('',*,*,#6618,.T.);
#8565=ORIENTED_EDGE('',*,*,#6619,.F.);
#8566=ORIENTED_EDGE('',*,*,#6620,.F.);
#8567=ORIENTED_EDGE('',*,*,#6621,.T.);
#8568=ORIENTED_EDGE('',*,*,#6620,.T.);
#8569=ORIENTED_EDGE('',*,*,#6622,.F.);
#8570=ORIENTED_EDGE('',*,*,#6623,.F.);
#8571=ORIENTED_EDGE('',*,*,#6624,.T.);
#8572=ORIENTED_EDGE('',*,*,#6623,.T.);
#8573=ORIENTED_EDGE('',*,*,#6625,.F.);
#8574=ORIENTED_EDGE('',*,*,#6626,.F.);
#8575=ORIENTED_EDGE('',*,*,#6627,.T.);
#8576=ORIENTED_EDGE('',*,*,#6626,.T.);
#8577=ORIENTED_EDGE('',*,*,#6628,.F.);
#8578=ORIENTED_EDGE('',*,*,#6618,.F.);
#8579=ORIENTED_EDGE('',*,*,#6628,.T.);
#8580=ORIENTED_EDGE('',*,*,#6625,.T.);
#8581=ORIENTED_EDGE('',*,*,#6622,.T.);
#8582=ORIENTED_EDGE('',*,*,#6619,.T.);
#8583=ORIENTED_EDGE('',*,*,#6612,.T.);
#8584=ORIENTED_EDGE('',*,*,#6615,.T.);
#8585=ORIENTED_EDGE('',*,*,#6605,.T.);
#8586=ORIENTED_EDGE('',*,*,#6609,.T.);
#8587=ORIENTED_EDGE('',*,*,#6600,.T.);
#8588=ORIENTED_EDGE('',*,*,#6603,.T.);
#8589=ORIENTED_EDGE('',*,*,#6593,.T.);
#8590=ORIENTED_EDGE('',*,*,#6597,.T.);
#8591=ORIENTED_EDGE('',*,*,#6592,.T.);
#8592=ORIENTED_EDGE('',*,*,#6589,.T.);
#8593=ORIENTED_EDGE('',*,*,#6586,.T.);
#8594=ORIENTED_EDGE('',*,*,#6583,.T.);
#8595=ORIENTED_EDGE('',*,*,#6627,.F.);
#8596=ORIENTED_EDGE('',*,*,#6617,.F.);
#8597=ORIENTED_EDGE('',*,*,#6621,.F.);
#8598=ORIENTED_EDGE('',*,*,#6624,.F.);
#8599=ORIENTED_EDGE('',*,*,#6613,.T.);
#8600=ORIENTED_EDGE('',*,*,#6610,.T.);
#8601=ORIENTED_EDGE('',*,*,#6607,.T.);
#8602=ORIENTED_EDGE('',*,*,#6616,.T.);
#8603=ORIENTED_EDGE('',*,*,#6601,.T.);
#8604=ORIENTED_EDGE('',*,*,#6598,.T.);
#8605=ORIENTED_EDGE('',*,*,#6595,.T.);
#8606=ORIENTED_EDGE('',*,*,#6604,.T.);
#8607=ORIENTED_EDGE('',*,*,#6590,.T.);
#8608=ORIENTED_EDGE('',*,*,#6587,.T.);
#8609=ORIENTED_EDGE('',*,*,#6584,.T.);
#8610=ORIENTED_EDGE('',*,*,#6581,.T.);
#8611=ORIENTED_EDGE('',*,*,#6629,.T.);
#8612=ORIENTED_EDGE('',*,*,#6630,.T.);
#8613=ORIENTED_EDGE('',*,*,#6631,.F.);
#8614=ORIENTED_EDGE('',*,*,#6632,.F.);
#8615=ORIENTED_EDGE('',*,*,#6633,.T.);
#8616=ORIENTED_EDGE('',*,*,#6632,.T.);
#8617=ORIENTED_EDGE('',*,*,#6634,.F.);
#8618=ORIENTED_EDGE('',*,*,#6635,.F.);
#8619=ORIENTED_EDGE('',*,*,#6636,.F.);
#8620=ORIENTED_EDGE('',*,*,#6635,.T.);
#8621=ORIENTED_EDGE('',*,*,#6637,.F.);
#8622=ORIENTED_EDGE('',*,*,#6638,.F.);
#8623=ORIENTED_EDGE('',*,*,#6639,.T.);
#8624=ORIENTED_EDGE('',*,*,#6638,.T.);
#8625=ORIENTED_EDGE('',*,*,#6640,.F.);
#8626=ORIENTED_EDGE('',*,*,#6630,.F.);
#8627=ORIENTED_EDGE('',*,*,#6640,.T.);
#8628=ORIENTED_EDGE('',*,*,#6637,.T.);
#8629=ORIENTED_EDGE('',*,*,#6634,.T.);
#8630=ORIENTED_EDGE('',*,*,#6631,.T.);
#8631=ORIENTED_EDGE('',*,*,#6639,.F.);
#8632=ORIENTED_EDGE('',*,*,#6629,.F.);
#8633=ORIENTED_EDGE('',*,*,#6633,.F.);
#8634=ORIENTED_EDGE('',*,*,#6636,.T.);
#8635=ORIENTED_EDGE('',*,*,#6641,.F.);
#8636=ORIENTED_EDGE('',*,*,#6642,.T.);
#8637=ORIENTED_EDGE('',*,*,#6643,.F.);
#8638=ORIENTED_EDGE('',*,*,#6644,.F.);
#8639=ORIENTED_EDGE('',*,*,#6645,.T.);
#8640=ORIENTED_EDGE('',*,*,#6646,.T.);
#8641=ORIENTED_EDGE('',*,*,#6647,.T.);
#8642=ORIENTED_EDGE('',*,*,#6648,.T.);
#8643=ORIENTED_EDGE('',*,*,#6641,.T.);
#8644=ORIENTED_EDGE('',*,*,#6649,.T.);
#8645=ORIENTED_EDGE('',*,*,#6645,.F.);
#8646=ORIENTED_EDGE('',*,*,#6650,.F.);
#8647=ORIENTED_EDGE('',*,*,#6644,.T.);
#8648=ORIENTED_EDGE('',*,*,#6651,.T.);
#8649=ORIENTED_EDGE('',*,*,#6646,.F.);
#8650=ORIENTED_EDGE('',*,*,#6649,.F.);
#8651=ORIENTED_EDGE('',*,*,#6643,.T.);
#8652=ORIENTED_EDGE('',*,*,#6652,.T.);
#8653=ORIENTED_EDGE('',*,*,#6647,.F.);
#8654=ORIENTED_EDGE('',*,*,#6651,.F.);
#8655=ORIENTED_EDGE('',*,*,#6642,.F.);
#8656=ORIENTED_EDGE('',*,*,#6650,.T.);
#8657=ORIENTED_EDGE('',*,*,#6648,.F.);
#8658=ORIENTED_EDGE('',*,*,#6652,.F.);
#8659=ORIENTED_EDGE('',*,*,#6653,.F.);
#8660=ORIENTED_EDGE('',*,*,#6654,.T.);
#8661=ORIENTED_EDGE('',*,*,#6655,.T.);
#8662=ORIENTED_EDGE('',*,*,#6654,.F.);
#8663=ORIENTED_EDGE('',*,*,#6655,.F.);
#8664=ORIENTED_EDGE('',*,*,#6656,.F.);
#8665=ORIENTED_EDGE('',*,*,#6657,.T.);
#8666=ORIENTED_EDGE('',*,*,#6658,.T.);
#8667=ORIENTED_EDGE('',*,*,#6657,.F.);
#8668=ORIENTED_EDGE('',*,*,#6658,.F.);
#8669=ORIENTED_EDGE('',*,*,#6659,.F.);
#8670=ORIENTED_EDGE('',*,*,#6660,.T.);
#8671=ORIENTED_EDGE('',*,*,#6661,.T.);
#8672=ORIENTED_EDGE('',*,*,#6660,.F.);
#8673=ORIENTED_EDGE('',*,*,#6659,.T.);
#8674=ORIENTED_EDGE('',*,*,#6656,.T.);
#8675=ORIENTED_EDGE('',*,*,#6661,.F.);
#8676=ORIENTED_EDGE('',*,*,#6653,.T.);
#8677=ORIENTED_EDGE('',*,*,#6662,.F.);
#8678=ORIENTED_EDGE('',*,*,#6663,.T.);
#8679=ORIENTED_EDGE('',*,*,#6664,.T.);
#8680=ORIENTED_EDGE('',*,*,#6663,.F.);
#8681=ORIENTED_EDGE('',*,*,#6664,.F.);
#8682=ORIENTED_EDGE('',*,*,#6665,.F.);
#8683=ORIENTED_EDGE('',*,*,#6666,.T.);
#8684=ORIENTED_EDGE('',*,*,#6667,.T.);
#8685=ORIENTED_EDGE('',*,*,#6666,.F.);
#8686=ORIENTED_EDGE('',*,*,#6667,.F.);
#8687=ORIENTED_EDGE('',*,*,#6668,.F.);
#8688=ORIENTED_EDGE('',*,*,#6669,.T.);
#8689=ORIENTED_EDGE('',*,*,#6670,.T.);
#8690=ORIENTED_EDGE('',*,*,#6669,.F.);
#8691=ORIENTED_EDGE('',*,*,#6668,.T.);
#8692=ORIENTED_EDGE('',*,*,#6665,.T.);
#8693=ORIENTED_EDGE('',*,*,#6670,.F.);
#8694=ORIENTED_EDGE('',*,*,#6662,.T.);
#8695=ORIENTED_EDGE('',*,*,#6671,.F.);
#8696=ORIENTED_EDGE('',*,*,#6672,.T.);
#8697=ORIENTED_EDGE('',*,*,#6673,.T.);
#8698=ORIENTED_EDGE('',*,*,#6672,.F.);
#8699=ORIENTED_EDGE('',*,*,#6673,.F.);
#8700=ORIENTED_EDGE('',*,*,#6674,.F.);
#8701=ORIENTED_EDGE('',*,*,#6675,.T.);
#8702=ORIENTED_EDGE('',*,*,#6676,.T.);
#8703=ORIENTED_EDGE('',*,*,#6675,.F.);
#8704=ORIENTED_EDGE('',*,*,#6676,.F.);
#8705=ORIENTED_EDGE('',*,*,#6677,.F.);
#8706=ORIENTED_EDGE('',*,*,#6678,.T.);
#8707=ORIENTED_EDGE('',*,*,#6679,.T.);
#8708=ORIENTED_EDGE('',*,*,#6678,.F.);
#8709=ORIENTED_EDGE('',*,*,#6677,.T.);
#8710=ORIENTED_EDGE('',*,*,#6674,.T.);
#8711=ORIENTED_EDGE('',*,*,#6679,.F.);
#8712=ORIENTED_EDGE('',*,*,#6671,.T.);
#8713=ORIENTED_EDGE('',*,*,#6680,.F.);
#8714=ORIENTED_EDGE('',*,*,#6681,.T.);
#8715=ORIENTED_EDGE('',*,*,#6682,.T.);
#8716=ORIENTED_EDGE('',*,*,#6681,.F.);
#8717=ORIENTED_EDGE('',*,*,#6682,.F.);
#8718=ORIENTED_EDGE('',*,*,#6683,.F.);
#8719=ORIENTED_EDGE('',*,*,#6684,.T.);
#8720=ORIENTED_EDGE('',*,*,#6685,.T.);
#8721=ORIENTED_EDGE('',*,*,#6684,.F.);
#8722=ORIENTED_EDGE('',*,*,#6685,.F.);
#8723=ORIENTED_EDGE('',*,*,#6686,.F.);
#8724=ORIENTED_EDGE('',*,*,#6687,.T.);
#8725=ORIENTED_EDGE('',*,*,#6688,.T.);
#8726=ORIENTED_EDGE('',*,*,#6687,.F.);
#8727=ORIENTED_EDGE('',*,*,#6686,.T.);
#8728=ORIENTED_EDGE('',*,*,#6683,.T.);
#8729=ORIENTED_EDGE('',*,*,#6688,.F.);
#8730=ORIENTED_EDGE('',*,*,#6680,.T.);
#8731=ORIENTED_EDGE('',*,*,#6689,.F.);
#8732=ORIENTED_EDGE('',*,*,#6690,.T.);
#8733=ORIENTED_EDGE('',*,*,#6691,.T.);
#8734=ORIENTED_EDGE('',*,*,#6690,.F.);
#8735=ORIENTED_EDGE('',*,*,#6691,.F.);
#8736=ORIENTED_EDGE('',*,*,#6692,.F.);
#8737=ORIENTED_EDGE('',*,*,#6693,.T.);
#8738=ORIENTED_EDGE('',*,*,#6694,.T.);
#8739=ORIENTED_EDGE('',*,*,#6693,.F.);
#8740=ORIENTED_EDGE('',*,*,#6694,.F.);
#8741=ORIENTED_EDGE('',*,*,#6695,.F.);
#8742=ORIENTED_EDGE('',*,*,#6696,.T.);
#8743=ORIENTED_EDGE('',*,*,#6697,.T.);
#8744=ORIENTED_EDGE('',*,*,#6696,.F.);
#8745=ORIENTED_EDGE('',*,*,#6695,.T.);
#8746=ORIENTED_EDGE('',*,*,#6692,.T.);
#8747=ORIENTED_EDGE('',*,*,#6697,.F.);
#8748=ORIENTED_EDGE('',*,*,#6689,.T.);
#8749=ORIENTED_EDGE('',*,*,#6698,.F.);
#8750=ORIENTED_EDGE('',*,*,#6699,.T.);
#8751=ORIENTED_EDGE('',*,*,#6700,.T.);
#8752=ORIENTED_EDGE('',*,*,#6699,.F.);
#8753=ORIENTED_EDGE('',*,*,#6700,.F.);
#8754=ORIENTED_EDGE('',*,*,#6701,.F.);
#8755=ORIENTED_EDGE('',*,*,#6702,.T.);
#8756=ORIENTED_EDGE('',*,*,#6703,.T.);
#8757=ORIENTED_EDGE('',*,*,#6702,.F.);
#8758=ORIENTED_EDGE('',*,*,#6703,.F.);
#8759=ORIENTED_EDGE('',*,*,#6704,.F.);
#8760=ORIENTED_EDGE('',*,*,#6705,.T.);
#8761=ORIENTED_EDGE('',*,*,#6706,.T.);
#8762=ORIENTED_EDGE('',*,*,#6705,.F.);
#8763=ORIENTED_EDGE('',*,*,#6704,.T.);
#8764=ORIENTED_EDGE('',*,*,#6701,.T.);
#8765=ORIENTED_EDGE('',*,*,#6706,.F.);
#8766=ORIENTED_EDGE('',*,*,#6698,.T.);
#8767=ORIENTED_EDGE('',*,*,#6707,.F.);
#8768=ORIENTED_EDGE('',*,*,#6708,.T.);
#8769=ORIENTED_EDGE('',*,*,#6709,.F.);
#8770=ORIENTED_EDGE('',*,*,#6708,.F.);
#8771=ORIENTED_EDGE('',*,*,#6710,.F.);
#8772=ORIENTED_EDGE('',*,*,#6711,.T.);
#8773=ORIENTED_EDGE('',*,*,#6712,.F.);
#8774=ORIENTED_EDGE('',*,*,#6711,.F.);
#8775=ORIENTED_EDGE('',*,*,#6713,.F.);
#8776=ORIENTED_EDGE('',*,*,#6714,.T.);
#8777=ORIENTED_EDGE('',*,*,#6715,.F.);
#8778=ORIENTED_EDGE('',*,*,#6716,.F.);
#8779=ORIENTED_EDGE('',*,*,#6717,.F.);
#8780=ORIENTED_EDGE('',*,*,#6718,.F.);
#8781=ORIENTED_EDGE('',*,*,#6719,.F.);
#8782=ORIENTED_EDGE('',*,*,#6720,.T.);
#8783=ORIENTED_EDGE('',*,*,#6721,.F.);
#8784=ORIENTED_EDGE('',*,*,#6720,.F.);
#8785=ORIENTED_EDGE('',*,*,#6722,.F.);
#8786=ORIENTED_EDGE('',*,*,#6714,.F.);
#8787=ORIENTED_EDGE('',*,*,#6715,.T.);
#8788=ORIENTED_EDGE('',*,*,#6722,.T.);
#8789=ORIENTED_EDGE('',*,*,#6719,.T.);
#8790=ORIENTED_EDGE('',*,*,#6723,.T.);
#8791=ORIENTED_EDGE('',*,*,#6724,.T.);
#8792=ORIENTED_EDGE('',*,*,#6725,.F.);
#8793=ORIENTED_EDGE('',*,*,#6726,.F.);
#8794=ORIENTED_EDGE('',*,*,#6727,.T.);
#8795=ORIENTED_EDGE('',*,*,#6718,.T.);
#8796=ORIENTED_EDGE('',*,*,#6728,.F.);
#8797=ORIENTED_EDGE('',*,*,#6729,.F.);
#8798=ORIENTED_EDGE('',*,*,#6723,.F.);
#8799=ORIENTED_EDGE('',*,*,#6707,.T.);
#8800=ORIENTED_EDGE('',*,*,#6716,.T.);
#8801=ORIENTED_EDGE('',*,*,#6727,.F.);
#8802=ORIENTED_EDGE('',*,*,#6730,.F.);
#8803=ORIENTED_EDGE('',*,*,#6731,.F.);
#8804=ORIENTED_EDGE('',*,*,#6710,.T.);
#8805=ORIENTED_EDGE('',*,*,#6732,.F.);
#8806=ORIENTED_EDGE('',*,*,#6733,.F.);
#8807=ORIENTED_EDGE('',*,*,#6734,.F.);
#8808=ORIENTED_EDGE('',*,*,#6735,.T.);
#8809=ORIENTED_EDGE('',*,*,#6736,.F.);
#8810=ORIENTED_EDGE('',*,*,#6735,.F.);
#8811=ORIENTED_EDGE('',*,*,#6737,.F.);
#8812=ORIENTED_EDGE('',*,*,#6738,.T.);
#8813=ORIENTED_EDGE('',*,*,#6739,.F.);
#8814=ORIENTED_EDGE('',*,*,#6738,.F.);
#8815=ORIENTED_EDGE('',*,*,#6740,.F.);
#8816=ORIENTED_EDGE('',*,*,#6741,.T.);
#8817=ORIENTED_EDGE('',*,*,#6742,.F.);
#8818=ORIENTED_EDGE('',*,*,#6741,.F.);
#8819=ORIENTED_EDGE('',*,*,#6743,.F.);
#8820=ORIENTED_EDGE('',*,*,#6733,.T.);
#8821=ORIENTED_EDGE('',*,*,#6737,.T.);
#8822=ORIENTED_EDGE('',*,*,#6734,.T.);
#8823=ORIENTED_EDGE('',*,*,#6743,.T.);
#8824=ORIENTED_EDGE('',*,*,#6740,.T.);
#8825=ORIENTED_EDGE('',*,*,#6709,.T.);
#8826=ORIENTED_EDGE('',*,*,#6712,.T.);
#8827=ORIENTED_EDGE('',*,*,#6730,.T.);
#8828=ORIENTED_EDGE('',*,*,#6726,.T.);
#8829=ORIENTED_EDGE('',*,*,#6744,.F.);
#8830=ORIENTED_EDGE('',*,*,#6745,.F.);
#8831=ORIENTED_EDGE('',*,*,#6713,.T.);
#8832=ORIENTED_EDGE('',*,*,#6731,.T.);
#8833=ORIENTED_EDGE('',*,*,#6745,.T.);
#8834=ORIENTED_EDGE('',*,*,#6746,.F.);
#8835=ORIENTED_EDGE('',*,*,#6747,.F.);
#8836=ORIENTED_EDGE('',*,*,#6728,.T.);
#8837=ORIENTED_EDGE('',*,*,#6717,.T.);
#8838=ORIENTED_EDGE('',*,*,#6721,.T.);
#8839=ORIENTED_EDGE('',*,*,#6729,.T.);
#8840=ORIENTED_EDGE('',*,*,#6747,.T.);
#8841=ORIENTED_EDGE('',*,*,#6748,.F.);
#8842=ORIENTED_EDGE('',*,*,#6724,.F.);
#8843=ORIENTED_EDGE('',*,*,#6725,.T.);
#8844=ORIENTED_EDGE('',*,*,#6748,.T.);
#8845=ORIENTED_EDGE('',*,*,#6746,.T.);
#8846=ORIENTED_EDGE('',*,*,#6744,.T.);
#8847=ORIENTED_EDGE('',*,*,#6739,.T.);
#8848=ORIENTED_EDGE('',*,*,#6742,.T.);
#8849=ORIENTED_EDGE('',*,*,#6732,.T.);
#8850=ORIENTED_EDGE('',*,*,#6736,.T.);
#8851=ORIENTED_EDGE('',*,*,#6749,.F.);
#8852=ORIENTED_EDGE('',*,*,#6750,.T.);
#8853=ORIENTED_EDGE('',*,*,#6751,.F.);
#8854=ORIENTED_EDGE('',*,*,#6750,.F.);
#8855=ORIENTED_EDGE('',*,*,#6752,.F.);
#8856=ORIENTED_EDGE('',*,*,#6753,.T.);
#8857=ORIENTED_EDGE('',*,*,#6754,.F.);
#8858=ORIENTED_EDGE('',*,*,#6753,.F.);
#8859=ORIENTED_EDGE('',*,*,#6755,.F.);
#8860=ORIENTED_EDGE('',*,*,#6756,.T.);
#8861=ORIENTED_EDGE('',*,*,#6757,.F.);
#8862=ORIENTED_EDGE('',*,*,#6758,.F.);
#8863=ORIENTED_EDGE('',*,*,#6759,.F.);
#8864=ORIENTED_EDGE('',*,*,#6760,.F.);
#8865=ORIENTED_EDGE('',*,*,#6761,.F.);
#8866=ORIENTED_EDGE('',*,*,#6762,.T.);
#8867=ORIENTED_EDGE('',*,*,#6763,.F.);
#8868=ORIENTED_EDGE('',*,*,#6762,.F.);
#8869=ORIENTED_EDGE('',*,*,#6764,.F.);
#8870=ORIENTED_EDGE('',*,*,#6756,.F.);
#8871=ORIENTED_EDGE('',*,*,#6757,.T.);
#8872=ORIENTED_EDGE('',*,*,#6764,.T.);
#8873=ORIENTED_EDGE('',*,*,#6761,.T.);
#8874=ORIENTED_EDGE('',*,*,#6765,.T.);
#8875=ORIENTED_EDGE('',*,*,#6766,.T.);
#8876=ORIENTED_EDGE('',*,*,#6767,.F.);
#8877=ORIENTED_EDGE('',*,*,#6768,.F.);
#8878=ORIENTED_EDGE('',*,*,#6769,.T.);
#8879=ORIENTED_EDGE('',*,*,#6760,.T.);
#8880=ORIENTED_EDGE('',*,*,#6770,.F.);
#8881=ORIENTED_EDGE('',*,*,#6771,.F.);
#8882=ORIENTED_EDGE('',*,*,#6765,.F.);
#8883=ORIENTED_EDGE('',*,*,#6749,.T.);
#8884=ORIENTED_EDGE('',*,*,#6758,.T.);
#8885=ORIENTED_EDGE('',*,*,#6769,.F.);
#8886=ORIENTED_EDGE('',*,*,#6772,.F.);
#8887=ORIENTED_EDGE('',*,*,#6773,.F.);
#8888=ORIENTED_EDGE('',*,*,#6752,.T.);
#8889=ORIENTED_EDGE('',*,*,#6774,.F.);
#8890=ORIENTED_EDGE('',*,*,#6775,.F.);
#8891=ORIENTED_EDGE('',*,*,#6776,.F.);
#8892=ORIENTED_EDGE('',*,*,#6777,.T.);
#8893=ORIENTED_EDGE('',*,*,#6778,.F.);
#8894=ORIENTED_EDGE('',*,*,#6777,.F.);
#8895=ORIENTED_EDGE('',*,*,#6779,.F.);
#8896=ORIENTED_EDGE('',*,*,#6780,.T.);
#8897=ORIENTED_EDGE('',*,*,#6781,.F.);
#8898=ORIENTED_EDGE('',*,*,#6780,.F.);
#8899=ORIENTED_EDGE('',*,*,#6782,.F.);
#8900=ORIENTED_EDGE('',*,*,#6783,.T.);
#8901=ORIENTED_EDGE('',*,*,#6784,.F.);
#8902=ORIENTED_EDGE('',*,*,#6783,.F.);
#8903=ORIENTED_EDGE('',*,*,#6785,.F.);
#8904=ORIENTED_EDGE('',*,*,#6775,.T.);
#8905=ORIENTED_EDGE('',*,*,#6779,.T.);
#8906=ORIENTED_EDGE('',*,*,#6776,.T.);
#8907=ORIENTED_EDGE('',*,*,#6785,.T.);
#8908=ORIENTED_EDGE('',*,*,#6782,.T.);
#8909=ORIENTED_EDGE('',*,*,#6751,.T.);
#8910=ORIENTED_EDGE('',*,*,#6754,.T.);
#8911=ORIENTED_EDGE('',*,*,#6772,.T.);
#8912=ORIENTED_EDGE('',*,*,#6768,.T.);
#8913=ORIENTED_EDGE('',*,*,#6786,.F.);
#8914=ORIENTED_EDGE('',*,*,#6787,.F.);
#8915=ORIENTED_EDGE('',*,*,#6755,.T.);
#8916=ORIENTED_EDGE('',*,*,#6773,.T.);
#8917=ORIENTED_EDGE('',*,*,#6787,.T.);
#8918=ORIENTED_EDGE('',*,*,#6788,.F.);
#8919=ORIENTED_EDGE('',*,*,#6789,.F.);
#8920=ORIENTED_EDGE('',*,*,#6770,.T.);
#8921=ORIENTED_EDGE('',*,*,#6759,.T.);
#8922=ORIENTED_EDGE('',*,*,#6763,.T.);
#8923=ORIENTED_EDGE('',*,*,#6771,.T.);
#8924=ORIENTED_EDGE('',*,*,#6789,.T.);
#8925=ORIENTED_EDGE('',*,*,#6790,.F.);
#8926=ORIENTED_EDGE('',*,*,#6766,.F.);
#8927=ORIENTED_EDGE('',*,*,#6767,.T.);
#8928=ORIENTED_EDGE('',*,*,#6790,.T.);
#8929=ORIENTED_EDGE('',*,*,#6788,.T.);
#8930=ORIENTED_EDGE('',*,*,#6786,.T.);
#8931=ORIENTED_EDGE('',*,*,#6781,.T.);
#8932=ORIENTED_EDGE('',*,*,#6784,.T.);
#8933=ORIENTED_EDGE('',*,*,#6774,.T.);
#8934=ORIENTED_EDGE('',*,*,#6778,.T.);
#8935=ORIENTED_EDGE('',*,*,#6791,.F.);
#8936=ORIENTED_EDGE('',*,*,#6792,.T.);
#8937=ORIENTED_EDGE('',*,*,#6793,.F.);
#8938=ORIENTED_EDGE('',*,*,#6792,.F.);
#8939=ORIENTED_EDGE('',*,*,#6794,.F.);
#8940=ORIENTED_EDGE('',*,*,#6795,.T.);
#8941=ORIENTED_EDGE('',*,*,#6796,.F.);
#8942=ORIENTED_EDGE('',*,*,#6795,.F.);
#8943=ORIENTED_EDGE('',*,*,#6797,.F.);
#8944=ORIENTED_EDGE('',*,*,#6798,.T.);
#8945=ORIENTED_EDGE('',*,*,#6799,.F.);
#8946=ORIENTED_EDGE('',*,*,#6798,.F.);
#8947=ORIENTED_EDGE('',*,*,#6800,.F.);
#8948=ORIENTED_EDGE('',*,*,#6801,.T.);
#8949=ORIENTED_EDGE('',*,*,#6802,.F.);
#8950=ORIENTED_EDGE('',*,*,#6801,.F.);
#8951=ORIENTED_EDGE('',*,*,#6803,.T.);
#8952=ORIENTED_EDGE('',*,*,#6804,.T.);
#8953=ORIENTED_EDGE('',*,*,#6805,.F.);
#8954=ORIENTED_EDGE('',*,*,#6806,.F.);
#8955=ORIENTED_EDGE('',*,*,#6807,.T.);
#8956=ORIENTED_EDGE('',*,*,#6806,.T.);
#8957=ORIENTED_EDGE('',*,*,#6808,.F.);
#8958=ORIENTED_EDGE('',*,*,#6809,.F.);
#8959=ORIENTED_EDGE('',*,*,#6810,.T.);
#8960=ORIENTED_EDGE('',*,*,#6809,.T.);
#8961=ORIENTED_EDGE('',*,*,#6811,.F.);
#8962=ORIENTED_EDGE('',*,*,#6812,.F.);
#8963=ORIENTED_EDGE('',*,*,#6813,.T.);
#8964=ORIENTED_EDGE('',*,*,#6812,.T.);
#8965=ORIENTED_EDGE('',*,*,#6814,.F.);
#8966=ORIENTED_EDGE('',*,*,#6804,.F.);
#8967=ORIENTED_EDGE('',*,*,#6814,.T.);
#8968=ORIENTED_EDGE('',*,*,#6811,.T.);
#8969=ORIENTED_EDGE('',*,*,#6808,.T.);
#8970=ORIENTED_EDGE('',*,*,#6805,.T.);
#8971=ORIENTED_EDGE('',*,*,#6793,.T.);
#8972=ORIENTED_EDGE('',*,*,#6796,.T.);
#8973=ORIENTED_EDGE('',*,*,#6799,.T.);
#8974=ORIENTED_EDGE('',*,*,#6802,.T.);
#8975=ORIENTED_EDGE('',*,*,#6813,.F.);
#8976=ORIENTED_EDGE('',*,*,#6803,.F.);
#8977=ORIENTED_EDGE('',*,*,#6807,.F.);
#8978=ORIENTED_EDGE('',*,*,#6810,.F.);
#8979=ORIENTED_EDGE('',*,*,#6791,.T.);
#8980=ORIENTED_EDGE('',*,*,#6794,.T.);
#8981=ORIENTED_EDGE('',*,*,#6797,.T.);
#8982=ORIENTED_EDGE('',*,*,#6800,.T.);
#8983=ORIENTED_EDGE('',*,*,#6815,.T.);
#8984=ORIENTED_EDGE('',*,*,#6816,.T.);
#8985=ORIENTED_EDGE('',*,*,#6817,.F.);
#8986=ORIENTED_EDGE('',*,*,#6818,.F.);
#8987=ORIENTED_EDGE('',*,*,#6819,.T.);
#8988=ORIENTED_EDGE('',*,*,#6818,.T.);
#8989=ORIENTED_EDGE('',*,*,#6820,.F.);
#8990=ORIENTED_EDGE('',*,*,#6821,.F.);
#8991=ORIENTED_EDGE('',*,*,#6822,.T.);
#8992=ORIENTED_EDGE('',*,*,#6821,.T.);
#8993=ORIENTED_EDGE('',*,*,#6823,.F.);
#8994=ORIENTED_EDGE('',*,*,#6824,.F.);
#8995=ORIENTED_EDGE('',*,*,#6825,.T.);
#8996=ORIENTED_EDGE('',*,*,#6824,.T.);
#8997=ORIENTED_EDGE('',*,*,#6826,.F.);
#8998=ORIENTED_EDGE('',*,*,#6816,.F.);
#8999=ORIENTED_EDGE('',*,*,#6826,.T.);
#9000=ORIENTED_EDGE('',*,*,#6823,.T.);
#9001=ORIENTED_EDGE('',*,*,#6820,.T.);
#9002=ORIENTED_EDGE('',*,*,#6817,.T.);
#9003=ORIENTED_EDGE('',*,*,#6825,.F.);
#9004=ORIENTED_EDGE('',*,*,#6815,.F.);
#9005=ORIENTED_EDGE('',*,*,#6819,.F.);
#9006=ORIENTED_EDGE('',*,*,#6822,.F.);
#9007=ORIENTED_EDGE('',*,*,#6827,.F.);
#9008=ORIENTED_EDGE('',*,*,#6828,.T.);
#9009=ORIENTED_EDGE('',*,*,#6829,.F.);
#9010=ORIENTED_EDGE('',*,*,#6828,.F.);
#9011=ORIENTED_EDGE('',*,*,#6830,.F.);
#9012=ORIENTED_EDGE('',*,*,#6831,.T.);
#9013=ORIENTED_EDGE('',*,*,#6832,.F.);
#9014=ORIENTED_EDGE('',*,*,#6833,.F.);
#9015=ORIENTED_EDGE('',*,*,#6834,.T.);
#9016=ORIENTED_EDGE('',*,*,#6835,.F.);
#9017=ORIENTED_EDGE('',*,*,#6829,.T.);
#9018=ORIENTED_EDGE('',*,*,#6836,.F.);
#9019=ORIENTED_EDGE('',*,*,#6837,.T.);
#9020=ORIENTED_EDGE('',*,*,#6838,.F.);
#9021=ORIENTED_EDGE('',*,*,#6831,.F.);
#9022=ORIENTED_EDGE('',*,*,#6839,.F.);
#9023=ORIENTED_EDGE('',*,*,#6840,.F.);
#9024=ORIENTED_EDGE('',*,*,#6841,.T.);
#9025=ORIENTED_EDGE('',*,*,#6842,.T.);
#9026=ORIENTED_EDGE('',*,*,#6843,.F.);
#9027=ORIENTED_EDGE('',*,*,#6837,.F.);
#9028=ORIENTED_EDGE('',*,*,#6827,.T.);
#9029=ORIENTED_EDGE('',*,*,#6844,.F.);
#9030=ORIENTED_EDGE('',*,*,#6834,.F.);
#9031=ORIENTED_EDGE('',*,*,#6845,.F.);
#9032=ORIENTED_EDGE('',*,*,#6841,.F.);
#9033=ORIENTED_EDGE('',*,*,#6845,.T.);
#9034=ORIENTED_EDGE('',*,*,#6833,.T.);
#9035=ORIENTED_EDGE('',*,*,#6846,.F.);
#9036=ORIENTED_EDGE('',*,*,#6842,.F.);
#9037=ORIENTED_EDGE('',*,*,#6843,.T.);
#9038=ORIENTED_EDGE('',*,*,#6846,.T.);
#9039=ORIENTED_EDGE('',*,*,#6832,.T.);
#9040=ORIENTED_EDGE('',*,*,#6838,.T.);
#9041=ORIENTED_EDGE('',*,*,#6835,.T.);
#9042=ORIENTED_EDGE('',*,*,#6844,.T.);
#9043=ORIENTED_EDGE('',*,*,#6840,.T.);
#9044=ORIENTED_EDGE('',*,*,#6847,.F.);
#9045=ORIENTED_EDGE('',*,*,#6848,.F.);
#9046=ORIENTED_EDGE('',*,*,#6849,.T.);
#9047=ORIENTED_EDGE('',*,*,#6850,.T.);
#9048=ORIENTED_EDGE('',*,*,#6851,.F.);
#9049=ORIENTED_EDGE('',*,*,#6852,.F.);
#9050=ORIENTED_EDGE('',*,*,#6853,.T.);
#9051=ORIENTED_EDGE('',*,*,#6854,.F.);
#9052=ORIENTED_EDGE('',*,*,#6853,.F.);
#9053=ORIENTED_EDGE('',*,*,#6855,.T.);
#9054=ORIENTED_EDGE('',*,*,#6856,.T.);
#9055=ORIENTED_EDGE('',*,*,#6857,.F.);
#9056=ORIENTED_EDGE('',*,*,#6858,.F.);
#9057=ORIENTED_EDGE('',*,*,#6859,.T.);
#9058=ORIENTED_EDGE('',*,*,#6858,.T.);
#9059=ORIENTED_EDGE('',*,*,#6860,.F.);
#9060=ORIENTED_EDGE('',*,*,#6850,.F.);
#9061=ORIENTED_EDGE('',*,*,#6854,.T.);
#9062=ORIENTED_EDGE('',*,*,#6861,.T.);
#9063=ORIENTED_EDGE('',*,*,#6848,.T.);
#9064=ORIENTED_EDGE('',*,*,#6862,.F.);
#9065=ORIENTED_EDGE('',*,*,#6856,.F.);
#9066=ORIENTED_EDGE('',*,*,#6852,.T.);
#9067=ORIENTED_EDGE('',*,*,#6830,.T.);
#9068=ORIENTED_EDGE('',*,*,#6851,.T.);
#9069=ORIENTED_EDGE('',*,*,#6860,.T.);
#9070=ORIENTED_EDGE('',*,*,#6857,.T.);
#9071=ORIENTED_EDGE('',*,*,#6862,.T.);
#9072=ORIENTED_EDGE('',*,*,#6847,.T.);
#9073=ORIENTED_EDGE('',*,*,#6839,.T.);
#9074=ORIENTED_EDGE('',*,*,#6836,.T.);
#9075=ORIENTED_EDGE('',*,*,#6861,.F.);
#9076=ORIENTED_EDGE('',*,*,#6855,.F.);
#9077=ORIENTED_EDGE('',*,*,#6859,.F.);
#9078=ORIENTED_EDGE('',*,*,#6849,.F.);
#9079=ORIENTED_EDGE('',*,*,#6863,.F.);
#9080=ORIENTED_EDGE('',*,*,#6864,.F.);
#9081=ORIENTED_EDGE('',*,*,#6865,.F.);
#9082=ORIENTED_EDGE('',*,*,#6866,.T.);
#9083=ORIENTED_EDGE('',*,*,#6867,.T.);
#9084=ORIENTED_EDGE('',*,*,#6868,.F.);
#9085=ORIENTED_EDGE('',*,*,#6869,.F.);
#9086=ORIENTED_EDGE('',*,*,#6866,.F.);
#9087=ORIENTED_EDGE('',*,*,#6870,.T.);
#9088=ORIENTED_EDGE('',*,*,#6867,.F.);
#9089=ORIENTED_EDGE('',*,*,#6865,.T.);
#9090=ORIENTED_EDGE('',*,*,#6871,.F.);
#9091=ORIENTED_EDGE('',*,*,#6872,.T.);
#9092=ORIENTED_EDGE('',*,*,#6873,.T.);
#9093=ORIENTED_EDGE('',*,*,#6874,.F.);
#9094=ORIENTED_EDGE('',*,*,#6875,.F.);
#9095=ORIENTED_EDGE('',*,*,#6876,.T.);
#9096=ORIENTED_EDGE('',*,*,#6877,.T.);
#9097=ORIENTED_EDGE('',*,*,#6876,.F.);
#9098=ORIENTED_EDGE('',*,*,#6877,.F.);
#9099=ORIENTED_EDGE('',*,*,#6878,.F.);
#9100=ORIENTED_EDGE('',*,*,#6879,.T.);
#9101=ORIENTED_EDGE('',*,*,#6880,.T.);
#9102=ORIENTED_EDGE('',*,*,#6879,.F.);
#9103=ORIENTED_EDGE('',*,*,#6880,.F.);
#9104=ORIENTED_EDGE('',*,*,#6864,.T.);
#9105=ORIENTED_EDGE('',*,*,#6881,.F.);
#9106=ORIENTED_EDGE('',*,*,#6882,.T.);
#9107=ORIENTED_EDGE('',*,*,#6871,.T.);
#9108=ORIENTED_EDGE('',*,*,#6883,.F.);
#9109=ORIENTED_EDGE('',*,*,#6872,.F.);
#9110=ORIENTED_EDGE('',*,*,#6882,.F.);
#9111=ORIENTED_EDGE('',*,*,#6884,.F.);
#9112=ORIENTED_EDGE('',*,*,#6875,.T.);
#9113=ORIENTED_EDGE('',*,*,#6878,.T.);
#9114=ORIENTED_EDGE('',*,*,#6885,.T.);
#9115=ORIENTED_EDGE('',*,*,#6886,.F.);
#9116=ORIENTED_EDGE('',*,*,#6873,.F.);
#9117=ORIENTED_EDGE('',*,*,#6883,.T.);
#9118=ORIENTED_EDGE('',*,*,#6887,.T.);
#9119=ORIENTED_EDGE('',*,*,#6887,.F.);
#9120=ORIENTED_EDGE('',*,*,#6888,.T.);
#9121=ORIENTED_EDGE('',*,*,#6870,.F.);
#9122=ORIENTED_EDGE('',*,*,#6888,.F.);
#9123=ORIENTED_EDGE('',*,*,#6869,.T.);
#9124=ORIENTED_EDGE('',*,*,#6889,.F.);
#9125=ORIENTED_EDGE('',*,*,#6885,.F.);
#9126=ORIENTED_EDGE('',*,*,#6884,.T.);
#9127=ORIENTED_EDGE('',*,*,#6881,.T.);
#9128=ORIENTED_EDGE('',*,*,#6863,.T.);
#9129=ORIENTED_EDGE('',*,*,#6886,.T.);
#9130=ORIENTED_EDGE('',*,*,#6889,.T.);
#9131=ORIENTED_EDGE('',*,*,#6868,.T.);
#9132=ORIENTED_EDGE('',*,*,#6874,.T.);
#9133=ORIENTED_EDGE('',*,*,#6890,.F.);
#9134=ORIENTED_EDGE('',*,*,#6891,.F.);
#9135=ORIENTED_EDGE('',*,*,#6892,.F.);
#9136=ORIENTED_EDGE('',*,*,#6893,.T.);
#9137=ORIENTED_EDGE('',*,*,#6894,.T.);
#9138=ORIENTED_EDGE('',*,*,#6895,.F.);
#9139=ORIENTED_EDGE('',*,*,#6896,.F.);
#9140=ORIENTED_EDGE('',*,*,#6893,.F.);
#9141=ORIENTED_EDGE('',*,*,#6897,.T.);
#9142=ORIENTED_EDGE('',*,*,#6894,.F.);
#9143=ORIENTED_EDGE('',*,*,#6892,.T.);
#9144=ORIENTED_EDGE('',*,*,#6898,.F.);
#9145=ORIENTED_EDGE('',*,*,#6899,.T.);
#9146=ORIENTED_EDGE('',*,*,#6900,.T.);
#9147=ORIENTED_EDGE('',*,*,#6901,.F.);
#9148=ORIENTED_EDGE('',*,*,#6902,.F.);
#9149=ORIENTED_EDGE('',*,*,#6903,.T.);
#9150=ORIENTED_EDGE('',*,*,#6904,.T.);
#9151=ORIENTED_EDGE('',*,*,#6903,.F.);
#9152=ORIENTED_EDGE('',*,*,#6904,.F.);
#9153=ORIENTED_EDGE('',*,*,#6905,.F.);
#9154=ORIENTED_EDGE('',*,*,#6906,.T.);
#9155=ORIENTED_EDGE('',*,*,#6907,.T.);
#9156=ORIENTED_EDGE('',*,*,#6906,.F.);
#9157=ORIENTED_EDGE('',*,*,#6907,.F.);
#9158=ORIENTED_EDGE('',*,*,#6891,.T.);
#9159=ORIENTED_EDGE('',*,*,#6908,.F.);
#9160=ORIENTED_EDGE('',*,*,#6909,.T.);
#9161=ORIENTED_EDGE('',*,*,#6898,.T.);
#9162=ORIENTED_EDGE('',*,*,#6909,.F.);
#9163=ORIENTED_EDGE('',*,*,#6910,.F.);
#9164=ORIENTED_EDGE('',*,*,#6911,.F.);
#9165=ORIENTED_EDGE('',*,*,#6899,.F.);
#9166=ORIENTED_EDGE('',*,*,#6902,.T.);
#9167=ORIENTED_EDGE('',*,*,#6905,.T.);
#9168=ORIENTED_EDGE('',*,*,#6896,.T.);
#9169=ORIENTED_EDGE('',*,*,#6912,.F.);
#9170=ORIENTED_EDGE('',*,*,#6913,.F.);
#9171=ORIENTED_EDGE('',*,*,#6910,.T.);
#9172=ORIENTED_EDGE('',*,*,#6908,.T.);
#9173=ORIENTED_EDGE('',*,*,#6890,.T.);
#9174=ORIENTED_EDGE('',*,*,#6897,.F.);
#9175=ORIENTED_EDGE('',*,*,#6914,.T.);
#9176=ORIENTED_EDGE('',*,*,#6915,.F.);
#9177=ORIENTED_EDGE('',*,*,#6914,.F.);
#9178=ORIENTED_EDGE('',*,*,#6913,.T.);
#9179=ORIENTED_EDGE('',*,*,#6916,.F.);
#9180=ORIENTED_EDGE('',*,*,#6900,.F.);
#9181=ORIENTED_EDGE('',*,*,#6911,.T.);
#9182=ORIENTED_EDGE('',*,*,#6915,.T.);
#9183=ORIENTED_EDGE('',*,*,#6895,.T.);
#9184=ORIENTED_EDGE('',*,*,#6901,.T.);
#9185=ORIENTED_EDGE('',*,*,#6916,.T.);
#9186=ORIENTED_EDGE('',*,*,#6912,.T.);
#9187=ORIENTED_EDGE('',*,*,#6917,.T.);
#9188=ORIENTED_EDGE('',*,*,#6918,.T.);
#9189=ORIENTED_EDGE('',*,*,#6919,.T.);
#9190=ORIENTED_EDGE('',*,*,#6920,.T.);
#9191=ORIENTED_EDGE('',*,*,#6921,.T.);
#9192=ORIENTED_EDGE('',*,*,#6922,.T.);
#9193=ORIENTED_EDGE('',*,*,#6923,.F.);
#9194=ORIENTED_EDGE('',*,*,#6924,.F.);
#9195=ORIENTED_EDGE('',*,*,#6925,.F.);
#9196=ORIENTED_EDGE('',*,*,#6918,.F.);
#9197=ORIENTED_EDGE('',*,*,#6925,.T.);
#9198=ORIENTED_EDGE('',*,*,#6926,.F.);
#9199=ORIENTED_EDGE('',*,*,#6927,.F.);
#9200=ORIENTED_EDGE('',*,*,#6919,.F.);
#9201=ORIENTED_EDGE('',*,*,#6927,.T.);
#9202=ORIENTED_EDGE('',*,*,#6928,.F.);
#9203=ORIENTED_EDGE('',*,*,#6929,.F.);
#9204=ORIENTED_EDGE('',*,*,#6920,.F.);
#9205=ORIENTED_EDGE('',*,*,#6929,.T.);
#9206=ORIENTED_EDGE('',*,*,#6930,.F.);
#9207=ORIENTED_EDGE('',*,*,#6931,.F.);
#9208=ORIENTED_EDGE('',*,*,#6921,.F.);
#9209=ORIENTED_EDGE('',*,*,#6931,.T.);
#9210=ORIENTED_EDGE('',*,*,#6932,.F.);
#9211=ORIENTED_EDGE('',*,*,#6933,.F.);
#9212=ORIENTED_EDGE('',*,*,#6922,.F.);
#9213=ORIENTED_EDGE('',*,*,#6933,.T.);
#9214=ORIENTED_EDGE('',*,*,#6934,.F.);
#9215=ORIENTED_EDGE('',*,*,#6923,.T.);
#9216=ORIENTED_EDGE('',*,*,#6917,.F.);
#9217=ORIENTED_EDGE('',*,*,#6934,.T.);
#9218=ORIENTED_EDGE('',*,*,#6932,.T.);
#9219=ORIENTED_EDGE('',*,*,#6930,.T.);
#9220=ORIENTED_EDGE('',*,*,#6928,.T.);
#9221=ORIENTED_EDGE('',*,*,#6926,.T.);
#9222=ORIENTED_EDGE('',*,*,#6924,.T.);
#9223=ORIENTED_EDGE('',*,*,#6935,.F.);
#9224=ORIENTED_EDGE('',*,*,#6936,.T.);
#9225=ORIENTED_EDGE('',*,*,#6937,.T.);
#9226=ORIENTED_EDGE('',*,*,#6936,.F.);
#9227=ORIENTED_EDGE('',*,*,#6938,.F.);
#9228=ORIENTED_EDGE('',*,*,#6937,.F.);
#9229=ORIENTED_EDGE('',*,*,#6939,.F.);
#9230=ORIENTED_EDGE('',*,*,#6935,.T.);
#9231=ORIENTED_EDGE('',*,*,#6939,.T.);
#9232=ORIENTED_EDGE('',*,*,#6940,.T.);
#9233=ORIENTED_EDGE('',*,*,#6941,.T.);
#9234=ORIENTED_EDGE('',*,*,#6940,.F.);
#9235=ORIENTED_EDGE('',*,*,#6942,.F.);
#9236=ORIENTED_EDGE('',*,*,#6943,.T.);
#9237=ORIENTED_EDGE('',*,*,#6944,.T.);
#9238=ORIENTED_EDGE('',*,*,#6943,.F.);
#9239=ORIENTED_EDGE('',*,*,#6941,.F.);
#9240=ORIENTED_EDGE('',*,*,#6944,.F.);
#9241=ORIENTED_EDGE('',*,*,#6945,.F.);
#9242=ORIENTED_EDGE('',*,*,#6942,.T.);
#9243=ORIENTED_EDGE('',*,*,#6945,.T.);
#9244=ORIENTED_EDGE('',*,*,#6946,.T.);
#9245=ORIENTED_EDGE('',*,*,#6947,.T.);
#9246=ORIENTED_EDGE('',*,*,#6946,.F.);
#9247=ORIENTED_EDGE('',*,*,#6948,.F.);
#9248=ORIENTED_EDGE('',*,*,#6947,.F.);
#9249=ORIENTED_EDGE('',*,*,#6948,.T.);
#9250=ORIENTED_EDGE('',*,*,#6949,.T.);
#9251=ORIENTED_EDGE('',*,*,#6938,.T.);
#9252=ORIENTED_EDGE('',*,*,#6949,.F.);
#9253=ORIENTED_EDGE('',*,*,#6950,.F.);
#9254=ORIENTED_EDGE('',*,*,#6951,.T.);
#9255=ORIENTED_EDGE('',*,*,#6952,.T.);
#9256=ORIENTED_EDGE('',*,*,#6951,.F.);
#9257=ORIENTED_EDGE('',*,*,#6952,.F.);
#9258=ORIENTED_EDGE('',*,*,#6953,.T.);
#9259=ORIENTED_EDGE('',*,*,#6954,.T.);
#9260=ORIENTED_EDGE('',*,*,#6955,.F.);
#9261=ORIENTED_EDGE('',*,*,#6956,.F.);
#9262=ORIENTED_EDGE('',*,*,#6957,.T.);
#9263=ORIENTED_EDGE('',*,*,#6956,.T.);
#9264=ORIENTED_EDGE('',*,*,#6958,.F.);
#9265=ORIENTED_EDGE('',*,*,#6959,.F.);
#9266=ORIENTED_EDGE('',*,*,#6960,.T.);
#9267=ORIENTED_EDGE('',*,*,#6959,.T.);
#9268=ORIENTED_EDGE('',*,*,#6961,.F.);
#9269=ORIENTED_EDGE('',*,*,#6962,.F.);
#9270=ORIENTED_EDGE('',*,*,#6963,.T.);
#9271=ORIENTED_EDGE('',*,*,#6962,.T.);
#9272=ORIENTED_EDGE('',*,*,#6964,.F.);
#9273=ORIENTED_EDGE('',*,*,#6954,.F.);
#9274=ORIENTED_EDGE('',*,*,#6950,.T.);
#9275=ORIENTED_EDGE('',*,*,#6964,.T.);
#9276=ORIENTED_EDGE('',*,*,#6961,.T.);
#9277=ORIENTED_EDGE('',*,*,#6958,.T.);
#9278=ORIENTED_EDGE('',*,*,#6955,.T.);
#9279=ORIENTED_EDGE('',*,*,#6963,.F.);
#9280=ORIENTED_EDGE('',*,*,#6953,.F.);
#9281=ORIENTED_EDGE('',*,*,#6957,.F.);
#9282=ORIENTED_EDGE('',*,*,#6960,.F.);
#9283=ORIENTED_EDGE('',*,*,#6965,.T.);
#9284=ORIENTED_EDGE('',*,*,#6966,.T.);
#9285=ORIENTED_EDGE('',*,*,#6967,.F.);
#9286=ORIENTED_EDGE('',*,*,#6968,.F.);
#9287=ORIENTED_EDGE('',*,*,#6969,.T.);
#9288=ORIENTED_EDGE('',*,*,#6968,.T.);
#9289=ORIENTED_EDGE('',*,*,#6970,.F.);
#9290=ORIENTED_EDGE('',*,*,#6971,.F.);
#9291=ORIENTED_EDGE('',*,*,#6972,.T.);
#9292=ORIENTED_EDGE('',*,*,#6971,.T.);
#9293=ORIENTED_EDGE('',*,*,#6973,.F.);
#9294=ORIENTED_EDGE('',*,*,#6974,.F.);
#9295=ORIENTED_EDGE('',*,*,#6975,.T.);
#9296=ORIENTED_EDGE('',*,*,#6974,.T.);
#9297=ORIENTED_EDGE('',*,*,#6976,.F.);
#9298=ORIENTED_EDGE('',*,*,#6966,.F.);
#9299=ORIENTED_EDGE('',*,*,#6976,.T.);
#9300=ORIENTED_EDGE('',*,*,#6973,.T.);
#9301=ORIENTED_EDGE('',*,*,#6970,.T.);
#9302=ORIENTED_EDGE('',*,*,#6967,.T.);
#9303=ORIENTED_EDGE('',*,*,#6975,.F.);
#9304=ORIENTED_EDGE('',*,*,#6965,.F.);
#9305=ORIENTED_EDGE('',*,*,#6969,.F.);
#9306=ORIENTED_EDGE('',*,*,#6972,.F.);
#9307=ORIENTED_EDGE('',*,*,#6977,.T.);
#9308=ORIENTED_EDGE('',*,*,#6978,.T.);
#9309=ORIENTED_EDGE('',*,*,#6979,.F.);
#9310=ORIENTED_EDGE('',*,*,#6980,.F.);
#9311=ORIENTED_EDGE('',*,*,#6981,.T.);
#9312=ORIENTED_EDGE('',*,*,#6980,.T.);
#9313=ORIENTED_EDGE('',*,*,#6982,.F.);
#9314=ORIENTED_EDGE('',*,*,#6983,.F.);
#9315=ORIENTED_EDGE('',*,*,#6984,.T.);
#9316=ORIENTED_EDGE('',*,*,#6983,.T.);
#9317=ORIENTED_EDGE('',*,*,#6985,.F.);
#9318=ORIENTED_EDGE('',*,*,#6986,.F.);
#9319=ORIENTED_EDGE('',*,*,#6987,.T.);
#9320=ORIENTED_EDGE('',*,*,#6986,.T.);
#9321=ORIENTED_EDGE('',*,*,#6988,.F.);
#9322=ORIENTED_EDGE('',*,*,#6978,.F.);
#9323=ORIENTED_EDGE('',*,*,#6988,.T.);
#9324=ORIENTED_EDGE('',*,*,#6985,.T.);
#9325=ORIENTED_EDGE('',*,*,#6982,.T.);
#9326=ORIENTED_EDGE('',*,*,#6979,.T.);
#9327=ORIENTED_EDGE('',*,*,#6987,.F.);
#9328=ORIENTED_EDGE('',*,*,#6977,.F.);
#9329=ORIENTED_EDGE('',*,*,#6981,.F.);
#9330=ORIENTED_EDGE('',*,*,#6984,.F.);
#9331=ORIENTED_EDGE('',*,*,#6989,.F.);
#9332=ORIENTED_EDGE('',*,*,#6990,.T.);
#9333=ORIENTED_EDGE('',*,*,#6991,.F.);
#9334=ORIENTED_EDGE('',*,*,#6990,.F.);
#9335=ORIENTED_EDGE('',*,*,#6992,.F.);
#9336=ORIENTED_EDGE('',*,*,#6993,.T.);
#9337=ORIENTED_EDGE('',*,*,#6994,.F.);
#9338=ORIENTED_EDGE('',*,*,#6993,.F.);
#9339=ORIENTED_EDGE('',*,*,#6995,.F.);
#9340=ORIENTED_EDGE('',*,*,#6996,.T.);
#9341=ORIENTED_EDGE('',*,*,#6997,.F.);
#9342=ORIENTED_EDGE('',*,*,#6998,.F.);
#9343=ORIENTED_EDGE('',*,*,#6999,.F.);
#9344=ORIENTED_EDGE('',*,*,#6998,.T.);
#9345=ORIENTED_EDGE('',*,*,#7000,.F.);
#9346=ORIENTED_EDGE('',*,*,#7001,.F.);
#9347=ORIENTED_EDGE('',*,*,#7002,.F.);
#9348=ORIENTED_EDGE('',*,*,#7001,.T.);
#9349=ORIENTED_EDGE('',*,*,#7003,.F.);
#9350=ORIENTED_EDGE('',*,*,#7004,.F.);
#9351=ORIENTED_EDGE('',*,*,#7005,.F.);
#9352=ORIENTED_EDGE('',*,*,#7004,.T.);
#9353=ORIENTED_EDGE('',*,*,#7006,.F.);
#9354=ORIENTED_EDGE('',*,*,#6996,.F.);
#9355=ORIENTED_EDGE('',*,*,#7006,.T.);
#9356=ORIENTED_EDGE('',*,*,#7003,.T.);
#9357=ORIENTED_EDGE('',*,*,#7000,.T.);
#9358=ORIENTED_EDGE('',*,*,#6997,.T.);
#9359=ORIENTED_EDGE('',*,*,#6991,.T.);
#9360=ORIENTED_EDGE('',*,*,#6994,.T.);
#9361=ORIENTED_EDGE('',*,*,#7005,.T.);
#9362=ORIENTED_EDGE('',*,*,#6995,.T.);
#9363=ORIENTED_EDGE('',*,*,#6999,.T.);
#9364=ORIENTED_EDGE('',*,*,#7002,.T.);
#9365=ORIENTED_EDGE('',*,*,#6989,.T.);
#9366=ORIENTED_EDGE('',*,*,#6992,.T.);
#9367=ORIENTED_EDGE('',*,*,#7007,.F.);
#9368=ORIENTED_EDGE('',*,*,#7008,.T.);
#9369=ORIENTED_EDGE('',*,*,#7009,.F.);
#9370=ORIENTED_EDGE('',*,*,#7008,.F.);
#9371=ORIENTED_EDGE('',*,*,#7010,.F.);
#9372=ORIENTED_EDGE('',*,*,#7011,.T.);
#9373=ORIENTED_EDGE('',*,*,#7012,.F.);
#9374=ORIENTED_EDGE('',*,*,#7011,.F.);
#9375=ORIENTED_EDGE('',*,*,#7013,.F.);
#9376=ORIENTED_EDGE('',*,*,#7014,.T.);
#9377=ORIENTED_EDGE('',*,*,#7015,.F.);
#9378=ORIENTED_EDGE('',*,*,#7016,.F.);
#9379=ORIENTED_EDGE('',*,*,#7017,.F.);
#9380=ORIENTED_EDGE('',*,*,#7016,.T.);
#9381=ORIENTED_EDGE('',*,*,#7018,.F.);
#9382=ORIENTED_EDGE('',*,*,#7019,.F.);
#9383=ORIENTED_EDGE('',*,*,#7020,.F.);
#9384=ORIENTED_EDGE('',*,*,#7019,.T.);
#9385=ORIENTED_EDGE('',*,*,#7021,.F.);
#9386=ORIENTED_EDGE('',*,*,#7022,.F.);
#9387=ORIENTED_EDGE('',*,*,#7023,.F.);
#9388=ORIENTED_EDGE('',*,*,#7022,.T.);
#9389=ORIENTED_EDGE('',*,*,#7024,.F.);
#9390=ORIENTED_EDGE('',*,*,#7014,.F.);
#9391=ORIENTED_EDGE('',*,*,#7024,.T.);
#9392=ORIENTED_EDGE('',*,*,#7021,.T.);
#9393=ORIENTED_EDGE('',*,*,#7018,.T.);
#9394=ORIENTED_EDGE('',*,*,#7015,.T.);
#9395=ORIENTED_EDGE('',*,*,#7009,.T.);
#9396=ORIENTED_EDGE('',*,*,#7012,.T.);
#9397=ORIENTED_EDGE('',*,*,#7023,.T.);
#9398=ORIENTED_EDGE('',*,*,#7013,.T.);
#9399=ORIENTED_EDGE('',*,*,#7017,.T.);
#9400=ORIENTED_EDGE('',*,*,#7020,.T.);
#9401=ORIENTED_EDGE('',*,*,#7007,.T.);
#9402=ORIENTED_EDGE('',*,*,#7010,.T.);
#9403=ORIENTED_EDGE('',*,*,#7025,.F.);
#9404=ORIENTED_EDGE('',*,*,#7026,.F.);
#9405=ORIENTED_EDGE('',*,*,#7027,.F.);
#9406=ORIENTED_EDGE('',*,*,#7028,.F.);
#9407=ORIENTED_EDGE('',*,*,#7029,.F.);
#9408=ORIENTED_EDGE('',*,*,#7030,.T.);
#9409=ORIENTED_EDGE('',*,*,#7031,.T.);
#9410=ORIENTED_EDGE('',*,*,#7028,.T.);
#9411=ORIENTED_EDGE('',*,*,#7032,.F.);
#9412=ORIENTED_EDGE('',*,*,#7033,.T.);
#9413=ORIENTED_EDGE('',*,*,#7029,.T.);
#9414=ORIENTED_EDGE('',*,*,#7027,.T.);
#9415=ORIENTED_EDGE('',*,*,#7034,.F.);
#9416=ORIENTED_EDGE('',*,*,#7035,.T.);
#9417=ORIENTED_EDGE('',*,*,#7032,.T.);
#9418=ORIENTED_EDGE('',*,*,#7026,.T.);
#9419=ORIENTED_EDGE('',*,*,#7031,.F.);
#9420=ORIENTED_EDGE('',*,*,#7036,.T.);
#9421=ORIENTED_EDGE('',*,*,#7034,.T.);
#9422=ORIENTED_EDGE('',*,*,#7025,.T.);
#9423=ORIENTED_EDGE('',*,*,#7030,.F.);
#9424=ORIENTED_EDGE('',*,*,#7033,.F.);
#9425=ORIENTED_EDGE('',*,*,#7035,.F.);
#9426=ORIENTED_EDGE('',*,*,#7036,.F.);
#9427=ORIENTED_EDGE('',*,*,#7037,.F.);
#9428=ORIENTED_EDGE('',*,*,#7038,.F.);
#9429=ORIENTED_EDGE('',*,*,#7039,.F.);
#9430=ORIENTED_EDGE('',*,*,#7040,.F.);
#9431=ORIENTED_EDGE('',*,*,#7041,.F.);
#9432=ORIENTED_EDGE('',*,*,#7042,.F.);
#9433=ORIENTED_EDGE('',*,*,#7043,.F.);
#9434=ORIENTED_EDGE('',*,*,#7044,.F.);
#9435=ORIENTED_EDGE('',*,*,#7037,.T.);
#9436=ORIENTED_EDGE('',*,*,#7045,.F.);
#9437=ORIENTED_EDGE('',*,*,#7046,.F.);
#9438=ORIENTED_EDGE('',*,*,#7047,.T.);
#9439=ORIENTED_EDGE('',*,*,#7039,.T.);
#9440=ORIENTED_EDGE('',*,*,#7048,.T.);
#9441=ORIENTED_EDGE('',*,*,#7049,.T.);
#9442=ORIENTED_EDGE('',*,*,#7050,.F.);
#9443=ORIENTED_EDGE('',*,*,#7038,.T.);
#9444=ORIENTED_EDGE('',*,*,#7047,.F.);
#9445=ORIENTED_EDGE('',*,*,#7051,.F.);
#9446=ORIENTED_EDGE('',*,*,#7052,.F.);
#9447=ORIENTED_EDGE('',*,*,#7044,.T.);
#9448=ORIENTED_EDGE('',*,*,#7053,.F.);
#9449=ORIENTED_EDGE('',*,*,#7054,.F.);
#9450=ORIENTED_EDGE('',*,*,#7048,.F.);
#9451=ORIENTED_EDGE('',*,*,#7041,.T.);
#9452=ORIENTED_EDGE('',*,*,#7052,.T.);
#9453=ORIENTED_EDGE('',*,*,#7055,.T.);
#9454=ORIENTED_EDGE('',*,*,#7056,.F.);
#9455=ORIENTED_EDGE('',*,*,#7043,.T.);
#9456=ORIENTED_EDGE('',*,*,#7057,.F.);
#9457=ORIENTED_EDGE('',*,*,#7058,.F.);
#9458=ORIENTED_EDGE('',*,*,#7053,.T.);
#9459=ORIENTED_EDGE('',*,*,#7054,.T.);
#9460=ORIENTED_EDGE('',*,*,#7058,.T.);
#9461=ORIENTED_EDGE('',*,*,#7059,.F.);
#9462=ORIENTED_EDGE('',*,*,#7049,.F.);
#9463=ORIENTED_EDGE('',*,*,#7051,.T.);
#9464=ORIENTED_EDGE('',*,*,#7046,.T.);
#9465=ORIENTED_EDGE('',*,*,#7060,.F.);
#9466=ORIENTED_EDGE('',*,*,#7055,.F.);
#9467=ORIENTED_EDGE('',*,*,#7040,.T.);
#9468=ORIENTED_EDGE('',*,*,#7050,.T.);
#9469=ORIENTED_EDGE('',*,*,#7059,.T.);
#9470=ORIENTED_EDGE('',*,*,#7057,.T.);
#9471=ORIENTED_EDGE('',*,*,#7042,.T.);
#9472=ORIENTED_EDGE('',*,*,#7056,.T.);
#9473=ORIENTED_EDGE('',*,*,#7060,.T.);
#9474=ORIENTED_EDGE('',*,*,#7045,.T.);
#9475=ORIENTED_EDGE('',*,*,#7061,.F.);
#9476=ORIENTED_EDGE('',*,*,#7062,.T.);
#9477=ORIENTED_EDGE('',*,*,#7063,.F.);
#9478=ORIENTED_EDGE('',*,*,#7062,.F.);
#9479=ORIENTED_EDGE('',*,*,#7064,.T.);
#9480=ORIENTED_EDGE('',*,*,#7065,.T.);
#9481=ORIENTED_EDGE('',*,*,#7066,.F.);
#9482=ORIENTED_EDGE('',*,*,#7067,.F.);
#9483=ORIENTED_EDGE('',*,*,#7068,.T.);
#9484=ORIENTED_EDGE('',*,*,#7067,.T.);
#9485=ORIENTED_EDGE('',*,*,#7069,.F.);
#9486=ORIENTED_EDGE('',*,*,#7070,.F.);
#9487=ORIENTED_EDGE('',*,*,#7071,.T.);
#9488=ORIENTED_EDGE('',*,*,#7070,.T.);
#9489=ORIENTED_EDGE('',*,*,#7072,.F.);
#9490=ORIENTED_EDGE('',*,*,#7073,.F.);
#9491=ORIENTED_EDGE('',*,*,#7074,.T.);
#9492=ORIENTED_EDGE('',*,*,#7073,.T.);
#9493=ORIENTED_EDGE('',*,*,#7075,.F.);
#9494=ORIENTED_EDGE('',*,*,#7065,.F.);
#9495=ORIENTED_EDGE('',*,*,#7075,.T.);
#9496=ORIENTED_EDGE('',*,*,#7072,.T.);
#9497=ORIENTED_EDGE('',*,*,#7069,.T.);
#9498=ORIENTED_EDGE('',*,*,#7066,.T.);
#9499=ORIENTED_EDGE('',*,*,#7063,.T.);
#9500=ORIENTED_EDGE('',*,*,#7074,.F.);
#9501=ORIENTED_EDGE('',*,*,#7064,.F.);
#9502=ORIENTED_EDGE('',*,*,#7068,.F.);
#9503=ORIENTED_EDGE('',*,*,#7071,.F.);
#9504=ORIENTED_EDGE('',*,*,#7061,.T.);
#9505=ORIENTED_EDGE('',*,*,#7076,.F.);
#9506=ORIENTED_EDGE('',*,*,#7077,.T.);
#9507=ORIENTED_EDGE('',*,*,#7078,.F.);
#9508=ORIENTED_EDGE('',*,*,#7077,.F.);
#9509=ORIENTED_EDGE('',*,*,#7079,.T.);
#9510=ORIENTED_EDGE('',*,*,#7080,.T.);
#9511=ORIENTED_EDGE('',*,*,#7081,.F.);
#9512=ORIENTED_EDGE('',*,*,#7082,.F.);
#9513=ORIENTED_EDGE('',*,*,#7083,.T.);
#9514=ORIENTED_EDGE('',*,*,#7082,.T.);
#9515=ORIENTED_EDGE('',*,*,#7084,.F.);
#9516=ORIENTED_EDGE('',*,*,#7085,.F.);
#9517=ORIENTED_EDGE('',*,*,#7086,.T.);
#9518=ORIENTED_EDGE('',*,*,#7085,.T.);
#9519=ORIENTED_EDGE('',*,*,#7087,.F.);
#9520=ORIENTED_EDGE('',*,*,#7088,.F.);
#9521=ORIENTED_EDGE('',*,*,#7089,.T.);
#9522=ORIENTED_EDGE('',*,*,#7088,.T.);
#9523=ORIENTED_EDGE('',*,*,#7090,.F.);
#9524=ORIENTED_EDGE('',*,*,#7080,.F.);
#9525=ORIENTED_EDGE('',*,*,#7090,.T.);
#9526=ORIENTED_EDGE('',*,*,#7087,.T.);
#9527=ORIENTED_EDGE('',*,*,#7084,.T.);
#9528=ORIENTED_EDGE('',*,*,#7081,.T.);
#9529=ORIENTED_EDGE('',*,*,#7078,.T.);
#9530=ORIENTED_EDGE('',*,*,#7089,.F.);
#9531=ORIENTED_EDGE('',*,*,#7079,.F.);
#9532=ORIENTED_EDGE('',*,*,#7083,.F.);
#9533=ORIENTED_EDGE('',*,*,#7086,.F.);
#9534=ORIENTED_EDGE('',*,*,#7076,.T.);
#9535=ORIENTED_EDGE('',*,*,#7091,.F.);
#9536=ORIENTED_EDGE('',*,*,#7092,.F.);
#9537=ORIENTED_EDGE('',*,*,#7093,.F.);
#9538=ORIENTED_EDGE('',*,*,#7094,.F.);
#9539=ORIENTED_EDGE('',*,*,#7095,.F.);
#9540=ORIENTED_EDGE('',*,*,#7096,.F.);
#9541=ORIENTED_EDGE('',*,*,#7097,.F.);
#9542=ORIENTED_EDGE('',*,*,#7098,.F.);
#9543=ORIENTED_EDGE('',*,*,#7091,.T.);
#9544=ORIENTED_EDGE('',*,*,#7099,.F.);
#9545=ORIENTED_EDGE('',*,*,#7100,.F.);
#9546=ORIENTED_EDGE('',*,*,#7101,.T.);
#9547=ORIENTED_EDGE('',*,*,#7093,.T.);
#9548=ORIENTED_EDGE('',*,*,#7102,.T.);
#9549=ORIENTED_EDGE('',*,*,#7103,.T.);
#9550=ORIENTED_EDGE('',*,*,#7104,.F.);
#9551=ORIENTED_EDGE('',*,*,#7092,.T.);
#9552=ORIENTED_EDGE('',*,*,#7101,.F.);
#9553=ORIENTED_EDGE('',*,*,#7105,.F.);
#9554=ORIENTED_EDGE('',*,*,#7106,.F.);
#9555=ORIENTED_EDGE('',*,*,#7098,.T.);
#9556=ORIENTED_EDGE('',*,*,#7107,.F.);
#9557=ORIENTED_EDGE('',*,*,#7108,.F.);
#9558=ORIENTED_EDGE('',*,*,#7102,.F.);
#9559=ORIENTED_EDGE('',*,*,#7095,.T.);
#9560=ORIENTED_EDGE('',*,*,#7106,.T.);
#9561=ORIENTED_EDGE('',*,*,#7109,.T.);
#9562=ORIENTED_EDGE('',*,*,#7110,.F.);
#9563=ORIENTED_EDGE('',*,*,#7097,.T.);
#9564=ORIENTED_EDGE('',*,*,#7111,.F.);
#9565=ORIENTED_EDGE('',*,*,#7112,.F.);
#9566=ORIENTED_EDGE('',*,*,#7107,.T.);
#9567=ORIENTED_EDGE('',*,*,#7108,.T.);
#9568=ORIENTED_EDGE('',*,*,#7112,.T.);
#9569=ORIENTED_EDGE('',*,*,#7113,.F.);
#9570=ORIENTED_EDGE('',*,*,#7103,.F.);
#9571=ORIENTED_EDGE('',*,*,#7105,.T.);
#9572=ORIENTED_EDGE('',*,*,#7100,.T.);
#9573=ORIENTED_EDGE('',*,*,#7114,.F.);
#9574=ORIENTED_EDGE('',*,*,#7109,.F.);
#9575=ORIENTED_EDGE('',*,*,#7094,.T.);
#9576=ORIENTED_EDGE('',*,*,#7104,.T.);
#9577=ORIENTED_EDGE('',*,*,#7113,.T.);
#9578=ORIENTED_EDGE('',*,*,#7111,.T.);
#9579=ORIENTED_EDGE('',*,*,#7096,.T.);
#9580=ORIENTED_EDGE('',*,*,#7110,.T.);
#9581=ORIENTED_EDGE('',*,*,#7114,.T.);
#9582=ORIENTED_EDGE('',*,*,#7099,.T.);
#9583=ORIENTED_EDGE('',*,*,#7115,.F.);
#9584=ORIENTED_EDGE('',*,*,#7116,.T.);
#9585=ORIENTED_EDGE('',*,*,#7117,.F.);
#9586=ORIENTED_EDGE('',*,*,#7116,.F.);
#9587=ORIENTED_EDGE('',*,*,#7118,.T.);
#9588=ORIENTED_EDGE('',*,*,#7119,.T.);
#9589=ORIENTED_EDGE('',*,*,#7120,.F.);
#9590=ORIENTED_EDGE('',*,*,#7121,.F.);
#9591=ORIENTED_EDGE('',*,*,#7122,.T.);
#9592=ORIENTED_EDGE('',*,*,#7121,.T.);
#9593=ORIENTED_EDGE('',*,*,#7123,.F.);
#9594=ORIENTED_EDGE('',*,*,#7124,.F.);
#9595=ORIENTED_EDGE('',*,*,#7125,.T.);
#9596=ORIENTED_EDGE('',*,*,#7124,.T.);
#9597=ORIENTED_EDGE('',*,*,#7126,.F.);
#9598=ORIENTED_EDGE('',*,*,#7127,.F.);
#9599=ORIENTED_EDGE('',*,*,#7128,.T.);
#9600=ORIENTED_EDGE('',*,*,#7127,.T.);
#9601=ORIENTED_EDGE('',*,*,#7129,.F.);
#9602=ORIENTED_EDGE('',*,*,#7119,.F.);
#9603=ORIENTED_EDGE('',*,*,#7129,.T.);
#9604=ORIENTED_EDGE('',*,*,#7126,.T.);
#9605=ORIENTED_EDGE('',*,*,#7123,.T.);
#9606=ORIENTED_EDGE('',*,*,#7120,.T.);
#9607=ORIENTED_EDGE('',*,*,#7117,.T.);
#9608=ORIENTED_EDGE('',*,*,#7128,.F.);
#9609=ORIENTED_EDGE('',*,*,#7118,.F.);
#9610=ORIENTED_EDGE('',*,*,#7122,.F.);
#9611=ORIENTED_EDGE('',*,*,#7125,.F.);
#9612=ORIENTED_EDGE('',*,*,#7115,.T.);
#9613=ORIENTED_EDGE('',*,*,#7130,.F.);
#9614=ORIENTED_EDGE('',*,*,#7131,.T.);
#9615=ORIENTED_EDGE('',*,*,#7132,.F.);
#9616=ORIENTED_EDGE('',*,*,#7131,.F.);
#9617=ORIENTED_EDGE('',*,*,#7133,.T.);
#9618=ORIENTED_EDGE('',*,*,#7134,.T.);
#9619=ORIENTED_EDGE('',*,*,#7135,.F.);
#9620=ORIENTED_EDGE('',*,*,#7136,.F.);
#9621=ORIENTED_EDGE('',*,*,#7137,.T.);
#9622=ORIENTED_EDGE('',*,*,#7136,.T.);
#9623=ORIENTED_EDGE('',*,*,#7138,.F.);
#9624=ORIENTED_EDGE('',*,*,#7139,.F.);
#9625=ORIENTED_EDGE('',*,*,#7140,.T.);
#9626=ORIENTED_EDGE('',*,*,#7139,.T.);
#9627=ORIENTED_EDGE('',*,*,#7141,.F.);
#9628=ORIENTED_EDGE('',*,*,#7142,.F.);
#9629=ORIENTED_EDGE('',*,*,#7143,.T.);
#9630=ORIENTED_EDGE('',*,*,#7142,.T.);
#9631=ORIENTED_EDGE('',*,*,#7144,.F.);
#9632=ORIENTED_EDGE('',*,*,#7134,.F.);
#9633=ORIENTED_EDGE('',*,*,#7144,.T.);
#9634=ORIENTED_EDGE('',*,*,#7141,.T.);
#9635=ORIENTED_EDGE('',*,*,#7138,.T.);
#9636=ORIENTED_EDGE('',*,*,#7135,.T.);
#9637=ORIENTED_EDGE('',*,*,#7132,.T.);
#9638=ORIENTED_EDGE('',*,*,#7143,.F.);
#9639=ORIENTED_EDGE('',*,*,#7133,.F.);
#9640=ORIENTED_EDGE('',*,*,#7137,.F.);
#9641=ORIENTED_EDGE('',*,*,#7140,.F.);
#9642=ORIENTED_EDGE('',*,*,#7130,.T.);
#9643=ORIENTED_EDGE('',*,*,#7145,.F.);
#9644=ORIENTED_EDGE('',*,*,#7146,.F.);
#9645=ORIENTED_EDGE('',*,*,#7147,.F.);
#9646=ORIENTED_EDGE('',*,*,#7148,.F.);
#9647=ORIENTED_EDGE('',*,*,#7147,.T.);
#9648=ORIENTED_EDGE('',*,*,#7149,.F.);
#9649=ORIENTED_EDGE('',*,*,#7150,.F.);
#9650=ORIENTED_EDGE('',*,*,#7151,.F.);
#9651=ORIENTED_EDGE('',*,*,#7146,.T.);
#9652=ORIENTED_EDGE('',*,*,#7152,.T.);
#9653=ORIENTED_EDGE('',*,*,#7153,.T.);
#9654=ORIENTED_EDGE('',*,*,#7149,.T.);
#9655=ORIENTED_EDGE('',*,*,#7145,.T.);
#9656=ORIENTED_EDGE('',*,*,#7154,.F.);
#9657=ORIENTED_EDGE('',*,*,#7155,.F.);
#9658=ORIENTED_EDGE('',*,*,#7152,.F.);
#9659=ORIENTED_EDGE('',*,*,#7148,.T.);
#9660=ORIENTED_EDGE('',*,*,#7151,.T.);
#9661=ORIENTED_EDGE('',*,*,#7156,.F.);
#9662=ORIENTED_EDGE('',*,*,#7154,.T.);
#9663=ORIENTED_EDGE('',*,*,#7155,.T.);
#9664=ORIENTED_EDGE('',*,*,#7156,.T.);
#9665=ORIENTED_EDGE('',*,*,#7150,.T.);
#9666=ORIENTED_EDGE('',*,*,#7153,.F.);
#9667=ORIENTED_EDGE('',*,*,#7157,.F.);
#9668=ORIENTED_EDGE('',*,*,#7158,.F.);
#9669=ORIENTED_EDGE('',*,*,#7159,.F.);
#9670=ORIENTED_EDGE('',*,*,#7160,.F.);
#9671=ORIENTED_EDGE('',*,*,#7159,.T.);
#9672=ORIENTED_EDGE('',*,*,#7161,.F.);
#9673=ORIENTED_EDGE('',*,*,#7162,.F.);
#9674=ORIENTED_EDGE('',*,*,#7163,.F.);
#9675=ORIENTED_EDGE('',*,*,#7158,.T.);
#9676=ORIENTED_EDGE('',*,*,#7164,.T.);
#9677=ORIENTED_EDGE('',*,*,#7165,.T.);
#9678=ORIENTED_EDGE('',*,*,#7161,.T.);
#9679=ORIENTED_EDGE('',*,*,#7157,.T.);
#9680=ORIENTED_EDGE('',*,*,#7166,.F.);
#9681=ORIENTED_EDGE('',*,*,#7167,.F.);
#9682=ORIENTED_EDGE('',*,*,#7164,.F.);
#9683=ORIENTED_EDGE('',*,*,#7160,.T.);
#9684=ORIENTED_EDGE('',*,*,#7163,.T.);
#9685=ORIENTED_EDGE('',*,*,#7168,.F.);
#9686=ORIENTED_EDGE('',*,*,#7166,.T.);
#9687=ORIENTED_EDGE('',*,*,#7167,.T.);
#9688=ORIENTED_EDGE('',*,*,#7168,.T.);
#9689=ORIENTED_EDGE('',*,*,#7162,.T.);
#9690=ORIENTED_EDGE('',*,*,#7165,.F.);
#9691=ORIENTED_EDGE('',*,*,#7169,.F.);
#9692=ORIENTED_EDGE('',*,*,#7170,.T.);
#9693=ORIENTED_EDGE('',*,*,#7171,.T.);
#9694=ORIENTED_EDGE('',*,*,#7170,.F.);
#9695=ORIENTED_EDGE('',*,*,#7169,.T.);
#9696=ORIENTED_EDGE('',*,*,#7171,.F.);
#9697=ORIENTED_EDGE('',*,*,#7172,.F.);
#9698=ORIENTED_EDGE('',*,*,#7173,.T.);
#9699=ORIENTED_EDGE('',*,*,#7174,.T.);
#9700=ORIENTED_EDGE('',*,*,#7173,.F.);
#9701=ORIENTED_EDGE('',*,*,#7172,.T.);
#9702=ORIENTED_EDGE('',*,*,#7174,.F.);
#9703=ORIENTED_EDGE('',*,*,#7175,.F.);
#9704=ORIENTED_EDGE('',*,*,#7176,.T.);
#9705=ORIENTED_EDGE('',*,*,#7177,.F.);
#9706=ORIENTED_EDGE('',*,*,#7176,.F.);
#9707=ORIENTED_EDGE('',*,*,#7178,.F.);
#9708=ORIENTED_EDGE('',*,*,#7179,.T.);
#9709=ORIENTED_EDGE('',*,*,#7180,.F.);
#9710=ORIENTED_EDGE('',*,*,#7179,.F.);
#9711=ORIENTED_EDGE('',*,*,#7181,.F.);
#9712=ORIENTED_EDGE('',*,*,#7182,.T.);
#9713=ORIENTED_EDGE('',*,*,#7183,.F.);
#9714=ORIENTED_EDGE('',*,*,#7182,.F.);
#9715=ORIENTED_EDGE('',*,*,#7184,.F.);
#9716=ORIENTED_EDGE('',*,*,#7185,.T.);
#9717=ORIENTED_EDGE('',*,*,#7186,.F.);
#9718=ORIENTED_EDGE('',*,*,#7185,.F.);
#9719=ORIENTED_EDGE('',*,*,#7187,.F.);
#9720=ORIENTED_EDGE('',*,*,#7188,.T.);
#9721=ORIENTED_EDGE('',*,*,#7189,.F.);
#9722=ORIENTED_EDGE('',*,*,#7188,.F.);
#9723=ORIENTED_EDGE('',*,*,#7190,.T.);
#9724=ORIENTED_EDGE('',*,*,#7191,.T.);
#9725=ORIENTED_EDGE('',*,*,#7192,.F.);
#9726=ORIENTED_EDGE('',*,*,#7193,.F.);
#9727=ORIENTED_EDGE('',*,*,#7194,.T.);
#9728=ORIENTED_EDGE('',*,*,#7193,.T.);
#9729=ORIENTED_EDGE('',*,*,#7195,.F.);
#9730=ORIENTED_EDGE('',*,*,#7196,.F.);
#9731=ORIENTED_EDGE('',*,*,#7189,.T.);
#9732=ORIENTED_EDGE('',*,*,#7186,.T.);
#9733=ORIENTED_EDGE('',*,*,#7183,.T.);
#9734=ORIENTED_EDGE('',*,*,#7180,.T.);
#9735=ORIENTED_EDGE('',*,*,#7177,.T.);
#9736=ORIENTED_EDGE('',*,*,#7197,.T.);
#9737=ORIENTED_EDGE('',*,*,#7196,.T.);
#9738=ORIENTED_EDGE('',*,*,#7198,.F.);
#9739=ORIENTED_EDGE('',*,*,#7199,.F.);
#9740=ORIENTED_EDGE('',*,*,#7200,.T.);
#9741=ORIENTED_EDGE('',*,*,#7199,.T.);
#9742=ORIENTED_EDGE('',*,*,#7201,.F.);
#9743=ORIENTED_EDGE('',*,*,#7191,.F.);
#9744=ORIENTED_EDGE('',*,*,#7187,.T.);
#9745=ORIENTED_EDGE('',*,*,#7184,.T.);
#9746=ORIENTED_EDGE('',*,*,#7181,.T.);
#9747=ORIENTED_EDGE('',*,*,#7178,.T.);
#9748=ORIENTED_EDGE('',*,*,#7175,.T.);
#9749=ORIENTED_EDGE('',*,*,#7201,.T.);
#9750=ORIENTED_EDGE('',*,*,#7198,.T.);
#9751=ORIENTED_EDGE('',*,*,#7195,.T.);
#9752=ORIENTED_EDGE('',*,*,#7192,.T.);
#9753=ORIENTED_EDGE('',*,*,#7200,.F.);
#9754=ORIENTED_EDGE('',*,*,#7190,.F.);
#9755=ORIENTED_EDGE('',*,*,#7194,.F.);
#9756=ORIENTED_EDGE('',*,*,#7197,.F.);
#9757=ORIENTED_EDGE('',*,*,#7202,.F.);
#9758=ORIENTED_EDGE('',*,*,#7203,.T.);
#9759=ORIENTED_EDGE('',*,*,#7204,.F.);
#9760=ORIENTED_EDGE('',*,*,#7205,.F.);
#9761=ORIENTED_EDGE('',*,*,#7206,.F.);
#9762=ORIENTED_EDGE('',*,*,#7207,.F.);
#9763=ORIENTED_EDGE('',*,*,#7208,.F.);
#9764=ORIENTED_EDGE('',*,*,#7203,.F.);
#9765=ORIENTED_EDGE('',*,*,#7205,.T.);
#9766=ORIENTED_EDGE('',*,*,#7209,.F.);
#9767=ORIENTED_EDGE('',*,*,#7210,.T.);
#9768=ORIENTED_EDGE('',*,*,#7211,.T.);
#9769=ORIENTED_EDGE('',*,*,#7204,.T.);
#9770=ORIENTED_EDGE('',*,*,#7208,.T.);
#9771=ORIENTED_EDGE('',*,*,#7212,.F.);
#9772=ORIENTED_EDGE('',*,*,#7213,.F.);
#9773=ORIENTED_EDGE('',*,*,#7214,.T.);
#9774=ORIENTED_EDGE('',*,*,#7209,.T.);
#9775=ORIENTED_EDGE('',*,*,#7215,.T.);
#9776=ORIENTED_EDGE('',*,*,#7216,.T.);
#9777=ORIENTED_EDGE('',*,*,#7217,.T.);
#9778=ORIENTED_EDGE('',*,*,#7218,.T.);
#9779=ORIENTED_EDGE('',*,*,#7219,.T.);
#9780=ORIENTED_EDGE('',*,*,#7220,.F.);
#9781=ORIENTED_EDGE('',*,*,#7221,.T.);
#9782=ORIENTED_EDGE('',*,*,#7222,.T.);
#9783=ORIENTED_EDGE('',*,*,#7221,.F.);
#9784=ORIENTED_EDGE('',*,*,#7222,.F.);
#9785=ORIENTED_EDGE('',*,*,#7223,.F.);
#9786=ORIENTED_EDGE('',*,*,#7224,.T.);
#9787=ORIENTED_EDGE('',*,*,#7225,.T.);
#9788=ORIENTED_EDGE('',*,*,#7224,.F.);
#9789=ORIENTED_EDGE('',*,*,#7225,.F.);
#9790=ORIENTED_EDGE('',*,*,#7215,.F.);
#9791=ORIENTED_EDGE('',*,*,#7226,.T.);
#9792=ORIENTED_EDGE('',*,*,#7227,.F.);
#9793=ORIENTED_EDGE('',*,*,#7226,.F.);
#9794=ORIENTED_EDGE('',*,*,#7216,.F.);
#9795=ORIENTED_EDGE('',*,*,#7228,.T.);
#9796=ORIENTED_EDGE('',*,*,#7229,.F.);
#9797=ORIENTED_EDGE('',*,*,#7228,.F.);
#9798=ORIENTED_EDGE('',*,*,#7217,.F.);
#9799=ORIENTED_EDGE('',*,*,#7230,.T.);
#9800=ORIENTED_EDGE('',*,*,#7231,.F.);
#9801=ORIENTED_EDGE('',*,*,#7230,.F.);
#9802=ORIENTED_EDGE('',*,*,#7218,.F.);
#9803=ORIENTED_EDGE('',*,*,#7232,.T.);
#9804=ORIENTED_EDGE('',*,*,#7233,.F.);
#9805=ORIENTED_EDGE('',*,*,#7232,.F.);
#9806=ORIENTED_EDGE('',*,*,#7219,.F.);
#9807=ORIENTED_EDGE('',*,*,#7234,.T.);
#9808=ORIENTED_EDGE('',*,*,#7235,.F.);
#9809=ORIENTED_EDGE('',*,*,#7234,.F.);
#9810=ORIENTED_EDGE('',*,*,#7236,.T.);
#9811=ORIENTED_EDGE('',*,*,#7213,.T.);
#9812=ORIENTED_EDGE('',*,*,#7237,.F.);
#9813=ORIENTED_EDGE('',*,*,#7238,.F.);
#9814=ORIENTED_EDGE('',*,*,#7202,.T.);
#9815=ORIENTED_EDGE('',*,*,#7211,.F.);
#9816=ORIENTED_EDGE('',*,*,#7239,.T.);
#9817=ORIENTED_EDGE('',*,*,#7238,.T.);
#9818=ORIENTED_EDGE('',*,*,#7240,.F.);
#9819=ORIENTED_EDGE('',*,*,#7206,.T.);
#9820=ORIENTED_EDGE('',*,*,#7235,.T.);
#9821=ORIENTED_EDGE('',*,*,#7233,.T.);
#9822=ORIENTED_EDGE('',*,*,#7231,.T.);
#9823=ORIENTED_EDGE('',*,*,#7229,.T.);
#9824=ORIENTED_EDGE('',*,*,#7227,.T.);
#9825=ORIENTED_EDGE('',*,*,#7207,.T.);
#9826=ORIENTED_EDGE('',*,*,#7240,.T.);
#9827=ORIENTED_EDGE('',*,*,#7237,.T.);
#9828=ORIENTED_EDGE('',*,*,#7212,.T.);
#9829=ORIENTED_EDGE('',*,*,#7214,.F.);
#9830=ORIENTED_EDGE('',*,*,#7236,.F.);
#9831=ORIENTED_EDGE('',*,*,#7239,.F.);
#9832=ORIENTED_EDGE('',*,*,#7210,.F.);
#9833=ORIENTED_EDGE('',*,*,#7220,.T.);
#9834=ORIENTED_EDGE('',*,*,#7223,.T.);
#9835=ORIENTED_EDGE('',*,*,#7241,.F.);
#9836=ORIENTED_EDGE('',*,*,#7242,.T.);
#9837=ORIENTED_EDGE('',*,*,#7243,.F.);
#9838=ORIENTED_EDGE('',*,*,#7242,.F.);
#9839=ORIENTED_EDGE('',*,*,#7244,.F.);
#9840=ORIENTED_EDGE('',*,*,#7245,.T.);
#9841=ORIENTED_EDGE('',*,*,#7246,.F.);
#9842=ORIENTED_EDGE('',*,*,#7245,.F.);
#9843=ORIENTED_EDGE('',*,*,#7247,.F.);
#9844=ORIENTED_EDGE('',*,*,#7248,.T.);
#9845=ORIENTED_EDGE('',*,*,#7249,.F.);
#9846=ORIENTED_EDGE('',*,*,#7248,.F.);
#9847=ORIENTED_EDGE('',*,*,#7250,.F.);
#9848=ORIENTED_EDGE('',*,*,#7251,.T.);
#9849=ORIENTED_EDGE('',*,*,#7252,.T.);
#9850=ORIENTED_EDGE('',*,*,#7251,.F.);
#9851=ORIENTED_EDGE('',*,*,#7250,.T.);
#9852=ORIENTED_EDGE('',*,*,#7243,.T.);
#9853=ORIENTED_EDGE('',*,*,#7246,.T.);
#9854=ORIENTED_EDGE('',*,*,#7249,.T.);
#9855=ORIENTED_EDGE('',*,*,#7252,.F.);
#9856=ORIENTED_EDGE('',*,*,#7241,.T.);
#9857=ORIENTED_EDGE('',*,*,#7244,.T.);
#9858=ORIENTED_EDGE('',*,*,#7247,.T.);
#9859=ORIENTED_EDGE('',*,*,#7253,.F.);
#9860=ORIENTED_EDGE('',*,*,#7254,.T.);
#9861=ORIENTED_EDGE('',*,*,#7255,.T.);
#9862=ORIENTED_EDGE('',*,*,#7254,.F.);
#9863=ORIENTED_EDGE('',*,*,#7253,.T.);
#9864=ORIENTED_EDGE('',*,*,#7255,.F.);
#9865=ORIENTED_EDGE('',*,*,#7256,.F.);
#9866=ORIENTED_EDGE('',*,*,#7257,.T.);
#9867=ORIENTED_EDGE('',*,*,#7258,.T.);
#9868=ORIENTED_EDGE('',*,*,#7257,.F.);
#9869=ORIENTED_EDGE('',*,*,#7256,.T.);
#9870=ORIENTED_EDGE('',*,*,#7258,.F.);
#9871=ORIENTED_EDGE('',*,*,#7259,.F.);
#9872=ORIENTED_EDGE('',*,*,#7260,.T.);
#9873=ORIENTED_EDGE('',*,*,#7261,.F.);
#9874=ORIENTED_EDGE('',*,*,#7260,.F.);
#9875=ORIENTED_EDGE('',*,*,#7262,.F.);
#9876=ORIENTED_EDGE('',*,*,#7263,.T.);
#9877=ORIENTED_EDGE('',*,*,#7264,.F.);
#9878=ORIENTED_EDGE('',*,*,#7263,.F.);
#9879=ORIENTED_EDGE('',*,*,#7265,.F.);
#9880=ORIENTED_EDGE('',*,*,#7266,.T.);
#9881=ORIENTED_EDGE('',*,*,#7267,.F.);
#9882=ORIENTED_EDGE('',*,*,#7266,.F.);
#9883=ORIENTED_EDGE('',*,*,#7268,.F.);
#9884=ORIENTED_EDGE('',*,*,#7269,.T.);
#9885=ORIENTED_EDGE('',*,*,#7270,.F.);
#9886=ORIENTED_EDGE('',*,*,#7269,.F.);
#9887=ORIENTED_EDGE('',*,*,#7271,.F.);
#9888=ORIENTED_EDGE('',*,*,#7272,.T.);
#9889=ORIENTED_EDGE('',*,*,#7273,.F.);
#9890=ORIENTED_EDGE('',*,*,#7272,.F.);
#9891=ORIENTED_EDGE('',*,*,#7274,.T.);
#9892=ORIENTED_EDGE('',*,*,#7275,.T.);
#9893=ORIENTED_EDGE('',*,*,#7276,.F.);
#9894=ORIENTED_EDGE('',*,*,#7277,.F.);
#9895=ORIENTED_EDGE('',*,*,#7278,.T.);
#9896=ORIENTED_EDGE('',*,*,#7277,.T.);
#9897=ORIENTED_EDGE('',*,*,#7279,.F.);
#9898=ORIENTED_EDGE('',*,*,#7280,.F.);
#9899=ORIENTED_EDGE('',*,*,#7273,.T.);
#9900=ORIENTED_EDGE('',*,*,#7270,.T.);
#9901=ORIENTED_EDGE('',*,*,#7267,.T.);
#9902=ORIENTED_EDGE('',*,*,#7264,.T.);
#9903=ORIENTED_EDGE('',*,*,#7261,.T.);
#9904=ORIENTED_EDGE('',*,*,#7281,.T.);
#9905=ORIENTED_EDGE('',*,*,#7280,.T.);
#9906=ORIENTED_EDGE('',*,*,#7282,.F.);
#9907=ORIENTED_EDGE('',*,*,#7283,.F.);
#9908=ORIENTED_EDGE('',*,*,#7284,.T.);
#9909=ORIENTED_EDGE('',*,*,#7283,.T.);
#9910=ORIENTED_EDGE('',*,*,#7285,.F.);
#9911=ORIENTED_EDGE('',*,*,#7275,.F.);
#9912=ORIENTED_EDGE('',*,*,#7271,.T.);
#9913=ORIENTED_EDGE('',*,*,#7268,.T.);
#9914=ORIENTED_EDGE('',*,*,#7265,.T.);
#9915=ORIENTED_EDGE('',*,*,#7262,.T.);
#9916=ORIENTED_EDGE('',*,*,#7259,.T.);
#9917=ORIENTED_EDGE('',*,*,#7285,.T.);
#9918=ORIENTED_EDGE('',*,*,#7282,.T.);
#9919=ORIENTED_EDGE('',*,*,#7279,.T.);
#9920=ORIENTED_EDGE('',*,*,#7276,.T.);
#9921=ORIENTED_EDGE('',*,*,#7284,.F.);
#9922=ORIENTED_EDGE('',*,*,#7274,.F.);
#9923=ORIENTED_EDGE('',*,*,#7278,.F.);
#9924=ORIENTED_EDGE('',*,*,#7281,.F.);
#9925=ORIENTED_EDGE('',*,*,#7286,.F.);
#9926=ORIENTED_EDGE('',*,*,#7287,.T.);
#9927=ORIENTED_EDGE('',*,*,#7288,.F.);
#9928=ORIENTED_EDGE('',*,*,#7289,.F.);
#9929=ORIENTED_EDGE('',*,*,#7290,.F.);
#9930=ORIENTED_EDGE('',*,*,#7291,.F.);
#9931=ORIENTED_EDGE('',*,*,#7292,.F.);
#9932=ORIENTED_EDGE('',*,*,#7287,.F.);
#9933=ORIENTED_EDGE('',*,*,#7289,.T.);
#9934=ORIENTED_EDGE('',*,*,#7293,.F.);
#9935=ORIENTED_EDGE('',*,*,#7294,.T.);
#9936=ORIENTED_EDGE('',*,*,#7295,.T.);
#9937=ORIENTED_EDGE('',*,*,#7288,.T.);
#9938=ORIENTED_EDGE('',*,*,#7292,.T.);
#9939=ORIENTED_EDGE('',*,*,#7296,.F.);
#9940=ORIENTED_EDGE('',*,*,#7297,.F.);
#9941=ORIENTED_EDGE('',*,*,#7298,.T.);
#9942=ORIENTED_EDGE('',*,*,#7293,.T.);
#9943=ORIENTED_EDGE('',*,*,#7299,.T.);
#9944=ORIENTED_EDGE('',*,*,#7300,.T.);
#9945=ORIENTED_EDGE('',*,*,#7301,.T.);
#9946=ORIENTED_EDGE('',*,*,#7302,.T.);
#9947=ORIENTED_EDGE('',*,*,#7303,.T.);
#9948=ORIENTED_EDGE('',*,*,#7304,.F.);
#9949=ORIENTED_EDGE('',*,*,#7305,.T.);
#9950=ORIENTED_EDGE('',*,*,#7306,.T.);
#9951=ORIENTED_EDGE('',*,*,#7305,.F.);
#9952=ORIENTED_EDGE('',*,*,#7306,.F.);
#9953=ORIENTED_EDGE('',*,*,#7307,.F.);
#9954=ORIENTED_EDGE('',*,*,#7308,.T.);
#9955=ORIENTED_EDGE('',*,*,#7309,.T.);
#9956=ORIENTED_EDGE('',*,*,#7308,.F.);
#9957=ORIENTED_EDGE('',*,*,#7309,.F.);
#9958=ORIENTED_EDGE('',*,*,#7299,.F.);
#9959=ORIENTED_EDGE('',*,*,#7310,.T.);
#9960=ORIENTED_EDGE('',*,*,#7311,.F.);
#9961=ORIENTED_EDGE('',*,*,#7310,.F.);
#9962=ORIENTED_EDGE('',*,*,#7300,.F.);
#9963=ORIENTED_EDGE('',*,*,#7312,.T.);
#9964=ORIENTED_EDGE('',*,*,#7313,.F.);
#9965=ORIENTED_EDGE('',*,*,#7312,.F.);
#9966=ORIENTED_EDGE('',*,*,#7301,.F.);
#9967=ORIENTED_EDGE('',*,*,#7314,.T.);
#9968=ORIENTED_EDGE('',*,*,#7315,.F.);
#9969=ORIENTED_EDGE('',*,*,#7314,.F.);
#9970=ORIENTED_EDGE('',*,*,#7302,.F.);
#9971=ORIENTED_EDGE('',*,*,#7316,.T.);
#9972=ORIENTED_EDGE('',*,*,#7317,.F.);
#9973=ORIENTED_EDGE('',*,*,#7316,.F.);
#9974=ORIENTED_EDGE('',*,*,#7303,.F.);
#9975=ORIENTED_EDGE('',*,*,#7318,.T.);
#9976=ORIENTED_EDGE('',*,*,#7319,.F.);
#9977=ORIENTED_EDGE('',*,*,#7318,.F.);
#9978=ORIENTED_EDGE('',*,*,#7320,.T.);
#9979=ORIENTED_EDGE('',*,*,#7297,.T.);
#9980=ORIENTED_EDGE('',*,*,#7321,.F.);
#9981=ORIENTED_EDGE('',*,*,#7322,.F.);
#9982=ORIENTED_EDGE('',*,*,#7286,.T.);
#9983=ORIENTED_EDGE('',*,*,#7295,.F.);
#9984=ORIENTED_EDGE('',*,*,#7323,.T.);
#9985=ORIENTED_EDGE('',*,*,#7322,.T.);
#9986=ORIENTED_EDGE('',*,*,#7324,.F.);
#9987=ORIENTED_EDGE('',*,*,#7290,.T.);
#9988=ORIENTED_EDGE('',*,*,#7319,.T.);
#9989=ORIENTED_EDGE('',*,*,#7317,.T.);
#9990=ORIENTED_EDGE('',*,*,#7315,.T.);
#9991=ORIENTED_EDGE('',*,*,#7313,.T.);
#9992=ORIENTED_EDGE('',*,*,#7311,.T.);
#9993=ORIENTED_EDGE('',*,*,#7291,.T.);
#9994=ORIENTED_EDGE('',*,*,#7324,.T.);
#9995=ORIENTED_EDGE('',*,*,#7321,.T.);
#9996=ORIENTED_EDGE('',*,*,#7296,.T.);
#9997=ORIENTED_EDGE('',*,*,#7298,.F.);
#9998=ORIENTED_EDGE('',*,*,#7320,.F.);
#9999=ORIENTED_EDGE('',*,*,#7323,.F.);
#10000=ORIENTED_EDGE('',*,*,#7294,.F.);
#10001=ORIENTED_EDGE('',*,*,#7304,.T.);
#10002=ORIENTED_EDGE('',*,*,#7307,.T.);
#10003=ORIENTED_EDGE('',*,*,#7325,.F.);
#10004=ORIENTED_EDGE('',*,*,#7326,.T.);
#10005=ORIENTED_EDGE('',*,*,#7327,.F.);
#10006=ORIENTED_EDGE('',*,*,#7326,.F.);
#10007=ORIENTED_EDGE('',*,*,#7328,.F.);
#10008=ORIENTED_EDGE('',*,*,#7329,.T.);
#10009=ORIENTED_EDGE('',*,*,#7330,.F.);
#10010=ORIENTED_EDGE('',*,*,#7329,.F.);
#10011=ORIENTED_EDGE('',*,*,#7331,.F.);
#10012=ORIENTED_EDGE('',*,*,#7332,.T.);
#10013=ORIENTED_EDGE('',*,*,#7333,.F.);
#10014=ORIENTED_EDGE('',*,*,#7332,.F.);
#10015=ORIENTED_EDGE('',*,*,#7334,.F.);
#10016=ORIENTED_EDGE('',*,*,#7335,.T.);
#10017=ORIENTED_EDGE('',*,*,#7336,.T.);
#10018=ORIENTED_EDGE('',*,*,#7335,.F.);
#10019=ORIENTED_EDGE('',*,*,#7334,.T.);
#10020=ORIENTED_EDGE('',*,*,#7327,.T.);
#10021=ORIENTED_EDGE('',*,*,#7330,.T.);
#10022=ORIENTED_EDGE('',*,*,#7333,.T.);
#10023=ORIENTED_EDGE('',*,*,#7336,.F.);
#10024=ORIENTED_EDGE('',*,*,#7325,.T.);
#10025=ORIENTED_EDGE('',*,*,#7328,.T.);
#10026=ORIENTED_EDGE('',*,*,#7331,.T.);
#10027=ORIENTED_EDGE('',*,*,#7337,.F.);
#10028=ORIENTED_EDGE('',*,*,#7338,.T.);
#10029=ORIENTED_EDGE('',*,*,#7339,.F.);
#10030=ORIENTED_EDGE('',*,*,#7338,.F.);
#10031=ORIENTED_EDGE('',*,*,#7337,.T.);
#10032=ORIENTED_EDGE('',*,*,#7340,.F.);
#10033=ORIENTED_EDGE('',*,*,#7341,.T.);
#10034=ORIENTED_EDGE('',*,*,#7342,.T.);
#10035=ORIENTED_EDGE('',*,*,#7341,.F.);
#10036=ORIENTED_EDGE('',*,*,#7342,.F.);
#10037=ORIENTED_EDGE('',*,*,#7343,.T.);
#10038=ORIENTED_EDGE('',*,*,#7344,.T.);
#10039=ORIENTED_EDGE('',*,*,#7345,.F.);
#10040=ORIENTED_EDGE('',*,*,#7346,.F.);
#10041=ORIENTED_EDGE('',*,*,#7347,.T.);
#10042=ORIENTED_EDGE('',*,*,#7346,.T.);
#10043=ORIENTED_EDGE('',*,*,#7348,.F.);
#10044=ORIENTED_EDGE('',*,*,#7349,.F.);
#10045=ORIENTED_EDGE('',*,*,#7339,.T.);
#10046=ORIENTED_EDGE('',*,*,#7350,.T.);
#10047=ORIENTED_EDGE('',*,*,#7349,.T.);
#10048=ORIENTED_EDGE('',*,*,#7351,.F.);
#10049=ORIENTED_EDGE('',*,*,#7352,.F.);
#10050=ORIENTED_EDGE('',*,*,#7353,.T.);
#10051=ORIENTED_EDGE('',*,*,#7352,.T.);
#10052=ORIENTED_EDGE('',*,*,#7354,.F.);
#10053=ORIENTED_EDGE('',*,*,#7344,.F.);
#10054=ORIENTED_EDGE('',*,*,#7340,.T.);
#10055=ORIENTED_EDGE('',*,*,#7354,.T.);
#10056=ORIENTED_EDGE('',*,*,#7351,.T.);
#10057=ORIENTED_EDGE('',*,*,#7348,.T.);
#10058=ORIENTED_EDGE('',*,*,#7345,.T.);
#10059=ORIENTED_EDGE('',*,*,#7353,.F.);
#10060=ORIENTED_EDGE('',*,*,#7343,.F.);
#10061=ORIENTED_EDGE('',*,*,#7347,.F.);
#10062=ORIENTED_EDGE('',*,*,#7350,.F.);
#10063=ORIENTED_EDGE('',*,*,#7355,.F.);
#10064=ORIENTED_EDGE('',*,*,#7356,.T.);
#10065=ORIENTED_EDGE('',*,*,#7357,.F.);
#10066=ORIENTED_EDGE('',*,*,#7356,.F.);
#10067=ORIENTED_EDGE('',*,*,#7355,.T.);
#10068=ORIENTED_EDGE('',*,*,#7358,.F.);
#10069=ORIENTED_EDGE('',*,*,#7359,.T.);
#10070=ORIENTED_EDGE('',*,*,#7360,.T.);
#10071=ORIENTED_EDGE('',*,*,#7359,.F.);
#10072=ORIENTED_EDGE('',*,*,#7360,.F.);
#10073=ORIENTED_EDGE('',*,*,#7361,.T.);
#10074=ORIENTED_EDGE('',*,*,#7362,.T.);
#10075=ORIENTED_EDGE('',*,*,#7363,.F.);
#10076=ORIENTED_EDGE('',*,*,#7364,.F.);
#10077=ORIENTED_EDGE('',*,*,#7365,.T.);
#10078=ORIENTED_EDGE('',*,*,#7364,.T.);
#10079=ORIENTED_EDGE('',*,*,#7366,.F.);
#10080=ORIENTED_EDGE('',*,*,#7367,.F.);
#10081=ORIENTED_EDGE('',*,*,#7357,.T.);
#10082=ORIENTED_EDGE('',*,*,#7368,.T.);
#10083=ORIENTED_EDGE('',*,*,#7367,.T.);
#10084=ORIENTED_EDGE('',*,*,#7369,.F.);
#10085=ORIENTED_EDGE('',*,*,#7370,.F.);
#10086=ORIENTED_EDGE('',*,*,#7371,.T.);
#10087=ORIENTED_EDGE('',*,*,#7370,.T.);
#10088=ORIENTED_EDGE('',*,*,#7372,.F.);
#10089=ORIENTED_EDGE('',*,*,#7362,.F.);
#10090=ORIENTED_EDGE('',*,*,#7358,.T.);
#10091=ORIENTED_EDGE('',*,*,#7372,.T.);
#10092=ORIENTED_EDGE('',*,*,#7369,.T.);
#10093=ORIENTED_EDGE('',*,*,#7366,.T.);
#10094=ORIENTED_EDGE('',*,*,#7363,.T.);
#10095=ORIENTED_EDGE('',*,*,#7371,.F.);
#10096=ORIENTED_EDGE('',*,*,#7361,.F.);
#10097=ORIENTED_EDGE('',*,*,#7365,.F.);
#10098=ORIENTED_EDGE('',*,*,#7368,.F.);
#10099=CYLINDRICAL_SURFACE('',#11624,1.7);
#10100=CYLINDRICAL_SURFACE('',#11627,1.7);
#10101=CYLINDRICAL_SURFACE('',#11630,1.7);
#10102=CYLINDRICAL_SURFACE('',#11633,1.7);
#10103=CYLINDRICAL_SURFACE('',#11636,1.7);
#10104=CYLINDRICAL_SURFACE('',#11639,1.7);
#10105=CYLINDRICAL_SURFACE('',#11642,1.7);
#10106=CYLINDRICAL_SURFACE('',#11645,1.7);
#10107=CYLINDRICAL_SURFACE('',#11648,1.7);
#10108=CYLINDRICAL_SURFACE('',#11651,1.7);
#10109=CYLINDRICAL_SURFACE('',#11654,1.7);
#10110=CYLINDRICAL_SURFACE('',#11657,1.7);
#10111=CYLINDRICAL_SURFACE('',#11660,1.7);
#10112=CYLINDRICAL_SURFACE('',#11663,1.7);
#10113=CYLINDRICAL_SURFACE('',#11666,1.7);
#10114=CYLINDRICAL_SURFACE('',#11669,1.7);
#10115=CYLINDRICAL_SURFACE('',#11672,1.25);
#10116=CYLINDRICAL_SURFACE('',#11675,1.25);
#10117=CYLINDRICAL_SURFACE('',#11678,1.25);
#10118=CYLINDRICAL_SURFACE('',#11681,1.25);
#10119=CYLINDRICAL_SURFACE('',#11684,1.25);
#10120=CYLINDRICAL_SURFACE('',#11687,1.25);
#10121=CYLINDRICAL_SURFACE('',#11690,1.25);
#10122=CYLINDRICAL_SURFACE('',#11693,1.25);
#10123=CYLINDRICAL_SURFACE('',#11696,1.25);
#10124=CYLINDRICAL_SURFACE('',#11699,1.25);
#10125=CYLINDRICAL_SURFACE('',#11702,1.25);
#10126=CYLINDRICAL_SURFACE('',#11705,1.25);
#10127=CYLINDRICAL_SURFACE('',#11724,1.45);
#10128=CYLINDRICAL_SURFACE('',#11727,1.45);
#10129=CYLINDRICAL_SURFACE('',#11730,1.45);
#10130=CYLINDRICAL_SURFACE('',#11733,1.45);
#10131=CYLINDRICAL_SURFACE('',#11736,1.45);
#10132=CYLINDRICAL_SURFACE('',#11739,1.45);
#10133=CYLINDRICAL_SURFACE('',#11742,1.7);
#10134=CYLINDRICAL_SURFACE('',#11745,1.7);
#10135=CYLINDRICAL_SURFACE('',#11748,1.7);
#10136=CYLINDRICAL_SURFACE('',#11751,1.7);
#10137=CYLINDRICAL_SURFACE('',#11754,1.7);
#10138=CYLINDRICAL_SURFACE('',#11757,1.7);
#10139=CYLINDRICAL_SURFACE('',#11760,1.7);
#10140=CYLINDRICAL_SURFACE('',#11763,1.7);
#10141=CYLINDRICAL_SURFACE('',#11766,1.7);
#10142=CYLINDRICAL_SURFACE('',#11769,1.7);
#10143=CYLINDRICAL_SURFACE('',#11772,1.7);
#10144=CYLINDRICAL_SURFACE('',#11775,1.7);
#10145=CYLINDRICAL_SURFACE('',#11793,1.7);
#10146=CYLINDRICAL_SURFACE('',#11796,1.7);
#10147=CYLINDRICAL_SURFACE('',#11799,1.7);
#10148=CYLINDRICAL_SURFACE('',#11802,1.7);
#10149=CYLINDRICAL_SURFACE('',#11816,1.7);
#10150=CYLINDRICAL_SURFACE('',#11819,1.7);
#10151=CYLINDRICAL_SURFACE('',#11822,1.7);
#10152=CYLINDRICAL_SURFACE('',#11825,1.7);
#10153=CYLINDRICAL_SURFACE('',#11839,3.);
#10154=CYLINDRICAL_SURFACE('',#11842,1.7);
#10155=CYLINDRICAL_SURFACE('',#11845,1.7);
#10156=CYLINDRICAL_SURFACE('',#11848,1.7);
#10157=CYLINDRICAL_SURFACE('',#11851,1.7);
#10158=CYLINDRICAL_SURFACE('',#11854,1.7);
#10159=CYLINDRICAL_SURFACE('',#11857,1.7);
#10160=CYLINDRICAL_SURFACE('',#11869,1.25);
#10161=CYLINDRICAL_SURFACE('',#11877,1.7);
#10162=CYLINDRICAL_SURFACE('',#11879,1.7);
#10163=CYLINDRICAL_SURFACE('',#11889,1.25);
#10164=CYLINDRICAL_SURFACE('',#11897,1.7);
#10165=CYLINDRICAL_SURFACE('',#11899,1.7);
#10166=CYLINDRICAL_SURFACE('',#11907,1.25);
#10167=CYLINDRICAL_SURFACE('',#11908,1.25);
#10168=CYLINDRICAL_SURFACE('',#11912,1.25);
#10169=CYLINDRICAL_SURFACE('',#11916,3.);
#10170=CYLINDRICAL_SURFACE('',#11921,1.25);
#10171=CYLINDRICAL_SURFACE('',#11922,1.25);
#10172=CYLINDRICAL_SURFACE('',#11923,1.25);
#10173=CYLINDRICAL_SURFACE('',#11924,1.25);
#10174=CYLINDRICAL_SURFACE('',#11928,1.25);
#10175=CYLINDRICAL_SURFACE('',#11932,3.);
#10176=CYLINDRICAL_SURFACE('',#11937,1.25);
#10177=CYLINDRICAL_SURFACE('',#11938,1.25);
#10178=CYLINDRICAL_SURFACE('',#11942,1.25);
#10179=CYLINDRICAL_SURFACE('',#11946,3.);
#10180=CYLINDRICAL_SURFACE('',#11951,1.25);
#10181=CYLINDRICAL_SURFACE('',#11952,1.25);
#10182=CYLINDRICAL_SURFACE('',#11956,1.25);
#10183=CYLINDRICAL_SURFACE('',#11960,3.);
#10184=CYLINDRICAL_SURFACE('',#11974,1.7);
#10185=CYLINDRICAL_SURFACE('',#11977,1.7);
#10186=CYLINDRICAL_SURFACE('',#11980,2.1);
#10187=CYLINDRICAL_SURFACE('',#11984,8.1);
#10188=CYLINDRICAL_SURFACE('',#11988,21.);
#10189=CYLINDRICAL_SURFACE('',#11994,1.7);
#10190=CYLINDRICAL_SURFACE('',#11997,1.7);
#10191=CYLINDRICAL_SURFACE('',#12000,2.1);
#10192=CYLINDRICAL_SURFACE('',#12004,8.1);
#10193=CYLINDRICAL_SURFACE('',#12008,21.);
#10194=CYLINDRICAL_SURFACE('',#12038,1.);
#10195=CYLINDRICAL_SURFACE('',#12041,0.999999999999996);
#10196=CYLINDRICAL_SURFACE('',#12066,1.7);
#10197=CYLINDRICAL_SURFACE('',#12069,1.7);
#10198=CYLINDRICAL_SURFACE('',#12072,1.7);
#10199=CYLINDRICAL_SURFACE('',#12075,1.7);
#10200=CYLINDRICAL_SURFACE('',#12087,1.45);
#10201=CYLINDRICAL_SURFACE('',#12090,1.45);
#10202=CYLINDRICAL_SURFACE('',#12093,1.45);
#10203=CYLINDRICAL_SURFACE('',#12096,1.45);
#10204=CYLINDRICAL_SURFACE('',#12126,1.05);
#10205=CYLINDRICAL_SURFACE('',#12130,1.05);
#10206=CYLINDRICAL_SURFACE('',#12134,2.5);
#10207=CYLINDRICAL_SURFACE('',#12140,1.05);
#10208=CYLINDRICAL_SURFACE('',#12144,1.05);
#10209=CYLINDRICAL_SURFACE('',#12148,2.5);
#10210=CYLINDRICAL_SURFACE('',#12154,1.05);
#10211=CYLINDRICAL_SURFACE('',#12158,1.05);
#10212=CYLINDRICAL_SURFACE('',#12162,2.5);
#10213=CYLINDRICAL_SURFACE('',#12168,1.05);
#10214=CYLINDRICAL_SURFACE('',#12172,1.05);
#10215=CYLINDRICAL_SURFACE('',#12176,2.5);
#10216=CYLINDRICAL_SURFACE('',#12182,1.05);
#10217=CYLINDRICAL_SURFACE('',#12186,1.05);
#10218=CYLINDRICAL_SURFACE('',#12190,3.);
#10219=CYLINDRICAL_SURFACE('',#12196,1.05);
#10220=CYLINDRICAL_SURFACE('',#12200,1.05);
#10221=CYLINDRICAL_SURFACE('',#12204,3.);
#10222=CYLINDRICAL_SURFACE('',#12210,1.7);
#10223=CYLINDRICAL_SURFACE('',#12213,1.7);
#10224=CYLINDRICAL_SURFACE('',#12232,1.7);
#10225=CYLINDRICAL_SURFACE('',#12235,1.7);
#10226=CYLINDRICAL_SURFACE('',#12254,1.1);
#10227=CYLINDRICAL_SURFACE('',#12257,1.1);
#10228=CYLINDRICAL_SURFACE('',#12260,1.7);
#10229=CYLINDRICAL_SURFACE('',#12263,1.7);
#10230=CYLINDRICAL_SURFACE('',#12294,1.6);
#10231=CYLINDRICAL_SURFACE('',#12304,3.2);
#10232=CYLINDRICAL_SURFACE('',#12317,1.25);
#10233=CYLINDRICAL_SURFACE('',#12321,1.25);
#10234=CYLINDRICAL_SURFACE('',#12329,3.2);
#10235=CYLINDRICAL_SURFACE('',#12337,1.25);
#10236=CYLINDRICAL_SURFACE('',#12341,1.25);
#10237=CYLINDRICAL_SURFACE('',#12348,3.2);
#10238=CYLINDRICAL_SURFACE('',#12361,2.5);
#10239=CYLINDRICAL_SURFACE('',#12368,3.);
#10240=CYLINDRICAL_SURFACE('',#12370,2.5);
#10241=CYLINDRICAL_SURFACE('',#12376,3.);
#10242=CYLINDRICAL_SURFACE('',#12381,3.);
#10243=CYLINDRICAL_SURFACE('',#12383,1.5);
#10244=CYLINDRICAL_SURFACE('',#12408,1.6);
#10245=CYLINDRICAL_SURFACE('',#12411,1.6);
#10246=CYLINDRICAL_SURFACE('',#12421,1.6);
#10247=CYLINDRICAL_SURFACE('',#12424,1.6);
#10248=CYLINDRICAL_SURFACE('',#12441,1.7);
#10249=CYLINDRICAL_SURFACE('',#12444,1.7);
#10250=CYLINDRICAL_SURFACE('',#12456,1.25);
#10251=CYLINDRICAL_SURFACE('',#12466,1.25);
#10252=CYLINDRICAL_SURFACE('',#12476,1.7);
#10253=CYLINDRICAL_SURFACE('',#12479,1.7);
#10254=CYLINDRICAL_SURFACE('',#12491,1.25);
#10255=CYLINDRICAL_SURFACE('',#12501,1.25);
#10256=CYLINDRICAL_SURFACE('',#12511,4.);
#10257=CYLINDRICAL_SURFACE('',#12520,2.5);
#10258=CYLINDRICAL_SURFACE('',#12522,4.);
#10259=CYLINDRICAL_SURFACE('',#12531,2.5);
#10260=CYLINDRICAL_SURFACE('',#12553,11.);
#10261=CYLINDRICAL_SURFACE('',#12559,2.);
#10262=CYLINDRICAL_SURFACE('',#12565,1.6);
#10263=CYLINDRICAL_SURFACE('',#12568,1.6);
#10264=CYLINDRICAL_SURFACE('',#12571,1.6);
#10265=CYLINDRICAL_SURFACE('',#12574,1.6);
#10266=CYLINDRICAL_SURFACE('',#12577,11.1);
#10267=CYLINDRICAL_SURFACE('',#12596,1.25);
#10268=CYLINDRICAL_SURFACE('',#12600,1.25);
#10269=CYLINDRICAL_SURFACE('',#12604,1.25);
#10270=CYLINDRICAL_SURFACE('',#12606,1.25);
#10271=CYLINDRICAL_SURFACE('',#12608,1.25);
#10272=CYLINDRICAL_SURFACE('',#12610,1.25);
#10273=CYLINDRICAL_SURFACE('',#12612,11.1);
#10274=CYLINDRICAL_SURFACE('',#12619,1.25);
#10275=CYLINDRICAL_SURFACE('',#12622,1.25);
#10276=CYLINDRICAL_SURFACE('',#12625,2.);
#10277=CYLINDRICAL_SURFACE('',#12628,8.);
#10278=CYLINDRICAL_SURFACE('',#12634,11.);
#10279=CYLINDRICAL_SURFACE('',#12640,2.);
#10280=CYLINDRICAL_SURFACE('',#12646,1.6);
#10281=CYLINDRICAL_SURFACE('',#12649,1.6);
#10282=CYLINDRICAL_SURFACE('',#12652,1.6);
#10283=CYLINDRICAL_SURFACE('',#12655,1.6);
#10284=CYLINDRICAL_SURFACE('',#12658,11.1);
#10285=CYLINDRICAL_SURFACE('',#12677,1.25);
#10286=CYLINDRICAL_SURFACE('',#12681,1.25);
#10287=CYLINDRICAL_SURFACE('',#12685,1.25);
#10288=CYLINDRICAL_SURFACE('',#12687,1.25);
#10289=CYLINDRICAL_SURFACE('',#12689,1.25);
#10290=CYLINDRICAL_SURFACE('',#12691,1.25);
#10291=CYLINDRICAL_SURFACE('',#12693,11.1);
#10292=CYLINDRICAL_SURFACE('',#12700,1.25);
#10293=CYLINDRICAL_SURFACE('',#12703,1.25);
#10294=CYLINDRICAL_SURFACE('',#12706,2.);
#10295=CYLINDRICAL_SURFACE('',#12709,8.);
#10296=CYLINDRICAL_SURFACE('',#12726,1.25);
#10297=CYLINDRICAL_SURFACE('',#12730,1.25);
#10298=CYLINDRICAL_SURFACE('',#12741,1.25);
#10299=CYLINDRICAL_SURFACE('',#12745,1.25);
#10300=ADVANCED_FACE('',(#1265),#10099,.F.);
#10301=ADVANCED_FACE('',(#1266),#10100,.F.);
#10302=ADVANCED_FACE('',(#1267),#10101,.F.);
#10303=ADVANCED_FACE('',(#1268),#10102,.F.);
#10304=ADVANCED_FACE('',(#1269),#10103,.F.);
#10305=ADVANCED_FACE('',(#1270),#10104,.F.);
#10306=ADVANCED_FACE('',(#1271),#10105,.F.);
#10307=ADVANCED_FACE('',(#1272),#10106,.F.);
#10308=ADVANCED_FACE('',(#1273),#10107,.F.);
#10309=ADVANCED_FACE('',(#1274),#10108,.F.);
#10310=ADVANCED_FACE('',(#1275),#10109,.F.);
#10311=ADVANCED_FACE('',(#1276),#10110,.F.);
#10312=ADVANCED_FACE('',(#1277),#10111,.F.);
#10313=ADVANCED_FACE('',(#1278),#10112,.F.);
#10314=ADVANCED_FACE('',(#1279),#10113,.F.);
#10315=ADVANCED_FACE('',(#1280),#10114,.F.);
#10316=ADVANCED_FACE('',(#1281),#10115,.F.);
#10317=ADVANCED_FACE('',(#1282),#10116,.F.);
#10318=ADVANCED_FACE('',(#1283),#10117,.F.);
#10319=ADVANCED_FACE('',(#1284),#10118,.F.);
#10320=ADVANCED_FACE('',(#1285),#10119,.F.);
#10321=ADVANCED_FACE('',(#1286),#10120,.F.);
#10322=ADVANCED_FACE('',(#1287),#10121,.F.);
#10323=ADVANCED_FACE('',(#1288),#10122,.F.);
#10324=ADVANCED_FACE('',(#1289),#10123,.F.);
#10325=ADVANCED_FACE('',(#1290),#10124,.F.);
#10326=ADVANCED_FACE('',(#1291),#10125,.F.);
#10327=ADVANCED_FACE('',(#1292),#10126,.F.);
#10328=ADVANCED_FACE('',(#1293),#846,.F.);
#10329=ADVANCED_FACE('',(#1294),#847,.F.);
#10330=ADVANCED_FACE('',(#1295),#848,.F.);
#10331=ADVANCED_FACE('',(#1296),#849,.F.);
#10332=ADVANCED_FACE('',(#1297),#850,.F.);
#10333=ADVANCED_FACE('',(#1298),#851,.F.);
#10334=ADVANCED_FACE('',(#1299),#852,.F.);
#10335=ADVANCED_FACE('',(#1300),#853,.F.);
#10336=ADVANCED_FACE('',(#1301),#854,.F.);
#10337=ADVANCED_FACE('',(#1302),#855,.F.);
#10338=ADVANCED_FACE('',(#1303),#856,.F.);
#10339=ADVANCED_FACE('',(#1304),#857,.F.);
#10340=ADVANCED_FACE('',(#1305),#858,.F.);
#10341=ADVANCED_FACE('',(#1306),#859,.F.);
#10342=ADVANCED_FACE('',(#1307),#860,.F.);
#10343=ADVANCED_FACE('',(#1308),#861,.F.);
#10344=ADVANCED_FACE('',(#1309),#10127,.F.);
#10345=ADVANCED_FACE('',(#1310),#10128,.F.);
#10346=ADVANCED_FACE('',(#1311),#10129,.F.);
#10347=ADVANCED_FACE('',(#1312),#10130,.F.);
#10348=ADVANCED_FACE('',(#1313),#10131,.F.);
#10349=ADVANCED_FACE('',(#1314),#10132,.F.);
#10350=ADVANCED_FACE('',(#1315),#10133,.F.);
#10351=ADVANCED_FACE('',(#1316),#10134,.F.);
#10352=ADVANCED_FACE('',(#1317),#10135,.F.);
#10353=ADVANCED_FACE('',(#1318),#10136,.F.);
#10354=ADVANCED_FACE('',(#1319),#10137,.F.);
#10355=ADVANCED_FACE('',(#1320),#10138,.F.);
#10356=ADVANCED_FACE('',(#1321),#10139,.F.);
#10357=ADVANCED_FACE('',(#1322),#10140,.F.);
#10358=ADVANCED_FACE('',(#1323),#10141,.F.);
#10359=ADVANCED_FACE('',(#1324),#10142,.F.);
#10360=ADVANCED_FACE('',(#1325),#10143,.F.);
#10361=ADVANCED_FACE('',(#1326),#10144,.F.);
#10362=ADVANCED_FACE('',(#1327),#862,.F.);
#10363=ADVANCED_FACE('',(#1328),#863,.F.);
#10364=ADVANCED_FACE('',(#1329),#864,.F.);
#10365=ADVANCED_FACE('',(#1330,#537,#538,#539,#540,#541,#542,#543,#544,
#545,#546,#547,#548,#549,#550,#551,#552,#553,#554,#555,#556,#557,#558,#559,
#560,#561,#562,#563,#564,#565,#566,#567,#568,#569,#570,#571,#572,#573,#574,
#575,#576,#577,#578,#579,#580,#581,#582),#865,.T.);
#10366=ADVANCED_FACE('',(#1331),#866,.T.);
#10367=ADVANCED_FACE('',(#1332),#867,.F.);
#10368=ADVANCED_FACE('',(#1333),#868,.F.);
#10369=ADVANCED_FACE('',(#1334),#869,.F.);
#10370=ADVANCED_FACE('',(#1335,#583,#584,#585,#586,#587,#588,#589,#590,
#591,#592,#593,#594,#595,#596,#597,#598,#599,#600,#601,#602,#603,#604,#605,
#606,#607,#608,#609,#610,#611,#612,#613,#614,#615,#616,#617,#618,#619,#620,
#621,#622,#623,#624,#625,#626,#627,#628),#870,.T.);
#10371=ADVANCED_FACE('',(#1336),#871,.T.);
#10372=ADVANCED_FACE('',(#1337),#872,.T.);
#10373=ADVANCED_FACE('',(#1338),#873,.T.);
#10374=ADVANCED_FACE('',(#1339),#874,.T.);
#10375=ADVANCED_FACE('',(#1340),#875,.T.);
#10376=ADVANCED_FACE('',(#1341),#10145,.F.);
#10377=ADVANCED_FACE('',(#1342),#10146,.F.);
#10378=ADVANCED_FACE('',(#1343),#10147,.F.);
#10379=ADVANCED_FACE('',(#1344),#10148,.F.);
#10380=ADVANCED_FACE('',(#1345),#876,.F.);
#10381=ADVANCED_FACE('',(#1346),#877,.F.);
#10382=ADVANCED_FACE('',(#1347),#878,.F.);
#10383=ADVANCED_FACE('',(#1348,#629,#630,#631,#632),#879,.T.);
#10384=ADVANCED_FACE('',(#1349),#880,.T.);
#10385=ADVANCED_FACE('',(#1350),#881,.T.);
#10386=ADVANCED_FACE('',(#1351),#882,.F.);
#10387=ADVANCED_FACE('',(#1352),#883,.T.);
#10388=ADVANCED_FACE('',(#1353),#884,.T.);
#10389=ADVANCED_FACE('',(#1354,#633,#634,#635,#636),#885,.F.);
#10390=ADVANCED_FACE('',(#1355),#10149,.F.);
#10391=ADVANCED_FACE('',(#1356),#10150,.F.);
#10392=ADVANCED_FACE('',(#1357),#10151,.F.);
#10393=ADVANCED_FACE('',(#1358),#10152,.F.);
#10394=ADVANCED_FACE('',(#1359),#886,.F.);
#10395=ADVANCED_FACE('',(#1360),#887,.F.);
#10396=ADVANCED_FACE('',(#1361),#888,.F.);
#10397=ADVANCED_FACE('',(#1362,#637,#638,#639,#640),#889,.T.);
#10398=ADVANCED_FACE('',(#1363),#890,.T.);
#10399=ADVANCED_FACE('',(#1364),#891,.T.);
#10400=ADVANCED_FACE('',(#1365),#892,.F.);
#10401=ADVANCED_FACE('',(#1366),#893,.T.);
#10402=ADVANCED_FACE('',(#1367),#894,.T.);
#10403=ADVANCED_FACE('',(#1368,#641,#642,#643,#644),#895,.T.);
#10404=ADVANCED_FACE('',(#1369),#10153,.F.);
#10405=ADVANCED_FACE('',(#1370),#10154,.F.);
#10406=ADVANCED_FACE('',(#1371),#10155,.F.);
#10407=ADVANCED_FACE('',(#1372),#10156,.F.);
#10408=ADVANCED_FACE('',(#1373),#10157,.F.);
#10409=ADVANCED_FACE('',(#1374),#10158,.F.);
#10410=ADVANCED_FACE('',(#1375),#10159,.F.);
#10411=ADVANCED_FACE('',(#1376),#896,.T.);
#10412=ADVANCED_FACE('',(#1377),#897,.T.);
#10413=ADVANCED_FACE('',(#1378),#898,.T.);
#10414=ADVANCED_FACE('',(#1379),#899,.T.);
#10415=ADVANCED_FACE('',(#1380,#645,#646,#647,#648,#649,#650,#651),#900,
 .T.);
#10416=ADVANCED_FACE('',(#1381,#652,#653,#654,#655,#656,#657,#658),#901,
 .F.);
#10417=ADVANCED_FACE('',(#1382),#902,.F.);
#10418=ADVANCED_FACE('',(#1383),#10160,.F.);
#10419=ADVANCED_FACE('',(#1384,#659,#660),#903,.F.);
#10420=ADVANCED_FACE('',(#1385,#661),#904,.F.);
#10421=ADVANCED_FACE('',(#1386),#905,.F.);
#10422=ADVANCED_FACE('',(#1387),#906,.F.);
#10423=ADVANCED_FACE('',(#1388),#10161,.F.);
#10424=ADVANCED_FACE('',(#1389),#10162,.F.);
#10425=ADVANCED_FACE('',(#1390),#907,.T.);
#10426=ADVANCED_FACE('',(#1391,#662,#663),#908,.T.);
#10427=ADVANCED_FACE('',(#1392),#909,.T.);
#10428=ADVANCED_FACE('',(#1393,#664),#910,.T.);
#10429=ADVANCED_FACE('',(#1394),#911,.F.);
#10430=ADVANCED_FACE('',(#1395),#912,.F.);
#10431=ADVANCED_FACE('',(#1396),#10163,.F.);
#10432=ADVANCED_FACE('',(#1397,#665),#913,.F.);
#10433=ADVANCED_FACE('',(#1398,#666,#667),#914,.F.);
#10434=ADVANCED_FACE('',(#1399),#915,.F.);
#10435=ADVANCED_FACE('',(#1400),#916,.F.);
#10436=ADVANCED_FACE('',(#1401),#10164,.F.);
#10437=ADVANCED_FACE('',(#1402),#10165,.F.);
#10438=ADVANCED_FACE('',(#1403,#668,#669),#917,.T.);
#10439=ADVANCED_FACE('',(#1404),#918,.T.);
#10440=ADVANCED_FACE('',(#1405),#919,.T.);
#10441=ADVANCED_FACE('',(#1406),#920,.T.);
#10442=ADVANCED_FACE('',(#1407,#670),#921,.T.);
#10443=ADVANCED_FACE('',(#1408),#10166,.F.);
#10444=ADVANCED_FACE('',(#1409),#10167,.F.);
#10445=ADVANCED_FACE('',(#1410),#922,.T.);
#10446=ADVANCED_FACE('',(#1411),#10168,.F.);
#10447=ADVANCED_FACE('',(#1412),#923,.F.);
#10448=ADVANCED_FACE('',(#1413,#671),#10169,.T.);
#10449=ADVANCED_FACE('',(#1414,#672),#924,.T.);
#10450=ADVANCED_FACE('',(#1415,#673),#925,.F.);
#10451=ADVANCED_FACE('',(#1416),#10170,.F.);
#10452=ADVANCED_FACE('',(#1417),#10171,.F.);
#10453=ADVANCED_FACE('',(#1418),#10172,.F.);
#10454=ADVANCED_FACE('',(#1419),#10173,.F.);
#10455=ADVANCED_FACE('',(#1420),#926,.T.);
#10456=ADVANCED_FACE('',(#1421),#10174,.F.);
#10457=ADVANCED_FACE('',(#1422),#927,.F.);
#10458=ADVANCED_FACE('',(#1423,#674,#675,#676,#677,#678),#10175,.T.);
#10459=ADVANCED_FACE('',(#1424,#679),#928,.T.);
#10460=ADVANCED_FACE('',(#1425,#680),#929,.F.);
#10461=ADVANCED_FACE('',(#1426),#10176,.F.);
#10462=ADVANCED_FACE('',(#1427),#10177,.F.);
#10463=ADVANCED_FACE('',(#1428),#930,.T.);
#10464=ADVANCED_FACE('',(#1429),#10178,.F.);
#10465=ADVANCED_FACE('',(#1430),#931,.F.);
#10466=ADVANCED_FACE('',(#1431,#681),#10179,.T.);
#10467=ADVANCED_FACE('',(#1432,#682),#932,.T.);
#10468=ADVANCED_FACE('',(#1433,#683),#933,.F.);
#10469=ADVANCED_FACE('',(#1434),#10180,.F.);
#10470=ADVANCED_FACE('',(#1435),#10181,.F.);
#10471=ADVANCED_FACE('',(#1436),#934,.T.);
#10472=ADVANCED_FACE('',(#1437),#10182,.F.);
#10473=ADVANCED_FACE('',(#1438),#935,.F.);
#10474=ADVANCED_FACE('',(#1439,#684),#10183,.T.);
#10475=ADVANCED_FACE('',(#1440,#685),#936,.T.);
#10476=ADVANCED_FACE('',(#1441,#686),#937,.F.);
#10477=ADVANCED_FACE('',(#1442),#10184,.F.);
#10478=ADVANCED_FACE('',(#1443),#10185,.F.);
#10479=ADVANCED_FACE('',(#1444),#10186,.F.);
#10480=ADVANCED_FACE('',(#1445),#938,.T.);
#10481=ADVANCED_FACE('',(#1446),#10187,.F.);
#10482=ADVANCED_FACE('',(#1447,#687,#688,#689),#939,.T.);
#10483=ADVANCED_FACE('',(#1448),#10188,.T.);
#10484=ADVANCED_FACE('',(#1449,#690),#940,.T.);
#10485=ADVANCED_FACE('',(#1450,#691,#692),#941,.F.);
#10486=ADVANCED_FACE('',(#1451),#10189,.F.);
#10487=ADVANCED_FACE('',(#1452),#10190,.F.);
#10488=ADVANCED_FACE('',(#1453),#10191,.F.);
#10489=ADVANCED_FACE('',(#1454),#942,.F.);
#10490=ADVANCED_FACE('',(#1455),#10192,.F.);
#10491=ADVANCED_FACE('',(#1456,#693,#694,#695),#943,.F.);
#10492=ADVANCED_FACE('',(#1457),#10193,.T.);
#10493=ADVANCED_FACE('',(#1458,#696,#697),#944,.T.);
#10494=ADVANCED_FACE('',(#1459,#698),#945,.F.);
#10495=ADVANCED_FACE('',(#1460),#946,.T.);
#10496=ADVANCED_FACE('',(#1461),#947,.T.);
#10497=ADVANCED_FACE('',(#1462),#948,.T.);
#10498=ADVANCED_FACE('',(#1463),#949,.T.);
#10499=ADVANCED_FACE('',(#1464),#950,.T.);
#10500=ADVANCED_FACE('',(#1465),#951,.F.);
#10501=ADVANCED_FACE('',(#1466),#952,.T.);
#10502=ADVANCED_FACE('',(#1467),#953,.T.);
#10503=ADVANCED_FACE('',(#1468),#954,.T.);
#10504=ADVANCED_FACE('',(#1469),#955,.T.);
#10505=ADVANCED_FACE('',(#1470),#956,.T.);
#10506=ADVANCED_FACE('',(#1471),#957,.F.);
#10507=ADVANCED_FACE('',(#1472),#958,.T.);
#10508=ADVANCED_FACE('',(#1473),#959,.T.);
#10509=ADVANCED_FACE('',(#1474),#960,.T.);
#10510=ADVANCED_FACE('',(#1475),#961,.T.);
#10511=ADVANCED_FACE('',(#1476),#962,.T.);
#10512=ADVANCED_FACE('',(#1477),#963,.F.);
#10513=ADVANCED_FACE('',(#1478),#10194,.F.);
#10514=ADVANCED_FACE('',(#1479),#10195,.F.);
#10515=ADVANCED_FACE('',(#1480),#964,.T.);
#10516=ADVANCED_FACE('',(#1481),#965,.T.);
#10517=ADVANCED_FACE('',(#1482),#966,.T.);
#10518=ADVANCED_FACE('',(#1483),#967,.T.);
#10519=ADVANCED_FACE('',(#1484,#699,#700),#968,.T.);
#10520=ADVANCED_FACE('',(#1485,#701,#702),#969,.F.);
#10521=ADVANCED_FACE('',(#1486),#970,.T.);
#10522=ADVANCED_FACE('',(#1487),#971,.T.);
#10523=ADVANCED_FACE('',(#1488),#972,.T.);
#10524=ADVANCED_FACE('',(#1489),#973,.T.);
#10525=ADVANCED_FACE('',(#1490),#974,.T.);
#10526=ADVANCED_FACE('',(#1491),#975,.F.);
#10527=ADVANCED_FACE('',(#1492),#10196,.F.);
#10528=ADVANCED_FACE('',(#1493),#10197,.F.);
#10529=ADVANCED_FACE('',(#1494),#10198,.F.);
#10530=ADVANCED_FACE('',(#1495),#10199,.F.);
#10531=ADVANCED_FACE('',(#1496,#703,#704,#705,#706),#976,.T.);
#10532=ADVANCED_FACE('',(#1497),#977,.T.);
#10533=ADVANCED_FACE('',(#1498,#707,#708,#709,#710),#978,.T.);
#10534=ADVANCED_FACE('',(#1499),#979,.T.);
#10535=ADVANCED_FACE('',(#1500),#980,.T.);
#10536=ADVANCED_FACE('',(#1501),#981,.F.);
#10537=ADVANCED_FACE('',(#1502),#10200,.F.);
#10538=ADVANCED_FACE('',(#1503),#10201,.F.);
#10539=ADVANCED_FACE('',(#1504),#10202,.F.);
#10540=ADVANCED_FACE('',(#1505),#10203,.F.);
#10541=ADVANCED_FACE('',(#1506),#982,.F.);
#10542=ADVANCED_FACE('',(#1507),#983,.F.);
#10543=ADVANCED_FACE('',(#1508),#984,.F.);
#10544=ADVANCED_FACE('',(#1509),#985,.F.);
#10545=ADVANCED_FACE('',(#1510),#986,.F.);
#10546=ADVANCED_FACE('',(#1511),#987,.F.);
#10547=ADVANCED_FACE('',(#1512),#988,.F.);
#10548=ADVANCED_FACE('',(#1513),#989,.F.);
#10549=ADVANCED_FACE('',(#1514),#990,.T.);
#10550=ADVANCED_FACE('',(#1515),#991,.T.);
#10551=ADVANCED_FACE('',(#1516),#992,.T.);
#10552=ADVANCED_FACE('',(#1517),#993,.T.);
#10553=ADVANCED_FACE('',(#1518,#711,#712,#713,#714,#715,#716),#994,.T.);
#10554=ADVANCED_FACE('',(#1519,#717,#718,#719,#720,#721,#722),#995,.F.);
#10555=ADVANCED_FACE('',(#1520),#996,.T.);
#10556=ADVANCED_FACE('',(#1521),#997,.T.);
#10557=ADVANCED_FACE('',(#1522),#998,.T.);
#10558=ADVANCED_FACE('',(#1523),#999,.T.);
#10559=ADVANCED_FACE('',(#1524),#1000,.T.);
#10560=ADVANCED_FACE('',(#1525),#1001,.F.);
#10561=ADVANCED_FACE('',(#1526),#1002,.F.);
#10562=ADVANCED_FACE('',(#1527),#1003,.T.);
#10563=ADVANCED_FACE('',(#1528),#1004,.T.);
#10564=ADVANCED_FACE('',(#1529),#1005,.T.);
#10565=ADVANCED_FACE('',(#1530),#1006,.T.);
#10566=ADVANCED_FACE('',(#1531),#1007,.T.);
#10567=ADVANCED_FACE('',(#1532),#10204,.F.);
#10568=ADVANCED_FACE('',(#1533),#1008,.F.);
#10569=ADVANCED_FACE('',(#1534),#10205,.F.);
#10570=ADVANCED_FACE('',(#1535),#1009,.T.);
#10571=ADVANCED_FACE('',(#1536),#10206,.T.);
#10572=ADVANCED_FACE('',(#1537,#723),#1010,.T.);
#10573=ADVANCED_FACE('',(#1538,#724),#1011,.F.);
#10574=ADVANCED_FACE('',(#1539),#10207,.F.);
#10575=ADVANCED_FACE('',(#1540),#1012,.F.);
#10576=ADVANCED_FACE('',(#1541),#10208,.F.);
#10577=ADVANCED_FACE('',(#1542),#1013,.T.);
#10578=ADVANCED_FACE('',(#1543),#10209,.T.);
#10579=ADVANCED_FACE('',(#1544,#725),#1014,.T.);
#10580=ADVANCED_FACE('',(#1545,#726),#1015,.F.);
#10581=ADVANCED_FACE('',(#1546),#10210,.F.);
#10582=ADVANCED_FACE('',(#1547),#1016,.F.);
#10583=ADVANCED_FACE('',(#1548),#10211,.F.);
#10584=ADVANCED_FACE('',(#1549),#1017,.T.);
#10585=ADVANCED_FACE('',(#1550),#10212,.T.);
#10586=ADVANCED_FACE('',(#1551,#727),#1018,.T.);
#10587=ADVANCED_FACE('',(#1552,#728),#1019,.F.);
#10588=ADVANCED_FACE('',(#1553),#10213,.F.);
#10589=ADVANCED_FACE('',(#1554),#1020,.F.);
#10590=ADVANCED_FACE('',(#1555),#10214,.F.);
#10591=ADVANCED_FACE('',(#1556),#1021,.T.);
#10592=ADVANCED_FACE('',(#1557),#10215,.T.);
#10593=ADVANCED_FACE('',(#1558,#729),#1022,.T.);
#10594=ADVANCED_FACE('',(#1559,#730),#1023,.F.);
#10595=ADVANCED_FACE('',(#1560),#10216,.F.);
#10596=ADVANCED_FACE('',(#1561),#1024,.F.);
#10597=ADVANCED_FACE('',(#1562),#10217,.F.);
#10598=ADVANCED_FACE('',(#1563),#1025,.T.);
#10599=ADVANCED_FACE('',(#1564),#10218,.T.);
#10600=ADVANCED_FACE('',(#1565,#731),#1026,.T.);
#10601=ADVANCED_FACE('',(#1566,#732),#1027,.F.);
#10602=ADVANCED_FACE('',(#1567),#10219,.F.);
#10603=ADVANCED_FACE('',(#1568),#1028,.F.);
#10604=ADVANCED_FACE('',(#1569),#10220,.F.);
#10605=ADVANCED_FACE('',(#1570),#1029,.T.);
#10606=ADVANCED_FACE('',(#1571),#10221,.T.);
#10607=ADVANCED_FACE('',(#1572,#733),#1030,.T.);
#10608=ADVANCED_FACE('',(#1573,#734),#1031,.F.);
#10609=ADVANCED_FACE('',(#1574),#10222,.F.);
#10610=ADVANCED_FACE('',(#1575),#10223,.F.);
#10611=ADVANCED_FACE('',(#1576),#1032,.F.);
#10612=ADVANCED_FACE('',(#1577),#1033,.F.);
#10613=ADVANCED_FACE('',(#1578),#1034,.F.);
#10614=ADVANCED_FACE('',(#1579),#1035,.T.);
#10615=ADVANCED_FACE('',(#1580,#735),#1036,.F.);
#10616=ADVANCED_FACE('',(#1581,#736),#1037,.F.);
#10617=ADVANCED_FACE('',(#1582),#1038,.F.);
#10618=ADVANCED_FACE('',(#1583),#1039,.F.);
#10619=ADVANCED_FACE('',(#1584),#1040,.F.);
#10620=ADVANCED_FACE('',(#1585),#1041,.F.);
#10621=ADVANCED_FACE('',(#1586,#737,#738),#1042,.T.);
#10622=ADVANCED_FACE('',(#1587),#1043,.T.);
#10623=ADVANCED_FACE('',(#1588),#1044,.T.);
#10624=ADVANCED_FACE('',(#1589),#1045,.T.);
#10625=ADVANCED_FACE('',(#1590,#739),#1046,.T.);
#10626=ADVANCED_FACE('',(#1591),#10224,.F.);
#10627=ADVANCED_FACE('',(#1592),#10225,.F.);
#10628=ADVANCED_FACE('',(#1593),#1047,.F.);
#10629=ADVANCED_FACE('',(#1594),#1048,.F.);
#10630=ADVANCED_FACE('',(#1595),#1049,.F.);
#10631=ADVANCED_FACE('',(#1596),#1050,.T.);
#10632=ADVANCED_FACE('',(#1597,#740),#1051,.F.);
#10633=ADVANCED_FACE('',(#1598,#741),#1052,.F.);
#10634=ADVANCED_FACE('',(#1599),#1053,.F.);
#10635=ADVANCED_FACE('',(#1600),#1054,.F.);
#10636=ADVANCED_FACE('',(#1601),#1055,.F.);
#10637=ADVANCED_FACE('',(#1602),#1056,.F.);
#10638=ADVANCED_FACE('',(#1603,#742,#743),#1057,.T.);
#10639=ADVANCED_FACE('',(#1604),#1058,.T.);
#10640=ADVANCED_FACE('',(#1605),#1059,.T.);
#10641=ADVANCED_FACE('',(#1606),#1060,.T.);
#10642=ADVANCED_FACE('',(#1607,#744),#1061,.T.);
#10643=ADVANCED_FACE('',(#1608),#10226,.F.);
#10644=ADVANCED_FACE('',(#1609),#10227,.F.);
#10645=ADVANCED_FACE('',(#1610),#10228,.F.);
#10646=ADVANCED_FACE('',(#1611),#10229,.F.);
#10647=ADVANCED_FACE('',(#1612),#1062,.T.);
#10648=ADVANCED_FACE('',(#1613),#1063,.T.);
#10649=ADVANCED_FACE('',(#1614),#1064,.T.);
#10650=ADVANCED_FACE('',(#1615),#1065,.T.);
#10651=ADVANCED_FACE('',(#1616,#745,#746,#747,#748),#1066,.T.);
#10652=ADVANCED_FACE('',(#1617,#749,#750,#751,#752),#1067,.F.);
#10653=ADVANCED_FACE('',(#1618),#1068,.T.);
#10654=ADVANCED_FACE('',(#1619),#1069,.T.);
#10655=ADVANCED_FACE('',(#1620),#1070,.T.);
#10656=ADVANCED_FACE('',(#1621),#1071,.T.);
#10657=ADVANCED_FACE('',(#1622),#1072,.T.);
#10658=ADVANCED_FACE('',(#1623),#1073,.F.);
#10659=ADVANCED_FACE('',(#1624),#10230,.F.);
#10660=ADVANCED_FACE('',(#1625,#753),#1074,.T.);
#10661=ADVANCED_FACE('',(#1626),#1075,.T.);
#10662=ADVANCED_FACE('',(#1627,#754),#1076,.T.);
#10663=ADVANCED_FACE('',(#1628),#1077,.F.);
#10664=ADVANCED_FACE('',(#1629),#1078,.T.);
#10665=ADVANCED_FACE('',(#1630),#1079,.T.);
#10666=ADVANCED_FACE('',(#1631),#1080,.T.);
#10667=ADVANCED_FACE('',(#1632),#10231,.F.);
#10668=ADVANCED_FACE('',(#1633),#1081,.T.);
#10669=ADVANCED_FACE('',(#1634,#755),#1082,.T.);
#10670=ADVANCED_FACE('',(#1635,#756),#1083,.T.);
#10671=ADVANCED_FACE('',(#1636),#1084,.T.);
#10672=ADVANCED_FACE('',(#1637),#1085,.F.);
#10673=ADVANCED_FACE('',(#1638),#1086,.T.);
#10674=ADVANCED_FACE('',(#1639,#757),#1087,.T.);
#10675=ADVANCED_FACE('',(#1640),#1088,.T.);
#10676=ADVANCED_FACE('',(#1641),#10232,.F.);
#10677=ADVANCED_FACE('',(#1642),#1089,.F.);
#10678=ADVANCED_FACE('',(#1643),#10233,.F.);
#10679=ADVANCED_FACE('',(#1644),#1090,.F.);
#10680=ADVANCED_FACE('',(#1645),#1091,.T.);
#10681=ADVANCED_FACE('',(#1646,#758,#759),#1092,.F.);
#10682=ADVANCED_FACE('',(#1647,#760),#1093,.T.);
#10683=ADVANCED_FACE('',(#1648),#10234,.F.);
#10684=ADVANCED_FACE('',(#1649),#1094,.T.);
#10685=ADVANCED_FACE('',(#1650),#1095,.T.);
#10686=ADVANCED_FACE('',(#1651),#1096,.T.);
#10687=ADVANCED_FACE('',(#1652,#761),#1097,.T.);
#10688=ADVANCED_FACE('',(#1653),#1098,.T.);
#10689=ADVANCED_FACE('',(#1654),#10235,.F.);
#10690=ADVANCED_FACE('',(#1655),#1099,.F.);
#10691=ADVANCED_FACE('',(#1656),#10236,.F.);
#10692=ADVANCED_FACE('',(#1657),#1100,.F.);
#10693=ADVANCED_FACE('',(#1658),#1101,.T.);
#10694=ADVANCED_FACE('',(#1659,#762,#763),#1102,.F.);
#10695=ADVANCED_FACE('',(#1660),#1103,.T.);
#10696=ADVANCED_FACE('',(#1661),#10237,.F.);
#10697=ADVANCED_FACE('',(#1662,#764),#1104,.T.);
#10698=ADVANCED_FACE('',(#1663),#1105,.T.);
#10699=ADVANCED_FACE('',(#1664),#1106,.T.);
#10700=ADVANCED_FACE('',(#1665),#1107,.T.);
#10701=ADVANCED_FACE('',(#1666),#1108,.T.);
#10702=ADVANCED_FACE('',(#1667),#1109,.T.);
#10703=ADVANCED_FACE('',(#1668),#1110,.T.);
#10704=ADVANCED_FACE('',(#1669),#1111,.T.);
#10705=ADVANCED_FACE('',(#1670),#1112,.T.);
#10706=ADVANCED_FACE('',(#1671),#1113,.T.);
#10707=ADVANCED_FACE('',(#1672),#10238,.T.);
#10708=ADVANCED_FACE('',(#1673,#765),#1114,.F.);
#10709=ADVANCED_FACE('',(#1674,#766),#1115,.T.);
#10710=ADVANCED_FACE('',(#1675),#10239,.T.);
#10711=ADVANCED_FACE('',(#1676),#10240,.T.);
#10712=ADVANCED_FACE('',(#1677,#767),#1116,.F.);
#10713=ADVANCED_FACE('',(#1678,#768),#1117,.T.);
#10714=ADVANCED_FACE('',(#1679),#10241,.T.);
#10715=ADVANCED_FACE('',(#1680),#1118,.T.);
#10716=ADVANCED_FACE('',(#1681),#1119,.F.);
#10717=ADVANCED_FACE('',(#1682),#10242,.T.);
#10718=ADVANCED_FACE('',(#1683),#10243,.T.);
#10719=ADVANCED_FACE('',(#1684),#1120,.F.);
#10720=ADVANCED_FACE('',(#1685),#1121,.T.);
#10721=ADVANCED_FACE('',(#1686),#1122,.T.);
#10722=ADVANCED_FACE('',(#1687),#1123,.T.);
#10723=ADVANCED_FACE('',(#1688,#769),#1124,.T.);
#10724=ADVANCED_FACE('',(#1689),#1125,.T.);
#10725=ADVANCED_FACE('',(#1690),#1126,.F.);
#10726=ADVANCED_FACE('',(#1691),#1127,.T.);
#10727=ADVANCED_FACE('',(#1692),#1128,.T.);
#10728=ADVANCED_FACE('',(#1693),#1129,.T.);
#10729=ADVANCED_FACE('',(#1694),#1130,.T.);
#10730=ADVANCED_FACE('',(#1695),#1131,.T.);
#10731=ADVANCED_FACE('',(#1696),#1132,.F.);
#10732=ADVANCED_FACE('',(#1697),#1133,.T.);
#10733=ADVANCED_FACE('',(#1698),#1134,.T.);
#10734=ADVANCED_FACE('',(#1699),#1135,.T.);
#10735=ADVANCED_FACE('',(#1700),#1136,.T.);
#10736=ADVANCED_FACE('',(#1701),#1137,.T.);
#10737=ADVANCED_FACE('',(#1702),#1138,.F.);
#10738=ADVANCED_FACE('',(#1703),#10244,.F.);
#10739=ADVANCED_FACE('',(#1704),#10245,.F.);
#10740=ADVANCED_FACE('',(#1705),#1139,.T.);
#10741=ADVANCED_FACE('',(#1706),#1140,.T.);
#10742=ADVANCED_FACE('',(#1707),#1141,.T.);
#10743=ADVANCED_FACE('',(#1708),#1142,.T.);
#10744=ADVANCED_FACE('',(#1709,#770,#771),#1143,.T.);
#10745=ADVANCED_FACE('',(#1710,#772,#773),#1144,.F.);
#10746=ADVANCED_FACE('',(#1711),#10246,.F.);
#10747=ADVANCED_FACE('',(#1712),#10247,.F.);
#10748=ADVANCED_FACE('',(#1713),#1145,.T.);
#10749=ADVANCED_FACE('',(#1714),#1146,.T.);
#10750=ADVANCED_FACE('',(#1715),#1147,.T.);
#10751=ADVANCED_FACE('',(#1716),#1148,.T.);
#10752=ADVANCED_FACE('',(#1717,#774,#775),#1149,.T.);
#10753=ADVANCED_FACE('',(#1718,#776,#777),#1150,.F.);
#10754=ADVANCED_FACE('',(#1719),#1151,.T.);
#10755=ADVANCED_FACE('',(#1720),#1152,.T.);
#10756=ADVANCED_FACE('',(#1721),#1153,.T.);
#10757=ADVANCED_FACE('',(#1722),#1154,.T.);
#10758=ADVANCED_FACE('',(#1723),#1155,.T.);
#10759=ADVANCED_FACE('',(#1724),#1156,.F.);
#10760=ADVANCED_FACE('',(#1725),#10248,.F.);
#10761=ADVANCED_FACE('',(#1726),#10249,.F.);
#10762=ADVANCED_FACE('',(#1727),#1157,.T.);
#10763=ADVANCED_FACE('',(#1728),#1158,.T.);
#10764=ADVANCED_FACE('',(#1729),#1159,.F.);
#10765=ADVANCED_FACE('',(#1730),#1160,.T.);
#10766=ADVANCED_FACE('',(#1731),#1161,.T.);
#10767=ADVANCED_FACE('',(#1732),#1162,.T.);
#10768=ADVANCED_FACE('',(#1733),#1163,.T.);
#10769=ADVANCED_FACE('',(#1734),#1164,.T.);
#10770=ADVANCED_FACE('',(#1735),#10250,.F.);
#10771=ADVANCED_FACE('',(#1736),#1165,.T.);
#10772=ADVANCED_FACE('',(#1737),#1166,.T.);
#10773=ADVANCED_FACE('',(#1738),#1167,.T.);
#10774=ADVANCED_FACE('',(#1739),#1168,.T.);
#10775=ADVANCED_FACE('',(#1740,#778),#1169,.T.);
#10776=ADVANCED_FACE('',(#1741,#779),#1170,.F.);
#10777=ADVANCED_FACE('',(#1742),#10251,.F.);
#10778=ADVANCED_FACE('',(#1743),#1171,.T.);
#10779=ADVANCED_FACE('',(#1744),#1172,.T.);
#10780=ADVANCED_FACE('',(#1745),#1173,.T.);
#10781=ADVANCED_FACE('',(#1746),#1174,.T.);
#10782=ADVANCED_FACE('',(#1747,#780),#1175,.T.);
#10783=ADVANCED_FACE('',(#1748,#781),#1176,.F.);
#10784=ADVANCED_FACE('',(#1749),#10252,.F.);
#10785=ADVANCED_FACE('',(#1750),#10253,.F.);
#10786=ADVANCED_FACE('',(#1751),#1177,.T.);
#10787=ADVANCED_FACE('',(#1752),#1178,.T.);
#10788=ADVANCED_FACE('',(#1753),#1179,.F.);
#10789=ADVANCED_FACE('',(#1754),#1180,.T.);
#10790=ADVANCED_FACE('',(#1755),#1181,.T.);
#10791=ADVANCED_FACE('',(#1756),#1182,.T.);
#10792=ADVANCED_FACE('',(#1757),#1183,.T.);
#10793=ADVANCED_FACE('',(#1758),#1184,.T.);
#10794=ADVANCED_FACE('',(#1759),#10254,.F.);
#10795=ADVANCED_FACE('',(#1760),#1185,.T.);
#10796=ADVANCED_FACE('',(#1761),#1186,.T.);
#10797=ADVANCED_FACE('',(#1762),#1187,.T.);
#10798=ADVANCED_FACE('',(#1763),#1188,.T.);
#10799=ADVANCED_FACE('',(#1764,#782),#1189,.T.);
#10800=ADVANCED_FACE('',(#1765,#783),#1190,.F.);
#10801=ADVANCED_FACE('',(#1766),#10255,.F.);
#10802=ADVANCED_FACE('',(#1767),#1191,.T.);
#10803=ADVANCED_FACE('',(#1768),#1192,.T.);
#10804=ADVANCED_FACE('',(#1769),#1193,.T.);
#10805=ADVANCED_FACE('',(#1770),#1194,.T.);
#10806=ADVANCED_FACE('',(#1771,#784),#1195,.T.);
#10807=ADVANCED_FACE('',(#1772,#785),#1196,.F.);
#10808=ADVANCED_FACE('',(#1773),#10256,.T.);
#10809=ADVANCED_FACE('',(#1774),#1197,.F.);
#10810=ADVANCED_FACE('',(#1775),#1198,.T.);
#10811=ADVANCED_FACE('',(#1776),#1199,.F.);
#10812=ADVANCED_FACE('',(#1777),#1200,.F.);
#10813=ADVANCED_FACE('',(#1778),#10257,.F.);
#10814=ADVANCED_FACE('',(#1779),#10258,.T.);
#10815=ADVANCED_FACE('',(#1780),#1201,.F.);
#10816=ADVANCED_FACE('',(#1781),#1202,.T.);
#10817=ADVANCED_FACE('',(#1782),#1203,.F.);
#10818=ADVANCED_FACE('',(#1783),#1204,.F.);
#10819=ADVANCED_FACE('',(#1784),#10259,.F.);
#10820=ADVANCED_FACE('',(#1785),#10260,.T.);
#10821=ADVANCED_FACE('',(#1786),#1205,.T.);
#10822=ADVANCED_FACE('',(#1787),#1206,.F.);
#10823=ADVANCED_FACE('',(#1788),#10261,.T.);
#10824=ADVANCED_FACE('',(#1789),#1207,.T.);
#10825=ADVANCED_FACE('',(#1790),#1208,.F.);
#10826=ADVANCED_FACE('',(#1791),#10262,.F.);
#10827=ADVANCED_FACE('',(#1792),#10263,.F.);
#10828=ADVANCED_FACE('',(#1793),#10264,.F.);
#10829=ADVANCED_FACE('',(#1794),#10265,.F.);
#10830=ADVANCED_FACE('',(#1795),#10266,.F.);
#10831=ADVANCED_FACE('',(#1796),#1209,.T.);
#10832=ADVANCED_FACE('',(#1797,#786,#787,#788,#789,#790),#1210,.T.);
#10833=ADVANCED_FACE('',(#1798),#1211,.T.);
#10834=ADVANCED_FACE('',(#1799,#791,#792,#793,#794,#795),#1212,.T.);
#10835=ADVANCED_FACE('',(#1800),#1213,.T.);
#10836=ADVANCED_FACE('',(#1801),#1214,.F.);
#10837=ADVANCED_FACE('',(#1802),#1215,.T.);
#10838=ADVANCED_FACE('',(#1803),#1216,.F.);
#10839=ADVANCED_FACE('',(#1804),#1217,.T.);
#10840=ADVANCED_FACE('',(#1805,#796,#797,#798,#799,#800),#1218,.T.);
#10841=ADVANCED_FACE('',(#1806),#10267,.F.);
#10842=ADVANCED_FACE('',(#1807),#1219,.F.);
#10843=ADVANCED_FACE('',(#1808),#10268,.F.);
#10844=ADVANCED_FACE('',(#1809),#1220,.F.);
#10845=ADVANCED_FACE('',(#1810),#10269,.F.);
#10846=ADVANCED_FACE('',(#1811),#10270,.F.);
#10847=ADVANCED_FACE('',(#1812),#10271,.F.);
#10848=ADVANCED_FACE('',(#1813),#10272,.F.);
#10849=ADVANCED_FACE('',(#1814),#10273,.F.);
#10850=ADVANCED_FACE('',(#1815),#1221,.T.);
#10851=ADVANCED_FACE('',(#1816,#801,#802,#803,#804,#805),#1222,.T.);
#10852=ADVANCED_FACE('',(#1817),#1223,.T.);
#10853=ADVANCED_FACE('',(#1818,#806,#807),#1224,.F.);
#10854=ADVANCED_FACE('',(#1819),#10274,.F.);
#10855=ADVANCED_FACE('',(#1820),#10275,.F.);
#10856=ADVANCED_FACE('',(#1821),#10276,.F.);
#10857=ADVANCED_FACE('',(#1822),#10277,.T.);
#10858=ADVANCED_FACE('',(#1823,#808,#809,#810),#1225,.T.);
#10859=ADVANCED_FACE('',(#1824,#811,#812,#813),#1226,.F.);
#10860=ADVANCED_FACE('',(#1825),#10278,.T.);
#10861=ADVANCED_FACE('',(#1826),#1227,.T.);
#10862=ADVANCED_FACE('',(#1827),#1228,.F.);
#10863=ADVANCED_FACE('',(#1828),#10279,.T.);
#10864=ADVANCED_FACE('',(#1829),#1229,.T.);
#10865=ADVANCED_FACE('',(#1830),#1230,.F.);
#10866=ADVANCED_FACE('',(#1831),#10280,.F.);
#10867=ADVANCED_FACE('',(#1832),#10281,.F.);
#10868=ADVANCED_FACE('',(#1833),#10282,.F.);
#10869=ADVANCED_FACE('',(#1834),#10283,.F.);
#10870=ADVANCED_FACE('',(#1835),#10284,.F.);
#10871=ADVANCED_FACE('',(#1836),#1231,.T.);
#10872=ADVANCED_FACE('',(#1837,#814,#815,#816,#817,#818),#1232,.T.);
#10873=ADVANCED_FACE('',(#1838),#1233,.T.);
#10874=ADVANCED_FACE('',(#1839,#819,#820,#821,#822,#823),#1234,.T.);
#10875=ADVANCED_FACE('',(#1840),#1235,.T.);
#10876=ADVANCED_FACE('',(#1841),#1236,.F.);
#10877=ADVANCED_FACE('',(#1842),#1237,.T.);
#10878=ADVANCED_FACE('',(#1843),#1238,.F.);
#10879=ADVANCED_FACE('',(#1844),#1239,.T.);
#10880=ADVANCED_FACE('',(#1845,#824,#825,#826,#827,#828),#1240,.T.);
#10881=ADVANCED_FACE('',(#1846),#10285,.F.);
#10882=ADVANCED_FACE('',(#1847),#1241,.F.);
#10883=ADVANCED_FACE('',(#1848),#10286,.F.);
#10884=ADVANCED_FACE('',(#1849),#1242,.F.);
#10885=ADVANCED_FACE('',(#1850),#10287,.F.);
#10886=ADVANCED_FACE('',(#1851),#10288,.F.);
#10887=ADVANCED_FACE('',(#1852),#10289,.F.);
#10888=ADVANCED_FACE('',(#1853),#10290,.F.);
#10889=ADVANCED_FACE('',(#1854),#10291,.F.);
#10890=ADVANCED_FACE('',(#1855),#1243,.T.);
#10891=ADVANCED_FACE('',(#1856,#829,#830,#831,#832,#833),#1244,.T.);
#10892=ADVANCED_FACE('',(#1857),#1245,.T.);
#10893=ADVANCED_FACE('',(#1858,#834,#835),#1246,.F.);
#10894=ADVANCED_FACE('',(#1859),#10292,.F.);
#10895=ADVANCED_FACE('',(#1860),#10293,.F.);
#10896=ADVANCED_FACE('',(#1861),#10294,.F.);
#10897=ADVANCED_FACE('',(#1862),#10295,.T.);
#10898=ADVANCED_FACE('',(#1863,#836,#837,#838),#1247,.T.);
#10899=ADVANCED_FACE('',(#1864,#839,#840,#841),#1248,.F.);
#10900=ADVANCED_FACE('',(#1865),#10296,.F.);
#10901=ADVANCED_FACE('',(#1866),#1249,.T.);
#10902=ADVANCED_FACE('',(#1867),#10297,.F.);
#10903=ADVANCED_FACE('',(#1868),#1250,.F.);
#10904=ADVANCED_FACE('',(#1869),#1251,.T.);
#10905=ADVANCED_FACE('',(#1870,#842),#1252,.T.);
#10906=ADVANCED_FACE('',(#1871),#1253,.T.);
#10907=ADVANCED_FACE('',(#1872,#843),#1254,.T.);
#10908=ADVANCED_FACE('',(#1873),#1255,.T.);
#10909=ADVANCED_FACE('',(#1874),#1256,.F.);
#10910=ADVANCED_FACE('',(#1875),#10298,.F.);
#10911=ADVANCED_FACE('',(#1876),#1257,.T.);
#10912=ADVANCED_FACE('',(#1877),#10299,.F.);
#10913=ADVANCED_FACE('',(#1878),#1258,.F.);
#10914=ADVANCED_FACE('',(#1879),#1259,.T.);
#10915=ADVANCED_FACE('',(#1880,#844),#1260,.T.);
#10916=ADVANCED_FACE('',(#1881),#1261,.T.);
#10917=ADVANCED_FACE('',(#1882,#845),#1262,.T.);
#10918=ADVANCED_FACE('',(#1883),#1263,.T.);
#10919=ADVANCED_FACE('',(#1884),#1264,.F.);
#10920=CLOSED_SHELL('',(#10300,#10301,#10302,#10303,#10304,#10305,#10306,
#10307,#10308,#10309,#10310,#10311,#10312,#10313,#10314,#10315,#10316,#10317,
#10318,#10319,#10320,#10321,#10322,#10323,#10324,#10325,#10326,#10327,#10328,
#10329,#10330,#10331,#10332,#10333,#10334,#10335,#10336,#10337,#10338,#10339,
#10340,#10341,#10342,#10343,#10344,#10345,#10346,#10347,#10348,#10349,#10350,
#10351,#10352,#10353,#10354,#10355,#10356,#10357,#10358,#10359,#10360,#10361,
#10362,#10363,#10364,#10365,#10366,#10367,#10368,#10369,#10370,#10371,#10372,
#10373,#10374,#10375));
#10921=CLOSED_SHELL('',(#10376,#10377,#10378,#10379,#10380,#10381,#10382,
#10383,#10384,#10385,#10386,#10387,#10388,#10389));
#10922=CLOSED_SHELL('',(#10390,#10391,#10392,#10393,#10394,#10395,#10396,
#10397,#10398,#10399,#10400,#10401,#10402,#10403));
#10923=CLOSED_SHELL('',(#10404,#10405,#10406,#10407,#10408,#10409,#10410,
#10411,#10412,#10413,#10414,#10415,#10416));
#10924=CLOSED_SHELL('',(#10417,#10418,#10419,#10420,#10421,#10422,#10423,
#10424,#10425,#10426,#10427,#10428,#10429));
#10925=CLOSED_SHELL('',(#10430,#10431,#10432,#10433,#10434,#10435,#10436,
#10437,#10438,#10439,#10440,#10441,#10442));
#10926=CLOSED_SHELL('',(#10443,#10444,#10445,#10446,#10447,#10448,#10449,
#10450));
#10927=CLOSED_SHELL('',(#10451,#10452,#10453,#10454,#10455,#10456,#10457,
#10458,#10459,#10460));
#10928=CLOSED_SHELL('',(#10461,#10462,#10463,#10464,#10465,#10466,#10467,
#10468));
#10929=CLOSED_SHELL('',(#10469,#10470,#10471,#10472,#10473,#10474,#10475,
#10476));
#10930=CLOSED_SHELL('',(#10477,#10478,#10479,#10480,#10481,#10482,#10483,
#10484,#10485));
#10931=CLOSED_SHELL('',(#10486,#10487,#10488,#10489,#10490,#10491,#10492,
#10493,#10494));
#10932=CLOSED_SHELL('',(#10495,#10496,#10497,#10498,#10499,#10500));
#10933=CLOSED_SHELL('',(#10501,#10502,#10503,#10504,#10505,#10506));
#10934=CLOSED_SHELL('',(#10507,#10508,#10509,#10510,#10511,#10512));
#10935=CLOSED_SHELL('',(#10513,#10514,#10515,#10516,#10517,#10518,#10519,
#10520));
#10936=CLOSED_SHELL('',(#10521,#10522,#10523,#10524,#10525,#10526));
#10937=CLOSED_SHELL('',(#10527,#10528,#10529,#10530,#10531,#10532,#10533,
#10534,#10535,#10536));
#10938=CLOSED_SHELL('',(#10537,#10538,#10539,#10540,#10541,#10542,#10543,
#10544,#10545,#10546,#10547,#10548,#10549,#10550,#10551,#10552,#10553,#10554));
#10939=CLOSED_SHELL('',(#10555,#10556,#10557,#10558,#10559,#10560));
#10940=CLOSED_SHELL('',(#10561,#10562,#10563,#10564,#10565,#10566));
#10941=CLOSED_SHELL('',(#10567,#10568,#10569,#10570,#10571,#10572,#10573));
#10942=CLOSED_SHELL('',(#10574,#10575,#10576,#10577,#10578,#10579,#10580));
#10943=CLOSED_SHELL('',(#10581,#10582,#10583,#10584,#10585,#10586,#10587));
#10944=CLOSED_SHELL('',(#10588,#10589,#10590,#10591,#10592,#10593,#10594));
#10945=CLOSED_SHELL('',(#10595,#10596,#10597,#10598,#10599,#10600,#10601));
#10946=CLOSED_SHELL('',(#10602,#10603,#10604,#10605,#10606,#10607,#10608));
#10947=CLOSED_SHELL('',(#10609,#10610,#10611,#10612,#10613,#10614,#10615,
#10616,#10617,#10618,#10619,#10620,#10621,#10622,#10623,#10624,#10625));
#10948=CLOSED_SHELL('',(#10626,#10627,#10628,#10629,#10630,#10631,#10632,
#10633,#10634,#10635,#10636,#10637,#10638,#10639,#10640,#10641,#10642));
#10949=CLOSED_SHELL('',(#10643,#10644,#10645,#10646,#10647,#10648,#10649,
#10650,#10651,#10652));
#10950=CLOSED_SHELL('',(#10653,#10654,#10655,#10656,#10657,#10658));
#10951=CLOSED_SHELL('',(#10659,#10660,#10661,#10662,#10663,#10664,#10665,
#10666,#10667,#10668,#10669,#10670,#10671,#10672));
#10952=CLOSED_SHELL('',(#10673,#10674,#10675,#10676,#10677,#10678,#10679,
#10680,#10681,#10682,#10683,#10684,#10685));
#10953=CLOSED_SHELL('',(#10686,#10687,#10688,#10689,#10690,#10691,#10692,
#10693,#10694,#10695,#10696,#10697,#10698));
#10954=CLOSED_SHELL('',(#10699,#10700,#10701,#10702,#10703,#10704,#10705,
#10706));
#10955=CLOSED_SHELL('',(#10707,#10708,#10709,#10710,#10711,#10712,#10713,
#10714,#10715,#10716,#10717));
#10956=CLOSED_SHELL('',(#10718,#10719,#10720,#10721,#10722,#10723,#10724,
#10725));
#10957=CLOSED_SHELL('',(#10726,#10727,#10728,#10729,#10730,#10731));
#10958=CLOSED_SHELL('',(#10732,#10733,#10734,#10735,#10736,#10737));
#10959=CLOSED_SHELL('',(#10738,#10739,#10740,#10741,#10742,#10743,#10744,
#10745));
#10960=CLOSED_SHELL('',(#10746,#10747,#10748,#10749,#10750,#10751,#10752,
#10753));
#10961=CLOSED_SHELL('',(#10754,#10755,#10756,#10757,#10758,#10759));
#10962=CLOSED_SHELL('',(#10760,#10761,#10762,#10763,#10764,#10765,#10766,
#10767,#10768,#10769));
#10963=CLOSED_SHELL('',(#10770,#10771,#10772,#10773,#10774,#10775,#10776));
#10964=CLOSED_SHELL('',(#10777,#10778,#10779,#10780,#10781,#10782,#10783));
#10965=CLOSED_SHELL('',(#10784,#10785,#10786,#10787,#10788,#10789,#10790,
#10791,#10792,#10793));
#10966=CLOSED_SHELL('',(#10794,#10795,#10796,#10797,#10798,#10799,#10800));
#10967=CLOSED_SHELL('',(#10801,#10802,#10803,#10804,#10805,#10806,#10807));
#10968=CLOSED_SHELL('',(#10808,#10809,#10810,#10811,#10812,#10813));
#10969=CLOSED_SHELL('',(#10814,#10815,#10816,#10817,#10818,#10819));
#10970=CLOSED_SHELL('',(#10820,#10821,#10822));
#10971=CLOSED_SHELL('',(#10823,#10824,#10825));
#10972=CLOSED_SHELL('',(#10826,#10827,#10828,#10829,#10830,#10831,#10832,
#10833,#10834,#10835,#10836));
#10973=CLOSED_SHELL('',(#10837,#10838,#10839,#10840,#10841,#10842,#10843,
#10844,#10845,#10846,#10847,#10848,#10849,#10850,#10851,#10852,#10853));
#10974=CLOSED_SHELL('',(#10854,#10855,#10856,#10857,#10858,#10859));
#10975=CLOSED_SHELL('',(#10860,#10861,#10862));
#10976=CLOSED_SHELL('',(#10863,#10864,#10865));
#10977=CLOSED_SHELL('',(#10866,#10867,#10868,#10869,#10870,#10871,#10872,
#10873,#10874,#10875,#10876));
#10978=CLOSED_SHELL('',(#10877,#10878,#10879,#10880,#10881,#10882,#10883,
#10884,#10885,#10886,#10887,#10888,#10889,#10890,#10891,#10892,#10893));
#10979=CLOSED_SHELL('',(#10894,#10895,#10896,#10897,#10898,#10899));
#10980=CLOSED_SHELL('',(#10900,#10901,#10902,#10903,#10904,#10905,#10906,
#10907,#10908,#10909));
#10981=CLOSED_SHELL('',(#10910,#10911,#10912,#10913,#10914,#10915,#10916,
#10917,#10918,#10919));
#10982=DERIVED_UNIT_ELEMENT(#11098,1.);
#10983=DERIVED_UNIT_ELEMENT(#19570,-3.);
#10984=DERIVED_UNIT_ELEMENT(#11098,1.);
#10985=DERIVED_UNIT_ELEMENT(#19570,-3.);
#10986=DERIVED_UNIT_ELEMENT(#11098,1.);
#10987=DERIVED_UNIT_ELEMENT(#19570,-3.);
#10988=DERIVED_UNIT_ELEMENT(#11098,1.);
#10989=DERIVED_UNIT_ELEMENT(#19570,-3.);
#10990=DERIVED_UNIT_ELEMENT(#11098,1.);
#10991=DERIVED_UNIT_ELEMENT(#19570,-3.);
#10992=DERIVED_UNIT_ELEMENT(#11098,1.);
#10993=DERIVED_UNIT_ELEMENT(#19570,-3.);
#10994=DERIVED_UNIT_ELEMENT(#11098,1.);
#10995=DERIVED_UNIT_ELEMENT(#19570,-3.);
#10996=DERIVED_UNIT_ELEMENT(#11098,1.);
#10997=DERIVED_UNIT_ELEMENT(#19570,-3.);
#10998=DERIVED_UNIT_ELEMENT(#11098,1.);
#10999=DERIVED_UNIT_ELEMENT(#19570,-3.);
#11000=DERIVED_UNIT_ELEMENT(#11098,1.);
#11001=DERIVED_UNIT_ELEMENT(#19570,-3.);
#11002=DERIVED_UNIT_ELEMENT(#11098,1.);
#11003=DERIVED_UNIT_ELEMENT(#19570,-3.);
#11004=DERIVED_UNIT_ELEMENT(#11098,1.);
#11005=DERIVED_UNIT_ELEMENT(#19570,-3.);
#11006=DERIVED_UNIT_ELEMENT(#11098,1.);
#11007=DERIVED_UNIT_ELEMENT(#19570,-3.);
#11008=DERIVED_UNIT_ELEMENT(#11098,1.);
#11009=DERIVED_UNIT_ELEMENT(#19570,-3.);
#11010=DERIVED_UNIT_ELEMENT(#11098,1.);
#11011=DERIVED_UNIT_ELEMENT(#19570,-3.);
#11012=DERIVED_UNIT_ELEMENT(#11098,1.);
#11013=DERIVED_UNIT_ELEMENT(#19570,-3.);
#11014=DERIVED_UNIT_ELEMENT(#11098,1.);
#11015=DERIVED_UNIT_ELEMENT(#19570,-3.);
#11016=DERIVED_UNIT_ELEMENT(#11098,1.);
#11017=DERIVED_UNIT_ELEMENT(#19570,-3.);
#11018=DERIVED_UNIT_ELEMENT(#11098,1.);
#11019=DERIVED_UNIT_ELEMENT(#19570,-3.);
#11020=DERIVED_UNIT_ELEMENT(#11098,1.);
#11021=DERIVED_UNIT_ELEMENT(#19570,-3.);
#11022=DERIVED_UNIT_ELEMENT(#11098,1.);
#11023=DERIVED_UNIT_ELEMENT(#19570,-3.);
#11024=DERIVED_UNIT_ELEMENT(#11098,1.);
#11025=DERIVED_UNIT_ELEMENT(#19570,-3.);
#11026=DERIVED_UNIT_ELEMENT(#11098,1.);
#11027=DERIVED_UNIT_ELEMENT(#19570,-3.);
#11028=DERIVED_UNIT_ELEMENT(#11098,1.);
#11029=DERIVED_UNIT_ELEMENT(#19570,-3.);
#11030=DERIVED_UNIT_ELEMENT(#11098,1.);
#11031=DERIVED_UNIT_ELEMENT(#19570,-3.);
#11032=DERIVED_UNIT_ELEMENT(#11098,1.);
#11033=DERIVED_UNIT_ELEMENT(#19570,-3.);
#11034=DERIVED_UNIT_ELEMENT(#11098,1.);
#11035=DERIVED_UNIT_ELEMENT(#19570,-3.);
#11036=DERIVED_UNIT_ELEMENT(#11098,1.);
#11037=DERIVED_UNIT_ELEMENT(#19570,-3.);
#11038=DERIVED_UNIT_ELEMENT(#11098,1.);
#11039=DERIVED_UNIT_ELEMENT(#19570,-3.);
#11040=DERIVED_UNIT_ELEMENT(#11098,1.);
#11041=DERIVED_UNIT_ELEMENT(#19570,-3.);
#11042=DERIVED_UNIT_ELEMENT(#11098,1.);
#11043=DERIVED_UNIT_ELEMENT(#19570,-3.);
#11044=DERIVED_UNIT_ELEMENT(#11098,1.);
#11045=DERIVED_UNIT_ELEMENT(#19570,-3.);
#11046=DERIVED_UNIT_ELEMENT(#11098,1.);
#11047=DERIVED_UNIT_ELEMENT(#19570,-3.);
#11048=DERIVED_UNIT_ELEMENT(#11098,1.);
#11049=DERIVED_UNIT_ELEMENT(#19570,-3.);
#11050=DERIVED_UNIT_ELEMENT(#11098,1.);
#11051=DERIVED_UNIT_ELEMENT(#19570,-3.);
#11052=DERIVED_UNIT_ELEMENT(#11098,1.);
#11053=DERIVED_UNIT_ELEMENT(#19570,-3.);
#11054=DERIVED_UNIT_ELEMENT(#11098,1.);
#11055=DERIVED_UNIT_ELEMENT(#19570,-3.);
#11056=DERIVED_UNIT_ELEMENT(#11098,1.);
#11057=DERIVED_UNIT_ELEMENT(#19570,-3.);
#11058=DERIVED_UNIT_ELEMENT(#11098,1.);
#11059=DERIVED_UNIT_ELEMENT(#19570,-3.);
#11060=DERIVED_UNIT_ELEMENT(#11098,1.);
#11061=DERIVED_UNIT_ELEMENT(#19570,-3.);
#11062=DERIVED_UNIT_ELEMENT(#11098,1.);
#11063=DERIVED_UNIT_ELEMENT(#19570,-3.);
#11064=DERIVED_UNIT_ELEMENT(#11098,1.);
#11065=DERIVED_UNIT_ELEMENT(#19570,-3.);
#11066=DERIVED_UNIT_ELEMENT(#11098,1.);
#11067=DERIVED_UNIT_ELEMENT(#19570,-3.);
#11068=DERIVED_UNIT_ELEMENT(#11098,1.);
#11069=DERIVED_UNIT_ELEMENT(#19570,-3.);
#11070=DERIVED_UNIT_ELEMENT(#11098,1.);
#11071=DERIVED_UNIT_ELEMENT(#19570,-3.);
#11072=DERIVED_UNIT_ELEMENT(#11098,1.);
#11073=DERIVED_UNIT_ELEMENT(#19570,-3.);
#11074=DERIVED_UNIT_ELEMENT(#11098,1.);
#11075=DERIVED_UNIT_ELEMENT(#19570,-3.);
#11076=DERIVED_UNIT_ELEMENT(#11098,1.);
#11077=DERIVED_UNIT_ELEMENT(#19570,-3.);
#11078=DERIVED_UNIT_ELEMENT(#11098,1.);
#11079=DERIVED_UNIT_ELEMENT(#19570,-3.);
#11080=DERIVED_UNIT_ELEMENT(#11098,1.);
#11081=DERIVED_UNIT_ELEMENT(#19570,-3.);
#11082=DERIVED_UNIT_ELEMENT(#11098,1.);
#11083=DERIVED_UNIT_ELEMENT(#19570,-3.);
#11084=DERIVED_UNIT_ELEMENT(#11098,1.);
#11085=DERIVED_UNIT_ELEMENT(#19570,-3.);
#11086=DERIVED_UNIT_ELEMENT(#11098,1.);
#11087=DERIVED_UNIT_ELEMENT(#19570,-3.);
#11088=DERIVED_UNIT_ELEMENT(#11098,1.);
#11089=DERIVED_UNIT_ELEMENT(#19570,-3.);
#11090=DERIVED_UNIT_ELEMENT(#11098,1.);
#11091=DERIVED_UNIT_ELEMENT(#19570,-3.);
#11092=DERIVED_UNIT_ELEMENT(#11098,1.);
#11093=DERIVED_UNIT_ELEMENT(#19570,-3.);
#11094=DERIVED_UNIT_ELEMENT(#11098,1.);
#11095=DERIVED_UNIT_ELEMENT(#19570,-3.);
#11096=DERIVED_UNIT_ELEMENT(#11098,1.);
#11097=DERIVED_UNIT_ELEMENT(#19570,-3.);
#11098=(
MASS_UNIT()
NAMED_UNIT(*)
SI_UNIT(.KILO.,.GRAM.)
);
#11099=DERIVED_UNIT((#10982,#10983));
#11100=DERIVED_UNIT((#10984,#10985));
#11101=DERIVED_UNIT((#10986,#10987));
#11102=DERIVED_UNIT((#10988,#10989));
#11103=DERIVED_UNIT((#10990,#10991));
#11104=DERIVED_UNIT((#10992,#10993));
#11105=DERIVED_UNIT((#10994,#10995));
#11106=DERIVED_UNIT((#10996,#10997));
#11107=DERIVED_UNIT((#10998,#10999));
#11108=DERIVED_UNIT((#11000,#11001));
#11109=DERIVED_UNIT((#11002,#11003));
#11110=DERIVED_UNIT((#11004,#11005));
#11111=DERIVED_UNIT((#11006,#11007));
#11112=DERIVED_UNIT((#11008,#11009));
#11113=DERIVED_UNIT((#11010,#11011));
#11114=DERIVED_UNIT((#11012,#11013));
#11115=DERIVED_UNIT((#11014,#11015));
#11116=DERIVED_UNIT((#11016,#11017));
#11117=DERIVED_UNIT((#11018,#11019));
#11118=DERIVED_UNIT((#11020,#11021));
#11119=DERIVED_UNIT((#11022,#11023));
#11120=DERIVED_UNIT((#11024,#11025));
#11121=DERIVED_UNIT((#11026,#11027));
#11122=DERIVED_UNIT((#11028,#11029));
#11123=DERIVED_UNIT((#11030,#11031));
#11124=DERIVED_UNIT((#11032,#11033));
#11125=DERIVED_UNIT((#11034,#11035));
#11126=DERIVED_UNIT((#11036,#11037));
#11127=DERIVED_UNIT((#11038,#11039));
#11128=DERIVED_UNIT((#11040,#11041));
#11129=DERIVED_UNIT((#11042,#11043));
#11130=DERIVED_UNIT((#11044,#11045));
#11131=DERIVED_UNIT((#11046,#11047));
#11132=DERIVED_UNIT((#11048,#11049));
#11133=DERIVED_UNIT((#11050,#11051));
#11134=DERIVED_UNIT((#11052,#11053));
#11135=DERIVED_UNIT((#11054,#11055));
#11136=DERIVED_UNIT((#11056,#11057));
#11137=DERIVED_UNIT((#11058,#11059));
#11138=DERIVED_UNIT((#11060,#11061));
#11139=DERIVED_UNIT((#11062,#11063));
#11140=DERIVED_UNIT((#11064,#11065));
#11141=DERIVED_UNIT((#11066,#11067));
#11142=DERIVED_UNIT((#11068,#11069));
#11143=DERIVED_UNIT((#11070,#11071));
#11144=DERIVED_UNIT((#11072,#11073));
#11145=DERIVED_UNIT((#11074,#11075));
#11146=DERIVED_UNIT((#11076,#11077));
#11147=DERIVED_UNIT((#11078,#11079));
#11148=DERIVED_UNIT((#11080,#11081));
#11149=DERIVED_UNIT((#11082,#11083));
#11150=DERIVED_UNIT((#11084,#11085));
#11151=DERIVED_UNIT((#11086,#11087));
#11152=DERIVED_UNIT((#11088,#11089));
#11153=DERIVED_UNIT((#11090,#11091));
#11154=DERIVED_UNIT((#11092,#11093));
#11155=DERIVED_UNIT((#11094,#11095));
#11156=DERIVED_UNIT((#11096,#11097));
#11157=MEASURE_REPRESENTATION_ITEM('density measure',
POSITIVE_RATIO_MEASURE(7850.),#11099);
#11158=MEASURE_REPRESENTATION_ITEM('density measure',
POSITIVE_RATIO_MEASURE(7850.),#11100);
#11159=MEASURE_REPRESENTATION_ITEM('density measure',
POSITIVE_RATIO_MEASURE(7850.),#11101);
#11160=MEASURE_REPRESENTATION_ITEM('density measure',
POSITIVE_RATIO_MEASURE(7850.),#11102);
#11161=MEASURE_REPRESENTATION_ITEM('density measure',
POSITIVE_RATIO_MEASURE(7850.),#11103);
#11162=MEASURE_REPRESENTATION_ITEM('density measure',
POSITIVE_RATIO_MEASURE(7850.),#11104);
#11163=MEASURE_REPRESENTATION_ITEM('density measure',
POSITIVE_RATIO_MEASURE(7850.),#11105);
#11164=MEASURE_REPRESENTATION_ITEM('density measure',
POSITIVE_RATIO_MEASURE(7850.),#11106);
#11165=MEASURE_REPRESENTATION_ITEM('density measure',
POSITIVE_RATIO_MEASURE(7850.),#11107);
#11166=MEASURE_REPRESENTATION_ITEM('density measure',
POSITIVE_RATIO_MEASURE(7850.),#11108);
#11167=MEASURE_REPRESENTATION_ITEM('density measure',
POSITIVE_RATIO_MEASURE(7850.),#11109);
#11168=MEASURE_REPRESENTATION_ITEM('density measure',
POSITIVE_RATIO_MEASURE(7850.),#11110);
#11169=MEASURE_REPRESENTATION_ITEM('density measure',
POSITIVE_RATIO_MEASURE(7850.),#11111);
#11170=MEASURE_REPRESENTATION_ITEM('density measure',
POSITIVE_RATIO_MEASURE(7850.),#11112);
#11171=MEASURE_REPRESENTATION_ITEM('density measure',
POSITIVE_RATIO_MEASURE(7850.),#11113);
#11172=MEASURE_REPRESENTATION_ITEM('density measure',
POSITIVE_RATIO_MEASURE(7850.),#11114);
#11173=MEASURE_REPRESENTATION_ITEM('density measure',
POSITIVE_RATIO_MEASURE(7850.),#11115);
#11174=MEASURE_REPRESENTATION_ITEM('density measure',
POSITIVE_RATIO_MEASURE(7850.),#11116);
#11175=MEASURE_REPRESENTATION_ITEM('density measure',
POSITIVE_RATIO_MEASURE(7850.),#11117);
#11176=MEASURE_REPRESENTATION_ITEM('density measure',
POSITIVE_RATIO_MEASURE(7850.),#11118);
#11177=MEASURE_REPRESENTATION_ITEM('density measure',
POSITIVE_RATIO_MEASURE(7850.),#11119);
#11178=MEASURE_REPRESENTATION_ITEM('density measure',
POSITIVE_RATIO_MEASURE(7850.),#11120);
#11179=MEASURE_REPRESENTATION_ITEM('density measure',
POSITIVE_RATIO_MEASURE(7850.),#11121);
#11180=MEASURE_REPRESENTATION_ITEM('density measure',
POSITIVE_RATIO_MEASURE(7850.),#11122);
#11181=MEASURE_REPRESENTATION_ITEM('density measure',
POSITIVE_RATIO_MEASURE(7850.),#11123);
#11182=MEASURE_REPRESENTATION_ITEM('density measure',
POSITIVE_RATIO_MEASURE(7850.),#11124);
#11183=MEASURE_REPRESENTATION_ITEM('density measure',
POSITIVE_RATIO_MEASURE(7850.),#11125);
#11184=MEASURE_REPRESENTATION_ITEM('density measure',
POSITIVE_RATIO_MEASURE(7850.),#11126);
#11185=MEASURE_REPRESENTATION_ITEM('density measure',
POSITIVE_RATIO_MEASURE(7850.),#11127);
#11186=MEASURE_REPRESENTATION_ITEM('density measure',
POSITIVE_RATIO_MEASURE(7850.),#11128);
#11187=MEASURE_REPRESENTATION_ITEM('density measure',
POSITIVE_RATIO_MEASURE(7850.),#11129);
#11188=MEASURE_REPRESENTATION_ITEM('density measure',
POSITIVE_RATIO_MEASURE(7850.),#11130);
#11189=MEASURE_REPRESENTATION_ITEM('density measure',
POSITIVE_RATIO_MEASURE(7850.),#11131);
#11190=MEASURE_REPRESENTATION_ITEM('density measure',
POSITIVE_RATIO_MEASURE(7850.),#11132);
#11191=MEASURE_REPRESENTATION_ITEM('density measure',
POSITIVE_RATIO_MEASURE(7850.),#11133);
#11192=MEASURE_REPRESENTATION_ITEM('density measure',
POSITIVE_RATIO_MEASURE(7850.),#11134);
#11193=MEASURE_REPRESENTATION_ITEM('density measure',
POSITIVE_RATIO_MEASURE(7850.),#11135);
#11194=MEASURE_REPRESENTATION_ITEM('density measure',
POSITIVE_RATIO_MEASURE(7850.),#11136);
#11195=MEASURE_REPRESENTATION_ITEM('density measure',
POSITIVE_RATIO_MEASURE(7850.),#11137);
#11196=MEASURE_REPRESENTATION_ITEM('density measure',
POSITIVE_RATIO_MEASURE(7850.),#11138);
#11197=MEASURE_REPRESENTATION_ITEM('density measure',
POSITIVE_RATIO_MEASURE(7850.),#11139);
#11198=MEASURE_REPRESENTATION_ITEM('density measure',
POSITIVE_RATIO_MEASURE(7850.),#11140);
#11199=MEASURE_REPRESENTATION_ITEM('density measure',
POSITIVE_RATIO_MEASURE(7850.),#11141);
#11200=MEASURE_REPRESENTATION_ITEM('density measure',
POSITIVE_RATIO_MEASURE(7850.),#11142);
#11201=MEASURE_REPRESENTATION_ITEM('density measure',
POSITIVE_RATIO_MEASURE(7850.),#11143);
#11202=MEASURE_REPRESENTATION_ITEM('density measure',
POSITIVE_RATIO_MEASURE(7850.),#11144);
#11203=MEASURE_REPRESENTATION_ITEM('density measure',
POSITIVE_RATIO_MEASURE(7850.),#11145);
#11204=MEASURE_REPRESENTATION_ITEM('density measure',
POSITIVE_RATIO_MEASURE(7850.),#11146);
#11205=MEASURE_REPRESENTATION_ITEM('density measure',
POSITIVE_RATIO_MEASURE(7850.),#11147);
#11206=MEASURE_REPRESENTATION_ITEM('density measure',
POSITIVE_RATIO_MEASURE(7850.),#11148);
#11207=MEASURE_REPRESENTATION_ITEM('density measure',
POSITIVE_RATIO_MEASURE(7850.),#11149);
#11208=MEASURE_REPRESENTATION_ITEM('density measure',
POSITIVE_RATIO_MEASURE(7850.),#11150);
#11209=MEASURE_REPRESENTATION_ITEM('density measure',
POSITIVE_RATIO_MEASURE(7850.),#11151);
#11210=MEASURE_REPRESENTATION_ITEM('density measure',
POSITIVE_RATIO_MEASURE(7850.),#11152);
#11211=MEASURE_REPRESENTATION_ITEM('density measure',
POSITIVE_RATIO_MEASURE(7850.),#11153);
#11212=MEASURE_REPRESENTATION_ITEM('density measure',
POSITIVE_RATIO_MEASURE(7850.),#11154);
#11213=MEASURE_REPRESENTATION_ITEM('density measure',
POSITIVE_RATIO_MEASURE(7850.),#11155);
#11214=MEASURE_REPRESENTATION_ITEM('density measure',
POSITIVE_RATIO_MEASURE(7850.),#11156);
#11215=PROPERTY_DEFINITION_REPRESENTATION(#11505,#11331);
#11216=PROPERTY_DEFINITION_REPRESENTATION(#11506,#11332);
#11217=PROPERTY_DEFINITION_REPRESENTATION(#11507,#11333);
#11218=PROPERTY_DEFINITION_REPRESENTATION(#11508,#11334);
#11219=PROPERTY_DEFINITION_REPRESENTATION(#11509,#11335);
#11220=PROPERTY_DEFINITION_REPRESENTATION(#11510,#11336);
#11221=PROPERTY_DEFINITION_REPRESENTATION(#11511,#11337);
#11222=PROPERTY_DEFINITION_REPRESENTATION(#11512,#11338);
#11223=PROPERTY_DEFINITION_REPRESENTATION(#11513,#11339);
#11224=PROPERTY_DEFINITION_REPRESENTATION(#11514,#11340);
#11225=PROPERTY_DEFINITION_REPRESENTATION(#11515,#11341);
#11226=PROPERTY_DEFINITION_REPRESENTATION(#11516,#11342);
#11227=PROPERTY_DEFINITION_REPRESENTATION(#11517,#11343);
#11228=PROPERTY_DEFINITION_REPRESENTATION(#11518,#11344);
#11229=PROPERTY_DEFINITION_REPRESENTATION(#11519,#11345);
#11230=PROPERTY_DEFINITION_REPRESENTATION(#11520,#11346);
#11231=PROPERTY_DEFINITION_REPRESENTATION(#11521,#11347);
#11232=PROPERTY_DEFINITION_REPRESENTATION(#11522,#11348);
#11233=PROPERTY_DEFINITION_REPRESENTATION(#11523,#11349);
#11234=PROPERTY_DEFINITION_REPRESENTATION(#11524,#11350);
#11235=PROPERTY_DEFINITION_REPRESENTATION(#11525,#11351);
#11236=PROPERTY_DEFINITION_REPRESENTATION(#11526,#11352);
#11237=PROPERTY_DEFINITION_REPRESENTATION(#11527,#11353);
#11238=PROPERTY_DEFINITION_REPRESENTATION(#11528,#11354);
#11239=PROPERTY_DEFINITION_REPRESENTATION(#11529,#11355);
#11240=PROPERTY_DEFINITION_REPRESENTATION(#11530,#11356);
#11241=PROPERTY_DEFINITION_REPRESENTATION(#11531,#11357);
#11242=PROPERTY_DEFINITION_REPRESENTATION(#11532,#11358);
#11243=PROPERTY_DEFINITION_REPRESENTATION(#11533,#11359);
#11244=PROPERTY_DEFINITION_REPRESENTATION(#11534,#11360);
#11245=PROPERTY_DEFINITION_REPRESENTATION(#11535,#11361);
#11246=PROPERTY_DEFINITION_REPRESENTATION(#11536,#11362);
#11247=PROPERTY_DEFINITION_REPRESENTATION(#11537,#11363);
#11248=PROPERTY_DEFINITION_REPRESENTATION(#11538,#11364);
#11249=PROPERTY_DEFINITION_REPRESENTATION(#11539,#11365);
#11250=PROPERTY_DEFINITION_REPRESENTATION(#11540,#11366);
#11251=PROPERTY_DEFINITION_REPRESENTATION(#11541,#11367);
#11252=PROPERTY_DEFINITION_REPRESENTATION(#11542,#11368);
#11253=PROPERTY_DEFINITION_REPRESENTATION(#11543,#11369);
#11254=PROPERTY_DEFINITION_REPRESENTATION(#11544,#11370);
#11255=PROPERTY_DEFINITION_REPRESENTATION(#11545,#11371);
#11256=PROPERTY_DEFINITION_REPRESENTATION(#11546,#11372);
#11257=PROPERTY_DEFINITION_REPRESENTATION(#11547,#11373);
#11258=PROPERTY_DEFINITION_REPRESENTATION(#11548,#11374);
#11259=PROPERTY_DEFINITION_REPRESENTATION(#11549,#11375);
#11260=PROPERTY_DEFINITION_REPRESENTATION(#11550,#11376);
#11261=PROPERTY_DEFINITION_REPRESENTATION(#11551,#11377);
#11262=PROPERTY_DEFINITION_REPRESENTATION(#11552,#11378);
#11263=PROPERTY_DEFINITION_REPRESENTATION(#11553,#11379);
#11264=PROPERTY_DEFINITION_REPRESENTATION(#11554,#11380);
#11265=PROPERTY_DEFINITION_REPRESENTATION(#11555,#11381);
#11266=PROPERTY_DEFINITION_REPRESENTATION(#11556,#11382);
#11267=PROPERTY_DEFINITION_REPRESENTATION(#11557,#11383);
#11268=PROPERTY_DEFINITION_REPRESENTATION(#11558,#11384);
#11269=PROPERTY_DEFINITION_REPRESENTATION(#11559,#11385);
#11270=PROPERTY_DEFINITION_REPRESENTATION(#11560,#11386);
#11271=PROPERTY_DEFINITION_REPRESENTATION(#11561,#11387);
#11272=PROPERTY_DEFINITION_REPRESENTATION(#11562,#11388);
#11273=PROPERTY_DEFINITION_REPRESENTATION(#11563,#11389);
#11274=PROPERTY_DEFINITION_REPRESENTATION(#11564,#11390);
#11275=PROPERTY_DEFINITION_REPRESENTATION(#11565,#11391);
#11276=PROPERTY_DEFINITION_REPRESENTATION(#11566,#11392);
#11277=PROPERTY_DEFINITION_REPRESENTATION(#11567,#11393);
#11278=PROPERTY_DEFINITION_REPRESENTATION(#11568,#11394);
#11279=PROPERTY_DEFINITION_REPRESENTATION(#11569,#11395);
#11280=PROPERTY_DEFINITION_REPRESENTATION(#11570,#11396);
#11281=PROPERTY_DEFINITION_REPRESENTATION(#11571,#11397);
#11282=PROPERTY_DEFINITION_REPRESENTATION(#11572,#11398);
#11283=PROPERTY_DEFINITION_REPRESENTATION(#11573,#11399);
#11284=PROPERTY_DEFINITION_REPRESENTATION(#11574,#11400);
#11285=PROPERTY_DEFINITION_REPRESENTATION(#11575,#11401);
#11286=PROPERTY_DEFINITION_REPRESENTATION(#11576,#11402);
#11287=PROPERTY_DEFINITION_REPRESENTATION(#11577,#11403);
#11288=PROPERTY_DEFINITION_REPRESENTATION(#11578,#11404);
#11289=PROPERTY_DEFINITION_REPRESENTATION(#11579,#11405);
#11290=PROPERTY_DEFINITION_REPRESENTATION(#11580,#11406);
#11291=PROPERTY_DEFINITION_REPRESENTATION(#11581,#11407);
#11292=PROPERTY_DEFINITION_REPRESENTATION(#11582,#11408);
#11293=PROPERTY_DEFINITION_REPRESENTATION(#11583,#11409);
#11294=PROPERTY_DEFINITION_REPRESENTATION(#11584,#11410);
#11295=PROPERTY_DEFINITION_REPRESENTATION(#11585,#11411);
#11296=PROPERTY_DEFINITION_REPRESENTATION(#11586,#11412);
#11297=PROPERTY_DEFINITION_REPRESENTATION(#11587,#11413);
#11298=PROPERTY_DEFINITION_REPRESENTATION(#11588,#11414);
#11299=PROPERTY_DEFINITION_REPRESENTATION(#11589,#11415);
#11300=PROPERTY_DEFINITION_REPRESENTATION(#11590,#11416);
#11301=PROPERTY_DEFINITION_REPRESENTATION(#11591,#11417);
#11302=PROPERTY_DEFINITION_REPRESENTATION(#11592,#11418);
#11303=PROPERTY_DEFINITION_REPRESENTATION(#11593,#11419);
#11304=PROPERTY_DEFINITION_REPRESENTATION(#11594,#11420);
#11305=PROPERTY_DEFINITION_REPRESENTATION(#11595,#11421);
#11306=PROPERTY_DEFINITION_REPRESENTATION(#11596,#11422);
#11307=PROPERTY_DEFINITION_REPRESENTATION(#11597,#11423);
#11308=PROPERTY_DEFINITION_REPRESENTATION(#11598,#11424);
#11309=PROPERTY_DEFINITION_REPRESENTATION(#11599,#11425);
#11310=PROPERTY_DEFINITION_REPRESENTATION(#11600,#11426);
#11311=PROPERTY_DEFINITION_REPRESENTATION(#11601,#11427);
#11312=PROPERTY_DEFINITION_REPRESENTATION(#11602,#11428);
#11313=PROPERTY_DEFINITION_REPRESENTATION(#11603,#11429);
#11314=PROPERTY_DEFINITION_REPRESENTATION(#11604,#11430);
#11315=PROPERTY_DEFINITION_REPRESENTATION(#11605,#11431);
#11316=PROPERTY_DEFINITION_REPRESENTATION(#11606,#11432);
#11317=PROPERTY_DEFINITION_REPRESENTATION(#11607,#11433);
#11318=PROPERTY_DEFINITION_REPRESENTATION(#11608,#11434);
#11319=PROPERTY_DEFINITION_REPRESENTATION(#11609,#11435);
#11320=PROPERTY_DEFINITION_REPRESENTATION(#11610,#11436);
#11321=PROPERTY_DEFINITION_REPRESENTATION(#11611,#11437);
#11322=PROPERTY_DEFINITION_REPRESENTATION(#11612,#11438);
#11323=PROPERTY_DEFINITION_REPRESENTATION(#11613,#11439);
#11324=PROPERTY_DEFINITION_REPRESENTATION(#11614,#11440);
#11325=PROPERTY_DEFINITION_REPRESENTATION(#11615,#11441);
#11326=PROPERTY_DEFINITION_REPRESENTATION(#11616,#11442);
#11327=PROPERTY_DEFINITION_REPRESENTATION(#11617,#11443);
#11328=PROPERTY_DEFINITION_REPRESENTATION(#11618,#11444);
#11329=PROPERTY_DEFINITION_REPRESENTATION(#11619,#11445);
#11330=PROPERTY_DEFINITION_REPRESENTATION(#11620,#11446);
#11331=REPRESENTATION('material name',(#11447),#19503);
#11332=REPRESENTATION('density',(#11157),#19503);
#11333=REPRESENTATION('material name',(#11448),#19504);
#11334=REPRESENTATION('density',(#11158),#19504);
#11335=REPRESENTATION('material name',(#11449),#19505);
#11336=REPRESENTATION('density',(#11159),#19505);
#11337=REPRESENTATION('material name',(#11450),#19506);
#11338=REPRESENTATION('density',(#11160),#19506);
#11339=REPRESENTATION('material name',(#11451),#19507);
#11340=REPRESENTATION('density',(#11161),#19507);
#11341=REPRESENTATION('material name',(#11452),#19508);
#11342=REPRESENTATION('density',(#11162),#19508);
#11343=REPRESENTATION('material name',(#11453),#19509);
#11344=REPRESENTATION('density',(#11163),#19509);
#11345=REPRESENTATION('material name',(#11454),#19511);
#11346=REPRESENTATION('density',(#11164),#19511);
#11347=REPRESENTATION('material name',(#11455),#19512);
#11348=REPRESENTATION('density',(#11165),#19512);
#11349=REPRESENTATION('material name',(#11456),#19514);
#11350=REPRESENTATION('density',(#11166),#19514);
#11351=REPRESENTATION('material name',(#11457),#19515);
#11352=REPRESENTATION('density',(#11167),#19515);
#11353=REPRESENTATION('material name',(#11458),#19516);
#11354=REPRESENTATION('density',(#11168),#19516);
#11355=REPRESENTATION('material name',(#11459),#19517);
#11356=REPRESENTATION('density',(#11169),#19517);
#11357=REPRESENTATION('material name',(#11460),#19518);
#11358=REPRESENTATION('density',(#11170),#19518);
#11359=REPRESENTATION('material name',(#11461),#19520);
#11360=REPRESENTATION('density',(#11171),#19520);
#11361=REPRESENTATION('material name',(#11462),#19522);
#11362=REPRESENTATION('density',(#11172),#19522);
#11363=REPRESENTATION('material name',(#11463),#19523);
#11364=REPRESENTATION('density',(#11173),#19523);
#11365=REPRESENTATION('material name',(#11464),#19524);
#11366=REPRESENTATION('density',(#11174),#19524);
#11367=REPRESENTATION('material name',(#11465),#19525);
#11368=REPRESENTATION('density',(#11175),#19525);
#11369=REPRESENTATION('material name',(#11466),#19526);
#11370=REPRESENTATION('density',(#11176),#19526);
#11371=REPRESENTATION('material name',(#11467),#19527);
#11372=REPRESENTATION('density',(#11177),#19527);
#11373=REPRESENTATION('material name',(#11468),#19528);
#11374=REPRESENTATION('density',(#11178),#19528);
#11375=REPRESENTATION('material name',(#11469),#19529);
#11376=REPRESENTATION('density',(#11179),#19529);
#11377=REPRESENTATION('material name',(#11470),#19530);
#11378=REPRESENTATION('density',(#11180),#19530);
#11379=REPRESENTATION('material name',(#11471),#19531);
#11380=REPRESENTATION('density',(#11181),#19531);
#11381=REPRESENTATION('material name',(#11472),#19532);
#11382=REPRESENTATION('density',(#11182),#19532);
#11383=REPRESENTATION('material name',(#11473),#19533);
#11384=REPRESENTATION('density',(#11183),#19533);
#11385=REPRESENTATION('material name',(#11474),#19535);
#11386=REPRESENTATION('density',(#11184),#19535);
#11387=REPRESENTATION('material name',(#11475),#19536);
#11388=REPRESENTATION('density',(#11185),#19536);
#11389=REPRESENTATION('material name',(#11476),#19537);
#11390=REPRESENTATION('density',(#11186),#19537);
#11391=REPRESENTATION('material name',(#11477),#19538);
#11392=REPRESENTATION('density',(#11187),#19538);
#11393=REPRESENTATION('material name',(#11478),#19539);
#11394=REPRESENTATION('density',(#11188),#19539);
#11395=REPRESENTATION('material name',(#11479),#19540);
#11396=REPRESENTATION('density',(#11189),#19540);
#11397=REPRESENTATION('material name',(#11480),#19541);
#11398=REPRESENTATION('density',(#11190),#19541);
#11399=REPRESENTATION('material name',(#11481),#19542);
#11400=REPRESENTATION('density',(#11191),#19542);
#11401=REPRESENTATION('material name',(#11482),#19543);
#11402=REPRESENTATION('density',(#11192),#19543);
#11403=REPRESENTATION('material name',(#11483),#19544);
#11404=REPRESENTATION('density',(#11193),#19544);
#11405=REPRESENTATION('material name',(#11484),#19545);
#11406=REPRESENTATION('density',(#11194),#19545);
#11407=REPRESENTATION('material name',(#11485),#19546);
#11408=REPRESENTATION('density',(#11195),#19546);
#11409=REPRESENTATION('material name',(#11486),#19547);
#11410=REPRESENTATION('density',(#11196),#19547);
#11411=REPRESENTATION('material name',(#11487),#19548);
#11412=REPRESENTATION('density',(#11197),#19548);
#11413=REPRESENTATION('material name',(#11488),#19549);
#11414=REPRESENTATION('density',(#11198),#19549);
#11415=REPRESENTATION('material name',(#11489),#19550);
#11416=REPRESENTATION('density',(#11199),#19550);
#11417=REPRESENTATION('material name',(#11490),#19551);
#11418=REPRESENTATION('density',(#11200),#19551);
#11419=REPRESENTATION('material name',(#11491),#19552);
#11420=REPRESENTATION('density',(#11201),#19552);
#11421=REPRESENTATION('material name',(#11492),#19553);
#11422=REPRESENTATION('density',(#11202),#19553);
#11423=REPRESENTATION('material name',(#11493),#19555);
#11424=REPRESENTATION('density',(#11203),#19555);
#11425=REPRESENTATION('material name',(#11494),#19556);
#11426=REPRESENTATION('density',(#11204),#19556);
#11427=REPRESENTATION('material name',(#11495),#19557);
#11428=REPRESENTATION('density',(#11205),#19557);
#11429=REPRESENTATION('material name',(#11496),#19558);
#11430=REPRESENTATION('density',(#11206),#19558);
#11431=REPRESENTATION('material name',(#11497),#19559);
#11432=REPRESENTATION('density',(#11207),#19559);
#11433=REPRESENTATION('material name',(#11498),#19560);
#11434=REPRESENTATION('density',(#11208),#19560);
#11435=REPRESENTATION('material name',(#11499),#19561);
#11436=REPRESENTATION('density',(#11209),#19561);
#11437=REPRESENTATION('material name',(#11500),#19562);
#11438=REPRESENTATION('density',(#11210),#19562);
#11439=REPRESENTATION('material name',(#11501),#19563);
#11440=REPRESENTATION('density',(#11211),#19563);
#11441=REPRESENTATION('material name',(#11502),#19564);
#11442=REPRESENTATION('density',(#11212),#19564);
#11443=REPRESENTATION('material name',(#11503),#19566);
#11444=REPRESENTATION('density',(#11213),#19566);
#11445=REPRESENTATION('material name',(#11504),#19567);
#11446=REPRESENTATION('density',(#11214),#19567);
#11447=DESCRIPTIVE_REPRESENTATION_ITEM('Steel','Steel');
#11448=DESCRIPTIVE_REPRESENTATION_ITEM('Steel','Steel');
#11449=DESCRIPTIVE_REPRESENTATION_ITEM('Steel','Steel');
#11450=DESCRIPTIVE_REPRESENTATION_ITEM('Steel','Steel');
#11451=DESCRIPTIVE_REPRESENTATION_ITEM('Steel','Steel');
#11452=DESCRIPTIVE_REPRESENTATION_ITEM('Steel','Steel');
#11453=DESCRIPTIVE_REPRESENTATION_ITEM('Steel','Steel');
#11454=DESCRIPTIVE_REPRESENTATION_ITEM('Steel','Steel');
#11455=DESCRIPTIVE_REPRESENTATION_ITEM('Steel','Steel');
#11456=DESCRIPTIVE_REPRESENTATION_ITEM('Steel','Steel');
#11457=DESCRIPTIVE_REPRESENTATION_ITEM('Steel','Steel');
#11458=DESCRIPTIVE_REPRESENTATION_ITEM('Steel','Steel');
#11459=DESCRIPTIVE_REPRESENTATION_ITEM('Steel','Steel');
#11460=DESCRIPTIVE_REPRESENTATION_ITEM('Steel','Steel');
#11461=DESCRIPTIVE_REPRESENTATION_ITEM('Steel','Steel');
#11462=DESCRIPTIVE_REPRESENTATION_ITEM('Steel','Steel');
#11463=DESCRIPTIVE_REPRESENTATION_ITEM('Steel','Steel');
#11464=DESCRIPTIVE_REPRESENTATION_ITEM('Steel','Steel');
#11465=DESCRIPTIVE_REPRESENTATION_ITEM('Steel','Steel');
#11466=DESCRIPTIVE_REPRESENTATION_ITEM('Steel','Steel');
#11467=DESCRIPTIVE_REPRESENTATION_ITEM('Steel','Steel');
#11468=DESCRIPTIVE_REPRESENTATION_ITEM('Steel','Steel');
#11469=DESCRIPTIVE_REPRESENTATION_ITEM('Steel','Steel');
#11470=DESCRIPTIVE_REPRESENTATION_ITEM('Steel','Steel');
#11471=DESCRIPTIVE_REPRESENTATION_ITEM('Steel','Steel');
#11472=DESCRIPTIVE_REPRESENTATION_ITEM('Steel','Steel');
#11473=DESCRIPTIVE_REPRESENTATION_ITEM('Steel','Steel');
#11474=DESCRIPTIVE_REPRESENTATION_ITEM('Steel','Steel');
#11475=DESCRIPTIVE_REPRESENTATION_ITEM('Steel','Steel');
#11476=DESCRIPTIVE_REPRESENTATION_ITEM('Steel','Steel');
#11477=DESCRIPTIVE_REPRESENTATION_ITEM('Steel','Steel');
#11478=DESCRIPTIVE_REPRESENTATION_ITEM('Steel','Steel');
#11479=DESCRIPTIVE_REPRESENTATION_ITEM('Steel','Steel');
#11480=DESCRIPTIVE_REPRESENTATION_ITEM('Steel','Steel');
#11481=DESCRIPTIVE_REPRESENTATION_ITEM('Steel','Steel');
#11482=DESCRIPTIVE_REPRESENTATION_ITEM('Steel','Steel');
#11483=DESCRIPTIVE_REPRESENTATION_ITEM('Steel','Steel');
#11484=DESCRIPTIVE_REPRESENTATION_ITEM('Steel','Steel');
#11485=DESCRIPTIVE_REPRESENTATION_ITEM('Steel','Steel');
#11486=DESCRIPTIVE_REPRESENTATION_ITEM('Steel','Steel');
#11487=DESCRIPTIVE_REPRESENTATION_ITEM('Steel','Steel');
#11488=DESCRIPTIVE_REPRESENTATION_ITEM('Steel','Steel');
#11489=DESCRIPTIVE_REPRESENTATION_ITEM('Steel','Steel');
#11490=DESCRIPTIVE_REPRESENTATION_ITEM('Steel','Steel');
#11491=DESCRIPTIVE_REPRESENTATION_ITEM('Steel','Steel');
#11492=DESCRIPTIVE_REPRESENTATION_ITEM('Steel','Steel');
#11493=DESCRIPTIVE_REPRESENTATION_ITEM('Steel','Steel');
#11494=DESCRIPTIVE_REPRESENTATION_ITEM('Steel','Steel');
#11495=DESCRIPTIVE_REPRESENTATION_ITEM('Steel','Steel');
#11496=DESCRIPTIVE_REPRESENTATION_ITEM('Steel','Steel');
#11497=DESCRIPTIVE_REPRESENTATION_ITEM('Steel','Steel');
#11498=DESCRIPTIVE_REPRESENTATION_ITEM('Steel','Steel');
#11499=DESCRIPTIVE_REPRESENTATION_ITEM('Steel','Steel');
#11500=DESCRIPTIVE_REPRESENTATION_ITEM('Steel','Steel');
#11501=DESCRIPTIVE_REPRESENTATION_ITEM('Steel','Steel');
#11502=DESCRIPTIVE_REPRESENTATION_ITEM('Steel','Steel');
#11503=DESCRIPTIVE_REPRESENTATION_ITEM('Steel','Steel');
#11504=DESCRIPTIVE_REPRESENTATION_ITEM('Steel','Steel');
#11505=PROPERTY_DEFINITION('material property','material name',#19843);
#11506=PROPERTY_DEFINITION('material property','density of part',#19843);
#11507=PROPERTY_DEFINITION('material property','material name',#19844);
#11508=PROPERTY_DEFINITION('material property','density of part',#19844);
#11509=PROPERTY_DEFINITION('material property','material name',#19845);
#11510=PROPERTY_DEFINITION('material property','density of part',#19845);
#11511=PROPERTY_DEFINITION('material property','material name',#19846);
#11512=PROPERTY_DEFINITION('material property','density of part',#19846);
#11513=PROPERTY_DEFINITION('material property','material name',#19847);
#11514=PROPERTY_DEFINITION('material property','density of part',#19847);
#11515=PROPERTY_DEFINITION('material property','material name',#19848);
#11516=PROPERTY_DEFINITION('material property','density of part',#19848);
#11517=PROPERTY_DEFINITION('material property','material name',#19849);
#11518=PROPERTY_DEFINITION('material property','density of part',#19849);
#11519=PROPERTY_DEFINITION('material property','material name',#19851);
#11520=PROPERTY_DEFINITION('material property','density of part',#19851);
#11521=PROPERTY_DEFINITION('material property','material name',#19852);
#11522=PROPERTY_DEFINITION('material property','density of part',#19852);
#11523=PROPERTY_DEFINITION('material property','material name',#19854);
#11524=PROPERTY_DEFINITION('material property','density of part',#19854);
#11525=PROPERTY_DEFINITION('material property','material name',#19855);
#11526=PROPERTY_DEFINITION('material property','density of part',#19855);
#11527=PROPERTY_DEFINITION('material property','material name',#19856);
#11528=PROPERTY_DEFINITION('material property','density of part',#19856);
#11529=PROPERTY_DEFINITION('material property','material name',#19857);
#11530=PROPERTY_DEFINITION('material property','density of part',#19857);
#11531=PROPERTY_DEFINITION('material property','material name',#19858);
#11532=PROPERTY_DEFINITION('material property','density of part',#19858);
#11533=PROPERTY_DEFINITION('material property','material name',#19860);
#11534=PROPERTY_DEFINITION('material property','density of part',#19860);
#11535=PROPERTY_DEFINITION('material property','material name',#19862);
#11536=PROPERTY_DEFINITION('material property','density of part',#19862);
#11537=PROPERTY_DEFINITION('material property','material name',#19863);
#11538=PROPERTY_DEFINITION('material property','density of part',#19863);
#11539=PROPERTY_DEFINITION('material property','material name',#19864);
#11540=PROPERTY_DEFINITION('material property','density of part',#19864);
#11541=PROPERTY_DEFINITION('material property','material name',#19865);
#11542=PROPERTY_DEFINITION('material property','density of part',#19865);
#11543=PROPERTY_DEFINITION('material property','material name',#19866);
#11544=PROPERTY_DEFINITION('material property','density of part',#19866);
#11545=PROPERTY_DEFINITION('material property','material name',#19867);
#11546=PROPERTY_DEFINITION('material property','density of part',#19867);
#11547=PROPERTY_DEFINITION('material property','material name',#19868);
#11548=PROPERTY_DEFINITION('material property','density of part',#19868);
#11549=PROPERTY_DEFINITION('material property','material name',#19869);
#11550=PROPERTY_DEFINITION('material property','density of part',#19869);
#11551=PROPERTY_DEFINITION('material property','material name',#19870);
#11552=PROPERTY_DEFINITION('material property','density of part',#19870);
#11553=PROPERTY_DEFINITION('material property','material name',#19871);
#11554=PROPERTY_DEFINITION('material property','density of part',#19871);
#11555=PROPERTY_DEFINITION('material property','material name',#19872);
#11556=PROPERTY_DEFINITION('material property','density of part',#19872);
#11557=PROPERTY_DEFINITION('material property','material name',#19873);
#11558=PROPERTY_DEFINITION('material property','density of part',#19873);
#11559=PROPERTY_DEFINITION('material property','material name',#19875);
#11560=PROPERTY_DEFINITION('material property','density of part',#19875);
#11561=PROPERTY_DEFINITION('material property','material name',#19876);
#11562=PROPERTY_DEFINITION('material property','density of part',#19876);
#11563=PROPERTY_DEFINITION('material property','material name',#19877);
#11564=PROPERTY_DEFINITION('material property','density of part',#19877);
#11565=PROPERTY_DEFINITION('material property','material name',#19878);
#11566=PROPERTY_DEFINITION('material property','density of part',#19878);
#11567=PROPERTY_DEFINITION('material property','material name',#19879);
#11568=PROPERTY_DEFINITION('material property','density of part',#19879);
#11569=PROPERTY_DEFINITION('material property','material name',#19880);
#11570=PROPERTY_DEFINITION('material property','density of part',#19880);
#11571=PROPERTY_DEFINITION('material property','material name',#19881);
#11572=PROPERTY_DEFINITION('material property','density of part',#19881);
#11573=PROPERTY_DEFINITION('material property','material name',#19882);
#11574=PROPERTY_DEFINITION('material property','density of part',#19882);
#11575=PROPERTY_DEFINITION('material property','material name',#19883);
#11576=PROPERTY_DEFINITION('material property','density of part',#19883);
#11577=PROPERTY_DEFINITION('material property','material name',#19884);
#11578=PROPERTY_DEFINITION('material property','density of part',#19884);
#11579=PROPERTY_DEFINITION('material property','material name',#19885);
#11580=PROPERTY_DEFINITION('material property','density of part',#19885);
#11581=PROPERTY_DEFINITION('material property','material name',#19886);
#11582=PROPERTY_DEFINITION('material property','density of part',#19886);
#11583=PROPERTY_DEFINITION('material property','material name',#19887);
#11584=PROPERTY_DEFINITION('material property','density of part',#19887);
#11585=PROPERTY_DEFINITION('material property','material name',#19888);
#11586=PROPERTY_DEFINITION('material property','density of part',#19888);
#11587=PROPERTY_DEFINITION('material property','material name',#19889);
#11588=PROPERTY_DEFINITION('material property','density of part',#19889);
#11589=PROPERTY_DEFINITION('material property','material name',#19890);
#11590=PROPERTY_DEFINITION('material property','density of part',#19890);
#11591=PROPERTY_DEFINITION('material property','material name',#19891);
#11592=PROPERTY_DEFINITION('material property','density of part',#19891);
#11593=PROPERTY_DEFINITION('material property','material name',#19892);
#11594=PROPERTY_DEFINITION('material property','density of part',#19892);
#11595=PROPERTY_DEFINITION('material property','material name',#19893);
#11596=PROPERTY_DEFINITION('material property','density of part',#19893);
#11597=PROPERTY_DEFINITION('material property','material name',#19895);
#11598=PROPERTY_DEFINITION('material property','density of part',#19895);
#11599=PROPERTY_DEFINITION('material property','material name',#19896);
#11600=PROPERTY_DEFINITION('material property','density of part',#19896);
#11601=PROPERTY_DEFINITION('material property','material name',#19897);
#11602=PROPERTY_DEFINITION('material property','density of part',#19897);
#11603=PROPERTY_DEFINITION('material property','material name',#19898);
#11604=PROPERTY_DEFINITION('material property','density of part',#19898);
#11605=PROPERTY_DEFINITION('material property','material name',#19899);
#11606=PROPERTY_DEFINITION('material property','density of part',#19899);
#11607=PROPERTY_DEFINITION('material property','material name',#19900);
#11608=PROPERTY_DEFINITION('material property','density of part',#19900);
#11609=PROPERTY_DEFINITION('material property','material name',#19901);
#11610=PROPERTY_DEFINITION('material property','density of part',#19901);
#11611=PROPERTY_DEFINITION('material property','material name',#19902);
#11612=PROPERTY_DEFINITION('material property','density of part',#19902);
#11613=PROPERTY_DEFINITION('material property','material name',#19903);
#11614=PROPERTY_DEFINITION('material property','density of part',#19903);
#11615=PROPERTY_DEFINITION('material property','material name',#19904);
#11616=PROPERTY_DEFINITION('material property','density of part',#19904);
#11617=PROPERTY_DEFINITION('material property','material name',#19906);
#11618=PROPERTY_DEFINITION('material property','density of part',#19906);
#11619=PROPERTY_DEFINITION('material property','material name',#19907);
#11620=PROPERTY_DEFINITION('material property','density of part',#19907);
#11621=AXIS2_PLACEMENT_3D('',#15999,#12764,#12765);
#11622=AXIS2_PLACEMENT_3D('',#16000,#12766,#12767);
#11623=AXIS2_PLACEMENT_3D('',#16001,#12768,#12769);
#11624=AXIS2_PLACEMENT_3D('',#16002,#12770,#12771);
#11625=AXIS2_PLACEMENT_3D('',#16004,#12772,#12773);
#11626=AXIS2_PLACEMENT_3D('',#16007,#12775,#12776);
#11627=AXIS2_PLACEMENT_3D('',#16008,#12777,#12778);
#11628=AXIS2_PLACEMENT_3D('',#16010,#12779,#12780);
#11629=AXIS2_PLACEMENT_3D('',#16013,#12782,#12783);
#11630=AXIS2_PLACEMENT_3D('',#16014,#12784,#12785);
#11631=AXIS2_PLACEMENT_3D('',#16016,#12786,#12787);
#11632=AXIS2_PLACEMENT_3D('',#16019,#12789,#12790);
#11633=AXIS2_PLACEMENT_3D('',#16020,#12791,#12792);
#11634=AXIS2_PLACEMENT_3D('',#16022,#12793,#12794);
#11635=AXIS2_PLACEMENT_3D('',#16025,#12796,#12797);
#11636=AXIS2_PLACEMENT_3D('',#16026,#12798,#12799);
#11637=AXIS2_PLACEMENT_3D('',#16031,#12801,#12802);
#11638=AXIS2_PLACEMENT_3D('',#16034,#12804,#12805);
#11639=AXIS2_PLACEMENT_3D('',#16035,#12806,#12807);
#11640=AXIS2_PLACEMENT_3D('',#16040,#12809,#12810);
#11641=AXIS2_PLACEMENT_3D('',#16043,#12812,#12813);
#11642=AXIS2_PLACEMENT_3D('',#16044,#12814,#12815);
#11643=AXIS2_PLACEMENT_3D('',#16045,#12816,#12817);
#11644=AXIS2_PLACEMENT_3D('',#16046,#12818,#12819);
#11645=AXIS2_PLACEMENT_3D('',#16047,#12820,#12821);
#11646=AXIS2_PLACEMENT_3D('',#16048,#12822,#12823);
#11647=AXIS2_PLACEMENT_3D('',#16049,#12824,#12825);
#11648=AXIS2_PLACEMENT_3D('',#16050,#12826,#12827);
#11649=AXIS2_PLACEMENT_3D('',#16055,#12829,#12830);
#11650=AXIS2_PLACEMENT_3D('',#16058,#12832,#12833);
#11651=AXIS2_PLACEMENT_3D('',#16059,#12834,#12835);
#11652=AXIS2_PLACEMENT_3D('',#16064,#12837,#12838);
#11653=AXIS2_PLACEMENT_3D('',#16067,#12840,#12841);
#11654=AXIS2_PLACEMENT_3D('',#16068,#12842,#12843);
#11655=AXIS2_PLACEMENT_3D('',#16069,#12844,#12845);
#11656=AXIS2_PLACEMENT_3D('',#16070,#12846,#12847);
#11657=AXIS2_PLACEMENT_3D('',#16071,#12848,#12849);
#11658=AXIS2_PLACEMENT_3D('',#16072,#12850,#12851);
#11659=AXIS2_PLACEMENT_3D('',#16073,#12852,#12853);
#11660=AXIS2_PLACEMENT_3D('',#16074,#12854,#12855);
#11661=AXIS2_PLACEMENT_3D('',#16076,#12856,#12857);
#11662=AXIS2_PLACEMENT_3D('',#16079,#12859,#12860);
#11663=AXIS2_PLACEMENT_3D('',#16080,#12861,#12862);
#11664=AXIS2_PLACEMENT_3D('',#16082,#12863,#12864);
#11665=AXIS2_PLACEMENT_3D('',#16085,#12866,#12867);
#11666=AXIS2_PLACEMENT_3D('',#16086,#12868,#12869);
#11667=AXIS2_PLACEMENT_3D('',#16088,#12870,#12871);
#11668=AXIS2_PLACEMENT_3D('',#16091,#12873,#12874);
#11669=AXIS2_PLACEMENT_3D('',#16092,#12875,#12876);
#11670=AXIS2_PLACEMENT_3D('',#16094,#12877,#12878);
#11671=AXIS2_PLACEMENT_3D('',#16097,#12880,#12881);
#11672=AXIS2_PLACEMENT_3D('',#16098,#12882,#12883);
#11673=AXIS2_PLACEMENT_3D('',#16100,#12884,#12885);
#11674=AXIS2_PLACEMENT_3D('',#16103,#12887,#12888);
#11675=AXIS2_PLACEMENT_3D('',#16104,#12889,#12890);
#11676=AXIS2_PLACEMENT_3D('',#16106,#12891,#12892);
#11677=AXIS2_PLACEMENT_3D('',#16109,#12894,#12895);
#11678=AXIS2_PLACEMENT_3D('',#16110,#12896,#12897);
#11679=AXIS2_PLACEMENT_3D('',#16112,#12898,#12899);
#11680=AXIS2_PLACEMENT_3D('',#16115,#12901,#12902);
#11681=AXIS2_PLACEMENT_3D('',#16116,#12903,#12904);
#11682=AXIS2_PLACEMENT_3D('',#16118,#12905,#12906);
#11683=AXIS2_PLACEMENT_3D('',#16121,#12908,#12909);
#11684=AXIS2_PLACEMENT_3D('',#16122,#12910,#12911);
#11685=AXIS2_PLACEMENT_3D('',#16124,#12912,#12913);
#11686=AXIS2_PLACEMENT_3D('',#16127,#12915,#12916);
#11687=AXIS2_PLACEMENT_3D('',#16128,#12917,#12918);
#11688=AXIS2_PLACEMENT_3D('',#16130,#12919,#12920);
#11689=AXIS2_PLACEMENT_3D('',#16133,#12922,#12923);
#11690=AXIS2_PLACEMENT_3D('',#16134,#12924,#12925);
#11691=AXIS2_PLACEMENT_3D('',#16136,#12926,#12927);
#11692=AXIS2_PLACEMENT_3D('',#16139,#12929,#12930);
#11693=AXIS2_PLACEMENT_3D('',#16140,#12931,#12932);
#11694=AXIS2_PLACEMENT_3D('',#16142,#12933,#12934);
#11695=AXIS2_PLACEMENT_3D('',#16145,#12936,#12937);
#11696=AXIS2_PLACEMENT_3D('',#16146,#12938,#12939);
#11697=AXIS2_PLACEMENT_3D('',#16148,#12940,#12941);
#11698=AXIS2_PLACEMENT_3D('',#16151,#12943,#12944);
#11699=AXIS2_PLACEMENT_3D('',#16152,#12945,#12946);
#11700=AXIS2_PLACEMENT_3D('',#16154,#12947,#12948);
#11701=AXIS2_PLACEMENT_3D('',#16157,#12950,#12951);
#11702=AXIS2_PLACEMENT_3D('',#16158,#12952,#12953);
#11703=AXIS2_PLACEMENT_3D('',#16160,#12954,#12955);
#11704=AXIS2_PLACEMENT_3D('',#16163,#12957,#12958);
#11705=AXIS2_PLACEMENT_3D('',#16164,#12959,#12960);
#11706=AXIS2_PLACEMENT_3D('',#16166,#12961,#12962);
#11707=AXIS2_PLACEMENT_3D('',#16169,#12964,#12965);
#11708=AXIS2_PLACEMENT_3D('',#16170,#12966,#12967);
#11709=AXIS2_PLACEMENT_3D('',#16179,#12972,#12973);
#11710=AXIS2_PLACEMENT_3D('',#16188,#12978,#12979);
#11711=AXIS2_PLACEMENT_3D('',#16191,#12982,#12983);
#11712=AXIS2_PLACEMENT_3D('',#16194,#12986,#12987);
#11713=AXIS2_PLACEMENT_3D('',#16203,#12992,#12993);
#11714=AXIS2_PLACEMENT_3D('',#16212,#12998,#12999);
#11715=AXIS2_PLACEMENT_3D('',#16215,#13002,#13003);
#11716=AXIS2_PLACEMENT_3D('',#16218,#13006,#13007);
#11717=AXIS2_PLACEMENT_3D('',#16227,#13012,#13013);
#11718=AXIS2_PLACEMENT_3D('',#16236,#13018,#13019);
#11719=AXIS2_PLACEMENT_3D('',#16239,#13022,#13023);
#11720=AXIS2_PLACEMENT_3D('',#16242,#13026,#13027);
#11721=AXIS2_PLACEMENT_3D('',#16251,#13032,#13033);
#11722=AXIS2_PLACEMENT_3D('',#16260,#13038,#13039);
#11723=AXIS2_PLACEMENT_3D('',#16263,#13042,#13043);
#11724=AXIS2_PLACEMENT_3D('',#16266,#13046,#13047);
#11725=AXIS2_PLACEMENT_3D('',#16268,#13048,#13049);
#11726=AXIS2_PLACEMENT_3D('',#16271,#13051,#13052);
#11727=AXIS2_PLACEMENT_3D('',#16272,#13053,#13054);
#11728=AXIS2_PLACEMENT_3D('',#16274,#13055,#13056);
#11729=AXIS2_PLACEMENT_3D('',#16277,#13058,#13059);
#11730=AXIS2_PLACEMENT_3D('',#16278,#13060,#13061);
#11731=AXIS2_PLACEMENT_3D('',#16280,#13062,#13063);
#11732=AXIS2_PLACEMENT_3D('',#16283,#13065,#13066);
#11733=AXIS2_PLACEMENT_3D('',#16284,#13067,#13068);
#11734=AXIS2_PLACEMENT_3D('',#16286,#13069,#13070);
#11735=AXIS2_PLACEMENT_3D('',#16289,#13072,#13073);
#11736=AXIS2_PLACEMENT_3D('',#16290,#13074,#13075);
#11737=AXIS2_PLACEMENT_3D('',#16292,#13076,#13077);
#11738=AXIS2_PLACEMENT_3D('',#16295,#13079,#13080);
#11739=AXIS2_PLACEMENT_3D('',#16296,#13081,#13082);
#11740=AXIS2_PLACEMENT_3D('',#16298,#13083,#13084);
#11741=AXIS2_PLACEMENT_3D('',#16301,#13086,#13087);
#11742=AXIS2_PLACEMENT_3D('',#16302,#13088,#13089);
#11743=AXIS2_PLACEMENT_3D('',#16304,#13090,#13091);
#11744=AXIS2_PLACEMENT_3D('',#16307,#13093,#13094);
#11745=AXIS2_PLACEMENT_3D('',#16308,#13095,#13096);
#11746=AXIS2_PLACEMENT_3D('',#16310,#13097,#13098);
#11747=AXIS2_PLACEMENT_3D('',#16313,#13100,#13101);
#11748=AXIS2_PLACEMENT_3D('',#16314,#13102,#13103);
#11749=AXIS2_PLACEMENT_3D('',#16316,#13104,#13105);
#11750=AXIS2_PLACEMENT_3D('',#16319,#13107,#13108);
#11751=AXIS2_PLACEMENT_3D('',#16320,#13109,#13110);
#11752=AXIS2_PLACEMENT_3D('',#16322,#13111,#13112);
#11753=AXIS2_PLACEMENT_3D('',#16325,#13114,#13115);
#11754=AXIS2_PLACEMENT_3D('',#16326,#13116,#13117);
#11755=AXIS2_PLACEMENT_3D('',#16328,#13118,#13119);
#11756=AXIS2_PLACEMENT_3D('',#16331,#13121,#13122);
#11757=AXIS2_PLACEMENT_3D('',#16332,#13123,#13124);
#11758=AXIS2_PLACEMENT_3D('',#16334,#13125,#13126);
#11759=AXIS2_PLACEMENT_3D('',#16337,#13128,#13129);
#11760=AXIS2_PLACEMENT_3D('',#16338,#13130,#13131);
#11761=AXIS2_PLACEMENT_3D('',#16340,#13132,#13133);
#11762=AXIS2_PLACEMENT_3D('',#16343,#13135,#13136);
#11763=AXIS2_PLACEMENT_3D('',#16344,#13137,#13138);
#11764=AXIS2_PLACEMENT_3D('',#16346,#13139,#13140);
#11765=AXIS2_PLACEMENT_3D('',#16349,#13142,#13143);
#11766=AXIS2_PLACEMENT_3D('',#16350,#13144,#13145);
#11767=AXIS2_PLACEMENT_3D('',#16352,#13146,#13147);
#11768=AXIS2_PLACEMENT_3D('',#16355,#13149,#13150);
#11769=AXIS2_PLACEMENT_3D('',#16356,#13151,#13152);
#11770=AXIS2_PLACEMENT_3D('',#16358,#13153,#13154);
#11771=AXIS2_PLACEMENT_3D('',#16361,#13156,#13157);
#11772=AXIS2_PLACEMENT_3D('',#16362,#13158,#13159);
#11773=AXIS2_PLACEMENT_3D('',#16364,#13160,#13161);
#11774=AXIS2_PLACEMENT_3D('',#16367,#13163,#13164);
#11775=AXIS2_PLACEMENT_3D('',#16368,#13165,#13166);
#11776=AXIS2_PLACEMENT_3D('',#16370,#13167,#13168);
#11777=AXIS2_PLACEMENT_3D('',#16373,#13170,#13171);
#11778=AXIS2_PLACEMENT_3D('',#16374,#13172,#13173);
#11779=AXIS2_PLACEMENT_3D('',#16383,#13178,#13179);
#11780=AXIS2_PLACEMENT_3D('',#16389,#13183,#13184);
#11781=AXIS2_PLACEMENT_3D('',#16395,#13188,#13189);
#11782=AXIS2_PLACEMENT_3D('',#16413,#13199,#13200);
#11783=AXIS2_PLACEMENT_3D('',#16417,#13203,#13204);
#11784=AXIS2_PLACEMENT_3D('',#16423,#13208,#13209);
#11785=AXIS2_PLACEMENT_3D('',#16427,#13212,#13213);
#11786=AXIS2_PLACEMENT_3D('',#16431,#13216,#13217);
#11787=AXIS2_PLACEMENT_3D('',#16440,#13223,#13224);
#11788=AXIS2_PLACEMENT_3D('',#16442,#13226,#13227);
#11789=AXIS2_PLACEMENT_3D('',#16444,#13229,#13230);
#11790=AXIS2_PLACEMENT_3D('',#16446,#13232,#13233);
#11791=AXIS2_PLACEMENT_3D('',#16447,#13234,#13235);
#11792=AXIS2_PLACEMENT_3D('',#16448,#13236,#13237);
#11793=AXIS2_PLACEMENT_3D('',#16449,#13238,#13239);
#11794=AXIS2_PLACEMENT_3D('',#16451,#13240,#13241);
#11795=AXIS2_PLACEMENT_3D('',#16454,#13243,#13244);
#11796=AXIS2_PLACEMENT_3D('',#16455,#13245,#13246);
#11797=AXIS2_PLACEMENT_3D('',#16457,#13247,#13248);
#11798=AXIS2_PLACEMENT_3D('',#16460,#13250,#13251);
#11799=AXIS2_PLACEMENT_3D('',#16461,#13252,#13253);
#11800=AXIS2_PLACEMENT_3D('',#16463,#13254,#13255);
#11801=AXIS2_PLACEMENT_3D('',#16466,#13257,#13258);
#11802=AXIS2_PLACEMENT_3D('',#16467,#13259,#13260);
#11803=AXIS2_PLACEMENT_3D('',#16469,#13261,#13262);
#11804=AXIS2_PLACEMENT_3D('',#16472,#13264,#13265);
#11805=AXIS2_PLACEMENT_3D('',#16473,#13266,#13267);
#11806=AXIS2_PLACEMENT_3D('',#16482,#13272,#13273);
#11807=AXIS2_PLACEMENT_3D('',#16488,#13277,#13278);
#11808=AXIS2_PLACEMENT_3D('',#16494,#13282,#13283);
#11809=AXIS2_PLACEMENT_3D('',#16504,#13289,#13290);
#11810=AXIS2_PLACEMENT_3D('',#16508,#13293,#13294);
#11811=AXIS2_PLACEMENT_3D('',#16512,#13297,#13298);
#11812=AXIS2_PLACEMENT_3D('',#16516,#13301,#13302);
#11813=AXIS2_PLACEMENT_3D('',#16520,#13305,#13306);
#11814=AXIS2_PLACEMENT_3D('',#16522,#13308,#13309);
#11815=AXIS2_PLACEMENT_3D('',#16523,#13310,#13311);
#11816=AXIS2_PLACEMENT_3D('',#16524,#13312,#13313);
#11817=AXIS2_PLACEMENT_3D('',#16526,#13314,#13315);
#11818=AXIS2_PLACEMENT_3D('',#16529,#13317,#13318);
#11819=AXIS2_PLACEMENT_3D('',#16530,#13319,#13320);
#11820=AXIS2_PLACEMENT_3D('',#16532,#13321,#13322);
#11821=AXIS2_PLACEMENT_3D('',#16535,#13324,#13325);
#11822=AXIS2_PLACEMENT_3D('',#16536,#13326,#13327);
#11823=AXIS2_PLACEMENT_3D('',#16538,#13328,#13329);
#11824=AXIS2_PLACEMENT_3D('',#16541,#13331,#13332);
#11825=AXIS2_PLACEMENT_3D('',#16542,#13333,#13334);
#11826=AXIS2_PLACEMENT_3D('',#16544,#13335,#13336);
#11827=AXIS2_PLACEMENT_3D('',#16547,#13338,#13339);
#11828=AXIS2_PLACEMENT_3D('',#16548,#13340,#13341);
#11829=AXIS2_PLACEMENT_3D('',#16557,#13346,#13347);
#11830=AXIS2_PLACEMENT_3D('',#16566,#13352,#13353);
#11831=AXIS2_PLACEMENT_3D('',#16569,#13356,#13357);
#11832=AXIS2_PLACEMENT_3D('',#16579,#13363,#13364);
#11833=AXIS2_PLACEMENT_3D('',#16583,#13367,#13368);
#11834=AXIS2_PLACEMENT_3D('',#16587,#13371,#13372);
#11835=AXIS2_PLACEMENT_3D('',#16591,#13375,#13376);
#11836=AXIS2_PLACEMENT_3D('',#16595,#13379,#13380);
#11837=AXIS2_PLACEMENT_3D('',#16597,#13382,#13383);
#11838=AXIS2_PLACEMENT_3D('',#16598,#13384,#13385);
#11839=AXIS2_PLACEMENT_3D('',#16599,#13386,#13387);
#11840=AXIS2_PLACEMENT_3D('',#16601,#13388,#13389);
#11841=AXIS2_PLACEMENT_3D('',#16604,#13391,#13392);
#11842=AXIS2_PLACEMENT_3D('',#16605,#13393,#13394);
#11843=AXIS2_PLACEMENT_3D('',#16607,#13395,#13396);
#11844=AXIS2_PLACEMENT_3D('',#16610,#13398,#13399);
#11845=AXIS2_PLACEMENT_3D('',#16611,#13400,#13401);
#11846=AXIS2_PLACEMENT_3D('',#16613,#13402,#13403);
#11847=AXIS2_PLACEMENT_3D('',#16616,#13405,#13406);
#11848=AXIS2_PLACEMENT_3D('',#16617,#13407,#13408);
#11849=AXIS2_PLACEMENT_3D('',#16619,#13409,#13410);
#11850=AXIS2_PLACEMENT_3D('',#16622,#13412,#13413);
#11851=AXIS2_PLACEMENT_3D('',#16623,#13414,#13415);
#11852=AXIS2_PLACEMENT_3D('',#16625,#13416,#13417);
#11853=AXIS2_PLACEMENT_3D('',#16628,#13419,#13420);
#11854=AXIS2_PLACEMENT_3D('',#16629,#13421,#13422);
#11855=AXIS2_PLACEMENT_3D('',#16631,#13423,#13424);
#11856=AXIS2_PLACEMENT_3D('',#16634,#13426,#13427);
#11857=AXIS2_PLACEMENT_3D('',#16635,#13428,#13429);
#11858=AXIS2_PLACEMENT_3D('',#16637,#13430,#13431);
#11859=AXIS2_PLACEMENT_3D('',#16640,#13433,#13434);
#11860=AXIS2_PLACEMENT_3D('',#16641,#13435,#13436);
#11861=AXIS2_PLACEMENT_3D('',#16650,#13441,#13442);
#11862=AXIS2_PLACEMENT_3D('',#16656,#13446,#13447);
#11863=AXIS2_PLACEMENT_3D('',#16662,#13451,#13452);
#11864=AXIS2_PLACEMENT_3D('',#16665,#13455,#13456);
#11865=AXIS2_PLACEMENT_3D('',#16666,#13457,#13458);
#11866=AXIS2_PLACEMENT_3D('',#16667,#13459,#13460);
#11867=AXIS2_PLACEMENT_3D('',#16668,#13461,#13462);
#11868=AXIS2_PLACEMENT_3D('',#16672,#13464,#13465);
#11869=AXIS2_PLACEMENT_3D('',#16673,#13466,#13467);
#11870=AXIS2_PLACEMENT_3D('',#16674,#13468,#13469);
#11871=AXIS2_PLACEMENT_3D('',#16675,#13470,#13471);
#11872=AXIS2_PLACEMENT_3D('',#16685,#13476,#13477);
#11873=AXIS2_PLACEMENT_3D('',#16687,#13478,#13479);
#11874=AXIS2_PLACEMENT_3D('',#16688,#13480,#13481);
#11875=AXIS2_PLACEMENT_3D('',#16694,#13485,#13486);
#11876=AXIS2_PLACEMENT_3D('',#16697,#13489,#13490);
#11877=AXIS2_PLACEMENT_3D('',#16698,#13491,#13492);
#11878=AXIS2_PLACEMENT_3D('',#16700,#13493,#13494);
#11879=AXIS2_PLACEMENT_3D('',#16702,#13496,#13497);
#11880=AXIS2_PLACEMENT_3D('',#16704,#13498,#13499);
#11881=AXIS2_PLACEMENT_3D('',#16706,#13501,#13502);
#11882=AXIS2_PLACEMENT_3D('',#16715,#13507,#13508);
#11883=AXIS2_PLACEMENT_3D('',#16721,#13512,#13513);
#11884=AXIS2_PLACEMENT_3D('',#16724,#13516,#13517);
#11885=AXIS2_PLACEMENT_3D('',#16725,#13518,#13519);
#11886=AXIS2_PLACEMENT_3D('',#16726,#13520,#13521);
#11887=AXIS2_PLACEMENT_3D('',#16727,#13522,#13523);
#11888=AXIS2_PLACEMENT_3D('',#16731,#13525,#13526);
#11889=AXIS2_PLACEMENT_3D('',#16732,#13527,#13528);
#11890=AXIS2_PLACEMENT_3D('',#16733,#13529,#13530);
#11891=AXIS2_PLACEMENT_3D('',#16734,#13531,#13532);
#11892=AXIS2_PLACEMENT_3D('',#16743,#13537,#13538);
#11893=AXIS2_PLACEMENT_3D('',#16750,#13542,#13543);
#11894=AXIS2_PLACEMENT_3D('',#16752,#13544,#13545);
#11895=AXIS2_PLACEMENT_3D('',#16753,#13546,#13547);
#11896=AXIS2_PLACEMENT_3D('',#16756,#13550,#13551);
#11897=AXIS2_PLACEMENT_3D('',#16757,#13552,#13553);
#11898=AXIS2_PLACEMENT_3D('',#16759,#13554,#13555);
#11899=AXIS2_PLACEMENT_3D('',#16761,#13557,#13558);
#11900=AXIS2_PLACEMENT_3D('',#16763,#13559,#13560);
#11901=AXIS2_PLACEMENT_3D('',#16765,#13562,#13563);
#11902=AXIS2_PLACEMENT_3D('',#16774,#13568,#13569);
#11903=AXIS2_PLACEMENT_3D('',#16780,#13573,#13574);
#11904=AXIS2_PLACEMENT_3D('',#16783,#13577,#13578);
#11905=AXIS2_PLACEMENT_3D('',#16784,#13579,#13580);
#11906=AXIS2_PLACEMENT_3D('',#16785,#13581,#13582);
#11907=AXIS2_PLACEMENT_3D('',#16786,#13583,#13584);
#11908=AXIS2_PLACEMENT_3D('',#16867,#13586,#13587);
#11909=AXIS2_PLACEMENT_3D('',#16869,#13588,#13589);
#11910=AXIS2_PLACEMENT_3D('',#16872,#13591,#13592);
#11911=AXIS2_PLACEMENT_3D('',#16873,#13593,#13594);
#11912=AXIS2_PLACEMENT_3D('',#16874,#13595,#13596);
#11913=AXIS2_PLACEMENT_3D('',#16876,#13597,#13598);
#11914=AXIS2_PLACEMENT_3D('',#16879,#13600,#13601);
#11915=AXIS2_PLACEMENT_3D('',#16880,#13602,#13603);
#11916=AXIS2_PLACEMENT_3D('',#16881,#13604,#13605);
#11917=AXIS2_PLACEMENT_3D('',#16883,#13606,#13607);
#11918=AXIS2_PLACEMENT_3D('',#16887,#13610,#13611);
#11919=AXIS2_PLACEMENT_3D('',#16888,#13612,#13613);
#11920=AXIS2_PLACEMENT_3D('',#16889,#13614,#13615);
#11921=AXIS2_PLACEMENT_3D('',#16890,#13616,#13617);
#11922=AXIS2_PLACEMENT_3D('',#16962,#13619,#13620);
#11923=AXIS2_PLACEMENT_3D('',#17034,#13622,#13623);
#11924=AXIS2_PLACEMENT_3D('',#17115,#13625,#13626);
#11925=AXIS2_PLACEMENT_3D('',#17117,#13627,#13628);
#11926=AXIS2_PLACEMENT_3D('',#17120,#13630,#13631);
#11927=AXIS2_PLACEMENT_3D('',#17121,#13632,#13633);
#11928=AXIS2_PLACEMENT_3D('',#17122,#13634,#13635);
#11929=AXIS2_PLACEMENT_3D('',#17124,#13636,#13637);
#11930=AXIS2_PLACEMENT_3D('',#17127,#13639,#13640);
#11931=AXIS2_PLACEMENT_3D('',#17128,#13641,#13642);
#11932=AXIS2_PLACEMENT_3D('',#17129,#13643,#13644);
#11933=AXIS2_PLACEMENT_3D('',#17131,#13645,#13646);
#11934=AXIS2_PLACEMENT_3D('',#17135,#13649,#13650);
#11935=AXIS2_PLACEMENT_3D('',#17136,#13651,#13652);
#11936=AXIS2_PLACEMENT_3D('',#17137,#13653,#13654);
#11937=AXIS2_PLACEMENT_3D('',#17138,#13655,#13656);
#11938=AXIS2_PLACEMENT_3D('',#17219,#13658,#13659);
#11939=AXIS2_PLACEMENT_3D('',#17221,#13660,#13661);
#11940=AXIS2_PLACEMENT_3D('',#17224,#13663,#13664);
#11941=AXIS2_PLACEMENT_3D('',#17225,#13665,#13666);
#11942=AXIS2_PLACEMENT_3D('',#17226,#13667,#13668);
#11943=AXIS2_PLACEMENT_3D('',#17228,#13669,#13670);
#11944=AXIS2_PLACEMENT_3D('',#17231,#13672,#13673);
#11945=AXIS2_PLACEMENT_3D('',#17232,#13674,#13675);
#11946=AXIS2_PLACEMENT_3D('',#17233,#13676,#13677);
#11947=AXIS2_PLACEMENT_3D('',#17235,#13678,#13679);
#11948=AXIS2_PLACEMENT_3D('',#17239,#13682,#13683);
#11949=AXIS2_PLACEMENT_3D('',#17240,#13684,#13685);
#11950=AXIS2_PLACEMENT_3D('',#17241,#13686,#13687);
#11951=AXIS2_PLACEMENT_3D('',#17242,#13688,#13689);
#11952=AXIS2_PLACEMENT_3D('',#17323,#13691,#13692);
#11953=AXIS2_PLACEMENT_3D('',#17325,#13693,#13694);
#11954=AXIS2_PLACEMENT_3D('',#17328,#13696,#13697);
#11955=AXIS2_PLACEMENT_3D('',#17329,#13698,#13699);
#11956=AXIS2_PLACEMENT_3D('',#17330,#13700,#13701);
#11957=AXIS2_PLACEMENT_3D('',#17332,#13702,#13703);
#11958=AXIS2_PLACEMENT_3D('',#17335,#13705,#13706);
#11959=AXIS2_PLACEMENT_3D('',#17336,#13707,#13708);
#11960=AXIS2_PLACEMENT_3D('',#17337,#13709,#13710);
#11961=AXIS2_PLACEMENT_3D('',#17339,#13711,#13712);
#11962=AXIS2_PLACEMENT_3D('',#17343,#13715,#13716);
#11963=AXIS2_PLACEMENT_3D('',#17344,#13717,#13718);
#11964=AXIS2_PLACEMENT_3D('',#17345,#13719,#13720);
#11965=AXIS2_PLACEMENT_3D('',#17346,#13721,#13722);
#11966=AXIS2_PLACEMENT_3D('',#17347,#13723,#13724);
#11967=AXIS2_PLACEMENT_3D('',#17348,#13725,#13726);
#11968=AXIS2_PLACEMENT_3D('',#17349,#13727,#13728);
#11969=AXIS2_PLACEMENT_3D('',#17350,#13729,#13730);
#11970=AXIS2_PLACEMENT_3D('',#17351,#13731,#13732);
#11971=AXIS2_PLACEMENT_3D('',#17352,#13733,#13734);
#11972=AXIS2_PLACEMENT_3D('',#17353,#13735,#13736);
#11973=AXIS2_PLACEMENT_3D('',#17354,#13737,#13738);
#11974=AXIS2_PLACEMENT_3D('',#17355,#13739,#13740);
#11975=AXIS2_PLACEMENT_3D('',#17357,#13741,#13742);
#11976=AXIS2_PLACEMENT_3D('',#17360,#13744,#13745);
#11977=AXIS2_PLACEMENT_3D('',#17361,#13746,#13747);
#11978=AXIS2_PLACEMENT_3D('',#17363,#13748,#13749);
#11979=AXIS2_PLACEMENT_3D('',#17366,#13751,#13752);
#11980=AXIS2_PLACEMENT_3D('',#17367,#13753,#13754);
#11981=AXIS2_PLACEMENT_3D('',#17369,#13755,#13756);
#11982=AXIS2_PLACEMENT_3D('',#17372,#13758,#13759);
#11983=AXIS2_PLACEMENT_3D('',#17373,#13760,#13761);
#11984=AXIS2_PLACEMENT_3D('',#17374,#13762,#13763);
#11985=AXIS2_PLACEMENT_3D('',#17376,#13764,#13765);
#11986=AXIS2_PLACEMENT_3D('',#17379,#13767,#13768);
#11987=AXIS2_PLACEMENT_3D('',#17380,#13769,#13770);
#11988=AXIS2_PLACEMENT_3D('',#17381,#13771,#13772);
#11989=AXIS2_PLACEMENT_3D('',#17383,#13773,#13774);
#11990=AXIS2_PLACEMENT_3D('',#17386,#13776,#13777);
#11991=AXIS2_PLACEMENT_3D('',#17387,#13778,#13779);
#11992=AXIS2_PLACEMENT_3D('',#17388,#13780,#13781);
#11993=AXIS2_PLACEMENT_3D('',#17389,#13782,#13783);
#11994=AXIS2_PLACEMENT_3D('',#17390,#13784,#13785);
#11995=AXIS2_PLACEMENT_3D('',#17392,#13786,#13787);
#11996=AXIS2_PLACEMENT_3D('',#17395,#13789,#13790);
#11997=AXIS2_PLACEMENT_3D('',#17396,#13791,#13792);
#11998=AXIS2_PLACEMENT_3D('',#17398,#13793,#13794);
#11999=AXIS2_PLACEMENT_3D('',#17401,#13796,#13797);
#12000=AXIS2_PLACEMENT_3D('',#17402,#13798,#13799);
#12001=AXIS2_PLACEMENT_3D('',#17404,#13800,#13801);
#12002=AXIS2_PLACEMENT_3D('',#17407,#13803,#13804);
#12003=AXIS2_PLACEMENT_3D('',#17408,#13805,#13806);
#12004=AXIS2_PLACEMENT_3D('',#17409,#13807,#13808);
#12005=AXIS2_PLACEMENT_3D('',#17411,#13809,#13810);
#12006=AXIS2_PLACEMENT_3D('',#17414,#13812,#13813);
#12007=AXIS2_PLACEMENT_3D('',#17415,#13814,#13815);
#12008=AXIS2_PLACEMENT_3D('',#17416,#13816,#13817);
#12009=AXIS2_PLACEMENT_3D('',#17418,#13818,#13819);
#12010=AXIS2_PLACEMENT_3D('',#17421,#13821,#13822);
#12011=AXIS2_PLACEMENT_3D('',#17422,#13823,#13824);
#12012=AXIS2_PLACEMENT_3D('',#17423,#13825,#13826);
#12013=AXIS2_PLACEMENT_3D('',#17424,#13827,#13828);
#12014=AXIS2_PLACEMENT_3D('',#17425,#13829,#13830);
#12015=AXIS2_PLACEMENT_3D('',#17426,#13831,#13832);
#12016=AXIS2_PLACEMENT_3D('',#17427,#13833,#13834);
#12017=AXIS2_PLACEMENT_3D('',#17428,#13835,#13836);
#12018=AXIS2_PLACEMENT_3D('',#17437,#13841,#13842);
#12019=AXIS2_PLACEMENT_3D('',#17443,#13846,#13847);
#12020=AXIS2_PLACEMENT_3D('',#17449,#13851,#13852);
#12021=AXIS2_PLACEMENT_3D('',#17452,#13855,#13856);
#12022=AXIS2_PLACEMENT_3D('',#17453,#13857,#13858);
#12023=AXIS2_PLACEMENT_3D('',#17454,#13859,#13860);
#12024=AXIS2_PLACEMENT_3D('',#17455,#13861,#13862);
#12025=AXIS2_PLACEMENT_3D('',#17464,#13867,#13868);
#12026=AXIS2_PLACEMENT_3D('',#17470,#13872,#13873);
#12027=AXIS2_PLACEMENT_3D('',#17476,#13877,#13878);
#12028=AXIS2_PLACEMENT_3D('',#17479,#13881,#13882);
#12029=AXIS2_PLACEMENT_3D('',#17480,#13883,#13884);
#12030=AXIS2_PLACEMENT_3D('',#17481,#13885,#13886);
#12031=AXIS2_PLACEMENT_3D('',#17482,#13887,#13888);
#12032=AXIS2_PLACEMENT_3D('',#17491,#13893,#13894);
#12033=AXIS2_PLACEMENT_3D('',#17497,#13898,#13899);
#12034=AXIS2_PLACEMENT_3D('',#17503,#13903,#13904);
#12035=AXIS2_PLACEMENT_3D('',#17506,#13907,#13908);
#12036=AXIS2_PLACEMENT_3D('',#17507,#13909,#13910);
#12037=AXIS2_PLACEMENT_3D('',#17508,#13911,#13912);
#12038=AXIS2_PLACEMENT_3D('',#17509,#13913,#13914);
#12039=AXIS2_PLACEMENT_3D('',#17511,#13915,#13916);
#12040=AXIS2_PLACEMENT_3D('',#17514,#13918,#13919);
#12041=AXIS2_PLACEMENT_3D('',#17515,#13920,#13921);
#12042=AXIS2_PLACEMENT_3D('',#17517,#13922,#13923);
#12043=AXIS2_PLACEMENT_3D('',#17520,#13925,#13926);
#12044=AXIS2_PLACEMENT_3D('',#17521,#13927,#13928);
#12045=AXIS2_PLACEMENT_3D('',#17530,#13933,#13934);
#12046=AXIS2_PLACEMENT_3D('',#17536,#13938,#13939);
#12047=AXIS2_PLACEMENT_3D('',#17542,#13943,#13944);
#12048=AXIS2_PLACEMENT_3D('',#17545,#13947,#13948);
#12049=AXIS2_PLACEMENT_3D('',#17546,#13949,#13950);
#12050=AXIS2_PLACEMENT_3D('',#17547,#13951,#13952);
#12051=AXIS2_PLACEMENT_3D('',#17548,#13953,#13954);
#12052=AXIS2_PLACEMENT_3D('',#17557,#13959,#13960);
#12053=AXIS2_PLACEMENT_3D('',#17563,#13964,#13965);
#12054=AXIS2_PLACEMENT_3D('',#17569,#13969,#13970);
#12055=AXIS2_PLACEMENT_3D('',#17572,#13973,#13974);
#12056=AXIS2_PLACEMENT_3D('',#17573,#13975,#13976);
#12057=AXIS2_PLACEMENT_3D('',#17574,#13977,#13978);
#12058=AXIS2_PLACEMENT_3D('',#17575,#13979,#13980);
#12059=AXIS2_PLACEMENT_3D('',#17576,#13981,#13982);
#12060=AXIS2_PLACEMENT_3D('',#17577,#13983,#13984);
#12061=AXIS2_PLACEMENT_3D('',#17578,#13985,#13986);
#12062=AXIS2_PLACEMENT_3D('',#17579,#13987,#13988);
#12063=AXIS2_PLACEMENT_3D('',#17580,#13989,#13990);
#12064=AXIS2_PLACEMENT_3D('',#17581,#13991,#13992);
#12065=AXIS2_PLACEMENT_3D('',#17582,#13993,#13994);
#12066=AXIS2_PLACEMENT_3D('',#17583,#13995,#13996);
#12067=AXIS2_PLACEMENT_3D('',#17585,#13997,#13998);
#12068=AXIS2_PLACEMENT_3D('',#17588,#14000,#14001);
#12069=AXIS2_PLACEMENT_3D('',#17589,#14002,#14003);
#12070=AXIS2_PLACEMENT_3D('',#17591,#14004,#14005);
#12071=AXIS2_PLACEMENT_3D('',#17594,#14007,#14008);
#12072=AXIS2_PLACEMENT_3D('',#17595,#14009,#14010);
#12073=AXIS2_PLACEMENT_3D('',#17597,#14011,#14012);
#12074=AXIS2_PLACEMENT_3D('',#17600,#14014,#14015);
#12075=AXIS2_PLACEMENT_3D('',#17601,#14016,#14017);
#12076=AXIS2_PLACEMENT_3D('',#17603,#14018,#14019);
#12077=AXIS2_PLACEMENT_3D('',#17606,#14021,#14022);
#12078=AXIS2_PLACEMENT_3D('',#17607,#14023,#14024);
#12079=AXIS2_PLACEMENT_3D('',#17616,#14029,#14030);
#12080=AXIS2_PLACEMENT_3D('',#17622,#14034,#14035);
#12081=AXIS2_PLACEMENT_3D('',#17628,#14039,#14040);
#12082=AXIS2_PLACEMENT_3D('',#17631,#14043,#14044);
#12083=AXIS2_PLACEMENT_3D('',#17632,#14045,#14046);
#12084=AXIS2_PLACEMENT_3D('',#17633,#14047,#14048);
#12085=AXIS2_PLACEMENT_3D('',#17634,#14049,#14050);
#12086=AXIS2_PLACEMENT_3D('',#17635,#14051,#14052);
#12087=AXIS2_PLACEMENT_3D('',#17636,#14053,#14054);
#12088=AXIS2_PLACEMENT_3D('',#17638,#14055,#14056);
#12089=AXIS2_PLACEMENT_3D('',#17641,#14058,#14059);
#12090=AXIS2_PLACEMENT_3D('',#17642,#14060,#14061);
#12091=AXIS2_PLACEMENT_3D('',#17644,#14062,#14063);
#12092=AXIS2_PLACEMENT_3D('',#17647,#14065,#14066);
#12093=AXIS2_PLACEMENT_3D('',#17648,#14067,#14068);
#12094=AXIS2_PLACEMENT_3D('',#17650,#14069,#14070);
#12095=AXIS2_PLACEMENT_3D('',#17653,#14072,#14073);
#12096=AXIS2_PLACEMENT_3D('',#17654,#14074,#14075);
#12097=AXIS2_PLACEMENT_3D('',#17656,#14076,#14077);
#12098=AXIS2_PLACEMENT_3D('',#17659,#14079,#14080);
#12099=AXIS2_PLACEMENT_3D('',#17660,#14081,#14082);
#12100=AXIS2_PLACEMENT_3D('',#17669,#14087,#14088);
#12101=AXIS2_PLACEMENT_3D('',#17675,#14092,#14093);
#12102=AXIS2_PLACEMENT_3D('',#17681,#14097,#14098);
#12103=AXIS2_PLACEMENT_3D('',#17684,#14101,#14102);
#12104=AXIS2_PLACEMENT_3D('',#17693,#14107,#14108);
#12105=AXIS2_PLACEMENT_3D('',#17699,#14112,#14113);
#12106=AXIS2_PLACEMENT_3D('',#17705,#14117,#14118);
#12107=AXIS2_PLACEMENT_3D('',#17708,#14121,#14122);
#12108=AXIS2_PLACEMENT_3D('',#17717,#14127,#14128);
#12109=AXIS2_PLACEMENT_3D('',#17723,#14132,#14133);
#12110=AXIS2_PLACEMENT_3D('',#17729,#14137,#14138);
#12111=AXIS2_PLACEMENT_3D('',#17732,#14141,#14142);
#12112=AXIS2_PLACEMENT_3D('',#17733,#14143,#14144);
#12113=AXIS2_PLACEMENT_3D('',#17734,#14145,#14146);
#12114=AXIS2_PLACEMENT_3D('',#17743,#14151,#14152);
#12115=AXIS2_PLACEMENT_3D('',#17749,#14156,#14157);
#12116=AXIS2_PLACEMENT_3D('',#17755,#14161,#14162);
#12117=AXIS2_PLACEMENT_3D('',#17758,#14165,#14166);
#12118=AXIS2_PLACEMENT_3D('',#17759,#14167,#14168);
#12119=AXIS2_PLACEMENT_3D('',#17760,#14169,#14170);
#12120=AXIS2_PLACEMENT_3D('',#17769,#14175,#14176);
#12121=AXIS2_PLACEMENT_3D('',#17778,#14181,#14182);
#12122=AXIS2_PLACEMENT_3D('',#17781,#14185,#14186);
#12123=AXIS2_PLACEMENT_3D('',#17783,#14188,#14189);
#12124=AXIS2_PLACEMENT_3D('',#17785,#14191,#14192);
#12125=AXIS2_PLACEMENT_3D('',#17786,#14193,#14194);
#12126=AXIS2_PLACEMENT_3D('',#17787,#14195,#14196);
#12127=AXIS2_PLACEMENT_3D('',#17789,#14197,#14198);
#12128=AXIS2_PLACEMENT_3D('',#17792,#14200,#14201);
#12129=AXIS2_PLACEMENT_3D('',#17793,#14202,#14203);
#12130=AXIS2_PLACEMENT_3D('',#17794,#14204,#14205);
#12131=AXIS2_PLACEMENT_3D('',#17796,#14206,#14207);
#12132=AXIS2_PLACEMENT_3D('',#17799,#14209,#14210);
#12133=AXIS2_PLACEMENT_3D('',#17800,#14211,#14212);
#12134=AXIS2_PLACEMENT_3D('',#17801,#14213,#14214);
#12135=AXIS2_PLACEMENT_3D('',#17803,#14215,#14216);
#12136=AXIS2_PLACEMENT_3D('',#17806,#14218,#14219);
#12137=AXIS2_PLACEMENT_3D('',#17807,#14220,#14221);
#12138=AXIS2_PLACEMENT_3D('',#17808,#14222,#14223);
#12139=AXIS2_PLACEMENT_3D('',#17809,#14224,#14225);
#12140=AXIS2_PLACEMENT_3D('',#17810,#14226,#14227);
#12141=AXIS2_PLACEMENT_3D('',#17812,#14228,#14229);
#12142=AXIS2_PLACEMENT_3D('',#17815,#14231,#14232);
#12143=AXIS2_PLACEMENT_3D('',#17816,#14233,#14234);
#12144=AXIS2_PLACEMENT_3D('',#17817,#14235,#14236);
#12145=AXIS2_PLACEMENT_3D('',#17819,#14237,#14238);
#12146=AXIS2_PLACEMENT_3D('',#17822,#14240,#14241);
#12147=AXIS2_PLACEMENT_3D('',#17823,#14242,#14243);
#12148=AXIS2_PLACEMENT_3D('',#17824,#14244,#14245);
#12149=AXIS2_PLACEMENT_3D('',#17826,#14246,#14247);
#12150=AXIS2_PLACEMENT_3D('',#17829,#14249,#14250);
#12151=AXIS2_PLACEMENT_3D('',#17830,#14251,#14252);
#12152=AXIS2_PLACEMENT_3D('',#17831,#14253,#14254);
#12153=AXIS2_PLACEMENT_3D('',#17832,#14255,#14256);
#12154=AXIS2_PLACEMENT_3D('',#17833,#14257,#14258);
#12155=AXIS2_PLACEMENT_3D('',#17835,#14259,#14260);
#12156=AXIS2_PLACEMENT_3D('',#17838,#14262,#14263);
#12157=AXIS2_PLACEMENT_3D('',#17839,#14264,#14265);
#12158=AXIS2_PLACEMENT_3D('',#17840,#14266,#14267);
#12159=AXIS2_PLACEMENT_3D('',#17842,#14268,#14269);
#12160=AXIS2_PLACEMENT_3D('',#17845,#14271,#14272);
#12161=AXIS2_PLACEMENT_3D('',#17846,#14273,#14274);
#12162=AXIS2_PLACEMENT_3D('',#17847,#14275,#14276);
#12163=AXIS2_PLACEMENT_3D('',#17849,#14277,#14278);
#12164=AXIS2_PLACEMENT_3D('',#17852,#14280,#14281);
#12165=AXIS2_PLACEMENT_3D('',#17853,#14282,#14283);
#12166=AXIS2_PLACEMENT_3D('',#17854,#14284,#14285);
#12167=AXIS2_PLACEMENT_3D('',#17855,#14286,#14287);
#12168=AXIS2_PLACEMENT_3D('',#17856,#14288,#14289);
#12169=AXIS2_PLACEMENT_3D('',#17858,#14290,#14291);
#12170=AXIS2_PLACEMENT_3D('',#17861,#14293,#14294);
#12171=AXIS2_PLACEMENT_3D('',#17862,#14295,#14296);
#12172=AXIS2_PLACEMENT_3D('',#17863,#14297,#14298);
#12173=AXIS2_PLACEMENT_3D('',#17865,#14299,#14300);
#12174=AXIS2_PLACEMENT_3D('',#17868,#14302,#14303);
#12175=AXIS2_PLACEMENT_3D('',#17869,#14304,#14305);
#12176=AXIS2_PLACEMENT_3D('',#17870,#14306,#14307);
#12177=AXIS2_PLACEMENT_3D('',#17872,#14308,#14309);
#12178=AXIS2_PLACEMENT_3D('',#17875,#14311,#14312);
#12179=AXIS2_PLACEMENT_3D('',#17876,#14313,#14314);
#12180=AXIS2_PLACEMENT_3D('',#17877,#14315,#14316);
#12181=AXIS2_PLACEMENT_3D('',#17878,#14317,#14318);
#12182=AXIS2_PLACEMENT_3D('',#17879,#14319,#14320);
#12183=AXIS2_PLACEMENT_3D('',#17881,#14321,#14322);
#12184=AXIS2_PLACEMENT_3D('',#17884,#14324,#14325);
#12185=AXIS2_PLACEMENT_3D('',#17885,#14326,#14327);
#12186=AXIS2_PLACEMENT_3D('',#17886,#14328,#14329);
#12187=AXIS2_PLACEMENT_3D('',#17888,#14330,#14331);
#12188=AXIS2_PLACEMENT_3D('',#17891,#14333,#14334);
#12189=AXIS2_PLACEMENT_3D('',#17892,#14335,#14336);
#12190=AXIS2_PLACEMENT_3D('',#17893,#14337,#14338);
#12191=AXIS2_PLACEMENT_3D('',#17895,#14339,#14340);
#12192=AXIS2_PLACEMENT_3D('',#17898,#14342,#14343);
#12193=AXIS2_PLACEMENT_3D('',#17899,#14344,#14345);
#12194=AXIS2_PLACEMENT_3D('',#17900,#14346,#14347);
#12195=AXIS2_PLACEMENT_3D('',#17901,#14348,#14349);
#12196=AXIS2_PLACEMENT_3D('',#17902,#14350,#14351);
#12197=AXIS2_PLACEMENT_3D('',#17904,#14352,#14353);
#12198=AXIS2_PLACEMENT_3D('',#17907,#14355,#14356);
#12199=AXIS2_PLACEMENT_3D('',#17908,#14357,#14358);
#12200=AXIS2_PLACEMENT_3D('',#17909,#14359,#14360);
#12201=AXIS2_PLACEMENT_3D('',#17911,#14361,#14362);
#12202=AXIS2_PLACEMENT_3D('',#17914,#14364,#14365);
#12203=AXIS2_PLACEMENT_3D('',#17915,#14366,#14367);
#12204=AXIS2_PLACEMENT_3D('',#17916,#14368,#14369);
#12205=AXIS2_PLACEMENT_3D('',#17918,#14370,#14371);
#12206=AXIS2_PLACEMENT_3D('',#17921,#14373,#14374);
#12207=AXIS2_PLACEMENT_3D('',#17922,#14375,#14376);
#12208=AXIS2_PLACEMENT_3D('',#17923,#14377,#14378);
#12209=AXIS2_PLACEMENT_3D('',#17924,#14379,#14380);
#12210=AXIS2_PLACEMENT_3D('',#17925,#14381,#14382);
#12211=AXIS2_PLACEMENT_3D('',#17927,#14383,#14384);
#12212=AXIS2_PLACEMENT_3D('',#17930,#14386,#14387);
#12213=AXIS2_PLACEMENT_3D('',#17931,#14388,#14389);
#12214=AXIS2_PLACEMENT_3D('',#17933,#14390,#14391);
#12215=AXIS2_PLACEMENT_3D('',#17936,#14393,#14394);
#12216=AXIS2_PLACEMENT_3D('',#17937,#14395,#14396);
#12217=AXIS2_PLACEMENT_3D('',#17946,#14401,#14402);
#12218=AXIS2_PLACEMENT_3D('',#17955,#14407,#14408);
#12219=AXIS2_PLACEMENT_3D('',#17958,#14411,#14412);
#12220=AXIS2_PLACEMENT_3D('',#17968,#14418,#14419);
#12221=AXIS2_PLACEMENT_3D('',#17972,#14422,#14423);
#12222=AXIS2_PLACEMENT_3D('',#17976,#14426,#14427);
#12223=AXIS2_PLACEMENT_3D('',#17985,#14432,#14433);
#12224=AXIS2_PLACEMENT_3D('',#17991,#14437,#14438);
#12225=AXIS2_PLACEMENT_3D('',#17997,#14442,#14443);
#12226=AXIS2_PLACEMENT_3D('',#18000,#14446,#14447);
#12227=AXIS2_PLACEMENT_3D('',#18001,#14448,#14449);
#12228=AXIS2_PLACEMENT_3D('',#18005,#14452,#14453);
#12229=AXIS2_PLACEMENT_3D('',#18009,#14456,#14457);
#12230=AXIS2_PLACEMENT_3D('',#18011,#14459,#14460);
#12231=AXIS2_PLACEMENT_3D('',#18012,#14461,#14462);
#12232=AXIS2_PLACEMENT_3D('',#18013,#14463,#14464);
#12233=AXIS2_PLACEMENT_3D('',#18015,#14465,#14466);
#12234=AXIS2_PLACEMENT_3D('',#18018,#14468,#14469);
#12235=AXIS2_PLACEMENT_3D('',#18019,#14470,#14471);
#12236=AXIS2_PLACEMENT_3D('',#18021,#14472,#14473);
#12237=AXIS2_PLACEMENT_3D('',#18024,#14475,#14476);
#12238=AXIS2_PLACEMENT_3D('',#18025,#14477,#14478);
#12239=AXIS2_PLACEMENT_3D('',#18034,#14483,#14484);
#12240=AXIS2_PLACEMENT_3D('',#18043,#14489,#14490);
#12241=AXIS2_PLACEMENT_3D('',#18046,#14493,#14494);
#12242=AXIS2_PLACEMENT_3D('',#18056,#14500,#14501);
#12243=AXIS2_PLACEMENT_3D('',#18060,#14504,#14505);
#12244=AXIS2_PLACEMENT_3D('',#18064,#14508,#14509);
#12245=AXIS2_PLACEMENT_3D('',#18073,#14514,#14515);
#12246=AXIS2_PLACEMENT_3D('',#18079,#14519,#14520);
#12247=AXIS2_PLACEMENT_3D('',#18085,#14524,#14525);
#12248=AXIS2_PLACEMENT_3D('',#18088,#14528,#14529);
#12249=AXIS2_PLACEMENT_3D('',#18089,#14530,#14531);
#12250=AXIS2_PLACEMENT_3D('',#18093,#14534,#14535);
#12251=AXIS2_PLACEMENT_3D('',#18097,#14538,#14539);
#12252=AXIS2_PLACEMENT_3D('',#18099,#14541,#14542);
#12253=AXIS2_PLACEMENT_3D('',#18100,#14543,#14544);
#12254=AXIS2_PLACEMENT_3D('',#18101,#14545,#14546);
#12255=AXIS2_PLACEMENT_3D('',#18103,#14547,#14548);
#12256=AXIS2_PLACEMENT_3D('',#18106,#14550,#14551);
#12257=AXIS2_PLACEMENT_3D('',#18107,#14552,#14553);
#12258=AXIS2_PLACEMENT_3D('',#18109,#14554,#14555);
#12259=AXIS2_PLACEMENT_3D('',#18112,#14557,#14558);
#12260=AXIS2_PLACEMENT_3D('',#18113,#14559,#14560);
#12261=AXIS2_PLACEMENT_3D('',#18115,#14561,#14562);
#12262=AXIS2_PLACEMENT_3D('',#18118,#14564,#14565);
#12263=AXIS2_PLACEMENT_3D('',#18119,#14566,#14567);
#12264=AXIS2_PLACEMENT_3D('',#18121,#14568,#14569);
#12265=AXIS2_PLACEMENT_3D('',#18124,#14571,#14572);
#12266=AXIS2_PLACEMENT_3D('',#18125,#14573,#14574);
#12267=AXIS2_PLACEMENT_3D('',#18134,#14579,#14580);
#12268=AXIS2_PLACEMENT_3D('',#18140,#14584,#14585);
#12269=AXIS2_PLACEMENT_3D('',#18146,#14589,#14590);
#12270=AXIS2_PLACEMENT_3D('',#18149,#14593,#14594);
#12271=AXIS2_PLACEMENT_3D('',#18150,#14595,#14596);
#12272=AXIS2_PLACEMENT_3D('',#18151,#14597,#14598);
#12273=AXIS2_PLACEMENT_3D('',#18152,#14599,#14600);
#12274=AXIS2_PLACEMENT_3D('',#18153,#14601,#14602);
#12275=AXIS2_PLACEMENT_3D('',#18154,#14603,#14604);
#12276=AXIS2_PLACEMENT_3D('',#18155,#14605,#14606);
#12277=AXIS2_PLACEMENT_3D('',#18156,#14607,#14608);
#12278=AXIS2_PLACEMENT_3D('',#18157,#14609,#14610);
#12279=AXIS2_PLACEMENT_3D('',#18158,#14611,#14612);
#12280=AXIS2_PLACEMENT_3D('',#18159,#14613,#14614);
#12281=AXIS2_PLACEMENT_3D('',#18160,#14615,#14616);
#12282=AXIS2_PLACEMENT_3D('',#18161,#14617,#14618);
#12283=AXIS2_PLACEMENT_3D('',#18162,#14619,#14620);
#12284=AXIS2_PLACEMENT_3D('',#18163,#14621,#14622);
#12285=AXIS2_PLACEMENT_3D('',#18164,#14623,#14624);
#12286=AXIS2_PLACEMENT_3D('',#18165,#14625,#14626);
#12287=AXIS2_PLACEMENT_3D('',#18166,#14627,#14628);
#12288=AXIS2_PLACEMENT_3D('',#18175,#14633,#14634);
#12289=AXIS2_PLACEMENT_3D('',#18181,#14638,#14639);
#12290=AXIS2_PLACEMENT_3D('',#18187,#14643,#14644);
#12291=AXIS2_PLACEMENT_3D('',#18190,#14647,#14648);
#12292=AXIS2_PLACEMENT_3D('',#18191,#14649,#14650);
#12293=AXIS2_PLACEMENT_3D('',#18192,#14651,#14652);
#12294=AXIS2_PLACEMENT_3D('',#18193,#14653,#14654);
#12295=AXIS2_PLACEMENT_3D('',#18195,#14655,#14656);
#12296=AXIS2_PLACEMENT_3D('',#18198,#14658,#14659);
#12297=AXIS2_PLACEMENT_3D('',#18199,#14660,#14661);
#12298=AXIS2_PLACEMENT_3D('',#18212,#14668,#14669);
#12299=AXIS2_PLACEMENT_3D('',#18218,#14673,#14674);
#12300=AXIS2_PLACEMENT_3D('',#18228,#14680,#14681);
#12301=AXIS2_PLACEMENT_3D('',#18231,#14684,#14685);
#12302=AXIS2_PLACEMENT_3D('',#18233,#14687,#14688);
#12303=AXIS2_PLACEMENT_3D('',#18234,#14689,#14690);
#12304=AXIS2_PLACEMENT_3D('',#18244,#14696,#14697);
#12305=AXIS2_PLACEMENT_3D('',#18246,#14698,#14699);
#12306=AXIS2_PLACEMENT_3D('',#18249,#14701,#14702);
#12307=AXIS2_PLACEMENT_3D('',#18250,#14703,#14704);
#12308=AXIS2_PLACEMENT_3D('',#18259,#14709,#14710);
#12309=AXIS2_PLACEMENT_3D('',#18262,#14713,#14714);
#12310=AXIS2_PLACEMENT_3D('',#18265,#14717,#14718);
#12311=AXIS2_PLACEMENT_3D('',#18266,#14719,#14720);
#12312=AXIS2_PLACEMENT_3D('',#18267,#14721,#14722);
#12313=AXIS2_PLACEMENT_3D('',#18268,#14723,#14724);
#12314=AXIS2_PLACEMENT_3D('',#18277,#14729,#14730);
#12315=AXIS2_PLACEMENT_3D('',#18284,#14734,#14735);
#12316=AXIS2_PLACEMENT_3D('',#18285,#14736,#14737);
#12317=AXIS2_PLACEMENT_3D('',#18293,#14742,#14743);
#12318=AXIS2_PLACEMENT_3D('',#18295,#14744,#14745);
#12319=AXIS2_PLACEMENT_3D('',#18298,#14747,#14748);
#12320=AXIS2_PLACEMENT_3D('',#18299,#14749,#14750);
#12321=AXIS2_PLACEMENT_3D('',#18300,#14751,#14752);
#12322=AXIS2_PLACEMENT_3D('',#18302,#14753,#14754);
#12323=AXIS2_PLACEMENT_3D('',#18305,#14756,#14757);
#12324=AXIS2_PLACEMENT_3D('',#18306,#14758,#14759);
#12325=AXIS2_PLACEMENT_3D('',#18307,#14760,#14761);
#12326=AXIS2_PLACEMENT_3D('',#18311,#14764,#14765);
#12327=AXIS2_PLACEMENT_3D('',#18315,#14768,#14769);
#12328=AXIS2_PLACEMENT_3D('',#18320,#14772,#14773);
#12329=AXIS2_PLACEMENT_3D('',#18321,#14774,#14775);
#12330=AXIS2_PLACEMENT_3D('',#18323,#14777,#14778);
#12331=AXIS2_PLACEMENT_3D('',#18325,#14780,#14781);
#12332=AXIS2_PLACEMENT_3D('',#18326,#14782,#14783);
#12333=AXIS2_PLACEMENT_3D('',#18327,#14784,#14785);
#12334=AXIS2_PLACEMENT_3D('',#18336,#14790,#14791);
#12335=AXIS2_PLACEMENT_3D('',#18343,#14795,#14796);
#12336=AXIS2_PLACEMENT_3D('',#18344,#14797,#14798);
#12337=AXIS2_PLACEMENT_3D('',#18352,#14803,#14804);
#12338=AXIS2_PLACEMENT_3D('',#18354,#14805,#14806);
#12339=AXIS2_PLACEMENT_3D('',#18357,#14808,#14809);
#12340=AXIS2_PLACEMENT_3D('',#18358,#14810,#14811);
#12341=AXIS2_PLACEMENT_3D('',#18359,#14812,#14813);
#12342=AXIS2_PLACEMENT_3D('',#18361,#14814,#14815);
#12343=AXIS2_PLACEMENT_3D('',#18364,#14817,#14818);
#12344=AXIS2_PLACEMENT_3D('',#18365,#14819,#14820);
#12345=AXIS2_PLACEMENT_3D('',#18366,#14821,#14822);
#12346=AXIS2_PLACEMENT_3D('',#18370,#14825,#14826);
#12347=AXIS2_PLACEMENT_3D('',#18374,#14829,#14830);
#12348=AXIS2_PLACEMENT_3D('',#18378,#14833,#14834);
#12349=AXIS2_PLACEMENT_3D('',#18381,#14836,#14837);
#12350=AXIS2_PLACEMENT_3D('',#18382,#14838,#14839);
#12351=AXIS2_PLACEMENT_3D('',#18384,#14841,#14842);
#12352=AXIS2_PLACEMENT_3D('',#18385,#14843,#14844);
#12353=AXIS2_PLACEMENT_3D('',#18398,#14851,#14852);
#12354=AXIS2_PLACEMENT_3D('',#18404,#14856,#14857);
#12355=AXIS2_PLACEMENT_3D('',#18408,#14860,#14861);
#12356=AXIS2_PLACEMENT_3D('',#18412,#14864,#14865);
#12357=AXIS2_PLACEMENT_3D('',#18416,#14868,#14869);
#12358=AXIS2_PLACEMENT_3D('',#18420,#14872,#14873);
#12359=AXIS2_PLACEMENT_3D('',#18422,#14875,#14876);
#12360=AXIS2_PLACEMENT_3D('',#18423,#14877,#14878);
#12361=AXIS2_PLACEMENT_3D('',#18424,#14879,#14880);
#12362=AXIS2_PLACEMENT_3D('',#18426,#14881,#14882);
#12363=AXIS2_PLACEMENT_3D('',#18429,#14884,#14885);
#12364=AXIS2_PLACEMENT_3D('',#18430,#14886,#14887);
#12365=AXIS2_PLACEMENT_3D('',#18432,#14888,#14889);
#12366=AXIS2_PLACEMENT_3D('',#18433,#14890,#14891);
#12367=AXIS2_PLACEMENT_3D('',#18435,#14892,#14893);
#12368=AXIS2_PLACEMENT_3D('',#18436,#14894,#14895);
#12369=AXIS2_PLACEMENT_3D('',#18439,#14897,#14898);
#12370=AXIS2_PLACEMENT_3D('',#18440,#14899,#14900);
#12371=AXIS2_PLACEMENT_3D('',#18442,#14901,#14902);
#12372=AXIS2_PLACEMENT_3D('',#18445,#14904,#14905);
#12373=AXIS2_PLACEMENT_3D('',#18446,#14906,#14907);
#12374=AXIS2_PLACEMENT_3D('',#18447,#14908,#14909);
#12375=AXIS2_PLACEMENT_3D('',#18449,#14910,#14911);
#12376=AXIS2_PLACEMENT_3D('',#18450,#14912,#14913);
#12377=AXIS2_PLACEMENT_3D('',#18453,#14915,#14916);
#12378=AXIS2_PLACEMENT_3D('',#18454,#14917,#14918);
#12379=AXIS2_PLACEMENT_3D('',#18456,#14919,#14920);
#12380=AXIS2_PLACEMENT_3D('',#18457,#14921,#14922);
#12381=AXIS2_PLACEMENT_3D('',#18458,#14923,#14924);
#12382=AXIS2_PLACEMENT_3D('',#18460,#14926,#14927);
#12383=AXIS2_PLACEMENT_3D('',#18461,#14928,#14929);
#12384=AXIS2_PLACEMENT_3D('',#18463,#14930,#14931);
#12385=AXIS2_PLACEMENT_3D('',#18466,#14933,#14934);
#12386=AXIS2_PLACEMENT_3D('',#18467,#14935,#14936);
#12387=AXIS2_PLACEMENT_3D('',#18468,#14937,#14938);
#12388=AXIS2_PLACEMENT_3D('',#18477,#14943,#14944);
#12389=AXIS2_PLACEMENT_3D('',#18483,#14948,#14949);
#12390=AXIS2_PLACEMENT_3D('',#18489,#14953,#14954);
#12391=AXIS2_PLACEMENT_3D('',#18492,#14957,#14958);
#12392=AXIS2_PLACEMENT_3D('',#18493,#14959,#14960);
#12393=AXIS2_PLACEMENT_3D('',#18494,#14961,#14962);
#12394=AXIS2_PLACEMENT_3D('',#18495,#14963,#14964);
#12395=AXIS2_PLACEMENT_3D('',#18504,#14969,#14970);
#12396=AXIS2_PLACEMENT_3D('',#18510,#14974,#14975);
#12397=AXIS2_PLACEMENT_3D('',#18516,#14979,#14980);
#12398=AXIS2_PLACEMENT_3D('',#18519,#14983,#14984);
#12399=AXIS2_PLACEMENT_3D('',#18520,#14985,#14986);
#12400=AXIS2_PLACEMENT_3D('',#18521,#14987,#14988);
#12401=AXIS2_PLACEMENT_3D('',#18522,#14989,#14990);
#12402=AXIS2_PLACEMENT_3D('',#18531,#14995,#14996);
#12403=AXIS2_PLACEMENT_3D('',#18537,#15000,#15001);
#12404=AXIS2_PLACEMENT_3D('',#18543,#15005,#15006);
#12405=AXIS2_PLACEMENT_3D('',#18546,#15009,#15010);
#12406=AXIS2_PLACEMENT_3D('',#18547,#15011,#15012);
#12407=AXIS2_PLACEMENT_3D('',#18548,#15013,#15014);
#12408=AXIS2_PLACEMENT_3D('',#18549,#15015,#15016);
#12409=AXIS2_PLACEMENT_3D('',#18551,#15017,#15018);
#12410=AXIS2_PLACEMENT_3D('',#18554,#15020,#15021);
#12411=AXIS2_PLACEMENT_3D('',#18555,#15022,#15023);
#12412=AXIS2_PLACEMENT_3D('',#18557,#15024,#15025);
#12413=AXIS2_PLACEMENT_3D('',#18560,#15027,#15028);
#12414=AXIS2_PLACEMENT_3D('',#18561,#15029,#15030);
#12415=AXIS2_PLACEMENT_3D('',#18570,#15035,#15036);
#12416=AXIS2_PLACEMENT_3D('',#18576,#15040,#15041);
#12417=AXIS2_PLACEMENT_3D('',#18582,#15045,#15046);
#12418=AXIS2_PLACEMENT_3D('',#18585,#15049,#15050);
#12419=AXIS2_PLACEMENT_3D('',#18586,#15051,#15052);
#12420=AXIS2_PLACEMENT_3D('',#18587,#15053,#15054);
#12421=AXIS2_PLACEMENT_3D('',#18588,#15055,#15056);
#12422=AXIS2_PLACEMENT_3D('',#18590,#15057,#15058);
#12423=AXIS2_PLACEMENT_3D('',#18593,#15060,#15061);
#12424=AXIS2_PLACEMENT_3D('',#18594,#15062,#15063);
#12425=AXIS2_PLACEMENT_3D('',#18596,#15064,#15065);
#12426=AXIS2_PLACEMENT_3D('',#18599,#15067,#15068);
#12427=AXIS2_PLACEMENT_3D('',#18600,#15069,#15070);
#12428=AXIS2_PLACEMENT_3D('',#18609,#15075,#15076);
#12429=AXIS2_PLACEMENT_3D('',#18615,#15080,#15081);
#12430=AXIS2_PLACEMENT_3D('',#18621,#15085,#15086);
#12431=AXIS2_PLACEMENT_3D('',#18624,#15089,#15090);
#12432=AXIS2_PLACEMENT_3D('',#18625,#15091,#15092);
#12433=AXIS2_PLACEMENT_3D('',#18626,#15093,#15094);
#12434=AXIS2_PLACEMENT_3D('',#18627,#15095,#15096);
#12435=AXIS2_PLACEMENT_3D('',#18636,#15101,#15102);
#12436=AXIS2_PLACEMENT_3D('',#18642,#15106,#15107);
#12437=AXIS2_PLACEMENT_3D('',#18646,#15110,#15111);
#12438=AXIS2_PLACEMENT_3D('',#18650,#15114,#15115);
#12439=AXIS2_PLACEMENT_3D('',#18652,#15117,#15118);
#12440=AXIS2_PLACEMENT_3D('',#18653,#15119,#15120);
#12441=AXIS2_PLACEMENT_3D('',#18654,#15121,#15122);
#12442=AXIS2_PLACEMENT_3D('',#18659,#15124,#15125);
#12443=AXIS2_PLACEMENT_3D('',#18662,#15127,#15128);
#12444=AXIS2_PLACEMENT_3D('',#18663,#15129,#15130);
#12445=AXIS2_PLACEMENT_3D('',#18668,#15132,#15133);
#12446=AXIS2_PLACEMENT_3D('',#18671,#15135,#15136);
#12447=AXIS2_PLACEMENT_3D('',#18672,#15137,#15138);
#12448=AXIS2_PLACEMENT_3D('',#18678,#15142,#15143);
#12449=AXIS2_PLACEMENT_3D('',#18684,#15147,#15148);
#12450=AXIS2_PLACEMENT_3D('',#18691,#15153,#15154);
#12451=AXIS2_PLACEMENT_3D('',#18695,#15157,#15158);
#12452=AXIS2_PLACEMENT_3D('',#18699,#15161,#15162);
#12453=AXIS2_PLACEMENT_3D('',#18701,#15164,#15165);
#12454=AXIS2_PLACEMENT_3D('',#18703,#15167,#15168);
#12455=AXIS2_PLACEMENT_3D('',#18704,#15169,#15170);
#12456=AXIS2_PLACEMENT_3D('',#18705,#15171,#15172);
#12457=AXIS2_PLACEMENT_3D('',#18707,#15173,#15174);
#12458=AXIS2_PLACEMENT_3D('',#18710,#15176,#15177);
#12459=AXIS2_PLACEMENT_3D('',#18711,#15178,#15179);
#12460=AXIS2_PLACEMENT_3D('',#18720,#15184,#15185);
#12461=AXIS2_PLACEMENT_3D('',#18726,#15189,#15190);
#12462=AXIS2_PLACEMENT_3D('',#18732,#15194,#15195);
#12463=AXIS2_PLACEMENT_3D('',#18735,#15198,#15199);
#12464=AXIS2_PLACEMENT_3D('',#18736,#15200,#15201);
#12465=AXIS2_PLACEMENT_3D('',#18737,#15202,#15203);
#12466=AXIS2_PLACEMENT_3D('',#18738,#15204,#15205);
#12467=AXIS2_PLACEMENT_3D('',#18740,#15206,#15207);
#12468=AXIS2_PLACEMENT_3D('',#18743,#15209,#15210);
#12469=AXIS2_PLACEMENT_3D('',#18744,#15211,#15212);
#12470=AXIS2_PLACEMENT_3D('',#18753,#15217,#15218);
#12471=AXIS2_PLACEMENT_3D('',#18759,#15222,#15223);
#12472=AXIS2_PLACEMENT_3D('',#18765,#15227,#15228);
#12473=AXIS2_PLACEMENT_3D('',#18768,#15231,#15232);
#12474=AXIS2_PLACEMENT_3D('',#18769,#15233,#15234);
#12475=AXIS2_PLACEMENT_3D('',#18770,#15235,#15236);
#12476=AXIS2_PLACEMENT_3D('',#18771,#15237,#15238);
#12477=AXIS2_PLACEMENT_3D('',#18776,#15240,#15241);
#12478=AXIS2_PLACEMENT_3D('',#18779,#15243,#15244);
#12479=AXIS2_PLACEMENT_3D('',#18780,#15245,#15246);
#12480=AXIS2_PLACEMENT_3D('',#18785,#15248,#15249);
#12481=AXIS2_PLACEMENT_3D('',#18788,#15251,#15252);
#12482=AXIS2_PLACEMENT_3D('',#18789,#15253,#15254);
#12483=AXIS2_PLACEMENT_3D('',#18795,#15258,#15259);
#12484=AXIS2_PLACEMENT_3D('',#18801,#15263,#15264);
#12485=AXIS2_PLACEMENT_3D('',#18808,#15269,#15270);
#12486=AXIS2_PLACEMENT_3D('',#18812,#15273,#15274);
#12487=AXIS2_PLACEMENT_3D('',#18816,#15277,#15278);
#12488=AXIS2_PLACEMENT_3D('',#18818,#15280,#15281);
#12489=AXIS2_PLACEMENT_3D('',#18820,#15283,#15284);
#12490=AXIS2_PLACEMENT_3D('',#18821,#15285,#15286);
#12491=AXIS2_PLACEMENT_3D('',#18822,#15287,#15288);
#12492=AXIS2_PLACEMENT_3D('',#18824,#15289,#15290);
#12493=AXIS2_PLACEMENT_3D('',#18827,#15292,#15293);
#12494=AXIS2_PLACEMENT_3D('',#18828,#15294,#15295);
#12495=AXIS2_PLACEMENT_3D('',#18837,#15300,#15301);
#12496=AXIS2_PLACEMENT_3D('',#18843,#15305,#15306);
#12497=AXIS2_PLACEMENT_3D('',#18849,#15310,#15311);
#12498=AXIS2_PLACEMENT_3D('',#18852,#15314,#15315);
#12499=AXIS2_PLACEMENT_3D('',#18853,#15316,#15317);
#12500=AXIS2_PLACEMENT_3D('',#18854,#15318,#15319);
#12501=AXIS2_PLACEMENT_3D('',#18855,#15320,#15321);
#12502=AXIS2_PLACEMENT_3D('',#18857,#15322,#15323);
#12503=AXIS2_PLACEMENT_3D('',#18860,#15325,#15326);
#12504=AXIS2_PLACEMENT_3D('',#18861,#15327,#15328);
#12505=AXIS2_PLACEMENT_3D('',#18870,#15333,#15334);
#12506=AXIS2_PLACEMENT_3D('',#18876,#15338,#15339);
#12507=AXIS2_PLACEMENT_3D('',#18882,#15343,#15344);
#12508=AXIS2_PLACEMENT_3D('',#18885,#15347,#15348);
#12509=AXIS2_PLACEMENT_3D('',#18886,#15349,#15350);
#12510=AXIS2_PLACEMENT_3D('',#18887,#15351,#15352);
#12511=AXIS2_PLACEMENT_3D('',#18888,#15353,#15354);
#12512=AXIS2_PLACEMENT_3D('',#18893,#15356,#15357);
#12513=AXIS2_PLACEMENT_3D('',#18896,#15359,#15360);
#12514=AXIS2_PLACEMENT_3D('',#18897,#15361,#15362);
#12515=AXIS2_PLACEMENT_3D('',#18903,#15366,#15367);
#12516=AXIS2_PLACEMENT_3D('',#18906,#15369,#15370);
#12517=AXIS2_PLACEMENT_3D('',#18907,#15371,#15372);
#12518=AXIS2_PLACEMENT_3D('',#18911,#15375,#15376);
#12519=AXIS2_PLACEMENT_3D('',#18912,#15377,#15378);
#12520=AXIS2_PLACEMENT_3D('',#18913,#15379,#15380);
#12521=AXIS2_PLACEMENT_3D('',#18914,#15381,#15382);
#12522=AXIS2_PLACEMENT_3D('',#18915,#15383,#15384);
#12523=AXIS2_PLACEMENT_3D('',#18920,#15386,#15387);
#12524=AXIS2_PLACEMENT_3D('',#18923,#15389,#15390);
#12525=AXIS2_PLACEMENT_3D('',#18924,#15391,#15392);
#12526=AXIS2_PLACEMENT_3D('',#18930,#15396,#15397);
#12527=AXIS2_PLACEMENT_3D('',#18933,#15399,#15400);
#12528=AXIS2_PLACEMENT_3D('',#18934,#15401,#15402);
#12529=AXIS2_PLACEMENT_3D('',#18938,#15405,#15406);
#12530=AXIS2_PLACEMENT_3D('',#18939,#15407,#15408);
#12531=AXIS2_PLACEMENT_3D('',#18940,#15409,#15410);
#12532=AXIS2_PLACEMENT_3D('',#18941,#15411,#15412);
#12533=AXIS2_PLACEMENT_3D('',#18942,#15413,#15414);
#12534=AXIS2_PLACEMENT_3D('',#18943,#15415,#15416);
#12535=AXIS2_PLACEMENT_3D('',#18944,#15417,#15418);
#12536=AXIS2_PLACEMENT_3D('',#18945,#15419,#15420);
#12537=AXIS2_PLACEMENT_3D('',#18946,#15421,#15422);
#12538=AXIS2_PLACEMENT_3D('',#18947,#15423,#15424);
#12539=AXIS2_PLACEMENT_3D('',#18948,#15425,#15426);
#12540=AXIS2_PLACEMENT_3D('',#18949,#15427,#15428);
#12541=AXIS2_PLACEMENT_3D('',#18950,#15429,#15430);
#12542=AXIS2_PLACEMENT_3D('',#18951,#15431,#15432);
#12543=AXIS2_PLACEMENT_3D('',#18952,#15433,#15434);
#12544=AXIS2_PLACEMENT_3D('',#18953,#15435,#15436);
#12545=AXIS2_PLACEMENT_3D('',#18954,#15437,#15438);
#12546=AXIS2_PLACEMENT_3D('',#18955,#15439,#15440);
#12547=AXIS2_PLACEMENT_3D('',#18956,#15441,#15442);
#12548=AXIS2_PLACEMENT_3D('',#18957,#15443,#15444);
#12549=AXIS2_PLACEMENT_3D('',#18958,#15445,#15446);
#12550=AXIS2_PLACEMENT_3D('',#18959,#15447,#15448);
#12551=AXIS2_PLACEMENT_3D('',#18960,#15449,#15450);
#12552=AXIS2_PLACEMENT_3D('',#18961,#15451,#15452);
#12553=AXIS2_PLACEMENT_3D('',#18962,#15453,#15454);
#12554=AXIS2_PLACEMENT_3D('',#18964,#15455,#15456);
#12555=AXIS2_PLACEMENT_3D('',#18967,#15458,#15459);
#12556=AXIS2_PLACEMENT_3D('',#18968,#15460,#15461);
#12557=AXIS2_PLACEMENT_3D('',#18969,#15462,#15463);
#12558=AXIS2_PLACEMENT_3D('',#18970,#15464,#15465);
#12559=AXIS2_PLACEMENT_3D('',#18971,#15466,#15467);
#12560=AXIS2_PLACEMENT_3D('',#18973,#15468,#15469);
#12561=AXIS2_PLACEMENT_3D('',#18976,#15471,#15472);
#12562=AXIS2_PLACEMENT_3D('',#18977,#15473,#15474);
#12563=AXIS2_PLACEMENT_3D('',#18978,#15475,#15476);
#12564=AXIS2_PLACEMENT_3D('',#18979,#15477,#15478);
#12565=AXIS2_PLACEMENT_3D('',#18980,#15479,#15480);
#12566=AXIS2_PLACEMENT_3D('',#18982,#15481,#15482);
#12567=AXIS2_PLACEMENT_3D('',#18985,#15484,#15485);
#12568=AXIS2_PLACEMENT_3D('',#18986,#15486,#15487);
#12569=AXIS2_PLACEMENT_3D('',#18988,#15488,#15489);
#12570=AXIS2_PLACEMENT_3D('',#18991,#15491,#15492);
#12571=AXIS2_PLACEMENT_3D('',#18992,#15493,#15494);
#12572=AXIS2_PLACEMENT_3D('',#18994,#15495,#15496);
#12573=AXIS2_PLACEMENT_3D('',#18997,#15498,#15499);
#12574=AXIS2_PLACEMENT_3D('',#18998,#15500,#15501);
#12575=AXIS2_PLACEMENT_3D('',#19000,#15502,#15503);
#12576=AXIS2_PLACEMENT_3D('',#19003,#15505,#15506);
#12577=AXIS2_PLACEMENT_3D('',#19004,#15507,#15508);
#12578=AXIS2_PLACEMENT_3D('',#19006,#15509,#15510);
#12579=AXIS2_PLACEMENT_3D('',#19009,#15512,#15513);
#12580=AXIS2_PLACEMENT_3D('',#19010,#15514,#15515);
#12581=AXIS2_PLACEMENT_3D('',#19019,#15520,#15521);
#12582=AXIS2_PLACEMENT_3D('',#19025,#15525,#15526);
#12583=AXIS2_PLACEMENT_3D('',#19031,#15530,#15531);
#12584=AXIS2_PLACEMENT_3D('',#19034,#15534,#15535);
#12585=AXIS2_PLACEMENT_3D('',#19035,#15536,#15537);
#12586=AXIS2_PLACEMENT_3D('',#19036,#15538,#15539);
#12587=AXIS2_PLACEMENT_3D('',#19037,#15540,#15541);
#12588=AXIS2_PLACEMENT_3D('',#19046,#15546,#15547);
#12589=AXIS2_PLACEMENT_3D('',#19052,#15551,#15552);
#12590=AXIS2_PLACEMENT_3D('',#19058,#15556,#15557);
#12591=AXIS2_PLACEMENT_3D('',#19065,#15561,#15562);
#12592=AXIS2_PLACEMENT_3D('',#19067,#15563,#15564);
#12593=AXIS2_PLACEMENT_3D('',#19069,#15565,#15566);
#12594=AXIS2_PLACEMENT_3D('',#19071,#15567,#15568);
#12595=AXIS2_PLACEMENT_3D('',#19073,#15569,#15570);
#12596=AXIS2_PLACEMENT_3D('',#19074,#15571,#15572);
#12597=AXIS2_PLACEMENT_3D('',#19076,#15573,#15574);
#12598=AXIS2_PLACEMENT_3D('',#19079,#15576,#15577);
#12599=AXIS2_PLACEMENT_3D('',#19080,#15578,#15579);
#12600=AXIS2_PLACEMENT_3D('',#19081,#15580,#15581);
#12601=AXIS2_PLACEMENT_3D('',#19083,#15582,#15583);
#12602=AXIS2_PLACEMENT_3D('',#19086,#15585,#15586);
#12603=AXIS2_PLACEMENT_3D('',#19087,#15587,#15588);
#12604=AXIS2_PLACEMENT_3D('',#19088,#15589,#15590);
#12605=AXIS2_PLACEMENT_3D('',#19091,#15592,#15593);
#12606=AXIS2_PLACEMENT_3D('',#19092,#15594,#15595);
#12607=AXIS2_PLACEMENT_3D('',#19095,#15597,#15598);
#12608=AXIS2_PLACEMENT_3D('',#19096,#15599,#15600);
#12609=AXIS2_PLACEMENT_3D('',#19099,#15602,#15603);
#12610=AXIS2_PLACEMENT_3D('',#19100,#15604,#15605);
#12611=AXIS2_PLACEMENT_3D('',#19103,#15607,#15608);
#12612=AXIS2_PLACEMENT_3D('',#19104,#15609,#15610);
#12613=AXIS2_PLACEMENT_3D('',#19107,#15612,#15613);
#12614=AXIS2_PLACEMENT_3D('',#19108,#15614,#15615);
#12615=AXIS2_PLACEMENT_3D('',#19114,#15619,#15620);
#12616=AXIS2_PLACEMENT_3D('',#19117,#15623,#15624);
#12617=AXIS2_PLACEMENT_3D('',#19118,#15625,#15626);
#12618=AXIS2_PLACEMENT_3D('',#19119,#15627,#15628);
#12619=AXIS2_PLACEMENT_3D('',#19120,#15629,#15630);
#12620=AXIS2_PLACEMENT_3D('',#19122,#15631,#15632);
#12621=AXIS2_PLACEMENT_3D('',#19125,#15634,#15635);
#12622=AXIS2_PLACEMENT_3D('',#19126,#15636,#15637);
#12623=AXIS2_PLACEMENT_3D('',#19128,#15638,#15639);
#12624=AXIS2_PLACEMENT_3D('',#19131,#15641,#15642);
#12625=AXIS2_PLACEMENT_3D('',#19132,#15643,#15644);
#12626=AXIS2_PLACEMENT_3D('',#19134,#15645,#15646);
#12627=AXIS2_PLACEMENT_3D('',#19137,#15648,#15649);
#12628=AXIS2_PLACEMENT_3D('',#19138,#15650,#15651);
#12629=AXIS2_PLACEMENT_3D('',#19140,#15652,#15653);
#12630=AXIS2_PLACEMENT_3D('',#19143,#15655,#15656);
#12631=AXIS2_PLACEMENT_3D('',#19144,#15657,#15658);
#12632=AXIS2_PLACEMENT_3D('',#19145,#15659,#15660);
#12633=AXIS2_PLACEMENT_3D('',#19146,#15661,#15662);
#12634=AXIS2_PLACEMENT_3D('',#19147,#15663,#15664);
#12635=AXIS2_PLACEMENT_3D('',#19149,#15665,#15666);
#12636=AXIS2_PLACEMENT_3D('',#19152,#15668,#15669);
#12637=AXIS2_PLACEMENT_3D('',#19153,#15670,#15671);
#12638=AXIS2_PLACEMENT_3D('',#19154,#15672,#15673);
#12639=AXIS2_PLACEMENT_3D('',#19155,#15674,#15675);
#12640=AXIS2_PLACEMENT_3D('',#19156,#15676,#15677);
#12641=AXIS2_PLACEMENT_3D('',#19158,#15678,#15679);
#12642=AXIS2_PLACEMENT_3D('',#19161,#15681,#15682);
#12643=AXIS2_PLACEMENT_3D('',#19162,#15683,#15684);
#12644=AXIS2_PLACEMENT_3D('',#19163,#15685,#15686);
#12645=AXIS2_PLACEMENT_3D('',#19164,#15687,#15688);
#12646=AXIS2_PLACEMENT_3D('',#19165,#15689,#15690);
#12647=AXIS2_PLACEMENT_3D('',#19167,#15691,#15692);
#12648=AXIS2_PLACEMENT_3D('',#19170,#15694,#15695);
#12649=AXIS2_PLACEMENT_3D('',#19171,#15696,#15697);
#12650=AXIS2_PLACEMENT_3D('',#19173,#15698,#15699);
#12651=AXIS2_PLACEMENT_3D('',#19176,#15701,#15702);
#12652=AXIS2_PLACEMENT_3D('',#19177,#15703,#15704);
#12653=AXIS2_PLACEMENT_3D('',#19179,#15705,#15706);
#12654=AXIS2_PLACEMENT_3D('',#19182,#15708,#15709);
#12655=AXIS2_PLACEMENT_3D('',#19183,#15710,#15711);
#12656=AXIS2_PLACEMENT_3D('',#19185,#15712,#15713);
#12657=AXIS2_PLACEMENT_3D('',#19188,#15715,#15716);
#12658=AXIS2_PLACEMENT_3D('',#19189,#15717,#15718);
#12659=AXIS2_PLACEMENT_3D('',#19191,#15719,#15720);
#12660=AXIS2_PLACEMENT_3D('',#19194,#15722,#15723);
#12661=AXIS2_PLACEMENT_3D('',#19195,#15724,#15725);
#12662=AXIS2_PLACEMENT_3D('',#19204,#15730,#15731);
#12663=AXIS2_PLACEMENT_3D('',#19210,#15735,#15736);
#12664=AXIS2_PLACEMENT_3D('',#19216,#15740,#15741);
#12665=AXIS2_PLACEMENT_3D('',#19219,#15744,#15745);
#12666=AXIS2_PLACEMENT_3D('',#19220,#15746,#15747);
#12667=AXIS2_PLACEMENT_3D('',#19221,#15748,#15749);
#12668=AXIS2_PLACEMENT_3D('',#19222,#15750,#15751);
#12669=AXIS2_PLACEMENT_3D('',#19231,#15756,#15757);
#12670=AXIS2_PLACEMENT_3D('',#19237,#15761,#15762);
#12671=AXIS2_PLACEMENT_3D('',#19243,#15766,#15767);
#12672=AXIS2_PLACEMENT_3D('',#19250,#15771,#15772);
#12673=AXIS2_PLACEMENT_3D('',#19252,#15773,#15774);
#12674=AXIS2_PLACEMENT_3D('',#19254,#15775,#15776);
#12675=AXIS2_PLACEMENT_3D('',#19256,#15777,#15778);
#12676=AXIS2_PLACEMENT_3D('',#19258,#15779,#15780);
#12677=AXIS2_PLACEMENT_3D('',#19259,#15781,#15782);
#12678=AXIS2_PLACEMENT_3D('',#19261,#15783,#15784);
#12679=AXIS2_PLACEMENT_3D('',#19264,#15786,#15787);
#12680=AXIS2_PLACEMENT_3D('',#19265,#15788,#15789);
#12681=AXIS2_PLACEMENT_3D('',#19266,#15790,#15791);
#12682=AXIS2_PLACEMENT_3D('',#19268,#15792,#15793);
#12683=AXIS2_PLACEMENT_3D('',#19271,#15795,#15796);
#12684=AXIS2_PLACEMENT_3D('',#19272,#15797,#15798);
#12685=AXIS2_PLACEMENT_3D('',#19273,#15799,#15800);
#12686=AXIS2_PLACEMENT_3D('',#19276,#15802,#15803);
#12687=AXIS2_PLACEMENT_3D('',#19277,#15804,#15805);
#12688=AXIS2_PLACEMENT_3D('',#19280,#15807,#15808);
#12689=AXIS2_PLACEMENT_3D('',#19281,#15809,#15810);
#12690=AXIS2_PLACEMENT_3D('',#19284,#15812,#15813);
#12691=AXIS2_PLACEMENT_3D('',#19285,#15814,#15815);
#12692=AXIS2_PLACEMENT_3D('',#19288,#15817,#15818);
#12693=AXIS2_PLACEMENT_3D('',#19289,#15819,#15820);
#12694=AXIS2_PLACEMENT_3D('',#19292,#15822,#15823);
#12695=AXIS2_PLACEMENT_3D('',#19293,#15824,#15825);
#12696=AXIS2_PLACEMENT_3D('',#19299,#15829,#15830);
#12697=AXIS2_PLACEMENT_3D('',#19302,#15833,#15834);
#12698=AXIS2_PLACEMENT_3D('',#19303,#15835,#15836);
#12699=AXIS2_PLACEMENT_3D('',#19304,#15837,#15838);
#12700=AXIS2_PLACEMENT_3D('',#19305,#15839,#15840);
#12701=AXIS2_PLACEMENT_3D('',#19307,#15841,#15842);
#12702=AXIS2_PLACEMENT_3D('',#19310,#15844,#15845);
#12703=AXIS2_PLACEMENT_3D('',#19311,#15846,#15847);
#12704=AXIS2_PLACEMENT_3D('',#19313,#15848,#15849);
#12705=AXIS2_PLACEMENT_3D('',#19316,#15851,#15852);
#12706=AXIS2_PLACEMENT_3D('',#19317,#15853,#15854);
#12707=AXIS2_PLACEMENT_3D('',#19319,#15855,#15856);
#12708=AXIS2_PLACEMENT_3D('',#19322,#15858,#15859);
#12709=AXIS2_PLACEMENT_3D('',#19323,#15860,#15861);
#12710=AXIS2_PLACEMENT_3D('',#19325,#15862,#15863);
#12711=AXIS2_PLACEMENT_3D('',#19328,#15865,#15866);
#12712=AXIS2_PLACEMENT_3D('',#19329,#15867,#15868);
#12713=AXIS2_PLACEMENT_3D('',#19330,#15869,#15870);
#12714=AXIS2_PLACEMENT_3D('',#19331,#15871,#15872);
#12715=AXIS2_PLACEMENT_3D('',#19332,#15873,#15874);
#12716=AXIS2_PLACEMENT_3D('',#19333,#15875,#15876);
#12717=AXIS2_PLACEMENT_3D('',#19334,#15877,#15878);
#12718=AXIS2_PLACEMENT_3D('',#19335,#15879,#15880);
#12719=AXIS2_PLACEMENT_3D('',#19336,#15881,#15882);
#12720=AXIS2_PLACEMENT_3D('',#19337,#15883,#15884);
#12721=AXIS2_PLACEMENT_3D('',#19338,#15885,#15886);
#12722=AXIS2_PLACEMENT_3D('',#19339,#15887,#15888);
#12723=AXIS2_PLACEMENT_3D('',#19340,#15889,#15890);
#12724=AXIS2_PLACEMENT_3D('',#19341,#15891,#15892);
#12725=AXIS2_PLACEMENT_3D('',#19342,#15893,#15894);
#12726=AXIS2_PLACEMENT_3D('',#19343,#15895,#15896);
#12727=AXIS2_PLACEMENT_3D('',#19345,#15897,#15898);
#12728=AXIS2_PLACEMENT_3D('',#19348,#15900,#15901);
#12729=AXIS2_PLACEMENT_3D('',#19349,#15902,#15903);
#12730=AXIS2_PLACEMENT_3D('',#19350,#15904,#15905);
#12731=AXIS2_PLACEMENT_3D('',#19352,#15906,#15907);
#12732=AXIS2_PLACEMENT_3D('',#19355,#15909,#15910);
#12733=AXIS2_PLACEMENT_3D('',#19356,#15911,#15912);
#12734=AXIS2_PLACEMENT_3D('',#19357,#15913,#15914);
#12735=AXIS2_PLACEMENT_3D('',#19366,#15919,#15920);
#12736=AXIS2_PLACEMENT_3D('',#19372,#15924,#15925);
#12737=AXIS2_PLACEMENT_3D('',#19378,#15929,#15930);
#12738=AXIS2_PLACEMENT_3D('',#19381,#15933,#15934);
#12739=AXIS2_PLACEMENT_3D('',#19382,#15935,#15936);
#12740=AXIS2_PLACEMENT_3D('',#19383,#15937,#15938);
#12741=AXIS2_PLACEMENT_3D('',#19384,#15939,#15940);
#12742=AXIS2_PLACEMENT_3D('',#19386,#15941,#15942);
#12743=AXIS2_PLACEMENT_3D('',#19389,#15944,#15945);
#12744=AXIS2_PLACEMENT_3D('',#19390,#15946,#15947);
#12745=AXIS2_PLACEMENT_3D('',#19391,#15948,#15949);
#12746=AXIS2_PLACEMENT_3D('',#19393,#15950,#15951);
#12747=AXIS2_PLACEMENT_3D('',#19396,#15953,#15954);
#12748=AXIS2_PLACEMENT_3D('',#19397,#15955,#15956);
#12749=AXIS2_PLACEMENT_3D('',#19398,#15957,#15958);
#12750=AXIS2_PLACEMENT_3D('',#19407,#15963,#15964);
#12751=AXIS2_PLACEMENT_3D('',#19413,#15968,#15969);
#12752=AXIS2_PLACEMENT_3D('',#19419,#15973,#15974);
#12753=AXIS2_PLACEMENT_3D('',#19422,#15977,#15978);
#12754=AXIS2_PLACEMENT_3D('',#19423,#15979,#15980);
#12755=AXIS2_PLACEMENT_3D('',#19424,#15981,#15982);
#12756=AXIS2_PLACEMENT_3D('',#19425,#15983,#15984);
#12757=AXIS2_PLACEMENT_3D('',#19426,#15985,#15986);
#12758=AXIS2_PLACEMENT_3D('',#19427,#15987,#15988);
#12759=AXIS2_PLACEMENT_3D('',#19428,#15989,#15990);
#12760=AXIS2_PLACEMENT_3D('',#19429,#15991,#15992);
#12761=AXIS2_PLACEMENT_3D('',#19430,#15993,#15994);
#12762=AXIS2_PLACEMENT_3D('',#19431,#15995,#15996);
#12763=AXIS2_PLACEMENT_3D('',#19432,#15997,#15998);
#12764=DIRECTION('axis',(0.,0.,1.));
#12765=DIRECTION('refdir',(1.,0.,0.));
#12766=DIRECTION('axis',(0.,0.,1.));
#12767=DIRECTION('refdir',(1.,0.,0.));
#12768=DIRECTION('axis',(0.,0.,1.));
#12769=DIRECTION('refdir',(1.,0.,0.));
#12770=DIRECTION('center_axis',(0.,0.,1.));
#12771=DIRECTION('ref_axis',(1.,0.,0.));
#12772=DIRECTION('center_axis',(0.,0.,1.));
#12773=DIRECTION('ref_axis',(1.,0.,0.));
#12774=DIRECTION('',(0.,0.,1.));
#12775=DIRECTION('center_axis',(0.,0.,-1.));
#12776=DIRECTION('ref_axis',(1.,0.,0.));
#12777=DIRECTION('center_axis',(0.,0.,1.));
#12778=DIRECTION('ref_axis',(1.,0.,0.));
#12779=DIRECTION('center_axis',(0.,0.,1.));
#12780=DIRECTION('ref_axis',(1.,0.,0.));
#12781=DIRECTION('',(0.,0.,1.));
#12782=DIRECTION('center_axis',(0.,0.,-1.));
#12783=DIRECTION('ref_axis',(1.,0.,0.));
#12784=DIRECTION('center_axis',(0.,0.,1.));
#12785=DIRECTION('ref_axis',(1.,0.,0.));
#12786=DIRECTION('center_axis',(0.,0.,1.));
#12787=DIRECTION('ref_axis',(1.,0.,0.));
#12788=DIRECTION('',(0.,0.,1.));
#12789=DIRECTION('center_axis',(0.,0.,-1.));
#12790=DIRECTION('ref_axis',(1.,0.,0.));
#12791=DIRECTION('center_axis',(0.,0.,1.));
#12792=DIRECTION('ref_axis',(1.,0.,0.));
#12793=DIRECTION('center_axis',(0.,0.,1.));
#12794=DIRECTION('ref_axis',(1.,0.,0.));
#12795=DIRECTION('',(0.,0.,1.));
#12796=DIRECTION('center_axis',(0.,0.,-1.));
#12797=DIRECTION('ref_axis',(1.,0.,0.));
#12798=DIRECTION('center_axis',(0.,0.,1.));
#12799=DIRECTION('ref_axis',(0.707106781186548,-0.707106781186547,0.));
#12800=DIRECTION('',(0.,0.,1.));
#12801=DIRECTION('center_axis',(0.,0.,1.));
#12802=DIRECTION('ref_axis',(1.,0.,0.));
#12803=DIRECTION('',(0.,0.,-1.));
#12804=DIRECTION('center_axis',(0.,0.,-1.));
#12805=DIRECTION('ref_axis',(1.,0.,0.));
#12806=DIRECTION('center_axis',(0.,0.,1.));
#12807=DIRECTION('ref_axis',(0.707106781186548,0.707106781186547,0.));
#12808=DIRECTION('',(0.,0.,1.));
#12809=DIRECTION('center_axis',(0.,0.,1.));
#12810=DIRECTION('ref_axis',(1.,0.,0.));
#12811=DIRECTION('',(0.,0.,-1.));
#12812=DIRECTION('center_axis',(0.,0.,-1.));
#12813=DIRECTION('ref_axis',(1.,0.,0.));
#12814=DIRECTION('center_axis',(0.,0.,1.));
#12815=DIRECTION('ref_axis',(-0.707106781186546,0.707106781186549,0.));
#12816=DIRECTION('center_axis',(0.,0.,1.));
#12817=DIRECTION('ref_axis',(1.,0.,0.));
#12818=DIRECTION('center_axis',(0.,0.,-1.));
#12819=DIRECTION('ref_axis',(1.,0.,0.));
#12820=DIRECTION('center_axis',(0.,0.,1.));
#12821=DIRECTION('ref_axis',(-0.707106781186546,-0.707106781186549,0.));
#12822=DIRECTION('center_axis',(0.,0.,1.));
#12823=DIRECTION('ref_axis',(1.,0.,0.));
#12824=DIRECTION('center_axis',(0.,0.,-1.));
#12825=DIRECTION('ref_axis',(1.,0.,0.));
#12826=DIRECTION('center_axis',(0.,0.,1.));
#12827=DIRECTION('ref_axis',(-0.707106781186548,-0.707106781186547,0.));
#12828=DIRECTION('',(0.,0.,1.));
#12829=DIRECTION('center_axis',(0.,0.,1.));
#12830=DIRECTION('ref_axis',(1.,0.,0.));
#12831=DIRECTION('',(0.,0.,-1.));
#12832=DIRECTION('center_axis',(0.,0.,-1.));
#12833=DIRECTION('ref_axis',(1.,0.,0.));
#12834=DIRECTION('center_axis',(0.,0.,1.));
#12835=DIRECTION('ref_axis',(-0.707106781186548,0.707106781186547,0.));
#12836=DIRECTION('',(0.,0.,1.));
#12837=DIRECTION('center_axis',(0.,0.,1.));
#12838=DIRECTION('ref_axis',(1.,0.,0.));
#12839=DIRECTION('',(0.,0.,-1.));
#12840=DIRECTION('center_axis',(0.,0.,-1.));
#12841=DIRECTION('ref_axis',(1.,0.,0.));
#12842=DIRECTION('center_axis',(0.,0.,1.));
#12843=DIRECTION('ref_axis',(0.707106781186547,0.707106781186548,0.));
#12844=DIRECTION('center_axis',(0.,0.,1.));
#12845=DIRECTION('ref_axis',(1.,0.,0.));
#12846=DIRECTION('center_axis',(0.,0.,-1.));
#12847=DIRECTION('ref_axis',(1.,0.,0.));
#12848=DIRECTION('center_axis',(0.,0.,1.));
#12849=DIRECTION('ref_axis',(0.707106781186546,-0.707106781186549,0.));
#12850=DIRECTION('center_axis',(0.,0.,1.));
#12851=DIRECTION('ref_axis',(1.,0.,0.));
#12852=DIRECTION('center_axis',(0.,0.,-1.));
#12853=DIRECTION('ref_axis',(1.,0.,0.));
#12854=DIRECTION('center_axis',(0.,0.,1.));
#12855=DIRECTION('ref_axis',(1.,0.,0.));
#12856=DIRECTION('center_axis',(0.,0.,1.));
#12857=DIRECTION('ref_axis',(1.,0.,0.));
#12858=DIRECTION('',(0.,0.,1.));
#12859=DIRECTION('center_axis',(0.,0.,-1.));
#12860=DIRECTION('ref_axis',(1.,0.,0.));
#12861=DIRECTION('center_axis',(0.,0.,1.));
#12862=DIRECTION('ref_axis',(1.,0.,0.));
#12863=DIRECTION('center_axis',(0.,0.,1.));
#12864=DIRECTION('ref_axis',(1.,0.,0.));
#12865=DIRECTION('',(0.,0.,1.));
#12866=DIRECTION('center_axis',(0.,0.,-1.));
#12867=DIRECTION('ref_axis',(1.,0.,0.));
#12868=DIRECTION('center_axis',(0.,0.,1.));
#12869=DIRECTION('ref_axis',(1.,0.,0.));
#12870=DIRECTION('center_axis',(0.,0.,1.));
#12871=DIRECTION('ref_axis',(1.,0.,0.));
#12872=DIRECTION('',(0.,0.,1.));
#12873=DIRECTION('center_axis',(0.,0.,-1.));
#12874=DIRECTION('ref_axis',(1.,0.,0.));
#12875=DIRECTION('center_axis',(0.,0.,1.));
#12876=DIRECTION('ref_axis',(1.,0.,0.));
#12877=DIRECTION('center_axis',(0.,0.,1.));
#12878=DIRECTION('ref_axis',(1.,0.,0.));
#12879=DIRECTION('',(0.,0.,1.));
#12880=DIRECTION('center_axis',(0.,0.,-1.));
#12881=DIRECTION('ref_axis',(1.,0.,0.));
#12882=DIRECTION('center_axis',(0.,0.,1.));
#12883=DIRECTION('ref_axis',(1.,0.,0.));
#12884=DIRECTION('center_axis',(0.,0.,1.));
#12885=DIRECTION('ref_axis',(1.,0.,0.));
#12886=DIRECTION('',(0.,0.,1.));
#12887=DIRECTION('center_axis',(0.,0.,-1.));
#12888=DIRECTION('ref_axis',(1.,0.,0.));
#12889=DIRECTION('center_axis',(0.,0.,1.));
#12890=DIRECTION('ref_axis',(1.,0.,0.));
#12891=DIRECTION('center_axis',(0.,0.,1.));
#12892=DIRECTION('ref_axis',(1.,0.,0.));
#12893=DIRECTION('',(0.,0.,1.));
#12894=DIRECTION('center_axis',(0.,0.,-1.));
#12895=DIRECTION('ref_axis',(1.,0.,0.));
#12896=DIRECTION('center_axis',(0.,0.,1.));
#12897=DIRECTION('ref_axis',(1.,0.,0.));
#12898=DIRECTION('center_axis',(0.,0.,1.));
#12899=DIRECTION('ref_axis',(1.,0.,0.));
#12900=DIRECTION('',(0.,0.,1.));
#12901=DIRECTION('center_axis',(0.,0.,-1.));
#12902=DIRECTION('ref_axis',(1.,0.,0.));
#12903=DIRECTION('center_axis',(0.,0.,1.));
#12904=DIRECTION('ref_axis',(1.,0.,0.));
#12905=DIRECTION('center_axis',(0.,0.,1.));
#12906=DIRECTION('ref_axis',(1.,0.,0.));
#12907=DIRECTION('',(0.,0.,1.));
#12908=DIRECTION('center_axis',(0.,0.,-1.));
#12909=DIRECTION('ref_axis',(1.,0.,0.));
#12910=DIRECTION('center_axis',(0.,0.,1.));
#12911=DIRECTION('ref_axis',(1.,0.,0.));
#12912=DIRECTION('center_axis',(0.,0.,1.));
#12913=DIRECTION('ref_axis',(1.,0.,0.));
#12914=DIRECTION('',(0.,0.,1.));
#12915=DIRECTION('center_axis',(0.,0.,-1.));
#12916=DIRECTION('ref_axis',(1.,0.,0.));
#12917=DIRECTION('center_axis',(0.,0.,1.));
#12918=DIRECTION('ref_axis',(1.,0.,0.));
#12919=DIRECTION('center_axis',(0.,0.,1.));
#12920=DIRECTION('ref_axis',(1.,0.,0.));
#12921=DIRECTION('',(0.,0.,1.));
#12922=DIRECTION('center_axis',(0.,0.,-1.));
#12923=DIRECTION('ref_axis',(1.,0.,0.));
#12924=DIRECTION('center_axis',(0.,0.,1.));
#12925=DIRECTION('ref_axis',(1.,0.,0.));
#12926=DIRECTION('center_axis',(0.,0.,1.));
#12927=DIRECTION('ref_axis',(1.,0.,0.));
#12928=DIRECTION('',(0.,0.,1.));
#12929=DIRECTION('center_axis',(0.,0.,-1.));
#12930=DIRECTION('ref_axis',(1.,0.,0.));
#12931=DIRECTION('center_axis',(0.,0.,1.));
#12932=DIRECTION('ref_axis',(1.,0.,0.));
#12933=DIRECTION('center_axis',(0.,0.,1.));
#12934=DIRECTION('ref_axis',(1.,0.,0.));
#12935=DIRECTION('',(0.,0.,1.));
#12936=DIRECTION('center_axis',(0.,0.,-1.));
#12937=DIRECTION('ref_axis',(1.,0.,0.));
#12938=DIRECTION('center_axis',(0.,0.,1.));
#12939=DIRECTION('ref_axis',(1.,0.,0.));
#12940=DIRECTION('center_axis',(0.,0.,1.));
#12941=DIRECTION('ref_axis',(1.,0.,0.));
#12942=DIRECTION('',(0.,0.,1.));
#12943=DIRECTION('center_axis',(0.,0.,-1.));
#12944=DIRECTION('ref_axis',(1.,0.,0.));
#12945=DIRECTION('center_axis',(0.,0.,1.));
#12946=DIRECTION('ref_axis',(1.,0.,0.));
#12947=DIRECTION('center_axis',(0.,0.,1.));
#12948=DIRECTION('ref_axis',(1.,0.,0.));
#12949=DIRECTION('',(0.,0.,1.));
#12950=DIRECTION('center_axis',(0.,0.,-1.));
#12951=DIRECTION('ref_axis',(1.,0.,0.));
#12952=DIRECTION('center_axis',(0.,0.,1.));
#12953=DIRECTION('ref_axis',(1.,0.,0.));
#12954=DIRECTION('center_axis',(0.,0.,1.));
#12955=DIRECTION('ref_axis',(1.,0.,0.));
#12956=DIRECTION('',(0.,0.,1.));
#12957=DIRECTION('center_axis',(0.,0.,-1.));
#12958=DIRECTION('ref_axis',(1.,0.,0.));
#12959=DIRECTION('center_axis',(0.,0.,1.));
#12960=DIRECTION('ref_axis',(1.,0.,0.));
#12961=DIRECTION('center_axis',(0.,0.,1.));
#12962=DIRECTION('ref_axis',(1.,0.,0.));
#12963=DIRECTION('',(0.,0.,1.));
#12964=DIRECTION('center_axis',(0.,0.,-1.));
#12965=DIRECTION('ref_axis',(1.,0.,0.));
#12966=DIRECTION('center_axis',(1.,0.,0.));
#12967=DIRECTION('ref_axis',(0.,1.,0.));
#12968=DIRECTION('',(0.,-1.,0.));
#12969=DIRECTION('',(0.,0.,1.));
#12970=DIRECTION('',(0.,1.,0.));
#12971=DIRECTION('',(0.,0.,1.));
#12972=DIRECTION('center_axis',(-1.,0.,0.));
#12973=DIRECTION('ref_axis',(0.,-1.,0.));
#12974=DIRECTION('',(0.,-1.,0.));
#12975=DIRECTION('',(0.,0.,1.));
#12976=DIRECTION('',(0.,1.,0.));
#12977=DIRECTION('',(0.,0.,1.));
#12978=DIRECTION('center_axis',(0.,1.,0.));
#12979=DIRECTION('ref_axis',(-1.,0.,0.));
#12980=DIRECTION('',(1.,0.,0.));
#12981=DIRECTION('',(-1.,0.,0.));
#12982=DIRECTION('center_axis',(0.,-1.,0.));
#12983=DIRECTION('ref_axis',(1.,0.,0.));
#12984=DIRECTION('',(1.,0.,0.));
#12985=DIRECTION('',(-1.,0.,0.));
#12986=DIRECTION('center_axis',(1.,0.,0.));
#12987=DIRECTION('ref_axis',(0.,1.,0.));
#12988=DIRECTION('',(0.,-1.,0.));
#12989=DIRECTION('',(0.,0.,1.));
#12990=DIRECTION('',(0.,1.,0.));
#12991=DIRECTION('',(0.,0.,1.));
#12992=DIRECTION('center_axis',(-1.,0.,0.));
#12993=DIRECTION('ref_axis',(0.,-1.,0.));
#12994=DIRECTION('',(0.,-1.,0.));
#12995=DIRECTION('',(0.,0.,1.));
#12996=DIRECTION('',(0.,1.,0.));
#12997=DIRECTION('',(0.,0.,1.));
#12998=DIRECTION('center_axis',(0.,1.,0.));
#12999=DIRECTION('ref_axis',(-1.,0.,0.));
#13000=DIRECTION('',(1.,0.,0.));
#13001=DIRECTION('',(-1.,0.,0.));
#13002=DIRECTION('center_axis',(0.,-1.,0.));
#13003=DIRECTION('ref_axis',(1.,0.,0.));
#13004=DIRECTION('',(1.,0.,0.));
#13005=DIRECTION('',(-1.,0.,0.));
#13006=DIRECTION('center_axis',(1.,0.,0.));
#13007=DIRECTION('ref_axis',(0.,1.,0.));
#13008=DIRECTION('',(0.,-1.,0.));
#13009=DIRECTION('',(0.,0.,1.));
#13010=DIRECTION('',(0.,1.,0.));
#13011=DIRECTION('',(0.,0.,1.));
#13012=DIRECTION('center_axis',(-1.,0.,0.));
#13013=DIRECTION('ref_axis',(0.,-1.,0.));
#13014=DIRECTION('',(0.,-1.,0.));
#13015=DIRECTION('',(0.,0.,1.));
#13016=DIRECTION('',(0.,1.,0.));
#13017=DIRECTION('',(0.,0.,1.));
#13018=DIRECTION('center_axis',(0.,1.,0.));
#13019=DIRECTION('ref_axis',(-1.,0.,0.));
#13020=DIRECTION('',(1.,0.,0.));
#13021=DIRECTION('',(-1.,0.,0.));
#13022=DIRECTION('center_axis',(0.,-1.,0.));
#13023=DIRECTION('ref_axis',(1.,0.,0.));
#13024=DIRECTION('',(1.,0.,0.));
#13025=DIRECTION('',(-1.,0.,0.));
#13026=DIRECTION('center_axis',(1.,0.,0.));
#13027=DIRECTION('ref_axis',(0.,1.,0.));
#13028=DIRECTION('',(0.,-1.,0.));
#13029=DIRECTION('',(0.,0.,1.));
#13030=DIRECTION('',(0.,1.,0.));
#13031=DIRECTION('',(0.,0.,1.));
#13032=DIRECTION('center_axis',(-1.,0.,0.));
#13033=DIRECTION('ref_axis',(0.,-1.,0.));
#13034=DIRECTION('',(0.,-1.,0.));
#13035=DIRECTION('',(0.,0.,1.));
#13036=DIRECTION('',(0.,1.,0.));
#13037=DIRECTION('',(0.,0.,1.));
#13038=DIRECTION('center_axis',(0.,1.,0.));
#13039=DIRECTION('ref_axis',(-1.,0.,0.));
#13040=DIRECTION('',(1.,0.,0.));
#13041=DIRECTION('',(-1.,0.,0.));
#13042=DIRECTION('center_axis',(0.,-1.,0.));
#13043=DIRECTION('ref_axis',(1.,0.,0.));
#13044=DIRECTION('',(1.,0.,0.));
#13045=DIRECTION('',(-1.,0.,0.));
#13046=DIRECTION('center_axis',(0.,0.,1.));
#13047=DIRECTION('ref_axis',(1.,0.,0.));
#13048=DIRECTION('center_axis',(0.,0.,1.));
#13049=DIRECTION('ref_axis',(1.,0.,0.));
#13050=DIRECTION('',(0.,0.,1.));
#13051=DIRECTION('center_axis',(0.,0.,-1.));
#13052=DIRECTION('ref_axis',(1.,0.,0.));
#13053=DIRECTION('center_axis',(0.,0.,1.));
#13054=DIRECTION('ref_axis',(1.,0.,0.));
#13055=DIRECTION('center_axis',(0.,0.,1.));
#13056=DIRECTION('ref_axis',(1.,0.,0.));
#13057=DIRECTION('',(0.,0.,1.));
#13058=DIRECTION('center_axis',(0.,0.,-1.));
#13059=DIRECTION('ref_axis',(1.,0.,0.));
#13060=DIRECTION('center_axis',(0.,0.,1.));
#13061=DIRECTION('ref_axis',(1.,0.,0.));
#13062=DIRECTION('center_axis',(0.,0.,1.));
#13063=DIRECTION('ref_axis',(1.,0.,0.));
#13064=DIRECTION('',(0.,0.,1.));
#13065=DIRECTION('center_axis',(0.,0.,-1.));
#13066=DIRECTION('ref_axis',(1.,0.,0.));
#13067=DIRECTION('center_axis',(0.,0.,1.));
#13068=DIRECTION('ref_axis',(1.,0.,0.));
#13069=DIRECTION('center_axis',(0.,0.,1.));
#13070=DIRECTION('ref_axis',(1.,0.,0.));
#13071=DIRECTION('',(0.,0.,1.));
#13072=DIRECTION('center_axis',(0.,0.,-1.));
#13073=DIRECTION('ref_axis',(1.,0.,0.));
#13074=DIRECTION('center_axis',(0.,0.,1.));
#13075=DIRECTION('ref_axis',(1.,0.,0.));
#13076=DIRECTION('center_axis',(0.,0.,1.));
#13077=DIRECTION('ref_axis',(1.,0.,0.));
#13078=DIRECTION('',(0.,0.,1.));
#13079=DIRECTION('center_axis',(0.,0.,-1.));
#13080=DIRECTION('ref_axis',(1.,0.,0.));
#13081=DIRECTION('center_axis',(0.,0.,1.));
#13082=DIRECTION('ref_axis',(1.,0.,0.));
#13083=DIRECTION('center_axis',(0.,0.,1.));
#13084=DIRECTION('ref_axis',(1.,0.,0.));
#13085=DIRECTION('',(0.,0.,1.));
#13086=DIRECTION('center_axis',(0.,0.,-1.));
#13087=DIRECTION('ref_axis',(1.,0.,0.));
#13088=DIRECTION('center_axis',(0.,0.,1.));
#13089=DIRECTION('ref_axis',(1.,0.,0.));
#13090=DIRECTION('center_axis',(0.,0.,1.));
#13091=DIRECTION('ref_axis',(1.,0.,0.));
#13092=DIRECTION('',(0.,0.,1.));
#13093=DIRECTION('center_axis',(0.,0.,-1.));
#13094=DIRECTION('ref_axis',(1.,0.,0.));
#13095=DIRECTION('center_axis',(0.,0.,1.));
#13096=DIRECTION('ref_axis',(1.,0.,0.));
#13097=DIRECTION('center_axis',(0.,0.,1.));
#13098=DIRECTION('ref_axis',(1.,0.,0.));
#13099=DIRECTION('',(0.,0.,1.));
#13100=DIRECTION('center_axis',(0.,0.,-1.));
#13101=DIRECTION('ref_axis',(1.,0.,0.));
#13102=DIRECTION('center_axis',(0.,0.,1.));
#13103=DIRECTION('ref_axis',(1.,0.,0.));
#13104=DIRECTION('center_axis',(0.,0.,1.));
#13105=DIRECTION('ref_axis',(1.,0.,0.));
#13106=DIRECTION('',(0.,0.,1.));
#13107=DIRECTION('center_axis',(0.,0.,-1.));
#13108=DIRECTION('ref_axis',(1.,0.,0.));
#13109=DIRECTION('center_axis',(0.,0.,1.));
#13110=DIRECTION('ref_axis',(1.,0.,0.));
#13111=DIRECTION('center_axis',(0.,0.,1.));
#13112=DIRECTION('ref_axis',(1.,0.,0.));
#13113=DIRECTION('',(0.,0.,1.));
#13114=DIRECTION('center_axis',(0.,0.,-1.));
#13115=DIRECTION('ref_axis',(1.,0.,0.));
#13116=DIRECTION('center_axis',(0.,0.,1.));
#13117=DIRECTION('ref_axis',(1.,0.,0.));
#13118=DIRECTION('center_axis',(0.,0.,1.));
#13119=DIRECTION('ref_axis',(1.,0.,0.));
#13120=DIRECTION('',(0.,0.,1.));
#13121=DIRECTION('center_axis',(0.,0.,-1.));
#13122=DIRECTION('ref_axis',(1.,0.,0.));
#13123=DIRECTION('center_axis',(0.,0.,1.));
#13124=DIRECTION('ref_axis',(1.,0.,0.));
#13125=DIRECTION('center_axis',(0.,0.,1.));
#13126=DIRECTION('ref_axis',(1.,0.,0.));
#13127=DIRECTION('',(0.,0.,1.));
#13128=DIRECTION('center_axis',(0.,0.,-1.));
#13129=DIRECTION('ref_axis',(1.,0.,0.));
#13130=DIRECTION('center_axis',(0.,0.,1.));
#13131=DIRECTION('ref_axis',(1.,0.,0.));
#13132=DIRECTION('center_axis',(0.,0.,1.));
#13133=DIRECTION('ref_axis',(1.,0.,0.));
#13134=DIRECTION('',(0.,0.,1.));
#13135=DIRECTION('center_axis',(0.,0.,-1.));
#13136=DIRECTION('ref_axis',(1.,0.,0.));
#13137=DIRECTION('center_axis',(0.,0.,1.));
#13138=DIRECTION('ref_axis',(1.,0.,0.));
#13139=DIRECTION('center_axis',(0.,0.,1.));
#13140=DIRECTION('ref_axis',(1.,0.,0.));
#13141=DIRECTION('',(0.,0.,1.));
#13142=DIRECTION('center_axis',(0.,0.,-1.));
#13143=DIRECTION('ref_axis',(1.,0.,0.));
#13144=DIRECTION('center_axis',(0.,0.,1.));
#13145=DIRECTION('ref_axis',(1.,0.,0.));
#13146=DIRECTION('center_axis',(0.,0.,1.));
#13147=DIRECTION('ref_axis',(1.,0.,0.));
#13148=DIRECTION('',(0.,0.,1.));
#13149=DIRECTION('center_axis',(0.,0.,-1.));
#13150=DIRECTION('ref_axis',(1.,0.,0.));
#13151=DIRECTION('center_axis',(0.,0.,1.));
#13152=DIRECTION('ref_axis',(1.,0.,0.));
#13153=DIRECTION('center_axis',(0.,0.,1.));
#13154=DIRECTION('ref_axis',(1.,0.,0.));
#13155=DIRECTION('',(0.,0.,1.));
#13156=DIRECTION('center_axis',(0.,0.,-1.));
#13157=DIRECTION('ref_axis',(1.,0.,0.));
#13158=DIRECTION('center_axis',(0.,0.,1.));
#13159=DIRECTION('ref_axis',(1.,0.,0.));
#13160=DIRECTION('center_axis',(0.,0.,1.));
#13161=DIRECTION('ref_axis',(1.,0.,0.));
#13162=DIRECTION('',(0.,0.,1.));
#13163=DIRECTION('center_axis',(0.,0.,-1.));
#13164=DIRECTION('ref_axis',(1.,0.,0.));
#13165=DIRECTION('center_axis',(0.,0.,1.));
#13166=DIRECTION('ref_axis',(1.,0.,0.));
#13167=DIRECTION('center_axis',(0.,0.,1.));
#13168=DIRECTION('ref_axis',(1.,0.,0.));
#13169=DIRECTION('',(0.,0.,1.));
#13170=DIRECTION('center_axis',(0.,0.,-1.));
#13171=DIRECTION('ref_axis',(1.,0.,0.));
#13172=DIRECTION('center_axis',(0.,-1.,0.));
#13173=DIRECTION('ref_axis',(1.,0.,0.));
#13174=DIRECTION('',(1.,0.,0.));
#13175=DIRECTION('',(0.,0.,1.));
#13176=DIRECTION('',(-1.,0.,0.));
#13177=DIRECTION('',(0.,0.,1.));
#13178=DIRECTION('center_axis',(-1.,0.,0.));
#13179=DIRECTION('ref_axis',(0.,-1.,0.));
#13180=DIRECTION('',(0.,-1.,0.));
#13181=DIRECTION('',(0.,0.,1.));
#13182=DIRECTION('',(0.,1.,0.));
#13183=DIRECTION('center_axis',(0.,1.,0.));
#13184=DIRECTION('ref_axis',(-1.,0.,0.));
#13185=DIRECTION('',(-1.,0.,0.));
#13186=DIRECTION('',(0.,0.,-1.));
#13187=DIRECTION('',(1.,0.,0.));
#13188=DIRECTION('center_axis',(0.,0.,-1.));
#13189=DIRECTION('ref_axis',(-1.,0.,0.));
#13190=DIRECTION('',(0.,-1.,0.));
#13191=DIRECTION('',(-1.,0.,0.));
#13192=DIRECTION('',(0.,1.,0.));
#13193=DIRECTION('',(1.,0.,0.));
#13194=DIRECTION('',(0.,1.,0.));
#13195=DIRECTION('',(-1.,0.,0.));
#13196=DIRECTION('',(0.,1.,0.));
#13197=DIRECTION('',(1.,0.,0.));
#13198=DIRECTION('',(0.,-1.,0.));
#13199=DIRECTION('center_axis',(1.,0.,0.));
#13200=DIRECTION('ref_axis',(0.,-1.,0.));
#13201=DIRECTION('',(0.,1.,0.));
#13202=DIRECTION('',(0.,0.,-1.));
#13203=DIRECTION('center_axis',(0.,1.,0.));
#13204=DIRECTION('ref_axis',(-1.,0.,0.));
#13205=DIRECTION('',(0.,0.,1.));
#13206=DIRECTION('',(1.,0.,0.));
#13207=DIRECTION('',(0.,0.,1.));
#13208=DIRECTION('center_axis',(1.,0.,0.));
#13209=DIRECTION('ref_axis',(0.,1.,0.));
#13210=DIRECTION('',(0.,0.,1.));
#13211=DIRECTION('',(0.,-1.,0.));
#13212=DIRECTION('center_axis',(0.,-1.,0.));
#13213=DIRECTION('ref_axis',(1.,0.,0.));
#13214=DIRECTION('',(0.,0.,-1.));
#13215=DIRECTION('',(-1.,0.,0.));
#13216=DIRECTION('center_axis',(0.,0.,1.));
#13217=DIRECTION('ref_axis',(1.,0.,0.));
#13218=DIRECTION('',(0.,1.,0.));
#13219=DIRECTION('',(-1.,0.,0.));
#13220=DIRECTION('',(0.,-1.,0.));
#13221=DIRECTION('',(0.,-1.,0.));
#13222=DIRECTION('',(1.,0.,0.));
#13223=DIRECTION('center_axis',(-1.,0.,0.));
#13224=DIRECTION('ref_axis',(0.,1.,0.));
#13225=DIRECTION('',(0.,0.,-1.));
#13226=DIRECTION('center_axis',(-1.,0.,0.));
#13227=DIRECTION('ref_axis',(0.,1.,0.));
#13228=DIRECTION('',(0.,0.,-1.));
#13229=DIRECTION('center_axis',(0.,1.,0.));
#13230=DIRECTION('ref_axis',(1.,0.,0.));
#13231=DIRECTION('',(0.,0.,-1.));
#13232=DIRECTION('center_axis',(0.,-1.,0.));
#13233=DIRECTION('ref_axis',(-1.,0.,0.));
#13234=DIRECTION('center_axis',(1.,0.,0.));
#13235=DIRECTION('ref_axis',(0.,-1.,0.));
#13236=DIRECTION('axis',(0.,0.,1.));
#13237=DIRECTION('refdir',(1.,0.,0.));
#13238=DIRECTION('center_axis',(1.,0.,0.));
#13239=DIRECTION('ref_axis',(0.,0.,-1.));
#13240=DIRECTION('center_axis',(1.,0.,0.));
#13241=DIRECTION('ref_axis',(0.,0.,-1.));
#13242=DIRECTION('',(1.,0.,0.));
#13243=DIRECTION('center_axis',(-1.,0.,0.));
#13244=DIRECTION('ref_axis',(0.,0.,-1.));
#13245=DIRECTION('center_axis',(1.,0.,0.));
#13246=DIRECTION('ref_axis',(0.,0.,-1.));
#13247=DIRECTION('center_axis',(1.,0.,0.));
#13248=DIRECTION('ref_axis',(0.,0.,-1.));
#13249=DIRECTION('',(1.,0.,0.));
#13250=DIRECTION('center_axis',(-1.,0.,0.));
#13251=DIRECTION('ref_axis',(0.,0.,-1.));
#13252=DIRECTION('center_axis',(1.,0.,0.));
#13253=DIRECTION('ref_axis',(0.,0.,-1.));
#13254=DIRECTION('center_axis',(1.,0.,0.));
#13255=DIRECTION('ref_axis',(0.,0.,-1.));
#13256=DIRECTION('',(1.,0.,0.));
#13257=DIRECTION('center_axis',(-1.,0.,0.));
#13258=DIRECTION('ref_axis',(0.,0.,-1.));
#13259=DIRECTION('center_axis',(1.,0.,0.));
#13260=DIRECTION('ref_axis',(0.,0.,-1.));
#13261=DIRECTION('center_axis',(1.,0.,0.));
#13262=DIRECTION('ref_axis',(0.,0.,-1.));
#13263=DIRECTION('',(1.,0.,0.));
#13264=DIRECTION('center_axis',(-1.,0.,0.));
#13265=DIRECTION('ref_axis',(0.,0.,-1.));
#13266=DIRECTION('center_axis',(0.,-1.,0.));
#13267=DIRECTION('ref_axis',(0.,0.,-1.));
#13268=DIRECTION('',(0.,0.,-1.));
#13269=DIRECTION('',(1.,0.,0.));
#13270=DIRECTION('',(0.,0.,1.));
#13271=DIRECTION('',(1.,0.,0.));
#13272=DIRECTION('center_axis',(0.,0.,1.));
#13273=DIRECTION('ref_axis',(0.,-1.,0.));
#13274=DIRECTION('',(0.,-1.,0.));
#13275=DIRECTION('',(1.,0.,0.));
#13276=DIRECTION('',(0.,1.,0.));
#13277=DIRECTION('center_axis',(0.,1.,0.));
#13278=DIRECTION('ref_axis',(0.,0.,1.));
#13279=DIRECTION('',(0.,0.,1.));
#13280=DIRECTION('',(-1.,0.,0.));
#13281=DIRECTION('',(0.,0.,-1.));
#13282=DIRECTION('center_axis',(1.,0.,0.));
#13283=DIRECTION('ref_axis',(0.,0.,-1.));
#13284=DIRECTION('',(0.,1.,0.));
#13285=DIRECTION('',(0.,0.,1.));
#13286=DIRECTION('',(0.,-1.,0.));
#13287=DIRECTION('',(0.,0.,-1.));
#13288=DIRECTION('',(0.,1.,0.));
#13289=DIRECTION('center_axis',(0.,0.,-1.));
#13290=DIRECTION('ref_axis',(0.,1.,0.));
#13291=DIRECTION('',(0.,-1.,0.));
#13292=DIRECTION('',(1.,0.,0.));
#13293=DIRECTION('center_axis',(0.,0.,-1.));
#13294=DIRECTION('ref_axis',(0.,1.,0.));
#13295=DIRECTION('',(1.,0.,0.));
#13296=DIRECTION('',(0.,-1.,0.));
#13297=DIRECTION('center_axis',(0.,-1.,0.));
#13298=DIRECTION('ref_axis',(0.,0.,-1.));
#13299=DIRECTION('',(-1.,0.,0.));
#13300=DIRECTION('',(0.,0.,-1.));
#13301=DIRECTION('center_axis',(0.,-1.,0.));
#13302=DIRECTION('ref_axis',(0.,0.,-1.));
#13303=DIRECTION('',(0.,0.,1.));
#13304=DIRECTION('',(1.,0.,0.));
#13305=DIRECTION('center_axis',(0.,0.,1.));
#13306=DIRECTION('ref_axis',(0.,-1.,0.));
#13307=DIRECTION('',(0.,1.,0.));
#13308=DIRECTION('center_axis',(1.,0.,0.));
#13309=DIRECTION('ref_axis',(0.,0.,-1.));
#13310=DIRECTION('axis',(0.,0.,1.));
#13311=DIRECTION('refdir',(1.,0.,0.));
#13312=DIRECTION('center_axis',(1.,0.,0.));
#13313=DIRECTION('ref_axis',(0.,0.,-1.));
#13314=DIRECTION('center_axis',(1.,0.,0.));
#13315=DIRECTION('ref_axis',(0.,0.,-1.));
#13316=DIRECTION('',(1.,0.,0.));
#13317=DIRECTION('center_axis',(-1.,0.,0.));
#13318=DIRECTION('ref_axis',(0.,0.,-1.));
#13319=DIRECTION('center_axis',(1.,0.,0.));
#13320=DIRECTION('ref_axis',(0.,0.,-1.));
#13321=DIRECTION('center_axis',(1.,0.,0.));
#13322=DIRECTION('ref_axis',(0.,0.,-1.));
#13323=DIRECTION('',(1.,0.,0.));
#13324=DIRECTION('center_axis',(-1.,0.,0.));
#13325=DIRECTION('ref_axis',(0.,0.,-1.));
#13326=DIRECTION('center_axis',(1.,0.,0.));
#13327=DIRECTION('ref_axis',(0.,0.,-1.));
#13328=DIRECTION('center_axis',(1.,0.,0.));
#13329=DIRECTION('ref_axis',(0.,0.,-1.));
#13330=DIRECTION('',(1.,0.,0.));
#13331=DIRECTION('center_axis',(-1.,0.,0.));
#13332=DIRECTION('ref_axis',(0.,0.,-1.));
#13333=DIRECTION('center_axis',(1.,0.,0.));
#13334=DIRECTION('ref_axis',(0.,0.,-1.));
#13335=DIRECTION('center_axis',(1.,0.,0.));
#13336=DIRECTION('ref_axis',(0.,0.,-1.));
#13337=DIRECTION('',(1.,0.,0.));
#13338=DIRECTION('center_axis',(-1.,0.,0.));
#13339=DIRECTION('ref_axis',(0.,0.,-1.));
#13340=DIRECTION('center_axis',(0.,1.,0.));
#13341=DIRECTION('ref_axis',(0.,0.,1.));
#13342=DIRECTION('',(0.,0.,-1.));
#13343=DIRECTION('',(1.,0.,0.));
#13344=DIRECTION('',(0.,0.,1.));
#13345=DIRECTION('',(-1.,0.,0.));
#13346=DIRECTION('center_axis',(0.,-1.,0.));
#13347=DIRECTION('ref_axis',(0.,0.,-1.));
#13348=DIRECTION('',(0.,0.,1.));
#13349=DIRECTION('',(1.,0.,0.));
#13350=DIRECTION('',(0.,0.,-1.));
#13351=DIRECTION('',(1.,0.,0.));
#13352=DIRECTION('center_axis',(0.,0.,1.));
#13353=DIRECTION('ref_axis',(0.,-1.,0.));
#13354=DIRECTION('',(0.,1.,0.));
#13355=DIRECTION('',(0.,-1.,0.));
#13356=DIRECTION('center_axis',(-1.,0.,0.));
#13357=DIRECTION('ref_axis',(0.,0.,1.));
#13358=DIRECTION('',(0.,-1.,0.));
#13359=DIRECTION('',(0.,0.,1.));
#13360=DIRECTION('',(0.,1.,0.));
#13361=DIRECTION('',(0.,0.,-1.));
#13362=DIRECTION('',(0.,-1.,0.));
#13363=DIRECTION('center_axis',(0.,0.,-1.));
#13364=DIRECTION('ref_axis',(0.,-1.,0.));
#13365=DIRECTION('',(0.,-1.,0.));
#13366=DIRECTION('',(-1.,0.,0.));
#13367=DIRECTION('center_axis',(0.,0.,-1.));
#13368=DIRECTION('ref_axis',(0.,-1.,0.));
#13369=DIRECTION('',(1.,0.,0.));
#13370=DIRECTION('',(0.,-1.,0.));
#13371=DIRECTION('center_axis',(0.,-1.,0.));
#13372=DIRECTION('ref_axis',(0.,0.,-1.));
#13373=DIRECTION('',(-1.,0.,0.));
#13374=DIRECTION('',(0.,0.,1.));
#13375=DIRECTION('center_axis',(0.,0.,1.));
#13376=DIRECTION('ref_axis',(0.,1.,0.));
#13377=DIRECTION('',(-1.,0.,0.));
#13378=DIRECTION('',(0.,1.,0.));
#13379=DIRECTION('center_axis',(0.,-1.,0.));
#13380=DIRECTION('ref_axis',(0.,0.,1.));
#13381=DIRECTION('',(0.,0.,1.));
#13382=DIRECTION('center_axis',(1.,0.,0.));
#13383=DIRECTION('ref_axis',(0.,0.,-1.));
#13384=DIRECTION('axis',(0.,0.,1.));
#13385=DIRECTION('refdir',(1.,0.,0.));
#13386=DIRECTION('center_axis',(0.,0.,1.));
#13387=DIRECTION('ref_axis',(1.,0.,0.));
#13388=DIRECTION('center_axis',(0.,0.,1.));
#13389=DIRECTION('ref_axis',(1.,0.,0.));
#13390=DIRECTION('',(0.,0.,1.));
#13391=DIRECTION('center_axis',(0.,0.,-1.));
#13392=DIRECTION('ref_axis',(1.,0.,0.));
#13393=DIRECTION('center_axis',(0.,0.,1.));
#13394=DIRECTION('ref_axis',(1.,0.,0.));
#13395=DIRECTION('center_axis',(0.,0.,1.));
#13396=DIRECTION('ref_axis',(1.,0.,0.));
#13397=DIRECTION('',(0.,0.,1.));
#13398=DIRECTION('center_axis',(0.,0.,-1.));
#13399=DIRECTION('ref_axis',(1.,0.,0.));
#13400=DIRECTION('center_axis',(0.,0.,1.));
#13401=DIRECTION('ref_axis',(1.,0.,0.));
#13402=DIRECTION('center_axis',(0.,0.,1.));
#13403=DIRECTION('ref_axis',(1.,0.,0.));
#13404=DIRECTION('',(0.,0.,1.));
#13405=DIRECTION('center_axis',(0.,0.,-1.));
#13406=DIRECTION('ref_axis',(1.,0.,0.));
#13407=DIRECTION('center_axis',(0.,0.,1.));
#13408=DIRECTION('ref_axis',(1.,0.,0.));
#13409=DIRECTION('center_axis',(0.,0.,1.));
#13410=DIRECTION('ref_axis',(1.,0.,0.));
#13411=DIRECTION('',(0.,0.,1.));
#13412=DIRECTION('center_axis',(0.,0.,-1.));
#13413=DIRECTION('ref_axis',(1.,0.,0.));
#13414=DIRECTION('center_axis',(0.,0.,1.));
#13415=DIRECTION('ref_axis',(1.,0.,0.));
#13416=DIRECTION('center_axis',(0.,0.,1.));
#13417=DIRECTION('ref_axis',(1.,0.,0.));
#13418=DIRECTION('',(0.,0.,1.));
#13419=DIRECTION('center_axis',(0.,0.,-1.));
#13420=DIRECTION('ref_axis',(1.,0.,0.));
#13421=DIRECTION('center_axis',(0.,0.,1.));
#13422=DIRECTION('ref_axis',(1.,0.,0.));
#13423=DIRECTION('center_axis',(0.,0.,1.));
#13424=DIRECTION('ref_axis',(1.,0.,0.));
#13425=DIRECTION('',(0.,0.,1.));
#13426=DIRECTION('center_axis',(0.,0.,-1.));
#13427=DIRECTION('ref_axis',(1.,0.,0.));
#13428=DIRECTION('center_axis',(0.,0.,1.));
#13429=DIRECTION('ref_axis',(1.,0.,0.));
#13430=DIRECTION('center_axis',(0.,0.,1.));
#13431=DIRECTION('ref_axis',(1.,0.,0.));
#13432=DIRECTION('',(0.,0.,1.));
#13433=DIRECTION('center_axis',(0.,0.,-1.));
#13434=DIRECTION('ref_axis',(1.,0.,0.));
#13435=DIRECTION('center_axis',(0.,-1.,0.));
#13436=DIRECTION('ref_axis',(1.,0.,0.));
#13437=DIRECTION('',(1.,0.,0.));
#13438=DIRECTION('',(0.,0.,1.));
#13439=DIRECTION('',(1.,0.,0.));
#13440=DIRECTION('',(0.,0.,1.));
#13441=DIRECTION('center_axis',(-1.,0.,0.));
#13442=DIRECTION('ref_axis',(0.,-1.,0.));
#13443=DIRECTION('',(0.,-1.,0.));
#13444=DIRECTION('',(0.,-1.,0.));
#13445=DIRECTION('',(0.,0.,1.));
#13446=DIRECTION('center_axis',(0.,1.,0.));
#13447=DIRECTION('ref_axis',(-1.,0.,0.));
#13448=DIRECTION('',(-1.,0.,0.));
#13449=DIRECTION('',(-1.,0.,0.));
#13450=DIRECTION('',(0.,0.,1.));
#13451=DIRECTION('center_axis',(1.,0.,0.));
#13452=DIRECTION('ref_axis',(0.,1.,0.));
#13453=DIRECTION('',(0.,1.,0.));
#13454=DIRECTION('',(0.,1.,0.));
#13455=DIRECTION('center_axis',(0.,0.,1.));
#13456=DIRECTION('ref_axis',(1.,0.,0.));
#13457=DIRECTION('center_axis',(0.,0.,1.));
#13458=DIRECTION('ref_axis',(1.,0.,0.));
#13459=DIRECTION('axis',(0.,0.,1.));
#13460=DIRECTION('refdir',(1.,0.,0.));
#13461=DIRECTION('center_axis',(0.,0.,1.));
#13462=DIRECTION('ref_axis',(1.,0.,0.));
#13463=DIRECTION('',(1.,0.,0.));
#13464=DIRECTION('center_axis',(0.,0.,1.));
#13465=DIRECTION('ref_axis',(1.,0.,0.));
#13466=DIRECTION('center_axis',(0.,0.,1.));
#13467=DIRECTION('ref_axis',(1.,0.,0.));
#13468=DIRECTION('center_axis',(0.,0.841879138963874,0.539666114720432));
#13469=DIRECTION('ref_axis',(0.,0.539666114720432,-0.841879138963874));
#13470=DIRECTION('center_axis',(0.,0.,-1.));
#13471=DIRECTION('ref_axis',(0.,-1.,0.));
#13472=DIRECTION('',(0.,-1.,0.));
#13473=DIRECTION('',(-1.,0.,0.));
#13474=DIRECTION('',(0.,-1.,0.));
#13475=DIRECTION('',(-1.,0.,0.));
#13476=DIRECTION('center_axis',(0.,0.,-1.));
#13477=DIRECTION('ref_axis',(1.,0.,0.));
#13478=DIRECTION('center_axis',(0.,0.,-1.));
#13479=DIRECTION('ref_axis',(1.,0.,0.));
#13480=DIRECTION('center_axis',(0.,0.841879138963874,0.539666114720432));
#13481=DIRECTION('ref_axis',(0.,0.539666114720432,-0.841879138963874));
#13482=DIRECTION('',(0.,0.539666114720432,-0.841879138963874));
#13483=DIRECTION('',(-1.,0.,0.));
#13484=DIRECTION('',(0.,0.539666114720432,-0.841879138963874));
#13485=DIRECTION('center_axis',(0.,-1.,0.));
#13486=DIRECTION('ref_axis',(0.,0.,1.));
#13487=DIRECTION('',(0.,0.,1.));
#13488=DIRECTION('',(0.,0.,1.));
#13489=DIRECTION('center_axis',(-1.,0.,0.));
#13490=DIRECTION('ref_axis',(0.,0.,1.));
#13491=DIRECTION('center_axis',(0.,0.,1.));
#13492=DIRECTION('ref_axis',(1.,0.,0.));
#13493=DIRECTION('center_axis',(0.,0.,1.));
#13494=DIRECTION('ref_axis',(1.,0.,0.));
#13495=DIRECTION('',(0.,0.,1.));
#13496=DIRECTION('center_axis',(0.,0.,1.));
#13497=DIRECTION('ref_axis',(1.,0.,0.));
#13498=DIRECTION('center_axis',(0.,0.,1.));
#13499=DIRECTION('ref_axis',(1.,0.,0.));
#13500=DIRECTION('',(0.,0.,1.));
#13501=DIRECTION('center_axis',(0.,0.841879138963874,0.539666114720432));
#13502=DIRECTION('ref_axis',(0.,-0.539666114720432,0.841879138963874));
#13503=DIRECTION('',(0.,0.539666114720432,-0.841879138963874));
#13504=DIRECTION('',(1.,0.,0.));
#13505=DIRECTION('',(0.,-0.539666114720432,0.841879138963874));
#13506=DIRECTION('',(1.,0.,0.));
#13507=DIRECTION('center_axis',(0.,0.,-1.));
#13508=DIRECTION('ref_axis',(0.,1.,0.));
#13509=DIRECTION('',(0.,-1.,0.));
#13510=DIRECTION('',(0.,1.,0.));
#13511=DIRECTION('',(1.,0.,0.));
#13512=DIRECTION('center_axis',(0.,-1.,0.));
#13513=DIRECTION('ref_axis',(0.,0.,-1.));
#13514=DIRECTION('',(0.,0.,1.));
#13515=DIRECTION('',(0.,0.,-1.));
#13516=DIRECTION('center_axis',(1.,0.,0.));
#13517=DIRECTION('ref_axis',(0.,0.,-1.));
#13518=DIRECTION('center_axis',(1.,0.,0.));
#13519=DIRECTION('ref_axis',(0.,0.,-1.));
#13520=DIRECTION('axis',(0.,0.,1.));
#13521=DIRECTION('refdir',(1.,0.,0.));
#13522=DIRECTION('center_axis',(0.,0.,1.));
#13523=DIRECTION('ref_axis',(1.,0.,0.));
#13524=DIRECTION('',(1.,0.,0.));
#13525=DIRECTION('center_axis',(0.,0.,1.));
#13526=DIRECTION('ref_axis',(1.,0.,0.));
#13527=DIRECTION('center_axis',(0.,0.,1.));
#13528=DIRECTION('ref_axis',(1.,0.,0.));
#13529=DIRECTION('center_axis',(0.,0.841879138963874,0.539666114720432));
#13530=DIRECTION('ref_axis',(0.,0.539666114720432,-0.841879138963874));
#13531=DIRECTION('center_axis',(0.,0.841879138963874,0.539666114720432));
#13532=DIRECTION('ref_axis',(0.,-0.539666114720432,0.841879138963874));
#13533=DIRECTION('',(0.,-0.539666114720432,0.841879138963874));
#13534=DIRECTION('',(1.,0.,0.));
#13535=DIRECTION('',(0.,-0.539666114720432,0.841879138963874));
#13536=DIRECTION('',(1.,0.,0.));
#13537=DIRECTION('center_axis',(0.,0.,-1.));
#13538=DIRECTION('ref_axis',(0.,1.,0.));
#13539=DIRECTION('',(0.,1.,0.));
#13540=DIRECTION('',(1.,0.,0.));
#13541=DIRECTION('',(0.,1.,0.));
#13542=DIRECTION('center_axis',(0.,0.,-1.));
#13543=DIRECTION('ref_axis',(1.,0.,0.));
#13544=DIRECTION('center_axis',(0.,0.,-1.));
#13545=DIRECTION('ref_axis',(1.,0.,0.));
#13546=DIRECTION('center_axis',(0.,-1.,0.));
#13547=DIRECTION('ref_axis',(0.,0.,-1.));
#13548=DIRECTION('',(0.,0.,-1.));
#13549=DIRECTION('',(0.,0.,-1.));
#13550=DIRECTION('center_axis',(1.,0.,0.));
#13551=DIRECTION('ref_axis',(0.,0.,-1.));
#13552=DIRECTION('center_axis',(0.,0.,1.));
#13553=DIRECTION('ref_axis',(1.,0.,0.));
#13554=DIRECTION('center_axis',(0.,0.,1.));
#13555=DIRECTION('ref_axis',(1.,0.,0.));
#13556=DIRECTION('',(0.,0.,1.));
#13557=DIRECTION('center_axis',(0.,0.,1.));
#13558=DIRECTION('ref_axis',(1.,0.,0.));
#13559=DIRECTION('center_axis',(0.,0.,1.));
#13560=DIRECTION('ref_axis',(1.,0.,0.));
#13561=DIRECTION('',(0.,0.,1.));
#13562=DIRECTION('center_axis',(0.,0.,-1.));
#13563=DIRECTION('ref_axis',(0.,-1.,0.));
#13564=DIRECTION('',(0.,-1.,0.));
#13565=DIRECTION('',(-1.,0.,0.));
#13566=DIRECTION('',(0.,-1.,0.));
#13567=DIRECTION('',(-1.,0.,0.));
#13568=DIRECTION('center_axis',(0.,0.841879138963874,0.539666114720432));
#13569=DIRECTION('ref_axis',(0.,0.539666114720432,-0.841879138963874));
#13570=DIRECTION('',(0.,0.539666114720432,-0.841879138963874));
#13571=DIRECTION('',(0.,0.539666114720432,-0.841879138963874));
#13572=DIRECTION('',(-1.,0.,0.));
#13573=DIRECTION('center_axis',(0.,-1.,0.));
#13574=DIRECTION('ref_axis',(0.,0.,1.));
#13575=DIRECTION('',(0.,0.,1.));
#13576=DIRECTION('',(0.,0.,1.));
#13577=DIRECTION('center_axis',(1.,0.,0.));
#13578=DIRECTION('ref_axis',(0.,0.,-1.));
#13579=DIRECTION('center_axis',(-1.,0.,0.));
#13580=DIRECTION('ref_axis',(0.,0.,1.));
#13581=DIRECTION('axis',(0.,0.,1.));
#13582=DIRECTION('refdir',(1.,0.,0.));
#13583=DIRECTION('center_axis',(1.,0.,0.));
#13584=DIRECTION('ref_axis',(0.,0.,-1.));
#13585=DIRECTION('',(1.,0.,0.));
#13586=DIRECTION('center_axis',(0.,0.,-1.));
#13587=DIRECTION('ref_axis',(1.,0.,0.));
#13588=DIRECTION('center_axis',(0.,0.,-1.));
#13589=DIRECTION('ref_axis',(1.,0.,0.));
#13590=DIRECTION('',(0.,0.,-1.));
#13591=DIRECTION('center_axis',(0.,0.,-1.));
#13592=DIRECTION('ref_axis',(1.,0.,0.));
#13593=DIRECTION('center_axis',(0.,0.,1.));
#13594=DIRECTION('ref_axis',(1.,0.,0.));
#13595=DIRECTION('center_axis',(0.,0.,1.));
#13596=DIRECTION('ref_axis',(1.,0.,0.));
#13597=DIRECTION('center_axis',(0.,0.,1.));
#13598=DIRECTION('ref_axis',(1.,0.,0.));
#13599=DIRECTION('',(0.,0.,1.));
#13600=DIRECTION('center_axis',(0.,0.,1.));
#13601=DIRECTION('ref_axis',(1.,0.,0.));
#13602=DIRECTION('center_axis',(0.,0.,1.));
#13603=DIRECTION('ref_axis',(1.,0.,0.));
#13604=DIRECTION('center_axis',(0.,0.,1.));
#13605=DIRECTION('ref_axis',(1.,0.,0.));
#13606=DIRECTION('center_axis',(0.,0.,1.));
#13607=DIRECTION('ref_axis',(1.,0.,0.));
#13608=DIRECTION('',(0.,0.,-1.));
#13609=DIRECTION('',(0.,0.,-1.));
#13610=DIRECTION('center_axis',(0.,0.,1.));
#13611=DIRECTION('ref_axis',(1.,0.,0.));
#13612=DIRECTION('center_axis',(0.,0.,1.));
#13613=DIRECTION('ref_axis',(1.,0.,0.));
#13614=DIRECTION('center_axis',(0.,0.,1.));
#13615=DIRECTION('ref_axis',(1.,0.,0.));
#13616=DIRECTION('center_axis',(0.,1.,0.));
#13617=DIRECTION('ref_axis',(1.,0.,0.));
#13618=DIRECTION('',(0.,1.,0.));
#13619=DIRECTION('center_axis',(0.,1.,0.));
#13620=DIRECTION('ref_axis',(1.,0.,0.));
#13621=DIRECTION('',(0.,1.,0.));
#13622=DIRECTION('center_axis',(1.,0.,0.));
#13623=DIRECTION('ref_axis',(0.,0.,-1.));
#13624=DIRECTION('',(1.,0.,0.));
#13625=DIRECTION('center_axis',(0.,0.,-1.));
#13626=DIRECTION('ref_axis',(1.,0.,0.));
#13627=DIRECTION('center_axis',(0.,0.,-1.));
#13628=DIRECTION('ref_axis',(1.,0.,0.));
#13629=DIRECTION('',(0.,0.,-1.));
#13630=DIRECTION('center_axis',(0.,0.,-1.));
#13631=DIRECTION('ref_axis',(1.,0.,0.));
#13632=DIRECTION('center_axis',(0.,0.,1.));
#13633=DIRECTION('ref_axis',(1.,0.,0.));
#13634=DIRECTION('center_axis',(0.,0.,1.));
#13635=DIRECTION('ref_axis',(1.,0.,0.));
#13636=DIRECTION('center_axis',(0.,0.,1.));
#13637=DIRECTION('ref_axis',(1.,0.,0.));
#13638=DIRECTION('',(0.,0.,1.));
#13639=DIRECTION('center_axis',(0.,0.,1.));
#13640=DIRECTION('ref_axis',(1.,0.,0.));
#13641=DIRECTION('center_axis',(0.,0.,1.));
#13642=DIRECTION('ref_axis',(1.,0.,0.));
#13643=DIRECTION('center_axis',(0.,0.,1.));
#13644=DIRECTION('ref_axis',(1.,0.,0.));
#13645=DIRECTION('center_axis',(0.,0.,1.));
#13646=DIRECTION('ref_axis',(1.,0.,0.));
#13647=DIRECTION('',(0.,0.,-1.));
#13648=DIRECTION('',(0.,0.,-1.));
#13649=DIRECTION('center_axis',(0.,0.,1.));
#13650=DIRECTION('ref_axis',(1.,0.,0.));
#13651=DIRECTION('center_axis',(0.,0.,1.));
#13652=DIRECTION('ref_axis',(1.,0.,0.));
#13653=DIRECTION('center_axis',(0.,0.,1.));
#13654=DIRECTION('ref_axis',(1.,0.,0.));
#13655=DIRECTION('center_axis',(1.,0.,0.));
#13656=DIRECTION('ref_axis',(0.,0.,-1.));
#13657=DIRECTION('',(1.,0.,0.));
#13658=DIRECTION('center_axis',(0.,0.,-1.));
#13659=DIRECTION('ref_axis',(1.,0.,0.));
#13660=DIRECTION('center_axis',(0.,0.,-1.));
#13661=DIRECTION('ref_axis',(1.,0.,0.));
#13662=DIRECTION('',(0.,0.,-1.));
#13663=DIRECTION('center_axis',(0.,0.,-1.));
#13664=DIRECTION('ref_axis',(1.,0.,0.));
#13665=DIRECTION('center_axis',(0.,0.,1.));
#13666=DIRECTION('ref_axis',(1.,0.,0.));
#13667=DIRECTION('center_axis',(0.,0.,1.));
#13668=DIRECTION('ref_axis',(1.,0.,0.));
#13669=DIRECTION('center_axis',(0.,0.,1.));
#13670=DIRECTION('ref_axis',(1.,0.,0.));
#13671=DIRECTION('',(0.,0.,1.));
#13672=DIRECTION('center_axis',(0.,0.,1.));
#13673=DIRECTION('ref_axis',(1.,0.,0.));
#13674=DIRECTION('center_axis',(0.,0.,1.));
#13675=DIRECTION('ref_axis',(1.,0.,0.));
#13676=DIRECTION('center_axis',(0.,0.,1.));
#13677=DIRECTION('ref_axis',(1.,0.,0.));
#13678=DIRECTION('center_axis',(0.,0.,1.));
#13679=DIRECTION('ref_axis',(1.,0.,0.));
#13680=DIRECTION('',(0.,0.,-1.));
#13681=DIRECTION('',(0.,0.,-1.));
#13682=DIRECTION('center_axis',(0.,0.,1.));
#13683=DIRECTION('ref_axis',(1.,0.,0.));
#13684=DIRECTION('center_axis',(0.,0.,1.));
#13685=DIRECTION('ref_axis',(1.,0.,0.));
#13686=DIRECTION('center_axis',(0.,0.,1.));
#13687=DIRECTION('ref_axis',(1.,0.,0.));
#13688=DIRECTION('center_axis',(1.,0.,0.));
#13689=DIRECTION('ref_axis',(0.,0.,-1.));
#13690=DIRECTION('',(1.,0.,0.));
#13691=DIRECTION('center_axis',(0.,0.,-1.));
#13692=DIRECTION('ref_axis',(1.,0.,0.));
#13693=DIRECTION('center_axis',(0.,0.,-1.));
#13694=DIRECTION('ref_axis',(1.,0.,0.));
#13695=DIRECTION('',(0.,0.,-1.));
#13696=DIRECTION('center_axis',(0.,0.,-1.));
#13697=DIRECTION('ref_axis',(1.,0.,0.));
#13698=DIRECTION('center_axis',(0.,0.,1.));
#13699=DIRECTION('ref_axis',(1.,0.,0.));
#13700=DIRECTION('center_axis',(0.,0.,1.));
#13701=DIRECTION('ref_axis',(1.,0.,0.));
#13702=DIRECTION('center_axis',(0.,0.,1.));
#13703=DIRECTION('ref_axis',(1.,0.,0.));
#13704=DIRECTION('',(0.,0.,1.));
#13705=DIRECTION('center_axis',(0.,0.,1.));
#13706=DIRECTION('ref_axis',(1.,0.,0.));
#13707=DIRECTION('center_axis',(0.,0.,1.));
#13708=DIRECTION('ref_axis',(1.,0.,0.));
#13709=DIRECTION('center_axis',(0.,0.,1.));
#13710=DIRECTION('ref_axis',(1.,0.,0.));
#13711=DIRECTION('center_axis',(0.,0.,1.));
#13712=DIRECTION('ref_axis',(1.,0.,0.));
#13713=DIRECTION('',(0.,0.,-1.));
#13714=DIRECTION('',(0.,0.,-1.));
#13715=DIRECTION('center_axis',(0.,0.,1.));
#13716=DIRECTION('ref_axis',(1.,0.,0.));
#13717=DIRECTION('center_axis',(0.,0.,1.));
#13718=DIRECTION('ref_axis',(1.,0.,0.));
#13719=DIRECTION('center_axis',(0.,0.,1.));
#13720=DIRECTION('ref_axis',(1.,0.,0.));
#13721=DIRECTION('',(0.,0.,1.));
#13722=DIRECTION('',(1.,0.,0.));
#13723=DIRECTION('',(0.,0.,1.));
#13724=DIRECTION('',(1.,0.,0.));
#13725=DIRECTION('',(0.,0.,1.));
#13726=DIRECTION('',(1.,0.,0.));
#13727=DIRECTION('',(0.,0.,1.));
#13728=DIRECTION('',(1.,0.,0.));
#13729=DIRECTION('',(0.,0.,1.));
#13730=DIRECTION('',(1.,0.,0.));
#13731=DIRECTION('',(0.,0.,1.));
#13732=DIRECTION('',(1.,0.,0.));
#13733=DIRECTION('',(0.,0.,1.));
#13734=DIRECTION('',(1.,0.,0.));
#13735=DIRECTION('axis',(0.,0.,1.));
#13736=DIRECTION('refdir',(1.,0.,0.));
#13737=DIRECTION('axis',(0.,0.,1.));
#13738=DIRECTION('refdir',(1.,0.,0.));
#13739=DIRECTION('center_axis',(1.,0.,0.));
#13740=DIRECTION('ref_axis',(0.,0.,-1.));
#13741=DIRECTION('center_axis',(1.,0.,0.));
#13742=DIRECTION('ref_axis',(0.,0.,-1.));
#13743=DIRECTION('',(1.,0.,0.));
#13744=DIRECTION('center_axis',(-1.,0.,0.));
#13745=DIRECTION('ref_axis',(0.,0.,-1.));
#13746=DIRECTION('center_axis',(1.,0.,0.));
#13747=DIRECTION('ref_axis',(0.,0.,-1.));
#13748=DIRECTION('center_axis',(1.,0.,0.));
#13749=DIRECTION('ref_axis',(0.,0.,-1.));
#13750=DIRECTION('',(1.,0.,0.));
#13751=DIRECTION('center_axis',(-1.,0.,0.));
#13752=DIRECTION('ref_axis',(0.,0.,-1.));
#13753=DIRECTION('center_axis',(1.,0.,0.));
#13754=DIRECTION('ref_axis',(0.,0.,-1.));
#13755=DIRECTION('center_axis',(1.,0.,0.));
#13756=DIRECTION('ref_axis',(0.,0.,-1.));
#13757=DIRECTION('',(1.,0.,0.));
#13758=DIRECTION('center_axis',(-1.,0.,0.));
#13759=DIRECTION('ref_axis',(0.,0.,-1.));
#13760=DIRECTION('center_axis',(1.,0.,0.));
#13761=DIRECTION('ref_axis',(0.,0.,-1.));
#13762=DIRECTION('center_axis',(1.,0.,0.));
#13763=DIRECTION('ref_axis',(0.,0.,-1.));
#13764=DIRECTION('center_axis',(1.,0.,0.));
#13765=DIRECTION('ref_axis',(0.,0.,-1.));
#13766=DIRECTION('',(1.,0.,0.));
#13767=DIRECTION('center_axis',(-1.,0.,0.));
#13768=DIRECTION('ref_axis',(0.,0.,-1.));
#13769=DIRECTION('center_axis',(1.,0.,0.));
#13770=DIRECTION('ref_axis',(0.,0.,-1.));
#13771=DIRECTION('center_axis',(1.,0.,0.));
#13772=DIRECTION('ref_axis',(0.,0.,-1.));
#13773=DIRECTION('center_axis',(1.,0.,0.));
#13774=DIRECTION('ref_axis',(0.,0.,-1.));
#13775=DIRECTION('',(-1.,0.,0.));
#13776=DIRECTION('center_axis',(1.,0.,0.));
#13777=DIRECTION('ref_axis',(0.,0.,-1.));
#13778=DIRECTION('center_axis',(1.,0.,0.));
#13779=DIRECTION('ref_axis',(0.,0.,-1.));
#13780=DIRECTION('center_axis',(1.,0.,0.));
#13781=DIRECTION('ref_axis',(0.,0.,-1.));
#13782=DIRECTION('axis',(0.,0.,1.));
#13783=DIRECTION('refdir',(1.,0.,0.));
#13784=DIRECTION('center_axis',(1.,0.,0.));
#13785=DIRECTION('ref_axis',(0.,0.,-1.));
#13786=DIRECTION('center_axis',(1.,0.,0.));
#13787=DIRECTION('ref_axis',(0.,0.,-1.));
#13788=DIRECTION('',(1.,0.,0.));
#13789=DIRECTION('center_axis',(-1.,0.,0.));
#13790=DIRECTION('ref_axis',(0.,0.,-1.));
#13791=DIRECTION('center_axis',(1.,0.,0.));
#13792=DIRECTION('ref_axis',(0.,0.,-1.));
#13793=DIRECTION('center_axis',(1.,0.,0.));
#13794=DIRECTION('ref_axis',(0.,0.,-1.));
#13795=DIRECTION('',(1.,0.,0.));
#13796=DIRECTION('center_axis',(-1.,0.,0.));
#13797=DIRECTION('ref_axis',(0.,0.,-1.));
#13798=DIRECTION('center_axis',(1.,0.,0.));
#13799=DIRECTION('ref_axis',(0.,0.,-1.));
#13800=DIRECTION('center_axis',(1.,0.,0.));
#13801=DIRECTION('ref_axis',(0.,0.,-1.));
#13802=DIRECTION('',(1.,0.,0.));
#13803=DIRECTION('center_axis',(1.,0.,0.));
#13804=DIRECTION('ref_axis',(0.,0.,-1.));
#13805=DIRECTION('center_axis',(1.,0.,0.));
#13806=DIRECTION('ref_axis',(0.,0.,-1.));
#13807=DIRECTION('center_axis',(1.,0.,0.));
#13808=DIRECTION('ref_axis',(0.,0.,-1.));
#13809=DIRECTION('center_axis',(1.,0.,0.));
#13810=DIRECTION('ref_axis',(0.,0.,-1.));
#13811=DIRECTION('',(1.,0.,0.));
#13812=DIRECTION('center_axis',(1.,0.,0.));
#13813=DIRECTION('ref_axis',(0.,0.,-1.));
#13814=DIRECTION('center_axis',(1.,0.,0.));
#13815=DIRECTION('ref_axis',(0.,0.,-1.));
#13816=DIRECTION('center_axis',(-1.,0.,0.));
#13817=DIRECTION('ref_axis',(0.,0.,-1.));
#13818=DIRECTION('center_axis',(-1.,0.,0.));
#13819=DIRECTION('ref_axis',(0.,0.,-1.));
#13820=DIRECTION('',(1.,0.,0.));
#13821=DIRECTION('center_axis',(1.,0.,0.));
#13822=DIRECTION('ref_axis',(0.,0.,-1.));
#13823=DIRECTION('center_axis',(1.,0.,0.));
#13824=DIRECTION('ref_axis',(0.,0.,-1.));
#13825=DIRECTION('center_axis',(1.,0.,0.));
#13826=DIRECTION('ref_axis',(0.,0.,-1.));
#13827=DIRECTION('',(0.,0.,1.));
#13828=DIRECTION('',(1.,0.,0.));
#13829=DIRECTION('',(0.,0.,1.));
#13830=DIRECTION('',(1.,0.,0.));
#13831=DIRECTION('axis',(0.,0.,1.));
#13832=DIRECTION('refdir',(1.,0.,0.));
#13833=DIRECTION('axis',(0.,0.,1.));
#13834=DIRECTION('refdir',(1.,0.,0.));
#13835=DIRECTION('center_axis',(0.,1.,0.));
#13836=DIRECTION('ref_axis',(-1.,0.,0.));
#13837=DIRECTION('',(-1.,0.,0.));
#13838=DIRECTION('',(0.,0.,1.));
#13839=DIRECTION('',(-1.,0.,0.));
#13840=DIRECTION('',(0.,0.,1.));
#13841=DIRECTION('center_axis',(1.,0.,0.));
#13842=DIRECTION('ref_axis',(0.,1.,0.));
#13843=DIRECTION('',(0.,1.,0.));
#13844=DIRECTION('',(0.,1.,0.));
#13845=DIRECTION('',(0.,0.,1.));
#13846=DIRECTION('center_axis',(0.,-1.,0.));
#13847=DIRECTION('ref_axis',(1.,0.,0.));
#13848=DIRECTION('',(1.,0.,0.));
#13849=DIRECTION('',(1.,0.,0.));
#13850=DIRECTION('',(0.,0.,1.));
#13851=DIRECTION('center_axis',(-1.,0.,0.));
#13852=DIRECTION('ref_axis',(0.,-1.,0.));
#13853=DIRECTION('',(0.,-1.,0.));
#13854=DIRECTION('',(0.,-1.,0.));
#13855=DIRECTION('center_axis',(0.,0.,1.));
#13856=DIRECTION('ref_axis',(1.,0.,0.));
#13857=DIRECTION('center_axis',(0.,0.,1.));
#13858=DIRECTION('ref_axis',(1.,0.,0.));
#13859=DIRECTION('axis',(0.,0.,1.));
#13860=DIRECTION('refdir',(1.,0.,0.));
#13861=DIRECTION('center_axis',(0.,1.,0.));
#13862=DIRECTION('ref_axis',(-1.,0.,0.));
#13863=DIRECTION('',(-1.,0.,0.));
#13864=DIRECTION('',(0.,0.,1.));
#13865=DIRECTION('',(-1.,0.,0.));
#13866=DIRECTION('',(0.,0.,1.));
#13867=DIRECTION('center_axis',(1.,0.,0.));
#13868=DIRECTION('ref_axis',(0.,1.,0.));
#13869=DIRECTION('',(0.,1.,0.));
#13870=DIRECTION('',(0.,1.,0.));
#13871=DIRECTION('',(0.,0.,1.));
#13872=DIRECTION('center_axis',(0.,-1.,0.));
#13873=DIRECTION('ref_axis',(1.,0.,0.));
#13874=DIRECTION('',(1.,0.,0.));
#13875=DIRECTION('',(1.,0.,0.));
#13876=DIRECTION('',(0.,0.,1.));
#13877=DIRECTION('center_axis',(-1.,0.,0.));
#13878=DIRECTION('ref_axis',(0.,-1.,0.));
#13879=DIRECTION('',(0.,-1.,0.));
#13880=DIRECTION('',(0.,-1.,0.));
#13881=DIRECTION('center_axis',(0.,0.,1.));
#13882=DIRECTION('ref_axis',(1.,0.,0.));
#13883=DIRECTION('center_axis',(0.,0.,1.));
#13884=DIRECTION('ref_axis',(1.,0.,0.));
#13885=DIRECTION('axis',(0.,0.,1.));
#13886=DIRECTION('refdir',(1.,0.,0.));
#13887=DIRECTION('center_axis',(2.61228946970625E-16,1.,0.));
#13888=DIRECTION('ref_axis',(-1.,2.61228946970625E-16,0.));
#13889=DIRECTION('',(-1.,2.61228946970625E-16,0.));
#13890=DIRECTION('',(0.,0.,1.));
#13891=DIRECTION('',(-1.,2.61228946970625E-16,0.));
#13892=DIRECTION('',(0.,0.,1.));
#13893=DIRECTION('center_axis',(1.,0.,0.));
#13894=DIRECTION('ref_axis',(0.,1.,0.));
#13895=DIRECTION('',(0.,1.,0.));
#13896=DIRECTION('',(0.,1.,0.));
#13897=DIRECTION('',(0.,0.,1.));
#13898=DIRECTION('center_axis',(0.,-1.,0.));
#13899=DIRECTION('ref_axis',(1.,0.,0.));
#13900=DIRECTION('',(1.,0.,0.));
#13901=DIRECTION('',(1.,0.,0.));
#13902=DIRECTION('',(0.,0.,1.));
#13903=DIRECTION('center_axis',(-1.,0.,0.));
#13904=DIRECTION('ref_axis',(0.,-1.,0.));
#13905=DIRECTION('',(0.,-1.,0.));
#13906=DIRECTION('',(0.,-1.,0.));
#13907=DIRECTION('center_axis',(0.,0.,1.));
#13908=DIRECTION('ref_axis',(1.,0.,0.));
#13909=DIRECTION('center_axis',(0.,0.,1.));
#13910=DIRECTION('ref_axis',(1.,0.,0.));
#13911=DIRECTION('axis',(0.,0.,1.));
#13912=DIRECTION('refdir',(1.,0.,0.));
#13913=DIRECTION('center_axis',(0.,0.,1.));
#13914=DIRECTION('ref_axis',(1.,0.,0.));
#13915=DIRECTION('center_axis',(0.,0.,1.));
#13916=DIRECTION('ref_axis',(1.,0.,0.));
#13917=DIRECTION('',(0.,0.,1.));
#13918=DIRECTION('center_axis',(0.,0.,-1.));
#13919=DIRECTION('ref_axis',(1.,0.,0.));
#13920=DIRECTION('center_axis',(0.,0.,1.));
#13921=DIRECTION('ref_axis',(1.,0.,0.));
#13922=DIRECTION('center_axis',(0.,0.,1.));
#13923=DIRECTION('ref_axis',(1.,0.,0.));
#13924=DIRECTION('',(0.,0.,1.));
#13925=DIRECTION('center_axis',(0.,0.,-1.));
#13926=DIRECTION('ref_axis',(1.,0.,0.));
#13927=DIRECTION('center_axis',(0.,1.,0.));
#13928=DIRECTION('ref_axis',(-1.,0.,0.));
#13929=DIRECTION('',(-1.,0.,0.));
#13930=DIRECTION('',(0.,0.,1.));
#13931=DIRECTION('',(-1.,0.,0.));
#13932=DIRECTION('',(0.,0.,1.));
#13933=DIRECTION('center_axis',(1.,0.,0.));
#13934=DIRECTION('ref_axis',(0.,1.,0.));
#13935=DIRECTION('',(0.,1.,0.));
#13936=DIRECTION('',(0.,1.,0.));
#13937=DIRECTION('',(0.,0.,1.));
#13938=DIRECTION('center_axis',(0.,-1.,0.));
#13939=DIRECTION('ref_axis',(1.,0.,0.));
#13940=DIRECTION('',(1.,0.,0.));
#13941=DIRECTION('',(1.,0.,0.));
#13942=DIRECTION('',(0.,0.,1.));
#13943=DIRECTION('center_axis',(-1.,0.,0.));
#13944=DIRECTION('ref_axis',(0.,-1.,0.));
#13945=DIRECTION('',(0.,-1.,0.));
#13946=DIRECTION('',(0.,-1.,0.));
#13947=DIRECTION('center_axis',(0.,0.,1.));
#13948=DIRECTION('ref_axis',(1.,0.,0.));
#13949=DIRECTION('center_axis',(0.,0.,1.));
#13950=DIRECTION('ref_axis',(1.,0.,0.));
#13951=DIRECTION('axis',(0.,0.,1.));
#13952=DIRECTION('refdir',(1.,0.,0.));
#13953=DIRECTION('center_axis',(0.,1.,0.));
#13954=DIRECTION('ref_axis',(-1.,0.,0.));
#13955=DIRECTION('',(-1.,0.,0.));
#13956=DIRECTION('',(0.,0.,1.));
#13957=DIRECTION('',(-1.,0.,0.));
#13958=DIRECTION('',(0.,0.,1.));
#13959=DIRECTION('center_axis',(1.,0.,0.));
#13960=DIRECTION('ref_axis',(0.,1.,0.));
#13961=DIRECTION('',(0.,1.,0.));
#13962=DIRECTION('',(0.,1.,0.));
#13963=DIRECTION('',(0.,0.,1.));
#13964=DIRECTION('center_axis',(0.,-1.,0.));
#13965=DIRECTION('ref_axis',(1.,0.,0.));
#13966=DIRECTION('',(1.,0.,0.));
#13967=DIRECTION('',(1.,0.,0.));
#13968=DIRECTION('',(0.,0.,1.));
#13969=DIRECTION('center_axis',(-1.,0.,0.));
#13970=DIRECTION('ref_axis',(0.,-1.,0.));
#13971=DIRECTION('',(0.,-1.,0.));
#13972=DIRECTION('',(0.,-1.,0.));
#13973=DIRECTION('center_axis',(0.,0.,1.));
#13974=DIRECTION('ref_axis',(1.,0.,0.));
#13975=DIRECTION('center_axis',(0.,0.,1.));
#13976=DIRECTION('ref_axis',(1.,0.,0.));
#13977=DIRECTION('',(0.,0.,1.));
#13978=DIRECTION('',(1.,0.,0.));
#13979=DIRECTION('',(0.,0.,1.));
#13980=DIRECTION('',(1.,0.,0.));
#13981=DIRECTION('',(0.,0.,1.));
#13982=DIRECTION('',(1.,0.,0.));
#13983=DIRECTION('',(0.,0.,1.));
#13984=DIRECTION('',(1.,0.,0.));
#13985=DIRECTION('',(0.,0.,1.));
#13986=DIRECTION('',(1.,0.,0.));
#13987=DIRECTION('axis',(0.,0.,1.));
#13988=DIRECTION('refdir',(1.,0.,0.));
#13989=DIRECTION('axis',(0.,0.,1.));
#13990=DIRECTION('refdir',(1.,0.,0.));
#13991=DIRECTION('axis',(0.,0.,1.));
#13992=DIRECTION('refdir',(1.,0.,0.));
#13993=DIRECTION('axis',(0.,0.,1.));
#13994=DIRECTION('refdir',(1.,0.,0.));
#13995=DIRECTION('center_axis',(0.,1.,0.));
#13996=DIRECTION('ref_axis',(1.,0.,0.));
#13997=DIRECTION('center_axis',(0.,1.,0.));
#13998=DIRECTION('ref_axis',(1.,0.,0.));
#13999=DIRECTION('',(0.,1.,0.));
#14000=DIRECTION('center_axis',(0.,-1.,0.));
#14001=DIRECTION('ref_axis',(1.,0.,0.));
#14002=DIRECTION('center_axis',(0.,1.,0.));
#14003=DIRECTION('ref_axis',(1.,0.,0.));
#14004=DIRECTION('center_axis',(0.,1.,0.));
#14005=DIRECTION('ref_axis',(1.,0.,0.));
#14006=DIRECTION('',(0.,1.,0.));
#14007=DIRECTION('center_axis',(0.,-1.,0.));
#14008=DIRECTION('ref_axis',(1.,0.,0.));
#14009=DIRECTION('center_axis',(0.,1.,0.));
#14010=DIRECTION('ref_axis',(1.,0.,0.));
#14011=DIRECTION('center_axis',(0.,1.,0.));
#14012=DIRECTION('ref_axis',(1.,0.,0.));
#14013=DIRECTION('',(0.,1.,0.));
#14014=DIRECTION('center_axis',(0.,-1.,0.));
#14015=DIRECTION('ref_axis',(1.,0.,0.));
#14016=DIRECTION('center_axis',(0.,1.,0.));
#14017=DIRECTION('ref_axis',(1.,0.,0.));
#14018=DIRECTION('center_axis',(0.,1.,0.));
#14019=DIRECTION('ref_axis',(1.,0.,0.));
#14020=DIRECTION('',(0.,1.,0.));
#14021=DIRECTION('center_axis',(0.,-1.,0.));
#14022=DIRECTION('ref_axis',(1.,0.,0.));
#14023=DIRECTION('center_axis',(0.,1.,0.));
#14024=DIRECTION('ref_axis',(-1.,0.,0.));
#14025=DIRECTION('',(-1.,0.,0.));
#14026=DIRECTION('',(0.,0.,1.));
#14027=DIRECTION('',(-1.,0.,0.));
#14028=DIRECTION('',(0.,0.,1.));
#14029=DIRECTION('center_axis',(1.,0.,0.));
#14030=DIRECTION('ref_axis',(0.,1.,0.));
#14031=DIRECTION('',(0.,1.,0.));
#14032=DIRECTION('',(0.,1.,0.));
#14033=DIRECTION('',(0.,0.,1.));
#14034=DIRECTION('center_axis',(0.,-1.,0.));
#14035=DIRECTION('ref_axis',(1.,0.,0.));
#14036=DIRECTION('',(1.,0.,0.));
#14037=DIRECTION('',(1.,0.,0.));
#14038=DIRECTION('',(0.,0.,1.));
#14039=DIRECTION('center_axis',(-1.,0.,0.));
#14040=DIRECTION('ref_axis',(0.,-1.,0.));
#14041=DIRECTION('',(0.,-1.,0.));
#14042=DIRECTION('',(0.,-1.,0.));
#14043=DIRECTION('center_axis',(0.,0.,1.));
#14044=DIRECTION('ref_axis',(1.,0.,0.));
#14045=DIRECTION('center_axis',(0.,0.,1.));
#14046=DIRECTION('ref_axis',(1.,0.,0.));
#14047=DIRECTION('',(0.,0.,1.));
#14048=DIRECTION('',(1.,0.,0.));
#14049=DIRECTION('axis',(0.,0.,1.));
#14050=DIRECTION('refdir',(1.,0.,0.));
#14051=DIRECTION('axis',(0.,0.,1.));
#14052=DIRECTION('refdir',(1.,0.,0.));
#14053=DIRECTION('center_axis',(0.,0.,1.));
#14054=DIRECTION('ref_axis',(1.,0.,0.));
#14055=DIRECTION('center_axis',(0.,0.,1.));
#14056=DIRECTION('ref_axis',(1.,0.,0.));
#14057=DIRECTION('',(0.,0.,1.));
#14058=DIRECTION('center_axis',(0.,0.,-1.));
#14059=DIRECTION('ref_axis',(1.,0.,0.));
#14060=DIRECTION('center_axis',(0.,0.,1.));
#14061=DIRECTION('ref_axis',(1.,0.,0.));
#14062=DIRECTION('center_axis',(0.,0.,1.));
#14063=DIRECTION('ref_axis',(1.,0.,0.));
#14064=DIRECTION('',(0.,0.,1.));
#14065=DIRECTION('center_axis',(0.,0.,-1.));
#14066=DIRECTION('ref_axis',(1.,0.,0.));
#14067=DIRECTION('center_axis',(0.,0.,1.));
#14068=DIRECTION('ref_axis',(1.,0.,0.));
#14069=DIRECTION('center_axis',(0.,0.,1.));
#14070=DIRECTION('ref_axis',(1.,0.,0.));
#14071=DIRECTION('',(0.,0.,1.));
#14072=DIRECTION('center_axis',(0.,0.,-1.));
#14073=DIRECTION('ref_axis',(1.,0.,0.));
#14074=DIRECTION('center_axis',(0.,0.,1.));
#14075=DIRECTION('ref_axis',(1.,0.,0.));
#14076=DIRECTION('center_axis',(0.,0.,1.));
#14077=DIRECTION('ref_axis',(1.,0.,0.));
#14078=DIRECTION('',(0.,0.,1.));
#14079=DIRECTION('center_axis',(0.,0.,-1.));
#14080=DIRECTION('ref_axis',(1.,0.,0.));
#14081=DIRECTION('center_axis',(0.,-1.,0.));
#14082=DIRECTION('ref_axis',(1.,0.,0.));
#14083=DIRECTION('',(-1.,0.,0.));
#14084=DIRECTION('',(0.,0.,1.));
#14085=DIRECTION('',(1.,0.,0.));
#14086=DIRECTION('',(0.,0.,1.));
#14087=DIRECTION('center_axis',(-1.,0.,0.));
#14088=DIRECTION('ref_axis',(0.,-1.,0.));
#14089=DIRECTION('',(0.,1.,0.));
#14090=DIRECTION('',(0.,-1.,0.));
#14091=DIRECTION('',(0.,0.,-1.));
#14092=DIRECTION('center_axis',(0.,1.,0.));
#14093=DIRECTION('ref_axis',(-1.,0.,0.));
#14094=DIRECTION('',(1.,0.,0.));
#14095=DIRECTION('',(-1.,0.,0.));
#14096=DIRECTION('',(0.,0.,1.));
#14097=DIRECTION('center_axis',(1.,0.,0.));
#14098=DIRECTION('ref_axis',(0.,1.,0.));
#14099=DIRECTION('',(0.,-1.,0.));
#14100=DIRECTION('',(0.,1.,0.));
#14101=DIRECTION('center_axis',(0.,-1.,0.));
#14102=DIRECTION('ref_axis',(1.,0.,0.));
#14103=DIRECTION('',(-1.,0.,0.));
#14104=DIRECTION('',(0.,0.,1.));
#14105=DIRECTION('',(1.,0.,0.));
#14106=DIRECTION('',(0.,0.,1.));
#14107=DIRECTION('center_axis',(-1.,0.,0.));
#14108=DIRECTION('ref_axis',(0.,-1.,0.));
#14109=DIRECTION('',(0.,1.,0.));
#14110=DIRECTION('',(0.,-1.,0.));
#14111=DIRECTION('',(0.,0.,-1.));
#14112=DIRECTION('center_axis',(0.,1.,0.));
#14113=DIRECTION('ref_axis',(-1.,0.,0.));
#14114=DIRECTION('',(1.,0.,0.));
#14115=DIRECTION('',(-1.,0.,0.));
#14116=DIRECTION('',(0.,0.,1.));
#14117=DIRECTION('center_axis',(1.,0.,0.));
#14118=DIRECTION('ref_axis',(0.,1.,0.));
#14119=DIRECTION('',(0.,-1.,0.));
#14120=DIRECTION('',(0.,1.,0.));
#14121=DIRECTION('center_axis',(0.,1.,0.));
#14122=DIRECTION('ref_axis',(-1.,0.,0.));
#14123=DIRECTION('',(-1.,0.,0.));
#14124=DIRECTION('',(0.,0.,1.));
#14125=DIRECTION('',(-1.,0.,0.));
#14126=DIRECTION('',(0.,0.,1.));
#14127=DIRECTION('center_axis',(1.,0.,0.));
#14128=DIRECTION('ref_axis',(0.,1.,0.));
#14129=DIRECTION('',(0.,1.,0.));
#14130=DIRECTION('',(0.,1.,0.));
#14131=DIRECTION('',(0.,0.,1.));
#14132=DIRECTION('center_axis',(0.,-1.,0.));
#14133=DIRECTION('ref_axis',(1.,0.,0.));
#14134=DIRECTION('',(1.,0.,0.));
#14135=DIRECTION('',(1.,0.,0.));
#14136=DIRECTION('',(0.,0.,1.));
#14137=DIRECTION('center_axis',(-1.,0.,0.));
#14138=DIRECTION('ref_axis',(0.,-1.,0.));
#14139=DIRECTION('',(0.,-1.,0.));
#14140=DIRECTION('',(0.,-1.,0.));
#14141=DIRECTION('center_axis',(0.,0.,1.));
#14142=DIRECTION('ref_axis',(1.,0.,0.));
#14143=DIRECTION('center_axis',(0.,0.,1.));
#14144=DIRECTION('ref_axis',(1.,0.,0.));
#14145=DIRECTION('center_axis',(0.,1.,0.));
#14146=DIRECTION('ref_axis',(-1.,0.,0.));
#14147=DIRECTION('',(-1.,0.,0.));
#14148=DIRECTION('',(0.,0.,1.));
#14149=DIRECTION('',(-1.,0.,0.));
#14150=DIRECTION('',(0.,0.,1.));
#14151=DIRECTION('center_axis',(1.,0.,0.));
#14152=DIRECTION('ref_axis',(0.,1.,0.));
#14153=DIRECTION('',(0.,1.,0.));
#14154=DIRECTION('',(0.,1.,0.));
#14155=DIRECTION('',(0.,0.,1.));
#14156=DIRECTION('center_axis',(0.,-1.,0.));
#14157=DIRECTION('ref_axis',(1.,0.,0.));
#14158=DIRECTION('',(-1.,0.,0.));
#14159=DIRECTION('',(1.,0.,0.));
#14160=DIRECTION('',(0.,0.,1.));
#14161=DIRECTION('center_axis',(-1.,0.,0.));
#14162=DIRECTION('ref_axis',(0.,-1.,0.));
#14163=DIRECTION('',(0.,-1.,0.));
#14164=DIRECTION('',(0.,-1.,0.));
#14165=DIRECTION('center_axis',(0.,0.,1.));
#14166=DIRECTION('ref_axis',(1.,0.,0.));
#14167=DIRECTION('center_axis',(0.,0.,1.));
#14168=DIRECTION('ref_axis',(1.,0.,0.));
#14169=DIRECTION('center_axis',(0.,0.,1.));
#14170=DIRECTION('ref_axis',(1.,0.,0.));
#14171=DIRECTION('',(0.,-1.,0.));
#14172=DIRECTION('',(1.,0.,0.));
#14173=DIRECTION('',(0.,1.,0.));
#14174=DIRECTION('',(1.,0.,0.));
#14175=DIRECTION('center_axis',(0.,0.,1.));
#14176=DIRECTION('ref_axis',(1.,0.,0.));
#14177=DIRECTION('',(0.,-1.,0.));
#14178=DIRECTION('',(1.,0.,0.));
#14179=DIRECTION('',(0.,1.,0.));
#14180=DIRECTION('',(-1.,0.,0.));
#14181=DIRECTION('center_axis',(-1.,0.,0.));
#14182=DIRECTION('ref_axis',(0.,-1.,0.));
#14183=DIRECTION('',(0.,0.,1.));
#14184=DIRECTION('',(0.,0.,1.));
#14185=DIRECTION('center_axis',(0.,-1.,0.));
#14186=DIRECTION('ref_axis',(1.,0.,0.));
#14187=DIRECTION('',(0.,0.,1.));
#14188=DIRECTION('center_axis',(1.,0.,0.));
#14189=DIRECTION('ref_axis',(0.,1.,0.));
#14190=DIRECTION('',(0.,0.,1.));
#14191=DIRECTION('center_axis',(0.,1.,0.));
#14192=DIRECTION('ref_axis',(-1.,0.,0.));
#14193=DIRECTION('axis',(0.,0.,1.));
#14194=DIRECTION('refdir',(1.,0.,0.));
#14195=DIRECTION('center_axis',(0.,0.,1.));
#14196=DIRECTION('ref_axis',(1.,0.,0.));
#14197=DIRECTION('center_axis',(0.,0.,1.));
#14198=DIRECTION('ref_axis',(1.,0.,0.));
#14199=DIRECTION('',(0.,0.,1.));
#14200=DIRECTION('center_axis',(0.,0.,1.));
#14201=DIRECTION('ref_axis',(1.,0.,0.));
#14202=DIRECTION('center_axis',(0.,0.,1.));
#14203=DIRECTION('ref_axis',(1.,0.,0.));
#14204=DIRECTION('center_axis',(0.,0.,-1.));
#14205=DIRECTION('ref_axis',(1.,0.,0.));
#14206=DIRECTION('center_axis',(0.,0.,-1.));
#14207=DIRECTION('ref_axis',(1.,0.,0.));
#14208=DIRECTION('',(0.,0.,-1.));
#14209=DIRECTION('center_axis',(0.,0.,-1.));
#14210=DIRECTION('ref_axis',(1.,0.,0.));
#14211=DIRECTION('center_axis',(0.,0.,1.));
#14212=DIRECTION('ref_axis',(1.,0.,0.));
#14213=DIRECTION('center_axis',(0.,0.,1.));
#14214=DIRECTION('ref_axis',(1.,0.,0.));
#14215=DIRECTION('center_axis',(0.,0.,1.));
#14216=DIRECTION('ref_axis',(1.,0.,0.));
#14217=DIRECTION('',(0.,0.,-1.));
#14218=DIRECTION('center_axis',(0.,0.,1.));
#14219=DIRECTION('ref_axis',(1.,0.,0.));
#14220=DIRECTION('center_axis',(0.,0.,1.));
#14221=DIRECTION('ref_axis',(1.,0.,0.));
#14222=DIRECTION('center_axis',(0.,0.,1.));
#14223=DIRECTION('ref_axis',(1.,0.,0.));
#14224=DIRECTION('axis',(0.,0.,1.));
#14225=DIRECTION('refdir',(1.,0.,0.));
#14226=DIRECTION('center_axis',(0.,0.,1.));
#14227=DIRECTION('ref_axis',(1.,0.,0.));
#14228=DIRECTION('center_axis',(0.,0.,1.));
#14229=DIRECTION('ref_axis',(1.,0.,0.));
#14230=DIRECTION('',(0.,0.,1.));
#14231=DIRECTION('center_axis',(0.,0.,1.));
#14232=DIRECTION('ref_axis',(1.,0.,0.));
#14233=DIRECTION('center_axis',(0.,0.,1.));
#14234=DIRECTION('ref_axis',(1.,0.,0.));
#14235=DIRECTION('center_axis',(0.,0.,-1.));
#14236=DIRECTION('ref_axis',(1.,0.,0.));
#14237=DIRECTION('center_axis',(0.,0.,-1.));
#14238=DIRECTION('ref_axis',(1.,0.,0.));
#14239=DIRECTION('',(0.,0.,-1.));
#14240=DIRECTION('center_axis',(0.,0.,-1.));
#14241=DIRECTION('ref_axis',(1.,0.,0.));
#14242=DIRECTION('center_axis',(0.,0.,1.));
#14243=DIRECTION('ref_axis',(1.,0.,0.));
#14244=DIRECTION('center_axis',(0.,0.,1.));
#14245=DIRECTION('ref_axis',(1.,0.,0.));
#14246=DIRECTION('center_axis',(0.,0.,1.));
#14247=DIRECTION('ref_axis',(1.,0.,0.));
#14248=DIRECTION('',(0.,0.,-1.));
#14249=DIRECTION('center_axis',(0.,0.,1.));
#14250=DIRECTION('ref_axis',(1.,0.,0.));
#14251=DIRECTION('center_axis',(0.,0.,1.));
#14252=DIRECTION('ref_axis',(1.,0.,0.));
#14253=DIRECTION('center_axis',(0.,0.,1.));
#14254=DIRECTION('ref_axis',(1.,0.,0.));
#14255=DIRECTION('axis',(0.,0.,1.));
#14256=DIRECTION('refdir',(1.,0.,0.));
#14257=DIRECTION('center_axis',(0.,0.,1.));
#14258=DIRECTION('ref_axis',(1.,0.,0.));
#14259=DIRECTION('center_axis',(0.,0.,1.));
#14260=DIRECTION('ref_axis',(1.,0.,0.));
#14261=DIRECTION('',(0.,0.,1.));
#14262=DIRECTION('center_axis',(0.,0.,1.));
#14263=DIRECTION('ref_axis',(1.,0.,0.));
#14264=DIRECTION('center_axis',(0.,0.,1.));
#14265=DIRECTION('ref_axis',(1.,0.,0.));
#14266=DIRECTION('center_axis',(0.,0.,-1.));
#14267=DIRECTION('ref_axis',(1.,0.,0.));
#14268=DIRECTION('center_axis',(0.,0.,-1.));
#14269=DIRECTION('ref_axis',(1.,0.,0.));
#14270=DIRECTION('',(0.,0.,-1.));
#14271=DIRECTION('center_axis',(0.,0.,-1.));
#14272=DIRECTION('ref_axis',(1.,0.,0.));
#14273=DIRECTION('center_axis',(0.,0.,1.));
#14274=DIRECTION('ref_axis',(1.,0.,0.));
#14275=DIRECTION('center_axis',(0.,0.,1.));
#14276=DIRECTION('ref_axis',(1.,0.,0.));
#14277=DIRECTION('center_axis',(0.,0.,1.));
#14278=DIRECTION('ref_axis',(1.,0.,0.));
#14279=DIRECTION('',(0.,0.,-1.));
#14280=DIRECTION('center_axis',(0.,0.,1.));
#14281=DIRECTION('ref_axis',(1.,0.,0.));
#14282=DIRECTION('center_axis',(0.,0.,1.));
#14283=DIRECTION('ref_axis',(1.,0.,0.));
#14284=DIRECTION('center_axis',(0.,0.,1.));
#14285=DIRECTION('ref_axis',(1.,0.,0.));
#14286=DIRECTION('axis',(0.,0.,1.));
#14287=DIRECTION('refdir',(1.,0.,0.));
#14288=DIRECTION('center_axis',(0.,0.,1.));
#14289=DIRECTION('ref_axis',(1.,0.,0.));
#14290=DIRECTION('center_axis',(0.,0.,1.));
#14291=DIRECTION('ref_axis',(1.,0.,0.));
#14292=DIRECTION('',(0.,0.,1.));
#14293=DIRECTION('center_axis',(0.,0.,1.));
#14294=DIRECTION('ref_axis',(1.,0.,0.));
#14295=DIRECTION('center_axis',(0.,0.,1.));
#14296=DIRECTION('ref_axis',(1.,0.,0.));
#14297=DIRECTION('center_axis',(0.,0.,-1.));
#14298=DIRECTION('ref_axis',(1.,0.,0.));
#14299=DIRECTION('center_axis',(0.,0.,-1.));
#14300=DIRECTION('ref_axis',(1.,0.,0.));
#14301=DIRECTION('',(0.,0.,-1.));
#14302=DIRECTION('center_axis',(0.,0.,-1.));
#14303=DIRECTION('ref_axis',(1.,0.,0.));
#14304=DIRECTION('center_axis',(0.,0.,1.));
#14305=DIRECTION('ref_axis',(1.,0.,0.));
#14306=DIRECTION('center_axis',(0.,0.,1.));
#14307=DIRECTION('ref_axis',(1.,0.,0.));
#14308=DIRECTION('center_axis',(0.,0.,1.));
#14309=DIRECTION('ref_axis',(1.,0.,0.));
#14310=DIRECTION('',(0.,0.,-1.));
#14311=DIRECTION('center_axis',(0.,0.,1.));
#14312=DIRECTION('ref_axis',(1.,0.,0.));
#14313=DIRECTION('center_axis',(0.,0.,1.));
#14314=DIRECTION('ref_axis',(1.,0.,0.));
#14315=DIRECTION('center_axis',(0.,0.,1.));
#14316=DIRECTION('ref_axis',(1.,0.,0.));
#14317=DIRECTION('axis',(0.,0.,1.));
#14318=DIRECTION('refdir',(1.,0.,0.));
#14319=DIRECTION('center_axis',(0.,0.,1.));
#14320=DIRECTION('ref_axis',(1.,0.,0.));
#14321=DIRECTION('center_axis',(0.,0.,1.));
#14322=DIRECTION('ref_axis',(1.,0.,0.));
#14323=DIRECTION('',(0.,0.,1.));
#14324=DIRECTION('center_axis',(0.,0.,1.));
#14325=DIRECTION('ref_axis',(1.,0.,0.));
#14326=DIRECTION('center_axis',(0.,0.,1.));
#14327=DIRECTION('ref_axis',(1.,0.,0.));
#14328=DIRECTION('center_axis',(0.,0.,-1.));
#14329=DIRECTION('ref_axis',(1.,0.,0.));
#14330=DIRECTION('center_axis',(0.,0.,-1.));
#14331=DIRECTION('ref_axis',(1.,0.,0.));
#14332=DIRECTION('',(0.,0.,-1.));
#14333=DIRECTION('center_axis',(0.,0.,-1.));
#14334=DIRECTION('ref_axis',(1.,0.,0.));
#14335=DIRECTION('center_axis',(0.,0.,1.));
#14336=DIRECTION('ref_axis',(1.,0.,0.));
#14337=DIRECTION('center_axis',(0.,0.,1.));
#14338=DIRECTION('ref_axis',(1.,0.,0.));
#14339=DIRECTION('center_axis',(0.,0.,1.));
#14340=DIRECTION('ref_axis',(1.,0.,0.));
#14341=DIRECTION('',(0.,0.,-1.));
#14342=DIRECTION('center_axis',(0.,0.,1.));
#14343=DIRECTION('ref_axis',(1.,0.,0.));
#14344=DIRECTION('center_axis',(0.,0.,1.));
#14345=DIRECTION('ref_axis',(1.,0.,0.));
#14346=DIRECTION('center_axis',(0.,0.,1.));
#14347=DIRECTION('ref_axis',(1.,0.,0.));
#14348=DIRECTION('axis',(0.,0.,1.));
#14349=DIRECTION('refdir',(1.,0.,0.));
#14350=DIRECTION('center_axis',(0.,0.,1.));
#14351=DIRECTION('ref_axis',(1.,0.,0.));
#14352=DIRECTION('center_axis',(0.,0.,1.));
#14353=DIRECTION('ref_axis',(1.,0.,0.));
#14354=DIRECTION('',(0.,0.,1.));
#14355=DIRECTION('center_axis',(0.,0.,1.));
#14356=DIRECTION('ref_axis',(1.,0.,0.));
#14357=DIRECTION('center_axis',(0.,0.,1.));
#14358=DIRECTION('ref_axis',(1.,0.,0.));
#14359=DIRECTION('center_axis',(0.,0.,-1.));
#14360=DIRECTION('ref_axis',(1.,0.,0.));
#14361=DIRECTION('center_axis',(0.,0.,-1.));
#14362=DIRECTION('ref_axis',(1.,0.,0.));
#14363=DIRECTION('',(0.,0.,-1.));
#14364=DIRECTION('center_axis',(0.,0.,-1.));
#14365=DIRECTION('ref_axis',(1.,0.,0.));
#14366=DIRECTION('center_axis',(0.,0.,1.));
#14367=DIRECTION('ref_axis',(1.,0.,0.));
#14368=DIRECTION('center_axis',(0.,0.,1.));
#14369=DIRECTION('ref_axis',(1.,0.,0.));
#14370=DIRECTION('center_axis',(0.,0.,1.));
#14371=DIRECTION('ref_axis',(1.,0.,0.));
#14372=DIRECTION('',(0.,0.,-1.));
#14373=DIRECTION('center_axis',(0.,0.,1.));
#14374=DIRECTION('ref_axis',(1.,0.,0.));
#14375=DIRECTION('center_axis',(0.,0.,1.));
#14376=DIRECTION('ref_axis',(1.,0.,0.));
#14377=DIRECTION('center_axis',(0.,0.,1.));
#14378=DIRECTION('ref_axis',(1.,0.,0.));
#14379=DIRECTION('axis',(0.,0.,1.));
#14380=DIRECTION('refdir',(1.,0.,0.));
#14381=DIRECTION('center_axis',(0.,0.,1.));
#14382=DIRECTION('ref_axis',(1.,0.,0.));
#14383=DIRECTION('center_axis',(0.,0.,1.));
#14384=DIRECTION('ref_axis',(1.,0.,0.));
#14385=DIRECTION('',(0.,0.,1.));
#14386=DIRECTION('center_axis',(0.,0.,-1.));
#14387=DIRECTION('ref_axis',(1.,0.,0.));
#14388=DIRECTION('center_axis',(0.,0.,1.));
#14389=DIRECTION('ref_axis',(1.,0.,0.));
#14390=DIRECTION('center_axis',(0.,0.,1.));
#14391=DIRECTION('ref_axis',(1.,0.,0.));
#14392=DIRECTION('',(0.,0.,1.));
#14393=DIRECTION('center_axis',(0.,0.,-1.));
#14394=DIRECTION('ref_axis',(1.,0.,0.));
#14395=DIRECTION('center_axis',(0.,1.,0.));
#14396=DIRECTION('ref_axis',(-1.,0.,0.));
#14397=DIRECTION('',(0.,0.,-1.));
#14398=DIRECTION('',(-1.,0.,0.));
#14399=DIRECTION('',(0.,0.,1.));
#14400=DIRECTION('',(-1.,0.,0.));
#14401=DIRECTION('center_axis',(0.,-1.,0.));
#14402=DIRECTION('ref_axis',(1.,0.,0.));
#14403=DIRECTION('',(0.,0.,1.));
#14404=DIRECTION('',(1.,0.,0.));
#14405=DIRECTION('',(0.,0.,-1.));
#14406=DIRECTION('',(1.,0.,0.));
#14407=DIRECTION('center_axis',(0.,0.,1.));
#14408=DIRECTION('ref_axis',(1.,0.,0.));
#14409=DIRECTION('',(0.,1.,0.));
#14410=DIRECTION('',(0.,-1.,0.));
#14411=DIRECTION('center_axis',(-1.,0.,0.));
#14412=DIRECTION('ref_axis',(0.,-1.,0.));
#14413=DIRECTION('',(0.,-1.,0.));
#14414=DIRECTION('',(0.,0.,1.));
#14415=DIRECTION('',(0.,-1.,0.));
#14416=DIRECTION('',(0.,0.,1.));
#14417=DIRECTION('',(0.,-1.,0.));
#14418=DIRECTION('center_axis',(0.,0.,1.));
#14419=DIRECTION('ref_axis',(1.,0.,0.));
#14420=DIRECTION('',(0.,1.,0.));
#14421=DIRECTION('',(1.,0.,0.));
#14422=DIRECTION('center_axis',(0.,0.,1.));
#14423=DIRECTION('ref_axis',(1.,0.,0.));
#14424=DIRECTION('',(-1.,-1.55275947500022E-16,0.));
#14425=DIRECTION('',(0.,1.,0.));
#14426=DIRECTION('center_axis',(0.,-1.,0.));
#14427=DIRECTION('ref_axis',(1.,0.,0.));
#14428=DIRECTION('',(-1.,0.,0.));
#14429=DIRECTION('',(0.,0.,1.));
#14430=DIRECTION('',(1.,0.,0.));
#14431=DIRECTION('',(0.,0.,1.));
#14432=DIRECTION('center_axis',(-1.,0.,0.));
#14433=DIRECTION('ref_axis',(0.,-1.,0.));
#14434=DIRECTION('',(0.,1.,0.));
#14435=DIRECTION('',(0.,-1.,0.));
#14436=DIRECTION('',(0.,0.,1.));
#14437=DIRECTION('center_axis',(0.,1.,0.));
#14438=DIRECTION('ref_axis',(-1.,0.,0.));
#14439=DIRECTION('',(1.,0.,0.));
#14440=DIRECTION('',(-1.,0.,0.));
#14441=DIRECTION('',(0.,0.,1.));
#14442=DIRECTION('center_axis',(1.,0.,0.));
#14443=DIRECTION('ref_axis',(0.,1.,0.));
#14444=DIRECTION('',(0.,-1.,0.));
#14445=DIRECTION('',(0.,1.,0.));
#14446=DIRECTION('center_axis',(0.,0.,1.));
#14447=DIRECTION('ref_axis',(1.,0.,0.));
#14448=DIRECTION('center_axis',(-1.55275947500022E-16,1.,0.));
#14449=DIRECTION('ref_axis',(-1.,-1.55275947500022E-16,0.));
#14450=DIRECTION('',(-1.,-1.55275947500022E-16,0.));
#14451=DIRECTION('',(0.,0.,1.));
#14452=DIRECTION('center_axis',(1.,0.,0.));
#14453=DIRECTION('ref_axis',(0.,1.,0.));
#14454=DIRECTION('',(0.,1.,0.));
#14455=DIRECTION('',(0.,0.,1.));
#14456=DIRECTION('center_axis',(0.,-1.,0.));
#14457=DIRECTION('ref_axis',(1.,0.,0.));
#14458=DIRECTION('',(1.,0.,0.));
#14459=DIRECTION('center_axis',(0.,0.,1.));
#14460=DIRECTION('ref_axis',(1.,0.,0.));
#14461=DIRECTION('axis',(0.,0.,1.));
#14462=DIRECTION('refdir',(1.,0.,0.));
#14463=DIRECTION('center_axis',(0.,0.,1.));
#14464=DIRECTION('ref_axis',(1.,0.,0.));
#14465=DIRECTION('center_axis',(0.,0.,1.));
#14466=DIRECTION('ref_axis',(1.,0.,0.));
#14467=DIRECTION('',(0.,0.,1.));
#14468=DIRECTION('center_axis',(0.,0.,-1.));
#14469=DIRECTION('ref_axis',(1.,0.,0.));
#14470=DIRECTION('center_axis',(0.,0.,1.));
#14471=DIRECTION('ref_axis',(1.,0.,0.));
#14472=DIRECTION('center_axis',(0.,0.,1.));
#14473=DIRECTION('ref_axis',(1.,0.,0.));
#14474=DIRECTION('',(0.,0.,1.));
#14475=DIRECTION('center_axis',(0.,0.,-1.));
#14476=DIRECTION('ref_axis',(1.,0.,0.));
#14477=DIRECTION('center_axis',(0.,1.,0.));
#14478=DIRECTION('ref_axis',(-1.,0.,0.));
#14479=DIRECTION('',(0.,0.,-1.));
#14480=DIRECTION('',(-1.,0.,0.));
#14481=DIRECTION('',(0.,0.,1.));
#14482=DIRECTION('',(-1.,0.,0.));
#14483=DIRECTION('center_axis',(0.,-1.,0.));
#14484=DIRECTION('ref_axis',(1.,0.,0.));
#14485=DIRECTION('',(0.,0.,1.));
#14486=DIRECTION('',(1.,0.,0.));
#14487=DIRECTION('',(0.,0.,-1.));
#14488=DIRECTION('',(1.,0.,0.));
#14489=DIRECTION('center_axis',(0.,0.,1.));
#14490=DIRECTION('ref_axis',(1.,0.,0.));
#14491=DIRECTION('',(0.,1.,0.));
#14492=DIRECTION('',(0.,-1.,0.));
#14493=DIRECTION('center_axis',(-1.,0.,0.));
#14494=DIRECTION('ref_axis',(0.,-1.,0.));
#14495=DIRECTION('',(0.,-1.,0.));
#14496=DIRECTION('',(0.,0.,1.));
#14497=DIRECTION('',(0.,-1.,0.));
#14498=DIRECTION('',(0.,0.,1.));
#14499=DIRECTION('',(0.,-1.,0.));
#14500=DIRECTION('center_axis',(0.,0.,1.));
#14501=DIRECTION('ref_axis',(1.,0.,0.));
#14502=DIRECTION('',(0.,1.,0.));
#14503=DIRECTION('',(1.,0.,0.));
#14504=DIRECTION('center_axis',(0.,0.,1.));
#14505=DIRECTION('ref_axis',(1.,0.,0.));
#14506=DIRECTION('',(-1.,0.,0.));
#14507=DIRECTION('',(0.,1.,0.));
#14508=DIRECTION('center_axis',(0.,-1.,0.));
#14509=DIRECTION('ref_axis',(1.,0.,0.));
#14510=DIRECTION('',(-1.,0.,0.));
#14511=DIRECTION('',(0.,0.,1.));
#14512=DIRECTION('',(1.,0.,0.));
#14513=DIRECTION('',(0.,0.,1.));
#14514=DIRECTION('center_axis',(-1.,0.,0.));
#14515=DIRECTION('ref_axis',(0.,-1.,0.));
#14516=DIRECTION('',(0.,1.,0.));
#14517=DIRECTION('',(0.,-1.,0.));
#14518=DIRECTION('',(0.,0.,1.));
#14519=DIRECTION('center_axis',(0.,1.,0.));
#14520=DIRECTION('ref_axis',(-1.,0.,0.));
#14521=DIRECTION('',(1.,0.,0.));
#14522=DIRECTION('',(-1.,0.,0.));
#14523=DIRECTION('',(0.,0.,1.));
#14524=DIRECTION('center_axis',(1.,0.,0.));
#14525=DIRECTION('ref_axis',(0.,1.,0.));
#14526=DIRECTION('',(0.,-1.,0.));
#14527=DIRECTION('',(0.,1.,0.));
#14528=DIRECTION('center_axis',(0.,0.,1.));
#14529=DIRECTION('ref_axis',(1.,0.,0.));
#14530=DIRECTION('center_axis',(0.,1.,0.));
#14531=DIRECTION('ref_axis',(-1.,0.,0.));
#14532=DIRECTION('',(-1.,0.,0.));
#14533=DIRECTION('',(0.,0.,1.));
#14534=DIRECTION('center_axis',(1.,0.,0.));
#14535=DIRECTION('ref_axis',(0.,1.,0.));
#14536=DIRECTION('',(0.,1.,0.));
#14537=DIRECTION('',(0.,0.,1.));
#14538=DIRECTION('center_axis',(0.,-1.,0.));
#14539=DIRECTION('ref_axis',(1.,0.,0.));
#14540=DIRECTION('',(1.,0.,0.));
#14541=DIRECTION('center_axis',(0.,0.,1.));
#14542=DIRECTION('ref_axis',(1.,0.,0.));
#14543=DIRECTION('axis',(0.,0.,1.));
#14544=DIRECTION('refdir',(1.,0.,0.));
#14545=DIRECTION('center_axis',(0.,0.,1.));
#14546=DIRECTION('ref_axis',(1.,0.,0.));
#14547=DIRECTION('center_axis',(0.,0.,1.));
#14548=DIRECTION('ref_axis',(1.,0.,0.));
#14549=DIRECTION('',(0.,0.,1.));
#14550=DIRECTION('center_axis',(0.,0.,-1.));
#14551=DIRECTION('ref_axis',(1.,0.,0.));
#14552=DIRECTION('center_axis',(0.,0.,1.));
#14553=DIRECTION('ref_axis',(1.,0.,0.));
#14554=DIRECTION('center_axis',(0.,0.,1.));
#14555=DIRECTION('ref_axis',(1.,0.,0.));
#14556=DIRECTION('',(0.,0.,1.));
#14557=DIRECTION('center_axis',(0.,0.,-1.));
#14558=DIRECTION('ref_axis',(1.,0.,0.));
#14559=DIRECTION('center_axis',(0.,0.,1.));
#14560=DIRECTION('ref_axis',(1.,0.,0.));
#14561=DIRECTION('center_axis',(0.,0.,1.));
#14562=DIRECTION('ref_axis',(1.,0.,0.));
#14563=DIRECTION('',(0.,0.,1.));
#14564=DIRECTION('center_axis',(0.,0.,-1.));
#14565=DIRECTION('ref_axis',(1.,0.,0.));
#14566=DIRECTION('center_axis',(0.,0.,1.));
#14567=DIRECTION('ref_axis',(1.,0.,0.));
#14568=DIRECTION('center_axis',(0.,0.,1.));
#14569=DIRECTION('ref_axis',(1.,0.,0.));
#14570=DIRECTION('',(0.,0.,1.));
#14571=DIRECTION('center_axis',(0.,0.,-1.));
#14572=DIRECTION('ref_axis',(1.,0.,0.));
#14573=DIRECTION('center_axis',(0.,1.,0.));
#14574=DIRECTION('ref_axis',(-1.,0.,0.));
#14575=DIRECTION('',(-1.,0.,0.));
#14576=DIRECTION('',(0.,0.,1.));
#14577=DIRECTION('',(-1.,0.,0.));
#14578=DIRECTION('',(0.,0.,1.));
#14579=DIRECTION('center_axis',(1.,0.,0.));
#14580=DIRECTION('ref_axis',(0.,1.,0.));
#14581=DIRECTION('',(0.,1.,0.));
#14582=DIRECTION('',(0.,1.,0.));
#14583=DIRECTION('',(0.,0.,1.));
#14584=DIRECTION('center_axis',(0.,-1.,0.));
#14585=DIRECTION('ref_axis',(1.,0.,0.));
#14586=DIRECTION('',(1.,0.,0.));
#14587=DIRECTION('',(1.,0.,0.));
#14588=DIRECTION('',(0.,0.,1.));
#14589=DIRECTION('center_axis',(-1.,0.,0.));
#14590=DIRECTION('ref_axis',(0.,-1.,0.));
#14591=DIRECTION('',(0.,-1.,0.));
#14592=DIRECTION('',(0.,-1.,0.));
#14593=DIRECTION('center_axis',(0.,0.,1.));
#14594=DIRECTION('ref_axis',(1.,0.,0.));
#14595=DIRECTION('center_axis',(0.,0.,1.));
#14596=DIRECTION('ref_axis',(1.,0.,0.));
#14597=DIRECTION('',(0.,0.,1.));
#14598=DIRECTION('',(1.,0.,0.));
#14599=DIRECTION('',(0.,0.,1.));
#14600=DIRECTION('',(1.,0.,0.));
#14601=DIRECTION('',(0.,0.,1.));
#14602=DIRECTION('',(1.,0.,0.));
#14603=DIRECTION('',(0.,0.,1.));
#14604=DIRECTION('',(1.,0.,0.));
#14605=DIRECTION('',(0.,0.,1.));
#14606=DIRECTION('',(1.,0.,0.));
#14607=DIRECTION('',(0.,0.,1.));
#14608=DIRECTION('',(1.,0.,0.));
#14609=DIRECTION('',(0.,0.,1.));
#14610=DIRECTION('',(1.,0.,0.));
#14611=DIRECTION('',(0.,0.,1.));
#14612=DIRECTION('',(1.,0.,0.));
#14613=DIRECTION('',(0.,0.,1.));
#14614=DIRECTION('',(1.,0.,0.));
#14615=DIRECTION('',(0.,0.,1.));
#14616=DIRECTION('',(1.,0.,0.));
#14617=DIRECTION('',(0.,0.,1.));
#14618=DIRECTION('',(1.,0.,0.));
#14619=DIRECTION('',(0.,0.,1.));
#14620=DIRECTION('',(1.,0.,0.));
#14621=DIRECTION('',(0.,0.,1.));
#14622=DIRECTION('',(1.,0.,0.));
#14623=DIRECTION('axis',(0.,0.,1.));
#14624=DIRECTION('refdir',(1.,0.,0.));
#14625=DIRECTION('axis',(0.,0.,1.));
#14626=DIRECTION('refdir',(1.,0.,0.));
#14627=DIRECTION('center_axis',(0.,0.473443113395912,0.880824397015651));
#14628=DIRECTION('ref_axis',(0.,-0.880824397015651,0.473443113395913));
#14629=DIRECTION('',(0.,-0.880824397015651,0.473443113395913));
#14630=DIRECTION('',(1.,0.,0.));
#14631=DIRECTION('',(0.,-0.880824397015651,0.473443113395913));
#14632=DIRECTION('',(1.,0.,0.));
#14633=DIRECTION('center_axis',(0.,1.,0.));
#14634=DIRECTION('ref_axis',(0.,0.,1.));
#14635=DIRECTION('',(0.,0.,1.));
#14636=DIRECTION('',(0.,0.,1.));
#14637=DIRECTION('',(1.,0.,0.));
#14638=DIRECTION('center_axis',(0.,-0.450611202035347,-0.892720305919083));
#14639=DIRECTION('ref_axis',(0.,0.892720305919082,-0.450611202035347));
#14640=DIRECTION('',(0.,0.892720305919082,-0.450611202035347));
#14641=DIRECTION('',(0.,0.892720305919082,-0.450611202035347));
#14642=DIRECTION('',(1.,0.,0.));
#14643=DIRECTION('center_axis',(0.,-0.832050294337843,0.55470019622523));
#14644=DIRECTION('ref_axis',(0.,-0.55470019622523,-0.832050294337843));
#14645=DIRECTION('',(0.,-0.55470019622523,-0.832050294337843));
#14646=DIRECTION('',(0.,-0.55470019622523,-0.832050294337843));
#14647=DIRECTION('center_axis',(1.,0.,0.));
#14648=DIRECTION('ref_axis',(0.,0.,-1.));
#14649=DIRECTION('center_axis',(1.,0.,0.));
#14650=DIRECTION('ref_axis',(0.,0.,-1.));
#14651=DIRECTION('axis',(0.,0.,1.));
#14652=DIRECTION('refdir',(1.,0.,0.));
#14653=DIRECTION('center_axis',(1.,0.,0.));
#14654=DIRECTION('ref_axis',(0.,0.,-1.));
#14655=DIRECTION('center_axis',(1.,0.,0.));
#14656=DIRECTION('ref_axis',(0.,0.,-1.));
#14657=DIRECTION('',(1.,0.,0.));
#14658=DIRECTION('center_axis',(-1.,0.,0.));
#14659=DIRECTION('ref_axis',(0.,0.,-1.));
#14660=DIRECTION('center_axis',(1.,0.,0.));
#14661=DIRECTION('ref_axis',(0.,1.,0.));
#14662=DIRECTION('',(0.,-1.,0.));
#14663=DIRECTION('',(0.,0.,1.));
#14664=DIRECTION('',(0.,1.,0.));
#14665=DIRECTION('',(0.,0.,1.));
#14666=DIRECTION('',(0.,1.,0.));
#14667=DIRECTION('',(0.,0.,-1.));
#14668=DIRECTION('center_axis',(0.,1.,0.));
#14669=DIRECTION('ref_axis',(-1.,0.,0.));
#14670=DIRECTION('',(1.,0.,0.));
#14671=DIRECTION('',(0.,0.,1.));
#14672=DIRECTION('',(-1.,0.,0.));
#14673=DIRECTION('center_axis',(-1.,0.,0.));
#14674=DIRECTION('ref_axis',(0.,-1.,0.));
#14675=DIRECTION('',(0.,1.,0.));
#14676=DIRECTION('',(0.,0.,1.));
#14677=DIRECTION('',(0.,-1.,0.));
#14678=DIRECTION('',(0.,0.,1.));
#14679=DIRECTION('',(0.,-1.,0.));
#14680=DIRECTION('center_axis',(0.,0.,1.));
#14681=DIRECTION('ref_axis',(1.,0.,0.));
#14682=DIRECTION('',(-1.,0.,0.));
#14683=DIRECTION('',(1.,0.,0.));
#14684=DIRECTION('center_axis',(0.,-1.,0.));
#14685=DIRECTION('ref_axis',(1.,0.,0.));
#14686=DIRECTION('',(1.,0.,0.));
#14687=DIRECTION('center_axis',(0.,0.,1.));
#14688=DIRECTION('ref_axis',(1.,0.,0.));
#14689=DIRECTION('center_axis',(0.,-1.,0.));
#14690=DIRECTION('ref_axis',(1.,0.,0.));
#14691=DIRECTION('',(1.,0.,0.));
#14692=DIRECTION('',(0.,0.,1.));
#14693=DIRECTION('',(1.,0.,0.));
#14694=DIRECTION('',(0.,0.,1.));
#14695=DIRECTION('',(1.,0.,0.));
#14696=DIRECTION('center_axis',(1.,0.,0.));
#14697=DIRECTION('ref_axis',(0.,0.,-1.));
#14698=DIRECTION('center_axis',(1.,0.,0.));
#14699=DIRECTION('ref_axis',(0.,0.,-1.));
#14700=DIRECTION('',(1.,0.,0.));
#14701=DIRECTION('center_axis',(-1.,0.,0.));
#14702=DIRECTION('ref_axis',(0.,0.,-1.));
#14703=DIRECTION('center_axis',(0.,1.,0.));
#14704=DIRECTION('ref_axis',(-1.,0.,0.));
#14705=DIRECTION('',(-1.,0.,0.));
#14706=DIRECTION('',(0.,0.,1.));
#14707=DIRECTION('',(-1.,0.,0.));
#14708=DIRECTION('',(0.,0.,1.));
#14709=DIRECTION('center_axis',(1.,0.,0.));
#14710=DIRECTION('ref_axis',(0.,1.,0.));
#14711=DIRECTION('',(0.,1.,0.));
#14712=DIRECTION('',(0.,1.,0.));
#14713=DIRECTION('center_axis',(-1.,0.,0.));
#14714=DIRECTION('ref_axis',(0.,-1.,0.));
#14715=DIRECTION('',(0.,-1.,0.));
#14716=DIRECTION('',(0.,-1.,0.));
#14717=DIRECTION('center_axis',(0.,0.,1.));
#14718=DIRECTION('ref_axis',(1.,0.,0.));
#14719=DIRECTION('center_axis',(0.,0.,1.));
#14720=DIRECTION('ref_axis',(1.,0.,0.));
#14721=DIRECTION('axis',(0.,0.,1.));
#14722=DIRECTION('refdir',(1.,0.,0.));
#14723=DIRECTION('center_axis',(0.,0.,1.));
#14724=DIRECTION('ref_axis',(1.,0.,0.));
#14725=DIRECTION('',(-1.,0.,0.));
#14726=DIRECTION('',(0.,-1.,0.));
#14727=DIRECTION('',(1.,0.,0.));
#14728=DIRECTION('',(0.,-1.,0.));
#14729=DIRECTION('center_axis',(1.,0.,0.));
#14730=DIRECTION('ref_axis',(0.,1.,0.));
#14731=DIRECTION('',(0.,0.,1.));
#14732=DIRECTION('',(0.,1.,0.));
#14733=DIRECTION('',(0.,0.,1.));
#14734=DIRECTION('center_axis',(-1.,0.,0.));
#14735=DIRECTION('ref_axis',(0.,0.,-1.));
#14736=DIRECTION('center_axis',(0.,1.,0.));
#14737=DIRECTION('ref_axis',(-1.,0.,0.));
#14738=DIRECTION('',(0.,0.,1.));
#14739=DIRECTION('',(-1.,0.,0.));
#14740=DIRECTION('',(0.,0.,1.));
#14741=DIRECTION('',(-1.,0.,0.));
#14742=DIRECTION('center_axis',(0.,0.,1.));
#14743=DIRECTION('ref_axis',(1.,0.,0.));
#14744=DIRECTION('center_axis',(0.,0.,1.));
#14745=DIRECTION('ref_axis',(1.,0.,0.));
#14746=DIRECTION('',(0.,0.,1.));
#14747=DIRECTION('center_axis',(0.,0.,1.));
#14748=DIRECTION('ref_axis',(1.,0.,0.));
#14749=DIRECTION('center_axis',(0.,0.,1.));
#14750=DIRECTION('ref_axis',(1.,0.,0.));
#14751=DIRECTION('center_axis',(0.,0.,1.));
#14752=DIRECTION('ref_axis',(1.,0.,0.));
#14753=DIRECTION('center_axis',(0.,0.,1.));
#14754=DIRECTION('ref_axis',(1.,0.,0.));
#14755=DIRECTION('',(0.,0.,1.));
#14756=DIRECTION('center_axis',(0.,0.,1.));
#14757=DIRECTION('ref_axis',(1.,0.,0.));
#14758=DIRECTION('center_axis',(0.,0.,1.));
#14759=DIRECTION('ref_axis',(1.,0.,0.));
#14760=DIRECTION('center_axis',(1.,0.,0.));
#14761=DIRECTION('ref_axis',(0.,1.,0.));
#14762=DIRECTION('',(0.,0.,1.));
#14763=DIRECTION('',(0.,1.,0.));
#14764=DIRECTION('center_axis',(0.,0.,1.));
#14765=DIRECTION('ref_axis',(1.,0.,0.));
#14766=DIRECTION('',(0.,-1.,0.));
#14767=DIRECTION('',(1.,0.,0.));
#14768=DIRECTION('center_axis',(-1.,0.,0.));
#14769=DIRECTION('ref_axis',(0.,-1.,0.));
#14770=DIRECTION('',(0.,0.,1.));
#14771=DIRECTION('',(0.,-1.,0.));
#14772=DIRECTION('center_axis',(1.,0.,0.));
#14773=DIRECTION('ref_axis',(0.,0.,-1.));
#14774=DIRECTION('center_axis',(1.,0.,0.));
#14775=DIRECTION('ref_axis',(0.,0.,-1.));
#14776=DIRECTION('',(1.,0.,0.));
#14777=DIRECTION('center_axis',(0.,-1.,0.));
#14778=DIRECTION('ref_axis',(1.,0.,0.));
#14779=DIRECTION('',(1.,0.,0.));
#14780=DIRECTION('center_axis',(0.,0.,1.));
#14781=DIRECTION('ref_axis',(1.,0.,0.));
#14782=DIRECTION('axis',(0.,0.,1.));
#14783=DIRECTION('refdir',(1.,0.,0.));
#14784=DIRECTION('center_axis',(0.,0.,1.));
#14785=DIRECTION('ref_axis',(1.,0.,0.));
#14786=DIRECTION('',(1.,0.,0.));
#14787=DIRECTION('',(0.,1.,0.));
#14788=DIRECTION('',(-1.,0.,0.));
#14789=DIRECTION('',(0.,1.,0.));
#14790=DIRECTION('center_axis',(-1.,0.,0.));
#14791=DIRECTION('ref_axis',(0.,-1.,0.));
#14792=DIRECTION('',(0.,0.,1.));
#14793=DIRECTION('',(0.,-1.,0.));
#14794=DIRECTION('',(0.,0.,1.));
#14795=DIRECTION('center_axis',(1.,0.,0.));
#14796=DIRECTION('ref_axis',(0.,0.,-1.));
#14797=DIRECTION('center_axis',(0.,-1.,0.));
#14798=DIRECTION('ref_axis',(1.,0.,0.));
#14799=DIRECTION('',(0.,0.,1.));
#14800=DIRECTION('',(1.,0.,0.));
#14801=DIRECTION('',(0.,0.,1.));
#14802=DIRECTION('',(1.,0.,0.));
#14803=DIRECTION('center_axis',(0.,0.,1.));
#14804=DIRECTION('ref_axis',(1.,0.,0.));
#14805=DIRECTION('center_axis',(0.,0.,1.));
#14806=DIRECTION('ref_axis',(1.,0.,0.));
#14807=DIRECTION('',(0.,0.,1.));
#14808=DIRECTION('center_axis',(0.,0.,1.));
#14809=DIRECTION('ref_axis',(1.,0.,0.));
#14810=DIRECTION('center_axis',(0.,0.,1.));
#14811=DIRECTION('ref_axis',(1.,0.,0.));
#14812=DIRECTION('center_axis',(0.,0.,1.));
#14813=DIRECTION('ref_axis',(1.,0.,0.));
#14814=DIRECTION('center_axis',(0.,0.,1.));
#14815=DIRECTION('ref_axis',(1.,0.,0.));
#14816=DIRECTION('',(0.,0.,1.));
#14817=DIRECTION('center_axis',(0.,0.,1.));
#14818=DIRECTION('ref_axis',(1.,0.,0.));
#14819=DIRECTION('center_axis',(0.,0.,1.));
#14820=DIRECTION('ref_axis',(1.,0.,0.));
#14821=DIRECTION('center_axis',(-1.,0.,0.));
#14822=DIRECTION('ref_axis',(0.,-1.,0.));
#14823=DIRECTION('',(0.,0.,1.));
#14824=DIRECTION('',(0.,-1.,0.));
#14825=DIRECTION('center_axis',(0.,0.,1.));
#14826=DIRECTION('ref_axis',(1.,0.,0.));
#14827=DIRECTION('',(-1.,0.,0.));
#14828=DIRECTION('',(0.,1.,0.));
#14829=DIRECTION('center_axis',(0.,1.,0.));
#14830=DIRECTION('ref_axis',(-1.,0.,0.));
#14831=DIRECTION('',(-1.,0.,0.));
#14832=DIRECTION('',(0.,0.,1.));
#14833=DIRECTION('center_axis',(1.,0.,0.));
#14834=DIRECTION('ref_axis',(0.,0.,-1.));
#14835=DIRECTION('',(1.,0.,0.));
#14836=DIRECTION('center_axis',(-1.,0.,0.));
#14837=DIRECTION('ref_axis',(0.,0.,-1.));
#14838=DIRECTION('center_axis',(1.,0.,0.));
#14839=DIRECTION('ref_axis',(0.,1.,0.));
#14840=DIRECTION('',(0.,1.,0.));
#14841=DIRECTION('center_axis',(0.,0.,1.));
#14842=DIRECTION('ref_axis',(1.,0.,0.));
#14843=DIRECTION('center_axis',(-1.,0.,0.));
#14844=DIRECTION('ref_axis',(0.,0.,1.));
#14845=DIRECTION('',(0.,0.,1.));
#14846=DIRECTION('',(0.,1.,0.));
#14847=DIRECTION('',(0.,0.,-1.));
#14848=DIRECTION('',(0.,-0.98137436914086,-0.192105043123234));
#14849=DIRECTION('',(0.,-0.707106781186548,-0.707106781186547));
#14850=DIRECTION('',(0.,-1.,0.));
#14851=DIRECTION('center_axis',(0.,0.,1.));
#14852=DIRECTION('ref_axis',(0.,-1.,0.));
#14853=DIRECTION('',(-1.,0.,0.));
#14854=DIRECTION('',(0.,-1.,0.));
#14855=DIRECTION('',(1.,0.,0.));
#14856=DIRECTION('center_axis',(0.,1.,0.));
#14857=DIRECTION('ref_axis',(0.,0.,1.));
#14858=DIRECTION('',(0.,0.,1.));
#14859=DIRECTION('',(1.,0.,0.));
#14860=DIRECTION('center_axis',(0.,0.192105043123234,-0.98137436914086));
#14861=DIRECTION('ref_axis',(0.,0.98137436914086,0.192105043123234));
#14862=DIRECTION('',(0.,0.98137436914086,0.192105043123234));
#14863=DIRECTION('',(1.,0.,0.));
#14864=DIRECTION('center_axis',(0.,0.707106781186547,-0.707106781186548));
#14865=DIRECTION('ref_axis',(0.,0.707106781186548,0.707106781186547));
#14866=DIRECTION('',(0.,0.707106781186548,0.707106781186547));
#14867=DIRECTION('',(1.,0.,0.));
#14868=DIRECTION('center_axis',(0.,0.,-1.));
#14869=DIRECTION('ref_axis',(0.,1.,0.));
#14870=DIRECTION('',(0.,1.,0.));
#14871=DIRECTION('',(1.,0.,0.));
#14872=DIRECTION('center_axis',(0.,-1.,0.));
#14873=DIRECTION('ref_axis',(0.,0.,-1.));
#14874=DIRECTION('',(0.,0.,-1.));
#14875=DIRECTION('center_axis',(1.,0.,0.));
#14876=DIRECTION('ref_axis',(0.,0.,-1.));
#14877=DIRECTION('axis',(0.,0.,1.));
#14878=DIRECTION('refdir',(1.,0.,0.));
#14879=DIRECTION('center_axis',(1.,0.,0.));
#14880=DIRECTION('ref_axis',(0.,0.,-1.));
#14881=DIRECTION('center_axis',(-1.,0.,0.));
#14882=DIRECTION('ref_axis',(0.,0.,-1.));
#14883=DIRECTION('',(1.,0.,0.));
#14884=DIRECTION('center_axis',(-1.,0.,0.));
#14885=DIRECTION('ref_axis',(0.,0.,-1.));
#14886=DIRECTION('center_axis',(1.,0.,0.));
#14887=DIRECTION('ref_axis',(0.,0.,-1.));
#14888=DIRECTION('center_axis',(1.,0.,0.));
#14889=DIRECTION('ref_axis',(0.,0.,-1.));
#14890=DIRECTION('center_axis',(1.,0.,0.));
#14891=DIRECTION('ref_axis',(0.,0.,-1.));
#14892=DIRECTION('center_axis',(-1.,0.,0.));
#14893=DIRECTION('ref_axis',(0.,0.,-1.));
#14894=DIRECTION('center_axis',(1.,0.,0.));
#14895=DIRECTION('ref_axis',(0.,0.,-1.));
#14896=DIRECTION('',(-1.,0.,0.));
#14897=DIRECTION('center_axis',(1.,0.,0.));
#14898=DIRECTION('ref_axis',(0.,0.,-1.));
#14899=DIRECTION('center_axis',(1.,0.,0.));
#14900=DIRECTION('ref_axis',(0.,0.,-1.));
#14901=DIRECTION('center_axis',(-1.,0.,0.));
#14902=DIRECTION('ref_axis',(0.,0.,-1.));
#14903=DIRECTION('',(1.,0.,0.));
#14904=DIRECTION('center_axis',(-1.,0.,0.));
#14905=DIRECTION('ref_axis',(0.,0.,-1.));
#14906=DIRECTION('center_axis',(1.,0.,0.));
#14907=DIRECTION('ref_axis',(0.,0.,-1.));
#14908=DIRECTION('center_axis',(1.,0.,0.));
#14909=DIRECTION('ref_axis',(0.,0.,-1.));
#14910=DIRECTION('center_axis',(-1.,0.,0.));
#14911=DIRECTION('ref_axis',(0.,0.,-1.));
#14912=DIRECTION('center_axis',(1.,0.,0.));
#14913=DIRECTION('ref_axis',(0.,0.,-1.));
#14914=DIRECTION('',(-1.,0.,0.));
#14915=DIRECTION('center_axis',(1.,0.,0.));
#14916=DIRECTION('ref_axis',(0.,0.,-1.));
#14917=DIRECTION('center_axis',(1.,0.,0.));
#14918=DIRECTION('ref_axis',(0.,0.,-1.));
#14919=DIRECTION('center_axis',(-1.,0.,0.));
#14920=DIRECTION('ref_axis',(0.,0.,-1.));
#14921=DIRECTION('center_axis',(1.,0.,0.));
#14922=DIRECTION('ref_axis',(0.,0.,-1.));
#14923=DIRECTION('center_axis',(1.,0.,0.));
#14924=DIRECTION('ref_axis',(0.,0.,-1.));
#14925=DIRECTION('',(-1.,0.,0.));
#14926=DIRECTION('axis',(0.,0.,1.));
#14927=DIRECTION('refdir',(1.,0.,0.));
#14928=DIRECTION('center_axis',(1.,0.,0.));
#14929=DIRECTION('ref_axis',(0.,0.,-1.));
#14930=DIRECTION('center_axis',(1.,0.,0.));
#14931=DIRECTION('ref_axis',(0.,0.,-1.));
#14932=DIRECTION('',(-1.,0.,0.));
#14933=DIRECTION('center_axis',(1.,0.,0.));
#14934=DIRECTION('ref_axis',(0.,0.,-1.));
#14935=DIRECTION('center_axis',(1.,0.,0.));
#14936=DIRECTION('ref_axis',(0.,0.,-1.));
#14937=DIRECTION('center_axis',(0.,1.,0.));
#14938=DIRECTION('ref_axis',(-1.,0.,0.));
#14939=DIRECTION('',(-1.,0.,0.));
#14940=DIRECTION('',(0.,0.,1.));
#14941=DIRECTION('',(-1.,0.,0.));
#14942=DIRECTION('',(0.,0.,1.));
#14943=DIRECTION('center_axis',(1.,9.97953280561938E-17,0.));
#14944=DIRECTION('ref_axis',(-9.97953280561939E-17,1.,0.));
#14945=DIRECTION('',(-9.97953280561939E-17,1.,0.));
#14946=DIRECTION('',(-9.97953280561939E-17,1.,0.));
#14947=DIRECTION('',(0.,0.,1.));
#14948=DIRECTION('center_axis',(0.,-1.,0.));
#14949=DIRECTION('ref_axis',(1.,0.,0.));
#14950=DIRECTION('',(1.,0.,0.));
#14951=DIRECTION('',(1.,0.,0.));
#14952=DIRECTION('',(0.,0.,1.));
#14953=DIRECTION('center_axis',(-1.,0.,0.));
#14954=DIRECTION('ref_axis',(0.,-1.,0.));
#14955=DIRECTION('',(0.,-1.,0.));
#14956=DIRECTION('',(0.,-1.,0.));
#14957=DIRECTION('center_axis',(0.,0.,1.));
#14958=DIRECTION('ref_axis',(1.,0.,0.));
#14959=DIRECTION('center_axis',(0.,0.,1.));
#14960=DIRECTION('ref_axis',(1.,0.,0.));
#14961=DIRECTION('axis',(0.,0.,1.));
#14962=DIRECTION('refdir',(1.,0.,0.));
#14963=DIRECTION('center_axis',(0.,1.,0.));
#14964=DIRECTION('ref_axis',(-1.,0.,0.));
#14965=DIRECTION('',(-1.,0.,0.));
#14966=DIRECTION('',(0.,0.,1.));
#14967=DIRECTION('',(-1.,0.,0.));
#14968=DIRECTION('',(0.,0.,1.));
#14969=DIRECTION('center_axis',(1.,0.,0.));
#14970=DIRECTION('ref_axis',(0.,1.,0.));
#14971=DIRECTION('',(0.,1.,0.));
#14972=DIRECTION('',(0.,1.,0.));
#14973=DIRECTION('',(0.,0.,1.));
#14974=DIRECTION('center_axis',(0.,-1.,0.));
#14975=DIRECTION('ref_axis',(1.,0.,0.));
#14976=DIRECTION('',(1.,0.,0.));
#14977=DIRECTION('',(1.,0.,0.));
#14978=DIRECTION('',(0.,0.,1.));
#14979=DIRECTION('center_axis',(-1.,0.,0.));
#14980=DIRECTION('ref_axis',(0.,-1.,0.));
#14981=DIRECTION('',(0.,-1.,0.));
#14982=DIRECTION('',(0.,-1.,0.));
#14983=DIRECTION('center_axis',(0.,0.,1.));
#14984=DIRECTION('ref_axis',(1.,0.,0.));
#14985=DIRECTION('center_axis',(0.,0.,1.));
#14986=DIRECTION('ref_axis',(1.,0.,0.));
#14987=DIRECTION('axis',(0.,0.,1.));
#14988=DIRECTION('refdir',(1.,0.,0.));
#14989=DIRECTION('center_axis',(0.,1.,0.));
#14990=DIRECTION('ref_axis',(-1.,0.,0.));
#14991=DIRECTION('',(-1.,0.,0.));
#14992=DIRECTION('',(0.,0.,1.));
#14993=DIRECTION('',(-1.,0.,0.));
#14994=DIRECTION('',(0.,0.,1.));
#14995=DIRECTION('center_axis',(1.,0.,0.));
#14996=DIRECTION('ref_axis',(0.,1.,0.));
#14997=DIRECTION('',(0.,1.,0.));
#14998=DIRECTION('',(0.,1.,0.));
#14999=DIRECTION('',(0.,0.,1.));
#15000=DIRECTION('center_axis',(0.,-1.,0.));
#15001=DIRECTION('ref_axis',(1.,0.,0.));
#15002=DIRECTION('',(1.,0.,0.));
#15003=DIRECTION('',(1.,0.,0.));
#15004=DIRECTION('',(0.,0.,1.));
#15005=DIRECTION('center_axis',(-1.,0.,0.));
#15006=DIRECTION('ref_axis',(0.,-1.,0.));
#15007=DIRECTION('',(0.,-1.,0.));
#15008=DIRECTION('',(0.,-1.,0.));
#15009=DIRECTION('center_axis',(0.,0.,1.));
#15010=DIRECTION('ref_axis',(1.,0.,0.));
#15011=DIRECTION('center_axis',(0.,0.,1.));
#15012=DIRECTION('ref_axis',(1.,0.,0.));
#15013=DIRECTION('axis',(0.,0.,1.));
#15014=DIRECTION('refdir',(1.,0.,0.));
#15015=DIRECTION('center_axis',(1.,0.,0.));
#15016=DIRECTION('ref_axis',(0.,0.,-1.));
#15017=DIRECTION('center_axis',(1.,0.,0.));
#15018=DIRECTION('ref_axis',(0.,0.,-1.));
#15019=DIRECTION('',(1.,0.,0.));
#15020=DIRECTION('center_axis',(-1.,0.,0.));
#15021=DIRECTION('ref_axis',(0.,0.,-1.));
#15022=DIRECTION('center_axis',(1.,0.,0.));
#15023=DIRECTION('ref_axis',(0.,0.,-1.));
#15024=DIRECTION('center_axis',(1.,0.,0.));
#15025=DIRECTION('ref_axis',(0.,0.,-1.));
#15026=DIRECTION('',(1.,0.,0.));
#15027=DIRECTION('center_axis',(-1.,0.,0.));
#15028=DIRECTION('ref_axis',(0.,0.,-1.));
#15029=DIRECTION('center_axis',(0.,-1.,0.));
#15030=DIRECTION('ref_axis',(0.,0.,-1.));
#15031=DIRECTION('',(0.,0.,1.));
#15032=DIRECTION('',(1.,0.,0.));
#15033=DIRECTION('',(0.,0.,-1.));
#15034=DIRECTION('',(1.,0.,0.));
#15035=DIRECTION('center_axis',(0.,0.,1.));
#15036=DIRECTION('ref_axis',(0.,-1.,0.));
#15037=DIRECTION('',(0.,1.,0.));
#15038=DIRECTION('',(0.,-1.,0.));
#15039=DIRECTION('',(1.,0.,0.));
#15040=DIRECTION('center_axis',(0.,1.,0.));
#15041=DIRECTION('ref_axis',(0.,0.,1.));
#15042=DIRECTION('',(0.,0.,-1.));
#15043=DIRECTION('',(0.,0.,1.));
#15044=DIRECTION('',(1.,0.,0.));
#15045=DIRECTION('center_axis',(0.,0.,-1.));
#15046=DIRECTION('ref_axis',(0.,1.,0.));
#15047=DIRECTION('',(0.,-1.,0.));
#15048=DIRECTION('',(0.,1.,0.));
#15049=DIRECTION('center_axis',(1.,0.,0.));
#15050=DIRECTION('ref_axis',(0.,0.,-1.));
#15051=DIRECTION('center_axis',(1.,0.,0.));
#15052=DIRECTION('ref_axis',(0.,0.,-1.));
#15053=DIRECTION('axis',(0.,0.,1.));
#15054=DIRECTION('refdir',(1.,0.,0.));
#15055=DIRECTION('center_axis',(1.,0.,0.));
#15056=DIRECTION('ref_axis',(0.,0.,-1.));
#15057=DIRECTION('center_axis',(1.,0.,0.));
#15058=DIRECTION('ref_axis',(0.,0.,-1.));
#15059=DIRECTION('',(1.,0.,0.));
#15060=DIRECTION('center_axis',(-1.,0.,0.));
#15061=DIRECTION('ref_axis',(0.,0.,-1.));
#15062=DIRECTION('center_axis',(1.,0.,0.));
#15063=DIRECTION('ref_axis',(0.,0.,-1.));
#15064=DIRECTION('center_axis',(1.,0.,0.));
#15065=DIRECTION('ref_axis',(0.,0.,-1.));
#15066=DIRECTION('',(1.,0.,0.));
#15067=DIRECTION('center_axis',(-1.,0.,0.));
#15068=DIRECTION('ref_axis',(0.,0.,-1.));
#15069=DIRECTION('center_axis',(0.,-0.252421897147003,-0.967617272396844));
#15070=DIRECTION('ref_axis',(0.,0.967617272396844,-0.252421897147003));
#15071=DIRECTION('',(0.,-0.967617272396844,0.252421897147003));
#15072=DIRECTION('',(1.,0.,0.));
#15073=DIRECTION('',(0.,0.967617272396844,-0.252421897147003));
#15074=DIRECTION('',(1.,0.,0.));
#15075=DIRECTION('center_axis',(0.,-0.967617272396844,0.252421897147002));
#15076=DIRECTION('ref_axis',(0.,-0.252421897147002,-0.967617272396844));
#15077=DIRECTION('',(0.,0.252421897147002,0.967617272396844));
#15078=DIRECTION('',(0.,-0.252421897147002,-0.967617272396844));
#15079=DIRECTION('',(1.,0.,0.));
#15080=DIRECTION('center_axis',(0.,0.252421897147001,0.967617272396844));
#15081=DIRECTION('ref_axis',(0.,-0.967617272396844,0.252421897147001));
#15082=DIRECTION('',(0.,0.967617272396844,-0.252421897147001));
#15083=DIRECTION('',(0.,-0.967617272396844,0.252421897147001));
#15084=DIRECTION('',(1.,0.,0.));
#15085=DIRECTION('center_axis',(0.,0.967617272396844,-0.252421897147003));
#15086=DIRECTION('ref_axis',(0.,0.252421897147003,0.967617272396844));
#15087=DIRECTION('',(0.,-0.252421897147003,-0.967617272396844));
#15088=DIRECTION('',(0.,0.252421897147003,0.967617272396844));
#15089=DIRECTION('center_axis',(1.,0.,0.));
#15090=DIRECTION('ref_axis',(0.,0.,-1.));
#15091=DIRECTION('center_axis',(1.,0.,0.));
#15092=DIRECTION('ref_axis',(0.,0.,-1.));
#15093=DIRECTION('axis',(0.,0.,1.));
#15094=DIRECTION('refdir',(1.,0.,0.));
#15095=DIRECTION('center_axis',(0.,0.450611202035346,0.892720305919083));
#15096=DIRECTION('ref_axis',(0.,-0.892720305919083,0.450611202035346));
#15097=DIRECTION('',(-1.,0.,0.));
#15098=DIRECTION('',(0.,-0.892720305919083,0.450611202035346));
#15099=DIRECTION('',(1.,0.,0.));
#15100=DIRECTION('',(0.,0.892720305919083,-0.450611202035346));
#15101=DIRECTION('center_axis',(-1.,0.,0.));
#15102=DIRECTION('ref_axis',(0.,-1.,0.));
#15103=DIRECTION('',(0.,0.,1.));
#15104=DIRECTION('',(0.,-1.,0.));
#15105=DIRECTION('',(0.,0.,1.));
#15106=DIRECTION('center_axis',(0.,1.,0.));
#15107=DIRECTION('ref_axis',(-1.,0.,0.));
#15108=DIRECTION('',(0.,0.,1.));
#15109=DIRECTION('',(-1.,0.,0.));
#15110=DIRECTION('center_axis',(1.,0.,0.));
#15111=DIRECTION('ref_axis',(0.,1.,0.));
#15112=DIRECTION('',(0.,0.,1.));
#15113=DIRECTION('',(0.,1.,0.));
#15114=DIRECTION('center_axis',(0.,-1.,0.));
#15115=DIRECTION('ref_axis',(1.,0.,0.));
#15116=DIRECTION('',(1.,0.,0.));
#15117=DIRECTION('center_axis',(0.,0.,1.));
#15118=DIRECTION('ref_axis',(1.,0.,0.));
#15119=DIRECTION('axis',(0.,0.,1.));
#15120=DIRECTION('refdir',(1.,0.,0.));
#15121=DIRECTION('center_axis',(0.,0.,1.));
#15122=DIRECTION('ref_axis',(1.,0.,0.));
#15123=DIRECTION('',(0.,0.,1.));
#15124=DIRECTION('center_axis',(0.,0.,1.));
#15125=DIRECTION('ref_axis',(1.,0.,0.));
#15126=DIRECTION('',(0.,0.,-1.));
#15127=DIRECTION('center_axis',(0.,0.,-1.));
#15128=DIRECTION('ref_axis',(1.,0.,0.));
#15129=DIRECTION('center_axis',(0.,0.,1.));
#15130=DIRECTION('ref_axis',(1.,0.,0.));
#15131=DIRECTION('',(0.,0.,-1.));
#15132=DIRECTION('center_axis',(0.,0.,-1.));
#15133=DIRECTION('ref_axis',(1.,0.,0.));
#15134=DIRECTION('',(0.,0.,1.));
#15135=DIRECTION('center_axis',(0.,0.,1.));
#15136=DIRECTION('ref_axis',(1.,0.,0.));
#15137=DIRECTION('center_axis',(0.,-1.,0.));
#15138=DIRECTION('ref_axis',(1.,0.,0.));
#15139=DIRECTION('',(1.,0.,0.));
#15140=DIRECTION('',(0.,0.,1.));
#15141=DIRECTION('',(1.,0.,0.));
#15142=DIRECTION('center_axis',(0.,-1.,0.));
#15143=DIRECTION('ref_axis',(1.,0.,0.));
#15144=DIRECTION('',(1.,0.,0.));
#15145=DIRECTION('',(0.,0.,1.));
#15146=DIRECTION('',(1.,0.,0.));
#15147=DIRECTION('center_axis',(0.,0.,1.));
#15148=DIRECTION('ref_axis',(1.,0.,0.));
#15149=DIRECTION('',(0.,-1.,0.));
#15150=DIRECTION('',(-1.,0.,0.));
#15151=DIRECTION('',(-1.,0.,0.));
#15152=DIRECTION('',(0.,1.,0.));
#15153=DIRECTION('center_axis',(0.,1.,0.));
#15154=DIRECTION('ref_axis',(-1.,0.,0.));
#15155=DIRECTION('',(0.,0.,1.));
#15156=DIRECTION('',(-1.,0.,0.));
#15157=DIRECTION('center_axis',(0.,1.,0.));
#15158=DIRECTION('ref_axis',(-1.,0.,0.));
#15159=DIRECTION('',(-1.,0.,0.));
#15160=DIRECTION('',(0.,0.,1.));
#15161=DIRECTION('center_axis',(1.,0.,0.));
#15162=DIRECTION('ref_axis',(0.,1.,0.));
#15163=DIRECTION('',(0.,1.,0.));
#15164=DIRECTION('center_axis',(-1.,0.,0.));
#15165=DIRECTION('ref_axis',(0.,-1.,0.));
#15166=DIRECTION('',(0.,-1.,0.));
#15167=DIRECTION('center_axis',(0.,0.,1.));
#15168=DIRECTION('ref_axis',(1.,0.,0.));
#15169=DIRECTION('axis',(0.,0.,1.));
#15170=DIRECTION('refdir',(1.,0.,0.));
#15171=DIRECTION('center_axis',(0.,0.,1.));
#15172=DIRECTION('ref_axis',(1.,0.,0.));
#15173=DIRECTION('center_axis',(0.,0.,1.));
#15174=DIRECTION('ref_axis',(1.,0.,0.));
#15175=DIRECTION('',(0.,0.,1.));
#15176=DIRECTION('center_axis',(0.,0.,-1.));
#15177=DIRECTION('ref_axis',(1.,0.,0.));
#15178=DIRECTION('center_axis',(0.,1.,0.));
#15179=DIRECTION('ref_axis',(-1.,0.,0.));
#15180=DIRECTION('',(-1.,0.,0.));
#15181=DIRECTION('',(0.,0.,1.));
#15182=DIRECTION('',(-1.,0.,0.));
#15183=DIRECTION('',(0.,0.,1.));
#15184=DIRECTION('center_axis',(1.,0.,0.));
#15185=DIRECTION('ref_axis',(0.,1.,0.));
#15186=DIRECTION('',(0.,1.,0.));
#15187=DIRECTION('',(0.,1.,0.));
#15188=DIRECTION('',(0.,0.,1.));
#15189=DIRECTION('center_axis',(0.,-1.,0.));
#15190=DIRECTION('ref_axis',(1.,0.,0.));
#15191=DIRECTION('',(1.,0.,0.));
#15192=DIRECTION('',(1.,0.,0.));
#15193=DIRECTION('',(0.,0.,1.));
#15194=DIRECTION('center_axis',(-1.,0.,0.));
#15195=DIRECTION('ref_axis',(0.,-1.,0.));
#15196=DIRECTION('',(0.,-1.,0.));
#15197=DIRECTION('',(0.,-1.,0.));
#15198=DIRECTION('center_axis',(0.,0.,1.));
#15199=DIRECTION('ref_axis',(1.,0.,0.));
#15200=DIRECTION('center_axis',(0.,0.,1.));
#15201=DIRECTION('ref_axis',(1.,0.,0.));
#15202=DIRECTION('axis',(0.,0.,1.));
#15203=DIRECTION('refdir',(1.,0.,0.));
#15204=DIRECTION('center_axis',(0.,0.,1.));
#15205=DIRECTION('ref_axis',(1.,0.,0.));
#15206=DIRECTION('center_axis',(0.,0.,1.));
#15207=DIRECTION('ref_axis',(1.,0.,0.));
#15208=DIRECTION('',(0.,0.,1.));
#15209=DIRECTION('center_axis',(0.,0.,-1.));
#15210=DIRECTION('ref_axis',(1.,0.,0.));
#15211=DIRECTION('center_axis',(0.,1.,0.));
#15212=DIRECTION('ref_axis',(-1.,0.,0.));
#15213=DIRECTION('',(-1.,0.,0.));
#15214=DIRECTION('',(0.,0.,1.));
#15215=DIRECTION('',(-1.,0.,0.));
#15216=DIRECTION('',(0.,0.,1.));
#15217=DIRECTION('center_axis',(1.,0.,0.));
#15218=DIRECTION('ref_axis',(0.,1.,0.));
#15219=DIRECTION('',(0.,1.,0.));
#15220=DIRECTION('',(0.,1.,0.));
#15221=DIRECTION('',(0.,0.,1.));
#15222=DIRECTION('center_axis',(0.,-1.,0.));
#15223=DIRECTION('ref_axis',(1.,0.,0.));
#15224=DIRECTION('',(1.,0.,0.));
#15225=DIRECTION('',(1.,0.,0.));
#15226=DIRECTION('',(0.,0.,1.));
#15227=DIRECTION('center_axis',(-1.,0.,0.));
#15228=DIRECTION('ref_axis',(0.,-1.,0.));
#15229=DIRECTION('',(0.,-1.,0.));
#15230=DIRECTION('',(0.,-1.,0.));
#15231=DIRECTION('center_axis',(0.,0.,1.));
#15232=DIRECTION('ref_axis',(1.,0.,0.));
#15233=DIRECTION('center_axis',(0.,0.,1.));
#15234=DIRECTION('ref_axis',(1.,0.,0.));
#15235=DIRECTION('axis',(0.,0.,1.));
#15236=DIRECTION('refdir',(1.,0.,0.));
#15237=DIRECTION('center_axis',(0.,0.,1.));
#15238=DIRECTION('ref_axis',(1.,0.,0.));
#15239=DIRECTION('',(0.,0.,1.));
#15240=DIRECTION('center_axis',(0.,0.,1.));
#15241=DIRECTION('ref_axis',(1.,0.,0.));
#15242=DIRECTION('',(0.,0.,-1.));
#15243=DIRECTION('center_axis',(0.,0.,-1.));
#15244=DIRECTION('ref_axis',(1.,0.,0.));
#15245=DIRECTION('center_axis',(0.,0.,1.));
#15246=DIRECTION('ref_axis',(1.,0.,0.));
#15247=DIRECTION('',(0.,0.,-1.));
#15248=DIRECTION('center_axis',(0.,0.,-1.));
#15249=DIRECTION('ref_axis',(1.,0.,0.));
#15250=DIRECTION('',(0.,0.,1.));
#15251=DIRECTION('center_axis',(0.,0.,1.));
#15252=DIRECTION('ref_axis',(1.,0.,0.));
#15253=DIRECTION('center_axis',(0.,-1.,0.));
#15254=DIRECTION('ref_axis',(1.,0.,0.));
#15255=DIRECTION('',(1.,0.,0.));
#15256=DIRECTION('',(0.,0.,1.));
#15257=DIRECTION('',(1.,0.,0.));
#15258=DIRECTION('center_axis',(0.,-1.,0.));
#15259=DIRECTION('ref_axis',(1.,0.,0.));
#15260=DIRECTION('',(1.,0.,0.));
#15261=DIRECTION('',(0.,0.,1.));
#15262=DIRECTION('',(1.,0.,0.));
#15263=DIRECTION('center_axis',(0.,0.,1.));
#15264=DIRECTION('ref_axis',(1.,0.,0.));
#15265=DIRECTION('',(0.,-1.,0.));
#15266=DIRECTION('',(-1.,0.,0.));
#15267=DIRECTION('',(-1.,0.,0.));
#15268=DIRECTION('',(0.,1.,0.));
#15269=DIRECTION('center_axis',(0.,1.,0.));
#15270=DIRECTION('ref_axis',(-1.,0.,0.));
#15271=DIRECTION('',(0.,0.,1.));
#15272=DIRECTION('',(-1.,0.,0.));
#15273=DIRECTION('center_axis',(0.,1.,0.));
#15274=DIRECTION('ref_axis',(-1.,0.,0.));
#15275=DIRECTION('',(-1.,0.,0.));
#15276=DIRECTION('',(0.,0.,1.));
#15277=DIRECTION('center_axis',(1.,0.,0.));
#15278=DIRECTION('ref_axis',(0.,1.,0.));
#15279=DIRECTION('',(0.,1.,0.));
#15280=DIRECTION('center_axis',(-1.,0.,0.));
#15281=DIRECTION('ref_axis',(0.,-1.,0.));
#15282=DIRECTION('',(0.,-1.,0.));
#15283=DIRECTION('center_axis',(0.,0.,1.));
#15284=DIRECTION('ref_axis',(1.,0.,0.));
#15285=DIRECTION('axis',(0.,0.,1.));
#15286=DIRECTION('refdir',(1.,0.,0.));
#15287=DIRECTION('center_axis',(0.,0.,1.));
#15288=DIRECTION('ref_axis',(1.,0.,0.));
#15289=DIRECTION('center_axis',(0.,0.,1.));
#15290=DIRECTION('ref_axis',(1.,0.,0.));
#15291=DIRECTION('',(0.,0.,1.));
#15292=DIRECTION('center_axis',(0.,0.,-1.));
#15293=DIRECTION('ref_axis',(1.,0.,0.));
#15294=DIRECTION('center_axis',(0.,1.,0.));
#15295=DIRECTION('ref_axis',(-1.,0.,0.));
#15296=DIRECTION('',(-1.,0.,0.));
#15297=DIRECTION('',(0.,0.,1.));
#15298=DIRECTION('',(-1.,0.,0.));
#15299=DIRECTION('',(0.,0.,1.));
#15300=DIRECTION('center_axis',(1.,0.,0.));
#15301=DIRECTION('ref_axis',(0.,1.,0.));
#15302=DIRECTION('',(0.,1.,0.));
#15303=DIRECTION('',(0.,1.,0.));
#15304=DIRECTION('',(0.,0.,1.));
#15305=DIRECTION('center_axis',(0.,-1.,0.));
#15306=DIRECTION('ref_axis',(1.,0.,0.));
#15307=DIRECTION('',(1.,0.,0.));
#15308=DIRECTION('',(1.,0.,0.));
#15309=DIRECTION('',(0.,0.,1.));
#15310=DIRECTION('center_axis',(-1.,0.,0.));
#15311=DIRECTION('ref_axis',(0.,-1.,0.));
#15312=DIRECTION('',(0.,-1.,0.));
#15313=DIRECTION('',(0.,-1.,0.));
#15314=DIRECTION('center_axis',(0.,0.,1.));
#15315=DIRECTION('ref_axis',(1.,0.,0.));
#15316=DIRECTION('center_axis',(0.,0.,1.));
#15317=DIRECTION('ref_axis',(1.,0.,0.));
#15318=DIRECTION('axis',(0.,0.,1.));
#15319=DIRECTION('refdir',(1.,0.,0.));
#15320=DIRECTION('center_axis',(0.,0.,1.));
#15321=DIRECTION('ref_axis',(1.,0.,0.));
#15322=DIRECTION('center_axis',(0.,0.,1.));
#15323=DIRECTION('ref_axis',(1.,0.,0.));
#15324=DIRECTION('',(0.,0.,1.));
#15325=DIRECTION('center_axis',(0.,0.,-1.));
#15326=DIRECTION('ref_axis',(1.,0.,0.));
#15327=DIRECTION('center_axis',(0.,1.,0.));
#15328=DIRECTION('ref_axis',(-1.,0.,0.));
#15329=DIRECTION('',(-1.,0.,0.));
#15330=DIRECTION('',(0.,0.,1.));
#15331=DIRECTION('',(-1.,0.,0.));
#15332=DIRECTION('',(0.,0.,1.));
#15333=DIRECTION('center_axis',(1.,0.,0.));
#15334=DIRECTION('ref_axis',(0.,1.,0.));
#15335=DIRECTION('',(0.,1.,0.));
#15336=DIRECTION('',(0.,1.,0.));
#15337=DIRECTION('',(0.,0.,1.));
#15338=DIRECTION('center_axis',(0.,-1.,0.));
#15339=DIRECTION('ref_axis',(1.,0.,0.));
#15340=DIRECTION('',(1.,0.,0.));
#15341=DIRECTION('',(1.,0.,0.));
#15342=DIRECTION('',(0.,0.,1.));
#15343=DIRECTION('center_axis',(-1.,0.,0.));
#15344=DIRECTION('ref_axis',(0.,-1.,0.));
#15345=DIRECTION('',(0.,-1.,0.));
#15346=DIRECTION('',(0.,-1.,0.));
#15347=DIRECTION('center_axis',(0.,0.,1.));
#15348=DIRECTION('ref_axis',(1.,0.,0.));
#15349=DIRECTION('center_axis',(0.,0.,1.));
#15350=DIRECTION('ref_axis',(1.,0.,0.));
#15351=DIRECTION('axis',(0.,0.,1.));
#15352=DIRECTION('refdir',(1.,0.,0.));
#15353=DIRECTION('center_axis',(1.,0.,0.));
#15354=DIRECTION('ref_axis',(0.,-1.,-9.49410759657493E-16));
#15355=DIRECTION('',(-1.,0.,0.));
#15356=DIRECTION('center_axis',(1.,-8.5157559612144E-61,0.));
#15357=DIRECTION('ref_axis',(0.,0.,-1.));
#15358=DIRECTION('',(1.,0.,0.));
#15359=DIRECTION('center_axis',(-1.,8.5157559612144E-61,0.));
#15360=DIRECTION('ref_axis',(0.,0.,-1.));
#15361=DIRECTION('center_axis',(0.,0.,1.));
#15362=DIRECTION('ref_axis',(-8.5157559612144E-61,-1.,0.));
#15363=DIRECTION('',(8.5157559612144E-61,1.,0.));
#15364=DIRECTION('',(1.,0.,0.));
#15365=DIRECTION('',(-8.5157559612144E-61,-1.,0.));
#15366=DIRECTION('center_axis',(1.,-8.5157559612144E-61,0.));
#15367=DIRECTION('ref_axis',(0.,0.,-1.));
#15368=DIRECTION('',(-8.5157559612144E-61,-1.,0.));
#15369=DIRECTION('center_axis',(-1.,8.5157559612144E-61,0.));
#15370=DIRECTION('ref_axis',(0.,0.,-1.));
#15371=DIRECTION('center_axis',(0.,0.,-1.));
#15372=DIRECTION('ref_axis',(-4.14536090644533E-76,1.,0.));
#15373=DIRECTION('',(8.5157559612144E-61,1.,0.));
#15374=DIRECTION('',(-1.,0.,0.));
#15375=DIRECTION('center_axis',(1.,-8.5157559612144E-61,0.));
#15376=DIRECTION('ref_axis',(0.,0.,-1.));
#15377=DIRECTION('center_axis',(-1.,8.5157559612144E-61,0.));
#15378=DIRECTION('ref_axis',(0.,0.,-1.));
#15379=DIRECTION('center_axis',(1.,0.,0.));
#15380=DIRECTION('ref_axis',(0.,-1.,-9.49410759657493E-16));
#15381=DIRECTION('axis',(0.,0.,1.));
#15382=DIRECTION('refdir',(1.,0.,0.));
#15383=DIRECTION('center_axis',(1.,0.,0.));
#15384=DIRECTION('ref_axis',(0.,-1.,-9.49410759657493E-16));
#15385=DIRECTION('',(-1.,0.,0.));
#15386=DIRECTION('center_axis',(1.,-8.5157559612144E-61,0.));
#15387=DIRECTION('ref_axis',(0.,0.,-1.));
#15388=DIRECTION('',(1.,0.,0.));
#15389=DIRECTION('center_axis',(-1.,8.5157559612144E-61,0.));
#15390=DIRECTION('ref_axis',(0.,0.,-1.));
#15391=DIRECTION('center_axis',(0.,0.,1.));
#15392=DIRECTION('ref_axis',(-8.5157559612144E-61,-1.,0.));
#15393=DIRECTION('',(8.5157559612144E-61,1.,0.));
#15394=DIRECTION('',(1.,0.,0.));
#15395=DIRECTION('',(-8.5157559612144E-61,-1.,0.));
#15396=DIRECTION('center_axis',(1.,-8.5157559612144E-61,0.));
#15397=DIRECTION('ref_axis',(0.,0.,-1.));
#15398=DIRECTION('',(-8.5157559612144E-61,-1.,0.));
#15399=DIRECTION('center_axis',(-1.,8.5157559612144E-61,0.));
#15400=DIRECTION('ref_axis',(0.,0.,-1.));
#15401=DIRECTION('center_axis',(0.,0.,-1.));
#15402=DIRECTION('ref_axis',(-4.14536090644533E-76,1.,0.));
#15403=DIRECTION('',(8.5157559612144E-61,1.,0.));
#15404=DIRECTION('',(-1.,0.,0.));
#15405=DIRECTION('center_axis',(1.,-8.5157559612144E-61,0.));
#15406=DIRECTION('ref_axis',(0.,0.,-1.));
#15407=DIRECTION('center_axis',(-1.,8.5157559612144E-61,0.));
#15408=DIRECTION('ref_axis',(0.,0.,-1.));
#15409=DIRECTION('center_axis',(1.,0.,0.));
#15410=DIRECTION('ref_axis',(0.,-1.,-9.49410759657493E-16));
#15411=DIRECTION('',(0.,0.,1.));
#15412=DIRECTION('',(1.,0.,0.));
#15413=DIRECTION('',(0.,0.,1.));
#15414=DIRECTION('',(1.,0.,0.));
#15415=DIRECTION('',(0.,0.,1.));
#15416=DIRECTION('',(1.,0.,0.));
#15417=DIRECTION('',(0.,0.,1.));
#15418=DIRECTION('',(1.,0.,0.));
#15419=DIRECTION('',(0.,0.,1.));
#15420=DIRECTION('',(1.,0.,0.));
#15421=DIRECTION('',(0.,0.,1.));
#15422=DIRECTION('',(1.,0.,0.));
#15423=DIRECTION('',(0.,0.,1.));
#15424=DIRECTION('',(1.,0.,0.));
#15425=DIRECTION('',(0.,0.,1.));
#15426=DIRECTION('',(1.,0.,0.));
#15427=DIRECTION('',(0.,-3.88578058618805E-16,1.));
#15428=DIRECTION('',(1.,0.,0.));
#15429=DIRECTION('',(0.,-5.55111512312579E-17,1.));
#15430=DIRECTION('',(1.,0.,0.));
#15431=DIRECTION('',(0.,0.,1.));
#15432=DIRECTION('',(1.,0.,0.));
#15433=DIRECTION('',(0.,0.,1.));
#15434=DIRECTION('',(1.,0.,0.));
#15435=DIRECTION('',(0.,0.,1.));
#15436=DIRECTION('',(1.,0.,0.));
#15437=DIRECTION('',(0.,0.,1.));
#15438=DIRECTION('',(1.,0.,0.));
#15439=DIRECTION('',(0.,0.,1.));
#15440=DIRECTION('',(1.,0.,0.));
#15441=DIRECTION('',(0.,0.,1.));
#15442=DIRECTION('',(1.,0.,0.));
#15443=DIRECTION('',(0.,0.,1.));
#15444=DIRECTION('',(1.,0.,0.));
#15445=DIRECTION('',(0.,0.,1.));
#15446=DIRECTION('',(1.,0.,0.));
#15447=DIRECTION('',(0.,0.,1.));
#15448=DIRECTION('',(1.,0.,0.));
#15449=DIRECTION('axis',(0.,0.,1.));
#15450=DIRECTION('refdir',(1.,0.,0.));
#15451=DIRECTION('axis',(0.,0.,1.));
#15452=DIRECTION('refdir',(1.,0.,0.));
#15453=DIRECTION('center_axis',(1.,0.,0.));
#15454=DIRECTION('ref_axis',(0.,0.,-1.));
#15455=DIRECTION('center_axis',(1.,0.,0.));
#15456=DIRECTION('ref_axis',(0.,0.,-1.));
#15457=DIRECTION('',(-1.,0.,0.));
#15458=DIRECTION('center_axis',(1.,0.,0.));
#15459=DIRECTION('ref_axis',(0.,0.,-1.));
#15460=DIRECTION('center_axis',(1.,0.,0.));
#15461=DIRECTION('ref_axis',(0.,0.,-1.));
#15462=DIRECTION('center_axis',(1.,0.,0.));
#15463=DIRECTION('ref_axis',(0.,0.,-1.));
#15464=DIRECTION('axis',(0.,0.,1.));
#15465=DIRECTION('refdir',(1.,0.,0.));
#15466=DIRECTION('center_axis',(1.,0.,0.));
#15467=DIRECTION('ref_axis',(0.,0.,-1.));
#15468=DIRECTION('center_axis',(1.,0.,0.));
#15469=DIRECTION('ref_axis',(0.,0.,-1.));
#15470=DIRECTION('',(-1.,0.,0.));
#15471=DIRECTION('center_axis',(1.,0.,0.));
#15472=DIRECTION('ref_axis',(0.,0.,-1.));
#15473=DIRECTION('center_axis',(1.,0.,0.));
#15474=DIRECTION('ref_axis',(0.,0.,-1.));
#15475=DIRECTION('center_axis',(1.,0.,0.));
#15476=DIRECTION('ref_axis',(0.,0.,-1.));
#15477=DIRECTION('axis',(0.,0.,1.));
#15478=DIRECTION('refdir',(1.,0.,0.));
#15479=DIRECTION('center_axis',(1.,0.,0.));
#15480=DIRECTION('ref_axis',(0.,0.,-1.));
#15481=DIRECTION('center_axis',(1.,0.,0.));
#15482=DIRECTION('ref_axis',(0.,0.,-1.));
#15483=DIRECTION('',(1.,0.,0.));
#15484=DIRECTION('center_axis',(-1.,0.,0.));
#15485=DIRECTION('ref_axis',(0.,0.,-1.));
#15486=DIRECTION('center_axis',(1.,0.,0.));
#15487=DIRECTION('ref_axis',(0.,0.,-1.));
#15488=DIRECTION('center_axis',(1.,0.,0.));
#15489=DIRECTION('ref_axis',(0.,0.,-1.));
#15490=DIRECTION('',(1.,0.,0.));
#15491=DIRECTION('center_axis',(-1.,0.,0.));
#15492=DIRECTION('ref_axis',(0.,0.,-1.));
#15493=DIRECTION('center_axis',(1.,0.,0.));
#15494=DIRECTION('ref_axis',(0.,0.,-1.));
#15495=DIRECTION('center_axis',(1.,0.,0.));
#15496=DIRECTION('ref_axis',(0.,0.,-1.));
#15497=DIRECTION('',(1.,0.,0.));
#15498=DIRECTION('center_axis',(-1.,0.,0.));
#15499=DIRECTION('ref_axis',(0.,0.,-1.));
#15500=DIRECTION('center_axis',(1.,0.,0.));
#15501=DIRECTION('ref_axis',(0.,0.,-1.));
#15502=DIRECTION('center_axis',(1.,0.,0.));
#15503=DIRECTION('ref_axis',(0.,0.,-1.));
#15504=DIRECTION('',(1.,0.,0.));
#15505=DIRECTION('center_axis',(-1.,0.,0.));
#15506=DIRECTION('ref_axis',(0.,0.,-1.));
#15507=DIRECTION('center_axis',(1.,0.,0.));
#15508=DIRECTION('ref_axis',(0.,0.,-1.));
#15509=DIRECTION('center_axis',(1.,0.,0.));
#15510=DIRECTION('ref_axis',(0.,0.,-1.));
#15511=DIRECTION('',(1.,0.,0.));
#15512=DIRECTION('center_axis',(-1.,0.,0.));
#15513=DIRECTION('ref_axis',(0.,0.,-1.));
#15514=DIRECTION('center_axis',(0.,1.,0.));
#15515=DIRECTION('ref_axis',(-1.,0.,0.));
#15516=DIRECTION('',(-1.,0.,0.));
#15517=DIRECTION('',(0.,0.,1.));
#15518=DIRECTION('',(-1.,0.,0.));
#15519=DIRECTION('',(0.,0.,1.));
#15520=DIRECTION('center_axis',(1.,0.,0.));
#15521=DIRECTION('ref_axis',(0.,1.,0.));
#15522=DIRECTION('',(0.,1.,0.));
#15523=DIRECTION('',(0.,1.,0.));
#15524=DIRECTION('',(0.,0.,1.));
#15525=DIRECTION('center_axis',(0.,-1.,0.));
#15526=DIRECTION('ref_axis',(1.,0.,0.));
#15527=DIRECTION('',(1.,0.,0.));
#15528=DIRECTION('',(1.,0.,0.));
#15529=DIRECTION('',(0.,0.,1.));
#15530=DIRECTION('center_axis',(-1.,0.,0.));
#15531=DIRECTION('ref_axis',(0.,-1.,0.));
#15532=DIRECTION('',(0.,-1.,0.));
#15533=DIRECTION('',(0.,-1.,0.));
#15534=DIRECTION('center_axis',(0.,0.,1.));
#15535=DIRECTION('ref_axis',(1.,0.,0.));
#15536=DIRECTION('center_axis',(0.,0.,1.));
#15537=DIRECTION('ref_axis',(1.,0.,0.));
#15538=DIRECTION('axis',(0.,0.,1.));
#15539=DIRECTION('refdir',(1.,0.,0.));
#15540=DIRECTION('center_axis',(0.,0.,1.));
#15541=DIRECTION('ref_axis',(1.,0.,0.));
#15542=DIRECTION('',(0.,-1.,0.));
#15543=DIRECTION('',(-1.,0.,0.));
#15544=DIRECTION('',(0.,1.,0.));
#15545=DIRECTION('',(-1.,0.,0.));
#15546=DIRECTION('center_axis',(0.,1.,0.));
#15547=DIRECTION('ref_axis',(-1.,0.,0.));
#15548=DIRECTION('',(0.,0.,-1.));
#15549=DIRECTION('',(1.,0.,0.));
#15550=DIRECTION('',(0.,0.,1.));
#15551=DIRECTION('center_axis',(0.,-1.,0.));
#15552=DIRECTION('ref_axis',(1.,0.,0.));
#15553=DIRECTION('',(0.,0.,1.));
#15554=DIRECTION('',(1.,0.,0.));
#15555=DIRECTION('',(0.,0.,1.));
#15556=DIRECTION('center_axis',(-1.,0.,0.));
#15557=DIRECTION('ref_axis',(0.,-1.,0.));
#15558=DIRECTION('',(0.,-1.,0.));
#15559=DIRECTION('',(0.,0.,1.));
#15560=DIRECTION('',(0.,-1.,0.));
#15561=DIRECTION('center_axis',(1.,0.,0.));
#15562=DIRECTION('ref_axis',(0.,0.,-1.));
#15563=DIRECTION('center_axis',(1.,0.,0.));
#15564=DIRECTION('ref_axis',(0.,0.,-1.));
#15565=DIRECTION('center_axis',(1.,0.,0.));
#15566=DIRECTION('ref_axis',(0.,0.,-1.));
#15567=DIRECTION('center_axis',(1.,0.,0.));
#15568=DIRECTION('ref_axis',(0.,0.,-1.));
#15569=DIRECTION('center_axis',(1.,0.,0.));
#15570=DIRECTION('ref_axis',(0.,0.,-1.));
#15571=DIRECTION('center_axis',(0.,0.,1.));
#15572=DIRECTION('ref_axis',(1.,0.,0.));
#15573=DIRECTION('center_axis',(0.,0.,1.));
#15574=DIRECTION('ref_axis',(1.,0.,0.));
#15575=DIRECTION('',(0.,0.,1.));
#15576=DIRECTION('center_axis',(0.,0.,1.));
#15577=DIRECTION('ref_axis',(1.,0.,0.));
#15578=DIRECTION('center_axis',(0.,0.,1.));
#15579=DIRECTION('ref_axis',(1.,0.,0.));
#15580=DIRECTION('center_axis',(0.,0.,1.));
#15581=DIRECTION('ref_axis',(1.,0.,0.));
#15582=DIRECTION('center_axis',(0.,0.,1.));
#15583=DIRECTION('ref_axis',(1.,0.,0.));
#15584=DIRECTION('',(0.,0.,1.));
#15585=DIRECTION('center_axis',(0.,0.,1.));
#15586=DIRECTION('ref_axis',(1.,0.,0.));
#15587=DIRECTION('center_axis',(0.,0.,1.));
#15588=DIRECTION('ref_axis',(1.,0.,0.));
#15589=DIRECTION('center_axis',(1.,0.,0.));
#15590=DIRECTION('ref_axis',(0.,0.,-1.));
#15591=DIRECTION('',(1.,0.,0.));
#15592=DIRECTION('center_axis',(-1.,0.,0.));
#15593=DIRECTION('ref_axis',(0.,0.,-1.));
#15594=DIRECTION('center_axis',(1.,0.,0.));
#15595=DIRECTION('ref_axis',(0.,0.,-1.));
#15596=DIRECTION('',(1.,0.,0.));
#15597=DIRECTION('center_axis',(-1.,0.,0.));
#15598=DIRECTION('ref_axis',(0.,0.,-1.));
#15599=DIRECTION('center_axis',(1.,0.,0.));
#15600=DIRECTION('ref_axis',(0.,0.,-1.));
#15601=DIRECTION('',(1.,0.,0.));
#15602=DIRECTION('center_axis',(-1.,0.,0.));
#15603=DIRECTION('ref_axis',(0.,0.,-1.));
#15604=DIRECTION('center_axis',(1.,0.,0.));
#15605=DIRECTION('ref_axis',(0.,0.,-1.));
#15606=DIRECTION('',(1.,0.,0.));
#15607=DIRECTION('center_axis',(-1.,0.,0.));
#15608=DIRECTION('ref_axis',(0.,0.,-1.));
#15609=DIRECTION('center_axis',(1.,0.,0.));
#15610=DIRECTION('ref_axis',(0.,0.,-1.));
#15611=DIRECTION('',(1.,0.,0.));
#15612=DIRECTION('center_axis',(-1.,0.,0.));
#15613=DIRECTION('ref_axis',(0.,0.,-1.));
#15614=DIRECTION('center_axis',(0.,1.,0.));
#15615=DIRECTION('ref_axis',(-1.,0.,0.));
#15616=DIRECTION('',(-1.,0.,0.));
#15617=DIRECTION('',(-1.,0.,0.));
#15618=DIRECTION('',(0.,0.,1.));
#15619=DIRECTION('center_axis',(1.,0.,0.));
#15620=DIRECTION('ref_axis',(0.,1.,0.));
#15621=DIRECTION('',(0.,1.,0.));
#15622=DIRECTION('',(0.,1.,0.));
#15623=DIRECTION('center_axis',(0.,0.,1.));
#15624=DIRECTION('ref_axis',(1.,0.,0.));
#15625=DIRECTION('center_axis',(0.,0.,1.));
#15626=DIRECTION('ref_axis',(1.,0.,0.));
#15627=DIRECTION('axis',(0.,0.,1.));
#15628=DIRECTION('refdir',(1.,0.,0.));
#15629=DIRECTION('center_axis',(1.,0.,0.));
#15630=DIRECTION('ref_axis',(0.,0.,-1.));
#15631=DIRECTION('center_axis',(1.,0.,0.));
#15632=DIRECTION('ref_axis',(0.,0.,-1.));
#15633=DIRECTION('',(1.,0.,0.));
#15634=DIRECTION('center_axis',(-1.,0.,0.));
#15635=DIRECTION('ref_axis',(0.,0.,-1.));
#15636=DIRECTION('center_axis',(1.,0.,0.));
#15637=DIRECTION('ref_axis',(0.,0.,-1.));
#15638=DIRECTION('center_axis',(1.,0.,0.));
#15639=DIRECTION('ref_axis',(0.,0.,-1.));
#15640=DIRECTION('',(1.,0.,0.));
#15641=DIRECTION('center_axis',(-1.,0.,0.));
#15642=DIRECTION('ref_axis',(0.,0.,-1.));
#15643=DIRECTION('center_axis',(1.,0.,0.));
#15644=DIRECTION('ref_axis',(0.,0.,-1.));
#15645=DIRECTION('center_axis',(1.,0.,0.));
#15646=DIRECTION('ref_axis',(0.,0.,-1.));
#15647=DIRECTION('',(1.,0.,0.));
#15648=DIRECTION('center_axis',(-1.,0.,0.));
#15649=DIRECTION('ref_axis',(0.,0.,-1.));
#15650=DIRECTION('center_axis',(1.,0.,0.));
#15651=DIRECTION('ref_axis',(0.,0.,-1.));
#15652=DIRECTION('center_axis',(1.,0.,0.));
#15653=DIRECTION('ref_axis',(0.,0.,-1.));
#15654=DIRECTION('',(-1.,0.,0.));
#15655=DIRECTION('center_axis',(1.,0.,0.));
#15656=DIRECTION('ref_axis',(0.,0.,-1.));
#15657=DIRECTION('center_axis',(1.,0.,0.));
#15658=DIRECTION('ref_axis',(0.,0.,-1.));
#15659=DIRECTION('center_axis',(1.,0.,0.));
#15660=DIRECTION('ref_axis',(0.,0.,-1.));
#15661=DIRECTION('axis',(0.,0.,1.));
#15662=DIRECTION('refdir',(1.,0.,0.));
#15663=DIRECTION('center_axis',(1.,0.,0.));
#15664=DIRECTION('ref_axis',(0.,0.,-1.));
#15665=DIRECTION('center_axis',(1.,0.,0.));
#15666=DIRECTION('ref_axis',(0.,0.,-1.));
#15667=DIRECTION('',(-1.,0.,0.));
#15668=DIRECTION('center_axis',(1.,0.,0.));
#15669=DIRECTION('ref_axis',(0.,0.,-1.));
#15670=DIRECTION('center_axis',(1.,0.,0.));
#15671=DIRECTION('ref_axis',(0.,0.,-1.));
#15672=DIRECTION('center_axis',(1.,0.,0.));
#15673=DIRECTION('ref_axis',(0.,0.,-1.));
#15674=DIRECTION('axis',(0.,0.,1.));
#15675=DIRECTION('refdir',(1.,0.,0.));
#15676=DIRECTION('center_axis',(1.,0.,0.));
#15677=DIRECTION('ref_axis',(0.,0.,-1.));
#15678=DIRECTION('center_axis',(1.,0.,0.));
#15679=DIRECTION('ref_axis',(0.,0.,-1.));
#15680=DIRECTION('',(-1.,0.,0.));
#15681=DIRECTION('center_axis',(1.,0.,0.));
#15682=DIRECTION('ref_axis',(0.,0.,-1.));
#15683=DIRECTION('center_axis',(1.,0.,0.));
#15684=DIRECTION('ref_axis',(0.,0.,-1.));
#15685=DIRECTION('center_axis',(1.,0.,0.));
#15686=DIRECTION('ref_axis',(0.,0.,-1.));
#15687=DIRECTION('axis',(0.,0.,1.));
#15688=DIRECTION('refdir',(1.,0.,0.));
#15689=DIRECTION('center_axis',(1.,0.,0.));
#15690=DIRECTION('ref_axis',(0.,0.,-1.));
#15691=DIRECTION('center_axis',(1.,0.,0.));
#15692=DIRECTION('ref_axis',(0.,0.,-1.));
#15693=DIRECTION('',(1.,0.,0.));
#15694=DIRECTION('center_axis',(-1.,0.,0.));
#15695=DIRECTION('ref_axis',(0.,0.,-1.));
#15696=DIRECTION('center_axis',(1.,0.,0.));
#15697=DIRECTION('ref_axis',(0.,0.,-1.));
#15698=DIRECTION('center_axis',(1.,0.,0.));
#15699=DIRECTION('ref_axis',(0.,0.,-1.));
#15700=DIRECTION('',(1.,0.,0.));
#15701=DIRECTION('center_axis',(-1.,0.,0.));
#15702=DIRECTION('ref_axis',(0.,0.,-1.));
#15703=DIRECTION('center_axis',(1.,0.,0.));
#15704=DIRECTION('ref_axis',(0.,0.,-1.));
#15705=DIRECTION('center_axis',(1.,0.,0.));
#15706=DIRECTION('ref_axis',(0.,0.,-1.));
#15707=DIRECTION('',(1.,0.,0.));
#15708=DIRECTION('center_axis',(-1.,0.,0.));
#15709=DIRECTION('ref_axis',(0.,0.,-1.));
#15710=DIRECTION('center_axis',(1.,0.,0.));
#15711=DIRECTION('ref_axis',(0.,0.,-1.));
#15712=DIRECTION('center_axis',(1.,0.,0.));
#15713=DIRECTION('ref_axis',(0.,0.,-1.));
#15714=DIRECTION('',(1.,0.,0.));
#15715=DIRECTION('center_axis',(-1.,0.,0.));
#15716=DIRECTION('ref_axis',(0.,0.,-1.));
#15717=DIRECTION('center_axis',(1.,0.,0.));
#15718=DIRECTION('ref_axis',(0.,0.,-1.));
#15719=DIRECTION('center_axis',(1.,0.,0.));
#15720=DIRECTION('ref_axis',(0.,0.,-1.));
#15721=DIRECTION('',(1.,0.,0.));
#15722=DIRECTION('center_axis',(-1.,0.,0.));
#15723=DIRECTION('ref_axis',(0.,0.,-1.));
#15724=DIRECTION('center_axis',(0.,1.,0.));
#15725=DIRECTION('ref_axis',(-1.,0.,0.));
#15726=DIRECTION('',(-1.,0.,0.));
#15727=DIRECTION('',(0.,0.,1.));
#15728=DIRECTION('',(-1.,0.,0.));
#15729=DIRECTION('',(0.,0.,1.));
#15730=DIRECTION('center_axis',(1.,0.,0.));
#15731=DIRECTION('ref_axis',(0.,1.,0.));
#15732=DIRECTION('',(0.,1.,0.));
#15733=DIRECTION('',(0.,1.,0.));
#15734=DIRECTION('',(0.,0.,1.));
#15735=DIRECTION('center_axis',(0.,-1.,0.));
#15736=DIRECTION('ref_axis',(1.,0.,0.));
#15737=DIRECTION('',(1.,0.,0.));
#15738=DIRECTION('',(1.,0.,0.));
#15739=DIRECTION('',(0.,0.,1.));
#15740=DIRECTION('center_axis',(-1.,0.,0.));
#15741=DIRECTION('ref_axis',(0.,-1.,0.));
#15742=DIRECTION('',(0.,-1.,0.));
#15743=DIRECTION('',(0.,-1.,0.));
#15744=DIRECTION('center_axis',(0.,0.,1.));
#15745=DIRECTION('ref_axis',(1.,0.,0.));
#15746=DIRECTION('center_axis',(0.,0.,1.));
#15747=DIRECTION('ref_axis',(1.,0.,0.));
#15748=DIRECTION('axis',(0.,0.,1.));
#15749=DIRECTION('refdir',(1.,0.,0.));
#15750=DIRECTION('center_axis',(0.,0.,1.));
#15751=DIRECTION('ref_axis',(1.,0.,0.));
#15752=DIRECTION('',(0.,-1.,0.));
#15753=DIRECTION('',(-1.,0.,0.));
#15754=DIRECTION('',(0.,1.,0.));
#15755=DIRECTION('',(-1.,0.,0.));
#15756=DIRECTION('center_axis',(0.,1.,0.));
#15757=DIRECTION('ref_axis',(-1.,0.,0.));
#15758=DIRECTION('',(0.,0.,-1.));
#15759=DIRECTION('',(1.,0.,0.));
#15760=DIRECTION('',(0.,0.,1.));
#15761=DIRECTION('center_axis',(0.,-1.,0.));
#15762=DIRECTION('ref_axis',(1.,0.,0.));
#15763=DIRECTION('',(0.,0.,1.));
#15764=DIRECTION('',(1.,0.,0.));
#15765=DIRECTION('',(0.,0.,1.));
#15766=DIRECTION('center_axis',(-1.,0.,0.));
#15767=DIRECTION('ref_axis',(0.,-1.,0.));
#15768=DIRECTION('',(0.,-1.,0.));
#15769=DIRECTION('',(0.,0.,1.));
#15770=DIRECTION('',(0.,-1.,0.));
#15771=DIRECTION('center_axis',(1.,0.,0.));
#15772=DIRECTION('ref_axis',(0.,0.,-1.));
#15773=DIRECTION('center_axis',(1.,0.,0.));
#15774=DIRECTION('ref_axis',(0.,0.,-1.));
#15775=DIRECTION('center_axis',(1.,0.,0.));
#15776=DIRECTION('ref_axis',(0.,0.,-1.));
#15777=DIRECTION('center_axis',(1.,0.,0.));
#15778=DIRECTION('ref_axis',(0.,0.,-1.));
#15779=DIRECTION('center_axis',(1.,0.,0.));
#15780=DIRECTION('ref_axis',(0.,0.,-1.));
#15781=DIRECTION('center_axis',(0.,0.,1.));
#15782=DIRECTION('ref_axis',(1.,0.,0.));
#15783=DIRECTION('center_axis',(0.,0.,1.));
#15784=DIRECTION('ref_axis',(1.,0.,0.));
#15785=DIRECTION('',(0.,0.,1.));
#15786=DIRECTION('center_axis',(0.,0.,1.));
#15787=DIRECTION('ref_axis',(1.,0.,0.));
#15788=DIRECTION('center_axis',(0.,0.,1.));
#15789=DIRECTION('ref_axis',(1.,0.,0.));
#15790=DIRECTION('center_axis',(0.,0.,1.));
#15791=DIRECTION('ref_axis',(1.,0.,0.));
#15792=DIRECTION('center_axis',(0.,0.,1.));
#15793=DIRECTION('ref_axis',(1.,0.,0.));
#15794=DIRECTION('',(0.,0.,1.));
#15795=DIRECTION('center_axis',(0.,0.,1.));
#15796=DIRECTION('ref_axis',(1.,0.,0.));
#15797=DIRECTION('center_axis',(0.,0.,1.));
#15798=DIRECTION('ref_axis',(1.,0.,0.));
#15799=DIRECTION('center_axis',(1.,0.,0.));
#15800=DIRECTION('ref_axis',(0.,0.,-1.));
#15801=DIRECTION('',(1.,0.,0.));
#15802=DIRECTION('center_axis',(-1.,0.,0.));
#15803=DIRECTION('ref_axis',(0.,0.,-1.));
#15804=DIRECTION('center_axis',(1.,0.,0.));
#15805=DIRECTION('ref_axis',(0.,0.,-1.));
#15806=DIRECTION('',(1.,0.,0.));
#15807=DIRECTION('center_axis',(-1.,0.,0.));
#15808=DIRECTION('ref_axis',(0.,0.,-1.));
#15809=DIRECTION('center_axis',(1.,0.,0.));
#15810=DIRECTION('ref_axis',(0.,0.,-1.));
#15811=DIRECTION('',(1.,0.,0.));
#15812=DIRECTION('center_axis',(-1.,0.,0.));
#15813=DIRECTION('ref_axis',(0.,0.,-1.));
#15814=DIRECTION('center_axis',(1.,0.,0.));
#15815=DIRECTION('ref_axis',(0.,0.,-1.));
#15816=DIRECTION('',(1.,0.,0.));
#15817=DIRECTION('center_axis',(-1.,0.,0.));
#15818=DIRECTION('ref_axis',(0.,0.,-1.));
#15819=DIRECTION('center_axis',(1.,0.,0.));
#15820=DIRECTION('ref_axis',(0.,0.,-1.));
#15821=DIRECTION('',(1.,0.,0.));
#15822=DIRECTION('center_axis',(-1.,0.,0.));
#15823=DIRECTION('ref_axis',(0.,0.,-1.));
#15824=DIRECTION('center_axis',(0.,1.,0.));
#15825=DIRECTION('ref_axis',(-1.,0.,0.));
#15826=DIRECTION('',(-1.,0.,0.));
#15827=DIRECTION('',(-1.,0.,0.));
#15828=DIRECTION('',(0.,0.,1.));
#15829=DIRECTION('center_axis',(1.,0.,0.));
#15830=DIRECTION('ref_axis',(0.,1.,0.));
#15831=DIRECTION('',(0.,1.,0.));
#15832=DIRECTION('',(0.,1.,0.));
#15833=DIRECTION('center_axis',(0.,0.,1.));
#15834=DIRECTION('ref_axis',(1.,0.,0.));
#15835=DIRECTION('center_axis',(0.,0.,1.));
#15836=DIRECTION('ref_axis',(1.,0.,0.));
#15837=DIRECTION('axis',(0.,0.,1.));
#15838=DIRECTION('refdir',(1.,0.,0.));
#15839=DIRECTION('center_axis',(1.,0.,0.));
#15840=DIRECTION('ref_axis',(0.,0.,-1.));
#15841=DIRECTION('center_axis',(1.,0.,0.));
#15842=DIRECTION('ref_axis',(0.,0.,-1.));
#15843=DIRECTION('',(1.,0.,0.));
#15844=DIRECTION('center_axis',(-1.,0.,0.));
#15845=DIRECTION('ref_axis',(0.,0.,-1.));
#15846=DIRECTION('center_axis',(1.,0.,0.));
#15847=DIRECTION('ref_axis',(0.,0.,-1.));
#15848=DIRECTION('center_axis',(1.,0.,0.));
#15849=DIRECTION('ref_axis',(0.,0.,-1.));
#15850=DIRECTION('',(1.,0.,0.));
#15851=DIRECTION('center_axis',(-1.,0.,0.));
#15852=DIRECTION('ref_axis',(0.,0.,-1.));
#15853=DIRECTION('center_axis',(1.,0.,0.));
#15854=DIRECTION('ref_axis',(0.,0.,-1.));
#15855=DIRECTION('center_axis',(1.,0.,0.));
#15856=DIRECTION('ref_axis',(0.,0.,-1.));
#15857=DIRECTION('',(1.,0.,0.));
#15858=DIRECTION('center_axis',(-1.,0.,0.));
#15859=DIRECTION('ref_axis',(0.,0.,-1.));
#15860=DIRECTION('center_axis',(1.,0.,0.));
#15861=DIRECTION('ref_axis',(0.,0.,-1.));
#15862=DIRECTION('center_axis',(1.,0.,0.));
#15863=DIRECTION('ref_axis',(0.,0.,-1.));
#15864=DIRECTION('',(-1.,0.,0.));
#15865=DIRECTION('center_axis',(1.,0.,0.));
#15866=DIRECTION('ref_axis',(0.,0.,-1.));
#15867=DIRECTION('center_axis',(1.,0.,0.));
#15868=DIRECTION('ref_axis',(0.,0.,-1.));
#15869=DIRECTION('center_axis',(1.,0.,0.));
#15870=DIRECTION('ref_axis',(0.,0.,-1.));
#15871=DIRECTION('',(0.,0.,1.));
#15872=DIRECTION('',(1.,0.,0.));
#15873=DIRECTION('',(0.,0.,1.));
#15874=DIRECTION('',(1.,0.,0.));
#15875=DIRECTION('',(0.,0.,1.));
#15876=DIRECTION('',(1.,0.,0.));
#15877=DIRECTION('',(0.,0.,1.));
#15878=DIRECTION('',(1.,0.,0.));
#15879=DIRECTION('',(0.,0.,1.));
#15880=DIRECTION('',(1.,0.,0.));
#15881=DIRECTION('',(0.,0.,1.));
#15882=DIRECTION('',(1.,0.,0.));
#15883=DIRECTION('',(0.,0.,1.));
#15884=DIRECTION('',(1.,0.,0.));
#15885=DIRECTION('',(0.,0.,1.));
#15886=DIRECTION('',(1.,0.,0.));
#15887=DIRECTION('',(0.,0.,1.));
#15888=DIRECTION('',(1.,0.,0.));
#15889=DIRECTION('',(0.,0.,1.));
#15890=DIRECTION('',(1.,0.,0.));
#15891=DIRECTION('axis',(0.,0.,1.));
#15892=DIRECTION('refdir',(1.,0.,0.));
#15893=DIRECTION('axis',(0.,0.,1.));
#15894=DIRECTION('refdir',(1.,0.,0.));
#15895=DIRECTION('center_axis',(1.,0.,0.));
#15896=DIRECTION('ref_axis',(0.,0.,-1.));
#15897=DIRECTION('center_axis',(1.,0.,0.));
#15898=DIRECTION('ref_axis',(0.,0.,-1.));
#15899=DIRECTION('',(1.,0.,0.));
#15900=DIRECTION('center_axis',(-1.,0.,0.));
#15901=DIRECTION('ref_axis',(0.,0.,-1.));
#15902=DIRECTION('center_axis',(1.,0.,0.));
#15903=DIRECTION('ref_axis',(0.,0.,-1.));
#15904=DIRECTION('center_axis',(1.,0.,0.));
#15905=DIRECTION('ref_axis',(0.,0.,-1.));
#15906=DIRECTION('center_axis',(1.,0.,0.));
#15907=DIRECTION('ref_axis',(0.,0.,-1.));
#15908=DIRECTION('',(1.,0.,0.));
#15909=DIRECTION('center_axis',(1.,0.,0.));
#15910=DIRECTION('ref_axis',(0.,0.,-1.));
#15911=DIRECTION('center_axis',(1.,0.,0.));
#15912=DIRECTION('ref_axis',(0.,0.,-1.));
#15913=DIRECTION('center_axis',(0.,1.,0.));
#15914=DIRECTION('ref_axis',(-1.,0.,0.));
#15915=DIRECTION('',(-1.,0.,0.));
#15916=DIRECTION('',(0.,0.,1.));
#15917=DIRECTION('',(-1.,0.,0.));
#15918=DIRECTION('',(0.,0.,1.));
#15919=DIRECTION('center_axis',(1.,0.,0.));
#15920=DIRECTION('ref_axis',(0.,1.,0.));
#15921=DIRECTION('',(0.,1.,0.));
#15922=DIRECTION('',(0.,1.,0.));
#15923=DIRECTION('',(0.,0.,1.));
#15924=DIRECTION('center_axis',(0.,-1.,0.));
#15925=DIRECTION('ref_axis',(1.,0.,0.));
#15926=DIRECTION('',(1.,0.,0.));
#15927=DIRECTION('',(1.,0.,0.));
#15928=DIRECTION('',(0.,0.,1.));
#15929=DIRECTION('center_axis',(-1.,0.,0.));
#15930=DIRECTION('ref_axis',(0.,-1.,0.));
#15931=DIRECTION('',(0.,-1.,0.));
#15932=DIRECTION('',(0.,-1.,0.));
#15933=DIRECTION('center_axis',(0.,0.,1.));
#15934=DIRECTION('ref_axis',(1.,0.,0.));
#15935=DIRECTION('center_axis',(0.,0.,1.));
#15936=DIRECTION('ref_axis',(1.,0.,0.));
#15937=DIRECTION('axis',(0.,0.,1.));
#15938=DIRECTION('refdir',(1.,0.,0.));
#15939=DIRECTION('center_axis',(1.,0.,0.));
#15940=DIRECTION('ref_axis',(0.,0.,-1.));
#15941=DIRECTION('center_axis',(1.,0.,0.));
#15942=DIRECTION('ref_axis',(0.,0.,-1.));
#15943=DIRECTION('',(1.,0.,0.));
#15944=DIRECTION('center_axis',(-1.,0.,0.));
#15945=DIRECTION('ref_axis',(0.,0.,-1.));
#15946=DIRECTION('center_axis',(1.,0.,0.));
#15947=DIRECTION('ref_axis',(0.,0.,-1.));
#15948=DIRECTION('center_axis',(1.,0.,0.));
#15949=DIRECTION('ref_axis',(0.,0.,-1.));
#15950=DIRECTION('center_axis',(1.,0.,0.));
#15951=DIRECTION('ref_axis',(0.,0.,-1.));
#15952=DIRECTION('',(1.,0.,0.));
#15953=DIRECTION('center_axis',(1.,0.,0.));
#15954=DIRECTION('ref_axis',(0.,0.,-1.));
#15955=DIRECTION('center_axis',(1.,0.,0.));
#15956=DIRECTION('ref_axis',(0.,0.,-1.));
#15957=DIRECTION('center_axis',(0.,1.,0.));
#15958=DIRECTION('ref_axis',(-1.,0.,0.));
#15959=DIRECTION('',(-1.,0.,0.));
#15960=DIRECTION('',(0.,0.,1.));
#15961=DIRECTION('',(-1.,0.,0.));
#15962=DIRECTION('',(0.,0.,1.));
#15963=DIRECTION('center_axis',(1.,0.,0.));
#15964=DIRECTION('ref_axis',(0.,1.,0.));
#15965=DIRECTION('',(0.,1.,0.));
#15966=DIRECTION('',(0.,1.,0.));
#15967=DIRECTION('',(0.,0.,1.));
#15968=DIRECTION('center_axis',(0.,-1.,0.));
#15969=DIRECTION('ref_axis',(1.,0.,0.));
#15970=DIRECTION('',(1.,0.,0.));
#15971=DIRECTION('',(1.,0.,0.));
#15972=DIRECTION('',(0.,0.,1.));
#15973=DIRECTION('center_axis',(-1.,0.,0.));
#15974=DIRECTION('ref_axis',(0.,-1.,0.));
#15975=DIRECTION('',(0.,-1.,0.));
#15976=DIRECTION('',(0.,-1.,0.));
#15977=DIRECTION('center_axis',(0.,0.,1.));
#15978=DIRECTION('ref_axis',(1.,0.,0.));
#15979=DIRECTION('center_axis',(0.,0.,1.));
#15980=DIRECTION('ref_axis',(1.,0.,0.));
#15981=DIRECTION('',(0.,0.,1.));
#15982=DIRECTION('',(1.,0.,0.));
#15983=DIRECTION('',(0.,0.,1.));
#15984=DIRECTION('',(1.,0.,0.));
#15985=DIRECTION('',(0.,0.,1.));
#15986=DIRECTION('',(1.,0.,0.));
#15987=DIRECTION('',(0.,0.,1.));
#15988=DIRECTION('',(1.,0.,0.));
#15989=DIRECTION('',(0.,0.,1.));
#15990=DIRECTION('',(1.,0.,0.));
#15991=DIRECTION('',(0.,0.,1.));
#15992=DIRECTION('',(1.,0.,0.));
#15993=DIRECTION('',(0.,0.,1.));
#15994=DIRECTION('',(1.,0.,0.));
#15995=DIRECTION('',(0.,0.,1.));
#15996=DIRECTION('',(1.,0.,0.));
#15997=DIRECTION('',(0.,0.,1.));
#15998=DIRECTION('',(1.,0.,0.));
#15999=CARTESIAN_POINT('',(0.,0.,0.));
#16000=CARTESIAN_POINT('',(0.,0.,0.));
#16001=CARTESIAN_POINT('',(0.,0.,0.));
#16002=CARTESIAN_POINT('Origin',(12.,-15.,2.9));
#16003=CARTESIAN_POINT('',(10.3,-15.,3.));
#16004=CARTESIAN_POINT('Origin',(12.,-15.,3.));
#16005=CARTESIAN_POINT('',(10.3,-15.,5.));
#16006=CARTESIAN_POINT('',(10.3,-15.,2.9));
#16007=CARTESIAN_POINT('Origin',(12.,-15.,5.));
#16008=CARTESIAN_POINT('Origin',(-12.,60.,2.9));
#16009=CARTESIAN_POINT('',(-13.7,60.,3.));
#16010=CARTESIAN_POINT('Origin',(-12.,60.,3.));
#16011=CARTESIAN_POINT('',(-13.7,60.,5.));
#16012=CARTESIAN_POINT('',(-13.7,60.,2.9));
#16013=CARTESIAN_POINT('Origin',(-12.,60.,5.));
#16014=CARTESIAN_POINT('Origin',(-12.,-15.,2.9));
#16015=CARTESIAN_POINT('',(-13.7,-15.,3.));
#16016=CARTESIAN_POINT('Origin',(-12.,-15.,3.));
#16017=CARTESIAN_POINT('',(-13.7,-15.,5.));
#16018=CARTESIAN_POINT('',(-13.7,-15.,2.9));
#16019=CARTESIAN_POINT('Origin',(-12.,-15.,5.));
#16020=CARTESIAN_POINT('Origin',(12.,60.,2.9));
#16021=CARTESIAN_POINT('',(10.3,60.,3.));
#16022=CARTESIAN_POINT('Origin',(12.,60.,3.));
#16023=CARTESIAN_POINT('',(10.3,60.,5.));
#16024=CARTESIAN_POINT('',(10.3,60.,2.9));
#16025=CARTESIAN_POINT('Origin',(12.,60.,5.));
#16026=CARTESIAN_POINT('Origin',(53.,-16.,2.9));
#16027=CARTESIAN_POINT('',(52.6670832032063,-14.3329167967937,3.));
#16028=CARTESIAN_POINT('',(52.6670832032063,-14.3329167967937,5.));
#16029=CARTESIAN_POINT('',(52.6670832032063,-14.3329167967937,2.9));
#16030=CARTESIAN_POINT('',(51.3329167967937,-15.6670832032063,3.));
#16031=CARTESIAN_POINT('Origin',(53.,-16.,3.));
#16032=CARTESIAN_POINT('',(51.3329167967937,-15.6670832032063,5.));
#16033=CARTESIAN_POINT('',(51.3329167967937,-15.6670832032063,2.9));
#16034=CARTESIAN_POINT('Origin',(53.,-16.,5.));
#16035=CARTESIAN_POINT('Origin',(53.,16.,2.9));
#16036=CARTESIAN_POINT('',(51.3329167967937,15.6670832032063,3.));
#16037=CARTESIAN_POINT('',(51.3329167967937,15.6670832032063,5.));
#16038=CARTESIAN_POINT('',(51.3329167967937,15.6670832032063,2.9));
#16039=CARTESIAN_POINT('',(52.6670832032063,14.3329167967937,3.));
#16040=CARTESIAN_POINT('Origin',(53.,16.,3.));
#16041=CARTESIAN_POINT('',(52.6670832032063,14.3329167967937,5.));
#16042=CARTESIAN_POINT('',(52.6670832032063,14.3329167967937,2.9));
#16043=CARTESIAN_POINT('Origin',(53.,16.,5.));
#16044=CARTESIAN_POINT('Origin',(51.,-14.,0.));
#16045=CARTESIAN_POINT('Origin',(51.,-14.,3.));
#16046=CARTESIAN_POINT('Origin',(51.,-14.,5.));
#16047=CARTESIAN_POINT('Origin',(51.,14.,0.));
#16048=CARTESIAN_POINT('Origin',(51.,14.,3.));
#16049=CARTESIAN_POINT('Origin',(51.,14.,5.));
#16050=CARTESIAN_POINT('Origin',(-53.,-16.,2.9));
#16051=CARTESIAN_POINT('',(-51.3329167967937,-15.6670832032063,3.));
#16052=CARTESIAN_POINT('',(-51.3329167967937,-15.6670832032063,5.));
#16053=CARTESIAN_POINT('',(-51.3329167967937,-15.6670832032063,2.9));
#16054=CARTESIAN_POINT('',(-52.6670832032063,-14.3329167967937,3.));
#16055=CARTESIAN_POINT('Origin',(-53.,-16.,3.));
#16056=CARTESIAN_POINT('',(-52.6670832032063,-14.3329167967937,5.));
#16057=CARTESIAN_POINT('',(-52.6670832032063,-14.3329167967937,2.9));
#16058=CARTESIAN_POINT('Origin',(-53.,-16.,5.));
#16059=CARTESIAN_POINT('Origin',(-53.,16.,2.9));
#16060=CARTESIAN_POINT('',(-52.6670832032063,14.3329167967937,3.));
#16061=CARTESIAN_POINT('',(-52.6670832032063,14.3329167967937,5.));
#16062=CARTESIAN_POINT('',(-52.6670832032063,14.3329167967937,2.9));
#16063=CARTESIAN_POINT('',(-51.3329167967937,15.6670832032063,3.));
#16064=CARTESIAN_POINT('Origin',(-53.,16.,3.));
#16065=CARTESIAN_POINT('',(-51.3329167967937,15.6670832032063,5.));
#16066=CARTESIAN_POINT('',(-51.3329167967937,15.6670832032063,2.9));
#16067=CARTESIAN_POINT('Origin',(-53.,16.,5.));
#16068=CARTESIAN_POINT('Origin',(-51.,-14.,0.));
#16069=CARTESIAN_POINT('Origin',(-51.,-14.,3.));
#16070=CARTESIAN_POINT('Origin',(-51.,-14.,5.));
#16071=CARTESIAN_POINT('Origin',(-51.,14.,0.));
#16072=CARTESIAN_POINT('Origin',(-51.,14.,3.));
#16073=CARTESIAN_POINT('Origin',(-51.,14.,5.));
#16074=CARTESIAN_POINT('Origin',(29.5,64.5,2.9));
#16075=CARTESIAN_POINT('',(27.8,64.5,3.));
#16076=CARTESIAN_POINT('Origin',(29.5,64.5,3.));
#16077=CARTESIAN_POINT('',(27.8,64.5,5.));
#16078=CARTESIAN_POINT('',(27.8,64.5,2.9));
#16079=CARTESIAN_POINT('Origin',(29.5,64.5,5.));
#16080=CARTESIAN_POINT('Origin',(29.5,72.5,2.9));
#16081=CARTESIAN_POINT('',(27.8,72.5,3.));
#16082=CARTESIAN_POINT('Origin',(29.5,72.5,3.));
#16083=CARTESIAN_POINT('',(27.8,72.5,5.));
#16084=CARTESIAN_POINT('',(27.8,72.5,2.9));
#16085=CARTESIAN_POINT('Origin',(29.5,72.5,5.));
#16086=CARTESIAN_POINT('Origin',(-29.5,64.5,2.9));
#16087=CARTESIAN_POINT('',(-31.2,64.5,3.));
#16088=CARTESIAN_POINT('Origin',(-29.5,64.5,3.));
#16089=CARTESIAN_POINT('',(-31.2,64.5,5.));
#16090=CARTESIAN_POINT('',(-31.2,64.5,2.9));
#16091=CARTESIAN_POINT('Origin',(-29.5,64.5,5.));
#16092=CARTESIAN_POINT('Origin',(-29.5,72.5,2.9));
#16093=CARTESIAN_POINT('',(-31.2,72.5,3.));
#16094=CARTESIAN_POINT('Origin',(-29.5,72.5,3.));
#16095=CARTESIAN_POINT('',(-31.2,72.5,5.));
#16096=CARTESIAN_POINT('',(-31.2,72.5,2.9));
#16097=CARTESIAN_POINT('Origin',(-29.5,72.5,5.));
#16098=CARTESIAN_POINT('Origin',(-15.,-38.,1.));
#16099=CARTESIAN_POINT('',(-16.25,-38.,3.));
#16100=CARTESIAN_POINT('Origin',(-15.,-38.,3.));
#16101=CARTESIAN_POINT('',(-16.25,-38.,5.));
#16102=CARTESIAN_POINT('',(-16.25,-38.,1.));
#16103=CARTESIAN_POINT('Origin',(-15.,-38.,5.));
#16104=CARTESIAN_POINT('Origin',(15.,-38.,1.));
#16105=CARTESIAN_POINT('',(13.75,-38.,3.));
#16106=CARTESIAN_POINT('Origin',(15.,-38.,3.));
#16107=CARTESIAN_POINT('',(13.75,-38.,5.));
#16108=CARTESIAN_POINT('',(13.75,-38.,1.));
#16109=CARTESIAN_POINT('Origin',(15.,-38.,5.));
#16110=CARTESIAN_POINT('Origin',(-4.,-80.,1.));
#16111=CARTESIAN_POINT('',(-5.25,-80.,3.));
#16112=CARTESIAN_POINT('Origin',(-4.,-80.,3.));
#16113=CARTESIAN_POINT('',(-5.25,-80.,5.));
#16114=CARTESIAN_POINT('',(-5.25,-80.,1.));
#16115=CARTESIAN_POINT('Origin',(-4.,-80.,5.));
#16116=CARTESIAN_POINT('Origin',(-4.,-70.,1.));
#16117=CARTESIAN_POINT('',(-5.25,-70.,3.));
#16118=CARTESIAN_POINT('Origin',(-4.,-70.,3.));
#16119=CARTESIAN_POINT('',(-5.25,-70.,5.));
#16120=CARTESIAN_POINT('',(-5.25,-70.,1.));
#16121=CARTESIAN_POINT('Origin',(-4.,-70.,5.));
#16122=CARTESIAN_POINT('Origin',(-31.,-74.,1.));
#16123=CARTESIAN_POINT('',(-32.25,-74.,3.));
#16124=CARTESIAN_POINT('Origin',(-31.,-74.,3.));
#16125=CARTESIAN_POINT('',(-32.25,-74.,5.));
#16126=CARTESIAN_POINT('',(-32.25,-74.,1.));
#16127=CARTESIAN_POINT('Origin',(-31.,-74.,5.));
#16128=CARTESIAN_POINT('Origin',(-21.,-74.,1.));
#16129=CARTESIAN_POINT('',(-22.25,-74.,3.));
#16130=CARTESIAN_POINT('Origin',(-21.,-74.,3.));
#16131=CARTESIAN_POINT('',(-22.25,-74.,5.));
#16132=CARTESIAN_POINT('',(-22.25,-74.,1.));
#16133=CARTESIAN_POINT('Origin',(-21.,-74.,5.));
#16134=CARTESIAN_POINT('Origin',(66.,-72.,1.));
#16135=CARTESIAN_POINT('',(64.75,-72.,3.));
#16136=CARTESIAN_POINT('Origin',(66.,-72.,3.));
#16137=CARTESIAN_POINT('',(64.75,-72.,5.));
#16138=CARTESIAN_POINT('',(64.75,-72.,1.));
#16139=CARTESIAN_POINT('Origin',(66.,-72.,5.));
#16140=CARTESIAN_POINT('Origin',(66.,-30.,1.));
#16141=CARTESIAN_POINT('',(64.75,-30.,3.));
#16142=CARTESIAN_POINT('Origin',(66.,-30.,3.));
#16143=CARTESIAN_POINT('',(64.75,-30.,5.));
#16144=CARTESIAN_POINT('',(64.75,-30.,1.));
#16145=CARTESIAN_POINT('Origin',(66.,-30.,5.));
#16146=CARTESIAN_POINT('Origin',(-52.,-80.5,1.));
#16147=CARTESIAN_POINT('',(-53.25,-80.5,3.));
#16148=CARTESIAN_POINT('Origin',(-52.,-80.5,3.));
#16149=CARTESIAN_POINT('',(-53.25,-80.5,5.));
#16150=CARTESIAN_POINT('',(-53.25,-80.5,1.));
#16151=CARTESIAN_POINT('Origin',(-52.,-80.5,5.));
#16152=CARTESIAN_POINT('Origin',(-52.,-45.5,1.));
#16153=CARTESIAN_POINT('',(-53.25,-45.5,3.));
#16154=CARTESIAN_POINT('Origin',(-52.,-45.5,3.));
#16155=CARTESIAN_POINT('',(-53.25,-45.5,5.));
#16156=CARTESIAN_POINT('',(-53.25,-45.5,1.));
#16157=CARTESIAN_POINT('Origin',(-52.,-45.5,5.));
#16158=CARTESIAN_POINT('Origin',(21.85,28.,1.));
#16159=CARTESIAN_POINT('',(20.6,28.,3.));
#16160=CARTESIAN_POINT('Origin',(21.85,28.,3.));
#16161=CARTESIAN_POINT('',(20.6,28.,5.));
#16162=CARTESIAN_POINT('',(20.6,28.,1.));
#16163=CARTESIAN_POINT('Origin',(21.85,28.,5.));
#16164=CARTESIAN_POINT('Origin',(48.15,28.,1.));
#16165=CARTESIAN_POINT('',(46.9,28.,3.));
#16166=CARTESIAN_POINT('Origin',(48.15,28.,3.));
#16167=CARTESIAN_POINT('',(46.9,28.,5.));
#16168=CARTESIAN_POINT('',(46.9,28.,1.));
#16169=CARTESIAN_POINT('Origin',(48.15,28.,5.));
#16170=CARTESIAN_POINT('Origin',(12.7,34.,1.));
#16171=CARTESIAN_POINT('',(12.7,40.,5.));
#16172=CARTESIAN_POINT('',(12.7,34.,5.));
#16173=CARTESIAN_POINT('',(12.7,17.,5.));
#16174=CARTESIAN_POINT('',(12.7,40.,3.));
#16175=CARTESIAN_POINT('',(12.7,40.,1.));
#16176=CARTESIAN_POINT('',(12.7,34.,3.));
#16177=CARTESIAN_POINT('',(12.7,17.,3.));
#16178=CARTESIAN_POINT('',(12.7,34.,1.));
#16179=CARTESIAN_POINT('Origin',(9.3,40.,1.));
#16180=CARTESIAN_POINT('',(9.3,40.,3.));
#16181=CARTESIAN_POINT('',(9.3,34.,3.));
#16182=CARTESIAN_POINT('',(9.3,20.,3.));
#16183=CARTESIAN_POINT('',(9.3,40.,5.));
#16184=CARTESIAN_POINT('',(9.3,40.,1.));
#16185=CARTESIAN_POINT('',(9.3,34.,5.));
#16186=CARTESIAN_POINT('',(9.3,20.,5.));
#16187=CARTESIAN_POINT('',(9.3,34.,1.));
#16188=CARTESIAN_POINT('Origin',(12.7,40.,1.));
#16189=CARTESIAN_POINT('',(6.35,40.,5.));
#16190=CARTESIAN_POINT('',(6.35,40.,3.));
#16191=CARTESIAN_POINT('Origin',(9.3,34.,1.));
#16192=CARTESIAN_POINT('',(4.65,34.,3.));
#16193=CARTESIAN_POINT('',(4.65,34.,5.));
#16194=CARTESIAN_POINT('Origin',(-9.3,34.,1.));
#16195=CARTESIAN_POINT('',(-9.3,40.,5.));
#16196=CARTESIAN_POINT('',(-9.3,34.,5.));
#16197=CARTESIAN_POINT('',(-9.3,17.,5.));
#16198=CARTESIAN_POINT('',(-9.3,40.,3.));
#16199=CARTESIAN_POINT('',(-9.3,40.,1.));
#16200=CARTESIAN_POINT('',(-9.3,34.,3.));
#16201=CARTESIAN_POINT('',(-9.3,17.,3.));
#16202=CARTESIAN_POINT('',(-9.3,34.,1.));
#16203=CARTESIAN_POINT('Origin',(-12.7,40.,1.));
#16204=CARTESIAN_POINT('',(-12.7,40.,3.));
#16205=CARTESIAN_POINT('',(-12.7,34.,3.));
#16206=CARTESIAN_POINT('',(-12.7,20.,3.));
#16207=CARTESIAN_POINT('',(-12.7,40.,5.));
#16208=CARTESIAN_POINT('',(-12.7,40.,1.));
#16209=CARTESIAN_POINT('',(-12.7,34.,5.));
#16210=CARTESIAN_POINT('',(-12.7,20.,5.));
#16211=CARTESIAN_POINT('',(-12.7,34.,1.));
#16212=CARTESIAN_POINT('Origin',(-9.3,40.,1.));
#16213=CARTESIAN_POINT('',(-4.65,40.,5.));
#16214=CARTESIAN_POINT('',(-4.65,40.,3.));
#16215=CARTESIAN_POINT('Origin',(-12.7,34.,1.));
#16216=CARTESIAN_POINT('',(-6.35,34.,3.));
#16217=CARTESIAN_POINT('',(-6.35,34.,5.));
#16218=CARTESIAN_POINT('Origin',(12.7,13.,1.));
#16219=CARTESIAN_POINT('',(12.7,19.,5.));
#16220=CARTESIAN_POINT('',(12.7,13.,5.));
#16221=CARTESIAN_POINT('',(12.7,6.5,5.));
#16222=CARTESIAN_POINT('',(12.7,19.,3.));
#16223=CARTESIAN_POINT('',(12.7,19.,1.));
#16224=CARTESIAN_POINT('',(12.7,13.,3.));
#16225=CARTESIAN_POINT('',(12.7,6.5,3.));
#16226=CARTESIAN_POINT('',(12.7,13.,1.));
#16227=CARTESIAN_POINT('Origin',(9.3,19.,1.));
#16228=CARTESIAN_POINT('',(9.3,19.,3.));
#16229=CARTESIAN_POINT('',(9.3,13.,3.));
#16230=CARTESIAN_POINT('',(9.3,9.5,3.));
#16231=CARTESIAN_POINT('',(9.3,19.,5.));
#16232=CARTESIAN_POINT('',(9.3,19.,1.));
#16233=CARTESIAN_POINT('',(9.3,13.,5.));
#16234=CARTESIAN_POINT('',(9.3,9.5,5.));
#16235=CARTESIAN_POINT('',(9.3,13.,1.));
#16236=CARTESIAN_POINT('Origin',(12.7,19.,1.));
#16237=CARTESIAN_POINT('',(6.35,19.,5.));
#16238=CARTESIAN_POINT('',(6.35,19.,3.));
#16239=CARTESIAN_POINT('Origin',(9.3,13.,1.));
#16240=CARTESIAN_POINT('',(4.65,13.,3.));
#16241=CARTESIAN_POINT('',(4.65,13.,5.));
#16242=CARTESIAN_POINT('Origin',(-9.3,13.,1.));
#16243=CARTESIAN_POINT('',(-9.3,19.,5.));
#16244=CARTESIAN_POINT('',(-9.3,13.,5.));
#16245=CARTESIAN_POINT('',(-9.3,6.5,5.));
#16246=CARTESIAN_POINT('',(-9.3,19.,3.));
#16247=CARTESIAN_POINT('',(-9.3,19.,1.));
#16248=CARTESIAN_POINT('',(-9.3,13.,3.));
#16249=CARTESIAN_POINT('',(-9.3,6.5,3.));
#16250=CARTESIAN_POINT('',(-9.3,13.,1.));
#16251=CARTESIAN_POINT('Origin',(-12.7,19.,1.));
#16252=CARTESIAN_POINT('',(-12.7,19.,3.));
#16253=CARTESIAN_POINT('',(-12.7,13.,3.));
#16254=CARTESIAN_POINT('',(-12.7,9.5,3.));
#16255=CARTESIAN_POINT('',(-12.7,19.,5.));
#16256=CARTESIAN_POINT('',(-12.7,19.,1.));
#16257=CARTESIAN_POINT('',(-12.7,13.,5.));
#16258=CARTESIAN_POINT('',(-12.7,9.5,5.));
#16259=CARTESIAN_POINT('',(-12.7,13.,1.));
#16260=CARTESIAN_POINT('Origin',(-9.3,19.,1.));
#16261=CARTESIAN_POINT('',(-4.65,19.,5.));
#16262=CARTESIAN_POINT('',(-4.65,19.,3.));
#16263=CARTESIAN_POINT('Origin',(-12.7,13.,1.));
#16264=CARTESIAN_POINT('',(-6.35,13.,3.));
#16265=CARTESIAN_POINT('',(-6.35,13.,5.));
#16266=CARTESIAN_POINT('Origin',(32.5,-70.,1.));
#16267=CARTESIAN_POINT('',(31.05,-70.,3.));
#16268=CARTESIAN_POINT('Origin',(32.5,-70.,3.));
#16269=CARTESIAN_POINT('',(31.05,-70.,5.));
#16270=CARTESIAN_POINT('',(31.05,-70.,1.));
#16271=CARTESIAN_POINT('Origin',(32.5,-70.,5.));
#16272=CARTESIAN_POINT('Origin',(51.5,-70.,1.));
#16273=CARTESIAN_POINT('',(50.05,-70.,3.));
#16274=CARTESIAN_POINT('Origin',(51.5,-70.,3.));
#16275=CARTESIAN_POINT('',(50.05,-70.,5.));
#16276=CARTESIAN_POINT('',(50.05,-70.,1.));
#16277=CARTESIAN_POINT('Origin',(51.5,-70.,5.));
#16278=CARTESIAN_POINT('Origin',(-34.,-46.,1.));
#16279=CARTESIAN_POINT('',(-35.45,-46.,3.));
#16280=CARTESIAN_POINT('Origin',(-34.,-46.,3.));
#16281=CARTESIAN_POINT('',(-35.45,-46.,5.));
#16282=CARTESIAN_POINT('',(-35.45,-46.,1.));
#16283=CARTESIAN_POINT('Origin',(-34.,-46.,5.));
#16284=CARTESIAN_POINT('Origin',(34.,-30.,1.));
#16285=CARTESIAN_POINT('',(32.55,-30.,3.));
#16286=CARTESIAN_POINT('Origin',(34.,-30.,3.));
#16287=CARTESIAN_POINT('',(32.55,-30.,5.));
#16288=CARTESIAN_POINT('',(32.55,-30.,1.));
#16289=CARTESIAN_POINT('Origin',(34.,-30.,5.));
#16290=CARTESIAN_POINT('Origin',(-34.,-30.,1.));
#16291=CARTESIAN_POINT('',(-35.45,-30.,3.));
#16292=CARTESIAN_POINT('Origin',(-34.,-30.,3.));
#16293=CARTESIAN_POINT('',(-35.45,-30.,5.));
#16294=CARTESIAN_POINT('',(-35.45,-30.,1.));
#16295=CARTESIAN_POINT('Origin',(-34.,-30.,5.));
#16296=CARTESIAN_POINT('Origin',(34.,-46.,1.));
#16297=CARTESIAN_POINT('',(32.55,-46.,3.));
#16298=CARTESIAN_POINT('Origin',(34.,-46.,3.));
#16299=CARTESIAN_POINT('',(32.55,-46.,5.));
#16300=CARTESIAN_POINT('',(32.55,-46.,1.));
#16301=CARTESIAN_POINT('Origin',(34.,-46.,5.));
#16302=CARTESIAN_POINT('Origin',(38.7,14.,0.));
#16303=CARTESIAN_POINT('',(37.,14.,3.));
#16304=CARTESIAN_POINT('Origin',(38.7,14.,3.));
#16305=CARTESIAN_POINT('',(37.,14.,5.));
#16306=CARTESIAN_POINT('',(37.,14.,0.));
#16307=CARTESIAN_POINT('Origin',(38.7,14.,5.));
#16308=CARTESIAN_POINT('Origin',(38.7,-14.,0.));
#16309=CARTESIAN_POINT('',(37.,-14.,3.));
#16310=CARTESIAN_POINT('Origin',(38.7,-14.,3.));
#16311=CARTESIAN_POINT('',(37.,-14.,5.));
#16312=CARTESIAN_POINT('',(37.,-14.,0.));
#16313=CARTESIAN_POINT('Origin',(38.7,-14.,5.));
#16314=CARTESIAN_POINT('Origin',(-38.7,-14.,0.));
#16315=CARTESIAN_POINT('',(-40.4,-14.,3.));
#16316=CARTESIAN_POINT('Origin',(-38.7,-14.,3.));
#16317=CARTESIAN_POINT('',(-40.4,-14.,5.));
#16318=CARTESIAN_POINT('',(-40.4,-14.,0.));
#16319=CARTESIAN_POINT('Origin',(-38.7,-14.,5.));
#16320=CARTESIAN_POINT('Origin',(-38.7,14.,0.));
#16321=CARTESIAN_POINT('',(-40.4,14.,3.));
#16322=CARTESIAN_POINT('Origin',(-38.7,14.,3.));
#16323=CARTESIAN_POINT('',(-40.4,14.,5.));
#16324=CARTESIAN_POINT('',(-40.4,14.,0.));
#16325=CARTESIAN_POINT('Origin',(-38.7,14.,5.));
#16326=CARTESIAN_POINT('Origin',(73.,80.,0.));
#16327=CARTESIAN_POINT('',(71.3,80.,3.));
#16328=CARTESIAN_POINT('Origin',(73.,80.,3.));
#16329=CARTESIAN_POINT('',(71.3,80.,5.));
#16330=CARTESIAN_POINT('',(71.3,80.,0.));
#16331=CARTESIAN_POINT('Origin',(73.,80.,5.));
#16332=CARTESIAN_POINT('Origin',(50.,50.,0.));
#16333=CARTESIAN_POINT('',(48.3,50.,3.));
#16334=CARTESIAN_POINT('Origin',(50.,50.,3.));
#16335=CARTESIAN_POINT('',(48.3,50.,5.));
#16336=CARTESIAN_POINT('',(48.3,50.,0.));
#16337=CARTESIAN_POINT('Origin',(50.,50.,5.));
#16338=CARTESIAN_POINT('Origin',(-73.,80.,0.));
#16339=CARTESIAN_POINT('',(-74.7,80.,3.));
#16340=CARTESIAN_POINT('Origin',(-73.,80.,3.));
#16341=CARTESIAN_POINT('',(-74.7,80.,5.));
#16342=CARTESIAN_POINT('',(-74.7,80.,0.));
#16343=CARTESIAN_POINT('Origin',(-73.,80.,5.));
#16344=CARTESIAN_POINT('Origin',(-50.,50.,0.));
#16345=CARTESIAN_POINT('',(-51.7,50.,3.));
#16346=CARTESIAN_POINT('Origin',(-50.,50.,3.));
#16347=CARTESIAN_POINT('',(-51.7,50.,5.));
#16348=CARTESIAN_POINT('',(-51.7,50.,0.));
#16349=CARTESIAN_POINT('Origin',(-50.,50.,5.));
#16350=CARTESIAN_POINT('Origin',(-75.,35.,0.));
#16351=CARTESIAN_POINT('',(-76.7,35.,3.));
#16352=CARTESIAN_POINT('Origin',(-75.,35.,3.));
#16353=CARTESIAN_POINT('',(-76.7,35.,5.));
#16354=CARTESIAN_POINT('',(-76.7,35.,0.));
#16355=CARTESIAN_POINT('Origin',(-75.,35.,5.));
#16356=CARTESIAN_POINT('Origin',(75.,-85.,0.));
#16357=CARTESIAN_POINT('',(73.3,-85.,3.));
#16358=CARTESIAN_POINT('Origin',(75.,-85.,3.));
#16359=CARTESIAN_POINT('',(73.3,-85.,5.));
#16360=CARTESIAN_POINT('',(73.3,-85.,0.));
#16361=CARTESIAN_POINT('Origin',(75.,-85.,5.));
#16362=CARTESIAN_POINT('Origin',(-75.,-85.,0.));
#16363=CARTESIAN_POINT('',(-76.7,-85.,3.));
#16364=CARTESIAN_POINT('Origin',(-75.,-85.,3.));
#16365=CARTESIAN_POINT('',(-76.7,-85.,5.));
#16366=CARTESIAN_POINT('',(-76.7,-85.,0.));
#16367=CARTESIAN_POINT('Origin',(-75.,-85.,5.));
#16368=CARTESIAN_POINT('Origin',(75.,35.,0.));
#16369=CARTESIAN_POINT('',(73.3,35.,3.));
#16370=CARTESIAN_POINT('Origin',(75.,35.,3.));
#16371=CARTESIAN_POINT('',(73.3,35.,5.));
#16372=CARTESIAN_POINT('',(73.3,35.,0.));
#16373=CARTESIAN_POINT('Origin',(75.,35.,5.));
#16374=CARTESIAN_POINT('Origin',(58.,-24.,5.));
#16375=CARTESIAN_POINT('',(58.,-24.,3.));
#16376=CARTESIAN_POINT('',(80.,-24.,3.));
#16377=CARTESIAN_POINT('',(29.,-24.,3.));
#16378=CARTESIAN_POINT('',(58.,-24.,5.));
#16379=CARTESIAN_POINT('',(58.,-24.,5.));
#16380=CARTESIAN_POINT('',(80.,-24.,5.));
#16381=CARTESIAN_POINT('',(29.,-24.,5.));
#16382=CARTESIAN_POINT('',(80.,-24.,5.));
#16383=CARTESIAN_POINT('Origin',(58.,24.,5.));
#16384=CARTESIAN_POINT('',(58.,24.,3.));
#16385=CARTESIAN_POINT('',(58.,12.,3.));
#16386=CARTESIAN_POINT('',(58.,24.,5.));
#16387=CARTESIAN_POINT('',(58.,24.,5.));
#16388=CARTESIAN_POINT('',(58.,12.,5.));
#16389=CARTESIAN_POINT('Origin',(90.,24.,5.));
#16390=CARTESIAN_POINT('',(80.,24.,3.));
#16391=CARTESIAN_POINT('',(45.,24.,3.));
#16392=CARTESIAN_POINT('',(80.,24.,5.));
#16393=CARTESIAN_POINT('',(80.,24.,5.));
#16394=CARTESIAN_POINT('',(45.,24.,5.));
#16395=CARTESIAN_POINT('Origin',(0.,0.,3.));
#16396=CARTESIAN_POINT('',(80.,-90.,3.));
#16397=CARTESIAN_POINT('',(80.,-90.,3.));
#16398=CARTESIAN_POINT('',(-80.,-90.,3.));
#16399=CARTESIAN_POINT('',(-80.,-90.,3.));
#16400=CARTESIAN_POINT('',(-80.,-24.,3.));
#16401=CARTESIAN_POINT('',(-80.,90.,3.));
#16402=CARTESIAN_POINT('',(-58.,-24.,3.));
#16403=CARTESIAN_POINT('',(-45.,-24.,3.));
#16404=CARTESIAN_POINT('',(-58.,24.,3.));
#16405=CARTESIAN_POINT('',(-58.,-12.,3.));
#16406=CARTESIAN_POINT('',(-80.,24.,3.));
#16407=CARTESIAN_POINT('',(-29.,24.,3.));
#16408=CARTESIAN_POINT('',(-80.,90.,3.));
#16409=CARTESIAN_POINT('',(-80.,90.,3.));
#16410=CARTESIAN_POINT('',(80.,90.,3.));
#16411=CARTESIAN_POINT('',(80.,90.,3.));
#16412=CARTESIAN_POINT('',(80.,-90.,3.));
#16413=CARTESIAN_POINT('Origin',(80.,90.,5.));
#16414=CARTESIAN_POINT('',(80.,-90.,5.));
#16415=CARTESIAN_POINT('',(80.,-90.,5.));
#16416=CARTESIAN_POINT('',(80.,-90.,5.));
#16417=CARTESIAN_POINT('Origin',(-58.,24.,5.));
#16418=CARTESIAN_POINT('',(-58.,24.,5.));
#16419=CARTESIAN_POINT('',(-58.,24.,5.));
#16420=CARTESIAN_POINT('',(-80.,24.,5.));
#16421=CARTESIAN_POINT('',(-29.,24.,5.));
#16422=CARTESIAN_POINT('',(-80.,24.,5.));
#16423=CARTESIAN_POINT('Origin',(-58.,-24.,5.));
#16424=CARTESIAN_POINT('',(-58.,-24.,5.));
#16425=CARTESIAN_POINT('',(-58.,-24.,5.));
#16426=CARTESIAN_POINT('',(-58.,-12.,5.));
#16427=CARTESIAN_POINT('Origin',(-90.,-24.,5.));
#16428=CARTESIAN_POINT('',(-80.,-24.,5.));
#16429=CARTESIAN_POINT('',(-80.,-24.,5.));
#16430=CARTESIAN_POINT('',(-45.,-24.,5.));
#16431=CARTESIAN_POINT('Origin',(0.,0.,5.));
#16432=CARTESIAN_POINT('',(80.,90.,5.));
#16433=CARTESIAN_POINT('',(80.,-90.,5.));
#16434=CARTESIAN_POINT('',(-80.,90.,5.));
#16435=CARTESIAN_POINT('',(80.,90.,5.));
#16436=CARTESIAN_POINT('',(-80.,90.,5.));
#16437=CARTESIAN_POINT('',(-80.,-90.,5.));
#16438=CARTESIAN_POINT('',(-80.,90.,5.));
#16439=CARTESIAN_POINT('',(-80.,-90.,5.));
#16440=CARTESIAN_POINT('Origin',(-80.,-90.,5.));
#16441=CARTESIAN_POINT('',(-80.,-90.,5.));
#16442=CARTESIAN_POINT('Origin',(-80.,-90.,5.));
#16443=CARTESIAN_POINT('',(-80.,90.,5.));
#16444=CARTESIAN_POINT('Origin',(-80.,90.,5.));
#16445=CARTESIAN_POINT('',(80.,90.,5.));
#16446=CARTESIAN_POINT('Origin',(80.,-90.,5.));
#16447=CARTESIAN_POINT('Origin',(80.,90.,5.));
#16448=CARTESIAN_POINT('',(0.,0.,0.));
#16449=CARTESIAN_POINT('Origin',(-80.1,-28.,64.6));
#16450=CARTESIAN_POINT('',(-80.,-28.,66.3));
#16451=CARTESIAN_POINT('Origin',(-80.,-28.,64.6));
#16452=CARTESIAN_POINT('',(-78.,-28.,66.3));
#16453=CARTESIAN_POINT('',(-80.1,-28.,66.3));
#16454=CARTESIAN_POINT('Origin',(-78.,-28.,64.6));
#16455=CARTESIAN_POINT('Origin',(-80.1,-48.,64.6));
#16456=CARTESIAN_POINT('',(-80.,-48.,66.3));
#16457=CARTESIAN_POINT('Origin',(-80.,-48.,64.6));
#16458=CARTESIAN_POINT('',(-78.,-48.,66.3));
#16459=CARTESIAN_POINT('',(-80.1,-48.,66.3));
#16460=CARTESIAN_POINT('Origin',(-78.,-48.,64.6));
#16461=CARTESIAN_POINT('Origin',(-80.,-85.,44.));
#16462=CARTESIAN_POINT('',(-80.,-85.,45.7));
#16463=CARTESIAN_POINT('Origin',(-80.,-85.,44.));
#16464=CARTESIAN_POINT('',(-78.,-85.,45.7));
#16465=CARTESIAN_POINT('',(-80.,-85.,45.7));
#16466=CARTESIAN_POINT('Origin',(-78.,-85.,44.));
#16467=CARTESIAN_POINT('Origin',(-80.,35.,44.));
#16468=CARTESIAN_POINT('',(-80.,35.,45.7));
#16469=CARTESIAN_POINT('Origin',(-80.,35.,44.));
#16470=CARTESIAN_POINT('',(-78.,35.,45.7));
#16471=CARTESIAN_POINT('',(-80.,35.,45.7));
#16472=CARTESIAN_POINT('Origin',(-78.,35.,44.));
#16473=CARTESIAN_POINT('Origin',(-80.,-26.,47.));
#16474=CARTESIAN_POINT('',(-80.,-26.,47.));
#16475=CARTESIAN_POINT('',(-80.,-26.,5.));
#16476=CARTESIAN_POINT('',(-80.,-26.,45.5));
#16477=CARTESIAN_POINT('',(-78.,-26.,47.));
#16478=CARTESIAN_POINT('',(-80.,-26.,47.));
#16479=CARTESIAN_POINT('',(-78.,-26.,5.));
#16480=CARTESIAN_POINT('',(-78.,-26.,45.5));
#16481=CARTESIAN_POINT('',(-80.,-26.,5.));
#16482=CARTESIAN_POINT('Origin',(-80.,26.,47.));
#16483=CARTESIAN_POINT('',(-80.,26.,47.));
#16484=CARTESIAN_POINT('',(-80.,13.,47.));
#16485=CARTESIAN_POINT('',(-78.,26.,47.));
#16486=CARTESIAN_POINT('',(-80.,26.,47.));
#16487=CARTESIAN_POINT('',(-78.,13.,47.));
#16488=CARTESIAN_POINT('Origin',(-80.,26.,-5.));
#16489=CARTESIAN_POINT('',(-80.,26.,5.));
#16490=CARTESIAN_POINT('',(-80.,26.,19.5));
#16491=CARTESIAN_POINT('',(-78.,26.,5.));
#16492=CARTESIAN_POINT('',(-80.,26.,5.));
#16493=CARTESIAN_POINT('',(-78.,26.,19.5));
#16494=CARTESIAN_POINT('Origin',(-78.,0.,44.));
#16495=CARTESIAN_POINT('',(-78.,40.,5.));
#16496=CARTESIAN_POINT('',(-78.,90.,5.));
#16497=CARTESIAN_POINT('',(-78.,40.,83.));
#16498=CARTESIAN_POINT('',(-78.,40.,74.5));
#16499=CARTESIAN_POINT('',(-78.,-90.,83.));
#16500=CARTESIAN_POINT('',(-78.,-90.,83.));
#16501=CARTESIAN_POINT('',(-78.,-90.,5.));
#16502=CARTESIAN_POINT('',(-78.,-90.,5.));
#16503=CARTESIAN_POINT('',(-78.,90.,5.));
#16504=CARTESIAN_POINT('Origin',(-80.,-90.,5.));
#16505=CARTESIAN_POINT('',(-80.,40.,5.));
#16506=CARTESIAN_POINT('',(-80.,90.,5.));
#16507=CARTESIAN_POINT('',(-80.,40.,5.));
#16508=CARTESIAN_POINT('Origin',(-80.,-90.,5.));
#16509=CARTESIAN_POINT('',(-80.,-90.,5.));
#16510=CARTESIAN_POINT('',(-80.,-90.,5.));
#16511=CARTESIAN_POINT('',(-80.,90.,5.));
#16512=CARTESIAN_POINT('Origin',(-80.,40.,105.));
#16513=CARTESIAN_POINT('',(-80.,40.,83.));
#16514=CARTESIAN_POINT('',(-80.,40.,83.));
#16515=CARTESIAN_POINT('',(-80.,40.,74.5));
#16516=CARTESIAN_POINT('Origin',(-80.,-90.,83.));
#16517=CARTESIAN_POINT('',(-80.,-90.,83.));
#16518=CARTESIAN_POINT('',(-80.,-90.,5.));
#16519=CARTESIAN_POINT('',(-80.,-90.,83.));
#16520=CARTESIAN_POINT('Origin',(-80.,90.,83.));
#16521=CARTESIAN_POINT('',(-80.,-90.,83.));
#16522=CARTESIAN_POINT('Origin',(-80.,0.,44.));
#16523=CARTESIAN_POINT('',(0.,0.,0.));
#16524=CARTESIAN_POINT('Origin',(77.9,-28.,64.6));
#16525=CARTESIAN_POINT('',(78.,-28.,66.3));
#16526=CARTESIAN_POINT('Origin',(78.,-28.,64.6));
#16527=CARTESIAN_POINT('',(80.,-28.,66.3));
#16528=CARTESIAN_POINT('',(77.9,-28.,66.3));
#16529=CARTESIAN_POINT('Origin',(80.,-28.,64.6));
#16530=CARTESIAN_POINT('Origin',(77.9,-48.,64.6));
#16531=CARTESIAN_POINT('',(78.,-48.,66.3));
#16532=CARTESIAN_POINT('Origin',(78.,-48.,64.6));
#16533=CARTESIAN_POINT('',(80.,-48.,66.3));
#16534=CARTESIAN_POINT('',(77.9,-48.,66.3));
#16535=CARTESIAN_POINT('Origin',(80.,-48.,64.6));
#16536=CARTESIAN_POINT('Origin',(80.,-85.,44.));
#16537=CARTESIAN_POINT('',(78.,-85.,45.7));
#16538=CARTESIAN_POINT('Origin',(78.,-85.,44.));
#16539=CARTESIAN_POINT('',(80.,-85.,45.7));
#16540=CARTESIAN_POINT('',(80.,-85.,45.7));
#16541=CARTESIAN_POINT('Origin',(80.,-85.,44.));
#16542=CARTESIAN_POINT('Origin',(80.,35.,44.));
#16543=CARTESIAN_POINT('',(78.,35.,45.7));
#16544=CARTESIAN_POINT('Origin',(78.,35.,44.));
#16545=CARTESIAN_POINT('',(80.,35.,45.7));
#16546=CARTESIAN_POINT('',(80.,35.,45.7));
#16547=CARTESIAN_POINT('Origin',(80.,35.,44.));
#16548=CARTESIAN_POINT('Origin',(80.,26.,-5.));
#16549=CARTESIAN_POINT('',(80.,26.,47.));
#16550=CARTESIAN_POINT('',(80.,26.,5.));
#16551=CARTESIAN_POINT('',(80.,26.,19.5));
#16552=CARTESIAN_POINT('',(78.,26.,47.));
#16553=CARTESIAN_POINT('',(80.,26.,47.));
#16554=CARTESIAN_POINT('',(78.,26.,5.));
#16555=CARTESIAN_POINT('',(78.,26.,19.5));
#16556=CARTESIAN_POINT('',(80.,26.,5.));
#16557=CARTESIAN_POINT('Origin',(80.,-26.,47.));
#16558=CARTESIAN_POINT('',(80.,-26.,5.));
#16559=CARTESIAN_POINT('',(80.,-26.,47.));
#16560=CARTESIAN_POINT('',(80.,-26.,45.5));
#16561=CARTESIAN_POINT('',(78.,-26.,5.));
#16562=CARTESIAN_POINT('',(80.,-26.,5.));
#16563=CARTESIAN_POINT('',(78.,-26.,47.));
#16564=CARTESIAN_POINT('',(78.,-26.,45.5));
#16565=CARTESIAN_POINT('',(80.,-26.,47.));
#16566=CARTESIAN_POINT('Origin',(80.,26.,47.));
#16567=CARTESIAN_POINT('',(80.,13.,47.));
#16568=CARTESIAN_POINT('',(78.,13.,47.));
#16569=CARTESIAN_POINT('Origin',(78.,0.,44.));
#16570=CARTESIAN_POINT('',(78.,-90.,5.));
#16571=CARTESIAN_POINT('',(78.,90.,5.));
#16572=CARTESIAN_POINT('',(78.,-90.,83.));
#16573=CARTESIAN_POINT('',(78.,-90.,5.));
#16574=CARTESIAN_POINT('',(78.,40.,83.));
#16575=CARTESIAN_POINT('',(78.,-90.,83.));
#16576=CARTESIAN_POINT('',(78.,40.,5.));
#16577=CARTESIAN_POINT('',(78.,40.,74.5));
#16578=CARTESIAN_POINT('',(78.,90.,5.));
#16579=CARTESIAN_POINT('Origin',(80.,90.,5.));
#16580=CARTESIAN_POINT('',(80.,-90.,5.));
#16581=CARTESIAN_POINT('',(80.,90.,5.));
#16582=CARTESIAN_POINT('',(80.,-90.,5.));
#16583=CARTESIAN_POINT('Origin',(80.,90.,5.));
#16584=CARTESIAN_POINT('',(80.,40.,5.));
#16585=CARTESIAN_POINT('',(80.,40.,5.));
#16586=CARTESIAN_POINT('',(80.,90.,5.));
#16587=CARTESIAN_POINT('Origin',(80.,40.,105.));
#16588=CARTESIAN_POINT('',(80.,40.,83.));
#16589=CARTESIAN_POINT('',(80.,40.,83.));
#16590=CARTESIAN_POINT('',(80.,40.,74.5));
#16591=CARTESIAN_POINT('Origin',(80.,-90.,83.));
#16592=CARTESIAN_POINT('',(80.,-90.,83.));
#16593=CARTESIAN_POINT('',(80.,-90.,83.));
#16594=CARTESIAN_POINT('',(80.,-90.,83.));
#16595=CARTESIAN_POINT('Origin',(80.,-90.,5.));
#16596=CARTESIAN_POINT('',(80.,-90.,5.));
#16597=CARTESIAN_POINT('Origin',(80.,0.,44.));
#16598=CARTESIAN_POINT('',(0.,0.,0.));
#16599=CARTESIAN_POINT('Origin',(42.,-70.,82.));
#16600=CARTESIAN_POINT('',(39.,-70.,83.));
#16601=CARTESIAN_POINT('Origin',(42.,-70.,83.));
#16602=CARTESIAN_POINT('',(39.,-70.,85.));
#16603=CARTESIAN_POINT('',(39.,-70.,82.));
#16604=CARTESIAN_POINT('Origin',(42.,-70.,85.));
#16605=CARTESIAN_POINT('Origin',(0.,24.75,81.));
#16606=CARTESIAN_POINT('',(-1.7,24.75,83.));
#16607=CARTESIAN_POINT('Origin',(0.,24.75,83.));
#16608=CARTESIAN_POINT('',(-1.7,24.75,85.));
#16609=CARTESIAN_POINT('',(-1.7,24.75,81.));
#16610=CARTESIAN_POINT('Origin',(0.,24.75,85.));
#16611=CARTESIAN_POINT('Origin',(-75.,35.,81.));
#16612=CARTESIAN_POINT('',(-76.7,35.,83.));
#16613=CARTESIAN_POINT('Origin',(-75.,35.,83.));
#16614=CARTESIAN_POINT('',(-76.7,35.,85.));
#16615=CARTESIAN_POINT('',(-76.7,35.,81.));
#16616=CARTESIAN_POINT('Origin',(-75.,35.,85.));
#16617=CARTESIAN_POINT('Origin',(75.,-85.,81.));
#16618=CARTESIAN_POINT('',(73.3,-85.,83.));
#16619=CARTESIAN_POINT('Origin',(75.,-85.,83.));
#16620=CARTESIAN_POINT('',(73.3,-85.,85.));
#16621=CARTESIAN_POINT('',(73.3,-85.,81.));
#16622=CARTESIAN_POINT('Origin',(75.,-85.,85.));
#16623=CARTESIAN_POINT('Origin',(-75.,-85.,81.));
#16624=CARTESIAN_POINT('',(-76.7,-85.,83.));
#16625=CARTESIAN_POINT('Origin',(-75.,-85.,83.));
#16626=CARTESIAN_POINT('',(-76.7,-85.,85.));
#16627=CARTESIAN_POINT('',(-76.7,-85.,81.));
#16628=CARTESIAN_POINT('Origin',(-75.,-85.,85.));
#16629=CARTESIAN_POINT('Origin',(75.,35.,81.));
#16630=CARTESIAN_POINT('',(73.3,35.,83.));
#16631=CARTESIAN_POINT('Origin',(75.,35.,83.));
#16632=CARTESIAN_POINT('',(73.3,35.,85.));
#16633=CARTESIAN_POINT('',(73.3,35.,81.));
#16634=CARTESIAN_POINT('Origin',(75.,35.,85.));
#16635=CARTESIAN_POINT('Origin',(0.,-24.75,81.));
#16636=CARTESIAN_POINT('',(-1.7,-24.75,83.));
#16637=CARTESIAN_POINT('Origin',(0.,-24.75,83.));
#16638=CARTESIAN_POINT('',(-1.7,-24.75,85.));
#16639=CARTESIAN_POINT('',(-1.7,-24.75,81.));
#16640=CARTESIAN_POINT('Origin',(0.,-24.75,85.));
#16641=CARTESIAN_POINT('Origin',(-80.,-90.,83.));
#16642=CARTESIAN_POINT('',(-80.,-90.,83.));
#16643=CARTESIAN_POINT('',(80.,-90.,83.));
#16644=CARTESIAN_POINT('',(-80.,-90.,83.));
#16645=CARTESIAN_POINT('',(80.,-90.,85.));
#16646=CARTESIAN_POINT('',(80.,-90.,83.));
#16647=CARTESIAN_POINT('',(-80.,-90.,85.));
#16648=CARTESIAN_POINT('',(-80.,-90.,85.));
#16649=CARTESIAN_POINT('',(-80.,-90.,83.));
#16650=CARTESIAN_POINT('Origin',(-80.,90.,83.));
#16651=CARTESIAN_POINT('',(-80.,90.,83.));
#16652=CARTESIAN_POINT('',(-80.,90.,83.));
#16653=CARTESIAN_POINT('',(-80.,90.,85.));
#16654=CARTESIAN_POINT('',(-80.,90.,85.));
#16655=CARTESIAN_POINT('',(-80.,90.,83.));
#16656=CARTESIAN_POINT('Origin',(80.,90.,83.));
#16657=CARTESIAN_POINT('',(80.,90.,83.));
#16658=CARTESIAN_POINT('',(80.,90.,83.));
#16659=CARTESIAN_POINT('',(80.,90.,85.));
#16660=CARTESIAN_POINT('',(80.,90.,85.));
#16661=CARTESIAN_POINT('',(80.,90.,83.));
#16662=CARTESIAN_POINT('Origin',(80.,-90.,83.));
#16663=CARTESIAN_POINT('',(80.,-90.,83.));
#16664=CARTESIAN_POINT('',(80.,-90.,85.));
#16665=CARTESIAN_POINT('Origin',(0.,0.,85.));
#16666=CARTESIAN_POINT('Origin',(0.,0.,83.));
#16667=CARTESIAN_POINT('',(0.,0.,0.));
#16668=CARTESIAN_POINT('Origin',(-73.,80.,15.));
#16669=CARTESIAN_POINT('',(-74.0852910550217,80.6201961995127,15.));
#16670=CARTESIAN_POINT('',(-71.9147089449783,80.6201961995127,15.));
#16671=CARTESIAN_POINT('',(-54.,80.6201961995127,15.));
#16672=CARTESIAN_POINT('Origin',(-73.,80.,15.));
#16673=CARTESIAN_POINT('Origin',(-73.,80.,5.));
#16674=CARTESIAN_POINT('Origin',(-73.,80.,15.9675060712398));
#16675=CARTESIAN_POINT('Origin',(-35.,85.427888507205,7.5));
#16676=CARTESIAN_POINT('',(-35.,85.427888507205,7.5));
#16677=CARTESIAN_POINT('',(-35.,42.5,7.5));
#16678=CARTESIAN_POINT('',(-35.,75.2139442536025,7.5));
#16679=CARTESIAN_POINT('',(-77.5,85.427888507205,7.5));
#16680=CARTESIAN_POINT('',(-35.,85.427888507205,7.5));
#16681=CARTESIAN_POINT('',(-77.5,42.5,7.5));
#16682=CARTESIAN_POINT('',(-77.5,42.5,7.5));
#16683=CARTESIAN_POINT('',(-35.,42.5,7.5));
#16684=CARTESIAN_POINT('',(-74.7,80.,7.5));
#16685=CARTESIAN_POINT('Origin',(-73.,80.,7.5));
#16686=CARTESIAN_POINT('',(-51.7,50.,7.5));
#16687=CARTESIAN_POINT('Origin',(-50.,50.,7.5));
#16688=CARTESIAN_POINT('Origin',(-35.,42.5,74.4675060712398));
#16689=CARTESIAN_POINT('',(-35.,42.5,74.4675060712398));
#16690=CARTESIAN_POINT('',(-35.,52.6976510762952,58.5591703922194));
#16691=CARTESIAN_POINT('',(-77.5,42.5,74.4675060712398));
#16692=CARTESIAN_POINT('',(-35.,42.5,74.4675060712398));
#16693=CARTESIAN_POINT('',(-77.5,85.427888507205,7.5));
#16694=CARTESIAN_POINT('Origin',(-35.,42.5,7.5));
#16695=CARTESIAN_POINT('',(-35.,42.5,25.75));
#16696=CARTESIAN_POINT('',(-77.5,42.5,74.4675060712398));
#16697=CARTESIAN_POINT('Origin',(-77.5,63.9639442536025,40.9837530356199));
#16698=CARTESIAN_POINT('Origin',(-73.,80.,0.));
#16699=CARTESIAN_POINT('',(-74.7,80.,5.));
#16700=CARTESIAN_POINT('Origin',(-73.,80.,5.));
#16701=CARTESIAN_POINT('',(-74.7,80.,0.));
#16702=CARTESIAN_POINT('Origin',(-50.,50.,0.));
#16703=CARTESIAN_POINT('',(-51.7,50.,5.));
#16704=CARTESIAN_POINT('Origin',(-50.,50.,5.));
#16705=CARTESIAN_POINT('',(-51.7,50.,0.));
#16706=CARTESIAN_POINT('Origin',(-80.,90.,5.));
#16707=CARTESIAN_POINT('',(-80.,40.,83.));
#16708=CARTESIAN_POINT('',(-80.,90.,5.));
#16709=CARTESIAN_POINT('',(-80.,40.,83.));
#16710=CARTESIAN_POINT('',(-35.,40.,83.));
#16711=CARTESIAN_POINT('',(-80.,40.,83.));
#16712=CARTESIAN_POINT('',(-35.,90.,5.));
#16713=CARTESIAN_POINT('',(-35.,40.,83.));
#16714=CARTESIAN_POINT('',(-80.,90.,5.));
#16715=CARTESIAN_POINT('Origin',(-80.,40.,5.));
#16716=CARTESIAN_POINT('',(-80.,40.,5.));
#16717=CARTESIAN_POINT('',(-80.,90.,5.));
#16718=CARTESIAN_POINT('',(-35.,40.,5.));
#16719=CARTESIAN_POINT('',(-35.,90.,5.));
#16720=CARTESIAN_POINT('',(-80.,40.,5.));
#16721=CARTESIAN_POINT('Origin',(-80.,40.,83.));
#16722=CARTESIAN_POINT('',(-80.,40.,5.));
#16723=CARTESIAN_POINT('',(-35.,40.,5.));
#16724=CARTESIAN_POINT('Origin',(-35.,65.,44.));
#16725=CARTESIAN_POINT('Origin',(-80.,65.,44.));
#16726=CARTESIAN_POINT('',(0.,0.,0.));
#16727=CARTESIAN_POINT('Origin',(73.,80.,15.));
#16728=CARTESIAN_POINT('',(71.9147089449783,80.6201961995127,15.));
#16729=CARTESIAN_POINT('',(74.0852910550217,80.6201961995127,15.));
#16730=CARTESIAN_POINT('',(54.,80.6201961995127,15.));
#16731=CARTESIAN_POINT('Origin',(73.,80.,15.));
#16732=CARTESIAN_POINT('Origin',(73.,80.,5.));
#16733=CARTESIAN_POINT('Origin',(73.,80.,15.9675060712398));
#16734=CARTESIAN_POINT('Origin',(35.,85.427888507205,7.5));
#16735=CARTESIAN_POINT('',(35.,85.427888507205,7.5));
#16736=CARTESIAN_POINT('',(35.,42.5,74.4675060712398));
#16737=CARTESIAN_POINT('',(35.,74.1615953298977,25.0754173565995));
#16738=CARTESIAN_POINT('',(77.5,85.427888507205,7.5));
#16739=CARTESIAN_POINT('',(35.,85.427888507205,7.5));
#16740=CARTESIAN_POINT('',(77.5,42.5,74.4675060712398));
#16741=CARTESIAN_POINT('',(77.5,85.427888507205,7.5));
#16742=CARTESIAN_POINT('',(35.,42.5,74.4675060712398));
#16743=CARTESIAN_POINT('Origin',(35.,42.5,7.5));
#16744=CARTESIAN_POINT('',(35.,42.5,7.5));
#16745=CARTESIAN_POINT('',(35.,53.75,7.5));
#16746=CARTESIAN_POINT('',(77.5,42.5,7.5));
#16747=CARTESIAN_POINT('',(35.,42.5,7.5));
#16748=CARTESIAN_POINT('',(77.5,42.5,7.5));
#16749=CARTESIAN_POINT('',(48.3,50.,7.5));
#16750=CARTESIAN_POINT('Origin',(50.,50.,7.5));
#16751=CARTESIAN_POINT('',(71.3,80.,7.5));
#16752=CARTESIAN_POINT('Origin',(73.,80.,7.5));
#16753=CARTESIAN_POINT('Origin',(35.,42.5,74.4675060712398));
#16754=CARTESIAN_POINT('',(35.,42.5,59.2337530356199));
#16755=CARTESIAN_POINT('',(77.5,42.5,74.4675060712398));
#16756=CARTESIAN_POINT('Origin',(77.5,63.9639442536025,40.9837530356199));
#16757=CARTESIAN_POINT('Origin',(73.,80.,0.));
#16758=CARTESIAN_POINT('',(71.3,80.,5.));
#16759=CARTESIAN_POINT('Origin',(73.,80.,5.));
#16760=CARTESIAN_POINT('',(71.3,80.,0.));
#16761=CARTESIAN_POINT('Origin',(50.,50.,0.));
#16762=CARTESIAN_POINT('',(48.3,50.,5.));
#16763=CARTESIAN_POINT('Origin',(50.,50.,5.));
#16764=CARTESIAN_POINT('',(48.3,50.,0.));
#16765=CARTESIAN_POINT('Origin',(80.,90.,5.));
#16766=CARTESIAN_POINT('',(80.,90.,5.));
#16767=CARTESIAN_POINT('',(80.,40.,5.));
#16768=CARTESIAN_POINT('',(80.,90.,5.));
#16769=CARTESIAN_POINT('',(35.,40.,5.));
#16770=CARTESIAN_POINT('',(80.,40.,5.));
#16771=CARTESIAN_POINT('',(35.,90.,5.));
#16772=CARTESIAN_POINT('',(35.,90.,5.));
#16773=CARTESIAN_POINT('',(80.,90.,5.));
#16774=CARTESIAN_POINT('Origin',(80.,40.,83.));
#16775=CARTESIAN_POINT('',(80.,40.,83.));
#16776=CARTESIAN_POINT('',(80.,40.,83.));
#16777=CARTESIAN_POINT('',(35.,40.,83.));
#16778=CARTESIAN_POINT('',(35.,40.,83.));
#16779=CARTESIAN_POINT('',(80.,40.,83.));
#16780=CARTESIAN_POINT('Origin',(80.,40.,5.));
#16781=CARTESIAN_POINT('',(80.,40.,5.));
#16782=CARTESIAN_POINT('',(35.,40.,5.));
#16783=CARTESIAN_POINT('Origin',(80.,65.,44.));
#16784=CARTESIAN_POINT('Origin',(35.,65.,44.));
#16785=CARTESIAN_POINT('',(0.,0.,0.));
#16786=CARTESIAN_POINT('Origin',(0.,35.,44.));
#16787=CARTESIAN_POINT('',(-77.7271780286589,36.25,44.));
#16788=CARTESIAN_POINT('',(-78.,35.,45.25));
#16789=CARTESIAN_POINT('Ctrl Pts',(-77.7271780286589,36.25,44.));
#16790=CARTESIAN_POINT('Ctrl Pts',(-77.7271780286589,36.25,44.159180142775));
#16791=CARTESIAN_POINT('Ctrl Pts',(-77.7425911552851,36.2177886377558,44.3274083088824));
#16792=CARTESIAN_POINT('Ctrl Pts',(-77.7959642377917,36.0896784059584,44.6346706079299));
#16793=CARTESIAN_POINT('Ctrl Pts',(-77.8329297249278,35.9938577153043,44.773909237662));
#16794=CARTESIAN_POINT('Ctrl Pts',(-77.9007017731149,35.7740421302726,44.9937248226937));
#16795=CARTESIAN_POINT('Ctrl Pts',(-77.9362124722172,35.6347539743335,45.0896458410237));
#16796=CARTESIAN_POINT('Ctrl Pts',(-77.9861570524429,35.3272955115955,45.2178334734283));
#16797=CARTESIAN_POINT('Ctrl Pts',(-78.,35.1589877898662,45.25));
#16798=CARTESIAN_POINT('Ctrl Pts',(-78.,35.,45.25));
#16799=CARTESIAN_POINT('',(-78.,35.,42.75));
#16800=CARTESIAN_POINT('Ctrl Pts',(-78.,35.,42.75));
#16801=CARTESIAN_POINT('Ctrl Pts',(-78.,35.1589877898662,42.75));
#16802=CARTESIAN_POINT('Ctrl Pts',(-77.9861570524429,35.3272955115954,42.7821665265717));
#16803=CARTESIAN_POINT('Ctrl Pts',(-77.9362124722172,35.6347539743335,42.9103541589763));
#16804=CARTESIAN_POINT('Ctrl Pts',(-77.9007017731149,35.7740421302726,43.0062751773063));
#16805=CARTESIAN_POINT('Ctrl Pts',(-77.8329297249278,35.9938577153043,43.226090762338));
#16806=CARTESIAN_POINT('Ctrl Pts',(-77.7959642377917,36.0896784059584,43.3653293920701));
#16807=CARTESIAN_POINT('Ctrl Pts',(-77.7425911552851,36.2177886377558,43.6725916911176));
#16808=CARTESIAN_POINT('Ctrl Pts',(-77.7271780286589,36.25,43.840819857225));
#16809=CARTESIAN_POINT('Ctrl Pts',(-77.7271780286589,36.25,44.));
#16810=CARTESIAN_POINT('Ctrl Pts',(-78.,35.,45.25));
#16811=CARTESIAN_POINT('Ctrl Pts',(-78.,34.8410122101338,45.25));
#16812=CARTESIAN_POINT('Ctrl Pts',(-77.9861570524429,34.6727044884046,45.2178334734283));
#16813=CARTESIAN_POINT('Ctrl Pts',(-77.9362124722172,34.3652460256665,45.0896458410237));
#16814=CARTESIAN_POINT('Ctrl Pts',(-77.9007017731149,34.2259578697274,44.9937248226937));
#16815=CARTESIAN_POINT('Ctrl Pts',(-77.8329297249278,34.0061422846957,44.773909237662));
#16816=CARTESIAN_POINT('Ctrl Pts',(-77.7959642377917,33.9103215940416,44.6346706079299));
#16817=CARTESIAN_POINT('Ctrl Pts',(-77.7425911552851,33.7822113622442,44.3274083088824));
#16818=CARTESIAN_POINT('Ctrl Pts',(-77.7271780286589,33.75,44.159180142775));
#16819=CARTESIAN_POINT('Ctrl Pts',(-77.7271780286589,33.75,43.8408198572251));
#16820=CARTESIAN_POINT('Ctrl Pts',(-77.7425911552851,33.7822113622442,43.6725916911176));
#16821=CARTESIAN_POINT('Ctrl Pts',(-77.7959642377917,33.9103215940416,43.3653293920702));
#16822=CARTESIAN_POINT('Ctrl Pts',(-77.8329297249278,34.0061422846957,43.226090762338));
#16823=CARTESIAN_POINT('Ctrl Pts',(-77.9007017731149,34.2259578697274,43.0062751773063));
#16824=CARTESIAN_POINT('Ctrl Pts',(-77.9362124722172,34.3652460256665,42.9103541589763));
#16825=CARTESIAN_POINT('Ctrl Pts',(-77.9861570524429,34.6727044884045,42.7821665265717));
#16826=CARTESIAN_POINT('Ctrl Pts',(-78.,34.8410122101338,42.75));
#16827=CARTESIAN_POINT('Ctrl Pts',(-78.,35.,42.75));
#16828=CARTESIAN_POINT('',(-72.,35.,45.25));
#16829=CARTESIAN_POINT('',(0.,35.,45.25));
#16830=CARTESIAN_POINT('',(-72.2728219713411,36.25,44.));
#16831=CARTESIAN_POINT('Ctrl Pts',(-72.2728219713411,36.25,44.));
#16832=CARTESIAN_POINT('Ctrl Pts',(-72.2728219713411,36.25,43.840819857225));
#16833=CARTESIAN_POINT('Ctrl Pts',(-72.2574088447149,36.2177886377558,43.6725916911176));
#16834=CARTESIAN_POINT('Ctrl Pts',(-72.2040357622083,36.0896784059584,43.3653293920701));
#16835=CARTESIAN_POINT('Ctrl Pts',(-72.1670702750722,35.9938577153043,43.226090762338));
#16836=CARTESIAN_POINT('Ctrl Pts',(-72.0992982268851,35.7740421302726,43.0062751773063));
#16837=CARTESIAN_POINT('Ctrl Pts',(-72.0637875277828,35.6347539743335,42.9103541589763));
#16838=CARTESIAN_POINT('Ctrl Pts',(-72.0138429475571,35.3272955115955,42.7821665265717));
#16839=CARTESIAN_POINT('Ctrl Pts',(-72.,35.1589877898662,42.75));
#16840=CARTESIAN_POINT('Ctrl Pts',(-72.,34.8410122101338,42.75));
#16841=CARTESIAN_POINT('Ctrl Pts',(-72.0138429475571,34.6727044884045,42.7821665265717));
#16842=CARTESIAN_POINT('Ctrl Pts',(-72.0637875277828,34.3652460256665,42.9103541589763));
#16843=CARTESIAN_POINT('Ctrl Pts',(-72.0992982268851,34.2259578697274,43.0062751773063));
#16844=CARTESIAN_POINT('Ctrl Pts',(-72.1670702750722,34.0061422846957,43.226090762338));
#16845=CARTESIAN_POINT('Ctrl Pts',(-72.2040357622083,33.9103215940416,43.3653293920702));
#16846=CARTESIAN_POINT('Ctrl Pts',(-72.2574088447149,33.7822113622442,43.6725916911176));
#16847=CARTESIAN_POINT('Ctrl Pts',(-72.2728219713411,33.75,43.8408198572251));
#16848=CARTESIAN_POINT('Ctrl Pts',(-72.2728219713411,33.75,44.159180142775));
#16849=CARTESIAN_POINT('Ctrl Pts',(-72.2574088447149,33.7822113622442,44.3274083088824));
#16850=CARTESIAN_POINT('Ctrl Pts',(-72.2040357622083,33.9103215940416,44.6346706079299));
#16851=CARTESIAN_POINT('Ctrl Pts',(-72.1670702750722,34.0061422846957,44.773909237662));
#16852=CARTESIAN_POINT('Ctrl Pts',(-72.0992982268851,34.2259578697274,44.9937248226937));
#16853=CARTESIAN_POINT('Ctrl Pts',(-72.0637875277828,34.3652460256665,45.0896458410237));
#16854=CARTESIAN_POINT('Ctrl Pts',(-72.013842947557,34.6727044884045,45.2178334734283));
#16855=CARTESIAN_POINT('Ctrl Pts',(-72.,34.8410122101338,45.25));
#16856=CARTESIAN_POINT('Ctrl Pts',(-72.,35.,45.25));
#16857=CARTESIAN_POINT('Ctrl Pts',(-72.,35.,45.25));
#16858=CARTESIAN_POINT('Ctrl Pts',(-72.,35.1589877898662,45.25));
#16859=CARTESIAN_POINT('Ctrl Pts',(-72.0138429475571,35.3272955115954,45.2178334734283));
#16860=CARTESIAN_POINT('Ctrl Pts',(-72.0637875277828,35.6347539743335,45.0896458410237));
#16861=CARTESIAN_POINT('Ctrl Pts',(-72.0992982268851,35.7740421302726,44.9937248226937));
#16862=CARTESIAN_POINT('Ctrl Pts',(-72.1670702750722,35.9938577153043,44.773909237662));
#16863=CARTESIAN_POINT('Ctrl Pts',(-72.2040357622083,36.0896784059584,44.6346706079299));
#16864=CARTESIAN_POINT('Ctrl Pts',(-72.2574088447149,36.2177886377558,44.3274083088824));
#16865=CARTESIAN_POINT('Ctrl Pts',(-72.2728219713411,36.25,44.159180142775));
#16866=CARTESIAN_POINT('Ctrl Pts',(-72.2728219713411,36.25,44.));
#16867=CARTESIAN_POINT('Origin',(-75.,35.,83.));
#16868=CARTESIAN_POINT('',(-76.25,35.,83.));
#16869=CARTESIAN_POINT('Origin',(-75.,35.,83.));
#16870=CARTESIAN_POINT('',(-76.25,35.,73.));
#16871=CARTESIAN_POINT('',(-76.25,35.,83.));
#16872=CARTESIAN_POINT('Origin',(-75.,35.,73.));
#16873=CARTESIAN_POINT('Origin',(-75.,35.,73.));
#16874=CARTESIAN_POINT('Origin',(-75.,35.,5.));
#16875=CARTESIAN_POINT('',(-76.25,35.,5.));
#16876=CARTESIAN_POINT('Origin',(-75.,35.,5.));
#16877=CARTESIAN_POINT('',(-76.25,35.,15.));
#16878=CARTESIAN_POINT('',(-76.25,35.,5.));
#16879=CARTESIAN_POINT('Origin',(-75.,35.,15.));
#16880=CARTESIAN_POINT('Origin',(-75.,35.,15.));
#16881=CARTESIAN_POINT('Origin',(-75.,35.,5.));
#16882=CARTESIAN_POINT('',(-78.,35.,83.));
#16883=CARTESIAN_POINT('Origin',(-75.,35.,83.));
#16884=CARTESIAN_POINT('',(-78.,35.,5.));
#16885=CARTESIAN_POINT('',(-78.,35.,5.));
#16886=CARTESIAN_POINT('',(-78.,35.,5.));
#16887=CARTESIAN_POINT('Origin',(-75.,35.,5.));
#16888=CARTESIAN_POINT('Origin',(-75.,35.,83.));
#16889=CARTESIAN_POINT('Origin',(-75.,35.,5.));
#16890=CARTESIAN_POINT('Origin',(75.,0.,55.));
#16891=CARTESIAN_POINT('',(73.75,-87.7271780286589,55.));
#16892=CARTESIAN_POINT('Ctrl Pts',(73.75,-87.7271780286589,55.));
#16893=CARTESIAN_POINT('Ctrl Pts',(73.75,-87.7271780286589,55.1591801427749));
#16894=CARTESIAN_POINT('Ctrl Pts',(73.7822113622442,-87.7425911552851,55.3274083088824));
#16895=CARTESIAN_POINT('Ctrl Pts',(73.9103215940416,-87.7959642377917,55.6346706079298));
#16896=CARTESIAN_POINT('Ctrl Pts',(74.0061422846957,-87.8329297249278,55.773909237662));
#16897=CARTESIAN_POINT('Ctrl Pts',(74.2259578697274,-87.9007017731149,55.9937248226937));
#16898=CARTESIAN_POINT('Ctrl Pts',(74.3652460256665,-87.9362124722172,56.0896458410237));
#16899=CARTESIAN_POINT('Ctrl Pts',(74.6727044884045,-87.986157052443,56.2178334734283));
#16900=CARTESIAN_POINT('Ctrl Pts',(74.8410122101338,-88.,56.25));
#16901=CARTESIAN_POINT('Ctrl Pts',(75.1589877898662,-88.,56.25));
#16902=CARTESIAN_POINT('Ctrl Pts',(75.3272955115955,-87.986157052443,56.2178334734283));
#16903=CARTESIAN_POINT('Ctrl Pts',(75.6347539743335,-87.9362124722172,56.0896458410237));
#16904=CARTESIAN_POINT('Ctrl Pts',(75.7740421302726,-87.9007017731149,55.9937248226937));
#16905=CARTESIAN_POINT('Ctrl Pts',(75.9938577153043,-87.8329297249278,55.773909237662));
#16906=CARTESIAN_POINT('Ctrl Pts',(76.0896784059584,-87.7959642377917,55.6346706079298));
#16907=CARTESIAN_POINT('Ctrl Pts',(76.2177886377558,-87.7425911552851,55.3274083088824));
#16908=CARTESIAN_POINT('Ctrl Pts',(76.25,-87.7271780286589,55.1591801427749));
#16909=CARTESIAN_POINT('Ctrl Pts',(76.25,-87.7271780286589,54.840819857225));
#16910=CARTESIAN_POINT('Ctrl Pts',(76.2177886377558,-87.7425911552851,54.6725916911176));
#16911=CARTESIAN_POINT('Ctrl Pts',(76.0896784059584,-87.7959642377917,54.3653293920701));
#16912=CARTESIAN_POINT('Ctrl Pts',(75.9938577153043,-87.8329297249278,54.2260907623379));
#16913=CARTESIAN_POINT('Ctrl Pts',(75.7740421302726,-87.9007017731149,54.0062751773063));
#16914=CARTESIAN_POINT('Ctrl Pts',(75.6347539743335,-87.9362124722172,53.9103541589763));
#16915=CARTESIAN_POINT('Ctrl Pts',(75.3272955115954,-87.9861570524429,53.7821665265717));
#16916=CARTESIAN_POINT('Ctrl Pts',(75.1589877898662,-88.,53.75));
#16917=CARTESIAN_POINT('Ctrl Pts',(74.8410122101338,-88.,53.75));
#16918=CARTESIAN_POINT('Ctrl Pts',(74.6727044884045,-87.9861570524429,53.7821665265717));
#16919=CARTESIAN_POINT('Ctrl Pts',(74.3652460256665,-87.9362124722172,53.9103541589763));
#16920=CARTESIAN_POINT('Ctrl Pts',(74.2259578697274,-87.9007017731149,54.0062751773063));
#16921=CARTESIAN_POINT('Ctrl Pts',(74.0061422846957,-87.8329297249278,54.2260907623379));
#16922=CARTESIAN_POINT('Ctrl Pts',(73.9103215940416,-87.7959642377917,54.3653293920701));
#16923=CARTESIAN_POINT('Ctrl Pts',(73.7822113622442,-87.7425911552851,54.6725916911176));
#16924=CARTESIAN_POINT('Ctrl Pts',(73.75,-87.7271780286589,54.840819857225));
#16925=CARTESIAN_POINT('Ctrl Pts',(73.75,-87.7271780286589,55.));
#16926=CARTESIAN_POINT('',(73.75,-82.2728219713411,55.));
#16927=CARTESIAN_POINT('',(73.75,0.,55.));
#16928=CARTESIAN_POINT('Ctrl Pts',(73.75,-82.2728219713411,55.));
#16929=CARTESIAN_POINT('Ctrl Pts',(73.75,-82.2728219713411,54.840819857225));
#16930=CARTESIAN_POINT('Ctrl Pts',(73.7822113622442,-82.2574088447149,54.6725916911176));
#16931=CARTESIAN_POINT('Ctrl Pts',(73.9103215940416,-82.2040357622083,54.3653293920701));
#16932=CARTESIAN_POINT('Ctrl Pts',(74.0061422846957,-82.1670702750722,54.2260907623379));
#16933=CARTESIAN_POINT('Ctrl Pts',(74.2259578697274,-82.0992982268851,54.0062751773063));
#16934=CARTESIAN_POINT('Ctrl Pts',(74.3652460256665,-82.0637875277828,53.9103541589763));
#16935=CARTESIAN_POINT('Ctrl Pts',(74.6727044884045,-82.0138429475571,53.7821665265717));
#16936=CARTESIAN_POINT('Ctrl Pts',(74.8410122101338,-82.,53.75));
#16937=CARTESIAN_POINT('Ctrl Pts',(75.1589877898662,-82.,53.75));
#16938=CARTESIAN_POINT('Ctrl Pts',(75.3272955115955,-82.0138429475571,53.7821665265717));
#16939=CARTESIAN_POINT('Ctrl Pts',(75.6347539743335,-82.0637875277828,53.9103541589763));
#16940=CARTESIAN_POINT('Ctrl Pts',(75.7740421302726,-82.0992982268851,54.0062751773063));
#16941=CARTESIAN_POINT('Ctrl Pts',(75.9938577153043,-82.1670702750722,54.2260907623379));
#16942=CARTESIAN_POINT('Ctrl Pts',(76.0896784059584,-82.2040357622083,54.3653293920701));
#16943=CARTESIAN_POINT('Ctrl Pts',(76.2177886377558,-82.2574088447149,54.6725916911176));
#16944=CARTESIAN_POINT('Ctrl Pts',(76.25,-82.2728219713411,54.840819857225));
#16945=CARTESIAN_POINT('Ctrl Pts',(76.25,-82.2728219713411,55.1591801427749));
#16946=CARTESIAN_POINT('Ctrl Pts',(76.2177886377558,-82.2574088447149,55.3274083088824));
#16947=CARTESIAN_POINT('Ctrl Pts',(76.0896784059584,-82.2040357622083,55.6346706079299));
#16948=CARTESIAN_POINT('Ctrl Pts',(75.9938577153043,-82.1670702750722,55.773909237662));
#16949=CARTESIAN_POINT('Ctrl Pts',(75.7740421302726,-82.0992982268851,55.9937248226937));
#16950=CARTESIAN_POINT('Ctrl Pts',(75.6347539743335,-82.0637875277828,56.0896458410237));
#16951=CARTESIAN_POINT('Ctrl Pts',(75.3272955115954,-82.0138429475571,56.2178334734283));
#16952=CARTESIAN_POINT('Ctrl Pts',(75.1589877898662,-82.,56.25));
#16953=CARTESIAN_POINT('Ctrl Pts',(74.8410122101338,-82.,56.25));
#16954=CARTESIAN_POINT('Ctrl Pts',(74.6727044884045,-82.013842947557,56.2178334734283));
#16955=CARTESIAN_POINT('Ctrl Pts',(74.3652460256665,-82.0637875277828,56.0896458410237));
#16956=CARTESIAN_POINT('Ctrl Pts',(74.2259578697274,-82.0992982268851,55.9937248226937));
#16957=CARTESIAN_POINT('Ctrl Pts',(74.0061422846957,-82.1670702750722,55.773909237662));
#16958=CARTESIAN_POINT('Ctrl Pts',(73.9103215940416,-82.2040357622083,55.6346706079298));
#16959=CARTESIAN_POINT('Ctrl Pts',(73.7822113622442,-82.2574088447149,55.3274083088824));
#16960=CARTESIAN_POINT('Ctrl Pts',(73.75,-82.2728219713411,55.1591801427749));
#16961=CARTESIAN_POINT('Ctrl Pts',(73.75,-82.2728219713411,55.));
#16962=CARTESIAN_POINT('Origin',(75.,0.,20.));
#16963=CARTESIAN_POINT('',(73.75,-87.7271780286589,20.));
#16964=CARTESIAN_POINT('Ctrl Pts',(73.75,-87.7271780286589,20.));
#16965=CARTESIAN_POINT('Ctrl Pts',(73.75,-87.7271780286589,20.159180142775));
#16966=CARTESIAN_POINT('Ctrl Pts',(73.7822113622442,-87.7425911552851,20.3274083088824));
#16967=CARTESIAN_POINT('Ctrl Pts',(73.9103215940416,-87.7959642377917,20.6346706079299));
#16968=CARTESIAN_POINT('Ctrl Pts',(74.0061422846957,-87.8329297249278,20.773909237662));
#16969=CARTESIAN_POINT('Ctrl Pts',(74.2259578697274,-87.9007017731149,20.9937248226937));
#16970=CARTESIAN_POINT('Ctrl Pts',(74.3652460256665,-87.9362124722172,21.0896458410237));
#16971=CARTESIAN_POINT('Ctrl Pts',(74.6727044884046,-87.9861570524429,21.2178334734283));
#16972=CARTESIAN_POINT('Ctrl Pts',(74.8410122101338,-88.,21.25));
#16973=CARTESIAN_POINT('Ctrl Pts',(75.1589877898662,-88.,21.25));
#16974=CARTESIAN_POINT('Ctrl Pts',(75.3272955115955,-87.9861570524429,21.2178334734283));
#16975=CARTESIAN_POINT('Ctrl Pts',(75.6347539743335,-87.9362124722172,21.0896458410237));
#16976=CARTESIAN_POINT('Ctrl Pts',(75.7740421302726,-87.9007017731149,20.9937248226937));
#16977=CARTESIAN_POINT('Ctrl Pts',(75.9938577153043,-87.8329297249278,20.773909237662));
#16978=CARTESIAN_POINT('Ctrl Pts',(76.0896784059584,-87.7959642377917,20.6346706079299));
#16979=CARTESIAN_POINT('Ctrl Pts',(76.2177886377558,-87.7425911552851,20.3274083088824));
#16980=CARTESIAN_POINT('Ctrl Pts',(76.25,-87.7271780286589,20.159180142775));
#16981=CARTESIAN_POINT('Ctrl Pts',(76.25,-87.7271780286589,19.840819857225));
#16982=CARTESIAN_POINT('Ctrl Pts',(76.2177886377558,-87.7425911552851,19.6725916911176));
#16983=CARTESIAN_POINT('Ctrl Pts',(76.0896784059584,-87.7959642377917,19.3653293920701));
#16984=CARTESIAN_POINT('Ctrl Pts',(75.9938577153043,-87.8329297249278,19.226090762338));
#16985=CARTESIAN_POINT('Ctrl Pts',(75.7740421302726,-87.9007017731149,19.0062751773063));
#16986=CARTESIAN_POINT('Ctrl Pts',(75.6347539743335,-87.9362124722172,18.9103541589763));
#16987=CARTESIAN_POINT('Ctrl Pts',(75.3272955115955,-87.9861570524429,18.7821665265717));
#16988=CARTESIAN_POINT('Ctrl Pts',(75.1589877898662,-88.,18.75));
#16989=CARTESIAN_POINT('Ctrl Pts',(74.8410122101338,-88.,18.75));
#16990=CARTESIAN_POINT('Ctrl Pts',(74.6727044884045,-87.9861570524429,18.7821665265717));
#16991=CARTESIAN_POINT('Ctrl Pts',(74.3652460256665,-87.9362124722172,18.9103541589763));
#16992=CARTESIAN_POINT('Ctrl Pts',(74.2259578697274,-87.9007017731149,19.0062751773063));
#16993=CARTESIAN_POINT('Ctrl Pts',(74.0061422846957,-87.8329297249278,19.226090762338));
#16994=CARTESIAN_POINT('Ctrl Pts',(73.9103215940416,-87.7959642377917,19.3653293920701));
#16995=CARTESIAN_POINT('Ctrl Pts',(73.7822113622442,-87.7425911552851,19.6725916911176));
#16996=CARTESIAN_POINT('Ctrl Pts',(73.75,-87.7271780286589,19.840819857225));
#16997=CARTESIAN_POINT('Ctrl Pts',(73.75,-87.7271780286589,20.));
#16998=CARTESIAN_POINT('',(73.75,-82.2728219713411,20.));
#16999=CARTESIAN_POINT('',(73.75,0.,20.));
#17000=CARTESIAN_POINT('Ctrl Pts',(73.75,-82.2728219713411,20.));
#17001=CARTESIAN_POINT('Ctrl Pts',(73.75,-82.2728219713411,19.840819857225));
#17002=CARTESIAN_POINT('Ctrl Pts',(73.7822113622442,-82.2574088447149,19.6725916911176));
#17003=CARTESIAN_POINT('Ctrl Pts',(73.9103215940416,-82.2040357622083,19.3653293920701));
#17004=CARTESIAN_POINT('Ctrl Pts',(74.0061422846957,-82.1670702750722,19.226090762338));
#17005=CARTESIAN_POINT('Ctrl Pts',(74.2259578697274,-82.0992982268851,19.0062751773063));
#17006=CARTESIAN_POINT('Ctrl Pts',(74.3652460256665,-82.0637875277828,18.9103541589763));
#17007=CARTESIAN_POINT('Ctrl Pts',(74.6727044884046,-82.0138429475571,18.7821665265717));
#17008=CARTESIAN_POINT('Ctrl Pts',(74.8410122101338,-82.,18.75));
#17009=CARTESIAN_POINT('Ctrl Pts',(75.1589877898662,-82.,18.75));
#17010=CARTESIAN_POINT('Ctrl Pts',(75.3272955115955,-82.0138429475571,18.7821665265717));
#17011=CARTESIAN_POINT('Ctrl Pts',(75.6347539743335,-82.0637875277828,18.9103541589763));
#17012=CARTESIAN_POINT('Ctrl Pts',(75.7740421302726,-82.0992982268851,19.0062751773063));
#17013=CARTESIAN_POINT('Ctrl Pts',(75.9938577153043,-82.1670702750722,19.226090762338));
#17014=CARTESIAN_POINT('Ctrl Pts',(76.0896784059584,-82.2040357622083,19.3653293920701));
#17015=CARTESIAN_POINT('Ctrl Pts',(76.2177886377558,-82.2574088447149,19.6725916911176));
#17016=CARTESIAN_POINT('Ctrl Pts',(76.25,-82.2728219713411,19.840819857225));
#17017=CARTESIAN_POINT('Ctrl Pts',(76.25,-82.2728219713411,20.159180142775));
#17018=CARTESIAN_POINT('Ctrl Pts',(76.2177886377558,-82.2574088447149,20.3274083088824));
#17019=CARTESIAN_POINT('Ctrl Pts',(76.0896784059584,-82.2040357622083,20.6346706079299));
#17020=CARTESIAN_POINT('Ctrl Pts',(75.9938577153043,-82.1670702750722,20.773909237662));
#17021=CARTESIAN_POINT('Ctrl Pts',(75.7740421302726,-82.0992982268851,20.9937248226937));
#17022=CARTESIAN_POINT('Ctrl Pts',(75.6347539743335,-82.0637875277828,21.0896458410237));
#17023=CARTESIAN_POINT('Ctrl Pts',(75.3272955115955,-82.0138429475571,21.2178334734283));
#17024=CARTESIAN_POINT('Ctrl Pts',(75.1589877898662,-82.,21.25));
#17025=CARTESIAN_POINT('Ctrl Pts',(74.8410122101338,-82.,21.25));
#17026=CARTESIAN_POINT('Ctrl Pts',(74.6727044884045,-82.0138429475571,21.2178334734283));
#17027=CARTESIAN_POINT('Ctrl Pts',(74.3652460256665,-82.0637875277828,21.0896458410237));
#17028=CARTESIAN_POINT('Ctrl Pts',(74.2259578697274,-82.0992982268851,20.9937248226937));
#17029=CARTESIAN_POINT('Ctrl Pts',(74.0061422846957,-82.1670702750722,20.773909237662));
#17030=CARTESIAN_POINT('Ctrl Pts',(73.9103215940416,-82.2040357622083,20.6346706079299));
#17031=CARTESIAN_POINT('Ctrl Pts',(73.7822113622442,-82.2574088447149,20.3274083088824));
#17032=CARTESIAN_POINT('Ctrl Pts',(73.75,-82.2728219713411,20.159180142775));
#17033=CARTESIAN_POINT('Ctrl Pts',(73.75,-82.2728219713411,20.));
#17034=CARTESIAN_POINT('Origin',(0.,-85.,44.));
#17035=CARTESIAN_POINT('',(72.2728219713411,-83.75,44.));
#17036=CARTESIAN_POINT('',(72.,-85.,45.25));
#17037=CARTESIAN_POINT('Ctrl Pts',(72.2728219713411,-83.75,44.));
#17038=CARTESIAN_POINT('Ctrl Pts',(72.2728219713411,-83.75,44.159180142775));
#17039=CARTESIAN_POINT('Ctrl Pts',(72.2574088447149,-83.7822113622442,44.3274083088824));
#17040=CARTESIAN_POINT('Ctrl Pts',(72.2040357622083,-83.9103215940416,44.6346706079299));
#17041=CARTESIAN_POINT('Ctrl Pts',(72.1670702750722,-84.0061422846957,44.773909237662));
#17042=CARTESIAN_POINT('Ctrl Pts',(72.0992982268851,-84.2259578697274,44.9937248226937));
#17043=CARTESIAN_POINT('Ctrl Pts',(72.0637875277828,-84.3652460256665,45.0896458410237));
#17044=CARTESIAN_POINT('Ctrl Pts',(72.0138429475571,-84.6727044884045,45.2178334734283));
#17045=CARTESIAN_POINT('Ctrl Pts',(72.,-84.8410122101338,45.25));
#17046=CARTESIAN_POINT('Ctrl Pts',(72.,-85.,45.25));
#17047=CARTESIAN_POINT('',(72.,-85.,42.75));
#17048=CARTESIAN_POINT('Ctrl Pts',(72.,-85.,42.75));
#17049=CARTESIAN_POINT('Ctrl Pts',(72.,-84.8410122101338,42.75));
#17050=CARTESIAN_POINT('Ctrl Pts',(72.0138429475571,-84.6727044884045,42.7821665265717));
#17051=CARTESIAN_POINT('Ctrl Pts',(72.0637875277828,-84.3652460256665,42.9103541589763));
#17052=CARTESIAN_POINT('Ctrl Pts',(72.0992982268851,-84.2259578697274,43.0062751773063));
#17053=CARTESIAN_POINT('Ctrl Pts',(72.1670702750722,-84.0061422846957,43.226090762338));
#17054=CARTESIAN_POINT('Ctrl Pts',(72.2040357622083,-83.9103215940416,43.3653293920701));
#17055=CARTESIAN_POINT('Ctrl Pts',(72.2574088447149,-83.7822113622442,43.6725916911176));
#17056=CARTESIAN_POINT('Ctrl Pts',(72.2728219713411,-83.75,43.8408198572251));
#17057=CARTESIAN_POINT('Ctrl Pts',(72.2728219713411,-83.75,44.));
#17058=CARTESIAN_POINT('Ctrl Pts',(72.,-85.,45.25));
#17059=CARTESIAN_POINT('Ctrl Pts',(72.,-85.1589877898662,45.25));
#17060=CARTESIAN_POINT('Ctrl Pts',(72.0138429475571,-85.3272955115955,45.2178334734283));
#17061=CARTESIAN_POINT('Ctrl Pts',(72.0637875277828,-85.6347539743335,45.0896458410237));
#17062=CARTESIAN_POINT('Ctrl Pts',(72.0992982268851,-85.7740421302726,44.9937248226937));
#17063=CARTESIAN_POINT('Ctrl Pts',(72.1670702750722,-85.9938577153043,44.773909237662));
#17064=CARTESIAN_POINT('Ctrl Pts',(72.2040357622083,-86.0896784059584,44.6346706079299));
#17065=CARTESIAN_POINT('Ctrl Pts',(72.2574088447149,-86.2177886377558,44.3274083088824));
#17066=CARTESIAN_POINT('Ctrl Pts',(72.2728219713411,-86.25,44.159180142775));
#17067=CARTESIAN_POINT('Ctrl Pts',(72.2728219713411,-86.25,43.8408198572251));
#17068=CARTESIAN_POINT('Ctrl Pts',(72.2574088447149,-86.2177886377558,43.6725916911176));
#17069=CARTESIAN_POINT('Ctrl Pts',(72.2040357622083,-86.0896784059584,43.3653293920701));
#17070=CARTESIAN_POINT('Ctrl Pts',(72.1670702750722,-85.9938577153043,43.226090762338));
#17071=CARTESIAN_POINT('Ctrl Pts',(72.0992982268851,-85.7740421302726,43.0062751773063));
#17072=CARTESIAN_POINT('Ctrl Pts',(72.0637875277828,-85.6347539743335,42.9103541589763));
#17073=CARTESIAN_POINT('Ctrl Pts',(72.0138429475571,-85.3272955115955,42.7821665265717));
#17074=CARTESIAN_POINT('Ctrl Pts',(72.,-85.1589877898662,42.75));
#17075=CARTESIAN_POINT('Ctrl Pts',(72.,-85.,42.75));
#17076=CARTESIAN_POINT('',(78.,-85.,45.25));
#17077=CARTESIAN_POINT('',(0.,-85.,45.25));
#17078=CARTESIAN_POINT('',(77.7271780286589,-83.75,44.));
#17079=CARTESIAN_POINT('Ctrl Pts',(77.7271780286589,-83.75,44.));
#17080=CARTESIAN_POINT('Ctrl Pts',(77.7271780286589,-83.75,43.8408198572251));
#17081=CARTESIAN_POINT('Ctrl Pts',(77.7425911552851,-83.7822113622442,43.6725916911176));
#17082=CARTESIAN_POINT('Ctrl Pts',(77.7959642377917,-83.9103215940416,43.3653293920701));
#17083=CARTESIAN_POINT('Ctrl Pts',(77.8329297249278,-84.0061422846957,43.226090762338));
#17084=CARTESIAN_POINT('Ctrl Pts',(77.9007017731149,-84.2259578697274,43.0062751773063));
#17085=CARTESIAN_POINT('Ctrl Pts',(77.9362124722172,-84.3652460256665,42.9103541589763));
#17086=CARTESIAN_POINT('Ctrl Pts',(77.9861570524429,-84.6727044884045,42.7821665265717));
#17087=CARTESIAN_POINT('Ctrl Pts',(78.,-84.8410122101338,42.75));
#17088=CARTESIAN_POINT('Ctrl Pts',(78.,-85.1589877898662,42.75));
#17089=CARTESIAN_POINT('Ctrl Pts',(77.9861570524429,-85.3272955115955,42.7821665265717));
#17090=CARTESIAN_POINT('Ctrl Pts',(77.9362124722172,-85.6347539743335,42.9103541589763));
#17091=CARTESIAN_POINT('Ctrl Pts',(77.9007017731149,-85.7740421302726,43.0062751773063));
#17092=CARTESIAN_POINT('Ctrl Pts',(77.8329297249278,-85.9938577153043,43.226090762338));
#17093=CARTESIAN_POINT('Ctrl Pts',(77.7959642377917,-86.0896784059584,43.3653293920701));
#17094=CARTESIAN_POINT('Ctrl Pts',(77.7425911552851,-86.2177886377558,43.6725916911176));
#17095=CARTESIAN_POINT('Ctrl Pts',(77.7271780286589,-86.25,43.8408198572251));
#17096=CARTESIAN_POINT('Ctrl Pts',(77.7271780286589,-86.25,44.159180142775));
#17097=CARTESIAN_POINT('Ctrl Pts',(77.7425911552851,-86.2177886377558,44.3274083088824));
#17098=CARTESIAN_POINT('Ctrl Pts',(77.7959642377917,-86.0896784059584,44.6346706079299));
#17099=CARTESIAN_POINT('Ctrl Pts',(77.8329297249278,-85.9938577153043,44.773909237662));
#17100=CARTESIAN_POINT('Ctrl Pts',(77.9007017731149,-85.7740421302726,44.9937248226937));
#17101=CARTESIAN_POINT('Ctrl Pts',(77.9362124722172,-85.6347539743335,45.0896458410237));
#17102=CARTESIAN_POINT('Ctrl Pts',(77.9861570524429,-85.3272955115955,45.2178334734283));
#17103=CARTESIAN_POINT('Ctrl Pts',(78.,-85.1589877898662,45.25));
#17104=CARTESIAN_POINT('Ctrl Pts',(78.,-85.,45.25));
#17105=CARTESIAN_POINT('Ctrl Pts',(78.,-85.,45.25));
#17106=CARTESIAN_POINT('Ctrl Pts',(78.,-84.8410122101338,45.25));
#17107=CARTESIAN_POINT('Ctrl Pts',(77.9861570524429,-84.6727044884045,45.2178334734283));
#17108=CARTESIAN_POINT('Ctrl Pts',(77.9362124722172,-84.3652460256665,45.0896458410237));
#17109=CARTESIAN_POINT('Ctrl Pts',(77.9007017731149,-84.2259578697274,44.9937248226937));
#17110=CARTESIAN_POINT('Ctrl Pts',(77.8329297249278,-84.0061422846957,44.773909237662));
#17111=CARTESIAN_POINT('Ctrl Pts',(77.7959642377917,-83.9103215940416,44.6346706079299));
#17112=CARTESIAN_POINT('Ctrl Pts',(77.7425911552851,-83.7822113622442,44.3274083088824));
#17113=CARTESIAN_POINT('Ctrl Pts',(77.7271780286589,-83.75,44.159180142775));
#17114=CARTESIAN_POINT('Ctrl Pts',(77.7271780286589,-83.75,44.));
#17115=CARTESIAN_POINT('Origin',(75.,-85.,83.));
#17116=CARTESIAN_POINT('',(73.75,-85.,83.));
#17117=CARTESIAN_POINT('Origin',(75.,-85.,83.));
#17118=CARTESIAN_POINT('',(73.75,-85.,73.));
#17119=CARTESIAN_POINT('',(73.75,-85.,83.));
#17120=CARTESIAN_POINT('Origin',(75.,-85.,73.));
#17121=CARTESIAN_POINT('Origin',(75.,-85.,73.));
#17122=CARTESIAN_POINT('Origin',(75.,-85.,5.));
#17123=CARTESIAN_POINT('',(73.75,-85.,5.));
#17124=CARTESIAN_POINT('Origin',(75.,-85.,5.));
#17125=CARTESIAN_POINT('',(73.75,-85.,15.));
#17126=CARTESIAN_POINT('',(73.75,-85.,5.));
#17127=CARTESIAN_POINT('Origin',(75.,-85.,15.));
#17128=CARTESIAN_POINT('Origin',(75.,-85.,15.));
#17129=CARTESIAN_POINT('Origin',(75.,-85.,5.));
#17130=CARTESIAN_POINT('',(72.,-85.,83.));
#17131=CARTESIAN_POINT('Origin',(75.,-85.,83.));
#17132=CARTESIAN_POINT('',(72.,-85.,5.));
#17133=CARTESIAN_POINT('',(72.,-85.,5.));
#17134=CARTESIAN_POINT('',(72.,-85.,5.));
#17135=CARTESIAN_POINT('Origin',(75.,-85.,5.));
#17136=CARTESIAN_POINT('Origin',(75.,-85.,83.));
#17137=CARTESIAN_POINT('Origin',(75.,-85.,5.));
#17138=CARTESIAN_POINT('Origin',(0.,-85.,44.));
#17139=CARTESIAN_POINT('',(-77.7271780286589,-83.75,44.));
#17140=CARTESIAN_POINT('',(-78.,-85.,45.25));
#17141=CARTESIAN_POINT('Ctrl Pts',(-77.7271780286589,-83.75,44.));
#17142=CARTESIAN_POINT('Ctrl Pts',(-77.7271780286589,-83.75,44.159180142775));
#17143=CARTESIAN_POINT('Ctrl Pts',(-77.7425911552851,-83.7822113622442,
44.3274083088824));
#17144=CARTESIAN_POINT('Ctrl Pts',(-77.7959642377917,-83.9103215940416,
44.6346706079299));
#17145=CARTESIAN_POINT('Ctrl Pts',(-77.8329297249278,-84.0061422846957,
44.773909237662));
#17146=CARTESIAN_POINT('Ctrl Pts',(-77.9007017731149,-84.2259578697274,
44.9937248226937));
#17147=CARTESIAN_POINT('Ctrl Pts',(-77.9362124722172,-84.3652460256665,
45.0896458410237));
#17148=CARTESIAN_POINT('Ctrl Pts',(-77.9861570524429,-84.6727044884045,
45.2178334734283));
#17149=CARTESIAN_POINT('Ctrl Pts',(-78.,-84.8410122101338,45.25));
#17150=CARTESIAN_POINT('Ctrl Pts',(-78.,-85.,45.25));
#17151=CARTESIAN_POINT('',(-78.,-85.,42.75));
#17152=CARTESIAN_POINT('Ctrl Pts',(-78.,-85.,42.75));
#17153=CARTESIAN_POINT('Ctrl Pts',(-78.,-84.8410122101338,42.75));
#17154=CARTESIAN_POINT('Ctrl Pts',(-77.9861570524429,-84.6727044884045,
42.7821665265717));
#17155=CARTESIAN_POINT('Ctrl Pts',(-77.9362124722172,-84.3652460256665,
42.9103541589763));
#17156=CARTESIAN_POINT('Ctrl Pts',(-77.9007017731149,-84.2259578697274,
43.0062751773063));
#17157=CARTESIAN_POINT('Ctrl Pts',(-77.8329297249278,-84.0061422846957,
43.226090762338));
#17158=CARTESIAN_POINT('Ctrl Pts',(-77.7959642377917,-83.9103215940416,
43.3653293920701));
#17159=CARTESIAN_POINT('Ctrl Pts',(-77.7425911552851,-83.7822113622442,
43.6725916911176));
#17160=CARTESIAN_POINT('Ctrl Pts',(-77.7271780286589,-83.75,43.8408198572251));
#17161=CARTESIAN_POINT('Ctrl Pts',(-77.7271780286589,-83.75,44.));
#17162=CARTESIAN_POINT('Ctrl Pts',(-78.,-85.,45.25));
#17163=CARTESIAN_POINT('Ctrl Pts',(-78.,-85.1589877898662,45.25));
#17164=CARTESIAN_POINT('Ctrl Pts',(-77.9861570524429,-85.3272955115955,
45.2178334734283));
#17165=CARTESIAN_POINT('Ctrl Pts',(-77.9362124722172,-85.6347539743335,
45.0896458410237));
#17166=CARTESIAN_POINT('Ctrl Pts',(-77.9007017731149,-85.7740421302726,
44.9937248226937));
#17167=CARTESIAN_POINT('Ctrl Pts',(-77.8329297249278,-85.9938577153043,
44.773909237662));
#17168=CARTESIAN_POINT('Ctrl Pts',(-77.7959642377917,-86.0896784059584,
44.6346706079299));
#17169=CARTESIAN_POINT('Ctrl Pts',(-77.7425911552851,-86.2177886377558,
44.3274083088824));
#17170=CARTESIAN_POINT('Ctrl Pts',(-77.7271780286589,-86.25,44.159180142775));
#17171=CARTESIAN_POINT('Ctrl Pts',(-77.7271780286589,-86.25,43.8408198572251));
#17172=CARTESIAN_POINT('Ctrl Pts',(-77.7425911552851,-86.2177886377558,
43.6725916911176));
#17173=CARTESIAN_POINT('Ctrl Pts',(-77.7959642377917,-86.0896784059584,
43.3653293920701));
#17174=CARTESIAN_POINT('Ctrl Pts',(-77.8329297249278,-85.9938577153043,
43.226090762338));
#17175=CARTESIAN_POINT('Ctrl Pts',(-77.9007017731149,-85.7740421302726,
43.0062751773063));
#17176=CARTESIAN_POINT('Ctrl Pts',(-77.9362124722172,-85.6347539743335,
42.9103541589763));
#17177=CARTESIAN_POINT('Ctrl Pts',(-77.9861570524429,-85.3272955115955,
42.7821665265717));
#17178=CARTESIAN_POINT('Ctrl Pts',(-78.,-85.1589877898662,42.75));
#17179=CARTESIAN_POINT('Ctrl Pts',(-78.,-85.,42.75));
#17180=CARTESIAN_POINT('',(-72.,-85.,45.25));
#17181=CARTESIAN_POINT('',(0.,-85.,45.25));
#17182=CARTESIAN_POINT('',(-72.2728219713411,-83.75,44.));
#17183=CARTESIAN_POINT('Ctrl Pts',(-72.2728219713411,-83.75,44.));
#17184=CARTESIAN_POINT('Ctrl Pts',(-72.2728219713411,-83.75,43.8408198572251));
#17185=CARTESIAN_POINT('Ctrl Pts',(-72.2574088447149,-83.7822113622442,
43.6725916911176));
#17186=CARTESIAN_POINT('Ctrl Pts',(-72.2040357622083,-83.9103215940416,
43.3653293920701));
#17187=CARTESIAN_POINT('Ctrl Pts',(-72.1670702750722,-84.0061422846957,
43.226090762338));
#17188=CARTESIAN_POINT('Ctrl Pts',(-72.0992982268851,-84.2259578697274,
43.0062751773063));
#17189=CARTESIAN_POINT('Ctrl Pts',(-72.0637875277828,-84.3652460256665,
42.9103541589763));
#17190=CARTESIAN_POINT('Ctrl Pts',(-72.0138429475571,-84.6727044884045,
42.7821665265717));
#17191=CARTESIAN_POINT('Ctrl Pts',(-72.,-84.8410122101338,42.75));
#17192=CARTESIAN_POINT('Ctrl Pts',(-72.,-85.1589877898662,42.75));
#17193=CARTESIAN_POINT('Ctrl Pts',(-72.0138429475571,-85.3272955115955,
42.7821665265717));
#17194=CARTESIAN_POINT('Ctrl Pts',(-72.0637875277828,-85.6347539743335,
42.9103541589763));
#17195=CARTESIAN_POINT('Ctrl Pts',(-72.0992982268851,-85.7740421302726,
43.0062751773063));
#17196=CARTESIAN_POINT('Ctrl Pts',(-72.1670702750722,-85.9938577153043,
43.226090762338));
#17197=CARTESIAN_POINT('Ctrl Pts',(-72.2040357622083,-86.0896784059584,
43.3653293920701));
#17198=CARTESIAN_POINT('Ctrl Pts',(-72.2574088447149,-86.2177886377558,
43.6725916911176));
#17199=CARTESIAN_POINT('Ctrl Pts',(-72.2728219713411,-86.25,43.8408198572251));
#17200=CARTESIAN_POINT('Ctrl Pts',(-72.2728219713411,-86.25,44.159180142775));
#17201=CARTESIAN_POINT('Ctrl Pts',(-72.2574088447149,-86.2177886377558,
44.3274083088824));
#17202=CARTESIAN_POINT('Ctrl Pts',(-72.2040357622083,-86.0896784059584,
44.6346706079299));
#17203=CARTESIAN_POINT('Ctrl Pts',(-72.1670702750722,-85.9938577153043,
44.773909237662));
#17204=CARTESIAN_POINT('Ctrl Pts',(-72.0992982268851,-85.7740421302726,
44.9937248226937));
#17205=CARTESIAN_POINT('Ctrl Pts',(-72.0637875277828,-85.6347539743335,
45.0896458410237));
#17206=CARTESIAN_POINT('Ctrl Pts',(-72.0138429475571,-85.3272955115955,
45.2178334734283));
#17207=CARTESIAN_POINT('Ctrl Pts',(-72.,-85.1589877898662,45.25));
#17208=CARTESIAN_POINT('Ctrl Pts',(-72.,-85.,45.25));
#17209=CARTESIAN_POINT('Ctrl Pts',(-72.,-85.,45.25));
#17210=CARTESIAN_POINT('Ctrl Pts',(-72.,-84.8410122101338,45.25));
#17211=CARTESIAN_POINT('Ctrl Pts',(-72.0138429475571,-84.6727044884045,
45.2178334734283));
#17212=CARTESIAN_POINT('Ctrl Pts',(-72.0637875277828,-84.3652460256665,
45.0896458410237));
#17213=CARTESIAN_POINT('Ctrl Pts',(-72.0992982268851,-84.2259578697274,
44.9937248226937));
#17214=CARTESIAN_POINT('Ctrl Pts',(-72.1670702750722,-84.0061422846957,
44.773909237662));
#17215=CARTESIAN_POINT('Ctrl Pts',(-72.2040357622083,-83.9103215940416,
44.6346706079299));
#17216=CARTESIAN_POINT('Ctrl Pts',(-72.2574088447149,-83.7822113622442,
44.3274083088824));
#17217=CARTESIAN_POINT('Ctrl Pts',(-72.2728219713411,-83.75,44.159180142775));
#17218=CARTESIAN_POINT('Ctrl Pts',(-72.2728219713411,-83.75,44.));
#17219=CARTESIAN_POINT('Origin',(-75.,-85.,83.));
#17220=CARTESIAN_POINT('',(-76.25,-85.,83.));
#17221=CARTESIAN_POINT('Origin',(-75.,-85.,83.));
#17222=CARTESIAN_POINT('',(-76.25,-85.,73.));
#17223=CARTESIAN_POINT('',(-76.25,-85.,83.));
#17224=CARTESIAN_POINT('Origin',(-75.,-85.,73.));
#17225=CARTESIAN_POINT('Origin',(-75.,-85.,73.));
#17226=CARTESIAN_POINT('Origin',(-75.,-85.,5.));
#17227=CARTESIAN_POINT('',(-76.25,-85.,5.));
#17228=CARTESIAN_POINT('Origin',(-75.,-85.,5.));
#17229=CARTESIAN_POINT('',(-76.25,-85.,15.));
#17230=CARTESIAN_POINT('',(-76.25,-85.,5.));
#17231=CARTESIAN_POINT('Origin',(-75.,-85.,15.));
#17232=CARTESIAN_POINT('Origin',(-75.,-85.,15.));
#17233=CARTESIAN_POINT('Origin',(-75.,-85.,5.));
#17234=CARTESIAN_POINT('',(-78.,-85.,83.));
#17235=CARTESIAN_POINT('Origin',(-75.,-85.,83.));
#17236=CARTESIAN_POINT('',(-78.,-85.,5.));
#17237=CARTESIAN_POINT('',(-78.,-85.,5.));
#17238=CARTESIAN_POINT('',(-78.,-85.,5.));
#17239=CARTESIAN_POINT('Origin',(-75.,-85.,5.));
#17240=CARTESIAN_POINT('Origin',(-75.,-85.,83.));
#17241=CARTESIAN_POINT('Origin',(-75.,-85.,5.));
#17242=CARTESIAN_POINT('Origin',(0.,35.,44.));
#17243=CARTESIAN_POINT('',(72.2728219713411,36.25,44.));
#17244=CARTESIAN_POINT('',(72.,35.,45.25));
#17245=CARTESIAN_POINT('Ctrl Pts',(72.2728219713411,36.25,44.));
#17246=CARTESIAN_POINT('Ctrl Pts',(72.2728219713411,36.25,44.159180142775));
#17247=CARTESIAN_POINT('Ctrl Pts',(72.2574088447149,36.2177886377558,44.3274083088824));
#17248=CARTESIAN_POINT('Ctrl Pts',(72.2040357622083,36.0896784059584,44.6346706079299));
#17249=CARTESIAN_POINT('Ctrl Pts',(72.1670702750722,35.9938577153043,44.773909237662));
#17250=CARTESIAN_POINT('Ctrl Pts',(72.0992982268851,35.7740421302726,44.9937248226937));
#17251=CARTESIAN_POINT('Ctrl Pts',(72.0637875277828,35.6347539743335,45.0896458410237));
#17252=CARTESIAN_POINT('Ctrl Pts',(72.0138429475571,35.3272955115955,45.2178334734283));
#17253=CARTESIAN_POINT('Ctrl Pts',(72.,35.1589877898662,45.25));
#17254=CARTESIAN_POINT('Ctrl Pts',(72.,35.,45.25));
#17255=CARTESIAN_POINT('',(72.,35.,42.75));
#17256=CARTESIAN_POINT('Ctrl Pts',(72.,35.,42.75));
#17257=CARTESIAN_POINT('Ctrl Pts',(72.,35.1589877898662,42.75));
#17258=CARTESIAN_POINT('Ctrl Pts',(72.0138429475571,35.3272955115954,42.7821665265717));
#17259=CARTESIAN_POINT('Ctrl Pts',(72.0637875277828,35.6347539743335,42.9103541589763));
#17260=CARTESIAN_POINT('Ctrl Pts',(72.0992982268851,35.7740421302726,43.0062751773063));
#17261=CARTESIAN_POINT('Ctrl Pts',(72.1670702750722,35.9938577153043,43.226090762338));
#17262=CARTESIAN_POINT('Ctrl Pts',(72.2040357622083,36.0896784059584,43.3653293920701));
#17263=CARTESIAN_POINT('Ctrl Pts',(72.2574088447149,36.2177886377558,43.6725916911176));
#17264=CARTESIAN_POINT('Ctrl Pts',(72.2728219713411,36.25,43.840819857225));
#17265=CARTESIAN_POINT('Ctrl Pts',(72.2728219713411,36.25,44.));
#17266=CARTESIAN_POINT('Ctrl Pts',(72.,35.,45.25));
#17267=CARTESIAN_POINT('Ctrl Pts',(72.,34.8410122101338,45.25));
#17268=CARTESIAN_POINT('Ctrl Pts',(72.0138429475571,34.6727044884045,45.2178334734283));
#17269=CARTESIAN_POINT('Ctrl Pts',(72.0637875277828,34.3652460256665,45.0896458410237));
#17270=CARTESIAN_POINT('Ctrl Pts',(72.0992982268851,34.2259578697274,44.9937248226937));
#17271=CARTESIAN_POINT('Ctrl Pts',(72.1670702750722,34.0061422846957,44.773909237662));
#17272=CARTESIAN_POINT('Ctrl Pts',(72.2040357622083,33.9103215940416,44.6346706079299));
#17273=CARTESIAN_POINT('Ctrl Pts',(72.2574088447149,33.7822113622442,44.3274083088824));
#17274=CARTESIAN_POINT('Ctrl Pts',(72.2728219713411,33.75,44.159180142775));
#17275=CARTESIAN_POINT('Ctrl Pts',(72.2728219713411,33.75,43.8408198572251));
#17276=CARTESIAN_POINT('Ctrl Pts',(72.2574088447149,33.7822113622442,43.6725916911176));
#17277=CARTESIAN_POINT('Ctrl Pts',(72.2040357622083,33.9103215940416,43.3653293920702));
#17278=CARTESIAN_POINT('Ctrl Pts',(72.1670702750722,34.0061422846957,43.226090762338));
#17279=CARTESIAN_POINT('Ctrl Pts',(72.0992982268851,34.2259578697274,43.0062751773063));
#17280=CARTESIAN_POINT('Ctrl Pts',(72.0637875277828,34.3652460256665,42.9103541589763));
#17281=CARTESIAN_POINT('Ctrl Pts',(72.0138429475571,34.6727044884045,42.7821665265717));
#17282=CARTESIAN_POINT('Ctrl Pts',(72.,34.8410122101338,42.75));
#17283=CARTESIAN_POINT('Ctrl Pts',(72.,35.,42.75));
#17284=CARTESIAN_POINT('',(78.,35.,45.25));
#17285=CARTESIAN_POINT('',(0.,35.,45.25));
#17286=CARTESIAN_POINT('',(77.7271780286589,36.25,44.));
#17287=CARTESIAN_POINT('Ctrl Pts',(77.7271780286589,36.25,44.));
#17288=CARTESIAN_POINT('Ctrl Pts',(77.7271780286589,36.25,43.840819857225));
#17289=CARTESIAN_POINT('Ctrl Pts',(77.7425911552851,36.2177886377558,43.6725916911176));
#17290=CARTESIAN_POINT('Ctrl Pts',(77.7959642377917,36.0896784059584,43.3653293920701));
#17291=CARTESIAN_POINT('Ctrl Pts',(77.8329297249278,35.9938577153043,43.226090762338));
#17292=CARTESIAN_POINT('Ctrl Pts',(77.9007017731149,35.7740421302726,43.0062751773063));
#17293=CARTESIAN_POINT('Ctrl Pts',(77.9362124722172,35.6347539743335,42.9103541589763));
#17294=CARTESIAN_POINT('Ctrl Pts',(77.9861570524429,35.3272955115955,42.7821665265717));
#17295=CARTESIAN_POINT('Ctrl Pts',(78.,35.1589877898662,42.75));
#17296=CARTESIAN_POINT('Ctrl Pts',(78.,34.8410122101338,42.75));
#17297=CARTESIAN_POINT('Ctrl Pts',(77.9861570524429,34.6727044884046,42.7821665265717));
#17298=CARTESIAN_POINT('Ctrl Pts',(77.9362124722172,34.3652460256665,42.9103541589763));
#17299=CARTESIAN_POINT('Ctrl Pts',(77.9007017731149,34.2259578697274,43.0062751773063));
#17300=CARTESIAN_POINT('Ctrl Pts',(77.8329297249278,34.0061422846957,43.226090762338));
#17301=CARTESIAN_POINT('Ctrl Pts',(77.7959642377917,33.9103215940416,43.3653293920702));
#17302=CARTESIAN_POINT('Ctrl Pts',(77.7425911552851,33.7822113622442,43.6725916911176));
#17303=CARTESIAN_POINT('Ctrl Pts',(77.7271780286589,33.75,43.8408198572251));
#17304=CARTESIAN_POINT('Ctrl Pts',(77.7271780286589,33.75,44.159180142775));
#17305=CARTESIAN_POINT('Ctrl Pts',(77.7425911552851,33.7822113622442,44.3274083088824));
#17306=CARTESIAN_POINT('Ctrl Pts',(77.7959642377917,33.9103215940416,44.6346706079299));
#17307=CARTESIAN_POINT('Ctrl Pts',(77.8329297249278,34.0061422846957,44.773909237662));
#17308=CARTESIAN_POINT('Ctrl Pts',(77.9007017731149,34.2259578697274,44.9937248226937));
#17309=CARTESIAN_POINT('Ctrl Pts',(77.9362124722172,34.3652460256665,45.0896458410237));
#17310=CARTESIAN_POINT('Ctrl Pts',(77.986157052443,34.6727044884045,45.2178334734283));
#17311=CARTESIAN_POINT('Ctrl Pts',(78.,34.8410122101338,45.25));
#17312=CARTESIAN_POINT('Ctrl Pts',(78.,35.,45.25));
#17313=CARTESIAN_POINT('Ctrl Pts',(78.,35.,45.25));
#17314=CARTESIAN_POINT('Ctrl Pts',(78.,35.1589877898662,45.25));
#17315=CARTESIAN_POINT('Ctrl Pts',(77.9861570524429,35.3272955115954,45.2178334734283));
#17316=CARTESIAN_POINT('Ctrl Pts',(77.9362124722172,35.6347539743335,45.0896458410237));
#17317=CARTESIAN_POINT('Ctrl Pts',(77.9007017731149,35.7740421302726,44.9937248226937));
#17318=CARTESIAN_POINT('Ctrl Pts',(77.8329297249278,35.9938577153043,44.773909237662));
#17319=CARTESIAN_POINT('Ctrl Pts',(77.7959642377917,36.0896784059584,44.6346706079299));
#17320=CARTESIAN_POINT('Ctrl Pts',(77.7425911552851,36.2177886377558,44.3274083088824));
#17321=CARTESIAN_POINT('Ctrl Pts',(77.7271780286589,36.25,44.159180142775));
#17322=CARTESIAN_POINT('Ctrl Pts',(77.7271780286589,36.25,44.));
#17323=CARTESIAN_POINT('Origin',(75.,35.,83.));
#17324=CARTESIAN_POINT('',(73.75,35.,83.));
#17325=CARTESIAN_POINT('Origin',(75.,35.,83.));
#17326=CARTESIAN_POINT('',(73.75,35.,73.));
#17327=CARTESIAN_POINT('',(73.75,35.,83.));
#17328=CARTESIAN_POINT('Origin',(75.,35.,73.));
#17329=CARTESIAN_POINT('Origin',(75.,35.,73.));
#17330=CARTESIAN_POINT('Origin',(75.,35.,5.));
#17331=CARTESIAN_POINT('',(73.75,35.,5.));
#17332=CARTESIAN_POINT('Origin',(75.,35.,5.));
#17333=CARTESIAN_POINT('',(73.75,35.,15.));
#17334=CARTESIAN_POINT('',(73.75,35.,5.));
#17335=CARTESIAN_POINT('Origin',(75.,35.,15.));
#17336=CARTESIAN_POINT('Origin',(75.,35.,15.));
#17337=CARTESIAN_POINT('Origin',(75.,35.,5.));
#17338=CARTESIAN_POINT('',(72.,35.,83.));
#17339=CARTESIAN_POINT('Origin',(75.,35.,83.));
#17340=CARTESIAN_POINT('',(72.,35.,5.));
#17341=CARTESIAN_POINT('',(72.,35.,5.));
#17342=CARTESIAN_POINT('',(72.,35.,5.));
#17343=CARTESIAN_POINT('Origin',(75.,35.,5.));
#17344=CARTESIAN_POINT('Origin',(75.,35.,83.));
#17345=CARTESIAN_POINT('Origin',(75.,35.,5.));
#17346=CARTESIAN_POINT('',(0.,0.,0.));
#17347=CARTESIAN_POINT('',(0.,0.,0.));
#17348=CARTESIAN_POINT('',(0.,0.,0.));
#17349=CARTESIAN_POINT('',(0.,0.,0.));
#17350=CARTESIAN_POINT('',(0.,0.,0.));
#17351=CARTESIAN_POINT('',(0.,0.,0.));
#17352=CARTESIAN_POINT('',(0.,0.,0.));
#17353=CARTESIAN_POINT('',(0.,0.,0.));
#17354=CARTESIAN_POINT('',(0.,0.,0.));
#17355=CARTESIAN_POINT('Origin',(-80.1,-6.35,21.));
#17356=CARTESIAN_POINT('',(-80.,-6.35,22.7));
#17357=CARTESIAN_POINT('Origin',(-80.,-6.35,21.));
#17358=CARTESIAN_POINT('',(-67.2,-6.35,22.7));
#17359=CARTESIAN_POINT('',(-80.1,-6.35,22.7));
#17360=CARTESIAN_POINT('Origin',(-67.2,-6.35,21.));
#17361=CARTESIAN_POINT('Origin',(-80.1,6.35,21.));
#17362=CARTESIAN_POINT('',(-80.,6.35,22.7));
#17363=CARTESIAN_POINT('Origin',(-80.,6.35,21.));
#17364=CARTESIAN_POINT('',(-67.2,6.35,22.7));
#17365=CARTESIAN_POINT('',(-80.1,6.35,22.7));
#17366=CARTESIAN_POINT('Origin',(-67.2,6.35,21.));
#17367=CARTESIAN_POINT('Origin',(-72.2,0.,21.));
#17368=CARTESIAN_POINT('',(-72.2,-2.57175827820944E-16,23.1));
#17369=CARTESIAN_POINT('Origin',(-72.2,0.,21.));
#17370=CARTESIAN_POINT('',(-67.2,2.57175827820944E-16,23.1));
#17371=CARTESIAN_POINT('',(-72.2,-2.57175827820944E-16,23.1));
#17372=CARTESIAN_POINT('Origin',(-67.2,0.,21.));
#17373=CARTESIAN_POINT('Origin',(-72.2,0.,21.));
#17374=CARTESIAN_POINT('Origin',(-67.2,0.,21.));
#17375=CARTESIAN_POINT('',(-67.2,-9.91963907309356E-16,29.1));
#17376=CARTESIAN_POINT('Origin',(-67.2,0.,21.));
#17377=CARTESIAN_POINT('',(-61.,9.91963907309356E-16,29.1));
#17378=CARTESIAN_POINT('',(-67.2,-9.91963907309356E-16,29.1));
#17379=CARTESIAN_POINT('Origin',(-61.,0.,21.));
#17380=CARTESIAN_POINT('Origin',(-67.2,0.,21.));
#17381=CARTESIAN_POINT('Origin',(-80.,0.,21.));
#17382=CARTESIAN_POINT('',(-61.,-2.57175827820944E-15,42.));
#17383=CARTESIAN_POINT('Origin',(-61.,0.,21.));
#17384=CARTESIAN_POINT('',(-80.,-2.57175827820944E-15,42.));
#17385=CARTESIAN_POINT('',(-80.,-2.57175827820944E-15,42.));
#17386=CARTESIAN_POINT('Origin',(-80.,0.,21.));
#17387=CARTESIAN_POINT('Origin',(-61.,0.,21.));
#17388=CARTESIAN_POINT('Origin',(-80.,0.,21.));
#17389=CARTESIAN_POINT('',(0.,0.,0.));
#17390=CARTESIAN_POINT('Origin',(67.1,-6.35,21.));
#17391=CARTESIAN_POINT('',(67.2,-6.35,22.7));
#17392=CARTESIAN_POINT('Origin',(67.2,-6.35,21.));
#17393=CARTESIAN_POINT('',(80.,-6.35,22.7));
#17394=CARTESIAN_POINT('',(67.1,-6.35,22.7));
#17395=CARTESIAN_POINT('Origin',(80.,-6.35,21.));
#17396=CARTESIAN_POINT('Origin',(67.1,6.35,21.));
#17397=CARTESIAN_POINT('',(67.2,6.35,22.7));
#17398=CARTESIAN_POINT('Origin',(67.2,6.35,21.));
#17399=CARTESIAN_POINT('',(80.,6.35,22.7));
#17400=CARTESIAN_POINT('',(67.1,6.35,22.7));
#17401=CARTESIAN_POINT('Origin',(80.,6.35,21.));
#17402=CARTESIAN_POINT('Origin',(67.1,0.,21.));
#17403=CARTESIAN_POINT('',(67.2,-2.57175827820944E-16,23.1));
#17404=CARTESIAN_POINT('Origin',(67.2,0.,21.));
#17405=CARTESIAN_POINT('',(72.2,-2.57175827820944E-16,23.1));
#17406=CARTESIAN_POINT('',(67.1,-2.57175827820944E-16,23.1));
#17407=CARTESIAN_POINT('Origin',(72.2,0.,21.));
#17408=CARTESIAN_POINT('Origin',(72.2,0.,21.));
#17409=CARTESIAN_POINT('Origin',(60.8,0.,21.));
#17410=CARTESIAN_POINT('',(61.,-9.91963907309356E-16,29.1));
#17411=CARTESIAN_POINT('Origin',(61.,0.,21.));
#17412=CARTESIAN_POINT('',(67.2,-9.91963907309356E-16,29.1));
#17413=CARTESIAN_POINT('',(60.8,-9.91963907309356E-16,29.1));
#17414=CARTESIAN_POINT('Origin',(67.2,0.,21.));
#17415=CARTESIAN_POINT('Origin',(67.2,0.,21.));
#17416=CARTESIAN_POINT('Origin',(80.,0.,21.));
#17417=CARTESIAN_POINT('',(61.,-2.57175827820944E-15,42.));
#17418=CARTESIAN_POINT('Origin',(61.,0.,21.));
#17419=CARTESIAN_POINT('',(80.,-2.57175827820944E-15,42.));
#17420=CARTESIAN_POINT('',(80.,2.57175827820944E-15,42.));
#17421=CARTESIAN_POINT('Origin',(80.,0.,21.));
#17422=CARTESIAN_POINT('Origin',(80.,0.,21.));
#17423=CARTESIAN_POINT('Origin',(61.,0.,21.));
#17424=CARTESIAN_POINT('',(0.,0.,0.));
#17425=CARTESIAN_POINT('',(0.,0.,0.));
#17426=CARTESIAN_POINT('',(0.,0.,0.));
#17427=CARTESIAN_POINT('',(0.,0.,0.));
#17428=CARTESIAN_POINT('Origin',(52.,-20.5,34.6));
#17429=CARTESIAN_POINT('',(52.,-20.5,34.6));
#17430=CARTESIAN_POINT('',(-52.,-20.5,34.6));
#17431=CARTESIAN_POINT('',(52.,-20.5,34.6));
#17432=CARTESIAN_POINT('',(-52.,-20.5,61.6));
#17433=CARTESIAN_POINT('',(-52.,-20.5,34.6));
#17434=CARTESIAN_POINT('',(52.,-20.5,61.6));
#17435=CARTESIAN_POINT('',(52.,-20.5,61.6));
#17436=CARTESIAN_POINT('',(52.,-20.5,34.6));
#17437=CARTESIAN_POINT('Origin',(52.,-55.5,34.6));
#17438=CARTESIAN_POINT('',(52.,-55.5,34.6));
#17439=CARTESIAN_POINT('',(52.,-55.5,34.6));
#17440=CARTESIAN_POINT('',(52.,-55.5,61.6));
#17441=CARTESIAN_POINT('',(52.,-55.5,61.6));
#17442=CARTESIAN_POINT('',(52.,-55.5,34.6));
#17443=CARTESIAN_POINT('Origin',(-52.,-55.5,34.6));
#17444=CARTESIAN_POINT('',(-52.,-55.5,34.6));
#17445=CARTESIAN_POINT('',(-52.,-55.5,34.6));
#17446=CARTESIAN_POINT('',(-52.,-55.5,61.6));
#17447=CARTESIAN_POINT('',(-52.,-55.5,61.6));
#17448=CARTESIAN_POINT('',(-52.,-55.5,34.6));
#17449=CARTESIAN_POINT('Origin',(-52.,-20.5,34.6));
#17450=CARTESIAN_POINT('',(-52.,-20.5,34.6));
#17451=CARTESIAN_POINT('',(-52.,-20.5,61.6));
#17452=CARTESIAN_POINT('Origin',(0.,-38.,61.6));
#17453=CARTESIAN_POINT('Origin',(0.,-38.,34.6));
#17454=CARTESIAN_POINT('',(0.,0.,0.));
#17455=CARTESIAN_POINT('Origin',(-39.5,-41.5,7.));
#17456=CARTESIAN_POINT('',(-39.5,-41.5,7.));
#17457=CARTESIAN_POINT('',(-64.5,-41.5,7.));
#17458=CARTESIAN_POINT('',(-39.5,-41.5,7.));
#17459=CARTESIAN_POINT('',(-64.5,-41.5,22.));
#17460=CARTESIAN_POINT('',(-64.5,-41.5,7.));
#17461=CARTESIAN_POINT('',(-39.5,-41.5,22.));
#17462=CARTESIAN_POINT('',(-39.5,-41.5,22.));
#17463=CARTESIAN_POINT('',(-39.5,-41.5,7.));
#17464=CARTESIAN_POINT('Origin',(-39.5,-84.5,7.));
#17465=CARTESIAN_POINT('',(-39.5,-84.5,7.));
#17466=CARTESIAN_POINT('',(-39.5,-84.5,7.));
#17467=CARTESIAN_POINT('',(-39.5,-84.5,22.));
#17468=CARTESIAN_POINT('',(-39.5,-84.5,22.));
#17469=CARTESIAN_POINT('',(-39.5,-84.5,7.));
#17470=CARTESIAN_POINT('Origin',(-64.5,-84.5,7.));
#17471=CARTESIAN_POINT('',(-64.5,-84.5,7.));
#17472=CARTESIAN_POINT('',(-64.5,-84.5,7.));
#17473=CARTESIAN_POINT('',(-64.5,-84.5,22.));
#17474=CARTESIAN_POINT('',(-64.5,-84.5,22.));
#17475=CARTESIAN_POINT('',(-64.5,-84.5,7.));
#17476=CARTESIAN_POINT('Origin',(-64.5,-41.5,7.));
#17477=CARTESIAN_POINT('',(-64.5,-41.5,7.));
#17478=CARTESIAN_POINT('',(-64.5,-41.5,22.));
#17479=CARTESIAN_POINT('Origin',(-52.,-63.,22.));
#17480=CARTESIAN_POINT('Origin',(-52.,-63.,7.));
#17481=CARTESIAN_POINT('',(0.,0.,0.));
#17482=CARTESIAN_POINT('Origin',(74.5,-26.,7.));
#17483=CARTESIAN_POINT('',(74.5,-26.,7.));
#17484=CARTESIAN_POINT('',(57.5,-26.,7.));
#17485=CARTESIAN_POINT('',(74.5,-26.,7.));
#17486=CARTESIAN_POINT('',(57.5,-26.,17.));
#17487=CARTESIAN_POINT('',(57.5,-26.,7.));
#17488=CARTESIAN_POINT('',(74.5,-26.,17.));
#17489=CARTESIAN_POINT('',(74.5,-26.,17.));
#17490=CARTESIAN_POINT('',(74.5,-26.,7.));
#17491=CARTESIAN_POINT('Origin',(74.5,-76.,7.));
#17492=CARTESIAN_POINT('',(74.5,-76.,7.));
#17493=CARTESIAN_POINT('',(74.5,-76.,7.));
#17494=CARTESIAN_POINT('',(74.5,-76.,17.));
#17495=CARTESIAN_POINT('',(74.5,-76.,17.));
#17496=CARTESIAN_POINT('',(74.5,-76.,7.));
#17497=CARTESIAN_POINT('Origin',(57.5,-76.,7.));
#17498=CARTESIAN_POINT('',(57.5,-76.,7.));
#17499=CARTESIAN_POINT('',(57.5,-76.,7.));
#17500=CARTESIAN_POINT('',(57.5,-76.,17.));
#17501=CARTESIAN_POINT('',(57.5,-76.,17.));
#17502=CARTESIAN_POINT('',(57.5,-76.,7.));
#17503=CARTESIAN_POINT('Origin',(57.5,-26.,7.));
#17504=CARTESIAN_POINT('',(57.5,-26.,7.));
#17505=CARTESIAN_POINT('',(57.5,-26.,17.));
#17506=CARTESIAN_POINT('Origin',(66.,-51.,17.));
#17507=CARTESIAN_POINT('Origin',(66.,-51.,7.));
#17508=CARTESIAN_POINT('',(0.,0.,0.));
#17509=CARTESIAN_POINT('Origin',(38.19,-70.,48.));
#17510=CARTESIAN_POINT('',(37.19,-70.,49.));
#17511=CARTESIAN_POINT('Origin',(38.19,-70.,49.));
#17512=CARTESIAN_POINT('',(37.19,-70.,55.35));
#17513=CARTESIAN_POINT('',(37.19,-70.,48.));
#17514=CARTESIAN_POINT('Origin',(38.19,-70.,55.35));
#17515=CARTESIAN_POINT('Origin',(45.81,-70.,48.));
#17516=CARTESIAN_POINT('',(44.81,-70.,49.));
#17517=CARTESIAN_POINT('Origin',(45.81,-70.,49.));
#17518=CARTESIAN_POINT('',(44.81,-70.,55.35));
#17519=CARTESIAN_POINT('',(44.81,-70.,48.));
#17520=CARTESIAN_POINT('Origin',(45.81,-70.,55.35));
#17521=CARTESIAN_POINT('Origin',(48.35,-63.65,49.));
#17522=CARTESIAN_POINT('',(48.35,-63.65,49.));
#17523=CARTESIAN_POINT('',(35.65,-63.65,49.));
#17524=CARTESIAN_POINT('',(48.35,-63.65,49.));
#17525=CARTESIAN_POINT('',(35.65,-63.65,55.35));
#17526=CARTESIAN_POINT('',(35.65,-63.65,49.));
#17527=CARTESIAN_POINT('',(48.35,-63.65,55.35));
#17528=CARTESIAN_POINT('',(48.35,-63.65,55.35));
#17529=CARTESIAN_POINT('',(48.35,-63.65,49.));
#17530=CARTESIAN_POINT('Origin',(48.35,-76.35,49.));
#17531=CARTESIAN_POINT('',(48.35,-76.35,49.));
#17532=CARTESIAN_POINT('',(48.35,-76.35,49.));
#17533=CARTESIAN_POINT('',(48.35,-76.35,55.35));
#17534=CARTESIAN_POINT('',(48.35,-76.35,55.35));
#17535=CARTESIAN_POINT('',(48.35,-76.35,49.));
#17536=CARTESIAN_POINT('Origin',(35.65,-76.35,49.));
#17537=CARTESIAN_POINT('',(35.65,-76.35,49.));
#17538=CARTESIAN_POINT('',(35.65,-76.35,49.));
#17539=CARTESIAN_POINT('',(35.65,-76.35,55.35));
#17540=CARTESIAN_POINT('',(35.65,-76.35,55.35));
#17541=CARTESIAN_POINT('',(35.65,-76.35,49.));
#17542=CARTESIAN_POINT('Origin',(35.65,-63.65,49.));
#17543=CARTESIAN_POINT('',(35.65,-63.65,49.));
#17544=CARTESIAN_POINT('',(35.65,-63.65,55.35));
#17545=CARTESIAN_POINT('Origin',(42.,-70.,55.35));
#17546=CARTESIAN_POINT('Origin',(42.,-70.,49.));
#17547=CARTESIAN_POINT('',(0.,0.,0.));
#17548=CARTESIAN_POINT('Origin',(12.,-68.,7.));
#17549=CARTESIAN_POINT('',(12.,-68.,7.));
#17550=CARTESIAN_POINT('',(-8.,-68.,7.));
#17551=CARTESIAN_POINT('',(12.,-68.,7.));
#17552=CARTESIAN_POINT('',(-8.,-68.,12.));
#17553=CARTESIAN_POINT('',(-8.,-68.,7.));
#17554=CARTESIAN_POINT('',(12.,-68.,12.));
#17555=CARTESIAN_POINT('',(12.,-68.,12.));
#17556=CARTESIAN_POINT('',(12.,-68.,7.));
#17557=CARTESIAN_POINT('Origin',(12.,-84.,7.));
#17558=CARTESIAN_POINT('',(12.,-84.,7.));
#17559=CARTESIAN_POINT('',(12.,-84.,7.));
#17560=CARTESIAN_POINT('',(12.,-84.,12.));
#17561=CARTESIAN_POINT('',(12.,-84.,12.));
#17562=CARTESIAN_POINT('',(12.,-84.,7.));
#17563=CARTESIAN_POINT('Origin',(-8.,-84.,7.));
#17564=CARTESIAN_POINT('',(-8.,-84.,7.));
#17565=CARTESIAN_POINT('',(-8.,-84.,7.));
#17566=CARTESIAN_POINT('',(-8.,-84.,12.));
#17567=CARTESIAN_POINT('',(-8.,-84.,12.));
#17568=CARTESIAN_POINT('',(-8.,-84.,7.));
#17569=CARTESIAN_POINT('Origin',(-8.,-68.,7.));
#17570=CARTESIAN_POINT('',(-8.,-68.,7.));
#17571=CARTESIAN_POINT('',(-8.,-68.,12.));
#17572=CARTESIAN_POINT('Origin',(2.,-76.,12.));
#17573=CARTESIAN_POINT('Origin',(2.,-76.,7.));
#17574=CARTESIAN_POINT('',(0.,0.,0.));
#17575=CARTESIAN_POINT('',(0.,0.,0.));
#17576=CARTESIAN_POINT('',(0.,0.,0.));
#17577=CARTESIAN_POINT('',(0.,0.,0.));
#17578=CARTESIAN_POINT('',(0.,0.,0.));
#17579=CARTESIAN_POINT('',(0.,0.,0.));
#17580=CARTESIAN_POINT('',(0.,0.,0.));
#17581=CARTESIAN_POINT('',(0.,0.,0.));
#17582=CARTESIAN_POINT('',(0.,0.,0.));
#17583=CARTESIAN_POINT('Origin',(-75.,0.,55.));
#17584=CARTESIAN_POINT('',(-76.7,-90.,55.));
#17585=CARTESIAN_POINT('Origin',(-75.,-90.,55.));
#17586=CARTESIAN_POINT('',(-76.7,-88.,55.));
#17587=CARTESIAN_POINT('',(-76.7,0.,55.));
#17588=CARTESIAN_POINT('Origin',(-75.,-88.,55.));
#17589=CARTESIAN_POINT('Origin',(-75.,0.,20.));
#17590=CARTESIAN_POINT('',(-76.7,-90.,20.));
#17591=CARTESIAN_POINT('Origin',(-75.,-90.,20.));
#17592=CARTESIAN_POINT('',(-76.7,-88.,20.));
#17593=CARTESIAN_POINT('',(-76.7,0.,20.));
#17594=CARTESIAN_POINT('Origin',(-75.,-88.,20.));
#17595=CARTESIAN_POINT('Origin',(75.,0.,55.));
#17596=CARTESIAN_POINT('',(73.3,-90.,55.));
#17597=CARTESIAN_POINT('Origin',(75.,-90.,55.));
#17598=CARTESIAN_POINT('',(73.3,-88.,55.));
#17599=CARTESIAN_POINT('',(73.3,0.,55.));
#17600=CARTESIAN_POINT('Origin',(75.,-88.,55.));
#17601=CARTESIAN_POINT('Origin',(75.,0.,20.));
#17602=CARTESIAN_POINT('',(73.3,-90.,20.));
#17603=CARTESIAN_POINT('Origin',(75.,-90.,20.));
#17604=CARTESIAN_POINT('',(73.3,-88.,20.));
#17605=CARTESIAN_POINT('',(73.3,0.,20.));
#17606=CARTESIAN_POINT('Origin',(75.,-88.,20.));
#17607=CARTESIAN_POINT('Origin',(78.,-88.,5.));
#17608=CARTESIAN_POINT('',(78.,-88.,5.));
#17609=CARTESIAN_POINT('',(-78.,-88.,5.));
#17610=CARTESIAN_POINT('',(78.,-88.,5.));
#17611=CARTESIAN_POINT('',(-78.,-88.,83.));
#17612=CARTESIAN_POINT('',(-78.,-88.,5.));
#17613=CARTESIAN_POINT('',(78.,-88.,83.));
#17614=CARTESIAN_POINT('',(78.,-88.,83.));
#17615=CARTESIAN_POINT('',(78.,-88.,5.));
#17616=CARTESIAN_POINT('Origin',(78.,-90.,5.));
#17617=CARTESIAN_POINT('',(78.,-90.,5.));
#17618=CARTESIAN_POINT('',(78.,-90.,5.));
#17619=CARTESIAN_POINT('',(78.,-90.,83.));
#17620=CARTESIAN_POINT('',(78.,-90.,83.));
#17621=CARTESIAN_POINT('',(78.,-90.,5.));
#17622=CARTESIAN_POINT('Origin',(-78.,-90.,5.));
#17623=CARTESIAN_POINT('',(-78.,-90.,5.));
#17624=CARTESIAN_POINT('',(-78.,-90.,5.));
#17625=CARTESIAN_POINT('',(-78.,-90.,83.));
#17626=CARTESIAN_POINT('',(-78.,-90.,83.));
#17627=CARTESIAN_POINT('',(-78.,-90.,5.));
#17628=CARTESIAN_POINT('Origin',(-78.,-88.,5.));
#17629=CARTESIAN_POINT('',(-78.,-88.,5.));
#17630=CARTESIAN_POINT('',(-78.,-88.,83.));
#17631=CARTESIAN_POINT('Origin',(0.,-89.,83.));
#17632=CARTESIAN_POINT('Origin',(0.,-89.,5.));
#17633=CARTESIAN_POINT('',(0.,0.,0.));
#17634=CARTESIAN_POINT('',(0.,0.,0.));
#17635=CARTESIAN_POINT('',(0.,0.,0.));
#17636=CARTESIAN_POINT('Origin',(-34.,-46.,31.6));
#17637=CARTESIAN_POINT('',(-35.45,-46.,32.6));
#17638=CARTESIAN_POINT('Origin',(-34.,-46.,32.6));
#17639=CARTESIAN_POINT('',(-35.45,-46.,34.6));
#17640=CARTESIAN_POINT('',(-35.45,-46.,31.6));
#17641=CARTESIAN_POINT('Origin',(-34.,-46.,34.6));
#17642=CARTESIAN_POINT('Origin',(34.,-30.,31.6));
#17643=CARTESIAN_POINT('',(32.55,-30.,32.6));
#17644=CARTESIAN_POINT('Origin',(34.,-30.,32.6));
#17645=CARTESIAN_POINT('',(32.55,-30.,34.6));
#17646=CARTESIAN_POINT('',(32.55,-30.,31.6));
#17647=CARTESIAN_POINT('Origin',(34.,-30.,34.6));
#17648=CARTESIAN_POINT('Origin',(-34.,-30.,31.6));
#17649=CARTESIAN_POINT('',(-35.45,-30.,32.6));
#17650=CARTESIAN_POINT('Origin',(-34.,-30.,32.6));
#17651=CARTESIAN_POINT('',(-35.45,-30.,34.6));
#17652=CARTESIAN_POINT('',(-35.45,-30.,31.6));
#17653=CARTESIAN_POINT('Origin',(-34.,-30.,34.6));
#17654=CARTESIAN_POINT('Origin',(34.,-46.,31.6));
#17655=CARTESIAN_POINT('',(32.55,-46.,32.6));
#17656=CARTESIAN_POINT('Origin',(34.,-46.,32.6));
#17657=CARTESIAN_POINT('',(32.55,-46.,34.6));
#17658=CARTESIAN_POINT('',(32.55,-46.,31.6));
#17659=CARTESIAN_POINT('Origin',(34.,-46.,34.6));
#17660=CARTESIAN_POINT('Origin',(-39.,-43.,32.6));
#17661=CARTESIAN_POINT('',(-35.,-43.,34.6));
#17662=CARTESIAN_POINT('',(-39.,-43.,34.6));
#17663=CARTESIAN_POINT('',(-19.5,-43.,34.6));
#17664=CARTESIAN_POINT('',(-35.,-43.,32.6));
#17665=CARTESIAN_POINT('',(-35.,-43.,32.6));
#17666=CARTESIAN_POINT('',(-39.,-43.,32.6));
#17667=CARTESIAN_POINT('',(-19.5,-43.,32.6));
#17668=CARTESIAN_POINT('',(-39.,-43.,32.6));
#17669=CARTESIAN_POINT('Origin',(-39.,-33.,32.6));
#17670=CARTESIAN_POINT('',(-39.,-33.,34.6));
#17671=CARTESIAN_POINT('',(-39.,-35.5,34.6));
#17672=CARTESIAN_POINT('',(-39.,-33.,32.6));
#17673=CARTESIAN_POINT('',(-39.,-35.5,32.6));
#17674=CARTESIAN_POINT('',(-39.,-33.,32.6));
#17675=CARTESIAN_POINT('Origin',(-35.,-33.,32.6));
#17676=CARTESIAN_POINT('',(-35.,-33.,34.6));
#17677=CARTESIAN_POINT('',(-17.5,-33.,34.6));
#17678=CARTESIAN_POINT('',(-35.,-33.,32.6));
#17679=CARTESIAN_POINT('',(-17.5,-33.,32.6));
#17680=CARTESIAN_POINT('',(-35.,-33.,32.6));
#17681=CARTESIAN_POINT('Origin',(-35.,-43.,32.6));
#17682=CARTESIAN_POINT('',(-35.,-40.5,34.6));
#17683=CARTESIAN_POINT('',(-35.,-40.5,32.6));
#17684=CARTESIAN_POINT('Origin',(35.,-43.,32.6));
#17685=CARTESIAN_POINT('',(39.,-43.,34.6));
#17686=CARTESIAN_POINT('',(35.,-43.,34.6));
#17687=CARTESIAN_POINT('',(17.5,-43.,34.6));
#17688=CARTESIAN_POINT('',(39.,-43.,32.6));
#17689=CARTESIAN_POINT('',(39.,-43.,32.6));
#17690=CARTESIAN_POINT('',(35.,-43.,32.6));
#17691=CARTESIAN_POINT('',(17.5,-43.,32.6));
#17692=CARTESIAN_POINT('',(35.,-43.,32.6));
#17693=CARTESIAN_POINT('Origin',(35.,-33.,32.6));
#17694=CARTESIAN_POINT('',(35.,-33.,34.6));
#17695=CARTESIAN_POINT('',(35.,-35.5,34.6));
#17696=CARTESIAN_POINT('',(35.,-33.,32.6));
#17697=CARTESIAN_POINT('',(35.,-35.5,32.6));
#17698=CARTESIAN_POINT('',(35.,-33.,32.6));
#17699=CARTESIAN_POINT('Origin',(39.,-33.,32.6));
#17700=CARTESIAN_POINT('',(39.,-33.,34.6));
#17701=CARTESIAN_POINT('',(19.5,-33.,34.6));
#17702=CARTESIAN_POINT('',(39.,-33.,32.6));
#17703=CARTESIAN_POINT('',(19.5,-33.,32.6));
#17704=CARTESIAN_POINT('',(39.,-33.,32.6));
#17705=CARTESIAN_POINT('Origin',(39.,-43.,32.6));
#17706=CARTESIAN_POINT('',(39.,-40.5,34.6));
#17707=CARTESIAN_POINT('',(39.,-40.5,32.6));
#17708=CARTESIAN_POINT('Origin',(52.,-20.5,32.6));
#17709=CARTESIAN_POINT('',(52.,-20.5,32.6));
#17710=CARTESIAN_POINT('',(-52.,-20.5,32.6));
#17711=CARTESIAN_POINT('',(52.,-20.5,32.6));
#17712=CARTESIAN_POINT('',(-52.,-20.5,34.6));
#17713=CARTESIAN_POINT('',(-52.,-20.5,32.6));
#17714=CARTESIAN_POINT('',(52.,-20.5,34.6));
#17715=CARTESIAN_POINT('',(52.,-20.5,34.6));
#17716=CARTESIAN_POINT('',(52.,-20.5,32.6));
#17717=CARTESIAN_POINT('Origin',(52.,-55.5,32.6));
#17718=CARTESIAN_POINT('',(52.,-55.5,32.6));
#17719=CARTESIAN_POINT('',(52.,-55.5,32.6));
#17720=CARTESIAN_POINT('',(52.,-55.5,34.6));
#17721=CARTESIAN_POINT('',(52.,-55.5,34.6));
#17722=CARTESIAN_POINT('',(52.,-55.5,32.6));
#17723=CARTESIAN_POINT('Origin',(-52.,-55.5,32.6));
#17724=CARTESIAN_POINT('',(-52.,-55.5,32.6));
#17725=CARTESIAN_POINT('',(-52.,-55.5,32.6));
#17726=CARTESIAN_POINT('',(-52.,-55.5,34.6));
#17727=CARTESIAN_POINT('',(-52.,-55.5,34.6));
#17728=CARTESIAN_POINT('',(-52.,-55.5,32.6));
#17729=CARTESIAN_POINT('Origin',(-52.,-20.5,32.6));
#17730=CARTESIAN_POINT('',(-52.,-20.5,32.6));
#17731=CARTESIAN_POINT('',(-52.,-20.5,34.6));
#17732=CARTESIAN_POINT('Origin',(0.,-38.,34.6));
#17733=CARTESIAN_POINT('Origin',(0.,-38.,32.6));
#17734=CARTESIAN_POINT('Origin',(52.,-18.5,34.6));
#17735=CARTESIAN_POINT('',(52.,-18.5,34.6));
#17736=CARTESIAN_POINT('',(-52.,-18.5,34.6));
#17737=CARTESIAN_POINT('',(52.,-18.5,34.6));
#17738=CARTESIAN_POINT('',(-52.,-18.5,39.6));
#17739=CARTESIAN_POINT('',(-52.,-18.5,34.6));
#17740=CARTESIAN_POINT('',(52.,-18.5,39.6));
#17741=CARTESIAN_POINT('',(52.,-18.5,39.6));
#17742=CARTESIAN_POINT('',(52.,-18.5,34.6));
#17743=CARTESIAN_POINT('Origin',(52.,-20.5,34.6));
#17744=CARTESIAN_POINT('',(52.,-20.5,34.6));
#17745=CARTESIAN_POINT('',(52.,-20.5,34.6));
#17746=CARTESIAN_POINT('',(52.,-20.5,39.6));
#17747=CARTESIAN_POINT('',(52.,-20.5,39.6));
#17748=CARTESIAN_POINT('',(52.,-20.5,34.6));
#17749=CARTESIAN_POINT('Origin',(-52.,-20.5,34.6));
#17750=CARTESIAN_POINT('',(-52.,-20.5,34.6));
#17751=CARTESIAN_POINT('',(52.,-20.5,34.6));
#17752=CARTESIAN_POINT('',(-52.,-20.5,39.6));
#17753=CARTESIAN_POINT('',(-52.,-20.5,39.6));
#17754=CARTESIAN_POINT('',(-52.,-20.5,34.6));
#17755=CARTESIAN_POINT('Origin',(-52.,-18.5,34.6));
#17756=CARTESIAN_POINT('',(-52.,-18.5,34.6));
#17757=CARTESIAN_POINT('',(-52.,-18.5,39.6));
#17758=CARTESIAN_POINT('Origin',(0.,-19.5,39.6));
#17759=CARTESIAN_POINT('Origin',(0.,-19.5,34.6));
#17760=CARTESIAN_POINT('Origin',(0.,-56.5,34.6));
#17761=CARTESIAN_POINT('',(-52.,-55.5,34.6));
#17762=CARTESIAN_POINT('',(-52.,-57.5,34.6));
#17763=CARTESIAN_POINT('',(-52.,-55.5,34.6));
#17764=CARTESIAN_POINT('',(52.,-55.5,34.6));
#17765=CARTESIAN_POINT('',(-52.,-55.5,34.6));
#17766=CARTESIAN_POINT('',(52.,-57.5,34.6));
#17767=CARTESIAN_POINT('',(52.,-57.5,34.6));
#17768=CARTESIAN_POINT('',(-52.,-57.5,34.6));
#17769=CARTESIAN_POINT('Origin',(0.,-56.5,39.6));
#17770=CARTESIAN_POINT('',(-52.,-55.5,39.6));
#17771=CARTESIAN_POINT('',(-52.,-57.5,39.6));
#17772=CARTESIAN_POINT('',(-52.,-55.5,39.6));
#17773=CARTESIAN_POINT('',(52.,-57.5,39.6));
#17774=CARTESIAN_POINT('',(-52.,-57.5,39.6));
#17775=CARTESIAN_POINT('',(52.,-55.5,39.6));
#17776=CARTESIAN_POINT('',(52.,-57.5,39.6));
#17777=CARTESIAN_POINT('',(52.,-55.5,39.6));
#17778=CARTESIAN_POINT('Origin',(-52.,-55.5,34.6));
#17779=CARTESIAN_POINT('',(-52.,-57.5,34.6));
#17780=CARTESIAN_POINT('',(-52.,-55.5,34.6));
#17781=CARTESIAN_POINT('Origin',(-52.,-57.5,34.6));
#17782=CARTESIAN_POINT('',(52.,-57.5,34.6));
#17783=CARTESIAN_POINT('Origin',(52.,-57.5,34.6));
#17784=CARTESIAN_POINT('',(52.,-55.5,34.6));
#17785=CARTESIAN_POINT('Origin',(52.,-55.5,34.6));
#17786=CARTESIAN_POINT('',(0.,0.,0.));
#17787=CARTESIAN_POINT('Origin',(-34.,-30.,5.));
#17788=CARTESIAN_POINT('',(-35.05,-30.,5.));
#17789=CARTESIAN_POINT('Origin',(-34.,-30.,5.));
#17790=CARTESIAN_POINT('',(-35.05,-30.,13.));
#17791=CARTESIAN_POINT('',(-35.05,-30.,5.));
#17792=CARTESIAN_POINT('Origin',(-34.,-30.,13.));
#17793=CARTESIAN_POINT('Origin',(-34.,-30.,13.));
#17794=CARTESIAN_POINT('Origin',(-34.,-30.,32.6));
#17795=CARTESIAN_POINT('',(-35.05,-30.,32.6));
#17796=CARTESIAN_POINT('Origin',(-34.,-30.,32.6));
#17797=CARTESIAN_POINT('',(-35.05,-30.,24.6));
#17798=CARTESIAN_POINT('',(-35.05,-30.,32.6));
#17799=CARTESIAN_POINT('Origin',(-34.,-30.,24.6));
#17800=CARTESIAN_POINT('Origin',(-34.,-30.,24.6));
#17801=CARTESIAN_POINT('Origin',(-34.,-30.,5.));
#17802=CARTESIAN_POINT('',(-36.5,-30.,32.6));
#17803=CARTESIAN_POINT('Origin',(-34.,-30.,32.6));
#17804=CARTESIAN_POINT('',(-36.5,-30.,5.));
#17805=CARTESIAN_POINT('',(-36.5,-30.,5.));
#17806=CARTESIAN_POINT('Origin',(-34.,-30.,5.));
#17807=CARTESIAN_POINT('Origin',(-34.,-30.,32.6));
#17808=CARTESIAN_POINT('Origin',(-34.,-30.,5.));
#17809=CARTESIAN_POINT('',(0.,0.,0.));
#17810=CARTESIAN_POINT('Origin',(34.,-30.,5.));
#17811=CARTESIAN_POINT('',(32.95,-30.,5.));
#17812=CARTESIAN_POINT('Origin',(34.,-30.,5.));
#17813=CARTESIAN_POINT('',(32.95,-30.,13.));
#17814=CARTESIAN_POINT('',(32.95,-30.,5.));
#17815=CARTESIAN_POINT('Origin',(34.,-30.,13.));
#17816=CARTESIAN_POINT('Origin',(34.,-30.,13.));
#17817=CARTESIAN_POINT('Origin',(34.,-30.,32.6));
#17818=CARTESIAN_POINT('',(32.95,-30.,32.6));
#17819=CARTESIAN_POINT('Origin',(34.,-30.,32.6));
#17820=CARTESIAN_POINT('',(32.95,-30.,24.6));
#17821=CARTESIAN_POINT('',(32.95,-30.,32.6));
#17822=CARTESIAN_POINT('Origin',(34.,-30.,24.6));
#17823=CARTESIAN_POINT('Origin',(34.,-30.,24.6));
#17824=CARTESIAN_POINT('Origin',(34.,-30.,5.));
#17825=CARTESIAN_POINT('',(31.5,-30.,32.6));
#17826=CARTESIAN_POINT('Origin',(34.,-30.,32.6));
#17827=CARTESIAN_POINT('',(31.5,-30.,5.));
#17828=CARTESIAN_POINT('',(31.5,-30.,5.));
#17829=CARTESIAN_POINT('Origin',(34.,-30.,5.));
#17830=CARTESIAN_POINT('Origin',(34.,-30.,32.6));
#17831=CARTESIAN_POINT('Origin',(34.,-30.,5.));
#17832=CARTESIAN_POINT('',(0.,0.,0.));
#17833=CARTESIAN_POINT('Origin',(-34.,-46.,5.));
#17834=CARTESIAN_POINT('',(-35.05,-46.,5.));
#17835=CARTESIAN_POINT('Origin',(-34.,-46.,5.));
#17836=CARTESIAN_POINT('',(-35.05,-46.,13.));
#17837=CARTESIAN_POINT('',(-35.05,-46.,5.));
#17838=CARTESIAN_POINT('Origin',(-34.,-46.,13.));
#17839=CARTESIAN_POINT('Origin',(-34.,-46.,13.));
#17840=CARTESIAN_POINT('Origin',(-34.,-46.,32.6));
#17841=CARTESIAN_POINT('',(-35.05,-46.,32.6));
#17842=CARTESIAN_POINT('Origin',(-34.,-46.,32.6));
#17843=CARTESIAN_POINT('',(-35.05,-46.,24.6));
#17844=CARTESIAN_POINT('',(-35.05,-46.,32.6));
#17845=CARTESIAN_POINT('Origin',(-34.,-46.,24.6));
#17846=CARTESIAN_POINT('Origin',(-34.,-46.,24.6));
#17847=CARTESIAN_POINT('Origin',(-34.,-46.,5.));
#17848=CARTESIAN_POINT('',(-36.5,-46.,32.6));
#17849=CARTESIAN_POINT('Origin',(-34.,-46.,32.6));
#17850=CARTESIAN_POINT('',(-36.5,-46.,5.));
#17851=CARTESIAN_POINT('',(-36.5,-46.,5.));
#17852=CARTESIAN_POINT('Origin',(-34.,-46.,5.));
#17853=CARTESIAN_POINT('Origin',(-34.,-46.,32.6));
#17854=CARTESIAN_POINT('Origin',(-34.,-46.,5.));
#17855=CARTESIAN_POINT('',(0.,0.,0.));
#17856=CARTESIAN_POINT('Origin',(34.,-46.,5.));
#17857=CARTESIAN_POINT('',(32.95,-46.,5.));
#17858=CARTESIAN_POINT('Origin',(34.,-46.,5.));
#17859=CARTESIAN_POINT('',(32.95,-46.,13.));
#17860=CARTESIAN_POINT('',(32.95,-46.,5.));
#17861=CARTESIAN_POINT('Origin',(34.,-46.,13.));
#17862=CARTESIAN_POINT('Origin',(34.,-46.,13.));
#17863=CARTESIAN_POINT('Origin',(34.,-46.,32.6));
#17864=CARTESIAN_POINT('',(32.95,-46.,32.6));
#17865=CARTESIAN_POINT('Origin',(34.,-46.,32.6));
#17866=CARTESIAN_POINT('',(32.95,-46.,24.6));
#17867=CARTESIAN_POINT('',(32.95,-46.,32.6));
#17868=CARTESIAN_POINT('Origin',(34.,-46.,24.6));
#17869=CARTESIAN_POINT('Origin',(34.,-46.,24.6));
#17870=CARTESIAN_POINT('Origin',(34.,-46.,5.));
#17871=CARTESIAN_POINT('',(31.5,-46.,32.6));
#17872=CARTESIAN_POINT('Origin',(34.,-46.,32.6));
#17873=CARTESIAN_POINT('',(31.5,-46.,5.));
#17874=CARTESIAN_POINT('',(31.5,-46.,5.));
#17875=CARTESIAN_POINT('Origin',(34.,-46.,5.));
#17876=CARTESIAN_POINT('Origin',(34.,-46.,32.6));
#17877=CARTESIAN_POINT('Origin',(34.,-46.,5.));
#17878=CARTESIAN_POINT('',(0.,0.,0.));
#17879=CARTESIAN_POINT('Origin',(32.5,-70.,5.));
#17880=CARTESIAN_POINT('',(31.45,-70.,5.));
#17881=CARTESIAN_POINT('Origin',(32.5,-70.,5.));
#17882=CARTESIAN_POINT('',(31.45,-70.,13.));
#17883=CARTESIAN_POINT('',(31.45,-70.,5.));
#17884=CARTESIAN_POINT('Origin',(32.5,-70.,13.));
#17885=CARTESIAN_POINT('Origin',(32.5,-70.,13.));
#17886=CARTESIAN_POINT('Origin',(32.5,-70.,45.));
#17887=CARTESIAN_POINT('',(31.45,-70.,45.));
#17888=CARTESIAN_POINT('Origin',(32.5,-70.,45.));
#17889=CARTESIAN_POINT('',(31.45,-70.,37.));
#17890=CARTESIAN_POINT('',(31.45,-70.,45.));
#17891=CARTESIAN_POINT('Origin',(32.5,-70.,37.));
#17892=CARTESIAN_POINT('Origin',(32.5,-70.,37.));
#17893=CARTESIAN_POINT('Origin',(32.5,-70.,5.));
#17894=CARTESIAN_POINT('',(29.5,-70.,45.));
#17895=CARTESIAN_POINT('Origin',(32.5,-70.,45.));
#17896=CARTESIAN_POINT('',(29.5,-70.,5.));
#17897=CARTESIAN_POINT('',(29.5,-70.,5.));
#17898=CARTESIAN_POINT('Origin',(32.5,-70.,5.));
#17899=CARTESIAN_POINT('Origin',(32.5,-70.,45.));
#17900=CARTESIAN_POINT('Origin',(32.5,-70.,5.));
#17901=CARTESIAN_POINT('',(0.,0.,0.));
#17902=CARTESIAN_POINT('Origin',(51.5,-70.,5.));
#17903=CARTESIAN_POINT('',(50.45,-70.,5.));
#17904=CARTESIAN_POINT('Origin',(51.5,-70.,5.));
#17905=CARTESIAN_POINT('',(50.45,-70.,13.));
#17906=CARTESIAN_POINT('',(50.45,-70.,5.));
#17907=CARTESIAN_POINT('Origin',(51.5,-70.,13.));
#17908=CARTESIAN_POINT('Origin',(51.5,-70.,13.));
#17909=CARTESIAN_POINT('Origin',(51.5,-70.,45.));
#17910=CARTESIAN_POINT('',(50.45,-70.,45.));
#17911=CARTESIAN_POINT('Origin',(51.5,-70.,45.));
#17912=CARTESIAN_POINT('',(50.45,-70.,37.));
#17913=CARTESIAN_POINT('',(50.45,-70.,45.));
#17914=CARTESIAN_POINT('Origin',(51.5,-70.,37.));
#17915=CARTESIAN_POINT('Origin',(51.5,-70.,37.));
#17916=CARTESIAN_POINT('Origin',(51.5,-70.,5.));
#17917=CARTESIAN_POINT('',(48.5,-70.,45.));
#17918=CARTESIAN_POINT('Origin',(51.5,-70.,45.));
#17919=CARTESIAN_POINT('',(48.5,-70.,5.));
#17920=CARTESIAN_POINT('',(48.5,-70.,5.));
#17921=CARTESIAN_POINT('Origin',(51.5,-70.,5.));
#17922=CARTESIAN_POINT('Origin',(51.5,-70.,45.));
#17923=CARTESIAN_POINT('Origin',(51.5,-70.,5.));
#17924=CARTESIAN_POINT('',(0.,0.,0.));
#17925=CARTESIAN_POINT('Origin',(-52.,-80.5,4.));
#17926=CARTESIAN_POINT('',(-53.7,-80.5,5.));
#17927=CARTESIAN_POINT('Origin',(-52.,-80.5,5.));
#17928=CARTESIAN_POINT('',(-53.7,-80.5,7.));
#17929=CARTESIAN_POINT('',(-53.7,-80.5,4.));
#17930=CARTESIAN_POINT('Origin',(-52.,-80.5,7.));
#17931=CARTESIAN_POINT('Origin',(-52.,-45.5,4.));
#17932=CARTESIAN_POINT('',(-53.7,-45.5,5.));
#17933=CARTESIAN_POINT('Origin',(-52.,-45.5,5.));
#17934=CARTESIAN_POINT('',(-53.7,-45.5,7.));
#17935=CARTESIAN_POINT('',(-53.7,-45.5,4.));
#17936=CARTESIAN_POINT('Origin',(-52.,-45.5,7.));
#17937=CARTESIAN_POINT('Origin',(-36.7,-61.,4.));
#17938=CARTESIAN_POINT('',(-37.7,-61.,6.2));
#17939=CARTESIAN_POINT('',(-37.7,-61.,5.));
#17940=CARTESIAN_POINT('',(-37.7,-61.,4.5));
#17941=CARTESIAN_POINT('',(-66.3,-61.,6.2));
#17942=CARTESIAN_POINT('',(-36.7,-61.,6.2));
#17943=CARTESIAN_POINT('',(-66.3,-61.,5.));
#17944=CARTESIAN_POINT('',(-66.3,-61.,4.5));
#17945=CARTESIAN_POINT('',(-44.35,-61.,5.));
#17946=CARTESIAN_POINT('Origin',(-67.3,-65.,4.));
#17947=CARTESIAN_POINT('',(-37.7,-65.,5.));
#17948=CARTESIAN_POINT('',(-37.7,-65.,6.2));
#17949=CARTESIAN_POINT('',(-37.7,-65.,4.5));
#17950=CARTESIAN_POINT('',(-66.3,-65.,5.));
#17951=CARTESIAN_POINT('',(-59.65,-65.,5.));
#17952=CARTESIAN_POINT('',(-66.3,-65.,6.2));
#17953=CARTESIAN_POINT('',(-66.3,-65.,4.5));
#17954=CARTESIAN_POINT('',(-67.3,-65.,6.2));
#17955=CARTESIAN_POINT('Origin',(-52.,-63.,6.2));
#17956=CARTESIAN_POINT('',(-37.7,-74.65,6.2));
#17957=CARTESIAN_POINT('',(-66.3,-51.35,6.2));
#17958=CARTESIAN_POINT('Origin',(-66.3,-39.7,5.));
#17959=CARTESIAN_POINT('',(-66.3,-86.3,5.));
#17960=CARTESIAN_POINT('',(-66.3,-39.7,5.));
#17961=CARTESIAN_POINT('',(-66.3,-86.3,21.));
#17962=CARTESIAN_POINT('',(-66.3,-86.3,5.));
#17963=CARTESIAN_POINT('',(-66.3,-39.7,21.));
#17964=CARTESIAN_POINT('',(-66.3,-39.7,21.));
#17965=CARTESIAN_POINT('',(-66.3,-39.7,5.));
#17966=CARTESIAN_POINT('',(-66.3,-39.7,5.));
#17967=CARTESIAN_POINT('',(-66.3,-39.7,5.));
#17968=CARTESIAN_POINT('Origin',(-52.,-63.,5.));
#17969=CARTESIAN_POINT('',(-37.7,-86.3,5.));
#17970=CARTESIAN_POINT('',(-37.7,-86.3,5.));
#17971=CARTESIAN_POINT('',(-66.3,-86.3,5.));
#17972=CARTESIAN_POINT('Origin',(-52.,-63.,5.));
#17973=CARTESIAN_POINT('',(-37.7,-39.7,5.));
#17974=CARTESIAN_POINT('',(-37.7,-39.7,5.));
#17975=CARTESIAN_POINT('',(-37.7,-86.3,5.));
#17976=CARTESIAN_POINT('Origin',(-64.7,-84.7,7.));
#17977=CARTESIAN_POINT('',(-39.3,-84.7,21.));
#17978=CARTESIAN_POINT('',(-64.7,-84.7,21.));
#17979=CARTESIAN_POINT('',(-58.35,-84.7,21.));
#17980=CARTESIAN_POINT('',(-39.3,-84.7,7.));
#17981=CARTESIAN_POINT('',(-39.3,-84.7,7.));
#17982=CARTESIAN_POINT('',(-64.7,-84.7,7.));
#17983=CARTESIAN_POINT('',(-64.7,-84.7,7.));
#17984=CARTESIAN_POINT('',(-64.7,-84.7,7.));
#17985=CARTESIAN_POINT('Origin',(-64.7,-41.3,7.));
#17986=CARTESIAN_POINT('',(-64.7,-41.3,21.));
#17987=CARTESIAN_POINT('',(-64.7,-52.15,21.));
#17988=CARTESIAN_POINT('',(-64.7,-41.3,7.));
#17989=CARTESIAN_POINT('',(-64.7,-41.3,7.));
#17990=CARTESIAN_POINT('',(-64.7,-41.3,7.));
#17991=CARTESIAN_POINT('Origin',(-39.3,-41.3,7.));
#17992=CARTESIAN_POINT('',(-39.3,-41.3,21.));
#17993=CARTESIAN_POINT('',(-45.65,-41.3,21.));
#17994=CARTESIAN_POINT('',(-39.3,-41.3,7.));
#17995=CARTESIAN_POINT('',(-39.3,-41.3,7.));
#17996=CARTESIAN_POINT('',(-39.3,-41.3,7.));
#17997=CARTESIAN_POINT('Origin',(-39.3,-84.7,7.));
#17998=CARTESIAN_POINT('',(-39.3,-73.85,21.));
#17999=CARTESIAN_POINT('',(-39.3,-84.7,7.));
#18000=CARTESIAN_POINT('Origin',(-52.,-63.,7.));
#18001=CARTESIAN_POINT('Origin',(-37.7,-39.7,5.));
#18002=CARTESIAN_POINT('',(-37.7,-39.7,21.));
#18003=CARTESIAN_POINT('',(-37.7,-39.7,21.));
#18004=CARTESIAN_POINT('',(-37.7,-39.7,5.));
#18005=CARTESIAN_POINT('Origin',(-37.7,-86.3,5.));
#18006=CARTESIAN_POINT('',(-37.7,-86.3,21.));
#18007=CARTESIAN_POINT('',(-37.7,-86.3,21.));
#18008=CARTESIAN_POINT('',(-37.7,-86.3,5.));
#18009=CARTESIAN_POINT('Origin',(-66.3,-86.3,5.));
#18010=CARTESIAN_POINT('',(-66.3,-86.3,21.));
#18011=CARTESIAN_POINT('Origin',(-52.,-63.,21.));
#18012=CARTESIAN_POINT('',(0.,0.,0.));
#18013=CARTESIAN_POINT('Origin',(66.,-72.,4.));
#18014=CARTESIAN_POINT('',(64.3,-72.,5.));
#18015=CARTESIAN_POINT('Origin',(66.,-72.,5.));
#18016=CARTESIAN_POINT('',(64.3,-72.,7.));
#18017=CARTESIAN_POINT('',(64.3,-72.,4.));
#18018=CARTESIAN_POINT('Origin',(66.,-72.,7.));
#18019=CARTESIAN_POINT('Origin',(66.,-30.,4.));
#18020=CARTESIAN_POINT('',(64.3,-30.,5.));
#18021=CARTESIAN_POINT('Origin',(66.,-30.,5.));
#18022=CARTESIAN_POINT('',(64.3,-30.,7.));
#18023=CARTESIAN_POINT('',(64.3,-30.,4.));
#18024=CARTESIAN_POINT('Origin',(66.,-30.,7.));
#18025=CARTESIAN_POINT('Origin',(77.3,-49.,4.));
#18026=CARTESIAN_POINT('',(76.3,-49.,6.2));
#18027=CARTESIAN_POINT('',(76.3,-49.,5.));
#18028=CARTESIAN_POINT('',(76.3,-49.,4.5));
#18029=CARTESIAN_POINT('',(55.7,-49.,6.2));
#18030=CARTESIAN_POINT('',(77.3,-49.,6.2));
#18031=CARTESIAN_POINT('',(55.7,-49.,5.));
#18032=CARTESIAN_POINT('',(55.7,-49.,4.5));
#18033=CARTESIAN_POINT('',(71.65,-49.,5.));
#18034=CARTESIAN_POINT('Origin',(54.7,-53.,4.));
#18035=CARTESIAN_POINT('',(76.3,-53.,5.));
#18036=CARTESIAN_POINT('',(76.3,-53.,6.2));
#18037=CARTESIAN_POINT('',(76.3,-53.,4.5));
#18038=CARTESIAN_POINT('',(55.7,-53.,5.));
#18039=CARTESIAN_POINT('',(60.35,-53.,5.));
#18040=CARTESIAN_POINT('',(55.7,-53.,6.2));
#18041=CARTESIAN_POINT('',(55.7,-53.,4.5));
#18042=CARTESIAN_POINT('',(54.7,-53.,6.2));
#18043=CARTESIAN_POINT('Origin',(66.,-51.,6.2));
#18044=CARTESIAN_POINT('',(76.3,-64.4,6.2));
#18045=CARTESIAN_POINT('',(55.7,-37.6,6.2));
#18046=CARTESIAN_POINT('Origin',(55.7,-24.2,5.));
#18047=CARTESIAN_POINT('',(55.7,-77.8,5.));
#18048=CARTESIAN_POINT('',(55.7,-24.2,5.));
#18049=CARTESIAN_POINT('',(55.7,-77.8,16.));
#18050=CARTESIAN_POINT('',(55.7,-77.8,5.));
#18051=CARTESIAN_POINT('',(55.7,-24.2,16.));
#18052=CARTESIAN_POINT('',(55.7,-24.2,16.));
#18053=CARTESIAN_POINT('',(55.7,-24.2,5.));
#18054=CARTESIAN_POINT('',(55.7,-24.2,5.));
#18055=CARTESIAN_POINT('',(55.7,-24.2,5.));
#18056=CARTESIAN_POINT('Origin',(66.,-51.,5.));
#18057=CARTESIAN_POINT('',(76.3,-77.8,5.));
#18058=CARTESIAN_POINT('',(76.3,-77.8,5.));
#18059=CARTESIAN_POINT('',(55.7,-77.8,5.));
#18060=CARTESIAN_POINT('Origin',(66.,-51.,5.));
#18061=CARTESIAN_POINT('',(76.3,-24.2,5.));
#18062=CARTESIAN_POINT('',(76.3,-24.2,5.));
#18063=CARTESIAN_POINT('',(76.3,-77.8,5.));
#18064=CARTESIAN_POINT('Origin',(57.3,-76.2,7.));
#18065=CARTESIAN_POINT('',(74.7,-76.2,16.));
#18066=CARTESIAN_POINT('',(57.3,-76.2,16.));
#18067=CARTESIAN_POINT('',(61.65,-76.2,16.));
#18068=CARTESIAN_POINT('',(74.7,-76.2,7.));
#18069=CARTESIAN_POINT('',(74.7,-76.2,7.));
#18070=CARTESIAN_POINT('',(57.3,-76.2,7.));
#18071=CARTESIAN_POINT('',(57.3,-76.2,7.));
#18072=CARTESIAN_POINT('',(57.3,-76.2,7.));
#18073=CARTESIAN_POINT('Origin',(57.3,-25.8,7.));
#18074=CARTESIAN_POINT('',(57.3,-25.8,16.));
#18075=CARTESIAN_POINT('',(57.3,-38.4,16.));
#18076=CARTESIAN_POINT('',(57.3,-25.8,7.));
#18077=CARTESIAN_POINT('',(57.3,-25.8,7.));
#18078=CARTESIAN_POINT('',(57.3,-25.8,7.));
#18079=CARTESIAN_POINT('Origin',(74.7,-25.8,7.));
#18080=CARTESIAN_POINT('',(74.7,-25.8,16.));
#18081=CARTESIAN_POINT('',(70.35,-25.8,16.));
#18082=CARTESIAN_POINT('',(74.7,-25.8,7.));
#18083=CARTESIAN_POINT('',(74.7,-25.8,7.));
#18084=CARTESIAN_POINT('',(74.7,-25.8,7.));
#18085=CARTESIAN_POINT('Origin',(74.7,-76.2,7.));
#18086=CARTESIAN_POINT('',(74.7,-63.6,16.));
#18087=CARTESIAN_POINT('',(74.7,-76.2,7.));
#18088=CARTESIAN_POINT('Origin',(66.,-51.,7.));
#18089=CARTESIAN_POINT('Origin',(76.3,-24.2,5.));
#18090=CARTESIAN_POINT('',(76.3,-24.2,16.));
#18091=CARTESIAN_POINT('',(76.3,-24.2,16.));
#18092=CARTESIAN_POINT('',(76.3,-24.2,5.));
#18093=CARTESIAN_POINT('Origin',(76.3,-77.8,5.));
#18094=CARTESIAN_POINT('',(76.3,-77.8,16.));
#18095=CARTESIAN_POINT('',(76.3,-77.8,16.));
#18096=CARTESIAN_POINT('',(76.3,-77.8,5.));
#18097=CARTESIAN_POINT('Origin',(55.7,-77.8,5.));
#18098=CARTESIAN_POINT('',(55.7,-77.8,16.));
#18099=CARTESIAN_POINT('Origin',(66.,-51.,16.));
#18100=CARTESIAN_POINT('',(0.,0.,0.));
#18101=CARTESIAN_POINT('Origin',(38.19,-70.,44.));
#18102=CARTESIAN_POINT('',(37.09,-70.,45.));
#18103=CARTESIAN_POINT('Origin',(38.19,-70.,45.));
#18104=CARTESIAN_POINT('',(37.09,-70.,49.));
#18105=CARTESIAN_POINT('',(37.09,-70.,44.));
#18106=CARTESIAN_POINT('Origin',(38.19,-70.,49.));
#18107=CARTESIAN_POINT('Origin',(45.81,-70.,44.));
#18108=CARTESIAN_POINT('',(44.71,-70.,45.));
#18109=CARTESIAN_POINT('Origin',(45.81,-70.,45.));
#18110=CARTESIAN_POINT('',(44.71,-70.,49.));
#18111=CARTESIAN_POINT('',(44.71,-70.,44.));
#18112=CARTESIAN_POINT('Origin',(45.81,-70.,49.));
#18113=CARTESIAN_POINT('Origin',(32.5,-70.,44.));
#18114=CARTESIAN_POINT('',(30.8,-70.,45.));
#18115=CARTESIAN_POINT('Origin',(32.5,-70.,45.));
#18116=CARTESIAN_POINT('',(30.8,-70.,49.));
#18117=CARTESIAN_POINT('',(30.8,-70.,44.));
#18118=CARTESIAN_POINT('Origin',(32.5,-70.,49.));
#18119=CARTESIAN_POINT('Origin',(51.5,-70.,44.));
#18120=CARTESIAN_POINT('',(49.8,-70.,45.));
#18121=CARTESIAN_POINT('Origin',(51.5,-70.,45.));
#18122=CARTESIAN_POINT('',(49.8,-70.,49.));
#18123=CARTESIAN_POINT('',(49.8,-70.,44.));
#18124=CARTESIAN_POINT('Origin',(51.5,-70.,49.));
#18125=CARTESIAN_POINT('Origin',(56.,-61.,45.));
#18126=CARTESIAN_POINT('',(56.,-61.,45.));
#18127=CARTESIAN_POINT('',(28.,-61.,45.));
#18128=CARTESIAN_POINT('',(56.,-61.,45.));
#18129=CARTESIAN_POINT('',(28.,-61.,49.));
#18130=CARTESIAN_POINT('',(28.,-61.,45.));
#18131=CARTESIAN_POINT('',(56.,-61.,49.));
#18132=CARTESIAN_POINT('',(56.,-61.,49.));
#18133=CARTESIAN_POINT('',(56.,-61.,45.));
#18134=CARTESIAN_POINT('Origin',(56.,-79.,45.));
#18135=CARTESIAN_POINT('',(56.,-79.,45.));
#18136=CARTESIAN_POINT('',(56.,-79.,45.));
#18137=CARTESIAN_POINT('',(56.,-79.,49.));
#18138=CARTESIAN_POINT('',(56.,-79.,49.));
#18139=CARTESIAN_POINT('',(56.,-79.,45.));
#18140=CARTESIAN_POINT('Origin',(28.,-79.,45.));
#18141=CARTESIAN_POINT('',(28.,-79.,45.));
#18142=CARTESIAN_POINT('',(28.,-79.,45.));
#18143=CARTESIAN_POINT('',(28.,-79.,49.));
#18144=CARTESIAN_POINT('',(28.,-79.,49.));
#18145=CARTESIAN_POINT('',(28.,-79.,45.));
#18146=CARTESIAN_POINT('Origin',(28.,-61.,45.));
#18147=CARTESIAN_POINT('',(28.,-61.,45.));
#18148=CARTESIAN_POINT('',(28.,-61.,49.));
#18149=CARTESIAN_POINT('Origin',(42.,-70.,49.));
#18150=CARTESIAN_POINT('Origin',(42.,-70.,45.));
#18151=CARTESIAN_POINT('',(0.,0.,0.));
#18152=CARTESIAN_POINT('',(0.,0.,0.));
#18153=CARTESIAN_POINT('',(0.,0.,0.));
#18154=CARTESIAN_POINT('',(0.,0.,0.));
#18155=CARTESIAN_POINT('',(0.,0.,0.));
#18156=CARTESIAN_POINT('',(0.,0.,0.));
#18157=CARTESIAN_POINT('',(0.,0.,0.));
#18158=CARTESIAN_POINT('',(0.,0.,0.));
#18159=CARTESIAN_POINT('',(0.,0.,0.));
#18160=CARTESIAN_POINT('',(0.,0.,0.));
#18161=CARTESIAN_POINT('',(0.,0.,0.));
#18162=CARTESIAN_POINT('',(0.,0.,0.));
#18163=CARTESIAN_POINT('',(0.,0.,0.));
#18164=CARTESIAN_POINT('',(0.,0.,0.));
#18165=CARTESIAN_POINT('',(0.,0.,0.));
#18166=CARTESIAN_POINT('Origin',(-31.,112.,8.5));
#18167=CARTESIAN_POINT('',(-31.,112.,8.5));
#18168=CARTESIAN_POINT('',(-31.,72.,30.));
#18169=CARTESIAN_POINT('',(-31.,112.,8.5));
#18170=CARTESIAN_POINT('',(31.,72.,30.));
#18171=CARTESIAN_POINT('',(-31.,72.,30.));
#18172=CARTESIAN_POINT('',(31.,112.,8.5));
#18173=CARTESIAN_POINT('',(31.,112.,8.5));
#18174=CARTESIAN_POINT('',(-31.,112.,8.5));
#18175=CARTESIAN_POINT('Origin',(-31.,112.,5.8));
#18176=CARTESIAN_POINT('',(-31.,112.,5.8));
#18177=CARTESIAN_POINT('',(-31.,112.,5.8));
#18178=CARTESIAN_POINT('',(31.,112.,5.8));
#18179=CARTESIAN_POINT('',(31.,112.,5.8));
#18180=CARTESIAN_POINT('',(-31.,112.,5.8));
#18181=CARTESIAN_POINT('Origin',(-31.,70.,27.));
#18182=CARTESIAN_POINT('',(-31.,70.,27.));
#18183=CARTESIAN_POINT('',(-31.,70.,27.));
#18184=CARTESIAN_POINT('',(31.,70.,27.));
#18185=CARTESIAN_POINT('',(31.,70.,27.));
#18186=CARTESIAN_POINT('',(-31.,70.,27.));
#18187=CARTESIAN_POINT('Origin',(-31.,72.,30.));
#18188=CARTESIAN_POINT('',(-31.,72.,30.));
#18189=CARTESIAN_POINT('',(31.,72.,30.));
#18190=CARTESIAN_POINT('Origin',(31.,91.,17.9));
#18191=CARTESIAN_POINT('Origin',(-31.,91.,17.9));
#18192=CARTESIAN_POINT('',(0.,0.,0.));
#18193=CARTESIAN_POINT('Origin',(0.,63.,45.));
#18194=CARTESIAN_POINT('',(-28.1,63.,46.6));
#18195=CARTESIAN_POINT('Origin',(-28.1,63.,45.));
#18196=CARTESIAN_POINT('',(-25.1,63.,46.6));
#18197=CARTESIAN_POINT('',(0.,63.,46.6));
#18198=CARTESIAN_POINT('Origin',(-25.1,63.,45.));
#18199=CARTESIAN_POINT('Origin',(-25.1,59.,31.));
#18200=CARTESIAN_POINT('',(-25.1,69.,36.));
#18201=CARTESIAN_POINT('',(-25.1,64.,36.));
#18202=CARTESIAN_POINT('',(-25.1,64.,36.));
#18203=CARTESIAN_POINT('',(-25.1,69.,49.));
#18204=CARTESIAN_POINT('',(-25.1,69.,31.));
#18205=CARTESIAN_POINT('',(-25.1,59.,49.));
#18206=CARTESIAN_POINT('',(-25.1,59.,49.));
#18207=CARTESIAN_POINT('',(-25.1,59.,31.));
#18208=CARTESIAN_POINT('',(-25.1,59.,31.));
#18209=CARTESIAN_POINT('',(-25.1,64.,31.));
#18210=CARTESIAN_POINT('',(-25.1,59.,31.));
#18211=CARTESIAN_POINT('',(-25.1,64.,29.));
#18212=CARTESIAN_POINT('Origin',(-25.1,69.,31.));
#18213=CARTESIAN_POINT('',(-28.1,69.,36.));
#18214=CARTESIAN_POINT('',(-12.55,69.,36.));
#18215=CARTESIAN_POINT('',(-28.1,69.,49.));
#18216=CARTESIAN_POINT('',(-28.1,69.,31.));
#18217=CARTESIAN_POINT('',(-25.1,69.,49.));
#18218=CARTESIAN_POINT('Origin',(-28.1,69.,31.));
#18219=CARTESIAN_POINT('',(-28.1,64.,36.));
#18220=CARTESIAN_POINT('',(-28.1,69.,36.));
#18221=CARTESIAN_POINT('',(-28.1,64.,31.));
#18222=CARTESIAN_POINT('',(-28.1,64.,29.));
#18223=CARTESIAN_POINT('',(-28.1,59.,31.));
#18224=CARTESIAN_POINT('',(-28.1,69.,31.));
#18225=CARTESIAN_POINT('',(-28.1,59.,49.));
#18226=CARTESIAN_POINT('',(-28.1,59.,31.));
#18227=CARTESIAN_POINT('',(-28.1,69.,49.));
#18228=CARTESIAN_POINT('Origin',(-26.6,64.,31.));
#18229=CARTESIAN_POINT('',(-28.3,64.,31.));
#18230=CARTESIAN_POINT('',(-28.1,59.,31.));
#18231=CARTESIAN_POINT('Origin',(-28.1,59.,31.));
#18232=CARTESIAN_POINT('',(-28.1,59.,49.));
#18233=CARTESIAN_POINT('Origin',(-26.6,64.,49.));
#18234=CARTESIAN_POINT('Origin',(-30.,64.,27.));
#18235=CARTESIAN_POINT('',(-30.,64.,36.));
#18236=CARTESIAN_POINT('',(-30.,64.,36.));
#18237=CARTESIAN_POINT('',(-30.,64.,27.));
#18238=CARTESIAN_POINT('',(-30.,64.,27.));
#18239=CARTESIAN_POINT('',(30.,64.,27.));
#18240=CARTESIAN_POINT('',(-30.,64.,27.));
#18241=CARTESIAN_POINT('',(30.,64.,36.));
#18242=CARTESIAN_POINT('',(30.,64.,27.));
#18243=CARTESIAN_POINT('',(-30.,64.,36.));
#18244=CARTESIAN_POINT('Origin',(0.,68.,31.5));
#18245=CARTESIAN_POINT('',(-30.,68.,34.7));
#18246=CARTESIAN_POINT('Origin',(-30.,68.,31.5));
#18247=CARTESIAN_POINT('',(30.,68.,34.7));
#18248=CARTESIAN_POINT('',(0.,68.,34.7));
#18249=CARTESIAN_POINT('Origin',(30.,68.,31.5));
#18250=CARTESIAN_POINT('Origin',(30.,74.,27.));
#18251=CARTESIAN_POINT('',(30.,74.,27.));
#18252=CARTESIAN_POINT('',(-30.,74.,27.));
#18253=CARTESIAN_POINT('',(30.,74.,27.));
#18254=CARTESIAN_POINT('',(-30.,74.,36.));
#18255=CARTESIAN_POINT('',(-30.,74.,27.));
#18256=CARTESIAN_POINT('',(30.,74.,36.));
#18257=CARTESIAN_POINT('',(30.,74.,36.));
#18258=CARTESIAN_POINT('',(30.,74.,27.));
#18259=CARTESIAN_POINT('Origin',(30.,64.,27.));
#18260=CARTESIAN_POINT('',(30.,64.,27.));
#18261=CARTESIAN_POINT('',(30.,64.,36.));
#18262=CARTESIAN_POINT('Origin',(-30.,74.,27.));
#18263=CARTESIAN_POINT('',(-30.,74.,27.));
#18264=CARTESIAN_POINT('',(-30.,74.,36.));
#18265=CARTESIAN_POINT('Origin',(0.,69.,36.));
#18266=CARTESIAN_POINT('Origin',(0.,69.,27.));
#18267=CARTESIAN_POINT('',(0.,0.,0.));
#18268=CARTESIAN_POINT('Origin',(-28.45,68.5,14.));
#18269=CARTESIAN_POINT('',(-25.,61.,14.));
#18270=CARTESIAN_POINT('',(-32.,61.,14.));
#18271=CARTESIAN_POINT('',(-31.725,61.,14.));
#18272=CARTESIAN_POINT('',(-25.,76.,14.));
#18273=CARTESIAN_POINT('',(-25.,64.75,14.));
#18274=CARTESIAN_POINT('',(-32.,76.,14.));
#18275=CARTESIAN_POINT('',(-30.225,76.,14.));
#18276=CARTESIAN_POINT('',(-32.,76.1,14.));
#18277=CARTESIAN_POINT('Origin',(-32.,61.,24.));
#18278=CARTESIAN_POINT('',(-32.,76.,41.));
#18279=CARTESIAN_POINT('',(-32.,76.,24.));
#18280=CARTESIAN_POINT('',(-32.,61.,41.));
#18281=CARTESIAN_POINT('',(-32.,61.,41.));
#18282=CARTESIAN_POINT('',(-32.,61.,24.));
#18283=CARTESIAN_POINT('',(-32.,68.,34.7));
#18284=CARTESIAN_POINT('Origin',(-32.,68.,31.5));
#18285=CARTESIAN_POINT('Origin',(-32.,76.,24.));
#18286=CARTESIAN_POINT('',(-25.,76.,5.));
#18287=CARTESIAN_POINT('',(-25.,76.,5.));
#18288=CARTESIAN_POINT('',(-35.,76.,5.));
#18289=CARTESIAN_POINT('',(-25.,76.,5.));
#18290=CARTESIAN_POINT('',(-35.,76.,41.));
#18291=CARTESIAN_POINT('',(-35.,76.,5.));
#18292=CARTESIAN_POINT('',(-32.,76.,41.));
#18293=CARTESIAN_POINT('Origin',(-29.5,64.5,4.9));
#18294=CARTESIAN_POINT('',(-30.75,64.5,5.));
#18295=CARTESIAN_POINT('Origin',(-29.5,64.5,5.));
#18296=CARTESIAN_POINT('',(-30.75,64.5,13.));
#18297=CARTESIAN_POINT('',(-30.75,64.5,4.9));
#18298=CARTESIAN_POINT('Origin',(-29.5,64.5,13.));
#18299=CARTESIAN_POINT('Origin',(-29.5,64.5,13.));
#18300=CARTESIAN_POINT('Origin',(-29.5,72.5,4.9));
#18301=CARTESIAN_POINT('',(-30.75,72.5,5.));
#18302=CARTESIAN_POINT('Origin',(-29.5,72.5,5.));
#18303=CARTESIAN_POINT('',(-30.75,72.5,13.));
#18304=CARTESIAN_POINT('',(-30.75,72.5,4.9));
#18305=CARTESIAN_POINT('Origin',(-29.5,72.5,13.));
#18306=CARTESIAN_POINT('Origin',(-29.5,72.5,13.));
#18307=CARTESIAN_POINT('Origin',(-25.,61.,5.));
#18308=CARTESIAN_POINT('',(-25.,61.,5.));
#18309=CARTESIAN_POINT('',(-25.,61.,5.));
#18310=CARTESIAN_POINT('',(-25.,61.,5.));
#18311=CARTESIAN_POINT('Origin',(-30.,68.5,5.));
#18312=CARTESIAN_POINT('',(-35.,61.,5.));
#18313=CARTESIAN_POINT('',(-35.,76.,5.));
#18314=CARTESIAN_POINT('',(-35.,61.,5.));
#18315=CARTESIAN_POINT('Origin',(-35.,76.,24.));
#18316=CARTESIAN_POINT('',(-35.,61.,41.));
#18317=CARTESIAN_POINT('',(-35.,61.,24.));
#18318=CARTESIAN_POINT('',(-35.,76.,41.));
#18319=CARTESIAN_POINT('',(-35.,68.,34.7));
#18320=CARTESIAN_POINT('Origin',(-35.,68.,31.5));
#18321=CARTESIAN_POINT('Origin',(0.,68.,31.5));
#18322=CARTESIAN_POINT('',(0.,68.,34.7));
#18323=CARTESIAN_POINT('Origin',(-35.,61.,24.));
#18324=CARTESIAN_POINT('',(-35.,61.,41.));
#18325=CARTESIAN_POINT('Origin',(-33.5,68.5,41.));
#18326=CARTESIAN_POINT('',(0.,0.,0.));
#18327=CARTESIAN_POINT('Origin',(28.45,68.5,14.));
#18328=CARTESIAN_POINT('',(25.,76.,14.));
#18329=CARTESIAN_POINT('',(32.,76.,14.));
#18330=CARTESIAN_POINT('',(31.725,76.,14.));
#18331=CARTESIAN_POINT('',(25.,61.,14.));
#18332=CARTESIAN_POINT('',(25.,72.25,14.));
#18333=CARTESIAN_POINT('',(32.,61.,14.));
#18334=CARTESIAN_POINT('',(30.225,61.,14.));
#18335=CARTESIAN_POINT('',(32.,60.9,14.));
#18336=CARTESIAN_POINT('Origin',(32.,76.,24.));
#18337=CARTESIAN_POINT('',(32.,61.,41.));
#18338=CARTESIAN_POINT('',(32.,61.,24.));
#18339=CARTESIAN_POINT('',(32.,76.,41.));
#18340=CARTESIAN_POINT('',(32.,76.,41.));
#18341=CARTESIAN_POINT('',(32.,76.,24.));
#18342=CARTESIAN_POINT('',(32.,68.,34.7));
#18343=CARTESIAN_POINT('Origin',(32.,68.,31.5));
#18344=CARTESIAN_POINT('Origin',(32.,61.,24.));
#18345=CARTESIAN_POINT('',(25.,61.,5.));
#18346=CARTESIAN_POINT('',(25.,61.,5.));
#18347=CARTESIAN_POINT('',(35.,61.,5.));
#18348=CARTESIAN_POINT('',(25.,61.,5.));
#18349=CARTESIAN_POINT('',(35.,61.,41.));
#18350=CARTESIAN_POINT('',(35.,61.,24.));
#18351=CARTESIAN_POINT('',(32.,61.,41.));
#18352=CARTESIAN_POINT('Origin',(29.5,64.5,4.9));
#18353=CARTESIAN_POINT('',(28.25,64.5,5.));
#18354=CARTESIAN_POINT('Origin',(29.5,64.5,5.));
#18355=CARTESIAN_POINT('',(28.25,64.5,13.));
#18356=CARTESIAN_POINT('',(28.25,64.5,4.9));
#18357=CARTESIAN_POINT('Origin',(29.5,64.5,13.));
#18358=CARTESIAN_POINT('Origin',(29.5,64.5,13.));
#18359=CARTESIAN_POINT('Origin',(29.5,72.5,4.9));
#18360=CARTESIAN_POINT('',(28.25,72.5,5.));
#18361=CARTESIAN_POINT('Origin',(29.5,72.5,5.));
#18362=CARTESIAN_POINT('',(28.25,72.5,13.));
#18363=CARTESIAN_POINT('',(28.25,72.5,4.9));
#18364=CARTESIAN_POINT('Origin',(29.5,72.5,13.));
#18365=CARTESIAN_POINT('Origin',(29.5,72.5,13.));
#18366=CARTESIAN_POINT('Origin',(25.,76.,5.));
#18367=CARTESIAN_POINT('',(25.,76.,5.));
#18368=CARTESIAN_POINT('',(25.,76.,5.));
#18369=CARTESIAN_POINT('',(25.,76.,5.));
#18370=CARTESIAN_POINT('Origin',(30.,68.5,5.));
#18371=CARTESIAN_POINT('',(35.,76.,5.));
#18372=CARTESIAN_POINT('',(35.,76.,5.));
#18373=CARTESIAN_POINT('',(35.,61.,5.));
#18374=CARTESIAN_POINT('Origin',(35.,76.,24.));
#18375=CARTESIAN_POINT('',(35.,76.,41.));
#18376=CARTESIAN_POINT('',(35.,76.,41.));
#18377=CARTESIAN_POINT('',(35.,76.,24.));
#18378=CARTESIAN_POINT('Origin',(0.,68.,31.5));
#18379=CARTESIAN_POINT('',(35.,68.,34.7));
#18380=CARTESIAN_POINT('',(0.,68.,34.7));
#18381=CARTESIAN_POINT('Origin',(35.,68.,31.5));
#18382=CARTESIAN_POINT('Origin',(35.,61.,24.));
#18383=CARTESIAN_POINT('',(35.,61.,41.));
#18384=CARTESIAN_POINT('Origin',(33.5,68.5,41.));
#18385=CARTESIAN_POINT('Origin',(16.,67.75,41.25));
#18386=CARTESIAN_POINT('',(16.,63.5,36.5));
#18387=CARTESIAN_POINT('',(16.,63.5,46.));
#18388=CARTESIAN_POINT('',(16.,63.5,46.));
#18389=CARTESIAN_POINT('',(16.,72.,46.));
#18390=CARTESIAN_POINT('',(16.,72.,46.));
#18391=CARTESIAN_POINT('',(16.,72.,39.5));
#18392=CARTESIAN_POINT('',(16.,72.,39.5));
#18393=CARTESIAN_POINT('',(16.,69.0606601717798,38.9246212024587));
#18394=CARTESIAN_POINT('',(16.,69.0606601717798,38.9246212024587));
#18395=CARTESIAN_POINT('',(16.,66.6360389693211,36.5));
#18396=CARTESIAN_POINT('',(16.,66.6360389693211,36.5));
#18397=CARTESIAN_POINT('',(16.,63.5,36.5));
#18398=CARTESIAN_POINT('Origin',(24.,72.,46.));
#18399=CARTESIAN_POINT('',(32.,63.5,46.));
#18400=CARTESIAN_POINT('',(24.,63.5,46.));
#18401=CARTESIAN_POINT('',(32.,72.,46.));
#18402=CARTESIAN_POINT('',(32.,72.,46.));
#18403=CARTESIAN_POINT('',(24.,72.,46.));
#18404=CARTESIAN_POINT('Origin',(24.,72.,39.5));
#18405=CARTESIAN_POINT('',(32.,72.,39.5));
#18406=CARTESIAN_POINT('',(32.,72.,39.5));
#18407=CARTESIAN_POINT('',(24.,72.,39.5));
#18408=CARTESIAN_POINT('Origin',(24.,69.0606601717798,38.9246212024587));
#18409=CARTESIAN_POINT('',(32.,69.0606601717798,38.9246212024587));
#18410=CARTESIAN_POINT('',(32.,69.0606601717798,38.9246212024587));
#18411=CARTESIAN_POINT('',(24.,69.0606601717798,38.9246212024587));
#18412=CARTESIAN_POINT('Origin',(24.,66.6360389693211,36.5));
#18413=CARTESIAN_POINT('',(32.,66.6360389693211,36.5));
#18414=CARTESIAN_POINT('',(32.,66.6360389693211,36.5));
#18415=CARTESIAN_POINT('',(24.,66.6360389693211,36.5));
#18416=CARTESIAN_POINT('Origin',(24.,63.5,36.5));
#18417=CARTESIAN_POINT('',(32.,63.5,36.5));
#18418=CARTESIAN_POINT('',(32.,63.5,36.5));
#18419=CARTESIAN_POINT('',(24.,63.5,36.5));
#18420=CARTESIAN_POINT('Origin',(24.,63.5,46.));
#18421=CARTESIAN_POINT('',(32.,63.5,46.));
#18422=CARTESIAN_POINT('Origin',(32.,67.75,41.25));
#18423=CARTESIAN_POINT('',(0.,0.,0.));
#18424=CARTESIAN_POINT('Origin',(30.6,68.,31.5));
#18425=CARTESIAN_POINT('',(30.6,68.,34.));
#18426=CARTESIAN_POINT('Origin',(30.6,68.,31.5));
#18427=CARTESIAN_POINT('',(31.4,68.,34.));
#18428=CARTESIAN_POINT('',(30.6,68.,34.));
#18429=CARTESIAN_POINT('Origin',(31.4,68.,31.5));
#18430=CARTESIAN_POINT('Origin',(31.4,68.,31.5));
#18431=CARTESIAN_POINT('',(31.4,68.,34.5));
#18432=CARTESIAN_POINT('Origin',(31.4,68.,31.5));
#18433=CARTESIAN_POINT('Origin',(30.6,68.,31.5));
#18434=CARTESIAN_POINT('',(30.6,68.,34.5));
#18435=CARTESIAN_POINT('Origin',(30.6,68.,31.5));
#18436=CARTESIAN_POINT('Origin',(-36.,68.,31.5));
#18437=CARTESIAN_POINT('',(-30.6,68.,34.5));
#18438=CARTESIAN_POINT('',(-36.,68.,34.5));
#18439=CARTESIAN_POINT('Origin',(-30.6,68.,31.5));
#18440=CARTESIAN_POINT('Origin',(-31.4,68.,31.5));
#18441=CARTESIAN_POINT('',(-31.4,68.,34.));
#18442=CARTESIAN_POINT('Origin',(-31.4,68.,31.5));
#18443=CARTESIAN_POINT('',(-30.6,68.,34.));
#18444=CARTESIAN_POINT('',(-31.4,68.,34.));
#18445=CARTESIAN_POINT('Origin',(-30.6,68.,31.5));
#18446=CARTESIAN_POINT('Origin',(-30.6,68.,31.5));
#18447=CARTESIAN_POINT('Origin',(-31.4,68.,31.5));
#18448=CARTESIAN_POINT('',(-31.4,68.,34.5));
#18449=CARTESIAN_POINT('Origin',(-31.4,68.,31.5));
#18450=CARTESIAN_POINT('Origin',(-36.,68.,31.5));
#18451=CARTESIAN_POINT('',(-34.8,68.,34.5));
#18452=CARTESIAN_POINT('',(-36.,68.,34.5));
#18453=CARTESIAN_POINT('Origin',(-34.8,68.,31.5));
#18454=CARTESIAN_POINT('Origin',(34.8,68.,31.5));
#18455=CARTESIAN_POINT('',(34.8,68.,34.5));
#18456=CARTESIAN_POINT('Origin',(34.8,68.,31.5));
#18457=CARTESIAN_POINT('Origin',(-34.8,68.,31.5));
#18458=CARTESIAN_POINT('Origin',(-36.,68.,31.5));
#18459=CARTESIAN_POINT('',(-36.,68.,34.5));
#18460=CARTESIAN_POINT('',(0.,0.,0.));
#18461=CARTESIAN_POINT('Origin',(-28.1,42.,22.));
#18462=CARTESIAN_POINT('',(-25.1,42.,23.5));
#18463=CARTESIAN_POINT('Origin',(-25.1,42.,22.));
#18464=CARTESIAN_POINT('',(-28.1,42.,23.5));
#18465=CARTESIAN_POINT('',(-28.1,42.,23.5));
#18466=CARTESIAN_POINT('Origin',(-28.1,42.,22.));
#18467=CARTESIAN_POINT('Origin',(-28.1,42.,22.));
#18468=CARTESIAN_POINT('Origin',(31.1,56.5,12.));
#18469=CARTESIAN_POINT('',(31.1,56.5,12.));
#18470=CARTESIAN_POINT('',(-25.1,56.5,12.));
#18471=CARTESIAN_POINT('',(31.1,56.5,12.));
#18472=CARTESIAN_POINT('',(-25.1,56.5,32.));
#18473=CARTESIAN_POINT('',(-25.1,56.5,12.));
#18474=CARTESIAN_POINT('',(31.1,56.5,32.));
#18475=CARTESIAN_POINT('',(31.1,56.5,32.));
#18476=CARTESIAN_POINT('',(31.1,56.5,12.));
#18477=CARTESIAN_POINT('Origin',(31.1,12.,12.));
#18478=CARTESIAN_POINT('',(31.1,12.,12.));
#18479=CARTESIAN_POINT('',(31.1,12.,12.));
#18480=CARTESIAN_POINT('',(31.1,12.,32.));
#18481=CARTESIAN_POINT('',(31.1,12.,32.));
#18482=CARTESIAN_POINT('',(31.1,12.,12.));
#18483=CARTESIAN_POINT('Origin',(-25.1,12.,12.));
#18484=CARTESIAN_POINT('',(-25.1,12.,12.));
#18485=CARTESIAN_POINT('',(-25.1,12.,12.));
#18486=CARTESIAN_POINT('',(-25.1,12.,32.));
#18487=CARTESIAN_POINT('',(-25.1,12.,32.));
#18488=CARTESIAN_POINT('',(-25.1,12.,12.));
#18489=CARTESIAN_POINT('Origin',(-25.1,56.5,12.));
#18490=CARTESIAN_POINT('',(-25.1,56.5,12.));
#18491=CARTESIAN_POINT('',(-25.1,56.5,32.));
#18492=CARTESIAN_POINT('Origin',(3.,34.25,32.));
#18493=CARTESIAN_POINT('Origin',(3.,34.25,12.));
#18494=CARTESIAN_POINT('',(0.,0.,0.));
#18495=CARTESIAN_POINT('Origin',(-21.1,54.,5.));
#18496=CARTESIAN_POINT('',(-21.1,54.,5.));
#18497=CARTESIAN_POINT('',(-25.1,54.,5.));
#18498=CARTESIAN_POINT('',(-21.1,54.,5.));
#18499=CARTESIAN_POINT('',(-25.1,54.,12.));
#18500=CARTESIAN_POINT('',(-25.1,54.,5.));
#18501=CARTESIAN_POINT('',(-21.1,54.,12.));
#18502=CARTESIAN_POINT('',(-21.1,54.,12.));
#18503=CARTESIAN_POINT('',(-21.1,54.,5.));
#18504=CARTESIAN_POINT('Origin',(-21.1,14.,5.));
#18505=CARTESIAN_POINT('',(-21.1,14.,5.));
#18506=CARTESIAN_POINT('',(-21.1,14.,5.));
#18507=CARTESIAN_POINT('',(-21.1,14.,12.));
#18508=CARTESIAN_POINT('',(-21.1,14.,12.));
#18509=CARTESIAN_POINT('',(-21.1,14.,5.));
#18510=CARTESIAN_POINT('Origin',(-25.1,14.,5.));
#18511=CARTESIAN_POINT('',(-25.1,14.,5.));
#18512=CARTESIAN_POINT('',(-25.1,14.,5.));
#18513=CARTESIAN_POINT('',(-25.1,14.,12.));
#18514=CARTESIAN_POINT('',(-25.1,14.,12.));
#18515=CARTESIAN_POINT('',(-25.1,14.,5.));
#18516=CARTESIAN_POINT('Origin',(-25.1,54.,5.));
#18517=CARTESIAN_POINT('',(-25.1,54.,5.));
#18518=CARTESIAN_POINT('',(-25.1,54.,12.));
#18519=CARTESIAN_POINT('Origin',(-23.1,34.,12.));
#18520=CARTESIAN_POINT('Origin',(-23.1,34.,5.));
#18521=CARTESIAN_POINT('',(0.,0.,0.));
#18522=CARTESIAN_POINT('Origin',(31.1,54.,5.));
#18523=CARTESIAN_POINT('',(31.1,54.,5.));
#18524=CARTESIAN_POINT('',(27.1,54.,5.));
#18525=CARTESIAN_POINT('',(31.1,54.,5.));
#18526=CARTESIAN_POINT('',(27.1,54.,12.));
#18527=CARTESIAN_POINT('',(27.1,54.,5.));
#18528=CARTESIAN_POINT('',(31.1,54.,12.));
#18529=CARTESIAN_POINT('',(31.1,54.,12.));
#18530=CARTESIAN_POINT('',(31.1,54.,5.));
#18531=CARTESIAN_POINT('Origin',(31.1,14.,5.));
#18532=CARTESIAN_POINT('',(31.1,14.,5.));
#18533=CARTESIAN_POINT('',(31.1,14.,5.));
#18534=CARTESIAN_POINT('',(31.1,14.,12.));
#18535=CARTESIAN_POINT('',(31.1,14.,12.));
#18536=CARTESIAN_POINT('',(31.1,14.,5.));
#18537=CARTESIAN_POINT('Origin',(27.1,14.,5.));
#18538=CARTESIAN_POINT('',(27.1,14.,5.));
#18539=CARTESIAN_POINT('',(27.1,14.,5.));
#18540=CARTESIAN_POINT('',(27.1,14.,12.));
#18541=CARTESIAN_POINT('',(27.1,14.,12.));
#18542=CARTESIAN_POINT('',(27.1,14.,5.));
#18543=CARTESIAN_POINT('Origin',(27.1,54.,5.));
#18544=CARTESIAN_POINT('',(27.1,54.,5.));
#18545=CARTESIAN_POINT('',(27.1,54.,12.));
#18546=CARTESIAN_POINT('Origin',(29.1,34.,12.));
#18547=CARTESIAN_POINT('Origin',(29.1,34.,5.));
#18548=CARTESIAN_POINT('',(0.,0.,0.));
#18549=CARTESIAN_POINT('Origin',(0.,42.,22.));
#18550=CARTESIAN_POINT('',(-28.1,42.,23.6));
#18551=CARTESIAN_POINT('Origin',(-28.1,42.,22.));
#18552=CARTESIAN_POINT('',(-25.1,42.,23.6));
#18553=CARTESIAN_POINT('',(0.,42.,23.6));
#18554=CARTESIAN_POINT('Origin',(-25.1,42.,22.));
#18555=CARTESIAN_POINT('Origin',(0.,57.,22.));
#18556=CARTESIAN_POINT('',(-28.1,57.,23.6));
#18557=CARTESIAN_POINT('Origin',(-28.1,57.,22.));
#18558=CARTESIAN_POINT('',(-25.1,57.,23.6));
#18559=CARTESIAN_POINT('',(0.,57.,23.6));
#18560=CARTESIAN_POINT('Origin',(-25.1,57.,22.));
#18561=CARTESIAN_POINT('Origin',(-28.1,38.,25.));
#18562=CARTESIAN_POINT('',(-28.1,38.,19.));
#18563=CARTESIAN_POINT('',(-28.1,38.,25.));
#18564=CARTESIAN_POINT('',(-28.1,38.,19.));
#18565=CARTESIAN_POINT('',(-25.1,38.,19.));
#18566=CARTESIAN_POINT('',(-28.1,38.,19.));
#18567=CARTESIAN_POINT('',(-25.1,38.,25.));
#18568=CARTESIAN_POINT('',(-25.1,38.,19.));
#18569=CARTESIAN_POINT('',(-28.1,38.,25.));
#18570=CARTESIAN_POINT('Origin',(-28.1,61.,25.));
#18571=CARTESIAN_POINT('',(-28.1,61.,25.));
#18572=CARTESIAN_POINT('',(-28.1,38.,25.));
#18573=CARTESIAN_POINT('',(-25.1,61.,25.));
#18574=CARTESIAN_POINT('',(-25.1,38.,25.));
#18575=CARTESIAN_POINT('',(-28.1,61.,25.));
#18576=CARTESIAN_POINT('Origin',(-28.1,61.,19.));
#18577=CARTESIAN_POINT('',(-28.1,61.,19.));
#18578=CARTESIAN_POINT('',(-28.1,61.,25.));
#18579=CARTESIAN_POINT('',(-25.1,61.,19.));
#18580=CARTESIAN_POINT('',(-25.1,61.,25.));
#18581=CARTESIAN_POINT('',(-28.1,61.,19.));
#18582=CARTESIAN_POINT('Origin',(-28.1,38.,19.));
#18583=CARTESIAN_POINT('',(-28.1,61.,19.));
#18584=CARTESIAN_POINT('',(-25.1,61.,19.));
#18585=CARTESIAN_POINT('Origin',(-25.1,49.5,22.));
#18586=CARTESIAN_POINT('Origin',(-28.1,49.5,22.));
#18587=CARTESIAN_POINT('',(0.,0.,0.));
#18588=CARTESIAN_POINT('Origin',(0.,57.,22.));
#18589=CARTESIAN_POINT('',(-31.1,57.,23.6));
#18590=CARTESIAN_POINT('Origin',(-31.1,57.,22.));
#18591=CARTESIAN_POINT('',(-28.1,57.,23.6));
#18592=CARTESIAN_POINT('',(0.,57.,23.6));
#18593=CARTESIAN_POINT('Origin',(-28.1,57.,22.));
#18594=CARTESIAN_POINT('Origin',(0.,63.,45.));
#18595=CARTESIAN_POINT('',(-31.1,63.,46.6));
#18596=CARTESIAN_POINT('Origin',(-31.1,63.,45.));
#18597=CARTESIAN_POINT('',(-28.1,63.,46.6));
#18598=CARTESIAN_POINT('',(0.,63.,46.6));
#18599=CARTESIAN_POINT('Origin',(-28.1,63.,45.));
#18600=CARTESIAN_POINT('Origin',(-31.1,53.0874605942215,18.8867966018536));
#18601=CARTESIAN_POINT('',(-31.1,58.8931642286025,17.3722652189716));
#18602=CARTESIAN_POINT('',(-31.1,53.0874605942215,18.8867966018536));
#18603=CARTESIAN_POINT('',(-31.1,58.8931642286025,17.3722652189716));
#18604=CARTESIAN_POINT('',(-28.1,58.8931642286025,17.3722652189716));
#18605=CARTESIAN_POINT('',(-31.1,58.8931642286025,17.3722652189716));
#18606=CARTESIAN_POINT('',(-28.1,53.0874605942215,18.8867966018536));
#18607=CARTESIAN_POINT('',(-28.1,58.8931642286025,17.3722652189716));
#18608=CARTESIAN_POINT('',(-31.1,53.0874605942215,18.8867966018536));
#18609=CARTESIAN_POINT('Origin',(-31.1,61.1068357713975,49.6277347810284));
#18610=CARTESIAN_POINT('',(-31.1,61.1068357713975,49.6277347810284));
#18611=CARTESIAN_POINT('',(-31.1,53.0874605942215,18.8867966018536));
#18612=CARTESIAN_POINT('',(-28.1,61.1068357713975,49.6277347810284));
#18613=CARTESIAN_POINT('',(-28.1,53.0874605942215,18.8867966018536));
#18614=CARTESIAN_POINT('',(-31.1,61.1068357713975,49.6277347810284));
#18615=CARTESIAN_POINT('Origin',(-31.1,66.9125394057785,48.1132033981464));
#18616=CARTESIAN_POINT('',(-31.1,66.9125394057785,48.1132033981464));
#18617=CARTESIAN_POINT('',(-31.1,61.1068357713975,49.6277347810284));
#18618=CARTESIAN_POINT('',(-28.1,66.9125394057785,48.1132033981464));
#18619=CARTESIAN_POINT('',(-28.1,61.1068357713975,49.6277347810284));
#18620=CARTESIAN_POINT('',(-31.1,66.9125394057785,48.1132033981464));
#18621=CARTESIAN_POINT('Origin',(-31.1,58.8931642286025,17.3722652189716));
#18622=CARTESIAN_POINT('',(-31.1,66.9125394057785,48.1132033981464));
#18623=CARTESIAN_POINT('',(-28.1,66.9125394057785,48.1132033981464));
#18624=CARTESIAN_POINT('Origin',(-28.1,60.,33.5));
#18625=CARTESIAN_POINT('Origin',(-31.1,60.,33.5));
#18626=CARTESIAN_POINT('',(0.,0.,0.));
#18627=CARTESIAN_POINT('Origin',(0.,89.,17.4095238095238));
#18628=CARTESIAN_POINT('',(10.,82.,20.9428571428571));
#18629=CARTESIAN_POINT('',(-10.,82.,20.9428571428571));
#18630=CARTESIAN_POINT('',(0.,82.,20.9428571428571));
#18631=CARTESIAN_POINT('',(10.,89.,17.4095238095238));
#18632=CARTESIAN_POINT('',(10.,89.,17.4095238095238));
#18633=CARTESIAN_POINT('',(-10.,89.,17.4095238095238));
#18634=CARTESIAN_POINT('',(0.,89.,17.4095238095238));
#18635=CARTESIAN_POINT('',(-10.,89.,17.4095238095238));
#18636=CARTESIAN_POINT('Origin',(-10.,89.,5.));
#18637=CARTESIAN_POINT('',(-10.,89.,5.));
#18638=CARTESIAN_POINT('',(-10.,89.,5.));
#18639=CARTESIAN_POINT('',(-10.,82.,5.));
#18640=CARTESIAN_POINT('',(-10.,89.,5.));
#18641=CARTESIAN_POINT('',(-10.,82.,5.));
#18642=CARTESIAN_POINT('Origin',(10.,89.,5.));
#18643=CARTESIAN_POINT('',(10.,89.,5.));
#18644=CARTESIAN_POINT('',(10.,89.,5.));
#18645=CARTESIAN_POINT('',(10.,89.,5.));
#18646=CARTESIAN_POINT('Origin',(10.,82.,5.));
#18647=CARTESIAN_POINT('',(10.,82.,5.));
#18648=CARTESIAN_POINT('',(10.,82.,5.));
#18649=CARTESIAN_POINT('',(10.,82.,5.));
#18650=CARTESIAN_POINT('Origin',(-10.,82.,5.));
#18651=CARTESIAN_POINT('',(-10.,82.,5.));
#18652=CARTESIAN_POINT('Origin',(0.,85.5,5.));
#18653=CARTESIAN_POINT('',(0.,0.,0.));
#18654=CARTESIAN_POINT('Origin',(-12.,-15.,31.9));
#18655=CARTESIAN_POINT('',(-13.7,-15.,32.));
#18656=CARTESIAN_POINT('',(-13.7,-15.,34.));
#18657=CARTESIAN_POINT('',(-13.7,-15.,31.9));
#18658=CARTESIAN_POINT('',(-10.3,-15.,32.));
#18659=CARTESIAN_POINT('Origin',(-12.,-15.,32.));
#18660=CARTESIAN_POINT('',(-10.3,-15.,34.));
#18661=CARTESIAN_POINT('',(-10.3,-15.,31.9));
#18662=CARTESIAN_POINT('Origin',(-12.,-15.,34.));
#18663=CARTESIAN_POINT('Origin',(-12.,60.,31.9));
#18664=CARTESIAN_POINT('',(-13.7,60.,34.));
#18665=CARTESIAN_POINT('',(-13.7,60.,32.));
#18666=CARTESIAN_POINT('',(-13.7,60.,31.9));
#18667=CARTESIAN_POINT('',(-10.3,60.,34.));
#18668=CARTESIAN_POINT('Origin',(-12.,60.,34.));
#18669=CARTESIAN_POINT('',(-10.3,60.,32.));
#18670=CARTESIAN_POINT('',(-10.3,60.,31.9));
#18671=CARTESIAN_POINT('Origin',(-12.,60.,32.));
#18672=CARTESIAN_POINT('Origin',(-15.,-15.,32.));
#18673=CARTESIAN_POINT('',(-15.,-15.,34.));
#18674=CARTESIAN_POINT('',(-15.,-15.,34.));
#18675=CARTESIAN_POINT('',(-15.,-15.,32.));
#18676=CARTESIAN_POINT('',(-15.,-15.,32.));
#18677=CARTESIAN_POINT('',(-15.,-15.,32.));
#18678=CARTESIAN_POINT('Origin',(-15.,-15.,32.));
#18679=CARTESIAN_POINT('',(-9.,-15.,32.));
#18680=CARTESIAN_POINT('',(-15.,-15.,32.));
#18681=CARTESIAN_POINT('',(-9.,-15.,34.));
#18682=CARTESIAN_POINT('',(-9.,-15.,32.));
#18683=CARTESIAN_POINT('',(-15.,-15.,34.));
#18684=CARTESIAN_POINT('Origin',(-12.,22.5,32.));
#18685=CARTESIAN_POINT('',(-15.,60.,32.));
#18686=CARTESIAN_POINT('',(-15.,60.,32.));
#18687=CARTESIAN_POINT('',(-9.,60.,32.));
#18688=CARTESIAN_POINT('',(-9.,60.,32.));
#18689=CARTESIAN_POINT('',(-9.,60.,32.));
#18690=CARTESIAN_POINT('',(-9.,-15.,32.));
#18691=CARTESIAN_POINT('Origin',(-9.,60.,32.));
#18692=CARTESIAN_POINT('',(-15.,60.,34.));
#18693=CARTESIAN_POINT('',(-15.,60.,32.));
#18694=CARTESIAN_POINT('',(-9.,60.,34.));
#18695=CARTESIAN_POINT('Origin',(-9.,60.,32.));
#18696=CARTESIAN_POINT('',(-9.,60.,34.));
#18697=CARTESIAN_POINT('',(-9.,60.,34.));
#18698=CARTESIAN_POINT('',(-9.,60.,32.));
#18699=CARTESIAN_POINT('Origin',(-9.,-15.,32.));
#18700=CARTESIAN_POINT('',(-9.,-15.,34.));
#18701=CARTESIAN_POINT('Origin',(-15.,60.,32.));
#18702=CARTESIAN_POINT('',(-15.,60.,34.));
#18703=CARTESIAN_POINT('Origin',(-12.,22.5,34.));
#18704=CARTESIAN_POINT('',(0.,0.,0.));
#18705=CARTESIAN_POINT('Origin',(-12.,-15.,4.9));
#18706=CARTESIAN_POINT('',(-13.25,-15.,5.));
#18707=CARTESIAN_POINT('Origin',(-12.,-15.,5.));
#18708=CARTESIAN_POINT('',(-13.25,-15.,32.));
#18709=CARTESIAN_POINT('',(-13.25,-15.,4.9));
#18710=CARTESIAN_POINT('Origin',(-12.,-15.,32.));
#18711=CARTESIAN_POINT('Origin',(-9.,-12.,5.));
#18712=CARTESIAN_POINT('',(-9.,-12.,5.));
#18713=CARTESIAN_POINT('',(-15.,-12.,5.));
#18714=CARTESIAN_POINT('',(-9.,-12.,5.));
#18715=CARTESIAN_POINT('',(-15.,-12.,32.));
#18716=CARTESIAN_POINT('',(-15.,-12.,5.));
#18717=CARTESIAN_POINT('',(-9.,-12.,32.));
#18718=CARTESIAN_POINT('',(-9.,-12.,32.));
#18719=CARTESIAN_POINT('',(-9.,-12.,5.));
#18720=CARTESIAN_POINT('Origin',(-9.,-18.,5.));
#18721=CARTESIAN_POINT('',(-9.,-18.,5.));
#18722=CARTESIAN_POINT('',(-9.,-18.,5.));
#18723=CARTESIAN_POINT('',(-9.,-18.,32.));
#18724=CARTESIAN_POINT('',(-9.,-18.,32.));
#18725=CARTESIAN_POINT('',(-9.,-18.,5.));
#18726=CARTESIAN_POINT('Origin',(-15.,-18.,5.));
#18727=CARTESIAN_POINT('',(-15.,-18.,5.));
#18728=CARTESIAN_POINT('',(-15.,-18.,5.));
#18729=CARTESIAN_POINT('',(-15.,-18.,32.));
#18730=CARTESIAN_POINT('',(-15.,-18.,32.));
#18731=CARTESIAN_POINT('',(-15.,-18.,5.));
#18732=CARTESIAN_POINT('Origin',(-15.,-12.,5.));
#18733=CARTESIAN_POINT('',(-15.,-12.,5.));
#18734=CARTESIAN_POINT('',(-15.,-12.,32.));
#18735=CARTESIAN_POINT('Origin',(-12.,-15.,32.));
#18736=CARTESIAN_POINT('Origin',(-12.,-15.,5.));
#18737=CARTESIAN_POINT('',(0.,0.,0.));
#18738=CARTESIAN_POINT('Origin',(-12.,60.,4.9));
#18739=CARTESIAN_POINT('',(-13.25,60.,5.));
#18740=CARTESIAN_POINT('Origin',(-12.,60.,5.));
#18741=CARTESIAN_POINT('',(-13.25,60.,32.));
#18742=CARTESIAN_POINT('',(-13.25,60.,4.9));
#18743=CARTESIAN_POINT('Origin',(-12.,60.,32.));
#18744=CARTESIAN_POINT('Origin',(-9.,63.,5.));
#18745=CARTESIAN_POINT('',(-9.,63.,5.));
#18746=CARTESIAN_POINT('',(-15.,63.,5.));
#18747=CARTESIAN_POINT('',(-9.,63.,5.));
#18748=CARTESIAN_POINT('',(-15.,63.,32.));
#18749=CARTESIAN_POINT('',(-15.,63.,5.));
#18750=CARTESIAN_POINT('',(-9.,63.,32.));
#18751=CARTESIAN_POINT('',(-9.,63.,32.));
#18752=CARTESIAN_POINT('',(-9.,63.,5.));
#18753=CARTESIAN_POINT('Origin',(-9.,57.,5.));
#18754=CARTESIAN_POINT('',(-9.,57.,5.));
#18755=CARTESIAN_POINT('',(-9.,57.,5.));
#18756=CARTESIAN_POINT('',(-9.,57.,32.));
#18757=CARTESIAN_POINT('',(-9.,57.,32.));
#18758=CARTESIAN_POINT('',(-9.,57.,5.));
#18759=CARTESIAN_POINT('Origin',(-15.,57.,5.));
#18760=CARTESIAN_POINT('',(-15.,57.,5.));
#18761=CARTESIAN_POINT('',(-15.,57.,5.));
#18762=CARTESIAN_POINT('',(-15.,57.,32.));
#18763=CARTESIAN_POINT('',(-15.,57.,32.));
#18764=CARTESIAN_POINT('',(-15.,57.,5.));
#18765=CARTESIAN_POINT('Origin',(-15.,63.,5.));
#18766=CARTESIAN_POINT('',(-15.,63.,5.));
#18767=CARTESIAN_POINT('',(-15.,63.,32.));
#18768=CARTESIAN_POINT('Origin',(-12.,60.,32.));
#18769=CARTESIAN_POINT('Origin',(-12.,60.,5.));
#18770=CARTESIAN_POINT('',(0.,0.,0.));
#18771=CARTESIAN_POINT('Origin',(12.,-15.,31.9));
#18772=CARTESIAN_POINT('',(10.3,-15.,32.));
#18773=CARTESIAN_POINT('',(10.3,-15.,34.));
#18774=CARTESIAN_POINT('',(10.3,-15.,31.9));
#18775=CARTESIAN_POINT('',(13.7,-15.,32.));
#18776=CARTESIAN_POINT('Origin',(12.,-15.,32.));
#18777=CARTESIAN_POINT('',(13.7,-15.,34.));
#18778=CARTESIAN_POINT('',(13.7,-15.,31.9));
#18779=CARTESIAN_POINT('Origin',(12.,-15.,34.));
#18780=CARTESIAN_POINT('Origin',(12.,60.,31.9));
#18781=CARTESIAN_POINT('',(10.3,60.,34.));
#18782=CARTESIAN_POINT('',(10.3,60.,32.));
#18783=CARTESIAN_POINT('',(10.3,60.,31.9));
#18784=CARTESIAN_POINT('',(13.7,60.,34.));
#18785=CARTESIAN_POINT('Origin',(12.,60.,34.));
#18786=CARTESIAN_POINT('',(13.7,60.,32.));
#18787=CARTESIAN_POINT('',(13.7,60.,31.9));
#18788=CARTESIAN_POINT('Origin',(12.,60.,32.));
#18789=CARTESIAN_POINT('Origin',(9.,-15.,32.));
#18790=CARTESIAN_POINT('',(9.,-15.,34.));
#18791=CARTESIAN_POINT('',(9.,-15.,34.));
#18792=CARTESIAN_POINT('',(9.,-15.,32.));
#18793=CARTESIAN_POINT('',(9.,-15.,32.));
#18794=CARTESIAN_POINT('',(9.,-15.,32.));
#18795=CARTESIAN_POINT('Origin',(9.,-15.,32.));
#18796=CARTESIAN_POINT('',(15.,-15.,32.));
#18797=CARTESIAN_POINT('',(9.,-15.,32.));
#18798=CARTESIAN_POINT('',(15.,-15.,34.));
#18799=CARTESIAN_POINT('',(15.,-15.,32.));
#18800=CARTESIAN_POINT('',(9.,-15.,34.));
#18801=CARTESIAN_POINT('Origin',(12.,22.5,32.));
#18802=CARTESIAN_POINT('',(9.,60.,32.));
#18803=CARTESIAN_POINT('',(9.,60.,32.));
#18804=CARTESIAN_POINT('',(15.,60.,32.));
#18805=CARTESIAN_POINT('',(15.,60.,32.));
#18806=CARTESIAN_POINT('',(15.,60.,32.));
#18807=CARTESIAN_POINT('',(15.,-15.,32.));
#18808=CARTESIAN_POINT('Origin',(15.,60.,32.));
#18809=CARTESIAN_POINT('',(9.,60.,34.));
#18810=CARTESIAN_POINT('',(9.,60.,32.));
#18811=CARTESIAN_POINT('',(15.,60.,34.));
#18812=CARTESIAN_POINT('Origin',(15.,60.,32.));
#18813=CARTESIAN_POINT('',(15.,60.,34.));
#18814=CARTESIAN_POINT('',(15.,60.,34.));
#18815=CARTESIAN_POINT('',(15.,60.,32.));
#18816=CARTESIAN_POINT('Origin',(15.,-15.,32.));
#18817=CARTESIAN_POINT('',(15.,-15.,34.));
#18818=CARTESIAN_POINT('Origin',(9.,60.,32.));
#18819=CARTESIAN_POINT('',(9.,60.,34.));
#18820=CARTESIAN_POINT('Origin',(12.,22.5,34.));
#18821=CARTESIAN_POINT('',(0.,0.,0.));
#18822=CARTESIAN_POINT('Origin',(12.,-15.,4.9));
#18823=CARTESIAN_POINT('',(10.75,-15.,5.));
#18824=CARTESIAN_POINT('Origin',(12.,-15.,5.));
#18825=CARTESIAN_POINT('',(10.75,-15.,32.));
#18826=CARTESIAN_POINT('',(10.75,-15.,4.9));
#18827=CARTESIAN_POINT('Origin',(12.,-15.,32.));
#18828=CARTESIAN_POINT('Origin',(15.,-12.,5.));
#18829=CARTESIAN_POINT('',(15.,-12.,5.));
#18830=CARTESIAN_POINT('',(9.,-12.,5.));
#18831=CARTESIAN_POINT('',(15.,-12.,5.));
#18832=CARTESIAN_POINT('',(9.,-12.,32.));
#18833=CARTESIAN_POINT('',(9.,-12.,5.));
#18834=CARTESIAN_POINT('',(15.,-12.,32.));
#18835=CARTESIAN_POINT('',(15.,-12.,32.));
#18836=CARTESIAN_POINT('',(15.,-12.,5.));
#18837=CARTESIAN_POINT('Origin',(15.,-18.,5.));
#18838=CARTESIAN_POINT('',(15.,-18.,5.));
#18839=CARTESIAN_POINT('',(15.,-18.,5.));
#18840=CARTESIAN_POINT('',(15.,-18.,32.));
#18841=CARTESIAN_POINT('',(15.,-18.,32.));
#18842=CARTESIAN_POINT('',(15.,-18.,5.));
#18843=CARTESIAN_POINT('Origin',(9.,-18.,5.));
#18844=CARTESIAN_POINT('',(9.,-18.,5.));
#18845=CARTESIAN_POINT('',(9.,-18.,5.));
#18846=CARTESIAN_POINT('',(9.,-18.,32.));
#18847=CARTESIAN_POINT('',(9.,-18.,32.));
#18848=CARTESIAN_POINT('',(9.,-18.,5.));
#18849=CARTESIAN_POINT('Origin',(9.,-12.,5.));
#18850=CARTESIAN_POINT('',(9.,-12.,5.));
#18851=CARTESIAN_POINT('',(9.,-12.,32.));
#18852=CARTESIAN_POINT('Origin',(12.,-15.,32.));
#18853=CARTESIAN_POINT('Origin',(12.,-15.,5.));
#18854=CARTESIAN_POINT('',(0.,0.,0.));
#18855=CARTESIAN_POINT('Origin',(12.,60.,4.9));
#18856=CARTESIAN_POINT('',(10.75,60.,5.));
#18857=CARTESIAN_POINT('Origin',(12.,60.,5.));
#18858=CARTESIAN_POINT('',(10.75,60.,32.));
#18859=CARTESIAN_POINT('',(10.75,60.,4.9));
#18860=CARTESIAN_POINT('Origin',(12.,60.,32.));
#18861=CARTESIAN_POINT('Origin',(15.,63.,5.));
#18862=CARTESIAN_POINT('',(15.,63.,5.));
#18863=CARTESIAN_POINT('',(9.,63.,5.));
#18864=CARTESIAN_POINT('',(15.,63.,5.));
#18865=CARTESIAN_POINT('',(9.,63.,32.));
#18866=CARTESIAN_POINT('',(9.,63.,5.));
#18867=CARTESIAN_POINT('',(15.,63.,32.));
#18868=CARTESIAN_POINT('',(15.,63.,32.));
#18869=CARTESIAN_POINT('',(15.,63.,5.));
#18870=CARTESIAN_POINT('Origin',(15.,57.,5.));
#18871=CARTESIAN_POINT('',(15.,57.,5.));
#18872=CARTESIAN_POINT('',(15.,57.,5.));
#18873=CARTESIAN_POINT('',(15.,57.,32.));
#18874=CARTESIAN_POINT('',(15.,57.,32.));
#18875=CARTESIAN_POINT('',(15.,57.,5.));
#18876=CARTESIAN_POINT('Origin',(9.,57.,5.));
#18877=CARTESIAN_POINT('',(9.,57.,5.));
#18878=CARTESIAN_POINT('',(9.,57.,5.));
#18879=CARTESIAN_POINT('',(9.,57.,32.));
#18880=CARTESIAN_POINT('',(9.,57.,32.));
#18881=CARTESIAN_POINT('',(9.,57.,5.));
#18882=CARTESIAN_POINT('Origin',(9.,63.,5.));
#18883=CARTESIAN_POINT('',(9.,63.,5.));
#18884=CARTESIAN_POINT('',(9.,63.,32.));
#18885=CARTESIAN_POINT('Origin',(12.,60.,32.));
#18886=CARTESIAN_POINT('Origin',(12.,60.,5.));
#18887=CARTESIAN_POINT('',(0.,0.,0.));
#18888=CARTESIAN_POINT('Origin',(-31.5,68.,31.5));
#18889=CARTESIAN_POINT('',(-30.6,71.8457769046059,30.4));
#18890=CARTESIAN_POINT('',(-31.4,71.8457769046059,30.4));
#18891=CARTESIAN_POINT('',(-31.5,71.8457769046059,30.4));
#18892=CARTESIAN_POINT('',(-30.6,71.8457769046059,32.6));
#18893=CARTESIAN_POINT('Origin',(-30.6,68.,31.5));
#18894=CARTESIAN_POINT('',(-31.4,71.8457769046059,32.6));
#18895=CARTESIAN_POINT('',(-31.5,71.8457769046059,32.6));
#18896=CARTESIAN_POINT('Origin',(-31.4,68.,31.5));
#18897=CARTESIAN_POINT('Origin',(-31.5,73.2,32.6));
#18898=CARTESIAN_POINT('',(-30.6,70.2449944320644,32.6));
#18899=CARTESIAN_POINT('',(-30.6,70.6,32.6));
#18900=CARTESIAN_POINT('',(-31.4,70.2449944320644,32.6));
#18901=CARTESIAN_POINT('',(-31.4,70.2449944320644,32.6));
#18902=CARTESIAN_POINT('',(-31.4,70.6,32.6));
#18903=CARTESIAN_POINT('Origin',(-30.6,68.,31.5));
#18904=CARTESIAN_POINT('',(-30.6,70.2449944320644,30.4));
#18905=CARTESIAN_POINT('',(-30.6,69.1,30.4));
#18906=CARTESIAN_POINT('Origin',(-30.6,68.,31.5));
#18907=CARTESIAN_POINT('Origin',(-31.5,70.2,30.4));
#18908=CARTESIAN_POINT('',(-31.4,70.2449944320644,30.4));
#18909=CARTESIAN_POINT('',(-31.4,69.1,30.4));
#18910=CARTESIAN_POINT('',(-31.4,70.2449944320644,30.4));
#18911=CARTESIAN_POINT('Origin',(-31.4,68.,31.5));
#18912=CARTESIAN_POINT('Origin',(-31.4,68.,31.5));
#18913=CARTESIAN_POINT('Origin',(-31.4,68.,31.5));
#18914=CARTESIAN_POINT('',(0.,0.,0.));
#18915=CARTESIAN_POINT('Origin',(30.5,68.,31.5));
#18916=CARTESIAN_POINT('',(31.4,71.8457769046059,30.4));
#18917=CARTESIAN_POINT('',(30.6,71.8457769046059,30.4));
#18918=CARTESIAN_POINT('',(30.5,71.8457769046059,30.4));
#18919=CARTESIAN_POINT('',(31.4,71.8457769046059,32.6));
#18920=CARTESIAN_POINT('Origin',(31.4,68.,31.5));
#18921=CARTESIAN_POINT('',(30.6,71.8457769046059,32.6));
#18922=CARTESIAN_POINT('',(30.5,71.8457769046059,32.6));
#18923=CARTESIAN_POINT('Origin',(30.6,68.,31.5));
#18924=CARTESIAN_POINT('Origin',(30.5,73.2,32.6));
#18925=CARTESIAN_POINT('',(31.4,70.2449944320644,32.6));
#18926=CARTESIAN_POINT('',(31.4,70.6,32.6));
#18927=CARTESIAN_POINT('',(30.6,70.2449944320644,32.6));
#18928=CARTESIAN_POINT('',(30.6,70.2449944320644,32.6));
#18929=CARTESIAN_POINT('',(30.6,70.6,32.6));
#18930=CARTESIAN_POINT('Origin',(31.4,68.,31.5));
#18931=CARTESIAN_POINT('',(31.4,70.2449944320644,30.4));
#18932=CARTESIAN_POINT('',(31.4,69.1,30.4));
#18933=CARTESIAN_POINT('Origin',(31.4,68.,31.5));
#18934=CARTESIAN_POINT('Origin',(30.5,70.2,30.4));
#18935=CARTESIAN_POINT('',(30.6,70.2449944320644,30.4));
#18936=CARTESIAN_POINT('',(30.6,69.1,30.4));
#18937=CARTESIAN_POINT('',(30.6,70.2449944320644,30.4));
#18938=CARTESIAN_POINT('Origin',(30.6,68.,31.5));
#18939=CARTESIAN_POINT('Origin',(30.6,68.,31.5));
#18940=CARTESIAN_POINT('Origin',(30.6,68.,31.5));
#18941=CARTESIAN_POINT('',(0.,-3.94430452610506E-31,0.));
#18942=CARTESIAN_POINT('',(0.,-3.94430452610506E-31,0.));
#18943=CARTESIAN_POINT('',(0.,-2.05391259555654E-15,0.));
#18944=CARTESIAN_POINT('',(0.,-2.05391259555654E-15,0.));
#18945=CARTESIAN_POINT('',(0.,-2.05391259555654E-15,0.));
#18946=CARTESIAN_POINT('',(0.,-2.05391259555654E-15,0.));
#18947=CARTESIAN_POINT('',(0.,-2.05391259555654E-15,0.));
#18948=CARTESIAN_POINT('',(0.,-2.05391259555654E-15,0.));
#18949=CARTESIAN_POINT('',(0.,2.60902410786912E-15,-2.44249065417535E-15));
#18950=CARTESIAN_POINT('',(0.,2.05391259555654E-15,1.11022302462516E-15));
#18951=CARTESIAN_POINT('',(0.,-2.05391259555654E-15,0.));
#18952=CARTESIAN_POINT('',(0.,-2.05391259555654E-15,0.));
#18953=CARTESIAN_POINT('',(0.,-2.05391259555654E-15,0.));
#18954=CARTESIAN_POINT('',(0.,-2.05391259555654E-15,0.));
#18955=CARTESIAN_POINT('',(0.,-2.05391259555654E-15,0.));
#18956=CARTESIAN_POINT('',(0.,-2.05391259555654E-15,0.));
#18957=CARTESIAN_POINT('',(0.,-2.05391259555654E-15,0.));
#18958=CARTESIAN_POINT('',(0.,-2.05391259555654E-15,0.));
#18959=CARTESIAN_POINT('',(0.,-2.05391259555654E-15,0.));
#18960=CARTESIAN_POINT('',(0.,0.,0.));
#18961=CARTESIAN_POINT('',(0.,0.,0.));
#18962=CARTESIAN_POINT('Origin',(-58.,0.,21.));
#18963=CARTESIAN_POINT('',(-9.,-1.34711147906209E-15,32.));
#18964=CARTESIAN_POINT('Origin',(-9.,0.,21.));
#18965=CARTESIAN_POINT('',(-58.,-1.34711147906209E-15,32.));
#18966=CARTESIAN_POINT('',(-58.,-1.34711147906209E-15,32.));
#18967=CARTESIAN_POINT('Origin',(-58.,0.,21.));
#18968=CARTESIAN_POINT('Origin',(-9.,0.,21.));
#18969=CARTESIAN_POINT('Origin',(-58.,0.,21.));
#18970=CARTESIAN_POINT('',(0.,0.,0.));
#18971=CARTESIAN_POINT('Origin',(-72.,0.,21.));
#18972=CARTESIAN_POINT('',(-58.,-2.44929359829471E-16,23.));
#18973=CARTESIAN_POINT('Origin',(-58.,0.,21.));
#18974=CARTESIAN_POINT('',(-72.,-2.44929359829471E-16,23.));
#18975=CARTESIAN_POINT('',(-72.,-2.44929359829471E-16,23.));
#18976=CARTESIAN_POINT('Origin',(-72.,0.,21.));
#18977=CARTESIAN_POINT('Origin',(-58.,0.,21.));
#18978=CARTESIAN_POINT('Origin',(-72.,0.,21.));
#18979=CARTESIAN_POINT('',(0.,0.,0.));
#18980=CARTESIAN_POINT('Origin',(-61.1,10.,11.));
#18981=CARTESIAN_POINT('',(-61.,10.,12.6));
#18982=CARTESIAN_POINT('Origin',(-61.,10.,11.));
#18983=CARTESIAN_POINT('',(-58.,10.,12.6));
#18984=CARTESIAN_POINT('',(-61.1,10.,12.6));
#18985=CARTESIAN_POINT('Origin',(-58.,10.,11.));
#18986=CARTESIAN_POINT('Origin',(-61.1,-10.,31.));
#18987=CARTESIAN_POINT('',(-61.,-10.,32.6));
#18988=CARTESIAN_POINT('Origin',(-61.,-10.,31.));
#18989=CARTESIAN_POINT('',(-58.,-10.,32.6));
#18990=CARTESIAN_POINT('',(-61.1,-10.,32.6));
#18991=CARTESIAN_POINT('Origin',(-58.,-10.,31.));
#18992=CARTESIAN_POINT('Origin',(-61.1,-10.,11.));
#18993=CARTESIAN_POINT('',(-61.,-10.,12.6));
#18994=CARTESIAN_POINT('Origin',(-61.,-10.,11.));
#18995=CARTESIAN_POINT('',(-58.,-10.,12.6));
#18996=CARTESIAN_POINT('',(-61.1,-10.,12.6));
#18997=CARTESIAN_POINT('Origin',(-58.,-10.,11.));
#18998=CARTESIAN_POINT('Origin',(-61.1,10.,31.));
#18999=CARTESIAN_POINT('',(-61.,10.,32.6));
#19000=CARTESIAN_POINT('Origin',(-61.,10.,31.));
#19001=CARTESIAN_POINT('',(-58.,10.,32.6));
#19002=CARTESIAN_POINT('',(-61.1,10.,32.6));
#19003=CARTESIAN_POINT('Origin',(-58.,10.,31.));
#19004=CARTESIAN_POINT('Origin',(-61.1,0.,21.));
#19005=CARTESIAN_POINT('',(-61.,-1.35935794705356E-15,32.1));
#19006=CARTESIAN_POINT('Origin',(-61.,0.,21.));
#19007=CARTESIAN_POINT('',(-58.,1.35935794705356E-15,32.1));
#19008=CARTESIAN_POINT('',(-61.1,-1.35935794705356E-15,32.1));
#19009=CARTESIAN_POINT('Origin',(-58.,0.,21.));
#19010=CARTESIAN_POINT('Origin',(-58.,13.,8.));
#19011=CARTESIAN_POINT('',(-58.,13.,8.));
#19012=CARTESIAN_POINT('',(-61.,13.,8.));
#19013=CARTESIAN_POINT('',(-58.,13.,8.));
#19014=CARTESIAN_POINT('',(-61.,13.,34.));
#19015=CARTESIAN_POINT('',(-61.,13.,8.));
#19016=CARTESIAN_POINT('',(-58.,13.,34.));
#19017=CARTESIAN_POINT('',(-58.,13.,34.));
#19018=CARTESIAN_POINT('',(-58.,13.,8.));
#19019=CARTESIAN_POINT('Origin',(-58.,-13.,8.));
#19020=CARTESIAN_POINT('',(-58.,-13.,8.));
#19021=CARTESIAN_POINT('',(-58.,-13.,8.));
#19022=CARTESIAN_POINT('',(-58.,-13.,34.));
#19023=CARTESIAN_POINT('',(-58.,-13.,34.));
#19024=CARTESIAN_POINT('',(-58.,-13.,8.));
#19025=CARTESIAN_POINT('Origin',(-61.,-13.,8.));
#19026=CARTESIAN_POINT('',(-61.,-13.,8.));
#19027=CARTESIAN_POINT('',(-61.,-13.,8.));
#19028=CARTESIAN_POINT('',(-61.,-13.,34.));
#19029=CARTESIAN_POINT('',(-61.,-13.,34.));
#19030=CARTESIAN_POINT('',(-61.,-13.,8.));
#19031=CARTESIAN_POINT('Origin',(-61.,13.,8.));
#19032=CARTESIAN_POINT('',(-61.,13.,8.));
#19033=CARTESIAN_POINT('',(-61.,13.,34.));
#19034=CARTESIAN_POINT('Origin',(-59.5,0.,34.));
#19035=CARTESIAN_POINT('Origin',(-59.5,0.,8.));
#19036=CARTESIAN_POINT('',(0.,0.,0.));
#19037=CARTESIAN_POINT('Origin',(-53.,-19.05,30.));
#19038=CARTESIAN_POINT('',(-48.,-18.,30.));
#19039=CARTESIAN_POINT('',(-48.,-20.,30.));
#19040=CARTESIAN_POINT('',(-48.,-19.525,30.));
#19041=CARTESIAN_POINT('',(-58.,-18.,30.));
#19042=CARTESIAN_POINT('',(-47.9,-18.,30.));
#19043=CARTESIAN_POINT('',(-58.,-20.,30.));
#19044=CARTESIAN_POINT('',(-58.,0.474999999999999,30.));
#19045=CARTESIAN_POINT('',(-55.5,-20.,30.));
#19046=CARTESIAN_POINT('Origin',(-47.9,-18.,30.));
#19047=CARTESIAN_POINT('',(-48.,-18.,37.));
#19048=CARTESIAN_POINT('',(-48.,-18.,17.5));
#19049=CARTESIAN_POINT('',(-58.,-18.,37.));
#19050=CARTESIAN_POINT('',(-50.45,-18.,37.));
#19051=CARTESIAN_POINT('',(-58.,-18.,17.5));
#19052=CARTESIAN_POINT('Origin',(-58.,-20.,5.));
#19053=CARTESIAN_POINT('',(-58.,-20.,5.));
#19054=CARTESIAN_POINT('',(-58.,-20.,5.));
#19055=CARTESIAN_POINT('',(-48.,-20.,5.));
#19056=CARTESIAN_POINT('',(-58.,-20.,5.));
#19057=CARTESIAN_POINT('',(-48.,-20.,5.));
#19058=CARTESIAN_POINT('Origin',(-58.,20.,5.));
#19059=CARTESIAN_POINT('',(-58.,20.,37.));
#19060=CARTESIAN_POINT('',(-58.,20.,37.));
#19061=CARTESIAN_POINT('',(-58.,20.,5.));
#19062=CARTESIAN_POINT('',(-58.,20.,5.));
#19063=CARTESIAN_POINT('',(-58.,20.,5.));
#19064=CARTESIAN_POINT('',(-58.,10.,12.25));
#19065=CARTESIAN_POINT('Origin',(-58.,10.,11.));
#19066=CARTESIAN_POINT('',(-58.,-10.,32.25));
#19067=CARTESIAN_POINT('Origin',(-58.,-10.,31.));
#19068=CARTESIAN_POINT('',(-58.,-10.,12.25));
#19069=CARTESIAN_POINT('Origin',(-58.,-10.,11.));
#19070=CARTESIAN_POINT('',(-58.,10.,32.25));
#19071=CARTESIAN_POINT('Origin',(-58.,10.,31.));
#19072=CARTESIAN_POINT('',(-58.,-1.35935794705356E-15,32.1));
#19073=CARTESIAN_POINT('Origin',(-58.,0.,21.));
#19074=CARTESIAN_POINT('Origin',(-53.,-16.,4.9));
#19075=CARTESIAN_POINT('',(-54.25,-16.,5.));
#19076=CARTESIAN_POINT('Origin',(-53.,-16.,5.));
#19077=CARTESIAN_POINT('',(-54.25,-16.,17.));
#19078=CARTESIAN_POINT('',(-54.25,-16.,4.9));
#19079=CARTESIAN_POINT('Origin',(-53.,-16.,17.));
#19080=CARTESIAN_POINT('Origin',(-53.,-16.,17.));
#19081=CARTESIAN_POINT('Origin',(-53.,16.,4.9));
#19082=CARTESIAN_POINT('',(-54.25,16.,5.));
#19083=CARTESIAN_POINT('Origin',(-53.,16.,5.));
#19084=CARTESIAN_POINT('',(-54.25,16.,17.));
#19085=CARTESIAN_POINT('',(-54.25,16.,4.9));
#19086=CARTESIAN_POINT('Origin',(-53.,16.,17.));
#19087=CARTESIAN_POINT('Origin',(-53.,16.,17.));
#19088=CARTESIAN_POINT('Origin',(-58.1,10.,11.));
#19089=CARTESIAN_POINT('',(-48.,10.,12.25));
#19090=CARTESIAN_POINT('',(-58.1,10.,12.25));
#19091=CARTESIAN_POINT('Origin',(-48.,10.,11.));
#19092=CARTESIAN_POINT('Origin',(-58.1,-10.,31.));
#19093=CARTESIAN_POINT('',(-48.,-10.,32.25));
#19094=CARTESIAN_POINT('',(-58.1,-10.,32.25));
#19095=CARTESIAN_POINT('Origin',(-48.,-10.,31.));
#19096=CARTESIAN_POINT('Origin',(-58.1,-10.,11.));
#19097=CARTESIAN_POINT('',(-48.,-10.,12.25));
#19098=CARTESIAN_POINT('',(-58.1,-10.,12.25));
#19099=CARTESIAN_POINT('Origin',(-48.,-10.,11.));
#19100=CARTESIAN_POINT('Origin',(-58.1,10.,31.));
#19101=CARTESIAN_POINT('',(-48.,10.,32.25));
#19102=CARTESIAN_POINT('',(-58.1,10.,32.25));
#19103=CARTESIAN_POINT('Origin',(-48.,10.,31.));
#19104=CARTESIAN_POINT('Origin',(-58.1,0.,21.));
#19105=CARTESIAN_POINT('',(-48.,1.35935794705356E-15,32.1));
#19106=CARTESIAN_POINT('',(-58.1,-1.35935794705356E-15,32.1));
#19107=CARTESIAN_POINT('Origin',(-48.,0.,21.));
#19108=CARTESIAN_POINT('Origin',(-48.,20.,5.));
#19109=CARTESIAN_POINT('',(-48.,20.,5.));
#19110=CARTESIAN_POINT('',(-48.,20.,5.));
#19111=CARTESIAN_POINT('',(-48.,20.,37.));
#19112=CARTESIAN_POINT('',(-48.,20.,37.));
#19113=CARTESIAN_POINT('',(-48.,20.,5.));
#19114=CARTESIAN_POINT('Origin',(-48.,-20.,5.));
#19115=CARTESIAN_POINT('',(-48.,-20.,5.));
#19116=CARTESIAN_POINT('',(-48.,-20.,37.));
#19117=CARTESIAN_POINT('Origin',(-53.,0.,37.));
#19118=CARTESIAN_POINT('Origin',(-53.,0.,5.));
#19119=CARTESIAN_POINT('',(0.,0.,0.));
#19120=CARTESIAN_POINT('Origin',(-67.1,-6.35,21.));
#19121=CARTESIAN_POINT('',(-67.,-6.35,22.25));
#19122=CARTESIAN_POINT('Origin',(-67.,-6.35,21.));
#19123=CARTESIAN_POINT('',(-61.,-6.35,22.25));
#19124=CARTESIAN_POINT('',(-67.1,-6.35,22.25));
#19125=CARTESIAN_POINT('Origin',(-61.,-6.35,21.));
#19126=CARTESIAN_POINT('Origin',(-67.1,6.35,21.));
#19127=CARTESIAN_POINT('',(-67.,6.35,22.25));
#19128=CARTESIAN_POINT('Origin',(-67.,6.35,21.));
#19129=CARTESIAN_POINT('',(-61.,6.35,22.25));
#19130=CARTESIAN_POINT('',(-67.1,6.35,22.25));
#19131=CARTESIAN_POINT('Origin',(-61.,6.35,21.));
#19132=CARTESIAN_POINT('Origin',(-67.1,0.,21.));
#19133=CARTESIAN_POINT('',(-67.,-2.44929359829471E-16,23.));
#19134=CARTESIAN_POINT('Origin',(-67.,0.,21.));
#19135=CARTESIAN_POINT('',(-61.,2.44929359829471E-16,23.));
#19136=CARTESIAN_POINT('',(-67.1,-2.44929359829471E-16,23.));
#19137=CARTESIAN_POINT('Origin',(-61.,0.,21.));
#19138=CARTESIAN_POINT('Origin',(-67.,0.,21.));
#19139=CARTESIAN_POINT('',(-61.,-9.79717439317883E-16,29.));
#19140=CARTESIAN_POINT('Origin',(-61.,0.,21.));
#19141=CARTESIAN_POINT('',(-67.,-9.79717439317883E-16,29.));
#19142=CARTESIAN_POINT('',(-67.,-9.79717439317883E-16,29.));
#19143=CARTESIAN_POINT('Origin',(-67.,0.,21.));
#19144=CARTESIAN_POINT('Origin',(-61.,0.,21.));
#19145=CARTESIAN_POINT('Origin',(-67.,0.,21.));
#19146=CARTESIAN_POINT('',(0.,0.,0.));
#19147=CARTESIAN_POINT('Origin',(9.,0.,21.));
#19148=CARTESIAN_POINT('',(58.,-1.34711147906209E-15,32.));
#19149=CARTESIAN_POINT('Origin',(58.,0.,21.));
#19150=CARTESIAN_POINT('',(9.,-1.34711147906209E-15,32.));
#19151=CARTESIAN_POINT('',(9.,-1.34711147906209E-15,32.));
#19152=CARTESIAN_POINT('Origin',(9.,0.,21.));
#19153=CARTESIAN_POINT('Origin',(58.,0.,21.));
#19154=CARTESIAN_POINT('Origin',(9.,0.,21.));
#19155=CARTESIAN_POINT('',(0.,0.,0.));
#19156=CARTESIAN_POINT('Origin',(58.,0.,21.));
#19157=CARTESIAN_POINT('',(72.,-2.44929359829471E-16,23.));
#19158=CARTESIAN_POINT('Origin',(72.,0.,21.));
#19159=CARTESIAN_POINT('',(58.,-2.44929359829471E-16,23.));
#19160=CARTESIAN_POINT('',(58.,-2.44929359829471E-16,23.));
#19161=CARTESIAN_POINT('Origin',(58.,0.,21.));
#19162=CARTESIAN_POINT('Origin',(72.,0.,21.));
#19163=CARTESIAN_POINT('Origin',(58.,0.,21.));
#19164=CARTESIAN_POINT('',(0.,0.,0.));
#19165=CARTESIAN_POINT('Origin',(57.9,10.,11.));
#19166=CARTESIAN_POINT('',(58.,10.,12.6));
#19167=CARTESIAN_POINT('Origin',(58.,10.,11.));
#19168=CARTESIAN_POINT('',(61.,10.,12.6));
#19169=CARTESIAN_POINT('',(57.9,10.,12.6));
#19170=CARTESIAN_POINT('Origin',(61.,10.,11.));
#19171=CARTESIAN_POINT('Origin',(57.9,-10.,31.));
#19172=CARTESIAN_POINT('',(58.,-10.,32.6));
#19173=CARTESIAN_POINT('Origin',(58.,-10.,31.));
#19174=CARTESIAN_POINT('',(61.,-10.,32.6));
#19175=CARTESIAN_POINT('',(57.9,-10.,32.6));
#19176=CARTESIAN_POINT('Origin',(61.,-10.,31.));
#19177=CARTESIAN_POINT('Origin',(57.9,-10.,11.));
#19178=CARTESIAN_POINT('',(58.,-10.,12.6));
#19179=CARTESIAN_POINT('Origin',(58.,-10.,11.));
#19180=CARTESIAN_POINT('',(61.,-10.,12.6));
#19181=CARTESIAN_POINT('',(57.9,-10.,12.6));
#19182=CARTESIAN_POINT('Origin',(61.,-10.,11.));
#19183=CARTESIAN_POINT('Origin',(57.9,10.,31.));
#19184=CARTESIAN_POINT('',(58.,10.,32.6));
#19185=CARTESIAN_POINT('Origin',(58.,10.,31.));
#19186=CARTESIAN_POINT('',(61.,10.,32.6));
#19187=CARTESIAN_POINT('',(57.9,10.,32.6));
#19188=CARTESIAN_POINT('Origin',(61.,10.,31.));
#19189=CARTESIAN_POINT('Origin',(57.9,0.,21.));
#19190=CARTESIAN_POINT('',(58.,-1.35935794705356E-15,32.1));
#19191=CARTESIAN_POINT('Origin',(58.,0.,21.));
#19192=CARTESIAN_POINT('',(61.,1.35935794705356E-15,32.1));
#19193=CARTESIAN_POINT('',(57.9,-1.35935794705356E-15,32.1));
#19194=CARTESIAN_POINT('Origin',(61.,0.,21.));
#19195=CARTESIAN_POINT('Origin',(61.,13.,8.));
#19196=CARTESIAN_POINT('',(61.,13.,8.));
#19197=CARTESIAN_POINT('',(58.,13.,8.));
#19198=CARTESIAN_POINT('',(61.,13.,8.));
#19199=CARTESIAN_POINT('',(58.,13.,34.));
#19200=CARTESIAN_POINT('',(58.,13.,8.));
#19201=CARTESIAN_POINT('',(61.,13.,34.));
#19202=CARTESIAN_POINT('',(61.,13.,34.));
#19203=CARTESIAN_POINT('',(61.,13.,8.));
#19204=CARTESIAN_POINT('Origin',(61.,-13.,8.));
#19205=CARTESIAN_POINT('',(61.,-13.,8.));
#19206=CARTESIAN_POINT('',(61.,-13.,8.));
#19207=CARTESIAN_POINT('',(61.,-13.,34.));
#19208=CARTESIAN_POINT('',(61.,-13.,34.));
#19209=CARTESIAN_POINT('',(61.,-13.,8.));
#19210=CARTESIAN_POINT('Origin',(58.,-13.,8.));
#19211=CARTESIAN_POINT('',(58.,-13.,8.));
#19212=CARTESIAN_POINT('',(58.,-13.,8.));
#19213=CARTESIAN_POINT('',(58.,-13.,34.));
#19214=CARTESIAN_POINT('',(58.,-13.,34.));
#19215=CARTESIAN_POINT('',(58.,-13.,8.));
#19216=CARTESIAN_POINT('Origin',(58.,13.,8.));
#19217=CARTESIAN_POINT('',(58.,13.,8.));
#19218=CARTESIAN_POINT('',(58.,13.,34.));
#19219=CARTESIAN_POINT('Origin',(59.5,0.,34.));
#19220=CARTESIAN_POINT('Origin',(59.5,0.,8.));
#19221=CARTESIAN_POINT('',(0.,0.,0.));
#19222=CARTESIAN_POINT('Origin',(53.,-19.05,30.));
#19223=CARTESIAN_POINT('',(58.,-18.,30.));
#19224=CARTESIAN_POINT('',(58.,-20.,30.));
#19225=CARTESIAN_POINT('',(58.,-19.525,30.));
#19226=CARTESIAN_POINT('',(48.,-18.,30.));
#19227=CARTESIAN_POINT('',(58.1,-18.,30.));
#19228=CARTESIAN_POINT('',(48.,-20.,30.));
#19229=CARTESIAN_POINT('',(48.,0.474999999999999,30.));
#19230=CARTESIAN_POINT('',(50.5,-20.,30.));
#19231=CARTESIAN_POINT('Origin',(58.1,-18.,30.));
#19232=CARTESIAN_POINT('',(58.,-18.,37.));
#19233=CARTESIAN_POINT('',(58.,-18.,17.5));
#19234=CARTESIAN_POINT('',(48.,-18.,37.));
#19235=CARTESIAN_POINT('',(55.55,-18.,37.));
#19236=CARTESIAN_POINT('',(48.,-18.,17.5));
#19237=CARTESIAN_POINT('Origin',(48.,-20.,5.));
#19238=CARTESIAN_POINT('',(48.,-20.,5.));
#19239=CARTESIAN_POINT('',(48.,-20.,5.));
#19240=CARTESIAN_POINT('',(58.,-20.,5.));
#19241=CARTESIAN_POINT('',(48.,-20.,5.));
#19242=CARTESIAN_POINT('',(58.,-20.,5.));
#19243=CARTESIAN_POINT('Origin',(48.,20.,5.));
#19244=CARTESIAN_POINT('',(48.,20.,37.));
#19245=CARTESIAN_POINT('',(48.,20.,37.));
#19246=CARTESIAN_POINT('',(48.,20.,5.));
#19247=CARTESIAN_POINT('',(48.,20.,5.));
#19248=CARTESIAN_POINT('',(48.,20.,5.));
#19249=CARTESIAN_POINT('',(48.,10.,12.25));
#19250=CARTESIAN_POINT('Origin',(48.,10.,11.));
#19251=CARTESIAN_POINT('',(48.,-10.,32.25));
#19252=CARTESIAN_POINT('Origin',(48.,-10.,31.));
#19253=CARTESIAN_POINT('',(48.,-10.,12.25));
#19254=CARTESIAN_POINT('Origin',(48.,-10.,11.));
#19255=CARTESIAN_POINT('',(48.,10.,32.25));
#19256=CARTESIAN_POINT('Origin',(48.,10.,31.));
#19257=CARTESIAN_POINT('',(48.,-1.35935794705356E-15,32.1));
#19258=CARTESIAN_POINT('Origin',(48.,0.,21.));
#19259=CARTESIAN_POINT('Origin',(53.,-16.,4.9));
#19260=CARTESIAN_POINT('',(51.75,-16.,5.));
#19261=CARTESIAN_POINT('Origin',(53.,-16.,5.));
#19262=CARTESIAN_POINT('',(51.75,-16.,17.));
#19263=CARTESIAN_POINT('',(51.75,-16.,4.9));
#19264=CARTESIAN_POINT('Origin',(53.,-16.,17.));
#19265=CARTESIAN_POINT('Origin',(53.,-16.,17.));
#19266=CARTESIAN_POINT('Origin',(53.,16.,4.9));
#19267=CARTESIAN_POINT('',(51.75,16.,5.));
#19268=CARTESIAN_POINT('Origin',(53.,16.,5.));
#19269=CARTESIAN_POINT('',(51.75,16.,17.));
#19270=CARTESIAN_POINT('',(51.75,16.,4.9));
#19271=CARTESIAN_POINT('Origin',(53.,16.,17.));
#19272=CARTESIAN_POINT('Origin',(53.,16.,17.));
#19273=CARTESIAN_POINT('Origin',(47.9,10.,11.));
#19274=CARTESIAN_POINT('',(58.,10.,12.25));
#19275=CARTESIAN_POINT('',(47.9,10.,12.25));
#19276=CARTESIAN_POINT('Origin',(58.,10.,11.));
#19277=CARTESIAN_POINT('Origin',(47.9,-10.,31.));
#19278=CARTESIAN_POINT('',(58.,-10.,32.25));
#19279=CARTESIAN_POINT('',(47.9,-10.,32.25));
#19280=CARTESIAN_POINT('Origin',(58.,-10.,31.));
#19281=CARTESIAN_POINT('Origin',(47.9,-10.,11.));
#19282=CARTESIAN_POINT('',(58.,-10.,12.25));
#19283=CARTESIAN_POINT('',(47.9,-10.,12.25));
#19284=CARTESIAN_POINT('Origin',(58.,-10.,11.));
#19285=CARTESIAN_POINT('Origin',(47.9,10.,31.));
#19286=CARTESIAN_POINT('',(58.,10.,32.25));
#19287=CARTESIAN_POINT('',(47.9,10.,32.25));
#19288=CARTESIAN_POINT('Origin',(58.,10.,31.));
#19289=CARTESIAN_POINT('Origin',(47.9,0.,21.));
#19290=CARTESIAN_POINT('',(58.,1.35935794705356E-15,32.1));
#19291=CARTESIAN_POINT('',(47.9,-1.35935794705356E-15,32.1));
#19292=CARTESIAN_POINT('Origin',(58.,0.,21.));
#19293=CARTESIAN_POINT('Origin',(58.,20.,5.));
#19294=CARTESIAN_POINT('',(58.,20.,5.));
#19295=CARTESIAN_POINT('',(58.,20.,5.));
#19296=CARTESIAN_POINT('',(58.,20.,37.));
#19297=CARTESIAN_POINT('',(58.,20.,37.));
#19298=CARTESIAN_POINT('',(58.,20.,5.));
#19299=CARTESIAN_POINT('Origin',(58.,-20.,5.));
#19300=CARTESIAN_POINT('',(58.,-20.,5.));
#19301=CARTESIAN_POINT('',(58.,-20.,37.));
#19302=CARTESIAN_POINT('Origin',(53.,0.,37.));
#19303=CARTESIAN_POINT('Origin',(53.,0.,5.));
#19304=CARTESIAN_POINT('',(0.,0.,0.));
#19305=CARTESIAN_POINT('Origin',(60.9,-6.35,21.));
#19306=CARTESIAN_POINT('',(61.,-6.35,22.25));
#19307=CARTESIAN_POINT('Origin',(61.,-6.35,21.));
#19308=CARTESIAN_POINT('',(67.,-6.35,22.25));
#19309=CARTESIAN_POINT('',(60.9,-6.35,22.25));
#19310=CARTESIAN_POINT('Origin',(67.,-6.35,21.));
#19311=CARTESIAN_POINT('Origin',(60.9,6.35,21.));
#19312=CARTESIAN_POINT('',(61.,6.35,22.25));
#19313=CARTESIAN_POINT('Origin',(61.,6.35,21.));
#19314=CARTESIAN_POINT('',(67.,6.35,22.25));
#19315=CARTESIAN_POINT('',(60.9,6.35,22.25));
#19316=CARTESIAN_POINT('Origin',(67.,6.35,21.));
#19317=CARTESIAN_POINT('Origin',(60.9,0.,21.));
#19318=CARTESIAN_POINT('',(61.,-2.44929359829471E-16,23.));
#19319=CARTESIAN_POINT('Origin',(61.,0.,21.));
#19320=CARTESIAN_POINT('',(67.,2.44929359829471E-16,23.));
#19321=CARTESIAN_POINT('',(60.9,-2.44929359829471E-16,23.));
#19322=CARTESIAN_POINT('Origin',(67.,0.,21.));
#19323=CARTESIAN_POINT('Origin',(61.,0.,21.));
#19324=CARTESIAN_POINT('',(67.,-9.79717439317883E-16,29.));
#19325=CARTESIAN_POINT('Origin',(67.,0.,21.));
#19326=CARTESIAN_POINT('',(61.,-9.79717439317883E-16,29.));
#19327=CARTESIAN_POINT('',(61.,-9.79717439317883E-16,29.));
#19328=CARTESIAN_POINT('Origin',(61.,0.,21.));
#19329=CARTESIAN_POINT('Origin',(67.,0.,21.));
#19330=CARTESIAN_POINT('Origin',(61.,0.,21.));
#19331=CARTESIAN_POINT('',(0.,0.,0.));
#19332=CARTESIAN_POINT('',(0.,0.,0.));
#19333=CARTESIAN_POINT('',(0.,0.,0.));
#19334=CARTESIAN_POINT('',(0.,0.,0.));
#19335=CARTESIAN_POINT('',(0.,0.,0.));
#19336=CARTESIAN_POINT('',(0.,0.,0.));
#19337=CARTESIAN_POINT('',(0.,0.,0.));
#19338=CARTESIAN_POINT('',(0.,0.,0.));
#19339=CARTESIAN_POINT('',(0.,0.,0.));
#19340=CARTESIAN_POINT('',(0.,0.,0.));
#19341=CARTESIAN_POINT('',(0.,0.,0.));
#19342=CARTESIAN_POINT('',(0.,0.,0.));
#19343=CARTESIAN_POINT('Origin',(67.9,-48.,64.6));
#19344=CARTESIAN_POINT('',(67.9,-48.,65.85));
#19345=CARTESIAN_POINT('Origin',(67.9,-48.,64.6));
#19346=CARTESIAN_POINT('',(78.,-48.,65.85));
#19347=CARTESIAN_POINT('',(67.9,-48.,65.85));
#19348=CARTESIAN_POINT('Origin',(78.,-48.,64.6));
#19349=CARTESIAN_POINT('Origin',(67.9,-48.,64.6));
#19350=CARTESIAN_POINT('Origin',(-78.1,-48.,64.6));
#19351=CARTESIAN_POINT('',(-78.,-48.,65.85));
#19352=CARTESIAN_POINT('Origin',(-78.,-48.,64.6));
#19353=CARTESIAN_POINT('',(-67.9,-48.,65.85));
#19354=CARTESIAN_POINT('',(-78.1,-48.,65.85));
#19355=CARTESIAN_POINT('Origin',(-67.9,-48.,64.6));
#19356=CARTESIAN_POINT('Origin',(-67.9,-48.,64.6));
#19357=CARTESIAN_POINT('Origin',(78.,-45.,61.6));
#19358=CARTESIAN_POINT('',(78.,-45.,61.6));
#19359=CARTESIAN_POINT('',(-78.,-45.,61.6));
#19360=CARTESIAN_POINT('',(78.,-45.,61.6));
#19361=CARTESIAN_POINT('',(-78.,-45.,67.6));
#19362=CARTESIAN_POINT('',(-78.,-45.,61.6));
#19363=CARTESIAN_POINT('',(78.,-45.,67.6));
#19364=CARTESIAN_POINT('',(78.,-45.,67.6));
#19365=CARTESIAN_POINT('',(78.,-45.,61.6));
#19366=CARTESIAN_POINT('Origin',(78.,-51.,61.6));
#19367=CARTESIAN_POINT('',(78.,-51.,61.6));
#19368=CARTESIAN_POINT('',(78.,-51.,61.6));
#19369=CARTESIAN_POINT('',(78.,-51.,67.6));
#19370=CARTESIAN_POINT('',(78.,-51.,67.6));
#19371=CARTESIAN_POINT('',(78.,-51.,61.6));
#19372=CARTESIAN_POINT('Origin',(-78.,-51.,61.6));
#19373=CARTESIAN_POINT('',(-78.,-51.,61.6));
#19374=CARTESIAN_POINT('',(-78.,-51.,61.6));
#19375=CARTESIAN_POINT('',(-78.,-51.,67.6));
#19376=CARTESIAN_POINT('',(-78.,-51.,67.6));
#19377=CARTESIAN_POINT('',(-78.,-51.,61.6));
#19378=CARTESIAN_POINT('Origin',(-78.,-45.,61.6));
#19379=CARTESIAN_POINT('',(-78.,-45.,61.6));
#19380=CARTESIAN_POINT('',(-78.,-45.,67.6));
#19381=CARTESIAN_POINT('Origin',(0.,-48.,67.6));
#19382=CARTESIAN_POINT('Origin',(0.,-48.,61.6));
#19383=CARTESIAN_POINT('',(0.,0.,0.));
#19384=CARTESIAN_POINT('Origin',(67.9,-28.,64.6));
#19385=CARTESIAN_POINT('',(67.9,-28.,65.85));
#19386=CARTESIAN_POINT('Origin',(67.9,-28.,64.6));
#19387=CARTESIAN_POINT('',(78.,-28.,65.85));
#19388=CARTESIAN_POINT('',(67.9,-28.,65.85));
#19389=CARTESIAN_POINT('Origin',(78.,-28.,64.6));
#19390=CARTESIAN_POINT('Origin',(67.9,-28.,64.6));
#19391=CARTESIAN_POINT('Origin',(-78.1,-28.,64.6));
#19392=CARTESIAN_POINT('',(-78.,-28.,65.85));
#19393=CARTESIAN_POINT('Origin',(-78.,-28.,64.6));
#19394=CARTESIAN_POINT('',(-67.9,-28.,65.85));
#19395=CARTESIAN_POINT('',(-78.1,-28.,65.85));
#19396=CARTESIAN_POINT('Origin',(-67.9,-28.,64.6));
#19397=CARTESIAN_POINT('Origin',(-67.9,-28.,64.6));
#19398=CARTESIAN_POINT('Origin',(78.,-25.,61.6));
#19399=CARTESIAN_POINT('',(78.,-25.,61.6));
#19400=CARTESIAN_POINT('',(-78.,-25.,61.6));
#19401=CARTESIAN_POINT('',(78.,-25.,61.6));
#19402=CARTESIAN_POINT('',(-78.,-25.,67.6));
#19403=CARTESIAN_POINT('',(-78.,-25.,61.6));
#19404=CARTESIAN_POINT('',(78.,-25.,67.6));
#19405=CARTESIAN_POINT('',(78.,-25.,67.6));
#19406=CARTESIAN_POINT('',(78.,-25.,61.6));
#19407=CARTESIAN_POINT('Origin',(78.,-31.,61.6));
#19408=CARTESIAN_POINT('',(78.,-31.,61.6));
#19409=CARTESIAN_POINT('',(78.,-31.,61.6));
#19410=CARTESIAN_POINT('',(78.,-31.,67.6));
#19411=CARTESIAN_POINT('',(78.,-31.,67.6));
#19412=CARTESIAN_POINT('',(78.,-31.,61.6));
#19413=CARTESIAN_POINT('Origin',(-78.,-31.,61.6));
#19414=CARTESIAN_POINT('',(-78.,-31.,61.6));
#19415=CARTESIAN_POINT('',(-78.,-31.,61.6));
#19416=CARTESIAN_POINT('',(-78.,-31.,67.6));
#19417=CARTESIAN_POINT('',(-78.,-31.,67.6));
#19418=CARTESIAN_POINT('',(-78.,-31.,61.6));
#19419=CARTESIAN_POINT('Origin',(-78.,-25.,61.6));
#19420=CARTESIAN_POINT('',(-78.,-25.,61.6));
#19421=CARTESIAN_POINT('',(-78.,-25.,67.6));
#19422=CARTESIAN_POINT('Origin',(0.,-28.,67.6));
#19423=CARTESIAN_POINT('Origin',(0.,-28.,61.6));
#19424=CARTESIAN_POINT('',(0.,0.,0.));
#19425=CARTESIAN_POINT('',(0.,0.,0.));
#19426=CARTESIAN_POINT('',(0.,0.,0.));
#19427=CARTESIAN_POINT('',(0.,0.,0.));
#19428=CARTESIAN_POINT('',(0.,0.,0.));
#19429=CARTESIAN_POINT('',(0.,0.,0.));
#19430=CARTESIAN_POINT('',(0.,2.05391259555654E-15,0.));
#19431=CARTESIAN_POINT('',(0.,0.,0.));
#19432=CARTESIAN_POINT('',(0.,0.,0.));
#19433=UNCERTAINTY_MEASURE_WITH_UNIT(LENGTH_MEASURE(0.01),#19569,
'DISTANCE_ACCURACY_VALUE',
'Maximum model space distance between geometric entities at asserted c
onnectivities');
#19434=UNCERTAINTY_MEASURE_WITH_UNIT(LENGTH_MEASURE(0.01),#19569,
'DISTANCE_ACCURACY_VALUE',
'Maximum model space distance between geometric entities at asserted c
onnectivities');
#19435=UNCERTAINTY_MEASURE_WITH_UNIT(LENGTH_MEASURE(0.01),#19569,
'DISTANCE_ACCURACY_VALUE',
'Maximum model space distance between geometric entities at asserted c
onnectivities');
#19436=UNCERTAINTY_MEASURE_WITH_UNIT(LENGTH_MEASURE(0.01),#19569,
'DISTANCE_ACCURACY_VALUE',
'Maximum model space distance between geometric entities at asserted c
onnectivities');
#19437=UNCERTAINTY_MEASURE_WITH_UNIT(LENGTH_MEASURE(0.01),#19569,
'DISTANCE_ACCURACY_VALUE',
'Maximum model space distance between geometric entities at asserted c
onnectivities');
#19438=UNCERTAINTY_MEASURE_WITH_UNIT(LENGTH_MEASURE(0.01),#19569,
'DISTANCE_ACCURACY_VALUE',
'Maximum model space distance between geometric entities at asserted c
onnectivities');
#19439=UNCERTAINTY_MEASURE_WITH_UNIT(LENGTH_MEASURE(0.01),#19569,
'DISTANCE_ACCURACY_VALUE',
'Maximum model space distance between geometric entities at asserted c
onnectivities');
#19440=UNCERTAINTY_MEASURE_WITH_UNIT(LENGTH_MEASURE(0.01),#19569,
'DISTANCE_ACCURACY_VALUE',
'Maximum model space distance between geometric entities at asserted c
onnectivities');
#19441=UNCERTAINTY_MEASURE_WITH_UNIT(LENGTH_MEASURE(0.01),#19569,
'DISTANCE_ACCURACY_VALUE',
'Maximum model space distance between geometric entities at asserted c
onnectivities');
#19442=UNCERTAINTY_MEASURE_WITH_UNIT(LENGTH_MEASURE(0.01),#19569,
'DISTANCE_ACCURACY_VALUE',
'Maximum model space distance between geometric entities at asserted c
onnectivities');
#19443=UNCERTAINTY_MEASURE_WITH_UNIT(LENGTH_MEASURE(0.01),#19569,
'DISTANCE_ACCURACY_VALUE',
'Maximum model space distance between geometric entities at asserted c
onnectivities');
#19444=UNCERTAINTY_MEASURE_WITH_UNIT(LENGTH_MEASURE(0.01),#19569,
'DISTANCE_ACCURACY_VALUE',
'Maximum model space distance between geometric entities at asserted c
onnectivities');
#19445=UNCERTAINTY_MEASURE_WITH_UNIT(LENGTH_MEASURE(0.01),#19569,
'DISTANCE_ACCURACY_VALUE',
'Maximum model space distance between geometric entities at asserted c
onnectivities');
#19446=UNCERTAINTY_MEASURE_WITH_UNIT(LENGTH_MEASURE(0.01),#19569,
'DISTANCE_ACCURACY_VALUE',
'Maximum model space distance between geometric entities at asserted c
onnectivities');
#19447=UNCERTAINTY_MEASURE_WITH_UNIT(LENGTH_MEASURE(0.01),#19569,
'DISTANCE_ACCURACY_VALUE',
'Maximum model space distance between geometric entities at asserted c
onnectivities');
#19448=UNCERTAINTY_MEASURE_WITH_UNIT(LENGTH_MEASURE(0.01),#19569,
'DISTANCE_ACCURACY_VALUE',
'Maximum model space distance between geometric entities at asserted c
onnectivities');
#19449=UNCERTAINTY_MEASURE_WITH_UNIT(LENGTH_MEASURE(0.01),#19569,
'DISTANCE_ACCURACY_VALUE',
'Maximum model space distance between geometric entities at asserted c
onnectivities');
#19450=UNCERTAINTY_MEASURE_WITH_UNIT(LENGTH_MEASURE(0.01),#19569,
'DISTANCE_ACCURACY_VALUE',
'Maximum model space distance between geometric entities at asserted c
onnectivities');
#19451=UNCERTAINTY_MEASURE_WITH_UNIT(LENGTH_MEASURE(0.01),#19569,
'DISTANCE_ACCURACY_VALUE',
'Maximum model space distance between geometric entities at asserted c
onnectivities');
#19452=UNCERTAINTY_MEASURE_WITH_UNIT(LENGTH_MEASURE(0.01),#19569,
'DISTANCE_ACCURACY_VALUE',
'Maximum model space distance between geometric entities at asserted c
onnectivities');
#19453=UNCERTAINTY_MEASURE_WITH_UNIT(LENGTH_MEASURE(0.01),#19569,
'DISTANCE_ACCURACY_VALUE',
'Maximum model space distance between geometric entities at asserted c
onnectivities');
#19454=UNCERTAINTY_MEASURE_WITH_UNIT(LENGTH_MEASURE(0.01),#19569,
'DISTANCE_ACCURACY_VALUE',
'Maximum model space distance between geometric entities at asserted c
onnectivities');
#19455=UNCERTAINTY_MEASURE_WITH_UNIT(LENGTH_MEASURE(0.01),#19569,
'DISTANCE_ACCURACY_VALUE',
'Maximum model space distance between geometric entities at asserted c
onnectivities');
#19456=UNCERTAINTY_MEASURE_WITH_UNIT(LENGTH_MEASURE(0.01),#19569,
'DISTANCE_ACCURACY_VALUE',
'Maximum model space distance between geometric entities at asserted c
onnectivities');
#19457=UNCERTAINTY_MEASURE_WITH_UNIT(LENGTH_MEASURE(0.01),#19569,
'DISTANCE_ACCURACY_VALUE',
'Maximum model space distance between geometric entities at asserted c
onnectivities');
#19458=UNCERTAINTY_MEASURE_WITH_UNIT(LENGTH_MEASURE(0.01),#19569,
'DISTANCE_ACCURACY_VALUE',
'Maximum model space distance between geometric entities at asserted c
onnectivities');
#19459=UNCERTAINTY_MEASURE_WITH_UNIT(LENGTH_MEASURE(0.01),#19569,
'DISTANCE_ACCURACY_VALUE',
'Maximum model space distance between geometric entities at asserted c
onnectivities');
#19460=UNCERTAINTY_MEASURE_WITH_UNIT(LENGTH_MEASURE(0.01),#19569,
'DISTANCE_ACCURACY_VALUE',
'Maximum model space distance between geometric entities at asserted c
onnectivities');
#19461=UNCERTAINTY_MEASURE_WITH_UNIT(LENGTH_MEASURE(0.01),#19569,
'DISTANCE_ACCURACY_VALUE',
'Maximum model space distance between geometric entities at asserted c
onnectivities');
#19462=UNCERTAINTY_MEASURE_WITH_UNIT(LENGTH_MEASURE(0.01),#19569,
'DISTANCE_ACCURACY_VALUE',
'Maximum model space distance between geometric entities at asserted c
onnectivities');
#19463=UNCERTAINTY_MEASURE_WITH_UNIT(LENGTH_MEASURE(0.01),#19569,
'DISTANCE_ACCURACY_VALUE',
'Maximum model space distance between geometric entities at asserted c
onnectivities');
#19464=UNCERTAINTY_MEASURE_WITH_UNIT(LENGTH_MEASURE(0.01),#19569,
'DISTANCE_ACCURACY_VALUE',
'Maximum model space distance between geometric entities at asserted c
onnectivities');
#19465=UNCERTAINTY_MEASURE_WITH_UNIT(LENGTH_MEASURE(0.01),#19569,
'DISTANCE_ACCURACY_VALUE',
'Maximum model space distance between geometric entities at asserted c
onnectivities');
#19466=UNCERTAINTY_MEASURE_WITH_UNIT(LENGTH_MEASURE(0.01),#19569,
'DISTANCE_ACCURACY_VALUE',
'Maximum model space distance between geometric entities at asserted c
onnectivities');
#19467=UNCERTAINTY_MEASURE_WITH_UNIT(LENGTH_MEASURE(0.01),#19569,
'DISTANCE_ACCURACY_VALUE',
'Maximum model space distance between geometric entities at asserted c
onnectivities');
#19468=UNCERTAINTY_MEASURE_WITH_UNIT(LENGTH_MEASURE(0.01),#19569,
'DISTANCE_ACCURACY_VALUE',
'Maximum model space distance between geometric entities at asserted c
onnectivities');
#19469=UNCERTAINTY_MEASURE_WITH_UNIT(LENGTH_MEASURE(0.01),#19569,
'DISTANCE_ACCURACY_VALUE',
'Maximum model space distance between geometric entities at asserted c
onnectivities');
#19470=UNCERTAINTY_MEASURE_WITH_UNIT(LENGTH_MEASURE(0.01),#19569,
'DISTANCE_ACCURACY_VALUE',
'Maximum model space distance between geometric entities at asserted c
onnectivities');
#19471=UNCERTAINTY_MEASURE_WITH_UNIT(LENGTH_MEASURE(0.01),#19569,
'DISTANCE_ACCURACY_VALUE',
'Maximum model space distance between geometric entities at asserted c
onnectivities');
#19472=UNCERTAINTY_MEASURE_WITH_UNIT(LENGTH_MEASURE(0.01),#19569,
'DISTANCE_ACCURACY_VALUE',
'Maximum model space distance between geometric entities at asserted c
onnectivities');
#19473=UNCERTAINTY_MEASURE_WITH_UNIT(LENGTH_MEASURE(0.01),#19569,
'DISTANCE_ACCURACY_VALUE',
'Maximum model space distance between geometric entities at asserted c
onnectivities');
#19474=UNCERTAINTY_MEASURE_WITH_UNIT(LENGTH_MEASURE(0.01),#19569,
'DISTANCE_ACCURACY_VALUE',
'Maximum model space distance between geometric entities at asserted c
onnectivities');
#19475=UNCERTAINTY_MEASURE_WITH_UNIT(LENGTH_MEASURE(0.01),#19569,
'DISTANCE_ACCURACY_VALUE',
'Maximum model space distance between geometric entities at asserted c
onnectivities');
#19476=UNCERTAINTY_MEASURE_WITH_UNIT(LENGTH_MEASURE(0.01),#19569,
'DISTANCE_ACCURACY_VALUE',
'Maximum model space distance between geometric entities at asserted c
onnectivities');
#19477=UNCERTAINTY_MEASURE_WITH_UNIT(LENGTH_MEASURE(0.01),#19569,
'DISTANCE_ACCURACY_VALUE',
'Maximum model space distance between geometric entities at asserted c
onnectivities');
#19478=UNCERTAINTY_MEASURE_WITH_UNIT(LENGTH_MEASURE(0.01),#19569,
'DISTANCE_ACCURACY_VALUE',
'Maximum model space distance between geometric entities at asserted c
onnectivities');
#19479=UNCERTAINTY_MEASURE_WITH_UNIT(LENGTH_MEASURE(0.01),#19569,
'DISTANCE_ACCURACY_VALUE',
'Maximum model space distance between geometric entities at asserted c
onnectivities');
#19480=UNCERTAINTY_MEASURE_WITH_UNIT(LENGTH_MEASURE(0.01),#19569,
'DISTANCE_ACCURACY_VALUE',
'Maximum model space distance between geometric entities at asserted c
onnectivities');
#19481=UNCERTAINTY_MEASURE_WITH_UNIT(LENGTH_MEASURE(0.01),#19569,
'DISTANCE_ACCURACY_VALUE',
'Maximum model space distance between geometric entities at asserted c
onnectivities');
#19482=UNCERTAINTY_MEASURE_WITH_UNIT(LENGTH_MEASURE(0.01),#19569,
'DISTANCE_ACCURACY_VALUE',
'Maximum model space distance between geometric entities at asserted c
onnectivities');
#19483=UNCERTAINTY_MEASURE_WITH_UNIT(LENGTH_MEASURE(0.01),#19569,
'DISTANCE_ACCURACY_VALUE',
'Maximum model space distance between geometric entities at asserted c
onnectivities');
#19484=UNCERTAINTY_MEASURE_WITH_UNIT(LENGTH_MEASURE(0.01),#19569,
'DISTANCE_ACCURACY_VALUE',
'Maximum model space distance between geometric entities at asserted c
onnectivities');
#19485=UNCERTAINTY_MEASURE_WITH_UNIT(LENGTH_MEASURE(0.01),#19569,
'DISTANCE_ACCURACY_VALUE',
'Maximum model space distance between geometric entities at asserted c
onnectivities');
#19486=UNCERTAINTY_MEASURE_WITH_UNIT(LENGTH_MEASURE(0.01),#19569,
'DISTANCE_ACCURACY_VALUE',
'Maximum model space distance between geometric entities at asserted c
onnectivities');
#19487=UNCERTAINTY_MEASURE_WITH_UNIT(LENGTH_MEASURE(0.01),#19569,
'DISTANCE_ACCURACY_VALUE',
'Maximum model space distance between geometric entities at asserted c
onnectivities');
#19488=UNCERTAINTY_MEASURE_WITH_UNIT(LENGTH_MEASURE(0.01),#19569,
'DISTANCE_ACCURACY_VALUE',
'Maximum model space distance between geometric entities at asserted c
onnectivities');
#19489=UNCERTAINTY_MEASURE_WITH_UNIT(LENGTH_MEASURE(0.01),#19569,
'DISTANCE_ACCURACY_VALUE',
'Maximum model space distance between geometric entities at asserted c
onnectivities');
#19490=UNCERTAINTY_MEASURE_WITH_UNIT(LENGTH_MEASURE(0.01),#19569,
'DISTANCE_ACCURACY_VALUE',
'Maximum model space distance between geometric entities at asserted c
onnectivities');
#19491=UNCERTAINTY_MEASURE_WITH_UNIT(LENGTH_MEASURE(0.01),#19569,
'DISTANCE_ACCURACY_VALUE',
'Maximum model space distance between geometric entities at asserted c
onnectivities');
#19492=UNCERTAINTY_MEASURE_WITH_UNIT(LENGTH_MEASURE(0.01),#19569,
'DISTANCE_ACCURACY_VALUE',
'Maximum model space distance between geometric entities at asserted c
onnectivities');
#19493=UNCERTAINTY_MEASURE_WITH_UNIT(LENGTH_MEASURE(0.01),#19569,
'DISTANCE_ACCURACY_VALUE',
'Maximum model space distance between geometric entities at asserted c
onnectivities');
#19494=UNCERTAINTY_MEASURE_WITH_UNIT(LENGTH_MEASURE(0.01),#19569,
'DISTANCE_ACCURACY_VALUE',
'Maximum model space distance between geometric entities at asserted c
onnectivities');
#19495=UNCERTAINTY_MEASURE_WITH_UNIT(LENGTH_MEASURE(0.01),#19569,
'DISTANCE_ACCURACY_VALUE',
'Maximum model space distance between geometric entities at asserted c
onnectivities');
#19496=UNCERTAINTY_MEASURE_WITH_UNIT(LENGTH_MEASURE(0.01),#19569,
'DISTANCE_ACCURACY_VALUE',
'Maximum model space distance between geometric entities at asserted c
onnectivities');
#19497=UNCERTAINTY_MEASURE_WITH_UNIT(LENGTH_MEASURE(0.01),#19569,
'DISTANCE_ACCURACY_VALUE',
'Maximum model space distance between geometric entities at asserted c
onnectivities');
#19498=UNCERTAINTY_MEASURE_WITH_UNIT(LENGTH_MEASURE(0.01),#19569,
'DISTANCE_ACCURACY_VALUE',
'Maximum model space distance between geometric entities at asserted c
onnectivities');
#19499=UNCERTAINTY_MEASURE_WITH_UNIT(LENGTH_MEASURE(0.01),#19569,
'DISTANCE_ACCURACY_VALUE',
'Maximum model space distance between geometric entities at asserted c
onnectivities');
#19500=UNCERTAINTY_MEASURE_WITH_UNIT(LENGTH_MEASURE(0.01),#19569,
'DISTANCE_ACCURACY_VALUE',
'Maximum model space distance between geometric entities at asserted c
onnectivities');
#19501=(
GEOMETRIC_REPRESENTATION_CONTEXT(3)
GLOBAL_UNCERTAINTY_ASSIGNED_CONTEXT((#19433))
GLOBAL_UNIT_ASSIGNED_CONTEXT((#19569,#19571,#19572))
REPRESENTATION_CONTEXT('','3D')
);
#19502=(
GEOMETRIC_REPRESENTATION_CONTEXT(3)
GLOBAL_UNCERTAINTY_ASSIGNED_CONTEXT((#19434))
GLOBAL_UNIT_ASSIGNED_CONTEXT((#19569,#19571,#19572))
REPRESENTATION_CONTEXT('','3D')
);
#19503=(
GEOMETRIC_REPRESENTATION_CONTEXT(3)
GLOBAL_UNCERTAINTY_ASSIGNED_CONTEXT((#19435))
GLOBAL_UNIT_ASSIGNED_CONTEXT((#19569,#19571,#19572))
REPRESENTATION_CONTEXT('','3D')
);
#19504=(
GEOMETRIC_REPRESENTATION_CONTEXT(3)
GLOBAL_UNCERTAINTY_ASSIGNED_CONTEXT((#19436))
GLOBAL_UNIT_ASSIGNED_CONTEXT((#19569,#19571,#19572))
REPRESENTATION_CONTEXT('','3D')
);
#19505=(
GEOMETRIC_REPRESENTATION_CONTEXT(3)
GLOBAL_UNCERTAINTY_ASSIGNED_CONTEXT((#19437))
GLOBAL_UNIT_ASSIGNED_CONTEXT((#19569,#19571,#19572))
REPRESENTATION_CONTEXT('','3D')
);
#19506=(
GEOMETRIC_REPRESENTATION_CONTEXT(3)
GLOBAL_UNCERTAINTY_ASSIGNED_CONTEXT((#19438))
GLOBAL_UNIT_ASSIGNED_CONTEXT((#19569,#19571,#19572))
REPRESENTATION_CONTEXT('','3D')
);
#19507=(
GEOMETRIC_REPRESENTATION_CONTEXT(3)
GLOBAL_UNCERTAINTY_ASSIGNED_CONTEXT((#19439))
GLOBAL_UNIT_ASSIGNED_CONTEXT((#19569,#19571,#19572))
REPRESENTATION_CONTEXT('','3D')
);
#19508=(
GEOMETRIC_REPRESENTATION_CONTEXT(3)
GLOBAL_UNCERTAINTY_ASSIGNED_CONTEXT((#19440))
GLOBAL_UNIT_ASSIGNED_CONTEXT((#19569,#19571,#19572))
REPRESENTATION_CONTEXT('','3D')
);
#19509=(
GEOMETRIC_REPRESENTATION_CONTEXT(3)
GLOBAL_UNCERTAINTY_ASSIGNED_CONTEXT((#19441))
GLOBAL_UNIT_ASSIGNED_CONTEXT((#19569,#19571,#19572))
REPRESENTATION_CONTEXT('','3D')
);
#19510=(
GEOMETRIC_REPRESENTATION_CONTEXT(3)
GLOBAL_UNCERTAINTY_ASSIGNED_CONTEXT((#19442))
GLOBAL_UNIT_ASSIGNED_CONTEXT((#19569,#19571,#19572))
REPRESENTATION_CONTEXT('','3D')
);
#19511=(
GEOMETRIC_REPRESENTATION_CONTEXT(3)
GLOBAL_UNCERTAINTY_ASSIGNED_CONTEXT((#19443))
GLOBAL_UNIT_ASSIGNED_CONTEXT((#19569,#19571,#19572))
REPRESENTATION_CONTEXT('','3D')
);
#19512=(
GEOMETRIC_REPRESENTATION_CONTEXT(3)
GLOBAL_UNCERTAINTY_ASSIGNED_CONTEXT((#19444))
GLOBAL_UNIT_ASSIGNED_CONTEXT((#19569,#19571,#19572))
REPRESENTATION_CONTEXT('','3D')
);
#19513=(
GEOMETRIC_REPRESENTATION_CONTEXT(3)
GLOBAL_UNCERTAINTY_ASSIGNED_CONTEXT((#19445))
GLOBAL_UNIT_ASSIGNED_CONTEXT((#19569,#19571,#19572))
REPRESENTATION_CONTEXT('','3D')
);
#19514=(
GEOMETRIC_REPRESENTATION_CONTEXT(3)
GLOBAL_UNCERTAINTY_ASSIGNED_CONTEXT((#19446))
GLOBAL_UNIT_ASSIGNED_CONTEXT((#19569,#19571,#19572))
REPRESENTATION_CONTEXT('','3D')
);
#19515=(
GEOMETRIC_REPRESENTATION_CONTEXT(3)
GLOBAL_UNCERTAINTY_ASSIGNED_CONTEXT((#19447))
GLOBAL_UNIT_ASSIGNED_CONTEXT((#19569,#19571,#19572))
REPRESENTATION_CONTEXT('','3D')
);
#19516=(
GEOMETRIC_REPRESENTATION_CONTEXT(3)
GLOBAL_UNCERTAINTY_ASSIGNED_CONTEXT((#19448))
GLOBAL_UNIT_ASSIGNED_CONTEXT((#19569,#19571,#19572))
REPRESENTATION_CONTEXT('','3D')
);
#19517=(
GEOMETRIC_REPRESENTATION_CONTEXT(3)
GLOBAL_UNCERTAINTY_ASSIGNED_CONTEXT((#19449))
GLOBAL_UNIT_ASSIGNED_CONTEXT((#19569,#19571,#19572))
REPRESENTATION_CONTEXT('','3D')
);
#19518=(
GEOMETRIC_REPRESENTATION_CONTEXT(3)
GLOBAL_UNCERTAINTY_ASSIGNED_CONTEXT((#19450))
GLOBAL_UNIT_ASSIGNED_CONTEXT((#19569,#19571,#19572))
REPRESENTATION_CONTEXT('','3D')
);
#19519=(
GEOMETRIC_REPRESENTATION_CONTEXT(3)
GLOBAL_UNCERTAINTY_ASSIGNED_CONTEXT((#19451))
GLOBAL_UNIT_ASSIGNED_CONTEXT((#19569,#19571,#19572))
REPRESENTATION_CONTEXT('','3D')
);
#19520=(
GEOMETRIC_REPRESENTATION_CONTEXT(3)
GLOBAL_UNCERTAINTY_ASSIGNED_CONTEXT((#19452))
GLOBAL_UNIT_ASSIGNED_CONTEXT((#19569,#19571,#19572))
REPRESENTATION_CONTEXT('','3D')
);
#19521=(
GEOMETRIC_REPRESENTATION_CONTEXT(3)
GLOBAL_UNCERTAINTY_ASSIGNED_CONTEXT((#19453))
GLOBAL_UNIT_ASSIGNED_CONTEXT((#19569,#19571,#19572))
REPRESENTATION_CONTEXT('','3D')
);
#19522=(
GEOMETRIC_REPRESENTATION_CONTEXT(3)
GLOBAL_UNCERTAINTY_ASSIGNED_CONTEXT((#19454))
GLOBAL_UNIT_ASSIGNED_CONTEXT((#19569,#19571,#19572))
REPRESENTATION_CONTEXT('','3D')
);
#19523=(
GEOMETRIC_REPRESENTATION_CONTEXT(3)
GLOBAL_UNCERTAINTY_ASSIGNED_CONTEXT((#19455))
GLOBAL_UNIT_ASSIGNED_CONTEXT((#19569,#19571,#19572))
REPRESENTATION_CONTEXT('','3D')
);
#19524=(
GEOMETRIC_REPRESENTATION_CONTEXT(3)
GLOBAL_UNCERTAINTY_ASSIGNED_CONTEXT((#19456))
GLOBAL_UNIT_ASSIGNED_CONTEXT((#19569,#19571,#19572))
REPRESENTATION_CONTEXT('','3D')
);
#19525=(
GEOMETRIC_REPRESENTATION_CONTEXT(3)
GLOBAL_UNCERTAINTY_ASSIGNED_CONTEXT((#19457))
GLOBAL_UNIT_ASSIGNED_CONTEXT((#19569,#19571,#19572))
REPRESENTATION_CONTEXT('','3D')
);
#19526=(
GEOMETRIC_REPRESENTATION_CONTEXT(3)
GLOBAL_UNCERTAINTY_ASSIGNED_CONTEXT((#19458))
GLOBAL_UNIT_ASSIGNED_CONTEXT((#19569,#19571,#19572))
REPRESENTATION_CONTEXT('','3D')
);
#19527=(
GEOMETRIC_REPRESENTATION_CONTEXT(3)
GLOBAL_UNCERTAINTY_ASSIGNED_CONTEXT((#19459))
GLOBAL_UNIT_ASSIGNED_CONTEXT((#19569,#19571,#19572))
REPRESENTATION_CONTEXT('','3D')
);
#19528=(
GEOMETRIC_REPRESENTATION_CONTEXT(3)
GLOBAL_UNCERTAINTY_ASSIGNED_CONTEXT((#19460))
GLOBAL_UNIT_ASSIGNED_CONTEXT((#19569,#19571,#19572))
REPRESENTATION_CONTEXT('','3D')
);
#19529=(
GEOMETRIC_REPRESENTATION_CONTEXT(3)
GLOBAL_UNCERTAINTY_ASSIGNED_CONTEXT((#19461))
GLOBAL_UNIT_ASSIGNED_CONTEXT((#19569,#19571,#19572))
REPRESENTATION_CONTEXT('','3D')
);
#19530=(
GEOMETRIC_REPRESENTATION_CONTEXT(3)
GLOBAL_UNCERTAINTY_ASSIGNED_CONTEXT((#19462))
GLOBAL_UNIT_ASSIGNED_CONTEXT((#19569,#19571,#19572))
REPRESENTATION_CONTEXT('','3D')
);
#19531=(
GEOMETRIC_REPRESENTATION_CONTEXT(3)
GLOBAL_UNCERTAINTY_ASSIGNED_CONTEXT((#19463))
GLOBAL_UNIT_ASSIGNED_CONTEXT((#19569,#19571,#19572))
REPRESENTATION_CONTEXT('','3D')
);
#19532=(
GEOMETRIC_REPRESENTATION_CONTEXT(3)
GLOBAL_UNCERTAINTY_ASSIGNED_CONTEXT((#19464))
GLOBAL_UNIT_ASSIGNED_CONTEXT((#19569,#19571,#19572))
REPRESENTATION_CONTEXT('','3D')
);
#19533=(
GEOMETRIC_REPRESENTATION_CONTEXT(3)
GLOBAL_UNCERTAINTY_ASSIGNED_CONTEXT((#19465))
GLOBAL_UNIT_ASSIGNED_CONTEXT((#19569,#19571,#19572))
REPRESENTATION_CONTEXT('','3D')
);
#19534=(
GEOMETRIC_REPRESENTATION_CONTEXT(3)
GLOBAL_UNCERTAINTY_ASSIGNED_CONTEXT((#19466))
GLOBAL_UNIT_ASSIGNED_CONTEXT((#19569,#19571,#19572))
REPRESENTATION_CONTEXT('','3D')
);
#19535=(
GEOMETRIC_REPRESENTATION_CONTEXT(3)
GLOBAL_UNCERTAINTY_ASSIGNED_CONTEXT((#19467))
GLOBAL_UNIT_ASSIGNED_CONTEXT((#19569,#19571,#19572))
REPRESENTATION_CONTEXT('','3D')
);
#19536=(
GEOMETRIC_REPRESENTATION_CONTEXT(3)
GLOBAL_UNCERTAINTY_ASSIGNED_CONTEXT((#19468))
GLOBAL_UNIT_ASSIGNED_CONTEXT((#19569,#19571,#19572))
REPRESENTATION_CONTEXT('','3D')
);
#19537=(
GEOMETRIC_REPRESENTATION_CONTEXT(3)
GLOBAL_UNCERTAINTY_ASSIGNED_CONTEXT((#19469))
GLOBAL_UNIT_ASSIGNED_CONTEXT((#19569,#19571,#19572))
REPRESENTATION_CONTEXT('','3D')
);
#19538=(
GEOMETRIC_REPRESENTATION_CONTEXT(3)
GLOBAL_UNCERTAINTY_ASSIGNED_CONTEXT((#19470))
GLOBAL_UNIT_ASSIGNED_CONTEXT((#19569,#19571,#19572))
REPRESENTATION_CONTEXT('','3D')
);
#19539=(
GEOMETRIC_REPRESENTATION_CONTEXT(3)
GLOBAL_UNCERTAINTY_ASSIGNED_CONTEXT((#19471))
GLOBAL_UNIT_ASSIGNED_CONTEXT((#19569,#19571,#19572))
REPRESENTATION_CONTEXT('','3D')
);
#19540=(
GEOMETRIC_REPRESENTATION_CONTEXT(3)
GLOBAL_UNCERTAINTY_ASSIGNED_CONTEXT((#19472))
GLOBAL_UNIT_ASSIGNED_CONTEXT((#19569,#19571,#19572))
REPRESENTATION_CONTEXT('','3D')
);
#19541=(
GEOMETRIC_REPRESENTATION_CONTEXT(3)
GLOBAL_UNCERTAINTY_ASSIGNED_CONTEXT((#19473))
GLOBAL_UNIT_ASSIGNED_CONTEXT((#19569,#19571,#19572))
REPRESENTATION_CONTEXT('','3D')
);
#19542=(
GEOMETRIC_REPRESENTATION_CONTEXT(3)
GLOBAL_UNCERTAINTY_ASSIGNED_CONTEXT((#19474))
GLOBAL_UNIT_ASSIGNED_CONTEXT((#19569,#19571,#19572))
REPRESENTATION_CONTEXT('','3D')
);
#19543=(
GEOMETRIC_REPRESENTATION_CONTEXT(3)
GLOBAL_UNCERTAINTY_ASSIGNED_CONTEXT((#19475))
GLOBAL_UNIT_ASSIGNED_CONTEXT((#19569,#19571,#19572))
REPRESENTATION_CONTEXT('','3D')
);
#19544=(
GEOMETRIC_REPRESENTATION_CONTEXT(3)
GLOBAL_UNCERTAINTY_ASSIGNED_CONTEXT((#19476))
GLOBAL_UNIT_ASSIGNED_CONTEXT((#19569,#19571,#19572))
REPRESENTATION_CONTEXT('','3D')
);
#19545=(
GEOMETRIC_REPRESENTATION_CONTEXT(3)
GLOBAL_UNCERTAINTY_ASSIGNED_CONTEXT((#19477))
GLOBAL_UNIT_ASSIGNED_CONTEXT((#19569,#19571,#19572))
REPRESENTATION_CONTEXT('','3D')
);
#19546=(
GEOMETRIC_REPRESENTATION_CONTEXT(3)
GLOBAL_UNCERTAINTY_ASSIGNED_CONTEXT((#19478))
GLOBAL_UNIT_ASSIGNED_CONTEXT((#19569,#19571,#19572))
REPRESENTATION_CONTEXT('','3D')
);
#19547=(
GEOMETRIC_REPRESENTATION_CONTEXT(3)
GLOBAL_UNCERTAINTY_ASSIGNED_CONTEXT((#19479))
GLOBAL_UNIT_ASSIGNED_CONTEXT((#19569,#19571,#19572))
REPRESENTATION_CONTEXT('','3D')
);
#19548=(
GEOMETRIC_REPRESENTATION_CONTEXT(3)
GLOBAL_UNCERTAINTY_ASSIGNED_CONTEXT((#19480))
GLOBAL_UNIT_ASSIGNED_CONTEXT((#19569,#19571,#19572))
REPRESENTATION_CONTEXT('','3D')
);
#19549=(
GEOMETRIC_REPRESENTATION_CONTEXT(3)
GLOBAL_UNCERTAINTY_ASSIGNED_CONTEXT((#19481))
GLOBAL_UNIT_ASSIGNED_CONTEXT((#19569,#19571,#19572))
REPRESENTATION_CONTEXT('','3D')
);
#19550=(
GEOMETRIC_REPRESENTATION_CONTEXT(3)
GLOBAL_UNCERTAINTY_ASSIGNED_CONTEXT((#19482))
GLOBAL_UNIT_ASSIGNED_CONTEXT((#19569,#19571,#19572))
REPRESENTATION_CONTEXT('','3D')
);
#19551=(
GEOMETRIC_REPRESENTATION_CONTEXT(3)
GLOBAL_UNCERTAINTY_ASSIGNED_CONTEXT((#19483))
GLOBAL_UNIT_ASSIGNED_CONTEXT((#19569,#19571,#19572))
REPRESENTATION_CONTEXT('','3D')
);
#19552=(
GEOMETRIC_REPRESENTATION_CONTEXT(3)
GLOBAL_UNCERTAINTY_ASSIGNED_CONTEXT((#19484))
GLOBAL_UNIT_ASSIGNED_CONTEXT((#19569,#19571,#19572))
REPRESENTATION_CONTEXT('','3D')
);
#19553=(
GEOMETRIC_REPRESENTATION_CONTEXT(3)
GLOBAL_UNCERTAINTY_ASSIGNED_CONTEXT((#19485))
GLOBAL_UNIT_ASSIGNED_CONTEXT((#19569,#19571,#19572))
REPRESENTATION_CONTEXT('','3D')
);
#19554=(
GEOMETRIC_REPRESENTATION_CONTEXT(3)
GLOBAL_UNCERTAINTY_ASSIGNED_CONTEXT((#19486))
GLOBAL_UNIT_ASSIGNED_CONTEXT((#19569,#19571,#19572))
REPRESENTATION_CONTEXT('','3D')
);
#19555=(
GEOMETRIC_REPRESENTATION_CONTEXT(3)
GLOBAL_UNCERTAINTY_ASSIGNED_CONTEXT((#19487))
GLOBAL_UNIT_ASSIGNED_CONTEXT((#19569,#19571,#19572))
REPRESENTATION_CONTEXT('','3D')
);
#19556=(
GEOMETRIC_REPRESENTATION_CONTEXT(3)
GLOBAL_UNCERTAINTY_ASSIGNED_CONTEXT((#19488))
GLOBAL_UNIT_ASSIGNED_CONTEXT((#19569,#19571,#19572))
REPRESENTATION_CONTEXT('','3D')
);
#19557=(
GEOMETRIC_REPRESENTATION_CONTEXT(3)
GLOBAL_UNCERTAINTY_ASSIGNED_CONTEXT((#19489))
GLOBAL_UNIT_ASSIGNED_CONTEXT((#19569,#19571,#19572))
REPRESENTATION_CONTEXT('','3D')
);
#19558=(
GEOMETRIC_REPRESENTATION_CONTEXT(3)
GLOBAL_UNCERTAINTY_ASSIGNED_CONTEXT((#19490))
GLOBAL_UNIT_ASSIGNED_CONTEXT((#19569,#19571,#19572))
REPRESENTATION_CONTEXT('','3D')
);
#19559=(
GEOMETRIC_REPRESENTATION_CONTEXT(3)
GLOBAL_UNCERTAINTY_ASSIGNED_CONTEXT((#19491))
GLOBAL_UNIT_ASSIGNED_CONTEXT((#19569,#19571,#19572))
REPRESENTATION_CONTEXT('','3D')
);
#19560=(
GEOMETRIC_REPRESENTATION_CONTEXT(3)
GLOBAL_UNCERTAINTY_ASSIGNED_CONTEXT((#19492))
GLOBAL_UNIT_ASSIGNED_CONTEXT((#19569,#19571,#19572))
REPRESENTATION_CONTEXT('','3D')
);
#19561=(
GEOMETRIC_REPRESENTATION_CONTEXT(3)
GLOBAL_UNCERTAINTY_ASSIGNED_CONTEXT((#19493))
GLOBAL_UNIT_ASSIGNED_CONTEXT((#19569,#19571,#19572))
REPRESENTATION_CONTEXT('','3D')
);
#19562=(
GEOMETRIC_REPRESENTATION_CONTEXT(3)
GLOBAL_UNCERTAINTY_ASSIGNED_CONTEXT((#19494))
GLOBAL_UNIT_ASSIGNED_CONTEXT((#19569,#19571,#19572))
REPRESENTATION_CONTEXT('','3D')
);
#19563=(
GEOMETRIC_REPRESENTATION_CONTEXT(3)
GLOBAL_UNCERTAINTY_ASSIGNED_CONTEXT((#19495))
GLOBAL_UNIT_ASSIGNED_CONTEXT((#19569,#19571,#19572))
REPRESENTATION_CONTEXT('','3D')
);
#19564=(
GEOMETRIC_REPRESENTATION_CONTEXT(3)
GLOBAL_UNCERTAINTY_ASSIGNED_CONTEXT((#19496))
GLOBAL_UNIT_ASSIGNED_CONTEXT((#19569,#19571,#19572))
REPRESENTATION_CONTEXT('','3D')
);
#19565=(
GEOMETRIC_REPRESENTATION_CONTEXT(3)
GLOBAL_UNCERTAINTY_ASSIGNED_CONTEXT((#19497))
GLOBAL_UNIT_ASSIGNED_CONTEXT((#19569,#19571,#19572))
REPRESENTATION_CONTEXT('','3D')
);
#19566=(
GEOMETRIC_REPRESENTATION_CONTEXT(3)
GLOBAL_UNCERTAINTY_ASSIGNED_CONTEXT((#19498))
GLOBAL_UNIT_ASSIGNED_CONTEXT((#19569,#19571,#19572))
REPRESENTATION_CONTEXT('','3D')
);
#19567=(
GEOMETRIC_REPRESENTATION_CONTEXT(3)
GLOBAL_UNCERTAINTY_ASSIGNED_CONTEXT((#19499))
GLOBAL_UNIT_ASSIGNED_CONTEXT((#19569,#19571,#19572))
REPRESENTATION_CONTEXT('','3D')
);
#19568=(
GEOMETRIC_REPRESENTATION_CONTEXT(3)
GLOBAL_UNCERTAINTY_ASSIGNED_CONTEXT((#19500))
GLOBAL_UNIT_ASSIGNED_CONTEXT((#19569,#19571,#19572))
REPRESENTATION_CONTEXT('','3D')
);
#19569=(
LENGTH_UNIT()
NAMED_UNIT(*)
SI_UNIT(.MILLI.,.METRE.)
);
#19570=(
LENGTH_UNIT()
NAMED_UNIT(*)
SI_UNIT($,.METRE.)
);
#19571=(
NAMED_UNIT(*)
PLANE_ANGLE_UNIT()
SI_UNIT($,.RADIAN.)
);
#19572=(
NAMED_UNIT(*)
SI_UNIT($,.STERADIAN.)
SOLID_ANGLE_UNIT()
);
#19573=SHAPE_DEFINITION_REPRESENTATION(#19640,#19773);
#19574=SHAPE_DEFINITION_REPRESENTATION(#19641,#19774);
#19575=SHAPE_DEFINITION_REPRESENTATION(#19642,#19775);
#19576=SHAPE_DEFINITION_REPRESENTATION(#19643,#19776);
#19577=SHAPE_DEFINITION_REPRESENTATION(#19644,#19777);
#19578=SHAPE_DEFINITION_REPRESENTATION(#19645,#19778);
#19579=SHAPE_DEFINITION_REPRESENTATION(#19646,#19779);
#19580=SHAPE_DEFINITION_REPRESENTATION(#19647,#19780);
#19581=SHAPE_DEFINITION_REPRESENTATION(#19648,#19781);
#19582=SHAPE_DEFINITION_REPRESENTATION(#19656,#19782);
#19583=SHAPE_DEFINITION_REPRESENTATION(#19657,#19783);
#19584=SHAPE_DEFINITION_REPRESENTATION(#19658,#19784);
#19585=SHAPE_DEFINITION_REPRESENTATION(#19661,#19785);
#19586=SHAPE_DEFINITION_REPRESENTATION(#19662,#19786);
#19587=SHAPE_DEFINITION_REPRESENTATION(#19663,#19787);
#19588=SHAPE_DEFINITION_REPRESENTATION(#19664,#19788);
#19589=SHAPE_DEFINITION_REPRESENTATION(#19665,#19789);
#19590=SHAPE_DEFINITION_REPRESENTATION(#19666,#19790);
#19591=SHAPE_DEFINITION_REPRESENTATION(#19672,#19791);
#19592=SHAPE_DEFINITION_REPRESENTATION(#19673,#19792);
#19593=SHAPE_DEFINITION_REPRESENTATION(#19674,#19793);
#19594=SHAPE_DEFINITION_REPRESENTATION(#19675,#19794);
#19595=SHAPE_DEFINITION_REPRESENTATION(#19677,#19795);
#19596=SHAPE_DEFINITION_REPRESENTATION(#19678,#19796);
#19597=SHAPE_DEFINITION_REPRESENTATION(#19679,#19797);
#19598=SHAPE_DEFINITION_REPRESENTATION(#19680,#19798);
#19599=SHAPE_DEFINITION_REPRESENTATION(#19681,#19799);
#19600=SHAPE_DEFINITION_REPRESENTATION(#19682,#19800);
#19601=SHAPE_DEFINITION_REPRESENTATION(#19683,#19801);
#19602=SHAPE_DEFINITION_REPRESENTATION(#19684,#19802);
#19603=SHAPE_DEFINITION_REPRESENTATION(#19685,#19803);
#19604=SHAPE_DEFINITION_REPRESENTATION(#19686,#19804);
#19605=SHAPE_DEFINITION_REPRESENTATION(#19687,#19805);
#19606=SHAPE_DEFINITION_REPRESENTATION(#19701,#19806);
#19607=SHAPE_DEFINITION_REPRESENTATION(#19702,#19807);
#19608=SHAPE_DEFINITION_REPRESENTATION(#19703,#19808);
#19609=SHAPE_DEFINITION_REPRESENTATION(#19704,#19809);
#19610=SHAPE_DEFINITION_REPRESENTATION(#19705,#19810);
#19611=SHAPE_DEFINITION_REPRESENTATION(#19706,#19811);
#19612=SHAPE_DEFINITION_REPRESENTATION(#19707,#19812);
#19613=SHAPE_DEFINITION_REPRESENTATION(#19708,#19813);
#19614=SHAPE_DEFINITION_REPRESENTATION(#19709,#19814);
#19615=SHAPE_DEFINITION_REPRESENTATION(#19710,#19815);
#19616=SHAPE_DEFINITION_REPRESENTATION(#19711,#19816);
#19617=SHAPE_DEFINITION_REPRESENTATION(#19712,#19817);
#19618=SHAPE_DEFINITION_REPRESENTATION(#19713,#19818);
#19619=SHAPE_DEFINITION_REPRESENTATION(#19714,#19819);
#19620=SHAPE_DEFINITION_REPRESENTATION(#19715,#19820);
#19621=SHAPE_DEFINITION_REPRESENTATION(#19716,#19821);
#19622=SHAPE_DEFINITION_REPRESENTATION(#19717,#19822);
#19623=SHAPE_DEFINITION_REPRESENTATION(#19718,#19823);
#19624=SHAPE_DEFINITION_REPRESENTATION(#19719,#19824);
#19625=SHAPE_DEFINITION_REPRESENTATION(#19720,#19825);
#19626=SHAPE_DEFINITION_REPRESENTATION(#19740,#19826);
#19627=SHAPE_DEFINITION_REPRESENTATION(#19741,#19827);
#19628=SHAPE_DEFINITION_REPRESENTATION(#19742,#19828);
#19629=SHAPE_DEFINITION_REPRESENTATION(#19743,#19829);
#19630=SHAPE_DEFINITION_REPRESENTATION(#19744,#19830);
#19631=SHAPE_DEFINITION_REPRESENTATION(#19745,#19831);
#19632=SHAPE_DEFINITION_REPRESENTATION(#19746,#19832);
#19633=SHAPE_DEFINITION_REPRESENTATION(#19747,#19833);
#19634=SHAPE_DEFINITION_REPRESENTATION(#19748,#19834);
#19635=SHAPE_DEFINITION_REPRESENTATION(#19749,#19835);
#19636=SHAPE_DEFINITION_REPRESENTATION(#19750,#19836);
#19637=SHAPE_DEFINITION_REPRESENTATION(#19761,#19837);
#19638=SHAPE_DEFINITION_REPRESENTATION(#19762,#19838);
#19639=SHAPE_DEFINITION_REPRESENTATION(#19763,#19839);
#19640=PRODUCT_DEFINITION_SHAPE('',$,#19841);
#19641=PRODUCT_DEFINITION_SHAPE('',$,#19842);
#19642=PRODUCT_DEFINITION_SHAPE('',$,#19843);
#19643=PRODUCT_DEFINITION_SHAPE('',$,#19844);
#19644=PRODUCT_DEFINITION_SHAPE('',$,#19845);
#19645=PRODUCT_DEFINITION_SHAPE('',$,#19846);
#19646=PRODUCT_DEFINITION_SHAPE('',$,#19847);
#19647=PRODUCT_DEFINITION_SHAPE('',$,#19848);
#19648=PRODUCT_DEFINITION_SHAPE('',$,#19849);
#19649=PRODUCT_DEFINITION_SHAPE($,$,#209);
#19650=PRODUCT_DEFINITION_SHAPE($,$,#210);
#19651=PRODUCT_DEFINITION_SHAPE($,$,#211);
#19652=PRODUCT_DEFINITION_SHAPE($,$,#212);
#19653=PRODUCT_DEFINITION_SHAPE($,$,#213);
#19654=PRODUCT_DEFINITION_SHAPE($,$,#214);
#19655=PRODUCT_DEFINITION_SHAPE($,$,#215);
#19656=PRODUCT_DEFINITION_SHAPE('',$,#19850);
#19657=PRODUCT_DEFINITION_SHAPE('',$,#19851);
#19658=PRODUCT_DEFINITION_SHAPE('',$,#19852);
#19659=PRODUCT_DEFINITION_SHAPE($,$,#216);
#19660=PRODUCT_DEFINITION_SHAPE($,$,#217);
#19661=PRODUCT_DEFINITION_SHAPE('',$,#19853);
#19662=PRODUCT_DEFINITION_SHAPE('',$,#19854);
#19663=PRODUCT_DEFINITION_SHAPE('',$,#19855);
#19664=PRODUCT_DEFINITION_SHAPE('',$,#19856);
#19665=PRODUCT_DEFINITION_SHAPE('',$,#19857);
#19666=PRODUCT_DEFINITION_SHAPE('',$,#19858);
#19667=PRODUCT_DEFINITION_SHAPE($,$,#218);
#19668=PRODUCT_DEFINITION_SHAPE($,$,#219);
#19669=PRODUCT_DEFINITION_SHAPE($,$,#220);
#19670=PRODUCT_DEFINITION_SHAPE($,$,#221);
#19671=PRODUCT_DEFINITION_SHAPE($,$,#222);
#19672=PRODUCT_DEFINITION_SHAPE('',$,#19859);
#19673=PRODUCT_DEFINITION_SHAPE('',$,#19860);
#19674=PRODUCT_DEFINITION_SHAPE('',$,#19861);
#19675=PRODUCT_DEFINITION_SHAPE('',$,#19862);
#19676=PRODUCT_DEFINITION_SHAPE($,$,#223);
#19677=PRODUCT_DEFINITION_SHAPE('',$,#19863);
#19678=PRODUCT_DEFINITION_SHAPE('',$,#19864);
#19679=PRODUCT_DEFINITION_SHAPE('',$,#19865);
#19680=PRODUCT_DEFINITION_SHAPE('',$,#19866);
#19681=PRODUCT_DEFINITION_SHAPE('',$,#19867);
#19682=PRODUCT_DEFINITION_SHAPE('',$,#19868);
#19683=PRODUCT_DEFINITION_SHAPE('',$,#19869);
#19684=PRODUCT_DEFINITION_SHAPE('',$,#19870);
#19685=PRODUCT_DEFINITION_SHAPE('',$,#19871);
#19686=PRODUCT_DEFINITION_SHAPE('',$,#19872);
#19687=PRODUCT_DEFINITION_SHAPE('',$,#19873);
#19688=PRODUCT_DEFINITION_SHAPE($,$,#224);
#19689=PRODUCT_DEFINITION_SHAPE($,$,#225);
#19690=PRODUCT_DEFINITION_SHAPE($,$,#226);
#19691=PRODUCT_DEFINITION_SHAPE($,$,#227);
#19692=PRODUCT_DEFINITION_SHAPE($,$,#228);
#19693=PRODUCT_DEFINITION_SHAPE($,$,#229);
#19694=PRODUCT_DEFINITION_SHAPE($,$,#230);
#19695=PRODUCT_DEFINITION_SHAPE($,$,#231);
#19696=PRODUCT_DEFINITION_SHAPE($,$,#232);
#19697=PRODUCT_DEFINITION_SHAPE($,$,#233);
#19698=PRODUCT_DEFINITION_SHAPE($,$,#234);
#19699=PRODUCT_DEFINITION_SHAPE($,$,#235);
#19700=PRODUCT_DEFINITION_SHAPE($,$,#236);
#19701=PRODUCT_DEFINITION_SHAPE('',$,#19874);
#19702=PRODUCT_DEFINITION_SHAPE('',$,#19875);
#19703=PRODUCT_DEFINITION_SHAPE('',$,#19876);
#19704=PRODUCT_DEFINITION_SHAPE('',$,#19877);
#19705=PRODUCT_DEFINITION_SHAPE('',$,#19878);
#19706=PRODUCT_DEFINITION_SHAPE('',$,#19879);
#19707=PRODUCT_DEFINITION_SHAPE('',$,#19880);
#19708=PRODUCT_DEFINITION_SHAPE('',$,#19881);
#19709=PRODUCT_DEFINITION_SHAPE('',$,#19882);
#19710=PRODUCT_DEFINITION_SHAPE('',$,#19883);
#19711=PRODUCT_DEFINITION_SHAPE('',$,#19884);
#19712=PRODUCT_DEFINITION_SHAPE('',$,#19885);
#19713=PRODUCT_DEFINITION_SHAPE('',$,#19886);
#19714=PRODUCT_DEFINITION_SHAPE('',$,#19887);
#19715=PRODUCT_DEFINITION_SHAPE('',$,#19888);
#19716=PRODUCT_DEFINITION_SHAPE('',$,#19889);
#19717=PRODUCT_DEFINITION_SHAPE('',$,#19890);
#19718=PRODUCT_DEFINITION_SHAPE('',$,#19891);
#19719=PRODUCT_DEFINITION_SHAPE('',$,#19892);
#19720=PRODUCT_DEFINITION_SHAPE('',$,#19893);
#19721=PRODUCT_DEFINITION_SHAPE($,$,#237);
#19722=PRODUCT_DEFINITION_SHAPE($,$,#238);
#19723=PRODUCT_DEFINITION_SHAPE($,$,#239);
#19724=PRODUCT_DEFINITION_SHAPE($,$,#240);
#19725=PRODUCT_DEFINITION_SHAPE($,$,#241);
#19726=PRODUCT_DEFINITION_SHAPE($,$,#242);
#19727=PRODUCT_DEFINITION_SHAPE($,$,#243);
#19728=PRODUCT_DEFINITION_SHAPE($,$,#244);
#19729=PRODUCT_DEFINITION_SHAPE($,$,#245);
#19730=PRODUCT_DEFINITION_SHAPE($,$,#246);
#19731=PRODUCT_DEFINITION_SHAPE($,$,#247);
#19732=PRODUCT_DEFINITION_SHAPE($,$,#248);
#19733=PRODUCT_DEFINITION_SHAPE($,$,#249);
#19734=PRODUCT_DEFINITION_SHAPE($,$,#250);
#19735=PRODUCT_DEFINITION_SHAPE($,$,#251);
#19736=PRODUCT_DEFINITION_SHAPE($,$,#252);
#19737=PRODUCT_DEFINITION_SHAPE($,$,#253);
#19738=PRODUCT_DEFINITION_SHAPE($,$,#254);
#19739=PRODUCT_DEFINITION_SHAPE($,$,#255);
#19740=PRODUCT_DEFINITION_SHAPE('',$,#19894);
#19741=PRODUCT_DEFINITION_SHAPE('',$,#19895);
#19742=PRODUCT_DEFINITION_SHAPE('',$,#19896);
#19743=PRODUCT_DEFINITION_SHAPE('',$,#19897);
#19744=PRODUCT_DEFINITION_SHAPE('',$,#19898);
#19745=PRODUCT_DEFINITION_SHAPE('',$,#19899);
#19746=PRODUCT_DEFINITION_SHAPE('',$,#19900);
#19747=PRODUCT_DEFINITION_SHAPE('',$,#19901);
#19748=PRODUCT_DEFINITION_SHAPE('',$,#19902);
#19749=PRODUCT_DEFINITION_SHAPE('',$,#19903);
#19750=PRODUCT_DEFINITION_SHAPE('',$,#19904);
#19751=PRODUCT_DEFINITION_SHAPE($,$,#256);
#19752=PRODUCT_DEFINITION_SHAPE($,$,#257);
#19753=PRODUCT_DEFINITION_SHAPE($,$,#258);
#19754=PRODUCT_DEFINITION_SHAPE($,$,#259);
#19755=PRODUCT_DEFINITION_SHAPE($,$,#260);
#19756=PRODUCT_DEFINITION_SHAPE($,$,#261);
#19757=PRODUCT_DEFINITION_SHAPE($,$,#262);
#19758=PRODUCT_DEFINITION_SHAPE($,$,#263);
#19759=PRODUCT_DEFINITION_SHAPE($,$,#264);
#19760=PRODUCT_DEFINITION_SHAPE($,$,#265);
#19761=PRODUCT_DEFINITION_SHAPE('',$,#19905);
#19762=PRODUCT_DEFINITION_SHAPE('',$,#19906);
#19763=PRODUCT_DEFINITION_SHAPE('',$,#19907);
#19764=PRODUCT_DEFINITION_SHAPE($,$,#266);
#19765=PRODUCT_DEFINITION_SHAPE($,$,#267);
#19766=PRODUCT_DEFINITION_SHAPE($,$,#268);
#19767=PRODUCT_DEFINITION_SHAPE($,$,#269);
#19768=PRODUCT_DEFINITION_SHAPE($,$,#270);
#19769=PRODUCT_DEFINITION_SHAPE($,$,#271);
#19770=PRODUCT_DEFINITION_SHAPE($,$,#272);
#19771=PRODUCT_DEFINITION_SHAPE($,$,#273);
#19772=PRODUCT_DEFINITION_SHAPE($,$,#274);
#19773=SHAPE_REPRESENTATION('',(#11621,#12757,#12758,#12759,#12760,#12761,
#12762,#12763),#19501);
#19774=SHAPE_REPRESENTATION('',(#11622,#11965,#11966,#11967,#11968,#11969,
#11970,#11971),#19502);
#19775=SHAPE_REPRESENTATION('',(#11623),#19503);
#19776=SHAPE_REPRESENTATION('',(#11792),#19504);
#19777=SHAPE_REPRESENTATION('',(#11815),#19505);
#19778=SHAPE_REPRESENTATION('',(#11838),#19506);
#19779=SHAPE_REPRESENTATION('',(#11866),#19507);
#19780=SHAPE_REPRESENTATION('',(#11886),#19508);
#19781=SHAPE_REPRESENTATION('',(#11906),#19509);
#19782=SHAPE_REPRESENTATION('',(#11972,#12013,#12014),#19510);
#19783=SHAPE_REPRESENTATION('',(#11973),#19511);
#19784=SHAPE_REPRESENTATION('',(#11993),#19512);
#19785=SHAPE_REPRESENTATION('',(#12015,#12057,#12058,#12059,#12060,#12061),
#19513);
#19786=SHAPE_REPRESENTATION('',(#12016),#19514);
#19787=SHAPE_REPRESENTATION('',(#12023),#19515);
#19788=SHAPE_REPRESENTATION('',(#12030),#19516);
#19789=SHAPE_REPRESENTATION('',(#12037),#19517);
#19790=SHAPE_REPRESENTATION('',(#12050),#19518);
#19791=SHAPE_REPRESENTATION('',(#12062,#12272,#12273,#12274,#12275,#12276,
#12277,#12278,#12279,#12280,#12281,#12282,#12283,#12284),#19519);
#19792=SHAPE_REPRESENTATION('',(#12063),#19520);
#19793=SHAPE_REPRESENTATION('',(#12064,#12084),#19521);
#19794=SHAPE_REPRESENTATION('',(#12065),#19522);
#19795=SHAPE_REPRESENTATION('',(#12085),#19523);
#19796=SHAPE_REPRESENTATION('',(#12086),#19524);
#19797=SHAPE_REPRESENTATION('',(#12125),#19525);
#19798=SHAPE_REPRESENTATION('',(#12139),#19526);
#19799=SHAPE_REPRESENTATION('',(#12153),#19527);
#19800=SHAPE_REPRESENTATION('',(#12167),#19528);
#19801=SHAPE_REPRESENTATION('',(#12181),#19529);
#19802=SHAPE_REPRESENTATION('',(#12195),#19530);
#19803=SHAPE_REPRESENTATION('',(#12209),#19531);
#19804=SHAPE_REPRESENTATION('',(#12231),#19532);
#19805=SHAPE_REPRESENTATION('',(#12253),#19533);
#19806=SHAPE_REPRESENTATION('',(#12285,#12532,#12533,#12534,#12535,#12536,
#12537,#12538,#12539,#12540,#12541,#12542,#12543,#12544,#12545,#12546,#12547,
#12548,#12549,#12550),#19534);
#19807=SHAPE_REPRESENTATION('',(#12286),#19535);
#19808=SHAPE_REPRESENTATION('',(#12293),#19536);
#19809=SHAPE_REPRESENTATION('',(#12312),#19537);
#19810=SHAPE_REPRESENTATION('',(#12332),#19538);
#19811=SHAPE_REPRESENTATION('',(#12360),#19539);
#19812=SHAPE_REPRESENTATION('',(#12382),#19540);
#19813=SHAPE_REPRESENTATION('',(#12393),#19541);
#19814=SHAPE_REPRESENTATION('',(#12400),#19542);
#19815=SHAPE_REPRESENTATION('',(#12407),#19543);
#19816=SHAPE_REPRESENTATION('',(#12420),#19544);
#19817=SHAPE_REPRESENTATION('',(#12433),#19545);
#19818=SHAPE_REPRESENTATION('',(#12440),#19546);
#19819=SHAPE_REPRESENTATION('',(#12455),#19547);
#19820=SHAPE_REPRESENTATION('',(#12465),#19548);
#19821=SHAPE_REPRESENTATION('',(#12475),#19549);
#19822=SHAPE_REPRESENTATION('',(#12490),#19550);
#19823=SHAPE_REPRESENTATION('',(#12500),#19551);
#19824=SHAPE_REPRESENTATION('',(#12510),#19552);
#19825=SHAPE_REPRESENTATION('',(#12521),#19553);
#19826=SHAPE_REPRESENTATION('',(#12551,#12714,#12715,#12716,#12717,#12718,
#12719,#12720,#12721,#12722,#12723),#19554);
#19827=SHAPE_REPRESENTATION('',(#12552),#19555);
#19828=SHAPE_REPRESENTATION('',(#12558),#19556);
#19829=SHAPE_REPRESENTATION('',(#12564),#19557);
#19830=SHAPE_REPRESENTATION('',(#12586),#19558);
#19831=SHAPE_REPRESENTATION('',(#12618),#19559);
#19832=SHAPE_REPRESENTATION('',(#12633),#19560);
#19833=SHAPE_REPRESENTATION('',(#12639),#19561);
#19834=SHAPE_REPRESENTATION('',(#12645),#19562);
#19835=SHAPE_REPRESENTATION('',(#12667),#19563);
#19836=SHAPE_REPRESENTATION('',(#12699),#19564);
#19837=SHAPE_REPRESENTATION('',(#12724,#12755,#12756),#19565);
#19838=SHAPE_REPRESENTATION('',(#12725),#19566);
#19839=SHAPE_REPRESENTATION('',(#12740),#19567);
#19840=PRODUCT_DEFINITION_CONTEXT('part definition',#20043,'design');
#19841=PRODUCT_DEFINITION('2026-09-22-20-04-37-960','Untitled',#19908,#19840);
#19842=PRODUCT_DEFINITION('2026-09-22-20-04-48-798','01_Chassis',#19909,
#19840);
#19843=PRODUCT_DEFINITION('2026-09-22-20-10-09-073','Base_Plate_Al',#19910,
#19840);
#19844=PRODUCT_DEFINITION('2026-09-22-20-12-27-334',
'Left_Side_Plate_Al',#19911,#19840);
#19845=PRODUCT_DEFINITION('2026-09-22-20-12-27-362',
'Right_Side_Plate_Al',#19912,#19840);
#19846=PRODUCT_DEFINITION('2026-09-22-20-17-28-654','Top_Cover',#19913,
#19840);
#19847=PRODUCT_DEFINITION('2026-09-22-21-16-08-475','Front_Wedge_L',#19914,
#19840);
#19848=PRODUCT_DEFINITION('2026-09-22-21-16-09-075','Front_Wedge_R',#19915,
#19840);
#19849=PRODUCT_DEFINITION('2026-09-22-21-40-15-382',
'Standoffs_Fasteners',#19916,#19840);
#19850=PRODUCT_DEFINITION('2026-09-22-20-04-48-802','02_Drivetrain',#19917,
#19840);
#19851=PRODUCT_DEFINITION('2026-09-22-20-14-47-754','Left_Wheel',#19918,
#19840);
#19852=PRODUCT_DEFINITION('2026-09-22-20-14-47-792','Right_Wheel',#19919,
#19840);
#19853=PRODUCT_DEFINITION('2026-09-22-20-04-48-807','05_Electronics',#19920,
#19840);
#19854=PRODUCT_DEFINITION('2026-09-22-20-50-05-757','Battery_and_Tray',
#19921,#19840);
#19855=PRODUCT_DEFINITION('2026-09-23-02-25-37-427','Rx_ER6',#19922,#19840);
#19856=PRODUCT_DEFINITION('2026-09-23-02-25-40-527','UBEC_5A',#19923,#19840);
#19857=PRODUCT_DEFINITION('2026-09-23-21-12-34-998',
'FingerTech_Mini_Switch_Envelope',#19924,#19840);
#19858=PRODUCT_DEFINITION('2026-09-24-13-30-34-256',
'BBB_Dual_Brushed_ESC_v2_Envelope',#19925,#19840);
#19859=PRODUCT_DEFINITION('2026-09-22-20-04-48-809','06_3D_Printed',#19926,
#19840);
#19860=PRODUCT_DEFINITION('2026-09-22-20-49-00-878','Wire_Clips',#19927,
#19840);
#19861=PRODUCT_DEFINITION('2026-09-22-20-49-00-891',
'Non_Structural_Covers',#19928,#19840);
#19862=PRODUCT_DEFINITION('2026-09-22-23-34-46-416','Rear_Panel',#19929,
#19840);
#19863=PRODUCT_DEFINITION('2026-09-22-20-49-00-904','TPU_Bumpers',#19930,
#19840);
#19864=PRODUCT_DEFINITION('2026-09-22-21-42-45-679','Battery_Holder',#19931,
#19840);
#19865=PRODUCT_DEFINITION('2026-09-22-23-22-03-101','Batt_Post_1',#19932,
#19840);
#19866=PRODUCT_DEFINITION('2026-09-22-23-22-04-161','Batt_Post_2',#19933,
#19840);
#19867=PRODUCT_DEFINITION('2026-09-22-23-22-05-011','Batt_Post_3',#19934,
#19840);
#19868=PRODUCT_DEFINITION('2026-09-22-23-22-05-941','Batt_Post_4',#19935,
#19840);
#19869=PRODUCT_DEFINITION('2026-09-22-23-30-32-609','Disconnect_Post_1',
#19936,#19840);
#19870=PRODUCT_DEFINITION('2026-09-22-23-30-32-928','Disconnect_Post_2',
#19937,#19840);
#19871=PRODUCT_DEFINITION('2026-09-23-02-25-38-082','Holder_Rx_ER6',#19938,
#19840);
#19872=PRODUCT_DEFINITION('2026-09-23-02-25-41-161','Holder_UBEC_5A',#19939,
#19840);
#19873=PRODUCT_DEFINITION('2026-09-23-21-12-34-593',
'FingerTech_Switch_Adapter',#19940,#19840);
#19874=PRODUCT_DEFINITION('2026-09-24-00-50-23-317',
'07_Wedge_Lifter_Option',#19941,#19840);
#19875=PRODUCT_DEFINITION('2026-09-24-00-50-23-446',
'Lifter_Spatula_62mm',#19942,#19840);
#19876=PRODUCT_DEFINITION('2026-09-24-00-50-24-006','Lifter_Hinge_Boss',
#19943,#19840);
#19877=PRODUCT_DEFINITION('2026-09-24-00-50-24-800',
'Lifter_Pivot_Support_L',#19944,#19840);
#19878=PRODUCT_DEFINITION('2026-09-24-00-50-25-274',
'Lifter_Pivot_Support_R',#19945,#19840);
#19879=PRODUCT_DEFINITION('2026-09-24-00-50-26-431',
'Lifter_Pivot_Pin_6mm',#19946,#19840);
#19880=PRODUCT_DEFINITION('2026-09-24-13-22-46-018',
'Repeat_40kg_Servo_MaxEnvelope',#19947,#19840);
#19881=PRODUCT_DEFINITION('2026-09-24-13-22-46-542',
'Lifter_Servo_Base_Rail_L',#19948,#19840);
#19882=PRODUCT_DEFINITION('2026-09-24-13-22-47-183',
'Lifter_Servo_Base_Rail_R',#19949,#19840);
#19883=PRODUCT_DEFINITION('2026-09-24-13-22-47-852',
'Lifter_Aluminium_Horn',#19950,#19840);
#19884=PRODUCT_DEFINITION('2026-09-24-13-22-49-140',
'Lifter_Connecting_Rod',#19951,#19840);
#19885=PRODUCT_DEFINITION('2026-09-24-13-22-51-307',
'Lifter_Lower_Hard_Stop',#19952,#19840);
#19886=PRODUCT_DEFINITION('2026-09-24-13-35-55-015',
'Lifter_Servo_Clamp_Bar_L',#19953,#19840);
#19887=PRODUCT_DEFINITION('2026-09-24-13-35-56-655',
'Lifter_Servo_Clamp_Post_L_Rear',#19954,#19840);
#19888=PRODUCT_DEFINITION('2026-09-24-13-35-57-910',
'Lifter_Servo_Clamp_Post_L_Front',#19955,#19840);
#19889=PRODUCT_DEFINITION('2026-09-24-13-35-59-224',
'Lifter_Servo_Clamp_Bar_R',#19956,#19840);
#19890=PRODUCT_DEFINITION('2026-09-24-13-36-00-765',
'Lifter_Servo_Clamp_Post_R_Rear',#19957,#19840);
#19891=PRODUCT_DEFINITION('2026-09-24-13-36-02-314',
'Lifter_Servo_Clamp_Post_R_Front',#19958,#19840);
#19892=PRODUCT_DEFINITION('2026-09-24-13-45-26-614',
'Lifter_Pin_C_Clip_L',#19959,#19840);
#19893=PRODUCT_DEFINITION('2026-09-24-13-45-26-988',
'Lifter_Pin_C_Clip_R',#19960,#19840);
#19894=PRODUCT_DEFINITION('2026-09-24-13-30-13-588',
'09_3S_Drive_Upgrade',#19961,#19840);
#19895=PRODUCT_DEFINITION('2026-09-24-13-30-13-808',
'BBB_22mm_Gearmotor_L',#19962,#19840);
#19896=PRODUCT_DEFINITION('2026-09-24-13-30-14-511',
'BBB_4mm_Output_Shaft_L',#19963,#19840);
#19897=PRODUCT_DEFINITION('2026-09-24-13-30-15-174',
'BBB_Face_Mount_26mm_L',#19964,#19840);
#19898=PRODUCT_DEFINITION('2026-09-24-13-30-17-027',
'BBB_Motor_Cradle_L',#19965,#19840);
#19899=PRODUCT_DEFINITION('2026-09-24-13-30-21-370',
'Repeat_4mm_Clamp_Hub_L',#19966,#19840);
#19900=PRODUCT_DEFINITION('2026-09-24-13-30-23-097',
'BBB_22mm_Gearmotor_R',#19967,#19840);
#19901=PRODUCT_DEFINITION('2026-09-24-13-30-23-855',
'BBB_4mm_Output_Shaft_R',#19968,#19840);
#19902=PRODUCT_DEFINITION('2026-09-24-13-30-24-609',
'BBB_Face_Mount_26mm_R',#19969,#19840);
#19903=PRODUCT_DEFINITION('2026-09-24-13-30-26-766',
'BBB_Motor_Cradle_R',#19970,#19840);
#19904=PRODUCT_DEFINITION('2026-09-24-13-30-32-088',
'Repeat_4mm_Clamp_Hub_R',#19971,#19840);
#19905=PRODUCT_DEFINITION('2026-09-24-13-34-12-596',
'10_Battery_Restraints',#19972,#19840);
#19906=PRODUCT_DEFINITION('2026-09-24-13-34-12-894',
'Battery_Clamp_Bar_1',#19973,#19840);
#19907=PRODUCT_DEFINITION('2026-09-24-13-34-15-960',
'Battery_Clamp_Bar_2',#19974,#19840);
#19908=PRODUCT_DEFINITION_FORMATION('',$,#20045);
#19909=PRODUCT_DEFINITION_FORMATION('',$,#20046);
#19910=PRODUCT_DEFINITION_FORMATION('',$,#20047);
#19911=PRODUCT_DEFINITION_FORMATION('',$,#20048);
#19912=PRODUCT_DEFINITION_FORMATION('',$,#20049);
#19913=PRODUCT_DEFINITION_FORMATION('',$,#20050);
#19914=PRODUCT_DEFINITION_FORMATION('',$,#20051);
#19915=PRODUCT_DEFINITION_FORMATION('',$,#20052);
#19916=PRODUCT_DEFINITION_FORMATION('',$,#20053);
#19917=PRODUCT_DEFINITION_FORMATION('',$,#20054);
#19918=PRODUCT_DEFINITION_FORMATION('',$,#20055);
#19919=PRODUCT_DEFINITION_FORMATION('',$,#20056);
#19920=PRODUCT_DEFINITION_FORMATION('',$,#20057);
#19921=PRODUCT_DEFINITION_FORMATION('',$,#20058);
#19922=PRODUCT_DEFINITION_FORMATION('',$,#20059);
#19923=PRODUCT_DEFINITION_FORMATION('',$,#20060);
#19924=PRODUCT_DEFINITION_FORMATION('',$,#20061);
#19925=PRODUCT_DEFINITION_FORMATION('',$,#20062);
#19926=PRODUCT_DEFINITION_FORMATION('',$,#20063);
#19927=PRODUCT_DEFINITION_FORMATION('',$,#20064);
#19928=PRODUCT_DEFINITION_FORMATION('',$,#20065);
#19929=PRODUCT_DEFINITION_FORMATION('',$,#20066);
#19930=PRODUCT_DEFINITION_FORMATION('',$,#20067);
#19931=PRODUCT_DEFINITION_FORMATION('',$,#20068);
#19932=PRODUCT_DEFINITION_FORMATION('',$,#20069);
#19933=PRODUCT_DEFINITION_FORMATION('',$,#20070);
#19934=PRODUCT_DEFINITION_FORMATION('',$,#20071);
#19935=PRODUCT_DEFINITION_FORMATION('',$,#20072);
#19936=PRODUCT_DEFINITION_FORMATION('',$,#20073);
#19937=PRODUCT_DEFINITION_FORMATION('',$,#20074);
#19938=PRODUCT_DEFINITION_FORMATION('',$,#20075);
#19939=PRODUCT_DEFINITION_FORMATION('',$,#20076);
#19940=PRODUCT_DEFINITION_FORMATION('',$,#20077);
#19941=PRODUCT_DEFINITION_FORMATION('',$,#20078);
#19942=PRODUCT_DEFINITION_FORMATION('',$,#20079);
#19943=PRODUCT_DEFINITION_FORMATION('',$,#20080);
#19944=PRODUCT_DEFINITION_FORMATION('',$,#20081);
#19945=PRODUCT_DEFINITION_FORMATION('',$,#20082);
#19946=PRODUCT_DEFINITION_FORMATION('',$,#20083);
#19947=PRODUCT_DEFINITION_FORMATION('',$,#20084);
#19948=PRODUCT_DEFINITION_FORMATION('',$,#20085);
#19949=PRODUCT_DEFINITION_FORMATION('',$,#20086);
#19950=PRODUCT_DEFINITION_FORMATION('',$,#20087);
#19951=PRODUCT_DEFINITION_FORMATION('',$,#20088);
#19952=PRODUCT_DEFINITION_FORMATION('',$,#20089);
#19953=PRODUCT_DEFINITION_FORMATION('',$,#20090);
#19954=PRODUCT_DEFINITION_FORMATION('',$,#20091);
#19955=PRODUCT_DEFINITION_FORMATION('',$,#20092);
#19956=PRODUCT_DEFINITION_FORMATION('',$,#20093);
#19957=PRODUCT_DEFINITION_FORMATION('',$,#20094);
#19958=PRODUCT_DEFINITION_FORMATION('',$,#20095);
#19959=PRODUCT_DEFINITION_FORMATION('',$,#20096);
#19960=PRODUCT_DEFINITION_FORMATION('',$,#20097);
#19961=PRODUCT_DEFINITION_FORMATION('',$,#20098);
#19962=PRODUCT_DEFINITION_FORMATION('',$,#20099);
#19963=PRODUCT_DEFINITION_FORMATION('',$,#20100);
#19964=PRODUCT_DEFINITION_FORMATION('',$,#20101);
#19965=PRODUCT_DEFINITION_FORMATION('',$,#20102);
#19966=PRODUCT_DEFINITION_FORMATION('',$,#20103);
#19967=PRODUCT_DEFINITION_FORMATION('',$,#20104);
#19968=PRODUCT_DEFINITION_FORMATION('',$,#20105);
#19969=PRODUCT_DEFINITION_FORMATION('',$,#20106);
#19970=PRODUCT_DEFINITION_FORMATION('',$,#20107);
#19971=PRODUCT_DEFINITION_FORMATION('',$,#20108);
#19972=PRODUCT_DEFINITION_FORMATION('',$,#20109);
#19973=PRODUCT_DEFINITION_FORMATION('',$,#20110);
#19974=PRODUCT_DEFINITION_FORMATION('',$,#20111);
#19975=PRODUCT_RELATED_PRODUCT_CATEGORY('Untitled','Untitled',(#20045));
#19976=PRODUCT_RELATED_PRODUCT_CATEGORY('01_Chassis','01_Chassis',(#20046));
#19977=PRODUCT_RELATED_PRODUCT_CATEGORY('Base_Plate_Al','Base_Plate_Al',
(#20047));
#19978=PRODUCT_RELATED_PRODUCT_CATEGORY('Left_Side_Plate_Al',
'Left_Side_Plate_Al',(#20048));
#19979=PRODUCT_RELATED_PRODUCT_CATEGORY('Right_Side_Plate_Al',
'Right_Side_Plate_Al',(#20049));
#19980=PRODUCT_RELATED_PRODUCT_CATEGORY('Top_Cover','Top_Cover',(#20050));
#19981=PRODUCT_RELATED_PRODUCT_CATEGORY('Front_Wedge_L','Front_Wedge_L',
(#20051));
#19982=PRODUCT_RELATED_PRODUCT_CATEGORY('Front_Wedge_R','Front_Wedge_R',
(#20052));
#19983=PRODUCT_RELATED_PRODUCT_CATEGORY('Standoffs_Fasteners',
'Standoffs_Fasteners',(#20053));
#19984=PRODUCT_RELATED_PRODUCT_CATEGORY('02_Drivetrain','02_Drivetrain',
(#20054));
#19985=PRODUCT_RELATED_PRODUCT_CATEGORY('Left_Wheel','Left_Wheel',(#20055));
#19986=PRODUCT_RELATED_PRODUCT_CATEGORY('Right_Wheel','Right_Wheel',(#20056));
#19987=PRODUCT_RELATED_PRODUCT_CATEGORY('05_Electronics',
'05_Electronics',(#20057));
#19988=PRODUCT_RELATED_PRODUCT_CATEGORY('Battery_and_Tray',
'Battery_and_Tray',(#20058));
#19989=PRODUCT_RELATED_PRODUCT_CATEGORY('Rx_ER6','Rx_ER6',(#20059));
#19990=PRODUCT_RELATED_PRODUCT_CATEGORY('UBEC_5A','UBEC_5A',(#20060));
#19991=PRODUCT_RELATED_PRODUCT_CATEGORY(
'FingerTech_Mini_Switch_Envelope','FingerTech_Mini_Switch_Envelope',(#20061));
#19992=PRODUCT_RELATED_PRODUCT_CATEGORY(
'BBB_Dual_Brushed_ESC_v2_Envelope','BBB_Dual_Brushed_ESC_v2_Envelope',(#20062));
#19993=PRODUCT_RELATED_PRODUCT_CATEGORY('06_3D_Printed','06_3D_Printed',
(#20063));
#19994=PRODUCT_RELATED_PRODUCT_CATEGORY('Wire_Clips','Wire_Clips',(#20064));
#19995=PRODUCT_RELATED_PRODUCT_CATEGORY('Non_Structural_Covers',
'Non_Structural_Covers',(#20065));
#19996=PRODUCT_RELATED_PRODUCT_CATEGORY('Rear_Panel','Rear_Panel',(#20066));
#19997=PRODUCT_RELATED_PRODUCT_CATEGORY('TPU_Bumpers','TPU_Bumpers',(#20067));
#19998=PRODUCT_RELATED_PRODUCT_CATEGORY('Battery_Holder',
'Battery_Holder',(#20068));
#19999=PRODUCT_RELATED_PRODUCT_CATEGORY('Batt_Post_1','Batt_Post_1',(#20069));
#20000=PRODUCT_RELATED_PRODUCT_CATEGORY('Batt_Post_2','Batt_Post_2',(#20070));
#20001=PRODUCT_RELATED_PRODUCT_CATEGORY('Batt_Post_3','Batt_Post_3',(#20071));
#20002=PRODUCT_RELATED_PRODUCT_CATEGORY('Batt_Post_4','Batt_Post_4',(#20072));
#20003=PRODUCT_RELATED_PRODUCT_CATEGORY('Disconnect_Post_1',
'Disconnect_Post_1',(#20073));
#20004=PRODUCT_RELATED_PRODUCT_CATEGORY('Disconnect_Post_2',
'Disconnect_Post_2',(#20074));
#20005=PRODUCT_RELATED_PRODUCT_CATEGORY('Holder_Rx_ER6','Holder_Rx_ER6',
(#20075));
#20006=PRODUCT_RELATED_PRODUCT_CATEGORY('Holder_UBEC_5A',
'Holder_UBEC_5A',(#20076));
#20007=PRODUCT_RELATED_PRODUCT_CATEGORY('FingerTech_Switch_Adapter',
'FingerTech_Switch_Adapter',(#20077));
#20008=PRODUCT_RELATED_PRODUCT_CATEGORY('07_Wedge_Lifter_Option',
'07_Wedge_Lifter_Option',(#20078));
#20009=PRODUCT_RELATED_PRODUCT_CATEGORY('Lifter_Spatula_62mm',
'Lifter_Spatula_62mm',(#20079));
#20010=PRODUCT_RELATED_PRODUCT_CATEGORY('Lifter_Hinge_Boss',
'Lifter_Hinge_Boss',(#20080));
#20011=PRODUCT_RELATED_PRODUCT_CATEGORY('Lifter_Pivot_Support_L',
'Lifter_Pivot_Support_L',(#20081));
#20012=PRODUCT_RELATED_PRODUCT_CATEGORY('Lifter_Pivot_Support_R',
'Lifter_Pivot_Support_R',(#20082));
#20013=PRODUCT_RELATED_PRODUCT_CATEGORY('Lifter_Pivot_Pin_6mm',
'Lifter_Pivot_Pin_6mm',(#20083));
#20014=PRODUCT_RELATED_PRODUCT_CATEGORY('Repeat_40kg_Servo_MaxEnvelope',
'Repeat_40kg_Servo_MaxEnvelope',(#20084));
#20015=PRODUCT_RELATED_PRODUCT_CATEGORY('Lifter_Servo_Base_Rail_L',
'Lifter_Servo_Base_Rail_L',(#20085));
#20016=PRODUCT_RELATED_PRODUCT_CATEGORY('Lifter_Servo_Base_Rail_R',
'Lifter_Servo_Base_Rail_R',(#20086));
#20017=PRODUCT_RELATED_PRODUCT_CATEGORY('Lifter_Aluminium_Horn',
'Lifter_Aluminium_Horn',(#20087));
#20018=PRODUCT_RELATED_PRODUCT_CATEGORY('Lifter_Connecting_Rod',
'Lifter_Connecting_Rod',(#20088));
#20019=PRODUCT_RELATED_PRODUCT_CATEGORY('Lifter_Lower_Hard_Stop',
'Lifter_Lower_Hard_Stop',(#20089));
#20020=PRODUCT_RELATED_PRODUCT_CATEGORY('Lifter_Servo_Clamp_Bar_L',
'Lifter_Servo_Clamp_Bar_L',(#20090));
#20021=PRODUCT_RELATED_PRODUCT_CATEGORY(
'Lifter_Servo_Clamp_Post_L_Rear','Lifter_Servo_Clamp_Post_L_Rear',(#20091));
#20022=PRODUCT_RELATED_PRODUCT_CATEGORY(
'Lifter_Servo_Clamp_Post_L_Front','Lifter_Servo_Clamp_Post_L_Front',(#20092));
#20023=PRODUCT_RELATED_PRODUCT_CATEGORY('Lifter_Servo_Clamp_Bar_R',
'Lifter_Servo_Clamp_Bar_R',(#20093));
#20024=PRODUCT_RELATED_PRODUCT_CATEGORY(
'Lifter_Servo_Clamp_Post_R_Rear','Lifter_Servo_Clamp_Post_R_Rear',(#20094));
#20025=PRODUCT_RELATED_PRODUCT_CATEGORY(
'Lifter_Servo_Clamp_Post_R_Front','Lifter_Servo_Clamp_Post_R_Front',(#20095));
#20026=PRODUCT_RELATED_PRODUCT_CATEGORY('Lifter_Pin_C_Clip_L',
'Lifter_Pin_C_Clip_L',(#20096));
#20027=PRODUCT_RELATED_PRODUCT_CATEGORY('Lifter_Pin_C_Clip_R',
'Lifter_Pin_C_Clip_R',(#20097));
#20028=PRODUCT_RELATED_PRODUCT_CATEGORY('09_3S_Drive_Upgrade',
'09_3S_Drive_Upgrade',(#20098));
#20029=PRODUCT_RELATED_PRODUCT_CATEGORY('BBB_22mm_Gearmotor_L',
'BBB_22mm_Gearmotor_L',(#20099));
#20030=PRODUCT_RELATED_PRODUCT_CATEGORY('BBB_4mm_Output_Shaft_L',
'BBB_4mm_Output_Shaft_L',(#20100));
#20031=PRODUCT_RELATED_PRODUCT_CATEGORY('BBB_Face_Mount_26mm_L',
'BBB_Face_Mount_26mm_L',(#20101));
#20032=PRODUCT_RELATED_PRODUCT_CATEGORY('BBB_Motor_Cradle_L',
'BBB_Motor_Cradle_L',(#20102));
#20033=PRODUCT_RELATED_PRODUCT_CATEGORY('Repeat_4mm_Clamp_Hub_L',
'Repeat_4mm_Clamp_Hub_L',(#20103));
#20034=PRODUCT_RELATED_PRODUCT_CATEGORY('BBB_22mm_Gearmotor_R',
'BBB_22mm_Gearmotor_R',(#20104));
#20035=PRODUCT_RELATED_PRODUCT_CATEGORY('BBB_4mm_Output_Shaft_R',
'BBB_4mm_Output_Shaft_R',(#20105));
#20036=PRODUCT_RELATED_PRODUCT_CATEGORY('BBB_Face_Mount_26mm_R',
'BBB_Face_Mount_26mm_R',(#20106));
#20037=PRODUCT_RELATED_PRODUCT_CATEGORY('BBB_Motor_Cradle_R',
'BBB_Motor_Cradle_R',(#20107));
#20038=PRODUCT_RELATED_PRODUCT_CATEGORY('Repeat_4mm_Clamp_Hub_R',
'Repeat_4mm_Clamp_Hub_R',(#20108));
#20039=PRODUCT_RELATED_PRODUCT_CATEGORY('10_Battery_Restraints',
'10_Battery_Restraints',(#20109));
#20040=PRODUCT_RELATED_PRODUCT_CATEGORY('Battery_Clamp_Bar_1',
'Battery_Clamp_Bar_1',(#20110));
#20041=PRODUCT_RELATED_PRODUCT_CATEGORY('Battery_Clamp_Bar_2',
'Battery_Clamp_Bar_2',(#20111));
#20042=APPLICATION_PROTOCOL_DEFINITION('international standard',
'automotive_design',2009,#20043);
#20043=APPLICATION_CONTEXT(
'Core Data for Automotive Mechanical Design Process');
#20044=PRODUCT_CONTEXT('part definition',#20043,'mechanical');
#20045=PRODUCT('2026-09-22-20-04-37-960','Untitled',$,(#20044));
#20046=PRODUCT('2026-09-22-20-04-48-798','01_Chassis',$,(#20044));
#20047=PRODUCT('2026-09-22-20-10-09-073','Base_Plate_Al',$,(#20044));
#20048=PRODUCT('2026-09-22-20-12-27-334','Left_Side_Plate_Al',$,(#20044));
#20049=PRODUCT('2026-09-22-20-12-27-362','Right_Side_Plate_Al',$,(#20044));
#20050=PRODUCT('2026-09-22-20-17-28-654','Top_Cover',$,(#20044));
#20051=PRODUCT('2026-09-22-21-16-08-475','Front_Wedge_L',$,(#20044));
#20052=PRODUCT('2026-09-22-21-16-09-075','Front_Wedge_R',$,(#20044));
#20053=PRODUCT('2026-09-22-21-40-15-382','Standoffs_Fasteners',$,(#20044));
#20054=PRODUCT('2026-09-22-20-04-48-802','02_Drivetrain',$,(#20044));
#20055=PRODUCT('2026-09-22-20-14-47-754','Left_Wheel',$,(#20044));
#20056=PRODUCT('2026-09-22-20-14-47-792','Right_Wheel',$,(#20044));
#20057=PRODUCT('2026-09-22-20-04-48-807','05_Electronics',$,(#20044));
#20058=PRODUCT('2026-09-22-20-50-05-757','Battery_and_Tray',$,(#20044));
#20059=PRODUCT('2026-09-23-02-25-37-427','Rx_ER6',$,(#20044));
#20060=PRODUCT('2026-09-23-02-25-40-527','UBEC_5A',$,(#20044));
#20061=PRODUCT('2026-09-23-21-12-34-998',
'FingerTech_Mini_Switch_Envelope',$,(#20044));
#20062=PRODUCT('2026-09-24-13-30-34-256',
'BBB_Dual_Brushed_ESC_v2_Envelope',$,(#20044));
#20063=PRODUCT('2026-09-22-20-04-48-809','06_3D_Printed',$,(#20044));
#20064=PRODUCT('2026-09-22-20-49-00-878','Wire_Clips',$,(#20044));
#20065=PRODUCT('2026-09-22-20-49-00-891','Non_Structural_Covers',$,(#20044));
#20066=PRODUCT('2026-09-22-23-34-46-416','Rear_Panel',$,(#20044));
#20067=PRODUCT('2026-09-22-20-49-00-904','TPU_Bumpers',$,(#20044));
#20068=PRODUCT('2026-09-22-21-42-45-679','Battery_Holder',$,(#20044));
#20069=PRODUCT('2026-09-22-23-22-03-101','Batt_Post_1',$,(#20044));
#20070=PRODUCT('2026-09-22-23-22-04-161','Batt_Post_2',$,(#20044));
#20071=PRODUCT('2026-09-22-23-22-05-011','Batt_Post_3',$,(#20044));
#20072=PRODUCT('2026-09-22-23-22-05-941','Batt_Post_4',$,(#20044));
#20073=PRODUCT('2026-09-22-23-30-32-609','Disconnect_Post_1',$,(#20044));
#20074=PRODUCT('2026-09-22-23-30-32-928','Disconnect_Post_2',$,(#20044));
#20075=PRODUCT('2026-09-23-02-25-38-082','Holder_Rx_ER6',$,(#20044));
#20076=PRODUCT('2026-09-23-02-25-41-161','Holder_UBEC_5A',$,(#20044));
#20077=PRODUCT('2026-09-23-21-12-34-593','FingerTech_Switch_Adapter',$,
(#20044));
#20078=PRODUCT('2026-09-24-00-50-23-317','07_Wedge_Lifter_Option',$,(#20044));
#20079=PRODUCT('2026-09-24-00-50-23-446','Lifter_Spatula_62mm',$,(#20044));
#20080=PRODUCT('2026-09-24-00-50-24-006','Lifter_Hinge_Boss',$,(#20044));
#20081=PRODUCT('2026-09-24-00-50-24-800','Lifter_Pivot_Support_L',$,(#20044));
#20082=PRODUCT('2026-09-24-00-50-25-274','Lifter_Pivot_Support_R',$,(#20044));
#20083=PRODUCT('2026-09-24-00-50-26-431','Lifter_Pivot_Pin_6mm',$,(#20044));
#20084=PRODUCT('2026-09-24-13-22-46-018',
'Repeat_40kg_Servo_MaxEnvelope',$,(#20044));
#20085=PRODUCT('2026-09-24-13-22-46-542','Lifter_Servo_Base_Rail_L',$,(#20044));
#20086=PRODUCT('2026-09-24-13-22-47-183','Lifter_Servo_Base_Rail_R',$,(#20044));
#20087=PRODUCT('2026-09-24-13-22-47-852','Lifter_Aluminium_Horn',$,(#20044));
#20088=PRODUCT('2026-09-24-13-22-49-140','Lifter_Connecting_Rod',$,(#20044));
#20089=PRODUCT('2026-09-24-13-22-51-307','Lifter_Lower_Hard_Stop',$,(#20044));
#20090=PRODUCT('2026-09-24-13-35-55-015','Lifter_Servo_Clamp_Bar_L',$,(#20044));
#20091=PRODUCT('2026-09-24-13-35-56-655',
'Lifter_Servo_Clamp_Post_L_Rear',$,(#20044));
#20092=PRODUCT('2026-09-24-13-35-57-910',
'Lifter_Servo_Clamp_Post_L_Front',$,(#20044));
#20093=PRODUCT('2026-09-24-13-35-59-224','Lifter_Servo_Clamp_Bar_R',$,(#20044));
#20094=PRODUCT('2026-09-24-13-36-00-765',
'Lifter_Servo_Clamp_Post_R_Rear',$,(#20044));
#20095=PRODUCT('2026-09-24-13-36-02-314',
'Lifter_Servo_Clamp_Post_R_Front',$,(#20044));
#20096=PRODUCT('2026-09-24-13-45-26-614','Lifter_Pin_C_Clip_L',$,(#20044));
#20097=PRODUCT('2026-09-24-13-45-26-988','Lifter_Pin_C_Clip_R',$,(#20044));
#20098=PRODUCT('2026-09-24-13-30-13-588','09_3S_Drive_Upgrade',$,(#20044));
#20099=PRODUCT('2026-09-24-13-30-13-808','BBB_22mm_Gearmotor_L',$,(#20044));
#20100=PRODUCT('2026-09-24-13-30-14-511','BBB_4mm_Output_Shaft_L',$,(#20044));
#20101=PRODUCT('2026-09-24-13-30-15-174','BBB_Face_Mount_26mm_L',$,(#20044));
#20102=PRODUCT('2026-09-24-13-30-17-027','BBB_Motor_Cradle_L',$,(#20044));
#20103=PRODUCT('2026-09-24-13-30-21-370','Repeat_4mm_Clamp_Hub_L',$,(#20044));
#20104=PRODUCT('2026-09-24-13-30-23-097','BBB_22mm_Gearmotor_R',$,(#20044));
#20105=PRODUCT('2026-09-24-13-30-23-855','BBB_4mm_Output_Shaft_R',$,(#20044));
#20106=PRODUCT('2026-09-24-13-30-24-609','BBB_Face_Mount_26mm_R',$,(#20044));
#20107=PRODUCT('2026-09-24-13-30-26-766','BBB_Motor_Cradle_R',$,(#20044));
#20108=PRODUCT('2026-09-24-13-30-32-088','Repeat_4mm_Clamp_Hub_R',$,(#20044));
#20109=PRODUCT('2026-09-24-13-34-12-596','10_Battery_Restraints',$,(#20044));
#20110=PRODUCT('2026-09-24-13-34-12-894','Battery_Clamp_Bar_1',$,(#20044));
#20111=PRODUCT('2026-09-24-13-34-15-960','Battery_Clamp_Bar_2',$,(#20044));
#20112=PRESENTATION_STYLE_ASSIGNMENT((#20116));
#20113=PRESENTATION_STYLE_ASSIGNMENT((#20117));
#20114=PRESENTATION_STYLE_ASSIGNMENT((#20118));
#20115=PRESENTATION_STYLE_ASSIGNMENT((#20119));
#20116=SURFACE_STYLE_USAGE(.BOTH.,#20120);
#20117=SURFACE_STYLE_USAGE(.BOTH.,#20121);
#20118=SURFACE_STYLE_USAGE(.BOTH.,#20122);
#20119=SURFACE_STYLE_USAGE(.BOTH.,#20123);
#20120=SURFACE_SIDE_STYLE('',(#20124));
#20121=SURFACE_SIDE_STYLE('',(#20125));
#20122=SURFACE_SIDE_STYLE('',(#20126));
#20123=SURFACE_SIDE_STYLE('',(#20127));
#20124=SURFACE_STYLE_FILL_AREA(#20128);
#20125=SURFACE_STYLE_FILL_AREA(#20129);
#20126=SURFACE_STYLE_FILL_AREA(#20130);
#20127=SURFACE_STYLE_FILL_AREA(#20131);
#20128=FILL_AREA_STYLE('Steel - Satin',(#20132));
#20129=FILL_AREA_STYLE('Aluminum - Satin',(#20133));
#20130=FILL_AREA_STYLE('Nylon 6-6 (White)',(#20134));
#20131=FILL_AREA_STYLE('ABS (White)',(#20135));
#20132=FILL_AREA_STYLE_COLOUR('Steel - Satin',#20136);
#20133=FILL_AREA_STYLE_COLOUR('Aluminum - Satin',#20137);
#20134=FILL_AREA_STYLE_COLOUR('Nylon 6-6 (White)',#20138);
#20135=FILL_AREA_STYLE_COLOUR('ABS (White)',#20139);
#20136=COLOUR_RGB('Steel - Satin',0.627450980392157,0.627450980392157,0.627450980392157);
#20137=COLOUR_RGB('Aluminum - Satin',0.96078431372549,0.96078431372549,
0.964705882352941);
#20138=COLOUR_RGB('Nylon 6-6 (White)',0.972549019607843,0.968627450980392,
0.929411764705882);
#20139=COLOUR_RGB('ABS (White)',0.964705882352941,0.964705882352941,0.952941176470588);
ENDSEC;
END-ISO-10303-21;
